GPST,x_y,y_y,z_y
2024/02/14 04:19:28.00,461330.0542,5634415.2969,2945924.5868
2024/02/14 04:19:29.00,461330.0486,5634415.2713,2945924.5783
2024/02/14 04:19:30.00,461330.0482,5634415.3228,2945924.5896
2024/02/14 04:19:31.00,461330.0604,5634415.2947,2945924.5886
2024/02/14 04:19:32.00,461330.0489,5634415.282,2945924.5836
2024/02/14 04:19:33.00,461330.0607,5634415.2693,2945924.5981
2024/02/14 04:19:34.00,461330.0522,5634415.2796,2945924.5901
2024/02/14 04:19:35.00,461330.0575,5634415.2872,2945924.5948
2024/02/14 04:19:36.00,461330.0513,5634415.2906,2945924.5937
2024/02/14 04:19:37.00,461330.0448,5634415.2966,2945924.5837
2024/02/14 04:19:38.00,461330.0477,5634415.2908,2945924.593
2024/02/14 04:19:39.00,461330.0518,5634415.2648,2945924.5871
2024/02/14 04:19:40.00,461330.0538,5634415.2655,2945924.5797
2024/02/14 04:19:41.00,461330.056,5634415.2513,2945924.5893
2024/02/14 04:19:42.00,461330.0539,5634415.2524,2945924.5947
2024/02/14 04:19:43.00,461330.0522,5634415.2561,2945924.5962
2024/02/14 04:19:44.00,461330.0497,5634415.2774,2945924.5972
2024/02/14 04:19:45.00,461330.0575,5634415.2684,2945924.6058
2024/02/14 04:19:46.00,461330.0566,5634415.3048,2945924.6058
2024/02/14 04:19:47.00,461330.0569,5634415.2662,2945924.5935
2024/02/14 04:19:48.00,461330.0538,5634415.2582,2945924.5954
2024/02/14 04:19:49.00,461330.0502,5634415.284,2945924.6004
2024/02/14 04:19:50.00,461330.0583,5634415.2581,2945924.6061
2024/02/14 04:19:51.00,461330.0575,5634415.2495,2945924.6047
2024/02/14 04:19:52.00,461330.0507,5634415.2613,2945924.598
2024/02/14 04:19:53.00,461330.043,5634415.2555,2945924.5915
2024/02/14 04:19:54.00,461330.0553,5634415.238,2945924.5956
2024/02/14 04:19:55.00,461330.0513,5634415.2384,2945924.5932
2024/02/14 04:19:56.00,461330.0569,5634415.2392,2945924.5966
2024/02/14 04:19:57.00,461330.044,5634415.2712,2945924.6043
2024/02/14 04:19:58.00,461332.1267,5634450.3194,2945938.4242
2024/02/14 04:19:59.00,461332.1271,5634450.3101,2945938.4192
2024/02/14 04:20:00.00,461330.05,5634415.2358,2945924.5963
2024/02/14 04:20:01.00,461332.1262,5634450.321,2945938.4228
2024/02/14 04:20:02.00,461332.1142,5634450.3244,2945938.4184
2024/02/14 04:20:03.00,461332.115,5634450.2934,2945938.4046
2024/02/14 04:20:04.00,461332.117,5634450.2989,2945938.4107
2024/02/14 04:20:05.00,461332.1171,5634450.3166,2945938.4153
2024/02/14 04:20:06.00,461332.1158,5634450.3226,2945938.4102
2024/02/14 04:20:07.00,461332.1126,5634450.3085,2945938.409
2024/02/14 04:20:08.00,461332.1171,5634450.2914,2945938.4033
2024/02/14 04:20:09.00,461332.1195,5634450.2844,2945938.4075
2024/02/14 04:20:10.00,461332.1102,5634450.2834,2945938.4006
2024/02/14 04:20:11.00,461332.1167,5634450.2908,2945938.4032
2024/02/14 04:20:12.00,461332.1207,5634450.2972,2945938.4126
2024/02/14 04:20:13.00,461332.1201,5634450.299,2945938.403
2024/02/14 04:20:14.00,461332.1173,5634450.2981,2945938.4131
2024/02/14 04:20:15.00,461332.1193,5634450.2773,2945938.3992
2024/02/14 04:20:16.00,461330.0538,5634415.2256,2945924.6216
2024/02/14 04:20:17.00,461332.1195,5634450.2926,2945938.4152
2024/02/14 04:20:18.00,461332.116,5634450.2585,2945938.3887
2024/02/14 04:20:19.00,461332.1123,5634450.29,2945938.3943
2024/02/14 04:20:20.00,461332.1109,5634450.2902,2945938.3915
2024/02/14 04:20:21.00,461332.1141,5634450.2907,2945938.4043
2024/02/14 04:20:22.00,461332.1211,5634450.2749,2945938.3961
2024/02/14 04:20:23.00,461332.1128,5634450.2639,2945938.3874
2024/02/14 04:20:24.00,461332.1204,5634450.2892,2945938.4062
2024/02/14 04:20:25.00,461332.1129,5634450.2618,2945938.3921
2024/02/14 04:20:26.00,461332.1175,5634450.2976,2945938.4097
2024/02/14 04:20:27.00,461332.1145,5634450.2684,2945938.3939
2024/02/14 04:20:28.00,461332.1077,5634450.2871,2945938.3823
2024/02/14 04:20:29.00,461332.1088,5634450.2749,2945938.3792
2024/02/14 04:20:30.00,461332.1115,5634450.2771,2945938.3908
2024/02/14 04:20:31.00,461332.1181,5634450.2816,2945938.405
2024/02/14 04:20:32.00,461332.1135,5634450.269,2945938.3917
2024/02/14 04:20:33.00,461330.7266,5634446.8397,2945940.5996
2024/02/14 04:20:34.00,461330.7319,5634446.8357,2945940.6018
2024/02/14 04:20:35.00,461330.7355,5634446.832,2945940.6133
2024/02/14 04:20:36.00,461332.1149,5634450.2279,2945938.3789
2024/02/14 04:20:37.00,461332.1064,5634450.2553,2945938.3749
2024/02/14 04:20:38.00,461332.1134,5634450.2605,2945938.3886
2024/02/14 04:20:39.00,461330.7309,5634446.8239,2945940.6045
2024/02/14 04:20:40.00,461330.7342,5634446.8159,2945940.6056
2024/02/14 04:20:41.00,461330.7249,5634446.8124,2945940.5947
2024/02/14 04:20:42.00,461330.7262,5634446.832,2945940.6083
2024/02/14 04:20:43.00,461330.7191,5634446.7892,2945940.5867
2024/02/14 04:20:44.00,461330.7256,5634446.8238,2945940.5948
2024/02/14 04:20:45.00,461330.7238,5634446.8155,2945940.5923
2024/02/14 04:20:46.00,461330.721,5634446.8179,2945940.5949
2024/02/14 04:20:47.00,461330.0355,5634415.2165,2945924.6114
2024/02/14 04:20:48.00,461330.7209,5634446.7835,2945940.5873
2024/02/14 04:20:49.00,461330.7276,5634446.7974,2945940.5929
2024/02/14 04:20:50.00,461330.7236,5634446.828,2945940.5874
2024/02/14 04:20:51.00,461330.7295,5634446.7718,2945940.588
2024/02/14 04:20:52.00,461330.7216,5634446.789,2945940.5883
2024/02/14 04:20:53.00,461332.9536,5634440.7317,2945939.2711
2024/02/14 04:20:54.00,461332.6578,5634441.3682,2945939.2335
2024/02/14 04:20:55.00,461332.3751,5634438.4988,2945940.0573
2024/02/14 04:20:56.00,461332.3737,5634438.4962,2945940.05
2024/02/14 04:20:57.00,461332.378,5634438.4856,2945940.0483
2024/02/14 04:20:58.00,461333.7658,5634441.9719,2945937.8529
2024/02/14 04:20:59.00,461332.3777,5634438.4795,2945940.0511
2024/02/14 04:21:00.00,461333.7663,5634441.9261,2945937.8391
2024/02/14 04:21:01.00,461333.7613,5634441.9396,2945937.8454
2024/02/14 04:21:02.00,461333.767,5634441.9203,2945937.8472
2024/02/14 04:21:03.00,461333.7583,5634441.9615,2945937.8361
2024/02/14 04:21:04.00,461332.369,5634438.4662,2945940.0472
2024/02/14 04:21:05.00,461332.377,5634438.449,2945940.0569
2024/02/14 04:21:06.00,461332.3772,5634438.4658,2945940.0457
2024/02/14 04:21:07.00,461332.3674,5634438.454,2945940.0366
2024/02/14 04:21:08.00,461332.808,5634441.1603,2945939.5321
2024/02/14 04:21:09.00,461332.7958,5634437.2149,2945939.7412
2024/02/14 04:21:10.00,461332.7891,5634437.2403,2945939.7351
2024/02/14 04:21:11.00,461332.7953,5634437.1973,2945939.7371
2024/02/14 04:21:12.00,461332.8007,5634437.2299,2945939.7503
2024/02/14 04:21:13.00,461332.796,5634437.2095,2945939.7403
2024/02/14 04:21:14.00,461327.5332,5634422.2278,2945926.4585
2024/02/14 04:21:15.00,461332.7966,5634437.2243,2945939.7419
2024/02/14 04:21:16.00,461332.7799,5634437.2246,2945939.727
2024/02/14 04:21:17.00,461332.7932,5634437.1745,2945939.735
2024/02/14 04:21:18.00,461332.7885,5634437.2253,2945939.7365
2024/02/14 04:21:19.00,461332.7971,5634437.2124,2945939.7451
2024/02/14 04:21:20.00,461332.7843,5634437.1684,2945939.7185
2024/02/14 04:21:21.00,461332.7907,5634437.2018,2945939.7353
2024/02/14 04:21:22.00,461332.7873,5634437.1823,2945939.725
2024/02/14 04:21:23.00,461327.5305,5634422.2238,2945926.4658
2024/02/14 04:21:24.00,461334.1809,5634440.6663,2945937.5291
2024/02/14 04:21:25.00,461328.9224,5634425.7378,2945924.2602
2024/02/14 04:21:26.00,461334.1795,5634440.6601,2945937.5229
2024/02/14 04:21:27.00,461334.1768,5634440.6812,2945937.5184
2024/02/14 04:21:28.00,461334.1729,5634440.6821,2945937.5228
2024/02/14 04:21:29.00,461332.7805,5634437.1451,2945939.7129
2024/02/14 04:21:30.00,461328.9264,5634425.7388,2945924.2798
2024/02/14 04:21:31.00,461334.1722,5634440.7013,2945937.5307
2024/02/14 04:21:32.00,461332.7868,5634437.1542,2945939.7251
2024/02/14 04:21:33.00,461334.1803,5634440.6685,2945937.5295
2024/02/14 04:21:34.00,461334.1832,5634440.6688,2945937.5252
2024/02/14 04:21:35.00,461334.1791,5634440.6862,2945937.5334
2024/02/14 04:21:36.00,461334.1807,5634440.6536,2945937.5281
2024/02/14 04:21:37.00,461334.1741,5634440.6682,2945937.5181
2024/02/14 04:21:38.00,461334.1832,5634440.6386,2945937.5258
2024/02/14 04:21:39.00,461334.1781,5634440.6674,2945937.5272
2024/02/14 04:21:40.00,461334.1738,5634440.644,2945937.5207
2024/02/14 04:21:41.00,461334.1737,5634440.6385,2945937.5113
2024/02/14 04:21:42.00,461334.1732,5634440.6615,2945937.5137
2024/02/14 04:21:43.00,461328.9205,5634425.7692,2945924.2807
2024/02/14 04:21:44.00,461327.536,5634422.2322,2945926.473
2024/02/14 04:21:45.00,461331.2055,5634433.7729,2945930.0606
2024/02/14 04:21:46.00,461331.1939,5634433.7631,2945930.027
2024/02/14 04:21:47.00,461331.8236,5634429.7848,2945930.7125
2024/02/14 04:21:48.00,461331.8255,5634429.8178,2945930.7409
2024/02/14 04:21:49.00,461331.8278,5634429.7662,2945930.7198
2024/02/14 04:21:50.00,461331.8177,5634429.7568,2945930.6987
2024/02/14 04:21:51.00,461331.2099,5634433.8408,2945930.0758
2024/02/14 04:21:52.00,461331.2148,5634433.8453,2945930.0947
2024/02/14 04:21:53.00,461331.2063,5634433.8493,2945930.0782
2024/02/14 04:21:54.00,461331.2074,5634433.8307,2945930.0729
2024/02/14 04:21:55.00,461331.2135,5634433.844,2945930.078
2024/02/14 04:21:56.00,461331.2067,5634433.8452,2945930.0812
2024/02/14 04:21:57.00,461331.2002,5634433.8505,2945930.0731
2024/02/14 04:21:58.00,461331.2101,5634433.861,2945930.0769
2024/02/14 04:21:59.00,461331.211,5634433.8555,2945930.0849
2024/02/14 04:22:00.00,461331.2078,5634433.8612,2945930.0857
2024/02/14 04:22:01.00,461331.2029,5634433.848,2945930.0689
2024/02/14 04:22:02.00,461331.2113,5634433.8424,2945930.0806
2024/02/14 04:22:03.00,461331.2181,5634433.8674,2945930.096
2024/02/14 04:22:04.00,461330.5759,5634432.9162,2945932.66
2024/02/14 04:22:05.00,461330.5795,5634432.8776,2945932.6538
2024/02/14 04:22:06.00,461330.5731,5634432.9103,2945932.6427
2024/02/14 04:22:07.00,461330.5773,5634432.9164,2945932.6537
2024/02/14 04:22:08.00,461330.587,5634432.866,2945932.6524
2024/02/14 04:22:09.00,461330.5731,5634432.8865,2945932.6447
2024/02/14 04:22:10.00,461330.5793,5634432.9111,2945932.6643
2024/02/14 04:22:11.00,461330.5774,5634432.887,2945932.647
2024/02/14 04:22:12.00,461330.5715,5634432.9005,2945932.6439
2024/02/14 04:22:13.00,461330.5749,5634432.8976,2945932.6443
2024/02/14 04:22:14.00,461330.5722,5634432.881,2945932.6396
2024/02/14 04:22:15.00,461330.5757,5634432.8606,2945932.6361
2024/02/14 04:22:16.00,461330.5727,5634432.8971,2945932.646
2024/02/14 04:22:17.00,461330.5781,5634432.8783,2945932.6495
2024/02/14 04:22:18.00,461330.575,5634432.8872,2945932.6508
2024/02/14 04:22:19.00,461330.5728,5634432.9159,2945932.6522
2024/02/14 04:22:20.00,461330.5814,5634432.8528,2945932.6364
2024/02/14 04:22:21.00,461330.5721,5634432.8805,2945932.6527
2024/02/14 04:22:22.00,461330.5821,5634432.8708,2945932.6506
2024/02/14 04:22:23.00,461330.5658,5634432.8663,2945932.627
2024/02/14 04:22:24.00,461330.562,5634432.8667,2945932.6414
2024/02/14 04:22:25.00,461330.5719,5634432.8557,2945932.624
2024/02/14 04:22:26.00,461330.5826,5634432.8769,2945932.6575
2024/02/14 04:22:27.00,461330.5718,5634432.8602,2945932.6386
2024/02/14 04:22:28.00,461330.5774,5634432.847,2945932.6418
2024/02/14 04:22:29.00,461330.5806,5634432.8448,2945932.6443
2024/02/14 04:22:30.00,461330.5707,5634432.85,2945932.6359
2024/02/14 04:22:31.00,461330.5754,5634432.8747,2945932.642
2024/02/14 04:22:32.00,461330.5785,5634432.8537,2945932.65
2024/02/14 04:22:33.00,461330.5731,5634432.8388,2945932.6391
2024/02/14 04:22:34.00,461330.5722,5634432.8439,2945932.6315
2024/02/14 04:22:35.00,461330.569,5634432.8814,2945932.6393
2024/02/14 04:22:36.00,461330.5782,5634432.8316,2945932.6418
2024/02/14 04:22:37.00,461330.5771,5634432.8532,2945932.6426
2024/02/14 04:22:38.00,461330.5744,5634432.8556,2945932.6342
2024/02/14 04:22:39.00,461330.5715,5634432.8237,2945932.6242
2024/02/14 04:22:40.00,461330.5711,5634432.8582,2945932.6426
2024/02/14 04:22:41.00,461330.5702,5634432.8418,2945932.6377
2024/02/14 04:22:42.00,461330.5772,5634432.8191,2945932.6379
2024/02/14 04:22:43.00,461330.5817,5634432.8267,2945932.6373
2024/02/14 04:22:44.00,461330.5754,5634432.8148,2945932.6306
2024/02/14 04:22:45.00,461330.5724,5634432.8084,2945932.6318
2024/02/14 04:22:46.00,461330.5718,5634432.8256,2945932.6419
2024/02/14 04:22:47.00,461330.5693,5634432.8162,2945932.635
2024/02/14 04:22:48.00,461330.5699,5634432.8135,2945932.6311
2024/02/14 04:22:49.00,461330.5705,5634432.8195,2945932.6348
2024/02/14 04:22:50.00,461330.5738,5634432.8213,2945932.6276
2024/02/14 04:22:51.00,461330.5703,5634432.8285,2945932.6392
2024/02/14 04:22:52.00,461330.5724,5634432.804,2945932.6321
2024/02/14 04:22:53.00,461330.5783,5634432.7969,2945932.6388
2024/02/14 04:22:54.00,461331.9003,5634425.1345,2945932.3197
2024/02/14 04:22:55.00,461331.8964,5634425.1326,2945932.3055
2024/02/14 04:22:56.00,461331.8928,5634425.1451,2945932.314
2024/02/14 04:22:57.00,461331.8962,5634425.1239,2945932.3079
2024/02/14 04:22:58.00,461330.5685,5634432.7928,2945932.629
2024/02/14 04:22:59.00,461330.5669,5634432.8086,2945932.6408
2024/02/14 04:23:00.00,461330.5696,5634432.783,2945932.6205
2024/02/14 04:23:01.00,461330.5659,5634432.791,2945932.6323
2024/02/14 04:23:02.00,461331.8935,5634425.1199,2945932.3059
2024/02/14 04:23:03.00,461331.8988,5634425.1262,2945932.3137
2024/02/14 04:23:04.00,461331.8847,5634425.1079,2945932.3033
2024/02/14 04:23:05.00,461331.8871,5634425.0868,2945932.2894
2024/02/14 04:23:06.00,461331.89,5634425.072,2945932.2978
2024/02/14 04:23:07.00,461330.5682,5634432.785,2945932.6266
2024/02/14 04:23:08.00,461330.5716,5634432.7785,2945932.6271
2024/02/14 04:23:09.00,461330.5606,5634432.7906,2945932.6162
2024/02/14 04:23:10.00,461330.568,5634432.7913,2945932.6344
2024/02/14 04:23:11.00,461331.886,5634425.0858,2945932.3023
2024/02/14 04:23:12.00,461331.8904,5634425.098,2945932.3095
2024/02/14 04:23:13.00,461330.5681,5634432.752,2945932.6255
2024/02/14 04:23:14.00,461331.8871,5634425.0885,2945932.302
2024/02/14 04:23:15.00,461331.8869,5634425.0542,2945932.3014
2024/02/14 04:23:16.00,461331.8808,5634425.0625,2945932.2909
2024/02/14 04:23:17.00,461330.3271,5634432.8938,2945931.9457
2024/02/14 04:23:18.00,461332.0588,5634428.4411,2945931.588
2024/02/14 04:23:19.00,461332.0585,5634428.421,2945931.5814
2024/02/14 04:23:20.00,461332.06,5634428.4073,2945931.5742
2024/02/14 04:23:21.00,461330.6443,5634424.7775,2945933.7636
2024/02/14 04:23:22.00,461332.0588,5634428.4031,2945931.5796
2024/02/14 04:23:23.00,461332.0623,5634428.4037,2945931.5858
2024/02/14 04:23:24.00,461332.0598,5634428.3917,2945931.575
2024/02/14 04:23:25.00,461332.058,5634428.4143,2945931.5807
2024/02/14 04:23:26.00,461332.0606,5634428.3616,2945931.5605
2024/02/14 04:23:27.00,461332.0529,5634428.3834,2945931.562
2024/02/14 04:23:28.00,461332.0569,5634428.4046,2945931.573
2024/02/14 04:23:29.00,461332.0561,5634428.3729,2945931.5693
2024/02/14 04:23:30.00,461332.0576,5634428.4082,2945931.5818
2024/02/14 04:23:31.00,461332.0551,5634428.3995,2945931.569
2024/02/14 04:23:32.00,461332.0564,5634428.3864,2945931.5845
2024/02/14 04:23:33.00,461332.0491,5634428.3938,2945931.5674
2024/02/14 04:23:34.00,461332.0496,5634428.3833,2945931.5644
2024/02/14 04:23:35.00,461332.0535,5634428.3707,2945931.5718
2024/02/14 04:23:36.00,461332.054,5634428.3746,2945931.5777
2024/02/14 04:23:37.00,461332.0467,5634428.4024,2945931.5713
2024/02/14 04:23:38.00,461332.0585,5634428.3782,2945931.5801
2024/02/14 04:23:39.00,461332.0551,5634428.3957,2945931.5842
2024/02/14 04:23:40.00,461332.0484,5634428.384,2945931.5799
2024/02/14 04:23:41.00,461332.0512,5634428.373,2945931.5756
2024/02/14 04:23:42.00,461330.6724,5634435.4921,2945930.7674
2024/02/14 04:23:43.00,461333.6407,5634423.9752,2945930.6869
2024/02/14 04:23:44.00,461333.6302,5634424.0064,2945930.6947
2024/02/14 04:23:45.00,461333.6419,5634423.9727,2945930.6931
2024/02/14 04:23:46.00,461333.6449,5634424.0104,2945930.7128
2024/02/14 04:23:47.00,461333.6374,5634423.9744,2945930.6828
2024/02/14 04:23:48.00,461327.1061,5634441.2313,2945932.975
2024/02/14 04:23:49.00,461327.1098,5634441.2188,2945932.9749
2024/02/14 04:23:50.00,461333.6359,5634423.9769,2945930.6875
2024/02/14 04:23:51.00,461333.6376,5634423.9753,2945930.6846
2024/02/14 04:23:52.00,461333.6369,5634423.9631,2945930.6846
2024/02/14 04:23:53.00,461333.6308,5634423.9597,2945930.6747
2024/02/14 04:23:54.00,461333.6295,5634423.9706,2945930.6709
2024/02/14 04:23:55.00,461333.6313,5634423.9486,2945930.6764
2024/02/14 04:23:56.00,461333.6402,5634423.9618,2945930.6851
2024/02/14 04:23:57.00,461333.6288,5634423.9699,2945930.6822
2024/02/14 04:23:58.00,461333.6327,5634423.9812,2945930.6932
2024/02/14 04:23:59.00,461333.6288,5634423.9799,2945930.6882
2024/02/14 04:24:00.00,461333.6285,5634423.9675,2945930.6689
2024/02/14 04:24:01.00,461333.6374,5634423.96,2945930.6902
2024/02/14 04:24:02.00,461333.6344,5634423.9443,2945930.6948
2024/02/14 04:24:03.00,461333.6347,5634423.9478,2945930.6818
2024/02/14 04:24:04.00,461333.6315,5634423.9567,2945930.6822
2024/02/14 04:24:05.00,461333.6335,5634423.9593,2945930.677
2024/02/14 04:24:06.00,461333.6288,5634423.9483,2945930.6797
2024/02/14 04:24:07.00,461333.6365,5634423.9292,2945930.6872
2024/02/14 04:24:08.00,461333.6282,5634423.9559,2945930.6807
2024/02/14 04:24:09.00,461333.6333,5634423.964,2945930.6891
2024/02/14 04:24:10.00,461333.6351,5634423.9647,2945930.6968
2024/02/14 04:24:11.00,461333.6389,5634423.9549,2945930.6945
2024/02/14 04:24:12.00,461333.6247,5634423.9754,2945930.6748
2024/02/14 04:24:13.00,461333.6294,5634423.9504,2945930.6888
2024/02/14 04:24:14.00,461333.6298,5634423.9301,2945930.6785
2024/02/14 04:24:15.00,461333.6263,5634423.9397,2945930.6827
2024/02/14 04:24:16.00,461333.6293,5634423.9435,2945930.679
2024/02/14 04:24:17.00,461333.6239,5634423.9403,2945930.6748
2024/02/14 04:24:18.00,461333.6254,5634423.9329,2945930.6859
2024/02/14 04:24:19.00,461327.1017,5634441.2874,2945932.9945
2024/02/14 04:24:20.00,461327.1043,5634441.2531,2945932.9782
2024/02/14 04:24:21.00,461333.6192,5634423.9368,2945930.6742
2024/02/14 04:24:22.00,461333.6217,5634423.9376,2945930.674
2024/02/14 04:24:23.00,461327.1067,5634441.2802,2945932.9878
2024/02/14 04:24:24.00,461333.6229,5634423.9095,2945930.6703
2024/02/14 04:24:25.00,461327.1044,5634441.2342,2945932.9769
2024/02/14 04:24:26.00,461333.6217,5634423.924,2945930.6799
2024/02/14 04:24:27.00,461333.6281,5634423.9375,2945930.6971
2024/02/14 04:24:28.00,461333.6243,5634423.914,2945930.6816
2024/02/14 04:24:29.00,461327.1079,5634441.2797,2945932.9951
2024/02/14 04:24:30.00,461333.6265,5634423.904,2945930.6798
2024/02/14 04:24:31.00,461333.6259,5634423.9236,2945930.684
2024/02/14 04:24:32.00,461327.1076,5634441.2461,2945932.9789
2024/02/14 04:24:33.00,461327.1118,5634441.2573,2945932.9906
2024/02/14 04:24:34.00,461333.6186,5634423.898,2945930.6707
2024/02/14 04:24:35.00,461327.1085,5634441.2851,2945932.9893
2024/02/14 04:24:36.00,461327.1112,5634441.2824,2945932.9952
2024/02/14 04:24:37.00,461327.1043,5634441.2855,2945932.9922
2024/02/14 04:24:38.00,461327.1185,5634441.259,2945932.9928
2024/02/14 04:24:39.00,461327.1115,5634441.262,2945932.9957
2024/02/14 04:24:40.00,461327.1013,5634441.292,2945932.9804
2024/02/14 04:24:41.00,461327.1084,5634441.258,2945932.9812
2024/02/14 04:24:42.00,461327.1032,5634441.2902,2945932.9908
2024/02/14 04:24:43.00,461327.1066,5634441.2424,2945932.9827
2024/02/14 04:24:44.00,461327.1035,5634441.2624,2945932.984
2024/02/14 04:24:45.00,461327.1115,5634441.2597,2945932.9966
2024/02/14 04:24:46.00,461333.6147,5634423.8893,2945930.6754
2024/02/14 04:24:47.00,461333.626,5634423.851,2945930.6812
2024/02/14 04:24:48.00,461327.1152,5634441.2406,2945932.9935
2024/02/14 04:24:49.00,461333.6165,5634423.8325,2945930.6638
2024/02/14 04:24:50.00,461333.6152,5634423.8609,2945930.6687
2024/02/14 04:24:51.00,461333.6162,5634423.8553,2945930.6686
2024/02/14 04:24:52.00,461333.6125,5634423.862,2945930.6812
2024/02/14 04:24:53.00,461333.6199,5634423.8083,2945930.6643
2024/02/14 04:24:54.00,461333.623,5634423.8382,2945930.6781
2024/02/14 04:24:55.00,461333.6174,5634423.8431,2945930.6691
2024/02/14 04:24:56.00,461327.0935,5634441.254,2945932.9746
2024/02/14 04:24:57.00,461333.6172,5634423.844,2945930.6727
2024/02/14 04:24:58.00,461333.612,5634423.8582,2945930.6736
2024/02/14 04:24:59.00,461327.1032,5634441.2728,2945932.9899
2024/02/14 04:25:00.00,461327.1047,5634441.2411,2945932.9838
2024/02/14 04:25:01.00,461327.1031,5634441.2409,2945932.9651
2024/02/14 04:25:02.00,461327.1057,5634441.2515,2945932.9877
2024/02/14 04:25:03.00,461327.1024,5634441.2759,2945932.9915
2024/02/14 04:25:04.00,461327.1085,5634441.2834,2945933.0014
2024/02/14 04:25:05.00,461327.1066,5634441.2288,2945932.9874
2024/02/14 04:25:06.00,461327.1011,5634441.2494,2945932.9786
2024/02/14 04:25:07.00,461327.105,5634441.2479,2945932.9875
2024/02/14 04:25:08.00,461327.1084,5634441.2611,2945932.9991
2024/02/14 04:25:09.00,461327.104,5634441.2424,2945932.979
2024/02/14 04:25:10.00,461333.6132,5634423.8081,2945930.6781
2024/02/14 04:25:11.00,461327.1091,5634441.2369,2945932.9859
2024/02/14 04:25:12.00,461333.6148,5634423.794,2945930.6694
2024/02/14 04:25:13.00,461327.1092,5634441.2513,2945933.0054
2024/02/14 04:25:14.00,461327.0941,5634441.2305,2945932.9651
2024/02/14 04:25:15.00,461333.6015,5634423.787,2945930.6482
2024/02/14 04:25:16.00,461327.1028,5634441.2523,2945932.9852
2024/02/14 04:25:17.00,461327.1131,5634441.2134,2945932.9965
2024/02/14 04:25:18.00,461327.1124,5634441.2301,2945932.9979
2024/02/14 04:25:19.00,461327.1026,5634441.2429,2945932.9746
2024/02/14 04:25:20.00,461327.1032,5634441.2449,2945932.9842
2024/02/14 04:25:21.00,461327.1019,5634441.2308,2945932.9823
2024/02/14 04:25:22.00,461327.1004,5634441.2372,2945932.9821
2024/02/14 04:25:23.00,461334.9176,5634415.8957,2945930.3263
2024/02/14 04:25:24.00,461333.6083,5634423.7399,2945930.6592
2024/02/14 04:25:25.00,461333.605,5634423.7453,2945930.658
2024/02/14 04:25:26.00,461333.6103,5634423.7302,2945930.6658
2024/02/14 04:25:27.00,461334.9104,5634415.8894,2945930.3263
2024/02/14 04:25:28.00,461327.1086,5634441.2113,2945932.9795
2024/02/14 04:25:29.00,461327.1068,5634441.2208,2945932.9826
2024/02/14 04:25:30.00,461327.1019,5634441.2354,2945932.9868
2024/02/14 04:25:31.00,461333.603,5634423.7399,2945930.653
2024/02/14 04:25:32.00,461333.6052,5634423.7185,2945930.6561
2024/02/14 04:25:33.00,461331.7428,5634435.8185,2945928.4537
2024/02/14 04:25:34.00,461327.0947,5634441.2243,2945932.969
2024/02/14 04:25:35.00,461327.098,5634441.2252,2945932.9797
2024/02/14 04:25:36.00,461327.0983,5634441.221,2945932.9663
2024/02/14 04:25:37.00,461327.1037,5634441.2326,2945932.9856
2024/02/14 04:25:38.00,461327.0984,5634441.2268,2945932.9929
2024/02/14 04:25:39.00,461327.1045,5634441.2291,2945932.9841
2024/02/14 04:25:40.00,461327.1076,5634441.2207,2945932.9933
2024/02/14 04:25:41.00,461327.1089,5634441.2067,2945932.9834
2024/02/14 04:25:42.00,461327.0987,5634441.2297,2945932.9784
2024/02/14 04:25:43.00,461327.098,5634441.2199,2945932.9751
2024/02/14 04:25:44.00,461327.1025,5634441.2077,2945932.9838
2024/02/14 04:25:45.00,461327.1032,5634441.2295,2945932.9961
2024/02/14 04:25:46.00,461327.1006,5634441.2105,2945932.9764
2024/02/14 04:25:47.00,461327.1009,5634441.2316,2945932.9799
2024/02/14 04:25:48.00,461327.1084,5634441.2124,2945932.9932
2024/02/14 04:25:49.00,461327.0997,5634441.2199,2945932.9704
2024/02/14 04:25:50.00,461327.1044,5634441.2067,2945932.9761
2024/02/14 04:25:51.00,461327.0996,5634441.2029,2945932.9745
2024/02/14 04:25:52.00,461327.1036,5634441.2193,2945932.9793
2024/02/14 04:25:53.00,461327.0988,5634441.2244,2945932.9775
2024/02/14 04:25:54.00,461327.101,5634441.2223,2945932.9849
2024/02/14 04:25:55.00,461327.0979,5634441.2086,2945932.9711
2024/02/14 04:25:56.00,461327.1013,5634441.1985,2945932.974
2024/02/14 04:25:57.00,461327.1041,5634441.2364,2945932.9914
2024/02/14 04:25:58.00,461327.1044,5634441.2154,2945932.987
2024/02/14 04:25:59.00,461327.0994,5634441.2266,2945932.9747
2024/02/14 04:26:00.00,461327.1004,5634441.2268,2945932.9835
2024/02/14 04:26:01.00,461327.108,5634441.2033,2945932.9694
2024/02/14 04:26:02.00,461327.0975,5634441.2227,2945932.9752
2024/02/14 04:26:03.00,461327.1082,5634441.1788,2945932.9742
2024/02/14 04:26:04.00,461327.1024,5634441.2232,2945932.9769
2024/02/14 04:26:05.00,461327.0999,5634441.2059,2945932.9764
2024/02/14 04:26:06.00,461327.1058,5634441.2015,2945932.9868
2024/02/14 04:26:07.00,461327.1012,5634441.2347,2945932.9831
2024/02/14 04:26:08.00,461327.1074,5634441.1907,2945932.9725
2024/02/14 04:26:09.00,461327.0983,5634441.2338,2945932.9762
2024/02/14 04:26:10.00,461327.0941,5634441.2186,2945932.9719
2024/02/14 04:26:11.00,461327.1062,5634441.2326,2945932.9927
2024/02/14 04:26:12.00,461327.0976,5634441.2346,2945932.9771
2024/02/14 04:26:13.00,461327.1079,5634441.2141,2945932.9779
2024/02/14 04:26:14.00,461327.1005,5634441.232,2945932.9711
2024/02/14 04:26:15.00,461327.1046,5634441.2129,2945932.9637
2024/02/14 04:26:16.00,461327.0989,5634441.2211,2945932.9673
2024/02/14 04:26:17.00,461327.1051,5634441.2406,2945932.9809
2024/02/14 04:26:18.00,461327.1202,5634441.2203,2945932.9881
2024/02/14 04:26:19.00,461327.1136,5634441.2012,2945932.9794
2024/02/14 04:26:20.00,461327.1107,5634441.2242,2945933.0024
2024/02/14 04:26:21.00,461327.1023,5634441.23,2945932.9874
2024/02/14 04:26:22.00,461327.0997,5634441.2531,2945932.985
2024/02/14 04:26:23.00,461327.1014,5634441.2352,2945932.9871
2024/02/14 04:26:24.00,461327.1075,5634441.2212,2945932.9836
2024/02/14 04:26:25.00,461327.1071,5634441.2378,2945932.9953
2024/02/14 04:26:26.00,461327.109,5634441.234,2945932.9941
2024/02/14 04:26:27.00,461327.1075,5634441.242,2945932.9874
2024/02/14 04:26:28.00,461327.1047,5634441.238,2945932.9803
2024/02/14 04:26:29.00,461327.1075,5634441.2101,2945932.9767
2024/02/14 04:26:30.00,461327.1042,5634441.2435,2945932.9883
2024/02/14 04:26:31.00,461327.1023,5634441.2243,2945932.9876
2024/02/14 04:26:32.00,461327.1048,5634441.2343,2945932.9786
2024/02/14 04:26:33.00,461327.1103,5634441.2395,2945932.9974
2024/02/14 04:26:34.00,461327.1024,5634441.253,2945932.9913
2024/02/14 04:26:35.00,461327.0967,5634441.247,2945932.9765
2024/02/14 04:26:36.00,461327.1068,5634441.2404,2945932.9878
2024/02/14 04:26:37.00,461330.229,5634421.0818,2945934.8256
2024/02/14 04:26:38.00,461330.2358,5634421.0753,2945934.8402
2024/02/14 04:26:39.00,461330.237,5634421.0608,2945934.8447
2024/02/14 04:26:40.00,461330.2314,5634421.057,2945934.841
2024/02/14 04:26:41.00,461330.2292,5634421.077,2945934.8323
2024/02/14 04:26:42.00,461330.2324,5634421.0645,2945934.8269
2024/02/14 04:26:43.00,461330.231,5634421.0724,2945934.8467
2024/02/14 04:26:44.00,461330.2324,5634421.0579,2945934.8325
2024/02/14 04:26:45.00,461330.2347,5634421.0564,2945934.8315
2024/02/14 04:26:46.00,461330.2295,5634421.0316,2945934.8291
2024/02/14 04:26:47.00,461327.1021,5634441.2231,2945932.9816
2024/02/14 04:26:48.00,461327.1038,5634441.2458,2945932.99
2024/02/14 04:26:49.00,461327.1034,5634441.2493,2945932.9963
2024/02/14 04:26:50.00,461330.2251,5634421.0115,2945934.8186
2024/02/14 04:26:51.00,461330.2322,5634421.0178,2945934.8233
2024/02/14 04:26:52.00,461330.2276,5634421.0137,2945934.8255
2024/02/14 04:26:53.00,461330.2285,5634421.0227,2945934.8254
2024/02/14 04:26:54.00,461327.1,5634441.2647,2945932.9916
2024/02/14 04:26:55.00,461330.223,5634420.9953,2945934.8312
2024/02/14 04:26:56.00,461330.2179,5634421.0226,2945934.8256
2024/02/14 04:26:57.00,461327.1008,5634441.2602,2945932.9928
2024/02/14 04:26:58.00,461330.2189,5634420.9742,2945934.8254
2024/02/14 04:26:59.00,461330.2213,5634420.9946,2945934.8308
2024/02/14 04:27:00.00,461330.2253,5634420.956,2945934.8277
2024/02/14 04:27:01.00,461330.2194,5634420.9699,2945934.8159
2024/02/14 04:27:02.00,461327.1027,5634441.2564,2945932.9964
2024/02/14 04:27:03.00,461331.7529,5634435.8587,2945928.4601
2024/02/14 04:27:04.00,461327.1047,5634441.289,2945932.9984
2024/02/14 04:27:05.00,461327.1038,5634441.2602,2945932.9913
2024/02/14 04:27:06.00,461327.1053,5634441.239,2945932.9878
2024/02/14 04:27:07.00,461327.0948,5634441.2664,2945932.9873
2024/02/14 04:27:08.00,461327.0977,5634441.2233,2945932.9808
2024/02/14 04:27:09.00,461327.101,5634441.2293,2945932.9803
2024/02/14 04:27:10.00,461327.106,5634441.2627,2945933.0078
2024/02/14 04:27:11.00,461327.0979,5634441.2525,2945932.9827
2024/02/14 04:27:12.00,461330.2157,5634420.8986,2945934.813
2024/02/14 04:27:13.00,461331.7525,5634435.8788,2945928.473
2024/02/14 04:27:14.00,461327.0911,5634441.2649,2945932.984
2024/02/14 04:27:15.00,461327.1,5634441.2468,2945932.998
2024/02/14 04:27:16.00,461327.1043,5634441.2394,2945932.9885
2024/02/14 04:27:17.00,461327.1001,5634441.2672,2945933.0018
2024/02/14 04:27:18.00,461331.7456,5634435.8855,2945928.4569
2024/02/14 04:27:19.00,461327.1124,5634441.2396,2945933.0049
2024/02/14 04:27:20.00,461327.1016,5634441.2214,2945932.9922
2024/02/14 04:27:21.00,461327.0995,5634441.2324,2945932.9837
2024/02/14 04:27:22.00,461331.7424,5634435.8889,2945928.4616
2024/02/14 04:27:23.00,461327.1041,5634441.2489,2945932.997
2024/02/14 04:27:24.00,461327.1014,5634441.2206,2945932.9965
2024/02/14 04:27:25.00,461327.1043,5634441.2368,2945933.0033
2024/02/14 04:27:26.00,461327.0894,5634441.2681,2945932.9924
2024/02/14 04:27:27.00,461328.3878,5634433.2546,2945932.647
2024/02/14 04:27:28.00,461331.7501,5634435.8733,2945928.4646
2024/02/14 04:27:29.00,461327.0999,5634441.2563,2945932.9977
2024/02/14 04:27:30.00,461330.2054,5634420.8613,2945934.8161
2024/02/14 04:27:31.00,461330.2012,5634420.8331,2945934.798
2024/02/14 04:27:32.00,461331.6527,5634424.8136,2945932.6693
2024/02/14 04:27:33.00,461331.6594,5634424.7774,2945932.6575
2024/02/14 04:27:34.00,461330.1936,5634420.8539,2945934.7939
2024/02/14 04:27:35.00,461328.3852,5634433.2628,2945932.652
2024/02/14 04:27:36.00,461328.3838,5634433.2736,2945932.6421
2024/02/14 04:27:37.00,461328.3821,5634433.2536,2945932.642
2024/02/14 04:27:38.00,461328.3903,5634433.2445,2945932.6289
2024/02/14 04:27:39.00,461328.3893,5634433.2465,2945932.6494
2024/02/14 04:27:40.00,461328.3852,5634433.2417,2945932.6293
2024/02/14 04:27:41.00,461328.3845,5634433.2451,2945932.6504
2024/02/14 04:27:42.00,461331.6578,5634424.7481,2945932.6579
2024/02/14 04:27:43.00,461331.7454,5634435.8786,2945928.4453
2024/02/14 04:27:44.00,461327.1019,5634441.2726,2945933.0012
2024/02/14 04:27:45.00,461327.0967,5634441.2289,2945932.9776
2024/02/14 04:27:46.00,461327.1017,5634441.1964,2945932.9702
2024/02/14 04:27:47.00,461327.1081,5634441.2379,2945933.0024
2024/02/14 04:27:48.00,461331.6466,5634424.7294,2945932.6429
2024/02/14 04:27:49.00,461331.639,5634424.714,2945932.6411
2024/02/14 04:27:50.00,461328.3876,5634433.254,2945932.6518
2024/02/14 04:27:51.00,461327.095,5634441.2293,2945932.9732
2024/02/14 04:27:52.00,461327.1092,5634441.2323,2945933.0027
2024/02/14 04:27:53.00,461331.6509,5634424.755,2945932.6529
2024/02/14 04:27:54.00,461331.6472,5634424.7604,2945932.6557
2024/02/14 04:27:55.00,461331.6523,5634424.7432,2945932.6571
2024/02/14 04:27:56.00,461331.6464,5634424.7381,2945932.6496
2024/02/14 04:27:57.00,461331.6401,5634424.7267,2945932.6345
2024/02/14 04:27:58.00,461331.6394,5634424.7584,2945932.6614
2024/02/14 04:27:59.00,461331.634,5634424.7504,2945932.6458
2024/02/14 04:28:00.00,461331.6381,5634424.7374,2945932.6476
2024/02/14 04:28:01.00,461331.6455,5634424.7431,2945932.6582
2024/02/14 04:28:02.00,461331.6408,5634424.6975,2945932.6264
2024/02/14 04:28:03.00,461331.6444,5634424.7279,2945932.6569
2024/02/14 04:28:04.00,461331.6447,5634424.7048,2945932.64
2024/02/14 04:28:05.00,461331.6394,5634424.7367,2945932.6445
2024/02/14 04:28:06.00,461331.6482,5634424.7243,2945932.6474
2024/02/14 04:28:07.00,461331.6412,5634424.7113,2945932.6529
2024/02/14 04:28:08.00,461331.6405,5634424.7282,2945932.6555
2024/02/14 04:28:09.00,461330.4641,5634443.929,2945928.7984
2024/02/14 04:28:10.00,461331.6387,5634424.6889,2945932.6328
2024/02/14 04:28:11.00,461331.6527,5634424.7124,2945932.6607
2024/02/14 04:28:12.00,461331.6409,5634424.6852,2945932.6437
2024/02/14 04:28:13.00,461330.4697,5634443.9416,2945928.8287
2024/02/14 04:28:14.00,461331.6393,5634424.6891,2945932.6415
2024/02/14 04:28:15.00,461331.6471,5634424.6898,2945932.6488
2024/02/14 04:28:16.00,461331.6377,5634424.6995,2945932.6403
2024/02/14 04:28:17.00,461331.6308,5634424.6821,2945932.616
2024/02/14 04:28:18.00,461331.6344,5634424.6698,2945932.6368
2024/02/14 04:28:19.00,461331.6308,5634424.6867,2945932.6292
2024/02/14 04:28:20.00,461331.6424,5634424.6846,2945932.6382
2024/02/14 04:28:21.00,461330.4702,5634443.9672,2945928.81
2024/02/14 04:28:22.00,461330.4608,5634443.9733,2945928.8166
2024/02/14 04:28:23.00,461330.4796,5634443.9479,2945928.8317
2024/02/14 04:28:24.00,461330.4659,5634443.9769,2945928.8012
2024/02/14 04:28:25.00,461331.6283,5634424.6823,2945932.6275
2024/02/14 04:28:26.00,461331.6338,5634424.6476,2945932.6287
2024/02/14 04:28:27.00,461331.6385,5634424.6488,2945932.6389
2024/02/14 04:28:28.00,461331.6311,5634424.6408,2945932.6358
2024/02/14 04:28:29.00,461331.6285,5634424.661,2945932.6266
2024/02/14 04:28:30.00,461331.6323,5634424.6284,2945932.6349
2024/02/14 04:28:31.00,461331.6319,5634424.6335,2945932.6227
2024/02/14 04:28:32.00,461331.6274,5634424.6283,2945932.627
2024/02/14 04:28:33.00,461331.6291,5634424.6416,2945932.6242
2024/02/14 04:28:34.00,461331.6265,5634424.6448,2945932.6301
2024/02/14 04:28:35.00,461330.4809,5634443.9412,2945928.8218
2024/02/14 04:28:36.00,461330.4828,5634443.9606,2945928.822
2024/02/14 04:28:37.00,461331.627,5634424.6509,2945932.6338
2024/02/14 04:28:38.00,461331.6203,5634424.6303,2945932.6102
2024/02/14 04:28:39.00,461331.6326,5634424.6069,2945932.6184
2024/02/14 04:28:40.00,461330.479,5634443.9859,2945928.8239
2024/02/14 04:28:41.00,461331.6291,5634424.6044,2945932.6373
2024/02/14 04:28:42.00,461331.6281,5634424.6105,2945932.6136
2024/02/14 04:28:43.00,461331.6272,5634424.6219,2945932.6206
2024/02/14 04:28:44.00,461330.4758,5634443.9905,2945928.8179
2024/02/14 04:28:45.00,461330.4758,5634443.9909,2945928.8144
2024/02/14 04:28:46.00,461330.467,5634443.9893,2945928.8107
2024/02/14 04:28:47.00,461330.4736,5634443.993,2945928.8083
2024/02/14 04:28:48.00,461330.4724,5634444.0017,2945928.8159
2024/02/14 04:28:49.00,461330.4848,5634443.9931,2945928.8236
2024/02/14 04:28:50.00,461330.4786,5634443.9844,2945928.8122
2024/02/14 04:28:51.00,461330.4723,5634444.0137,2945928.8091
2024/02/14 04:28:52.00,461331.6198,5634424.5933,2945932.6239
2024/02/14 04:28:53.00,461330.4821,5634443.9784,2945928.8084
2024/02/14 04:28:54.00,461330.4869,5634443.9654,2945928.8155
2024/02/14 04:28:55.00,461330.4743,5634444.0377,2945928.8238
2024/02/14 04:28:56.00,461331.6239,5634424.6053,2945932.6324
2024/02/14 04:28:57.00,461330.4838,5634443.9927,2945928.8107
2024/02/14 04:28:58.00,461330.483,5634443.9991,2945928.8186
2024/02/14 04:28:59.00,461330.4811,5634444.0041,2945928.8216
2024/02/14 04:29:00.00,461330.4846,5634444.0032,2945928.8353
2024/02/14 04:29:01.00,461330.4908,5634444.0364,2945928.8411
2024/02/14 04:29:02.00,461331.6252,5634424.5609,2945932.6216
2024/02/14 04:29:03.00,461330.4908,5634444.0134,2945928.8269
2024/02/14 04:29:04.00,461330.4782,5634444.0116,2945928.8204
2024/02/14 04:29:05.00,461330.4882,5634443.9997,2945928.8189
2024/02/14 04:29:06.00,461330.4897,5634444.012,2945928.8279
2024/02/14 04:29:07.00,461331.6207,5634424.5468,2945932.6207
2024/02/14 04:29:08.00,461327.1131,5634441.2075,2945932.9915
2024/02/14 04:29:09.00,461330.4948,5634443.9784,2945928.8225
2024/02/14 04:29:10.00,461330.4898,5634444.0057,2945928.8188
2024/02/14 04:29:11.00,461330.4795,5634444.0098,2945928.819
2024/02/14 04:29:12.00,461327.1022,5634441.2361,2945932.9853
2024/02/14 04:29:13.00,461327.1074,5634441.2266,2945932.9914
2024/02/14 04:29:14.00,461330.4903,5634444.0074,2945928.8247
2024/02/14 04:29:15.00,461330.4823,5634444.0042,2945928.8146
2024/02/14 04:29:16.00,461330.4834,5634444.0224,2945928.8295
2024/02/14 04:29:17.00,461330.4876,5634444.0155,2945928.8248
2024/02/14 04:29:18.00,461331.6234,5634424.4806,2945932.6124
2024/02/14 04:29:19.00,461330.4898,5634444.0244,2945928.8295
2024/02/14 04:29:20.00,461330.4863,5634444.0122,2945928.8227
2024/02/14 04:29:21.00,461330.4899,5634444.0205,2945928.8245
2024/02/14 04:29:22.00,461330.4846,5634444.0209,2945928.8082
2024/02/14 04:29:23.00,461331.6163,5634424.4989,2945932.6229
2024/02/14 04:29:24.00,461331.6108,5634424.5058,2945932.6171
2024/02/14 04:29:25.00,461331.6098,5634424.4524,2945932.5935
2024/02/14 04:29:26.00,461331.6098,5634424.4644,2945932.6043
2024/02/14 04:29:27.00,461331.6165,5634424.4704,2945932.6102
2024/02/14 04:29:28.00,461331.6143,5634424.4768,2945932.6097
2024/02/14 04:29:29.00,461331.6046,5634424.4525,2945932.585
2024/02/14 04:29:30.00,461331.6157,5634424.4434,2945932.5989
2024/02/14 04:29:31.00,461331.599,5634424.4407,2945932.5776
2024/02/14 04:29:32.00,461331.603,5634424.46,2945932.5892
2024/02/14 04:29:33.00,461331.6025,5634424.4672,2945932.603
2024/02/14 04:29:34.00,461331.6073,5634424.4099,2945932.5861
2024/02/14 04:29:35.00,461327.0949,5634441.2112,2945932.9609
2024/02/14 04:29:36.00,461327.0973,5634441.1866,2945932.9719
2024/02/14 04:29:37.00,461327.0903,5634441.1859,2945932.9598
2024/02/14 04:29:38.00,461330.4813,5634444.0279,2945928.8147
2024/02/14 04:29:39.00,461330.4808,5634444.0224,2945928.8202
2024/02/14 04:29:40.00,461327.0921,5634441.216,2945932.9674
2024/02/14 04:29:41.00,461327.1032,5634441.2046,2945932.9806
2024/02/14 04:29:42.00,461327.089,5634441.2073,2945932.9605
2024/02/14 04:29:43.00,461327.0961,5634441.1901,2945932.9528
2024/02/14 04:29:44.00,461327.098,5634441.2173,2945932.9874
2024/02/14 04:29:45.00,461327.0962,5634441.2009,2945932.9717
2024/02/14 04:29:46.00,461327.0904,5634441.1705,2945932.9556
2024/02/14 04:29:47.00,461327.0972,5634441.2048,2945932.974
2024/02/14 04:29:48.00,461331.5923,5634424.3813,2945932.5765
2024/02/14 04:29:49.00,461331.597,5634424.3839,2945932.5827
2024/02/14 04:29:50.00,461331.5965,5634424.3863,2945932.5838
2024/02/14 04:29:51.00,461330.4833,5634444.0634,2945928.8263
2024/02/14 04:29:52.00,461330.4821,5634444.0288,2945928.814
2024/02/14 04:29:53.00,461327.0946,5634441.1854,2945932.9691
2024/02/14 04:29:54.00,461331.5974,5634424.3599,2945932.5836
2024/02/14 04:29:55.00,461331.5901,5634424.3341,2945932.5734
2024/02/14 04:29:56.00,461328.353,5634433.0356,2945932.6008
2024/02/14 04:29:57.00,461331.5978,5634424.3469,2945932.5816
2024/02/14 04:29:58.00,461330.4853,5634444.0385,2945928.8267
2024/02/14 04:29:59.00,461331.5815,5634424.3393,2945932.5731
2024/02/14 04:30:00.00,461328.3602,5634433.0272,2945932.604
2024/02/14 04:30:01.00,461327.0949,5634441.148,2945932.9632
2024/02/14 04:30:02.00,461327.095,5634441.1892,2945932.9845
2024/02/14 04:30:03.00,461327.0992,5634441.208,2945932.9855
2024/02/14 04:30:04.00,461327.0902,5634441.1754,2945932.963
2024/02/14 04:30:05.00,461330.4931,5634444.0485,2945928.8224
2024/02/14 04:30:06.00,461327.0927,5634441.1991,2945932.9787
2024/02/14 04:30:07.00,461330.4866,5634444.0868,2945928.8311
2024/02/14 04:30:08.00,461327.095,5634441.1718,2945932.973
2024/02/14 04:30:09.00,461328.3602,5634432.9698,2945932.6015
2024/02/14 04:30:10.00,461328.3512,5634432.9852,2945932.5903
2024/02/14 04:30:11.00,461328.36,5634433.0049,2945932.6016
2024/02/14 04:30:12.00,461328.3568,5634433.0289,2945932.6063
2024/02/14 04:30:13.00,461327.093,5634441.1802,2945932.9679
2024/02/14 04:30:14.00,461327.0965,5634441.1626,2945932.972
2024/02/14 04:30:15.00,461328.3591,5634432.992,2945932.59
2024/02/14 04:30:16.00,461327.0875,5634441.1955,2945932.9681
2024/02/14 04:30:17.00,461331.5843,5634424.3107,2945932.5887
2024/02/14 04:30:18.00,461328.3426,5634432.9787,2945932.5798
2024/02/14 04:30:19.00,461327.0937,5634441.2022,2945932.9782
2024/02/14 04:30:20.00,461327.0958,5634441.2002,2945932.983
2024/02/14 04:30:21.00,461327.0953,5634441.1933,2945932.9719
2024/02/14 04:30:22.00,461327.1023,5634441.1964,2945932.9837
2024/02/14 04:30:23.00,461327.0896,5634441.1988,2945932.9701
2024/02/14 04:30:24.00,461327.0887,5634441.1834,2945932.9598
2024/02/14 04:30:25.00,461327.0949,5634441.2211,2945932.9798
2024/02/14 04:30:26.00,461328.3505,5634432.976,2945932.5965
2024/02/14 04:30:27.00,461327.1077,5634441.155,2945932.9799
2024/02/14 04:30:28.00,461327.0908,5634441.2155,2945932.9782
2024/02/14 04:30:29.00,461330.496,5634444.1081,2945928.8386
2024/02/14 04:30:30.00,461330.4951,5634444.1162,2945928.8464
2024/02/14 04:30:31.00,461330.4975,5634444.0981,2945928.8288
2024/02/14 04:30:32.00,461330.5006,5634444.1041,2945928.8374
2024/02/14 04:30:33.00,461328.3573,5634432.9932,2945932.6105
2024/02/14 04:30:34.00,461327.0908,5634441.1753,2945932.9728
2024/02/14 04:30:35.00,461327.0951,5634441.1983,2945932.9713
2024/02/14 04:30:36.00,461327.1051,5634441.1853,2945932.9851
2024/02/14 04:30:37.00,461327.102,5634441.192,2945932.9883
2024/02/14 04:30:38.00,461330.4978,5634444.0935,2945928.8318
2024/02/14 04:30:39.00,461330.5027,5634444.1181,2945928.8343
2024/02/14 04:30:40.00,461327.1032,5634441.1796,2945932.9871
2024/02/14 04:30:41.00,461330.4928,5634444.1458,2945928.8436
2024/02/14 04:30:42.00,461327.0975,5634441.2106,2945932.9811
2024/02/14 04:30:43.00,461327.0968,5634441.2148,2945932.9812
2024/02/14 04:30:44.00,461327.0938,5634441.1915,2945932.9885
2024/02/14 04:30:45.00,461327.0961,5634441.2031,2945932.9818
2024/02/14 04:30:46.00,461327.1027,5634441.2124,2945932.9948
2024/02/14 04:30:47.00,461327.1119,5634441.1952,2945933.0007
2024/02/14 04:30:48.00,461330.4999,5634444.1656,2945928.8309
2024/02/14 04:30:49.00,461330.5102,5634444.1345,2945928.834
2024/02/14 04:30:50.00,461330.5017,5634444.1222,2945928.8247
2024/02/14 04:30:51.00,461330.5037,5634444.1618,2945928.8329
2024/02/14 04:30:52.00,461330.5066,5634444.1451,2945928.835
2024/02/14 04:30:53.00,461327.1054,5634441.1849,2945932.9863
2024/02/14 04:30:54.00,461327.0987,5634441.1849,2945932.9723
2024/02/14 04:30:55.00,461327.0892,5634441.2173,2945932.966
2024/02/14 04:30:56.00,461327.0973,5634441.2076,2945932.9819
2024/02/14 04:30:57.00,461327.104,5634441.1779,2945932.9754
2024/02/14 04:30:58.00,461327.0883,5634441.2116,2945932.9767
2024/02/14 04:30:59.00,461327.1067,5634441.2074,2945932.9947
2024/02/14 04:31:00.00,461330.4991,5634444.1738,2945928.8341
2024/02/14 04:31:01.00,461327.0957,5634441.2167,2945932.9763
2024/02/14 04:31:02.00,461327.1016,5634441.1805,2945932.9839
2024/02/14 04:31:03.00,461327.0952,5634441.2127,2945932.9769
2024/02/14 04:31:04.00,461327.0989,5634441.1718,2945932.975
2024/02/14 04:31:05.00,461327.1015,5634441.1809,2945932.9759
2024/02/14 04:31:06.00,461328.3428,5634432.9666,2945932.595
2024/02/14 04:31:07.00,461327.1008,5634441.1937,2945932.9826
2024/02/14 04:31:08.00,461327.0869,5634441.2207,2945932.9776
2024/02/14 04:31:09.00,461327.1035,5634441.1851,2945932.9803
2024/02/14 04:31:10.00,461327.0979,5634441.2259,2945932.979
2024/02/14 04:31:11.00,461330.509,5634444.1654,2945928.843
2024/02/14 04:31:12.00,461330.5096,5634444.1967,2945928.848
2024/02/14 04:31:13.00,461330.506,5634444.1679,2945928.8389
2024/02/14 04:31:14.00,461330.5057,5634444.2104,2945928.8533
2024/02/14 04:31:15.00,461330.5093,5634444.1787,2945928.8433
2024/02/14 04:31:16.00,461330.5106,5634444.2204,2945928.8565
2024/02/14 04:31:17.00,461330.5025,5634444.2226,2945928.8411
2024/02/14 04:31:18.00,461328.3427,5634432.9666,2945932.6066
2024/02/14 04:31:19.00,461328.3453,5634432.9503,2945932.6084
2024/02/14 04:31:20.00,461328.3459,5634432.9113,2945932.5982
2024/02/14 04:31:21.00,461327.0976,5634441.1877,2945932.9802
2024/02/14 04:31:22.00,461327.0923,5634441.2044,2945932.9769
2024/02/14 04:31:23.00,461328.3458,5634432.9473,2945932.6058
2024/02/14 04:31:24.00,461328.3454,5634432.9272,2945932.6045
2024/02/14 04:31:25.00,461330.5163,5634444.2196,2945928.8517
2024/02/14 04:31:26.00,461330.5149,5634444.2187,2945928.8517
2024/02/14 04:31:27.00,461330.5184,5634444.195,2945928.8519
2024/02/14 04:31:28.00,461330.5106,5634444.2306,2945928.8557
2024/02/14 04:31:29.00,461331.7601,5634435.9355,2945928.46
2024/02/14 04:31:30.00,461330.5111,5634444.2061,2945928.8431
2024/02/14 04:31:31.00,461330.5123,5634444.2158,2945928.8463
2024/02/14 04:31:32.00,461330.5131,5634444.2102,2945928.8471
2024/02/14 04:31:33.00,461330.5078,5634444.2381,2945928.8498
2024/02/14 04:31:34.00,461330.517,5634444.2283,2945928.853
2024/02/14 04:31:35.00,461327.0963,5634441.2248,2945932.9821
2024/02/14 04:31:36.00,461327.1019,5634441.1844,2945932.9712
2024/02/14 04:31:37.00,461328.3467,5634432.9041,2945932.6052
2024/02/14 04:31:38.00,461327.1,5634441.1834,2945932.9802
2024/02/14 04:31:39.00,461328.3454,5634432.9134,2945932.5907
2024/02/14 04:31:40.00,461328.3412,5634432.9293,2945932.6039
2024/02/14 04:31:41.00,461327.1012,5634441.1904,2945932.9871
2024/02/14 04:31:42.00,461327.0964,5634441.1986,2945932.9918
2024/02/14 04:31:43.00,461330.517,5634444.2604,2945928.8613
2024/02/14 04:31:44.00,461330.5172,5634444.2322,2945928.8553
2024/02/14 04:31:45.00,461330.5078,5634444.2863,2945928.8515
2024/02/14 04:31:46.00,461330.5192,5634444.259,2945928.8738
2024/02/14 04:31:47.00,461330.5055,5634444.2565,2945928.8535
2024/02/14 04:31:48.00,461330.5181,5634444.2264,2945928.8573
2024/02/14 04:31:49.00,461331.7574,5634435.9291,2945928.4636
2024/02/14 04:31:50.00,461330.5143,5634444.2221,2945928.847
2024/02/14 04:31:51.00,461327.1015,5634441.2013,2945933.0049
2024/02/14 04:31:52.00,461328.3337,5634432.8952,2945932.5906
2024/02/14 04:31:53.00,461327.0919,5634441.2106,2945932.9867
2024/02/14 04:31:54.00,461327.1009,5634441.1589,2945932.9841
2024/02/14 04:31:55.00,461327.0949,5634441.1685,2945932.9798
2024/02/14 04:31:56.00,461327.0899,5634441.1851,2945932.9883
2024/02/14 04:31:57.00,461327.0903,5634441.2,2945932.9911
2024/02/14 04:31:58.00,461327.0929,5634441.1906,2945932.9852
2024/02/14 04:31:59.00,461327.099,5634441.164,2945932.9823
2024/02/14 04:32:00.00,461327.1134,5634441.128,2945933.0192
2024/02/14 04:32:01.00,461327.0948,5634441.1628,2945932.9646
2024/02/14 04:32:02.00,461327.0869,5634441.1903,2945932.9792
2024/02/14 04:32:03.00,461328.3263,5634432.8502,2945932.5736
2024/02/14 04:32:04.00,461328.3369,5634432.8367,2945932.5813
2024/02/14 04:32:05.00,461328.3318,5634432.8459,2945932.578
2024/02/14 04:32:06.00,461328.3293,5634432.8519,2945932.5815
2024/02/14 04:32:07.00,461328.3414,5634432.8438,2945932.5949
2024/02/14 04:32:08.00,461328.3377,5634432.8319,2945932.5882
2024/02/14 04:32:09.00,461334.2776,5634419.9528,2945930.0524
2024/02/14 04:32:10.00,461327.0944,5634441.1495,2945932.9679
2024/02/14 04:32:11.00,461334.2842,5634419.9327,2945930.046
2024/02/14 04:32:12.00,461327.0987,5634441.1541,2945932.9786
2024/02/14 04:32:13.00,461327.0925,5634441.1591,2945932.9746
2024/02/14 04:32:14.00,461327.0917,5634441.1735,2945932.9734
2024/02/14 04:32:15.00,461331.7547,5634435.9639,2945928.4779
2024/02/14 04:32:16.00,461331.7489,5634435.9495,2945928.4596
2024/02/14 04:32:17.00,461331.7571,5634435.9128,2945928.4688
2024/02/14 04:32:18.00,461331.7621,5634435.9645,2945928.4754
2024/02/14 04:32:19.00,461330.5152,5634444.2563,2945928.8544
2024/02/14 04:32:20.00,461331.7554,5634435.9384,2945928.4608
2024/02/14 04:32:21.00,461331.7511,5634435.9418,2945928.4642
2024/02/14 04:32:22.00,461330.5235,5634444.2476,2945928.8525
2024/02/14 04:32:23.00,461330.5163,5634444.2835,2945928.8554
2024/02/14 04:32:24.00,461330.5139,5634444.2646,2945928.8463
2024/02/14 04:32:25.00,461331.7584,5634435.953,2945928.4806
2024/02/14 04:32:26.00,461331.7518,5634435.9526,2945928.468
2024/02/14 04:32:27.00,461330.5265,5634444.2713,2945928.8599
2024/02/14 04:32:28.00,461331.7601,5634435.9311,2945928.4693
2024/02/14 04:32:29.00,461330.5148,5634444.2756,2945928.8537
2024/02/14 04:32:30.00,461330.5202,5634444.2782,2945928.8492
2024/02/14 04:32:31.00,461330.5271,5634444.3036,2945928.8711
2024/02/14 04:32:32.00,461331.7543,5634435.9394,2945928.4618
2024/02/14 04:32:33.00,461330.5188,5634444.2639,2945928.8477
2024/02/14 04:32:34.00,461330.5151,5634444.2877,2945928.8615
2024/02/14 04:32:35.00,461330.5203,5634444.2844,2945928.8552
2024/02/14 04:32:36.00,461330.5286,5634444.2835,2945928.8727
2024/02/14 04:32:37.00,461331.7552,5634435.9483,2945928.477
2024/02/14 04:32:38.00,461331.761,5634435.9246,2945928.46
2024/02/14 04:32:39.00,461331.7574,5634435.9344,2945928.456
2024/02/14 04:32:40.00,461330.5214,5634444.3033,2945928.8567
2024/02/14 04:32:41.00,461330.5192,5634444.2954,2945928.8552
2024/02/14 04:32:42.00,461330.5216,5634444.3127,2945928.8486
2024/02/14 04:32:43.00,461331.7598,5634435.9325,2945928.4593
2024/02/14 04:32:44.00,461330.4704,5634444.2961,2945928.8812
2024/02/14 04:32:45.00,461330.428,5634444.2942,2945928.8968
2024/02/14 04:32:46.00,461330.4231,5634444.2847,2945928.9146
2024/02/14 04:32:47.00,461331.648,5634435.9251,2945928.5136
2024/02/14 04:32:48.00,461331.6493,5634435.9199,2945928.524
2024/02/14 04:32:49.00,461330.4134,5634444.276,2945928.9116
2024/02/14 04:32:50.00,461331.6487,5634435.9262,2945928.5251
2024/02/14 04:32:51.00,461331.6455,5634435.9137,2945928.5243
2024/02/14 04:32:52.00,461331.6304,5634435.923,2945928.521
2024/02/14 04:32:53.00,461331.5633,5634435.8542,2945928.5752
2024/02/14 04:32:54.00,461330.0213,5634444.1431,2945929.0761
2024/02/14 04:32:55.00,461330.5035,5634435.7478,2945928.8537
2024/02/14 04:32:56.00,461329.4676,5634435.6653,2945929.1621
2024/02/14 04:32:57.00,461327.0665,5634444.1191,2945929.7361
2024/02/14 04:32:58.00,461325.9785,5634444.088,2945929.9753
2024/02/14 04:32:59.00,461324.9443,5634444.0861,2945930.1643
2024/02/14 04:33:00.00,461323.8914,5634444.0274,2945930.4346
2024/02/14 04:33:01.00,461322.8695,5634443.8626,2945930.6629
2024/02/14 04:33:02.00,461323.0687,5634435.4386,2945930.5243
2024/02/14 04:33:03.00,461322.0698,5634435.6422,2945930.798
2024/02/14 04:33:04.00,461320.0009,5634443.8333,2945931.4211
2024/02/14 04:33:05.00,461318.8506,5634444.2614,2945931.7362
2024/02/14 04:33:06.00,461318.1169,5634443.5874,2945931.8654
2024/02/14 04:33:07.00,461317.7829,5634450.8659,2945930.4718
2024/02/14 04:33:08.00,461317.3428,5634435.2815,2945931.9561
2024/02/14 04:33:09.00,461315.1538,5634443.5419,2945932.5974
2024/02/14 04:33:10.00,461314.1745,5634443.4815,2945932.7977
2024/02/14 04:33:11.00,461314.4773,5634435.1479,2945932.7142
2024/02/14 04:33:12.00,461312.2966,5634443.4024,2945933.3328
2024/02/14 04:33:13.00,461313.8406,5634427.0978,2945935.1873
2024/02/14 04:33:14.00,461307.6752,5634447.2328,2945936.4541
2024/02/14 04:33:15.00,461310.7755,5634434.7001,2945933.8343
2024/02/14 04:33:16.00,461308.7358,5634443.0655,2945934.6118
2024/02/14 04:33:17.00,461309.2589,5634434.5277,2945934.4861
2024/02/14 04:33:18.00,461310.0743,5634426.7671,2945936.6818
2024/02/14 04:33:19.00,461309.5757,5634426.6054,2945936.9072
2024/02/14 04:33:20.00,461307.7175,5634434.2968,2945935.2188
2024/02/14 04:33:21.00,461307.1658,5634434.1053,2945935.5602
2024/02/14 04:33:22.00,461306.7019,5634434.0737,2945935.8822
2024/02/14 04:33:23.00,461301.6482,5634439.1444,2945940.6405
2024/02/14 04:33:24.00,461301.3579,5634438.9743,2945940.91
2024/02/14 04:33:25.00,461301.1477,5634438.8977,2945941.1007
2024/02/14 04:33:26.00,461300.9985,5634438.85,2945941.2797
2024/02/14 04:33:27.00,461300.8429,5634438.7714,2945941.4822
2024/02/14 04:33:28.00,461300.6283,5634438.7473,2945941.7837
2024/02/14 04:33:29.00,461300.3835,5634438.4533,2945942.0763
2024/02/14 04:33:30.00,461301.4286,5634430.1512,2945941.9401
2024/02/14 04:33:31.00,461302.3473,5634422.1002,2945944.2311
2024/02/14 04:33:32.00,461302.0605,5634421.6932,2945944.8475
2024/02/14 04:33:33.00,461299.3156,5634437.7711,2945943.9486
2024/02/14 04:33:34.00,461299.1829,5634437.5071,2945944.4696
2024/02/14 04:33:35.00,461303.7595,5634432.0542,2945940.334
2024/02/14 04:33:36.00,461303.6363,5634431.8646,2945940.6918
2024/02/14 04:33:37.00,461304.8505,5634423.7592,2945943.179
2024/02/14 04:33:38.00,461303.5537,5634431.5508,2945941.521
2024/02/14 04:33:39.00,461302.4143,5634439.6919,2945942.328
2024/02/14 04:33:40.00,461303.7283,5634431.0098,2945942.2898
2024/02/14 04:33:41.00,461303.7634,5634430.6972,2945942.8311
2024/02/14 04:33:42.00,461301.4149,5634434.9323,2945948.4987
2024/02/14 04:33:43.00,461300.4558,5634442.5386,2945947.1855
2024/02/14 04:33:44.00,461302.9059,5634429.5081,2945942.181
2024/02/14 04:33:45.00,461303.3375,5634429.5035,2945947.6956
2024/02/14 04:33:46.00,461303.7186,5634428.9713,2945948.1276
2024/02/14 04:33:47.00,461304.2094,5634428.9383,2945948.6351
2024/02/14 04:33:48.00,461303.4704,5634425.3083,2945948.4727
2024/02/14 04:33:49.00,461304.0205,5634424.6172,2945949.073
2024/02/14 04:33:50.00,461306.1058,5634427.6727,2945947.9171
2024/02/14 04:34:07.00,461327.6402,5634410.8295,2945986.1082
2024/02/14 04:34:09.00,461335.3282,5634369.1238,2945989.3052
2024/02/14 04:34:13.00,461334.0297,5634397.858,2946005.9292
2024/02/14 04:34:17.00,461346.4877,5634364.8881,2946013.4322
2024/02/14 04:34:18.00,461347.7815,5634371.8218,2946016.0823
2024/02/14 04:34:19.00,461350.6852,5634370.1914,2946018.0973
2024/02/14 04:34:20.00,461352.7427,5634376.8284,2946017.9581
2024/02/14 04:34:21.00,461356.0798,5634376.3461,2946019.6404
2024/02/14 04:34:22.00,461357.422,5634377.9712,2946023.1098
2024/02/14 04:34:23.00,461361.0326,5634377.0693,2946023.8398
2024/02/14 04:34:24.00,461359.9268,5634394.2334,2946024.6147
2024/02/14 04:34:25.00,461363.1156,5634392.3331,2946024.564
2024/02/14 04:34:29.00,461379.9074,5634369.8911,2946022.6214
2024/02/14 04:34:37.00,461393.862,5634374.4824,2946011.6329
2024/02/14 04:34:38.00,461396.3639,5634376.0691,2946008.7837
2024/02/14 04:34:39.00,461402.9898,5634376.99,2946006.3035
2024/02/14 04:34:40.00,461405.5623,5634378.7417,2946003.0594
2024/02/14 04:34:41.00,461407.9289,5634380.251,2946000.0995
2024/02/14 04:34:42.00,461410.0902,5634381.5926,2945997.447
2024/02/14 04:34:43.00,461412.36,5634382.9169,2945994.8176
2024/02/14 04:34:44.00,461414.7761,5634384.2599,2945992.1132
2024/02/14 04:34:45.00,461412.0171,5634406.3037,2945990.2459
2024/02/14 04:34:46.00,461413.9464,5634400.4847,2945988.8182
2024/02/14 04:34:47.00,461422.6278,5634388.9873,2945983.022
2024/02/14 04:34:48.00,461425.5044,5634390.7729,2945979.7118
2024/02/14 04:34:49.00,461423.2706,5634412.9825,2945977.2364
2024/02/14 04:34:50.00,461431.2898,5634394.4808,2945972.5973
2024/02/14 04:34:51.00,461428.7458,5634417.0053,2945969.6933
2024/02/14 04:34:52.00,461433.4276,5634407.6016,2945964.9651
2024/02/14 04:34:55.00,461442.2883,5634417.0642,2945952.3117
2024/02/14 04:34:56.00,461445.0213,5634420.3887,2945947.7406
2024/02/14 04:34:57.00,461447.9245,5634424.1336,2945943.2181
2024/02/14 04:34:58.00,461452.6303,5634421.9733,2945943.2765
2024/02/14 04:34:59.00,461454.1347,5634422.4363,2945940.5518
2024/02/14 04:35:00.00,461448.3943,5634425.5134,2945919.9632
2024/02/14 04:35:01.00,461450.5167,5634427.935,2945915.3335
2024/02/14 04:35:02.00,461452.6829,5634430.2719,2945910.6812
2024/02/14 04:35:03.00,461459.5418,5634451.4667,2945920.6189
2024/02/14 04:35:04.00,461461.8319,5634453.9981,2945915.7333
2024/02/14 04:35:05.00,461462.9042,5634464.4879,2945908.9214
2024/02/14 04:35:06.00,461465.1728,5634467.0423,2945903.921
2024/02/14 04:35:07.00,461467.4556,5634469.5264,2945898.8855
2024/02/14 04:35:08.00,461470.9263,5634464.1032,2945895.7198
2024/02/14 04:35:09.00,461473.2192,5634466.7121,2945890.5805
2024/02/14 04:35:10.00,461480.7244,5634448.6885,2945884.3526
2024/02/14 04:35:11.00,461483.0785,5634451.3818,2945879.1193
2024/02/14 04:35:12.00,461485.4534,5634454.0941,2945873.8833
2024/02/14 04:35:13.00,461487.8634,5634456.855,2945868.6119
2024/02/14 04:35:14.00,461480.3692,5634461.2949,2945849.5717
2024/02/14 04:35:15.00,461485.111,5634447.4128,2945845.7424
2024/02/14 04:35:16.00,461485.9394,5634463.5933,2945838.8955
2024/02/14 04:35:17.00,461488.8733,5634468.0456,2945831.8527
2024/02/14 04:35:18.00,461490.1063,5634468.4731,2945829.2908
2024/02/14 04:35:19.00,461495.1483,5634479.566,2945830.9477
2024/02/14 04:35:21.00,461502.8167,5634482.673,2945829.8759
2024/02/14 04:35:22.00,461503.7418,5634493.0266,2945823.4979
2024/02/14 04:35:23.00,461507.1148,5634487.3543,2945820.8315
2024/02/14 04:35:24.00,461499.5187,5634491.5031,2945802.6235
2024/02/14 04:35:25.00,461508.7645,5634472.6717,2945797.3582
2024/02/14 04:35:26.00,461509.6192,5634483.0801,2945790.953
2024/02/14 04:35:27.00,461515.5148,5634496.623,2945802.7652
2024/02/14 04:35:28.00,461517.6185,5634498.8807,2945798.2912
2024/02/14 04:35:29.00,461519.6633,5634501.2685,2945793.957
2024/02/14 04:35:30.00,461521.6517,5634503.4783,2945789.822
2024/02/14 04:35:31.00,461519.634,5634494.1243,2945769.5563
2024/02/14 04:35:32.00,461521.2296,5634496.2053,2945766.0397
2024/02/14 04:35:33.00,461522.0816,5634490.5573,2945764.0541
2024/02/14 04:35:34.00,461524.3416,5634500.0833,2945758.732
2024/02/14 04:35:35.00,461529.8118,5634513.4683,2945771.1548
2024/02/14 04:35:36.00,461532.4435,5634507.9026,2945768.4696
2024/02/14 04:35:37.00,461525.5067,5634523.7605,2945748.3333
2024/02/14 04:35:41.00,461539.5056,5634530.4564,2945741.8504
2024/02/14 04:35:42.00,461539.5188,5634527.67,2945737.5623
2024/02/14 04:35:43.00,461542.0529,5634537.4059,2945734.9387
2024/02/14 04:35:44.00,461543.0843,5634531.4257,2945730.7919
2024/02/14 04:35:45.00,461548.2237,5634536.5127,2945725.7852
2024/02/14 04:35:46.00,461550.0254,5634538.2032,2945722.4655
2024/02/14 04:35:47.00,461547.0962,5634544.8543,2945723.9642
2024/02/14 04:35:48.00,461553.8814,5634525.6839,2945720.0139
2024/02/14 04:35:49.00,461555.237,5634527.0524,2945717.4582
2024/02/14 04:35:50.00,461556.5842,5634528.3766,2945714.8635
2024/02/14 04:35:51.00,461557.9571,5634529.8085,2945712.0755
2024/02/14 04:35:52.00,461559.2276,5634531.2281,2945709.2849
2024/02/14 04:35:53.00,461555.0997,5634553.3639,2945707.5988
2024/02/14 04:35:54.00,461555.8653,5634554.6494,2945705.2372
2024/02/14 04:35:55.00,461560.4894,5634543.2767,2945700.1283
2024/02/14 04:35:56.00,461562.3683,5634536.2676,2945699.7577
2024/02/14 04:35:57.00,461562.9497,5634537.4724,2945697.6308
2024/02/14 04:35:58.00,461557.7781,5634551.8046,2945698.0028
2024/02/14 04:35:59.00,461560.6796,5634551.6878,2945693.8396
2024/02/14 04:36:00.00,461561.8173,5634553.2145,2945691.4388
2024/02/14 04:36:01.00,461563.5789,5634553.1575,2945689.6097
2024/02/14 04:36:06.00,461570.155,5634561.9521,2945668.9081
2024/02/14 04:36:12.00,461582.4294,5634567.4017,2945644.4072
2024/02/14 04:36:13.00,461583.3852,5634573.3299,2945640.2148
2024/02/14 04:36:14.00,461584.9675,5634574.7367,2945635.8572
2024/02/14 04:36:15.00,461590.6259,5634599.6022,2945645.3349
2024/02/14 04:36:16.00,461593.1439,5634586.6493,2945637.9888
2024/02/14 04:36:20.00,461597.1846,5634590.9207,2945618.5326
2024/02/14 04:36:21.00,461602.5206,5634597.0083,2945617.1826
2024/02/14 04:36:23.00,461603.7343,5634598.0865,2945602.0003
2024/02/14 04:36:25.00,461610.281,5634601.1527,2945593.045
2024/02/14 04:36:26.00,461613.1639,5634604.0433,2945587.5016
2024/02/14 04:36:27.00,461615.2256,5634587.2763,2945577.7673
2024/02/14 04:36:28.00,461617.8443,5634590.2223,2945572.2878
2024/02/14 04:36:29.00,461619.9485,5634608.7946,2945563.3822
2024/02/14 04:36:30.00,461622.35,5634611.7558,2945557.9181
2024/02/14 04:36:31.00,461624.977,5634598.8728,2945555.95
2024/02/14 04:36:32.00,461626.4916,5634617.5197,2945547.1624
2024/02/14 04:36:33.00,461628.8006,5634604.6482,2945545.3191
2024/02/14 04:36:34.00,461630.5403,5634607.5541,2945539.9557
2024/02/14 04:36:35.00,461631.7372,5634626.2375,2945531.2165
2024/02/14 04:36:36.00,461633.1778,5634629.1197,2945526.0792
2024/02/14 04:36:37.00,461634.4302,5634631.8808,2945521.2106
2024/02/14 04:36:38.00,461632.6518,5634638.568,2945519.0732
2024/02/14 04:36:39.00,461636.1515,5634637.0157,2945512.138
2024/02/14 04:36:40.00,461632.7022,5634651.6941,2945508.3966
2024/02/14 04:36:41.00,461633.1001,5634648.9545,2945506.1975
2024/02/14 04:36:45.00,461627.7596,5634653.3943,2945487.0433
2024/02/14 04:36:46.00,461627.7138,5634654.2543,2945485.5801
2024/02/14 04:36:47.00,461632.36,5634649.7748,2945480.1458
2024/02/14 04:36:48.00,461627.6635,5634655.1976,2945483.9785
2024/02/14 04:36:49.00,461627.6702,5634655.4222,2945483.6938
2024/02/14 04:36:50.00,461627.6702,5634655.3451,2945483.5425
2024/02/14 04:36:51.00,461634.9664,5634670.0948,2945495.5334
2024/02/14 04:36:52.00,461627.6689,5634655.6769,2945483.1511
2024/02/14 04:36:53.00,461626.4658,5634664.211,2945480.8305
2024/02/14 04:36:54.00,461634.9301,5634670.9062,2945494.1784
2024/02/14 04:36:55.00,461634.9662,5634671.3707,2945493.0752
2024/02/14 04:36:56.00,461634.1206,5634664.7864,2945493.2092
2024/02/14 04:36:57.00,461634.0923,5634665.8182,2945491.342
2024/02/14 04:36:58.00,461634.0648,5634667.2488,2945489.0328
2024/02/14 04:36:59.00,461634.7409,5634676.4088,2945484.8607
2024/02/14 04:37:00.00,461636.0105,5634669.6571,2945484.0626
2024/02/14 04:37:01.00,461637.0316,5634673.2586,2945479.1882
2024/02/14 04:37:02.00,461637.3651,5634675.2661,2945475.8448
2024/02/14 04:37:03.00,461633.8494,5634665.94,2945465.8483
2024/02/14 04:37:04.00,461638.415,5634679.1553,2945468.9226
2024/02/14 04:37:05.00,461638.2501,5634673.1452,2945467.5358
2024/02/14 04:37:06.00,461640.7814,5634674.0593,2945464.895
2024/02/14 04:37:07.00,461640.381,5634684.0514,2945460.0495
2024/02/14 04:37:08.00,461641.4508,5634685.6892,2945456.8861
2024/02/14 04:37:09.00,461641.9376,5634679.851,2945455.1429
2024/02/14 04:37:10.00,461644.3046,5634689.1602,2945450.2656
2024/02/14 04:37:11.00,461645.3017,5634683.3975,2945448.3128
2024/02/14 04:37:12.00,461647.073,5634685.2721,2945444.6686
2024/02/14 04:37:13.00,461649.0114,5634687.1104,2945440.9093
2024/02/14 04:37:14.00,461651.0661,5634688.9255,2945437.255
2024/02/14 04:37:15.00,461653.9812,5634698.4955,2945431.9849
2024/02/14 04:37:16.00,461656.2921,5634700.4232,2945428.101
2024/02/14 04:37:28.00,461689.1501,5634730.6359,2945364.4085
2024/02/14 04:37:29.00,461712.0582,5634727.1228,2945392.057
2024/02/14 04:37:30.00,461710.3705,5634730.0874,2945384.1344
2024/02/14 04:37:31.00,461710.3492,5634720.8665,2945376.1693
2024/02/14 04:37:32.00,461708.9014,5634730.8293,2945367.9924
2024/02/14 04:37:33.00,461706.0538,5634737.1753,2945354.7795
2024/02/14 04:37:34.00,461707.6558,5634738.7157,2945351.5572
2024/02/14 04:37:35.00,461709.1264,5634740.1621,2945348.6385
2024/02/14 04:37:36.00,461710.2909,5634741.4797,2945346.0117
2024/02/14 04:37:37.00,461711.2335,5634742.6732,2945343.5064
2024/02/14 04:37:38.00,461712.1513,5634743.995,2945340.992
2024/02/14 04:37:39.00,461713.2866,5634745.3328,2945338.4108
2024/02/14 04:37:40.00,461714.5459,5634746.7464,2945335.7363
2024/02/14 04:37:41.00,461707.2694,5634752.569,2945317.9531
2024/02/14 04:37:42.00,461705.5901,5634759.2121,2945317.2307
2024/02/14 04:37:43.00,461706.8387,5634767.4811,2945312.4684
2024/02/14 04:37:44.00,461714.1024,5634748.9145,2945310.5857
2024/02/14 04:37:52.00,461740.6284,5634768.0466,2945282.9581
2024/02/14 04:37:53.00,461767.883,5634754.1411,2945321.6769
2024/02/14 04:37:54.00,461770.3308,5634756.1241,2945312.9742
2024/02/14 04:37:55.00,461770.9128,5634758.5327,2945301.5145
2024/02/14 04:37:56.00,461757.9982,5634774.6532,2945265.4977
2024/02/14 04:37:57.00,461761.0954,5634778.1606,2945256.6859
2024/02/14 04:37:58.00,461780.6243,5634787.7793,2945281.8853
2024/02/14 04:38:00.00,461776.0117,5634780.3093,2945248.016
2024/02/14 04:38:01.00,461780.523,5634782.1062,2945244.114
2024/02/14 04:38:02.00,461786.0674,5634781.3229,2945242.3962
2024/02/14 04:38:03.00,461790.4774,5634789.4606,2945241.3667
2024/02/14 04:38:04.00,461794.6334,5634791.285,2945237.5612
2024/02/14 04:38:05.00,461798.5066,5634798.231,2945231.9708
2024/02/14 04:38:06.00,461802.5676,5634794.7308,2945230.2698
2024/02/14 04:38:07.00,461805.4191,5634793.4451,2945223.6074
2024/02/14 04:38:10.00,461813.3213,5634793.1062,2945209.0801
2024/02/14 04:38:11.00,461817.031,5634797.4592,2945205.6701
2024/02/14 04:38:12.00,461818.9513,5634790.9739,2945200.7215
2024/02/14 04:38:13.00,461821.8296,5634799.1814,2945199.5862
2024/02/14 04:38:14.00,461825.5275,5634804.0245,2945195.4825
2024/02/14 04:38:15.00,461828.1966,5634805.9356,2945190.9335
2024/02/14 04:38:16.00,461830.7454,5634808.4649,2945186.1077
2024/02/14 04:38:18.00,461835.4597,5634813.5647,2945178.3694
2024/02/14 04:38:19.00,461839.5111,5634815.4608,2945173.4603
2024/02/14 04:38:20.00,461836.2478,5634826.0887,2945161.3477
2024/02/14 04:38:21.00,461836.2253,5634829.0992,2945155.9813
2024/02/14 04:38:22.00,461842.3585,5634819.1442,2945150.0912
2024/02/14 04:38:23.00,461844.361,5634821.7268,2945144.6188
2024/02/14 04:38:24.00,461846.1839,5634824.3628,2945139.1612
2024/02/14 04:38:25.00,461848.0831,5634827.0471,2945133.6395
2024/02/14 04:38:26.00,461850.0532,5634829.7953,2945128.0486
2024/02/14 04:38:27.00,461852.136,5634832.5158,2945122.3113
2024/02/14 04:38:28.00,461853.3738,5634838.2962,2945116.6595
2024/02/14 04:38:29.00,461855.8358,5634841.6361,2945113.4379
2024/02/14 04:38:32.00,461866.2834,5634852.932,2945100.8319
2024/02/14 04:38:33.00,461865.4999,5634856.2094,2945088.3845
2024/02/14 04:38:34.00,461868.7543,5634858.1859,2945083.5011
2024/02/14 04:38:35.00,461879.7013,5634869.4523,2945092.566
2024/02/14 04:38:38.00,461887.1044,5634861.6578,2945074.6439
2024/02/14 04:38:39.00,461889.0425,5634861.4714,2945069.1946
2024/02/14 04:38:40.00,461891.7496,5634863.5913,2945064.0156
2024/02/14 04:38:45.00,461900.7283,5634891.4303,2945037.0598
2024/02/14 04:38:46.00,461895.9308,5634879.4575,2945030.8972
2024/02/14 04:38:47.00,461895.3723,5634879.9953,2945027.2238
2024/02/14 04:38:48.00,461893.4778,5634878.311,2945023.8203
2024/02/14 04:38:49.00,461898.4988,5634891.3908,2945025.9301
2024/02/14 04:38:50.00,461894.2275,5634893.1137,2945021.3223
2024/02/14 04:38:51.00,461890.1299,5634891.2279,2945019.0288
2024/02/14 04:38:52.00,461882.8225,5634904.3389,2945013.5928
2024/02/14 04:38:53.00,461878.244,5634897.6435,2945013.7782
2024/02/14 04:38:54.00,461880.7712,5634893.6018,2945010.3833
2024/02/14 04:38:55.00,461876.3455,5634894.6403,2945008.8732
2024/02/14 04:38:56.00,461866.9076,5634901.0483,2945011.7853
2024/02/14 04:38:57.00,461860.7823,5634910.4971,2945006.1961
2024/02/14 04:38:58.00,461861.5969,5634898.6757,2945004.5147
2024/02/14 04:38:59.00,461846.4619,5634926.4424,2945004.0806
2024/02/14 04:39:00.00,461845.4567,5634914.2497,2945001.5438
2024/02/14 04:39:01.00,461846.0334,5634902.6674,2944999.8334
2024/02/14 04:39:02.00,461839.053,5634888.4836,2945003.6389
2024/02/14 04:39:03.00,461828.9171,5634918.4465,2944996.9472
2024/02/14 04:39:04.00,461828.4111,5634906.7656,2944995.0624
2024/02/14 04:39:05.00,461811.64,5634934.7772,2944994.4425
2024/02/14 04:39:06.00,461805.0196,5634936.233,2944992.8718
2024/02/14 04:39:07.00,461805.9196,5634903.4012,2944991.0959
2024/02/14 04:39:08.00,461796.2466,5634925.2473,2944988.447
2024/02/14 04:39:09.00,461798.4695,5634893.3196,2944987.4142
2024/02/14 04:39:10.00,461785.7782,5634907.8709,2944985.8946
2024/02/14 04:39:11.00,461776.0667,5634929.6891,2944983.328
2024/02/14 04:39:12.00,461773.6868,5634902.5724,2944986.6752
2024/02/14 04:39:13.00,461766.8736,5634904.1298,2944985.0228
2024/02/14 04:39:14.00,461760.0068,5634905.563,2944983.3442
2024/02/14 04:39:15.00,461752.9497,5634907.1437,2944981.5886
2024/02/14 04:39:16.00,461750.4813,5634903.7928,2944975.5171
2024/02/14 04:39:17.00,461743.2186,5634905.4989,2944973.8165
2024/02/14 04:39:18.00,461736.2136,5634907.1073,2944972.2307
2024/02/14 04:39:19.00,461723.6459,5634921.6326,2944971.038
2024/02/14 04:39:20.00,461718.8668,5634914.6068,2944973.9421
2024/02/14 04:39:21.00,461713.6683,5634915.4604,2944972.9976
2024/02/14 04:39:22.00,461708.58,5634916.3016,2944972.1772
2024/02/14 04:39:23.00,461708.4535,5634911.9979,2944967.1664
2024/02/14 04:39:24.00,461703.5575,5634912.8941,2944966.4853
2024/02/14 04:39:25.00,461698.6582,5634913.3838,2944965.6451
2024/02/14 04:39:26.00,461693.5206,5634914.6068,2944964.624
2024/02/14 04:39:27.00,461679.0323,5634950.4374,2944963.0907
2024/02/14 04:39:28.00,461673.8379,5634951.1993,2944962.1742
2024/02/14 04:39:29.00,461668.6772,5634952.0184,2944961.2011
2024/02/14 04:39:30.00,461663.5327,5634952.7322,2944960.2987
2024/02/14 04:39:31.00,461658.1244,5634953.5563,2944959.5025
2024/02/14 04:39:32.00,461658.1465,5634941.18,2944958.5109
2024/02/14 04:39:33.00,461650.6871,5634950.1935,2944953.5276
2024/02/14 04:39:34.00,461645.1631,5634942.8381,2944956.8237
2024/02/14 04:39:35.00,461632.0914,5634956.8472,2944956.2867
2024/02/14 04:39:36.00,461624.6261,5634957.9103,2944955.3011
2024/02/14 04:39:37.00,461622.8921,5634945.7832,2944954.0772
2024/02/14 04:39:38.00,461609.393,5634960.023,2944953.2558
2024/02/14 04:39:39.00,461601.8814,5634961.2728,2944952.2054
2024/02/14 04:39:40.00,461600.6374,5634949.2545,2944951.0182
2024/02/14 04:39:41.00,461588.7166,5634963.3782,2944950.2586
2024/02/14 04:39:42.00,461582.478,5634956.1854,2944950.8176
2024/02/14 04:39:43.00,461577.0658,5634956.9104,2944949.9596
2024/02/14 04:39:44.00,461572.0026,5634965.8337,2944946.9691
2024/02/14 04:39:45.00,461564.9599,5634959.0889,2944947.2434
2024/02/14 04:39:46.00,461568.4059,5634933.3318,2944944.4405
2024/02/14 04:39:47.00,461570.2149,5634916.563,2944937.467
2024/02/14 04:39:48.00,461544.7605,5634971.4968,2944940.6403
2024/02/14 04:39:49.00,461537.1667,5634972.8971,2944938.8428
2024/02/14 04:39:50.00,461529.3626,5634974.4151,2944936.997
2024/02/14 04:39:51.00,461531.1826,5634939.3261,2944935.1659
2024/02/14 04:39:52.00,461513.6159,5634977.4451,2944933.0931
2024/02/14 04:39:53.00,461505.9436,5634978.9597,2944930.9656
2024/02/14 04:39:54.00,461503.339,5634975.5806,2944924.5151
2024/02/14 04:39:55.00,461491.7056,5634982.1375,2944926.8149
2024/02/14 04:39:56.00,461485.0734,5634983.7101,2944924.7937
2024/02/14 04:39:57.00,461484.4203,5634971.915,2944922.5799
2024/02/14 04:39:58.00,461472.2159,5634986.4343,2944920.9067
2024/02/14 04:39:59.00,461470.9985,5634983.1548,2944914.6601
2024/02/14 04:40:00.00,461471.7116,5634991.2534,2944930.7501
2024/02/14 04:40:01.00,461454.8665,5634990.6482,2944915.3925
2024/02/14 04:40:02.00,461449.163,5634991.915,2944913.4829
2024/02/14 04:40:03.00,461453.09,5634956.5102,2944911.4445
2024/02/14 04:40:04.00,461447.1572,5634958.3448,2944909.1177
2024/02/14 04:40:05.00,461431.7134,5634996.9034,2944906.4427
2024/02/14 04:40:06.00,461431.3398,5634966.564,2944908.2784
2024/02/14 04:40:07.00,461439.049,5634946.6738,2944896.3558
2024/02/14 04:40:08.00,461425.1198,5634966.2611,2944899.2124
2024/02/14 04:40:09.00,461419.9596,5634967.1787,2944896.8129
2024/02/14 04:40:10.00,461410.8296,5634991.8341,2944893.9295
2024/02/14 04:40:11.00,461405.3136,5634993.7078,2944891.3065
2024/02/14 04:40:12.00,461393.9631,5635008.7824,2944888.798
2024/02/14 04:40:13.00,461398.1092,5634974.5608,2944886.2578
2024/02/14 04:40:14.00,461392.94,5634976.3371,2944883.5455
2024/02/14 04:40:15.00,461379.365,5634995.3856,2944885.978
2024/02/14 04:40:16.00,461374.33,5634997.0125,2944883.2059
2024/02/14 04:40:17.00,461368.9743,5634998.8919,2944880.3577
2024/02/14 04:40:18.00,461363.4104,5635000.7808,2944877.4677
2024/02/14 04:40:19.00,461356.4205,5635022.0857,2944869.1541
2024/02/14 04:40:20.00,461351.4616,5635004.9338,2944871.326
2024/02/14 04:40:21.00,461345.4117,5635006.878,2944868.336
2024/02/14 04:40:22.00,461339.3899,5635008.8785,2944865.3634
2024/02/14 04:40:23.00,461332.4032,5635030.1166,2944857.2026
2024/02/14 04:40:24.00,461326.5931,5635031.9358,2944854.5761
2024/02/14 04:40:25.00,461321.9985,5635014.4264,2944857.2224
2024/02/14 04:40:26.00,461316.2653,5635016.4452,2944854.3891
2024/02/14 04:40:27.00,461309.5818,5635037.62,2944846.304
2024/02/14 04:40:28.00,461305.3842,5635020.1935,2944848.8118
2024/02/14 04:40:29.00,461300.1856,5635022.0194,2944846.1169
2024/02/14 04:40:30.00,461294.0073,5635042.9196,2944838.2803
2024/02/14 04:40:31.00,461290.1759,5635025.1491,2944841.2431
2024/02/14 04:40:32.00,461284.1375,5635046.1357,2944833.7764
2024/02/14 04:40:33.00,461279.3766,5635047.5054,2944831.6187
2024/02/14 04:40:34.00,461284.5392,5635011.6443,2944829.4135
2024/02/14 04:40:35.00,461279.7914,5635013.8737,2944827.3411
2024/02/14 04:40:36.00,461265.0623,5635043.4278,2944826.4635
2024/02/14 04:40:37.00,461261.3996,5635052.9648,2944822.5592
2024/02/14 04:40:38.00,461257.1714,5635054.5775,2944820.2989
2024/02/14 04:40:39.00,461259.265,5635042.6131,2944817.9407
2024/02/14 04:40:40.00,461256.1565,5635043.6361,2944816.2421
2024/02/14 04:40:41.00,461246.5465,5635049.9685,2944816.7262
2024/02/14 04:40:42.00,461243.3465,5635050.9587,2944815.2892
2024/02/14 04:40:43.00,461239.9638,5635051.9686,2944813.5707
2024/02/14 04:40:44.00,461242.9859,5635047.791,2944809.6414
2024/02/14 04:40:45.00,461242.9251,5635025.48,2944807.7861
2024/02/14 04:40:46.00,461228.9768,5635064.144,2944805.4015
2024/02/14 04:40:47.00,461224.3683,5635065.8132,2944802.7966
2024/02/14 04:40:48.00,461229.1677,5635030.4415,2944800.036
2024/02/14 04:40:49.00,461220.2889,5635055.9378,2944796.8926
2024/02/14 04:40:50.00,461215.282,5635057.7915,2944794.1153
2024/02/14 04:40:51.00,461204.4361,5635072.6777,2944791.5345
2024/02/14 04:40:52.00,461198.8057,5635066.486,2944790.3918
2024/02/14 04:40:53.00,461194.627,5635076.3901,2944785.9097
2024/02/14 04:40:54.00,461180.4755,5635097.6421,2944788.3996
2024/02/14 04:40:55.00,461193.5835,5635044.0699,2944780.0366
2024/02/14 04:40:56.00,461187.9988,5635045.8593,2944776.7752
2024/02/14 04:40:57.00,461175.4356,5635086.6786,2944770.4482
2024/02/14 04:40:58.00,461178.0943,5635056.1902,2944768.1704
2024/02/14 04:40:59.00,461167.8957,5635052.3015,2944770.6025
2024/02/14 04:41:00.00,461154.5073,5635120.234,2944782.5628
2024/02/14 04:41:01.00,461144.5372,5635107.6041,2944766.065
2024/02/14 04:41:02.00,461153.8227,5635058.493,2944762.2634
2024/02/14 04:41:03.00,461144.1516,5635093.7108,2944755.2928
2024/02/14 04:41:04.00,461140.0162,5635095.5541,2944752.6287
2024/02/14 04:41:05.00,461141.1227,5635064.9993,2944754.4587
2024/02/14 04:41:06.00,461132.725,5635099.1722,2944747.5839
2024/02/14 04:41:07.00,461129.6943,5635100.898,2944744.8623
2024/02/14 04:41:08.00,461127.0114,5635102.8115,2944741.8322
2024/02/14 04:41:09.00,461124.3995,5635104.7418,2944738.6121
2024/02/14 04:41:10.00,461122.0035,5635106.8935,2944735.2131
2024/02/14 04:41:11.00,461119.8518,5635109.1219,2944731.5048
2024/02/14 04:41:12.00,461117.8019,5635111.2023,2944727.6103
2024/02/14 04:41:13.00,461126.1343,5635084.8379,2944721.9441
2024/02/14 04:41:14.00,461113.9502,5635115.9686,2944719.2191
2024/02/14 04:41:15.00,461117.4227,5635084.3924,2944718.8891
2024/02/14 04:41:16.00,461115.5275,5635087.128,2944714.2591
2024/02/14 04:41:17.00,461113.925,5635089.9497,2944709.4121
2024/02/14 04:41:18.00,461112.6379,5635092.7692,2944704.3123
2024/02/14 04:41:19.00,461113.3318,5635111.1759,2944707.6948
2024/02/14 04:41:20.00,461113.7106,5635119.8461,2944698.2497
2024/02/14 04:41:21.00,461114.7332,5635117.0828,2944689.665
2024/02/14 04:41:22.00,461116.5046,5635119.9531,2944683.8996
2024/02/14 04:41:23.00,461118.7687,5635122.8376,2944678.1075
2024/02/14 04:41:24.00,461119.2392,5635131.2764,2944672.409
2024/02/14 04:41:25.00,461122.0384,5635134.1726,2944666.1129
2024/02/14 04:41:26.00,461124.9352,5635137.5016,2944659.4645
2024/02/14 04:41:27.00,461133.4535,5635150.4052,2944656.4966
2024/02/14 04:41:28.00,461136.3386,5635153.6834,2944649.4677
2024/02/14 04:41:29.00,461134.5696,5635144.9903,2944638.382
2024/02/14 04:41:30.00,461137.0721,5635154.0943,2944634.5466
2024/02/14 04:41:31.00,461137.3785,5635157.5006,2944625.98
2024/02/14 04:41:32.00,461141.1924,5635159.9073,2944623.1073
2024/02/14 04:41:33.00,461142.7124,5635174.2875,2944616.887
2024/02/14 04:41:34.00,461143.9233,5635176.9737,2944611.7286
2024/02/14 04:41:35.00,461145.0893,5635179.7221,2944606.4542
2024/02/14 04:41:36.00,461146.0967,5635182.5953,2944601.0235
2024/02/14 04:41:37.00,461146.7249,5635185.6763,2944595.5188
2024/02/14 04:41:38.00,461146.7848,5635188.8276,2944590.0302
2024/02/14 04:41:39.00,461146.3108,5635191.791,2944584.7231
2024/02/14 04:41:40.00,461145.2208,5635194.6192,2944579.5829
2024/02/14 04:41:41.00,461143.4105,5635197.5918,2944574.5834
2024/02/14 04:41:42.00,461140.9818,5635200.4505,2944569.6104
2024/02/14 04:41:43.00,461138.1907,5635203.4789,2944564.6163
2024/02/14 04:41:44.00,461135.1918,5635206.5147,2944559.5682
2024/02/14 04:41:46.00,461128.5158,5635212.9822,2944549.0602
2024/02/14 04:41:47.00,461125.0432,5635216.5166,2944543.6498
2024/02/14 04:41:48.00,461121.7951,5635219.5546,2944538.3318
2024/02/14 04:41:49.00,461118.4603,5635222.8682,2944533.3285
2024/02/14 04:41:50.00,461115.3398,5635225.6143,2944528.4801
2024/02/14 04:41:51.00,461112.2039,5635228.2552,2944523.8653
2024/02/14 04:41:52.00,461109.0681,5635230.7576,2944519.6738
2024/02/14 04:41:53.00,461106.2212,5635233.0127,2944515.8133
2024/02/14 04:41:54.00,461103.489,5635235.1957,2944512.1437
2024/02/14 04:41:55.00,461101.0054,5635237.3017,2944508.5619
2024/02/14 04:41:56.00,461098.4717,5635239.3883,2944504.9219
2024/02/14 04:41:57.00,461095.8093,5635241.5729,2944501.1976
2024/02/14 04:41:58.00,461093.1953,5635243.835,2944497.3086
2024/02/14 04:41:59.00,461090.2624,5635246.1517,2944493.5735
2024/02/14 04:42:00.00,461086.9352,5635248.3358,2944490.0238
2024/02/14 04:42:01.00,461083.2975,5635250.4176,2944486.6869
2024/02/14 04:42:02.00,461079.3208,5635252.4613,2944483.5229
2024/02/14 04:42:03.00,461075.1143,5635254.3013,2944480.716
2024/02/14 04:42:04.00,461070.7532,5635255.8595,2944478.4776
2024/02/14 04:42:05.00,461066.2454,5635257.1683,2944476.5836
2024/02/14 04:42:06.00,461061.5262,5635258.4155,2944474.7778
2024/02/14 04:42:07.00,461056.5842,5635259.6279,2944472.9487
2024/02/14 04:42:08.00,461049.0531,5635257.2191,2944473.5205
2024/02/14 04:42:09.00,461042.7002,5635261.225,2944471.7409
2024/02/14 04:42:10.00,461036.6121,5635263.4242,2944469.4936
2024/02/14 04:42:11.00,461030.5097,5635264.9717,2944467.1891
2024/02/14 04:42:12.00,461024.424,5635266.582,2944465.0082
2024/02/14 04:42:13.00,461018.6657,5635267.9364,2944462.9526
2024/02/14 04:42:14.00,461013.5498,5635269.2515,2944461.1303
2024/02/14 04:42:15.00,461009.1785,5635270.2627,2944459.599
2024/02/14 04:42:16.00,461005.4024,5635271.1016,2944458.4344
2024/02/14 04:42:17.00,461001.9587,5635271.9243,2944457.3698
2024/02/14 04:42:18.00,460998.7483,5635272.7088,2944456.3079
2024/02/14 04:42:19.00,460995.4515,5635273.5124,2944455.1824
2024/02/14 04:42:20.00,460992.0661,5635274.4511,2944453.9741
2024/02/14 04:42:21.00,460988.9114,5635275.3343,2944452.7079
2024/02/14 04:42:22.00,460985.9213,5635276.4437,2944451.1231
2024/02/14 04:42:23.00,460982.9396,5635277.8467,2944448.9384
2024/02/14 04:42:24.00,460979.9955,5635279.5706,2944446.3004
2024/02/14 04:42:25.00,460976.9942,5635281.2436,2944443.2934
2024/02/14 04:42:26.00,460974.1109,5635283.2657,2944440.0904
2024/02/14 04:42:27.00,460971.6469,5635285.0967,2944436.8109
2024/02/14 04:42:28.00,460969.7941,5635287.0042,2944433.6219
2024/02/14 04:42:29.00,460968.7142,5635288.6623,2944430.807
2024/02/14 04:42:30.00,460968.3437,5635289.8635,2944428.4307
2024/02/14 04:42:31.00,460968.2599,5635291.1984,2944425.9363
2024/02/14 04:42:32.00,460962.6873,5635277.9266,2944409.4391
2024/02/14 04:42:33.00,460962.1206,5635279.6782,2944406.4119
2024/02/14 04:42:34.00,460966.5645,5635296.1399,2944416.76
2024/02/14 04:42:35.00,460965.5681,5635298.1405,2944413.1182
2024/02/14 04:42:36.00,460964.5323,5635300.2892,2944409.0867
2024/02/14 04:42:37.00,460963.4787,5635302.6641,2944404.6848
2024/02/14 04:42:38.00,460957.021,5635290.6492,2944386.3208
2024/02/14 04:42:39.00,460960.9761,5635308.1426,2944394.8177
2024/02/14 04:42:40.00,460959.5354,5635311.2014,2944389.2767
2024/02/14 04:42:41.00,460958.0635,5635314.3271,2944383.711
2024/02/14 04:42:42.00,460956.6511,5635317.2765,2944378.2789
2024/02/14 04:42:43.00,460955.0793,5635309.1875,2944373.6833
2024/02/14 04:42:44.00,460953.5974,5635323.6489,2944366.7548
2024/02/14 04:42:45.00,460951.979,5635327.037,2944360.7378
2024/02/14 04:42:46.00,460950.1708,5635330.3296,2944354.6776
2024/02/14 04:42:47.00,460948.471,5635333.5714,2944348.66
2024/02/14 04:42:48.00,460946.8472,5635336.9418,2944342.6601
2024/02/14 04:42:49.00,460945.1478,5635340.2687,2944336.6109
2024/02/14 04:42:50.00,460943.3601,5635343.5594,2944330.609
2024/02/14 04:42:51.00,460941.7855,5635346.9352,2944324.655
2024/02/14 04:42:52.00,460940.6077,5635338.2881,2944313.0236
2024/02/14 04:42:53.00,460936.4407,5635338.1793,2944302.0492
2024/02/14 04:42:54.00,460935.8475,5635340.8759,2944296.9432
2024/02/14 04:42:55.00,460936.8047,5635358.8089,2944300.8302
2024/02/14 04:42:56.00,460936.6748,5635361.5429,2944295.8817
2024/02/14 04:42:57.00,460937.277,5635348.6877,2944284.5054
2024/02/14 04:42:58.00,460937.1749,5635351.5184,2944279.314
2024/02/14 04:42:59.00,460937.0573,5635354.405,2944273.9697
2024/02/14 04:43:00.00,460936.032,5635349.1532,2944270.0248
2024/02/14 04:43:01.00,460936.7622,5635360.4956,2944262.887
2024/02/14 04:43:02.00,460936.644,5635363.7129,2944257.1577
2024/02/14 04:43:03.00,460940.7498,5635364.3515,2944247.2391
2024/02/14 04:43:04.00,460940.7458,5635367.3547,2944241.225
2024/02/14 04:43:05.00,460935.5473,5635364.9093,2944240.6596
2024/02/14 04:43:06.00,460935.9887,5635376.6383,2944232.9138
2024/02/14 04:43:07.00,460940.3183,5635386.7095,2944221.1194
2024/02/14 04:43:08.00,460938.7257,5635382.0436,2944216.2421
2024/02/14 04:43:09.00,460937.8382,5635393.9509,2944208.4099
2024/02/14 04:43:10.00,460934.3952,5635389.2389,2944203.8017
2024/02/14 04:43:11.00,460926.923,5635394.5096,2944201.8294
2024/02/14 04:43:12.00,460922.63,5635398.039,2944196.1396
2024/02/14 04:43:13.00,460922.8884,5635408.1527,2944184.8975
2024/02/14 04:43:14.00,460913.5668,5635405.2218,2944184.2507
2024/02/14 04:43:15.00,460909.2437,5635409.015,2944177.9548
2024/02/14 04:43:16.00,460909.3397,5635411.3499,2944167.3134
2024/02/14 04:43:17.00,460902.9416,5635417.0396,2944163.8908
2024/02/14 04:43:18.00,460902.1921,5635421.2002,2944156.0463
2024/02/14 04:43:19.00,460903.1994,5635425.4696,2944147.8845
2024/02/14 04:43:20.00,460905.4213,5635429.675,2944139.588
2024/02/14 04:43:21.00,460908.0205,5635434.009,2944131.0996
2024/02/14 04:43:22.00,460910.7913,5635438.3798,2944122.4164
2024/02/14 04:43:23.00,460913.6574,5635442.8809,2944113.5462
2024/02/14 04:43:24.00,460916.584,5635447.4701,2944104.4765
2024/02/14 04:43:25.00,460917.843,5635458.7447,2944095.9114
2024/02/14 04:43:26.00,460931.8893,5635481.3381,2944094.5251
2024/02/14 04:43:27.00,460930.7232,5635474.28,2944081.1192
2024/02/14 04:43:28.00,460927.1905,5635472.8595,2944068.1343
2024/02/14 04:43:29.00,460932.0791,5635477.2809,2944061.6159
2024/02/14 04:43:30.00,460936.1537,5635479.2163,2944052.9273
2024/02/14 04:43:31.00,460938.9901,5635483.0104,2944044.5547
2024/02/14 04:43:32.00,460941.9127,5635487.1873,2944036.6254
2024/02/14 04:43:33.00,460949.2597,5635473.9741,2944025.6059
2024/02/14 04:43:34.00,460951.8801,5635477.6874,2944018.1489
2024/02/14 04:43:35.00,460954.5671,5635481.4884,2944010.7272
2024/02/14 04:43:36.00,460957.284,5635485.2388,2944003.2202
2024/02/14 04:43:37.00,460960.8328,5635497.392,2943994.145
2024/02/14 04:43:38.00,460963.447,5635501.3324,2943986.5131
2024/02/14 04:43:39.00,460965.1077,5635497.0046,2943980.2196
2024/02/14 04:43:40.00,460968.384,5635509.3449,2943970.8923
2024/02/14 04:43:41.00,460969.8387,5635505.0233,2943964.5359
2024/02/14 04:43:42.00,460972.0056,5635508.91,2943956.915
2024/02/14 04:43:43.00,460969.6144,5635514.4413,2943953.4157
2024/02/14 04:43:44.00,460974.2908,5635516.5397,2943942.3376
2024/02/14 04:43:45.00,460974.0241,5635520.2631,2943935.4971
2024/02/14 04:43:46.00,460973.1817,5635523.9274,2943929.047
2024/02/14 04:43:47.00,460972.2808,5635527.3133,2943922.7436
2024/02/14 04:43:48.00,460971.4196,5635530.7579,2943916.548
2024/02/14 04:43:49.00,460970.4998,5635534.2377,2943910.2125
2024/02/14 04:43:50.00,460969.4812,5635537.8116,2943903.7343
2024/02/14 04:43:51.00,460969.1187,5635549.8063,2943895.5836
2024/02/14 04:43:52.00,460967.6335,5635553.5164,2943888.6904
2024/02/14 04:43:53.00,460966.1986,5635557.3487,2943881.6179
2024/02/14 04:43:54.00,460957.532,5635570.6179,2943876.8497
2024/02/14 04:43:55.00,460958.3,5635574.3922,2943871.8344
2024/02/14 04:43:56.00,460957.0022,5635578.4308,2943864.3192
2024/02/14 04:43:57.00,460955.6458,5635582.8,2943856.6553
2024/02/14 04:43:58.00,460952.3962,5635587.1667,2943846.5965
2024/02/14 04:43:59.00,460953.2585,5635591.1417,2943841.237
2024/02/14 04:44:00.00,460952.144,5635595.6971,2943833.4876
2024/02/14 04:44:01.00,460951.0684,5635599.909,2943825.6553
2024/02/14 04:44:02.00,460950.0318,5635604.1437,2943817.9912
2024/02/14 04:44:03.00,460946.9286,5635596.4809,2943808.9987
2024/02/14 04:44:04.00,460944.8543,5635622.6639,2943804.073
2024/02/14 04:44:05.00,460946.0622,5635604.0982,2943795.1892
2024/02/14 04:44:06.00,460949.2349,5635622.2142,2943786.5842
2024/02/14 04:44:07.00,460952.654,5635614.1566,2943786.746
2024/02/14 04:44:08.00,460941.5803,5635659.2931,2943782.3649
2024/02/14 04:44:09.00,460953.1922,5635633.7824,2943771.5023
2024/02/14 04:44:10.00,460944.1403,5635654.0499,2943772.6803
2024/02/14 04:44:11.00,460936.6906,5635674.3228,2943769.9407
2024/02/14 04:44:12.00,460935.8431,5635677.1298,2943766.4121
2024/02/14 04:44:13.00,460942.004,5635660.5185,2943761.7717
2024/02/14 04:44:14.00,460940.962,5635662.4619,2943758.1833
2024/02/14 04:44:15.00,460939.7735,5635664.1802,2943754.9184
2024/02/14 04:44:16.00,460937.6837,5635657.6183,2943753.3787
2024/02/14 04:44:17.00,460937.2381,5635667.9066,2943748.7126
2024/02/14 04:44:18.00,460935.8224,5635645.825,2943740.5611
2024/02/14 04:44:19.00,460934.5998,5635659.4374,2943742.9822
2024/02/14 04:44:20.00,460933.3667,5635649.4125,2943733.8354
2024/02/14 04:44:21.00,460937.085,5635681.3099,2943736.9748
2024/02/14 04:44:22.00,460934.7197,5635655.7021,2943726.5224
2024/02/14 04:44:23.00,460931.8518,5635657.1172,2943728.8112
2024/02/14 04:44:24.00,460932.3582,5635654.7054,2943727.2018
2024/02/14 04:44:25.00,460929.977,5635661.0851,2943726.7582
2024/02/14 04:44:26.00,460929.8045,5635661.3092,2943726.3016
2024/02/14 04:44:27.00,460929.5445,5635638.1381,2943720.9417
2024/02/14 04:44:28.00,460929.4033,5635662.1516,2943724.9487
2024/02/14 04:44:29.00,460928.9145,5635662.7611,2943723.7466
2024/02/14 04:44:30.00,460928.4846,5635663.5056,2943722.5502
2024/02/14 04:44:31.00,460931.4708,5635667.1498,2943719.9123
2024/02/14 04:44:32.00,460927.7864,5635664.6936,2943720.4512
2024/02/14 04:44:33.00,460930.8954,5635668.071,2943718.2351
2024/02/14 04:44:34.00,460927.3786,5635665.3303,2943719.3586
2024/02/14 04:44:35.00,460937.7712,5635710.1336,2943718.7682
2024/02/14 04:44:36.00,460937.9036,5635721.8913,2943717.7833
2024/02/14 04:44:37.00,460937.8973,5635721.8837,2943717.7796
2024/02/14 04:44:38.00,460937.8911,5635721.9047,2943717.7853
2024/02/14 04:44:39.00,460934.5436,5635718.8997,2943719.2529
2024/02/14 04:44:40.00,460934.5409,5635718.9219,2943719.2711
2024/02/14 04:44:41.00,460934.5364,5635718.8795,2943719.2688
2024/02/14 04:44:42.00,460936.4679,5635718.4851,2943721.5916
2024/02/14 04:44:43.00,460930.6326,5635668.521,2943717.5396
2024/02/14 04:44:44.00,460934.2386,5635707.3738,2943719.6595
2024/02/14 04:44:45.00,460927.2935,5635677.4269,2943717.7076
2024/02/14 04:44:46.00,460927.295,5635677.3907,2943717.7035
2024/02/14 04:44:47.00,460927.2988,5635677.4434,2943717.7075
2024/02/14 04:44:48.00,460930.6705,5635680.4727,2943716.2367
2024/02/14 04:44:49.00,460927.3011,5635677.4507,2943717.7073
2024/02/14 04:44:50.00,460927.2995,5635677.4295,2943717.7023
2024/02/14 04:44:51.00,460927.2951,5635677.3672,2943717.7047
2024/02/14 04:44:52.00,460927.296,5635677.3897,2943717.7079
2024/02/14 04:44:53.00,460927.3114,5635677.3746,2943717.7273
2024/02/14 04:44:54.00,460927.4492,5635700.9072,2943722.5846
2024/02/14 04:44:55.00,460927.2067,5635677.4988,2943717.4307
2024/02/14 04:44:56.00,460928.854,5635677.8636,2943719.0378
2024/02/14 04:44:57.00,460926.5295,5635678.41,2943715.7906
2024/02/14 04:44:58.00,460928.0968,5635678.6396,2943717.3147
2024/02/14 04:44:59.00,460926.7666,5635682.93,2943716.6244
2024/02/14 04:45:00.00,460924.638,5635668.7474,2943713.2492
2024/02/14 04:45:01.00,460923.7227,5635669.681,2943711.7282
2024/02/14 04:45:02.00,460922.7289,5635670.5592,2943710.101
2024/02/14 04:45:03.00,460921.7385,5635671.5617,2943708.5768
2024/02/14 04:45:04.00,460920.7995,5635672.3375,2943707.2099
2024/02/14 04:45:05.00,460919.6659,5635673.2575,2943705.5467
2024/02/14 04:45:06.00,460921.7606,5635677.4842,2943702.3215
2024/02/14 04:45:07.00,460920.4038,5635666.7042,2943701.5546
2024/02/14 04:45:08.00,460919.4707,5635679.5529,2943698.9516
2024/02/14 04:45:09.00,460923.7527,5635659.869,2943693.7718
2024/02/14 04:45:10.00,460916.3035,5635666.1268,2943701.3678
2024/02/14 04:45:11.00,460913.6536,5635678.5053,2943689.9296
2024/02/14 04:45:12.00,460911.9321,5635683.1636,2943695.8634
2024/02/14 04:45:13.00,460913.7965,5635691.6972,2943688.6055
2024/02/14 04:45:14.00,460912.7155,5635692.6476,2943687.0097
2024/02/14 04:45:15.00,460917.9266,5635664.8117,2943685.0914
2024/02/14 04:45:16.00,460910.1945,5635694.895,2943682.9736
2024/02/14 04:45:17.00,460908.6761,5635696.3953,2943680.9054
2024/02/14 04:45:18.00,460898.0643,5635718.0761,2943684.4325
2024/02/14 04:45:19.00,460905.4969,5635699.2645,2943676.8895
2024/02/14 04:45:20.00,460901.9318,5635689.4433,2943680.5175
2024/02/14 04:45:21.00,460902.6563,5635701.1727,2943673.708
2024/02/14 04:45:22.00,460900.9348,5635678.8874,2943680.9851
2024/02/14 04:45:23.00,460897.7207,5635692.2322,2943676.3674
2024/02/14 04:45:24.00,460904.6661,5635686.5334,2943668.7085
2024/02/14 04:45:25.00,460896.2118,5635704.5356,2943668.5602
2024/02/14 04:45:26.00,460900.565,5635688.0327,2943666.6168
2024/02/14 04:45:27.00,460891.8909,5635705.7114,2943667.0611
2024/02/14 04:45:28.00,460889.8142,5635706.023,2943666.8634
2024/02/14 04:45:29.00,460887.7257,5635706.157,2943666.9893
2024/02/14 04:45:30.00,460883.3946,5635695.3037,2943672.8379
2024/02/14 04:45:31.00,460882.9642,5635705.6351,2943668.4979
2024/02/14 04:45:32.00,460886.483,5635676.1067,2943669.9076
2024/02/14 04:45:33.00,460876.6552,5635704.2421,2943671.7266
2024/02/14 04:45:34.00,460870.7336,5635692.7477,2943678.9634
2024/02/14 04:45:35.00,460866.8627,5635691.8787,2943681.0351
2024/02/14 04:45:36.00,460862.8678,5635691.0273,2943683.1971
2024/02/14 04:45:37.00,460858.4113,5635690.0203,2943685.6132
2024/02/14 04:45:38.00,460853.4886,5635688.9063,2943688.2318
2024/02/14 04:45:39.00,460850.3242,5635698.4611,2943685.7917
2024/02/14 04:45:40.00,460842.696,5635686.3836,2943694.1432
2024/02/14 04:45:41.00,460836.8647,5635685.0338,2943697.3238
2024/02/14 04:45:42.00,460830.784,5635683.6462,2943700.6383
2024/02/14 04:45:43.00,460826.1657,5635657.9975,2943708.3069
2024/02/14 04:45:44.00,460818.3386,5635680.7314,2943707.3963
2024/02/14 04:45:45.00,460812.3975,5635679.3706,2943710.5959
2024/02/14 04:45:46.00,460809.044,5635653.965,2943717.5284
2024/02/14 04:45:47.00,460803.2205,5635677.3049,2943715.5567
2024/02/14 04:45:48.00,460799.0555,5635676.363,2943717.8284
2024/02/14 04:45:49.00,460794.5123,5635675.3259,2943720.2949
2024/02/14 04:45:50.00,460789.5374,5635674.1313,2943723.1289
2024/02/14 04:45:51.00,460786.1045,5635683.5369,2943721.1756
2024/02/14 04:45:52.00,460780.0181,5635681.8428,2943724.9457
2024/02/14 04:45:53.00,460773.7931,5635680.1287,2943728.8598
2024/02/14 04:45:54.00,460767.2616,5635678.3321,2943732.9813
2024/02/14 04:45:55.00,460760.2337,5635676.383,2943737.4356
2024/02/14 04:45:56.00,460752.6196,5635674.2298,2943742.3205
2024/02/14 04:45:57.00,460750.9979,5635654.506,2943746.7255
2024/02/14 04:45:58.00,460736.0463,5635669.0622,2943753.85
2024/02/14 04:45:59.00,460734.136,5635648.9322,2943759.2231
2024/02/14 04:46:00.00,460717.0869,5635652.1853,2943772.3028
2024/02/14 04:46:01.00,460717.1764,5635642.5072,2943773.0907
2024/02/14 04:46:02.00,460702.0516,5635656.2493,2943781.6276
2024/02/14 04:46:03.00,460693.3798,5635652.5463,2943789.5033
2024/02/14 04:46:04.00,460682.5439,5635637.7228,2943803.0821
2024/02/14 04:46:05.00,460682.3328,5635615.418,2943806.3888
2024/02/14 04:46:06.00,460673.7689,5635622.7688,2943814.5541
2024/02/14 04:46:07.00,460658.5993,5635635.458,2943825.119
2024/02/14 04:46:08.00,460649.9083,5635630.6796,2943834.9702
2024/02/14 04:46:09.00,460641.1542,5635625.8333,2943844.9471
2024/02/14 04:46:10.00,460632.4335,5635620.9936,2943854.9108
2024/02/14 04:46:11.00,460630.2572,5635598.9505,2943863.786
2024/02/14 04:46:12.00,460621.5346,5635594.1908,2943873.6653
2024/02/14 04:46:13.00,460606.2441,5635606.6323,2943884.5906
2024/02/14 04:46:14.00,460597.3244,5635601.8357,2943894.5548
2024/02/14 04:46:15.00,460588.4326,5635597.0221,2943904.5783
2024/02/14 04:46:16.00,460579.5803,5635592.1921,2943914.599
2024/02/14 04:46:17.00,460570.7803,5635587.3074,2943924.6431
2024/02/14 04:46:18.00,460561.9127,5635582.3786,2943934.737
2024/02/14 04:46:19.00,460553.0488,5635577.4654,2943944.788
2024/02/14 04:46:20.00,460550.8839,5635555.3956,2943953.5404
2024/02/14 04:46:21.00,460542.6194,5635550.8739,2943962.9639
2024/02/14 04:46:22.00,460534.5467,5635546.3977,2943972.1607
2024/02/14 04:46:23.00,460526.479,5635541.8969,2943981.3253
2024/02/14 04:46:24.00,460518.6198,5635537.4236,2943990.3346
2024/02/14 04:46:25.00,460511.2267,5635532.9973,2943998.8706
2024/02/14 04:46:26.00,460504.5697,5635529.1836,2944006.5401
2024/02/14 04:46:27.00,460498.4082,5635525.5279,2944013.5137
2024/02/14 04:46:28.00,460486.0146,5635539.5398,2944021.1891
2024/02/14 04:46:29.00,460480.2301,5635536.1582,2944027.6155
2024/02/14 04:46:30.00,460474.6249,5635494.1593,2944042.998
2024/02/14 04:46:31.00,460468.7756,5635490.6674,2944049.4999
2024/02/14 04:46:32.00,460462.8341,5635487.0678,2944056.2057
2024/02/14 04:46:33.00,460462.947,5635504.9031,2944053.0455
2024/02/14 04:46:34.00,460456.6412,5635501.2121,2944060.0387
2024/02/14 04:46:35.00,460441.7229,5635503.8076,2944073.3874
2024/02/14 04:46:36.00,460437.7926,5635472.4267,2944084.0807
2024/02/14 04:46:37.00,460431.3406,5635468.5989,2944091.2396
2024/02/14 04:46:38.00,460424.7105,5635464.7593,2944098.573
2024/02/14 04:46:39.00,460417.937,5635460.7772,2944106.0574
2024/02/14 04:46:40.00,460411.0459,5635456.7327,2944113.745
2024/02/14 04:46:41.00,460404.0281,5635452.5558,2944121.5986
2024/02/14 04:46:42.00,460396.8525,5635448.3061,2944129.6392
2024/02/14 04:46:43.00,460389.4818,5635443.915,2944137.8006
2024/02/14 04:46:44.00,460382.1227,5635439.6063,2944145.9902
2024/02/14 04:46:45.00,460373.9261,5635477.4097,2944145.6429
2024/02/14 04:46:46.00,460367.857,5635431.1576,2944162.0583
2024/02/14 04:46:47.00,460360.6094,5635426.8257,2944170.1186
2024/02/14 04:46:48.00,460353.4318,5635422.5664,2944178.0168
2024/02/14 04:46:49.00,460346.4425,5635418.4437,2944185.7318
2024/02/14 04:46:51.00,460331.5976,5635433.5243,2944193.9204
2024/02/14 04:46:52.00,460323.5294,5635431.1267,2944207.7162
2024/02/14 04:46:53.00,460329.0976,5635400.1981,2944202.9092
2024/02/14 04:46:54.00,460315.8288,5635417.3699,2944215.3998
2024/02/14 04:46:55.00,460307.2639,5635409.4339,2944222.4782
2024/02/14 04:46:56.00,460300.1521,5635405.3808,2944231.6494
2024/02/14 04:46:57.00,460288.6579,5635394.085,2944232.0571
2024/02/14 04:46:58.00,460282.0255,5635390.3242,2944239.6373
2024/02/14 04:46:59.00,460275.2966,5635386.6165,2944247.1965
2024/02/14 04:47:00.00,460268.5088,5635382.9666,2944254.7651
2024/02/14 04:47:01.00,460265.354,5635418.0605,2944271.6285
2024/02/14 04:47:02.00,460258.6676,5635414.4809,2944279.203
2024/02/14 04:47:03.00,460252.0562,5635410.8671,2944286.7907
2024/02/14 04:47:04.00,460245.6771,5635407.3526,2944294.1276
2024/02/14 04:47:05.00,460236.1788,5635365.3418,2944291.7575
2024/02/14 04:47:06.00,460230.4907,5635362.2033,2944298.441
2024/02/14 04:47:07.00,460228.324,5635397.8721,2944314.2445
2024/02/14 04:47:08.00,460222.7991,5635395.0514,2944320.3502
2024/02/14 04:47:09.00,460217.7889,5635392.4665,2944325.9525
2024/02/14 04:47:10.00,460213.3649,5635389.9213,2944331.0599
2024/02/14 04:47:11.00,460209.3981,5635387.8106,2944335.6484
2024/02/14 04:47:12.00,460205.5656,5635385.726,2944340.0839
2024/02/14 04:47:13.00,460201.7247,5635383.6772,2944344.4291
2024/02/14 04:47:14.00,460197.938,5635381.6046,2944348.6983
2024/02/14 04:47:15.00,460194.2172,5635379.7427,2944352.8285
2024/02/14 04:47:16.00,460190.8716,5635377.9913,2944356.5334
2024/02/14 04:47:17.00,460184.5426,5635337.665,2944350.4568
2024/02/14 04:47:18.00,460182.3428,5635336.469,2944353.0486
2024/02/14 04:47:19.00,460184.1214,5635374.2345,2944364.4567
2024/02/14 04:47:20.00,460182.2793,5635373.2618,2944366.5614
2024/02/14 04:47:21.00,460180.5417,5635372.3343,2944368.5532
2024/02/14 04:47:22.00,460179.3879,5635371.6977,2944369.8923
2024/02/14 04:47:23.00,460178.8835,5635371.4386,2944370.4857
2024/02/14 04:47:24.00,460178.5169,5635371.1603,2944370.9162
2024/02/14 04:47:25.00,460178.1091,5635371.0131,2944371.391
2024/02/14 04:47:26.00,460177.6793,5635370.7588,2944371.8868
2024/02/14 04:47:27.00,460173.7193,5635331.7113,2944362.9826
2024/02/14 04:47:28.00,460178.1344,5635327.9747,2944380.7036
2024/02/14 04:47:29.00,460178.1327,5635327.9898,2944380.7056
2024/02/14 04:47:30.00,460177.2152,5635370.5511,2944372.4215
2024/02/14 04:47:31.00,460177.1767,5635370.5077,2944372.4556
2024/02/14 04:47:32.00,460179.4458,5635342.3604,2944376.0758
2024/02/14 04:47:33.00,460177.1493,5635370.4912,2944372.4945
2024/02/14 04:47:34.00,460177.1437,5635370.478,2944372.5053
2024/02/14 04:47:35.00,460177.0741,5635370.493,2944372.5697
2024/02/14 04:47:36.00,460176.8294,5635370.3755,2944372.8345
2024/02/14 04:47:37.00,460176.1713,5635370.038,2944373.605
2024/02/14 04:47:38.00,460171.5165,5635330.6161,2944365.4755
2024/02/14 04:47:39.00,460170.187,5635329.8673,2944366.9908
2024/02/14 04:47:40.00,460168.4826,5635328.9537,2944368.9263
2024/02/14 04:47:41.00,460166.5116,5635327.8709,2944371.2455
2024/02/14 04:47:42.00,460164.4385,5635326.7291,2944373.6898
2024/02/14 04:47:43.00,460166.8874,5635321.7291,2944393.7593
2024/02/14 04:47:44.00,460160.2078,5635324.3242,2944378.7825
2024/02/14 04:47:45.00,460162.3288,5635319.1617,2944399.1873
2024/02/14 04:47:46.00,460160.0302,5635317.9272,2944401.8882
2024/02/14 04:47:47.00,460158.0239,5635316.7878,2944404.2408
2024/02/14 04:47:48.00,460156.2106,5635315.7802,2944406.3306
2024/02/14 04:47:49.00,460154.6864,5635314.8923,2944408.1222
2024/02/14 04:47:50.00,460153.5951,5635314.367,2944409.3864
2024/02/14 04:47:51.00,460148.4161,5635317.7099,2944392.7016
2024/02/14 04:47:52.00,460147.8908,5635317.4794,2944393.3602
2024/02/14 04:47:53.00,460147.3871,5635317.1302,2944394.0648
2024/02/14 04:47:54.00,460151.2958,5635312.9643,2944412.2653
2024/02/14 04:47:55.00,460150.7147,5635312.5787,2944412.958
2024/02/14 04:47:56.00,460145.7197,5635316.1641,2944396.0797
2024/02/14 04:47:57.00,460145.3779,5635315.9842,2944396.4974
2024/02/14 04:47:58.00,460149.8425,5635312.0491,2944414.0494
2024/02/14 04:47:59.00,460149.8373,5635312.0744,2944414.0421
2024/02/14 04:48:00.00,460149.832,5635312.0802,2944414.0384
2024/02/14 04:48:01.00,460149.8319,5635312.0563,2944414.0289
2024/02/14 04:48:02.00,460149.832,5635312.0484,2944414.0372
2024/02/14 04:48:03.00,460149.8315,5635312.0427,2944414.0282
2024/02/14 04:48:04.00,460149.8246,5635312.0434,2944414.0296
2024/02/14 04:48:05.00,460149.8222,5635312.0365,2944414.0233
2024/02/14 04:48:06.00,460149.8263,5635312.0058,2944414.0173
2024/02/14 04:48:07.00,460149.8242,5635312.042,2944414.0233
2024/02/14 04:48:08.00,460149.8251,5635311.9836,2944414.0217
2024/02/14 04:48:09.00,460149.8209,5635311.9949,2944414.0124
2024/02/14 04:48:10.00,460149.8185,5635311.9882,2944414.0137
2024/02/14 04:48:11.00,460149.8092,5635311.995,2944414.0039
2024/02/14 04:48:12.00,460149.8184,5635311.9698,2944414.0116
2024/02/14 04:48:13.00,460149.8152,5635311.9499,2944414.0078
2024/02/14 04:48:14.00,460149.8178,5635311.9615,2944414.009
2024/02/14 04:48:15.00,460149.8139,5635312.0035,2944414.0191
2024/02/14 04:48:16.00,460149.8112,5635311.9532,2944414.0026
2024/02/14 04:48:17.00,460149.8063,5635311.9455,2944414.0029
2024/02/14 04:48:18.00,460149.8144,5635311.9771,2944414.0041
2024/02/14 04:48:19.00,460149.8172,5635311.9236,2944413.9901
2024/02/14 04:48:20.00,460149.8185,5635311.9152,2944413.9921
2024/02/14 04:48:21.00,460149.8141,5635311.895,2944413.9954
2024/02/14 04:48:22.00,460149.8014,5635311.9209,2944413.9924
2024/02/14 04:48:23.00,460149.8071,5635311.9319,2944413.9949
2024/02/14 04:48:24.00,460149.811,5635311.9149,2944413.9999
2024/02/14 04:48:25.00,460149.8058,5635311.8909,2944413.9912
2024/02/14 04:48:26.00,460149.8048,5635311.9055,2944413.9812
2024/02/14 04:48:27.00,460149.8049,5635311.8949,2944413.978
2024/02/14 04:48:28.00,460149.8069,5635311.8892,2944413.989
2024/02/14 04:48:29.00,460149.8058,5635311.888,2944413.9861
2024/02/14 04:48:30.00,460149.9984,5635323.9732,2944413.1387
2024/02/14 04:48:31.00,460149.9875,5635324.0241,2944413.1477
2024/02/14 04:48:32.00,460149.8001,5635311.8705,2944413.9832
2024/02/14 04:48:33.00,460149.7931,5635311.8948,2944413.9676
2024/02/14 04:48:34.00,460149.799,5635311.8315,2944413.9724
2024/02/14 04:48:35.00,460149.7957,5635311.8689,2944413.9712
2024/02/14 04:48:36.00,460149.7882,5635311.8754,2944413.9722
2024/02/14 04:48:37.00,460149.7922,5635311.8557,2944413.9715
2024/02/14 04:48:38.00,460149.796,5635311.8274,2944413.9662
2024/02/14 04:48:39.00,460149.9933,5635323.995,2944413.1426
2024/02/14 04:48:40.00,460149.9835,5635324.0184,2944413.1353
2024/02/14 04:48:41.00,460149.9868,5635323.9707,2944413.1311
2024/02/14 04:48:42.00,460149.9888,5635323.9764,2944413.1264
2024/02/14 04:48:43.00,460149.9859,5635323.9683,2944413.1248
2024/02/14 04:48:44.00,460149.9874,5635323.9657,2944413.1382
2024/02/14 04:48:45.00,460149.9894,5635323.999,2944413.1355
2024/02/14 04:48:46.00,460149.9883,5635323.9471,2944413.1351
2024/02/14 04:48:47.00,460149.9847,5635323.9573,2944413.1263
2024/02/14 04:48:48.00,460149.9831,5635323.9555,2944413.1346
2024/02/14 04:48:49.00,460149.9762,5635323.9694,2944413.1257
2024/02/14 04:48:50.00,460149.9884,5635323.9423,2944413.1296
2024/02/14 04:48:51.00,460149.9803,5635323.9545,2944413.1239
2024/02/14 04:48:52.00,460149.984,5635323.9579,2944413.1223
2024/02/14 04:48:53.00,460149.9772,5635323.9711,2944413.1161
2024/02/14 04:48:54.00,460149.9687,5635323.9519,2944413.1207
2024/02/14 04:48:55.00,460149.9822,5635323.937,2944413.1246
2024/02/14 04:48:56.00,460149.9705,5635323.9746,2944413.115
2024/02/14 04:48:57.00,460149.9764,5635323.9106,2944413.1247
2024/02/14 04:48:58.00,460149.9721,5635323.9609,2944413.1192
2024/02/14 04:48:59.00,460149.9768,5635323.9311,2944413.1133
2024/02/14 04:49:00.00,460149.9821,5635323.9111,2944413.1202
2024/02/14 04:49:01.00,460149.9705,5635323.9118,2944413.1137
2024/02/14 04:49:02.00,460149.9795,5635323.9368,2944413.1277
2024/02/14 04:49:03.00,460149.974,5635323.8995,2944413.1022
2024/02/14 04:49:04.00,460149.9785,5635323.8783,2944413.116
2024/02/14 04:49:05.00,460149.9787,5635323.8825,2944413.111
2024/02/14 04:49:06.00,460149.9655,5635323.9157,2944413.1022
2024/02/14 04:49:07.00,460149.9739,5635323.8866,2944413.1105
2024/02/14 04:49:08.00,460149.9643,5635323.9254,2944413.1068
2024/02/14 04:49:09.00,460149.975,5635323.8898,2944413.1101
2024/02/14 04:49:10.00,460149.9661,5635323.9042,2944413.1027
2024/02/14 04:49:11.00,460149.9744,5635323.8955,2944413.1041
2024/02/14 04:49:12.00,460149.9754,5635323.8999,2944413.1013
2024/02/14 04:49:13.00,460149.9754,5635323.8911,2944413.1017
2024/02/14 04:49:14.00,460149.9723,5635323.8869,2944413.1013
2024/02/14 04:49:15.00,460149.9635,5635323.8729,2944413.1043
2024/02/14 04:49:16.00,460149.961,5635323.8926,2944413.097
2024/02/14 04:49:17.00,460149.9679,5635323.8471,2944413.0893
2024/02/14 04:49:18.00,460149.965,5635323.8938,2944413.0947
2024/02/14 04:49:19.00,460149.9612,5635323.8578,2944413.0893
2024/02/14 04:49:20.00,460149.9614,5635323.8989,2944413.1062
2024/02/14 04:49:21.00,460149.9595,5635323.8771,2944413.0872
2024/02/14 04:49:22.00,460149.9616,5635323.8743,2944413.0942
2024/02/14 04:49:23.00,460149.9631,5635323.8678,2944413.086
2024/02/14 04:49:24.00,460145.3727,5635316.1468,2944396.5579
2024/02/14 04:49:25.00,460149.9653,5635323.8471,2944413.0914
2024/02/14 04:49:26.00,460149.9626,5635323.8277,2944413.0883
2024/02/14 04:49:27.00,460149.9658,5635323.846,2944413.0843
2024/02/14 04:49:28.00,460149.9572,5635323.8349,2944413.0857
2024/02/14 04:49:29.00,460149.9538,5635323.8412,2944413.0819
2024/02/14 04:49:30.00,460149.9562,5635323.8177,2944413.0806
2024/02/14 04:49:31.00,460149.9558,5635323.8255,2944413.0793
2024/02/14 04:49:32.00,460149.953,5635323.8325,2944413.0851
2024/02/14 04:49:33.00,460149.955,5635323.8429,2944413.0838
2024/02/14 04:49:34.00,460149.9507,5635323.8449,2944413.0863
2024/02/14 04:49:35.00,460149.9488,5635323.8102,2944413.0753
2024/02/14 04:49:36.00,460149.9614,5635323.8188,2944413.0863
2024/02/14 04:49:37.00,460149.9577,5635323.8008,2944413.0843
2024/02/14 04:49:38.00,460149.9514,5635323.822,2944413.0771
2024/02/14 04:49:39.00,460149.9588,5635323.8089,2944413.0884
2024/02/14 04:49:40.00,460149.9484,5635323.7952,2944413.0701
2024/02/14 04:49:41.00,460149.9544,5635323.8099,2944413.0877
2024/02/14 04:49:42.00,460149.9516,5635323.827,2944413.0787
2024/02/14 04:49:43.00,460149.9557,5635323.8253,2944413.0816
2024/02/14 04:49:44.00,460149.9452,5635323.8132,2944413.0771
2024/02/14 04:49:45.00,460149.9607,5635323.7659,2944413.0796
2024/02/14 04:49:46.00,460149.9461,5635323.8121,2944413.0696
2024/02/14 04:49:47.00,460149.9509,5635323.8033,2944413.0742
2024/02/14 04:49:48.00,460149.9523,5635323.7719,2944413.0749
2024/02/14 04:49:49.00,460149.9479,5635323.7736,2944413.0723
2024/02/14 04:49:50.00,460149.944,5635323.7922,2944413.0657
2024/02/14 04:49:51.00,460149.947,5635323.7994,2944413.0746
2024/02/14 04:49:52.00,460149.9436,5635323.7682,2944413.0634
2024/02/14 04:49:53.00,460149.945,5635323.7552,2944413.0692
2024/02/14 04:49:54.00,460149.9445,5635323.7428,2944413.0608
2024/02/14 04:49:55.00,460149.9491,5635323.7736,2944413.0704
2024/02/14 04:49:56.00,460149.9543,5635323.7562,2944413.0708
2024/02/14 04:49:57.00,460149.9469,5635323.7725,2944413.0847
2024/02/14 04:49:58.00,460149.9505,5635323.7705,2944413.0634
2024/02/14 04:49:59.00,460149.9424,5635323.7763,2944413.064
2024/02/14 04:50:00.00,460149.9404,5635323.7582,2944413.0553
2024/02/14 04:50:01.00,460149.9483,5635323.7233,2944413.0597
2024/02/14 04:50:02.00,460149.9454,5635323.7449,2944413.0604
2024/02/14 04:50:03.00,460149.951,5635323.7204,2944413.07
2024/02/14 04:50:04.00,460149.9375,5635323.7828,2944413.0489
2024/02/14 04:50:05.00,460149.9374,5635323.7641,2944413.0534
2024/02/14 04:50:06.00,460149.9406,5635323.7166,2944413.0634
2024/02/14 04:50:07.00,460149.9395,5635323.7286,2944413.0569
2024/02/14 04:50:08.00,460149.94,5635323.7824,2944413.0481
2024/02/14 04:50:09.00,460149.9436,5635323.7899,2944413.0617
2024/02/14 04:50:10.00,460149.9372,5635323.7784,2944413.0562
2024/02/14 04:50:11.00,460149.9424,5635323.7335,2944413.0613
2024/02/14 04:50:12.00,460149.9384,5635323.7498,2944413.0508
2024/02/14 04:50:13.00,460149.9389,5635323.7281,2944413.0505
2024/02/14 04:50:14.00,460149.9387,5635323.6877,2944413.0482
2024/02/14 04:50:15.00,460149.9346,5635323.7363,2944413.0555
2024/02/14 04:50:16.00,460149.9392,5635323.707,2944413.0492
2024/02/14 04:50:17.00,460149.9384,5635323.7321,2944413.0486
2024/02/14 04:50:18.00,460149.9415,5635323.6987,2944413.0539
2024/02/14 04:50:19.00,460149.9365,5635323.7001,2944413.0566
2024/02/14 04:50:20.00,460149.9412,5635323.6992,2944413.0489
2024/02/14 04:50:21.00,460149.9362,5635323.6814,2944413.0441
2024/02/14 04:50:22.00,460149.9345,5635323.6945,2944413.0421
2024/02/14 04:50:23.00,460149.9338,5635323.6824,2944413.0414
2024/02/14 04:50:24.00,460149.9228,5635323.7075,2944413.039
2024/02/14 04:50:25.00,460149.9302,5635323.7303,2944413.0522
2024/02/14 04:50:26.00,460149.9313,5635323.7178,2944413.0469
2024/02/14 04:50:27.00,460149.9287,5635323.7033,2944413.0474
2024/02/14 04:50:28.00,460149.9358,5635323.6822,2944413.0501
2024/02/14 04:50:29.00,460149.9331,5635323.6616,2944413.0396
2024/02/14 04:50:30.00,460149.9285,5635323.6865,2944413.037
2024/02/14 04:50:31.00,460149.9268,5635323.6887,2944413.0372
2024/02/14 04:50:32.00,460149.9316,5635323.6996,2944413.048
2024/02/14 04:50:33.00,460149.93,5635323.6346,2944413.0375
2024/02/14 04:50:34.00,460149.9253,5635323.6933,2944413.0435
2024/02/14 04:50:35.00,460149.9318,5635323.6762,2944413.038
2024/02/14 04:50:36.00,460149.9298,5635323.6609,2944413.0396
2024/02/14 04:50:37.00,460149.9316,5635323.6589,2944413.0425
2024/02/14 04:50:38.00,460149.9239,5635323.6741,2944413.0352
2024/02/14 04:50:39.00,460149.9264,5635323.6619,2944413.0382
2024/02/14 04:50:40.00,460149.9227,5635323.6592,2944413.0344
2024/02/14 04:50:41.00,460149.9242,5635323.6334,2944413.0353
2024/02/14 04:50:42.00,460149.9235,5635323.637,2944413.0306
2024/02/14 04:50:43.00,460149.9287,5635323.6107,2944413.0215
2024/02/14 04:50:44.00,460149.9251,5635323.624,2944413.0288
2024/02/14 04:50:45.00,460149.9208,5635323.637,2944413.0188
2024/02/14 04:50:46.00,460149.9184,5635323.6255,2944413.0238
2024/02/14 04:50:47.00,460149.9264,5635323.6222,2944413.0334
2024/02/14 04:50:48.00,460149.9115,5635323.6389,2944413.0201
2024/02/14 04:50:49.00,460149.9246,5635323.5943,2944413.0234
2024/02/14 04:50:50.00,460149.9185,5635323.6057,2944413.0254
2024/02/14 04:50:51.00,460149.9189,5635323.6266,2944413.0251
2024/02/14 04:50:52.00,460149.9185,5635323.6231,2944413.0089
2024/02/14 04:50:53.00,460149.9134,5635323.6173,2944413.0234
2024/02/14 04:50:54.00,460149.9216,5635323.6092,2944413.0237
2024/02/14 04:50:55.00,460149.9224,5635323.5683,2944413.0187
2024/02/14 04:50:56.00,460149.9095,5635323.5923,2944413.0149
2024/02/14 04:50:57.00,460149.9173,5635323.617,2944413.0248
2024/02/14 04:50:58.00,460149.9141,5635323.6142,2944413.0118
2024/02/14 04:50:59.00,460149.9254,5635323.5864,2944413.0182
2024/02/14 04:51:00.00,460149.9171,5635323.5882,2944413.0073
2024/02/14 04:51:01.00,460149.9138,5635323.5934,2944413.019
2024/02/14 04:51:02.00,460149.9098,5635323.6105,2944413.0121
2024/02/14 04:51:03.00,460149.916,5635323.5635,2944413.0041
2024/02/14 04:51:04.00,460149.9092,5635323.5614,2944413.0068
2024/02/14 04:51:05.00,460149.9195,5635323.5891,2944413.0137
2024/02/14 04:51:06.00,460149.9095,5635323.6023,2944413.006
2024/02/14 04:51:07.00,460149.9131,5635323.5813,2944413.0123
2024/02/14 04:51:08.00,460149.907,5635323.5844,2944413.0035
2024/02/14 04:51:09.00,460149.9171,5635323.5616,2944413.0183
2024/02/14 04:51:10.00,460149.9082,5635323.5861,2944413.014
2024/02/14 04:51:11.00,460149.9084,5635323.579,2944413.0089
2024/02/14 04:51:12.00,460149.9083,5635323.5656,2944413.0057
2024/02/14 04:51:13.00,460149.9056,5635323.5709,2944413.0112
2024/02/14 04:51:14.00,460149.9073,5635323.572,2944413.0018
2024/02/14 04:51:15.00,460149.9089,5635323.5649,2944413.0018
2024/02/14 04:51:16.00,460149.9043,5635323.5607,2944412.9872
2024/02/14 04:51:17.00,460149.905,5635323.5566,2944412.9812
2024/02/14 04:51:18.00,460149.9039,5635323.5781,2944412.9922
2024/02/14 04:51:19.00,460149.8983,5635323.5321,2944412.9851
2024/02/14 04:51:20.00,460149.9001,5635323.5558,2944412.9947
2024/02/14 04:51:21.00,460149.9159,5635323.5045,2944412.9915
2024/02/14 04:51:22.00,460149.9033,5635323.5211,2944412.9884
2024/02/14 04:51:23.00,460149.9019,5635323.5281,2944412.9881
2024/02/14 04:51:24.00,460149.0908,5635304.6959,2944416.8694
2024/02/14 04:51:25.00,460149.905,5635323.4911,2944412.9845
2024/02/14 04:51:26.00,460149.0845,5635304.6986,2944416.8649
2024/02/14 04:51:27.00,460149.8879,5635323.5319,2944412.9874
2024/02/14 04:51:28.00,460149.8942,5635323.5383,2944412.982
2024/02/14 04:51:29.00,460143.8379,5635300.882,2944401.055
2024/02/14 04:51:30.00,460143.8403,5635300.8757,2944401.0615
2024/02/14 04:51:31.00,460143.839,5635300.8857,2944401.0442
2024/02/14 04:51:32.00,460149.9025,5635323.4705,2944412.9746
2024/02/14 04:51:33.00,460149.8959,5635323.4585,2944412.976
2024/02/14 04:51:34.00,460143.8326,5635300.8351,2944401.0373
2024/02/14 04:51:35.00,460149.8912,5635323.463,2944412.9802
2024/02/14 04:51:36.00,460149.9018,5635323.4485,2944412.9725
2024/02/14 04:51:37.00,460149.8941,5635323.4603,2944412.9697
2024/02/14 04:51:38.00,460149.8899,5635323.449,2944412.9698
2024/02/14 04:51:39.00,460149.8908,5635323.4731,2944412.9609
2024/02/14 04:51:40.00,460149.8896,5635323.4539,2944412.969
2024/02/14 04:51:41.00,460149.8855,5635323.482,2944412.9602
2024/02/14 04:51:42.00,460149.8901,5635323.454,2944412.964
2024/02/14 04:51:43.00,460149.8896,5635323.4525,2944412.9657
2024/02/14 04:51:44.00,460149.882,5635323.4572,2944412.9521
2024/02/14 04:51:45.00,460149.891,5635323.4044,2944412.9643
2024/02/14 04:51:46.00,460149.8824,5635323.4392,2944412.9607
2024/02/14 04:51:47.00,460149.8849,5635323.4203,2944412.9583
2024/02/14 04:51:48.00,460149.8802,5635323.4513,2944412.9679
2024/02/14 04:51:49.00,460149.8851,5635323.4025,2944412.954
2024/02/14 04:51:50.00,460149.8837,5635323.4183,2944412.9557
2024/02/14 04:51:51.00,460149.8821,5635323.4059,2944412.9628
2024/02/14 04:51:52.00,460149.8855,5635323.3805,2944412.9559
2024/02/14 04:51:53.00,460144.1134,5635348.0196,2944411.1843
2024/02/14 04:51:54.00,460144.1213,5635347.9479,2944411.1811
2024/02/14 04:51:55.00,460144.1193,5635347.9577,2944411.1784
2024/02/14 04:51:56.00,460144.12,5635348.0011,2944411.1816
2024/02/14 04:51:57.00,460144.1127,5635347.997,2944411.1807
2024/02/14 04:51:58.00,460149.8769,5635323.3684,2944412.9402
2024/02/14 04:51:59.00,460144.1085,5635348.0047,2944411.1802
2024/02/14 04:52:00.00,460144.1156,5635348.0259,2944411.1914
2024/02/14 04:52:01.00,460144.1147,5635348.0316,2944411.1818
2024/02/14 04:52:02.00,460144.1183,5635348.0307,2944411.1826
2024/02/14 04:52:03.00,460149.8763,5635323.3389,2944412.9404
2024/02/14 04:52:04.00,460149.8674,5635323.3874,2944412.9265
2024/02/14 04:52:05.00,460149.8683,5635323.3931,2944412.9374
2024/02/14 04:52:06.00,460149.8673,5635323.3658,2944412.9346
2024/02/14 04:52:07.00,460144.1192,5635348.0364,2944411.1887
2024/02/14 04:52:08.00,460149.8769,5635323.3308,2944412.9328
2024/02/14 04:52:09.00,460149.8736,5635323.3537,2944412.9414
2024/02/14 04:52:10.00,460144.1227,5635348.0273,2944411.1884
2024/02/14 04:52:11.00,460144.1244,5635348.0424,2944411.1919
2024/02/14 04:52:12.00,460144.126,5635348.0036,2944411.1921
2024/02/14 04:52:13.00,460144.1156,5635348.0434,2944411.193
2024/02/14 04:52:14.00,460144.1145,5635348.0382,2944411.1882
2024/02/14 04:52:15.00,460144.1208,5635348.0462,2944411.1878
2024/02/14 04:52:16.00,460144.1163,5635348.0465,2944411.1959
2024/02/14 04:52:17.00,460150.6323,5635319.9675,2944412.4025
2024/02/14 04:52:18.00,460144.1224,5635348.0224,2944411.1822
2024/02/14 04:52:19.00,460150.6254,5635319.9638,2944412.3942
2024/02/14 04:52:20.00,460144.1295,5635348.0331,2944411.1934
2024/02/14 04:52:21.00,460150.6241,5635319.9676,2944412.3957
2024/02/14 04:52:22.00,460150.6181,5635319.9597,2944412.3867
2024/02/14 04:52:23.00,460144.1321,5635348.0553,2944411.2062
2024/02/14 04:52:24.00,460150.6216,5635319.9596,2944412.3862
2024/02/14 04:52:25.00,460144.1295,5635348.0618,2944411.1981
2024/02/14 04:52:26.00,460150.622,5635319.9324,2944412.387
2024/02/14 04:52:27.00,460150.6202,5635319.9504,2944412.383
2024/02/14 04:52:28.00,460150.6178,5635319.9455,2944412.3899
2024/02/14 04:52:29.00,460150.6181,5635319.9709,2944412.373
2024/02/14 04:52:30.00,460144.129,5635348.0748,2944411.1941
2024/02/14 04:52:31.00,460144.1278,5635348.0908,2944411.2049
2024/02/14 04:52:32.00,460144.1301,5635348.0449,2944411.1991
2024/02/14 04:52:33.00,460150.6076,5635319.9439,2944412.3757
2024/02/14 04:52:34.00,460150.6165,5635319.9031,2944412.3726
2024/02/14 04:52:35.00,460150.6094,5635319.9487,2944412.3692
2024/02/14 04:52:36.00,460150.6088,5635319.9247,2944412.3673
2024/02/14 04:52:37.00,460150.6097,5635319.8802,2944412.3639
2024/02/14 04:52:38.00,460150.6102,5635319.8689,2944412.366
2024/02/14 04:52:39.00,460150.6141,5635319.8917,2944412.3627
2024/02/14 04:52:40.00,460144.1243,5635348.1085,2944411.2051
2024/02/14 04:52:41.00,460150.6145,5635319.8779,2944412.3596
2024/02/14 04:52:42.00,460144.1301,5635348.0876,2944411.2025
2024/02/14 04:52:43.00,460150.6056,5635319.8789,2944412.3745
2024/02/14 04:52:44.00,460144.1287,5635348.0852,2944411.2142
2024/02/14 04:52:45.00,460144.1284,5635348.0988,2944411.2057
2024/02/14 04:52:46.00,460150.6049,5635319.9002,2944412.3681
2024/02/14 04:52:47.00,460150.6017,5635319.8698,2944412.3576
2024/02/14 04:52:48.00,460144.128,5635348.1084,2944411.2095
2024/02/14 04:52:49.00,460144.1374,5635348.0829,2944411.2102
2024/02/14 04:52:50.00,460144.1291,5635348.0974,2944411.207
2024/02/14 04:52:51.00,460150.5993,5635319.8498,2944412.3441
2024/02/14 04:52:52.00,460144.1358,5635348.0924,2944411.2235
2024/02/14 04:52:53.00,460144.1326,5635348.0876,2944411.2159
2024/02/14 04:52:54.00,460144.1358,5635348.0898,2944411.2185
2024/02/14 04:52:55.00,460144.1393,5635348.0957,2944411.2183
2024/02/14 04:52:56.00,460144.1356,5635348.0974,2944411.2067
2024/02/14 04:52:57.00,460144.1366,5635348.1081,2944411.2228
2024/02/14 04:52:58.00,460144.1376,5635348.1044,2944411.2234
2024/02/14 04:52:59.00,460144.1301,5635348.1122,2944411.2082
2024/02/14 04:53:00.00,460144.1343,5635348.1542,2944411.2109
2024/02/14 04:53:01.00,460150.5961,5635319.8216,2944412.3446
2024/02/14 04:53:02.00,460144.1399,5635348.1324,2944411.2201
2024/02/14 04:53:03.00,460150.5902,5635319.8209,2944412.3507
2024/02/14 04:53:04.00,460144.142,5635348.1206,2944411.2222
2024/02/14 04:53:05.00,460150.5903,5635319.8194,2944412.3392
2024/02/14 04:53:06.00,460144.1387,5635348.1162,2944411.2196
2024/02/14 04:53:07.00,460150.5909,5635319.8108,2944412.3369
2024/02/14 04:53:08.00,460144.142,5635348.1181,2944411.2258
2024/02/14 04:53:09.00,460150.589,5635319.7957,2944412.3332
2024/02/14 04:53:10.00,460144.1364,5635348.1518,2944411.2315
2024/02/14 04:53:11.00,460144.1445,5635348.1361,2944411.2264
2024/02/14 04:53:12.00,460144.1421,5635348.1451,2944411.222
2024/02/14 04:53:13.00,460144.1397,5635348.1308,2944411.226
2024/02/14 04:53:14.00,460144.1447,5635348.1247,2944411.2216
2024/02/14 04:53:15.00,460144.1489,5635348.1338,2944411.2315
2024/02/14 04:53:16.00,460144.142,5635348.141,2944411.2317
2024/02/14 04:53:17.00,460150.5744,5635319.7678,2944412.3059
2024/02/14 04:53:18.00,460150.579,5635319.7303,2944412.3157
2024/02/14 04:53:19.00,460144.1452,5635348.1337,2944411.2225
2024/02/14 04:53:20.00,460150.5841,5635319.7306,2944412.3091
2024/02/14 04:53:21.00,460144.1505,5635348.1178,2944411.2222
2024/02/14 04:53:22.00,460144.1451,5635348.1736,2944411.2275
2024/02/14 04:53:23.00,460150.5761,5635319.7483,2944412.3179
2024/02/14 04:53:24.00,460150.577,5635319.7221,2944412.3044
2024/02/14 04:53:25.00,460150.5679,5635319.7585,2944412.3152
2024/02/14 04:53:26.00,460144.1528,5635348.1643,2944411.2465
2024/02/14 04:53:27.00,460144.1515,5635348.1489,2944411.2324
2024/02/14 04:53:28.00,460144.1496,5635348.139,2944411.2332
2024/02/14 04:53:29.00,460144.1458,5635348.1682,2944411.2326
2024/02/14 04:53:30.00,460144.1438,5635348.1895,2944411.2282
2024/02/14 04:53:31.00,460144.1467,5635348.1897,2944411.2297
2024/02/14 04:53:32.00,460150.5776,5635319.6909,2944412.3029
2024/02/14 04:53:33.00,460144.1598,5635348.1512,2944411.2525
2024/02/14 04:53:34.00,460144.1595,5635348.1813,2944411.2404
2024/02/14 04:53:35.00,460144.1554,5635348.1742,2944411.2461
2024/02/14 04:53:36.00,460144.1569,5635348.1734,2944411.2441
2024/02/14 04:53:37.00,460150.5717,5635319.6844,2944412.2957
2024/02/14 04:53:38.00,460144.1584,5635348.1715,2944411.244
2024/02/14 04:53:39.00,460144.1508,5635348.209,2944411.2484
2024/02/14 04:53:40.00,460144.1534,5635348.1762,2944411.2462
2024/02/14 04:53:41.00,460144.1581,5635348.1872,2944411.2474
2024/02/14 04:53:42.00,460144.1538,5635348.2005,2944411.2423
2024/02/14 04:53:43.00,460144.1507,5635348.2152,2944411.2566
2024/02/14 04:53:44.00,460150.5676,5635319.6826,2944412.2943
2024/02/14 04:53:45.00,460150.566,5635319.6467,2944412.2906
2024/02/14 04:53:46.00,460144.1596,5635348.2311,2944411.2545
2024/02/14 04:53:47.00,460144.1567,5635348.2368,2944411.2562
2024/02/14 04:53:48.00,460144.1707,5635348.2075,2944411.2661
2024/02/14 04:53:49.00,460150.5571,5635319.6491,2944412.2921
2024/02/14 04:53:50.00,460150.565,5635319.6464,2944412.2809
2024/02/14 04:53:51.00,460144.1617,5635348.2311,2944411.2516
2024/02/14 04:53:52.00,460144.1541,5635348.2165,2944411.252
2024/02/14 04:53:53.00,460144.1568,5635348.2388,2944411.2597
2024/02/14 04:53:54.00,460144.1586,5635348.2243,2944411.2496
2024/02/14 04:53:55.00,460144.1606,5635348.2555,2944411.2536
2024/02/14 04:53:56.00,460144.1666,5635348.2253,2944411.2638
2024/02/14 04:53:57.00,460150.5579,5635319.6094,2944412.2739
2024/02/14 04:53:58.00,460144.1695,5635348.2422,2944411.2636
2024/02/14 04:53:59.00,460144.157,5635348.275,2944411.2654
2024/02/14 04:54:00.00,460144.1642,5635348.2317,2944411.2648
2024/02/14 04:54:01.00,460144.1611,5635348.2079,2944411.2641
2024/02/14 04:54:02.00,460144.1631,5635348.2445,2944411.27
2024/02/14 04:54:03.00,460144.1585,5635348.2622,2944411.2575
2024/02/14 04:54:04.00,460144.1669,5635348.2665,2944411.266
2024/02/14 04:54:05.00,460144.1687,5635348.251,2944411.2669
2024/02/14 04:54:06.00,460152.8713,5635342.4325,2944404.9984
2024/02/14 04:54:07.00,460152.8722,5635342.4827,2944404.9984
2024/02/14 04:54:08.00,460152.8775,5635342.4282,2944405.0035
2024/02/14 04:54:09.00,460144.1713,5635348.2423,2944411.2729
2024/02/14 04:54:10.00,460144.1789,5635348.2547,2944411.2724
2024/02/14 04:54:11.00,460152.8787,5635342.4768,2944405.0054
2024/02/14 04:54:12.00,460152.8776,5635342.4392,2944405.0107
2024/02/14 04:54:13.00,460152.881,5635342.4611,2944405.0087
2024/02/14 04:54:14.00,460152.8852,5635342.4605,2944405.0115
2024/02/14 04:54:15.00,460152.8761,5635342.4923,2944405.0116
2024/02/14 04:54:16.00,460144.167,5635348.2809,2944411.2826
2024/02/14 04:54:17.00,460144.1724,5635348.2887,2944411.2807
2024/02/14 04:54:18.00,460144.182,5635348.2631,2944411.2891
2024/02/14 04:54:19.00,460144.1792,5635348.2886,2944411.276
2024/02/14 04:54:20.00,460144.1893,5635348.2968,2944411.2859
2024/02/14 04:54:21.00,460144.1659,5635348.3239,2944411.2796
2024/02/14 04:54:22.00,460144.1782,5635348.2919,2944411.2896
2024/02/14 04:54:23.00,460144.1746,5635348.3037,2944411.2822
2024/02/14 04:54:24.00,460144.1727,5635348.283,2944411.2824
2024/02/14 04:54:25.00,460144.1789,5635348.3083,2944411.2833
2024/02/14 04:54:26.00,460144.1741,5635348.3198,2944411.2904
2024/02/14 04:54:27.00,460150.5418,5635319.571,2944412.256
2024/02/14 04:54:28.00,460150.5404,5635319.5246,2944412.2449
2024/02/14 04:54:29.00,460154.6249,5635318.5233,2944408.5115
2024/02/14 04:54:30.00,460144.1827,5635348.3001,2944411.2943
2024/02/14 04:54:31.00,460144.179,5635348.3235,2944411.2825
2024/02/14 04:54:32.00,460144.1818,5635348.324,2944411.2942
2024/02/14 04:54:33.00,460144.1817,5635348.3094,2944411.2903
2024/02/14 04:54:34.00,460144.1811,5635348.3128,2944411.2948
2024/02/14 04:54:35.00,460144.1768,5635348.3242,2944411.2839
2024/02/14 04:54:36.00,460152.9021,5635342.5356,2944405.0413
2024/02/14 04:54:37.00,460152.8966,5635342.5351,2944405.0419
2024/02/14 04:54:38.00,460152.8976,5635342.5868,2944405.0326
2024/02/14 04:54:39.00,460152.9006,5635342.5346,2944405.0349
2024/02/14 04:54:40.00,460144.179,5635348.3386,2944411.2983
2024/02/14 04:54:41.00,460144.1825,5635348.3325,2944411.3004
2024/02/14 04:54:42.00,460144.1802,5635348.2855,2944411.2975
2024/02/14 04:54:43.00,460144.1844,5635348.3218,2944411.3066
2024/02/14 04:54:44.00,460144.183,5635348.3171,2944411.2978
2024/02/14 04:54:45.00,460154.6111,5635318.558,2944408.5071
2024/02/14 04:54:46.00,460144.1911,5635348.3155,2944411.3044
2024/02/14 04:54:47.00,460144.1815,5635348.3505,2944411.3028
2024/02/14 04:54:48.00,460144.1821,5635348.3531,2944411.2972
2024/02/14 04:54:49.00,460144.1871,5635348.3576,2944411.3118
2024/02/14 04:54:50.00,460144.1879,5635348.3201,2944411.3016
2024/02/14 04:54:51.00,460148.5502,5635295.9413,2944396.6233
2024/02/14 04:54:52.00,460144.1925,5635348.3048,2944411.3098
2024/02/14 04:54:53.00,460148.5444,5635295.9764,2944396.6235
2024/02/14 04:54:54.00,460148.5442,5635295.9933,2944396.6254
2024/02/14 04:54:55.00,460148.5515,5635295.9741,2944396.6184
2024/02/14 04:54:56.00,460144.1918,5635348.3481,2944411.3066
2024/02/14 04:54:57.00,460144.191,5635348.3885,2944411.319
2024/02/14 04:54:58.00,460144.1891,5635348.367,2944411.3115
2024/02/14 04:54:59.00,460144.1888,5635348.3842,2944411.3061
2024/02/14 04:55:00.00,460154.6052,5635318.4982,2944408.476
2024/02/14 04:55:01.00,460154.6046,5635318.4748,2944408.4788
2024/02/14 04:55:02.00,460144.1873,5635348.3999,2944411.3058
2024/02/14 04:55:03.00,460144.1967,5635348.3715,2944411.3162
2024/02/14 04:55:04.00,460154.6013,5635318.462,2944408.4813
2024/02/14 04:55:05.00,460144.1922,5635348.3862,2944411.3129
2024/02/14 04:55:06.00,460148.54,5635295.9509,2944396.6122
2024/02/14 04:55:07.00,460154.5923,5635318.4942,2944408.4876
2024/02/14 04:55:08.00,460144.1913,5635348.3823,2944411.3168
2024/02/14 04:55:09.00,460154.5988,5635318.4668,2944408.4834
2024/02/14 04:55:10.00,460144.1957,5635348.3752,2944411.3253
2024/02/14 04:55:11.00,460144.2002,5635348.3768,2944411.326
2024/02/14 04:55:12.00,460144.1854,5635348.361,2944411.3116
2024/02/14 04:55:13.00,460144.1969,5635348.3726,2944411.3187
2024/02/14 04:55:14.00,460144.2026,5635348.3613,2944411.3132
2024/02/14 04:55:15.00,460144.1953,5635348.3978,2944411.3233
2024/02/14 04:55:16.00,460154.5627,5635318.4272,2944408.5019
2024/02/14 04:55:17.00,460154.4064,5635318.3582,2944408.7268
2024/02/14 04:55:18.00,460153.9278,5635318.0411,2944409.3017
2024/02/14 04:55:19.00,460153.2627,5635317.6504,2944410.0749
2024/02/14 04:55:20.00,460142.3041,5635347.246,2944413.6961
2024/02/14 04:55:21.00,460141.7126,5635346.8913,2944414.4265
2024/02/14 04:55:22.00,460141.0386,5635346.457,2944415.2215
2024/02/14 04:55:23.00,460140.3158,5635346.017,2944416.1522
2024/02/14 04:55:24.00,460139.553,5635345.6714,2944417.1081
2024/02/14 04:55:25.00,460138.7543,5635345.0912,2944418.0846
2024/02/14 04:55:26.00,460137.7786,5635344.5859,2944419.2778
2024/02/14 04:55:27.00,460136.6542,5635343.932,2944420.5619
2024/02/14 04:55:28.00,460135.5155,5635343.4283,2944421.8507
2024/02/14 04:55:29.00,460134.4026,5635342.7756,2944423.1114
2024/02/14 04:55:30.00,460133.2226,5635342.178,2944424.4129
2024/02/14 04:55:31.00,460142.3082,5635311.6015,2944422.9605
2024/02/14 04:55:32.00,460130.5481,5635340.8687,2944427.4746
2024/02/14 04:55:33.00,460128.967,5635340.0079,2944429.2239
2024/02/14 04:55:34.00,460127.2929,5635339.1329,2944431.1434
2024/02/14 04:55:35.00,460125.4816,5635338.1419,2944433.1507
2024/02/14 04:55:36.00,460123.55,5635337.1442,2944435.3365
2024/02/14 04:55:37.00,460121.5888,5635336.0286,2944437.5146
2024/02/14 04:55:38.00,460119.4784,5635334.9565,2944439.874
2024/02/14 04:55:39.00,460117.0137,5635333.6089,2944442.5808
2024/02/14 04:55:40.00,460114.1176,5635332.2531,2944445.5897
2024/02/14 04:55:41.00,460110.9535,5635330.7247,2944448.86
2024/02/14 04:55:42.00,460107.4532,5635329.2042,2944452.4072
2024/02/14 04:55:43.00,460113.8351,5635297.2924,2944453.4058
2024/02/14 04:55:44.00,460099.0203,5635325.3692,2944460.5519
2024/02/14 04:55:45.00,460095.9439,5635326.9343,2944461.285
2024/02/14 04:55:46.00,460100.2676,5635291.3235,2944466.3606
2024/02/14 04:55:47.00,460086.3218,5635322.8207,2944470.38
2024/02/14 04:55:48.00,460089.9232,5635287.0888,2944475.9015
2024/02/14 04:55:49.00,460084.2953,5635284.7797,2944480.7298
2024/02/14 04:55:50.00,460078.6389,5635282.7985,2944485.3943
2024/02/14 04:55:51.00,460064.1876,5635314.4637,2944489.0322
2024/02/14 04:55:52.00,460057.3828,5635309.2011,2944496.6686
2024/02/14 04:55:53.00,460054.9126,5635251.3556,2944489.3997
2024/02/14 04:55:54.00,460046.6366,5635305.7922,2944504.4137
2024/02/14 04:55:55.00,460041.1946,5635304.2216,2944508.2098
2024/02/14 04:55:56.00,460037.9855,5635274.7115,2944514.8691
2024/02/14 04:55:57.00,460031.2302,5635304.3507,2944512.4782
2024/02/14 04:55:58.00,460026.171,5635271.3143,2944522.683
2024/02/14 04:55:59.00,460019.9184,5635269.6156,2944526.6636
2024/02/14 04:56:00.00,460012.3693,5635299.3444,2944524.4145
2024/02/14 04:56:01.00,460005.3907,5635297.7097,2944528.4855
2024/02/14 04:56:02.00,459998.0707,5635296.0314,2944532.54
2024/02/14 04:56:03.00,459990.4574,5635294.3888,2944536.6253
2024/02/14 04:56:04.00,459982.5954,5635292.7744,2944540.7763
2024/02/14 04:56:05.00,459975.4151,5635259.7481,2944551.2382
2024/02/14 04:56:06.00,459967.1194,5635258.1047,2944555.4549
2024/02/14 04:56:07.00,459958.7,5635256.3558,2944559.8
2024/02/14 04:56:08.00,459950.1621,5635254.6213,2944564.2735
2024/02/14 04:56:09.00,459942.0636,5635224.6451,2944554.8253
2024/02/14 04:56:10.00,459932.7381,5635251.0329,2944573.3628
2024/02/14 04:56:11.00,459923.7817,5635249.2686,2944577.8966
2024/02/14 04:56:12.00,459914.7161,5635247.5561,2944582.4203
2024/02/14 04:56:13.00,459906.0776,5635217.5593,2944573.0928
2024/02/14 04:56:14.00,459896.38,5635243.8363,2944591.8963
2024/02/14 04:56:15.00,459887.0912,5635241.9511,2944596.7901
2024/02/14 04:56:16.00,459876.7219,5635271.498,2944595.4196
2024/02/14 04:56:17.00,459868.092,5635238.1008,2944606.5941
2024/02/14 04:56:18.00,459858.9681,5635207.9669,2944597.4935
2024/02/14 04:56:19.00,459848.7056,5635234.2958,2944616.3633
2024/02/14 04:56:20.00,459838.8527,5635232.3824,2944621.2936
2024/02/14 04:56:21.00,459829.0146,5635230.475,2944626.2189
2024/02/14 04:56:22.00,459819.2857,5635228.6082,2944631.1588
2024/02/14 04:56:23.00,459809.7478,5635226.6822,2944636.0954
2024/02/14 04:56:24.00,459800.2713,5635224.6767,2944641.0828
2024/02/14 04:56:25.00,459791.2107,5635194.4874,2944632.1357
2024/02/14 04:56:26.00,459788.3381,5635211.6794,2944648.4968
2024/02/14 04:56:27.00,459778.596,5635209.6634,2944653.6051
2024/02/14 04:56:28.00,459761.4655,5635216.922,2944661.4371
2024/02/14 04:56:29.00,459759.0316,5635205.8342,2944663.8639
2024/02/14 04:56:30.00,459749.2713,5635203.9253,2944668.8897
2024/02/14 04:56:31.00,459739.6348,5635202.1837,2944673.7699
2024/02/14 04:56:32.00,459722.8822,5635209.5235,2944681.3222
2024/02/14 04:56:33.00,459713.4933,5635207.7471,2944686.158
2024/02/14 04:56:34.00,459711.4249,5635196.7493,2944688.3418
2024/02/14 04:56:35.00,459702.0585,5635194.8252,2944693.2931
2024/02/14 04:56:36.00,459692.7907,5635193.047,2944698.2341
2024/02/14 04:56:37.00,459683.5702,5635191.164,2944703.0873
2024/02/14 04:56:38.00,459666.9777,5635198.5259,2944710.614
2024/02/14 04:56:39.00,459657.7164,5635196.723,2944715.3912
2024/02/14 04:56:40.00,459649.1005,5635166.7726,2944706.0773
2024/02/14 04:56:41.00,459646.9924,5635184.1645,2944721.9588
2024/02/14 04:56:42.00,459630.9745,5635191.6421,2944729.1427
2024/02/14 04:56:43.00,459622.4914,5635189.9778,2944733.5602
2024/02/14 04:56:44.00,459621.5248,5635179.1421,2944735.1288
2024/02/14 04:56:45.00,459613.4376,5635177.6468,2944739.3068
2024/02/14 04:56:46.00,459598.245,5635185.2987,2944746.1079
2024/02/14 04:56:47.00,459597.943,5635174.604,2944747.4011
2024/02/14 04:56:48.00,459590.5968,5635173.1561,2944751.2512
2024/02/14 04:56:49.00,459584.0216,5635171.7794,2944754.7538
2024/02/14 04:56:50.00,459578.4411,5635170.631,2944757.7946
2024/02/14 04:56:51.00,459573.2182,5635169.6448,2944760.4657
2024/02/14 04:56:52.00,459568.4012,5635168.8172,2944762.8102
2024/02/14 04:56:53.00,459564.091,5635168.1159,2944764.6872
2024/02/14 04:56:54.00,459560.9381,5635167.8189,2944765.8327
2024/02/14 04:56:55.00,459551.7173,5635176.8686,2944769.062
2024/02/14 04:56:56.00,459550.3982,5635176.7362,2944769.4205
2024/02/14 04:56:57.00,459549.3782,5635176.6627,2944769.6948
2024/02/14 04:56:58.00,459555.5695,5635167.5525,2944767.2533
2024/02/14 04:56:59.00,459546.4947,5635176.7092,2944770.2762
2024/02/14 04:57:00.00,459551.7115,5635167.5989,2944767.9572
2024/02/14 04:57:01.00,459549.333,5635167.512,2944768.5225
2024/02/14 04:57:02.00,459546.5597,5635167.6026,2944768.8731
2024/02/14 04:57:03.00,459543.2583,5635167.555,2944769.703
2024/02/14 04:57:04.00,459539.675,5635167.0707,2944771.1594
2024/02/14 04:57:05.00,459535.9952,5635166.5016,2944772.7478
2024/02/14 04:57:06.00,459532.4771,5635166.0462,2944774.317
2024/02/14 04:57:07.00,459528.8129,5635165.4309,2944776.0127
2024/02/14 04:57:08.00,459524.7164,5635164.6929,2944777.9928
2024/02/14 04:57:09.00,459520.0697,5635163.8707,2944780.3596
2024/02/14 04:57:10.00,459514.8226,5635162.7623,2944783.1527
2024/02/14 04:57:11.00,459509.0842,5635161.5965,2944786.2775
2024/02/14 04:57:12.00,459503.0522,5635160.2908,2944789.6088
2024/02/14 04:57:13.00,459496.9821,5635159.0161,2944792.9229
2024/02/14 04:57:14.00,459490.9189,5635157.776,2944796.2301
2024/02/14 04:57:15.00,459484.581,5635156.4472,2944799.6279
2024/02/14 04:57:16.00,459477.9305,5635155.1412,2944803.1431
2024/02/14 04:57:17.00,459470.9711,5635153.8203,2944806.8221
2024/02/14 04:57:19.00,459454.8978,5635169.262,2944801.9418
2024/02/14 04:57:20.00,459440.5185,5635161.4645,2944816.123
2024/02/14 04:57:21.00,459433.0235,5635167.1001,2944813.6146
2024/02/14 04:57:22.00,459423.9053,5635165.3863,2944818.3639
2024/02/14 04:57:23.00,459414.4032,5635163.507,2944823.3756
2024/02/14 04:57:24.00,459404.9111,5635161.6055,2944828.4124
2024/02/14 04:57:25.00,459394.6722,5635152.5314,2944836.4542
2024/02/14 04:57:26.00,459385.7327,5635157.63,2944838.8379
2024/02/14 04:57:27.00,459376.0467,5635155.5064,2944844.3807
2024/02/14 04:57:28.00,459366.3894,5635153.2355,2944850.2152
2024/02/14 04:57:29.00,459356.8431,5635150.7177,2944856.3649
2024/02/14 04:57:30.00,459347.4293,5635148.1204,2944862.6591
2024/02/14 04:57:31.00,459338.1147,5635145.4736,2944868.9954
2024/02/14 04:57:32.00,459328.931,5635142.8605,2944875.4097
2024/02/14 04:57:33.00,459319.969,5635140.137,2944881.8335
2024/02/14 04:57:34.00,459311.2273,5635137.4878,2944888.4356
2024/02/14 04:57:35.00,459302.6566,5635134.5825,2944895.156
2024/02/14 04:57:36.00,459294.2756,5635131.6454,2944902.0294
2024/02/14 04:57:37.00,459286.0594,5635128.6067,2944909.0195
2024/02/14 04:57:38.00,459277.9521,5635125.4859,2944916.2193
2024/02/14 04:57:39.00,459269.9291,5635122.2215,2944923.6513
2024/02/14 04:57:40.00,459261.8773,5635118.7772,2944931.2433
2024/02/14 04:57:41.00,459253.8022,5635115.4141,2944938.992
2024/02/14 04:57:42.00,459245.7335,5635111.966,2944946.6772
2024/02/14 04:57:43.00,459237.7677,5635108.5965,2944954.3767
2024/02/14 04:57:44.00,459229.8654,5635105.2086,2944962.0395
2024/02/14 04:57:45.00,459221.9832,5635101.7783,2944969.7382
2024/02/14 04:57:46.00,459214.0756,5635098.352,2944977.4959
2024/02/14 04:57:47.00,459206.0891,5635094.9502,2944985.3086
2024/02/14 04:57:48.00,459203.5254,5635106.8105,2945007.7175
2024/02/14 04:57:49.00,459190.4145,5635088.2504,2945000.5434
2024/02/14 04:57:50.00,459182.8284,5635085.0667,2945007.9803
2024/02/14 04:57:51.00,459175.4341,5635081.8915,2945015.2776
2024/02/14 04:57:52.00,459168.0897,5635078.6631,2945022.5289
2024/02/14 04:57:53.00,459160.8023,5635075.4988,2945029.705
2024/02/14 04:57:54.00,459153.5924,5635072.4459,2945036.7259
2024/02/14 04:57:55.00,459146.5102,5635069.3901,2945043.6146
2024/02/14 04:57:56.00,459139.5632,5635066.4293,2945050.3742
2024/02/14 04:57:57.00,459132.8309,5635063.4661,2945056.9202
2024/02/14 04:57:58.00,459126.3537,5635060.6416,2945063.2595
2024/02/14 04:57:59.00,459120.0318,5635057.8056,2945069.5341
2024/02/14 04:58:00.00,459113.7355,5635055.0615,2945075.6948
2024/02/14 04:58:01.00,459107.493,5635052.3521,2945081.7116
2024/02/14 04:58:02.00,459101.3649,5635049.7429,2945087.6869
2024/02/14 04:58:03.00,459095.219,5635047.0861,2945093.6425
2024/02/14 04:58:04.00,459089.0337,5635044.567,2945099.6681
2024/02/14 04:58:05.00,459082.8571,5635042.0444,2945105.7342
2024/02/14 04:58:06.00,459076.711,5635039.518,2945111.8342
2024/02/14 04:58:07.00,459070.5622,5635037.0989,2945117.927
2024/02/14 04:58:08.00,459064.477,5635034.619,2945123.9916
2024/02/14 04:58:09.00,459058.4737,5635032.2411,2945130.0426
2024/02/14 04:58:10.00,459052.6188,5635029.8259,2945136.0761
2024/02/14 04:58:11.00,459046.9165,5635027.495,2945142.0854
2024/02/14 04:58:12.00,459041.3699,5635025.2368,2945147.9273
2024/02/14 04:58:13.00,459035.9775,5635023.0677,2945153.4463
2024/02/14 04:58:14.00,459030.5396,5635021.0416,2945158.8637
2024/02/14 04:58:15.00,459023.5963,5635015.2374,2945167.8032
2024/02/14 04:58:16.00,459019.46,5635016.8408,2945169.8389
2024/02/14 04:58:17.00,459013.799,5635014.7422,2945175.4386
2024/02/14 04:58:18.00,459008.0304,5635012.5973,2945181.0818
2024/02/14 04:58:19.00,459000.7696,5635006.6501,2945190.2979
2024/02/14 04:58:20.00,458996.3257,5635008.1332,2945192.6479
2024/02/14 04:58:21.00,458990.3614,5635005.8652,2945198.553
2024/02/14 04:58:22.00,458984.3095,5635003.5358,2945204.5228
2024/02/14 04:58:23.00,458976.6956,5634997.527,2945213.9851
2024/02/14 04:58:24.00,458971.8462,5634999.0155,2945216.5018
2024/02/14 04:58:25.00,458965.4184,5634996.7824,2945222.4719
2024/02/14 04:58:26.00,458957.4558,5634990.8632,2945231.8761
2024/02/14 04:58:27.00,458952.2573,5634992.4362,2945234.3051
2024/02/14 04:58:28.00,458943.9971,5634986.5028,2945243.6167
2024/02/14 04:58:29.00,458937.0466,5634984.3879,2945249.4401
2024/02/14 04:58:30.00,458931.4835,5634986.0831,2945251.8013
2024/02/14 04:58:31.00,458922.8895,5634980.2809,2945261.0498
2024/02/14 04:58:32.00,458917.0915,5634982.0338,2945263.3197
2024/02/14 04:58:33.00,458909.6796,5634980.0165,2945268.9402
2024/02/14 04:58:34.00,458902.1225,5634978.2697,2945274.4563
2024/02/14 04:58:35.00,458894.4549,5634976.3808,2945279.8498
2024/02/14 04:58:36.00,458886.7344,5634974.6433,2945285.2527
2024/02/14 04:58:37.00,458878.991,5634972.8374,2945290.6043
2024/02/14 04:58:38.00,458871.2009,5634971.1717,2945295.968
2024/02/14 04:58:39.00,458863.362,5634969.4558,2945301.2338
2024/02/14 04:58:40.00,458855.596,5634967.7919,2945306.2851
2024/02/14 04:58:41.00,458847.9259,5634966.2684,2945311.2028
2024/02/14 04:58:42.00,458840.2536,5634964.705,2945316.1207
2024/02/14 04:58:43.00,458832.562,5634963.0839,2945321.0406
2024/02/14 04:58:44.00,458823.4317,5634957.6377,2945329.5129
2024/02/14 04:58:45.00,458817.2724,5634959.6721,2945331.2531
2024/02/14 04:58:46.00,458809.7015,5634957.7984,2945336.5721
2024/02/14 04:58:47.00,458802.0148,5634955.8819,2945341.8858
2024/02/14 04:58:48.00,458794.1876,5634954.0069,2945347.1918
2024/02/14 04:58:49.00,458786.2094,5634952.1103,2945352.4297
2024/02/14 04:58:50.00,458778.0896,5634950.2387,2945357.6893
2024/02/14 04:58:51.00,458769.8754,5634948.4105,2945362.9906
2024/02/14 04:58:52.00,458761.6003,5634946.3978,2945368.385
2024/02/14 04:58:53.00,458753.2245,5634944.4272,2945373.8431
2024/02/14 04:58:54.00,458744.6958,5634942.4758,2945379.3049
2024/02/14 04:58:55.00,458736.0705,5634940.3594,2945384.7973
2024/02/14 04:58:56.00,458727.4295,5634938.253,2945390.2911
2024/02/14 04:58:57.00,458718.8145,5634936.2165,2945395.7782
2024/02/14 04:58:58.00,458710.2638,5634933.9893,2945401.3048
2024/02/14 04:58:59.00,458701.63,5634931.8738,2945406.7832
2024/02/14 04:59:00.00,458692.9356,5634929.8152,2945412.1959
2024/02/14 04:59:01.00,458684.2601,5634927.6777,2945417.6057
2024/02/14 04:59:02.00,458675.5986,5634925.521,2945423.0428
2024/02/14 04:59:03.00,458667.0139,5634923.3737,2945428.4652
2024/02/14 04:59:04.00,458658.614,5634921.2798,2945433.816
2024/02/14 04:59:05.00,458650.4026,5634919.2624,2945439.0402
2024/02/14 04:59:06.00,458642.3573,5634917.3249,2945444.1584
2024/02/14 04:59:07.00,458634.3805,5634915.1874,2945449.3125
2024/02/14 04:59:08.00,458626.4404,5634913.1053,2945454.5256
2024/02/14 04:59:09.00,458618.5645,5634911.0347,2945459.7062
2024/02/14 04:59:10.00,458610.795,5634909.0225,2945464.894
2024/02/14 04:59:11.00,458603.134,5634906.9919,2945469.9209
2024/02/14 04:59:12.00,458594.0771,5634901.1988,2945478.2006
2024/02/14 04:59:13.00,458588.0319,5634903.2606,2945479.5712
2024/02/14 04:59:14.00,458580.4994,5634901.4328,2945484.2827
2024/02/14 04:59:15.00,458573.072,5634899.6051,2945488.9183
2024/02/14 04:59:16.00,458565.8061,5634897.8492,2945493.4475
2024/02/14 04:59:17.00,458558.722,5634896.1806,2945497.8176
2024/02/14 04:59:18.00,458551.8663,5634894.4774,2945502.0823
2024/02/14 04:59:20.00,458542.1257,5634884.7807,2945517.5467
2024/02/14 04:59:21.00,458534.2433,5634886.2046,2945518.5137
2024/02/14 04:59:22.00,458532.5629,5634872.8046,2945521.3323
2024/02/14 04:59:23.00,458526.7233,5634871.2885,2945525.1244
2024/02/14 04:59:24.00,458521.2089,5634869.9367,2945528.657
2024/02/14 04:59:25.00,458516.2281,5634868.7239,2945531.8494
2024/02/14 04:59:26.00,458511.7947,5634867.5844,2945534.6798
2024/02/14 04:59:27.00,458507.952,5634866.5998,2945537.1771
2024/02/14 04:59:28.00,458504.6899,5634865.7246,2945539.295
2024/02/14 04:59:29.00,458501.9364,5634865.128,2945541.0703
2024/02/14 04:59:30.00,458499.4712,5634864.4714,2945542.6864
2024/02/14 04:59:31.00,458497.2258,5634863.9607,2945544.146
2024/02/14 04:59:32.00,458495.2395,5634863.3784,2945545.5109
2024/02/14 04:59:33.00,458493.505,5634862.8045,2945546.7523
2024/02/14 04:59:34.00,458485.4415,5634868.2019,2945549.9903
2024/02/14 04:59:35.00,458484.3508,5634867.8895,2945550.6827
2024/02/14 04:59:36.00,458490.2893,5634861.9739,2945548.9172
2024/02/14 04:59:37.00,458490.2175,5634861.9806,2945548.9877
2024/02/14 04:59:38.00,458483.6324,5634867.7574,2945551.1596
2024/02/14 04:59:39.00,458484.7921,5634848.3528,2945556.6041
2024/02/14 04:59:40.00,458484.7922,5634848.3273,2945556.6087
2024/02/14 04:59:41.00,458484.7966,5634848.347,2945556.6079
2024/02/14 04:59:42.00,458484.7904,5634848.349,2945556.6064
2024/02/14 04:59:43.00,458484.79,5634848.3366,2945556.593
2024/02/14 04:59:44.00,458484.7916,5634848.3181,2945556.589
2024/02/14 04:59:45.00,458484.7848,5634848.3073,2945556.5999
2024/02/14 04:59:46.00,458490.2194,5634861.9691,2945548.9695
2024/02/14 04:59:47.00,458483.6341,5634867.757,2945551.1654
2024/02/14 04:59:48.00,458483.6422,5634867.714,2945551.1644
2024/02/14 04:59:49.00,458484.7861,5634848.326,2945556.6049
2024/02/14 04:59:50.00,458484.7786,5634848.2569,2945556.5742
2024/02/14 04:59:51.00,458484.7761,5634848.2857,2945556.5832
2024/02/14 04:59:52.00,458490.2189,5634861.9502,2945548.9684
2024/02/14 04:59:53.00,458490.2191,5634861.9285,2945548.9673
2024/02/14 04:59:54.00,458484.7759,5634848.2419,2945556.5678
2024/02/14 04:59:55.00,458484.7736,5634848.2859,2945556.5797
2024/02/14 04:59:56.00,458484.772,5634848.2514,2945556.5814
2024/02/14 04:59:57.00,458484.7731,5634848.2671,2945556.557
2024/02/14 04:59:58.00,458484.7689,5634848.2231,2945556.5739
2024/02/14 04:59:59.00,458484.7669,5634848.2112,2945556.5704
2024/02/14 05:00:00.00,458484.7648,5634848.2261,2945556.5667
2024/02/14 05:00:01.00,458484.7644,5634848.1873,2945556.561
2024/02/14 05:00:02.00,458484.767,5634848.2222,2945556.5716
2024/02/14 05:00:03.00,458484.7627,5634848.253,2945556.5542
2024/02/14 05:00:04.00,458484.7603,5634848.1967,2945556.5583
2024/02/14 05:00:05.00,458484.7583,5634848.2057,2945556.5484
2024/02/14 05:00:06.00,458484.7528,5634848.203,2945556.5515
2024/02/14 05:00:07.00,458484.7561,5634848.1655,2945556.5554
2024/02/14 05:00:08.00,458484.7507,5634848.1995,2945556.5438
2024/02/14 05:00:09.00,458484.7529,5634848.1705,2945556.546
2024/02/14 05:00:10.00,458484.7546,5634848.1623,2945556.5402
2024/02/14 05:00:11.00,458484.7513,5634848.131,2945556.534
2024/02/14 05:00:12.00,458484.7547,5634848.1137,2945556.5452
2024/02/14 05:00:13.00,458484.7533,5634848.1351,2945556.5391
2024/02/14 05:00:14.00,458484.749,5634848.1306,2945556.541
2024/02/14 05:00:15.00,458484.7449,5634848.1532,2945556.5345
2024/02/14 05:00:16.00,458484.7387,5634848.1308,2945556.5287
2024/02/14 05:00:17.00,458484.7485,5634848.0962,2945556.5256
2024/02/14 05:00:18.00,458484.7422,5634848.1085,2945556.5309
2024/02/14 05:00:19.00,458484.741,5634848.0958,2945556.5218
2024/02/14 05:00:20.00,458484.7397,5634848.0998,2945556.5156
2024/02/14 05:00:21.00,458484.7427,5634848.0993,2945556.5228
2024/02/14 05:00:22.00,458484.7353,5634848.1088,2945556.5217
2024/02/14 05:00:23.00,458484.7315,5634848.1023,2945556.5097
2024/02/14 05:00:24.00,458484.7316,5634848.0727,2945556.524
2024/02/14 05:00:25.00,458484.7367,5634848.1115,2945556.5225
2024/02/14 05:00:26.00,458484.7375,5634848.101,2945556.5078
2024/02/14 05:00:27.00,458484.7367,5634848.0536,2945556.5002
2024/02/14 05:00:28.00,458484.733,5634848.0593,2945556.5064
2024/02/14 05:00:29.00,458484.735,5634848.0503,2945556.4981
2024/02/14 05:00:30.00,458484.7332,5634848.0544,2945556.5006
2024/02/14 05:00:31.00,458484.7264,5634848.0403,2945556.4959
2024/02/14 05:00:32.00,458484.7361,5634848.0612,2945556.5042
2024/02/14 05:00:33.00,458484.7254,5634848.0362,2945556.4963
2024/02/14 05:00:34.00,458484.7236,5634848.0353,2945556.4844
2024/02/14 05:00:35.00,458484.7287,5634848.0109,2945556.4833
2024/02/14 05:00:36.00,458484.7257,5634847.9766,2945556.4796
2024/02/14 05:00:37.00,458484.7197,5634848.0262,2945556.4888
2024/02/14 05:00:38.00,458484.7211,5634848.0048,2945556.4894
2024/02/14 05:00:39.00,458484.7172,5634848.0207,2945556.469
2024/02/14 05:00:40.00,458484.7166,5634847.9625,2945556.4772
2024/02/14 05:00:41.00,458484.7153,5634847.9853,2945556.478
2024/02/14 05:00:42.00,458484.7157,5634847.9515,2945556.4776
2024/02/14 05:00:43.00,458484.7138,5634847.9412,2945556.4604
2024/02/14 05:00:44.00,458484.7172,5634847.9562,2945556.4766
2024/02/14 05:00:45.00,458484.7038,5634847.9337,2945556.4693
2024/02/14 05:00:46.00,458484.7087,5634847.9633,2945556.4728
2024/02/14 05:00:47.00,458484.713,5634847.9375,2945556.4631
2024/02/14 05:00:48.00,458484.7049,5634847.9076,2945556.4566
2024/02/14 05:00:49.00,458484.7086,5634847.9428,2945556.4572
2024/02/14 05:00:50.00,458484.6998,5634847.9157,2945556.458
2024/02/14 05:00:51.00,458484.697,5634847.9415,2945556.454
2024/02/14 05:00:52.00,458484.6949,5634847.9572,2945556.4635
2024/02/14 05:00:53.00,458485.4967,5634855.5341,2945553.6801
2024/02/14 05:00:54.00,458485.4883,5634855.4903,2945553.6721
2024/02/14 05:00:55.00,458485.4872,5634855.5187,2945553.6726
2024/02/14 05:00:56.00,458484.7005,5634847.8457,2945556.4443
2024/02/14 05:00:57.00,458485.4833,5634855.5037,2945553.6638
2024/02/14 05:00:58.00,458485.494,5634855.4957,2945553.6759
2024/02/14 05:00:59.00,458485.491,5634855.4534,2945553.6681
2024/02/14 05:01:00.00,458485.4885,5634855.4851,2945553.6697
2024/02/14 05:01:01.00,458485.4827,5634855.4869,2945553.6636
2024/02/14 05:01:02.00,458485.4855,5634855.4296,2945553.655
2024/02/14 05:01:03.00,458485.4908,5634855.4279,2945553.6636
2024/02/14 05:01:04.00,458484.6912,5634847.8524,2945556.4231
2024/02/14 05:01:05.00,458485.4871,5634855.456,2945553.662
2024/02/14 05:01:06.00,458485.4733,5634855.4479,2945553.659
2024/02/14 05:01:07.00,458485.4834,5634855.4229,2945553.6496
2024/02/14 05:01:08.00,458485.4806,5634855.438,2945553.6418
2024/02/14 05:01:09.00,458485.4781,5634855.4955,2945553.6541
2024/02/14 05:01:10.00,458485.4831,5634855.4507,2945553.6605
2024/02/14 05:01:11.00,458485.4843,5634855.4641,2945553.651
2024/02/14 05:01:12.00,458485.479,5634855.4346,2945553.6552
2024/02/14 05:01:13.00,458485.4781,5634855.4066,2945553.6407
2024/02/14 05:01:14.00,458485.4774,5634855.4759,2945553.6562
2024/02/14 05:01:15.00,458485.4719,5634855.4252,2945553.6462
2024/02/14 05:01:16.00,458485.4771,5634855.4707,2945553.6539
2024/02/14 05:01:17.00,458485.4734,5634855.4419,2945553.6401
2024/02/14 05:01:18.00,458485.4782,5634855.4144,2945553.6446
2024/02/14 05:01:19.00,458485.4758,5634855.4331,2945553.6497
2024/02/14 05:01:20.00,458485.4719,5634855.388,2945553.6453
2024/02/14 05:01:21.00,458485.4706,5634855.4161,2945553.6462
2024/02/14 05:01:22.00,458485.471,5634855.3977,2945553.631
2024/02/14 05:01:23.00,458485.4662,5634855.3993,2945553.6351
2024/02/14 05:01:24.00,458486.1906,5634851.8128,2945553.0381
2024/02/14 05:01:25.00,458485.476,5634855.4096,2945553.6335
2024/02/14 05:01:26.00,458485.4761,5634855.3819,2945553.6292
2024/02/14 05:01:27.00,458485.4723,5634855.3728,2945553.6302
2024/02/14 05:01:28.00,458485.4694,5634855.3749,2945553.6412
2024/02/14 05:01:29.00,458485.4694,5634855.403,2945553.6404
2024/02/14 05:01:30.00,458485.4602,5634855.4205,2945553.6304
2024/02/14 05:01:31.00,458486.1744,5634851.8255,2945553.0249
2024/02/14 05:01:32.00,458486.1831,5634851.8126,2945553.0243
2024/02/14 05:01:33.00,458486.1801,5634851.797,2945553.0249
2024/02/14 05:01:34.00,458485.4686,5634855.3569,2945553.6235
2024/02/14 05:01:35.00,458485.459,5634855.3914,2945553.6202
2024/02/14 05:01:36.00,458485.4552,5634855.3273,2945553.6179
2024/02/14 05:01:37.00,458486.1767,5634851.7769,2945553.0143
2024/02/14 05:01:38.00,458486.1811,5634851.7618,2945553.0125
2024/02/14 05:01:39.00,458486.1819,5634851.7835,2945553.0013
2024/02/14 05:01:40.00,458485.4547,5634855.3493,2945553.6224
2024/02/14 05:01:41.00,458485.4429,5634855.3492,2945553.6076
2024/02/14 05:01:42.00,458485.4536,5634855.3413,2945553.6141
2024/02/14 05:01:43.00,458486.1687,5634851.7689,2945552.998
2024/02/14 05:01:44.00,458485.4548,5634855.3124,2945553.6138
2024/02/14 05:01:45.00,458486.1706,5634851.7632,2945553.0035
2024/02/14 05:01:46.00,458486.1674,5634851.7566,2945553.0003
2024/02/14 05:01:47.00,458486.164,5634851.7445,2945552.9997
2024/02/14 05:01:48.00,458486.1615,5634851.7455,2945552.9889
2024/02/14 05:01:49.00,458486.1622,5634851.6996,2945552.9911
2024/02/14 05:01:50.00,458486.1636,5634851.723,2945552.9947
2024/02/14 05:01:51.00,458486.166,5634851.6769,2945552.9829
2024/02/14 05:01:52.00,458486.1579,5634851.7274,2945552.9904
2024/02/14 05:01:53.00,458486.1574,5634851.7337,2945552.9907
2024/02/14 05:01:54.00,458486.1528,5634851.6813,2945552.9794
2024/02/14 05:01:55.00,458486.1555,5634851.6754,2945552.984
2024/02/14 05:01:56.00,458486.147,5634851.7162,2945552.9816
2024/02/14 05:01:57.00,458486.151,5634851.7292,2945552.9805
2024/02/14 05:01:58.00,458485.4391,5634855.2502,2945553.5878
2024/02/14 05:01:59.00,458486.156,5634851.6461,2945552.976
2024/02/14 05:02:00.00,458486.1506,5634851.6771,2945552.9714
2024/02/14 05:02:01.00,458486.1531,5634851.6225,2945552.9736
2024/02/14 05:02:02.00,458486.1484,5634851.6536,2945552.9636
2024/02/14 05:02:03.00,458486.1435,5634851.6697,2945552.9731
2024/02/14 05:02:04.00,458486.1507,5634851.629,2945552.9658
2024/02/14 05:02:05.00,458486.1475,5634851.6036,2945552.9654
2024/02/14 05:02:06.00,458486.1464,5634851.6674,2945552.9649
2024/02/14 05:02:07.00,458486.1392,5634851.6628,2945552.9556
2024/02/14 05:02:08.00,458486.1442,5634851.5953,2945552.9555
2024/02/14 05:02:09.00,458486.1441,5634851.6199,2945552.9626
2024/02/14 05:02:10.00,458486.135,5634851.6138,2945552.9508
2024/02/14 05:02:11.00,458486.1393,5634851.5677,2945552.9581
2024/02/14 05:02:12.00,458486.1365,5634851.6248,2945552.9669
2024/02/14 05:02:13.00,458486.1377,5634851.6273,2945552.9568
2024/02/14 05:02:14.00,458486.1344,5634851.5753,2945552.9527
2024/02/14 05:02:15.00,458486.131,5634851.5658,2945552.9424
2024/02/14 05:02:16.00,458486.1334,5634851.5426,2945552.9438
2024/02/14 05:02:17.00,458486.1308,5634851.595,2945552.9483
2024/02/14 05:02:18.00,458486.1296,5634851.5354,2945552.9431
2024/02/14 05:02:19.00,458486.1304,5634851.5433,2945552.9485
2024/02/14 05:02:20.00,458486.1286,5634851.5578,2945552.9392
2024/02/14 05:02:21.00,458486.1273,5634851.5587,2945552.9406
2024/02/14 05:02:22.00,458486.1262,5634851.5359,2945552.94
2024/02/14 05:02:23.00,458486.1198,5634851.5532,2945552.9324
2024/02/14 05:02:24.00,458486.1188,5634851.5444,2945552.9374
2024/02/14 05:02:25.00,458486.1282,5634851.5312,2945552.9358
2024/02/14 05:02:26.00,458486.1189,5634851.5213,2945552.9321
2024/02/14 05:02:27.00,458486.1258,5634851.5153,2945552.9325
2024/02/14 05:02:28.00,458486.1135,5634851.4916,2945552.9294
2024/02/14 05:02:29.00,458486.1209,5634851.5378,2945552.9317
2024/02/14 05:02:30.00,458486.1207,5634851.4788,2945552.9303
2024/02/14 05:02:31.00,458486.1206,5634851.4777,2945552.9236
2024/02/14 05:02:32.00,458486.1201,5634851.4555,2945552.9218
2024/02/14 05:02:33.00,458486.118,5634851.4835,2945552.9236
2024/02/14 05:02:34.00,458486.1172,5634851.5048,2945552.9169
2024/02/14 05:02:35.00,458486.1157,5634851.468,2945552.9162
2024/02/14 05:02:36.00,458486.117,5634851.4244,2945552.9145
2024/02/14 05:02:37.00,458486.1151,5634851.4271,2945552.9142
2024/02/14 05:02:38.00,458486.1105,5634851.4184,2945552.913
2024/02/14 05:02:39.00,458486.1114,5634851.4738,2945552.9139
2024/02/14 05:02:40.00,458486.1131,5634851.4472,2945552.9162
2024/02/14 05:02:41.00,458486.115,5634851.4815,2945552.9071
2024/02/14 05:02:42.00,458486.1058,5634851.4422,2945552.9051
2024/02/14 05:02:43.00,458486.1106,5634851.4568,2945552.905
2024/02/14 05:02:44.00,458486.1055,5634851.4042,2945552.9049
2024/02/14 05:02:45.00,458486.105,5634851.3822,2945552.9049
2024/02/14 05:02:46.00,458486.104,5634851.3755,2945552.897
2024/02/14 05:02:47.00,458486.1005,5634851.3978,2945552.8892
2024/02/14 05:02:48.00,458486.1046,5634851.4087,2945552.8995
2024/02/14 05:02:49.00,458486.0996,5634851.3634,2945552.8957
2024/02/14 05:02:50.00,458486.1038,5634851.3667,2945552.8827
2024/02/14 05:02:51.00,458483.5979,5634867.5035,2945551.0981
2024/02/14 05:02:52.00,458486.0951,5634851.3967,2945552.8897
2024/02/14 05:02:53.00,458486.0965,5634851.3822,2945552.8813
2024/02/14 05:02:54.00,458486.0967,5634851.3652,2945552.8826
2024/02/14 05:02:55.00,458486.0907,5634851.3786,2945552.8803
2024/02/14 05:02:56.00,458486.0924,5634851.4252,2945552.8926
2024/02/14 05:02:57.00,458486.0932,5634851.3694,2945552.8689
2024/02/14 05:02:58.00,458486.0956,5634851.3476,2945552.8858
2024/02/14 05:02:59.00,458486.0919,5634851.3565,2945552.8803
2024/02/14 05:03:00.00,458487.6665,5634877.9086,2945547.0857
2024/02/14 05:03:01.00,458487.6745,5634877.8841,2945547.0907
2024/02/14 05:03:02.00,458483.5903,5634867.5365,2945551.0977
2024/02/14 05:03:03.00,458487.675,5634877.9185,2945547.0998
2024/02/14 05:03:04.00,458487.677,5634877.8896,2945547.089
2024/02/14 05:03:05.00,458487.6768,5634877.9044,2945547.0972
2024/02/14 05:03:06.00,458487.682,5634877.8525,2945547.0949
2024/02/14 05:03:07.00,458487.6809,5634877.887,2945547.1032
2024/02/14 05:03:08.00,458487.6802,5634877.9171,2945547.1038
2024/02/14 05:03:09.00,458487.6733,5634877.9135,2945547.0931
2024/02/14 05:03:10.00,458487.6839,5634877.9358,2945547.0992
2024/02/14 05:03:11.00,458487.6773,5634877.9409,2945547.1035
2024/02/14 05:03:12.00,458487.685,5634877.896,2945547.1026
2024/02/14 05:03:13.00,458487.6877,5634877.9225,2945547.1046
2024/02/14 05:03:14.00,458487.6791,5634877.904,2945547.1101
2024/02/14 05:03:15.00,458487.686,5634877.9271,2945547.1013
2024/02/14 05:03:16.00,458487.6806,5634877.9531,2945547.1095
2024/02/14 05:03:17.00,458487.6862,5634877.9167,2945547.1044
2024/02/14 05:03:18.00,458487.6835,5634877.9098,2945547.104
2024/02/14 05:03:19.00,458487.6866,5634877.9016,2945547.1032
2024/02/14 05:03:20.00,458487.6884,5634877.946,2945547.1124
2024/02/14 05:03:21.00,458487.687,5634877.9693,2945547.1018
2024/02/14 05:03:22.00,458487.6943,5634877.9321,2945547.108
2024/02/14 05:03:23.00,458487.6913,5634877.9465,2945547.1029
2024/02/14 05:03:24.00,458487.694,5634877.9232,2945547.1103
2024/02/14 05:03:25.00,458487.6853,5634877.9561,2945547.1163
2024/02/14 05:03:26.00,458487.6923,5634878.0075,2945547.1262
2024/02/14 05:03:27.00,458487.6962,5634877.9339,2945547.117
2024/02/14 05:03:28.00,458487.6922,5634877.9756,2945547.1195
2024/02/14 05:03:29.00,458487.6961,5634877.9625,2945547.1187
2024/02/14 05:03:30.00,458487.6883,5634877.9872,2945547.1156
2024/02/14 05:03:31.00,458487.6954,5634878.0156,2945547.12
2024/02/14 05:03:32.00,458487.6945,5634877.9529,2945547.1171
2024/02/14 05:03:33.00,458487.6942,5634877.9377,2945547.1155
2024/02/14 05:03:34.00,458487.704,5634877.9307,2945547.1176
2024/02/14 05:03:35.00,458487.6992,5634877.9695,2945547.1275
2024/02/14 05:03:36.00,458487.7027,5634877.991,2945547.121
2024/02/14 05:03:37.00,458487.7051,5634877.986,2945547.1206
2024/02/14 05:03:38.00,458487.7035,5634878.044,2945547.1374
2024/02/14 05:03:39.00,458487.7039,5634877.989,2945547.1196
2024/02/14 05:03:40.00,458487.6976,5634877.9825,2945547.1277
2024/02/14 05:03:41.00,458487.7031,5634877.9795,2945547.1316
2024/02/14 05:03:42.00,458487.7087,5634877.9996,2945547.1391
2024/02/14 05:03:43.00,458487.7014,5634877.9776,2945547.128
2024/02/14 05:03:44.00,458487.7049,5634877.9672,2945547.1192
2024/02/14 05:03:45.00,458487.6996,5634878.0029,2945547.127
2024/02/14 05:03:46.00,458487.7008,5634878.0236,2945547.1277
2024/02/14 05:03:47.00,458480.4254,5634887.3767,2945550.0018
2024/02/14 05:03:48.00,458487.6962,5634878.0258,2945547.126
2024/02/14 05:03:49.00,458480.4271,5634887.4318,2945550.0049
2024/02/14 05:03:50.00,458487.7066,5634878.0602,2945547.1441
2024/02/14 05:03:51.00,458487.706,5634878.0525,2945547.1463
2024/02/14 05:03:52.00,458487.7108,5634878.0731,2945547.1396
2024/02/14 05:03:53.00,458487.7085,5634878.0012,2945547.1325
2024/02/14 05:03:54.00,458487.7151,5634878.0018,2945547.1455
2024/02/14 05:03:55.00,458487.7009,5634878.0613,2945547.138
2024/02/14 05:03:56.00,458480.4265,5634887.4669,2945550.0112
2024/02/14 05:03:57.00,458487.7174,5634877.9952,2945547.1484
2024/02/14 05:03:58.00,458487.7106,5634878.0143,2945547.135
2024/02/14 05:03:59.00,458487.7127,5634878.0251,2945547.1486
2024/02/14 05:04:00.00,458487.7118,5634878.0382,2945547.1445
2024/02/14 05:04:01.00,458487.7088,5634878.0242,2945547.1435
2024/02/14 05:04:02.00,458480.4331,5634887.4688,2945550.0193
2024/02/14 05:04:03.00,458480.4319,5634887.4634,2945550.0242
2024/02/14 05:04:04.00,458480.4321,5634887.4792,2945550.0205
2024/02/14 05:04:05.00,458480.4256,5634887.495,2945550.0201
2024/02/14 05:04:06.00,458480.4357,5634887.4702,2945550.0207
2024/02/14 05:04:07.00,458480.43,5634887.4264,2945550.0132
2024/02/14 05:04:08.00,458480.4216,5634887.5165,2945550.0211
2024/02/14 05:04:09.00,458480.4336,5634887.486,2945550.0178
2024/02/14 05:04:10.00,458487.7187,5634878.0337,2945547.1526
2024/02/14 05:04:11.00,458487.7078,5634878.0817,2945547.1387
2024/02/14 05:04:12.00,458487.7139,5634878.0183,2945547.1401
2024/02/14 05:04:13.00,458480.4339,5634887.4877,2945550.0304
2024/02/14 05:04:14.00,458480.4332,5634887.4853,2945550.0319
2024/02/14 05:04:15.00,458480.436,5634887.4735,2945550.0304
2024/02/14 05:04:16.00,458480.4351,5634887.4681,2945550.035
2024/02/14 05:04:17.00,458487.72,5634878.056,2945547.1562
2024/02/14 05:04:18.00,458480.4304,5634887.509,2945550.0308
2024/02/14 05:04:19.00,458487.7126,5634878.0692,2945547.1544
2024/02/14 05:04:20.00,458487.7067,5634878.0516,2945547.1481
2024/02/14 05:04:21.00,458487.716,5634878.0596,2945547.1636
2024/02/14 05:04:22.00,458487.7211,5634878.0529,2945547.1527
2024/02/14 05:04:23.00,458487.725,5634878.0143,2945547.1511
2024/02/14 05:04:24.00,458487.7198,5634878.0475,2945547.147
2024/02/14 05:04:25.00,458487.7187,5634878.0836,2945547.1495
2024/02/14 05:04:26.00,458487.7168,5634878.102,2945547.1547
2024/02/14 05:04:27.00,458487.7289,5634878.0333,2945547.1557
2024/02/14 05:04:28.00,458480.4402,5634887.5072,2945550.0401
2024/02/14 05:04:29.00,458480.4434,5634887.5525,2945550.0448
2024/02/14 05:04:30.00,458480.443,5634887.5296,2945550.0542
2024/02/14 05:04:31.00,458480.4453,5634887.5033,2945550.0498
2024/02/14 05:04:32.00,458487.7247,5634878.0577,2945547.1583
2024/02/14 05:04:33.00,458480.4457,5634887.5505,2945550.0516
2024/02/14 05:04:34.00,458480.4449,5634887.5931,2945550.0563
2024/02/14 05:04:35.00,458487.7283,5634878.0843,2945547.1573
2024/02/14 05:04:36.00,458487.7217,5634878.1341,2945547.1598
2024/02/14 05:04:37.00,458487.725,5634878.0916,2945547.1719
2024/02/14 05:04:38.00,458487.7265,5634878.0937,2945547.1648
2024/02/14 05:04:39.00,458487.7221,5634878.1203,2945547.1703
2024/02/14 05:04:40.00,458487.7282,5634878.0878,2945547.1744
2024/02/14 05:04:41.00,458487.7357,5634878.0811,2945547.1729
2024/02/14 05:04:42.00,458487.7303,5634878.1108,2945547.1793
2024/02/14 05:04:43.00,458487.7332,5634878.1246,2945547.1689
2024/02/14 05:04:44.00,458487.7276,5634878.1448,2945547.1787
2024/02/14 05:04:45.00,458487.7386,5634878.1327,2945547.1767
2024/02/14 05:04:46.00,458487.7267,5634878.1529,2945547.1804
2024/02/14 05:04:47.00,458487.7254,5634878.1131,2945547.1788
2024/02/14 05:04:48.00,458487.731,5634878.1385,2945547.1772
2024/02/14 05:04:49.00,458487.7309,5634878.1348,2945547.1834
2024/02/14 05:04:50.00,458487.7295,5634878.1338,2945547.1802
2024/02/14 05:04:51.00,458487.7275,5634878.1448,2945547.1685
2024/02/14 05:04:52.00,458487.7309,5634878.1579,2945547.1837
2024/02/14 05:04:53.00,458487.7382,5634878.1276,2945547.1835
2024/02/14 05:04:54.00,458487.733,5634878.1329,2945547.1764
2024/02/14 05:04:55.00,458487.7331,5634878.142,2945547.175
2024/02/14 05:04:56.00,458487.7343,5634878.1316,2945547.1913
2024/02/14 05:04:57.00,458487.74,5634878.1138,2945547.1864
2024/02/14 05:04:58.00,458487.7338,5634878.1736,2945547.1806
2024/02/14 05:04:59.00,458487.7376,5634878.1389,2945547.1771
2024/02/14 05:05:00.00,458487.7371,5634878.147,2945547.1806
2024/02/14 05:05:01.00,458487.7374,5634878.152,2945547.1807
2024/02/14 05:05:02.00,458487.7392,5634878.1806,2945547.186
2024/02/14 05:05:03.00,458487.7367,5634878.1418,2945547.182
2024/02/14 05:05:04.00,458487.7398,5634878.1617,2945547.1876
2024/02/14 05:05:05.00,458487.74,5634878.1566,2945547.1876
2024/02/14 05:05:06.00,458487.7441,5634878.1279,2945547.1846
2024/02/14 05:05:07.00,458487.7364,5634878.1875,2945547.1882
2024/02/14 05:05:08.00,458487.7337,5634878.1848,2945547.1854
2024/02/14 05:05:09.00,458487.7456,5634878.1634,2945547.1981
2024/02/14 05:05:10.00,458487.7394,5634878.1603,2945547.1925
2024/02/14 05:05:11.00,458487.7519,5634878.1768,2945547.1982
2024/02/14 05:05:12.00,458487.7429,5634878.2236,2945547.2012
2024/02/14 05:05:13.00,458487.742,5634878.2052,2945547.1943
2024/02/14 05:05:14.00,458487.7438,5634878.1576,2945547.1996
2024/02/14 05:05:15.00,458487.7516,5634878.1808,2945547.197
2024/02/14 05:05:16.00,458487.7418,5634878.2127,2945547.1898
2024/02/14 05:05:17.00,458487.7476,5634878.1811,2945547.2082
2024/02/14 05:05:18.00,458487.747,5634878.2153,2945547.2112
2024/02/14 05:05:19.00,458487.7466,5634878.2402,2945547.1995
2024/02/14 05:05:20.00,458487.7408,5634878.256,2945547.1955
2024/02/14 05:05:21.00,458487.7438,5634878.268,2945547.2076
2024/02/14 05:05:22.00,458487.7388,5634878.2173,2945547.1962
2024/02/14 05:05:23.00,458487.745,5634878.2219,2945547.2047
2024/02/14 05:05:24.00,458487.7522,5634878.2341,2945547.1993
2024/02/14 05:05:25.00,458487.7541,5634878.192,2945547.2005
2024/02/14 05:05:26.00,458487.7532,5634878.2087,2945547.2072
2024/02/14 05:05:27.00,458487.7503,5634878.2031,2945547.1987
2024/02/14 05:05:28.00,458487.7544,5634878.2186,2945547.2074
2024/02/14 05:05:29.00,458487.7548,5634878.2041,2945547.2027
2024/02/14 05:05:30.00,458487.7499,5634878.2523,2945547.2092
2024/02/14 05:05:31.00,458487.7561,5634878.2288,2945547.2175
2024/02/14 05:05:32.00,458487.7516,5634878.2637,2945547.2132
2024/02/14 05:05:33.00,458487.7538,5634878.2542,2945547.2212
2024/02/14 05:05:34.00,458487.7584,5634878.2131,2945547.2171
2024/02/14 05:05:35.00,458487.7577,5634878.2364,2945547.2109
2024/02/14 05:05:36.00,458487.7497,5634878.2495,2945547.2073
2024/02/14 05:05:37.00,458487.7526,5634878.2422,2945547.215
2024/02/14 05:05:38.00,458487.7525,5634878.2542,2945547.2151
2024/02/14 05:05:39.00,458487.756,5634878.2944,2945547.2217
2024/02/14 05:05:40.00,458487.7549,5634878.2419,2945547.2149
2024/02/14 05:05:41.00,458487.7576,5634878.2628,2945547.2132
2024/02/14 05:05:42.00,458487.754,5634878.2441,2945547.2158
2024/02/14 05:05:43.00,458487.7625,5634878.2544,2945547.2227
2024/02/14 05:05:44.00,458487.7554,5634878.3176,2945547.2149
2024/02/14 05:05:45.00,458487.7611,5634878.2612,2945547.2312
2024/02/14 05:05:46.00,458487.7625,5634878.317,2945547.2291
2024/02/14 05:05:47.00,458487.7648,5634878.2937,2945547.2308
2024/02/14 05:05:48.00,458487.7567,5634878.3197,2945547.2238
2024/02/14 05:05:49.00,458487.7594,5634878.2769,2945547.2273
2024/02/14 05:05:50.00,458487.7634,5634878.2817,2945547.2189
2024/02/14 05:05:51.00,458487.7679,5634878.2836,2945547.2226
2024/02/14 05:05:52.00,458487.7669,5634878.3146,2945547.2246
2024/02/14 05:05:53.00,458487.7637,5634878.2564,2945547.2205
2024/02/14 05:05:54.00,458487.7604,5634878.3194,2945547.2244
2024/02/14 05:05:55.00,458487.765,5634878.2984,2945547.2279
2024/02/14 05:05:56.00,458487.7758,5634878.2752,2945547.2235
2024/02/14 05:05:57.00,458487.7671,5634878.3173,2945547.2267
2024/02/14 05:05:58.00,458487.7658,5634878.2945,2945547.2211
2024/02/14 05:05:59.00,458487.7705,5634878.3139,2945547.224
2024/02/14 05:06:00.00,458487.7603,5634878.3201,2945547.23
2024/02/14 05:06:01.00,458487.7682,5634878.3213,2945547.2316
2024/02/14 05:06:02.00,458487.767,5634878.3109,2945547.2322
2024/02/14 05:06:03.00,458487.7678,5634878.3277,2945547.2292
2024/02/14 05:06:04.00,458487.7799,5634878.3314,2945547.2247
2024/02/14 05:06:05.00,458487.7712,5634878.3708,2945547.2319
2024/02/14 05:06:06.00,458487.7723,5634878.3477,2945547.2403
2024/02/14 05:06:07.00,458487.775,5634878.3503,2945547.2298
2024/02/14 05:06:08.00,458487.7831,5634878.2692,2945547.2399
2024/02/14 05:06:09.00,458487.7801,5634878.3091,2945547.2408
2024/02/14 05:06:10.00,458487.779,5634878.3108,2945547.2369
2024/02/14 05:06:11.00,458487.7784,5634878.3348,2945547.2343
2024/02/14 05:06:12.00,458487.7813,5634878.3524,2945547.2408
2024/02/14 05:06:13.00,458487.7838,5634878.3271,2945547.231
2024/02/14 05:06:14.00,458487.7761,5634878.3025,2945547.2336
2024/02/14 05:06:15.00,458487.7793,5634878.3483,2945547.238
2024/02/14 05:06:16.00,458487.7816,5634878.3432,2945547.2393
2024/02/14 05:06:17.00,458487.7803,5634878.3425,2945547.2337
2024/02/14 05:06:18.00,458487.784,5634878.3115,2945547.2413
2024/02/14 05:06:19.00,458487.7831,5634878.3056,2945547.236
2024/02/14 05:06:20.00,458487.7764,5634878.326,2945547.2359
2024/02/14 05:06:21.00,458487.7815,5634878.3131,2945547.2429
2024/02/14 05:06:22.00,458487.7825,5634878.3225,2945547.2425
2024/02/14 05:06:23.00,458487.8051,5634878.3615,2945547.2337
2024/02/14 05:06:24.00,458487.7961,5634878.3227,2945547.223
2024/02/14 05:06:25.00,458483.5796,5634890.5162,2945549.008
2024/02/14 05:06:26.00,458486.8674,5634878.1228,2945547.8463
2024/02/14 05:06:27.00,458485.5385,5634877.7744,2945548.682
2024/02/14 05:06:28.00,458484.1874,5634877.4801,2945549.5583
2024/02/14 05:06:29.00,458479.521,5634885.598,2945551.4249
2024/02/14 05:06:30.00,458477.0821,5634888.935,2945553.1774
2024/02/14 05:06:31.00,458478.9262,5634876.1585,2945552.8628
2024/02/14 05:06:32.00,458476.4911,5634875.6555,2945554.3741
2024/02/14 05:06:33.00,458473.9592,5634875.0643,2945555.9243
2024/02/14 05:06:34.00,458471.4867,5634874.4893,2945557.3918
2024/02/14 05:06:35.00,458468.9236,5634873.7981,2945558.8867
2024/02/14 05:06:36.00,458462.7469,5634881.731,2945561.6228
2024/02/14 05:06:37.00,458458.8259,5634884.6726,2945564.2878
2024/02/14 05:06:38.00,458459.2542,5634871.5348,2945564.9358
2024/02/14 05:06:39.00,458455.3357,5634870.5735,2945567.4752
2024/02/14 05:06:40.00,458451.1846,5634869.504,2945570.2578
2024/02/14 05:06:41.00,458442.9058,5634880.562,2945574.7649
2024/02/14 05:06:42.00,458439.3212,5634875.751,2945576.8885
2024/02/14 05:06:43.00,458435.1473,5634874.7826,2945579.5698
2024/02/14 05:06:44.00,458434.4079,5634865.2963,2945581.1183
2024/02/14 05:06:45.00,458426.4734,5634876.5142,2945585.2447
2024/02/14 05:06:46.00,458422.7644,5634875.6613,2945587.571
2024/02/14 05:06:47.00,458419.9558,5634871.1493,2945589.0186
2024/02/14 05:06:48.00,458416.4756,5634870.3556,2945591.0528
2024/02/14 05:06:49.00,458412.4779,5634873.4507,2945593.5681
2024/02/14 05:06:50.00,458410.1696,5634872.9749,2945594.8219
2024/02/14 05:06:51.00,458412.436,5634860.4306,2945594.1043
2024/02/14 05:06:52.00,458406.8605,5634872.295,2945596.6735
2024/02/14 05:06:53.00,458405.3664,5634872.0939,2945597.5109
2024/02/14 05:06:54.00,458407.8654,5634859.5291,2945596.6518
2024/02/14 05:06:55.00,458402.3727,5634871.4795,2945599.1298
2024/02/14 05:06:56.00,458400.749,5634871.2039,2945600.0003
2024/02/14 05:06:57.00,458399.5301,5634867.1886,2945600.3452
2024/02/14 05:06:58.00,458396.7077,5634870.4793,2945602.1153
2024/02/14 05:06:59.00,458394.3323,5634869.9666,2945603.3797
2024/02/14 05:07:00.00,458391.607,5634869.5072,2945604.8215
2024/02/14 05:07:01.00,458388.7445,5634868.9272,2945606.4018
2024/02/14 05:07:02.00,458386.6678,5634864.7543,2945607.2887
2024/02/14 05:07:03.00,458383.3601,5634867.8594,2945609.4686
2024/02/14 05:07:04.00,458380.8862,5634867.3157,2945610.8974
2024/02/14 05:07:05.00,458378.3064,5634866.7799,2945612.4229
2024/02/14 05:07:06.00,458375.5519,5634866.1346,2945614.1323
2024/02/14 05:07:07.00,458372.7885,5634865.3467,2945616.0675
2024/02/14 05:07:08.00,458370.1321,5634864.4261,2945618.2376
2024/02/14 05:07:09.00,458367.7716,5634863.3904,2945620.705
2024/02/14 05:07:10.00,458365.9035,5634862.0522,2945623.5822
2024/02/14 05:07:11.00,458364.4166,5634860.421,2945626.8681
2024/02/14 05:07:12.00,458363.2941,5634858.5804,2945630.6269
2024/02/14 05:07:13.00,458362.623,5634856.4333,2945634.8587
2024/02/14 05:07:14.00,458362.2989,5634853.9129,2945639.5961
2024/02/14 05:07:15.00,458361.9511,5634851.1726,2945644.9646
2024/02/14 05:07:16.00,458361.7581,5634847.9778,2945650.9318
2024/02/14 05:07:17.00,458361.4884,5634844.9504,2945656.9129
2024/02/14 05:07:18.00,458361.2035,5634841.9203,2945662.8015
2024/02/14 05:07:19.00,458360.9276,5634838.6314,2945668.8069
2024/02/14 05:07:20.00,458360.7127,5634835.4402,2945675.0997
2024/02/14 05:07:21.00,458360.5187,5634831.9108,2945681.7531
2024/02/14 05:07:22.00,458360.2631,5634828.3286,2945688.7191
2024/02/14 05:07:23.00,458359.9887,5634824.5231,2945695.9884
2024/02/14 05:07:24.00,458359.757,5634820.6562,2945703.5436
2024/02/14 05:07:25.00,458359.6592,5634816.5443,2945711.2932
2024/02/14 05:07:26.00,458359.547,5634812.4562,2945719.1648
2024/02/14 05:07:27.00,458359.4316,5634808.2841,2945727.0796
2024/02/14 05:07:28.00,458359.3515,5634804.1608,2945734.916
2024/02/14 05:07:29.00,458359.2918,5634800.0529,2945742.7444
2024/02/14 05:07:30.00,458359.1688,5634796.0207,2945750.5321
2024/02/14 05:07:31.00,458359.035,5634791.8516,2945758.2523
2024/02/14 05:07:32.00,458358.8836,5634787.8716,2945765.8682
2024/02/14 05:07:33.00,458358.8826,5634783.8399,2945773.3588
2024/02/14 05:07:34.00,458358.8782,5634779.7406,2945780.7542
2024/02/14 05:07:35.00,458358.8146,5634775.5103,2945788.2894
2024/02/14 05:07:36.00,458358.7166,5634771.2744,2945796.0826
2024/02/14 05:07:37.00,458358.6095,5634766.8977,2945804.0444
2024/02/14 05:07:38.00,458358.6666,5634762.3474,2945812.2082
2024/02/14 05:07:39.00,458358.6357,5634757.6498,2945820.4424
2024/02/14 05:07:40.00,458358.603,5634753.0203,2945828.686
2024/02/14 05:07:41.00,458358.5366,5634748.2493,2945836.9694
2024/02/14 05:07:42.00,458358.5472,5634743.4802,2945845.3301
2024/02/14 05:07:43.00,458358.6589,5634738.6033,2945853.7151
2024/02/14 05:07:44.00,458358.7807,5634733.6855,2945862.2268
2024/02/14 05:07:45.00,458358.983,5634728.7263,2945870.75
2024/02/14 05:07:46.00,458359.2372,5634724.0369,2945878.8639
2024/02/14 05:07:47.00,458359.4012,5634719.3788,2945886.947
2024/02/14 05:07:48.00,458359.4591,5634714.79,2945895.1271
2024/02/14 05:07:49.00,458359.5294,5634709.8898,2945903.3431
2024/02/14 05:07:50.00,458360.3293,5634701.5371,2945910.8571
2024/02/14 05:07:51.00,458359.7242,5634700.4428,2945919.7334
2024/02/14 05:07:52.00,458359.8243,5634695.7163,2945927.8239
2024/02/14 05:07:53.00,458359.9475,5634691.3718,2945935.4818
2024/02/14 05:07:54.00,458360.1359,5634687.1992,2945942.6858
2024/02/14 05:07:55.00,458360.3626,5634682.9942,2945949.8614
2024/02/14 05:07:56.00,458360.6847,5634678.8603,2945957.1021
2024/02/14 05:07:57.00,458361.1135,5634674.6438,2945964.1212
2024/02/14 05:07:58.00,458361.6444,5634670.8136,2945970.8357
2024/02/14 05:07:59.00,458362.8735,5634663.3051,2945976.5176
2024/02/14 05:08:00.00,458362.684,5634663.617,2945983.0318
2024/02/14 05:08:01.00,458363.3639,5634660.2475,2945988.6945
2024/02/14 05:08:02.00,458364.0324,5634656.9955,2945994.1803
2024/02/14 05:08:03.00,458364.7367,5634654.0581,2945999.1863
2024/02/14 05:08:04.00,458365.4979,5634651.3678,2946003.6456
2024/02/14 05:08:05.00,458366.2181,5634649.0031,2946007.8428
2024/02/14 05:08:06.00,458366.913,5634646.5675,2946011.7325
2024/02/14 05:08:07.00,458367.505,5634644.7193,2946015.0288
2024/02/14 05:08:08.00,458367.9238,5634643.1877,2946017.5384
2024/02/14 05:08:09.00,458368.9484,5634638.1645,2946018.9767
2024/02/14 05:08:10.00,458368.5471,5634640.8923,2946021.4142
2024/02/14 05:08:11.00,458368.7478,5634640.247,2946022.556
2024/02/14 05:08:12.00,458368.8827,5634639.5519,2946023.4192
2024/02/14 05:08:13.00,458369.0035,5634639.2341,2946024.1556
2024/02/14 05:08:14.00,458369.0525,5634639.0292,2946024.4954
2024/02/14 05:08:15.00,458369.0551,5634638.9342,2946024.5469
2024/02/14 05:08:16.00,458369.0517,5634638.9509,2946024.5401
2024/02/14 05:08:17.00,458369.0522,5634638.9381,2946024.5363
2024/02/14 05:08:18.00,458369.0535,5634639.0367,2946024.5457
2024/02/14 05:08:19.00,458369.052,5634638.9709,2946024.5489
2024/02/14 05:08:20.00,458369.0539,5634638.9642,2946024.5468
2024/02/14 05:08:21.00,458369.0578,5634638.9847,2946024.5461
2024/02/14 05:08:22.00,458369.0523,5634639.0513,2946024.5527
2024/02/14 05:08:23.00,458369.0584,5634638.996,2946024.5551
2024/02/14 05:08:24.00,458369.0632,5634639.0128,2946024.5521
2024/02/14 05:08:25.00,458369.0547,5634638.9855,2946024.5531
2024/02/14 05:08:26.00,458369.0628,5634638.9978,2946024.5481
2024/02/14 05:08:27.00,458369.065,5634639.0347,2946024.5565
2024/02/14 05:08:28.00,458369.0661,5634639.0129,2946024.5687
2024/02/14 05:08:29.00,458369.0636,5634639.0412,2946024.5535
2024/02/14 05:08:30.00,458369.0684,5634639.055,2946024.5576
2024/02/14 05:08:31.00,458369.0916,5634638.956,2946024.7266
2024/02/14 05:08:32.00,458369.1322,5634638.8076,2946024.8961
2024/02/14 05:08:33.00,458369.1408,5634638.8245,2946024.8977
2024/02/14 05:08:34.00,458369.1406,5634638.8427,2946024.9446
2024/02/14 05:08:35.00,458369.1787,5634638.6663,2946025.1886
2024/02/14 05:08:36.00,458369.2924,5634638.3393,2946025.7402
2024/02/14 05:08:37.00,458369.4413,5634637.8401,2946026.5366
2024/02/14 05:08:38.00,458369.6368,5634637.0978,2946027.7104
2024/02/14 05:08:39.00,458370.0018,5634636.175,2946029.5084
2024/02/14 05:08:40.00,458370.4234,5634634.9335,2946031.6872
2024/02/14 05:08:41.00,458370.9553,5634633.3369,2946034.1303
2024/02/14 05:08:42.00,458371.6527,5634631.5622,2946037.2088
2024/02/14 05:08:43.00,458372.5557,5634629.486,2946040.7171
2024/02/14 05:08:44.00,458373.5606,5634627.2977,2946044.3703
2024/02/14 05:08:45.00,458374.5833,5634625.1745,2946047.8297
2024/02/14 05:08:46.00,458376.579,5634592.1313,2946057.4113
2024/02/14 05:08:47.00,458377.6603,5634590.3202,2946060.4973
2024/02/14 05:08:48.00,458378.7858,5634588.2091,2946063.6384
2024/02/14 05:08:49.00,458380.0048,5634586.331,2946066.8045
2024/02/14 05:08:50.00,458381.1567,5634584.4245,2946069.8837
2024/02/14 05:08:51.00,458381.9973,5634610.1013,2946065.7178
2024/02/14 05:08:52.00,458384.0171,5634577.1857,2946074.9869
2024/02/14 05:08:53.00,458384.2897,5634579.2393,2946078.141
2024/02/14 05:08:54.00,458385.0787,5634577.9143,2946080.5652
2024/02/14 05:08:55.00,458385.5651,5634576.4081,2946083.0081
2024/02/14 05:08:56.00,458385.7875,5634574.6616,2946085.6596
2024/02/14 05:08:57.00,458385.6905,5634573.0194,2946088.6105
2024/02/14 05:08:58.00,458385.2079,5634571.1147,2946091.8342
2024/02/14 05:08:59.00,458384.392,5634569.3171,2946095.1962
2024/02/14 05:09:00.00,458383.221,5634567.6083,2946098.1918
2024/02/14 05:09:01.00,458381.8364,5634566.1513,2946101.0414
2024/02/14 05:09:02.00,458383.9841,5634552.2686,2946102.0113
2024/02/14 05:09:03.00,458377.9019,5634563.3699,2946106.3164
2024/02/14 05:09:04.00,458379.315,5634549.7144,2946107.2443
2024/02/14 05:09:05.00,458372.5287,5634560.8533,2946111.8175
2024/02/14 05:09:06.00,458369.5927,5634559.423,2946114.8358
2024/02/14 05:09:07.00,458366.9707,5634558.0184,2946117.8719
2024/02/14 05:09:08.00,458368.924,5634544.1578,2946119.0076
2024/02/14 05:09:09.00,458367.3549,5634542.7527,2946121.8521
2024/02/14 05:09:10.00,458366.2087,5634541.1969,2946124.6046
2024/02/14 05:09:11.00,458365.3592,5634539.8827,2946127.2121
2024/02/14 05:09:12.00,458364.6921,5634538.2899,2946129.7365
2024/02/14 05:09:13.00,458364.1465,5634536.8856,2946132.332
2024/02/14 05:09:14.00,458363.7052,5634535.3707,2946135.0556
2024/02/14 05:09:15.00,458363.2859,5634533.6328,2946138.2097
2024/02/14 05:09:16.00,458362.8474,5634531.6032,2946141.7751
2024/02/14 05:09:17.00,458362.457,5634529.3198,2946145.7526
2024/02/14 05:09:18.00,458362.0139,5634526.8207,2946150.241
2024/02/14 05:09:19.00,458361.5692,5634524.0883,2946155.1396
2024/02/14 05:09:20.00,458361.0716,5634521.2197,2946160.3742
2024/02/14 05:09:21.00,458360.5497,5634518.1853,2946165.8826
2024/02/14 05:09:22.00,458355.9862,5634527.5984,2946173.406
2024/02/14 05:09:23.00,458359.1187,5634511.9183,2946177.6463
2024/02/14 05:09:24.00,458358.2147,5634508.7081,2946183.6891
2024/02/14 05:09:25.00,458357.3305,5634505.5312,2946189.7638
2024/02/14 05:09:26.00,458356.3256,5634502.3714,2946195.9363
2024/02/14 05:09:27.00,458355.2006,5634499.0505,2946202.3457
2024/02/14 05:09:28.00,458353.9538,5634495.621,2946209.0248
2024/02/14 05:09:29.00,458352.4472,5634492.1377,2946215.8904
2024/02/14 05:09:30.00,458350.686,5634488.5863,2946222.914
2024/02/14 05:09:31.00,458348.7377,5634484.9537,2946230.0392
2024/02/14 05:09:32.00,458346.6515,5634481.3606,2946237.2549
2024/02/14 05:09:33.00,458344.3517,5634477.6903,2946244.5378
2024/02/14 05:09:34.00,458341.8817,5634474.1481,2946251.7478
2024/02/14 05:09:35.00,458339.3936,5634470.7073,2946258.721
2024/02/14 05:09:36.00,458336.8519,5634467.3131,2946265.4794
2024/02/14 05:09:37.00,458334.3278,5634464.0425,2946272.0215
2024/02/14 05:09:38.00,458331.8061,5634460.9326,2946278.3505
2024/02/14 05:09:39.00,458329.3006,5634458.0574,2946284.3297
2024/02/14 05:09:40.00,458326.9602,5634455.3329,2946289.7516
2024/02/14 05:09:41.00,458324.8668,5634452.9888,2946294.5757
2024/02/14 05:09:42.00,458322.9525,5634451.0036,2946298.8214
2024/02/14 05:09:43.00,458321.1891,5634449.057,2946302.6919
2024/02/14 05:09:44.00,458319.6107,5634447.4973,2946306.0044
2024/02/14 05:09:45.00,458318.276,5634446.1478,2946308.8072
2024/02/14 05:09:46.00,458317.0171,5634444.8226,2946311.4625
2024/02/14 05:09:47.00,458315.7678,5634443.5789,2946314.0231
2024/02/14 05:09:48.00,458314.5641,5634442.4019,2946316.5104
2024/02/14 05:09:49.00,458313.5309,5634441.3202,2946318.7101
2024/02/14 05:09:50.00,458312.5384,5634440.3677,2946320.7376
2024/02/14 05:09:51.00,458311.6241,5634439.4396,2946322.6802
2024/02/14 05:09:52.00,458310.7542,5634438.5809,2946324.4143
2024/02/14 05:09:53.00,458309.8425,5634437.7578,2946326.0552
2024/02/14 05:09:54.00,458308.9654,5634437.0455,2946327.5886
2024/02/14 05:09:55.00,458308.4035,5634436.534,2946328.5819
2024/02/14 05:09:56.00,458308.0001,5634436.2038,2946329.281
2024/02/14 05:09:57.00,458307.6321,5634435.9283,2946329.9352
2024/02/14 05:09:58.00,458307.277,5634435.6241,2946330.5084
2024/02/14 05:09:59.00,458306.9737,5634435.377,2946331.0234
2024/02/14 05:10:00.00,458306.7009,5634435.0978,2946331.4847
2024/02/14 05:10:01.00,458306.4467,5634434.9302,2946331.906
2024/02/14 05:10:02.00,458306.2534,5634434.7912,2946332.2067
2024/02/14 05:10:03.00,458306.2481,5634434.7994,2946332.2226
2024/02/14 05:10:04.00,458306.2398,5634434.775,2946332.2187
2024/02/14 05:10:05.00,458306.2592,5634434.7709,2946332.2049
2024/02/14 05:10:06.00,458306.2133,5634434.7501,2946332.2709
2024/02/14 05:10:07.00,458306.0582,5634434.6057,2946332.4936
2024/02/14 05:10:08.00,458305.7672,5634434.3836,2946332.9782
2024/02/14 05:10:09.00,458305.4234,5634434.0764,2946333.5366
2024/02/14 05:10:10.00,458305.1641,5634433.8739,2946333.97
2024/02/14 05:10:11.00,458305.155,5634433.8957,2946333.9731
2024/02/14 05:10:12.00,458305.1519,5634433.8634,2946333.9782
2024/02/14 05:10:13.00,458305.1559,5634433.8396,2946333.968
2024/02/14 05:10:14.00,458305.1476,5634433.8093,2946333.9782
2024/02/14 05:10:15.00,458305.1552,5634433.8746,2946333.9763
2024/02/14 05:10:16.00,458305.1548,5634433.809,2946333.9723
2024/02/14 05:10:17.00,458305.146,5634433.8621,2946333.9743
2024/02/14 05:10:18.00,458305.147,5634433.8807,2946333.9583
2024/02/14 05:10:19.00,458305.0677,5634433.8035,2946334.1152
2024/02/14 05:10:20.00,458304.7007,5634433.4985,2946334.7099
2024/02/14 05:10:21.00,458304.0789,5634432.9796,2946335.7303
2024/02/14 05:10:22.00,458303.5677,5634432.5956,2946336.5687
2024/02/14 05:10:23.00,458303.4049,5634432.468,2946336.8293
2024/02/14 05:10:24.00,458303.4031,5634432.4031,2946336.8213
2024/02/14 05:10:25.00,458303.4053,5634432.3926,2946336.8153
2024/02/14 05:10:26.00,458296.1566,5634442.0171,2946339.8357
2024/02/14 05:10:27.00,458303.3979,5634432.4029,2946336.82
2024/02/14 05:10:28.00,458303.3966,5634432.4014,2946336.8237
2024/02/14 05:10:29.00,458296.1583,5634442.0411,2946339.8345
2024/02/14 05:10:30.00,458296.1501,5634441.9664,2946339.8173
2024/02/14 05:10:31.00,458296.1463,5634442.0204,2946339.828
2024/02/14 05:10:32.00,458296.1487,5634441.9429,2946339.8233
2024/02/14 05:10:33.00,458303.3951,5634432.3814,2946336.7988
2024/02/14 05:10:34.00,458303.3914,5634432.3799,2946336.7987
2024/02/14 05:10:35.00,458303.3869,5634432.3846,2946336.797
2024/02/14 05:10:36.00,458296.1501,5634441.9308,2946339.8197
2024/02/14 05:10:37.00,458303.3872,5634432.4101,2946336.801
2024/02/14 05:10:38.00,458303.386,5634432.3814,2946336.7912
2024/02/14 05:10:39.00,458303.391,5634432.3291,2946336.7816
2024/02/14 05:10:40.00,458296.1197,5634441.9447,2946339.8517
2024/02/14 05:10:41.00,458295.8628,5634441.7171,2946340.2616
2024/02/14 05:10:42.00,458295.2246,5634441.2196,2946341.2864
2024/02/14 05:10:43.00,458301.5986,5634430.972,2946339.6478
2024/02/14 05:10:44.00,458300.6581,5634430.304,2946341.1784
2024/02/14 05:10:45.00,458299.7448,5634429.5875,2946342.6249
2024/02/14 05:10:46.00,458298.9847,5634428.9762,2946343.8443
2024/02/14 05:10:47.00,458291.0582,5634438.022,2946347.9704
2024/02/14 05:10:48.00,458290.4188,5634437.5611,2946348.9697
2024/02/14 05:10:49.00,458289.8066,5634437.1218,2946349.883
2024/02/14 05:10:50.00,458289.2729,5634436.7965,2946350.725
2024/02/14 05:10:51.00,458288.7354,5634436.3624,2946351.5628
2024/02/14 05:10:52.00,458288.0984,5634435.8574,2946352.5669
2024/02/14 05:10:53.00,458287.3825,5634435.4024,2946353.6342
2024/02/14 05:10:54.00,458286.6933,5634434.9177,2946354.6497
2024/02/14 05:10:55.00,458286.0616,5634434.4258,2946355.5896
2024/02/14 05:10:56.00,458285.4943,5634434.1017,2946356.4213
2024/02/14 05:10:57.00,458285.0029,5634433.7984,2946357.0875
2024/02/14 05:10:58.00,458284.6627,5634433.5473,2946357.5672
2024/02/14 05:10:59.00,458284.4561,5634433.4593,2946357.8194
2024/02/14 05:11:00.00,458284.2494,5634433.3039,2946358.0607
2024/02/14 05:11:01.00,458283.9788,5634433.1796,2946358.4923
2024/02/14 05:11:02.00,458283.6563,5634432.9861,2946358.9451
2024/02/14 05:11:03.00,458283.1273,5634432.5886,2946359.6488
2024/02/14 05:11:04.00,458282.3787,5634432.1448,2946360.7151
2024/02/14 05:11:05.00,458288.8624,5634422.018,2946358.8109
2024/02/14 05:11:06.00,458288.0447,5634421.4245,2946359.9305
2024/02/14 05:11:07.00,458279.9395,5634430.5099,2946364.1703
2024/02/14 05:11:08.00,458279.1607,5634430.0206,2946365.2932
2024/02/14 05:11:09.00,458285.7563,5634420.0135,2946363.1646
2024/02/14 05:11:10.00,458277.9544,5634429.0872,2946367.0057
2024/02/14 05:11:11.00,458283.3152,5634404.6874,2946369.7636
2024/02/14 05:11:12.00,458276.6917,5634428.1669,2946368.9276
2024/02/14 05:11:13.00,458275.8268,5634427.6281,2946370.2486
2024/02/14 05:11:14.00,458274.959,5634426.9783,2946371.7312
2024/02/14 05:11:15.00,458274.0556,5634426.2731,2946373.2511
2024/02/14 05:11:16.00,458273.1834,5634425.5365,2946374.7754
2024/02/14 05:11:17.00,458275.684,5634427.7578,2946375.2044
2024/02/14 05:11:18.00,458277.3948,5634399.7241,2946380.1845
2024/02/14 05:11:19.00,458275.9666,5634402.4134,2946383.0312
2024/02/14 05:11:20.00,458273.1308,5634424.5169,2946381.8456
2024/02/14 05:11:21.00,458268.5395,5634419.9856,2946386.1825
2024/02/14 05:11:22.00,458267.0045,5634418.4911,2946389.4683
2024/02/14 05:11:23.00,458265.4013,5634416.8833,2946392.6352
2024/02/14 05:11:24.00,458268.4252,5634461.4975,2946382.7594
2024/02/14 05:11:25.00,458261.8888,5634413.9169,2946398.8248
2024/02/14 05:11:26.00,458263.0732,5634415.2331,2946401.0845
2024/02/14 05:11:27.00,458257.3705,5634410.4887,2946406.1264
2024/02/14 05:11:28.00,458254.7246,5634408.528,2946410.2912
2024/02/14 05:11:29.00,458251.8481,5634406.3231,2946414.8008
2024/02/14 05:11:30.00,458248.7872,5634404.1197,2946419.5822
2024/02/14 05:11:31.00,458245.5499,5634401.7398,2946424.5113
2024/02/14 05:11:32.00,458242.2628,5634399.3395,2946429.6002
2024/02/14 05:11:33.00,458238.8491,5634396.9137,2946434.7738
2024/02/14 05:11:34.00,458235.3565,5634394.5131,2946439.9749
2024/02/14 05:11:35.00,458231.8588,5634392.0916,2946445.1616
2024/02/14 05:11:36.00,458228.3046,5634389.806,2946450.2977
2024/02/14 05:11:37.00,458224.6932,5634387.4342,2946455.3078
2024/02/14 05:11:38.00,458226.4289,5634364.7793,2946462.6338
2024/02/14 05:11:39.00,458222.6319,5634400.9155,2946458.3329
2024/02/14 05:11:40.00,458215.1675,5634381.3465,2946468.3231
2024/02/14 05:11:41.00,458212.9874,5634380.2279,2946471.1073
2024/02/14 05:11:42.00,458211.0655,5634379.0904,2946473.4512
2024/02/14 05:11:43.00,458215.1442,5634353.9567,2946477.5142
2024/02/14 05:11:44.00,458212.6906,5634356.4644,2946480.5207
2024/02/14 05:11:45.00,458205.6125,5634375.9107,2946480.5482
2024/02/14 05:11:46.00,458203.5596,5634374.5826,2946483.4128
2024/02/14 05:11:47.00,458206.692,5634352.5244,2946489.1981
2024/02/14 05:11:48.00,458201.3158,5634359.7463,2946493.8831
2024/02/14 05:11:49.00,458202.9773,5634345.3162,2946495.8257
2024/02/14 05:11:50.00,458194.9049,5634367.7586,2946498.0598
2024/02/14 05:11:51.00,458197.7329,5634345.1309,2946504.8987
2024/02/14 05:11:52.00,458189.9936,5634363.4486,2946506.8873
2024/02/14 05:11:53.00,458192.4166,5634340.7808,2946514.2337
2024/02/14 05:11:54.00,458189.6113,5634338.4947,2946519.1195
2024/02/14 05:11:55.00,458181.532,5634356.7192,2946521.496
2024/02/14 05:11:56.00,458183.6299,5634333.6753,2946529.0313
2024/02/14 05:11:57.00,458162.5364,5634434.066,2946546.3381
2024/02/14 05:11:58.00,458159.0099,5634431.5023,2946552.0375
2024/02/14 05:11:59.00,458173.2967,5634325.7174,2946545.839
2024/02/14 05:12:00.00,458169.7096,5634323.0658,2946551.5763
2024/02/14 05:12:01.00,458166.2422,5634320.5596,2946557.1882
2024/02/14 05:12:02.00,458162.8082,5634317.8852,2946562.8571
2024/02/14 05:12:03.00,458157.5243,5634338.7061,2946564.9834
2024/02/14 05:12:04.00,458155.7156,5634312.2428,2946574.7908
2024/02/14 05:12:05.00,458151.9465,5634309.3618,2946581.0653
2024/02/14 05:12:06.00,458142.8986,5634326.8573,2946584.997
2024/02/14 05:12:07.00,458146.3559,5634350.1438,2946601.8877
2024/02/14 05:12:08.00,458142.1849,5634347.0048,2946608.7087
2024/02/14 05:12:09.00,458133.9473,5634356.2945,2946617.5011
2024/02/14 05:12:10.00,458133.3928,5634340.3482,2946622.6921
2024/02/14 05:12:11.00,458128.9146,5634337.0716,2946629.9548
2024/02/14 05:12:12.00,458120.2284,5634310.1075,2946625.9373
2024/02/14 05:12:13.00,458119.7519,5634330.0517,2946644.9214
2024/02/14 05:12:14.00,458115.0335,5634326.4428,2946652.5918
2024/02/14 05:12:15.00,458110.2666,5634322.8877,2946660.2987
2024/02/14 05:12:16.00,458094.1044,5634305.7086,2946659.6078
2024/02/14 05:12:17.00,458089.3248,5634302.1919,2946667.2618
2024/02/14 05:12:18.00,458084.539,5634298.6449,2946674.9346
2024/02/14 05:12:19.00,458083.6967,5634282.549,2946680.8024
2024/02/14 05:12:20.00,458075.1207,5634291.7261,2946690.4143
2024/02/14 05:12:21.00,458070.5015,5634288.2946,2946698.1747
2024/02/14 05:12:22.00,458073.3268,5634311.2467,2946716.1243
2024/02/14 05:12:23.00,458068.6267,5634307.9303,2946723.7714
2024/02/14 05:12:24.00,458067.8236,5634292.011,2946729.5168
2024/02/14 05:12:25.00,458061.3758,5634312.4222,2946733.5977
2024/02/14 05:12:26.00,458056.747,5634309.158,2946741.4819
2024/02/14 05:12:27.00,458052.104,5634305.8441,2946749.3937
2024/02/14 05:12:28.00,458047.4747,5634302.5374,2946757.348
2024/02/14 05:12:29.00,458042.8496,5634299.3723,2946765.2797
2024/02/14 05:12:30.00,458038.1632,5634296.0863,2946773.1554
2024/02/14 05:12:31.00,458033.4818,5634292.894,2946781.0219
2024/02/14 05:12:32.00,458024.916,5634302.3744,2946790.7399
2024/02/14 05:12:33.00,458020.3073,5634299.201,2946798.5342
2024/02/14 05:12:34.00,458019.822,5634283.4882,2946804.174
2024/02/14 05:12:35.00,458008.4451,5634290.1849,2946814.2507
2024/02/14 05:12:36.00,458008.1416,5634290.6997,2946819.1848
2024/02/14 05:12:37.00,458008.9353,5634276.0084,2946822.4778
2024/02/14 05:12:38.00,458006.2007,5634274.0644,2946827.0554
2024/02/14 05:12:39.00,457997.9077,5634297.06,2946829.4209
2024/02/14 05:12:40.00,457995.4229,5634295.4027,2946833.4809
2024/02/14 05:12:41.00,457992.9073,5634293.7135,2946837.5476
2024/02/14 05:12:42.00,457990.333,5634292.0731,2946841.7001
2024/02/14 05:12:43.00,457987.6767,5634290.4756,2946845.9145
2024/02/14 05:12:44.00,457986.8883,5634276.9022,2946853.8383
2024/02/14 05:12:45.00,457988.034,5634262.2824,2946856.4076
2024/02/14 05:12:46.00,457979.7076,5634285.0608,2946859.3463
2024/02/14 05:12:47.00,457980.507,5634286.1659,2946862.9951
2024/02/14 05:12:48.00,457977.8635,5634284.1937,2946867.8952
2024/02/14 05:12:49.00,457971.7099,5634278.9453,2946874.2133
2024/02/14 05:12:50.00,457972.0292,5634279.8442,2946878.309
2024/02/14 05:12:51.00,457968.8413,5634277.6582,2946883.7055
2024/02/14 05:12:52.00,457965.6819,5634275.4233,2946889.2923
2024/02/14 05:12:53.00,457959.01,5634269.8956,2946896.2182
2024/02/14 05:12:54.00,457955.5717,5634267.4893,2946902.1158
2024/02/14 05:12:55.00,457952.0579,5634265.0272,2946908.1256
2024/02/14 05:12:56.00,457951.8212,5634265.6542,2946912.9689
2024/02/14 05:12:57.00,457944.8413,5634260.1547,2946920.2072
2024/02/14 05:12:58.00,457941.1997,5634257.6684,2946926.295
2024/02/14 05:12:59.00,457940.9266,5634258.2432,2946931.2281
2024/02/14 05:13:00.00,457933.8751,5634252.7114,2946938.4682
2024/02/14 05:13:01.00,457930.2352,5634250.1807,2946944.6189
2024/02/14 05:13:02.00,457929.979,5634250.6813,2946949.5785
2024/02/14 05:13:03.00,457923.0197,5634244.965,2946956.9524
2024/02/14 05:13:04.00,457922.7536,5634245.4515,2946961.9733
2024/02/14 05:13:05.00,457915.6955,5634239.8356,2946969.3489
2024/02/14 05:13:06.00,457911.9502,5634237.0336,2946975.5186
2024/02/14 05:13:07.00,457911.5306,5634237.4552,2946980.5811
2024/02/14 05:13:08.00,457893.6922,5634251.5576,2946992.4584
2024/02/14 05:13:09.00,457904.2733,5634230.2904,2946992.727
2024/02/14 05:13:10.00,457900.4112,5634227.5405,2946999.0644
2024/02/14 05:13:11.00,457896.4578,5634224.756,2947005.6115
2024/02/14 05:13:12.00,457892.4314,5634221.8788,2947012.1885
2024/02/14 05:13:13.00,457888.6541,5634219.0883,2947018.6011
2024/02/14 05:13:14.00,457885.0794,5634216.2409,2947024.7602
2024/02/14 05:13:15.00,457881.4265,5634213.542,2947030.9361
2024/02/14 05:13:16.00,457877.5598,5634210.7468,2947037.2419
2024/02/14 05:13:17.00,457873.6658,5634207.7796,2947043.8376
2024/02/14 05:13:18.00,457869.5647,5634204.6369,2947050.6302
2024/02/14 05:13:19.00,457865.2228,5634201.4541,2947057.7183
2024/02/14 05:13:20.00,457860.6364,5634198.0365,2947065.133
2024/02/14 05:13:21.00,457855.8236,5634194.5781,2947072.8756
2024/02/14 05:13:22.00,457850.9276,5634190.7741,2947080.902
2024/02/14 05:13:23.00,457845.8942,5634186.9447,2947089.2507
2024/02/14 05:13:24.00,457840.6845,5634182.8685,2947097.827
2024/02/14 05:13:25.00,457828.1823,5634187.6602,2947109.5823
2024/02/14 05:13:26.00,457822.5161,5634184.1794,2947118.7054
2024/02/14 05:13:27.00,457824.0692,5634170.233,2947124.741
2024/02/14 05:13:28.00,457818.353,5634165.9114,2947134.0466
2024/02/14 05:13:29.00,457812.5928,5634161.2182,2947143.5183
2024/02/14 05:13:30.00,457806.8633,5634156.6848,2947153.0769
2024/02/14 05:13:31.00,457801.2592,5634152.3937,2947162.405
2024/02/14 05:13:32.00,457795.6836,5634148.2778,2947171.4083
2024/02/14 05:13:33.00,457790.317,5634144.4636,2947180.1
2024/02/14 05:13:34.00,457785.2986,5634140.6194,2947188.4934
2024/02/14 05:13:35.00,457780.7769,5634136.9809,2947196.3462
2024/02/14 05:13:36.00,457776.857,5634133.6773,2947203.5825
2024/02/14 05:13:37.00,457770.0692,5634127.2656,2947211.5459
2024/02/14 05:13:38.00,457770.6482,5634127.2811,2947217.0984
2024/02/14 05:13:39.00,457771.7531,5634115.1113,2947222.4804
2024/02/14 05:13:40.00,457759.8471,5634130.5208,2947232.8812
2024/02/14 05:13:41.00,457767.9613,5634047.6127,2947227.7355
2024/02/14 05:13:42.00,457768.3455,5634105.9658,2947239.9267
2024/02/14 05:13:46.00,457762.2474,5634041.2214,2947254.2582
2024/02/14 05:13:47.00,457759.1706,5634034.2615,2947261.7179
2024/02/14 05:13:48.00,457756.8494,5634034.6005,2947269.1474
2024/02/14 05:13:49.00,457757.4097,5634041.973,2947276.4116
2024/02/14 05:13:50.00,457753.2953,5634030.7039,2947282.4809
2024/02/14 05:13:51.00,457754.2072,5634038.2166,2947295.4048
2024/02/14 05:13:52.00,457753.0212,5634033.8399,2947303.2123
2024/02/14 05:13:53.00,457751.7074,5634029.5508,2947311.1927
2024/02/14 05:13:54.00,457750.4297,5634025.0535,2947319.3103
2024/02/14 05:13:55.00,457748.9962,5634020.4335,2947327.5865
2024/02/14 05:13:56.00,457747.4604,5634015.8453,2947336.0584
2024/02/14 05:13:57.00,457745.9362,5634011.0089,2947344.8171
2024/02/14 05:13:58.00,457744.2725,5634006.148,2947353.7827
2024/02/14 05:13:59.00,457740.7886,5634012.9873,2947359.4094
2024/02/14 05:14:00.00,457738.1765,5633993.4777,2947366.4462
2024/02/14 05:14:01.00,457739.084,5633983.9455,2947377.2518
2024/02/14 05:14:02.00,457737.8692,5633985.5153,2947391.8262
2024/02/14 05:14:03.00,457736.4284,5633980.2771,2947401.7346
2024/02/14 05:14:04.00,457734.8692,5633975.0571,2947411.7941
2024/02/14 05:14:05.00,457733.301,5633969.6977,2947421.9242
2024/02/14 05:14:06.00,457731.9359,5633964.3021,2947432.0849
2024/02/14 05:14:07.00,457730.6369,5633958.9494,2947442.2761
2024/02/14 05:14:08.00,457732.7587,5633944.7567,2947451.3132
2024/02/14 05:14:09.00,457732.1415,5633939.482,2947461.5365
2024/02/14 05:14:10.00,457728.4913,5633943.3605,2947472.8147
2024/02/14 05:14:11.00,457728.2115,5633938.6361,2947482.4877
2024/02/14 05:14:12.00,457728.1684,5633934.0083,2947491.8472
2024/02/14 05:14:13.00,457731.8511,5633919.9121,2947499.5425
2024/02/14 05:14:14.00,457728.8408,5633926.9608,2947509.8322
2024/02/14 05:14:15.00,457729.6666,5633922.9172,2947517.8501
2024/02/14 05:14:16.00,457730.6056,5633919.166,2947525.4255
2024/02/14 05:14:17.00,457731.7495,5633915.5175,2947532.633
2024/02/14 05:14:18.00,457733.1802,5633911.8991,2947539.7467
2024/02/14 05:14:19.00,457734.7966,5633908.2095,2947546.8451
2024/02/14 05:14:20.00,457736.6938,5633904.5536,2947553.9453
2024/02/14 05:14:21.00,457738.8085,5633900.8213,2947561.0577
2024/02/14 05:14:22.00,457741.1431,5633897.0917,2947568.1857
2024/02/14 05:14:23.00,457743.6655,5633893.3004,2947575.3454
2024/02/14 05:14:24.00,457746.3383,5633889.5394,2947582.4915
2024/02/14 05:14:25.00,457749.3323,5633885.5793,2947589.6242
2024/02/14 05:14:26.00,457752.5262,5633881.8021,2947596.6905
2024/02/14 05:14:27.00,457755.7283,5633878.1112,2947603.4776
2024/02/14 05:14:28.00,457759.0025,5633874.5759,2947609.9147
2024/02/14 05:14:29.00,457762.3308,5633871.1555,2947616.2129
2024/02/14 05:14:30.00,457765.637,5633867.7593,2947622.3886
2024/02/14 05:14:31.00,457768.8357,5633864.553,2947628.3633
2024/02/14 05:14:32.00,457771.8807,5633861.661,2947633.7313
2024/02/14 05:14:33.00,457774.6472,5633859.0907,2947638.35
2024/02/14 05:14:34.00,457777.338,5633856.8078,2947642.6247
2024/02/14 05:14:35.00,457779.9415,5633854.6427,2947646.8139
2024/02/14 05:14:36.00,457782.5456,5633852.2303,2947650.6919
2024/02/14 05:14:37.00,457784.8766,5633849.6868,2947653.5902
2024/02/14 05:14:38.00,457790.2109,5633838.5311,2947655.0032
2024/02/14 05:14:39.00,457788.7295,5633847.0314,2947659.0667
2024/02/14 05:14:40.00,457790.3028,5633846.3073,2947661.4856
2024/02/14 05:14:41.00,457791.8066,5633844.9534,2947663.5973
2024/02/14 05:14:42.00,457793.2067,5633843.9432,2947665.5016
2024/02/14 05:14:43.00,457794.6989,5633842.8353,2947667.5361
2024/02/14 05:14:44.00,457796.3653,5633841.3776,2947669.83
2024/02/14 05:14:45.00,457798.1855,5633839.8977,2947672.3926
2024/02/14 05:14:46.00,457800.2124,5633838.2684,2947675.0389
2024/02/14 05:14:47.00,457802.3204,5633836.6973,2947677.8392
2024/02/14 05:14:48.00,457804.7704,5633834.5188,2947680.8454
2024/02/14 05:14:49.00,457807.5429,5633831.6963,2947684.0614
2024/02/14 05:14:50.00,457800.3154,5633847.1945,2947691.6779
2024/02/14 05:14:51.00,457803.3725,5633844.5319,2947695.6764
2024/02/14 05:14:52.00,457813.6318,5633832.0952,2947696.6058
2024/02/14 05:14:53.00,457809.2003,5633840.2091,2947703.6907
2024/02/14 05:14:54.00,457820.643,5633789.2639,2947690.8753
2024/02/14 05:14:55.00,457818.8112,5633788.158,2947695.7211
2024/02/14 05:14:56.00,457820.7679,5633786.6083,2947698.4859
2024/02/14 05:14:57.00,457822.6343,5633785.0349,2947701.0634
2024/02/14 05:14:58.00,457832.637,5633806.1925,2947713.1037
2024/02/14 05:14:59.00,457834.5678,5633804.5575,2947715.6411
2024/02/14 05:15:00.00,457836.6193,5633802.9243,2947718.5054
2024/02/14 05:15:01.00,457838.8048,5633801.1287,2947721.5238
2024/02/14 05:15:02.00,457832.6922,5633776.7641,2947714.9116
2024/02/14 05:15:03.00,457842.9788,5633797.7511,2947727.2617
2024/02/14 05:15:04.00,457844.8851,5633796.0921,2947729.985
2024/02/14 05:15:05.00,457844.2858,5633808.9296,2947729.9552
2024/02/14 05:15:06.00,457853.151,5633743.6752,2947720.143
2024/02/14 05:15:07.00,457846.057,5633821.8395,2947733.6467
2024/02/14 05:15:08.00,457848.2014,5633816.5568,2947734.9659
2024/02/14 05:15:09.00,457849.6919,5633815.306,2947737.1107
2024/02/14 05:15:10.00,457851.332,5633813.8242,2947739.4136
2024/02/14 05:15:11.00,457852.989,5633812.4856,2947741.8023
2024/02/14 05:15:12.00,457852.4009,5633799.4855,2947749.4484
2024/02/14 05:15:13.00,457856.3711,5633809.6149,2947746.6308
2024/02/14 05:15:14.00,457858.3032,5633807.7557,2947749.5853
2024/02/14 05:15:15.00,457860.5604,5633805.958,2947752.929
2024/02/14 05:15:16.00,457863.1456,5633803.7724,2947756.4618
2024/02/14 05:15:17.00,457865.3597,5633805.5655,2947760.7098
2024/02/14 05:15:18.00,457869.0257,5633799.2962,2947763.6115
2024/02/14 05:15:19.00,457866.5612,5633795.2793,2947774.4173
2024/02/14 05:15:20.00,457883.1484,5633719.5402,2947761.46
2024/02/14 05:15:21.00,457886.26,5633717.3602,2947765.9055
2024/02/14 05:15:22.00,457889.4861,5633714.1613,2947770.2403
2024/02/14 05:15:23.00,457884.352,5633788.7066,2947785.5335
2024/02/14 05:15:24.00,457895.5453,5633708.9007,2947779.2382
2024/02/14 05:15:25.00,457885.0174,5633780.2783,2947801.3049
2024/02/14 05:15:26.00,457893.5258,5633780.5932,2947799.8072
2024/02/14 05:15:27.00,457904.863,5633700.7517,2947794.1238
2024/02/14 05:15:28.00,457908.2423,5633697.6507,2947799.2591
2024/02/14 05:15:29.00,457904.0486,5633769.1933,2947814.798
2024/02/14 05:15:30.00,457907.6919,5633766.1064,2947819.9046
2024/02/14 05:15:31.00,457911.3898,5633763.0711,2947825.026
2024/02/14 05:15:32.00,457915.2054,5633759.8931,2947830.1736
2024/02/14 05:15:33.00,457919.0911,5633756.78,2947835.4005
2024/02/14 05:15:34.00,457930.5377,5633678.9717,2947830.2842
2024/02/14 05:15:35.00,457926.6241,5633750.4296,2947845.9053
2024/02/14 05:15:36.00,457930.4275,5633747.2615,2947850.9694
2024/02/14 05:15:37.00,457934.2753,5633744.0827,2947856.0477
2024/02/14 05:15:38.00,457938.303,5633740.6833,2947861.1431
2024/02/14 05:15:39.00,457937.7504,5633667.6641,2947865.2282
2024/02/14 05:15:40.00,457942.097,5633664.2017,2947870.6022
2024/02/14 05:15:41.00,457946.6539,5633660.5143,2947876.2803
2024/02/14 05:15:42.00,457951.3532,5633656.5004,2947882.3861
2024/02/14 05:15:43.00,457955.2479,5633719.3967,2947896.5925
2024/02/14 05:15:44.00,457959.9431,5633715.1796,2947903.3811
2024/02/14 05:15:45.00,457964.6072,5633710.9437,2947910.2619
2024/02/14 05:15:46.00,457969.9492,5633639.8884,2947909.1778
2024/02/14 05:15:47.00,457973.4463,5633703.0865,2947923.0221
2024/02/14 05:15:48.00,457983.247,5633701.9868,2947922.7072
2024/02/14 05:15:49.00,457982.1026,5633695.3123,2947935.7839
2024/02/14 05:15:50.00,457986.3646,5633691.1868,2947942.67
2024/02/14 05:15:51.00,457990.5139,5633686.8496,2947949.9044
2024/02/14 05:15:52.00,457994.431,5633682.5203,2947957.4446
2024/02/14 05:15:53.00,457998.2844,5633677.8785,2947965.1589
2024/02/14 05:15:54.00,458001.7317,5633673.3959,2947973.2612
2024/02/14 05:15:55.00,458004.7062,5633668.716,2947981.5594
2024/02/14 05:15:56.00,458012.5554,5633666.9351,2947983.5983
2024/02/14 05:15:57.00,458008.9556,5633659.5501,2947998.8133
2024/02/14 05:15:58.00,458010.4627,5633654.9239,2948007.5654
2024/02/14 05:15:59.00,458017.2166,5633653.0955,2948009.7947
2024/02/14 05:16:00.00,458012.6653,5633645.7687,2948025.146
2024/02/14 05:16:01.00,458013.2768,5633641.151,2948033.9822
2024/02/14 05:16:02.00,458013.5659,5633636.5226,2948042.9069
2024/02/14 05:16:03.00,458019.2447,5633634.6534,2948045.3032
2024/02/14 05:16:04.00,458013.9978,5633627.3967,2948060.8161
2024/02/14 05:16:05.00,458019.6981,5633625.6097,2948063.281
2024/02/14 05:16:06.00,458014.4742,5633618.3752,2948078.7797
2024/02/14 05:16:07.00,458020.2412,5633616.6245,2948081.245
2024/02/14 05:16:08.00,458020.3792,5633611.9555,2948090.205
2024/02/14 05:16:09.00,458018.2523,5633595.6171,2948104.4744
2024/02/14 05:16:10.00,458020.7134,5633602.8377,2948108.3087
2024/02/14 05:16:11.00,458015.4217,5633595.3944,2948123.8877
2024/02/14 05:16:12.00,458018.8953,5633581.6433,2948131.7192
2024/02/14 05:16:13.00,458019.1998,5633576.8828,2948140.8475
2024/02/14 05:16:14.00,458019.2832,5633572.2277,2948150.0503
2024/02/14 05:16:15.00,458016.1336,5633576.5023,2948160.5295
2024/02/14 05:16:16.00,458019.2978,5633562.7871,2948168.5166
2024/02/14 05:16:17.00,458021.7354,5633569.7722,2948172.5342
2024/02/14 05:16:18.00,458022.1314,5633564.887,2948181.7812
2024/02/14 05:16:19.00,458022.8622,5633559.9222,2948191.0018
2024/02/14 05:16:20.00,458018.5409,5633552.0552,2948206.4543
2024/02/14 05:16:21.00,458020.2783,5633547.1898,2948215.2014
2024/02/14 05:16:22.00,458022.4732,5633542.3634,2948223.7697
2024/02/14 05:16:23.00,458025.1831,5633537.3496,2948232.1223
2024/02/14 05:16:24.00,458041.5208,5633460.1887,2948223.2446
2024/02/14 05:16:25.00,458032.0369,5633528.2797,2948248.4457
2024/02/14 05:16:26.00,458036.6085,5633523.8262,2948256.0588
2024/02/14 05:16:27.00,458045.4597,5633509.0016,2948261.7696
2024/02/14 05:16:28.00,458048.3821,5633513.3357,2948270.0204
2024/02/14 05:16:29.00,458058.3981,5633499.6473,2948275.3769
2024/02/14 05:16:30.00,458062.6623,5633504.1906,2948282.9781
2024/02/14 05:16:31.00,458073.6118,5633491.0324,2948287.2886
2024/02/14 05:16:32.00,458078.3442,5633496.2977,2948293.4971
2024/02/14 05:16:33.00,458086.6133,5633492.6945,2948297.9574
2024/02/14 05:16:34.00,458095.3314,5633489.4701,2948302.0352
2024/02/14 05:16:35.00,458107.4237,5633477.3789,2948304.3852
2024/02/14 05:16:36.00,458118.5503,5633423.0418,2948294.8753
2024/02/14 05:16:37.00,458126.8133,5633420.7578,2948297.0406
2024/02/14 05:16:38.00,458132.4614,5633470.5584,2948310.9412
2024/02/14 05:16:39.00,458137.6007,5633477.9553,2948313.3612
2024/02/14 05:16:40.00,458151.6244,5633415.8384,2948300.3652
2024/02/14 05:16:41.00,458154.2597,5633475.437,2948314.1109
2024/02/14 05:16:42.00,458162.3664,5633474.5839,2948313.7869
2024/02/14 05:16:43.00,458169.8061,5633474.0686,2948313.0347
2024/02/14 05:16:44.00,458176.5989,5633473.5521,2948312.1628
2024/02/14 05:16:45.00,458182.8438,5633473.2374,2948311.2699
2024/02/14 05:16:46.00,458188.7742,5633472.9908,2948310.4362
2024/02/14 05:16:47.00,458193.6977,5633472.726,2948309.9335
2024/02/14 05:16:48.00,458201.3845,5633463.2884,2948307.9774
2024/02/14 05:16:49.00,458207.631,5633467.138,2948304.9765
2024/02/14 05:16:50.00,458209.2402,5633473.8078,2948304.7062
2024/02/14 05:16:51.00,458213.7672,5633463.3659,2948305.8944
2024/02/14 05:16:52.00,458218.0598,5633463.1753,2948305.2122
2024/02/14 05:16:53.00,458219.23,5633472.1903,2948305.9157
2024/02/14 05:16:54.00,458225.7355,5633420.5418,2948292.9593
2024/02/14 05:16:55.00,458229.6783,5633420.4303,2948292.4536
2024/02/14 05:16:56.00,458234.1799,5633462.9772,2948302.9666
2024/02/14 05:16:57.00,458239.7386,5633411.3946,2948290.0978
2024/02/14 05:16:58.00,458238.7506,5633420.2998,2948291.0014
2024/02/14 05:16:59.00,458240.1396,5633420.308,2948290.764
2024/02/14 05:17:00.00,458240.8225,5633420.3718,2948290.6294
2024/02/14 05:17:01.00,458241.4808,5633420.387,2948290.5121
2024/02/14 05:17:02.00,458239.6518,5633471.9627,2948302.7845
2024/02/14 05:17:03.00,458240.0294,5633472.053,2948302.735
2024/02/14 05:17:04.00,458242.7433,5633420.3015,2948290.2971
2024/02/14 05:17:05.00,458243.0497,5633420.2994,2948290.2391
2024/02/14 05:17:06.00,458243.591,5633420.338,2948290.1619
2024/02/14 05:17:07.00,458244.7287,5633420.4022,2948289.9809
2024/02/14 05:17:08.00,458243.9018,5633472.0504,2948302.1357
2024/02/14 05:17:09.00,458248.03,5633420.3555,2948289.4859
2024/02/14 05:17:10.00,458247.6383,5633472.0753,2948301.5639
2024/02/14 05:17:11.00,458250.2213,5633472.1126,2948301.1155
2024/02/14 05:17:12.00,458255.8214,5633420.2426,2948288.1826
2024/02/14 05:17:13.00,458259.6187,5633420.2728,2948287.5711
2024/02/14 05:17:14.00,458263.539,5633420.3697,2948286.9515
2024/02/14 05:17:15.00,458265.0089,5633472.0769,2948298.6871
2024/02/14 05:17:16.00,458269.0478,5633472.2192,2948297.9176
2024/02/14 05:17:17.00,458273.553,5633472.2028,2948297.153
2024/02/14 05:17:18.00,458278.5086,5633472.2704,2948296.3856
2024/02/14 05:17:19.00,458283.8093,5633472.3457,2948295.5686
2024/02/14 05:17:20.00,458289.1108,5633472.2413,2948294.74
2024/02/14 05:17:21.00,458294.13,5633472.2749,2948293.9212
2024/02/14 05:17:22.00,458298.4397,5633472.2807,2948293.1364
2024/02/14 05:17:23.00,458301.6484,5633472.227,2948292.5626
2024/02/14 05:17:24.00,458303.8889,5633472.2938,2948292.1699
2024/02/14 05:17:25.00,458305.0288,5633472.2598,2948291.9534
2024/02/14 05:17:26.00,458307.9486,5633420.4161,2948279.4128
2024/02/14 05:17:27.00,458306.2302,5633472.293,2948291.7436
2024/02/14 05:17:28.00,458307.1606,5633472.3949,2948291.5283
2024/02/14 05:17:29.00,458308.5056,5633472.353,2948291.1523
2024/02/14 05:17:30.00,458313.3044,5633463.4014,2948289.3979
2024/02/14 05:17:31.00,458314.7703,5633420.995,2948277.6532
2024/02/14 05:17:32.00,458317.903,5633420.9264,2948277.0946
2024/02/14 05:17:33.00,458321.6833,5633420.9022,2948276.4949
2024/02/14 05:17:34.00,458325.5031,5633420.8607,2948276.0114
2024/02/14 05:17:35.00,458329.1814,5633420.8407,2948275.6596
2024/02/14 05:17:36.00,458332.9481,5633420.7562,2948275.3052
2024/02/14 05:17:37.00,458336.9374,5633420.745,2948274.8688
2024/02/14 05:17:38.00,458340.9513,5633420.6275,2948274.3356
2024/02/14 05:17:39.00,458344.8142,5633420.5994,2948273.7821
2024/02/14 05:17:40.00,458349.5262,5633463.3453,2948284.3625
2024/02/14 05:17:41.00,458352.9547,5633420.6223,2948272.6599
2024/02/14 05:17:42.00,458358.4909,5633463.2361,2948283.226
2024/02/14 05:17:43.00,458362.7544,5633420.4553,2948271.4665
2024/02/14 05:17:44.00,458368.0054,5633420.3467,2948270.7102
2024/02/14 05:17:45.00,458373.2093,5633420.3436,2948269.9124
2024/02/14 05:17:46.00,458378.2183,5633420.4405,2948269.1457
2024/02/14 05:17:47.00,458387.8623,5633462.6321,2948277.6086
2024/02/14 05:17:48.00,458388.2442,5633463.2516,2948278.6563
2024/02/14 05:17:49.00,458392.4644,5633463.3037,2948277.9647
2024/02/14 05:17:50.00,458395.7175,5633420.5189,2948266.0995
2024/02/14 05:17:51.00,458399.712,5633420.509,2948265.5393
2024/02/14 05:17:52.00,458403.7992,5633420.4814,2948265.0279
2024/02/14 05:17:53.00,458408.6723,5633463.1171,2948275.6385
2024/02/14 05:17:54.00,458411.6023,5633420.4278,2948263.9478
2024/02/14 05:17:55.00,458415.8313,5633463.1688,2948274.5724
2024/02/14 05:17:56.00,458418.7759,5633463.2509,2948274.0763
2024/02/14 05:17:57.00,458420.6443,5633420.4298,2948262.5262
2024/02/14 05:17:58.00,458428.0272,5633462.5598,2948271.5248
2024/02/14 05:17:59.00,458426.0404,5633463.0648,2948273.1099
2024/02/14 05:18:00.00,458426.5834,5633420.1672,2948261.7751
2024/02/14 05:18:01.00,458427.3574,5633420.3397,2948261.6661
2024/02/14 05:18:02.00,458428.077,5633420.2383,2948261.5579
2024/02/14 05:18:03.00,458429.623,5633462.9236,2948272.6261
2024/02/14 05:18:04.00,458429.7102,5633420.1245,2948261.3695
2024/02/14 05:18:05.00,458430.9911,5633420.1793,2948261.1727
2024/02/14 05:18:06.00,458432.266,5633420.1483,2948260.9628
2024/02/14 05:18:07.00,458433.2911,5633420.2599,2948260.8629
2024/02/14 05:18:08.00,458433.6518,5633420.2013,2948260.7876
2024/02/14 05:18:09.00,458433.6494,5633420.1715,2948260.7886
2024/02/14 05:18:10.00,458433.6489,5633420.1803,2948260.7971
2024/02/14 05:18:11.00,458433.6507,5633420.1795,2948260.777
2024/02/14 05:18:12.00,458431.3777,5633472.0884,2948273.2795
2024/02/14 05:18:13.00,458434.8492,5633463.0192,2948271.9147
2024/02/14 05:18:14.00,458434.8405,5633420.2475,2948260.5933
2024/02/14 05:18:15.00,458435.4532,5633420.2043,2948260.4875
2024/02/14 05:18:16.00,458435.6597,5633420.2313,2948260.4406
2024/02/14 05:18:17.00,458435.6699,5633420.2235,2948260.4454
2024/02/14 05:18:18.00,458435.7013,5633420.2012,2948260.4308
2024/02/14 05:18:19.00,458436.7489,5633463.0248,2948271.5945
2024/02/14 05:18:20.00,458441.2372,5633462.4273,2948269.6731
2024/02/14 05:18:21.00,458436.7328,5633420.1993,2948260.2645
2024/02/14 05:18:22.00,458437.0977,5633420.1177,2948260.2046
2024/02/14 05:18:23.00,458437.2186,5633420.192,2948260.1667
2024/02/14 05:18:24.00,458437.3315,5633420.1559,2948260.129
2024/02/14 05:18:25.00,458437.5805,5633420.2473,2948260.1051
2024/02/14 05:18:26.00,458438.1865,5633420.1786,2948259.9909
2024/02/14 05:18:27.00,458439.3838,5633420.3721,2948259.8142
2024/02/14 05:18:28.00,458445.7685,5633462.54,2948268.9444
2024/02/14 05:18:29.00,458443.1111,5633463.1343,2948270.5172
2024/02/14 05:18:30.00,458444.4134,5633463.1,2948270.31
2024/02/14 05:18:31.00,458444.7162,5633420.192,2948258.9238
2024/02/14 05:18:32.00,458445.7849,5633420.2942,2948258.7543
2024/02/14 05:18:33.00,458446.6244,5633420.1571,2948258.6422
2024/02/14 05:18:34.00,458447.3661,5633420.2149,2948258.5201
2024/02/14 05:18:35.00,458448.3477,5633420.4322,2948258.422
2024/02/14 05:18:36.00,458449.5694,5633420.3299,2948258.2086
2024/02/14 05:18:37.00,458450.6458,5633420.2281,2948258.0762
2024/02/14 05:18:38.00,458452.1843,5633463.1036,2948269.1849
2024/02/14 05:18:39.00,458451.9379,5633420.3376,2948257.8866
2024/02/14 05:18:40.00,458457.4312,5633462.511,2948267.1562
2024/02/14 05:18:41.00,458457.8937,5633462.4997,2948267.0893
2024/02/14 05:18:42.00,458458.3465,5633462.6484,2948267.0776
2024/02/14 05:18:43.00,458459.0029,5633462.5435,2948266.9824
2024/02/14 05:18:44.00,458447.9127,5633429.891,2948260.6433
2024/02/14 05:18:45.00,458461.5661,5633462.5446,2948266.6644
2024/02/14 05:18:46.00,458463.08,5633462.5515,2948266.4624
2024/02/14 05:18:47.00,458464.8289,5633462.5417,2948266.2761
2024/02/14 05:18:48.00,458466.65,5633462.5172,2948266.0554
2024/02/14 05:18:49.00,458468.5263,5633462.6362,2948265.7888
2024/02/14 05:18:50.00,458470.5097,5633462.4456,2948265.4732
2024/02/14 05:18:51.00,458472.6562,5633462.4768,2948265.1371
2024/02/14 05:18:52.00,458474.6982,5633462.429,2948264.7847
2024/02/14 05:18:53.00,458475.984,5633462.7057,2948264.6568
2024/02/14 05:18:54.00,458486.0615,5633402.4184,2948249.0519
2024/02/14 05:18:55.00,458477.405,5633462.5099,2948264.3816
2024/02/14 05:18:56.00,458466.9588,5633469.6295,2948268.7476
2024/02/14 05:18:57.00,458467.7701,5633469.4593,2948268.6334
2024/02/14 05:18:58.00,458469.1496,5633470.1744,2948268.5709
2024/02/14 05:18:59.00,458489.6081,5633362.8642,2948237.8915
2024/02/14 05:19:00.00,458484.2287,5633460.8562,2948263.1977
2024/02/14 05:19:01.00,458476.6455,5633478.7601,2948267.0772
2024/02/14 05:19:02.00,458488.3414,5633420.4172,2948251.8971
2024/02/14 05:19:03.00,458488.9729,5633499.9242,2948256.0581
2024/02/14 05:19:04.00,458491.9242,5633430.7015,2948251.569
2024/02/14 05:19:05.00,458487.4928,5633488.6577,2948266.1482
2024/02/14 05:19:06.00,458498.9015,5633458.7067,2948266.6916
2024/02/14 05:19:07.00,458511.2578,5633431.9777,2948246.5251
2024/02/14 05:19:08.00,458509.9886,5633500.3521,2948256.3276
2024/02/14 05:19:09.00,458529.5943,5633343.2807,2948237.844
2024/02/14 05:19:10.00,458534.7501,5633343.0038,2948238.0332
2024/02/14 05:19:11.00,458515.46,5633486.8207,2948267.0965
2024/02/14 05:19:12.00,458530.695,5633467.8512,2948263.085
2024/02/14 05:19:13.00,458536.9918,5633473.9265,2948262.5628
2024/02/14 05:19:14.00,458535.0083,5633416.6577,2948259.9754
2024/02/14 05:19:15.00,458539.2411,5633416.1515,2948260.7965
2024/02/14 05:19:16.00,458543.5158,5633415.5147,2948261.6158
2024/02/14 05:19:17.00,458553.9934,5633471.605,2948265.9078
2024/02/14 05:19:18.00,458557.7858,5633470.8159,2948266.837
2024/02/14 05:19:19.00,458541.3427,5633537.4935,2948287.6748
2024/02/14 05:19:20.00,458544.877,5633536.7964,2948288.6608
2024/02/14 05:19:21.00,458566.9364,5633461.0572,2948270.733
2024/02/14 05:19:22.00,458565.3779,5633412.3558,2948267.2083
2024/02/14 05:19:23.00,458573.4408,5633459.3453,2948272.5215
2024/02/14 05:19:24.00,458576.4546,5633459.0132,2948273.5337
2024/02/14 05:19:25.00,458587.7105,5633401.2724,2948259.9002
2024/02/14 05:19:26.00,458590.0272,5633400.9967,2948260.7453
2024/02/14 05:19:27.00,458592.3371,5633399.8015,2948261.4634
2024/02/14 05:19:28.00,458580.3596,5633429.1001,2948267.3017
2024/02/14 05:19:29.00,458583.0503,5633428.665,2948268.4247
2024/02/14 05:19:30.00,458585.5525,5633427.9001,2948269.5308
2024/02/14 05:19:31.00,458587.9794,5633427.2546,2948270.6633
2024/02/14 05:19:32.00,458590.2934,5633426.6758,2948271.8382
2024/02/14 05:19:33.00,458592.6276,5633425.8962,2948272.8919
2024/02/14 05:19:34.00,458594.8022,5633425.3905,2948274.0047
2024/02/14 05:19:35.00,458596.803,5633424.7167,2948275.0477
2024/02/14 05:19:36.00,458598.6835,5633424.2069,2948276.076
2024/02/14 05:19:37.00,458600.7528,5633423.5765,2948277.2365
2024/02/14 05:19:38.00,458602.9324,5633422.8642,2948278.5175
2024/02/14 05:19:39.00,458604.9833,5633422.109,2948279.7701
2024/02/14 05:19:40.00,458606.8032,5633421.5187,2948280.8927
2024/02/14 05:19:41.00,458608.4337,5633420.9834,2948281.8962
2024/02/14 05:19:42.00,458609.9614,5633420.4388,2948282.8442
2024/02/14 05:19:43.00,458611.4228,5633419.9202,2948283.8018
2024/02/14 05:19:44.00,458612.8519,5633419.3704,2948284.7588
2024/02/14 05:19:45.00,458614.4329,5633418.7612,2948285.8553
2024/02/14 05:19:46.00,458616.1006,5633418.0608,2948286.9706
2024/02/14 05:19:47.00,458617.58,5633417.5308,2948288.0208
2024/02/14 05:19:48.00,458618.6605,5633417.1579,2948288.7888
2024/02/14 05:19:49.00,458619.3802,5633416.7999,2948289.2986
2024/02/14 05:19:50.00,458619.8321,5633416.6588,2948289.635
2024/02/14 05:19:51.00,458620.7021,5633416.2859,2948290.2784
2024/02/14 05:19:52.00,458622.0085,5633415.7611,2948291.281
2024/02/14 05:19:53.00,458623.5501,5633415.1878,2948292.4467
2024/02/14 05:19:54.00,458625.2067,5633414.4167,2948293.7051
2024/02/14 05:19:55.00,458626.92,5633413.8245,2948295.0318
2024/02/14 05:19:56.00,458628.6757,5633413.0227,2948296.3285
2024/02/14 05:19:57.00,458630.4262,5633412.2756,2948297.6415
2024/02/14 05:19:58.00,458632.2185,5633411.6201,2948298.9843
2024/02/14 05:19:59.00,458634.004,5633410.9398,2948300.3635
2024/02/14 05:20:00.00,458635.8181,5633410.121,2948301.7576
2024/02/14 05:20:01.00,458637.6304,5633409.3468,2948303.189
2024/02/14 05:20:02.00,458639.3603,5633408.5893,2948304.5689
2024/02/14 05:20:03.00,458640.9283,5633407.9377,2948305.84
2024/02/14 05:20:04.00,458642.4469,5633407.3097,2948307.0671
2024/02/14 05:20:05.00,458643.8488,5633406.6282,2948308.1481
2024/02/14 05:20:06.00,458644.7581,5633406.3827,2948308.8737
2024/02/14 05:20:07.00,458645.553,5633406.0143,2948309.4639
2024/02/14 05:20:08.00,458646.2967,5633405.7069,2948310.0412
2024/02/14 05:20:09.00,458647.1307,5633405.3619,2948310.6929
2024/02/14 05:20:10.00,458648.0415,5633404.9101,2948311.4356
2024/02/14 05:20:11.00,458648.8738,5633404.5665,2948312.1147
2024/02/14 05:20:12.00,458649.6702,5633404.2369,2948312.7837
2024/02/14 05:20:13.00,458650.5366,5633403.9144,2948313.505
2024/02/14 05:20:14.00,458651.325,5633403.5519,2948314.1462
2024/02/14 05:20:15.00,458652.1006,5633403.163,2948314.7874
2024/02/14 05:20:16.00,458652.9104,5633402.7261,2948315.4583
2024/02/14 05:20:17.00,458653.8816,5633402.3905,2948316.242
2024/02/14 05:20:18.00,458654.9399,5633402.0653,2948317.0918
2024/02/14 05:20:19.00,458656.0184,5633401.5717,2948317.9588
2024/02/14 05:20:20.00,458657.1134,5633401.0432,2948318.8631
2024/02/14 05:20:21.00,458658.2345,5633400.5549,2948319.7353
2024/02/14 05:20:22.00,458659.3631,5633400.1571,2948320.6455
2024/02/14 05:20:23.00,458660.4292,5633399.7686,2948321.4794
2024/02/14 05:20:24.00,458661.4275,5633399.3195,2948322.2509
2024/02/14 05:20:25.00,458662.5127,5633398.8362,2948323.1403
2024/02/14 05:20:26.00,458663.7137,5633398.3624,2948324.1019
2024/02/14 05:20:27.00,458664.8306,5633397.7866,2948325.0272
2024/02/14 05:20:28.00,458665.8049,5633397.3705,2948325.8499
2024/02/14 05:20:29.00,458666.659,5633396.9749,2948326.5358
2024/02/14 05:20:30.00,458667.392,5633396.7105,2948327.1686
2024/02/14 05:20:31.00,458668.0864,5633396.324,2948327.7902
2024/02/14 05:20:32.00,458668.7888,5633395.9666,2948328.4123
2024/02/14 05:20:33.00,458669.4976,5633395.7111,2948329.0427
2024/02/14 05:20:34.00,458670.1674,5633395.4167,2948329.6395
2024/02/14 05:20:35.00,458670.8612,5633395.0957,2948330.2426
2024/02/14 05:20:36.00,458671.6824,5633394.7425,2948330.9372
2024/02/14 05:20:37.00,458672.7097,5633394.25,2948331.7644
2024/02/14 05:20:38.00,458673.6805,5633393.8128,2948332.5735
2024/02/14 05:20:39.00,458674.4975,5633393.4189,2948333.2309
2024/02/14 05:20:40.00,458675.4813,5633393.025,2948333.9706
2024/02/14 05:20:41.00,458676.533,5633392.63,2948334.7818
2024/02/14 05:20:42.00,458677.4756,5633392.2496,2948335.5055
2024/02/14 05:20:43.00,458678.2402,5633392.0154,2948336.1282
2024/02/14 05:20:44.00,458678.9189,5633391.6067,2948336.6584
2024/02/14 05:20:45.00,458679.4887,5633391.3678,2948337.1264
2024/02/14 05:20:46.00,458679.7699,5633391.3004,2948337.3696
2024/02/14 05:20:47.00,458680.2505,5633391.0991,2948337.7762
2024/02/14 05:20:48.00,458681.1161,5633390.6941,2948338.4958
2024/02/14 05:20:49.00,458682.0716,5633390.2185,2948339.3303
2024/02/14 05:20:50.00,458683.0572,5633389.7097,2948340.1892
2024/02/14 05:20:51.00,458684.1442,5633389.1693,2948341.1397
2024/02/14 05:20:52.00,458685.1306,5633388.6479,2948341.9928
2024/02/14 05:20:53.00,458685.8145,5633388.4481,2948342.5755
2024/02/14 05:20:54.00,458686.1589,5633388.284,2948342.8439
2024/02/14 05:20:55.00,458686.5338,5633388.0383,2948343.1307
2024/02/14 05:20:56.00,458687.3779,5633387.7598,2948343.8522
2024/02/14 05:20:57.00,458688.1946,5633387.3818,2948344.5474
2024/02/14 05:20:58.00,458689.1206,5633386.9196,2948345.332
2024/02/14 05:20:59.00,458690.1315,5633386.4492,2948346.2132
2024/02/14 05:21:00.00,458691.3307,5633385.9226,2948347.2573
2024/02/14 05:21:01.00,458692.7488,5633385.3381,2948348.4512
2024/02/14 05:21:02.00,458694.3558,5633384.5237,2948349.7936
2024/02/14 05:21:03.00,458696.112,5633383.7761,2948351.2302
2024/02/14 05:21:04.00,458697.8578,5633382.947,2948352.7349
2024/02/14 05:21:05.00,458699.4886,5633382.1995,2948354.1438
2024/02/14 05:21:06.00,458700.786,5633381.6989,2948355.2431
2024/02/14 05:21:07.00,458701.6276,5633381.2581,2948355.8896
2024/02/14 05:21:08.00,458702.1925,5633381.0695,2948356.3357
2024/02/14 05:21:09.00,458702.8465,5633380.8056,2948356.8079
2024/02/14 05:21:10.00,458703.3116,5633380.6602,2948357.1747
2024/02/14 05:21:11.00,458704.0612,5633380.2621,2948357.7496
2024/02/14 05:21:12.00,458705.1157,5633379.8528,2948358.5429
2024/02/14 05:21:13.00,458706.3109,5633379.3098,2948359.4566
2024/02/14 05:21:14.00,458707.7044,5633378.6885,2948360.5212
2024/02/14 05:21:15.00,458709.4086,5633378.0478,2948361.7821
2024/02/14 05:21:16.00,458711.402,5633377.2235,2948363.2789
2024/02/14 05:21:17.00,458713.2259,5633376.435,2948364.6594
2024/02/14 05:21:18.00,458714.7282,5633375.7965,2948365.8382
2024/02/14 05:21:19.00,458716.6255,5633374.9435,2948367.3238
2024/02/14 05:21:20.00,458719.0752,5633373.83,2948369.306
2024/02/14 05:21:21.00,458722.0838,5633372.4694,2948371.8247
2024/02/14 05:21:22.00,458725.3197,5633370.9847,2948374.6089
2024/02/14 05:21:23.00,458728.5597,5633369.4617,2948377.3627
2024/02/14 05:21:24.00,458731.4781,5633368.2334,2948379.7948
2024/02/14 05:21:25.00,458734.3416,5633367.0878,2948382.1793
2024/02/14 05:21:26.00,458737.348,5633365.7918,2948384.6627
2024/02/14 05:21:27.00,458740.5328,5633364.2355,2948387.2314
2024/02/14 05:21:28.00,458743.9859,5633362.7391,2948390.0634
2024/02/14 05:21:29.00,458747.8513,5633361.1252,2948393.2201
2024/02/14 05:21:30.00,458752.1518,5633359.0647,2948396.8609
2024/02/14 05:21:31.00,458756.7832,5633356.7445,2948401.1819
2024/02/14 05:21:32.00,458761.749,5633354.3204,2948405.9121
2024/02/14 05:21:33.00,458766.9901,5633351.5713,2948410.8236
2024/02/14 05:21:34.00,458772.5609,5633349.0209,2948415.7361
2024/02/14 05:21:35.00,458778.293,5633346.3649,2948420.5869
2024/02/14 05:21:36.00,458784.1696,5633343.9097,2948425.4014
2024/02/14 05:21:37.00,458790.1075,5633341.3569,2948430.1799
2024/02/14 05:21:38.00,458796.1769,5633338.769,2948434.8292
2024/02/14 05:21:39.00,458802.1287,5633336.3914,2948439.1948
2024/02/14 05:21:40.00,458807.8492,5633334.0475,2948443.3339
2024/02/14 05:21:41.00,458813.2814,5633332.0385,2948447.0915
2024/02/14 05:21:42.00,458818.3873,5633330.1182,2948450.3795
2024/02/14 05:21:43.00,458823.2929,5633328.1281,2948453.8771
2024/02/14 05:21:44.00,458828.0731,5633325.8918,2948457.6104
2024/02/14 05:21:45.00,458832.5927,5633323.453,2948461.7344
2024/02/14 05:21:46.00,458843.3718,5633328.8358,2948481.8255
2024/02/14 05:21:47.00,458839.4583,5633318.2932,2948471.1237
2024/02/14 05:21:48.00,458840.9484,5633315.8784,2948475.9422
2024/02/14 05:21:49.00,458841.1971,5633313.8449,2948480.3421
2024/02/14 05:21:50.00,458840.7194,5633311.9264,2948483.9817
2024/02/14 05:21:51.00,458847.0099,5633318.5655,2948502.0359
2024/02/14 05:21:52.00,458846.5651,5633317.6799,2948503.9121
2024/02/14 05:21:53.00,458846.0318,5633316.9148,2948505.6699
2024/02/14 05:21:54.00,458847.357,5633337.5837,2948499.8475
2024/02/14 05:21:55.00,458846.3431,5633336.4887,2948502.4332
2024/02/14 05:21:56.00,458843.0698,5633313.3798,2948513.1878
2024/02/14 05:21:57.00,458843.8491,5633333.9981,2948508.0222
2024/02/14 05:21:58.00,458842.4165,5633332.7922,2948510.8966
2024/02/14 05:21:59.00,458841.0096,5633331.477,2948513.8841
2024/02/14 05:22:00.00,458839.5552,5633330.1065,2948516.8898
2024/02/14 05:22:01.00,458838.1225,5633328.7296,2948520.0137
2024/02/14 05:22:02.00,458836.6423,5633327.4114,2948523.1324
2024/02/14 05:22:03.00,458835.3217,5633326.2803,2948525.9264
2024/02/14 05:22:04.00,458834.1816,5633325.1542,2948528.18
2024/02/14 05:22:05.00,458833.2314,5633324.2584,2948530.0953
2024/02/14 05:22:06.00,458832.4489,5633323.6753,2948531.6664
2024/02/14 05:22:07.00,458831.823,5633322.9842,2948532.889
2024/02/14 05:22:08.00,458831.1531,5633322.4428,2948534.2927
2024/02/14 05:22:09.00,458830.4284,5633321.7456,2948535.7474
2024/02/14 05:22:10.00,458829.7399,5633321.1546,2948537.206
2024/02/14 05:22:11.00,458829.1517,5633320.6158,2948538.378
2024/02/14 05:22:12.00,458828.7179,5633320.1564,2948539.314
2024/02/14 05:22:13.00,458828.3883,5633319.9082,2948540.0052
2024/02/14 05:22:14.00,458828.1067,5633319.6891,2948540.5976
2024/02/14 05:22:15.00,458827.6476,5633319.2305,2948541.5327
2024/02/14 05:22:16.00,458826.9299,5633318.5021,2948542.9266
2024/02/14 05:22:17.00,458826.1585,5633317.7189,2948544.4621
2024/02/14 05:22:18.00,458825.4449,5633317.1781,2948545.9832
2024/02/14 05:22:19.00,458824.7846,5633316.6325,2948547.3945
2024/02/14 05:22:20.00,458824.1594,5633315.8789,2948548.6605
2024/02/14 05:22:21.00,458823.4806,5633315.3325,2948550.0579
2024/02/14 05:22:22.00,458822.673,5633314.4576,2948551.728
2024/02/14 05:22:23.00,458821.852,5633313.7979,2948553.506
2024/02/14 05:22:24.00,458821.1102,5633313.0144,2948555.0809
2024/02/14 05:22:25.00,458820.3669,5633312.2674,2948556.646
2024/02/14 05:22:26.00,458819.6331,5633311.607,2948558.1833
2024/02/14 05:22:27.00,458818.9385,5633311.079,2948559.4619
2024/02/14 05:22:28.00,458818.3754,5633310.5837,2948560.5026
2024/02/14 05:22:29.00,458817.8952,5633310.3083,2948561.3538
2024/02/14 05:22:30.00,458817.2367,5633309.6633,2948562.4292
2024/02/14 05:22:31.00,458816.4807,5633309.1876,2948563.6741
2024/02/14 05:22:32.00,458815.7565,5633308.6856,2948564.7932
2024/02/14 05:22:33.00,458815.0534,5633308.2112,2948565.9537
2024/02/14 05:22:34.00,458814.3897,5633307.6243,2948567.0552
2024/02/14 05:22:35.00,458813.7442,5633307.1616,2948568.0976
2024/02/14 05:22:36.00,458813.0294,5633306.6865,2948569.2927
2024/02/14 05:22:37.00,458812.2308,5633306.0759,2948570.5606
2024/02/14 05:22:38.00,458811.5029,5633305.7286,2948571.7841
2024/02/14 05:22:39.00,458810.7864,5633305.001,2948572.9534
2024/02/14 05:22:40.00,458810.1039,5633304.5222,2948574.1238
2024/02/14 05:22:41.00,458809.4809,5633304.1019,2948575.2869
2024/02/14 05:22:42.00,458809.0274,5633303.7369,2948576.143
2024/02/14 05:22:43.00,458807.7188,5633272.3445,2948579.7549
2024/02/14 05:22:44.00,458807.4006,5633272.0575,2948580.3299
2024/02/14 05:22:45.00,458805.6573,5633279.8558,2948577.4319
2024/02/14 05:22:46.00,458806.776,5633267.005,2948581.9082
2024/02/14 05:22:47.00,458802.6,5633274.2702,2948582.7574
2024/02/14 05:22:48.00,458802.4872,5633269.1816,2948581.6995
2024/02/14 05:22:49.00,458803.0094,5633277.6002,2948583.2038
2024/02/14 05:22:50.00,458802.4239,5633276.6031,2948585.0673
2024/02/14 05:22:51.00,458801.7729,5633276.1664,2948586.8751
2024/02/14 05:22:52.00,458799.2679,5633289.7738,2948594.45
2024/02/14 05:22:53.00,458798.9724,5633287.8199,2948595.6555
2024/02/14 05:22:54.00,458799.2293,5633281.7862,2948594.6063
2024/02/14 05:22:55.00,458798.6878,5633280.1784,2948595.8981
2024/02/14 05:22:56.00,458793.819,5633294.2848,2948599.8155
2024/02/14 05:22:57.00,458803.1626,5633276.4274,2948596.4441
2024/02/14 05:22:58.00,458797.9218,5633236.6124,2948590.0201
2024/02/14 05:22:59.00,458797.4368,5633237.1336,2948591.2356
2024/02/14 05:23:00.00,458794.6469,5633276.144,2948605.0904
2024/02/14 05:23:01.00,458794.2591,5633275.6072,2948606.5736
2024/02/14 05:23:02.00,458800.3835,5633321.0877,2948614.449
2024/02/14 05:23:03.00,458800.1463,5633321.0001,2948615.379
2024/02/14 05:23:04.00,458799.9124,5633320.7483,2948616.092
2024/02/14 05:23:05.00,458783.4802,5633311.2232,2948611.4333
2024/02/14 05:23:06.00,458793.178,5633271.3435,2948611.1125
2024/02/14 05:23:07.00,458792.8642,5633270.5776,2948612.1093
2024/02/14 05:23:08.00,458795.0795,5633230.7922,2948600.3137
2024/02/14 05:23:09.00,458792.6134,5633270.4588,2948612.9946
2024/02/14 05:23:10.00,458795.0566,5633230.6868,2948600.4232
2024/02/14 05:23:11.00,458795.0617,5633230.6578,2948600.4062
2024/02/14 05:23:12.00,458795.0604,5633230.6661,2948600.4153
2024/02/14 05:23:13.00,458795.0563,5633230.7017,2948600.4151
2024/02/14 05:23:14.00,458795.0662,5633230.6041,2948600.3875
2024/02/14 05:23:15.00,458795.0712,5633230.6858,2948600.4064
2024/02/14 05:23:16.00,458795.0596,5633230.6529,2948600.4042
2024/02/14 05:23:17.00,458795.0589,5633230.6461,2948600.3988
2024/02/14 05:23:18.00,458795.0619,5633230.6581,2948600.4057
2024/02/14 05:23:19.00,458795.0663,5633230.5929,2948600.3922
2024/02/14 05:23:20.00,458795.0602,5633230.6176,2948600.3924
2024/02/14 05:23:21.00,458795.0454,5633230.5253,2948600.4077
2024/02/14 05:23:22.00,458794.9714,5633230.448,2948600.6993
2024/02/14 05:23:23.00,458794.8368,5633230.087,2948601.1885
2024/02/14 05:23:24.00,458794.7513,5633229.8394,2948601.5387
2024/02/14 05:23:25.00,458794.7125,5633229.8088,2948601.7037
2024/02/14 05:23:26.00,458794.7,5633229.8359,2948601.6958
2024/02/14 05:23:27.00,458794.0616,5633233.7554,2948602.644
2024/02/14 05:23:28.00,458793.9281,5633233.5904,2948603.1399
2024/02/14 05:23:29.00,458791.9568,5633269.1773,2948615.421
2024/02/14 05:23:30.00,458794.3508,5633229.2244,2948602.9597
2024/02/14 05:23:31.00,458794.3459,5633229.1646,2948602.9585
2024/02/14 05:23:32.00,458791.9117,5633269.0726,2948615.5769
2024/02/14 05:23:33.00,458791.9075,5633269.1706,2948615.5839
2024/02/14 05:23:34.00,458791.9212,5633269.1411,2948615.5541
2024/02/14 05:23:35.00,458791.8861,5633269.0952,2948615.646
2024/02/14 05:23:36.00,458794.1899,5633228.9053,2948603.531
2024/02/14 05:23:37.00,458792.5507,5633299.767,2948613.9813
2024/02/14 05:23:38.00,458793.7268,5633228.1644,2948605.0977
2024/02/14 05:23:39.00,458793.4938,5633227.8216,2948605.8946
2024/02/14 05:23:40.00,458792.6419,5633231.4836,2948607.5236
2024/02/14 05:23:41.00,458792.9362,5633227.0347,2948607.5602
2024/02/14 05:23:42.00,458790.2503,5633266.6113,2948621.0398
2024/02/14 05:23:43.00,458791.8087,5633230.1682,2948610.0483
2024/02/14 05:23:44.00,458792.1385,5633225.8463,2948610.0412
2024/02/14 05:23:45.00,458789.5335,5633265.466,2948623.2896
2024/02/14 05:23:46.00,458789.4165,5633265.3423,2948623.6659
2024/02/14 05:23:47.00,458789.4118,5633265.3798,2948623.6802
2024/02/14 05:23:48.00,458789.4227,5633265.4108,2948623.6545
2024/02/14 05:23:49.00,458791.2179,5633229.3534,2948611.9572
2024/02/14 05:23:50.00,458791.0292,5633228.8531,2948612.6062
2024/02/14 05:23:51.00,458790.783,5633228.5927,2948613.392
2024/02/14 05:23:52.00,458788.7467,5633264.1603,2948625.8859
2024/02/14 05:23:53.00,458788.5365,5633263.9646,2948626.5425
2024/02/14 05:23:54.00,458788.4047,5633263.6483,2948626.9872
2024/02/14 05:23:55.00,458788.3591,5633263.6035,2948627.1036
2024/02/14 05:23:56.00,458788.3644,5633263.5834,2948627.1055
2024/02/14 05:23:57.00,458788.3647,5633263.5693,2948627.1007
2024/02/14 05:23:58.00,458788.3661,5633263.5791,2948627.091
2024/02/14 05:23:59.00,458788.3647,5633263.5523,2948627.0797
2024/02/14 05:24:00.00,458788.3692,5633263.5342,2948627.0905
2024/02/14 05:24:01.00,458790.1512,5633227.6195,2948615.3496
2024/02/14 05:24:02.00,458790.0014,5633227.3886,2948615.8514
2024/02/14 05:24:03.00,458789.7456,5633226.9477,2948616.6595
2024/02/14 05:24:04.00,458789.5213,5633226.566,2948617.3797
2024/02/14 05:24:05.00,458789.2977,5633226.3173,2948618.0793
2024/02/14 05:24:06.00,458789.1258,5633226.0488,2948618.5863
2024/02/14 05:24:07.00,458789.011,5633225.8819,2948618.9034
2024/02/14 05:24:08.00,458788.9709,5633225.8506,2948619.0699
2024/02/14 05:24:09.00,458788.9559,5633225.7854,2948619.1246
2024/02/14 05:24:10.00,458788.8841,5633225.7074,2948619.3365
2024/02/14 05:24:11.00,458788.7159,5633225.2836,2948619.9711
2024/02/14 05:24:12.00,458788.4623,5633224.8972,2948620.8146
2024/02/14 05:24:13.00,458788.2095,5633224.5381,2948621.6445
2024/02/14 05:24:14.00,458787.9233,5633224.1083,2948622.6274
2024/02/14 05:24:15.00,458787.5656,5633223.4361,2948623.8534
2024/02/14 05:24:16.00,458787.1419,5633222.7364,2948625.2372
2024/02/14 05:24:17.00,458786.7565,5633222.1435,2948626.4884
2024/02/14 05:24:18.00,458786.5246,5633221.6865,2948627.1994
2024/02/14 05:24:19.00,458786.4419,5633221.5537,2948627.4604
2024/02/14 05:24:20.00,458786.4442,5633221.5458,2948627.4712
2024/02/14 05:24:21.00,458786.4424,5633221.5482,2948627.458
2024/02/14 05:24:22.00,458786.4291,5633221.5288,2948627.446
2024/02/14 05:24:23.00,458786.4445,5633221.5597,2948627.4567
2024/02/14 05:24:24.00,458786.4358,5633221.5366,2948627.4522
2024/02/14 05:24:25.00,458786.4395,5633221.5795,2948627.4617
2024/02/14 05:24:26.00,458786.4373,5633221.5583,2948627.4589
2024/02/14 05:24:27.00,458786.4321,5633221.5565,2948627.4525
2024/02/14 05:24:28.00,458786.4378,5633221.5556,2948627.451
2024/02/14 05:24:29.00,458786.4353,5633221.5333,2948627.4541
2024/02/14 05:24:30.00,458786.4338,5633221.487,2948627.4418
2024/02/14 05:24:31.00,458786.4381,5633221.5361,2948627.4587
2024/02/14 05:24:32.00,458786.4056,5633221.5096,2948627.5413
2024/02/14 05:24:33.00,458786.3388,5633221.4446,2948627.7402
2024/02/14 05:24:34.00,458786.3012,5633221.3315,2948627.8172
2024/02/14 05:24:35.00,458786.3033,5633221.4051,2948627.8244
2024/02/14 05:24:36.00,458786.3059,5633221.3491,2948627.8227
2024/02/14 05:24:37.00,458786.3031,5633221.3639,2948627.8235
2024/02/14 05:24:38.00,458786.3015,5633221.3539,2948627.8249
2024/02/14 05:24:39.00,458786.3008,5633221.333,2948627.8118
2024/02/14 05:24:40.00,458786.292,5633221.2979,2948627.8074
2024/02/14 05:24:41.00,458786.2925,5633221.3236,2948627.8167
2024/02/14 05:24:42.00,458786.2893,5633221.3011,2948627.8076
2024/02/14 05:24:43.00,458786.2952,5633221.3417,2948627.806
2024/02/14 05:24:44.00,458786.2707,5633221.266,2948627.8692
2024/02/14 05:24:45.00,458786.1695,5633221.1619,2948628.2234
2024/02/14 05:24:46.00,458785.9906,5633220.9389,2948628.7623
2024/02/14 05:24:47.00,458785.8576,5633220.6824,2948629.1733
2024/02/14 05:24:48.00,458785.7462,5633220.488,2948629.5036
2024/02/14 05:24:49.00,458785.6668,5633220.3359,2948629.7696
2024/02/14 05:24:50.00,458785.6085,5633220.2856,2948629.9442
2024/02/14 05:24:51.00,458785.5651,5633220.1881,2948630.0692
2024/02/14 05:24:52.00,458785.4919,5633220.1191,2948630.2628
2024/02/14 05:24:53.00,458785.3807,5633219.8316,2948630.6598
2024/02/14 05:24:54.00,458785.249,5633219.7323,2948631.0695
2024/02/14 05:24:55.00,458785.1519,5633219.5688,2948631.3933
2024/02/14 05:24:56.00,458785.0617,5633219.419,2948631.6959
2024/02/14 05:24:57.00,458784.9775,5633219.2675,2948631.9583
2024/02/14 05:24:58.00,458784.8948,5633219.1196,2948632.1912
2024/02/14 05:24:59.00,458784.8116,5633218.9452,2948632.4154
2024/02/14 05:25:00.00,458784.7366,5633218.8903,2948632.7015
2024/02/14 05:25:01.00,458784.6266,5633218.6946,2948633.035
2024/02/14 05:25:02.00,458784.5154,5633218.5906,2948633.4135
2024/02/14 05:25:03.00,458784.3968,5633218.3221,2948633.7819
2024/02/14 05:25:04.00,458784.319,5633218.1867,2948634.0096
2024/02/14 05:25:05.00,458784.3219,5633218.2501,2948634.0206
2024/02/14 05:25:06.00,458784.3103,5633218.2264,2948634.0274
2024/02/14 05:25:07.00,458784.2837,5633218.1721,2948634.1113
2024/02/14 05:25:08.00,458784.2525,5633218.1007,2948634.28
2024/02/14 05:25:09.00,458784.2097,5633217.9295,2948634.4285
2024/02/14 05:25:10.00,458784.1895,5633217.8211,2948634.5546
2024/02/14 05:25:11.00,458784.1781,5633217.8991,2948634.6012
2024/02/14 05:25:12.00,458784.1847,5633217.8801,2948634.5919
2024/02/14 05:25:13.00,458784.1832,5633217.8621,2948634.597
2024/02/14 05:25:14.00,458784.1794,5633217.8554,2948634.588
2024/02/14 05:25:15.00,458784.1765,5633217.876,2948634.605
2024/02/14 05:25:16.00,458784.147,5633217.7922,2948634.7225
2024/02/14 05:25:17.00,458784.0859,5633217.6489,2948634.9462
2024/02/14 05:25:18.00,458784.0762,5633217.6612,2948635.0372
2024/02/14 05:25:19.00,458784.0711,5633217.6785,2948635.0374
2024/02/14 05:25:20.00,458784.0795,5633217.7078,2948635.0316
2024/02/14 05:25:21.00,458784.0665,5633217.7264,2948635.0331
2024/02/14 05:25:22.00,458784.067,5633217.7269,2948635.0372
2024/02/14 05:25:23.00,458784.0717,5633217.691,2948635.0317
2024/02/14 05:25:24.00,458784.0762,5633217.6596,2948635.0377
2024/02/14 05:25:25.00,458784.067,5633217.715,2948635.036
2024/02/14 05:25:26.00,458784.0713,5633217.6709,2948635.0271
2024/02/14 05:25:27.00,458784.0673,5633217.7208,2948635.0395
2024/02/14 05:25:28.00,458784.0639,5633217.6623,2948635.0262
2024/02/14 05:25:29.00,458784.0728,5633217.6934,2948635.0321
2024/02/14 05:25:30.00,458784.0627,5633217.6898,2948635.0332
2024/02/14 05:25:31.00,458784.0656,5633217.7138,2948635.0362
2024/02/14 05:25:32.00,458784.067,5633217.6623,2948635.0298
2024/02/14 05:25:33.00,458784.0626,5633217.6153,2948635.0162
2024/02/14 05:25:34.00,458784.0653,5633217.6478,2948635.0238
2024/02/14 05:25:35.00,458784.063,5633217.6649,2948635.0205
2024/02/14 05:25:36.00,458784.0656,5633217.6445,2948635.0251
2024/02/14 05:25:37.00,458784.0642,5633217.6683,2948635.0394
2024/02/14 05:25:38.00,458784.0646,5633217.6254,2948635.0189
2024/02/14 05:25:39.00,458784.0422,5633217.5602,2948635.1293
2024/02/14 05:25:40.00,458783.9667,5633217.4189,2948635.4317
2024/02/14 05:25:41.00,458783.8184,5633217.1852,2948636.1279
2024/02/14 05:25:42.00,458783.6247,5633216.6873,2948636.8633
2024/02/14 05:25:43.00,458783.462,5633216.2865,2948637.5433
2024/02/14 05:25:44.00,458783.2723,5633216.0381,2948638.2228
2024/02/14 05:25:45.00,458783.078,5633215.6422,2948638.939
2024/02/14 05:25:46.00,458782.8997,5633215.3508,2948639.6002
2024/02/14 05:25:47.00,458782.7449,5633214.8845,2948640.1794
2024/02/14 05:25:48.00,458782.6045,5633214.6361,2948640.7533
2024/02/14 05:25:49.00,458782.4982,5633214.4375,2948641.2272
2024/02/14 05:25:50.00,458782.434,5633214.3025,2948641.515
2024/02/14 05:25:51.00,458782.4073,5633214.2373,2948641.633
2024/02/14 05:25:52.00,458782.41,5633214.1953,2948641.6388
2024/02/14 05:25:53.00,458782.4071,5633214.2056,2948641.6377
2024/02/14 05:25:54.00,458782.4018,5633214.2142,2948641.6578
2024/02/14 05:25:55.00,458782.3756,5633214.1547,2948641.7514
2024/02/14 05:25:56.00,458782.3141,5633214.0208,2948641.9409
2024/02/14 05:25:57.00,458782.2917,5633213.9714,2948642.0164
2024/02/14 05:25:58.00,458782.2923,5633213.9682,2948642.0195
2024/02/14 05:25:59.00,458782.2927,5633213.9394,2948642.0225
2024/02/14 05:26:00.00,458782.2851,5633214.0005,2948642.0171
2024/02/14 05:26:01.00,458782.295,5633213.9601,2948642.03
2024/02/14 05:26:02.00,458782.2884,5633213.9789,2948642.0179
2024/02/14 05:26:03.00,458782.2812,5633213.9957,2948642.0502
2024/02/14 05:26:04.00,458782.2472,5633213.8871,2948642.1849
2024/02/14 05:26:05.00,458782.1456,5633213.7661,2948642.6305
2024/02/14 05:26:06.00,458781.943,5633213.374,2948643.4051
2024/02/14 05:26:07.00,458781.7347,5633212.8938,2948644.1363
2024/02/14 05:26:08.00,458781.4703,5633212.4993,2948645.0455
2024/02/14 05:26:09.00,458781.1608,5633212.0474,2948645.9272
2024/02/14 05:26:10.00,458780.8812,5633211.4632,2948646.8097
2024/02/14 05:26:11.00,458780.5879,5633211.1078,2948647.6725
2024/02/14 05:26:12.00,458778.5776,5633246.8586,2948660.4561
2024/02/14 05:26:13.00,458780.161,5633210.4105,2948649.0805
2024/02/14 05:26:14.00,458779.9973,5633210.2431,2948649.5326
2024/02/14 05:26:15.00,458779.8484,5633209.8944,2948649.9543
2024/02/14 05:26:16.00,458779.7153,5633209.713,2948650.3663
2024/02/14 05:26:17.00,458779.5357,5633209.4877,2948650.915
2024/02/14 05:26:18.00,458779.2842,5633209.1717,2948651.6551
2024/02/14 05:26:19.00,458777.2885,5633244.8421,2948664.2591
2024/02/14 05:26:20.00,458778.8731,5633208.4892,2948652.7911
2024/02/14 05:26:21.00,458778.845,5633208.4145,2948652.8894
2024/02/14 05:26:22.00,458778.8425,5633208.417,2948652.859
2024/02/14 05:26:23.00,458777.0968,5633244.6046,2948664.7828
2024/02/14 05:26:24.00,458778.8089,5633208.4372,2948652.9954
2024/02/14 05:26:25.00,458778.6768,5633208.1907,2948653.3353
2024/02/14 05:26:26.00,458778.5667,5633208.1803,2948653.7103
2024/02/14 05:26:27.00,458778.5355,5633208.0604,2948653.7698
2024/02/14 05:26:28.00,458778.5388,5633208.0345,2948653.7734
2024/02/14 05:26:29.00,458778.4387,5633207.7924,2948654.0576
2024/02/14 05:26:30.00,458776.4704,5633243.5997,2948666.7255
2024/02/14 05:26:31.00,458776.2738,5633243.3066,2948667.525
2024/02/14 05:26:32.00,458777.2507,5633210.7485,2948657.1187
2024/02/14 05:26:33.00,458777.6512,5633206.4404,2948657.0098
2024/02/14 05:26:34.00,458777.5217,5633206.1104,2948657.5628
2024/02/14 05:26:35.00,458775.6936,5633242.0951,2948669.8146
2024/02/14 05:26:36.00,458776.8582,5633209.9107,2948658.7149
2024/02/14 05:26:37.00,458775.6895,5633242.0724,2948669.9262
2024/02/14 05:26:38.00,458775.6397,5633241.9748,2948670.1333
2024/02/14 05:26:39.00,458775.5784,5633241.6952,2948670.5383
2024/02/14 05:26:40.00,458775.5256,5633241.6447,2948670.7688
2024/02/14 05:26:41.00,458776.7096,5633209.4763,2948659.6408
2024/02/14 05:26:42.00,458783.8332,5633188.3966,2948657.4983
2024/02/14 05:26:43.00,458776.7026,5633209.4883,2948659.6293
2024/02/14 05:26:44.00,458783.8388,5633188.3457,2948657.4871
2024/02/14 05:26:45.00,458783.8291,5633188.3642,2948657.4765
2024/02/14 05:26:46.00,458783.8321,5633188.3365,2948657.4914
2024/02/14 05:26:47.00,458783.8113,5633188.3354,2948657.5398
2024/02/14 05:26:48.00,458776.6475,5633209.1962,2948659.8878
2024/02/14 05:26:49.00,458777.1568,5633205.1593,2948659.4424
2024/02/14 05:26:50.00,458777.0975,5633204.9286,2948659.6839
2024/02/14 05:26:51.00,458777.0985,5633204.9423,2948659.7287
2024/02/14 05:26:52.00,458776.5237,5633208.9295,2948660.5359
2024/02/14 05:26:53.00,458776.5228,5633208.9691,2948660.5374
2024/02/14 05:26:54.00,458776.5226,5633208.9214,2948660.5371
2024/02/14 05:26:55.00,458776.5267,5633208.969,2948660.541
2024/02/14 05:26:56.00,458776.5197,5633209.0365,2948660.5393
2024/02/14 05:26:57.00,458776.5202,5633208.9262,2948660.5297
2024/02/14 05:26:58.00,458776.5124,5633208.9733,2948660.5342
2024/02/14 05:26:59.00,458776.5137,5633208.9326,2948660.5238
2024/02/14 05:27:00.00,458775.3571,5633241.105,2948671.6716
2024/02/14 05:27:01.00,458775.3511,5633241.15,2948671.6729
2024/02/14 05:27:02.00,458776.52,5633208.9755,2948660.5293
2024/02/14 05:27:03.00,458776.5172,5633208.8979,2948660.52
2024/02/14 05:27:04.00,458776.522,5633208.9359,2948660.5313
2024/02/14 05:27:05.00,458775.3553,5633241.1455,2948671.6795
2024/02/14 05:27:06.00,458776.5165,5633208.9452,2948660.5269
2024/02/14 05:27:07.00,458776.5113,5633208.9919,2948660.5329
2024/02/14 05:27:08.00,458775.3543,5633241.1372,2948671.6795
2024/02/14 05:27:09.00,458776.5208,5633208.9685,2948660.525
2024/02/14 05:27:10.00,458776.5108,5633208.9485,2948660.527
2024/02/14 05:27:11.00,458776.5116,5633208.9868,2948660.5267
2024/02/14 05:27:12.00,458775.3568,5633241.1026,2948671.6691
2024/02/14 05:27:13.00,458776.5182,5633208.9653,2948660.5328
2024/02/14 05:27:14.00,458776.5155,5633208.936,2948660.5237
2024/02/14 05:27:15.00,458776.5176,5633208.9681,2948660.5305
2024/02/14 05:27:16.00,458776.5115,5633208.953,2948660.5235
2024/02/14 05:27:17.00,458776.5135,5633208.948,2948660.515
2024/02/14 05:27:18.00,458776.5079,5633208.936,2948660.5168
2024/02/14 05:27:19.00,458776.5163,5633208.9584,2948660.525
2024/02/14 05:27:20.00,458776.5067,5633208.9679,2948660.5069
2024/02/14 05:27:21.00,458775.3577,5633241.1254,2948671.6646
2024/02/14 05:27:22.00,458775.3527,5633241.1467,2948671.6648
2024/02/14 05:27:23.00,458776.5116,5633208.9698,2948660.5245
2024/02/14 05:27:24.00,458776.5075,5633208.9414,2948660.5087
2024/02/14 05:27:25.00,458776.5047,5633208.8879,2948660.5015
2024/02/14 05:27:26.00,458776.5093,5633208.9686,2948660.5181
2024/02/14 05:27:27.00,458776.5127,5633208.9627,2948660.5131
2024/02/14 05:27:28.00,458776.5083,5633208.9482,2948660.511
2024/02/14 05:27:29.00,458776.5077,5633208.9765,2948660.5077
2024/02/14 05:27:30.00,458776.5117,5633208.9397,2948660.5107
2024/02/14 05:27:31.00,458776.5057,5633208.9242,2948660.5103
2024/02/14 05:27:32.00,458776.5099,5633208.9212,2948660.5021
2024/02/14 05:27:33.00,458776.5113,5633208.9249,2948660.512
2024/02/14 05:27:34.00,458776.507,5633208.9656,2948660.5046
2024/02/14 05:27:35.00,458776.5048,5633208.9309,2948660.5049
2024/02/14 05:27:36.00,458776.5041,5633208.9556,2948660.5091
2024/02/14 05:27:37.00,458776.5052,5633208.9908,2948660.5104
2024/02/14 05:27:38.00,458776.5067,5633208.9167,2948660.5124
2024/02/14 05:27:39.00,458776.5058,5633208.9373,2948660.506
2024/02/14 05:27:40.00,458776.5058,5633208.9005,2948660.5072
2024/02/14 05:27:41.00,458776.506,5633208.9583,2948660.5146
2024/02/14 05:27:42.00,458776.5142,5633208.9387,2948660.5024
2024/02/14 05:27:43.00,458776.5054,5633208.9649,2948660.5158
2024/02/14 05:27:44.00,458776.5029,5633208.9618,2948660.513
2024/02/14 05:27:45.00,458776.5044,5633208.8874,2948660.5028
2024/02/14 05:27:46.00,458776.5078,5633208.9486,2948660.5101
2024/02/14 05:27:47.00,458776.506,5633208.937,2948660.5003
2024/02/14 05:27:48.00,458776.5076,5633208.93,2948660.5092
2024/02/14 05:27:49.00,458776.4978,5633208.9217,2948660.5022
2024/02/14 05:27:50.00,458776.4982,5633208.996,2948660.5098
2024/02/14 05:27:51.00,458776.4997,5633208.9161,2948660.5072
2024/02/14 05:27:52.00,458776.4992,5633208.9263,2948660.5028
2024/02/14 05:27:53.00,458776.505,5633208.8605,2948660.4936
2024/02/14 05:27:54.00,458776.4937,5633208.8825,2948660.5049
2024/02/14 05:27:55.00,458776.5012,5633208.912,2948660.4894
2024/02/14 05:27:56.00,458776.5078,5633208.9575,2948660.5093
2024/02/14 05:27:57.00,458776.4946,5633208.8889,2948660.5005
2024/02/14 05:27:58.00,458776.4978,5633208.9456,2948660.4986
2024/02/14 05:27:59.00,458776.4946,5633208.9121,2948660.5025
2024/02/14 05:28:00.00,458776.4898,5633208.9474,2948660.4969
2024/02/14 05:28:01.00,458776.4985,5633208.9515,2948660.5069
2024/02/14 05:28:02.00,458776.4917,5633208.8913,2948660.4918
2024/02/14 05:28:03.00,458776.4964,5633208.9373,2948660.4936
2024/02/14 05:28:04.00,458777.9299,5633224.0167,2948656.5791
2024/02/14 05:28:05.00,458776.4905,5633208.9346,2948660.4894
2024/02/14 05:28:06.00,458776.4921,5633208.8899,2948660.495
2024/02/14 05:28:07.00,458776.4919,5633208.9053,2948660.492
2024/02/14 05:28:08.00,458776.493,5633208.9201,2948660.5004
2024/02/14 05:28:09.00,458776.4955,5633208.9255,2948660.5012
2024/02/14 05:28:10.00,458776.4909,5633208.9298,2948660.4818
2024/02/14 05:28:11.00,458776.4954,5633208.9298,2948660.4911
2024/02/14 05:28:12.00,458776.4969,5633208.8946,2948660.487
2024/02/14 05:28:13.00,458775.3535,5633241.1288,2948671.6634
2024/02/14 05:28:14.00,458776.4879,5633208.9386,2948660.4963
2024/02/14 05:28:15.00,458776.4841,5633208.9233,2948660.4897
2024/02/14 05:28:16.00,458776.4906,5633208.9204,2948660.4954
2024/02/14 05:28:17.00,458775.3563,5633241.1295,2948671.6662
2024/02/14 05:28:18.00,458776.4852,5633208.9025,2948660.4844
2024/02/14 05:28:19.00,458776.4821,5633208.942,2948660.4936
2024/02/14 05:28:20.00,458776.484,5633208.8806,2948660.4815
2024/02/14 05:28:21.00,458776.4895,5633208.8743,2948660.4831
2024/02/14 05:28:22.00,458776.4873,5633208.9213,2948660.4911
2024/02/14 05:28:23.00,458776.4822,5633208.8919,2948660.4743
2024/02/14 05:28:24.00,458776.4827,5633208.9071,2948660.4783
2024/02/14 05:28:25.00,458776.4806,5633208.8313,2948660.4657
2024/02/14 05:28:26.00,458776.4772,5633208.8927,2948660.4732
2024/02/14 05:28:27.00,458776.4738,5633208.8602,2948660.4668
2024/02/14 05:28:28.00,458776.4782,5633208.89,2948660.479
2024/02/14 05:28:29.00,458775.3487,5633241.1052,2948671.657
2024/02/14 05:28:30.00,458776.4805,5633208.8674,2948660.4749
2024/02/14 05:28:31.00,458776.4805,5633208.9295,2948660.479
2024/02/14 05:28:32.00,458776.4818,5633208.9433,2948660.4815
2024/02/14 05:28:33.00,458776.4778,5633208.8881,2948660.4761
2024/02/14 05:28:34.00,458776.4786,5633208.8686,2948660.4703
2024/02/14 05:28:35.00,458776.475,5633208.9146,2948660.4766
2024/02/14 05:28:36.00,458776.4848,5633208.9074,2948660.4775
2024/02/14 05:28:37.00,458776.4765,5633208.8936,2948660.4821
2024/02/14 05:28:38.00,458776.4781,5633208.9136,2948660.4691
2024/02/14 05:28:39.00,458776.4783,5633208.9014,2948660.478
2024/02/14 05:28:40.00,458777.9502,5633224.133,2948656.6033
2024/02/14 05:28:41.00,458775.3628,5633241.1318,2948671.6761
2024/02/14 05:28:42.00,458777.948,5633224.0832,2948656.6042
2024/02/14 05:28:43.00,458776.4724,5633208.8968,2948660.4774
2024/02/14 05:28:44.00,458777.9613,5633224.0631,2948656.6042
2024/02/14 05:28:45.00,458777.9554,5633224.1172,2948656.613
2024/02/14 05:28:46.00,458776.4783,5633208.9319,2948660.4777
2024/02/14 05:28:47.00,458776.4706,5633208.8988,2948660.4687
2024/02/14 05:28:48.00,458776.4657,5633208.8852,2948660.4698
2024/02/14 05:28:49.00,458777.9562,5633224.0999,2948656.6207
2024/02/14 05:28:50.00,458776.4713,5633208.9101,2948660.4806
2024/02/14 05:28:51.00,458777.9592,5633224.1042,2948656.6069
2024/02/14 05:28:52.00,458777.9587,5633224.103,2948656.6068
2024/02/14 05:28:53.00,458777.9546,5633224.099,2948656.6104
2024/02/14 05:28:54.00,458777.9616,5633224.0962,2948656.611
2024/02/14 05:28:55.00,458777.9588,5633224.089,2948656.6121
2024/02/14 05:28:56.00,458777.9572,5633224.1161,2948656.6136
2024/02/14 05:28:57.00,458777.9643,5633224.1291,2948656.6162
2024/02/14 05:28:58.00,458777.9627,5633224.1267,2948656.6135
2024/02/14 05:28:59.00,458777.9598,5633224.1144,2948656.6078
2024/02/14 05:29:00.00,458777.966,5633224.1516,2948656.616
2024/02/14 05:29:01.00,458777.9616,5633224.1283,2948656.6171
2024/02/14 05:29:02.00,458777.9657,5633224.1409,2948656.6188
2024/02/14 05:29:03.00,458777.965,5633224.1249,2948656.6157
2024/02/14 05:29:04.00,458777.9699,5633224.1706,2948656.6171
2024/02/14 05:29:05.00,458777.9679,5633224.1833,2948656.6226
2024/02/14 05:29:06.00,458777.9748,5633224.1155,2948656.6223
2024/02/14 05:29:07.00,458777.9695,5633224.146,2948656.6214
2024/02/14 05:29:08.00,458777.9773,5633224.1166,2948656.6241
2024/02/14 05:29:09.00,458777.9642,5633224.1071,2948656.6445
2024/02/14 05:29:10.00,458777.9281,5633223.8608,2948656.7314
2024/02/14 05:29:11.00,458777.8394,5633223.8127,2948657.0793
2024/02/14 05:29:12.00,458777.6668,5633223.3905,2948657.9265
2024/02/14 05:29:13.00,458777.3619,5633222.8018,2948659.2591
2024/02/14 05:29:14.00,458776.9999,5633222.041,2948660.6136
2024/02/14 05:29:15.00,458776.7197,5633221.3606,2948661.849
2024/02/14 05:29:16.00,458776.4071,5633220.7796,2948663.0692
2024/02/14 05:29:17.00,458776.0896,5633220.1739,2948664.3817
2024/02/14 05:29:18.00,458777.526,5633184.4781,2948670.6946
2024/02/14 05:29:19.00,458777.3554,5633245.6295,2948679.1502
2024/02/14 05:29:22.00,458766.6549,5633280.186,2948699.526
2024/02/14 05:29:23.00,458776.392,5633248.4434,2948686.5372
2024/02/14 05:29:24.00,458772.284,5633232.4833,2948685.2553
2024/02/14 05:29:25.00,458772.2859,5633227.2848,2948687.4647
2024/02/14 05:29:26.00,458773.7985,5633237.5781,2948691.5822
2024/02/14 05:29:27.00,458768.8816,5633190.3877,2948684.2741
2024/02/14 05:29:28.00,458778.8534,5633258.8033,2948706.6398
2024/02/14 05:29:29.00,458778.2797,5633257.8854,2948708.5669
2024/02/14 05:29:30.00,458767.2278,5633187.4633,2948689.996
2024/02/14 05:29:31.00,458766.7388,5633186.3867,2948691.7775
2024/02/14 05:29:32.00,458766.2675,5633185.5305,2948693.5226
2024/02/14 05:29:33.00,458765.7978,5633184.6636,2948695.2402
2024/02/14 05:29:34.00,458765.2694,5633183.7258,2948697.0906
2024/02/14 05:29:35.00,458764.674,5633182.7869,2948699.0528
2024/02/14 05:29:36.00,458764.1127,5633181.9171,2948700.8547
2024/02/14 05:29:37.00,458763.5985,5633181.1518,2948702.4372
2024/02/14 05:29:38.00,458763.0969,5633180.4328,2948703.9126
2024/02/14 05:29:39.00,458762.5681,5633179.6761,2948705.4721
2024/02/14 05:29:40.00,458761.9915,5633178.8093,2948707.1569
2024/02/14 05:29:41.00,458761.3865,5633177.9748,2948708.8548
2024/02/14 05:29:42.00,458760.8052,5633177.2168,2948710.3477
2024/02/14 05:29:43.00,458760.387,5633176.6423,2948711.644
2024/02/14 05:29:44.00,458760.0957,5633176.0721,2948712.7633
2024/02/14 05:29:45.00,458759.7324,5633175.3553,2948714.0011
2024/02/14 05:29:46.00,458759.2526,5633174.6705,2948715.4998
2024/02/14 05:29:47.00,458758.6861,5633173.9394,2948717.1097
2024/02/14 05:29:48.00,458758.1308,5633173.315,2948718.608
2024/02/14 05:29:49.00,458757.6491,5633172.6439,2948719.9536
2024/02/14 05:29:50.00,458757.137,5633171.8093,2948721.4551
2024/02/14 05:29:51.00,458756.4614,5633171.0335,2948723.0502
2024/02/14 05:29:52.00,458755.8335,5633170.3375,2948724.7375
2024/02/14 05:29:53.00,458755.0595,5633169.3709,2948726.5813
2024/02/14 05:29:54.00,458754.2378,5633168.5091,2948728.5283
2024/02/14 05:29:55.00,458753.4577,5633167.7872,2948730.3775
2024/02/14 05:29:56.00,458752.779,5633166.9532,2948731.921
2024/02/14 05:29:57.00,458752.1732,5633166.2915,2948733.2967
2024/02/14 05:29:58.00,458751.6857,5633165.8794,2948734.3838
2024/02/14 05:29:59.00,458751.1258,5633165.4026,2948735.4611
2024/02/14 05:30:00.00,458750.4031,5633164.7479,2948736.7232
2024/02/14 05:30:01.00,458749.5171,5633164.1852,2948738.1957
2024/02/14 05:30:02.00,458748.4582,5633163.2773,2948739.9009
2024/02/14 05:30:03.00,458747.1862,5633162.418,2948742.0021
2024/02/14 05:30:04.00,458745.7299,5633161.4867,2948744.35
2024/02/14 05:30:05.00,458744.198,5633160.2693,2948747.0641
2024/02/14 05:30:06.00,458742.4071,5633158.7919,2948750.3058
2024/02/14 05:30:07.00,458740.6161,5633157.3158,2948753.7421
2024/02/14 05:30:08.00,458738.9572,5633155.9337,2948756.8827
2024/02/14 05:30:09.00,458737.3277,5633154.4855,2948759.8741
2024/02/14 05:30:10.00,458735.5706,5633153.1678,2948763.072
2024/02/14 05:30:11.00,458733.6197,5633151.6577,2948766.5113
2024/02/14 05:30:12.00,458731.5147,5633149.8207,2948770.2731
2024/02/14 05:30:13.00,458729.2915,5633148.0619,2948774.2939
2024/02/14 05:30:14.00,458726.9906,5633146.0955,2948778.4698
2024/02/14 05:30:15.00,458724.6004,5633144.1207,2948782.8003
2024/02/14 05:30:16.00,458722.1301,5633142.1413,2948787.2082
2024/02/14 05:30:17.00,458719.5828,5633140.1548,2948791.7364
2024/02/14 05:30:18.00,458717.0643,5633137.9708,2948796.2529
2024/02/14 05:30:19.00,458714.6801,5633135.8878,2948800.8957
2024/02/14 05:30:20.00,458712.2338,5633133.7495,2948805.6632
2024/02/14 05:30:21.00,458709.681,5633131.3123,2948810.5932
2024/02/14 05:30:22.00,458707.127,5633128.9609,2948815.6526
2024/02/14 05:30:23.00,458704.6309,5633126.6749,2948820.7227
2024/02/14 05:30:24.00,458702.3346,5633124.3104,2948825.4849
2024/02/14 05:30:25.00,458700.3252,5633122.4385,2948829.5588
2024/02/14 05:30:26.00,458698.6716,5633120.8683,2948832.7334
2024/02/14 05:30:27.00,458697.1917,5633119.6496,2948835.4918
2024/02/14 05:30:28.00,458695.7338,5633118.4357,2948838.0762
2024/02/14 05:30:29.00,458694.3082,5633117.1563,2948840.6606
2024/02/14 05:30:30.00,458692.7528,5633115.9105,2948843.3245
2024/02/14 05:30:31.00,458691.0273,5633114.5624,2948846.1961
2024/02/14 05:30:32.00,458689.2904,5633113.1387,2948849.3048
2024/02/14 05:30:33.00,458687.457,5633111.4868,2948852.8228
2024/02/14 05:30:34.00,458685.4157,5633109.4844,2948856.8267
2024/02/14 05:30:35.00,458683.1578,5633107.2507,2948861.4486
2024/02/14 05:30:36.00,458680.7853,5633104.9074,2948866.2536
2024/02/14 05:30:37.00,458678.4249,5633102.8928,2948870.7052
2024/02/14 05:30:38.00,458676.4628,5633100.9578,2948874.636
2024/02/14 05:30:39.00,458674.7205,5633099.3031,2948878.1464
2024/02/14 05:30:40.00,458673.4085,5633098.0387,2948880.7838
2024/02/14 05:30:41.00,458672.3879,5633097.117,2948882.6942
2024/02/14 05:30:42.00,458671.6743,5633096.4509,2948884.0774
2024/02/14 05:30:43.00,458671.1668,5633095.927,2948885.2665
2024/02/14 05:30:44.00,458670.5294,5633095.1942,2948886.7356
2024/02/14 05:30:45.00,458669.7008,5633094.2398,2948888.7775
2024/02/14 05:30:46.00,458668.9152,5633092.9323,2948890.8646
2024/02/14 05:30:47.00,458668.1215,5633091.8031,2948893.2341
2024/02/14 05:30:48.00,458667.1427,5633090.5523,2948896.0474
2024/02/14 05:30:49.00,458666.0408,5633088.9023,2948899.176
2024/02/14 05:30:50.00,458664.8659,5633087.3735,2948902.2693
2024/02/14 05:30:51.00,458663.8536,5633086.3629,2948904.9679
2024/02/14 05:30:52.00,458663.0021,5633085.0026,2948907.1488
2024/02/14 05:30:53.00,458662.5173,5633084.2273,2948908.8828
2024/02/14 05:30:54.00,458662.2884,5633083.5767,2948910.199
2024/02/14 05:30:55.00,458662.1103,5633082.8867,2948911.3709
2024/02/14 05:30:56.00,458661.8465,5633082.3824,2948912.474
2024/02/14 05:30:57.00,458661.5044,5633081.9521,2948913.3069
2024/02/14 05:30:58.00,458661.1682,5633081.7229,2948913.7766
2024/02/14 05:30:59.00,458661.0281,5633081.5449,2948914.0367
2024/02/14 05:31:00.00,458660.9984,5633081.5856,2948914.0678
2024/02/14 05:31:01.00,458661.0046,5633081.537,2948914.0536
2024/02/14 05:31:02.00,458661.0066,5633081.5694,2948914.057
2024/02/14 05:31:03.00,458660.9202,5633081.3786,2948914.1825
2024/02/14 05:31:04.00,458660.7121,5633081.2641,2948914.6562
2024/02/14 05:31:05.00,458660.5864,5633080.9784,2948915.0837
2024/02/14 05:31:06.00,458660.4244,5633080.9368,2948915.4573
2024/02/14 05:31:07.00,458660.3236,5633080.6487,2948915.721
2024/02/14 05:31:08.00,458660.2162,5633080.4643,2948916.0748
2024/02/14 05:31:09.00,458660.0264,5633080.556,2948916.5485
2024/02/14 05:31:10.00,458659.8854,5633080.2659,2948916.8717
2024/02/14 05:31:11.00,458659.8609,5633080.1536,2948916.9428
2024/02/14 05:31:12.00,458659.8647,5633080.1994,2948916.9348
2024/02/14 05:31:13.00,458659.8605,5633080.1944,2948916.9449
2024/02/14 05:31:14.00,458659.862,5633080.2094,2948916.9461
2024/02/14 05:31:15.00,458659.8577,5633080.1744,2948916.9386
2024/02/14 05:31:16.00,458659.8653,5633080.2297,2948916.9537
2024/02/14 05:31:17.00,458659.8613,5633080.171,2948916.9473
2024/02/14 05:31:18.00,458659.8563,5633080.2144,2948916.932
2024/02/14 05:31:19.00,458659.8625,5633080.2397,2948916.9401
2024/02/14 05:31:20.00,458659.8629,5633080.1888,2948916.9295
2024/02/14 05:31:21.00,458659.8583,5633080.2338,2948916.9261
2024/02/14 05:31:22.00,458659.7927,5633080.0065,2948917.0383
2024/02/14 05:31:23.00,458659.6403,5633079.7205,2948917.4093
2024/02/14 05:31:24.00,458659.3768,5633079.6949,2948917.9131
2024/02/14 05:31:25.00,458667.1339,5633164.9988,2948937.4779
2024/02/14 05:31:26.00,458658.5605,5633078.7037,2948919.8476
2024/02/14 05:31:27.00,458658.0939,5633078.1899,2948921.0091
2024/02/14 05:31:28.00,458651.2667,5633095.1775,2948923.4927
2024/02/14 05:31:29.00,458665.4791,5633163.0331,2948941.2402
2024/02/14 05:31:30.00,458657.2436,5633077.2508,2948922.884
2024/02/14 05:31:31.00,458657.1893,5633077.0602,2948923.0292
2024/02/14 05:31:32.00,458657.1857,5633077.0869,2948923.0205
2024/02/14 05:31:33.00,458657.1967,5633077.1889,2948923.0366
2024/02/14 05:31:34.00,458657.1641,5633077.0359,2948923.079
2024/02/14 05:31:35.00,458657.0356,5633076.8795,2948923.4079
2024/02/14 05:31:36.00,458656.7099,5633076.5912,2948924.0767
2024/02/14 05:31:37.00,458643.1368,5633247.9483,2948959.0675
2024/02/14 05:31:38.00,458655.5117,5633076.603,2948926.711
2024/02/14 05:31:39.00,458641.7765,5633246.5379,2948961.8657
2024/02/14 05:31:40.00,458635.6148,5633229.5145,2948970.6017
2024/02/14 05:31:41.00,458646.5348,5633175.7365,2948957.7586
2024/02/14 05:31:42.00,458651.2667,5633160.0837,2948959.3174
2024/02/14 05:31:43.00,458646.1949,5633208.3878,2948971.4553
2024/02/14 05:31:44.00,458649.9001,5633119.9789,2948949.9757
2024/02/14 05:31:45.00,458634.6178,5633239.3703,2948976.2064
2024/02/14 05:31:46.00,458633.3744,5633238.2231,2948978.7229
2024/02/14 05:31:47.00,458632.2055,5633236.4805,2948981.3559
2024/02/14 05:31:48.00,458630.6707,5633235.3031,2948984.3891
2024/02/14 05:31:49.00,458634.8973,5633124.3632,2948966.0137
2024/02/14 05:31:50.00,458641.4836,5633112.2041,2948967.0828
2024/02/14 05:31:56.00,458632.8138,5633098.6187,2948976.9927
2024/02/14 05:31:57.00,458638.1464,5633082.6765,2948977.8445
2024/02/14 05:31:58.00,458637.2512,5633082.4025,2948979.9181
2024/02/14 05:31:59.00,458629.8602,5633140.4605,2948993.0648
2024/02/14 05:32:00.00,458629.1946,5633140.774,2948994.4479
2024/02/14 05:32:01.00,458628.7308,5633140.1881,2948995.6938
2024/02/14 05:32:02.00,458628.1587,5633139.0498,2948997.3359
2024/02/14 05:32:03.00,458627.5524,5633136.7964,2948999.1838
2024/02/14 05:32:04.00,458626.6948,5633135.7513,2949001.7286
2024/02/14 05:32:05.00,458625.7211,5633134.0764,2949004.6229
2024/02/14 05:32:06.00,458624.6579,5633132.7337,2949007.846
2024/02/14 05:32:07.00,458629.3119,5633117.5669,2949010.6692
2024/02/14 05:32:08.00,458622.2028,5633130.0332,2949015.2485
2024/02/14 05:32:09.00,458621.1314,5633128.7241,2949018.7401
2024/02/14 05:32:10.00,458620.5487,5633125.404,2949021.546
2024/02/14 05:32:11.00,458625.6081,5633110.2769,2949024.0789
2024/02/14 05:32:12.00,458624.9178,5633108.5877,2949027.575
2024/02/14 05:32:13.00,458624.2686,5633106.7901,2949031.32
2024/02/14 05:32:14.00,458623.5168,5633104.8305,2949035.1144
2024/02/14 05:32:15.00,458622.811,5633103.1061,2949038.8581
2024/02/14 05:32:16.00,458622.538,5633050.6646,2949035.206
2024/02/14 05:32:17.00,458621.5566,5633099.9119,2949045.23
2024/02/14 05:32:18.00,458621.0496,5633098.5259,2949047.8901
2024/02/14 05:32:19.00,458620.5924,5633097.284,2949050.3633
2024/02/14 05:32:20.00,458620.151,5633096.2034,2949052.6231
2024/02/14 05:32:21.00,458619.7141,5633095.2796,2949054.9055
2024/02/14 05:32:22.00,458619.2372,5633093.9763,2949057.0575
2024/02/14 05:32:23.00,458619.1992,5633042.2735,2949052.0818
2024/02/14 05:32:24.00,458618.7686,5633041.4218,2949053.9498
2024/02/14 05:32:25.00,458617.9972,5633091.4559,2949062.5643
2024/02/14 05:32:26.00,458617.6905,5633090.6134,2949063.9804
2024/02/14 05:32:27.00,458617.4067,5633089.9841,2949065.1769
2024/02/14 05:32:28.00,458617.582,5633038.9066,2949059.1772
2024/02/14 05:32:29.00,458617.0104,5633089.3501,2949066.8534
2024/02/14 05:32:30.00,458616.9353,5633089.3299,2949067.131
2024/02/14 05:32:31.00,458617.2928,5633038.4542,2949060.2279
2024/02/14 05:32:32.00,458616.8192,5633089.0884,2949067.6318
2024/02/14 05:32:33.00,458616.5332,5633088.449,2949068.6031
2024/02/14 05:32:34.00,458616.1445,5633087.8957,2949069.8616
2024/02/14 05:32:35.00,458615.8838,5633087.3209,2949070.972
2024/02/14 05:32:36.00,458615.7084,5633086.9749,2949071.7752
2024/02/14 05:32:37.00,458615.9899,5633036.1673,2949065.1242
2024/02/14 05:32:38.00,458615.9551,5633036.0622,2949065.318
2024/02/14 05:32:39.00,458615.5334,5633086.7023,2949072.4901
2024/02/14 05:32:40.00,458615.8175,5633035.6385,2949065.7988
2024/02/14 05:32:41.00,458615.7834,5633035.36,2949066.0043
2024/02/14 05:32:42.00,458615.766,5633035.3808,2949066.1054
2024/02/14 05:32:43.00,458615.7534,5633035.3881,2949066.1613
2024/02/14 05:32:44.00,458609.4175,5633099.9382,2949074.3548
2024/02/14 05:32:45.00,458618.0269,5633067.1254,2949075.641
2024/02/14 05:32:46.00,458617.7688,5633066.7081,2949076.6397
2024/02/14 05:32:47.00,458612.3127,5633051.7072,2949067.4305
2024/02/14 05:32:48.00,458615.3537,5633032.1462,2949068.4451
2024/02/14 05:32:49.00,458614.9927,5633083.0752,2949075.529
2024/02/14 05:32:50.00,458615.3663,5633032.1538,2949068.4538
2024/02/14 05:32:51.00,458615.0054,5633082.994,2949075.5013
2024/02/14 05:32:52.00,458615.3494,5633032.2361,2949068.4501
2024/02/14 05:32:53.00,458617.5713,5633066.7429,2949077.3537
2024/02/14 05:32:54.00,458606.04,5633115.8217,2949075.8279
2024/02/14 05:32:55.00,458600.3673,5633101.6123,2949083.4882
2024/02/14 05:32:56.00,458600.2508,5633101.2047,2949083.9486
2024/02/14 05:32:57.00,458614.8162,5633032.8915,2949070.5711
2024/02/14 05:32:58.00,458614.8188,5633032.8999,2949070.564
2024/02/14 05:32:59.00,458614.827,5633032.8594,2949070.5588
2024/02/14 05:33:00.00,458614.8095,5633032.9209,2949070.5716
2024/02/14 05:33:01.00,458614.8167,5633032.9317,2949070.5675
2024/02/14 05:33:02.00,458614.814,5633032.9658,2949070.5686
2024/02/14 05:33:03.00,458614.8114,5633032.8161,2949070.5498
2024/02/14 05:33:04.00,458614.81,5633032.8376,2949070.5579
2024/02/14 05:33:05.00,458614.8048,5633032.8835,2949070.5551
2024/02/14 05:33:06.00,458614.8152,5633032.9019,2949070.5637
2024/02/14 05:33:07.00,458614.8081,5633032.9048,2949070.5661
2024/02/14 05:33:08.00,458614.8186,5633032.7719,2949070.5448
2024/02/14 05:33:09.00,458614.804,5633032.9598,2949070.5881
2024/02/14 05:33:10.00,458614.7755,5633032.7857,2949070.7773
2024/02/14 05:33:11.00,458614.6948,5633032.6785,2949071.0712
2024/02/14 05:33:12.00,458614.6337,5633032.6405,2949071.2725
2024/02/14 05:33:13.00,458614.629,5633032.5796,2949071.2647
2024/02/14 05:33:14.00,458614.6427,5633032.6199,2949071.2731
2024/02/14 05:33:15.00,458614.6355,5633032.5859,2949071.2602
2024/02/14 05:33:16.00,458614.633,5633032.5638,2949071.2588
2024/02/14 05:33:17.00,458614.639,5633032.5441,2949071.2405
2024/02/14 05:33:18.00,458614.6222,5633032.6128,2949071.449
2024/02/14 05:33:19.00,458614.4749,5633032.2743,2949072.0076
2024/02/14 05:33:20.00,458614.3909,5633032.1176,2949072.3576
2024/02/14 05:33:21.00,458614.3889,5633032.112,2949072.3636
2024/02/14 05:33:22.00,458614.387,5633032.1173,2949072.3589
2024/02/14 05:33:23.00,458614.3861,5633032.1012,2949072.3494
2024/02/14 05:33:24.00,458614.3851,5633032.1949,2949072.3692
2024/02/14 05:33:25.00,458614.3807,5633032.1379,2949072.3428
2024/02/14 05:33:26.00,458614.3906,5633032.0408,2949072.3827
2024/02/14 05:33:27.00,458614.3662,5633032.0645,2949072.5308
2024/02/14 05:33:28.00,458614.3131,5633032.0001,2949072.7274
2024/02/14 05:33:29.00,458614.2963,5633031.8239,2949072.8129
2024/02/14 05:33:30.00,458614.3029,5633031.8589,2949072.8191
2024/02/14 05:33:31.00,458614.2995,5633031.8742,2949072.8221
2024/02/14 05:33:32.00,458614.2994,5633031.9073,2949072.8229
2024/02/14 05:33:33.00,458614.3021,5633031.8817,2949072.8207
2024/02/14 05:33:34.00,458614.301,5633031.902,2949072.8239
2024/02/14 05:33:35.00,458614.2971,5633031.8409,2949072.8142
2024/02/14 05:33:36.00,458614.3048,5633031.9124,2949072.8135
2024/02/14 05:33:37.00,458614.2973,5633031.92,2949072.8215
2024/02/14 05:33:38.00,458614.3058,5633031.8774,2949072.8145
2024/02/14 05:33:39.00,458614.2993,5633031.9137,2949072.8191
2024/02/14 05:33:40.00,458614.3006,5633031.8891,2949072.8168
2024/02/14 05:33:41.00,458614.2945,5633031.8618,2949072.8162
2024/02/14 05:33:42.00,458614.2908,5633031.8839,2949072.8149
2024/02/14 05:33:43.00,458614.3002,5633031.8869,2949072.8105
2024/02/14 05:33:44.00,458614.3002,5633031.8917,2949072.8157
2024/02/14 05:33:45.00,458614.2964,5633031.8664,2949072.8108
2024/02/14 05:33:46.00,458614.2956,5633031.8804,2949072.8101
2024/02/14 05:33:47.00,458614.292,5633031.8665,2949072.8066
2024/02/14 05:33:48.00,458614.3004,5633031.8486,2949072.7747
2024/02/14 05:33:49.00,458614.291,5633031.8589,2949072.7861
2024/02/14 05:33:50.00,458614.2399,5633031.6273,2949073.0761
2024/02/14 05:33:51.00,458614.0579,5633031.0927,2949073.9279
2024/02/14 05:33:52.00,458613.8085,5633030.5088,2949075.1267
2024/02/14 05:33:53.00,458613.5747,5633029.8993,2949076.2997
2024/02/14 05:33:54.00,458613.3336,5633029.3157,2949077.5394
2024/02/14 05:33:55.00,458613.0559,5633028.6821,2949078.7127
2024/02/14 05:33:56.00,458612.8105,5633028.1768,2949079.8982
2024/02/14 05:33:57.01,458612.5643,5633027.6443,2949081.0875
2024/02/14 05:33:58.01,458612.3451,5633026.8712,2949082.1414
2024/02/14 05:33:59.01,458612.1709,5633026.6877,2949082.8135
2024/02/14 05:34:00.01,458612.068,5633026.5255,2949083.2746
2024/02/14 05:34:01.00,458612.0131,5633026.2557,2949083.573
2024/02/14 05:34:02.01,458611.9127,5633026.1738,2949083.9641
2024/02/14 05:34:03.01,458611.7356,5633025.8601,2949084.7175
2024/02/14 05:34:04.01,458611.4873,5633025.1386,2949085.9545
2024/02/14 05:34:05.01,458611.2065,5633024.453,2949087.4202
2024/02/14 05:34:06.01,458610.9063,5633023.6759,2949088.8829
2024/02/14 05:34:07.01,458610.5765,5633022.8882,2949090.3275
2024/02/14 05:34:08.01,458610.2564,5633022.221,2949091.7703
2024/02/14 05:34:09.01,458609.9332,5633021.4935,2949093.186
2024/02/14 05:34:10.01,458609.6077,5633020.7814,2949094.6172
2024/02/14 05:34:11.01,458609.3044,5633020.1054,2949096.0203
2024/02/14 05:34:12.01,458608.979,5633019.1806,2949097.4322
2024/02/14 05:34:13.01,458608.6768,5633018.5945,2949098.9983
2024/02/14 05:34:14.01,458608.3619,5633017.8552,2949100.5611
2024/02/14 05:34:15.01,458608.0472,5633017.193,2949101.9895
2024/02/14 05:34:16.01,458607.8004,5633016.2873,2949103.3346
2024/02/14 05:34:17.01,458607.9147,5633062.6427,2949110.8849
2024/02/14 05:34:18.01,458607.3868,5633015.1396,2949105.5061
2024/02/14 05:34:19.01,458607.2413,5633014.9195,2949106.1688
2024/02/14 05:34:20.01,458607.1663,5633014.4727,2949106.6432
2024/02/14 05:34:21.01,458607.0424,5633014.3394,2949107.1346
2024/02/14 05:34:22.01,458606.9495,5633014.0776,2949107.6093
2024/02/14 05:34:23.01,458607.0583,5633060.6345,2949114.7437
2024/02/14 05:34:24.01,458606.4682,5633013.1342,2949109.51
2024/02/14 05:34:25.01,458606.2197,5633012.6857,2949110.6009
2024/02/14 05:34:26.01,458605.9258,5633012.1525,2949111.687
2024/02/14 05:34:27.01,458606.0007,5633058.5998,2949119.1723
2024/02/14 05:34:28.01,458605.3895,5633010.7759,2949113.9335
2024/02/14 05:34:29.01,458605.053,5633010.1606,2949115.2816
2024/02/14 05:34:30.01,458605.0655,5633056.699,2949123.0504
2024/02/14 05:34:31.01,458604.7724,5633056.1769,2949124.176
2024/02/14 05:34:32.01,458604.2348,5633008.6542,2949118.5415
2024/02/14 05:34:33.01,458604.0864,5633008.194,2949119.1547
2024/02/14 05:34:34.01,458604.3016,5633055.0382,2949125.9645
2024/02/14 05:34:35.01,458601.711,5633071.3199,2949124.6391
2024/02/14 05:34:36.01,458601.6592,5633071.0697,2949124.845
2024/02/14 05:34:37.01,458601.5686,5633071.031,2949125.0489
2024/02/14 05:34:38.01,458601.4345,5633071.0069,2949125.2905
2024/02/14 05:34:39.01,458601.3517,5633070.8996,2949125.4823
2024/02/14 05:34:40.01,458603.3646,5633007.5628,2949121.0139
2024/02/14 05:34:41.01,458601.0491,5633070.5387,2949126.0867
2024/02/14 05:34:42.01,458603.2797,5633053.8403,2949128.4276
2024/02/14 05:34:43.01,458600.412,5633069.3958,2949127.8823
2024/02/14 05:34:44.01,458600.0743,5633068.9802,2949129.1675
2024/02/14 05:34:45.01,458599.7503,5633068.2452,2949130.6045
2024/02/14 05:34:46.01,458599.362,5633067.3271,2949132.3491
2024/02/14 05:34:47.01,458598.8358,5633066.3104,2949134.4579
2024/02/14 05:34:48.01,458598.2677,5633065.1471,2949136.7804
2024/02/14 05:34:49.01,458597.7597,5633064.1464,2949138.8788
2024/02/14 05:34:50.01,458597.2634,5633062.9868,2949140.9524
2024/02/14 05:34:51.01,458599.1597,5633045.6295,2949144.7793
2024/02/14 05:34:52.01,458596.0542,5633060.6395,2949145.3625
2024/02/14 05:34:53.01,458598.0274,5633043.3248,2949149.003
2024/02/14 05:34:54.01,458597.6681,5633042.3662,2949150.8393
2024/02/14 05:34:55.01,458594.8697,5633057.7445,2949151.0603
2024/02/14 05:34:56.01,458596.9097,5633040.3743,2949154.5871
2024/02/14 05:35:01.00,458588.634,5632968.5917,2949157.0746
2024/02/14 05:35:02.01,458591.5336,5632978.9435,2949155.0579
2024/02/14 05:35:03.01,458587.1996,5633003.1376,2949170.4311
2024/02/14 05:35:04.01,458590.8763,5633035.6447,2949159.7592
2024/02/14 05:35:05.01,458590.2498,5633034.7292,2949161.7382
2024/02/14 05:35:06.01,458585.351,5633000.1594,2949176.1698
2024/02/14 05:35:07.01,458580.5492,5632964.1285,2949163.8923
2024/02/14 05:35:08.01,458579.9836,5632963.3549,2949165.2067
2024/02/14 05:35:09.01,458584.2088,5633045.1997,2949186.8034
2024/02/14 05:35:10.01,458590.1235,5633014.9011,2949170.599
2024/02/14 05:35:11.01,458578.5096,5632961.4729,2949169.017
2024/02/14 05:35:12.01,458582.454,5632996.127,2949184.1481
2024/02/14 05:35:13.01,458581.9864,5632995.5363,2949185.5169
2024/02/14 05:35:14.01,458588.4443,5633012.4949,2949175.4634
2024/02/14 05:35:15.01,458577.2534,5632959.604,2949172.8968
2024/02/14 05:35:16.01,458588.3836,5633012.3557,2949175.6971
2024/02/14 05:35:17.01,458577.2019,5632959.4698,2949173.0159
2024/02/14 05:35:18.01,458581.6371,5633041.66,2949194.0758
2024/02/14 05:35:19.01,458580.7188,5632993.9937,2949188.9717
2024/02/14 05:35:20.01,458580.4428,5633040.1176,2949197.1247
2024/02/14 05:35:21.01,458579.3336,5632992.1622,2949192.5006
2024/02/14 05:35:22.01,458587.7043,5633032.8709,2949194.769
2024/02/14 05:35:23.01,458584.6313,5633007.7174,2949185.2523
2024/02/14 05:35:24.01,458577.0095,5632989.2539,2949198.4293
2024/02/14 05:35:25.01,458576.4569,5633035.1173,2949207.2986
2024/02/14 05:35:26.01,458581.8883,5633004.0158,2949192.4486
2024/02/14 05:35:27.01,458574.0067,5632985.6553,2949206.1338
2024/02/14 05:35:28.01,458584.5259,5633010.7994,2949210.7767
2024/02/14 05:35:29.01,458578.967,5633001.9398,2949199.6573
2024/02/14 05:35:30.01,458572.2103,5633028.7435,2949218.3106
2024/02/14 05:35:31.01,458582.7149,5633008.5962,2949215.3433
2024/02/14 05:35:32.01,458577.8405,5633000.6056,2949202.4952
2024/02/14 05:35:33.01,458577.8465,5633000.6463,2949202.5039
2024/02/14 05:35:34.01,458577.8455,5633000.6221,2949202.5048
2024/02/14 05:35:35.01,458577.8442,5633000.6681,2949202.5171
2024/02/14 05:35:36.01,458577.8562,5633000.6845,2949202.4948
2024/02/14 05:35:37.01,458577.8134,5633000.5857,2949202.6227
2024/02/14 05:35:38.01,458579.4968,5632977.3291,2949208.1266
2024/02/14 05:35:39.01,458579.6719,5632983.5638,2949205.7024
2024/02/14 05:35:40.01,458578.6508,5632976.2412,2949210.3143
2024/02/14 05:35:41.01,458576.3258,5632998.6098,2949206.4285
2024/02/14 05:35:42.01,458575.862,5632998.1011,2949207.5095
2024/02/14 05:35:43.01,458577.8309,5632981.2308,2949210.2459
2024/02/14 05:35:44.01,458576.7545,5632973.8865,2949214.9401
2024/02/14 05:35:45.01,458576.7664,5632979.7742,2949213.0254
2024/02/14 05:35:46.01,458576.1738,5632979.0408,2949214.663
2024/02/14 05:35:47.01,458575.6177,5632978.4188,2949216.2869
2024/02/14 05:35:48.01,458572.8041,5632992.3675,2949215.9211
2024/02/14 05:35:49.01,458566.0015,5633020.5384,2949234.6279
2024/02/14 05:35:50.01,458564.78,5632974.4525,2949229.8732
2024/02/14 05:35:51.01,458562.7293,5633034.1723,2949235.4931
2024/02/14 05:35:52.01,458564.4342,5633017.7138,2949238.8588
2024/02/14 05:35:53.01,458561.627,5633032.003,2949238.5076
2024/02/14 05:35:54.01,458563.3905,5633016.634,2949241.6838
2024/02/14 05:35:55.01,458562.1215,5632971.0403,2949236.9779
2024/02/14 05:35:56.01,458551.3401,5633034.8627,2949248.3973
2024/02/14 05:35:57.01,458567.839,5632985.6705,2949228.8571
2024/02/14 05:35:58.01,458570.8944,5632949.6953,2949237.9183
2024/02/14 05:35:59.01,458566.4687,5632984.3325,2949232.127
2024/02/14 05:36:00.01,458569.5788,5632948.2496,2949241.1096
2024/02/14 05:36:01.00,458569.0184,5632947.3579,2949242.3854
2024/02/14 05:36:02.01,458564.8095,5632982.1554,2949236.2307
2024/02/14 05:36:03.01,458564.3272,5632981.6902,2949237.4629
2024/02/14 05:36:04.01,458563.8133,5632981.1454,2949238.7864
2024/02/14 05:36:05.01,458567.0925,5632944.9317,2949247.4111
2024/02/14 05:36:06.01,458561.4417,5632956.4519,2949248.7707
2024/02/14 05:36:07.01,458562.2683,5632979.4458,2949242.564
2024/02/14 05:36:08.01,458561.7993,5632978.9105,2949243.8194
2024/02/14 05:36:09.01,458565.1046,5632942.9585,2949252.2549
2024/02/14 05:36:10.01,458562.8231,5632954.6774,2949250.7537
2024/02/14 05:36:11.01,458560.6485,5632977.3711,2949246.5463
2024/02/14 05:36:12.01,458564.228,5632941.8056,2949254.3902
2024/02/14 05:36:13.01,458564.0543,5632941.4361,2949254.8293
2024/02/14 05:36:14.01,458563.8426,5632941.1696,2949255.3614
2024/02/14 05:36:15.01,458559.8522,5632976.411,2949248.5316
2024/02/14 05:36:16.01,458559.7139,5632976.1707,2949248.9079
2024/02/14 05:36:17.01,458559.5169,5632975.8814,2949249.2956
2024/02/14 05:36:18.01,458559.3297,5632975.7697,2949249.7669
2024/02/14 05:36:19.01,458559.1875,5632975.7275,2949250.1649
2024/02/14 05:36:20.01,458558.968,5632975.3887,2949250.552
2024/02/14 05:36:21.01,458562.48,5632939.6326,2949258.5007
2024/02/14 05:36:22.01,458558.4791,5632974.9418,2949251.8827
2024/02/14 05:36:23.01,458558.0249,5632974.217,2949252.9864
2024/02/14 05:36:24.01,458557.5576,5632973.3368,2949254.2873
2024/02/14 05:36:25.01,458557.1181,5632972.7387,2949255.5054
2024/02/14 05:36:26.01,458550.6293,5632999.639,2949273.5212
2024/02/14 05:36:27.01,458558.1246,5632950.7177,2949262.4265
2024/02/14 05:36:28.01,458558.1176,5632950.6852,2949262.4521
2024/02/14 05:36:29.01,458558.1084,5632950.7184,2949262.4532
2024/02/14 05:36:30.01,458558.1138,5632950.707,2949262.4711
2024/02/14 05:36:31.01,458558.0754,5632950.7943,2949262.6224
2024/02/14 05:36:32.01,458557.985,5632950.6675,2949262.8529
2024/02/14 05:36:33.01,458557.8534,5632950.2657,2949263.178
2024/02/14 05:36:34.01,458557.6802,5632950.1683,2949263.6172
2024/02/14 05:36:35.01,458557.5001,5632949.8846,2949264.1369
2024/02/14 05:36:36.01,458552.9328,5632914.3266,2949250.8542
2024/02/14 05:36:37.01,458557.0613,5632949.3597,2949265.3688
2024/02/14 05:36:38.01,458556.7257,5632948.8921,2949266.1507
2024/02/14 05:36:39.01,458556.3084,5632948.3911,2949267.1841
2024/02/14 05:36:40.01,458555.8132,5632947.7837,2949268.3556
2024/02/14 05:36:41.01,458555.3023,5632947.2973,2949269.6003
2024/02/14 05:36:42.01,458554.7204,5632946.5678,2949270.962
2024/02/14 05:36:43.01,458552.9159,5632965.1253,2949266.5888
2024/02/14 05:36:44.01,458553.6062,5632944.8997,2949273.9041
2024/02/14 05:36:45.01,458539.8694,5632914.3789,2949267.9181
2024/02/14 05:36:46.01,458554.4191,5632928.4056,2949279.5967
2024/02/14 05:36:47.01,458552.1163,5632948.7418,2949276.216
2024/02/14 05:36:48.01,458549.4793,5632960.1532,2949275.7726
2024/02/14 05:36:49.01,458548.6955,5632959.1546,2949277.7076
2024/02/14 05:36:50.01,458549.3292,5632939.0748,2949285.1814
2024/02/14 05:36:51.01,458548.6578,5632938.5693,2949286.8002
2024/02/14 05:36:52.01,458548.1491,5632937.7247,2949288.1798
2024/02/14 05:36:53.01,458547.5629,5632936.7521,2949289.5701
2024/02/14 05:36:54.01,458537.6362,5632945.2355,2949289.5704
2024/02/14 05:36:55.01,458546.2738,5632898.1916,2949283.0587
2024/02/14 05:36:56.01,458536.0849,5632959.6508,2949293.8135
2024/02/14 05:36:57.01,458540.7566,5632932.4455,2949294.3461
2024/02/14 05:36:58.01,458540.3651,5632931.9294,2949295.6546
2024/02/14 05:36:59.01,458539.94,5632931.1646,2949296.6742
2024/02/14 05:37:00.01,458541.5096,5632877.8299,2949289.5741
2024/02/14 05:37:01.00,458540.0496,5632896.8516,2949284.2759
2024/02/14 05:37:02.01,458540.0491,5632896.8137,2949284.3095
2024/02/14 05:37:03.01,458542.3699,5632920.9084,2949295.7784
2024/02/14 05:37:04.01,458540.0354,5632896.7862,2949284.2989
2024/02/14 05:37:05.01,458540.0307,5632896.7603,2949284.3006
2024/02/14 05:37:06.01,458540.0337,5632896.7253,2949284.2937
2024/02/14 05:37:07.01,458540.0339,5632896.7684,2949284.3035
2024/02/14 05:37:08.01,458540.0388,5632896.7964,2949284.3204
2024/02/14 05:37:09.01,458542.3529,5632920.8674,2949295.8702
2024/02/14 05:37:10.01,458539.9252,5632896.7186,2949284.6556
2024/02/14 05:37:11.01,458539.7311,5632896.5302,2949285.0954
2024/02/14 05:37:12.01,458541.7359,5632920.2362,2949297.2209
2024/02/14 05:37:13.01,458539.153,5632895.6735,2949286.3876
2024/02/14 05:37:14.01,458541.3006,5632919.5418,2949298.4766
2024/02/14 05:37:15.01,458541.2605,5632919.5261,2949298.6254
2024/02/14 05:37:16.01,458540.1734,5632876.1969,2949292.8807
2024/02/14 05:37:17.01,458541.2563,5632919.484,2949298.6779
2024/02/14 05:37:18.01,458541.2141,5632919.5373,2949298.7581
2024/02/14 05:37:19.01,458541.1922,5632919.5515,2949298.8607
2024/02/14 05:37:20.01,458530.5662,5632937.4252,2949302.4219
2024/02/14 05:37:21.01,458541.1873,5632919.5272,2949298.8548
2024/02/14 05:37:22.01,458530.5646,5632937.4345,2949302.4305
2024/02/14 05:37:23.01,458530.568,5632937.4346,2949302.4295
2024/02/14 05:37:24.01,458530.5689,5632937.4386,2949302.433
2024/02/14 05:37:25.01,458530.5733,5632937.3941,2949302.4351
2024/02/14 05:37:26.01,458530.5624,5632937.4296,2949302.4264
2024/02/14 05:37:27.01,458538.8564,5632895.4578,2949287.3724
2024/02/14 05:37:28.01,458538.8465,5632895.4305,2949287.3598
2024/02/14 05:37:29.01,458541.1874,5632919.5313,2949298.8583
2024/02/14 05:37:30.01,458541.1867,5632919.5575,2949298.8618
2024/02/14 05:37:31.01,458538.8622,5632895.3954,2949287.3736
2024/02/14 05:37:32.01,458538.8552,5632895.3871,2949287.3656
2024/02/14 05:37:33.01,458538.8593,5632895.4223,2949287.376
2024/02/14 05:37:34.01,458541.1888,5632919.5459,2949298.8629
2024/02/14 05:37:38.01,458538.809,5632895.3648,2949287.4981
2024/02/14 05:37:39.01,458538.7516,5632895.2844,2949287.5996
2024/02/14 05:37:40.01,458541.0772,5632919.459,2949299.1383
2024/02/14 05:37:41.01,458541.0746,5632919.4284,2949299.1338
2024/02/14 05:37:42.01,458541.076,5632919.4212,2949299.1296
2024/02/14 05:37:43.01,458538.7496,5632895.3139,2949287.6411
2024/02/14 05:37:44.01,458541.0755,5632919.4065,2949299.1235
2024/02/14 05:37:45.01,458538.7437,5632895.3059,2949287.6295
2024/02/14 05:37:46.01,458541.0778,5632919.4237,2949299.1186
2024/02/14 05:37:47.01,458541.0857,5632919.4573,2949299.1294
2024/02/14 05:37:48.01,458541.0713,5632919.3875,2949299.1197
2024/02/14 05:37:49.01,458541.0721,5632919.3921,2949299.117
2024/02/14 05:37:50.01,458541.0782,5632919.42,2949299.1202
2024/02/14 05:37:51.01,458541.0821,5632919.3479,2949299.123
2024/02/14 05:37:52.01,458541.0664,5632919.3841,2949299.1055
2024/02/14 05:37:53.01,458538.7383,5632895.3604,2949287.6355
2024/02/14 05:37:54.01,458541.0726,5632919.4096,2949299.1227
2024/02/14 05:37:55.01,458541.0642,5632919.3981,2949299.0992
2024/02/14 05:37:56.01,458538.7423,5632895.385,2949287.6284
2024/02/14 05:37:57.01,458541.0703,5632919.3629,2949299.1186
2024/02/14 05:37:58.01,458541.0703,5632919.3917,2949299.1091
2024/02/14 05:37:59.01,458541.0749,5632919.4328,2949299.1173
2024/02/14 05:38:00.01,458541.0644,5632919.3816,2949299.1193
2024/02/14 05:38:01.00,458541.0757,5632919.3931,2949299.1242
2024/02/14 05:38:02.01,458541.0695,5632919.4234,2949299.1183
2024/02/14 05:38:03.01,458541.0703,5632919.3612,2949299.112
2024/02/14 05:38:04.01,458541.0729,5632919.3872,2949299.1135
2024/02/14 05:38:05.01,458541.0783,5632919.4044,2949299.1162
2024/02/14 05:38:06.01,458541.0746,5632919.4247,2949299.111
2024/02/14 05:38:07.01,458541.0758,5632919.406,2949299.1199
2024/02/14 05:38:08.01,458541.0712,5632919.3686,2949299.1139
2024/02/14 05:38:09.01,458541.0658,5632919.346,2949299.094
2024/02/14 05:38:10.01,458541.0711,5632919.3694,2949299.1103
2024/02/14 05:38:11.01,458548.8699,5632911.2332,2949297.5728
2024/02/14 05:38:12.01,458542.2298,5632968.5949,2949308.0261
2024/02/14 05:38:13.01,458542.2256,5632968.6614,2949308.0237
2024/02/14 05:38:14.01,458542.227,5632968.6017,2949308.0324
2024/02/14 05:38:15.01,458542.2255,5632968.6463,2949308.0248
2024/02/14 05:38:16.01,458542.2317,5632968.6607,2949308.0414
2024/02/14 05:38:17.01,458542.2189,5632968.6058,2949308.0209
2024/02/14 05:38:18.01,458542.242,5632968.6054,2949308.0267
2024/02/14 05:38:19.01,458542.2322,5632968.6148,2949308.0292
2024/02/14 05:38:20.01,458542.2292,5632968.6498,2949308.0408
2024/02/14 05:38:21.01,458542.2275,5632968.4623,2949308.0806
2024/02/14 05:38:22.01,458542.1966,5632968.4898,2949308.1524
2024/02/14 05:38:23.01,458542.1522,5632968.4566,2949308.2261
2024/02/14 05:38:24.01,458539.7942,5632944.2681,2949296.8302
2024/02/14 05:38:25.01,458542.1192,5632968.297,2949308.3217
2024/02/14 05:38:26.01,458539.7919,5632944.2824,2949296.8398
2024/02/14 05:38:27.01,458539.7884,5632944.2504,2949296.8302
2024/02/14 05:38:28.01,458542.1193,5632968.2268,2949308.3206
2024/02/14 05:38:29.01,458542.108,5632968.252,2949308.358
2024/02/14 05:38:30.01,458538.0958,5632928.5439,2949301.5199
2024/02/14 05:38:31.01,458538.0924,5632928.5622,2949301.5227
2024/02/14 05:38:32.01,458538.0917,5632928.5872,2949301.5279
2024/02/14 05:38:33.01,458538.094,5632928.5461,2949301.529
2024/02/14 05:38:34.01,458538.0973,5632928.5885,2949301.5324
2024/02/14 05:38:35.01,458538.0938,5632928.5705,2949301.5362
2024/02/14 05:38:36.01,458538.1016,5632928.6131,2949301.5367
2024/02/14 05:38:37.01,458538.1023,5632928.5665,2949301.5335
2024/02/14 05:38:38.01,458538.0924,5632928.5868,2949301.559
2024/02/14 05:38:39.01,458538.0791,5632928.5272,2949301.5407
2024/02/14 05:38:40.01,458538.0979,5632928.5737,2949301.5507
2024/02/14 05:38:41.01,458538.086,5632928.5265,2949301.5399
2024/02/14 05:38:42.01,458538.0711,5632928.505,2949301.5388
2024/02/14 05:38:43.01,458538.0888,5632928.4815,2949301.5436
2024/02/14 05:38:44.01,458538.0743,5632928.5369,2949301.5373
2024/02/14 05:38:45.01,458538.0815,5632928.5497,2949301.5406
2024/02/14 05:38:46.01,458538.0826,5632928.5346,2949301.5365
2024/02/14 05:38:47.01,458538.085,5632928.5566,2949301.5451
2024/02/14 05:38:48.01,458538.0747,5632928.5223,2949301.5408
2024/02/14 05:38:49.01,458538.0737,5632928.4738,2949301.532
2024/02/14 05:38:50.01,458538.0836,5632928.5656,2949301.5448
2024/02/14 05:38:51.01,458538.0888,5632928.5558,2949301.5457
2024/02/14 05:38:52.01,458538.0845,5632928.5349,2949301.5463
2024/02/14 05:38:53.01,458538.0825,5632928.521,2949301.54
2024/02/14 05:38:54.01,458538.0813,5632928.5708,2949301.5541
2024/02/14 05:38:55.01,458538.086,5632928.5707,2949301.5454
2024/02/14 05:38:56.01,458538.0832,5632928.5508,2949301.5491
2024/02/14 05:38:57.01,458538.0811,5632928.5414,2949301.5408
2024/02/14 05:38:58.01,458538.0822,5632928.6004,2949301.5577
2024/02/14 05:38:59.01,458538.0986,5632928.561,2949301.562
2024/02/14 05:39:00.01,458538.0877,5632928.5688,2949301.5511
2024/02/14 05:39:01.00,458538.0791,5632928.5677,2949301.5615
2024/02/14 05:39:02.01,458538.096,5632928.6034,2949301.5543
2024/02/14 05:39:03.01,458538.0835,5632928.54,2949301.5435
2024/02/14 05:39:04.01,458538.088,5632928.5282,2949301.5473
2024/02/14 05:39:05.01,458538.0837,5632928.5494,2949301.5513
2024/02/14 05:39:06.01,458538.0836,5632928.4826,2949301.5433
2024/02/14 05:39:07.01,458538.1017,5632928.587,2949301.5632
2024/02/14 05:39:08.01,458538.0889,5632928.5114,2949301.55
2024/02/14 05:39:09.01,458538.0907,5632928.513,2949301.5465
2024/02/14 05:39:10.01,458538.0932,5632928.54,2949301.5568
2024/02/14 05:39:11.01,458538.0803,5632928.5463,2949301.5491
2024/02/14 05:39:12.01,458538.0916,5632928.5436,2949301.5523
2024/02/14 05:39:13.01,458538.0877,5632928.5328,2949301.5525
2024/02/14 05:39:14.01,458538.0885,5632928.5332,2949301.5523
2024/02/14 05:39:15.01,458538.0868,5632928.5761,2949301.55
2024/02/14 05:39:16.01,458538.0961,5632928.6221,2949301.559
2024/02/14 05:39:17.01,458538.0915,5632928.6303,2949301.5634
2024/02/14 05:39:18.01,458538.0984,5632928.5193,2949301.5609
2024/02/14 05:39:19.01,458538.0969,5632928.5659,2949301.5719
2024/02/14 05:39:20.01,458538.0955,5632928.5572,2949301.5566
2024/02/14 05:39:21.01,458538.0918,5632928.5768,2949301.5658
2024/02/14 05:39:22.01,458538.0874,5632928.5257,2949301.554
2024/02/14 05:39:23.01,458538.0906,5632928.606,2949301.5675
2024/02/14 05:39:24.01,458538.0932,5632928.5397,2949301.5619
2024/02/14 05:39:25.01,458538.0952,5632928.5578,2949301.559
2024/02/14 05:39:26.01,458538.0972,5632928.5498,2949301.5546
2024/02/14 05:39:27.01,458538.0877,5632928.5257,2949301.5492
2024/02/14 05:39:28.01,458538.0899,5632928.5652,2949301.5646
2024/02/14 05:39:29.01,458538.0921,5632928.5761,2949301.5724
2024/02/14 05:39:30.01,458538.0926,5632928.5397,2949301.5611
2024/02/14 05:39:31.01,458538.1013,5632928.566,2949301.5561
2024/02/14 05:39:32.01,458538.0896,5632928.5801,2949301.566
2024/02/14 05:39:33.01,458538.0958,5632928.5683,2949301.5652
2024/02/14 05:39:34.01,458538.0953,5632928.6158,2949301.5836
2024/02/14 05:39:35.01,458538.0991,5632928.5985,2949301.5605
2024/02/14 05:39:36.01,458538.0939,5632928.6113,2949301.5719
2024/02/14 05:39:37.01,458538.0966,5632928.5501,2949301.5627
2024/02/14 05:39:38.01,458538.096,5632928.5423,2949301.5583
2024/02/14 05:39:39.01,458538.0961,5632928.5708,2949301.5584
2024/02/14 05:39:40.01,458538.1046,5632928.5927,2949301.5665
2024/02/14 05:39:41.01,458538.1006,5632928.5529,2949301.5626
2024/02/14 05:39:42.01,458538.0991,5632928.56,2949301.5599
2024/02/14 05:39:43.01,458538.094,5632928.5059,2949301.5638
2024/02/14 05:39:44.01,458538.1016,5632928.5686,2949301.5729
2024/02/14 05:39:45.01,458538.0993,5632928.6081,2949301.5736
2024/02/14 05:39:46.01,458538.1017,5632928.5614,2949301.5755
2024/02/14 05:39:47.01,458538.0941,5632928.5849,2949301.5728
2024/02/14 05:39:48.01,458538.0985,5632928.6017,2949301.5811
2024/02/14 05:39:49.01,458538.1076,5632928.6356,2949301.5906
2024/02/14 05:39:50.01,458538.1017,5632928.6192,2949301.5764
2024/02/14 05:39:51.01,458538.0987,5632928.5879,2949301.5728
2024/02/14 05:39:52.01,458538.0987,5632928.5775,2949301.5782
2024/02/14 05:39:53.01,458538.1034,5632928.5482,2949301.5802
2024/02/14 05:39:54.01,458538.1,5632928.5879,2949301.5765
2024/02/14 05:39:55.01,458538.0939,5632928.5671,2949301.5784
2024/02/14 05:39:56.01,458538.0921,5632928.5086,2949301.5609
2024/02/14 05:39:57.01,458538.1114,5632928.5349,2949301.5675
2024/02/14 05:39:58.01,458538.0981,5632928.5461,2949301.569
2024/02/14 05:39:59.01,458538.0996,5632928.6217,2949301.5863
2024/02/14 05:40:00.01,458538.0988,5632928.5788,2949301.5739
2024/02/14 05:40:01.00,458538.1023,5632928.6063,2949301.5851
2024/02/14 05:40:02.01,458538.1118,5632928.655,2949301.5925
2024/02/14 05:40:03.01,458538.1077,5632928.6066,2949301.5818
2024/02/14 05:40:04.01,458538.1146,5632928.6372,2949301.5879
2024/02/14 05:40:05.01,458538.1039,5632928.6003,2949301.5819
2024/02/14 05:40:06.01,458538.1091,5632928.6,2949301.5794
2024/02/14 05:40:07.01,458538.1055,5632928.5966,2949301.5851
2024/02/14 05:40:08.01,458538.1106,5632928.5754,2949301.5841
2024/02/14 05:40:09.01,458538.1033,5632928.5562,2949301.579
2024/02/14 05:40:10.01,458538.1049,5632928.5458,2949301.5735
2024/02/14 05:40:11.01,458538.102,5632928.6163,2949301.5823
2024/02/14 05:40:12.01,458538.1133,5632928.5801,2949301.5991
2024/02/14 05:40:13.01,458538.1157,5632928.5928,2949301.5865
2024/02/14 05:40:14.01,458538.1055,5632928.5792,2949301.588
2024/02/14 05:40:15.01,458538.1231,5632928.5829,2949301.5884
2024/02/14 05:40:16.01,458538.1179,5632928.5769,2949301.5854
2024/02/14 05:40:17.01,458538.1151,5632928.5883,2949301.5781
2024/02/14 05:40:18.01,458538.1156,5632928.6488,2949301.5929
2024/02/14 05:40:19.01,458538.1073,5632928.5543,2949301.569
2024/02/14 05:40:20.01,458538.1215,5632928.6317,2949301.583
2024/02/14 05:40:21.01,458538.1069,5632928.5395,2949301.5854
2024/02/14 05:40:22.01,458538.114,5632928.578,2949301.5782
2024/02/14 05:40:23.01,458538.1146,5632928.5932,2949301.5893
2024/02/14 05:40:24.01,458538.1222,5632928.6401,2949301.5905
2024/02/14 05:40:25.01,458538.1095,5632928.5549,2949301.5711
2024/02/14 05:40:26.01,458538.1073,5632928.583,2949301.5859
2024/02/14 05:40:27.01,458538.1118,5632928.5602,2949301.5744
2024/02/14 05:40:28.01,458538.1069,5632928.5549,2949301.5898
2024/02/14 05:40:29.01,458538.1115,5632928.5888,2949301.5844
2024/02/14 05:40:30.01,458538.1207,5632928.6329,2949301.5998
2024/02/14 05:40:31.01,458538.1172,5632928.6241,2949301.6309
2024/02/14 05:40:32.01,458538.0559,5632928.5675,2949301.7496
2024/02/14 05:40:33.01,458539.5625,5632915.798,2949304.2022
2024/02/14 05:40:34.01,458540.4435,5632918.8645,2949300.6407
2024/02/14 05:40:35.01,458539.9268,5632918.2449,2949301.5891
2024/02/14 05:40:36.01,458539.2728,5632917.4914,2949302.8645
2024/02/14 05:40:37.01,458538.5288,5632916.9094,2949304.4756
2024/02/14 05:40:38.01,458537.8819,5632916.0561,2949306.083
2024/02/14 05:40:39.01,458537.2638,5632915.2602,2949307.6848
2024/02/14 05:40:40.01,458533.7913,5632894.1608,2949298.6039
2024/02/14 05:40:41.01,458535.9337,5632913.5033,2949311.0474
2024/02/14 05:40:42.01,458535.1546,5632912.5191,2949313.1279
2024/02/14 05:40:43.01,458534.2989,5632911.2879,2949315.2094
2024/02/14 05:40:44.01,458533.5608,5632910.4815,2949317.291
2024/02/14 05:40:45.01,458532.8665,5632909.326,2949319.4372
2024/02/14 05:40:46.01,458531.9668,5632908.0784,2949321.754
2024/02/14 05:40:47.01,458530.9693,5632906.9069,2949324.1988
2024/02/14 05:40:48.01,458529.9207,5632905.6648,2949326.509
2024/02/14 05:40:49.01,458528.9451,5632904.6722,2949328.6704
2024/02/14 05:40:50.01,458528.0507,5632903.5345,2949330.7805
2024/02/14 05:40:51.01,458527.0658,5632902.2644,2949333.1596
2024/02/14 05:40:52.01,458523.3176,5632878.8053,2949324.8326
2024/02/14 05:40:53.01,458522.0081,5632877.4647,2949327.8125
2024/02/14 05:40:54.01,458520.6189,5632875.8732,2949330.9321
2024/02/14 05:40:55.01,458514.8716,5632915.3912,2949346.2191
2024/02/14 05:40:56.01,458517.5428,5632873.457,2949337.7316
2024/02/14 05:40:57.01,458516.178,5632871.0263,2949341.0272
2024/02/14 05:40:58.01,458514.8575,5632869.2431,2949344.3901
2024/02/14 05:40:59.01,458509.1838,5632939.9397,2949372.4401
2024/02/14 05:41:00.01,458512.3669,5632898.4557,2949363.2873
2024/02/14 05:41:01.00,458512.7359,5632887.0331,2949360.2213
2024/02/14 05:41:02.01,458506.653,5632905.5432,2949366.3444
2024/02/14 05:41:03.01,458510.2728,5632864.5751,2949356.117
2024/02/14 05:41:04.01,458505.4337,5632934.9928,2949382.3182
2024/02/14 05:41:05.01,458508.8948,5632914.4232,2949376.5065
2024/02/14 05:41:08.01,458505.3884,5632900.1288,2949374.6248
2024/02/14 05:41:09.01,458497.6735,5632903.7668,2949380.9494
2024/02/14 05:41:10.01,458508.1627,5632886.7347,2949377.4636
2024/02/14 05:41:11.01,458501.8654,5632863.8767,2949369.2012
2024/02/14 05:41:12.01,458508.1411,5632886.8262,2949377.4765
2024/02/14 05:41:13.01,458508.1361,5632886.848,2949377.4688
2024/02/14 05:41:14.01,458501.7951,5632863.3778,2949369.238
2024/02/14 05:41:15.01,458508.043,5632886.5913,2949377.7848
2024/02/14 05:41:16.01,458508.0019,5632886.3098,2949377.8411
2024/02/14 05:41:17.01,458508.0198,5632886.325,2949377.8571
2024/02/14 05:41:18.01,458508.0141,5632886.3124,2949377.8561
2024/02/14 05:41:19.01,458514.8631,5632867.7099,2949376.9934
2024/02/14 05:41:20.01,458514.8548,5632867.6002,2949376.975
2024/02/14 05:41:21.01,458514.8655,5632867.6829,2949376.991
2024/02/14 05:41:22.01,458514.8564,5632867.6693,2949376.9913
2024/02/14 05:41:23.01,458514.8502,5632867.5931,2949376.9814
2024/02/14 05:41:24.01,458512.0272,5632847.4589,2949366.3324
2024/02/14 05:41:25.01,458514.8397,5632867.6017,2949376.9569
2024/02/14 05:41:26.01,458514.8439,5632867.5173,2949376.9356
2024/02/14 05:41:27.01,458512.0202,5632847.4279,2949366.3115
2024/02/14 05:41:28.01,458512.0082,5632847.4864,2949366.3286
2024/02/14 05:41:29.01,458514.8416,5632867.5513,2949376.9414
2024/02/14 05:41:30.01,458514.8543,5632867.5499,2949376.9442
2024/02/14 05:41:31.01,458512.0088,5632847.4297,2949366.3172
2024/02/14 05:41:32.01,458514.8436,5632867.5439,2949376.9284
2024/02/14 05:41:33.01,458514.8363,5632867.5848,2949376.9323
2024/02/14 05:41:34.01,458512.0011,5632847.4724,2949366.3185
2024/02/14 05:41:35.01,458512.0036,5632847.4188,2949366.2951
2024/02/14 05:41:36.01,458512.008,5632847.4459,2949366.2999
2024/02/14 05:41:37.01,458511.9998,5632847.4783,2949366.3069
2024/02/14 05:41:38.01,458512.0019,5632847.4118,2949366.2843
2024/02/14 05:41:39.01,458512.0112,5632847.4674,2949366.297
2024/02/14 05:41:40.01,458512.0122,5632847.4439,2949366.2918
2024/02/14 05:41:41.01,458514.8459,5632867.5864,2949376.9125
2024/02/14 05:41:42.01,458514.8423,5632867.5871,2949376.9223
2024/02/14 05:41:43.01,458514.8404,5632867.4865,2949376.8902
2024/02/14 05:41:44.01,458511.9931,5632847.3972,2949366.2745
2024/02/14 05:41:45.01,458514.8335,5632867.471,2949376.9003
2024/02/14 05:41:46.01,458514.8407,5632867.5386,2949376.9209
2024/02/14 05:41:47.01,458514.8273,5632867.6571,2949376.9301
2024/02/14 05:41:48.01,458514.8312,5632867.5963,2949376.9022
2024/02/14 05:41:49.01,458514.82,5632867.7476,2949376.9932
2024/02/14 05:41:50.01,458514.7717,5632867.5094,2949377.0412
2024/02/14 05:41:51.01,458514.7428,5632867.4797,2949377.1483
2024/02/14 05:41:52.01,458514.7239,5632867.2257,2949377.185
2024/02/14 05:41:53.01,458514.7266,5632867.1631,2949377.2979
2024/02/14 05:41:54.01,458511.8542,5632847.2114,2949366.8377
2024/02/14 05:41:55.01,458511.8405,5632847.342,2949366.9725
2024/02/14 05:41:56.01,458514.665,5632867.3578,2949377.6706
2024/02/14 05:41:57.01,458514.6557,5632867.3403,2949377.6993
2024/02/14 05:41:58.01,458514.6499,5632867.3203,2949377.7052
2024/02/14 05:41:59.01,458514.6537,5632867.3049,2949377.6882
2024/02/14 05:42:00.01,458514.6582,5632867.3706,2949377.6966
2024/02/14 05:42:01.00,458514.6755,5632867.4532,2949377.72
2024/02/14 05:42:02.01,458514.6538,5632867.2991,2949377.7019
2024/02/14 05:42:03.01,458514.6646,5632867.3902,2949377.6968
2024/02/14 05:42:04.01,458514.6592,5632867.3837,2949377.696
2024/02/14 05:42:05.01,458514.6632,5632867.4439,2949377.6824
2024/02/14 05:42:06.01,458514.6677,5632867.3249,2949377.636
2024/02/14 05:42:07.01,458514.6137,5632867.341,2949377.8112
2024/02/14 05:42:08.01,458511.7391,5632846.9119,2949367.4145
2024/02/14 05:42:09.01,458514.4994,5632866.9709,2949378.3228
2024/02/14 05:42:10.01,458511.6441,5632846.7138,2949367.8575
2024/02/14 05:42:11.01,458511.6465,5632846.6212,2949368.0949
2024/02/14 05:42:12.01,458514.409,5632866.7757,2949379.1098
2024/02/14 05:42:13.01,458511.4838,5632846.0416,2949368.7874
2024/02/14 05:42:14.01,458511.3797,5632845.9328,2949369.4014
2024/02/14 05:42:15.01,458514.0056,5632865.5925,2949380.8261
2024/02/14 05:42:16.01,458513.7967,5632865.1317,2949381.6263
2024/02/14 05:42:17.01,458510.7133,5632844.559,2949372.1178
2024/02/14 05:42:18.01,458513.2623,5632864.0321,2949383.9672
2024/02/14 05:42:19.01,458510.22,5632843.2915,2949374.6307
2024/02/14 05:42:20.01,458509.9794,5632842.5529,2949376.1702
2024/02/14 05:42:21.01,458509.6285,5632841.5746,2949377.8865
2024/02/14 05:42:22.01,458509.2298,5632840.3773,2949380.1108
2024/02/14 05:42:23.01,458511.6003,5632859.1999,2949393.3856
2024/02/14 05:42:24.01,458508.1324,5632837.4561,2949385.4864
2024/02/14 05:42:25.01,458507.2338,5632835.6772,2949388.6781
2024/02/14 05:42:26.01,458505.9164,5632833.8433,2949392.4044
2024/02/14 05:42:27.01,458504.1449,5632831.6198,2949396.4462
2024/02/14 05:42:28.01,458502.1211,5632829.2274,2949400.7975
2024/02/14 05:42:29.01,458500.0088,5632826.7588,2949405.3945
2024/02/14 05:42:30.01,458497.898,5632824.1972,2949410.0645
2024/02/14 05:42:31.01,458495.7987,5632821.5147,2949414.7927
2024/02/14 05:42:32.01,458493.5753,5632818.8361,2949419.587
2024/02/14 05:42:33.01,458491.4466,5632816.1101,2949424.524
2024/02/14 05:42:34.01,458489.4654,5632813.1584,2949429.6036
2024/02/14 05:42:35.01,458487.4515,5632810.2616,2949434.7948
2024/02/14 05:42:36.01,458485.3008,5632807.2461,2949440.0497
2024/02/14 05:42:37.01,458483.1156,5632804.2929,2949445.429
2024/02/14 05:42:38.01,458480.8464,5632801.2822,2949450.8283
2024/02/14 05:42:39.01,458471.2739,5632784.6377,2949460.8999
2024/02/14 05:42:40.01,458467.5215,5632829.863,2949479.8494
2024/02/14 05:42:41.01,458474.6931,5632792.4217,2949466.3054
2024/02/14 05:42:42.01,458465.638,5632776.2492,2949475.6684
2024/02/14 05:42:43.01,458471.6483,5632787.0918,2949475.508
2024/02/14 05:42:44.01,458470.6961,5632784.7861,2949479.7058
2024/02/14 05:42:45.01,458470.0647,5632782.4464,2949483.6159
2024/02/14 05:42:46.01,458469.5845,5632780.137,2949487.5543
2024/02/14 05:42:47.01,458469.2489,5632777.6726,2949491.7517
2024/02/14 05:42:48.01,458469.213,5632774.9141,2949496.3874
2024/02/14 05:42:49.01,458469.5519,5632771.8747,2949501.4287
2024/02/14 05:42:50.01,458470.2918,5632768.5101,2949506.802
2024/02/14 05:42:51.01,458471.4943,5632765.0854,2949512.5649
2024/02/14 05:42:52.01,458465.6459,5632747.8105,2949523.2947
2024/02/14 05:42:53.01,458467.5993,5632744.0376,2949529.4816
2024/02/14 05:42:54.01,458477.012,5632753.6639,2949531.1083
2024/02/14 05:42:55.01,458471.6006,5632736.0093,2949542.3127
2024/02/14 05:42:56.01,458481.0326,5632745.3958,2949544.1883
2024/02/14 05:42:57.01,458482.9765,5632741.3077,2949550.8937
2024/02/14 05:42:58.01,458484.871,5632737.152,2949557.6364
2024/02/14 05:42:59.01,458479.317,5632719.5477,2949568.9488
2024/02/14 05:43:00.01,458488.7396,5632729.0653,2949570.7825
2024/02/14 05:43:01.00,458483.4632,5632711.385,2949582.0352
2024/02/14 05:43:02.01,458493.2783,5632720.9437,2949583.8298
2024/02/14 05:43:03.01,458495.5648,5632717.0027,2949590.3753
2024/02/14 05:43:04.01,458497.7716,5632712.8219,2949596.9724
2024/02/14 05:43:05.01,458499.9727,5632708.707,2949603.6042
2024/02/14 05:43:06.01,458502.2008,5632704.5327,2949610.2928
2024/02/14 05:43:07.01,458504.2666,5632700.3893,2949616.806
2024/02/14 05:43:08.01,458506.0356,5632696.8733,2949622.7474
2024/02/14 05:43:09.01,458507.7537,5632693.5317,2949627.8408
2024/02/14 05:43:10.01,458509.2555,5632690.8395,2949632.3204
2024/02/14 05:43:11.01,458510.6472,5632688.058,2949636.7043
2024/02/14 05:43:12.01,458503.0739,5632719.9913,2949659.4836
2024/02/14 05:43:13.01,458509.65,5632721.9154,2949657.3826
2024/02/14 05:43:14.01,458521.9224,5632662.4562,2949649.659
2024/02/14 05:43:15.01,458515.6054,5632724.7635,2949668.4878
2024/02/14 05:43:16.01,458514.5639,5632714.1926,2949671.6327
2024/02/14 05:43:17.01,458516.2613,5632711.1741,2949676.4625
2024/02/14 05:43:18.01,458522.279,5632667.543,2949669.2907
2024/02/14 05:43:19.01,458523.944,5632664.4576,2949674.284
2024/02/14 05:43:20.01,458521.3823,5632701.8879,2949691.4515
2024/02/14 05:43:21.01,458522.9889,5632698.9401,2949696.2066
2024/02/14 05:43:22.01,458524.3598,5632696.4325,2949700.1586
2024/02/14 05:43:23.01,458525.6038,5632694.3283,2949703.4894
2024/02/14 05:43:24.01,458526.8719,5632691.6018,2949705.6953
2024/02/14 05:43:25.01,458527.717,5632690.1431,2949707.7783
2024/02/14 05:43:26.01,458528.4787,5632688.8339,2949709.98
2024/02/14 05:43:27.01,458529.2886,5632687.3115,2949712.3894
2024/02/14 05:43:28.01,458530.4285,5632684.9327,2949715.2214
2024/02/14 05:43:29.01,458531.6502,5632682.9076,2949718.4814
2024/02/14 05:43:30.01,458532.7377,5632681.2562,2949721.717
2024/02/14 05:43:31.01,458540.4842,5632662.2417,2949724.2313
2024/02/14 05:43:32.01,458544.0404,5632693.245,2949719.4752
2024/02/14 05:43:33.01,458528.7345,5632680.57,2949737.2762
2024/02/14 05:43:34.01,458541.3177,5632673.9779,2949734.7175
2024/02/14 05:43:35.01,458539.8413,5632669.0685,2949741.2135
2024/02/14 05:43:36.01,458541.5447,5632666.1861,2949746.3978
2024/02/14 05:43:37.01,458543.4562,5632662.7966,2949751.8402
2024/02/14 05:43:38.01,458549.3876,5632620.256,2949745.8791
2024/02/14 05:43:39.01,458551.2452,5632616.7676,2949751.3742
2024/02/14 05:43:40.01,458548.8655,5632652.9575,2949767.9083
2024/02/14 05:43:41.01,458554.0872,5632611.4298,2949760.097
2024/02/14 05:43:42.01,458554.9406,5632609.7104,2949762.9959
2024/02/14 05:43:43.01,458551.3873,5632648.9047,2949777.4769
2024/02/14 05:43:44.01,458556.1931,5632607.1035,2949767.6354
2024/02/14 05:43:45.01,458556.6376,5632606.0692,2949769.1246
2024/02/14 05:43:46.01,458556.9021,5632605.3293,2949770.126
2024/02/14 05:43:47.01,458557.1934,5632604.9965,2949771.1843
2024/02/14 05:43:48.01,458553.4793,5632643.2375,2949784.0991
2024/02/14 05:43:49.01,458553.9391,5632642.1047,2949785.4315
2024/02/14 05:43:50.01,458554.4963,5632641.0469,2949787.014
2024/02/14 05:43:51.01,458554.9253,5632640.455,2949788.5176
2024/02/14 05:43:52.01,458555.2962,5632639.6866,2949789.7888
2024/02/14 05:43:53.01,458555.7798,5632638.7663,2949791.2582
2024/02/14 05:43:54.01,458556.3379,5632637.4196,2949792.9286
2024/02/14 05:43:55.01,458556.8797,5632636.8369,2949794.7712
2024/02/14 05:43:56.01,458557.5398,5632635.7522,2949796.7241
2024/02/14 05:43:57.01,458558.2049,5632634.189,2949798.8158
2024/02/14 05:43:58.01,458558.9057,5632632.6495,2949801.31
2024/02/14 05:43:59.01,458559.6447,5632630.6881,2949803.9447
2024/02/14 05:44:00.01,458560.3598,5632629.7587,2949806.8925
2024/02/14 05:44:01.00,458561.185,5632627.9192,2949809.7827
2024/02/14 05:44:02.01,458562.0413,5632626.3376,2949813.0277
2024/02/14 05:44:03.01,458563.1196,5632623.971,2949816.4947
2024/02/14 05:44:04.01,458564.2967,5632621.7839,2949820.3588
2024/02/14 05:44:05.01,458565.6422,5632619.4354,2949824.5347
2024/02/14 05:44:06.01,458567.1334,5632616.9451,2949828.858
2024/02/14 05:44:07.01,458568.5487,5632614.664,2949833.2756
2024/02/14 05:44:08.01,458569.9672,5632612.1899,2949837.4436
2024/02/14 05:44:09.01,458571.2848,5632610.1269,2949841.5235
2024/02/14 05:44:10.01,458572.6074,5632607.8722,2949845.3317
2024/02/14 05:44:11.01,458573.9215,5632605.8285,2949849.2036
2024/02/14 05:44:12.01,458575.3279,5632603.5864,2949853.2836
2024/02/14 05:44:13.01,458576.8459,5632601.2124,2949857.5986
2024/02/14 05:44:14.01,458578.3656,5632598.7718,2949861.9868
2024/02/14 05:44:15.01,458579.794,5632596.4311,2949866.2175
2024/02/14 05:44:16.01,458581.1495,5632594.2925,2949870.2711
2024/02/14 05:44:17.01,458582.465,5632592.0979,2949874.0955
2024/02/14 05:44:18.01,458583.8163,5632589.8092,2949878.0123
2024/02/14 05:44:19.01,458585.1652,5632587.6082,2949882.1231
2024/02/14 05:44:20.01,458586.4818,5632585.2707,2949886.3129
2024/02/14 05:44:21.01,458587.7775,5632582.9414,2949890.5313
2024/02/14 05:44:22.01,458589.0992,5632580.7125,2949894.6842
2024/02/14 05:44:23.01,458590.4296,5632578.4727,2949898.6135
2024/02/14 05:44:24.01,458591.7054,5632576.4226,2949902.2748
2024/02/14 05:44:25.01,458592.9723,5632574.5955,2949905.7009
2024/02/14 05:44:26.01,458594.1381,5632572.7794,2949908.8735
2024/02/14 05:44:27.01,458595.2022,5632571.0922,2949912.0132
2024/02/14 05:44:28.01,458596.3002,5632569.1921,2949915.3913
2024/02/14 05:44:29.01,458597.5078,5632567.0607,2949919.1111
2024/02/14 05:44:30.01,458598.8853,5632564.8464,2949923.1925
2024/02/14 05:44:31.01,458600.4143,5632562.3952,2949927.5715
2024/02/14 05:44:32.01,458601.9641,5632559.908,2949932.2599
2024/02/14 05:44:33.01,458603.5484,5632557.1127,2949937.134
2024/02/14 05:44:34.01,458605.2204,5632554.3108,2949942.1929
2024/02/14 05:44:35.01,458606.9803,5632551.3093,2949947.6088
2024/02/14 05:44:36.01,458608.7404,5632548.102,2949953.3292
2024/02/14 05:44:37.01,458610.4872,5632544.9634,2949959.0143
2024/02/14 05:44:38.01,458612.2055,5632541.8416,2949964.7634
2024/02/14 05:44:39.01,458613.993,5632538.6313,2949970.5632
2024/02/14 05:44:40.01,458615.838,5632535.4117,2949976.2853
2024/02/14 05:44:41.01,458617.6601,5632532.3411,2949981.9491
2024/02/14 05:44:42.01,458619.5402,5632529.2108,2949987.6713
2024/02/14 05:44:43.01,458621.4679,5632525.9277,2949993.4742
2024/02/14 05:44:44.01,458623.4496,5632522.7347,2949999.3239
2024/02/14 05:44:45.01,458625.3967,5632519.4999,2950005.1348
2024/02/14 05:44:46.01,458627.2702,5632516.3829,2950010.8065
2024/02/14 05:44:47.01,458629.1359,5632513.3772,2950016.2802
2024/02/14 05:44:48.01,458630.8673,5632510.4338,2950021.6041
2024/02/14 05:44:49.01,458632.4128,5632507.6131,2950026.8584
2024/02/14 05:44:50.01,458633.883,5632504.7251,2950032.2739
2024/02/14 05:44:51.01,458635.315,5632501.6922,2950037.8877
2024/02/14 05:44:52.01,458636.8098,5632498.5564,2950043.684
2024/02/14 05:44:53.01,458638.3237,5632495.3707,2950049.6742
2024/02/14 05:44:54.01,458639.7947,5632492.0741,2950055.905
2024/02/14 05:44:55.01,458641.1826,5632488.6898,2950062.3792
2024/02/14 05:44:56.01,458642.3484,5632485.1393,2950069.0262
2024/02/14 05:44:57.01,458643.1427,5632481.6457,2950075.6754
2024/02/14 05:44:58.01,458643.5977,5632478.1876,2950082.1998
2024/02/14 05:44:59.01,458643.8086,5632474.8888,2950088.5343
2024/02/14 05:45:00.01,458643.8302,5632471.7048,2950094.5845
2024/02/14 05:45:01.00,458643.7387,5632468.9763,2950099.8415
2024/02/14 05:45:02.01,458643.5891,5632466.7879,2950103.9976
2024/02/14 05:45:03.01,458643.4078,5632465.0775,2950107.3953
2024/02/14 05:45:04.01,458643.1943,5632463.4831,2950110.4219
2024/02/14 05:45:05.01,458642.919,5632461.9603,2950113.3993
2024/02/14 05:45:06.01,458642.5441,5632460.3169,2950116.6939
2024/02/14 05:45:07.01,458642.0558,5632458.4825,2950120.3707
2024/02/14 05:45:08.01,458641.4367,5632456.5254,2950124.4181
2024/02/14 05:45:09.01,458640.724,5632454.3244,2950128.8005
2024/02/14 05:45:10.01,458639.9657,5632451.9872,2950133.4929
2024/02/14 05:45:11.01,458639.1588,5632449.5197,2950138.5833
2024/02/14 05:45:12.01,458638.1237,5632446.8512,2950144.1074
2024/02/14 05:45:13.01,458636.8743,5632444.0457,2950149.9089
2024/02/14 05:45:14.01,458635.5768,5632441.4339,2950155.4686
2024/02/14 05:45:15.01,458634.1921,5632438.8356,2950160.8378
2024/02/14 05:45:16.01,458632.745,5632436.1571,2950166.2482
2024/02/14 05:45:17.01,458631.2081,5632433.6267,2950171.7853
2024/02/14 05:45:18.01,458629.5677,5632430.9354,2950177.4233
2024/02/14 05:45:19.01,458627.8429,5632428.0977,2950183.1988
2024/02/14 05:45:20.01,458626.0224,5632425.2909,2950189.1571
2024/02/14 05:45:21.01,458624.0671,5632422.323,2950195.3494
2024/02/14 05:45:22.01,458622.0248,5632419.2124,2950201.7915
2024/02/14 05:45:23.01,458619.7921,5632415.9984,2950208.4941
2024/02/14 05:45:24.01,458617.4452,5632412.7804,2950215.3587
2024/02/14 05:45:25.01,458615.0012,5632409.6113,2950222.1778
2024/02/14 05:45:26.01,458612.6195,5632406.4441,2950228.8372
2024/02/14 05:45:27.01,458610.2632,5632403.4159,2950235.3829
2024/02/14 05:45:28.01,458607.8806,5632400.4156,2950241.7688
2024/02/14 05:45:29.01,458605.5588,5632397.5317,2950247.9289
2024/02/14 05:45:30.01,458603.2669,5632394.6122,2950254.124
2024/02/14 05:45:31.01,458600.9225,5632391.6581,2950260.4523
2024/02/14 05:45:32.01,458598.4977,5632388.6642,2950266.9522
2024/02/14 05:45:33.01,458595.9521,5632385.5358,2950273.5694
2024/02/14 05:45:34.01,458593.2833,5632382.3385,2950280.4047
2024/02/14 05:45:35.01,458590.5791,5632378.9891,2950287.453
2024/02/14 05:45:36.01,458587.8002,5632375.5888,2950294.817
2024/02/14 05:45:37.01,458584.9397,5632372.0067,2950302.5007
2024/02/14 05:45:38.01,458582.0471,5632368.3039,2950310.4787
2024/02/14 05:45:39.01,458579.1201,5632364.5232,2950318.6889
2024/02/14 05:45:40.01,458576.3061,5632360.6692,2950326.7715
2024/02/14 05:45:41.01,458573.5431,5632356.9163,2950334.7009
2024/02/14 05:45:42.01,458570.8022,5632353.2629,2950342.4683
2024/02/14 05:45:43.01,458568.1566,5632349.7553,2950350.0321
2024/02/14 05:45:44.01,458565.7719,5632346.4837,2950356.9677
2024/02/14 05:45:45.01,458563.9113,5632343.9228,2950362.5995
2024/02/14 05:45:46.01,458562.2099,5632341.6789,2950367.3234
2024/02/14 05:45:47.01,458560.4923,5632339.5352,2950371.7496
2024/02/14 05:45:48.01,458558.7888,5632337.3926,2950376.2949
2024/02/14 05:45:49.01,458557.0823,5632335.1298,2950381.1658
2024/02/14 05:45:50.01,458555.3782,5632332.7935,2950386.1148
2024/02/14 05:45:51.01,458553.6756,5632330.4306,2950391.1332
2024/02/14 05:45:52.01,458552.0129,5632328.0097,2950396.3349
2024/02/14 05:45:53.01,458550.3048,5632325.529,2950401.6378
2024/02/14 05:45:54.01,458548.5682,5632322.9977,2950407.0332
2024/02/14 05:45:55.01,458546.8737,5632320.5001,2950412.483
2024/02/14 05:45:56.01,458545.201,5632317.7355,2950417.8609
2024/02/14 05:45:57.01,458543.4499,5632315.4507,2950423.2041
2024/02/14 05:45:58.01,458541.7539,5632312.9941,2950428.1344
2024/02/14 05:45:59.01,458539.9795,5632310.6505,2950433.0264
2024/02/14 05:46:00.01,458538.166,5632308.3615,2950437.9895
2024/02/14 05:46:01.00,458536.3307,5632306.0129,2950443.0112
2024/02/14 05:46:02.01,458534.5594,5632303.5576,2950448.1466
2024/02/14 05:46:03.01,458532.8719,5632301.003,2950453.3111
2024/02/14 05:46:04.01,458531.3506,5632298.6287,2950458.6168
2024/02/14 05:46:05.01,458529.7645,5632296.0806,2950463.9303
2024/02/14 05:46:06.01,458528.1361,5632293.4644,2950469.3092
2024/02/14 05:46:07.01,458526.3501,5632290.8119,2950475.1819
2024/02/14 05:46:08.01,458524.3896,5632287.8383,2950481.4308
2024/02/14 05:46:09.01,458522.4601,5632284.8502,2950487.7679
2024/02/14 05:46:10.01,458520.6094,5632281.8046,2950494.1004
2024/02/14 05:46:11.01,458519.12,5632278.5868,2950500.4587
2024/02/14 05:46:12.01,458517.8365,5632275.4261,2950506.8766
2024/02/14 05:46:13.01,458516.9311,5632272.3789,2950513.3169
2024/02/14 05:46:14.01,458516.2515,5632269.3614,2950519.6601
2024/02/14 05:46:15.01,458515.9287,5632266.1911,2950525.9031
2024/02/14 05:46:16.01,458515.8158,5632262.9413,2950532.1084
2024/02/14 05:46:17.01,458515.9549,5632259.9106,2950538.3023
2024/02/14 05:46:18.01,458516.4061,5632256.8099,2950544.4615
2024/02/14 05:46:19.01,458517.098,5632253.6967,2950550.5795
2024/02/14 05:46:20.01,458518.1025,5632250.7361,2950556.6413
2024/02/14 05:46:21.01,458519.2378,5632247.5635,2950562.6594
2024/02/14 05:46:22.01,458520.4611,5632244.4354,2950568.6727
2024/02/14 05:46:23.01,458521.8786,5632241.2943,2950574.6062
2024/02/14 05:46:24.01,458523.5375,5632238.2209,2950580.5047
2024/02/14 05:46:25.01,458525.5648,5632235.17,2950586.3064
2024/02/14 05:46:26.01,458527.8743,5632232.1561,2950592.002
2024/02/14 05:46:27.01,458530.3817,5632229.1556,2950597.6154
2024/02/14 05:46:28.01,458533.2419,5632226.0522,2950603.3192
2024/02/14 05:46:29.01,458536.5783,5632222.7966,2950609.2853
2024/02/14 05:46:30.01,458539.9181,5632219.6555,2950615.2565
2024/02/14 05:46:31.01,458542.9493,5632216.6039,2950621.0271
2024/02/14 05:46:32.01,458545.9376,5632213.5606,2950626.6854
2024/02/14 05:46:33.01,458549.0619,5632210.5503,2950632.3485
2024/02/14 05:46:34.01,458552.2418,5632207.5563,2950638.0867
2024/02/14 05:46:35.01,458555.458,5632204.3662,2950643.9459
2024/02/14 05:46:36.01,458558.7419,5632201.1885,2950649.9086
2024/02/14 05:46:37.01,458562.2173,5632197.8189,2950655.8944
2024/02/14 05:46:38.01,458565.808,5632194.465,2950661.9978
2024/02/14 05:46:39.01,458569.5991,5632191.1805,2950668.2017
2024/02/14 05:46:40.01,458573.4339,5632187.7157,2950674.4986
2024/02/14 05:46:41.01,458577.2215,5632184.1917,2950680.9513
2024/02/14 05:46:42.01,458581.0878,5632180.6098,2950687.4825
2024/02/14 05:46:43.01,458584.9491,5632177.0597,2950694.1266
2024/02/14 05:46:44.01,458588.7745,5632173.5159,2950700.7453
2024/02/14 05:46:45.01,458592.5347,5632170.0104,2950707.2467
2024/02/14 05:46:46.01,458596.227,5632166.5234,2950713.5616
2024/02/14 05:46:47.01,458599.8494,5632163.0924,2950719.6565
2024/02/14 05:46:48.01,458603.4089,5632159.9552,2950725.5633
2024/02/14 05:46:49.01,458606.8489,5632156.7391,2950731.4351
2024/02/14 05:46:50.01,458610.1392,5632153.7408,2950737.1667
2024/02/14 05:46:51.01,458613.2608,5632150.7742,2950742.5198
2024/02/14 05:46:52.01,458616.1812,5632148.1851,2950747.3175
2024/02/14 05:46:53.01,458618.7684,5632145.8995,2950751.3119
2024/02/14 05:46:54.01,458620.8833,5632144.1073,2950754.6064
2024/02/14 05:46:55.01,458622.5914,5632142.6199,2950757.3967
2024/02/14 05:46:56.01,458624.1419,5632141.2602,2950760.0009
2024/02/14 05:46:57.01,458625.675,5632139.7672,2950762.6041
2024/02/14 05:46:58.01,458627.346,5632138.3595,2950765.4225
2024/02/14 05:46:59.01,458628.999,5632136.7839,2950768.1938
2024/02/14 05:47:00.01,458630.3982,5632135.3976,2950770.8165
2024/02/14 05:47:01.00,458631.6658,5632134.1564,2950773.1932
2024/02/14 05:47:02.01,458632.7867,5632133.0643,2950775.2217
2024/02/14 05:47:03.01,458633.7363,5632132.1731,2950776.9481
2024/02/14 05:47:04.01,458634.4224,5632131.3793,2950778.1366
2024/02/14 05:47:05.01,458635.0456,5632130.9032,2950779.2628
2024/02/14 05:47:06.01,458635.8437,5632130.1344,2950780.7939
2024/02/14 05:47:07.01,458636.8299,5632129.0844,2950782.594
2024/02/14 05:47:08.01,458637.9897,5632127.981,2950784.5863
2024/02/14 05:47:09.01,458639.1763,5632126.9019,2950786.4811
2024/02/14 05:47:10.01,458640.2993,5632126.0077,2950788.1824
2024/02/14 05:47:11.01,458641.0696,5632125.3288,2950789.3182
2024/02/14 05:47:12.01,458641.4104,5632125.0676,2950789.8297
2024/02/14 05:47:13.01,458641.6478,5632124.9045,2950790.1778
2024/02/14 05:47:14.01,458642.0888,5632124.574,2950790.8445
2024/02/14 05:47:15.01,458642.8187,5632123.986,2950791.8769
2024/02/14 05:47:16.01,458643.4863,5632123.417,2950792.9069
2024/02/14 05:47:17.01,458644.1811,5632122.7891,2950794.022
2024/02/14 05:47:18.01,458644.968,5632122.1136,2950795.3336
2024/02/14 05:47:19.01,458645.638,5632121.4748,2950796.4332
2024/02/14 05:47:20.01,458646.3132,5632120.9442,2950797.5867
2024/02/14 05:47:21.01,458647.0679,5632120.2408,2950798.9355
2024/02/14 05:47:22.01,458648.0107,5632119.3737,2950800.5163
2024/02/14 05:47:23.01,458648.9222,5632118.6068,2950802.1527
2024/02/14 05:47:24.01,458649.7822,5632117.7723,2950803.6106
2024/02/14 05:47:25.01,458650.8388,5632116.8234,2950805.3708
2024/02/14 05:47:26.01,458652.1421,5632115.5598,2950807.4988
2024/02/14 05:47:27.01,458653.6723,5632114.2866,2950809.9467
2024/02/14 05:47:28.01,458655.3702,5632112.6608,2950812.4731
2024/02/14 05:47:29.01,458657.2075,5632111.1408,2950815.2226
2024/02/14 05:47:30.01,458658.8807,5632109.5803,2950818.0357
2024/02/14 05:47:31.01,458660.5148,5632108.0196,2950820.936
2024/02/14 05:47:32.01,458662.3375,5632106.2651,2950824.0936
2024/02/14 05:47:33.01,458664.3318,5632104.327,2950827.6886
2024/02/14 05:47:34.01,458666.4114,5632102.23,2950831.4333
2024/02/14 05:47:35.01,458668.4779,5632100.3238,2950835.1323
2024/02/14 05:47:36.01,458670.5114,5632098.3794,2950838.5599
2024/02/14 05:47:37.01,458672.5367,5632096.5131,2950842.0119
2024/02/14 05:47:38.01,458674.6452,5632094.3453,2950845.8428
2024/02/14 05:47:39.01,458676.9848,5632092.0472,2950850.1409
2024/02/14 05:47:40.01,458679.632,5632089.5068,2950854.7759
2024/02/14 05:47:41.01,458682.4653,5632086.7402,2950859.6824
2024/02/14 05:47:42.01,458685.5167,5632083.9128,2950864.8134
2024/02/14 05:47:43.01,458688.7488,5632081.0834,2950870.2061
2024/02/14 05:47:44.01,458692.09,5632078.1109,2950875.726
2024/02/14 05:47:45.01,458695.4787,5632075.0723,2950881.3333
2024/02/14 05:47:46.01,458698.8378,5632072.0419,2950887.0022
2024/02/14 05:47:47.01,458702.1898,5632069.0135,2950892.9054
2024/02/14 05:47:48.01,458705.543,5632065.7228,2950898.851
2024/02/14 05:47:49.01,458708.7769,5632062.6232,2950904.5438
2024/02/14 05:47:50.01,458711.8645,5632059.5996,2950910.0641
2024/02/14 05:47:51.01,458715.0538,5632056.6618,2950915.6017
2024/02/14 05:47:52.01,458718.3941,5632053.6216,2950921.1936
2024/02/14 05:47:53.01,458721.7816,5632050.5988,2950926.914
2024/02/14 05:47:54.01,458725.3316,5632047.3191,2950932.6664
2024/02/14 05:47:55.01,458728.7928,5632044.1301,2950938.5972
2024/02/14 05:47:56.01,458732.2516,5632040.9858,2950944.4177
2024/02/14 05:47:57.01,458735.7428,5632037.7005,2950950.1272
2024/02/14 05:47:58.01,458739.1803,5632034.5383,2950955.9616
2024/02/14 05:47:59.01,458742.5502,5632031.2449,2950961.9024
2024/02/14 05:48:00.01,458745.8211,5632028.0748,2950967.8294
2024/02/14 05:48:01.00,458749.0779,5632024.9637,2950973.6015
2024/02/14 05:48:02.01,458752.3852,5632021.8501,2950979.3398
2024/02/14 05:48:03.01,458755.6598,5632018.6698,2950985.1391
2024/02/14 05:48:04.01,458759.0133,5632015.4513,2950990.9303
2024/02/14 05:48:05.01,458762.4175,5632012.2982,2950996.6858
2024/02/14 05:48:06.01,458765.7977,5632009.2324,2951002.3534
2024/02/14 05:48:07.01,458769.0672,5632005.9847,2951007.9919
2024/02/14 05:48:08.01,458772.3109,5632002.8688,2951013.7702
2024/02/14 05:48:09.01,458775.6166,5631999.6543,2951019.6438
2024/02/14 05:48:10.01,458778.9973,5631996.2979,2951025.5764
2024/02/14 05:48:11.01,458782.5127,5631992.9666,2951031.5864
2024/02/14 05:48:12.01,458786.135,5631989.6085,2951037.6328
2024/02/14 05:48:13.01,458789.8384,5631986.2723,2951043.5406
2024/02/14 05:48:14.01,458793.3738,5631983.056,2951049.3646
2024/02/14 05:48:15.01,458796.8012,5631980.0247,2951055.0634
2024/02/14 05:48:16.01,458800.0732,5631976.8728,2951060.6204
2024/02/14 05:48:17.01,458803.2831,5631973.8643,2951066.2106
2024/02/14 05:48:18.01,458806.4343,5631970.8346,2951071.6971
2024/02/14 05:48:19.01,458809.556,5631967.8487,2951077.0357
2024/02/14 05:48:20.01,458812.5937,5631964.8527,2951082.3586
2024/02/14 05:48:21.01,458815.5084,5631962.0036,2951087.6481
2024/02/14 05:48:22.01,458818.238,5631959.1547,2951092.6861
2024/02/14 05:48:23.01,458820.7502,5631956.6391,2951097.4845
2024/02/14 05:48:24.01,458822.9831,5631954.1663,2951101.8693
2024/02/14 05:48:25.01,458824.7458,5631952.2408,2951105.3281
2024/02/14 05:48:26.01,458826.2178,5631950.6054,2951108.274
2024/02/14 05:48:27.01,458827.7779,5631948.9547,2951111.1594
2024/02/14 05:48:28.01,458829.4677,5631947.2237,2951114.3744
2024/02/14 05:48:29.01,458831.2695,5631945.2539,2951117.9668
2024/02/14 05:48:30.01,458833.1697,5631943.1003,2951122.0228
2024/02/14 05:48:31.01,458835.3117,5631940.7497,2951126.3354
2024/02/14 05:48:32.01,458837.6288,5631938.4474,2951130.5658
2024/02/14 05:48:33.01,458840.1611,5631936.1582,2951134.736
2024/02/14 05:48:34.01,458842.8462,5631933.8059,2951139.0305
2024/02/14 05:48:35.01,458845.5294,5631931.4376,2951143.3888
2024/02/14 05:48:36.01,458848.2806,5631929.0243,2951147.7005
2024/02/14 05:48:37.01,458851.1697,5631926.5731,2951151.9933
2024/02/14 05:48:38.01,458854.3609,5631923.9272,2951156.4694
2024/02/14 05:48:39.01,458857.6827,5631921.4042,2951161.0986
2024/02/14 05:48:40.01,458860.9765,5631918.7802,2951165.781
2024/02/14 05:48:41.01,458864.113,5631916.202,2951170.3625
2024/02/14 05:48:42.01,458866.8623,5631913.697,2951174.6924
2024/02/14 05:48:43.01,458869.1929,5631911.477,2951178.9454
2024/02/14 05:48:44.01,458871.3962,5631909.0156,2951183.325
2024/02/14 05:48:45.01,458873.6591,5631906.51,2951187.9885
2024/02/14 05:48:46.01,458875.8009,5631903.9674,2951192.8289
2024/02/14 05:48:47.01,458878.0749,5631901.1865,2951197.9564
2024/02/14 05:48:48.01,458880.8774,5631898.0862,2951203.657
2024/02/14 05:48:49.01,458884.215,5631894.7785,2951209.5654
2024/02/14 05:48:50.01,458887.7472,5631891.7815,2951215.2481
2024/02/14 05:48:51.01,458891.3602,5631888.4879,2951220.7774
2024/02/14 05:48:52.01,458895.0573,5631885.3543,2951226.4945
2024/02/14 05:48:53.01,458898.8844,5631881.986,2951232.468
2024/02/14 05:48:54.01,458902.9558,5631878.5439,2951238.7573
2024/02/14 05:48:55.01,458907.177,5631874.7398,2951245.4163
2024/02/14 05:48:56.01,458911.5589,5631870.8896,2951252.4525
2024/02/14 05:48:57.01,458916.04,5631866.7344,2951259.7905
2024/02/14 05:48:58.01,458920.6788,5631862.5003,2951267.3972
2024/02/14 05:48:59.01,458925.4303,5631858.2146,2951275.2626
2024/02/14 05:49:00.01,458930.3444,5631853.7298,2951283.268
2024/02/14 05:49:01.00,458935.2989,5631849.124,2951291.465
2024/02/14 05:49:02.01,458940.3656,5631844.5033,2951299.8053
2024/02/14 05:49:03.01,458945.5366,5631839.8079,2951308.2507
2024/02/14 05:49:04.01,458950.7604,5631835.1349,2951316.838
2024/02/14 05:49:05.01,458956.0415,5631830.3559,2951325.4771
2024/02/14 05:49:06.01,458961.3033,5631825.5541,2951334.2287
2024/02/14 05:49:07.01,458966.5633,5631820.6509,2951343.0144
2024/02/14 05:49:08.01,458971.8639,5631815.8406,2951351.7082
2024/02/14 05:49:09.01,458977.0013,5631811.0607,2951360.2492
2024/02/14 05:49:10.01,458982.0724,5631806.5037,2951368.4308
2024/02/14 05:49:11.01,458987.0219,5631802.1001,2951376.3335
2024/02/14 05:49:12.01,458991.765,5631797.8612,2951383.9381
2024/02/14 05:49:13.01,458996.1772,5631793.8389,2951391.0699
2024/02/14 05:49:14.01,459000.3664,5631790.1281,2951397.8895
2024/02/14 05:49:15.01,459004.3626,5631786.5462,2951404.4069
2024/02/14 05:49:16.01,459008.2619,5631783.1536,2951410.5501
2024/02/14 05:49:17.01,459012.3817,5631779.8983,2951416.3283
2024/02/14 05:49:18.01,459016.8432,5631776.691,2951421.9638
2024/02/14 05:49:19.01,459021.5759,5631773.5441,2951427.5385
2024/02/14 05:49:20.01,459026.3774,5631770.3095,2951433.1863
2024/02/14 05:49:21.01,459031.3403,5631767.0446,2951438.8086
2024/02/14 05:49:22.01,459036.4478,5631763.8419,2951444.3658
2024/02/14 05:49:23.01,459041.4609,5631760.6088,2951450.0899
2024/02/14 05:49:24.01,459046.6449,5631757.2959,2951455.746
2024/02/14 05:49:25.01,459051.9437,5631754.0259,2951461.4698
2024/02/14 05:49:26.01,459057.348,5631750.696,2951467.1563
2024/02/14 05:49:27.01,459062.8944,5631747.5246,2951472.6331
2024/02/14 05:49:28.01,459068.3957,5631744.4045,2951477.8295
2024/02/14 05:49:29.01,459073.6944,5631741.5575,2951482.7482
2024/02/14 05:49:30.01,459078.7485,5631738.83,2951487.4705
2024/02/14 05:49:31.01,459083.7064,5631736.3186,2951491.8221
2024/02/14 05:49:32.01,459088.4967,5631733.8789,2951495.8827
2024/02/14 05:49:33.01,459093.171,5631731.4845,2951499.8586
2024/02/14 05:49:34.01,459097.8653,5631729.177,2951503.8148
2024/02/14 05:49:35.01,459102.6331,5631726.8763,2951507.6047
2024/02/14 05:49:36.01,459107.4739,5631724.7332,2951511.1088
2024/02/14 05:49:37.01,459112.2594,5631722.6836,2951514.3977
2024/02/14 05:49:38.01,459116.8173,5631720.7179,2951517.6595
2024/02/14 05:49:39.01,459121.1211,5631718.8265,2951520.8665
2024/02/14 05:49:40.01,459125.0992,5631716.8695,2951524.042
2024/02/14 05:49:41.01,459128.946,5631714.9795,2951527.1852
2024/02/14 05:49:42.01,459132.8486,5631713.1338,2951530.2699
2024/02/14 05:49:43.01,459136.9659,5631711.3266,2951533.2347
2024/02/14 05:49:44.01,459141.2822,5631709.5588,2951536.0804
2024/02/14 05:49:45.01,459145.8513,5631707.7529,2951538.6566
2024/02/14 05:49:46.01,459150.4976,5631706.4388,2951540.7621
2024/02/14 05:49:47.01,459155.0396,5631705.2156,2951542.5655
2024/02/14 05:49:48.01,459159.379,5631703.9535,2951544.2939
2024/02/14 05:49:49.01,459163.4265,5631702.7159,2951546.025
2024/02/14 05:49:50.01,459166.9391,5631701.6638,2951547.6132
2024/02/14 05:49:51.01,459169.86,5631700.7426,2951549.0275
2024/02/14 05:49:52.01,459172.4858,5631699.8691,2951550.3332
2024/02/14 05:49:53.01,459174.7259,5631699.1113,2951551.4509
2024/02/14 05:49:54.01,459176.2993,5631698.7378,2951552.165
2024/02/14 05:49:55.01,459177.5547,5631698.2925,2951552.6693
2024/02/14 05:49:56.01,459178.6295,5631698.066,2951553.098
2024/02/14 05:49:57.01,459179.6132,5631697.7524,2951553.4069
2024/02/14 05:49:58.01,459180.6389,5631697.4771,2951553.895
2024/02/14 05:49:59.01,459182.149,5631697.2299,2951554.3685
2024/02/14 05:50:00.01,459183.7945,5631696.7142,2951554.6686
2024/02/14 05:50:01.00,459185.3802,5631696.3021,2951555.171
2024/02/14 05:50:02.01,459187.0713,5631695.9237,2951555.7544
2024/02/14 05:50:03.01,459189.0753,5631695.4651,2951556.2944
2024/02/14 05:50:04.01,459191.1752,5631694.9771,2951556.8742
2024/02/14 05:50:05.01,459193.0845,5631694.5061,2951557.6149
2024/02/14 05:50:06.01,459194.7809,5631694.0338,2951558.2656
2024/02/14 05:50:07.01,459196.303,5631693.5992,2951558.8473
2024/02/14 05:50:08.01,459198.0134,5631693.0511,2951559.7114
2024/02/14 05:50:09.01,459199.961,5631692.3801,2951560.563
2024/02/14 05:50:10.01,459201.9131,5631691.8033,2951561.6115
2024/02/14 05:50:11.01,459203.7598,5631691.0786,2951562.5817
2024/02/14 05:50:12.01,459205.4046,5631690.0958,2951563.447
2024/02/14 05:50:13.01,459211.7274,5631706.3326,2951557.6973
2024/02/14 05:50:14.01,459207.0097,5631663.5574,2951553.912
2024/02/14 05:50:15.01,459208.3753,5631662.8336,2951554.5533
2024/02/14 05:50:16.01,459209.7036,5631662.2711,2951555.1939
2024/02/14 05:50:17.01,459206.549,5631702.2889,2951566.696
2024/02/14 05:50:18.01,459207.7271,5631702.0599,2951567.1086
2024/02/14 05:50:19.01,459213.1946,5631661.6497,2951556.4936
2024/02/14 05:50:20.01,459214.3905,5631661.1681,2951557.1251
2024/02/14 05:50:21.01,459211.4381,5631700.98,2951568.8661
2024/02/14 05:50:22.01,459213.2469,5631700.3781,2951569.7906
2024/02/14 05:50:23.01,459219.8128,5631659.4483,2951559.7954
2024/02/14 05:50:24.01,459227.9391,5631644.5841,2951560.7649
2024/02/14 05:50:25.01,459230.1518,5631643.987,2951561.815
2024/02/14 05:50:26.01,459227.4067,5631683.8701,2951574.3102
2024/02/14 05:50:27.01,459229.5579,5631682.7422,2951575.343
2024/02/14 05:50:28.01,459231.6898,5631682.2927,2951576.6638
2024/02/14 05:50:29.01,459234.0654,5631681.7989,2951577.9912
2024/02/14 05:50:30.01,459236.1718,5631680.7884,2951579.2189
2024/02/14 05:50:31.01,459237.9367,5631679.8397,2951580.1934
2024/02/14 05:50:32.01,459239.3696,5631679.6892,2951581.0059
2024/02/14 05:50:33.01,459240.6934,5631678.7303,2951581.51
2024/02/14 05:50:34.01,459242.1675,5631679.0231,2951582.2392
2024/02/14 05:50:35.01,459243.9794,5631677.9665,2951583.1626
2024/02/14 05:50:36.01,459246.1713,5631677.2849,2951584.159
2024/02/14 05:50:37.01,459253.481,5631692.5111,2951578.4327
2024/02/14 05:50:38.01,459249.7277,5631706.3769,2951579.4275
2024/02/14 05:50:39.01,459251.6677,5631705.5851,2951580.4117
2024/02/14 05:50:40.01,459253.7681,5631704.764,2951581.4702
2024/02/14 05:50:41.01,459250.6471,5631638.9607,2951581.0514
2024/02/14 05:50:42.01,459252.4506,5631638.2199,2951582.0566
2024/02/14 05:50:43.01,459254.0121,5631637.7966,2951583.0378
2024/02/14 05:50:44.01,459255.3488,5631637.1199,2951583.7984
2024/02/14 05:50:45.01,459256.5745,5631636.6445,2951584.4412
2024/02/14 05:50:46.01,459263.8305,5631670.3437,2951593.1567
2024/02/14 05:50:47.01,459258.699,5631635.9449,2951585.695
2024/02/14 05:50:48.01,459265.4654,5631622.0438,2951586.2814
2024/02/14 05:50:49.01,459265.653,5631700.2551,2951588.2512
2024/02/14 05:50:50.01,459267.2633,5631668.9861,2951595.1072
2024/02/14 05:50:51.01,459269.8309,5631703.1846,2951606.4071
2024/02/14 05:50:52.01,459270.4583,5631702.9745,2951606.7485
2024/02/14 05:50:53.01,459271.1123,5631702.6499,2951607.081
2024/02/14 05:50:54.01,459271.9936,5631702.2461,2951607.4722
2024/02/14 05:50:55.01,459272.8912,5631702.0362,2951607.8614
2024/02/14 05:50:56.01,459273.698,5631701.8213,2951608.2825
2024/02/14 05:50:57.01,459274.4044,5631701.5594,2951608.6444
2024/02/14 05:50:58.01,459274.9976,5631701.4144,2951609.0019
2024/02/14 05:50:59.01,459263.0924,5631655.0655,2951589.4206
2024/02/14 05:51:00.01,459275.9559,5631701.1125,2951609.5993
2024/02/14 05:51:01.00,459276.3315,5631700.9615,2951609.8364
2024/02/14 05:51:02.01,459276.6296,5631700.7272,2951610.0147
2024/02/14 05:51:03.01,459276.847,5631700.5909,2951610.1517
2024/02/14 05:51:04.01,459277.0466,5631700.5664,2951610.2793
2024/02/14 05:51:05.01,459277.3008,5631700.4142,2951610.4152
2024/02/14 05:51:06.01,459265.3606,5631654.1989,2951590.8477
2024/02/14 05:51:07.01,459266.0969,5631653.9643,2951591.3132
2024/02/14 05:51:08.01,459272.941,5631639.5818,2951591.7058
2024/02/14 05:51:09.01,459267.7394,5631652.8198,2951592.1243
2024/02/14 05:51:10.01,459280.8369,5631699.8013,2951612.8452
2024/02/14 05:51:11.01,459281.7895,5631699.171,2951613.4603
2024/02/14 05:51:12.01,459282.9205,5631698.819,2951614.1559
2024/02/14 05:51:13.01,459284.0809,5631698.3481,2951614.8898
2024/02/14 05:51:14.01,459285.2972,5631697.924,2951615.6281
2024/02/14 05:51:15.01,459286.5363,5631697.5149,2951616.2895
2024/02/14 05:51:16.01,459287.7399,5631696.9633,2951616.9323
2024/02/14 05:51:17.01,459288.9302,5631696.569,2951617.5427
2024/02/14 05:51:18.01,459290.2527,5631696.1215,2951618.2125
2024/02/14 05:51:19.01,459291.8476,5631695.4526,2951619.073
2024/02/14 05:51:20.01,459299.2168,5631709.0331,2951612.9646
2024/02/14 05:51:21.01,459301.1425,5631708.42,2951614.1517
2024/02/14 05:51:22.01,459302.9787,5631707.6249,2951615.224
2024/02/14 05:51:23.01,459299.4614,5631692.5086,2951623.6275
2024/02/14 05:51:24.01,459307.2729,5631706.0072,2951617.6858
2024/02/14 05:51:25.01,459309.7972,5631705.0624,2951619.0893
2024/02/14 05:51:26.01,459312.4597,5631704.0529,2951620.5334
2024/02/14 05:51:27.01,459315.2702,5631702.9869,2951622.101
2024/02/14 05:51:28.01,459318.126,5631702.0019,2951623.5422
2024/02/14 05:51:29.01,459320.8775,5631701.2088,2951624.9239
2024/02/14 05:51:30.01,459323.7715,5631700.1773,2951626.5666
2024/02/14 05:51:31.01,459326.8967,5631698.9362,2951628.2928
2024/02/14 05:51:32.01,459330.225,5631697.7862,2951630.0582
2024/02/14 05:51:33.01,459329.7756,5631656.967,2951622.3869
2024/02/14 05:51:34.01,459331.4209,5631681.4653,2951639.9498
2024/02/14 05:51:35.01,459334.8887,5631680.0366,2951640.5002
2024/02/14 05:51:36.01,459343.6126,5631695.2348,2951633.4822
2024/02/14 05:51:37.01,459339.347,5631646.832,2951628.692
2024/02/14 05:51:38.01,459343.9089,5631681.5885,2951637.9518
2024/02/14 05:51:39.01,459346.3916,5631682.7308,2951635.5888
2024/02/14 05:51:40.01,459350.6117,5631658.5803,2951616.3779
2024/02/14 05:51:41.01,459352.3917,5631658.3531,2951620.3498
2024/02/14 05:51:42.01,459355.2464,5631659.8932,2951616.8891
2024/02/14 05:51:43.01,459358.4546,5631661.4551,2951613.3479
2024/02/14 05:51:44.01,459362.0742,5631663.009,2951609.7886
2024/02/14 05:51:45.01,459366.5174,5631659.9555,2951603.6391
2024/02/14 05:51:46.01,459370.5942,5631661.6771,2951599.7188
2024/02/14 05:51:47.01,459376.9127,5631675.8976,2951599.7446
2024/02/14 05:51:48.01,459378.5651,5631665.2595,2951591.0756
2024/02/14 05:51:49.01,459382.0198,5631671.7301,2951589.2788
2024/02/14 05:51:50.01,459383.2283,5631665.8486,2951583.0795
2024/02/14 05:51:51.01,459387.3508,5631657.2354,2951580.8986
2024/02/14 05:51:52.01,459393.8135,5631677.4738,2951576.7389
2024/02/14 05:51:53.01,459397.0231,5631678.8869,2951572.8619
2024/02/14 05:51:54.01,459401.3039,5631660.8377,2951566.2331
2024/02/14 05:51:55.01,459403.8785,5631677.6705,2951562.9712
2024/02/14 05:51:56.01,459407.1651,5631684.0567,2951561.3672
2024/02/14 05:51:57.01,459408.0715,5631670.8245,2951548.6693
2024/02/14 05:51:58.01,459416.0792,5631688.0604,2951552.3291
2024/02/14 05:51:59.01,459424.1811,5631693.1122,2951547.1377
2024/02/14 05:52:00.01,459426.3692,5631687.0606,2951540.866
2024/02/14 05:52:01.00,459431.8221,5631688.9568,2951536.3859
2024/02/14 05:52:02.01,459437.4583,5631690.8322,2951531.5515
2024/02/14 05:52:03.01,459449.9131,5631721.2947,2951531.9729
2024/02/14 05:52:04.01,459456.1056,5631723.1153,2951526.9714
2024/02/14 05:52:05.01,459462.3409,5631725.2146,2951521.9316
2024/02/14 05:52:06.01,459468.5434,5631727.1263,2951516.7993
2024/02/14 05:52:07.01,459464.6531,5631655.5039,2951494.4126
2024/02/14 05:52:08.01,459470.7529,5631657.4387,2951489.3753
2024/02/14 05:52:09.01,459477.0711,5631659.285,2951484.6286
2024/02/14 05:52:10.01,459482.0365,5631693.4722,2951492.1214
2024/02/14 05:52:11.01,459488.5605,5631662.8182,2951475.4147
2024/02/14 05:52:12.01,459491.2306,5631721.3868,2951479.8948
2024/02/14 05:52:13.01,459496.677,5631723.0285,2951475.5472
2024/02/14 05:52:14.01,459504.9243,5631667.8794,2951462.3452
2024/02/14 05:52:15.01,459510.2612,5631669.5496,2951457.9156
2024/02/14 05:52:16.01,459515.6534,5631671.2322,2951453.6053
2024/02/14 05:52:17.01,459518.2485,5631729.7153,2951458.1411
2024/02/14 05:52:18.01,459526.3475,5631674.4698,2951445.2908
2024/02/14 05:52:19.01,459528.5929,5631732.7463,2951450.2362
2024/02/14 05:52:20.01,459536.4999,5631677.4251,2951437.5496
2024/02/14 05:52:21.01,459538.5832,5631735.8116,2951442.4737
2024/02/14 05:52:22.01,459546.5749,5631680.336,2951429.8359
2024/02/14 05:52:23.01,459552.0083,5631681.7739,2951426.1456
2024/02/14 05:52:24.01,459559.8093,5631735.578,2951428.9395
2024/02/14 05:52:25.01,459562.5489,5631730.7221,2951434.2153
2024/02/14 05:52:26.01,459564.8858,5631724.6287,2951427.9996
2024/02/14 05:52:27.01,459575.7968,5631741.0053,2951416.0044
2024/02/14 05:52:28.01,459575.6533,5631728.5139,2951417.846
2024/02/14 05:52:29.01,459579.8058,5631743.7017,2951409.5295
2024/02/14 05:52:30.01,459587.2569,5631720.8919,2951398.5354
2024/02/14 05:52:31.01,459596.0969,5631742.592,2951404.2463
2024/02/14 05:52:32.01,459597.4753,5631749.1981,2951394.5486
2024/02/14 05:52:33.01,459610.3067,5631705.1089,2951377.9577
2024/02/14 05:52:34.01,459616.07,5631706.6963,2951373.3673
2024/02/14 05:52:35.01,459616.2989,5631694.317,2951375.7513
2024/02/14 05:52:36.01,459622.138,5631696.1901,2951370.6024
2024/02/14 05:52:37.01,459628.1682,5631698.3378,2951365.3527
2024/02/14 05:52:38.01,459634.3318,5631700.5005,2951359.9404
2024/02/14 05:52:39.01,459640.7966,5631702.4886,2951354.6408
2024/02/14 05:52:40.01,459648.0983,5631757.3409,2951353.1333
2024/02/14 05:52:41.01,459660.5531,5631762.9026,2951352.1048
2024/02/14 05:52:42.01,459659.5219,5631721.3963,2951338.0924
2024/02/14 05:52:43.01,459665.929,5631723.5293,2951332.9278
2024/02/14 05:52:44.01,459672.3098,5631725.3094,2951327.7077
2024/02/14 05:52:45.01,459674.776,5631728.4206,2951325.8146
2024/02/14 05:52:46.01,459681.164,5631730.2836,2951320.6315
2024/02/14 05:52:47.01,459693.3989,5631719.1655,2951315.6031
2024/02/14 05:52:48.01,459699.7497,5631721.1158,2951310.5606
2024/02/14 05:52:49.01,459700.217,5631736.2733,2951305.5929
2024/02/14 05:52:50.01,459712.3285,5631725.0111,2951300.7841
2024/02/14 05:52:51.01,459718.5598,5631727.0125,2951295.8801
2024/02/14 05:52:52.01,459724.777,5631728.8793,2951290.8883
2024/02/14 05:52:53.01,459725.0594,5631744.1323,2951286.0456
2024/02/14 05:52:54.01,459731.17,5631746.0492,2951281.3704
2024/02/14 05:52:55.01,459737.1682,5631747.9255,2951276.7902
2024/02/14 05:52:56.01,459749.0719,5631736.4624,2951272.1793
2024/02/14 05:52:57.01,459755.2042,5631738.2959,2951267.399
2024/02/14 05:52:58.01,459761.4311,5631740.3595,2951262.5054
2024/02/14 05:52:59.01,459761.864,5631755.7451,2951257.4651
2024/02/14 05:53:00.01,459773.9846,5631744.4681,2951252.4414
2024/02/14 05:53:01.00,459774.4593,5631759.8288,2951247.3452
2024/02/14 05:53:02.01,459786.5566,5631748.5597,2951242.4142
2024/02/14 05:53:03.01,459792.7703,5631750.5163,2951237.5788
2024/02/14 05:53:04.01,459793.0402,5631765.7379,2951232.8347
2024/02/14 05:53:05.01,459804.8268,5631754.4071,2951228.1918
2024/02/14 05:53:06.01,459810.6559,5631756.2408,2951223.5626
2024/02/14 05:53:07.01,459810.5382,5631771.2663,2951218.9833
2024/02/14 05:53:08.01,459816.2039,5631772.881,2951214.5186
2024/02/14 05:53:09.01,459821.7425,5631774.9144,2951210.111
2024/02/14 05:53:10.01,459836.0967,5631808.6986,2951208.32
2024/02/14 05:53:11.01,459841.7781,5631807.8652,2951202.8675
2024/02/14 05:53:12.01,459846.9636,5631809.7128,2951198.6714
2024/02/14 05:53:13.01,459852.1513,5631811.3208,2951194.5564
2024/02/14 05:53:14.01,459856.6162,5631815.099,2951192.0407
2024/02/14 05:53:15.01,459863.1488,5631826.7666,2951191.9538
2024/02/14 05:53:16.01,459866.7198,5631827.959,2951189.0222
2024/02/14 05:53:17.01,459869.9728,5631828.9158,2951186.3278
2024/02/14 05:53:18.01,459870.6876,5631819.624,2951180.6741
2024/02/14 05:53:19.01,459872.6869,5631810.3998,2951177.5182
2024/02/14 05:53:20.01,459879.0883,5631819.455,2951176.7566
2024/02/14 05:53:21.01,459881.1916,5631822.691,2951172.6732
2024/02/14 05:53:22.01,459880.6748,5631818.2405,2951166.5687
2024/02/14 05:53:23.01,459891.625,5631837.9663,2951170.9553
2024/02/14 05:53:24.01,459894.6649,5631826.5445,2951165.9664
2024/02/14 05:53:25.01,459899.777,5631838.1111,2951163.5148
2024/02/14 05:53:26.01,459903.5578,5631839.4362,2951160.5279
2024/02/14 05:53:27.01,459906.9527,5631840.5347,2951157.7172
2024/02/14 05:53:28.01,459909.8889,5631841.5151,2951155.4018
2024/02/14 05:53:29.01,459909.6328,5631834.5669,2951151.2933
2024/02/14 05:53:30.01,459912.5659,5631833.0982,2951147.9484
2024/02/14 05:53:31.01,459915.2574,5631833.8807,2951145.7216
2024/02/14 05:53:32.01,459920.9665,5631845.3055,2951146.487
2024/02/14 05:53:33.01,459924.2264,5631846.0051,2951143.7295
2024/02/14 05:53:34.01,459926.8115,5631834.6954,2951138.9474
2024/02/14 05:53:35.01,459929.3462,5631825.6981,2951135.2566
2024/02/14 05:53:36.01,459933.3736,5631827.1178,2951132.1011
2024/02/14 05:53:37.01,459937.9998,5631853.3781,2951130.2745
2024/02/14 05:53:38.01,459942.4582,5631850.4804,2951124.5813
2024/02/14 05:53:39.01,459945.0057,5631871.53,2951124.6995
2024/02/14 05:53:40.01,459946.8682,5631833.4145,2951107.8602
2024/02/14 05:53:41.01,459948.8593,5631859.7784,2951121.457
2024/02/14 05:53:42.01,459954.5411,5631835.604,2951102.1407
2024/02/14 05:53:43.01,459958.5433,5631836.833,2951099.122
2024/02/14 05:53:44.01,459965.3793,5631857.5878,2951106.7089
2024/02/14 05:53:45.01,459964.8544,5631864.4452,2951109.631
2024/02/14 05:53:46.01,459970.3905,5631840.3966,2951090.3822
2024/02/14 05:53:47.01,459973.9823,5631841.6584,2951087.5689
2024/02/14 05:53:48.01,459975.7158,5631868.0176,2951101.2228
2024/02/14 05:53:49.01,459983.6369,5631863.2852,2951092.7126
2024/02/14 05:53:50.01,459982.589,5631870.2294,2951095.784
2024/02/14 05:53:51.01,459990.4794,5631865.5223,2951087.4189
2024/02/14 05:53:52.01,459993.7681,5631866.5111,2951085.0625
2024/02/14 05:53:53.01,459994.0648,5631848.0001,2951072.23
2024/02/14 05:53:54.01,459999.4365,5631868.2437,2951080.7826
2024/02/14 05:53:55.01,459999.0113,5631849.4939,2951068.32
2024/02/14 05:53:56.01,460000.8653,5631850.2941,2951066.8266
2024/02/14 05:53:57.01,460002.0493,5631850.5823,2951065.8562
2024/02/14 05:53:58.01,460000.8275,5631876.0848,2951081.8562
2024/02/14 05:53:59.01,460000.9556,5631876.1405,2951081.7677
2024/02/14 05:54:00.01,460002.7084,5631850.8963,2951065.3956
2024/02/14 05:54:01.00,460002.7108,5631850.8825,2951065.3991
2024/02/14 05:54:02.01,460000.9477,5631876.0949,2951081.7619
2024/02/14 05:54:03.01,460002.7409,5631850.9108,2951065.3738
2024/02/14 05:54:04.01,460002.9029,5631850.8632,2951065.2342
2024/02/14 05:54:05.01,460003.3525,5631851.0231,2951064.9183
2024/02/14 05:54:06.01,460003.9136,5631851.1551,2951064.5196
2024/02/14 05:54:07.01,460004.5534,5631851.2116,2951064.0582
2024/02/14 05:54:08.01,460005.3212,5631851.6266,2951063.585
2024/02/14 05:54:09.01,460005.9956,5631851.7854,2951063.123
2024/02/14 05:54:10.01,460006.3278,5631851.8302,2951062.8444
2024/02/14 05:54:11.01,460006.6295,5631852.0042,2951062.655
2024/02/14 05:54:12.01,460007.9422,5631820.926,2951069.8484
2024/02/14 05:54:13.01,460007.5065,5631852.1553,2951061.9762
2024/02/14 05:54:14.01,460011.1488,5631871.923,2951071.9154
2024/02/14 05:54:15.01,460012.2899,5631872.2798,2951071.0552
2024/02/14 05:54:16.01,460010.7822,5631853.2509,2951059.5181
2024/02/14 05:54:17.01,460012.1154,5631853.6243,2951058.4608
2024/02/14 05:54:18.01,460016.1068,5631873.5136,2951068.0442
2024/02/14 05:54:19.01,460014.9314,5631854.671,2951056.2007
2024/02/14 05:54:20.01,460016.6891,5631855.0525,2951054.9029
2024/02/14 05:54:21.01,460018.4522,5631855.7975,2951053.4684
2024/02/14 05:54:22.01,460023.0332,5631875.7453,2951062.6441
2024/02/14 05:54:23.01,460024.8338,5631876.4059,2951061.0849
2024/02/14 05:54:24.01,460024.0655,5631857.6437,2951049.0556
2024/02/14 05:54:25.01,460026.1769,5631858.3371,2951047.2925
2024/02/14 05:54:26.01,460026.6859,5631884.3327,2951061.8425
2024/02/14 05:54:27.01,460033.623,5631879.4074,2951054.1123
2024/02/14 05:54:28.01,460036.2179,5631880.3131,2951051.958
2024/02/14 05:54:29.01,460038.688,5631881.2441,2951049.9491
2024/02/14 05:54:30.01,460040.6776,5631881.8161,2951048.1874
2024/02/14 05:54:31.01,460039.4247,5631863.0067,2951036.4464
2024/02/14 05:54:32.01,460043.298,5631882.8437,2951045.983
2024/02/14 05:54:33.01,460041.7429,5631864.0002,2951034.1804
2024/02/14 05:54:34.01,460043.1036,5631864.4177,2951032.9619
2024/02/14 05:54:35.01,460044.8875,5631865.1825,2951031.4051
2024/02/14 05:54:36.01,460046.9829,5631865.9469,2951029.5324
2024/02/14 05:54:37.01,460048.8731,5631866.5443,2951027.9443
2024/02/14 05:54:38.01,460050.5713,5631867.1469,2951026.5495
2024/02/14 05:54:39.01,460052.3579,5631943.5082,2951044.7037
2024/02/14 05:54:40.01,460054.2027,5631944.2245,2951043.2145
2024/02/14 05:54:41.01,460056.4307,5631944.9928,2951041.54
2024/02/14 05:54:42.01,460057.1391,5631895.1189,2951036.2027
2024/02/14 05:54:43.01,460064.4865,5631890.3683,2951028.3555
2024/02/14 05:54:44.01,460064.5354,5631872.6651,2951035.2803
2024/02/14 05:54:45.01,460067.3775,5631872.567,2951013.5686
2024/02/14 05:54:46.01,460070.4082,5631873.6156,2951011.3391
2024/02/14 05:54:47.01,460073.7519,5631950.2954,2951028.5692
2024/02/14 05:54:48.01,460079.9682,5631894.9651,2951017.0762
2024/02/14 05:54:49.01,460080.9061,5631952.3111,2951023.4202
2024/02/14 05:54:50.01,460084.6289,5631953.4542,2951020.6079
2024/02/14 05:54:51.01,460095.7787,5631936.1476,2951017.2344
2024/02/14 05:54:52.01,460096.1336,5631912.1206,2951007.6108
2024/02/14 05:54:53.01,460101.4525,5631903.267,2951008.7123
2024/02/14 05:54:54.01,460103.039,5631892.2135,2951001.0425
2024/02/14 05:54:55.01,460104.1816,5631885.9157,2950995.9352
2024/02/14 05:54:56.01,460111.0831,5631894.6039,2950994.3821
2024/02/14 05:54:57.01,460118.6727,5631899.2052,2950990.5022
2024/02/14 05:54:58.01,460111.8932,5631906.3765,2950990.3315
2024/02/14 05:54:59.01,460126.2676,5631901.6161,2950984.4564
2024/02/14 05:55:00.01,460129.5644,5631902.7214,2950981.9432
2024/02/14 05:55:01.00,460121.7984,5631909.6569,2950982.5231
2024/02/14 05:55:02.01,460124.5413,5631910.5323,2950980.2588
2024/02/14 05:55:03.01,460137.9662,5631905.4402,2950975.2741
2024/02/14 05:55:04.01,460140.4756,5631906.2578,2950973.3132
2024/02/14 05:55:05.01,460142.7756,5631907.0322,2950971.4218
2024/02/14 05:55:06.01,460144.8419,5631907.8184,2950969.7044
2024/02/14 05:55:07.01,460146.5167,5631908.1847,2950968.1864
2024/02/14 05:55:08.01,460136.9071,5631914.6915,2950970.2457
2024/02/14 05:55:09.01,460137.2253,5631914.8227,2950969.963
2024/02/14 05:55:10.01,460137.2713,5631914.8434,2950969.9323
2024/02/14 05:55:11.01,460137.2661,5631914.8131,2950969.9195
2024/02/14 05:55:12.01,460137.282,5631914.8209,2950969.9121
2024/02/14 05:55:13.01,460137.3179,5631914.7954,2950969.8582
2024/02/14 05:55:14.01,460137.4418,5631914.964,2950969.7822
2024/02/14 05:55:15.01,460137.6548,5631915.0318,2950969.6303
2024/02/14 05:55:16.01,460137.8792,5631915.0273,2950969.3985
2024/02/14 05:55:17.01,460138.2872,5631915.2247,2950969.079
2024/02/14 05:55:18.01,460149.8893,5631909.5702,2950965.4477
2024/02/14 05:55:19.01,460151.0586,5631910.0618,2950964.413
2024/02/14 05:55:20.01,460141.6557,5631916.5821,2950966.1021
2024/02/14 05:55:21.01,460143.0497,5631917.0907,2950964.6942
2024/02/14 05:55:22.01,460144.5868,5631917.6047,2950963.2768
2024/02/14 05:55:23.01,460146.1379,5631918.3003,2950961.7212
2024/02/14 05:55:24.01,460149.6748,5631924.3708,2950958.6938
2024/02/14 05:55:25.01,460153.9435,5631898.2369,2950952.529
2024/02/14 05:55:26.01,460158.0593,5631906.449,2950953.369
2024/02/14 05:55:27.01,460156.4041,5631894.2629,2950948.189
2024/02/14 05:55:28.01,460158.5744,5631911.3088,2950954.8252
2024/02/14 05:55:29.01,460160.0935,5631902.3429,2950949.4392
2024/02/14 05:55:30.01,460157.6264,5631894.9877,2950947.3047
2024/02/14 05:55:31.01,460154.5586,5631891.6618,2950947.4756
2024/02/14 05:55:32.01,460158.3059,5631899.9929,2950948.8013
2024/02/14 05:55:33.01,460152.6519,5631923.3097,2950953.1821
2024/02/14 05:55:34.01,460162.8851,5631948.3313,2950958.3502
2024/02/14 05:55:35.01,460164.0304,5631948.522,2950957.2689
2024/02/14 05:55:36.01,460165.3163,5631949.0607,2950956.1077
2024/02/14 05:55:37.01,460166.5745,5631949.5411,2950955.0145
2024/02/14 05:55:38.01,460167.8163,5631950.1314,2950953.9071
2024/02/14 05:55:39.01,460169.0583,5631950.5117,2950952.6973
2024/02/14 05:55:40.01,460164.4151,5631888.4978,2950931.8537
2024/02/14 05:55:41.01,460171.4595,5631951.5238,2950950.3929
2024/02/14 05:55:42.01,460172.7768,5631952.0553,2950949.2974
2024/02/14 05:55:43.01,460168.1569,5631889.9713,2950928.3553
2024/02/14 05:55:44.01,460175.3325,5631953.0723,2950946.7464
2024/02/14 05:55:45.01,460170.8791,5631891.0732,2950925.8602
2024/02/14 05:55:46.01,460172.3756,5631891.7333,2950924.767
2024/02/14 05:55:47.01,460173.7839,5631891.8579,2950923.634
2024/02/14 05:55:48.01,460175.2005,5631892.6265,2950922.6191
2024/02/14 05:55:49.01,460180.3739,5631903.2088,2950927.2154
2024/02/14 05:55:50.01,460182.0439,5631876.3735,2950925.6388
2024/02/14 05:55:51.01,460184.6255,5631955.9388,2950939.3559
2024/02/14 05:55:52.01,460185.8949,5631956.4883,2950938.3837
2024/02/14 05:55:53.01,460187.247,5631956.9786,2950937.2824
2024/02/14 05:55:54.01,460188.6415,5631957.4185,2950936.2483
2024/02/14 05:55:55.01,460189.8687,5631957.7702,2950935.2325
2024/02/14 05:55:56.01,460191.0644,5631958.2163,2950934.3302
2024/02/14 05:55:57.01,460192.2576,5631958.5626,2950933.3755
2024/02/14 05:55:58.01,460193.552,5631958.8822,2950932.3982
2024/02/14 05:55:59.01,460195.1284,5631959.4593,2950931.2942
2024/02/14 05:56:00.01,460197.1773,5631960.0005,2950929.9608
2024/02/14 05:56:01.00,460199.7968,5631960.5237,2950928.3886
2024/02/14 05:56:02.01,460202.8619,5631961.372,2950926.5242
2024/02/14 05:56:03.01,460205.9786,5631962.1875,2950924.3125
2024/02/14 05:56:04.01,460209.0793,5631963.109,2950922.1053
2024/02/14 05:56:05.01,460212.2324,5631964.2617,2950919.8754
2024/02/14 05:56:06.01,460215.7968,5631965.3511,2950917.28
2024/02/14 05:56:07.01,460212.9272,5631935.8294,2950906.9388
2024/02/14 05:56:08.01,460224.1992,5631967.6546,2950911.1141
2024/02/14 05:56:09.01,460228.8325,5631969.0303,2950907.6579
2024/02/14 05:56:10.01,460233.5958,5631970.5113,2950904.0965
2024/02/14 05:56:11.01,460238.4402,5631972.0284,2950900.5174
2024/02/14 05:56:12.01,460243.1944,5631973.4158,2950896.9487
2024/02/14 05:56:13.01,460245.8017,5631922.6992,2950879.3605
2024/02/14 05:56:14.01,460250.5756,5631924.0987,2950875.7142
2024/02/14 05:56:15.01,460254.5326,5631969.5834,2950884.0875
2024/02/14 05:56:16.01,460263.4956,5631935.1033,2950869.8731
2024/02/14 05:56:17.01,460264.5318,5631972.9196,2950875.7754
2024/02/14 05:56:18.01,460270.5913,5631930.7977,2950859.7121
2024/02/14 05:56:19.01,460267.5385,5631945.8905,2950860.6358
2024/02/14 05:56:20.01,460272.0234,5631947.3547,2950857.1517
2024/02/14 05:56:21.01,460275.9138,5631948.5878,2950854.2131
2024/02/14 05:56:22.01,460279.0277,5631949.3429,2950851.7764
2024/02/14 05:56:23.01,460288.3533,5631980.4038,2950857.0902
2024/02/14 05:56:24.01,460291.5753,5631937.4859,2950843.3969
2024/02/14 05:56:25.01,460293.3889,5631938.3431,2950842.0521
2024/02/14 05:56:26.01,460295.1261,5631938.7133,2950840.6689
2024/02/14 05:56:27.01,460295.9875,5631983.1967,2950851.2861
2024/02/14 05:56:28.01,460299.1283,5631939.9247,2950837.4237
2024/02/14 05:56:29.01,460301.4805,5631940.8722,2950835.4748
2024/02/14 05:56:30.01,460304.0155,5631942.1028,2950833.5205
2024/02/14 05:56:31.01,460306.5118,5631942.6755,2950831.3484
2024/02/14 05:56:32.01,460309.7246,5631950.6301,2950835.2584
2024/02/14 05:56:33.01,460314.7479,5631956.7487,2950831.1036
2024/02/14 05:56:34.01,460315.6951,5631952.501,2950830.4782
2024/02/14 05:56:35.01,460320.4079,5631958.8163,2950826.5168
2024/02/14 05:56:36.01,460322.8335,5631959.6748,2950824.3889
2024/02/14 05:56:37.01,460326.7081,5631965.389,2950820.9196
2024/02/14 05:56:38.01,460321.7025,5631947.8879,2950820.854
2024/02/14 05:56:39.01,460328.9167,5632038.1821,2950830.8521
2024/02/14 05:56:40.01,460330.6514,5632038.756,2950829.3978
2024/02/14 05:56:41.01,460338.3139,5631979.1132,2950820.6124
2024/02/14 05:56:42.01,460329.3937,5631949.9653,2950814.4307
2024/02/14 05:56:43.01,460329.7377,5631992.2042,2950821.4493
2024/02/14 05:56:44.01,460331.823,5631992.7548,2950819.7967
2024/02/14 05:56:45.01,460338.2355,5631957.6129,2950807.7919
2024/02/14 05:56:46.01,460336.9125,5631994.5842,2950815.7625
2024/02/14 05:56:47.01,460343.9356,5631959.4117,2950803.0416
2024/02/14 05:56:48.01,460347.3212,5631960.7325,2950800.2673
2024/02/14 05:56:49.01,460350.9324,5631961.935,2950797.3149
2024/02/14 05:56:50.01,460354.8117,5631963.2091,2950794.1991
2024/02/14 05:56:51.01,460364.3877,5631985.0011,2950797.5701
2024/02/14 05:56:52.01,460368.7716,5631986.6277,2950794.5889
2024/02/14 05:56:53.01,460378.4172,5632008.0635,2950797.7901
2024/02/14 05:56:54.01,460372.4535,5631976.0471,2950787.843
2024/02/14 05:56:55.01,460376.6725,5631977.4904,2950784.5011
2024/02/14 05:56:56.01,460385.8322,5631991.9741,2950781.2818
2024/02/14 05:56:57.01,460385.3859,5631968.4733,2950768.6546
2024/02/14 05:56:58.01,460394.9058,5632029.7454,2950781.0343
2024/02/14 05:56:59.01,460392.7672,5632013.0485,2950769.8058
2024/02/14 05:57:00.01,460399.6115,5631973.4044,2950757.4147
2024/02/14 05:57:01.00,460396.2455,5631981.028,2950751.9024
2024/02/14 05:57:02.01,460401.4739,5631983.1696,2950748.0727
2024/02/14 05:57:03.01,460419.9392,5632003.2806,2950754.5094
2024/02/14 05:57:04.01,460414.5368,5631998.946,2950744.3463
2024/02/14 05:57:05.01,460430.7425,5632006.8715,2950745.9699
2024/02/14 05:57:06.01,460430.6098,5632015.6202,2950735.8952
2024/02/14 05:57:07.01,460428.8916,5631991.7978,2950726.6803
2024/02/14 05:57:08.01,460442.9139,5631987.3408,2950723.869
2024/02/14 05:57:09.01,460453.3318,5632060.414,2950735.2988
2024/02/14 05:57:10.01,460454.0113,5631990.8197,2950715.0635
2024/02/14 05:57:11.01,460462.5004,5632000.5746,2950712.7814
2024/02/14 05:57:12.01,460458.8747,5632013.2466,2950709.5844
2024/02/14 05:57:13.01,460472.828,5632003.7149,2950704.156
2024/02/14 05:57:14.01,460476.0519,5632046.7683,2950708.4553
2024/02/14 05:57:15.01,460484.3212,5632010.2556,2950699.2927
2024/02/14 05:57:16.01,460489.5718,5632011.9978,2950694.8057
2024/02/14 05:57:17.01,460494.4895,5632013.7037,2950690.6065
2024/02/14 05:57:18.01,460498.7618,5632015.2834,2950686.9428
2024/02/14 05:57:19.01,460498.4418,5632063.881,2950693.4307
2024/02/14 05:57:20.01,460503.3197,5632010.1814,2950678.2934
2024/02/14 05:57:21.01,460502.2111,5632032.7006,2950672.7082
2024/02/14 05:57:22.01,460512.5373,5632022.5939,2950672.5619
2024/02/14 05:57:23.01,460516.5403,5632023.9428,2950669.118
2024/02/14 05:57:24.01,460520.7826,5632025.4266,2950665.6546
2024/02/14 05:57:25.01,460527.4665,5632039.1785,2950666.7122
2024/02/14 05:57:26.01,460532.1144,5632040.5285,2950663.2522
2024/02/14 05:57:27.01,460537.1627,5632041.9517,2950659.5634
2024/02/14 05:57:28.01,460543.0909,5632038.9116,2950653.0188
2024/02/14 05:57:29.01,460548.4745,5632040.6853,2950649.0138
2024/02/14 05:57:30.01,460550.8214,5632034.4245,2950642.7538
2024/02/14 05:57:31.01,460548.5822,5632038.064,2950634.1176
2024/02/14 05:57:32.01,460556.7396,5632052.5785,2950633.752
2024/02/14 05:57:33.01,460563.9519,5632049.7451,2950628.4649
2024/02/14 05:57:34.01,460569.1151,5632049.0143,2950621.3996
2024/02/14 05:57:35.01,460578.6365,5632058.137,2950621.5456
2024/02/14 05:57:36.01,460576.4707,5632051.8729,2950609.9997
2024/02/14 05:57:37.01,460576.9656,5632055.0987,2950603.5473
2024/02/14 05:57:38.01,460573.4896,5632064.4222,2950595.3513
2024/02/14 05:57:39.01,460573.079,5632068.1574,2950588.5255
2024/02/14 05:57:40.01,460573.7625,5632092.6197,2950591.3189
2024/02/14 05:57:41.01,460577.5399,5632067.4421,2950580.8079
2024/02/14 05:57:42.01,460572.2367,5632079.1529,2950571.83
2024/02/14 05:57:43.01,460573.6468,5632074.7066,2950563.3482
2024/02/14 05:57:44.01,460575.3819,5632077.3903,2950560.9688
2024/02/14 05:57:45.01,460574.8845,5632080.8051,2950554.3215
2024/02/14 05:57:46.01,460575.0034,5632079.5402,2950545.0358
2024/02/14 05:57:47.01,460574.7467,5632082.6031,2950538.3463
2024/02/14 05:57:48.01,460574.2881,5632102.7123,2950534.3183
2024/02/14 05:57:49.01,460575.0053,5632102.5919,2950526.8072
2024/02/14 05:57:50.01,460573.5518,5632108.2206,2950519.2251
2024/02/14 05:57:51.01,460578.7598,5632118.42,2950517.0384
2024/02/14 05:57:55.01,460587.4517,5632118.8895,2950485.9391
2024/02/14 05:57:56.01,460584.5255,5632127.1922,2950479.0775
2024/02/14 05:57:57.01,460596.0873,5632114.6468,2950474.222
2024/02/14 05:57:58.01,460599.1226,5632127.7207,2950472.8468
2024/02/14 05:58:00.01,460616.6809,5632136.4466,2950470.5873
2024/02/14 05:58:01.00,460624.608,5632134.1136,2950467.9784
2024/02/14 05:58:02.01,460631.8306,5632136.182,2950468.1604
2024/02/14 05:58:03.01,460635.5615,5632157.7926,2950477.0108
2024/02/14 05:58:04.01,460656.6848,5632121.2966,2950456.5236
2024/02/14 05:58:05.01,460650.7758,5632122.2546,2950462.3252
2024/02/14 05:58:06.01,460655.8402,5632125.3434,2950461.5416
2024/02/14 05:58:07.01,460660.0845,5632128.3837,2950459.9612
2024/02/14 05:58:08.01,460664.6268,5632125.175,2950453.9464
2024/02/14 05:58:09.01,460668.0105,5632126.9733,2950449.956
2024/02/14 05:58:10.01,460671.6528,5632142.9719,2950448.7909
2024/02/14 05:58:11.01,460673.0979,5632130.4828,2950440.9984
2024/02/14 05:58:12.01,460674.6984,5632136.6736,2950439.8357
2024/02/14 05:58:13.01,460674.0209,5632125.554,2950432.3159
2024/02/14 05:58:14.01,460682.2459,5632161.5915,2950439.3288
2024/02/14 05:58:15.01,460687.1091,5632182.1414,2950437.7409
2024/02/14 05:58:16.01,460682.4721,5632142.1713,2950426.8042
2024/02/14 05:58:17.01,460685.265,5632139.3392,2950419.7858
2024/02/14 05:58:18.01,460689.3502,5632151.275,2950415.7598
2024/02/14 05:58:19.01,460692.2243,5632153.5889,2950410.1572
2024/02/14 05:58:20.01,460691.4632,5632133.9029,2950398.423
2024/02/14 05:58:21.01,460697.4939,5632149.1515,2950396.1779
2024/02/14 05:58:22.01,460698.6846,5632139.6489,2950384.4335
2024/02/14 05:58:23.01,460704.9535,5632154.8098,2950381.3366
2024/02/14 05:58:24.01,460706.315,5632145.2302,2950368.6925
2024/02/14 05:58:25.01,460713.114,5632156.3879,2950362.5853
2024/02/14 05:58:26.01,460716.0572,5632163.5,2950357.1646
2024/02/14 05:58:27.01,460719.1103,5632170.9348,2950351.7762
2024/02/14 05:58:28.01,460722.568,5632173.8063,2950344.458
2024/02/14 05:58:29.01,460725.5118,5632176.3976,2950337.9365
2024/02/14 05:58:30.01,460731.6081,5632187.2837,2950333.4714
2024/02/14 05:58:31.01,460733.8226,5632187.6284,2950322.9516
2024/02/14 05:58:32.01,460734.9717,5632184.6395,2950317.1685
2024/02/14 05:58:33.01,460738.3821,5632187.3853,2950310.5135
2024/02/14 05:58:34.01,460741.4471,5632190.0794,2950304.4268
2024/02/14 05:58:35.01,460745.0152,5632188.2995,2950295.935
2024/02/14 05:58:36.01,460750.448,5632203.2779,2950294.2588
2024/02/14 05:58:40.01,460760.168,5632201.0119,2950266.3734
2024/02/14 05:58:41.01,460762.9639,5632203.3395,2950261.0189
2024/02/14 05:58:42.01,460765.8158,5632205.9673,2950255.7174
2024/02/14 05:58:43.01,460772.5958,5632230.7172,2950255.9004
2024/02/14 05:58:44.01,460771.3835,5632210.6337,2950245.1244
2024/02/14 05:58:45.01,460775.4908,5632222.8771,2950240.8033
2024/02/14 05:58:46.01,460776.4678,5632215.3838,2950234.6138
2024/02/14 05:58:47.01,460778.8859,5632217.8539,2950229.2963
2024/02/14 05:58:48.01,460781.1788,5632220.456,2950224.0226
2024/02/14 05:58:49.01,460783.5734,5632222.6764,2950218.7512
2024/02/14 05:58:50.01,460781.906,5632202.6272,2950208.0102
2024/02/14 05:58:51.01,460786.8112,5632275.8693,2950214.4599
2024/02/14 05:58:52.01,460788.5963,5632277.8639,2950209.9092
2024/02/14 05:58:53.01,460790.3509,5632279.9759,2950205.9854
2024/02/14 05:58:54.01,460793.5415,5632182.087,2950187.1302
2024/02/14 05:58:55.01,460787.205,5632184.7937,2950188.7638
2024/02/14 05:58:56.01,460795.0466,5632237.5826,2950188.8819
2024/02/14 05:58:57.01,460799.4305,5632233.6819,2950183.7877
2024/02/14 05:58:58.01,460801.5059,5632235.1448,2950179.4802
2024/02/14 05:58:59.01,460809.8098,5632242.3924,2950181.186
2024/02/14 05:59:00.01,460805.357,5632243.6239,2950174.2068
2024/02/14 05:59:01.00,460804.9645,5632250.9559,2950170.4261
2024/02/14 05:59:02.01,460807.7961,5632250.1494,2950168.3352
2024/02/14 05:59:03.01,460815.2506,5632250.6499,2950167.2614
2024/02/14 05:59:04.01,460812.707,5632287.899,2950166.9992
2024/02/14 05:59:05.01,460809.6473,5632248.9477,2950157.4072
2024/02/14 05:59:06.01,460809.6672,5632277.9234,2950167.8945
2024/02/14 05:59:07.01,460814.357,5632289.1217,2950163.9416
2024/02/14 05:59:08.01,460811.044,5632250.1631,2950154.9103
2024/02/14 05:59:09.01,460811.3103,5632250.1968,2950154.3704
2024/02/14 05:59:10.01,460804.6602,5632220.5029,2950146.4446
2024/02/14 05:59:11.01,460815.7905,5632290.4299,2950161.4616
2024/02/14 05:59:12.01,460805.7394,5632221.4291,2950144.5642
2024/02/14 05:59:13.01,460817.045,5632291.3547,2950159.2518
2024/02/14 05:59:14.01,460813.2669,5632281.0018,2950161.5069
2024/02/14 05:59:15.01,460814.1731,5632252.7049,2950149.3354
2024/02/14 05:59:16.01,460818.3818,5632292.4627,2950156.9088
2024/02/14 05:59:17.01,460818.7881,5632292.7943,2950156.1503
2024/02/14 05:59:18.01,460808.7073,5632224.0934,2950139.3698
2024/02/14 05:59:19.01,460820.1675,5632294.0975,2950153.7448
2024/02/14 05:59:20.01,460817.2355,5632255.4151,2950143.9377
2024/02/14 05:59:21.01,460811.2964,5632226.1442,2950134.5484
2024/02/14 05:59:22.01,460812.5072,5632227.2926,2950132.1557
2024/02/14 05:59:23.01,460813.8956,5632228.6413,2950129.4904
2024/02/14 05:59:24.01,460822.3759,5632259.9459,2950134.0765
2024/02/14 05:59:25.01,460817.0527,5632231.3922,2950123.5189
2024/02/14 05:59:26.01,460827.3683,5632296.9139,2950137.4931
2024/02/14 05:59:27.01,460826.955,5632292.9569,2950135.8418
2024/02/14 05:59:28.01,460828.5444,5632294.2935,2950132.8123
2024/02/14 05:59:29.01,460830.2562,5632295.7168,2950129.7115
2024/02/14 05:59:30.01,460832.1564,5632297.5116,2950126.4459
2024/02/14 05:59:31.01,460836.1446,5632304.7088,2950121.5747
2024/02/14 05:59:32.01,460831.1987,5632259.438,2950108.0804
2024/02/14 05:59:33.01,460834.3102,5632270.8031,2950105.7274
2024/02/14 05:59:34.01,460836.0236,5632272.4842,2950102.2528
2024/02/14 05:59:35.01,460838.0732,5632274.5627,2950098.479
2024/02/14 05:59:36.01,460840.208,5632276.4113,2950094.1792
2024/02/14 05:59:37.01,460844.5321,5632295.5641,2950096.6805
2024/02/14 05:59:38.01,460847.1252,5632297.8482,2950091.8406
2024/02/14 05:59:39.01,460850.4389,5632295.4673,2950084.1964
2024/02/14 05:59:40.01,460849.3104,5632275.5178,2950073.4614
2024/02/14 05:59:41.01,460852.4899,5632277.9933,2950068.2409
2024/02/14 05:59:42.01,460855.3536,5632273.4295,2950056.7932
2024/02/14 05:59:43.01,460862.2207,5632302.9511,2950059.7372
2024/02/14 05:59:44.01,460865.0152,5632309.6066,2950056.964
2024/02/14 05:59:45.01,460871.3992,5632331.0583,2950053.6853
2024/02/14 05:59:46.01,460882.7226,5632320.09,2950053.0446
2024/02/14 05:59:47.01,460874.3781,5632301.368,2950038.9736
2024/02/14 05:59:48.01,460882.8599,5632306.9952,2950039.2269
2024/02/14 05:59:49.01,460885.4467,5632308.2524,2950036.1093
2024/02/14 05:59:50.01,460887.8483,5632309.4988,2950033.4223
2024/02/14 05:59:51.01,460896.7676,5632328.614,2950038.2512
2024/02/14 05:59:52.01,460899.2891,5632329.7645,2950035.6805
2024/02/14 05:59:53.01,460902.1301,5632330.9753,2950032.6915
2024/02/14 05:59:54.01,460905.4167,5632332.2244,2950029.4057
2024/02/14 05:59:55.01,460907.5289,5632323.7645,2950024.8394
2024/02/14 05:59:56.01,460900.294,5632319.4316,2950014.92
2024/02/14 05:59:57.01,460913.4447,5632325.1036,2950012.8802
2024/02/14 05:59:58.01,460919.2132,5632339.6812,2950012.9666
2024/02/14 06:00:00.01,460925.4507,5632343.2941,2950005.1144
2024/02/14 06:00:02.01,460917.4903,5632313.6762,2949983.2891
2024/02/14 06:00:03.01,460932.9663,5632331.555,2949985.8515
2024/02/14 06:00:04.01,460937.978,5632350.8453,2949988.2892
2024/02/14 06:00:05.01,460934.9926,5632313.3501,2949979.3339
2024/02/14 06:00:06.01,460946.8951,5632360.8666,2949976.8553
2024/02/14 06:00:07.01,460947.5287,5632343.5321,2949969.8885
2024/02/14 06:00:08.01,460948.3462,5632337.9259,2949962.8139
2024/02/14 06:00:09.01,460955.281,5632348.2108,2949959.7162
2024/02/14 06:00:10.01,460956.3801,5632342.7773,2949952.6253
2024/02/14 06:00:11.01,460950.7509,5632329.8382,2949936.3351
2024/02/14 06:00:12.01,460955.8143,5632346.9814,2949935.1456
2024/02/14 06:00:13.01,460957.9747,5632339.0244,2949929.099
2024/02/14 06:00:14.01,460966.0574,5632363.9504,2949930.0187
2024/02/14 06:00:15.01,460966.1607,5632343.8575,2949919.6281
2024/02/14 06:00:16.01,460981.0652,5632352.0133,2949920.681
2024/02/14 06:00:17.01,460984.0787,5632344.5715,2949914.5591
2024/02/14 06:00:18.01,460988.8008,5632346.9536,2949909.2455
2024/02/14 06:00:19.01,460996.8371,5632376.4101,2949912.074
2024/02/14 06:00:20.01,460997.4812,5632352.157,2949898.2343
2024/02/14 06:00:21.01,461004.9549,5632374.7228,2949894.1597
2024/02/14 06:00:22.01,460997.3084,5632361.8152,2949880.801
2024/02/14 06:00:23.01,461014.7167,5632380.7535,2949880.9504
2024/02/14 06:00:24.01,461022.0995,5632401.0386,2949881.0778
2024/02/14 06:00:25.01,461027.8991,5632404.4516,2949873.8794
2024/02/14 06:00:26.01,461031.3177,5632395.4259,2949861.8229
2024/02/14 06:00:27.01,461028.0767,5632391.2474,2949849.4231
2024/02/14 06:00:28.01,461040.3972,5632366.4685,2949842.256
2024/02/14 06:00:29.01,461045.9494,5632369.9568,2949835.1675
2024/02/14 06:00:30.01,461044.7103,5632401.7446,2949828.0191
2024/02/14 06:00:31.01,461047.6556,5632399.0642,2949822.6849
2024/02/14 06:00:32.01,461052.5841,5632395.7498,2949810.0437
2024/02/14 06:00:33.01,461064.9579,5632426.5431,2949809.8339
2024/02/14 06:00:34.01,461070.5586,5632435.684,2949808.7342
2024/02/14 06:00:36.01,461084.3483,5632426.7702,2949792.7634
2024/02/14 06:00:37.01,461082.6485,5632429.1517,2949783.8055
2024/02/14 06:00:38.01,461087.5609,5632432.007,2949777.8086
2024/02/14 06:00:39.01,461094.6472,5632429.3311,2949771.7688
2024/02/14 06:00:40.01,461101.5772,5632442.2809,2949766.7811
2024/02/14 06:00:41.01,461108.132,5632459.6542,2949764.2366
2024/02/14 06:00:42.01,461108.45,5632442.6623,2949751.5161
2024/02/14 06:00:44.01,461124.6052,5632454.4438,2949744.6243
2024/02/14 06:00:45.01,461128.6566,5632461.222,2949739.6235
2024/02/14 06:00:46.01,461134.0921,5632463.8126,2949734.102
2024/02/14 06:00:47.01,461139.6164,5632466.2798,2949728.5534
2024/02/14 06:00:48.01,461145.1433,5632468.7668,2949723.1818
2024/02/14 06:00:49.01,461148.404,5632465.9679,2949719.5754
2024/02/14 06:00:50.01,461157.671,5632478.617,2949711.403
2024/02/14 06:00:51.01,461158.9191,5632465.5749,2949707.1002
2024/02/14 06:00:52.01,461164.3642,5632463.3036,2949699.7074
2024/02/14 06:00:53.01,461168.5972,5632470.1037,2949697.1459
2024/02/14 06:00:54.01,461174.2613,5632474.8409,2949695.6654
2024/02/14 06:00:55.01,461177.9433,5632474.5005,2949687.2738
2024/02/14 06:00:56.01,461182.4349,5632471.7172,2949680.7091
2024/02/14 06:00:57.01,461185.9552,5632473.3394,2949677.1899
2024/02/14 06:00:58.01,461188.918,5632474.686,2949674.1084
2024/02/14 06:00:59.01,461190.7259,5632479.9451,2949673.9481
2024/02/14 06:01:00.01,461193.114,5632481.4291,2949671.638
2024/02/14 06:01:01.00,461197.7817,5632509.3697,2949675.4454
2024/02/14 06:01:02.01,461197.608,5632481.1715,2949666.1079
2024/02/14 06:01:03.01,461199.5282,5632482.333,2949664.2417
2024/02/14 06:01:04.01,461200.8641,5632487.3829,2949664.5579
2024/02/14 06:01:05.01,461204.9681,5632499.0797,2949663.4598
2024/02/14 06:01:06.01,461209.4341,5632528.6806,2949668.0135
2024/02/14 06:01:07.01,461205.9879,5632455.3622,2949643.9023
2024/02/14 06:01:08.01,461212.1838,5632507.0908,2949649.6761
2024/02/14 06:01:09.01,461208.7229,5632458.863,2949646.6747
2024/02/14 06:01:10.01,461210.9263,5632459.6749,2949644.5162
2024/02/14 06:01:11.01,461213.2533,5632460.648,2949642.2421
2024/02/14 06:01:12.01,461215.6855,5632461.7941,2949639.7686
2024/02/14 06:01:13.01,461222.1061,5632513.5893,2949645.2479
2024/02/14 06:01:14.01,461221.1876,5632464.4906,2949633.7663
2024/02/14 06:01:15.01,461224.4541,5632466.0532,2949630.1659
2024/02/14 06:01:16.01,461231.8415,5632518.4636,2949634.4888
2024/02/14 06:01:17.01,461235.6822,5632520.3192,2949630.3011
2024/02/14 06:01:18.01,461239.7778,5632522.3086,2949625.9297
2024/02/14 06:01:19.01,461240.2,5632473.7249,2949613.2
2024/02/14 06:01:20.01,461244.5511,5632475.6525,2949608.5542
2024/02/14 06:01:21.01,461249.0032,5632477.7671,2949603.8888
2024/02/14 06:01:22.01,461257.3493,5632530.4981,2949607.3852
2024/02/14 06:01:23.01,461258.2363,5632482.0251,2949594.2376
2024/02/14 06:01:24.01,461265.2385,5632490.1502,2949587.896
2024/02/14 06:01:25.01,461271.5907,5632537.1057,2949592.5202
2024/02/14 06:01:26.01,461276.3941,5632539.4248,2949587.4857
2024/02/14 06:01:27.01,461277.1976,5632491.1048,2949574.363
2024/02/14 06:01:28.01,461285.4893,5632543.7222,2949578.0399
2024/02/14 06:01:29.01,461285.839,5632495.1114,2949565.3089
2024/02/14 06:01:30.01,461293.6431,5632547.532,2949569.3018
2024/02/14 06:01:31.01,461293.4802,5632498.7721,2949557.1785
2024/02/14 06:01:32.01,461296.6543,5632500.0574,2949553.8033
2024/02/14 06:01:33.01,461303.353,5632552.0417,2949559.1919
2024/02/14 06:01:34.01,461302.1462,5632502.6966,2949548.2331
2024/02/14 06:01:35.01,461304.2374,5632503.6677,2949546.0869
2024/02/14 06:01:36.01,461309.3312,5632554.7119,2949553.0612
2024/02/14 06:01:37.01,461306.4037,5632504.7117,2949543.7503
2024/02/14 06:01:38.01,461310.9803,5632555.5419,2949551.1743
2024/02/14 06:01:39.01,461307.4373,5632505.1478,2949542.6306
2024/02/14 06:01:40.01,461307.4301,5632505.1526,2949542.6351
2024/02/14 06:01:41.01,461311.3127,5632555.6552,2949550.8671
2024/02/14 06:01:42.01,461307.9859,5632505.4604,2949542.0335
2024/02/14 06:01:43.01,461312.9688,5632556.5244,2949549.1214
2024/02/14 06:01:44.01,461314.5526,5632557.0757,2949547.4432
2024/02/14 06:01:45.01,461312.6122,5632507.448,2949537.23
2024/02/14 06:01:46.01,461314.6202,5632508.3952,2949535.1694
2024/02/14 06:01:47.01,461320.5256,5632559.7388,2949541.2669
2024/02/14 06:01:48.01,461322.3999,5632560.628,2949539.2399
2024/02/14 06:01:49.01,461320.2473,5632511.1497,2949529.1592
2024/02/14 06:01:50.01,461325.5778,5632562.1657,2949535.8495
2024/02/14 06:01:51.01,461323.1814,5632512.4001,2949525.8793
2024/02/14 06:01:52.01,461328.8407,5632552.4867,2949532.2438
2024/02/14 06:01:53.01,461330.4997,5632564.7475,2949529.8962
2024/02/14 06:01:54.01,461332.0419,5632565.6688,2949528.008
2024/02/14 06:01:55.01,461333.544,5632566.5092,2949526.0897
2024/02/14 06:01:56.01,461324.79,5632533.4552,2949515.7766
2024/02/14 06:01:57.01,461336.9664,5632568.177,2949522.4656
2024/02/14 06:01:58.01,461342.032,5632548.0861,2949520.1821
2024/02/14 06:01:59.01,461340.5511,5632569.4404,2949519.7403
2024/02/14 06:02:00.01,461342.0032,5632569.945,2949518.7669
2024/02/14 06:02:01.00,461332.7684,5632536.5548,2949509.3906
2024/02/14 06:02:02.01,461344.7239,5632531.3297,2949505.7674
2024/02/14 06:02:03.01,461343.0228,5632525.676,2949506.6051
2024/02/14 06:02:04.01,461343.2824,5632525.9039,2949506.3899
2024/02/14 06:02:05.01,461343.5156,5632526.1501,2949506.2772
2024/02/14 06:02:06.01,461345.9492,5632531.8482,2949504.7239
2024/02/14 06:02:07.01,461347.1066,5632575.1701,2949511.1135
2024/02/14 06:02:08.01,461345.0866,5632569.5895,2949512.2527
2024/02/14 06:02:09.01,461344.4565,5632537.804,2949505.1796
2024/02/14 06:02:10.01,461345.9735,5632569.9468,2949511.377
2024/02/14 06:02:11.01,461346.2703,5632570.1156,2949511.0961
2024/02/14 06:02:12.01,461346.2712,5632570.1413,2949511.1073
2024/02/14 06:02:13.01,461346.2472,5632570.1009,2949511.1273
2024/02/14 06:02:14.01,461346.2521,5632570.0989,2949511.1234
2024/02/14 06:02:15.01,461346.3416,5632570.1251,2949511.0234
2024/02/14 06:02:16.01,461345.7044,5632526.8919,2949504.1341
2024/02/14 06:02:17.01,461347.1302,5632570.4322,2949510.1901
2024/02/14 06:02:18.01,461346.543,5632527.4285,2949503.273
2024/02/14 06:02:19.01,461347.8848,5632570.7706,2949509.4381
2024/02/14 06:02:20.01,461348.0838,5632570.9948,2949509.306
2024/02/14 06:02:21.01,461348.0835,5632570.9283,2949509.2966
2024/02/14 06:02:22.01,461348.0806,5632570.9439,2949509.2991
2024/02/14 06:02:23.01,461348.0714,5632570.9015,2949509.2998
2024/02/14 06:02:24.01,461348.0846,5632570.894,2949509.2904
2024/02/14 06:02:25.01,461348.0983,5632570.9708,2949509.3053
2024/02/14 06:02:26.01,461348.0874,5632570.9425,2949509.3114
2024/02/14 06:02:27.01,461348.0916,5632570.9325,2949509.314
2024/02/14 06:02:28.01,461348.0892,5632570.9115,2949509.3035
2024/02/14 06:02:29.01,461348.092,5632570.8988,2949509.2974
2024/02/14 06:02:30.01,461348.0918,5632570.9535,2949509.3103
2024/02/14 06:02:31.01,461348.0895,5632570.9847,2949509.3187
2024/02/14 06:02:32.01,461348.0981,5632570.8828,2949509.2741
2024/02/14 06:02:33.01,461339.1175,5632529.0396,2949507.2778
2024/02/14 06:02:34.01,461339.5912,5632529.3945,2949506.8274
2024/02/14 06:02:35.01,461340.5658,5632529.9603,2949505.8747
2024/02/14 06:02:36.01,461350.9947,5632572.2051,2949506.4258
2024/02/14 06:02:37.01,461352.4058,5632572.6659,2949505.1875
2024/02/14 06:02:38.01,461353.646,5632573.0375,2949503.9242
2024/02/14 06:02:39.01,461354.7274,5632573.5648,2949502.8054
2024/02/14 06:02:40.01,461355.7984,5632574.012,2949501.8524
2024/02/14 06:02:41.01,461356.5422,5632574.4351,2949501.1445
2024/02/14 06:02:42.01,461357.0971,5632574.6247,2949500.5615
2024/02/14 06:02:43.01,461356.4143,5632542.916,2949493.4301
2024/02/14 06:02:44.01,461357.7826,5632574.9761,2949499.7324
2024/02/14 06:02:45.01,461358.1773,5632575.1557,2949499.308
2024/02/14 06:02:46.01,461358.6132,5632575.3262,2949498.8634
2024/02/14 06:02:47.01,461359.0332,5632575.5021,2949498.3934
2024/02/14 06:02:48.01,461359.4981,5632575.8738,2949497.9589
2024/02/14 06:02:49.01,461359.9479,5632575.8924,2949497.4227
2024/02/14 06:02:50.01,461360.4265,5632576.1837,2949496.9155
2024/02/14 06:02:51.01,461360.8886,5632576.4369,2949496.4188
2024/02/14 06:02:52.01,461361.2971,5632576.6956,2949495.9313
2024/02/14 06:02:53.01,461361.834,5632576.8928,2949495.3269
2024/02/14 06:02:54.01,461362.8085,5632577.4884,2949494.2859
2024/02/14 06:02:55.01,461364.2138,5632577.9793,2949492.7826
2024/02/14 06:02:56.01,461365.9247,5632578.8162,2949491.091
2024/02/14 06:02:57.01,461367.8059,5632579.4092,2949489.2991
2024/02/14 06:02:58.01,461369.5105,5632580.1783,2949487.7225
2024/02/14 06:02:59.01,461371.1628,5632580.8379,2949486.2913
2024/02/14 06:03:00.01,461372.8811,5632581.4783,2949484.6794
2024/02/14 06:03:01.00,461374.4236,5632582.1266,2949483.1701
2024/02/14 06:03:02.01,461375.9306,5632582.7641,2949481.7275
2024/02/14 06:03:03.01,461377.5836,5632583.448,2949480.0916
2024/02/14 06:03:04.01,461379.4412,5632584.1846,2949478.1834
2024/02/14 06:03:05.01,461381.4689,5632585.1395,2949476.1729
2024/02/14 06:03:06.01,461383.4053,5632586.0739,2949474.1606
2024/02/14 06:03:07.01,461385.3405,5632586.9231,2949472.1226
2024/02/14 06:03:08.01,461387.4872,5632587.9532,2949469.7046
2024/02/14 06:03:09.01,461390.0294,5632589.1659,2949467.0468
2024/02/14 06:03:10.01,461392.8915,5632590.4634,2949464.0742
2024/02/14 06:03:11.01,461395.9454,5632591.9191,2949460.9825
2024/02/14 06:03:12.01,461399.1108,5632593.2743,2949457.8005
2024/02/14 06:03:13.01,461402.2585,5632594.4939,2949454.6784
2024/02/14 06:03:14.01,461405.6186,5632596.0302,2949451.368
2024/02/14 06:03:15.01,461409.2635,5632597.6743,2949447.871
2024/02/14 06:03:16.01,461415.0453,5632575.7497,2949439.8181
2024/02/14 06:03:17.01,461418.1083,5632581.9625,2949438.8585
2024/02/14 06:03:18.01,461422.8265,5632569.4111,2949435.9858
2024/02/14 06:03:19.01,461423.6327,5632603.8169,2949433.1477
2024/02/14 06:03:20.01,461429.514,5632570.644,2949424.6696
2024/02/14 06:03:21.01,461434.3422,5632574.4937,2949423.9522
2024/02/14 06:03:22.01,461438.0063,5632585.909,2949416.2256
2024/02/14 06:03:23.01,461442.7831,5632588.0411,2949411.8384
2024/02/14 06:03:24.01,461447.0461,5632594.3727,2949409.7438
2024/02/14 06:03:25.01,461452.339,5632579.6151,2949402.1982
2024/02/14 06:03:26.01,461457.5508,5632581.8226,2949397.314
2024/02/14 06:03:27.01,461472.689,5632633.3968,2949400.62
2024/02/14 06:03:28.01,461478.0724,5632635.5766,2949395.6195
2024/02/14 06:03:29.01,461483.2237,5632637.5967,2949390.7563
2024/02/14 06:03:30.01,461488.1754,5632639.6352,2949385.9958
2024/02/14 06:03:31.01,461492.8528,5632641.7214,2949381.3138
2024/02/14 06:03:32.01,461487.1274,5632582.5394,2949368.1414
2024/02/14 06:03:33.01,461500.537,5632645.9408,2949371.4215
2024/02/14 06:03:34.01,461502.9795,5632648.2559,2949365.9691
2024/02/14 06:03:35.01,461495.1288,5632618.9528,2949354.8315
2024/02/14 06:03:36.01,461498.1548,5632619.249,2949349.2755
2024/02/14 06:03:37.01,461501.5514,5632615.5268,2949340.8577
2024/02/14 06:03:38.01,461503.2682,5632619.0197,2949334.0757
2024/02/14 06:03:39.01,461506.2767,5632632.4,2949328.1769
2024/02/14 06:03:40.01,461507.8939,5632636.0263,2949320.894
2024/02/14 06:03:41.01,461509.6274,5632639.8741,2949313.1617
2024/02/14 06:03:42.01,461511.6557,5632643.8359,2949305.0881
2024/02/14 06:03:43.01,461513.7286,5632647.809,2949296.6425
2024/02/14 06:03:44.01,461516.9381,5632666.4095,2949291.6879
2024/02/14 06:03:47.01,461524.4816,5632677.9521,2949265.9819
2024/02/14 06:03:48.01,461522.9061,5632678.0623,2949255.8301
2024/02/14 06:03:56.01,461536.7952,5632683.4643,2949178.7172
2024/02/14 06:03:57.01,461537.4733,5632695.9327,2949172.4177
2024/02/14 06:03:59.01,461544.8061,5632711.0874,2949157.3811
2024/02/14 06:04:00.01,461546.633,5632703.1974,2949149.2984
2024/02/14 06:04:01.00,461547.2866,5632703.4796,2949139.8398
2024/02/14 06:04:02.01,461549.7975,5632715.2253,2949132.6571
2024/02/14 06:04:03.01,461553.143,5632695.0615,2949125.9723
2024/02/14 06:04:04.01,461554.6134,5632698.6873,2949118.9965
2024/02/14 06:04:05.01,461555.9435,5632701.735,2949112.7588
2024/02/14 06:04:06.01,461557.1848,5632704.7516,2949106.9006
2024/02/14 06:04:07.01,461559.5903,5632749.7086,2949107.5578
2024/02/14 06:04:08.01,461553.2356,5632725.3487,2949095.7611
2024/02/14 06:04:09.01,461561.7296,5632754.2746,2949098.5991
2024/02/14 06:04:10.01,461562.3287,5632755.8933,2949095.7874
2024/02/14 06:04:11.01,461562.6716,5632756.883,2949094.1174
2024/02/14 06:04:12.01,461562.9388,5632757.5888,2949092.7602
2024/02/14 06:04:13.01,461560.881,5632734.0241,2949078.2782
2024/02/14 06:04:14.01,461563.2114,5632758.2472,2949091.2693
2024/02/14 06:04:15.01,461563.2119,5632758.264,2949091.2831
2024/02/14 06:04:16.01,461563.2116,5632758.2647,2949091.2782
2024/02/14 06:04:17.01,461563.2162,5632758.2558,2949091.2699
2024/02/14 06:04:18.01,461563.2169,5632758.2572,2949091.2777
2024/02/14 06:04:19.01,461563.2161,5632758.3155,2949091.2938
2024/02/14 06:04:20.01,461563.2097,5632758.2607,2949091.2742
2024/02/14 06:04:21.01,461563.2194,5632758.325,2949091.2922
2024/02/14 06:04:22.01,461563.208,5632758.2808,2949091.2858
2024/02/14 06:04:23.01,461563.2121,5632758.2188,2949091.2695
2024/02/14 06:04:24.01,461563.2171,5632758.2934,2949091.2879
2024/02/14 06:04:25.01,461563.2149,5632758.2625,2949091.2745
2024/02/14 06:04:26.01,461563.2135,5632758.2209,2949091.2705
2024/02/14 06:04:27.01,461563.2159,5632758.2958,2949091.2882
2024/02/14 06:04:28.01,461563.2134,5632758.28,2949091.2863
2024/02/14 06:04:29.01,461563.2184,5632758.2712,2949091.2781
2024/02/14 06:04:30.01,461563.2075,5632758.3023,2949091.2899
2024/02/14 06:04:31.01,461563.2115,5632758.2904,2949091.2887
2024/02/14 06:04:32.01,461563.2112,5632758.2858,2949091.2916
2024/02/14 06:04:33.01,461563.2115,5632758.2911,2949091.2821
2024/02/14 06:04:34.01,461563.2162,5632758.2778,2949091.2807
2024/02/14 06:04:35.01,461563.2141,5632758.2955,2949091.2883
2024/02/14 06:04:36.01,461563.2139,5632758.2974,2949091.2848
2024/02/14 06:04:37.01,461563.2066,5632758.3019,2949091.2845
2024/02/14 06:04:38.01,461563.2186,5632758.3121,2949091.2855
2024/02/14 06:04:39.01,461563.2075,5632758.2851,2949091.2874
2024/02/14 06:04:40.01,461563.2163,5632758.3056,2949091.2795
2024/02/14 06:04:41.01,461563.2112,5632758.3317,2949091.2939
2024/02/14 06:04:42.01,461563.207,5632758.3031,2949091.2854
2024/02/14 06:04:43.01,461563.2018,5632758.3116,2949091.2914
2024/02/14 06:04:44.01,461563.2026,5632758.2799,2949091.282
2024/02/14 06:04:45.01,461563.2025,5632758.2952,2949091.2886
2024/02/14 06:04:46.01,461563.2073,5632758.3027,2949091.2925
2024/02/14 06:04:47.01,461563.2076,5632758.2527,2949091.2723
2024/02/14 06:04:48.01,461563.2082,5632758.2546,2949091.2701
2024/02/14 06:04:49.01,461563.2023,5632758.2704,2949091.2786
2024/02/14 06:04:50.01,461563.2032,5632758.3056,2949091.2933
2024/02/14 06:04:51.01,461563.1999,5632758.2589,2949091.2815
2024/02/14 06:04:52.01,461563.198,5632758.2907,2949091.2896
2024/02/14 06:04:53.01,461563.2038,5632758.2618,2949091.2745
2024/02/14 06:04:54.01,461563.2076,5632758.2796,2949091.278
2024/02/14 06:04:55.01,461563.1987,5632758.314,2949091.29
2024/02/14 06:04:56.01,461555.6327,5632731.8186,2949084.5332
2024/02/14 06:04:57.01,461555.6302,5632731.8428,2949084.5287
2024/02/14 06:04:58.01,461555.6328,5632731.8385,2949084.5364
2024/02/14 06:04:59.01,461563.2072,5632758.2631,2949091.2831
2024/02/14 06:05:00.01,461563.2077,5632758.258,2949091.2707
2024/02/14 06:05:01.00,461563.2193,5632758.3372,2949091.2901
2024/02/14 06:05:02.01,461555.6318,5632731.841,2949084.5338
2024/02/14 06:05:03.01,461555.6189,5632731.8488,2949084.5293
2024/02/14 06:05:04.01,461555.6275,5632731.874,2949084.5344
2024/02/14 06:05:05.01,461563.2092,5632758.2737,2949091.2782
2024/02/14 06:05:06.01,461563.2141,5632758.2921,2949091.2848
2024/02/14 06:05:07.01,461555.6278,5632731.8731,2949084.5256
2024/02/14 06:05:08.01,461555.623,5632731.8848,2949084.5359
2024/02/14 06:05:09.01,461555.623,5632731.8712,2949084.5311
2024/02/14 06:05:10.01,461555.6216,5632731.8606,2949084.5264
2024/02/14 06:05:11.01,461555.6206,5632731.9129,2949084.5381
2024/02/14 06:05:12.01,461555.6197,5632731.9153,2949084.5455
2024/02/14 06:05:13.01,461555.617,5632731.8723,2949084.5365
2024/02/14 06:05:14.01,461555.618,5632731.8693,2949084.5229
2024/02/14 06:05:15.01,461555.6232,5632731.8702,2949084.5278
2024/02/14 06:05:16.01,461555.6218,5632731.9024,2949084.535
2024/02/14 06:05:17.01,461555.6202,5632731.8697,2949084.5251
2024/02/14 06:05:18.01,461555.6104,5632731.8982,2949084.528
2024/02/14 06:05:19.01,461555.6135,5632731.9124,2949084.5311
2024/02/14 06:05:20.01,461555.6182,5632731.874,2949084.5191
2024/02/14 06:05:21.01,461555.6152,5632731.8649,2949084.5165
2024/02/14 06:05:22.01,461555.6081,5632731.8901,2949084.523
2024/02/14 06:05:23.01,461555.6125,5632731.9099,2949084.5251
2024/02/14 06:05:24.01,461555.6133,5632731.9116,2949084.5209
2024/02/14 06:05:25.01,461555.6124,5632731.9091,2949084.5198
2024/02/14 06:05:26.01,461555.6192,5632731.8865,2949084.5226
2024/02/14 06:05:27.01,461555.6166,5632731.9165,2949084.5198
2024/02/14 06:05:28.01,461555.6088,5632731.9577,2949084.529
2024/02/14 06:05:29.01,461555.6145,5632731.9388,2949084.5232
2024/02/14 06:05:30.01,461555.6061,5632731.9359,2949084.5228
2024/02/14 06:05:31.01,461555.6181,5632731.9185,2949084.5182
2024/02/14 06:05:32.01,461555.6105,5632731.9504,2949084.5249
2024/02/14 06:05:33.01,461555.611,5632731.9311,2949084.521
2024/02/14 06:05:34.01,461555.6082,5632731.8995,2949084.5103
2024/02/14 06:05:35.01,461555.616,5632731.9124,2949084.5199
2024/02/14 06:05:36.01,461555.6149,5632731.9331,2949084.512
2024/02/14 06:05:37.01,461555.6168,5632731.9922,2949084.5294
2024/02/14 06:05:38.01,461555.6005,5632731.8936,2949084.511
2024/02/14 06:05:39.01,461555.6012,5632731.9374,2949084.5116
2024/02/14 06:05:40.01,461555.6102,5632731.9342,2949084.5147
2024/02/14 06:05:41.01,461555.6038,5632731.9327,2949084.512
2024/02/14 06:05:42.01,461555.6082,5632732.0035,2949084.522
2024/02/14 06:05:43.01,461555.6047,5632731.9414,2949084.5169
2024/02/14 06:05:44.01,461555.6024,5632731.9647,2949084.5181
2024/02/14 06:05:45.01,461555.6129,5632731.9518,2949084.4806
2024/02/14 06:05:46.01,461555.6724,5632732.06,2949084.191
2024/02/14 06:05:47.01,461563.4155,5632758.7029,2949090.0728
2024/02/14 06:05:48.01,461563.7033,5632759.5059,2949088.6923
2024/02/14 06:05:49.01,461564.0315,5632760.3425,2949087.0023
2024/02/14 06:05:50.01,461564.4397,5632761.2988,2949085.0079
2024/02/14 06:05:51.01,461557.3489,5632736.1516,2949075.9819
2024/02/14 06:05:52.01,461565.4817,5632763.7494,2949080.3261
2024/02/14 06:05:53.01,461566.0455,5632764.9204,2949077.8806
2024/02/14 06:05:54.01,461566.6318,5632766.1848,2949075.2285
2024/02/14 06:05:55.01,461558.9151,5632721.921,2949058.8913
2024/02/14 06:05:56.01,461559.6015,5632723.4088,2949055.9012
2024/02/14 06:05:57.01,461560.1635,5632724.81,2949053.2506
2024/02/14 06:05:58.01,461560.644,5632726.0618,2949050.6739
2024/02/14 06:05:59.01,461561.1756,5632727.4163,2949047.9292
2024/02/14 06:06:00.01,461561.7121,5632729.0587,2949044.8684
2024/02/14 06:06:01.00,461562.1761,5632730.6844,2949041.5557
2024/02/14 06:06:02.01,461562.7446,5632732.3261,2949038.2582
2024/02/14 06:06:03.01,461563.3531,5632734.0549,2949034.9043
2024/02/14 06:06:04.01,461564.1426,5632736.0462,2949031.1502
2024/02/14 06:06:05.01,461565.2029,5632738.0823,2949026.9507
2024/02/14 06:06:06.01,461566.543,5632740.305,2949022.4592
2024/02/14 06:06:07.01,461568.0795,5632742.6303,2949017.7234
2024/02/14 06:06:08.01,461569.6859,5632745.18,2949012.7661
2024/02/14 06:06:09.01,461571.1613,5632747.6602,2949007.6155
2024/02/14 06:06:10.01,461572.6121,5632750.4122,2949002.0567
2024/02/14 06:06:11.01,461574.2422,5632753.3981,2948996.2675
2024/02/14 06:06:12.01,461575.7189,5632756.4555,2948990.2003
2024/02/14 06:06:13.01,461577.2349,5632759.4775,2948983.996
2024/02/14 06:06:14.01,461578.8624,5632762.6717,2948977.7366
2024/02/14 06:06:15.01,461580.4314,5632765.8284,2948971.386
2024/02/14 06:06:16.01,461581.9261,5632769.024,2948965.0001
2024/02/14 06:06:17.01,461583.3468,5632772.1792,2948958.5726
2024/02/14 06:06:18.01,461584.8295,5632775.3034,2948952.1484
2024/02/14 06:06:19.01,461586.335,5632778.4755,2948945.7478
2024/02/14 06:06:20.01,461587.7524,5632781.499,2948939.4259
2024/02/14 06:06:21.01,461589.2053,5632784.7218,2948933.0671
2024/02/14 06:06:22.01,461590.5493,5632787.7765,2948926.5788
2024/02/14 06:06:23.01,461591.9419,5632791.051,2948920.0405
2024/02/14 06:06:24.01,461593.3276,5632794.3787,2948913.4697
2024/02/14 06:06:25.01,461602.2983,5632823.8519,2948913.6082
2024/02/14 06:06:26.01,461596.0934,5632800.8891,2948900.2209
2024/02/14 06:06:27.01,461597.632,5632804.1134,2948893.6831
2024/02/14 06:06:28.01,461599.0319,5632807.3983,2948887.1812
2024/02/14 06:06:29.01,461600.3638,5632810.4145,2948880.8624
2024/02/14 06:06:30.01,461609.1962,5632839.5723,2948881.8263
2024/02/14 06:06:31.01,461602.7307,5632816.0512,2948869.3372
2024/02/14 06:06:32.01,461611.4092,5632845.0976,2948870.603
2024/02/14 06:06:33.01,461612.6463,5632847.7758,2948865.1398
2024/02/14 06:06:34.01,461613.8893,5632850.6222,2948859.5918
2024/02/14 06:06:35.01,461618.841,5632903.7787,2948861.3088
2024/02/14 06:06:36.01,461616.1514,5632856.2893,2948847.9203
2024/02/14 06:06:37.01,461617.2918,5632859.3003,2948841.7371
2024/02/14 06:06:38.01,461622.3279,5632912.8491,2948842.7394
2024/02/14 06:06:39.01,461619.8885,5632865.7283,2948828.6838
2024/02/14 06:06:40.01,461621.2851,5632869.0529,2948821.8125
2024/02/14 06:06:41.01,461622.5523,5632872.4642,2948814.7899
2024/02/14 06:06:42.01,461623.9387,5632876.0425,2948807.7901
2024/02/14 06:06:43.01,461625.2563,5632879.5141,2948800.6445
2024/02/14 06:06:44.01,461623.9431,5632904.1826,2948794.8559
2024/02/14 06:06:45.01,461624.0227,5632909.9202,2948786.7843
2024/02/14 06:06:46.01,461626.8312,5632911.5242,2948780.2215
2024/02/14 06:06:47.01,461628.5902,5632915.452,2948772.6836
2024/02/14 06:06:48.01,461630.263,5632919.5603,2948764.9253
2024/02/14 06:06:49.01,461632.0182,5632923.473,2948757.1248
2024/02/14 06:06:50.01,461633.6827,5632927.4313,2948749.3905
2024/02/14 06:06:51.01,461634.4864,5632911.8467,2948735.2956
2024/02/14 06:06:52.01,461638.0694,5632939.1792,2948741.2288
2024/02/14 06:06:53.01,461637.2714,5632919.2673,2948720.7626
2024/02/14 06:06:54.01,461638.7298,5632922.8354,2948713.7827
2024/02/14 06:06:55.01,461640.1575,5632926.1713,2948706.9675
2024/02/14 06:06:56.01,461641.5041,5632929.7324,2948700.4417
2024/02/14 06:06:57.01,461644.1946,5632954.6324,2948703.8789
2024/02/14 06:06:58.01,461644.6337,5632955.3899,2948693.7534
2024/02/14 06:06:59.01,461647.3715,5632956.82,2948688.0086
2024/02/14 06:07:00.01,461648.1382,5632964.6199,2948683.7738
2024/02/14 06:07:01.00,461648.7915,5632965.8501,2948673.7791
2024/02/14 06:07:02.01,461652.2042,5632968.999,2948671.5473
2024/02/14 06:07:03.01,461652.8785,5632976.6776,2948667.7269
2024/02/14 06:07:04.01,461649.6943,5632944.5803,2948653.5439
2024/02/14 06:07:05.01,461655.4955,5632983.3323,2948654.5973
2024/02/14 06:07:06.01,461652.2672,5632951.51,2948640.1617
2024/02/14 06:07:07.01,461653.4936,5632954.9197,2948633.5544
2024/02/14 06:07:08.01,461659.2952,5632993.6218,2948634.4595
2024/02/14 06:07:09.01,461656.4725,5632997.0286,2948618.7409
2024/02/14 06:07:10.01,461657.7212,5632965.6645,2948612.3658
2024/02/14 06:07:11.01,461663.6252,5633004.6789,2948612.7539
2024/02/14 06:07:12.01,461660.7097,5632973.0945,2948597.7822
2024/02/14 06:07:13.01,461666.5279,5633011.9757,2948598.4753
2024/02/14 06:07:14.01,461668.8247,5632982.7972,2948577.4382
2024/02/14 06:07:15.01,461669.1855,5633018.859,2948585.0154
2024/02/14 06:07:16.01,461662.9336,5633007.9609,2948572.2618
2024/02/14 06:07:17.01,461670.7451,5633025.0226,2948573.1477
2024/02/14 06:07:18.01,461671.119,5632994.7923,2948554.3538
2024/02/14 06:07:19.01,461667.1279,5633025.3505,2948557.9153
2024/02/14 06:07:22.01,461655.0407,5633047.4028,2948557.6946
2024/02/14 06:07:23.01,461657.2154,5633039.7858,2948554.0582
2024/02/14 06:07:24.01,461654.4676,5633044.059,2948551.6352
2024/02/14 06:07:25.01,461652.3528,5633044.5801,2948552.8648
2024/02/14 06:07:26.01,461650.5326,5633052.401,2948553.4897
2024/02/14 06:07:27.01,461653.158,5633055.3095,2948545.3333
2024/02/14 06:07:28.01,461652.3317,5633079.059,2948558.564
2024/02/14 06:07:29.01,461643.5235,5632989.7577,2948545.2213
2024/02/14 06:07:30.01,461643.4602,5633055.9514,2948545.3792
2024/02/14 06:07:31.01,461636.27,5632990.045,2948545.535
2024/02/14 06:07:32.01,461629.9569,5633053.6868,2948552.5318
2024/02/14 06:07:33.01,461627.3878,5632990.1511,2948546.583
2024/02/14 06:07:34.01,461622.3746,5632990.3812,2948547.5815
2024/02/14 06:07:35.01,461616.7742,5632990.1484,2948548.6332
2024/02/14 06:07:36.01,461607.1228,5633008.627,2948547.6369
2024/02/14 06:07:37.01,461597.2163,5633045.3144,2948561.2839
2024/02/14 06:07:38.01,461594.8683,5633008.1925,2948550.2567
2024/02/14 06:07:39.01,461593.9852,5633045.9379,2948563.0341
2024/02/14 06:07:40.01,461582.0405,5633007.6721,2948553.2927
2024/02/14 06:07:41.01,461570.7572,5633042.1467,2948563.9776
2024/02/14 06:07:42.01,461572.9594,5633049.4664,2948570.7503
2024/02/14 06:07:44.01,461553.1009,5633005.8036,2948560.9711
2024/02/14 06:07:45.01,461545.8425,5633007.5229,2948566.6636
2024/02/14 06:07:46.01,461531.5729,5633013.6081,2948572.4333
2024/02/14 06:07:47.01,461529.2382,5633024.0959,2948576.7861
2024/02/14 06:07:49.01,461506.076,5633038.7723,2948592.0627
2024/02/14 06:07:50.01,461499.5807,5633058.3456,2948599.0664
2024/02/14 06:07:51.01,461498.5144,5633031.1627,2948596.9822
2024/02/14 06:07:52.01,461487.5461,5633006.5345,2948586.9051
2024/02/14 06:07:53.01,461481.1193,5633029.2141,2948603.2193
2024/02/14 06:07:54.01,461470.6251,5633005.0178,2948592.7742
2024/02/14 06:07:55.01,461463.0507,5633004.2997,2948595.1641
2024/02/14 06:07:56.01,461456.2254,5633004.1072,2948596.7575
2024/02/14 06:07:57.01,461449.5423,5633004.286,2948597.0572
2024/02/14 06:07:58.01,461443.2374,5633005.5143,2948595.793
2024/02/14 06:08:00.01,461436.4246,5633026.9848,2948596.1089
2024/02/14 06:08:01.00,461426.3123,5633018.777,2948586.5429
2024/02/14 06:08:02.01,461430.5298,5633041.8333,2948586.1634
2024/02/14 06:08:03.01,461428.6421,5633049.1181,2948578.4805
2024/02/14 06:08:04.01,461430.226,5633052.2559,2948572.421
2024/02/14 06:08:05.01,461439.1053,5633008.9693,2948552.6409
2024/02/14 06:08:06.01,461441.3499,5633012.063,2948545.9834
2024/02/14 06:08:07.01,461436.4545,5633062.3141,2948552.4913
2024/02/14 06:08:08.01,461438.7164,5633065.9486,2948544.9551
2024/02/14 06:08:09.01,461448.1972,5633023.3114,2948523.4934
2024/02/14 06:08:10.01,461439.8825,5633025.3522,2948521.6705
2024/02/14 06:08:11.01,461442.7099,5633029.7549,2948513.0949
2024/02/14 06:08:12.01,461447.022,5633063.2156,2948510.2888
2024/02/14 06:08:13.01,461449.7888,5633067.6293,2948500.9897
2024/02/14 06:08:14.01,461454.1555,5633071.9481,2948490.9641
2024/02/14 06:08:15.01,461455.0324,5633051.8113,2948475.9118
2024/02/14 06:08:16.01,461464.2515,5633090.6149,2948474.1495
2024/02/14 06:08:17.01,461464.326,5633090.623,2948468.4768
2024/02/14 06:08:18.01,461463.3545,5633065.2605,2948456.3539
2024/02/14 06:08:19.01,461465.7708,5633092.4443,2948456.4449
2024/02/14 06:08:20.01,461471.1098,5633109.5113,2948447.6945
2024/02/14 06:08:21.01,461475.0964,5633104.5415,2948441.0801
2024/02/14 06:08:22.01,461473.5964,5633106.565,2948435.1764
2024/02/14 06:08:23.01,461480.9791,5633101.8185,2948421.5713
2024/02/14 06:08:24.01,461482.6472,5633109.9177,2948416.7027
2024/02/14 06:08:25.01,461480.6584,5633117.6685,2948412.9859
2024/02/14 06:08:26.01,461483.9037,5633116.7837,2948402.5272
2024/02/14 06:08:27.01,461495.6613,5633136.2847,2948395.8257
2024/02/14 06:08:28.01,461487.001,5633138.8061,2948394.2733
2024/02/14 06:08:29.01,461489.8009,5633142.4323,2948385.7871
2024/02/14 06:08:30.01,461492.4498,5633146.5531,2948377.3377
2024/02/14 06:08:31.01,461500.1863,5633166.5069,2948361.7353
2024/02/14 06:08:32.01,461502.6746,5633170.6838,2948353.412
2024/02/14 06:08:33.01,461500.0236,5633158.8894,2948352.4332
2024/02/14 06:08:34.01,461507.8719,5633178.6538,2948337.2988
2024/02/14 06:08:35.01,461510.5344,5633182.4199,2948329.492
2024/02/14 06:08:36.01,461513.0344,5633186.2038,2948322.2075
2024/02/14 06:08:37.01,461515.1073,5633189.4235,2948315.5631
2024/02/14 06:08:38.01,461511.7882,5633176.5219,2948316.6795
2024/02/14 06:08:40.01,461521.3729,5633173.0614,2948300.1197
2024/02/14 06:08:41.01,461524.0594,5633183.3979,2948295.274
2024/02/14 06:08:42.01,461523.4159,5633174.2861,2948289.468
2024/02/14 06:08:43.01,461526.6288,5633187.6942,2948285.8786
2024/02/14 06:08:44.01,461526.7542,5633181.8915,2948280.7787
2024/02/14 06:08:45.01,461527.7231,5633207.294,2948285.9961
2024/02/14 06:08:46.01,461533.0977,5633172.9265,2948268.8525
2024/02/14 06:08:47.01,461528.2721,5633211.254,2948277.8887
2024/02/14 06:08:48.01,461528.319,5633213.191,2948273.8827
2024/02/14 06:08:49.01,461528.2363,5633215.2902,2948270.0156
2024/02/14 06:08:50.01,461528.1339,5633217.3449,2948266.0419
2024/02/14 06:08:51.01,461532.7765,5633225.8366,2948255.0937
2024/02/14 06:08:52.01,461527.9596,5633221.8147,2948257.2566
2024/02/14 06:08:53.01,461532.6806,5633230.614,2948245.782
2024/02/14 06:08:54.01,461532.5895,5633233.2881,2948240.7304
2024/02/14 06:08:55.01,461527.6245,5633229.7496,2948242.069
2024/02/14 06:08:56.01,461532.1808,5633238.9695,2948229.7184
2024/02/14 06:08:57.01,461531.5243,5633180.6181,2948203.3888
2024/02/14 06:08:58.01,461531.3796,5633183.7569,2948197.164
2024/02/14 06:08:59.01,461526.9771,5633242.3585,2948217.8228
2024/02/14 06:09:00.01,461525.4963,5633241.8053,2948204.5769
2024/02/14 06:09:01.00,461531.3691,5633255.6751,2948197.7901
2024/02/14 06:09:02.01,461526.3718,5633252.7775,2948197.8369
2024/02/14 06:09:03.01,461524.9312,5633252.3452,2948184.8184
2024/02/14 06:09:04.01,461524.6978,5633255.5796,2948178.4081
2024/02/14 06:09:05.01,461523.6917,5633225.6554,2948163.3255
2024/02/14 06:09:06.01,461524.3223,5633262.3022,2948165.4936
2024/02/14 06:09:07.01,461524.2221,5633265.7898,2948159.01
2024/02/14 06:09:08.01,461524.0923,5633269.2242,2948152.4164
2024/02/14 06:09:09.01,461523.784,5633249.1315,2948146.4319
2024/02/14 06:09:10.01,461520.5336,5633261.9497,2948140.3564
2024/02/14 06:09:11.01,461521.047,5633246.9985,2948118.4043
2024/02/14 06:09:12.01,461520.8568,5633250.9769,2948111.1791
2024/02/14 06:09:13.01,461515.5843,5633238.5032,2948110.7948
2024/02/14 06:09:15.01,461524.5917,5633276.8878,2948093.2661
2024/02/14 06:09:16.01,461524.2553,5633281.1457,2948085.183
2024/02/14 06:09:17.01,461524.0126,5633285.4348,2948076.9551
2024/02/14 06:09:18.01,461523.6684,5633289.9178,2948068.6424
2024/02/14 06:09:19.01,461523.3,5633294.3296,2948060.4016
2024/02/14 06:09:20.01,461523.0134,5633298.6141,2948052.2755
2024/02/14 06:09:21.01,461516.9737,5633342.0064,2948057.5545
2024/02/14 06:09:22.01,461510.977,5633359.8413,2948048.6783
2024/02/14 06:09:23.01,461516.8545,5633275.43,2948021.2679
2024/02/14 06:09:24.01,461516.7603,5633279.9529,2948012.8531
2024/02/14 06:09:25.01,461516.5765,5633284.3676,2948004.2342
2024/02/14 06:09:26.01,461518.5176,5633312.5324,2948008.8289
2024/02/14 06:09:27.01,461518.3894,5633317.1654,2947999.988
2024/02/14 06:09:28.01,461516.1798,5633373.5543,2947997.6395
2024/02/14 06:09:29.01,461516.031,5633378.2265,2947988.6288
2024/02/14 06:09:30.01,461523.1424,5633346.7088,2947966.0037
2024/02/14 06:09:31.01,461522.9292,5633351.1988,2947957.3332
2024/02/14 06:09:32.01,461522.7806,5633355.3261,2947948.804
2024/02/14 06:09:33.01,461522.5253,5633360.1085,2947940.7
2024/02/14 06:09:34.01,461522.3745,5633364.2958,2947932.619
2024/02/14 06:09:35.01,461509.2839,5633328.0802,2947925.4901
2024/02/14 06:09:36.01,461522.394,5633372.2355,2947917.5579
2024/02/14 06:09:37.01,461522.3597,5633376.0214,2947910.4989
2024/02/14 06:09:38.01,461522.2438,5633379.7143,2947903.4486
2024/02/14 06:09:39.01,461522.1218,5633383.4898,2947896.3676
2024/02/14 06:09:40.01,461521.9286,5633387.1242,2947889.3261
2024/02/14 06:09:41.01,461521.667,5633390.7723,2947882.4659
2024/02/14 06:09:42.01,461521.4245,5633394.4409,2947875.5341
2024/02/14 06:09:43.01,461521.1959,5633398.2683,2947868.4861
2024/02/14 06:09:44.01,461521.0463,5633401.9117,2947861.3988
2024/02/14 06:09:45.01,461521.0364,5633405.6483,2947854.4956
2024/02/14 06:09:46.01,461521.0588,5633409.115,2947847.6919
2024/02/14 06:09:47.01,461521.0261,5633412.7189,2947840.9224
2024/02/14 06:09:48.01,461520.9236,5633416.2704,2947834.1033
2024/02/14 06:09:49.01,461520.6992,5633419.8513,2947827.3758
2024/02/14 06:09:50.01,461520.4351,5633423.3666,2947820.8615
2024/02/14 06:09:51.01,461520.1929,5633426.8327,2947814.4939
2024/02/14 06:09:52.01,461519.9756,5633430.2692,2947807.957
2024/02/14 06:09:53.01,461519.8517,5633433.7971,2947801.2536
2024/02/14 06:09:54.01,461519.709,5633437.3365,2947794.6047
2024/02/14 06:09:55.01,461519.5246,5633440.8908,2947788.1737
2024/02/14 06:09:56.01,461519.3313,5633444.2945,2947781.7521
2024/02/14 06:09:57.01,461519.1257,5633447.7329,2947775.2404
2024/02/14 06:09:58.01,461518.9064,5633451.367,2947768.6565
2024/02/14 06:09:59.01,461518.8312,5633455.0075,2947761.8709
2024/02/14 06:10:00.01,461519.3293,5633519.2985,2947775.257
2024/02/14 06:10:01.00,461511.2945,5633498.3997,2947761.9358
2024/02/14 06:10:02.01,461511.1812,5633501.9246,2947755.0274
2024/02/14 06:10:03.01,461511.1233,5633505.6325,2947748.1252
2024/02/14 06:10:04.01,461510.473,5633448.2201,2947720.864
2024/02/14 06:10:05.01,461510.7745,5633512.9859,2947734.4223
2024/02/14 06:10:06.01,461510.5947,5633516.3635,2947727.7022
2024/02/14 06:10:07.01,461510.3833,5633519.9046,2947721.2632
2024/02/14 06:10:08.01,461516.3614,5633491.1674,2947701.2612
2024/02/14 06:10:09.01,461510.7532,5633507.8918,2947694.0344
2024/02/14 06:10:12.01,461512.3361,5633509.4286,2947683.5386
2024/02/14 06:10:13.01,461510.7208,5633496.9101,2947674.5408
2024/02/14 06:10:14.01,461516.2604,5633506.6479,2947672.2223
2024/02/14 06:10:15.01,461528.482,5633538.608,2947672.3844
2024/02/14 06:10:16.01,461526.3524,5633506.8711,2947661.947
2024/02/14 06:10:17.01,461529.0668,5633527.2928,2947663.3252
2024/02/14 06:10:20.01,461538.5382,5633513.3848,2947652.1425
2024/02/14 06:10:21.01,461536.8629,5633539.1085,2947648.6368
2024/02/14 06:10:22.01,461542.6156,5633531.7552,2947643.2846
2024/02/14 06:10:23.01,461543.7531,5633545.3592,2947643.6382
2024/02/14 06:10:24.01,461545.7903,5633522.9582,2947636.6066
2024/02/14 06:10:25.01,461554.1599,5633514.4706,2947633.1966
2024/02/14 06:10:26.01,461562.1774,5633537.9824,2947635.5202
2024/02/14 06:10:27.01,461568.7429,5633533.1026,2947632.9419
2024/02/14 06:10:28.01,461574.8126,5633532.4407,2947633.3704
2024/02/14 06:10:29.01,461581.0315,5633531.6069,2947634.0832
2024/02/14 06:10:30.01,461587.4296,5633530.649,2947634.9124
2024/02/14 06:10:31.01,461594.0476,5633529.6831,2947635.832
2024/02/14 06:10:32.01,461600.8981,5633528.6561,2947636.7913
2024/02/14 06:10:33.01,461607.9543,5633527.5917,2947637.8189
2024/02/14 06:10:34.01,461615.2183,5633526.5302,2947638.9163
2024/02/14 06:10:35.01,461622.5611,5633525.3703,2947640.0054
2024/02/14 06:10:36.01,461629.8956,5633524.2773,2947640.9593
2024/02/14 06:10:37.01,461637.1773,5633523.2559,2947641.748
2024/02/14 06:10:38.01,461644.3485,5633522.6002,2947642.0452
2024/02/14 06:10:39.01,461651.5101,5633521.8405,2947641.4898
2024/02/14 06:10:40.01,461652.6751,5633479.227,2947633.8042
2024/02/14 06:10:41.01,461660.007,5633485.9004,2947630.1285
2024/02/14 06:10:42.01,461664.4367,5633493.3693,2947630.6582
2024/02/14 06:10:43.01,461670.5892,5633493.3065,2947630.0111
2024/02/14 06:10:44.01,461676.6348,5633492.5138,2947630.4757
2024/02/14 06:10:45.01,461688.3627,5633501.4164,2947632.4286
2024/02/14 06:10:46.01,461687.4102,5633512.5391,2947634.6172
2024/02/14 06:10:47.01,461691.8126,5633510.3358,2947638.2074
2024/02/14 06:10:48.01,461695.8501,5633508.2219,2947641.8023
2024/02/14 06:10:49.01,461700.1298,5633506.1419,2947644.9276
2024/02/14 06:10:50.01,461704.804,5633504.4258,2947647.7349
2024/02/14 06:10:51.01,461723.1673,5633453.5085,2947637.1231
2024/02/14 06:10:52.01,461722.5442,5633484.2015,2947652.8609
2024/02/14 06:10:53.01,461728.0625,5633483.1104,2947654.8692
2024/02/14 06:10:54.01,461733.5876,5633485.7519,2947656.1208
2024/02/14 06:10:55.01,461734.3236,5633497.7721,2947656.5435
2024/02/14 06:10:56.01,461741.1852,5633496.6802,2947657.7641
2024/02/14 06:10:57.01,461747.9783,5633495.4358,2947658.9924
2024/02/14 06:10:58.01,461754.527,5633494.2713,2947660.2607
2024/02/14 06:10:59.01,461760.7468,5633493.2976,2947661.5108
2024/02/14 06:11:00.01,461766.1314,5633492.1779,2947662.4981
2024/02/14 06:11:01.00,461770.5339,5633491.5344,2947663.4122
2024/02/14 06:11:02.01,461774.7137,5633490.6304,2947664.1791
2024/02/14 06:11:03.01,461778.7036,5633490.1123,2947665.0272
2024/02/14 06:11:04.01,461782.0623,5633489.3102,2947665.8045
2024/02/14 06:11:05.01,461784.8956,5633488.8183,2947666.4559
2024/02/14 06:11:06.01,461787.3855,5633488.4616,2947666.9838
2024/02/14 06:11:07.01,461789.5299,5633488.0742,2947667.3509
2024/02/14 06:11:08.01,461791.9377,5633487.6918,2947667.6072
2024/02/14 06:11:09.01,461794.6975,5633487.3318,2947667.8435
2024/02/14 06:11:10.01,461797.652,5633487.1669,2947667.8881
2024/02/14 06:11:11.01,461800.7278,5633487.0971,2947667.585
2024/02/14 06:11:12.01,461804.0317,5633487.1707,2947666.9843
2024/02/14 06:11:13.01,461813.3514,5633474.3788,2947666.6182
2024/02/14 06:11:14.01,461816.6926,5633475.1527,2947664.7896
2024/02/14 06:11:15.01,461813.8633,5633489.4182,2947661.5003
2024/02/14 06:11:16.01,461816.2913,5633490.922,2947658.234
2024/02/14 06:11:19.01,461811.4169,5633461.2095,2947639.4216
2024/02/14 06:11:20.01,461811.6668,5633464.9952,2947634.1067
2024/02/14 06:11:21.01,461809.634,5633459.3459,2947624.7768
2024/02/14 06:11:22.01,461815.6874,5633477.1074,2947620.481
2024/02/14 06:11:28.01,461828.1479,5633513.2645,2947585.554
2024/02/14 06:11:29.01,461828.9422,5633516.3109,2947579.272
2024/02/14 06:11:30.01,461830.5964,5633516.1775,2947573.7484
2024/02/14 06:11:31.01,461831.3933,5633519.0752,2947567.8911
2024/02/14 06:11:32.01,461832.7545,5633523.4423,2947562.5573
2024/02/14 06:11:33.01,461834.3771,5633522.2959,2947551.6805
2024/02/14 06:11:36.01,461836.2253,5633547.3292,2947540.9077
2024/02/14 06:11:37.01,461838.0941,5633530.2561,2947531.4374
2024/02/14 06:11:38.01,461839.6651,5633552.4094,2947529.8621
2024/02/14 06:11:39.01,461839.4842,5633553.1645,2947525.5836
2024/02/14 06:11:40.01,461833.1383,5633543.9007,2947517.3601
2024/02/14 06:11:41.01,461842.4646,5633546.3654,2947511.2987
2024/02/14 06:11:42.01,461827.4946,5633556.398,2947514.4483
2024/02/14 06:11:43.01,461826.7858,5633558.6416,2947510.2729
2024/02/14 06:11:44.01,461840.3438,5633553.0334,2947498.4142
2024/02/14 06:11:46.01,461822.958,5633565.991,2947496.7951
2024/02/14 06:11:47.01,461821.2989,5633568.7176,2947491.8501
2024/02/14 06:11:48.01,461832.9716,5633521.7916,2947473.5159
2024/02/14 06:11:49.01,461831.1753,5633524.6058,2947468.4317
2024/02/14 06:11:50.01,461829.4329,5633527.301,2947463.4628
2024/02/14 06:11:51.01,461827.8314,5633529.8427,2947458.6136
2024/02/14 06:11:52.01,461826.3116,5633532.2684,2947453.8044
2024/02/14 06:11:53.01,461824.9278,5633534.8456,2947449.2478
2024/02/14 06:11:54.01,461823.6206,5633537.0088,2947445.049
2024/02/14 06:11:55.01,461822.2595,5633539.1853,2947440.9415
2024/02/14 06:11:56.01,461807.4987,5633591.0799,2947449.9428
2024/02/14 06:11:57.01,461805.9932,5633593.3974,2947445.5418
2024/02/14 06:11:58.01,461804.3182,5633595.7838,2947441.1733
2024/02/14 06:11:59.01,461802.6825,5633598.2177,2947436.7953
2024/02/14 06:12:00.01,461815.6858,5633592.4216,2947424.6444
2024/02/14 06:12:01.00,461799.448,5633602.9747,2947427.6467
2024/02/14 06:12:02.01,461810.6199,5633611.2877,2947423.2695
2024/02/14 06:12:03.01,461817.6397,5633595.5719,2947411.139
2024/02/14 06:12:04.01,461802.8532,5633573.5903,2947399.8133
2024/02/14 06:12:05.01,461813.9208,5633637.302,2947408.7058
2024/02/14 06:12:06.01,461801.098,5633578.5648,2947390.2932
2024/02/14 06:12:07.01,461800.5502,5633580.9707,2947385.6868
2024/02/14 06:12:08.01,461798.4016,5633607.4478,2947396.2127
2024/02/14 06:12:09.01,461798.1248,5633609.6801,2947391.7608
2024/02/14 06:12:10.01,461809.9805,5633621.0726,2947380.0098
2024/02/14 06:12:11.01,461797.5185,5633614.0524,2947383.1316
2024/02/14 06:12:12.01,461797.1632,5633616.1516,2947378.8975
2024/02/14 06:12:13.01,461808.9131,5633627.4999,2947367.3055
2024/02/14 06:12:14.01,461796.4446,5633620.3744,2947370.4892
2024/02/14 06:12:15.01,461796.048,5633622.4535,2947366.2943
2024/02/14 06:12:16.01,461795.6054,5633624.5119,2947362.0845
2024/02/14 06:12:17.01,461795.159,5633626.5322,2947357.8925
2024/02/14 06:12:18.01,461808.5288,5633665.567,2947352.3204
2024/02/14 06:12:19.01,461794.3295,5633630.6247,2947349.4801
2024/02/14 06:12:20.01,461793.9484,5633632.6187,2947345.6156
2024/02/14 06:12:21.01,461793.6578,5633634.4229,2947341.9841
2024/02/14 06:12:22.01,461793.3924,5633636.2743,2947338.2955
2024/02/14 06:12:23.01,461793.13,5633638.0924,2947334.5206
2024/02/14 06:12:24.01,461808.0851,5633640.1796,2947322.1431
2024/02/14 06:12:25.01,461804.5621,5633651.2784,2947318.6983
2024/02/14 06:12:26.01,461791.9948,5633644.5097,2947321.3665
2024/02/14 06:12:27.01,461806.92,5633647.1798,2947307.9286
2024/02/14 06:12:28.01,461805.0654,5633686.4205,2947309.4781
2024/02/14 06:12:29.01,461790.7144,5633652.1874,2947305.2995
2024/02/14 06:12:30.01,461803.9892,5633691.7842,2947298.3481
2024/02/14 06:12:31.01,461798.3244,5633662.6677,2947285.9451
2024/02/14 06:12:32.01,461802.9341,5633696.7221,2947287.9337
2024/02/14 06:12:33.01,461791.5384,5633692.387,2947274.3618
2024/02/14 06:12:34.01,461796.9885,5633669.6686,2947271.1966
2024/02/14 06:12:35.01,461787.7933,5633666.8928,2947274.9662
2024/02/14 06:12:36.01,461794.7402,5633683.0351,2947267.0814
2024/02/14 06:12:37.01,461786.7516,5633671.27,2947265.6429
2024/02/14 06:12:38.01,461800.0913,5633710.472,2947259.5179
2024/02/14 06:12:39.01,461785.7031,5633676.0469,2947256.0587
2024/02/14 06:12:40.01,461787.9915,5633708.389,2947241.0173
2024/02/14 06:12:41.01,461784.5926,5633680.7999,2947246.2701
2024/02/14 06:12:42.01,461778.2026,5633696.2668,2947240.5809
2024/02/14 06:12:43.01,461783.4619,5633685.731,2947236.3375
2024/02/14 06:12:44.01,461782.7466,5633688.2277,2947231.3264
2024/02/14 06:12:45.01,461791.5964,5633703.8613,2947217.1614
2024/02/14 06:12:46.01,461788.7744,5633746.914,2947218.9551
2024/02/14 06:12:47.01,461775.0496,5633708.5934,2947215.6791
2024/02/14 06:12:48.01,461780.534,5633697.7658,2947212.2578
2024/02/14 06:12:49.01,461780.1138,5633699.5209,2947208.6093
2024/02/14 06:12:50.01,461779.7536,5633701.1667,2947205.4508
2024/02/14 06:12:51.01,461786.7386,5633756.0115,2947200.5393
2024/02/14 06:12:52.01,461779.1998,5633703.6776,2947200.5515
2024/02/14 06:12:53.01,461779.0089,5633704.5307,2947198.6331
2024/02/14 06:12:54.01,461786.2314,5633669.1986,2947183.3474
2024/02/14 06:12:55.01,461786.1219,5633669.767,2947182.6881
2024/02/14 06:12:56.01,461786.0516,5633669.8815,2947182.5127
2024/02/14 06:12:57.01,461786.0331,5633669.9897,2947182.2654
2024/02/14 06:12:58.01,461786.0251,5633670.0695,2947182.2108
2024/02/14 06:12:59.01,461786.0289,5633670.1131,2947182.2229
2024/02/14 06:13:00.01,461786.0344,5633670.0665,2947182.2058
2024/02/14 06:13:01.00,461786.0272,5633670.0994,2947182.2133
2024/02/14 06:13:02.01,461786.021,5633670.0651,2947182.2094
2024/02/14 06:13:03.01,461786.0267,5633670.0965,2947182.2126
2024/02/14 06:13:04.01,461786.0162,5633670.1501,2947182.2218
2024/02/14 06:13:05.01,461786.027,5633670.128,2947182.2209
2024/02/14 06:13:06.01,461786.0286,5633670.087,2947182.2038
2024/02/14 06:13:07.01,461786.0297,5633670.1203,2947182.2146
2024/02/14 06:13:08.01,461786.0155,5633670.1526,2947182.2232
2024/02/14 06:13:09.01,461786.0184,5633670.1406,2947182.2202
2024/02/14 06:13:10.01,461786.0235,5633670.1327,2947182.2177
2024/02/14 06:13:11.01,461786.012,5633670.2073,2947182.2318
2024/02/14 06:13:12.01,461786.018,5633670.2143,2947182.2358
2024/02/14 06:13:13.01,461786.0117,5633670.227,2947182.2384
2024/02/14 06:13:14.01,461786.0053,5633670.224,2947182.2362
2024/02/14 06:13:15.01,461787.5528,5633710.3668,2947187.492
2024/02/14 06:13:16.01,461786.0125,5633670.1779,2947182.2142
2024/02/14 06:13:17.01,461792.3901,5633755.1802,2947193.9483
2024/02/14 06:13:18.01,461792.4028,5633755.0643,2947193.9189
2024/02/14 06:13:19.01,461785.9989,5633670.3011,2947182.265
2024/02/14 06:13:20.01,461785.9993,5633670.2968,2947182.2424
2024/02/14 06:13:21.01,461785.9875,5633670.3236,2947182.2607
2024/02/14 06:13:22.01,461783.6256,5633738.1871,2947203.2467
2024/02/14 06:13:23.01,461786.0078,5633670.3398,2947182.2524
2024/02/14 06:13:24.01,461785.985,5633670.3513,2947182.265
2024/02/14 06:13:25.01,461785.9985,5633670.312,2947182.2479
2024/02/14 06:13:26.01,461785.9941,5633670.366,2947182.2576
2024/02/14 06:13:27.01,461785.992,5633670.4092,2947182.2433
2024/02/14 06:13:28.01,461783.6272,5633738.1817,2947203.051
2024/02/14 06:13:29.01,461787.4944,5633710.5068,2947187.155
2024/02/14 06:13:30.01,461783.5301,5633738.4247,2947202.6576
2024/02/14 06:13:31.01,461787.425,5633710.716,2947186.6897
2024/02/14 06:13:32.01,461787.4394,5633710.7464,2947186.6686
2024/02/14 06:13:33.01,461787.4329,5633710.7261,2947186.6715
2024/02/14 06:13:34.01,461787.4277,5633710.7261,2947186.67
2024/02/14 06:13:35.01,461787.4293,5633710.6919,2947186.66
2024/02/14 06:13:36.01,461787.4237,5633710.7006,2947186.6611
2024/02/14 06:13:37.01,461787.431,5633710.7096,2947186.6673
2024/02/14 06:13:38.01,461787.4311,5633710.731,2947186.6649
2024/02/14 06:13:39.01,461787.438,5633710.7355,2947186.673
2024/02/14 06:13:40.01,461787.434,5633710.7503,2947186.6741
2024/02/14 06:13:41.01,461787.4422,5633710.7286,2947186.6677
2024/02/14 06:13:42.01,461787.4474,5633710.6473,2947186.6395
2024/02/14 06:13:43.01,461787.4293,5633710.7431,2947186.6744
2024/02/14 06:13:44.01,461787.4417,5633710.7099,2947186.6579
2024/02/14 06:13:45.01,461787.4356,5633710.7169,2947186.6692
2024/02/14 06:13:46.01,461787.4376,5633710.6776,2947186.6558
2024/02/14 06:13:47.01,461787.4255,5633710.7544,2947186.6707
2024/02/14 06:13:48.01,461787.4399,5633710.7486,2947186.6731
2024/02/14 06:13:49.01,461787.4367,5633710.7689,2947186.6756
2024/02/14 06:13:50.01,461787.434,5633710.7459,2947186.6701
2024/02/14 06:13:51.01,461787.4333,5633710.7437,2947186.6657
2024/02/14 06:13:52.01,461787.4355,5633710.7366,2947186.669
2024/02/14 06:13:53.01,461787.4447,5633710.7608,2947186.6715
2024/02/14 06:13:54.01,461787.4504,5633710.6966,2947186.6574
2024/02/14 06:13:55.01,461787.4541,5633710.7784,2947186.6698
2024/02/14 06:13:56.01,461787.4504,5633710.7512,2947186.6642
2024/02/14 06:13:57.01,461787.4471,5633710.6721,2947186.6419
2024/02/14 06:13:58.01,461787.4445,5633710.7017,2947186.6559
2024/02/14 06:13:59.01,461787.4429,5633710.7021,2947186.6613
2024/02/14 06:14:00.01,461780.0538,5633683.5221,2947180.5472
2024/02/14 06:14:01.00,461787.445,5633710.7817,2947186.6744
2024/02/14 06:14:02.01,461787.4499,5633710.7334,2947186.6654
2024/02/14 06:14:03.01,461787.4162,5633710.6391,2947186.5315
2024/02/14 06:14:04.01,461787.3851,5633710.8648,2947186.3495
2024/02/14 06:14:05.01,461787.342,5633710.9322,2947185.9895
2024/02/14 06:14:06.01,461787.3085,5633711.1737,2947185.582
2024/02/14 06:14:07.01,461793.6152,5633707.5074,2947185.3373
2024/02/14 06:14:08.01,461787.0677,5633712.1208,2947184.3994
2024/02/14 06:14:09.01,461793.2945,5633708.409,2947183.4822
2024/02/14 06:14:10.01,461786.6461,5633713.1742,2947181.6667
2024/02/14 06:14:11.01,461786.4733,5633713.8362,2947180.1203
2024/02/14 06:14:12.01,461786.2458,5633714.7674,2947178.5658
2024/02/14 06:14:13.01,461786.0466,5633715.7476,2947176.3732
2024/02/14 06:14:14.01,461785.697,5633717.4043,2947173.7411
2024/02/14 06:14:15.01,461777.9137,5633691.8149,2947164.5388
2024/02/14 06:14:16.01,461784.9738,5633720.5849,2947167.2922
2024/02/14 06:14:17.01,461784.5899,5633722.344,2947163.9211
2024/02/14 06:14:18.01,461784.2298,5633724.0592,2947160.4155
2024/02/14 06:14:19.01,461783.7398,5633738.4658,2947155.7216
2024/02/14 06:14:20.01,461783.3564,5633728.9509,2947152.3503
2024/02/14 06:14:21.01,461782.9479,5633731.4011,2947147.718
2024/02/14 06:14:22.01,461782.5194,5633733.3885,2947142.6233
2024/02/14 06:14:23.01,461782.05,5633736.0474,2947137.6292
2024/02/14 06:14:24.01,461781.7074,5633738.5761,2947132.7733
2024/02/14 06:14:25.01,461781.4019,5633740.9189,2947128.0168
2024/02/14 06:14:26.01,461781.1168,5633743.3852,2947123.5171
2024/02/14 06:14:27.01,461780.8283,5633745.7085,2947118.9987
2024/02/14 06:14:28.01,461780.4105,5633747.8567,2947114.6592
2024/02/14 06:14:29.01,461779.9542,5633750.1706,2947110.508
2024/02/14 06:14:30.01,461779.3797,5633752.208,2947106.5707
2024/02/14 06:14:31.01,461778.6139,5633754.1969,2947102.8298
2024/02/14 06:14:32.01,461777.7023,5633756.1495,2947099.3706
2024/02/14 06:14:33.01,461776.7679,5633758.0442,2947095.9028
2024/02/14 06:14:34.01,461775.7907,5633760.0093,2947092.4434
2024/02/14 06:14:35.01,461774.9606,5633761.7988,2947088.9801
2024/02/14 06:14:36.01,461774.1905,5633763.5741,2947085.6744
2024/02/14 06:14:37.01,461773.5964,5633765.134,2947082.8319
2024/02/14 06:14:38.01,461773.2667,5633766.5103,2947080.2717
2024/02/14 06:14:39.01,461773.1473,5633767.7128,2947077.874
2024/02/14 06:14:40.01,461773.3636,5633768.9582,2947075.3639
2024/02/14 06:14:41.01,461774.3174,5633770.2405,2947072.7432
2024/02/14 06:14:42.01,461776.1015,5633771.3805,2947070.4875
2024/02/14 06:14:43.01,461778.581,5633772.2493,2947068.6238
2024/02/14 06:14:44.01,461781.8717,5633772.4874,2947067.2035
2024/02/14 06:14:45.01,461785.8274,5633772.275,2947066.7144
2024/02/14 06:14:46.01,461790.1441,5633771.7232,2947067.1749
2024/02/14 06:14:47.01,461794.5631,5633770.8193,2947068.1219
2024/02/14 06:14:48.01,461799.2635,5633769.5992,2947069.8187
2024/02/14 06:14:49.01,461804.112,5633768.2208,2947071.6771
2024/02/14 06:14:50.01,461808.7959,5633766.9716,2947073.4284
2024/02/14 06:14:51.01,461808.5139,5633793.4293,2947090.2673
2024/02/14 06:14:52.01,461814.3965,5633765.1846,2947075.0787
2024/02/14 06:14:53.01,461811.666,5633792.7104,2947091.1694
2024/02/14 06:14:54.01,461816.2829,5633764.7997,2947075.599
2024/02/14 06:14:55.01,461816.88,5633764.6242,2947075.7441
2024/02/14 06:14:56.01,461813.4088,5633792.6158,2947091.7205
2024/02/14 06:14:57.01,461810.5583,5633737.9916,2947070.1262
2024/02/14 06:14:58.01,461818.9234,5633764.1642,2947076.215
2024/02/14 06:14:59.01,461809.7997,5633808.3354,2947091.3308
2024/02/14 06:15:00.01,461818.4493,5633790.8473,2947092.7791
2024/02/14 06:15:01.00,461821.3085,5633790.4215,2947093.552
2024/02/14 06:15:02.01,461824.7776,5633789.7345,2947094.3682
2024/02/14 06:15:03.01,461828.4098,5633788.9792,2947095.2663
2024/02/14 06:15:04.01,461832.0217,5633788.3234,2947096.03
2024/02/14 06:15:05.01,461835.5822,5633787.624,2947096.7096
2024/02/14 06:15:06.01,461839.4613,5633786.9223,2947097.4521
2024/02/14 06:15:07.01,461843.8254,5633785.9397,2947098.3564
2024/02/14 06:15:08.01,461848.6619,5633785.0167,2947099.3942
2024/02/14 06:15:09.01,461853.9202,5633784.0428,2947100.5771
2024/02/14 06:15:10.01,461859.5962,5633782.9828,2947101.8361
2024/02/14 06:15:11.01,461865.5686,5633781.8319,2947103.2095
2024/02/14 06:15:12.01,461871.7684,5633780.542,2947104.598
2024/02/14 06:15:13.01,461878.1606,5633779.2765,2947106.0029
2024/02/14 06:15:14.01,461884.7255,5633777.8645,2947107.4099
2024/02/14 06:15:15.01,461891.3246,5633776.596,2947108.8349
2024/02/14 06:15:16.01,461897.464,5633775.2902,2947110.4134
2024/02/14 06:15:17.01,461902.6225,5633774.1985,2947111.7504
2024/02/14 06:15:18.01,461906.905,5633773.1279,2947112.7729
2024/02/14 06:15:19.01,461910.8518,5633772.4387,2947113.6681
2024/02/14 06:15:20.01,461914.6503,5633771.618,2947114.3523
2024/02/14 06:15:21.01,461911.6067,5633787.7206,2947114.0634
2024/02/14 06:15:22.01,461920.8832,5633771.1349,2947115.6767
2024/02/14 06:15:23.01,461923.5226,5633770.3346,2947116.1459
2024/02/14 06:15:24.01,461919.8632,5633786.0974,2947115.8087
2024/02/14 06:15:25.01,461924.1193,5633781.9087,2947116.4188
2024/02/14 06:15:26.01,461936.0448,5633752.8134,2947101.558
2024/02/14 06:15:27.01,461945.5077,5633778.9474,2947108.615
2024/02/14 06:15:28.01,461932.3076,5633779.5337,2947118.3923
2024/02/14 06:15:29.01,461944.677,5633738.8657,2947105.185
2024/02/14 06:15:33.01,461958.9202,5633752.1222,2947120.4472
2024/02/14 06:15:34.01,461964.3322,5633750.3832,2947122.6354
2024/02/14 06:15:35.01,461960.6804,5633724.3847,2947116.0024
2024/02/14 06:15:36.01,461966.5137,5633722.6696,2947118.3246
2024/02/14 06:15:37.01,461972.6014,5633720.871,2947120.6921
2024/02/14 06:15:38.01,461978.9878,5633718.4649,2947122.9405
2024/02/14 06:15:39.01,461985.4701,5633716.5308,2947125.4157
2024/02/14 06:15:40.01,461992.126,5633714.4442,2947127.9015
2024/02/14 06:15:41.01,461998.7753,5633712.7499,2947130.4085
2024/02/14 06:15:42.01,462013.5246,5633745.9322,2947138.3479
2024/02/14 06:15:43.01,462020.3717,5633743.8259,2947140.9855
2024/02/14 06:15:44.01,462028.5917,5633695.2342,2947138.0825
2024/02/14 06:15:45.01,462026.6207,5633705.3258,2947141.499
2024/02/14 06:15:46.01,462042.482,5633737.2871,2947149.7252
2024/02/14 06:15:47.01,462042.0333,5633700.6903,2947147.5434
2024/02/14 06:15:48.01,462058.4045,5633732.9137,2947155.7382
2024/02/14 06:15:49.01,462066.7673,5633730.5393,2947158.6703
2024/02/14 06:15:50.01,462075.235,5633728.088,2947161.8458
2024/02/14 06:15:51.01,462083.7829,5633725.4455,2947165.1384
2024/02/14 06:15:52.01,462087.4845,5633743.2507,2947185.206
2024/02/14 06:15:53.01,462095.9676,5633740.4297,2947188.5438
2024/02/14 06:15:54.01,462116.0042,5633701.9899,2947176.2277
2024/02/14 06:15:55.01,462124.4187,5633699.1568,2947179.4883
2024/02/14 06:15:56.01,462131.3506,5633700.9787,2947183.0827
2024/02/14 06:15:57.01,462151.8554,5633705.0283,2947175.6521
2024/02/14 06:15:58.01,462140.2496,5633658.1777,2947183.8732
2024/02/14 06:15:59.01,462156.2056,5633690.211,2947191.7125
2024/02/14 06:16:00.01,462163.3225,5633688.0525,2947194.5653
2024/02/14 06:16:01.00,462170.1657,5633686.0577,2947197.4794
2024/02/14 06:16:02.01,462175.253,5633688.4042,2947200.5775
2024/02/14 06:16:03.01,462181.1721,5633686.5742,2947202.8187
2024/02/14 06:16:04.01,462185.913,5633685.2456,2947204.6681
2024/02/14 06:16:05.01,462177.1152,5633657.7414,2947199.1353
2024/02/14 06:16:06.01,462179.6327,5633657.0721,2947200.2506
2024/02/14 06:16:07.01,462182.0789,5633656.3978,2947201.2511
2024/02/14 06:16:08.01,462184.4659,5633655.6092,2947202.0411
2024/02/14 06:16:09.01,462187.0746,5633654.9584,2947203.0785
2024/02/14 06:16:10.01,462190.1082,5633654.0461,2947204.2742
2024/02/14 06:16:11.01,462193.4701,5633652.8746,2947205.7423
2024/02/14 06:16:12.01,462197.0122,5633651.8178,2947207.4955
2024/02/14 06:16:13.01,462207.3649,5633646.4685,2947209.6651
2024/02/14 06:16:14.01,462211.6266,5633645.0249,2947211.6458
2024/02/14 06:16:15.01,462216.2899,5633643.6798,2947213.8247
2024/02/14 06:16:16.01,462221.2733,5633641.9469,2947216.1592
2024/02/14 06:16:17.01,462226.7583,5633640.3094,2947218.6533
2024/02/14 06:16:18.01,462232.6278,5633638.4059,2947221.2815
2024/02/14 06:16:19.01,462238.8418,5633636.3735,2947223.9722
2024/02/14 06:16:20.01,462245.2377,5633634.3553,2947226.7951
2024/02/14 06:16:21.01,462251.7959,5633632.3106,2947229.6751
2024/02/14 06:16:22.01,462258.4657,5633630.1524,2947232.6429
2024/02/14 06:16:23.01,462265.2544,5633628.0331,2947235.6732
2024/02/14 06:16:24.01,462272.0758,5633625.9513,2947238.6656
2024/02/14 06:16:25.01,462278.9252,5633612.193,2947242.5101
2024/02/14 06:16:26.01,462285.8886,5633621.653,2947244.4071
2024/02/14 06:16:27.01,462292.7651,5633619.7229,2947247.3295
2024/02/14 06:16:28.01,462293.1565,5633621.4246,2947249.8977
2024/02/14 06:16:29.01,462305.0074,5633661.9133,2947258.7338
2024/02/14 06:16:30.01,462306.0327,5633617.6039,2947255.3378
2024/02/14 06:16:31.01,462312.2168,5633615.745,2947257.9189
2024/02/14 06:16:32.01,462326.9097,5633647.378,2947265.6612
2024/02/14 06:16:33.01,462333.1607,5633645.4799,2947268.4251
2024/02/14 06:16:34.01,462331.152,5633609.5273,2947265.9958
2024/02/14 06:16:35.01,462345.8764,5633641.7124,2947273.9755
2024/02/14 06:16:36.01,462352.1956,5633640.1113,2947277.1141
2024/02/14 06:16:37.01,462357.3358,5633642.3293,2947280.5198
2024/02/14 06:16:38.01,462363.8701,5633640.0947,2947283.5267
2024/02/14 06:16:39.01,462375.7611,5633626.4041,2947287.8162
2024/02/14 06:16:40.01,462382.4858,5633624.541,2947290.7086
2024/02/14 06:16:41.01,462389.0421,5633622.84,2947293.5371
2024/02/14 06:16:42.01,462395.3584,5633621.2052,2947296.1068
2024/02/14 06:16:43.01,462401.1625,5633619.7654,2947298.4194
2024/02/14 06:16:44.01,462406.6695,5633618.5207,2947300.3928
2024/02/14 06:16:45.01,462411.8309,5633617.1574,2947302.1386
2024/02/14 06:16:46.01,462410.3807,5633631.6617,2947302.4498
2024/02/14 06:16:47.01,462414.8856,5633630.7955,2947303.762
2024/02/14 06:16:48.01,462418.8438,5633630.0622,2947304.8587
2024/02/14 06:16:49.01,462421.9069,5633629.3289,2947305.7275
2024/02/14 06:16:50.01,462423.8173,5633629.1317,2947306.3137
2024/02/14 06:16:51.01,462431.6935,5633613.1342,2947307.935
2024/02/14 06:16:52.01,462433.5476,5633612.8979,2947308.5457
2024/02/14 06:16:53.01,462435.9801,5633612.2864,2947309.1975
2024/02/14 06:16:54.01,462438.9484,5633611.4106,2947309.9143
2024/02/14 06:16:55.01,462442.1085,5633610.8474,2947310.8042
2024/02/14 06:16:56.01,462438.8151,5633626.3154,2947310.7909
2024/02/14 06:16:57.01,462436.1669,5633583.8499,2947306.2397
2024/02/14 06:16:58.01,462453.675,5633605.0368,2947313.3239
2024/02/14 06:16:59.01,462457.0778,5633604.2841,2947314.4425
2024/02/14 06:17:00.01,462460.4108,5633603.4986,2947315.5182
2024/02/14 06:17:01.00,462454.3846,5633614.729,2947316.9412
2024/02/14 06:17:02.01,462464.066,5633610.6165,2947318.2832
2024/02/14 06:17:03.01,462470.9396,5633601.4525,2947318.2554
2024/02/14 06:17:04.01,462467.4076,5633574.796,2947313.2073
2024/02/14 06:17:05.01,462471.1741,5633574.037,2947314.1609
2024/02/14 06:17:06.01,462480.4237,5633603.6576,2947321.3588
2024/02/14 06:17:07.01,462474.8345,5633630.9455,2947337.2333
2024/02/14 06:17:08.01,462488.3529,5633643.9434,2947328.0877
2024/02/14 06:17:09.01,462477.6017,5633538.25,2947312.6114
2024/02/14 06:17:10.01,462482.1066,5633537.4863,2947313.6973
2024/02/14 06:17:11.01,462501.4515,5633641.5439,2947331.1523
2024/02/14 06:17:12.01,462490.3416,5633535.8665,2947315.68
2024/02/14 06:17:13.01,462502.7224,5633568.9196,2947321.932
2024/02/14 06:17:14.01,462507.0826,5633568.0325,2947323.1661
2024/02/14 06:17:15.01,462503.4852,5633533.1442,2947319.4092
2024/02/14 06:17:16.01,462516.9152,5633565.8725,2947326.1499
2024/02/14 06:17:17.01,462530.0939,5633589.7251,2947333.4416
2024/02/14 06:17:18.01,462529.9613,5633599.8325,2947333.9938
2024/02/14 06:17:19.01,462533.2616,5633561.312,2947331.0935
2024/02/14 06:17:20.01,462538.68,5633560.0577,2947332.855
2024/02/14 06:17:21.01,462550.7314,5633630.6139,2947346.1502
2024/02/14 06:17:22.01,462551.8958,5633594.5329,2947340.8619
2024/02/14 06:17:23.01,462562.1523,5633627.9577,2947349.4666
2024/02/14 06:17:24.01,462569.0729,5633580.5687,2947345.4099
2024/02/14 06:17:25.01,462572.9553,5633541.7697,2947342.3811
2024/02/14 06:17:26.01,462573.0632,5633552.0191,2947343.1204
2024/02/14 06:17:28.01,462582.5083,5633541.5199,2947347.8847
2024/02/14 06:17:29.01,462587.6346,5633540.118,2947349.7176
2024/02/14 06:17:30.01,462593.5525,5633546.262,2947350.1973
2024/02/14 06:17:31.01,462597.1565,5633533.4387,2947352.5171
2024/02/14 06:17:32.01,462599.999,5633532.6346,2947353.6531
2024/02/14 06:17:33.01,462602.1732,5633531.8609,2947354.4858
2024/02/14 06:17:34.01,462616.3848,5633548.3455,2947343.4228
2024/02/14 06:17:35.01,462618.0967,5633547.7334,2947343.9813
2024/02/14 06:17:36.01,462612.9927,5633571.7816,2947362.0396
2024/02/14 06:17:37.01,462607.4263,5633534.0509,2947357.7616
2024/02/14 06:17:38.01,462616.6035,5633570.7623,2947363.8423
2024/02/14 06:17:39.01,462618.443,5633569.9593,2947364.7936
2024/02/14 06:17:40.01,462620.3327,5633569.1647,2947365.8275
2024/02/14 06:17:41.01,462622.5134,5633568.4743,2947366.9076
2024/02/14 06:17:42.01,462618.7954,5633537.6611,2947361.5883
2024/02/14 06:17:43.01,462621.0578,5633537.0897,2947362.8131
2024/02/14 06:17:44.01,462616.7475,5633540.2727,2947363.4646
2024/02/14 06:17:45.01,462625.0285,5633535.4957,2947364.6365
2024/02/14 06:17:46.01,462626.2071,5633534.9009,2947365.1725
2024/02/14 06:17:47.01,462634.514,5633560.5782,2947371.3448
2024/02/14 06:17:48.01,462634.6835,5633560.4922,2947371.4285
2024/02/14 06:17:49.01,462634.6951,5633560.4836,2947371.4287
2024/02/14 06:17:50.01,462634.7991,5633560.4009,2947371.4247
2024/02/14 06:17:51.01,462634.9924,5633560.3148,2947371.5325
2024/02/14 06:17:52.01,462635.2881,5633560.2171,2947371.6872
2024/02/14 06:17:53.01,462635.4918,5633560.1146,2947371.7501
2024/02/14 06:17:54.01,462635.4766,5633560.0655,2947371.7432
2024/02/14 06:17:55.01,462635.4744,5633560.1081,2947371.7518
2024/02/14 06:17:56.01,462635.4756,5633560.1583,2947371.7652
2024/02/14 06:17:57.01,462621.3912,5633538.5818,2947365.6624
2024/02/14 06:17:58.01,462635.5019,5633560.0707,2947371.7352
2024/02/14 06:17:59.01,462635.495,5633560.0972,2947371.7522
2024/02/14 06:18:00.01,462627.819,5633534.4852,2947365.9085
2024/02/14 06:18:01.00,462635.4983,5633560.0782,2947371.7398
2024/02/14 06:18:02.01,462627.8121,5633534.433,2947365.8917
2024/02/14 06:18:03.01,462635.4891,5633560.0816,2947371.7453
2024/02/14 06:18:04.01,462635.4825,5633560.0908,2947371.7479
2024/02/14 06:18:05.01,462635.4906,5633560.0833,2947371.742
2024/02/14 06:18:06.01,462627.7989,5633534.4672,2947365.9015
2024/02/14 06:18:07.01,462635.4796,5633560.1147,2947371.7567
2024/02/14 06:18:08.01,462635.4922,5633560.0706,2947371.7417
2024/02/14 06:18:09.01,462627.797,5633534.4871,2947365.9083
2024/02/14 06:18:10.01,462627.7991,5633534.5179,2947365.9144
2024/02/14 06:18:11.01,462627.7252,5633523.0845,2947366.8355
2024/02/14 06:18:12.01,462627.7995,5633534.5429,2947365.9168
2024/02/14 06:18:13.01,462627.7206,5633523.079,2947366.8286
2024/02/14 06:18:14.01,462627.8021,5633534.5442,2947365.9193
2024/02/14 06:18:15.01,462627.7171,5633523.0983,2947366.8341
2024/02/14 06:18:16.01,462635.5191,5633560.0044,2947371.7121
2024/02/14 06:18:17.01,462627.848,5633534.5368,2947365.9467
2024/02/14 06:18:18.01,462635.7116,5633559.9985,2947371.8395
2024/02/14 06:18:19.01,462635.996,5633559.9328,2947371.9759
2024/02/14 06:18:20.01,462636.3852,5633559.8614,2947372.1977
2024/02/14 06:18:21.01,462636.9733,5633559.6937,2947372.4455
2024/02/14 06:18:22.01,462637.6388,5633559.2621,2947372.748
2024/02/14 06:18:23.01,462638.3143,5633559.0805,2947373.1032
2024/02/14 06:18:24.01,462638.8547,5633558.7888,2947373.2551
2024/02/14 06:18:25.01,462638.9014,5633558.9,2947373.4114
2024/02/14 06:18:26.01,462638.911,5633558.9355,2947373.4142
2024/02/14 06:18:27.01,462638.8936,5633558.9765,2947373.4352
2024/02/14 06:18:28.01,462638.9378,5633558.8454,2947373.4125
2024/02/14 06:18:29.01,462639.055,5633558.8378,2947373.4825
2024/02/14 06:18:30.01,462631.6268,5633533.2462,2947367.7613
2024/02/14 06:18:31.01,462639.7135,5633558.3924,2947373.6851
2024/02/14 06:18:32.01,462640.0568,5633558.3152,2947373.9878
2024/02/14 06:18:33.01,462640.6483,5633558.0235,2947374.2389
2024/02/14 06:18:34.01,462641.2378,5633557.8852,2947374.6058
2024/02/14 06:18:35.01,462641.9374,5633557.5276,2947374.96
2024/02/14 06:18:36.01,462635.0732,5633531.7891,2947369.6971
2024/02/14 06:18:37.01,462642.4632,5633560.7586,2947376.7256
2024/02/14 06:18:38.01,462643.9432,5633560.1461,2947377.3857
2024/02/14 06:18:39.01,462645.21,5633559.6717,2947378.1966
2024/02/14 06:18:40.01,462646.4662,5633559.0743,2947378.963
2024/02/14 06:18:41.01,462649.1487,5633554.6643,2947379.4322
2024/02/14 06:18:42.01,462649.0244,5633558.0608,2947380.4972
2024/02/14 06:18:43.01,462650.2905,5633557.5712,2947381.2411
2024/02/14 06:18:44.01,462651.7516,5633556.9378,2947381.8985
2024/02/14 06:18:45.01,462653.2413,5633556.3385,2947382.7471
2024/02/14 06:18:46.01,462654.934,5633555.5251,2947383.702
2024/02/14 06:18:47.01,462656.7272,5633554.8598,2947384.7391
2024/02/14 06:18:49.01,462660.7201,5633549.7044,2947386.0632
2024/02/14 06:18:50.01,462660.4995,5633552.9443,2947386.7221
2024/02/14 06:18:51.01,462661.053,5633552.8325,2947387.3352
2024/02/14 06:18:52.01,462662.1713,5633552.3197,2947387.7489
2024/02/14 06:18:53.01,462658.4016,5633554.3687,2947390.9765
2024/02/14 06:18:54.01,462666.0564,5633519.4488,2947377.7294
2024/02/14 06:18:55.01,462651.739,5633552.3302,2947395.5292
2024/02/14 06:18:56.01,462666.5584,5633551.2648,2947388.479
2024/02/14 06:19:01.00,462672.6651,5633542.1457,2947394.5391
2024/02/14 06:19:02.01,462674.7675,5633531.558,2947396.7198
2024/02/14 06:19:03.01,462678.0821,5633535.2683,2947391.8007
2024/02/14 06:19:04.01,462677.1648,5633499.4435,2947386.7526
2024/02/14 06:19:05.01,462688.864,5633535.027,2947394.0526
2024/02/14 06:19:06.01,462685.4481,5633496.5392,2947391.7093
2024/02/14 06:19:07.01,462704.2915,5633515.731,2947400.4339
2024/02/14 06:19:08.01,462695.239,5633492.8062,2947396.9453
2024/02/14 06:19:09.01,462700.1107,5633490.9444,2947399.6297
2024/02/14 06:19:10.01,462704.9352,5633489.2107,2947402.1188
2024/02/14 06:19:11.01,462709.6122,5633487.3908,2947404.5492
2024/02/14 06:19:12.01,462714.1401,5633485.5792,2947407.0236
2024/02/14 06:19:13.01,462718.6847,5633483.839,2947409.6865
2024/02/14 06:19:14.01,462723.4026,5633481.9991,2947412.2524
2024/02/14 06:19:15.01,462727.9955,5633480.2886,2947414.6948
2024/02/14 06:19:16.01,462732.4481,5633478.6952,2947417.0518
2024/02/14 06:19:17.01,462736.7402,5633477.0204,2947419.2681
2024/02/14 06:19:18.01,462740.8589,5633475.6285,2947421.3862
2024/02/14 06:19:19.01,462744.6908,5633474.2929,2947423.3568
2024/02/14 06:19:20.01,462748.1422,5633472.998,2947425.1338
2024/02/14 06:19:21.01,462751.38,5633471.8349,2947426.7879
2024/02/14 06:19:22.01,462754.6684,5633470.6196,2947428.4307
2024/02/14 06:19:23.01,462758.1384,5633469.4329,2947430.1082
2024/02/14 06:19:24.01,462761.5986,5633468.3566,2947431.7327
2024/02/14 06:19:25.01,462764.2841,5633467.4484,2947432.977
2024/02/14 06:19:26.01,462766.4506,5633466.6646,2947434.0507
2024/02/14 06:19:27.01,462768.3257,5633466.0382,2947435.0733
2024/02/14 06:19:28.01,462770.1791,5633465.361,2947436.0576
2024/02/14 06:19:29.01,462771.9681,5633464.6037,2947437.0045
2024/02/14 06:19:30.01,462773.8975,5633463.9787,2947437.9667
2024/02/14 06:19:31.01,462776.086,5633463.2538,2947439.0454
2024/02/14 06:19:32.01,462778.5979,5633462.3684,2947440.2027
2024/02/14 06:19:33.01,462781.3062,5633461.5625,2947441.4179
2024/02/14 06:19:34.01,462784.1574,5633460.6056,2947442.652
2024/02/14 06:19:35.01,462787.0625,5633459.7468,2947443.883
2024/02/14 06:19:36.01,462789.7895,5633459.0391,2947444.9704
2024/02/14 06:19:37.01,462791.9302,5633458.3121,2947445.7512
2024/02/14 06:19:38.01,462793.5236,5633457.8173,2947446.4788
2024/02/14 06:19:39.01,462795.0287,5633457.3838,2947447.1483
2024/02/14 06:19:40.01,462796.511,5633456.8417,2947447.8135
2024/02/14 06:19:41.01,462798.243,5633456.3015,2947448.5816
2024/02/14 06:19:42.01,462800.6587,5633455.4712,2947449.5547
2024/02/14 06:19:43.01,462803.5082,5633454.6395,2947450.7086
2024/02/14 06:19:44.01,462817.7283,5633471.6315,2947459.6788
2024/02/14 06:19:45.01,462814.8358,5633485.8873,2947459.7443
2024/02/14 06:19:46.01,462821.6867,5633487.7082,2947459.0922
2024/02/14 06:19:47.01,462825.3186,5633486.7745,2947460.2171
2024/02/14 06:19:48.01,462827.1206,5633434.9328,2947457.8844
2024/02/14 06:19:49.01,462830.6629,5633434.1176,2947458.9674
2024/02/14 06:19:50.01,462833.9761,5633433.1679,2947459.9195
2024/02/14 06:19:51.01,462837.0882,5633432.504,2947460.8409
2024/02/14 06:19:52.01,462839.9478,5633431.7463,2947461.6496
2024/02/14 06:19:53.01,462842.5773,5633431.0967,2947462.4365
2024/02/14 06:19:54.01,462844.931,5633430.3984,2947463.1336
2024/02/14 06:19:55.01,462846.9474,5633429.8743,2947463.791
2024/02/14 06:19:56.01,462846.8532,5633477.5387,2947469.6108
2024/02/14 06:19:57.01,462849.3453,5633429.1965,2947464.7441
2024/02/14 06:19:58.01,462848.9683,5633476.8919,2947470.4187
2024/02/14 06:19:59.01,462851.7745,5633428.444,2947465.5759
2024/02/14 06:20:00.01,462852.1911,5633475.99,2947471.5464
2024/02/14 06:20:01.00,462854.5442,5633475.3953,2947472.3057
2024/02/14 06:20:02.01,462858.1759,5633426.8122,2947467.5732
2024/02/14 06:20:03.01,462860.0918,5633426.3842,2947468.1223
2024/02/14 06:20:04.01,462864.0326,5633476.5113,2947472.0905
2024/02/14 06:20:05.01,462864.5583,5633425.3315,2947469.3074
2024/02/14 06:20:06.01,462866.5713,5633424.9379,2947469.8052
2024/02/14 06:20:07.01,462870.1522,5633475.0533,2947473.6491
2024/02/14 06:20:08.01,462870.1328,5633424.0855,2947470.6537
2024/02/14 06:20:09.01,462873.6169,5633474.3972,2947474.4688
2024/02/14 06:20:10.01,462873.6333,5633423.3213,2947471.4888
2024/02/14 06:20:11.01,462877.2192,5633473.6112,2947475.3342
2024/02/14 06:20:12.01,462877.2752,5633422.4211,2947472.4009
2024/02/14 06:20:13.01,462879.1914,5633421.923,2947472.8433
2024/02/14 06:20:14.01,462880.9636,5633421.5223,2947473.3039
2024/02/14 06:20:15.01,462881.8347,5633421.3639,2947473.4841
2024/02/14 06:20:16.01,462881.8766,5633421.4108,2947473.5002
2024/02/14 06:20:17.01,462881.9893,5633421.3399,2947473.5204
2024/02/14 06:20:18.01,462882.498,5633421.2741,2947473.6288
2024/02/14 06:20:19.01,462883.1478,5633421.0977,2947473.786
2024/02/14 06:20:20.01,462883.9166,5633420.9602,2947473.9152
2024/02/14 06:20:21.01,462884.4102,5633420.8092,2947473.9947
2024/02/14 06:20:22.01,462884.4184,5633420.8275,2947473.9974
2024/02/14 06:20:23.01,462884.415,5633420.8104,2947473.9926
2024/02/14 06:20:24.01,462884.4121,5633420.8116,2947473.9965
2024/02/14 06:20:25.01,462884.4156,5633420.8153,2947473.9991
2024/02/14 06:20:26.01,462884.411,5633420.8172,2947473.9961
2024/02/14 06:20:27.01,462884.4111,5633420.8087,2947473.9931
2024/02/14 06:20:28.01,462884.4137,5633420.8428,2947473.9967
2024/02/14 06:20:29.01,462884.4167,5633420.8675,2947473.9979
2024/02/14 06:20:30.01,462884.4131,5633420.814,2947473.9883
2024/02/14 06:20:31.01,462884.4105,5633420.8665,2947474.0055
2024/02/14 06:20:32.01,462884.4184,5633420.8433,2947473.9935
2024/02/14 06:20:33.01,462884.4175,5633420.8428,2947473.9868
2024/02/14 06:20:34.01,462884.4238,5633420.8502,2947473.9918
2024/02/14 06:20:35.01,462884.5706,5633420.8602,2947474.0332
2024/02/14 06:20:36.01,462884.9178,5633420.8266,2947474.1074
2024/02/14 06:20:37.01,462885.554,5633420.7056,2947474.2257
2024/02/14 06:20:38.01,462886.4856,5633420.6685,2947474.3939
2024/02/14 06:20:39.01,462887.4231,5633420.5027,2947474.578
2024/02/14 06:20:40.01,462887.7644,5633420.4128,2947474.6437
2024/02/14 06:20:41.01,462887.7725,5633420.4171,2947474.6394
2024/02/14 06:20:42.01,462887.7721,5633420.4013,2947474.64
2024/02/14 06:20:43.01,462887.7726,5633420.4127,2947474.6342
2024/02/14 06:20:44.01,462887.7701,5633420.4496,2947474.6487
2024/02/14 06:20:45.01,462887.7744,5633420.4871,2947474.6476
2024/02/14 06:20:46.01,462887.7672,5633420.3945,2947474.6333
2024/02/14 06:20:47.01,462887.7703,5633420.4528,2947474.6399
2024/02/14 06:20:48.01,462887.7649,5633420.4506,2947474.6368
2024/02/14 06:20:49.01,462887.7684,5633420.4827,2947474.643
2024/02/14 06:20:50.01,462887.7709,5633420.4663,2947474.634
2024/02/14 06:20:51.01,462887.77,5633420.4638,2947474.6382
2024/02/14 06:20:52.01,462887.7769,5633420.4765,2947474.6425
2024/02/14 06:20:53.01,462887.7648,5633420.4469,2947474.6352
2024/02/14 06:20:54.01,462887.7665,5633420.4736,2947474.6365
2024/02/14 06:20:55.01,462887.7719,5633420.4925,2947474.6322
2024/02/14 06:20:56.01,462887.7732,5633420.4443,2947474.6292
2024/02/14 06:20:57.01,462887.7685,5633420.4661,2947474.6315
2024/02/14 06:20:58.01,462887.7669,5633420.4796,2947474.6314
2024/02/14 06:20:59.01,462887.7759,5633420.491,2947474.6305
2024/02/14 06:21:00.01,462887.7744,5633420.469,2947474.6204
2024/02/14 06:21:01.00,462887.7725,5633420.5168,2947474.6428
2024/02/14 06:21:02.01,462887.7728,5633420.5158,2947474.6327
2024/02/14 06:21:03.01,462887.7651,5633420.5064,2947474.6337
2024/02/14 06:21:04.01,462887.7713,5633420.5403,2947474.641
2024/02/14 06:21:05.01,462887.7733,5633420.5095,2947474.6291
2024/02/14 06:21:06.01,462887.765,5633420.5183,2947474.6242
2024/02/14 06:21:07.01,462887.7773,5633420.5176,2947474.6291
2024/02/14 06:21:08.01,462887.7747,5633420.5235,2947474.632
2024/02/14 06:21:09.01,462887.7679,5633420.5048,2947474.6252
2024/02/14 06:21:10.01,462887.7665,5633420.5005,2947474.6221
2024/02/14 06:21:11.01,462887.7739,5633420.5231,2947474.6235
2024/02/14 06:21:12.01,462887.7712,5633420.511,2947474.6208
2024/02/14 06:21:13.01,462887.7703,5633420.5494,2947474.6262
2024/02/14 06:21:14.01,462887.7696,5633420.5428,2947474.6288
2024/02/14 06:21:15.01,462887.7723,5633420.5241,2947474.6198
2024/02/14 06:21:16.01,462887.7999,5633420.5346,2947474.6225
2024/02/14 06:21:17.01,462888.0863,5633420.4948,2947474.7066
2024/02/14 06:21:18.01,462888.9408,5633420.254,2947474.8524
2024/02/14 06:21:19.01,462890.3704,5633420.0543,2947475.1597
2024/02/14 06:21:20.01,462891.9521,5633419.6943,2947475.4785
2024/02/14 06:21:21.01,462893.6749,5633419.4151,2947475.8388
2024/02/14 06:21:22.01,462895.784,5633419.2258,2947476.3291
2024/02/14 06:21:23.01,462898.1603,5633418.5667,2947476.8004
2024/02/14 06:21:24.01,462900.7894,5633418.1684,2947477.3223
2024/02/14 06:21:25.01,462903.3341,5633417.7004,2947477.8255
2024/02/14 06:21:26.01,462905.623,5633417.3525,2947478.2675
2024/02/14 06:21:27.01,462907.8721,5633417.0381,2947478.612
2024/02/14 06:21:28.01,462910.3784,5633416.5978,2947479.0162
2024/02/14 06:21:29.01,462913.2141,5633416.1902,2947479.6101
2024/02/14 06:21:30.01,462916.1164,5633415.5738,2947480.2681
2024/02/14 06:21:31.01,462919.0881,5633414.9055,2947480.9931
2024/02/14 06:21:32.01,462922.2447,5633414.2467,2947481.8063
2024/02/14 06:21:33.01,462925.5458,5633413.6454,2947482.6776
2024/02/14 06:21:34.01,462928.9216,5633412.8763,2947483.5185
2024/02/14 06:21:35.01,462932.3912,5633412.1957,2947484.387
2024/02/14 06:21:36.01,462936.0436,5633411.4275,2947485.2084
2024/02/14 06:21:37.01,462939.7895,5633410.707,2947486.0503
2024/02/14 06:21:38.01,462943.4689,5633409.9498,2947486.8442
2024/02/14 06:21:39.01,462946.9424,5633409.3337,2947487.5715
2024/02/14 06:21:40.01,462950.1527,5633408.7017,2947488.2161
2024/02/14 06:21:41.01,462952.9864,5633408.1452,2947488.8286
2024/02/14 06:21:42.01,462955.5282,5633407.6769,2947489.3614
2024/02/14 06:21:43.01,462957.7937,5633407.2169,2947489.8118
2024/02/14 06:21:44.01,462959.792,5633406.8908,2947490.1868
2024/02/14 06:21:45.01,462961.5882,5633406.4169,2947490.5332
2024/02/14 06:21:46.01,462963.2981,5633406.0751,2947490.9047
2024/02/14 06:21:47.01,462965.0163,5633405.7362,2947491.3056
2024/02/14 06:21:48.01,462966.7199,5633405.3465,2947491.6855
2024/02/14 06:21:49.01,462968.3688,5633405.0499,2947492.0922
2024/02/14 06:21:50.01,462970.0239,5633404.6787,2947492.4445
2024/02/14 06:21:51.01,462971.4142,5633404.3751,2947492.715
2024/02/14 06:21:52.01,462972.5396,5633404.189,2947492.9356
2024/02/14 06:21:53.01,462973.5569,5633403.9469,2947493.1303
2024/02/14 06:21:54.01,462974.37,5633403.7776,2947493.2869
2024/02/14 06:21:55.01,462975.1601,5633403.6639,2947493.4257
2024/02/14 06:21:56.01,462976.0284,5633403.408,2947493.5632
2024/02/14 06:21:57.01,462976.9755,5633403.3103,2947493.7346
2024/02/14 06:21:58.01,462977.7802,5633403.1689,2947493.8982
2024/02/14 06:21:59.01,462978.5176,5633403.0096,2947494.0063
2024/02/14 06:22:00.01,462979.3202,5633402.9325,2947494.1965
2024/02/14 06:22:01.00,462980.0909,5633402.7121,2947494.3595
2024/02/14 06:22:02.01,462974.1375,5633407.3786,2947494.543
2024/02/14 06:22:03.01,462981.3899,5633402.4734,2947494.7176
2024/02/14 06:22:04.01,462981.8938,5633402.2487,2947494.8169
2024/02/14 06:22:05.01,462982.4626,5633413.3176,2947494.0837
2024/02/14 06:22:06.01,462976.1365,5633406.7069,2947495.0887
2024/02/14 06:22:07.01,462983.2377,5633401.7433,2947495.2077
2024/02/14 06:22:08.01,462983.6106,5633401.6993,2947495.365
2024/02/14 06:22:09.01,462983.9229,5633401.8926,2947495.5333
2024/02/14 06:22:10.01,462984.2529,5633401.6831,2947495.6452
2024/02/14 06:22:11.01,462984.7026,5633401.4135,2947495.8006
2024/02/14 06:22:12.01,462986.847,5633440.092,2947500.2941
2024/02/14 06:22:13.01,462983.9285,5633437.3631,2947502.2425
2024/02/14 06:22:14.01,462982.8557,5633410.1292,2947497.3933
2024/02/14 06:22:15.01,462981.6007,5633446.376,2947503.6761
2024/02/14 06:22:16.01,462988.4007,5633499.9722,2947522.8883
2024/02/14 06:22:17.01,462988.4081,5633499.8903,2947522.8687
2024/02/14 06:22:18.01,462988.4022,5633499.8616,2947522.8664
2024/02/14 06:22:19.01,462988.4015,5633499.9005,2947522.8732
2024/02/14 06:22:20.01,462988.4029,5633499.8742,2947522.8777
2024/02/14 06:22:21.01,462988.4091,5633499.9178,2947522.8829
2024/02/14 06:22:22.01,462988.4067,5633499.8813,2947522.8751
2024/02/14 06:22:23.01,462988.41,5633499.9169,2947522.8867
2024/02/14 06:22:24.01,462988.3912,5633499.9,2947522.8846
2024/02/14 06:22:25.01,462988.4437,5633499.7991,2947522.8764
2024/02/14 06:22:26.01,462979.4815,5633469.3383,2947518.4149
2024/02/14 06:22:27.01,462984.5764,5633500.8354,2947524.6142
2024/02/14 06:22:28.01,462979.4768,5633469.297,2947518.3984
2024/02/14 06:22:29.01,462979.4915,5633469.3215,2947518.4061
2024/02/14 06:22:30.01,462979.6494,5633469.3151,2947518.4793
2024/02/14 06:22:31.01,462988.3857,5633503.311,2947522.8523
2024/02/14 06:22:32.01,462989.7989,5633499.7117,2947523.1129
2024/02/14 06:22:33.01,462988.6128,5633410.2253,2947492.8431
2024/02/14 06:22:34.01,462988.9123,5633500.1753,2947525.3615
2024/02/14 06:22:35.01,462986.5538,5633467.8741,2947519.5319
2024/02/14 06:22:36.01,462995.1052,5633499.0344,2947526.3462
2024/02/14 06:22:37.01,462993.5963,5633466.721,2947520.671
2024/02/14 06:22:38.01,462994.0075,5633463.4608,2947523.2244
2024/02/14 06:22:39.01,462998.1363,5633462.3372,2947523.9337
2024/02/14 06:22:40.01,463004.6673,5633468.0053,2947523.4773
2024/02/14 06:22:41.01,463035.4187,5633426.688,2947502.699
2024/02/14 06:22:42.01,463041.4573,5633425.0537,2947504.0287
2024/02/14 06:22:43.01,463047.6232,5633423.7479,2947505.7203
2024/02/14 06:22:44.01,463026.8696,5633456.035,2947531.0135
2024/02/14 06:22:45.01,463036.7975,5633457.0288,2947530.821
2024/02/14 06:22:46.01,463040.0291,5633453.0157,2947534.457
2024/02/14 06:22:47.01,463049.8204,5633454.1322,2947534.071
2024/02/14 06:22:48.01,463052.8961,5633450.3449,2947537.2865
2024/02/14 06:22:49.01,463060.4682,5633455.5806,2947537.1972
2024/02/14 06:22:50.01,463073.5067,5633349.4948,2947507.1903
2024/02/14 06:22:51.01,463077.8148,5633477.4216,2947544.6496
2024/02/14 06:22:52.01,463073.7312,5633452.8194,2947540.1105
2024/02/14 06:22:53.01,463077.4305,5633452.1759,2947541.0278
2024/02/14 06:22:54.01,463080.5392,5633451.4336,2947541.7643
2024/02/14 06:22:55.01,463082.9055,5633450.8151,2947542.4533
2024/02/14 06:22:56.01,463092.935,5633474.2119,2947548.6876
2024/02/14 06:22:57.01,463086.7337,5633449.885,2947543.6633
2024/02/14 06:22:58.01,463086.0888,5633442.9829,2947545.7363
2024/02/14 06:22:59.01,463086.9483,5633442.87,2947546.1596
2024/02/14 06:23:00.01,463087.3484,5633442.6195,2947546.4309
2024/02/14 06:23:01.00,463077.9671,5633412.161,2947542.3826
2024/02/14 06:23:02.01,463110.1257,5633418.9245,2947521.4215
2024/02/14 06:23:03.01,463109.0791,5633422.6749,2947522.0809
2024/02/14 06:23:04.01,463109.5241,5633422.3816,2947522.3547
2024/02/14 06:23:05.01,463087.3977,5633445.7112,2947547.9914
2024/02/14 06:23:06.01,463087.6259,5633445.4758,2947548.3206
2024/02/14 06:23:07.01,463087.8604,5633445.5912,2947548.3918
2024/02/14 06:23:08.01,463087.8548,5633445.5673,2947548.3969
2024/02/14 06:23:09.01,463087.8511,5633445.565,2947548.3923
2024/02/14 06:23:10.01,463087.8928,5633445.6103,2947548.415
2024/02/14 06:23:11.01,463087.9933,5633445.3956,2947548.5866
2024/02/14 06:23:12.01,463088.2517,5633445.3091,2947548.8292
2024/02/14 06:23:13.01,463088.4441,5633445.2169,2947549.0369
2024/02/14 06:23:15.01,463089.265,5633444.5009,2947550.0289
2024/02/14 06:23:16.01,463089.9264,5633443.7281,2947551.2277
2024/02/14 06:23:17.01,463090.3109,5633442.8602,2947552.769
2024/02/14 06:23:18.01,463103.197,5633474.6482,2947556.6938
2024/02/14 06:23:19.01,463103.357,5633387.3958,2947526.3995
2024/02/14 06:23:20.01,463098.3747,5633432.4658,2947557.1951
2024/02/14 06:23:21.01,463097.8607,5633431.7623,2947558.7153
2024/02/14 06:23:22.01,463097.5638,5633430.8961,2947560.1183
2024/02/14 06:23:23.01,463097.1845,5633430.1912,2947561.5309
2024/02/14 06:23:24.01,463096.7194,5633429.4958,2947562.9734
2024/02/14 06:23:25.01,463089.9219,5633432.6305,2947563.761
2024/02/14 06:23:26.01,463089.5794,5633432.0492,2947565.1219
2024/02/14 06:23:27.01,463103.3947,5633451.2812,2947572.6268
2024/02/14 06:23:28.01,463099.0695,5633370.2279,2947541.0443
2024/02/14 06:23:29.01,463098.0397,5633368.8359,2947543.4567
2024/02/14 06:23:30.01,463094.2143,5633460.905,2947578.3223
2024/02/14 06:23:31.01,463094.9236,5633366.0499,2947549.2401
2024/02/14 06:23:32.01,463095.6661,5633418.9604,2947573.0341
2024/02/14 06:23:34.01,463090.3399,5633415.909,2947579.5325
2024/02/14 06:23:37.01,463077.8096,5633409.3564,2947586.0595
2024/02/14 06:23:38.01,463080.2783,5633425.4671,2947599.2657
2024/02/14 06:23:39.01,463075.9898,5633423.8064,2947603.3968
2024/02/14 06:23:40.01,463059.4429,5633388.7372,2947593.6858
2024/02/14 06:23:41.01,463057.9437,5633393.8955,2947597.8622
2024/02/14 06:23:42.01,463063.0112,5633407.9741,2947610.5253
2024/02/14 06:23:43.01,463052.9493,5633378.3855,2947599.69
2024/02/14 06:23:44.01,463060.5444,5633407.152,2947612.9847
2024/02/14 06:23:45.01,463051.1946,5633377.7462,2947601.4566
2024/02/14 06:23:46.01,463052.0248,5633388.3502,2947605.3781
2024/02/14 06:23:48.01,463048.0819,5633389.4531,2947606.7895
2024/02/14 06:23:49.01,463046.1982,5633389.0668,2947608.5779
2024/02/14 06:23:50.01,463043.8371,5633388.2173,2947610.707
2024/02/14 06:23:51.01,463041.1024,5633387.1292,2947613.3949
2024/02/14 06:23:52.01,463035.4422,5633378.8923,2947615.576
2024/02/14 06:23:53.01,463034.9609,5633384.2876,2947619.0825
2024/02/14 06:23:54.01,463033.7767,5633394.5774,2947624.9423
2024/02/14 06:23:55.01,463027.7515,5633368.4627,2947622.2229
2024/02/14 06:23:56.01,463022.1439,5633373.7966,2947627.5376
2024/02/14 06:23:57.01,463021.4128,5633376.5353,2947632.432
2024/02/14 06:23:58.01,463014.5753,5633363.754,2947633.395
2024/02/14 06:23:59.01,463005.5599,5633357.6698,2947636.485
2024/02/14 06:24:00.01,463005.2743,5633386.9753,2947647.1393
2024/02/14 06:24:01.00,462996.7477,5633364.815,2947648.7153
2024/02/14 06:24:02.01,462997.3113,5633389.8375,2947657.1856
2024/02/14 06:24:03.01,462989.889,5633369.7914,2947663.6717
2024/02/14 06:24:04.01,462991.2148,5633381.578,2947673.2078
2024/02/14 06:24:05.01,462977.6208,5633366.1062,2947668.7078
2024/02/14 06:24:06.01,462970.1467,5633355.2479,2947670.7667
2024/02/14 06:24:07.01,462974.9446,5633362.4695,2947682.6887
2024/02/14 06:24:08.01,462963.4746,5633358.6311,2947679.2872
2024/02/14 06:24:09.01,462959.4411,5633357.4669,2947683.2883
2024/02/14 06:24:10.01,462952.4245,5633346.311,2947683.0465
2024/02/14 06:24:11.01,462951.631,5633353.7023,2947690.1874
2024/02/14 06:24:12.01,462944.2614,5633334.4026,2947689.5695
2024/02/14 06:24:13.01,462943.3737,5633342.0345,2947692.7915
2024/02/14 06:24:14.01,462944.4575,5633349.6178,2947699.6307
2024/02/14 06:24:17.01,462938.4092,5633354.1138,2947716.1192
2024/02/14 06:24:18.01,462935.3842,5633358.188,2947722.1937
2024/02/14 06:24:19.01,462934.0769,5633356.3405,2947726.9183
2024/02/14 06:24:20.01,462937.5032,5633356.8254,2947734.0478
2024/02/14 06:24:21.01,462941.5959,5633333.4027,2947733.2136
2024/02/14 06:24:22.01,462940.8797,5633340.9296,2947737.1512
2024/02/14 06:24:23.01,462939.4596,5633328.3627,2947743.2433
2024/02/14 06:24:24.01,462923.3481,5633310.3211,2947742.0925
2024/02/14 06:24:25.01,462928.1541,5633349.2168,2947751.544
2024/02/14 06:24:26.01,462919.3171,5633313.3022,2947751.2532
2024/02/14 06:24:27.01,462919.0716,5633311.3905,2947755.1113
2024/02/14 06:24:28.01,462927.3223,5633343.2998,2947762.8719
2024/02/14 06:24:29.01,462918.8861,5633308.0044,2947761.4698
2024/02/14 06:24:30.01,462927.3839,5633340.2713,2947768.6031
2024/02/14 06:24:31.01,462927.5909,5633338.9831,2947771.0394
2024/02/14 06:24:32.01,462919.344,5633304.789,2947768.4345
2024/02/14 06:24:33.01,462927.543,5633327.6521,2947774.7308
2024/02/14 06:24:34.01,462919.5978,5633304.0265,2947769.945
2024/02/14 06:24:35.01,462919.7398,5633303.6405,2947770.4967
2024/02/14 06:24:36.01,462927.9835,5633326.5673,2947776.8363
2024/02/14 06:24:37.01,462920.1013,5633302.5715,2947772.5841
2024/02/14 06:24:38.01,462928.3611,5633325.6407,2947779.3405
2024/02/14 06:24:39.01,462935.3967,5633320.1768,2947780.4482
2024/02/14 06:24:40.01,462921.1283,5633300.6422,2947776.0124
2024/02/14 06:24:41.01,462921.4738,5633300.3411,2947777.0956
2024/02/14 06:24:42.01,462921.7926,5633299.7551,2947777.9039
2024/02/14 06:24:43.01,462922.1289,5633299.3343,2947778.6698
2024/02/14 06:24:44.01,462928.6715,5633284.6862,2947781.155
2024/02/14 06:24:45.01,462931.2496,5633321.3647,2947786.453
2024/02/14 06:24:46.01,462932.1018,5633320.3988,2947788.0422
2024/02/14 06:24:47.01,462931.011,5633282.3516,2947785.6457
2024/02/14 06:24:48.01,462931.7851,5633281.4174,2947786.9876
2024/02/14 06:24:49.01,462932.4918,5633280.7582,2947788.1527
2024/02/14 06:24:50.01,462933.0252,5633280.1219,2947789.1184
2024/02/14 06:24:51.01,462933.113,5633280.1263,2947789.3284
2024/02/14 06:24:52.01,462933.1175,5633280.1331,2947789.3385
2024/02/14 06:24:53.01,462927.0709,5633294.0848,2947787.8937
2024/02/14 06:24:54.01,462927.0553,5633294.0988,2947787.8978
2024/02/14 06:24:55.01,462927.0541,5633294.0991,2947787.8999
2024/02/14 06:24:56.01,462927.0619,5633294.0707,2947787.891
2024/02/14 06:24:57.01,462927.0557,5633294.1627,2947787.916
2024/02/14 06:24:58.01,462927.075,5633294.1037,2947787.893
2024/02/14 06:24:59.01,462927.0596,5633294.0872,2947787.9006
2024/02/14 06:25:00.01,462927.0267,5633294.1351,2947787.8768
2024/02/14 06:25:01.00,462927.1529,5633294.0764,2947788.0749
2024/02/14 06:25:02.01,462927.6263,5633293.7719,2947788.9234
2024/02/14 06:25:03.01,462934.5354,5633278.9482,2947791.7603
2024/02/14 06:25:04.01,462929.5739,5633291.8857,2947792.3244
2024/02/14 06:25:05.01,462930.956,5633290.4798,2947794.7064
2024/02/14 06:25:06.01,462932.4149,5633289.0152,2947797.5155
2024/02/14 06:25:07.01,462934.0329,5633287.2197,2947800.4943
2024/02/14 06:25:08.01,462943.8397,5633308.6811,2947809.1291
2024/02/14 06:25:09.01,462937.4282,5633283.7254,2947807.0681
2024/02/14 06:25:10.01,462939.1229,5633281.8939,2947810.2611
2024/02/14 06:25:11.01,462940.6333,5633280.3264,2947813.3616
2024/02/14 06:25:12.01,462942.0764,5633278.6763,2947816.489
2024/02/14 06:25:13.01,462951.6659,5633300.2473,2947825.0466
2024/02/14 06:25:14.01,462958.442,5633262.4034,2947820.3683
2024/02/14 06:25:15.01,462946.1615,5633274.1941,2947825.6647
2024/02/14 06:25:16.01,462947.211,5633272.6843,2947828.1368
2024/02/14 06:25:17.01,462953.9916,5633257.7783,2947831.8027
2024/02/14 06:25:18.01,462954.5581,5633256.8342,2947833.7231
2024/02/14 06:25:19.01,462949.0199,5633269.7931,2947834.0272
2024/02/14 06:25:20.01,462949.479,5633269.0879,2947835.7266
2024/02/14 06:25:21.01,462949.9291,5633268.5147,2947837.3042
2024/02/14 06:25:22.01,462950.4573,5633267.505,2947838.5359
2024/02/14 06:25:23.01,462951.08,5633267.0869,2947839.6148
2024/02/14 06:25:24.01,462959.7795,5633289.363,2947845.374
2024/02/14 06:25:25.01,462960.0574,5633289.1716,2947845.6026
2024/02/14 06:25:26.01,462967.8401,5633290.0142,2947842.0577
2024/02/14 06:25:27.01,462952.1642,5633256.4137,2947841.9017
2024/02/14 06:25:28.01,462952.9185,5633266.592,2947840.9372
2024/02/14 06:25:29.01,462952.8226,5633256.3656,2947842.1363
2024/02/14 06:25:30.01,462953.6349,5633266.1913,2947841.0343
2024/02/14 06:25:31.01,462954.1791,5633265.923,2947841.0644
2024/02/14 06:25:32.01,462954.5775,5633265.9403,2947841.1984
2024/02/14 06:25:33.01,462961.1244,5633251.5415,2947842.6136
2024/02/14 06:25:34.01,462963.725,5633288.375,2947846.6889
2024/02/14 06:25:35.01,462975.247,5633282.8418,2947845.1356
2024/02/14 06:25:36.01,462971.1101,5633292.7272,2947843.6523
2024/02/14 06:25:37.01,462966.1604,5633253.5314,2947841.8077
2024/02/14 06:25:38.01,462958.8678,5633261.0693,2947841.7043
2024/02/14 06:25:40.01,462968.1523,5633293.706,2947845.95
2024/02/14 06:25:41.01,462969.7493,5633290.1352,2947846.0282
2024/02/14 06:25:42.01,462977.7428,5633281.9081,2947845.8479
2024/02/14 06:25:43.01,462971.7018,5633295.8296,2947844.3529
2024/02/14 06:25:44.01,462971.8924,5633295.6023,2947844.2813
2024/02/14 06:25:45.01,462973.3398,5633291.8739,2947844.0558
2024/02/14 06:25:46.01,462977.5272,5633280.4067,2947843.1861
2024/02/14 06:26:08.01,463000.6898,5633313.8327,2947854.4552
2024/02/14 06:26:09.01,463006.9112,5633313.7183,2947853.2803
2024/02/14 06:26:10.01,463008.3326,5633313.5906,2947853.3507
2024/02/14 06:26:11.01,463003.7978,5633275.3545,2947851.7059
2024/02/14 06:26:12.01,463004.3734,5633275.077,2947851.7444
2024/02/14 06:26:13.01,463015.1973,5633267.998,2947847.1823
2024/02/14 06:26:14.01,463011.4951,5633268.9715,2947848.9402
2024/02/14 06:26:15.01,463012.1056,5633268.8869,2947849.0007
2024/02/14 06:26:16.01,463013.5339,5633265.4033,2947849.349
2024/02/14 06:26:17.01,463014.2253,5633265.0046,2947849.3532
2024/02/14 06:26:18.01,463014.977,5633265.0487,2947849.4721
2024/02/14 06:26:19.01,463015.8358,5633264.8402,2947849.4895
2024/02/14 06:26:20.01,463020.1,5633267.2224,2947847.7785
2024/02/14 06:26:21.01,463021.5408,5633266.9919,2947847.8406
2024/02/14 06:26:22.01,463023.3353,5633266.9524,2947847.9442
2024/02/14 06:26:23.01,463026.0854,5633266.131,2947847.5909
2024/02/14 06:26:33.01,463045.2361,5633246.2705,2947846.9474
2024/02/14 06:26:34.01,463052.5289,5633247.8557,2947844.8578
2024/02/14 06:26:35.01,463056.0594,5633247.5936,2947844.8958
2024/02/14 06:26:36.01,463059.7502,5633272.5355,2947857.7635
2024/02/14 06:26:37.01,463058.6092,5633282.1985,2947855.8905
2024/02/14 06:26:38.01,463081.3207,5633284.0092,2947845.4748
2024/02/14 06:26:39.01,463085.4221,5633280.2479,2947845.5675
2024/02/14 06:26:43.01,463087.4782,5633257.3905,2947840.2152
2024/02/14 06:26:44.01,463093.2716,5633254.0107,2947847.6232
2024/02/14 06:26:45.01,463100.6388,5633337.54,2947871.9266
2024/02/14 06:26:46.01,463101.6848,5633335.8452,2947874.8306
2024/02/14 06:26:47.01,463102.2458,5633334.1676,2947878.009
2024/02/14 06:26:48.01,463102.3053,5633332.2204,2947881.7044
2024/02/14 06:26:49.01,463098.0678,5633331.2715,2947887.4079
2024/02/14 06:26:50.01,463086.2553,5633304.9033,2947888.0408
2024/02/14 06:26:51.01,463094.6839,5633334.9202,2947895.9334
2024/02/14 06:26:52.01,463094.2789,5633333.0153,2947899.7753
2024/02/14 06:26:53.01,463089.2098,5633167.263,2947859.1916
2024/02/14 06:26:54.01,463088.2774,5633164.9914,2947863.5995
2024/02/14 06:26:55.01,463087.307,5633163.1486,2947867.8123
2024/02/14 06:26:56.01,463095.5661,5633279.3908,2947910.0021
2024/02/14 06:26:57.01,463088.688,5633219.7983,2947891.8324
2024/02/14 06:26:58.01,463084.8457,5633157.2185,2947879.8088
2024/02/14 06:26:59.01,463086.8251,5633215.2045,2947900.5504
2024/02/14 06:27:00.01,463084.3268,5633219.5447,2947907.4226
2024/02/14 06:27:01.00,463082.7609,5633239.7039,2947920.7214
2024/02/14 06:27:02.01,463083.967,5633207.1752,2947916.509
2024/02/14 06:27:03.01,463079.298,5633202.3139,2947924.5135
2024/02/14 06:27:04.01,463086.4925,5633221.6708,2947935.839
2024/02/14 06:27:05.01,463085.2781,5633218.6188,2947941.948
2024/02/14 06:27:06.01,463078.4942,5633199.8802,2947943.5179
2024/02/14 06:27:07.01,463077.7767,5633214.9421,2947954.8717
2024/02/14 06:27:08.01,463080.7745,5633216.4917,2947961.9106
2024/02/14 06:27:09.01,463077.8901,5633204.5155,2947963.4226
2024/02/14 06:27:10.01,463077.1203,5633185.7901,2947962.5655
2024/02/14 06:27:11.01,463077.6976,5633223.9703,2947980.27
2024/02/14 06:27:12.01,463088.5217,5633188.4593,2947974.598
2024/02/14 06:27:13.01,463091.2776,5633186.575,2947977.5252
2024/02/14 06:27:14.01,463086.4217,5633162.9484,2947974.4371
2024/02/14 06:27:15.01,463095.2979,5633182.4068,2947983.102
2024/02/14 06:27:16.01,463100.1976,5633181.7198,2947983.2889
2024/02/14 06:27:17.01,463105.6902,5633181.6973,2947982.8228
2024/02/14 06:27:18.01,463111.7581,5633181.7133,2947982.2308
2024/02/14 06:27:19.01,463118.3358,5633181.7131,2947981.4802
2024/02/14 06:27:20.01,463125.294,5633181.8802,2947980.6641
2024/02/14 06:27:21.01,463132.4841,5633181.8932,2947979.9965
2024/02/14 06:27:22.01,463139.7497,5633182.0358,2947979.482
2024/02/14 06:27:23.01,463147.0595,5633182.019,2947978.9387
2024/02/14 06:27:24.01,463154.4528,5633181.9531,2947978.5424
2024/02/14 06:27:25.01,463161.8952,5633181.5956,2947978.4742
2024/02/14 06:27:26.01,463169.3601,5633181.194,2947978.5444
2024/02/14 06:27:27.01,463176.6728,5633180.6523,2947979.0924
2024/02/14 06:27:28.01,463183.6832,5633180.1303,2947980.2192
2024/02/14 06:27:29.01,463190.4834,5633179.1253,2947981.9463
2024/02/14 06:27:30.01,463193.7089,5633176.0915,2947986.0815
2024/02/14 06:27:31.01,463193.7764,5633191.6939,2947986.674
2024/02/14 06:27:32.01,463206.234,5633177.3336,2947990.718
2024/02/14 06:27:33.01,463206.8474,5633189.2581,2947991.7171
2024/02/14 06:27:34.01,463219.2029,5633174.7492,2947996.053
2024/02/14 06:27:35.01,463233.3229,5633173.4262,2947994.7977
2024/02/14 06:27:36.01,463239.7595,5633171.9055,2947997.5011
2024/02/14 06:27:37.01,463241.5553,5633172.6294,2948002.4862
2024/02/14 06:27:38.01,463252.4764,5633169.7715,2948003.2166
2024/02/14 06:27:39.01,463251.5446,5633181.0877,2948012.4407
2024/02/14 06:27:44.01,463283.68,5633172.7315,2948024.5731
2024/02/14 06:27:45.01,463288.3203,5633158.07,2948020.2542
2024/02/14 06:27:46.01,463294.9297,5633157.0541,2948022.0996
2024/02/14 06:27:47.01,463300.9357,5633156.0068,2948023.573
2024/02/14 06:27:48.01,463306.4797,5633155.0025,2948024.9026
2024/02/14 06:27:49.01,463312.0855,5633153.9819,2948026.2344
2024/02/14 06:27:50.01,463317.5299,5633153.0279,2948027.4445
2024/02/14 06:27:51.01,463322.5487,5633152.276,2948028.5491
2024/02/14 06:27:52.01,463327.5334,5633151.4414,2948029.646
2024/02/14 06:27:53.01,463332.685,5633150.3572,2948031.3043
2024/02/14 06:27:54.01,463337.7109,5633148.8903,2948033.8714
2024/02/14 06:27:55.01,463338.4497,5633149.3229,2948038.3163
2024/02/14 06:27:56.01,463367.7357,5633162.6328,2948041.4763
2024/02/14 06:27:57.01,463365.8637,5633139.3955,2948037.4152
2024/02/14 06:27:58.01,463368.2037,5633130.9918,2948041.5681
2024/02/14 06:27:59.01,463375.6524,5633129.9266,2948042.6689
2024/02/14 06:28:00.01,463377.0071,5633141.8407,2948042.3895
2024/02/14 06:28:01.00,463384.1641,5633140.4663,2948043.8364
2024/02/14 06:28:02.01,463391.4337,5633138.8742,2948045.6997
2024/02/14 06:28:03.01,463399.0949,5633137.3257,2948047.5344
2024/02/14 06:28:04.01,463407.243,5633135.7602,2948049.3754
2024/02/14 06:28:05.01,463415.8346,5633134.0014,2948051.3938
2024/02/14 06:28:06.01,463424.7767,5633132.0989,2948053.6737
2024/02/14 06:28:07.01,463433.9467,5633130.2773,2948055.8603
2024/02/14 06:28:08.01,463443.0466,5633128.369,2948058.0166
2024/02/14 06:28:09.01,463451.8588,5633126.4903,2948060.1887
2024/02/14 06:28:10.01,463460.3898,5633124.5721,2948062.5821
2024/02/14 06:28:11.01,463468.5708,5633122.7819,2948065.0171
2024/02/14 06:28:12.01,463476.6436,5633120.7871,2948067.5562
2024/02/14 06:28:13.01,463484.8762,5633118.9424,2948070.1762
2024/02/14 06:28:14.01,463493.3894,5633116.9309,2948072.518
2024/02/14 06:28:15.01,463502.125,5633115.028,2948074.7526
2024/02/14 06:28:16.01,463511.1229,5633113.2333,2948076.9099
2024/02/14 06:28:17.01,463520.2229,5633111.2796,2948079.1075
2024/02/14 06:28:18.01,463529.3297,5633109.2065,2948081.6607
2024/02/14 06:28:19.01,463538.4564,5633107.1226,2948084.4353
2024/02/14 06:28:20.01,463547.5066,5633104.9627,2948087.3808
2024/02/14 06:28:21.01,463556.2443,5633102.7683,2948090.2252
2024/02/14 06:28:22.01,463564.8217,5633100.953,2948092.621
2024/02/14 06:28:23.01,463572.7674,5633099.4828,2948094.4979
2024/02/14 06:28:24.01,463579.6807,5633098.2338,2948096.0117
2024/02/14 06:28:25.01,463586.438,5633097.014,2948097.372
2024/02/14 06:28:26.01,463593.3183,5633095.8004,2948098.8716
2024/02/14 06:28:27.01,463600.4167,5633094.537,2948100.3207
2024/02/14 06:28:28.01,463607.7782,5633092.9377,2948101.7572
2024/02/14 06:28:29.01,463615.3184,5633091.3301,2948103.3881
2024/02/14 06:28:30.01,463623.044,5633090.2159,2948105.5191
2024/02/14 06:28:31.01,463634.0704,5633082.8089,2948110.016
2024/02/14 06:28:32.01,463642.9242,5633087.9049,2948107.9661
2024/02/14 06:28:33.01,463650.7241,5633078.7386,2948115.1923
2024/02/14 06:28:34.01,463659.2262,5633076.5234,2948118.3314
2024/02/14 06:28:35.01,463667.8225,5633074.2211,2948121.68
2024/02/14 06:28:36.01,463677.2285,5633079.0939,2948120.447
2024/02/14 06:28:37.01,463686.4148,5633077.0247,2948123.1483
2024/02/14 06:28:38.01,463697.4564,5633102.9346,2948134.2002
2024/02/14 06:28:39.01,463705.066,5633072.6046,2948129.0899
2024/02/14 06:28:40.01,463714.082,5633063.1857,2948136.4873
2024/02/14 06:28:41.01,463724.4514,5633068.0744,2948135.0305
2024/02/14 06:28:42.01,463734.3131,5633065.6504,2948138.2201
2024/02/14 06:28:43.01,463744.3429,5633063.2945,2948141.3048
2024/02/14 06:28:44.01,463754.4884,5633060.8176,2948144.4018
2024/02/14 06:28:45.01,463764.6755,5633058.354,2948147.7246
2024/02/14 06:28:46.01,463774.2224,5633048.6865,2948155.6521
2024/02/14 06:28:47.01,463784.5264,5633046.08,2948158.8744
2024/02/14 06:28:48.01,463795.5876,5633050.8137,2948157.5574
2024/02/14 06:28:49.01,463805.4684,5633041.3841,2948164.9984
2024/02/14 06:28:50.01,463808.3584,5633046.6848,2948167.9894
2024/02/14 06:28:51.01,463823.584,5633042.5427,2948168.9841
2024/02/14 06:28:52.01,463833.9892,5633039.9766,2948172.2237
2024/02/14 06:28:53.01,463844.2634,5633037.5522,2948175.3997
2024/02/14 06:28:54.01,463854.3246,5633035.2037,2948178.6002
2024/02/14 06:28:55.01,463864.9719,5633041.2883,2948180.034
2024/02/14 06:28:56.01,463874.6122,5633039.0947,2948182.9816
2024/02/14 06:28:57.01,463883.2971,5633028.5407,2948187.3625
2024/02/14 06:28:58.01,463896.0214,5633027.9591,2948188.2518
2024/02/14 06:28:59.01,463902.1238,5633023.9665,2948192.9184
2024/02/14 06:29:00.01,463911.4109,5633021.8065,2948195.8816
2024/02/14 06:29:01.00,463920.8085,5633019.7123,2948198.7212
2024/02/14 06:29:02.01,463930.3832,5633017.6437,2948201.4133
2024/02/14 06:29:03.01,463940.083,5633015.6211,2948204.1045
2024/02/14 06:29:04.01,463949.8675,5633013.5788,2948206.8909
2024/02/14 06:29:05.01,463959.727,5633011.4267,2948209.6563
2024/02/14 06:29:06.01,463969.5646,5633009.2767,2948212.6604
2024/02/14 06:29:07.01,463979.4737,5633007.1238,2948215.68
2024/02/14 06:29:08.01,463989.4851,5633004.9222,2948218.5769
2024/02/14 06:29:09.01,463999.5046,5633002.6496,2948221.5816
2024/02/14 06:29:10.01,464009.4843,5633000.4054,2948224.7831
2024/02/14 06:29:11.01,464019.4706,5632998.1101,2948227.9654
2024/02/14 06:29:12.01,464029.5064,5632995.8963,2948231.1588
2024/02/14 06:29:13.01,464039.4487,5632993.483,2948234.513
2024/02/14 06:29:14.01,464049.455,5632991.0827,2948237.7197
2024/02/14 06:29:15.01,464059.557,5632988.9328,2948240.711
2024/02/14 06:29:16.01,464069.5217,5632986.7115,2948243.6302
2024/02/14 06:29:17.01,464078.989,5632984.6458,2948246.6877
2024/02/14 06:29:18.01,464088.0662,5632982.3703,2948249.8842
2024/02/14 06:29:19.01,464096.9395,5632980.0737,2948253.1527
2024/02/14 06:29:20.01,464105.6163,5632977.7588,2948256.5927
2024/02/14 06:29:21.01,464114.0997,5632975.3817,2948260.1556
2024/02/14 06:29:22.01,464122.446,5632972.9741,2948263.693
2024/02/14 06:29:23.01,464130.8263,5632970.7148,2948267.026
2024/02/14 06:29:24.01,464139.1632,5632968.4777,2948270.2429
2024/02/14 06:29:25.01,464147.7054,5632966.4522,2948273.019
2024/02/14 06:29:26.01,464156.436,5632964.6042,2948275.4911
2024/02/14 06:29:27.01,464167.2501,5632962.1004,2948277.1999
2024/02/14 06:29:28.01,464176.4203,5632956.0814,2948281.1573
2024/02/14 06:29:29.01,464181.9778,5632958.2336,2948284.4396
2024/02/14 06:29:30.01,464189.9515,5632956.1082,2948287.3778
2024/02/14 06:29:31.01,464197.4649,5632954.2426,2948290.0716
2024/02/14 06:29:32.01,464204.3436,5632952.5082,2948292.7163
2024/02/14 06:29:33.01,464210.636,5632950.4957,2948295.5484
2024/02/14 06:29:34.01,464216.41,5632948.7454,2948298.7158
2024/02/14 06:29:35.01,464221.4145,5632946.4173,2948302.4389
2024/02/14 06:29:36.01,464225.6844,5632943.7879,2948306.8812
2024/02/14 06:29:37.01,464228.5785,5632944.2782,2948311.9493
2024/02/14 06:29:39.01,464234.4247,5632955.227,2948330.7557
2024/02/14 06:29:40.01,464247.4845,5633010.6758,2948346.4151
2024/02/14 06:29:41.01,464248.187,5633008.458,2948350.4816
2024/02/14 06:29:42.01,464248.2436,5633006.354,2948354.6222
2024/02/14 06:29:43.01,464247.7113,5633004.0133,2948359.1427
2024/02/14 06:29:44.01,464246.5894,5633001.5962,2948364.2096
2024/02/14 06:29:45.01,464244.9149,5632998.8118,2948369.9287
2024/02/14 06:29:46.01,464242.8554,5632995.7425,2948376.1775
2024/02/14 06:29:47.01,464240.5563,5632992.6592,2948382.4535
2024/02/14 06:29:48.01,464238.1659,5632989.6557,2948388.6081
2024/02/14 06:29:49.01,464235.7416,5632986.5826,2948394.9429
2024/02/14 06:29:50.01,464233.2685,5632983.3137,2948401.6254
2024/02/14 06:29:51.01,464230.8653,5632979.8468,2948408.6485
2024/02/14 06:29:52.01,464228.1606,5632976.1499,2948415.9979
2024/02/14 06:29:53.01,464225.2672,5632972.2924,2948423.6514
2024/02/14 06:29:54.01,464222.2911,5632968.311,2948431.6322
2024/02/14 06:29:55.01,464219.072,5632964.2376,2948439.834
2024/02/14 06:29:56.01,464215.8963,5632959.9967,2948448.32
2024/02/14 06:29:57.01,464212.56,5632955.8395,2948456.8218
2024/02/14 06:29:58.01,464209.2906,5632951.8745,2948464.9131
2024/02/14 06:29:59.01,464206.0757,5632947.9635,2948472.7502
2024/02/14 06:30:00.01,464202.5402,5632944.1255,2948480.7159
2024/02/14 06:30:01.00,464199.037,5632940.1982,2948488.8841
2024/02/14 06:30:02.01,464195.6272,5632935.9912,2948497.319
2024/02/14 06:30:03.01,464192.1256,5632931.5205,2948505.949
2024/02/14 06:30:04.01,464188.6963,5632927.1216,2948514.8843
2024/02/14 06:30:05.01,464185.1378,5632922.4364,2948523.9143
2024/02/14 06:30:06.01,464181.4319,5632918.0781,2948533.1543
2024/02/14 06:30:07.01,464177.5989,5632913.4871,2948542.3897
2024/02/14 06:30:08.01,464173.6664,5632908.78,2948551.7303
2024/02/14 06:30:09.01,464169.7057,5632904.109,2948561.156
2024/02/14 06:30:10.01,464165.7548,5632899.5786,2948570.6829
2024/02/14 06:30:11.01,464161.9557,5632894.9093,2948579.9343
2024/02/14 06:30:12.01,464158.3771,5632890.2997,2948589.0706
2024/02/14 06:30:13.01,464154.917,5632885.8901,2948598.0676
2024/02/14 06:30:14.01,464151.8129,5632881.5977,2948606.9656
2024/02/14 06:30:15.01,464127.4994,5632726.3516,2948576.224
2024/02/14 06:30:16.01,464134.3671,5632777.3555,2948601.1792
2024/02/14 06:30:17.01,464136.7987,5632798.9074,2948611.8545
2024/02/14 06:30:18.01,464132.5956,5632700.7407,2948599.1513
2024/02/14 06:30:19.01,464123.2756,5632724.7705,2948619.6361
2024/02/14 06:30:20.01,464123.3425,5632800.8744,2948641.0073
2024/02/14 06:30:21.01,464115.3923,5632716.8582,2948635.8555
2024/02/14 06:30:22.01,464104.2714,5632698.2774,2948633.2639
2024/02/14 06:30:23.01,464101.2487,5632695.04,2948639.907
2024/02/14 06:30:24.01,464098.7214,5632692.0086,2948646.0599
2024/02/14 06:30:25.01,464096.4023,5632689.0614,2948652.2332
2024/02/14 06:30:26.01,464094.1825,5632685.8726,2948658.4934
2024/02/14 06:30:27.01,464092.0677,5632683.0153,2948664.4958
2024/02/14 06:30:28.01,464090.4801,5632680.2579,2948670.1893
2024/02/14 06:30:29.01,464089.1672,5632677.4833,2948675.5306
2024/02/14 06:30:30.01,464096.2026,5632690.2593,2948689.6848
2024/02/14 06:30:31.01,464088.9693,5632673.6985,2948683.2738
2024/02/14 06:30:32.01,464099.7462,5632657.8086,2948685.6854
2024/02/14 06:30:33.01,464100.8338,5632656.4939,2948688.3802
2024/02/14 06:30:36.01,464115.1927,5632768.687,2948721.0028
2024/02/14 06:30:37.01,464115.0726,5632760.1536,2948721.9029
2024/02/14 06:30:39.01,464114.8549,5632777.5941,2948729.7891
2024/02/14 06:30:40.01,464113.8057,5632765.8663,2948727.0033
2024/02/14 06:30:41.01,464112.2837,5632756.5097,2948724.0447
2024/02/14 06:30:42.01,464114.1465,5632773.3487,2948730.4142
2024/02/14 06:30:43.01,464115.8144,5632772.7517,2948731.5822
2024/02/14 06:30:44.01,464119.812,5632742.9905,2948722.5906
2024/02/14 06:30:45.01,464124.0954,5632701.3827,2948715.5702
2024/02/14 06:30:46.01,464126.2938,5632700.5121,2948716.9927
2024/02/14 06:30:47.01,464128.8263,5632699.8633,2948718.8901
2024/02/14 06:30:48.01,464121.2671,5632728.7679,2948734.8999
2024/02/14 06:30:49.01,464134.1986,5632697.9752,2948722.9188
2024/02/14 06:30:50.01,464136.8387,5632696.9277,2948724.952
2024/02/14 06:30:51.01,464129.5033,5632695.6901,2948732.4998
2024/02/14 06:30:52.01,464134.4088,5632725.8469,2948741.9288
2024/02/14 06:30:53.01,464138.6098,5632692.153,2948735.2532
2024/02/14 06:30:54.01,464135.0557,5632692.307,2948740.2958
2024/02/14 06:30:55.01,464135.9057,5632699.7685,2948742.2207
2024/02/14 06:30:56.01,464142.7515,5632689.061,2948742.869
2024/02/14 06:30:57.01,464132.1197,5632702.219,2948746.4504
2024/02/14 06:30:58.01,464141.3318,5632686.5109,2948749.7036
2024/02/14 06:30:59.01,464133.1277,5632693.9182,2948756.0146
2024/02/14 06:31:00.01,464128.9242,5632697.8335,2948757.6134
2024/02/14 06:31:01.00,464136.0945,5632719.5701,2948769.7764
2024/02/14 06:31:02.01,464126.1959,5632694.4129,2948765.4821
2024/02/14 06:31:03.01,464124.7684,5632692.687,2948769.3852
2024/02/14 06:31:04.01,464123.3276,5632690.9907,2948773.2764
2024/02/14 06:31:05.01,464128.4834,5632672.9335,2948778.934
2024/02/14 06:31:06.01,464119.8472,5632680.5422,2948785.7085
2024/02/14 06:31:07.01,464119.1187,5632685.5635,2948785.2101
2024/02/14 06:31:08.01,464117.7666,5632683.8348,2948788.9269
2024/02/14 06:31:09.01,464116.4904,5632681.906,2948792.6328
2024/02/14 06:31:10.01,464115.2634,5632679.842,2948796.8208
2024/02/14 06:31:11.01,464114.3701,5632677.4187,2948801.5983
2024/02/14 06:31:12.01,464113.9167,5632674.5562,2948806.819
2024/02/14 06:31:13.01,464113.7169,5632671.5158,2948812.2789
2024/02/14 06:31:14.01,464123.5464,5632653.6623,2948817.5399
2024/02/14 06:31:15.01,464123.1803,5632650.2872,2948823.1058
2024/02/14 06:31:16.01,464112.3064,5632677.4691,2948842.8748
2024/02/14 06:31:17.01,464114.9497,5632654.0635,2948836.5069
2024/02/14 06:31:18.01,464111.2903,5632672.5525,2948852.602
2024/02/14 06:31:19.01,464113.7645,5632649.4567,2948845.5378
2024/02/14 06:31:20.01,464110.6921,5632676.196,2948859.5405
2024/02/14 06:31:21.01,464109.8267,5632674.0638,2948863.6951
2024/02/14 06:31:22.01,464111.1412,5632642.8763,2948858.0464
2024/02/14 06:31:23.01,464110.2394,5632640.9416,2948861.9087
2024/02/14 06:31:24.01,464109.2997,5632639.3855,2948865.4548
2024/02/14 06:31:25.01,464107.6376,5632629.2574,2948870.3913
2024/02/14 06:31:26.01,464112.5868,5632655.4276,2948879.2195
2024/02/14 06:31:27.01,464103.8482,5632655.3221,2948886.0922
2024/02/14 06:31:28.01,464106.0915,5632633.2818,2948877.2235
2024/02/14 06:31:29.01,464102.7489,5632660.9503,2948890.0266
2024/02/14 06:31:30.01,464103.9253,5632630.3351,2948883.4396
2024/02/14 06:31:31.01,464101.7501,5632620.2032,2948888.6822
2024/02/14 06:31:32.01,464098.7691,5632655.4942,2948901.161
2024/02/14 06:31:33.01,464096.2699,5632644.9438,2948907.1779
2024/02/14 06:31:34.01,464097.8975,5632622.1495,2948900.3928
2024/02/14 06:31:35.01,464102.2241,5632635.0415,2948909.4409
2024/02/14 06:31:36.01,464094.5233,5632609.5332,2948910.641
2024/02/14 06:31:37.01,464094.0305,5632616.1356,2948912.8882
2024/02/14 06:31:38.01,464091.8204,5632606.1914,2948917.8695
2024/02/14 06:31:39.01,464092.0326,5632608.4673,2948916.1185
2024/02/14 06:31:40.01,464090.5259,5632600.7202,2948922.3292
2024/02/14 06:31:41.01,464089.0635,5632603.3595,2948923.8688
2024/02/14 06:31:42.01,464088.0628,5632602.5521,2948925.8651
2024/02/14 06:31:43.01,464077.12,5632639.7703,2948940.6372
2024/02/14 06:31:44.01,464079.9448,5632636.8716,2948941.1815
2024/02/14 06:31:45.01,464074.0882,5632637.8107,2948945.7023
2024/02/14 06:31:46.01,464088.8387,5632657.4554,2948949.6679
2024/02/14 06:31:47.01,464084.8666,5632594.954,2948937.2091
2024/02/14 06:31:48.01,464085.0199,5632624.3043,2948948.2153
2024/02/14 06:31:49.01,464086.6864,5632594.1362,2948941.1168
2024/02/14 06:31:50.01,464086.3991,5632593.2186,2948943.089
2024/02/14 06:31:51.01,464086.3075,5632592.8292,2948944.4236
2024/02/14 06:31:52.01,464084.0585,5632621.4065,2948955.9761
2024/02/14 06:31:53.01,464084.4323,5632620.6989,2948957.7286
2024/02/14 06:31:54.01,464085.2578,5632619.794,2948959.4114
2024/02/14 06:31:55.01,464086.5194,5632619.1508,2948961.3343
2024/02/14 06:31:56.01,464080.9476,5632627.8908,2948965.7363
2024/02/14 06:31:57.01,464082.906,5632627.4875,2948967.1193
2024/02/14 06:31:58.01,464084.9095,5632626.979,2948968.3869
2024/02/14 06:31:59.01,464087.0227,5632626.6371,2948969.5581
2024/02/14 06:32:00.01,464089.1783,5632626.1315,2948970.6107
2024/02/14 06:32:01.00,464090.9577,5632601.4196,2948959.1563
2024/02/14 06:32:02.01,464100.7307,5632616.039,2948969.9652
2024/02/14 06:32:03.01,464102.8535,5632615.4696,2948971.0995
2024/02/14 06:32:04.01,464097.3465,5632600.1801,2948962.6414
2024/02/14 06:32:05.01,464106.9073,5632614.5501,2948973.6999
2024/02/14 06:32:06.01,464101.585,5632623.4659,2948977.9537
2024/02/14 06:32:07.01,464103.3109,5632622.8022,2948979.7361
2024/02/14 06:32:08.01,464104.7308,5632622.1596,2948981.4713
2024/02/14 06:32:09.01,464102.3242,5632619.9694,2948985.2209
2024/02/14 06:32:10.01,464106.8245,5632620.6133,2948984.9081
2024/02/14 06:32:11.01,464107.4601,5632619.7776,2948986.9889
2024/02/14 06:32:12.01,464113.653,5632579.6465,2948978.8155
2024/02/14 06:32:13.01,464109.8783,5632580.3439,2948982.6447
2024/02/14 06:32:14.01,464114.3395,5632578.27,2948982.9135
2024/02/14 06:32:15.01,464110.6682,5632578.8607,2948986.5983
2024/02/14 06:32:16.01,464115.4277,5632576.9797,2948986.7911
2024/02/14 06:32:17.01,464106.9106,5632614.5106,2949001.1184
2024/02/14 06:32:18.01,464111.7455,5632614.821,2949000.6189
2024/02/14 06:32:19.01,464108.4481,5632616.1931,2949004.4301
2024/02/14 06:32:20.01,464111.5255,5632618.6396,2949001.5344
