GPST,x_x,y_x,z_x,ns,sdx(m),sdy(m),sdz(m),vx(m/s),vy(m/s),vz(m/s)
2024/02/14 04:19:28.00,461332.1582,5634451.4771,2945940.6828,13.0,3.5287,11.2818,6.9751,0.00394,0.01413,-0.014
2024/02/14 04:19:29.00,461332.0927,5634451.5642,2945940.9229,13.0,3.5287,11.2825,6.9752,-0.01285,-0.07268,-0.01953
2024/02/14 04:19:30.00,461332.157,5634451.6425,2945940.7543,13.0,3.5287,11.2832,6.9753,0.01059,0.00316,-0.00138
2024/02/14 04:19:31.00,461332.1452,5634451.3007,2945940.6677,13.0,3.5287,11.2839,6.9755,0.00565,-0.02572,-0.02712
2024/02/14 04:19:32.00,461332.2278,5634451.0727,2945940.4919,13.0,3.5287,11.2846,6.9756,-0.00935,0.04126,0.02129
2024/02/14 04:19:33.00,461332.1711,5634451.0242,2945940.6021,13.0,3.5286,11.2853,6.9758,-0.00325,-0.06164,-0.03899
2024/02/14 04:19:34.00,461332.1911,5634451.0281,2945940.6474,13.0,3.5286,11.286,6.9759,-0.017,-0.06557,-0.03867
2024/02/14 04:19:35.00,461332.1659,5634450.8997,2945940.4595,13.0,3.5286,11.2867,6.976,0.00193,-0.01919,0.00371
2024/02/14 04:19:36.00,461332.1791,5634450.6306,2945940.1804,13.0,3.5286,11.2874,6.9762,0.00285,0.03986,0.00524
2024/02/14 04:19:37.00,461332.1229,5634450.4731,2945940.2617,13.0,3.5286,11.288,6.9763,0.00033,0.00532,-0.00464
2024/02/14 04:19:38.00,461332.2255,5634450.8523,2945940.4861,13.0,3.5285,11.2887,6.9764,-0.0013,-0.02452,-0.00309
2024/02/14 04:19:39.00,461332.2248,5634450.9918,2945940.7745,13.0,3.5285,11.2894,6.9766,-0.02665,-0.07688,-0.03349
2024/02/14 04:19:40.00,461332.3275,5634450.6231,2945940.4798,13.0,3.5285,11.2901,6.9767,0.00997,0.01649,-0.00825
2024/02/14 04:19:41.00,461332.2925,5634450.425,2945940.3247,13.0,3.5285,11.2908,6.9768,0.01684,-0.01828,-0.01684
2024/02/14 04:19:42.00,461332.3455,5634450.458,2945940.3575,13.0,3.5285,11.2915,6.9769,-0.00353,-0.04312,-0.02199
2024/02/14 04:19:43.00,461332.2985,5634450.7668,2945940.6314,13.0,3.5285,11.2922,6.9771,0.01045,0.00705,0.02705
2024/02/14 04:19:44.00,461332.3135,5634450.8543,2945940.6299,13.0,3.5284,11.2928,6.9772,-0.00453,-0.02633,-0.00898
2024/02/14 04:19:45.00,461332.2765,5634450.689,2945940.6192,13.0,3.5284,11.2935,6.9773,-0.00075,-0.05947,-0.00377
2024/02/14 04:19:46.00,461332.3373,5634450.1801,2945940.2193,13.0,3.5284,11.2942,6.9775,0.0052,0.01862,0.01571
2024/02/14 04:19:47.00,461332.2652,5634450.3683,2945940.1877,13.0,3.5284,11.2949,6.9776,0.00945,0.04057,-0.01738
2024/02/14 04:19:48.00,461332.2354,5634450.6415,2945940.3216,13.0,3.5284,11.2956,6.9777,0.01212,-0.00437,0.01556
2024/02/14 04:19:49.00,461332.2836,5634450.7853,2945940.4192,13.0,3.5283,11.2963,6.9779,0.0193,0.08177,0.0259
2024/02/14 04:19:50.00,461332.2956,5634450.5325,2945940.3834,13.0,3.5283,11.297,6.978,0.01667,0.0515,-0.00134
2024/02/14 04:19:51.00,461332.3287,5634450.2271,2945940.2954,13.0,3.5283,11.2976,6.9781,0.02103,0.03628,0.00865
2024/02/14 04:19:52.00,461332.4191,5634449.8345,2945940.007,13.0,3.5283,11.2983,6.9782,0.00207,0.00903,-0.01524
2024/02/14 04:19:53.00,461332.3847,5634449.8941,2945940.1972,13.0,3.5283,11.299,6.9784,-0.00694,0.04254,0.0221
2024/02/14 04:19:54.00,461332.386,5634449.8923,2945940.3777,13.0,3.5283,11.2997,6.9785,0.00769,-0.05179,-0.05005
2024/02/14 04:19:55.00,461332.3711,5634449.8405,2945940.4272,13.0,3.5282,11.3004,6.9786,-0.02838,-0.02615,-0.05418
2024/02/14 04:19:56.00,461332.3266,5634449.6655,2945940.3004,13.0,3.5282,11.3011,6.9788,0.00435,-0.00492,-0.02947
2024/02/14 04:19:57.00,461332.3608,5634449.3576,2945940.0976,13.0,3.5282,11.3017,6.9789,-0.02164,0.00533,-0.005
2024/02/14 04:19:58.00,461332.4075,5634449.3694,2945939.848,13.0,3.5282,11.3024,6.979,0.00242,-0.02901,-0.0293
2024/02/14 04:19:59.00,461332.4183,5634449.3971,2945939.9497,13.0,3.5282,11.3031,6.9791,0.00726,0.03055,-0.00795
2024/02/14 04:20:00.00,461332.3932,5634449.6496,2945940.173,13.0,3.5282,11.3038,6.9793,-0.00757,-0.02488,-0.01955
2024/02/14 04:20:01.00,461332.5012,5634449.7712,2945940.2561,13.0,3.5281,11.3045,6.9794,0.00117,0.01652,-0.00116
2024/02/14 04:20:02.00,461332.588,5634449.8712,2945940.3457,13.0,3.5281,11.3052,6.9795,0.00399,-0.0004,0.00396
2024/02/14 04:20:03.00,461332.6187,5634449.7023,2945940.1926,13.0,3.5281,11.3058,6.9796,-0.00982,-0.0677,-0.03604
2024/02/14 04:20:04.00,461332.7026,5634449.7147,2945940.0254,13.0,3.5281,11.3065,6.9798,-0.00366,-0.08674,-0.04376
2024/02/14 04:20:05.00,461332.654,5634449.5228,2945939.9181,13.0,3.5281,11.3072,6.9799,0.00645,-0.04402,-0.00865
2024/02/14 04:20:06.00,461332.7007,5634449.7274,2945940.1948,13.0,3.528,11.3079,6.98,-0.00958,-0.01887,-0.01995
2024/02/14 04:20:07.00,461332.7363,5634449.9982,2945940.2558,13.0,3.528,11.3086,6.9801,0.01337,-0.04322,-0.02444
2024/02/14 04:20:08.00,461332.6829,5634449.976,2945940.3669,13.0,3.528,11.3092,6.9803,0.00493,-0.00066,-0.00179
2024/02/14 04:20:09.00,461332.7059,5634449.71,2945940.1058,13.0,3.528,11.3099,6.9804,0.02018,-0.0058,0.01948
2024/02/14 04:20:10.00,461332.6397,5634449.6952,2945940.0847,13.0,3.528,11.3106,6.9805,-0.00337,0.01523,-0.00461
2024/02/14 04:20:11.00,461332.6977,5634449.505,2945939.9687,13.0,3.528,11.3113,6.9806,0.0088,-0.02687,-0.00575
2024/02/14 04:20:12.00,461332.7246,5634449.5761,2945940.0869,13.0,3.5279,11.312,6.9808,-0.01028,-0.04353,-0.04102
2024/02/14 04:20:13.00,461332.7302,5634449.6019,2945940.1141,13.0,3.5279,11.3126,6.9809,0.00373,-0.02193,-0.06775
2024/02/14 04:20:14.00,461332.6595,5634449.5949,2945940.4277,13.0,3.5279,11.3133,6.981,-0.00135,0.03562,0.03204
2024/02/14 04:20:15.00,461332.6735,5634449.7734,2945940.4746,13.0,3.5279,11.314,6.9811,-0.0027,-0.01447,0.0091
2024/02/14 04:20:16.00,461332.6871,5634449.7656,2945940.4372,13.0,3.5279,11.3147,6.9813,-0.00441,-0.00536,0.01838
2024/02/14 04:20:17.00,461332.6731,5634449.591,2945940.2671,13.0,3.5279,11.3154,6.9814,0.01278,0.01275,0.01267
2024/02/14 04:20:18.00,461332.7225,5634449.7179,2945940.1155,13.0,3.5278,11.316,6.9815,-0.00672,0.01287,-0.00162
2024/02/14 04:20:19.00,461332.7484,5634449.863,2945940.0286,13.0,3.5278,11.3167,6.9816,0.01462,0.04787,0.01641
2024/02/14 04:20:20.00,461332.759,5634449.9889,2945940.0066,13.0,3.5278,11.3174,6.9817,0.00771,0.01505,-0.00098
2024/02/14 04:20:21.00,461332.7813,5634450.127,2945940.1507,13.0,3.5278,11.3181,6.9819,-0.0265,-0.07775,-0.03477
2024/02/14 04:20:22.00,461332.7722,5634450.2127,2945940.3851,13.0,3.5278,11.3188,6.982,-0.01597,0.05469,0.0288
2024/02/14 04:20:23.00,461332.7313,5634450.3666,2945940.637,13.0,3.5278,11.3194,6.9821,0.01838,0.03605,0.01211
2024/02/14 04:20:24.00,461332.8302,5634450.4236,2945940.5656,13.0,3.5277,11.3201,6.9822,-0.00384,-0.03747,-0.01825
2024/02/14 04:20:25.00,461332.778,5634450.3833,2945940.3645,13.0,3.5277,11.3208,6.9823,-0.0037,-0.07309,-0.02397
2024/02/14 04:20:26.00,461332.7253,5634450.1887,2945940.0781,13.0,3.5277,11.3215,6.9825,0.00921,0.01035,0.00663
2024/02/14 04:20:27.00,461332.6996,5634450.3292,2945940.0268,13.0,3.5277,11.3221,6.9826,0.0001,0.01774,-0.01169
2024/02/14 04:20:28.00,461332.7413,5634450.2505,2945939.9317,13.0,3.5277,11.3228,6.9827,-0.01972,-0.02213,-0.0082
2024/02/14 04:20:29.00,461332.7337,5634450.4602,2945940.1366,13.0,3.5277,11.3235,6.9828,-0.00252,-0.01483,-0.02996
2024/02/14 04:20:30.00,461332.6956,5634450.8067,2945940.3833,13.0,3.5276,11.3242,6.9829,-0.00698,0.02636,0.01754
2024/02/14 04:20:31.00,461332.548,5634450.9555,2945940.6359,13.0,3.5276,11.3248,6.983,-0.01241,-0.02316,0.00289
2024/02/14 04:20:32.00,461332.5513,5634450.9083,2945940.4546,13.0,3.5276,11.3255,6.9832,0.01313,-0.01878,-0.01164
2024/02/14 04:20:33.00,461332.4752,5634450.9055,2945940.5149,13.0,3.5276,11.3262,6.9833,0.00342,0.03267,0.02012
2024/02/14 04:20:34.00,461332.5037,5634450.7529,2945940.356,13.0,3.5276,11.3269,6.9834,0.01084,0.02292,0.00162
2024/02/14 04:20:35.00,461332.5217,5634450.5098,2945940.2366,13.0,3.5276,11.3275,6.9835,0.00808,-0.0037,0.00019
2024/02/14 04:20:36.00,461332.5556,5634450.4407,2945939.9919,13.0,3.5275,11.3282,6.9836,-0.00313,-0.00305,0.01091
2024/02/14 04:20:37.00,461332.5378,5634450.4588,2945939.964,13.0,3.5275,11.3289,6.9837,-0.02117,-0.0485,-0.03287
2024/02/14 04:20:38.00,461332.4987,5634450.5778,2945940.0823,13.0,3.5275,11.3296,6.9839,0.00494,0.03767,-0.00969
2024/02/14 04:20:39.00,461332.4749,5634450.826,2945940.1803,13.0,3.5275,11.3302,6.984,-0.02683,-0.00595,0.01325
2024/02/14 04:20:40.00,461332.4168,5634450.9692,2945940.3548,13.0,3.5275,11.3309,6.9841,0.0035,-0.0285,-0.01103
2024/02/14 04:20:41.00,461332.3644,5634451.1774,2945940.4219,13.0,3.5275,11.3316,6.9842,-0.00785,-0.00058,-0.01836
2024/02/14 04:20:42.00,461332.3668,5634451.1732,2945940.4422,13.0,3.5274,11.3323,6.9843,-0.00507,-0.01174,-0.00582
2024/02/14 04:20:43.00,461332.3684,5634451.0429,2945940.411,13.0,3.5274,11.3329,6.9844,0.00355,-0.04721,-0.04411
2024/02/14 04:20:44.00,461332.3259,5634451.0649,2945940.3152,13.0,3.5274,11.3336,6.9845,-0.00011,-0.00909,0.01724
2024/02/14 04:20:45.00,461332.447,5634451.015,2945940.1994,13.0,3.5274,11.3343,6.9847,-0.01441,-0.03777,-0.04011
2024/02/14 04:20:46.00,461332.4156,5634450.8751,2945940.0712,13.0,3.5274,11.3349,6.9848,-0.01964,-0.04291,-0.03511
2024/02/14 04:20:47.00,461332.4585,5634450.7555,2945939.7683,13.0,3.5274,11.3356,6.9849,0.01827,0.02921,-0.01702
2024/02/14 04:20:48.00,461332.4151,5634450.7966,2945939.8118,13.0,3.5274,11.3363,6.985,-2e-05,-0.00869,0.00452
2024/02/14 04:20:49.00,461332.37,5634450.8126,2945939.8171,13.0,3.5273,11.337,6.9851,0.01879,0.00853,-0.00362
2024/02/14 04:20:50.00,461332.2871,5634450.781,2945939.8023,13.0,3.5273,11.3376,6.9852,0.01964,-0.01917,-0.00978
2024/02/14 04:20:51.00,461332.2662,5634451.0675,2945940.129,13.0,3.5273,11.3383,6.9853,0.00105,0.00967,0.02333
2024/02/14 04:20:52.00,461332.2794,5634451.5552,2945940.4502,13.0,3.5273,11.339,6.9854,-0.00701,0.03308,0.01119
2024/02/14 04:20:53.00,461332.2321,5634451.493,2945940.5093,13.0,3.5273,11.3396,6.9855,-0.00016,0.04169,-0.01767
2024/02/14 04:20:54.00,461332.1373,5634451.5442,2945940.6376,13.0,3.5273,11.3403,6.9857,-0.0207,-0.02502,-0.00084
2024/02/14 04:20:55.00,461332.0959,5634451.6874,2945940.4881,13.0,3.5272,11.341,6.9858,-0.00626,0.0054,-0.0079
2024/02/14 04:20:56.00,461332.1004,5634451.4323,2945940.4745,13.0,3.5272,11.3417,6.9859,-0.00961,-0.01765,-0.0414
2024/02/14 04:20:57.00,461332.1105,5634451.3806,2945940.3348,13.0,3.5272,11.3423,6.986,0.00711,-0.01637,-0.00196
2024/02/14 04:20:58.00,461332.1922,5634451.0481,2945940.1742,13.0,3.5272,11.343,6.9861,-0.01163,-0.01967,-0.03608
2024/02/14 04:20:59.00,461332.2146,5634450.789,2945940.082,13.0,3.5272,11.3437,6.9862,-0.00103,-0.00716,-0.01832
2024/02/14 04:21:00.00,461332.2249,5634450.7094,2945939.8613,13.0,3.5272,11.3443,6.9863,0.01021,-0.02128,-0.01259
2024/02/14 04:21:01.00,461332.2255,5634450.8003,2945939.8828,13.0,3.5271,11.345,6.9864,-7e-05,0.00281,0.00505
2024/02/14 04:21:02.00,461332.2997,5634450.6637,2945939.7977,13.0,3.5271,11.3457,6.9865,0.01234,0.02271,0.00374
2024/02/14 04:21:03.00,461332.1912,5634450.7859,2945939.9293,13.0,3.5271,11.3463,6.9866,0.01306,0.05923,0.03633
2024/02/14 04:21:04.00,461332.21,5634450.9574,2945940.1074,13.0,3.5271,11.347,6.9867,-0.00773,-0.00074,0.00424
2024/02/14 04:21:05.00,461332.2198,5634450.842,2945940.214,13.0,3.5271,11.3477,6.9869,-0.00521,-0.0243,0.0004
2024/02/14 04:21:06.00,461332.2437,5634451.2031,2945940.3602,13.0,3.5271,11.3483,6.987,0.00873,-0.00567,-0.0071
2024/02/14 04:21:07.00,461332.2395,5634451.2311,2945940.6286,13.0,3.5271,11.349,6.9871,0.01099,-0.01797,-0.00748
2024/02/14 04:21:08.00,461332.2875,5634451.4109,2945940.8452,13.0,3.527,11.3497,6.9872,0.00375,0.0563,0.0166
2024/02/14 04:21:09.00,461332.3051,5634451.5983,2945940.9461,13.0,3.527,11.3503,6.9873,-0.01335,-0.05786,-0.02061
2024/02/14 04:21:10.00,461332.2535,5634451.6433,2945941.2027,13.0,3.527,11.351,6.9874,-0.01764,0.01577,0.002
2024/02/14 04:21:11.00,461332.2669,5634451.6453,2945941.0653,13.0,3.527,11.3517,6.9875,-0.00102,-0.01184,-0.00596
2024/02/14 04:21:12.00,461332.3268,5634451.5859,2945941.0225,13.0,3.527,11.3523,6.9876,-0.00147,-0.01917,-0.01967
2024/02/14 04:21:13.00,461332.3948,5634451.458,2945940.8304,13.0,3.527,11.353,6.9877,0.00088,0.00672,5e-05
2024/02/14 04:21:14.00,461332.4216,5634451.3024,2945940.7878,13.0,3.5269,11.3537,6.9878,-0.00817,-0.00653,0.01665
2024/02/14 04:21:15.00,461332.4318,5634451.5303,2945940.8476,13.0,3.5269,11.3543,6.9879,-0.00152,-0.01244,0.0004
2024/02/14 04:21:16.00,461332.4153,5634451.2312,2945940.721,13.0,3.5269,11.355,6.988,-0.00614,0.00293,-0.01862
2024/02/14 04:21:17.00,461332.3704,5634451.1422,2945940.488,13.0,3.5269,11.3557,6.9881,-0.00655,-0.01674,0.00489
2024/02/14 04:21:18.00,461332.414,5634451.0049,2945940.4451,13.0,3.5269,11.3563,6.9882,-0.00292,0.07679,0.00809
2024/02/14 04:21:19.00,461332.3178,5634450.8789,2945940.2563,13.0,3.5269,11.357,6.9883,0.02106,0.03049,0.01479
2024/02/14 04:21:20.00,461332.3409,5634450.9138,2945940.3846,13.0,3.5269,11.3577,6.9884,-0.02803,-0.11116,-0.06268
2024/02/14 04:21:21.00,461332.2973,5634450.949,2945940.3365,13.0,3.5268,11.3583,6.9885,0.03528,0.04233,0.0284
2024/02/14 04:21:22.00,461332.3823,5634450.7274,2945940.1372,13.0,3.5268,11.359,6.9886,-0.01609,-0.00174,0.00309
2024/02/14 04:21:23.00,461332.433,5634450.4793,2945939.9955,13.0,3.5268,11.3597,6.9887,-0.01047,-0.02318,-0.0185
2024/02/14 04:21:24.00,461332.5176,5634450.6265,2945939.95,13.0,3.5268,11.3603,6.9888,-0.00108,-0.0148,0.0123
2024/02/14 04:21:25.00,461332.4897,5634450.5403,2945939.8475,13.0,3.5268,11.361,6.9889,0.00454,0.02637,0.01791
2024/02/14 04:21:26.00,461332.5092,5634450.4054,2945939.7788,13.0,3.5268,11.3617,6.989,0.00048,-0.02531,0.0002
2024/02/14 04:21:27.00,461332.5045,5634450.4954,2945939.9242,13.0,3.5268,11.3623,6.9891,0.01272,0.03436,-0.00214
2024/02/14 04:21:28.00,461332.5207,5634450.5917,2945940.0017,13.0,3.5267,11.363,6.9892,-0.01446,-0.01337,-0.02143
2024/02/14 04:21:29.00,461332.5165,5634450.2723,2945939.9942,13.0,3.5267,11.3636,6.9893,-0.0043,-0.02026,8e-05
2024/02/14 04:21:30.00,461332.523,5634450.4132,2945939.9529,13.0,3.5267,11.3643,6.9894,-0.01386,0.05193,-0.00193
2024/02/14 04:21:31.00,461332.5019,5634450.3587,2945940.0977,13.0,3.5267,11.365,6.9895,-0.00125,-0.01794,0.00791
2024/02/14 04:21:32.00,461332.4336,5634450.4929,2945940.1438,13.0,3.5267,11.3656,6.9896,-0.00774,-0.07941,-0.04976
2024/02/14 04:21:33.00,461332.4639,5634450.6646,2945940.3214,13.0,3.5267,11.3663,6.9897,-0.00047,-0.04083,-0.02376
2024/02/14 04:21:34.00,461332.5706,5634450.9878,2945940.4517,13.0,3.5267,11.3669,6.9898,0.00552,-0.03379,-0.00252
2024/02/14 04:21:35.00,461332.5361,5634451.1517,2945940.584,13.0,3.5266,11.3676,6.9899,-0.00054,0.08121,-0.00784
2024/02/14 04:21:36.00,461332.444,5634451.3306,2945940.7488,13.0,3.5266,11.3683,6.99,0.0051,-0.02697,0.02337
2024/02/14 04:21:37.00,461332.4635,5634451.5489,2945940.836,13.0,3.5266,11.3689,6.9901,0.00626,0.03181,0.00498
2024/02/14 04:21:38.00,461332.4913,5634451.8057,2945940.9747,13.0,3.5266,11.3696,6.9902,-0.01087,-0.03847,-0.0087
2024/02/14 04:21:39.00,461332.4854,5634451.9159,2945940.9885,13.0,3.5266,11.3703,6.9903,-0.0083,-0.0097,0.00443
2024/02/14 04:21:40.00,461332.4946,5634451.83,2945941.1071,13.0,3.5266,11.3709,6.9904,-0.0209,-0.05987,-0.00049
2024/02/14 04:21:41.00,461332.5079,5634451.7459,2945940.9897,13.0,3.5266,11.3716,6.9905,-0.0161,-0.03762,-0.03857
2024/02/14 04:21:42.00,461332.4656,5634451.7972,2945941.0841,13.0,3.5265,11.3722,6.9906,0.0241,0.08132,0.01388
2024/02/14 04:21:43.00,461332.4978,5634451.693,2945940.9611,13.0,3.5265,11.3729,6.9907,-0.01111,-0.04776,0.00772
2024/02/14 04:21:44.00,461332.4523,5634451.6254,2945940.9363,13.0,3.5265,11.3736,6.9908,0.00764,-0.04754,0.00183
2024/02/14 04:21:45.00,461332.6085,5634451.8868,2945940.835,13.0,3.5265,11.3742,6.9909,0.01549,0.06267,0.00965
2024/02/14 04:21:46.00,461332.6805,5634451.9076,2945940.5996,13.0,3.5265,11.3749,6.991,-0.00698,-0.00257,-0.00013
2024/02/14 04:21:47.00,461332.7495,5634451.9153,2945940.942,13.0,3.5265,11.3755,6.9911,0.00076,-0.01941,-0.02274
2024/02/14 04:21:48.00,461332.7789,5634451.2991,2945940.1941,13.0,3.5265,11.3762,6.9912,0.01034,0.07301,0.0271
2024/02/14 04:21:49.00,461332.6496,5634451.1105,2945940.1631,13.0,3.5264,11.3768,6.9913,0.00993,0.01631,0.00034
2024/02/14 04:21:50.00,461332.6581,5634451.2108,2945940.2563,13.0,3.5264,11.3775,6.9914,0.01043,-0.00263,-0.01925
2024/02/14 04:21:51.00,461332.5672,5634451.3431,2945940.4626,13.0,3.5264,11.3782,6.9915,0.01751,0.0509,0.01304
2024/02/14 04:21:52.00,461332.6327,5634451.3292,2945940.4395,13.0,3.5264,11.3788,6.9916,-0.00909,0.00919,0.00637
2024/02/14 04:21:53.00,461332.6172,5634451.5377,2945940.65,13.0,3.5264,11.3795,6.9917,0.00413,0.02517,0.01543
2024/02/14 04:21:54.00,461332.6656,5634451.7615,2945940.651,13.0,3.5264,11.3801,6.9917,-0.01288,-0.08098,-0.04424
2024/02/14 04:21:55.00,461332.6321,5634451.7307,2945940.7402,13.0,3.5264,11.3808,6.9918,-0.00335,-0.04446,-0.01142
2024/02/14 04:21:56.00,461332.6982,5634451.7671,2945940.7269,13.0,3.5263,11.3814,6.9919,-0.01288,-0.0705,-0.02196
2024/02/14 04:21:57.00,461332.6636,5634451.8479,2945940.8209,13.0,3.5263,11.3821,6.992,0.006,-0.03809,-0.01343
2024/02/14 04:21:58.00,461332.725,5634451.8329,2945940.7714,13.0,3.5263,11.3828,6.9921,0.01249,0.03251,0.00412
2024/02/14 04:21:59.00,461332.7269,5634451.8063,2945940.7246,13.0,3.5263,11.3834,6.9922,-0.04275,-0.11253,-0.02441
2024/02/14 04:22:00.00,461332.6648,5634451.7077,2945940.7875,13.0,3.5263,11.3841,6.9923,-0.00592,0.02741,-0.02454
2024/02/14 04:22:01.00,461332.6895,5634451.591,2945940.6132,13.0,3.5263,11.3847,6.9924,0.00153,0.02663,0.00621
2024/02/14 04:22:02.00,461332.6606,5634451.4412,2945940.6544,13.0,3.5263,11.3854,6.9925,0.01135,-0.05503,-0.02859
2024/02/14 04:22:03.00,461332.7052,5634451.2488,2945940.4176,13.0,3.5263,11.386,6.9926,0.00674,0.03217,0.0088
2024/02/14 04:22:04.00,461332.7554,5634451.1498,2945940.4532,13.0,3.5262,11.3867,6.9927,0.00139,0.04937,0.04922
2024/02/14 04:22:05.00,461332.7576,5634451.2377,2945940.3521,13.0,3.5262,11.3873,6.9927,0.03016,0.09993,0.04126
2024/02/14 04:22:06.00,461332.706,5634451.2775,2945940.2109,13.0,3.5262,11.388,6.9928,-0.01013,-0.05861,-0.0386
2024/02/14 04:22:07.00,461332.6983,5634451.0114,2945940.1283,13.0,3.5262,11.3887,6.9929,0.02788,0.04046,0.0129
2024/02/14 04:22:08.00,461332.6857,5634450.8437,2945939.9413,13.0,3.5262,11.3893,6.993,0.00363,-0.0199,-0.0054
2024/02/14 04:22:09.00,461332.7066,5634450.8695,2945939.8482,13.0,3.5262,11.39,6.9931,-0.00459,-0.02608,-0.00578
2024/02/14 04:22:10.00,461332.7205,5634451.0158,2945939.8605,13.0,3.5262,11.3906,6.9932,-0.00558,0.00912,-0.01472
2024/02/14 04:22:11.00,461332.6903,5634450.992,2945939.9791,13.0,3.5261,11.3913,6.9933,-0.01298,-0.07615,-0.0405
2024/02/14 04:22:12.00,461332.7154,5634451.1411,2945940.0287,13.0,3.5261,11.3919,6.9934,0.01479,0.00385,-0.00704
2024/02/14 04:22:13.00,461332.6359,5634451.1118,2945940.1073,13.0,3.5261,11.3926,6.9935,0.00196,0.02593,-0.01923
2024/02/14 04:22:14.00,461332.7183,5634451.1261,2945940.1669,13.0,3.5261,11.3932,6.9935,-0.02885,-0.08045,-0.01775
2024/02/14 04:22:15.00,461332.6324,5634451.0308,2945940.2897,13.0,3.5261,11.3939,6.9936,0.01065,0.00747,0.03019
2024/02/14 04:22:16.00,461332.6436,5634450.8985,2945940.3313,13.0,3.5261,11.3945,6.9937,-0.0048,0.01035,-0.02309
2024/02/14 04:22:17.00,461332.6582,5634450.8457,2945940.3677,13.0,3.5261,11.3952,6.9938,-0.01559,-0.06659,-0.03201
2024/02/14 04:22:18.00,461332.6153,5634450.826,2945940.5078,13.0,3.5261,11.3958,6.9939,0.00284,-0.00122,0.02277
2024/02/14 04:22:19.00,461332.6059,5634450.9064,2945940.6097,13.0,3.526,11.3965,6.994,0.01668,0.014,0.00341
2024/02/14 04:22:20.00,461332.5291,5634451.254,2945941.0012,13.0,3.526,11.3971,6.9941,0.02063,0.02177,-0.0262
2024/02/14 04:22:21.00,461332.5527,5634451.5453,2945941.1516,13.0,3.526,11.3978,6.9941,-0.00779,-0.01108,0.01152
2024/02/14 04:22:22.00,461332.5722,5634451.5168,2945941.254,13.0,3.526,11.3984,6.9942,0.00563,-0.02641,-0.04518
2024/02/14 04:22:23.00,461332.5541,5634451.5277,2945941.2037,13.0,3.526,11.3991,6.9943,-0.0129,-0.01342,-0.02871
2024/02/14 04:22:24.00,461332.5838,5634451.4525,2945941.2518,13.0,3.526,11.3997,6.9944,-0.02299,-0.01932,-0.0141
2024/02/14 04:22:25.00,461332.5346,5634451.3698,2945941.1522,13.0,3.526,11.4004,6.9945,0.00997,0.01953,-0.01057
2024/02/14 04:22:26.00,461332.5477,5634451.1259,2945941.022,13.0,3.526,11.401,6.9946,-0.00877,-0.05108,-0.01833
2024/02/14 04:22:27.00,461332.6093,5634451.0075,2945940.9089,13.0,3.5259,11.4017,6.9946,0.00551,-0.0004,-0.00613
2024/02/14 04:22:28.00,461332.7184,5634450.8079,2945940.812,13.0,3.5259,11.4023,6.9947,0.00943,0.00032,-0.00644
2024/02/14 04:22:29.00,461332.7545,5634450.6501,2945940.6851,13.0,3.5259,11.403,6.9948,0.01395,-0.03891,0.00238
2024/02/14 04:22:30.00,461332.777,5634450.3496,2945940.3877,13.0,3.5259,11.4036,6.9949,-0.00713,-0.02037,-0.00376
2024/02/14 04:22:31.00,461332.742,5634450.447,2945940.4879,13.0,3.5259,11.4043,6.995,0.00457,0.04729,0.02094
2024/02/14 04:22:32.00,461332.7449,5634450.66,2945940.4369,13.0,3.5259,11.4049,6.9951,0.01034,0.00686,-0.019
2024/02/14 04:22:33.00,461332.7291,5634450.8981,2945940.5327,13.0,3.5259,11.4056,6.9951,-0.00599,-0.03486,-0.0222
2024/02/14 04:22:34.00,461332.7386,5634450.9138,2945940.5885,13.0,3.5259,11.4062,6.9952,-0.01094,0.01201,-0.02145
2024/02/14 04:22:35.00,461332.7019,5634450.974,2945940.8448,13.0,3.5258,11.4069,6.9953,0.00178,0.02494,0.00233
2024/02/14 04:22:36.00,461332.7156,5634451.3421,2945941.1403,13.0,3.5258,11.4075,6.9954,0.01494,-0.03025,0.01373
2024/02/14 04:22:37.00,461332.6796,5634451.4681,2945941.2839,13.0,3.5258,11.4082,6.9955,0.02305,0.00431,0.00131
2024/02/14 04:22:38.00,461332.682,5634451.7423,2945941.4167,13.0,3.5258,11.4088,6.9955,0.00684,-0.03662,-0.02994
2024/02/14 04:22:39.00,461332.7233,5634451.6127,2945941.2584,13.0,3.5258,11.4095,6.9956,0.01743,-0.03667,-0.04406
2024/02/14 04:22:40.00,461332.6963,5634451.4944,2945941.2548,13.0,3.5258,11.4101,6.9957,-0.01498,-0.04766,-0.00691
2024/02/14 04:22:41.00,461332.6695,5634451.41,2945941.0813,13.0,3.5258,11.4108,6.9958,0.00549,0.02335,0.03276
2024/02/14 04:22:42.00,461332.6084,5634451.1513,2945940.8132,13.0,3.5258,11.4114,6.9958,-0.00206,-0.01178,-0.01084
2024/02/14 04:22:43.00,461332.6237,5634450.9449,2945940.6069,13.0,3.5257,11.4121,6.9959,0.01023,0.07756,0.01064
2024/02/14 04:22:44.00,461332.6571,5634451.0235,2945940.5419,13.0,3.5257,11.4127,6.996,0.00597,-0.06714,-0.00982
2024/02/14 04:22:45.00,461332.5937,5634451.1576,2945940.7277,13.0,3.5257,11.4134,6.9961,-0.01274,-0.06522,-0.05308
2024/02/14 04:22:46.00,461332.6114,5634451.3851,2945940.6664,13.0,3.5257,11.414,6.9962,-0.01315,-0.01591,-0.03166
2024/02/14 04:22:47.00,461332.6444,5634451.4405,2945940.8433,13.0,3.5257,11.4146,6.9962,0.00827,-0.02498,-0.00568
2024/02/14 04:22:48.00,461332.6328,5634451.5456,2945941.0951,13.0,3.5257,11.4153,6.9963,0.00885,0.01728,-0.00426
2024/02/14 04:22:49.00,461332.6009,5634451.4971,2945941.1792,13.0,3.5257,11.4159,6.9964,0.00049,-0.0707,-0.00981
2024/02/14 04:22:50.00,461332.6,5634451.3694,2945941.0583,13.0,3.5257,11.4166,6.9965,0.01394,0.02176,-0.01621
2024/02/14 04:22:51.00,461332.6294,5634451.275,2945941.0389,13.0,3.5256,11.4172,6.9965,-0.02509,-0.06207,-0.03584
2024/02/14 04:22:52.00,461332.6576,5634451.0976,2945940.9343,13.0,3.5256,11.4179,6.9966,0.00041,-0.00126,0.0179
2024/02/14 04:22:53.00,461332.7097,5634450.9731,2945940.6293,13.0,3.5256,11.4185,6.9967,-0.01262,-0.08495,-0.02632
2024/02/14 04:22:54.00,461332.6815,5634451.049,2945940.5662,13.0,3.5256,11.4192,6.9968,0.01497,-0.02928,-0.00941
2024/02/14 04:22:55.00,461332.7274,5634451.1087,2945940.6626,13.0,3.5256,11.4198,6.9968,0.00161,7e-05,0.00291
2024/02/14 04:22:56.00,461332.6698,5634451.1771,2945940.9416,13.0,3.5256,11.4204,6.9969,-0.01298,-0.02677,-0.01208
2024/02/14 04:22:57.00,461332.6193,5634451.2821,2945940.9782,13.0,3.5256,11.4211,6.997,0.00684,0.0362,0.00025
2024/02/14 04:22:58.00,461332.6317,5634451.5153,2945941.2902,13.0,3.5256,11.4217,6.9971,-0.0023,0.02707,0.01419
2024/02/14 04:22:59.00,461332.6107,5634451.5353,2945941.3854,13.0,3.5256,11.4224,6.9971,-9e-05,0.05222,0.05914
2024/02/14 04:23:00.00,461332.6071,5634451.4891,2945941.2284,13.0,3.5255,11.423,6.9972,-0.01162,-0.09293,-0.04919
2024/02/14 04:23:01.00,461332.5986,5634451.4574,2945941.148,13.0,3.5255,11.4237,6.9973,-0.00364,0.04517,-0.005
2024/02/14 04:23:02.00,461332.619,5634451.2762,2945940.8704,13.0,3.5255,11.4243,6.9974,0.00199,-0.04708,-0.03764
2024/02/14 04:23:03.00,461332.6017,5634451.1344,2945940.7372,13.0,3.5255,11.4249,6.9974,-0.00411,-0.01678,0.01213
2024/02/14 04:23:04.00,461332.6866,5634451.0342,2945940.6598,13.0,3.5255,11.4256,6.9975,0.00541,-0.03078,-0.00809
2024/02/14 04:23:05.00,461332.6296,5634451.046,2945940.8418,13.0,3.5255,11.4262,6.9976,0.00385,0.0032,-0.004
2024/02/14 04:23:06.00,461332.576,5634451.0479,2945940.9055,13.0,3.5255,11.4269,6.9976,-0.01293,-0.02033,-0.00251
2024/02/14 04:23:07.00,461332.5855,5634451.2554,2945941.0881,13.0,3.5255,11.4275,6.9977,-0.00458,0.02959,0.02097
2024/02/14 04:23:08.00,461332.507,5634451.3013,2945941.115,13.0,3.5255,11.4282,6.9978,0.00623,-0.06061,-0.04314
2024/02/14 04:23:09.00,461332.4958,5634451.266,2945941.0106,13.0,3.5254,11.4288,6.9979,-0.00265,-0.01858,-0.03156
2024/02/14 04:23:10.00,461332.4902,5634450.942,2945940.7985,13.0,3.5254,11.4294,6.9979,0.00313,0.0555,0.02662
2024/02/14 04:23:11.00,461332.4936,5634450.7099,2945940.4481,13.0,3.5254,11.4301,6.998,0.02309,0.06907,0.03403
2024/02/14 04:23:12.00,461332.4939,5634450.683,2945940.6231,13.0,3.5254,11.4307,6.9981,0.00708,0.0226,-0.00034
2024/02/14 04:23:13.00,461332.5082,5634450.9835,2945940.703,13.0,3.5254,11.4314,6.9981,-0.0006,-0.05373,-0.00301
2024/02/14 04:23:14.00,461332.4916,5634451.1705,2945940.9078,13.0,3.5254,11.432,6.9982,0.00089,0.00108,0.0034
2024/02/14 04:23:15.00,461332.507,5634451.3767,2945941.1367,13.0,3.5254,11.4326,6.9983,-0.01032,-0.06542,-0.02061
2024/02/14 04:23:16.00,461332.5105,5634451.4441,2945941.0937,13.0,3.5254,11.4333,6.9983,-0.01574,0.0042,-0.01968
2024/02/14 04:23:17.00,461332.5527,5634451.3912,2945941.1726,13.0,3.5254,11.4339,6.9984,1e-05,0.01197,0.01591
2024/02/14 04:23:18.00,461332.5474,5634451.38,2945940.8295,13.0,3.5253,11.4346,6.9985,0.0005,-0.05034,-0.00176
2024/02/14 04:23:19.00,461332.5144,5634451.2289,2945940.7246,13.0,3.5253,11.4352,6.9985,-7e-05,-0.03096,-0.01528
2024/02/14 04:23:20.00,461332.5326,5634451.3428,2945940.8898,13.0,3.5253,11.4358,6.9986,-0.00447,-0.0206,-0.03271
2024/02/14 04:23:21.00,461332.48,5634451.5281,2945941.1557,13.0,3.5253,11.4365,6.9987,-0.0108,-0.06727,-0.02767
2024/02/14 04:23:22.00,461332.5313,5634451.7085,2945941.407,13.0,3.5253,11.4371,6.9987,0.00911,-0.01545,0.00525
2024/02/14 04:23:23.00,461332.4971,5634451.5977,2945941.3139,13.0,3.5253,11.4377,6.9988,0.01386,0.11178,0.01816
2024/02/14 04:23:24.00,461332.4849,5634451.4678,2945941.2473,13.0,3.5253,11.4384,6.9989,0.00338,0.00707,0.00224
2024/02/14 04:23:25.00,461332.549,5634451.0699,2945940.8983,13.0,3.5253,11.439,6.9989,-0.01125,-0.08852,-0.04721
2024/02/14 04:23:26.00,461332.5565,5634451.0888,2945940.8364,13.0,3.5253,11.4397,6.999,0.00928,-0.01671,0.0051
2024/02/14 04:23:27.00,461332.5053,5634451.2219,2945940.993,13.0,3.5252,11.4403,6.9991,0.00301,0.05172,-0.00483
2024/02/14 04:23:28.00,461332.5385,5634451.4198,2945941.1863,13.0,3.5252,11.4409,6.9991,-0.00963,-0.01826,-0.0147
2024/02/14 04:23:29.00,461332.5518,5634451.5043,2945941.321,13.0,3.5252,11.4416,6.9992,0.01321,-0.02046,-0.0147
2024/02/14 04:23:30.00,461332.5407,5634451.3516,2945941.0387,13.0,3.5252,11.4422,6.9993,0.01251,0.05787,0.00431
2024/02/14 04:23:31.00,461332.5101,5634451.0169,2945940.804,13.0,3.5252,11.4428,6.9993,-0.00603,0.08469,0.00372
2024/02/14 04:23:32.00,461332.5401,5634451.0209,2945940.6246,13.0,3.5252,11.4435,6.9994,0.00274,-0.00845,0.0056
2024/02/14 04:23:33.00,461332.5465,5634450.9816,2945940.6657,13.0,3.5252,11.4441,6.9995,-0.01619,-0.05583,-0.0253
2024/02/14 04:23:34.00,461332.5052,5634451.1579,2945940.8621,13.0,3.5252,11.4447,6.9995,-0.01171,-0.00489,-0.02637
2024/02/14 04:23:35.00,461332.5031,5634451.321,2945940.8906,13.0,3.5252,11.4454,6.9996,-0.00731,-0.05225,-0.01845
2024/02/14 04:23:36.00,461332.4608,5634451.3334,2945940.895,13.0,3.5252,11.446,6.9997,-0.02224,-0.06452,-0.01284
2024/02/14 04:23:37.00,461332.4572,5634451.0455,2945940.5579,13.0,3.5251,11.4466,6.9997,-0.00139,0.02956,-0.00576
2024/02/14 04:23:38.00,461332.4551,5634451.0129,2945940.4521,13.0,3.5251,11.4473,6.9998,0.00948,-0.00155,0.00505
2024/02/14 04:23:39.00,461332.4674,5634451.0207,2945940.5126,13.0,3.5251,11.4479,6.9998,0.0185,0.04499,0.01927
2024/02/14 04:23:40.00,461332.4558,5634451.2152,2945940.8027,13.0,3.5251,11.4485,6.9999,0.00392,0.00782,0.02236
2024/02/14 04:23:41.00,461332.4978,5634451.5725,2945941.1169,13.0,3.5251,11.4492,7.0,-0.00845,-0.02778,-0.04028
2024/02/14 04:23:42.00,461332.5099,5634451.4707,2945940.7809,13.0,3.5251,11.4498,7.0,-0.01135,0.00148,0.02386
2024/02/14 04:23:43.00,461332.5091,5634451.0732,2945940.4034,13.0,3.5251,11.4504,7.0001,0.01428,-0.01458,-0.01671
2024/02/14 04:23:44.00,461332.4792,5634451.0554,2945940.2881,13.0,3.5251,11.4511,7.0001,-0.01566,0.00725,-0.00615
2024/02/14 04:23:45.00,461332.5298,5634451.3164,2945940.6055,13.0,3.5251,11.4517,7.0002,-0.01563,-0.04028,-0.03733
2024/02/14 04:23:46.00,461332.4843,5634451.5533,2945940.698,13.0,3.5251,11.4523,7.0003,-0.00164,0.02395,0.00618
2024/02/14 04:23:47.00,461332.4538,5634451.6649,2945940.697,13.0,3.525,11.453,7.0003,-0.00064,-0.06091,-0.03995
2024/02/14 04:23:48.00,461332.3647,5634451.3795,2945940.5193,13.0,3.525,11.4536,7.0004,0.00098,-0.04298,-0.0266
2024/02/14 04:23:49.00,461332.4658,5634451.1219,2945940.2763,13.0,3.525,11.4542,7.0004,0.00832,0.00097,-0.00264
2024/02/14 04:23:50.00,461332.4256,5634451.0789,2945940.3826,13.0,3.525,11.4549,7.0005,0.00758,-0.02621,-0.00619
2024/02/14 04:23:51.00,461332.4375,5634451.2506,2945940.5978,13.0,3.525,11.4555,7.0006,-0.01118,-0.0397,-0.02147
2024/02/14 04:23:52.00,461332.4391,5634451.4243,2945940.6722,13.0,3.525,11.4561,7.0006,-0.00529,-0.01156,-0.01208
2024/02/14 04:23:53.00,461332.4745,5634451.2816,2945940.502,13.0,3.525,11.4568,7.0007,-0.00362,-0.02401,-0.01603
2024/02/14 04:23:54.00,461332.5757,5634451.1676,2945940.3638,13.0,3.525,11.4574,7.0007,-0.00254,0.00132,-0.00303
2024/02/14 04:23:55.00,461332.5502,5634451.0837,2945940.4636,13.0,3.525,11.458,7.0008,0.00139,-0.03863,-0.01744
2024/02/14 04:23:56.00,461332.5928,5634451.2113,2945940.6163,13.0,3.525,11.4587,7.0008,0.00595,-0.02714,-0.01902
2024/02/14 04:23:57.00,461332.5438,5634450.9404,2945940.4913,13.0,3.5249,11.4593,7.0009,0.01014,0.03552,0.02019
2024/02/14 04:23:58.00,461332.5398,5634450.5893,2945940.165,13.0,3.5249,11.4599,7.001,0.00884,-0.00069,0.02192
2024/02/14 04:23:59.00,461332.5406,5634450.338,2945940.0676,13.0,3.5249,11.4606,7.001,0.01402,0.04798,0.03804
2024/02/14 04:24:00.00,461332.5513,5634450.3433,2945940.0559,13.0,3.5249,11.4612,7.0011,0.00428,-0.01214,-0.03017
2024/02/14 04:24:01.00,461332.5934,5634450.2987,2945940.2268,13.0,3.5249,11.4618,7.0011,0.00775,-0.0514,-0.01827
2024/02/14 04:24:02.00,461332.5791,5634450.2501,2945940.2328,13.0,3.5249,11.4624,7.0012,-0.00732,0.03838,0.01201
2024/02/14 04:24:03.00,461332.6556,5634450.2475,2945940.1323,13.0,3.5249,11.4631,7.0012,-0.00489,-0.02707,-0.02893
2024/02/14 04:24:04.00,461332.6424,5634450.1891,2945939.9879,13.0,3.5249,11.4637,7.0013,-0.00123,-0.09475,-0.03777
2024/02/14 04:24:05.00,461332.5494,5634450.2858,2945940.2835,13.0,3.5249,11.4643,7.0013,0.0018,-0.03529,-0.02452
2024/02/14 04:24:06.00,461332.6258,5634450.5031,2945940.3048,13.0,3.5249,11.465,7.0014,0.00447,-0.02261,-0.00934
2024/02/14 04:24:07.00,461332.6237,5634450.5121,2945940.2559,13.0,3.5249,11.4656,7.0014,0.01069,-0.00756,-0.02504
2024/02/14 04:24:08.00,461332.7018,5634450.3281,2945939.9322,13.0,3.5248,11.4662,7.0015,0.00405,0.01543,-0.01018
2024/02/14 04:24:09.00,461332.7138,5634450.4252,2945939.8728,13.0,3.5248,11.4668,7.0015,0.00307,0.02723,0.00827
2024/02/14 04:24:10.00,461332.7148,5634450.6564,2945940.2416,13.0,3.5248,11.4675,7.0016,-0.00825,-0.03588,-0.03773
2024/02/14 04:24:11.00,461332.7833,5634450.7191,2945940.2653,13.0,3.5248,11.4681,7.0017,0.00634,-0.01731,0.00298
2024/02/14 04:24:12.00,461332.6981,5634450.2977,2945940.0024,13.0,3.5248,11.4687,7.0017,0.00939,0.00171,-0.0226
2024/02/14 04:24:13.00,461332.6703,5634450.1366,2945939.8355,13.0,3.5248,11.4693,7.0018,0.01297,0.06694,0.03366
2024/02/14 04:24:14.00,461332.6824,5634450.1072,2945939.9851,13.0,3.5248,11.47,7.0018,0.00127,-0.00423,0.01676
2024/02/14 04:24:15.00,461332.5837,5634450.4722,2945940.2329,13.0,3.5248,11.4706,7.0019,-0.01305,-0.01032,-0.02469
2024/02/14 04:24:16.00,461332.6524,5634450.3759,2945940.1011,13.0,3.5248,11.4712,7.0019,0.01902,-0.01122,-0.00426
2024/02/14 04:24:17.00,461332.5706,5634450.3469,2945940.0638,13.0,3.5248,11.4719,7.002,0.02127,0.03821,0.01988
2024/02/14 04:24:18.00,461332.5059,5634450.4919,2945940.234,13.0,3.5248,11.4725,7.002,3e-05,-0.00144,0.03467
2024/02/14 04:24:19.00,461332.4818,5634451.0556,2945940.5737,13.0,3.5247,11.4731,7.0021,0.00214,-0.01501,0.00392
2024/02/14 04:24:20.00,461332.4925,5634451.1278,2945940.6481,13.0,3.5247,11.4737,7.0021,-0.00709,-0.00224,-0.01694
2024/02/14 04:24:21.00,461332.5192,5634450.9761,2945940.446,13.0,3.5247,11.4744,7.0022,-0.00584,0.04304,0.00855
2024/02/14 04:24:22.00,461332.507,5634451.0983,2945940.5892,13.0,3.5247,11.475,7.0022,-0.00745,-0.0379,-0.01823
2024/02/14 04:24:23.00,461332.4363,5634451.1847,2945940.7836,13.0,3.5247,11.4756,7.0023,0.0032,-0.01696,-0.02047
2024/02/14 04:24:24.00,461332.4357,5634451.1299,2945940.5641,13.0,3.5247,11.4762,7.0023,-0.00709,-0.05096,-0.03085
2024/02/14 04:24:25.00,461332.3855,5634450.9566,2945940.4804,13.0,3.5247,11.4769,7.0024,-0.00578,-0.05409,-0.0379
2024/02/14 04:24:26.00,461332.415,5634450.9858,2945940.4247,13.0,3.5247,11.4775,7.0024,0.0002,-0.0415,0.00259
2024/02/14 04:24:27.00,461332.4459,5634451.2003,2945940.6139,13.0,3.5247,11.4781,7.0024,0.00026,0.00892,0.01469
2024/02/14 04:24:28.00,461332.4582,5634451.2156,2945940.5469,13.0,3.5247,11.4787,7.0025,-0.01601,-0.0739,-0.01106
2024/02/14 04:24:29.00,461332.4841,5634450.8145,2945940.1878,13.0,3.5247,11.4793,7.0025,-0.00148,-0.03641,-0.03728
2024/02/14 04:24:30.00,461332.3841,5634450.9448,2945940.4393,13.0,3.5247,11.48,7.0026,0.01926,0.01225,0.02045
2024/02/14 04:24:31.00,461332.3716,5634451.1378,2945940.6004,13.0,3.5246,11.4806,7.0026,-0.0016,0.03764,0.00825
2024/02/14 04:24:32.00,461332.4088,5634451.1768,2945940.5292,13.0,3.5246,11.4812,7.0027,0.00295,-0.02599,0.00731
2024/02/14 04:24:33.00,461332.4216,5634451.0621,2945940.4102,13.0,3.5246,11.4818,7.0027,0.00386,-0.00301,-0.03525
2024/02/14 04:24:34.00,461332.3998,5634451.3278,2945940.5325,13.0,3.5246,11.4825,7.0028,0.00183,0.02845,0.01952
2024/02/14 04:24:35.00,461332.3361,5634451.2274,2945940.6325,13.0,3.5246,11.4831,7.0028,-0.01574,-0.03723,-0.0413
2024/02/14 04:24:36.00,461332.311,5634451.2215,2945940.4066,13.0,3.5246,11.4837,7.0029,0.00345,-0.01367,0.01592
2024/02/14 04:24:37.00,461332.3802,5634451.223,2945940.4064,13.0,3.5246,11.4843,7.0029,0.01035,0.00676,0.01025
2024/02/14 04:24:38.00,461332.3295,5634451.5293,2945940.7775,13.0,3.5246,11.4849,7.003,0.04884,0.05246,0.02382
2024/02/14 04:24:39.00,461332.3644,5634451.3637,2945940.6714,13.0,3.5246,11.4856,7.003,0.01179,0.04164,0.03391
2024/02/14 04:24:40.00,461332.3425,5634451.1714,2945940.4909,13.0,3.5246,11.4862,7.003,0.01527,0.04692,0.0159
2024/02/14 04:24:41.00,461332.3438,5634451.0396,2945940.5398,13.0,3.5246,11.4868,7.0031,-0.00034,0.03098,0.02398
2024/02/14 04:24:42.00,461332.3821,5634451.1482,2945940.6324,13.0,3.5246,11.4874,7.0031,0.00326,0.00052,-0.0072
2024/02/14 04:24:43.00,461332.3288,5634451.0361,2945940.5468,13.0,3.5246,11.4881,7.0032,-0.01126,-0.08569,-0.04191
2024/02/14 04:24:44.00,461332.3343,5634450.991,2945940.3474,13.0,3.5245,11.4887,7.0032,0.01165,0.04233,0.02803
2024/02/14 04:24:45.00,461332.3827,5634450.9957,2945940.5726,13.0,3.5245,11.4893,7.0033,0.0005,0.04353,0.03964
2024/02/14 04:24:46.00,461332.3667,5634450.7897,2945940.6072,13.0,3.5245,11.4899,7.0033,-0.0037,0.00891,0.01902
2024/02/14 04:24:47.00,461332.5056,5634450.5716,2945940.3453,13.0,3.5245,11.4905,7.0033,0.00865,-0.01411,-0.04289
2024/02/14 04:24:48.00,461332.5107,5634450.7131,2945940.6358,13.0,3.5245,11.4912,7.0034,-0.01543,-0.084,-0.03811
2024/02/14 04:24:49.00,461332.5682,5634450.7777,2945940.6936,13.0,3.5245,11.4918,7.0034,0.01177,-0.01387,-0.01662
2024/02/14 04:24:50.00,461332.6435,5634450.6752,2945940.5841,13.0,3.5245,11.4924,7.0035,-0.00502,-0.03847,-0.02089
2024/02/14 04:24:51.00,461332.6166,5634450.8381,2945940.6844,13.0,3.5245,11.493,7.0035,0.00174,-0.02411,-0.00381
2024/02/14 04:24:52.00,461332.6594,5634451.2805,2945940.8269,13.0,3.5245,11.4936,7.0035,-0.01702,-0.06254,-0.0073
2024/02/14 04:24:53.00,461332.6558,5634450.873,2945940.7457,13.0,3.5245,11.4942,7.0036,-0.01189,-0.07141,-0.01827
2024/02/14 04:24:54.00,461332.7501,5634450.5405,2945940.5404,13.0,3.5245,11.4949,7.0036,0.00802,-0.00564,-0.007
2024/02/14 04:24:55.00,461332.7786,5634450.6351,2945940.7171,13.0,3.5245,11.4955,7.0037,-0.00088,-0.02503,-0.01199
2024/02/14 04:24:56.00,461332.7695,5634450.8721,2945940.8534,13.0,3.5245,11.4961,7.0037,-0.00042,-0.01933,0.00116
2024/02/14 04:24:57.00,461332.8086,5634450.6454,2945940.564,13.0,3.5244,11.4967,7.0037,0.00682,0.03557,0.02282
2024/02/14 04:24:58.00,461332.7566,5634450.6491,2945940.7594,13.0,3.5244,11.4973,7.0038,-0.00413,0.04671,0.03116
2024/02/14 04:24:59.00,461332.7648,5634450.9769,2945940.9786,13.0,3.5244,11.4979,7.0038,-0.00214,0.02071,-7e-05
2024/02/14 04:25:00.00,461332.7718,5634450.6517,2945940.6238,13.0,3.5244,11.4986,7.0038,0.02588,0.11896,0.06337
2024/02/14 04:25:01.00,461332.7141,5634450.7098,2945940.812,13.0,3.5244,11.4992,7.0039,0.00623,-0.01669,-0.03595
2024/02/14 04:25:02.00,461332.6463,5634450.746,2945941.005,13.0,3.5244,11.4998,7.0039,0.00796,0.00228,0.02084
2024/02/14 04:25:03.00,461332.7126,5634450.58,2945940.8719,13.0,3.5244,11.5004,7.004,-0.02107,-0.00755,-0.02032
2024/02/14 04:25:04.00,461332.5936,5634450.4448,2945940.7835,13.0,3.5244,11.501,7.004,-0.00089,0.05054,0.0459
2024/02/14 04:25:05.00,461332.6654,5634450.7286,2945940.9503,13.0,3.5244,11.5016,7.004,0.00216,-0.02207,-0.02194
2024/02/14 04:25:06.00,461332.6355,5634450.4904,2945940.6412,13.0,3.5244,11.5023,7.0041,0.00017,-0.00837,-0.01925
2024/02/14 04:25:07.00,461332.6862,5634450.6809,2945940.6349,13.0,3.5244,11.5029,7.0041,-0.00602,-0.0238,-0.0206
2024/02/14 04:25:08.00,461332.6735,5634450.6901,2945940.5965,13.0,3.5244,11.5035,7.0041,-0.00915,-0.03019,-0.02391
2024/02/14 04:25:09.00,461332.6705,5634450.6636,2945940.4659,13.0,3.5244,11.5041,7.0042,-0.01327,-0.00663,-0.00947
2024/02/14 04:25:10.00,461332.6377,5634450.7603,2945940.2936,13.0,3.5244,11.5047,7.0042,-0.0069,0.00492,0.00804
2024/02/14 04:25:11.00,461332.6004,5634450.8767,2945940.4292,13.0,3.5243,11.5053,7.0042,0.00661,-0.00089,-0.01602
2024/02/14 04:25:12.00,461332.5933,5634450.8171,2945940.4197,13.0,3.5243,11.506,7.0043,-0.00168,-0.06875,-0.03799
2024/02/14 04:25:13.00,461332.6524,5634450.8304,2945940.2912,13.0,3.5243,11.5066,7.0043,-0.00315,0.04919,0.01933
2024/02/14 04:25:14.00,461332.6216,5634451.0058,2945940.549,13.0,3.5243,11.5072,7.0043,-0.00937,-0.00799,-0.01146
2024/02/14 04:25:15.00,461332.6297,5634451.1093,2945940.441,13.0,3.5243,11.5078,7.0044,-0.02533,-0.02071,-0.01669
2024/02/14 04:25:16.00,461332.6807,5634450.9237,2945940.1442,13.0,3.5243,11.5084,7.0044,-0.01082,-0.07196,-0.03439
2024/02/14 04:25:17.00,461332.5979,5634451.199,2945940.2664,13.0,3.5243,11.509,7.0044,-0.01193,-0.01952,0.02601
2024/02/14 04:25:18.00,461332.5963,5634451.0962,2945939.9974,13.0,3.5243,11.5096,7.0045,-0.00072,-0.05844,-0.01339
2024/02/14 04:25:19.00,461332.6091,5634450.9896,2945939.8887,13.0,3.5243,11.5102,7.0045,0.01646,0.01967,-0.01196
2024/02/14 04:25:20.00,461332.5995,5634451.2748,2945940.0941,13.0,3.5243,11.5109,7.0045,0.00127,0.02177,0.02737
2024/02/14 04:25:21.00,461332.5915,5634450.8015,2945939.8314,13.0,3.5243,11.5115,7.0046,0.00758,-0.0285,0.00859
2024/02/14 04:25:22.00,461332.6458,5634450.7845,2945939.7988,13.0,3.5243,11.5121,7.0046,0.00108,0.01921,-0.00087
2024/02/14 04:25:23.00,461332.6159,5634451.0595,2945939.8954,13.0,3.5243,11.5127,7.0046,-0.01077,-0.03097,-0.01853
2024/02/14 04:25:24.00,461332.6205,5634450.9009,2945939.6547,13.0,3.5243,11.5133,7.0047,-0.00298,0.0018,-0.00191
2024/02/14 04:25:25.00,461332.6565,5634451.1784,2945939.7775,13.0,3.5243,11.5139,7.0047,-0.01022,0.00606,-0.00365
2024/02/14 04:25:26.00,461332.582,5634451.3308,2945939.9171,13.0,3.5242,11.5145,7.0047,0.00283,0.00157,0.02452
2024/02/14 04:25:27.00,461332.5544,5634451.0546,2945939.6772,13.0,3.5242,11.5151,7.0048,0.00955,-0.03409,0.00339
2024/02/14 04:25:28.00,461332.5009,5634451.3799,2945939.93,13.0,3.5242,11.5157,7.0048,-0.01499,-0.04356,-0.05767
2024/02/14 04:25:29.00,461332.5445,5634451.3724,2945939.9284,13.0,3.5242,11.5164,7.0048,0.01044,-4e-05,-0.01059
2024/02/14 04:25:30.00,461332.6301,5634451.3679,2945939.6467,13.0,3.5242,11.517,7.0048,0.01377,0.02048,0.01044
2024/02/14 04:25:31.00,461332.5707,5634451.6495,2945939.8433,13.0,3.5242,11.5176,7.0049,-0.00811,-0.03475,-0.04473
2024/02/14 04:25:32.00,461332.5059,5634451.3937,2945939.7653,13.0,3.5242,11.5182,7.0049,0.01877,0.01202,0.01044
2024/02/14 04:25:33.00,461332.5451,5634451.6534,2945939.7876,13.0,3.5242,11.5188,7.0049,0.00059,-0.02268,-0.02441
2024/02/14 04:25:34.00,461332.5391,5634451.7542,2945939.9282,13.0,3.5242,11.5194,7.005,-0.00167,0.04293,0.03786
2024/02/14 04:25:35.00,461332.5679,5634451.4744,2945939.8355,13.0,3.5242,11.52,7.005,0.00441,0.01621,0.02289
2024/02/14 04:25:36.00,461332.5891,5634451.6756,2945940.0085,13.0,3.5242,11.5206,7.005,-0.02519,-0.00893,-0.02317
2024/02/14 04:25:37.00,461332.5745,5634451.7075,2945940.1005,13.0,3.5242,11.5212,7.005,0.00708,-0.0116,-0.02404
2024/02/14 04:25:38.00,461332.677,5634451.7103,2945939.9042,13.0,3.5242,11.5218,7.0051,-0.01852,-0.03501,0.00569
2024/02/14 04:25:39.00,461332.6589,5634451.9195,2945940.0321,13.0,3.5242,11.5225,7.0051,0.00674,0.00052,0.02599
2024/02/14 04:25:40.00,461332.6043,5634452.0235,2945940.0416,13.0,3.5242,11.5231,7.0051,0.00398,-0.05383,-0.03354
2024/02/14 04:25:41.00,461332.5679,5634452.2362,2945940.228,13.0,3.5242,11.5237,7.0051,-0.003,0.01464,0.01188
2024/02/14 04:25:42.00,461332.5852,5634452.1861,2945940.2342,13.0,3.5241,11.5243,7.0052,0.00408,0.03822,0.01876
2024/02/14 04:25:43.00,461332.5871,5634451.8041,2945940.224,13.0,3.5241,11.5249,7.0052,0.00587,0.03555,0.01164
2024/02/14 04:25:44.00,461332.6015,5634451.9007,2945940.4588,13.0,3.5241,11.5255,7.0052,-0.00241,0.00445,-0.00388
2024/02/14 04:25:45.00,461332.6395,5634451.5183,2945940.3217,13.0,3.5241,11.5261,7.0052,-0.00446,0.02674,0.01653
2024/02/14 04:25:46.00,461332.6128,5634451.7574,2945940.6099,13.0,3.5241,11.5267,7.0053,-0.00575,-0.02033,-0.00884
2024/02/14 04:25:47.00,461332.7094,5634451.9269,2945940.6643,13.0,3.5241,11.5273,7.0053,0.00839,0.03639,-6e-05
2024/02/14 04:25:48.00,461332.7531,5634451.8723,2945940.4985,13.0,3.5241,11.5279,7.0053,-0.00547,-0.09571,-0.02941
2024/02/14 04:25:49.00,461332.6814,5634451.8532,2945940.6038,13.0,3.5241,11.5285,7.0053,0.01468,0.05081,-0.00132
2024/02/14 04:25:50.00,461332.6738,5634451.5849,2945940.3629,13.0,3.5241,11.5291,7.0054,0.00639,0.01997,0.00597
2024/02/14 04:25:51.00,461332.7013,5634451.6786,2945940.534,13.0,3.5241,11.5297,7.0054,-0.00452,-0.01464,0.02551
2024/02/14 04:25:52.00,461332.6481,5634451.6762,2945940.5193,13.0,3.5241,11.5303,7.0054,-0.00374,-0.01104,0.0036
2024/02/14 04:25:53.00,461332.6549,5634451.8713,2945940.5254,13.0,3.5241,11.5309,7.0054,0.0021,0.0409,0.01758
2024/02/14 04:25:54.00,461332.6242,5634452.0163,2945940.7184,13.0,3.5241,11.5316,7.0054,-0.00016,-0.06096,-0.03246
2024/02/14 04:25:55.00,461332.6743,5634451.7882,2945940.5302,13.0,3.5241,11.5322,7.0055,-0.01525,-0.03971,-0.04428
2024/02/14 04:25:56.00,461332.7303,5634451.7048,2945940.4644,13.0,3.5241,11.5328,7.0055,-0.00117,-0.04058,-0.03203
2024/02/14 04:25:57.00,461332.6924,5634451.8652,2945940.4375,13.0,3.5241,11.5334,7.0055,0.00255,0.0483,0.0163
2024/02/14 04:25:58.00,461332.6962,5634451.8268,2945940.4534,13.0,3.5241,11.534,7.0055,0.00362,0.03397,0.03966
2024/02/14 04:25:59.00,461332.7139,5634452.0575,2945940.5665,13.0,3.5241,11.5346,7.0056,0.00177,-0.05567,-0.02479
2024/02/14 04:26:00.00,461332.7216,5634451.8625,2945940.5718,13.0,3.5241,11.5352,7.0056,0.00866,0.06943,0.03774
2024/02/14 04:26:01.00,461332.6766,5634452.2367,2945941.0019,13.0,3.524,11.5358,7.0056,0.01494,0.02607,0.01921
2024/02/14 04:26:02.00,461332.7517,5634452.2069,2945940.7139,13.0,3.524,11.5364,7.0056,-0.00179,-0.01829,-0.0001
2024/02/14 04:26:03.00,461332.7087,5634452.4331,2945940.9113,13.0,3.524,11.537,7.0056,0.0093,-0.00927,-0.00201
2024/02/14 04:26:04.00,461332.6721,5634452.4023,2945940.8137,13.0,3.524,11.5376,7.0057,0.01048,-0.00677,-0.00106
2024/02/14 04:26:05.00,461332.7384,5634452.3262,2945940.6927,13.0,3.524,11.5382,7.0057,-0.00374,0.00928,-0.01648
2024/02/14 04:26:06.00,461332.6146,5634452.35,2945940.8326,13.0,3.524,11.5388,7.0057,0.01582,0.01475,0.00676
2024/02/14 04:26:07.00,461332.5599,5634452.187,2945940.6984,13.0,3.524,11.5394,7.0057,0.01064,0.05525,0.02849
2024/02/14 04:26:08.00,461332.5941,5634452.473,2945940.924,13.0,3.524,11.54,7.0057,0.00407,-0.00147,-0.01821
2024/02/14 04:26:09.00,461332.585,5634452.0409,2945940.7295,13.0,3.524,11.5406,7.0057,0.00413,0.04456,0.00419
2024/02/14 04:26:10.00,461332.6059,5634452.2898,2945940.9126,13.0,3.524,11.5412,7.0058,-0.01163,-0.01763,0.00314
2024/02/14 04:26:11.00,461332.5674,5634452.2543,2945940.7391,13.0,3.524,11.5418,7.0058,-0.00193,-0.03789,-0.01082
2024/02/14 04:26:12.00,461332.5841,5634452.0855,2945940.6833,13.0,3.524,11.5424,7.0058,0.00171,0.00939,-0.02865
2024/02/14 04:26:13.00,461332.5092,5634452.1374,2945940.7091,13.0,3.524,11.543,7.0058,0.00645,-0.03738,-0.02036
2024/02/14 04:26:14.00,461332.4615,5634452.063,2945940.4516,13.0,3.524,11.5436,7.0058,0.01558,0.0766,0.0159
2024/02/14 04:26:15.00,461332.4148,5634451.9004,2945940.4556,13.0,3.524,11.5442,7.0058,-0.00381,-0.08604,-0.03545
2024/02/14 04:26:16.00,461332.4233,5634451.7542,2945940.5221,13.0,3.524,11.5448,7.0059,0.00626,-0.00891,-0.02012
2024/02/14 04:26:17.00,461332.4265,5634451.7057,2945940.5167,13.0,3.524,11.5454,7.0059,0.00346,0.01,-0.00892
2024/02/14 04:26:18.00,461332.3983,5634451.9246,2945940.3704,13.0,3.524,11.546,7.0059,0.00802,-0.03016,-0.01759
2024/02/14 04:26:19.00,461332.4065,5634452.1002,2945940.6498,13.0,3.524,11.5466,7.0059,0.0168,0.02608,0.0051
2024/02/14 04:26:20.00,461332.4795,5634451.9911,2945940.3811,13.0,3.524,11.5472,7.0059,0.00723,-0.02413,0.03146
2024/02/14 04:26:21.00,461332.4297,5634452.1574,2945940.3927,13.0,3.524,11.5478,7.0059,-0.00034,-0.04477,0.00983
2024/02/14 04:26:22.00,461332.388,5634451.8111,2945940.4887,13.0,3.5239,11.5484,7.0059,-0.00875,-0.01805,-0.01398
2024/02/14 04:26:23.00,461332.3496,5634451.7793,2945940.6301,13.0,3.5239,11.549,7.006,-0.01202,0.01971,0.01857
2024/02/14 04:26:24.00,461332.3886,5634451.7976,2945940.6529,13.0,3.5239,11.5496,7.006,0.00488,-0.00798,-0.00302
2024/02/14 04:26:25.00,461332.3527,5634451.9303,2945940.7,13.0,3.5239,11.5502,7.006,0.00839,0.00361,0.00996
2024/02/14 04:26:26.00,461332.3258,5634451.8663,2945940.7482,13.0,3.5239,11.5508,7.006,-0.00602,-0.00655,-0.01745
2024/02/14 04:26:27.00,461332.4015,5634451.796,2945940.584,13.0,3.5239,11.5514,7.006,0.01452,0.00259,-0.02055
2024/02/14 04:26:28.00,461332.4189,5634452.2141,2945940.8739,13.0,3.5239,11.552,7.006,0.00617,0.00322,-0.02061
2024/02/14 04:26:29.00,461332.4867,5634452.1218,2945940.6948,13.0,3.5239,11.5526,7.006,0.01638,0.05665,0.01659
2024/02/14 04:26:30.00,461332.5456,5634452.0302,2945940.597,13.0,3.5239,11.5532,7.006,0.00562,-0.02754,-0.00154
2024/02/14 04:26:31.00,461332.589,5634451.8799,2945940.4976,13.0,3.5239,11.5538,7.0061,0.01375,0.0352,0.00689
2024/02/14 04:26:32.00,461332.6127,5634451.9914,2945940.7329,13.0,3.5239,11.5544,7.0061,0.00421,0.04764,0.00994
2024/02/14 04:26:33.00,461332.6484,5634451.7508,2945940.4234,13.0,3.5239,11.555,7.0061,0.00506,-0.00816,-0.00722
2024/02/14 04:26:34.00,461332.6644,5634451.7669,2945940.6078,13.0,3.5239,11.5556,7.0061,-0.00309,0.01455,0.02482
2024/02/14 04:26:35.00,461332.6384,5634451.422,2945940.5735,13.0,3.5239,11.5562,7.0061,-0.01033,-0.07401,-0.04139
2024/02/14 04:26:36.00,461332.6437,5634451.2617,2945940.7366,13.0,3.5239,11.5568,7.0061,0.00274,0.00465,-0.00378
2024/02/14 04:26:37.00,461332.7182,5634451.1836,2945940.5311,13.0,3.5239,11.5574,7.0061,-0.00758,-0.02926,-0.00526
2024/02/14 04:26:38.00,461332.6078,5634451.2332,2945940.7749,13.0,3.5239,11.558,7.0061,0.01207,0.02948,-0.00497
2024/02/14 04:26:39.00,461332.6279,5634450.9842,2945940.6219,13.0,3.5239,11.5586,7.0061,-0.00779,-0.04033,0.02223
2024/02/14 04:26:40.00,461332.6176,5634450.9431,2945940.6585,13.0,3.5239,11.5592,7.0061,0.01061,-0.00329,0.01809
2024/02/14 04:26:41.00,461332.5881,5634450.8516,2945940.6895,13.0,3.5239,11.5598,7.0061,-0.02225,-0.02779,-0.03107
2024/02/14 04:26:42.00,461332.6059,5634450.7586,2945940.7602,13.0,3.5239,11.5604,7.0062,-0.00275,-0.00064,-0.01252
2024/02/14 04:26:43.00,461332.62,5634450.535,2945940.6225,13.0,3.5239,11.561,7.0062,-0.00783,-0.0227,0.02811
2024/02/14 04:26:44.00,461332.5535,5634450.6348,2945940.8443,13.0,3.5239,11.5616,7.0062,-0.00123,-0.02354,-0.02152
2024/02/14 04:26:45.00,461332.5058,5634450.6179,2945940.7069,13.0,3.5239,11.5621,7.0062,0.0035,-0.0196,-0.03104
2024/02/14 04:26:46.00,461332.5116,5634450.6221,2945940.6034,13.0,3.5239,11.5627,7.0062,-0.00905,-0.05056,-0.03122
2024/02/14 04:26:47.00,461332.5902,5634450.237,2945940.3736,13.0,3.5238,11.5633,7.0062,-0.01083,-0.02868,-0.01336
2024/02/14 04:26:48.00,461332.5267,5634450.4308,2945940.6089,13.0,3.5238,11.5639,7.0062,0.00246,0.03035,0.00659
2024/02/14 04:26:49.00,461332.583,5634450.1698,2945940.4273,13.0,3.5238,11.5645,7.0062,0.00604,0.00306,0.01413
2024/02/14 04:26:50.00,461332.5675,5634450.2767,2945940.6869,13.0,3.5238,11.5651,7.0062,-0.01226,-0.01347,-0.0171
2024/02/14 04:26:51.00,461332.528,5634450.1953,2945940.6384,13.0,3.5238,11.5657,7.0062,0.02185,0.01033,-0.00367
2024/02/14 04:26:52.00,461332.5673,5634450.4332,2945940.8908,13.0,3.5238,11.5663,7.0062,-0.00309,-0.10044,-0.05083
2024/02/14 04:26:53.00,461332.6028,5634450.3003,2945940.6346,13.0,3.5238,11.5669,7.0062,0.01136,0.08398,-0.00366
2024/02/14 04:26:54.00,461332.6629,5634450.6869,2945940.8764,13.0,3.5238,11.5675,7.0062,-0.00062,0.0755,0.01483
2024/02/14 04:26:55.00,461332.6447,5634450.879,2945940.8678,13.0,3.5238,11.5681,7.0062,0.00238,0.01932,0.0392
2024/02/14 04:26:56.00,461332.6797,5634450.9306,2945940.8871,13.0,3.5238,11.5687,7.0062,-0.02297,-0.04992,0.00388
2024/02/14 04:26:57.00,461332.6471,5634450.7793,2945940.7912,13.0,3.5238,11.5693,7.0062,0.00817,0.05482,0.02522
2024/02/14 04:26:58.00,461332.6162,5634450.7722,2945940.7482,13.0,3.5238,11.5699,7.0062,0.00394,0.00616,0.01103
2024/02/14 04:26:59.00,461332.6707,5634450.5431,2945940.7436,13.0,3.5238,11.5704,7.0062,0.01646,0.03973,0.02682
2024/02/14 04:27:00.00,461332.7141,5634450.493,2945940.5948,13.0,3.5238,11.571,7.0062,-0.02005,-0.0834,-0.0257
2024/02/14 04:27:01.00,461332.6091,5634450.5978,2945940.6974,13.0,3.5238,11.5716,7.0062,-0.00483,0.00425,-0.01055
2024/02/14 04:27:02.00,461332.5678,5634450.6213,2945940.6482,13.0,3.5238,11.5722,7.0062,0.00106,-0.00508,-0.00586
2024/02/14 04:27:03.00,461332.6006,5634450.9277,2945940.7774,13.0,3.5238,11.5728,7.0062,0.01374,0.09401,0.03886
2024/02/14 04:27:04.00,461332.6291,5634450.8121,2945940.5835,13.0,3.5238,11.5734,7.0062,-0.00214,-0.00342,-0.00333
2024/02/14 04:27:05.00,461332.5574,5634451.1835,2945940.7179,13.0,3.5238,11.574,7.0062,0.01848,0.06477,-0.00995
2024/02/14 04:27:06.00,461332.5516,5634451.0691,2945940.4447,13.0,3.5238,11.5746,7.0063,0.01418,0.03531,-0.00487
2024/02/14 04:27:07.00,461332.5671,5634451.1139,2945940.738,13.0,3.5238,11.5752,7.0063,0.00591,-0.01979,-0.02918
2024/02/14 04:27:08.00,461332.5566,5634451.356,2945940.6852,13.0,3.5238,11.5758,7.0063,-0.01534,-0.04916,-0.01442
2024/02/14 04:27:09.00,461332.5457,5634451.5449,2945940.9089,13.0,3.5238,11.5764,7.0063,0.00214,-0.02768,-0.02991
2024/02/14 04:27:10.00,461332.5374,5634451.5183,2945940.9118,13.0,3.5238,11.5769,7.0063,0.01722,0.00196,0.01885
2024/02/14 04:27:11.00,461332.5536,5634451.5165,2945940.6809,13.0,3.5238,11.5775,7.0062,0.00572,-0.0303,-0.05386
2024/02/14 04:27:12.00,461332.5175,5634451.6264,2945940.9291,13.0,3.5238,11.5781,7.0062,0.01237,0.02939,0.00568
2024/02/14 04:27:13.00,461332.5017,5634451.5169,2945940.8618,13.0,3.5238,11.5787,7.0062,0.01685,0.05755,-0.0118
2024/02/14 04:27:14.00,461332.4734,5634451.6501,2945940.8895,13.0,3.5238,11.5793,7.0062,-0.01801,-0.05726,-0.03154
2024/02/14 04:27:15.00,461332.4473,5634451.5023,2945940.6945,13.0,3.5238,11.5799,7.0062,-0.00074,-0.01947,0.01299
2024/02/14 04:27:16.00,461332.3974,5634451.4588,2945940.8775,13.0,3.5238,11.5805,7.0062,0.00859,-0.01434,-0.0271
2024/02/14 04:27:17.00,461332.4762,5634451.5912,2945940.5136,13.0,3.5238,11.5811,7.0062,-0.00033,-0.02532,-0.03685
2024/02/14 04:27:18.00,461332.4007,5634451.6774,2945940.5457,13.0,3.5238,11.5817,7.0062,-0.00799,-0.01577,-0.03953
2024/02/14 04:27:19.00,461332.4312,5634451.838,2945940.6864,13.0,3.5238,11.5822,7.0062,0.01592,0.00798,-0.03503
2024/02/14 04:27:20.00,461332.4311,5634451.6213,2945940.7115,13.0,3.5238,11.5828,7.0062,-0.01969,-0.10988,-0.03985
2024/02/14 04:27:21.00,461332.4142,5634451.5356,2945940.757,13.0,3.5238,11.5834,7.0062,0.02452,0.01217,-0.03706
2024/02/14 04:27:22.00,461332.4496,5634451.4809,2945940.5121,13.0,3.5238,11.584,7.0062,-0.00448,0.06374,0.0092
2024/02/14 04:27:23.00,461332.345,5634451.7532,2945940.8024,13.0,3.5237,11.5846,7.0062,-0.00692,-0.00781,0.0065
2024/02/14 04:27:24.00,461332.3227,5634451.6516,2945940.5392,13.0,3.5237,11.5852,7.0062,0.00468,-0.00446,0.02114
2024/02/14 04:27:25.00,461332.3701,5634451.5219,2945940.3614,13.0,3.5237,11.5858,7.0062,-0.01683,-0.01973,0.00238
2024/02/14 04:27:26.00,461332.3402,5634451.702,2945940.6711,13.0,3.5237,11.5863,7.0062,-0.01158,0.02367,0.01898
2024/02/14 04:27:27.00,461332.2676,5634451.7966,2945940.5786,13.0,3.5237,11.5869,7.0062,-0.01042,0.01274,0.00633
2024/02/14 04:27:28.00,461332.3432,5634452.1177,2945940.7168,13.0,3.5237,11.5875,7.0062,0.01032,-0.04351,-0.01886
2024/02/14 04:27:29.00,461332.3944,5634451.9134,2945940.4821,13.0,3.5237,11.5881,7.0062,-0.00289,0.06488,0.03719
2024/02/14 04:27:30.00,461332.383,5634451.6636,2945940.485,13.0,3.5237,11.5887,7.0062,0.01282,-0.01698,-0.00861
2024/02/14 04:27:31.00,461332.3933,5634451.8059,2945940.6119,13.0,3.5237,11.5893,7.0062,-0.00409,-0.11363,-0.04321
2024/02/14 04:27:32.00,461332.4908,5634451.5276,2945940.3749,13.0,3.5237,11.5899,7.0062,0.00653,-0.02513,0.00338
2024/02/14 04:27:33.00,461332.4684,5634451.7932,2945940.723,13.0,3.5237,11.5904,7.0062,0.01855,0.0373,0.00358
2024/02/14 04:27:34.00,461332.4511,5634451.5993,2945940.7315,13.0,3.5237,11.591,7.0062,-0.00458,-0.01702,-0.02727
2024/02/14 04:27:35.00,461332.4932,5634451.7896,2945940.8136,13.0,3.5237,11.5916,7.0061,-0.00533,-0.0143,0.00389
2024/02/14 04:27:36.00,461332.5825,5634451.6867,2945940.6064,13.0,3.5237,11.5922,7.0061,-0.00899,-0.00489,-0.00746
2024/02/14 04:27:37.00,461332.5689,5634451.5722,2945940.6116,13.0,3.5237,11.5928,7.0061,-0.00193,-0.03228,-0.02684
2024/02/14 04:27:38.00,461332.5956,5634451.8987,2945940.9349,13.0,3.5237,11.5934,7.0061,0.02865,0.10049,0.03439
2024/02/14 04:27:39.00,461332.6411,5634451.7708,2945940.7253,13.0,3.5237,11.5939,7.0061,0.00035,-0.01584,-0.01989
2024/02/14 04:27:40.00,461332.6469,5634451.6048,2945940.6945,13.0,3.5237,11.5945,7.0061,0.01421,-0.00739,-0.01976
2024/02/14 04:27:41.00,461332.6623,5634451.6233,2945940.79,13.0,3.5237,11.5951,7.0061,0.0158,0.033,-0.00272
2024/02/14 04:27:42.00,461332.5817,5634451.5119,2945940.8013,13.0,3.5237,11.5957,7.0061,-0.00355,-0.01567,-0.00398
2024/02/14 04:27:43.00,461332.6289,5634451.5756,2945940.9284,13.0,3.5237,11.5963,7.0061,0.02814,0.11796,0.01605
2024/02/14 04:27:44.00,461332.6041,5634451.4022,2945940.6928,13.0,3.5237,11.5969,7.0061,0.00233,0.07633,0.02737
2024/02/14 04:27:45.00,461332.5357,5634451.4539,2945940.7221,13.0,3.5237,11.5974,7.0061,0.01034,-0.00531,-0.02003
2024/02/14 04:27:46.00,461332.5395,5634451.4771,2945940.8558,13.0,3.5237,11.598,7.006,-0.00786,-0.08791,-0.01189
2024/02/14 04:27:47.00,461332.5748,5634451.5624,2945940.6636,13.0,3.5237,11.5986,7.006,0.00032,-0.01206,-0.02088
2024/02/14 04:27:48.00,461332.6122,5634451.7061,2945940.5226,13.0,3.5237,11.5992,7.006,-0.00827,-0.01652,0.01632
2024/02/14 04:27:49.00,461332.6202,5634451.6986,2945940.6462,13.0,3.5237,11.5998,7.006,0.00307,-0.01889,0.02692
2024/02/14 04:27:50.00,461332.5531,5634451.7041,2945940.7079,13.0,3.5237,11.6004,7.006,0.00571,-0.00912,0.01985
2024/02/14 04:27:51.00,461332.5914,5634451.7587,2945940.6416,13.0,3.5237,11.6009,7.006,0.01344,0.0434,0.00862
2024/02/14 04:27:52.00,461332.6206,5634451.9647,2945940.6193,13.0,3.5237,11.6015,7.006,0.01311,0.00265,0.00481
2024/02/14 04:27:53.00,461332.5822,5634452.0798,2945940.7659,13.0,3.5237,11.6021,7.006,-0.00713,0.05459,0.01146
2024/02/14 04:27:54.00,461332.5352,5634452.0701,2945940.8788,13.0,3.5237,11.6027,7.0059,0.00036,-0.02907,-0.02134
2024/02/14 04:27:55.00,461332.5604,5634451.9815,2945940.7042,13.0,3.5237,11.6033,7.0059,0.00586,0.00526,0.00238
2024/02/14 04:27:56.00,461332.5835,5634452.0007,2945940.7271,13.0,3.5237,11.6038,7.0059,0.01096,-0.01759,0.01279
2024/02/14 04:27:57.00,461332.5607,5634452.0537,2945940.869,13.0,3.5237,11.6044,7.0059,-0.00579,0.00679,0.00239
2024/02/14 04:27:58.00,461332.5536,5634451.8642,2945940.8161,13.0,3.5237,11.605,7.0059,-0.01115,0.03277,0.017
2024/02/14 04:27:59.00,461332.6357,5634451.9641,2945940.8623,13.0,3.5237,11.6056,7.0059,-0.01085,0.05372,0.03134
2024/02/14 04:28:00.00,461332.6316,5634452.0021,2945940.8042,13.0,3.5237,11.6062,7.0059,-0.01622,-0.05575,-0.01395
2024/02/14 04:28:01.00,461332.5681,5634452.102,2945940.7502,13.0,3.5237,11.6067,7.0058,-0.00935,-0.04838,-0.01933
2024/02/14 04:28:02.00,461332.5899,5634452.251,2945940.895,13.0,3.5237,11.6073,7.0058,0.00811,0.02146,0.0136
2024/02/14 04:28:03.00,461332.5569,5634452.1555,2945940.8553,13.0,3.5237,11.6079,7.0058,0.01577,0.02164,0.005
2024/02/14 04:28:04.00,461332.5627,5634452.0891,2945940.6139,13.0,3.5237,11.6085,7.0058,-0.00188,0.00971,-0.00553
2024/02/14 04:28:05.00,461332.4961,5634452.3128,2945940.7757,13.0,3.5237,11.609,7.0058,-0.0031,0.01064,-0.01288
2024/02/14 04:28:06.00,461332.5438,5634452.2555,2945940.7172,13.0,3.5237,11.6096,7.0058,0.02179,0.02536,-0.02153
2024/02/14 04:28:07.00,461332.5683,5634452.3396,2945940.7038,13.0,3.5237,11.6102,7.0057,0.02311,0.06714,0.03305
2024/02/14 04:28:08.00,461332.5775,5634452.4694,2945940.7385,13.0,3.5237,11.6108,7.0057,0.01711,0.03824,0.0442
2024/02/14 04:28:09.00,461332.6306,5634452.1091,2945940.531,13.0,3.5237,11.6114,7.0057,-0.00516,-0.04662,-0.01429
2024/02/14 04:28:10.00,461332.6194,5634451.9795,2945940.4399,13.0,3.5237,11.6119,7.0057,0.01063,0.04436,0.03969
2024/02/14 04:28:11.00,461332.5536,5634452.3313,2945940.7117,13.0,3.5237,11.6125,7.0057,0.01374,-0.04041,-0.00855
2024/02/14 04:28:12.00,461332.6186,5634452.3784,2945940.6118,13.0,3.5237,11.6131,7.0057,-0.00927,0.01456,0.00784
2024/02/14 04:28:13.00,461332.6413,5634452.0917,2945940.4752,13.0,3.5237,11.6137,7.0056,-0.00015,-0.00491,0.01673
2024/02/14 04:28:14.00,461332.5952,5634451.9835,2945940.5037,13.0,3.5237,11.6142,7.0056,0.01089,0.02426,0.01388
2024/02/14 04:28:15.00,461332.6534,5634451.7442,2945940.5378,13.0,3.5237,11.6148,7.0056,0.00381,-0.07095,-0.00333
2024/02/14 04:28:16.00,461332.6501,5634451.7429,2945940.4508,13.0,3.5237,11.6154,7.0056,0.00321,-0.01611,0.00214
2024/02/14 04:28:17.00,461332.6937,5634451.7824,2945940.5323,13.0,3.5237,11.616,7.0056,0.00298,0.05709,0.01649
2024/02/14 04:28:18.00,461332.6805,5634451.549,2945940.5577,13.0,3.5237,11.6165,7.0055,-0.00249,0.02191,0.01779
2024/02/14 04:28:19.00,461332.6694,5634451.6341,2945940.5661,13.0,3.5237,11.6171,7.0055,0.00094,-0.03837,-0.00501
2024/02/14 04:28:20.00,461332.6823,5634451.7733,2945940.5043,13.0,3.5237,11.6177,7.0055,0.00525,-0.04833,-0.05373
2024/02/14 04:28:21.00,461332.7268,5634451.8812,2945940.3837,13.0,3.5237,11.6183,7.0055,-0.00031,0.03763,0.03233
2024/02/14 04:28:22.00,461332.7236,5634451.7696,2945940.363,13.0,3.5237,11.6188,7.0055,-0.01654,0.04994,0.03021
2024/02/14 04:28:23.00,461332.7438,5634451.7649,2945940.4766,13.0,3.5237,11.6194,7.0054,0.00579,-0.00342,0.00559
2024/02/14 04:28:24.00,461332.6585,5634451.7463,2945940.652,13.0,3.5237,11.62,7.0054,-0.00769,-0.06561,-0.05906
2024/02/14 04:28:25.00,461332.6629,5634451.1761,2945940.4407,13.0,3.5237,11.6206,7.0054,0.00746,0.03409,0.01168
2024/02/14 04:28:26.00,461332.719,5634451.0774,2945940.3204,13.0,3.5237,11.6211,7.0054,0.0147,0.06104,0.03805
2024/02/14 04:28:27.00,461332.7388,5634451.2945,2945940.5175,13.0,3.5237,11.6217,7.0053,0.0048,-0.02367,-0.03115
2024/02/14 04:28:28.00,461332.7215,5634451.3552,2945940.5119,13.0,3.5237,11.6223,7.0053,0.00692,0.04119,0.02373
2024/02/14 04:28:29.00,461332.7141,5634451.1152,2945940.3591,13.0,3.5237,11.6229,7.0053,0.00428,-0.00769,-0.01166
2024/02/14 04:28:30.00,461332.797,5634451.101,2945940.4998,13.0,3.5237,11.6234,7.0053,-0.01512,-0.02523,-0.01421
2024/02/14 04:28:31.00,461332.7493,5634451.4649,2945940.5936,13.0,3.5237,11.624,7.0053,-0.00548,-0.00826,-0.02592
2024/02/14 04:28:32.00,461332.6923,5634451.302,2945940.6136,13.0,3.5237,11.6246,7.0052,-0.01368,-0.07103,-0.02641
2024/02/14 04:28:33.00,461332.7563,5634451.3326,2945940.5894,13.0,3.5237,11.6252,7.0052,-0.00339,-0.06357,0.00307
2024/02/14 04:28:34.00,461332.7412,5634451.5007,2945940.656,13.0,3.5237,11.6257,7.0052,0.00769,-0.03825,-0.00807
2024/02/14 04:28:35.00,461332.7726,5634451.5131,2945940.4729,13.0,3.5237,11.6263,7.0052,0.00975,-0.00821,0.04405
2024/02/14 04:28:36.00,461332.744,5634451.3394,2945940.4646,13.0,3.5237,11.6269,7.0051,-0.00378,-0.00573,0.01504
2024/02/14 04:28:37.00,461332.7282,5634451.6225,2945940.6588,13.0,3.5237,11.6274,7.0051,0.00333,0.05555,0.01807
2024/02/14 04:28:38.00,461332.7615,5634451.4745,2945940.5423,13.0,3.5237,11.628,7.0051,0.01783,0.07594,0.02995
2024/02/14 04:28:39.00,461332.8273,5634451.3927,2945940.4615,13.0,3.5237,11.6286,7.0051,-0.02121,-0.02105,-0.04492
2024/02/14 04:28:40.00,461332.7523,5634451.4197,2945940.5027,13.0,3.5237,11.6292,7.005,0.00011,0.01505,0.02145
2024/02/14 04:28:41.00,461332.6785,5634451.5963,2945940.8591,13.0,3.5237,11.6297,7.005,0.00655,0.04389,0.00219
2024/02/14 04:28:42.00,461332.6477,5634451.5765,2945940.7498,13.0,3.5237,11.6303,7.005,0.00643,0.03518,-0.01174
2024/02/14 04:28:43.00,461332.7617,5634451.5165,2945940.5926,13.0,3.5237,11.6309,7.0049,0.00589,0.02348,0.00294
2024/02/14 04:28:44.00,461332.7634,5634451.3664,2945940.4989,13.0,3.5237,11.6314,7.0049,0.00696,0.07457,0.01029
2024/02/14 04:28:45.00,461332.7221,5634451.5497,2945940.6109,13.0,3.5237,11.632,7.0049,0.01348,0.03352,0.01457
2024/02/14 04:28:46.00,461332.7201,5634451.9842,2945940.6405,13.0,3.5237,11.6326,7.0049,-0.00845,-0.04108,0.01181
2024/02/14 04:28:47.00,461332.6725,5634451.7512,2945940.5278,13.0,3.5237,11.6332,7.0048,0.00039,-0.01587,-0.01032
2024/02/14 04:28:48.00,461332.6505,5634451.5677,2945940.5446,13.0,3.5237,11.6337,7.0048,0.00324,-0.00503,-0.01379
2024/02/14 04:28:49.00,461332.6594,5634451.7173,2945940.5787,13.0,3.5237,11.6343,7.0048,0.00677,0.04077,0.00945
2024/02/14 04:28:50.00,461332.6572,5634451.6496,2945940.5472,13.0,3.5237,11.6349,7.0047,-0.00213,-0.02675,-0.02185
2024/02/14 04:28:51.00,461332.6107,5634451.5896,2945940.5423,13.0,3.5237,11.6354,7.0047,-0.01871,0.04926,0.00849
2024/02/14 04:28:52.00,461332.5889,5634451.6951,2945940.7218,13.0,3.5237,11.636,7.0047,-0.01816,-0.05983,-0.03792
2024/02/14 04:28:53.00,461332.5934,5634451.5923,2945940.6473,13.0,3.5237,11.6366,7.0047,-0.00858,-0.05359,-0.02788
2024/02/14 04:28:54.00,461332.6583,5634451.5091,2945940.4501,13.0,3.5237,11.6371,7.0046,0.00793,-0.05623,-0.02876
2024/02/14 04:28:55.00,461332.7165,5634451.4133,2945940.4178,13.0,3.5237,11.6377,7.0046,-0.00387,-0.03284,-0.01715
2024/02/14 04:28:56.00,461332.6177,5634451.5407,2945940.7224,13.0,3.5237,11.6383,7.0046,-0.01119,-0.02269,-0.0098
2024/02/14 04:28:57.00,461332.6294,5634451.6792,2945940.6817,13.0,3.5237,11.6388,7.0045,0.01581,0.05632,0.0216
2024/02/14 04:28:58.00,461332.7036,5634451.8738,2945940.5709,13.0,3.5237,11.6394,7.0045,0.00492,0.01015,-0.03501
2024/02/14 04:28:59.00,461332.6964,5634451.6205,2945940.4344,13.0,3.5237,11.64,7.0045,0.01314,0.04913,0.01892
2024/02/14 04:29:00.00,461332.6954,5634451.7509,2945940.5904,13.0,3.5237,11.6405,7.0044,-0.00365,-0.06696,-0.01833
2024/02/14 04:29:01.00,461332.6885,5634451.6891,2945940.7302,13.0,3.5237,11.6411,7.0044,0.00158,0.02738,-0.0071
2024/02/14 04:29:02.00,461332.6127,5634451.6369,2945940.7751,13.0,3.5237,11.6417,7.0044,-0.00564,0.00866,-0.02201
2024/02/14 04:29:03.00,461332.6724,5634451.7358,2945940.7008,13.0,3.5237,11.6422,7.0043,-0.01195,-0.07475,-0.03575
2024/02/14 04:29:04.00,461332.5605,5634452.0469,2945940.6593,13.0,3.5237,11.6428,7.0043,-0.02159,-0.03726,-0.01646
2024/02/14 04:29:05.00,461332.5574,5634451.9891,2945940.6763,13.0,3.5237,11.6434,7.0043,0.00726,0.01733,0.00548
2024/02/14 04:29:06.00,461332.5564,5634452.1757,2945940.8764,13.0,3.5237,11.6439,7.0042,0.01233,0.00106,0.01726
2024/02/14 04:29:07.00,461332.555,5634452.09,2945940.8808,13.0,3.5237,11.6445,7.0042,-0.01259,-0.01281,-0.01616
2024/02/14 04:29:08.00,461332.553,5634452.0537,2945940.8773,13.0,3.5237,11.6451,7.0042,-0.01489,-0.03638,-0.00819
2024/02/14 04:29:09.00,461332.6561,5634452.1542,2945940.6936,13.0,3.5237,11.6456,7.0041,0.00357,-0.02245,-0.02863
2024/02/14 04:29:10.00,461332.5806,5634452.1656,2945940.774,13.0,3.5237,11.6462,7.0041,-0.01275,-0.02844,-0.01892
2024/02/14 04:29:11.00,461332.5646,5634452.3168,2945940.8564,13.0,3.5237,11.6468,7.0041,-0.00524,0.02959,0.0095
2024/02/14 04:29:12.00,461332.5313,5634452.0911,2945940.6865,13.0,3.5237,11.6473,7.004,-0.01255,-0.0521,-0.0268
2024/02/14 04:29:13.00,461332.5363,5634451.917,2945940.6408,13.0,3.5237,11.6479,7.004,-0.01274,-0.03391,-0.016
2024/02/14 04:29:14.00,461332.5196,5634452.0145,2945940.7265,13.0,3.5237,11.6485,7.004,0.00368,0.01303,-0.01957
2024/02/14 04:29:15.00,461332.6161,5634451.8978,2945940.6412,13.0,3.5237,11.649,7.0039,-0.00974,-0.02442,-0.0396
2024/02/14 04:29:16.00,461332.6063,5634452.058,2945940.6215,13.0,3.5237,11.6496,7.0039,-0.00478,0.01859,0.03357
2024/02/14 04:29:17.00,461332.6055,5634452.0423,2945940.8065,13.0,3.5237,11.6502,7.0038,0.00113,0.03201,0.00677
2024/02/14 04:29:18.00,461332.6534,5634452.0338,2945940.8059,13.0,3.5237,11.6507,7.0038,0.01831,0.03965,-0.00506
2024/02/14 04:29:19.00,461332.6932,5634451.7171,2945940.7038,13.0,3.5237,11.6513,7.0038,0.00969,0.04208,0.01617
2024/02/14 04:29:20.00,461332.7497,5634451.704,2945940.6144,13.0,3.5238,11.6518,7.0037,-0.00172,-0.03754,-0.03851
2024/02/14 04:29:21.00,461332.656,5634451.8633,2945940.6456,13.0,3.5238,11.6524,7.0037,-0.00421,-0.0055,-0.015
2024/02/14 04:29:22.00,461332.6546,5634452.0747,2945940.7694,13.0,3.5238,11.653,7.0037,-0.0011,-0.02276,0.00259
2024/02/14 04:29:23.00,461332.6177,5634451.8374,2945940.7886,13.0,3.5238,11.6535,7.0036,-0.00347,0.01894,0.01011
2024/02/14 04:29:24.00,461332.5998,5634451.968,2945940.9078,13.0,3.5238,11.6541,7.0036,-0.0109,-0.02329,-0.00368
2024/02/14 04:29:25.00,461332.5774,5634451.8964,2945940.8089,13.0,3.5238,11.6547,7.0035,-0.00408,0.00609,-0.02098
2024/02/14 04:29:26.00,461332.5595,5634451.9544,2945940.686,13.0,3.5238,11.6552,7.0035,-0.01031,-0.024,-0.0311
2024/02/14 04:29:27.00,461332.5592,5634452.0115,2945940.6798,13.0,3.5238,11.6558,7.0035,-0.00071,-0.01744,0.01616
2024/02/14 04:29:28.00,461332.6315,5634451.9388,2945940.6529,13.0,3.5238,11.6563,7.0034,0.00588,0.0008,-0.00212
2024/02/14 04:29:29.00,461332.647,5634451.9272,2945940.7562,13.0,3.5238,11.6569,7.0034,-0.01211,0.0254,-0.01368
2024/02/14 04:29:30.00,461332.6115,5634451.827,2945940.8212,13.0,3.5238,11.6575,7.0033,0.01123,0.0261,0.01892
2024/02/14 04:29:31.00,461332.6407,5634452.1794,2945940.9273,13.0,3.5238,11.658,7.0033,0.00488,-0.02914,-0.03621
2024/02/14 04:29:32.00,461332.6919,5634452.2727,2945940.9006,13.0,3.5238,11.6586,7.0033,0.00096,0.01963,-0.02062
2024/02/14 04:29:33.00,461332.7733,5634452.1602,2945940.7853,13.0,3.5238,11.6591,7.0032,-0.00424,0.03215,0.02073
2024/02/14 04:29:34.00,461332.6489,5634452.0627,2945940.8555,13.0,3.5238,11.6597,7.0032,0.00718,0.01477,-0.01869
2024/02/14 04:29:35.00,461332.6035,5634452.2453,2945940.8316,13.0,3.5238,11.6603,7.0031,-0.0051,0.08334,-0.00149
2024/02/14 04:29:36.00,461332.6758,5634452.38,2945940.8356,13.0,3.5238,11.6608,7.0031,0.00779,0.00527,-0.00156
2024/02/14 04:29:37.00,461332.6849,5634452.3475,2945940.9573,13.0,3.5238,11.6614,7.003,-0.0061,-0.04512,-0.00866
2024/02/14 04:29:38.00,461332.6603,5634452.5371,2945940.7871,13.0,3.5238,11.6619,7.003,-0.01931,-0.01859,0.01432
2024/02/14 04:29:39.00,461332.6882,5634452.3508,2945940.5462,13.0,3.5238,11.6625,7.003,-0.00395,-0.01262,0.00075
2024/02/14 04:29:40.00,461332.6458,5634451.9953,2945940.5763,13.0,3.5238,11.6631,7.0029,-0.00592,0.01297,-0.00465
2024/02/14 04:29:41.00,461332.5763,5634452.1415,2945940.9249,13.0,3.5238,11.6636,7.0029,0.00999,0.0451,-0.01398
2024/02/14 04:29:42.00,461332.5646,5634452.5426,2945940.8186,13.0,3.5238,11.6642,7.0028,-0.00842,-0.06748,-0.04751
2024/02/14 04:29:43.00,461332.566,5634452.3039,2945940.7127,13.0,3.5238,11.6647,7.0028,0.01189,-0.01896,-0.02935
2024/02/14 04:29:44.00,461332.5,5634452.0455,2945940.5739,13.0,3.5238,11.6653,7.0027,-0.01087,-0.01578,0.0152
2024/02/14 04:29:45.00,461332.51,5634452.2077,2945940.4512,13.0,3.5238,11.6659,7.0027,0.00615,0.05586,0.01399
2024/02/14 04:29:46.00,461332.5515,5634452.1644,2945940.6011,13.0,3.5238,11.6664,7.0026,-0.00764,-0.03316,-0.02721
2024/02/14 04:29:47.00,461332.4749,5634452.0711,2945940.7958,13.0,3.5238,11.667,7.0026,0.01319,0.02995,0.00701
2024/02/14 04:29:48.00,461332.4752,5634452.3407,2945940.9304,13.0,3.5238,11.6675,7.0026,-0.00074,0.03429,0.00539
2024/02/14 04:29:49.00,461332.4824,5634452.3201,2945940.9318,13.0,3.5238,11.6681,7.0025,0.00327,0.04788,0.01805
2024/02/14 04:29:50.00,461332.5091,5634452.2289,2945940.8775,13.0,3.5238,11.6686,7.0025,0.00509,0.01296,-0.01378
2024/02/14 04:29:51.00,461332.4768,5634452.4005,2945940.7917,13.0,3.5238,11.6692,7.0024,-0.00666,0.02768,0.02716
2024/02/14 04:29:52.00,461332.4935,5634452.2217,2945940.7319,13.0,3.5238,11.6698,7.0024,0.00298,-0.03124,-0.00116
2024/02/14 04:29:53.00,461332.4492,5634451.9836,2945940.665,13.0,3.5238,11.6703,7.0023,-0.00257,0.05056,0.02455
2024/02/14 04:29:54.00,461332.3158,5634452.2189,2945940.7137,13.0,3.5238,11.6709,7.0023,-0.00019,-0.02556,-0.02164
2024/02/14 04:29:55.00,461332.3522,5634452.119,2945940.7683,13.0,3.5238,11.6714,7.0022,-0.00183,-0.00547,-0.0185
2024/02/14 04:29:56.00,461332.3646,5634452.1624,2945940.8176,13.0,3.5239,11.672,7.0022,0.00229,0.00086,0.00729
2024/02/14 04:29:57.00,461332.4437,5634452.2097,2945940.8864,13.0,3.5239,11.6725,7.0021,-0.00952,-0.08529,-0.04401
2024/02/14 04:29:58.00,461332.543,5634452.19,2945940.7154,13.0,3.5239,11.6731,7.0021,-0.00854,-0.00461,0.01757
2024/02/14 04:29:59.00,461332.4989,5634452.4792,2945940.8817,13.0,3.5239,11.6737,7.002,-0.00696,-0.02276,-0.02003
2024/02/14 04:30:00.00,461332.5733,5634452.4228,2945941.1349,13.0,3.5239,11.6742,7.002,0.00036,-0.00432,-0.03339
2024/02/14 04:30:01.00,461332.5237,5634452.4674,2945941.1309,13.0,3.5239,11.6748,7.0019,0.00348,0.00067,-0.00881
2024/02/14 04:30:02.00,461332.4849,5634452.6691,2945941.22,13.0,3.5239,11.6753,7.0019,-0.01385,-0.04618,-0.01785
2024/02/14 04:30:03.00,461332.4247,5634452.5068,2945941.1128,13.0,3.5239,11.6759,7.0018,0.01754,0.05732,0.02409
2024/02/14 04:30:04.00,461332.5023,5634452.3477,2945940.8957,13.0,3.5239,11.6764,7.0018,-0.01404,-0.02855,-0.01456
2024/02/14 04:30:05.00,461332.4791,5634452.0238,2945940.7207,13.0,3.5239,11.677,7.0017,-0.00412,-0.01844,-0.00354
2024/02/14 04:30:06.00,461332.4664,5634452.2734,2945940.8381,13.0,3.5239,11.6775,7.0017,0.00082,-0.03845,-0.01948
2024/02/14 04:30:07.00,461332.5545,5634452.1018,2945940.9869,13.0,3.5239,11.6781,7.0016,-0.00673,0.0066,0.00189
2024/02/14 04:30:08.00,461332.4278,5634452.2642,2945941.1861,13.0,3.5239,11.6786,7.0016,-0.00419,0.01605,-0.00779
2024/02/14 04:30:09.00,461332.5242,5634451.868,2945941.1135,13.0,3.5239,11.6792,7.0015,-0.01211,-0.06004,-0.01441
2024/02/14 04:30:10.00,461332.4355,5634451.9692,2945941.1296,13.0,3.5239,11.6798,7.0015,0.00312,-0.01553,0.01173
2024/02/14 04:30:11.00,461332.4212,5634451.8786,2945941.08,13.0,3.5239,11.6803,7.0014,0.01437,0.03763,0.00946
2024/02/14 04:30:12.00,461332.3818,5634451.8893,2945940.9572,13.0,3.5239,11.6809,7.0014,0.00959,0.01777,-0.00472
2024/02/14 04:30:13.00,461332.4604,5634451.7389,2945940.85,13.0,3.5239,11.6814,7.0013,-0.0019,-0.04366,-0.04286
2024/02/14 04:30:14.00,461332.5538,5634451.7225,2945941.188,13.0,3.5239,11.682,7.0013,0.00308,-0.00626,-0.01526
2024/02/14 04:30:15.00,461332.5052,5634451.8565,2945941.3405,13.0,3.5239,11.6825,7.0012,0.0069,0.01643,-0.03257
2024/02/14 04:30:16.00,461332.4755,5634451.9923,2945941.4166,13.0,3.5239,11.6831,7.0012,5e-05,0.07717,0.00247
2024/02/14 04:30:17.00,461332.4695,5634452.0749,2945941.6144,13.0,3.5239,11.6836,7.0011,-0.003,-0.02724,-0.00899
2024/02/14 04:30:18.00,461332.4176,5634452.1324,2945941.4688,13.0,3.5239,11.6842,7.0011,0.01136,0.02376,-0.00201
2024/02/14 04:30:19.00,461332.5064,5634452.19,2945941.4197,13.0,3.5239,11.6847,7.001,0.01028,0.00573,0.01357
2024/02/14 04:30:20.00,461332.4972,5634452.0977,2945941.3221,13.0,3.5239,11.6853,7.0009,0.01757,0.06342,0.04391
2024/02/14 04:30:21.00,461332.6336,5634452.0278,2945941.2682,13.0,3.524,11.6858,7.0009,-0.00829,-0.03056,-0.01393
2024/02/14 04:30:22.00,461332.5875,5634452.2593,2945941.2634,13.0,3.524,11.6864,7.0008,0.01515,-0.00721,-0.01541
2024/02/14 04:30:23.00,461332.6179,5634452.3577,2945941.4241,13.0,3.524,11.6869,7.0008,0.01105,-0.02987,-0.01584
2024/02/14 04:30:24.00,461332.4963,5634452.5553,2945941.3983,13.0,3.524,11.6875,7.0007,0.01499,0.00141,-0.01953
2024/02/14 04:30:25.00,461332.4991,5634452.4585,2945941.4671,13.0,3.524,11.688,7.0007,0.0059,0.03483,0.02293
2024/02/14 04:30:26.00,461332.4068,5634452.6357,2945941.5608,13.0,3.524,11.6886,7.0006,0.00389,-0.04558,0.00123
2024/02/14 04:30:27.00,461332.4955,5634452.416,2945941.4539,13.0,3.524,11.6891,7.0005,0.00086,0.0034,0.00853
2024/02/14 04:30:28.00,461332.4781,5634452.4002,2945941.3275,13.0,3.524,11.6897,7.0005,0.001,0.02809,0.00558
2024/02/14 04:30:29.00,461332.4206,5634452.6551,2945941.3548,13.0,3.524,11.6902,7.0004,0.00296,-0.04796,0.01306
2024/02/14 04:30:30.00,461332.5006,5634452.2297,2945941.2669,13.0,3.524,11.6908,7.0004,-0.01777,-0.03852,-0.01588
2024/02/14 04:30:31.00,461332.3941,5634452.3831,2945941.2308,13.0,3.524,11.6913,7.0003,0.00263,-0.01557,0.00996
2024/02/14 04:30:32.00,461332.4156,5634452.257,2945941.2855,13.0,3.524,11.6919,7.0003,0.01401,0.02038,0.01834
2024/02/14 04:30:33.00,461332.3583,5634452.3471,2945941.3773,13.0,3.524,11.6924,7.0002,0.00563,-0.01702,-0.01871
2024/02/14 04:30:34.00,461332.2338,5634452.6203,2945941.4009,13.0,3.524,11.693,7.0001,-0.0069,0.01508,-0.00586
2024/02/14 04:30:35.00,461332.3121,5634452.7169,2945941.5324,13.0,3.524,11.6935,7.0001,0.00166,-0.06294,-0.05024
2024/02/14 04:30:36.00,461332.2791,5634452.9558,2945941.4586,13.0,3.524,11.6941,7.0,0.0016,0.01297,0.01756
2024/02/14 04:30:37.00,461332.3082,5634452.8247,2945941.3751,13.0,3.524,11.6946,7.0,0.00671,-0.04166,-0.0078
2024/02/14 04:30:38.00,461332.4618,5634452.7154,2945941.2149,13.0,3.524,11.6952,6.9999,0.00554,-0.0001,0.02187
2024/02/14 04:30:39.00,461332.4911,5634452.6516,2945941.1238,13.0,3.524,11.6957,6.9998,0.00565,0.04698,0.02319
2024/02/14 04:30:40.00,461332.4406,5634452.5819,2945941.1083,13.0,3.524,11.6963,6.9998,0.00237,-0.06405,0.00859
2024/02/14 04:30:41.00,461332.4611,5634452.5962,2945941.2583,13.0,3.524,11.6968,6.9997,-0.01873,0.003,0.0052
2024/02/14 04:30:42.00,461332.3985,5634452.5346,2945941.3709,13.0,3.5241,11.6974,6.9997,-0.01085,0.01572,0.00458
2024/02/14 04:30:43.00,461332.4579,5634452.4897,2945941.5397,13.0,3.5241,11.6979,6.9996,-0.00836,0.033,0.03416
2024/02/14 04:30:44.00,461332.4856,5634452.4426,2945941.3832,13.0,3.5241,11.6985,6.9995,-0.01064,0.01885,0.03314
2024/02/14 04:30:45.00,461332.4563,5634452.4541,2945941.4222,13.0,3.5241,11.699,6.9995,-0.00736,-0.00146,-0.00619
2024/02/14 04:30:46.00,461332.5238,5634452.109,2945941.2572,13.0,3.5241,11.6996,6.9994,0.00753,-0.02716,-0.03153
2024/02/14 04:30:47.00,461332.5708,5634452.0481,2945941.0804,13.0,3.5241,11.7001,6.9994,0.01751,0.02383,0.01579
2024/02/14 04:30:48.00,461332.5656,5634452.1107,2945940.9348,13.0,3.5241,11.7006,6.9993,0.02486,0.03542,0.01942
2024/02/14 04:30:49.00,461332.6649,5634451.7151,2945941.0185,13.0,3.5241,11.7012,6.9992,0.01488,-0.03673,-0.00903
2024/02/14 04:30:50.00,461332.7076,5634451.6662,2945940.9714,13.0,3.5241,11.7017,6.9992,-0.01789,-0.02518,-0.01504
2024/02/14 04:30:51.00,461332.6009,5634451.6433,2945940.8148,13.0,3.5241,11.7023,6.9991,0.00472,-0.01465,0.00727
2024/02/14 04:30:52.00,461332.6151,5634451.9135,2945940.9728,13.0,3.5241,11.7028,6.999,-0.00436,0.00706,-0.00926
2024/02/14 04:30:53.00,461332.5258,5634451.8568,2945941.1291,13.0,3.5241,11.7034,6.999,-0.00344,0.01315,-0.01277
2024/02/14 04:30:54.00,461332.6032,5634451.8951,2945941.2215,13.0,3.5241,11.7039,6.9989,0.00648,-0.03118,-0.00741
2024/02/14 04:30:55.00,461332.6392,5634452.0166,2945941.3439,13.0,3.5241,11.7045,6.9988,-0.00899,0.03407,-0.01325
2024/02/14 04:30:56.00,461332.7563,5634452.0589,2945941.5043,13.0,3.5241,11.705,6.9988,-0.00153,0.01577,0.0162
2024/02/14 04:30:57.00,461332.8629,5634451.8054,2945941.3648,13.0,3.5241,11.7056,6.9987,0.00152,-0.03086,-0.02574
2024/02/14 04:30:58.00,461332.7735,5634451.8249,2945941.3882,13.0,3.5241,11.7061,6.9986,0.00133,-0.01061,-0.01775
2024/02/14 04:30:59.00,461332.7914,5634451.9379,2945941.352,13.0,3.5241,11.7066,6.9986,-0.00303,-0.01453,-0.00126
2024/02/14 04:31:00.00,461332.9041,5634451.7442,2945941.2775,13.0,3.5242,11.7072,6.9985,-0.00136,-0.0382,-0.02406
2024/02/14 04:31:01.00,461332.9152,5634451.5251,2945941.3793,13.0,3.5242,11.7077,6.9984,0.01728,0.09739,0.04694
2024/02/14 04:31:02.00,461332.9031,5634451.6164,2945941.253,13.0,3.5242,11.7083,6.9984,0.00246,-0.03774,-0.03778
2024/02/14 04:31:03.00,461332.8916,5634451.6263,2945941.2085,13.0,3.5242,11.7088,6.9983,-0.00838,-0.06098,-0.01514
2024/02/14 04:31:04.00,461332.8624,5634451.5856,2945941.3425,13.0,3.5242,11.7094,6.9982,0.01503,0.00018,-0.01394
2024/02/14 04:31:05.00,461332.9752,5634451.3409,2945941.3656,13.0,3.5242,11.7099,6.9982,0.00757,-0.01124,-0.01906
2024/02/14 04:31:06.00,461332.9951,5634451.3894,2945941.486,13.0,3.5242,11.7104,6.9981,0.00653,-0.04495,-0.03433
2024/02/14 04:31:07.00,461332.9144,5634451.3148,2945941.3188,13.0,3.5242,11.711,6.998,0.01765,0.06972,0.00707
2024/02/14 04:31:08.00,461332.9453,5634451.0696,2945941.2499,13.0,3.5242,11.7115,6.998,-0.03181,-0.04114,-0.00249
2024/02/14 04:31:09.00,461332.9953,5634450.9172,2945941.3033,13.0,3.5242,11.7121,6.9979,-0.00285,0.01496,-0.0005
2024/02/14 04:31:10.00,461333.1266,5634450.7778,2945941.206,13.0,3.5242,11.7126,6.9978,-0.01668,0.00589,-0.02283
2024/02/14 04:31:11.00,461333.1624,5634450.9361,2945941.34,13.0,3.5242,11.7132,6.9978,0.00079,-0.06413,-0.01962
2024/02/14 04:31:12.00,461333.1241,5634451.0268,2945941.1662,13.0,3.5242,11.7137,6.9977,-0.00741,-0.05872,-0.03907
2024/02/14 04:31:13.00,461333.1076,5634451.2388,2945941.1036,13.0,3.5242,11.7142,6.9976,-0.01181,-0.05694,-0.01178
2024/02/14 04:31:14.00,461333.1716,5634451.0432,2945941.1484,13.0,3.5242,11.7148,6.9976,0.00414,0.05478,0.0296
2024/02/14 04:31:15.00,461333.1974,5634450.9659,2945941.0891,13.0,3.5242,11.7153,6.9975,0.01598,0.04174,0.00922
2024/02/14 04:31:16.00,461333.1971,5634450.7616,2945941.1646,13.0,3.5242,11.7159,6.9974,0.00637,0.00052,0.00839
2024/02/14 04:31:17.00,461333.1918,5634450.8077,2945941.242,13.0,3.5243,11.7164,6.9973,0.011,0.05249,0.00816
2024/02/14 04:31:18.00,461333.1026,5634450.7723,2945941.3674,13.0,3.5243,11.7169,6.9973,-0.00435,0.04329,0.01992
2024/02/14 04:31:19.00,461333.0136,5634451.0947,2945941.4666,13.0,3.5243,11.7175,6.9972,-0.00445,0.02718,0.01103
2024/02/14 04:31:20.00,461332.9512,5634451.1451,2945941.5162,13.0,3.5243,11.718,6.9971,-0.00481,-0.03876,-0.01938
2024/02/14 04:31:21.00,461332.9326,5634450.8382,2945941.5375,13.0,3.5243,11.7186,6.9971,0.0081,-0.01356,-0.00249
2024/02/14 04:31:22.00,461332.8707,5634451.0597,2945941.5346,13.0,3.5243,11.7191,6.997,-0.01749,0.07564,0.02287
2024/02/14 04:31:23.00,461332.9802,5634450.9148,2945941.6059,13.0,3.5243,11.7196,6.9969,-0.00303,0.00298,-0.0242
2024/02/14 04:31:24.00,461333.0843,5634450.7411,2945941.4827,13.0,3.5243,11.7202,6.9968,-0.00304,-0.07181,-0.00197
2024/02/14 04:31:25.00,461333.1875,5634450.9044,2945941.2865,13.0,3.5243,11.7207,6.9968,0.00959,0.00638,-0.00071
2024/02/14 04:31:26.00,461333.2009,5634450.9427,2945941.3434,13.0,3.5243,11.7213,6.9967,0.01505,0.00511,0.00604
2024/02/14 04:31:27.00,461333.2845,5634450.7237,2945941.2998,13.0,3.5243,11.7218,6.9966,0.00512,0.02236,0.0058
2024/02/14 04:31:28.00,461333.2156,5634450.9713,2945941.4367,13.0,3.5243,11.7223,6.9966,-0.00664,-0.03559,-0.00433
2024/02/14 04:31:29.00,461333.1884,5634451.1623,2945941.2457,13.0,3.5243,11.7229,6.9965,-0.00211,-0.0271,-0.01236
2024/02/14 04:31:30.00,461333.0314,5634451.6941,2945941.0684,13.0,3.5243,11.7234,6.9964,-0.00935,0.00904,0.00466
2024/02/14 04:31:31.00,461332.923,5634451.8268,2945941.0166,13.0,3.5243,11.724,6.9963,0.00525,-0.10115,-0.06223
2024/02/14 04:31:32.00,461332.9355,5634452.1896,2945941.0592,13.0,3.5244,11.7245,6.9963,0.00944,-0.048,-0.03497
2024/02/14 04:31:33.00,461332.9241,5634452.4446,2945941.3825,13.0,3.5244,11.725,6.9962,0.00413,0.01681,0.01544
2024/02/14 04:31:34.00,461332.8551,5634452.1902,2945941.4995,13.0,3.5244,11.7256,6.9961,-0.011,-0.10023,-0.03828
2024/02/14 04:31:35.00,461332.7859,5634451.8576,2945941.7003,13.0,3.5244,11.7261,6.996,0.01626,0.01024,-0.00127
2024/02/14 04:31:36.00,461332.807,5634451.7525,2945941.6465,13.0,3.5244,11.7266,6.996,0.00121,0.02122,-0.01223
2024/02/14 04:31:37.00,461332.8101,5634452.0287,2945941.5466,13.0,3.5244,11.7272,6.9959,-0.01352,-0.09096,-0.0348
2024/02/14 04:31:38.00,461332.6607,5634452.1702,2945941.5129,13.0,3.5244,11.7277,6.9958,0.01492,0.03798,0.00628
2024/02/14 04:31:39.00,461332.5914,5634452.3416,2945941.4931,13.0,3.5244,11.7283,6.9957,0.01961,0.04849,-0.02248
2024/02/14 04:31:40.00,461332.519,5634452.5985,2945941.5616,13.0,3.5244,11.7288,6.9956,-0.00703,-0.04709,-0.02979
2024/02/14 04:31:41.00,461332.5743,5634452.3415,2945941.3311,13.0,3.5244,11.7293,6.9956,0.00047,0.04691,0.00959
2024/02/14 04:31:42.00,461332.5066,5634452.4015,2945941.2356,13.0,3.5244,11.7299,6.9955,0.00926,0.06754,0.01984
2024/02/14 04:31:43.00,461332.5239,5634452.4135,2945941.102,13.0,3.5244,11.7304,6.9954,-0.00318,-0.00136,-0.0365
2024/02/14 04:31:44.00,461332.5919,5634452.1023,2945940.895,13.0,3.5244,11.7309,6.9953,0.00284,-0.02187,-0.01192
2024/02/14 04:31:45.00,461332.5484,5634451.907,2945940.853,13.0,3.5245,11.7315,6.9953,-0.00212,0.06099,0.00113
2024/02/14 04:31:46.00,461332.5344,5634451.8771,2945940.7155,13.0,3.5245,11.732,6.9952,0.00898,0.02152,0.01144
2024/02/14 04:31:47.00,461332.4931,5634452.2517,2945940.8421,13.0,3.5245,11.7325,6.9951,-0.00084,-0.01321,-0.00478
2024/02/14 04:31:48.00,461332.4305,5634452.3909,2945940.6414,13.0,3.5245,11.7331,6.995,0.00342,0.00994,-0.02493
2024/02/14 04:31:49.00,461332.3615,5634452.6494,2945940.6313,13.0,3.5245,11.7336,6.9949,0.00568,-0.0379,-0.01421
2024/02/14 04:31:50.00,461332.3229,5634453.1192,2945940.7616,13.0,3.5245,11.7341,6.9949,0.00967,0.02736,-0.00406
2024/02/14 04:31:51.00,461332.2568,5634453.0661,2945940.7455,13.0,3.5245,11.7347,6.9948,0.01096,0.03014,-0.00326
2024/02/14 04:31:52.00,461332.2886,5634452.6769,2945940.8665,13.0,3.5245,11.7352,6.9947,-0.00247,-0.03122,-0.04044
2024/02/14 04:31:53.00,461332.4111,5634452.4921,2945940.9045,13.0,3.5245,11.7357,6.9946,0.00281,0.09079,0.00785
2024/02/14 04:31:54.00,461332.3267,5634452.6236,2945940.8967,13.0,3.5245,11.7363,6.9945,0.00955,-0.0295,0.0034
2024/02/14 04:31:55.00,461332.3519,5634452.5514,2945940.9246,13.0,3.5245,11.7368,6.9945,0.004,-0.01286,-0.00097
2024/02/14 04:31:56.00,461332.3472,5634452.5594,2945941.1015,13.0,3.5245,11.7373,6.9944,-0.01364,-0.03411,-0.01817
2024/02/14 04:31:57.00,461332.4232,5634452.4771,2945941.3539,13.0,3.5245,11.7379,6.9943,-0.02159,-0.09173,-0.04532
2024/02/14 04:31:58.00,461332.3306,5634452.8446,2945941.4282,13.0,3.5246,11.7384,6.9942,-0.01788,-0.01926,-0.01701
2024/02/14 04:31:59.00,461332.2078,5634453.0161,2945941.4976,13.0,3.5246,11.7389,6.9941,-0.00311,0.00683,-0.00255
2024/02/14 04:32:00.00,461332.161,5634453.2067,2945941.4589,13.0,3.5246,11.7395,6.994,-0.00501,-0.08568,0.03333
2024/02/14 04:32:01.00,461332.1144,5634453.6814,2945941.4221,13.0,3.5246,11.74,6.994,-0.00025,-0.02137,-0.05385
2024/02/14 04:32:02.00,461332.0712,5634453.3883,2945941.3439,13.0,3.5246,11.7405,6.9939,0.00283,0.06222,0.02838
2024/02/14 04:32:03.00,461332.1636,5634453.053,2945941.3469,13.0,3.5246,11.7411,6.9938,-0.02957,-0.06701,-0.04403
2024/02/14 04:32:04.00,461332.1513,5634452.9709,2945941.3745,13.0,3.5246,11.7416,6.9937,0.00104,-0.03842,-0.01826
2024/02/14 04:32:05.00,461332.2477,5634452.8017,2945941.3842,13.0,3.5246,11.7421,6.9936,0.01504,-0.01042,-0.02393
2024/02/14 04:32:06.00,461332.2297,5634453.0421,2945941.3739,13.0,3.5246,11.7427,6.9935,-0.00277,-0.0382,-0.04314
2024/02/14 04:32:07.00,461332.2923,5634453.0664,2945941.3084,13.0,3.5246,11.7432,6.9935,-0.00061,-0.03332,-0.01939
2024/02/14 04:32:08.00,461332.1195,5634453.4395,2945941.2006,13.0,3.5246,11.7437,6.9934,0.0062,-0.00308,-0.0109
2024/02/14 04:32:09.00,461332.2356,5634453.3233,2945941.1787,13.0,3.5246,11.7443,6.9933,-0.0081,-0.02768,0.0126
2024/02/14 04:32:10.00,461332.3144,5634453.3576,2945941.383,13.0,3.5247,11.7448,6.9932,-0.00777,0.00244,-0.01651
2024/02/14 04:32:11.00,461332.4475,5634452.99,2945941.2865,13.0,3.5247,11.7453,6.9931,0.01372,0.02976,-0.00994
2024/02/14 04:32:12.00,461332.4042,5634453.3599,2945941.3284,13.0,3.5247,11.7459,6.993,0.00578,-0.03134,-0.0337
2024/02/14 04:32:13.00,461332.4143,5634453.2864,2945941.3235,13.0,3.5247,11.7464,6.9929,-0.01844,-0.02472,-0.02426
2024/02/14 04:32:14.00,461332.3758,5634453.3655,2945941.2722,13.0,3.5247,11.7469,6.9929,0.00055,-0.06675,-0.04063
2024/02/14 04:32:15.00,461332.4987,5634452.9524,2945941.1002,13.0,3.5247,11.7475,6.9928,-0.00092,0.00774,-0.0031
2024/02/14 04:32:16.00,461332.5614,5634452.7348,2945941.0563,13.0,3.5247,11.748,6.9927,-0.00725,-0.02944,-0.02005
2024/02/14 04:32:17.00,461332.543,5634452.4321,2945940.8286,13.0,3.5247,11.7485,6.9926,-0.01255,-0.06197,0.00859
2024/02/14 04:32:18.00,461332.5761,5634452.3299,2945940.7605,13.0,3.5247,11.749,6.9925,0.00824,0.07173,0.01301
2024/02/14 04:32:19.00,461332.5968,5634452.4956,2945940.8471,13.0,3.5247,11.7496,6.9924,-0.00037,-0.0376,-0.00082
2024/02/14 04:32:20.00,461332.635,5634452.325,2945940.9162,13.0,3.5247,11.7501,6.9923,0.01749,-0.01898,-0.0293
2024/02/14 04:32:21.00,461332.7794,5634452.1157,2945940.917,13.0,3.5247,11.7506,6.9922,-0.00899,0.05399,0.01208
2024/02/14 04:32:22.00,461332.73,5634452.1124,2945940.7686,13.0,3.5248,11.7512,6.9922,0.01049,0.00226,-0.00584
2024/02/14 04:32:23.00,461332.7042,5634452.3895,2945940.7184,13.0,3.5248,11.7517,6.9921,0.00405,0.03305,0.00466
2024/02/14 04:32:24.00,461332.7692,5634452.3672,2945940.7473,13.0,3.5248,11.7522,6.992,-0.0127,-0.01306,0.01319
2024/02/14 04:32:25.00,461332.8879,5634452.0516,2945940.7865,13.0,3.5248,11.7527,6.9919,0.00345,0.00714,0.01867
2024/02/14 04:32:26.00,461333.0123,5634452.1124,2945940.75,13.0,3.5248,11.7533,6.9918,-0.00765,0.0332,0.03307
2024/02/14 04:32:27.00,461332.9841,5634452.1813,2945940.7227,13.0,3.5248,11.7538,6.9917,-0.00272,0.04921,-0.02006
2024/02/14 04:32:28.00,461333.0453,5634451.9622,2945940.6081,13.0,3.5248,11.7543,6.9916,0.00138,-0.04423,-0.00847
2024/02/14 04:32:29.00,461333.1438,5634451.871,2945940.7128,13.0,3.5248,11.7549,6.9915,0.00115,0.03597,0.00834
2024/02/14 04:32:30.00,461333.1052,5634451.8827,2945940.693,13.0,3.5248,11.7554,6.9914,0.00377,-0.00776,-0.04379
2024/02/14 04:32:31.00,461333.0536,5634451.6689,2945940.6181,13.0,3.5248,11.7559,6.9913,-0.00523,-0.03665,0.00295
2024/02/14 04:32:32.00,461333.159,5634451.3667,2945940.6636,13.0,3.5248,11.7564,6.9913,-0.01778,-0.08491,-0.03093
2024/02/14 04:32:33.00,461333.2199,5634451.3571,2945940.6847,13.0,3.5249,11.757,6.9912,0.00309,0.00503,-0.00874
2024/02/14 04:32:34.00,461333.2071,5634451.4583,2945940.6508,13.0,3.5249,11.7575,6.9911,-0.01256,-0.06066,-0.0416
2024/02/14 04:32:35.00,461333.2479,5634451.2733,2945940.7094,13.0,3.5249,11.758,6.991,-0.00879,-0.01248,-0.01047
2024/02/14 04:32:36.00,461333.2857,5634451.2157,2945940.7642,13.0,3.5249,11.7585,6.9909,-0.01787,-0.04432,0.01455
2024/02/14 04:32:37.00,461333.2297,5634451.1641,2945940.6274,13.0,3.5249,11.7591,6.9908,0.00156,-0.0563,-0.0236
2024/02/14 04:32:38.00,461333.3011,5634450.8949,2945940.6104,13.0,3.5249,11.7596,6.9907,0.00069,0.05348,0.00324
2024/02/14 04:32:39.00,461333.2998,5634451.205,2945940.7307,13.0,3.5249,11.7601,6.9906,-0.00554,-0.03533,-0.05716
2024/02/14 04:32:40.00,461333.2171,5634451.4498,2945940.7276,13.0,3.5249,11.7606,6.9905,-0.01606,-0.05439,-0.02572
2024/02/14 04:32:41.00,461333.2432,5634451.3432,2945940.7517,13.0,3.5249,11.7612,6.9904,-0.00885,-0.00012,0.01969
2024/02/14 04:32:42.00,461333.2474,5634451.3084,2945940.8091,13.0,3.5249,11.7617,6.9903,0.01383,0.00409,-0.01005
2024/02/14 04:32:43.00,461333.1962,5634451.2411,2945940.7995,13.0,3.525,11.7622,6.9902,0.01083,0.02956,-0.02923
2024/02/14 04:32:44.00,461333.1282,5634451.368,2945940.9067,13.0,3.525,11.7627,6.9901,-0.04651,-0.02141,0.01055
2024/02/14 04:32:45.00,461332.886,5634451.9695,2945940.9221,13.0,3.525,11.7633,6.99,-0.01302,0.02884,0.00503
2024/02/14 04:32:46.00,461332.7761,5634452.2728,2945940.8831,13.0,3.525,11.7638,6.9899,0.00242,-0.04851,-0.06679
2024/02/14 04:32:47.00,461332.7409,5634452.2158,2945940.7665,13.0,3.525,11.7643,6.9898,0.00468,0.06345,0.02189
2024/02/14 04:32:48.00,461332.6475,5634452.7423,2945940.8434,13.0,3.525,11.7648,6.9898,-0.00325,0.00249,0.00992
2024/02/14 04:32:49.00,461332.724,5634452.9785,2945940.7405,13.0,3.525,11.7654,6.9897,-0.00108,-0.00485,0.01708
2024/02/14 04:32:50.00,461332.6266,5634453.3449,2945940.7582,13.0,3.525,11.7659,6.9896,0.00387,0.01892,0.02641
2024/02/14 04:32:51.00,461332.6986,5634453.4041,2945940.6997,13.0,3.525,11.7664,6.9895,-0.00271,-0.02528,-0.00591
2024/02/14 04:32:52.00,461332.6819,5634453.4532,2945940.6578,13.0,3.525,11.7669,6.9894,-0.03361,0.00266,0.02972
2024/02/14 04:32:53.00,461332.5978,5634453.0062,2945940.7047,13.0,3.525,11.7675,6.9893,-0.1748,-0.08688,0.03815
2024/02/14 04:32:54.00,461332.1713,5634452.6783,2945940.9448,13.0,3.5251,11.768,6.9892,-0.48482,-0.02707,0.16141
2024/02/14 04:32:55.00,461331.5296,5634452.6401,2945941.1519,13.0,3.5251,11.7685,6.9891,-0.97026,-0.30393,0.20897
2024/02/14 04:32:56.00,461330.4535,5634452.2982,2945941.5952,13.0,3.5251,11.769,6.989,-1.10418,0.15957,0.26514
2024/02/14 04:32:57.00,461329.3919,5634452.2753,2945941.7152,13.0,3.5251,11.7695,6.9889,-1.08363,0.18152,0.19352
2024/02/14 04:32:58.00,461328.2326,5634451.7824,2945941.9426,13.0,3.5251,11.7701,6.9888,-1.1216,-0.00696,0.22977
2024/02/14 04:32:59.00,461327.2267,5634451.6977,2945942.0016,13.0,3.5251,11.7706,6.9887,-1.05778,-0.18307,0.26851
2024/02/14 04:33:00.00,461326.2686,5634451.3864,2945942.4145,13.0,3.5251,11.7711,6.9886,-1.01687,-0.02384,0.10972
2024/02/14 04:33:01.00,461325.2249,5634451.3303,2945942.508,13.0,3.5251,11.7716,6.9885,-1.0876,-0.11526,0.29721
2024/02/14 04:33:02.00,461324.1983,5634451.2331,2945942.7417,13.0,3.5251,11.7722,6.9884,-0.96059,-0.07289,0.31079
2024/02/14 04:33:03.00,461323.2513,5634451.5118,2945942.9518,13.0,3.5252,11.7727,6.9883,-0.93182,-0.10815,0.27326
2024/02/14 04:33:04.00,461322.3919,5634451.4297,2945943.136,13.0,3.5252,11.7732,6.9882,-0.90001,0.03659,0.26703
2024/02/14 04:33:05.00,461321.3512,5634451.2193,2945943.342,13.0,3.5252,11.7737,6.9881,-0.99643,-0.1126,0.22877
2024/02/14 04:33:06.00,461320.4136,5634451.1067,2945943.5787,13.0,3.5252,11.7742,6.988,-0.88027,0.00215,0.22783
2024/02/14 04:33:07.00,461319.4435,5634451.1102,2945943.7969,13.0,3.5252,11.7748,6.9879,-1.00758,-0.02427,0.17354
2024/02/14 04:33:08.00,461318.3841,5634450.896,2945944.08,13.0,3.5252,11.7753,6.9878,-0.92123,0.04245,0.31884
2024/02/14 04:33:09.00,461317.3465,5634450.7059,2945944.218,13.0,3.5252,11.7758,6.9877,-0.96349,-0.0248,0.20664
2024/02/14 04:33:10.00,461316.45,5634450.7964,2945944.4173,13.0,3.5252,11.7763,6.9876,-0.94373,-0.05763,0.27957
2024/02/14 04:33:11.00,461315.4416,5634450.6728,2945944.6774,13.0,3.5252,11.7768,6.9875,-0.93504,0.09449,0.33591
2024/02/14 04:33:12.00,461314.5703,5634450.7819,2945945.0669,13.0,3.5252,11.7774,6.9874,-0.89547,0.02282,0.23335
2024/02/14 04:33:13.00,461313.594,5634450.3311,2945945.4723,13.0,3.5253,11.7779,6.9873,-0.90939,-0.05068,0.30298
2024/02/14 04:33:14.00,461312.6831,5634450.9969,2945945.7953,13.0,3.5253,11.7784,6.9872,-0.87677,-0.12112,0.44308
2024/02/14 04:33:15.00,461311.7847,5634450.979,2945946.2764,13.0,3.5253,11.7789,6.9871,-0.84174,-0.13221,0.15599
2024/02/14 04:33:16.00,461311.018,5634450.6579,2945946.6356,13.0,3.5253,11.7794,6.987,-0.79518,-0.02198,0.5409
2024/02/14 04:33:17.00,461310.3622,5634450.528,2945946.9631,13.0,3.5253,11.78,6.9869,-0.61489,-0.10546,0.25967
2024/02/14 04:33:18.00,461309.9451,5634450.8462,2945947.0698,13.0,3.5253,11.7805,6.9868,-0.45032,-0.01018,0.18106
2024/02/14 04:33:19.00,461309.3732,5634450.889,2945947.3368,13.0,3.5253,11.781,6.9866,-0.58983,-0.07905,0.30449
2024/02/14 04:33:20.00,461308.7929,5634451.0407,2945947.823,13.0,3.5253,11.7815,6.9865,-0.72765,0.19396,0.40205
2024/02/14 04:33:21.00,461308.12,5634451.0466,2945948.2096,13.0,3.5253,11.782,6.9864,-0.39875,-0.72009,0.44254
2024/02/14 04:33:22.00,461307.6425,5634451.3208,2945948.5182,13.0,3.5254,11.7826,6.9863,-0.3947,-0.05028,0.49861
2024/02/14 04:33:23.00,461307.1825,5634451.3543,2945948.8831,13.0,3.5254,11.7831,6.9862,-0.35158,-0.25782,0.18167
2024/02/14 04:33:24.00,461306.8739,5634451.1767,2945949.2677,13.0,3.5254,11.7836,6.9861,-0.34038,0.17119,0.21388
2024/02/14 04:33:25.00,461305.8755,5634454.0101,2945948.9269,12.0,5.4552,19.357,7.4333,-0.17766,-0.21307,0.14517
2024/02/14 04:33:26.00,461305.8524,5634453.0831,2945949.1234,13.0,3.5254,11.7846,6.9859,-0.12749,-0.34691,0.18071
2024/02/14 04:33:27.00,461305.4135,5634453.9197,2945949.3021,12.0,5.4548,19.3568,7.4333,-0.14074,0.0233,0.23226
2024/02/14 04:33:28.00,461305.3063,5634453.8076,2945949.9335,13.0,3.5254,11.7857,6.9857,-0.23894,-0.75389,0.49507
2024/02/14 04:33:29.00,461305.0209,5634453.5049,2945950.3636,12.0,5.4544,19.3565,7.4332,-0.15771,-0.22067,0.10707
2024/02/14 04:33:30.00,461305.5535,5634450.7831,2945950.8232,13.0,3.5254,11.7867,6.9855,-0.26087,0.02742,0.25499
2024/02/14 04:33:31.00,461305.2545,5634451.0606,2945951.3107,13.0,3.5255,11.7872,6.9854,-0.37374,-0.16734,0.60908
2024/02/14 04:33:32.00,461303.756,5634455.309,2945951.2384,13.0,3.5255,11.7877,6.9853,-0.25493,-1.17989,0.63094
2024/02/14 04:33:33.00,461304.3642,5634451.661,2945952.1374,13.0,3.5255,11.7882,6.9852,-0.75829,1.18258,0.22836
2024/02/14 04:33:34.00,461302.7367,5634456.598,2945951.7348,13.0,3.5255,11.7887,6.9851,-0.04074,-0.73993,0.53815
2024/02/14 04:33:35.00,461304.133,5634451.0457,2945952.7754,13.0,3.5255,11.7893,6.9849,-0.02825,-0.53269,0.46666
2024/02/14 04:33:36.00,461303.6757,5634452.1954,2945952.851,12.0,5.4529,19.3557,7.4331,-0.11217,0.27584,0.37866
2024/02/14 04:33:37.00,461303.7479,5634451.5998,2945953.3044,13.0,3.5255,11.7903,6.9847,-0.04127,0.02369,0.43564
2024/02/14 04:33:38.00,461304.5897,5634448.3216,2945954.2465,13.0,3.5255,11.7908,6.9846,0.05598,0.06519,0.33163
2024/02/14 04:33:39.00,461303.8311,5634450.8652,2945953.8526,12.0,5.4523,19.3553,7.433,0.01239,0.00996,0.31743
2024/02/14 04:33:40.00,461303.6638,5634450.811,2945954.0974,13.0,3.5256,11.7918,6.9844,0.20664,-0.66956,0.35583
2024/02/14 04:33:41.00,461303.9564,5634450.2274,2945954.786,12.0,5.4519,19.355,7.433,-0.07043,-0.21577,0.61725
2024/02/14 04:33:42.00,461304.2872,5634449.1316,2945955.3736,13.0,3.5256,11.7929,6.9842,0.40727,-1.51353,0.65804
2024/02/14 04:33:43.00,461304.9987,5634447.4629,2945956.3223,13.0,3.5256,11.7934,6.9841,0.39944,0.07585,0.80064
2024/02/14 04:33:44.00,461304.0419,5634452.3021,2945956.8123,13.0,3.5256,11.7939,6.984,0.1702,0.21562,0.64891
2024/02/14 04:33:45.00,461304.9032,5634451.1453,2945957.1487,13.0,3.5256,11.7944,6.9838,0.23879,0.18671,0.24645
2024/02/14 04:33:46.00,461306.0193,5634448.6683,2945958.0387,13.0,3.5256,11.7949,6.9837,0.1972,0.30831,0.414
2024/02/14 04:33:47.00,461306.3597,5634448.5405,2945958.3641,12.0,5.4506,19.3542,7.4329,0.48846,0.15061,0.5424
2024/02/14 04:33:48.00,461306.8191,5634448.4411,2945959.3828,12.0,5.4504,19.3541,7.4328,0.51947,0.63438,0.53148
2024/02/14 04:33:49.00,461307.4217,5634447.8148,2945959.9398,12.0,5.4502,19.354,7.4328,0.52334,-0.0637,0.83778
2024/02/14 04:33:50.00,461307.1781,5634451.2826,2945959.9224,13.0,3.5257,11.797,6.9833,0.87603,-1.28883,0.85583
2024/02/14 04:33:51.00,461307.7546,5634451.2088,2945961.1395,13.0,3.5257,11.7975,6.9832,0.72971,1.35764,0.59053
2024/02/14 04:33:52.00,461309.9043,5634447.4521,2945961.4866,12.0,5.4496,19.3536,7.4328,0.137,2.15476,0.22636
2024/02/14 04:33:53.00,461309.4259,5634451.0742,2945962.8123,13.0,3.5257,11.7985,6.9829,1.22973,-0.15068,1.39427
2024/02/14 04:33:54.00,461309.9436,5634450.4638,2945965.7545,13.0,3.5257,11.799,6.9828,1.22053,0.34125,0.29243
2024/02/14 04:33:55.00,461310.0483,5634451.5399,2945969.1378,13.0,3.5257,11.7995,6.9827,0.83379,0.84471,0.29859
2024/02/14 04:33:56.00,461310.898,5634449.9138,2945972.4665,12.0,3.8323,11.8022,7.0935,0.67434,-0.43335,1.57133
2024/02/14 04:33:57.00,461310.5701,5634450.9228,2945973.2194,13.0,3.5258,11.8006,6.9825,0.87312,-2.4754,0.34158
2024/02/14 04:33:58.00,461310.0283,5634456.2517,2945973.7863,12.0,5.4483,19.3527,7.4326,2.45632,-7.51091,1.51996
2024/02/14 04:33:59.00,461312.994,5634451.4783,2945978.1705,13.0,3.5258,11.8016,6.9823,0.7033,-0.84863,1.71711
2024/02/14 04:34:00.00,461314.5553,5634448.3342,2945980.207,13.0,3.5258,11.8021,6.9821,2.07014,-3.22999,-2.0259
2024/02/14 04:34:01.00,461312.1835,5634459.2783,2945982.5013,11.0,7.2463,22.3216,7.4376,1.22376,-2.13797,2.78146
2024/02/14 04:34:02.00,461319.3571,5634439.9996,2945985.5354,12.0,3.8323,11.8052,7.0925,0.4869,-3.44589,2.2533
2024/02/14 04:34:03.00,461321.4205,5634432.4811,2945990.0637,12.0,3.8323,11.8057,7.0923,1.25029,-3.55114,0.83018
2024/02/14 04:34:04.00,461324.682,5634427.0093,2945992.9498,12.0,3.8323,11.8062,7.0922,1.81829,-4.83547,0.0463
2024/02/14 04:34:05.00,461327.787,5634435.3042,2946000.9396,12.0,3.8322,11.8067,7.092,0.95711,0.09892,4.75062
2024/02/14 04:34:06.00,461323.6452,5634429.7484,2946007.4831,13.0,3.5259,11.8052,6.9814,0.64309,-2.72065,2.00209
2024/02/14 04:34:07.00,461330.2438,5634424.2729,2946000.4882,13.0,3.5259,11.8057,6.9813,1.2908,-2.13078,2.58908
2024/02/14 04:34:08.00,461332.8012,5634420.8208,2946002.0355,13.0,3.5259,11.8062,6.9812,0.58032,-4.98133,1.91572
2024/02/14 04:34:09.00,461334.2178,5634418.4347,2946004.1597,13.0,3.5259,11.8067,6.9811,0.90815,-4.57695,1.95275
2024/02/14 04:34:10.00,461335.4733,5634416.1803,2946008.586,12.0,3.6601,11.825,7.3793,1.01725,-2.78157,3.86075
2024/02/14 04:34:11.00,461336.7596,5634413.3669,2946010.7838,13.0,3.5259,11.8077,6.9809,1.2936,-2.4096,3.31152
2024/02/14 04:34:12.00,461337.9911,5634411.1007,2946013.997,13.0,3.526,11.8083,6.9807,1.37712,-2.51865,3.08647
2024/02/14 04:34:13.00,461339.2416,5634409.5103,2946017.1917,13.0,3.526,11.8088,6.9806,1.82364,-2.35024,2.4623
2024/02/14 04:34:14.00,461340.3269,5634408.2261,2946020.4776,13.0,3.526,11.8093,6.9805,1.62605,-2.76328,2.24708
2024/02/14 04:34:15.00,461342.4484,5634404.9675,2946023.0795,13.0,3.526,11.8098,6.9804,1.75035,-1.81051,1.95022
2024/02/14 04:34:16.00,461344.5045,5634403.4373,2946025.294,13.0,3.526,11.8103,6.9803,1.97165,-1.73296,2.64143
2024/02/14 04:34:17.00,461346.3218,5634402.7083,2946027.671,13.0,3.526,11.8108,6.9801,2.06814,-2.38039,1.78291
2024/02/14 04:34:18.00,461348.8146,5634401.4519,2946029.8616,13.0,3.526,11.8113,6.98,2.74632,-1.17706,2.31332
2024/02/14 04:34:19.00,461351.5022,5634399.4926,2946031.2004,13.0,3.5261,11.8118,6.9799,2.97145,-1.54701,1.98677
2024/02/14 04:34:20.00,461355.0195,5634397.508,2946033.182,13.0,3.5261,11.8123,6.9798,3.31451,-1.54354,1.45781
2024/02/14 04:34:21.00,461358.3135,5634396.7299,2946034.4821,13.0,3.5261,11.8128,6.9797,3.48189,-1.07531,1.54411
2024/02/14 04:34:22.00,461362.1237,5634395.5427,2946035.5596,13.0,3.5261,11.8133,6.9795,3.1551,-0.67504,1.34634
2024/02/14 04:34:23.00,461365.6021,5634394.4891,2946036.2207,13.0,3.5261,11.8139,6.9794,3.30359,-0.22783,1.18272
2024/02/14 04:34:24.00,461368.2006,5634394.5062,2946038.2284,13.0,3.5261,11.8144,6.9793,2.80183,-0.94414,0.36974
2024/02/14 04:34:25.00,461370.7861,5634394.2023,2946039.2437,13.0,3.5261,11.8149,6.9792,2.74408,-0.19415,0.0532
2024/02/14 04:34:26.00,461372.9845,5634387.6642,2946039.0409,13.0,3.5261,11.8154,6.9791,2.63241,-1.54473,0.0597
2024/02/14 04:34:27.00,461376.5721,5634393.0517,2946039.0943,13.0,3.5262,11.8159,6.9789,2.31974,0.56612,0.14748
2024/02/14 04:34:28.00,461379.2194,5634393.014,2946038.8151,13.0,3.5262,11.8164,6.9788,1.89786,-0.76087,-1.22424
2024/02/14 04:34:29.00,461382.4885,5634393.1475,2946038.0195,13.0,3.5262,11.8169,6.9787,2.56882,0.30512,-1.01539
2024/02/14 04:34:30.00,461385.3641,5634393.5894,2946037.522,13.0,3.5262,11.8174,6.9786,2.34612,-0.12201,-1.8477
2024/02/14 04:34:31.00,461387.8936,5634392.5571,2946034.5933,12.0,3.586,11.9346,7.0772,1.83452,1.55579,-3.07443
2024/02/14 04:34:32.00,461389.7994,5634393.8086,2946033.2846,12.0,3.586,11.9352,7.0771,1.15148,2.16819,-1.75854
2024/02/14 04:34:33.00,461390.6282,5634395.772,2946030.6155,12.0,5.441,19.3475,7.4314,1.38769,3.18499,-0.63125
2024/02/14 04:34:34.00,461392.3187,5634397.217,2946028.7945,13.0,3.5263,11.8194,6.9781,1.23794,2.40595,-1.46393
2024/02/14 04:34:35.00,461393.8207,5634397.4925,2946027.3709,13.0,3.5263,11.8199,6.9779,1.83385,1.18534,-1.591
2024/02/14 04:34:36.00,461396.6693,5634397.1971,2946026.5464,13.0,3.5263,11.8204,6.9778,1.97328,0.94216,-2.07544
2024/02/14 04:34:37.00,461397.9677,5634400.1351,2946024.1202,13.0,3.5263,11.8209,6.9777,2.30209,0.73018,-2.95826
2024/02/14 04:34:38.00,461400.8058,5634400.7867,2946020.0111,13.0,3.5263,11.8214,6.9776,2.67928,1.96267,-2.92362
2024/02/14 04:34:39.00,461403.0481,5634403.4848,2946017.0437,13.0,3.5263,11.8219,6.9775,2.64465,2.08714,-2.98669
2024/02/14 04:34:40.00,461405.8367,5634404.9759,2946013.4644,13.0,3.5263,11.8224,6.9773,2.46319,1.745,-3.12246
2024/02/14 04:34:41.00,461408.0032,5634406.3248,2946010.4323,13.0,3.5264,11.823,6.9772,2.25117,1.3861,-2.83514
2024/02/14 04:34:42.00,461410.3878,5634407.9363,2946008.2737,13.0,3.5264,11.8235,6.9771,2.17153,1.47383,-2.71933
2024/02/14 04:34:43.00,461412.6506,5634409.532,2946005.4484,13.0,3.5264,11.824,6.9769,2.32657,1.42878,-2.56442
2024/02/14 04:34:44.00,461415.099,5634411.0089,2946002.8911,13.0,3.5264,11.8245,6.9768,2.58312,1.68282,-2.60171
2024/02/14 04:34:45.00,461417.6613,5634412.9063,2946000.1102,13.0,3.5264,11.825,6.9767,2.45043,1.78829,-2.8309
2024/02/14 04:34:46.00,461420.2786,5634414.169,2945996.9577,13.0,3.5264,11.8255,6.9766,2.71153,1.26516,-3.12462
2024/02/14 04:34:47.00,461422.92,5634416.3468,2945993.5372,13.0,3.5264,11.826,6.9764,2.29724,3.97035,-3.56391
2024/02/14 04:34:48.00,461424.8431,5634421.577,2945989.5419,12.0,5.4378,19.345,7.4307,2.86642,1.99387,-3.35247
2024/02/14 04:34:49.00,461427.6908,5634423.3179,2945986.2719,12.0,5.4376,19.3448,7.4307,2.89305,2.06045,-3.4867
2024/02/14 04:34:50.00,461430.4825,5634424.8383,2945982.5263,12.0,5.4374,19.3446,7.4307,2.66032,2.47436,-3.80618
2024/02/14 04:34:51.00,461433.0595,5634427.2439,2945978.4851,12.0,5.4371,19.3445,7.4306,3.01907,1.52423,-3.76975
2024/02/14 04:34:52.00,461436.6283,5634424.9007,2945974.8728,13.0,3.5265,11.8285,6.9758,1.57892,-2.5071,-6.27385
2024/02/14 04:34:53.00,461439.404,5634426.5441,2945970.6627,12.0,3.5864,11.9467,7.0749,2.05938,0.14164,-5.26417
2024/02/14 04:34:54.00,461441.6804,5634428.8634,2945966.0059,13.0,3.5265,11.8295,6.9755,2.52457,2.44427,-4.61947
2024/02/14 04:34:55.00,461444.0662,5634431.0919,2945961.2274,13.0,3.5266,11.83,6.9754,2.38237,2.24425,-4.60386
2024/02/14 04:34:56.00,461446.8957,5634432.4737,2945957.0856,13.0,3.5266,11.8305,6.9753,2.50826,2.68704,-4.43708
2024/02/14 04:34:57.00,461449.2979,5634435.4091,2945952.0415,13.0,3.5266,11.831,6.9752,2.18758,2.45473,-4.66069
2024/02/14 04:34:58.00,461451.8555,5634437.5756,2945947.6953,13.0,3.5266,11.8315,6.975,2.30114,2.58904,-4.78721
2024/02/14 04:34:59.00,461452.6729,5634435.2958,2945940.5343,12.0,4.2543,15.593,8.2924,2.18659,2.23079,-4.80795
2024/02/14 04:35:00.00,461456.3507,5634443.6962,2945938.5259,13.0,3.5266,11.8325,6.9748,1.78502,1.08212,-5.27402
2024/02/14 04:35:01.00,461458.456,5634446.433,2945933.6977,13.0,3.5266,11.833,6.9746,1.82374,1.14664,-5.27203
2024/02/14 04:35:02.00,461460.6704,5634448.22,2945928.9236,13.0,3.5267,11.8335,6.9745,2.16674,2.50627,-4.54438
2024/02/14 04:35:03.00,461462.8285,5634450.7765,2945924.1989,13.0,3.5267,11.834,6.9744,2.61395,3.31493,-4.31895
2024/02/14 04:35:04.00,461465.2498,5634453.303,2945919.7393,13.0,3.5267,11.8345,6.9742,1.94203,1.05896,-5.44242
2024/02/14 04:35:05.00,461467.4576,5634455.5273,2945914.5816,13.0,3.5267,11.835,6.9741,2.36477,2.65895,-5.04225
2024/02/14 04:35:06.00,461470.0454,5634458.7574,2945910.1145,13.0,3.5267,11.8355,6.974,2.45788,3.5734,-4.58841
2024/02/14 04:35:07.00,461472.3584,5634461.5969,2945904.975,13.0,3.5267,11.836,6.9738,2.7504,4.08697,-4.39991
2024/02/14 04:35:08.00,461472.848,5634457.3586,2945896.9421,12.0,4.2559,15.603,8.29,2.33277,2.52062,-5.00989
2024/02/14 04:35:09.00,461474.9851,5634459.7335,2945891.5992,12.0,4.2561,15.6041,8.2897,2.31552,2.44117,-5.12792
2024/02/14 04:35:10.00,461477.3628,5634462.2444,2945886.4404,12.0,4.2562,15.6052,8.2895,2.36694,2.52836,-5.24133
2024/02/14 04:35:11.00,461479.7164,5634465.2354,2945881.2781,12.0,4.2564,15.6063,8.2892,2.42162,2.62359,-5.28295
2024/02/14 04:35:12.00,461482.1368,5634467.9005,2945875.9089,12.0,4.2566,15.6074,8.2889,2.40089,2.81068,-5.23807
2024/02/14 04:35:13.00,461484.5302,5634470.6562,2945870.538,12.0,4.2568,15.6085,8.2887,2.43042,2.65999,-5.3031
2024/02/14 04:35:14.00,461486.7982,5634473.1338,2945865.3181,12.0,4.2569,15.6096,8.2884,2.15464,2.45449,-5.47222
2024/02/14 04:35:15.00,461489.0346,5634475.7176,2945860.0017,12.0,4.2571,15.6107,8.2881,2.08968,2.19302,-5.67758
2024/02/14 04:35:16.00,461491.4729,5634478.6337,2945854.9874,12.0,4.2573,15.6118,8.2878,1.6728,1.86694,-5.87107
2024/02/14 04:35:17.00,461493.6469,5634481.586,2945850.1478,12.0,4.2575,15.6129,8.2876,2.31877,3.02947,-4.16179
2024/02/14 04:35:18.00,461496.5377,5634486.3836,2945846.779,12.0,4.2577,15.614,8.2873,2.95606,4.68649,-2.93555
2024/02/14 04:35:19.00,461498.8308,5634489.0153,2945842.8325,12.0,4.2578,15.6151,8.287,2.24805,2.71598,-3.90891
2024/02/14 04:35:20.00,461500.3953,5634490.0009,2945837.2711,12.0,4.258,15.6162,8.2868,2.06905,2.43038,-4.36337
2024/02/14 04:35:21.00,461501.3526,5634489.4929,2945831.371,12.0,4.2582,15.6173,8.2865,2.06539,1.94559,-4.59435
2024/02/14 04:35:22.00,461504.3513,5634494.2333,2945827.9582,12.0,4.2584,15.6184,8.2862,2.02276,1.89846,-4.74089
2024/02/14 04:35:23.00,461505.9934,5634495.4487,2945823.0547,12.0,4.2586,15.6195,8.2859,2.18871,2.42002,-4.61425
2024/02/14 04:35:24.00,461507.7945,5634497.0153,2945818.2145,12.0,4.2587,15.6206,8.2857,2.36757,2.63601,-4.20692
2024/02/14 04:35:25.00,461510.3234,5634499.8771,2945813.8103,12.0,4.2589,15.6217,8.2854,2.21221,2.325,-4.38377
2024/02/14 04:35:26.00,461512.2636,5634501.8967,2945809.0781,12.0,4.2591,15.6228,8.2851,2.03225,2.17563,-4.65723
2024/02/14 04:35:27.00,461514.2899,5634503.9557,2945804.5962,12.0,4.2593,15.6239,8.2848,2.04776,2.43202,-4.41725
2024/02/14 04:35:28.00,461516.3821,5634506.1925,2945800.1389,12.0,4.2595,15.625,8.2846,2.05527,2.53424,-4.50642
2024/02/14 04:35:29.00,461518.2696,5634508.537,2945795.6577,12.0,4.2596,15.6261,8.2843,2.07438,2.45047,-4.19316
2024/02/14 04:35:30.00,461520.2161,5634510.5086,2945791.4157,12.0,4.2598,15.6272,8.284,1.92045,2.50476,-4.16319
2024/02/14 04:35:31.00,461522.0737,5634512.4485,2945787.3435,12.0,4.26,15.6283,8.2837,1.72902,2.12447,-3.88479
2024/02/14 04:35:32.00,461523.809,5634514.8369,2945783.835,12.0,4.2602,15.6294,8.2834,1.53136,1.86863,-3.41176
2024/02/14 04:35:33.00,461525.2675,5634517.0242,2945780.606,12.0,4.2604,15.6304,8.2832,1.58792,2.22761,-3.26987
2024/02/14 04:35:34.00,461526.8368,5634519.1662,2945776.9821,12.0,4.2605,15.6315,8.2829,1.50136,2.261,-3.75503
2024/02/14 04:35:35.00,461528.4956,5634521.106,2945773.029,12.0,4.2607,15.6326,8.2826,1.7795,2.26989,-3.66371
2024/02/14 04:35:36.00,461530.1545,5634522.9878,2945768.7704,12.0,4.2609,15.6337,8.2823,1.42686,1.51191,-4.37263
2024/02/14 04:35:37.00,461532.1474,5634525.7278,2945765.4105,12.0,4.2611,15.6348,8.282,1.99368,2.36276,-3.67012
2024/02/14 04:35:38.00,461534.2315,5634527.9508,2945762.0104,12.0,4.2613,15.6359,8.2818,2.35862,2.5678,-3.6707
2024/02/14 04:35:39.00,461536.1064,5634530.4656,2945758.2976,11.0,4.4017,15.6528,8.4535,1.99345,2.23503,-3.63496
2024/02/14 04:35:40.00,461537.4769,5634531.0524,2945753.4972,12.0,4.2616,15.6381,8.2812,1.82406,1.7482,-3.95115
2024/02/14 04:35:41.00,461539.5717,5634533.817,2945749.8279,12.0,4.2618,15.6392,8.2809,1.63537,2.27079,-3.58117
2024/02/14 04:35:42.00,461541.2309,5634535.767,2945746.1593,12.0,4.262,15.6402,8.2806,1.69999,1.97847,-3.62056
2024/02/14 04:35:43.00,461543.2716,5634538.0876,2945742.9438,12.0,4.2622,15.6413,8.2803,1.73792,1.68155,-3.43187
2024/02/14 04:35:44.00,461544.3551,5634539.8152,2945739.4623,12.0,4.2623,15.6424,8.28,1.50032,3.01311,-3.32578
2024/02/14 04:35:45.00,461546.4622,5634541.3488,2945736.0895,11.0,5.5189,25.4982,8.3485,1.95363,1.80083,-3.51543
2024/02/14 04:35:46.00,461548.2222,5634542.6273,2945732.6245,11.0,5.5188,25.499,8.3482,1.87708,1.31347,-3.23968
2024/02/14 04:35:47.00,461549.7893,5634545.1941,2945729.4706,12.0,4.2629,15.6457,8.2792,1.79842,1.50904,-2.91412
2024/02/14 04:35:48.00,461551.5776,5634546.3522,2945726.8117,12.0,4.2631,15.6468,8.2789,1.47801,1.88304,-2.88553
2024/02/14 04:35:49.00,461552.9276,5634547.7571,2945723.9821,12.0,4.2632,15.6478,8.2786,1.28132,1.75161,-2.52704
2024/02/14 04:35:50.00,461554.405,5634548.4393,2945721.49,12.0,4.2634,15.6489,8.2783,1.50078,0.32883,-2.83648
2024/02/14 04:35:51.00,461555.7418,5634550.0174,2945718.4809,12.0,4.2636,15.65,8.278,1.38184,1.77845,-2.86677
2024/02/14 04:35:52.00,461557.2896,5634550.0866,2945715.8449,12.0,4.2638,15.6511,8.2777,1.16873,1.21055,-2.70433
2024/02/14 04:35:53.00,461558.0096,5634552.0367,2945713.1738,12.0,4.264,15.6522,8.2774,0.90252,1.23194,-2.55575
2024/02/14 04:35:54.00,461558.8987,5634553.5885,2945710.7611,12.0,4.2642,15.6533,8.2771,0.58988,1.007,-2.3444
2024/02/14 04:35:55.00,461559.7712,5634555.1161,2945708.5221,12.0,4.2643,15.6543,8.2768,0.64417,1.35618,-2.25441
2024/02/14 04:35:56.00,461560.2543,5634555.9406,2945706.2115,12.0,4.2645,15.6554,8.2766,0.68668,1.38469,-2.34594
2024/02/14 04:35:57.00,461560.7435,5634557.349,2945704.2396,12.0,4.2647,15.6565,8.2763,0.52408,1.31881,-2.00672
2024/02/14 04:35:58.00,461561.4299,5634558.3407,2945701.9543,12.0,4.2649,15.6576,8.276,0.97853,1.37729,-2.11021
2024/02/14 04:35:59.00,461562.2719,5634559.3369,2945699.56,12.0,4.2651,15.6586,8.2757,0.81647,-0.05569,-2.57889
2024/02/14 04:36:00.00,461563.6194,5634560.9432,2945697.2303,11.0,4.3593,16.6778,8.2771,1.30221,1.27263,-2.0721
2024/02/14 04:36:01.00,461564.9888,5634561.9554,2945694.6221,12.0,4.2654,15.6608,8.2751,1.54053,1.93082,-2.41333
2024/02/14 04:36:02.00,461566.2645,5634563.6431,2945692.2975,12.0,4.2656,15.6619,8.2748,1.46927,1.62016,-2.21778
2024/02/14 04:36:03.00,461568.475,5634567.9003,2945691.0789,12.0,4.2658,15.663,8.2745,1.30366,1.66253,-2.47333
2024/02/14 04:36:04.00,461568.8311,5634566.2687,2945686.1958,12.0,4.266,15.664,8.2742,1.25727,1.27468,-3.70467
2024/02/14 04:36:05.00,461571.2033,5634570.5936,2945683.4717,12.0,4.2661,15.6651,8.2739,1.8274,2.33558,-3.75758
2024/02/14 04:36:06.00,461572.8504,5634572.3801,2945679.6736,12.0,4.2663,15.6662,8.2736,1.86629,1.82571,-4.01721
2024/02/14 04:36:07.00,461575.3397,5634576.4246,2945677.1546,12.0,4.2665,15.6672,8.2733,1.94313,3.03202,-4.06467
2024/02/14 04:36:08.00,461577.2095,5634577.4945,2945673.7816,12.0,4.2667,15.6683,8.273,2.1626,2.31925,-2.24901
2024/02/14 04:36:09.00,461578.5827,5634577.4131,2945666.3054,12.0,4.2669,15.6694,8.2727,1.87366,1.0782,-6.19802
2024/02/14 04:36:10.00,461580.9491,5634581.203,2945663.6595,12.0,4.2671,15.6705,8.2724,1.79616,3.81398,-3.93574
2024/02/14 04:36:11.00,461582.4952,5634583.0099,2945659.392,12.0,4.2672,15.6715,8.2721,1.74854,2.0185,-3.71618
2024/02/14 04:36:12.00,461583.8463,5634583.1545,2945654.986,12.0,4.2674,15.6726,8.2718,1.63241,1.6276,-3.49444
2024/02/14 04:36:13.00,461585.2169,5634585.0102,2945651.2786,12.0,4.2676,15.6737,8.2715,1.58778,2.13922,-3.19461
2024/02/14 04:36:14.00,461586.781,5634586.5785,2945647.3419,12.0,4.2678,15.6747,8.2712,1.61685,1.96197,-3.41676
2024/02/14 04:36:15.00,461588.487,5634589.4564,2945644.5834,12.0,4.268,15.6758,8.2709,1.64037,1.6474,-3.47701
2024/02/14 04:36:16.00,461589.9832,5634590.6601,2945640.5468,12.0,4.2681,15.6769,8.2706,1.45883,1.60182,-3.78237
2024/02/14 04:36:17.00,461592.4099,5634593.7693,2945637.7764,12.0,4.2683,15.6779,8.2702,2.03163,1.85294,-3.7514
2024/02/14 04:36:18.00,461593.9637,5634594.937,2945633.5347,12.0,4.2685,15.679,8.2699,2.21179,1.89812,-3.90066
2024/02/14 04:36:19.00,461596.3049,5634597.6839,2945629.8272,12.0,4.2687,15.6801,8.2696,2.11661,2.09439,-4.83812
2024/02/14 04:36:20.00,461598.6046,5634600.5889,2945625.5354,12.0,4.2689,15.6811,8.2693,2.01608,2.41817,-4.55853
2024/02/14 04:36:21.00,461599.7378,5634601.0082,2945619.3867,12.0,4.269,15.6822,8.269,2.02686,2.43807,-4.61746
2024/02/14 04:36:22.00,461601.6163,5634603.0916,2945614.2743,12.0,4.2692,15.6833,8.2687,2.20894,2.80367,-4.72802
2024/02/14 04:36:23.00,461604.122,5634607.0729,2945609.9872,12.0,4.2694,15.6843,8.2684,2.59325,2.3491,-5.39559
2024/02/14 04:36:24.00,461608.7931,5634610.0476,2945607.6999,11.0,5.513,25.5271,8.338,2.8945,2.08684,-5.4088
2024/02/14 04:36:25.00,461608.9378,5634620.2306,2945598.6194,12.0,4.2698,15.6865,8.2678,2.74303,3.40188,-5.65173
2024/02/14 04:36:26.00,461613.0106,5634616.071,2945593.9391,12.0,4.27,15.6875,8.2675,2.71175,3.84908,-5.67329
2024/02/14 04:36:27.00,461615.8895,5634617.8185,2945588.6494,11.0,5.5126,25.5292,8.3372,2.67241,3.37973,-5.42158
2024/02/14 04:36:28.00,461618.0145,5634619.981,2945582.2761,11.0,5.5124,25.5299,8.3369,2.57828,3.24755,-5.37719
2024/02/14 04:36:29.00,461621.7018,5634624.9619,2945578.0393,11.0,5.5123,25.5306,8.3366,2.61158,2.67043,-5.25463
2024/02/14 04:36:30.00,461623.8,5634627.2282,2945572.4316,11.0,5.5121,25.5313,8.3363,2.39394,2.81079,-5.47166
2024/02/14 04:36:31.00,461625.7371,5634631.4168,2945566.9896,12.0,4.2709,15.6928,8.2659,2.09333,2.83611,-5.41991
2024/02/14 04:36:32.00,461627.9781,5634632.4841,2945561.6132,12.0,4.271,15.6939,8.2656,1.82286,2.89029,-5.25973
2024/02/14 04:36:33.00,461630.0063,5634633.6354,2945556.5465,12.0,4.2712,15.6949,8.2653,1.62352,2.87193,-5.28421
2024/02/14 04:36:34.00,461630.9948,5634640.7271,2945550.9318,12.0,4.2714,15.696,8.265,1.7699,3.2598,-5.54597
2024/02/14 04:36:35.00,461633.033,5634642.0636,2945545.5204,12.0,4.2716,15.697,8.2646,1.46831,2.84807,-5.24306
2024/02/14 04:36:36.00,461634.3944,5634644.8283,2945540.2676,12.0,4.2718,15.6981,8.2643,1.37869,2.966,-4.79322
2024/02/14 04:36:37.00,461635.5375,5634647.5039,2945535.3837,12.0,4.272,15.6992,8.264,1.13109,2.59476,-4.86721
2024/02/14 04:36:38.00,461636.4841,5634650.1098,2945530.7881,12.0,4.2721,15.7002,8.2637,0.89269,2.06192,-4.47279
2024/02/14 04:36:39.00,461637.2001,5634652.6842,2945526.2117,12.0,4.2723,15.7013,8.2634,0.76424,2.73497,-4.16458
2024/02/14 04:36:40.00,461637.5175,5634655.3242,2945521.6093,12.0,4.2725,15.7023,8.2631,0.60974,1.47956,-4.11386
2024/02/14 04:36:41.00,461637.6127,5634659.2858,2945517.5989,12.0,4.2727,15.7034,8.2627,-0.03254,2.67677,-4.06346
2024/02/14 04:36:42.00,461637.6516,5634662.868,2945519.6424,11.0,4.4278,15.7082,8.5313,1.30484,4.71274,-0.27957
2024/02/14 04:36:43.00,461636.6013,5634659.2176,2945510.0186,12.0,4.273,15.7055,8.2621,-0.0837,1.1903,-3.78852
2024/02/14 04:36:44.00,461636.3635,5634658.3113,2945506.4926,12.0,4.2732,15.7065,8.2618,0.14738,1.29127,-2.56076
2024/02/14 04:36:45.00,461636.7183,5634658.7666,2945505.2432,12.0,4.2734,15.7076,8.2615,0.07419,1.07863,-1.91373
2024/02/14 04:36:46.00,461636.4956,5634661.9398,2945503.2692,12.0,4.2736,15.7086,8.2611,-0.11559,0.83412,-1.01683
2024/02/14 04:36:47.00,461637.6014,5634663.1315,2945502.9321,12.0,4.2738,15.7097,8.2608,-0.01425,0.64807,-0.8449
2024/02/14 04:36:48.00,461636.6089,5634664.5644,2945502.7093,12.0,4.274,15.7107,8.2605,-0.01654,0.42541,-0.40592
2024/02/14 04:36:49.00,461637.0198,5634664.7971,2945501.6297,12.0,4.2741,15.7118,8.2602,-0.03407,0.0717,-0.26899
2024/02/14 04:36:50.00,461637.2507,5634663.3765,2945501.798,12.0,4.2743,15.7128,8.2598,-0.00615,0.08669,-0.05691
2024/02/14 04:36:51.00,461637.2475,5634664.213,2945501.9,12.0,4.2745,15.7139,8.2595,0.01812,0.04841,-0.29204
2024/02/14 04:36:52.00,461637.2473,5634664.7641,2945501.5938,12.0,4.2747,15.7149,8.2592,-0.01596,0.3836,-0.42373
2024/02/14 04:36:53.00,461637.279,5634665.1647,2945501.1261,12.0,4.2749,15.716,8.2588,-0.01649,0.27019,-0.43632
2024/02/14 04:36:54.00,461637.2536,5634666.0096,2945500.6855,12.0,4.2751,15.717,8.2585,-0.0124,0.72422,-0.72884
2024/02/14 04:36:55.00,461637.2298,5634666.634,2945499.3409,12.0,4.2752,15.7181,8.2582,-0.06061,0.5032,-1.39096
2024/02/14 04:36:56.00,461637.3433,5634667.5856,2945497.8008,12.0,4.2754,15.7191,8.2579,0.10894,1.21068,-1.51498
2024/02/14 04:36:57.00,461637.2896,5634668.6026,2945496.1675,12.0,4.2756,15.7202,8.2575,0.03651,1.44765,-2.00048
2024/02/14 04:36:58.00,461637.3822,5634670.2537,2945493.8443,12.0,4.2758,15.7212,8.2572,-0.04094,1.4588,-2.44578
2024/02/14 04:36:59.00,461637.4212,5634671.4246,2945491.0755,12.0,4.276,15.7223,8.2569,-0.05437,1.86091,-2.58389
2024/02/14 04:37:00.00,461637.635,5634673.7232,2945488.6578,12.0,4.2761,15.7233,8.2565,-0.02553,1.32776,-2.99529
2024/02/14 04:37:01.00,461638.1488,5634675.9884,2945486.1473,12.0,4.2763,15.7243,8.2562,0.41091,2.76157,-2.53033
2024/02/14 04:37:02.00,461638.3942,5634677.3792,2945482.6212,12.0,4.2765,15.7254,8.2559,0.02122,1.0348,-3.95685
2024/02/14 04:37:03.00,461638.8745,5634679.258,2945478.8321,12.0,4.2767,15.7264,8.2555,0.62414,1.87213,-3.57562
2024/02/14 04:37:04.00,461639.1988,5634680.9076,2945475.257,12.0,4.2769,15.7275,8.2552,0.60696,1.9428,-3.09369
2024/02/14 04:37:05.00,461639.699,5634682.53,2945472.5023,12.0,4.2771,15.7285,8.2549,0.62853,1.70938,-2.68027
2024/02/14 04:37:06.00,461640.2994,5634684.372,2945469.5376,12.0,4.2772,15.7295,8.2545,0.71982,1.65216,-2.85058
2024/02/14 04:37:07.00,461641.5034,5634686.9076,2945466.8434,12.0,4.2774,15.7306,8.2542,0.84967,1.54852,-3.25098
2024/02/14 04:37:08.00,461642.356,5634688.017,2945463.6665,12.0,4.2776,15.7316,8.2539,1.26333,1.86213,-3.26841
2024/02/14 04:37:09.00,461643.494,5634689.809,2945460.3397,12.0,4.2778,15.7327,8.2535,1.54537,1.67911,-3.44006
2024/02/14 04:37:10.00,461645.1786,5634691.4406,2945456.8224,12.0,4.278,15.7337,8.2532,1.59167,1.53126,-3.51815
2024/02/14 04:37:11.00,461646.9043,5634693.0351,2945453.092,12.0,4.2782,15.7347,8.2529,1.80576,1.85058,-3.44139
2024/02/14 04:37:12.00,461648.6132,5634694.7645,2945449.5548,12.0,4.2783,15.7358,8.2525,1.82484,1.90884,-3.69271
2024/02/14 04:37:13.00,461650.4123,5634696.3629,2945445.8143,12.0,4.2785,15.7368,8.2522,1.85008,1.76306,-3.86528
2024/02/14 04:37:14.00,461652.5661,5634698.2208,2945441.9313,12.0,4.2787,15.7378,8.2519,2.15019,1.93427,-3.61636
2024/02/14 04:37:15.00,461654.706,5634700.4496,2945438.2078,12.0,4.2789,15.7389,8.2515,2.17969,1.75382,-3.9394
2024/02/14 04:37:16.00,461657.064,5634702.4744,2945434.3925,12.0,4.2791,15.7399,8.2512,2.32456,2.05275,-4.00216
2024/02/14 04:37:17.00,461659.9424,5634705.677,2945431.3196,12.0,4.2793,15.7409,8.2508,2.29543,1.46687,-4.79137
2024/02/14 04:37:18.00,461664.7415,5634713.4643,2945430.5641,12.0,4.2794,15.742,8.2505,3.83558,5.57516,-2.49187
2024/02/14 04:37:19.00,461664.6211,5634709.6933,2945422.0862,10.0,5.9535,18.6175,10.2306,0.56502,-0.16107,-6.78978
2024/02/14 04:37:20.00,461671.2636,5634715.3618,2945422.9374,11.0,5.5046,25.5642,8.3214,2.11367,2.66071,-6.38742
2024/02/14 04:37:21.00,461672.494,5634715.6254,2945415.0157,11.0,5.5045,25.5648,8.3211,4.42314,1.05874,-3.13345
2024/02/14 04:37:22.00,461674.0526,5634720.8506,2945406.8069,12.0,4.2802,15.7461,8.2491,3.15934,3.62621,-3.43819
2024/02/14 04:37:23.00,461677.9839,5634724.0101,2945405.2004,12.0,4.2804,15.7471,8.2488,4.10307,5.72656,-2.70541
2024/02/14 04:37:24.00,461682.6049,5634735.0322,2945403.153,12.0,4.2805,15.7481,8.2484,3.6491,4.34553,-2.96991
2024/02/14 04:37:25.00,461687.8471,5634739.5268,2945400.8426,12.0,4.2807,15.7492,8.2481,2.71996,2.90261,-5.44911
2024/02/14 04:37:26.00,461687.53,5634739.3583,2945390.6607,12.0,4.2809,15.7502,8.2477,2.98793,2.96802,-6.3897
2024/02/14 04:37:27.00,461689.0697,5634736.3052,2945381.4409,11.0,4.8364,16.634,9.3901,3.94905,4.53135,-4.41013
2024/02/14 04:37:28.00,461693.0485,5634742.0445,2945376.4688,11.0,4.8364,16.634,9.3885,3.49755,4.97861,-4.95609
2024/02/14 04:37:29.00,461694.4862,5634742.838,2945368.8165,11.0,4.8422,16.6777,8.4542,3.86599,5.49373,-3.17265
2024/02/14 04:37:30.00,461694.856,5634740.707,2945361.0374,12.0,4.2816,15.7543,8.2464,2.16541,2.39601,-4.60802
2024/02/14 04:37:31.00,461696.5624,5634742.331,2945356.1856,12.0,4.2818,15.7553,8.246,1.87218,1.74265,-3.74842
2024/02/14 04:37:32.00,461698.4105,5634744.7234,2945352.6863,12.0,4.282,15.7564,8.2457,1.75886,1.60118,-3.62471
2024/02/14 04:37:33.00,461699.8492,5634746.1633,2945348.5498,12.0,4.2822,15.7574,8.2453,1.74708,1.79798,-3.17176
2024/02/14 04:37:34.00,461701.5236,5634747.9228,2945345.3457,12.0,4.2824,15.7584,8.245,1.43097,1.44983,-3.29545
2024/02/14 04:37:35.00,461702.815,5634749.1863,2945342.0402,12.0,4.2826,15.7594,8.2446,1.28531,1.52436,-2.80614
2024/02/14 04:37:36.00,461703.9741,5634750.5441,2945339.121,12.0,4.2827,15.7604,8.2443,1.0661,1.13675,-2.58097
2024/02/14 04:37:37.00,461704.7596,5634751.2751,2945336.3574,12.0,4.2829,15.7615,8.2439,0.93664,1.07707,-2.56325
2024/02/14 04:37:38.00,461705.5297,5634752.5984,2945333.7878,12.0,4.2831,15.7625,8.2436,1.22079,1.44093,-2.31015
2024/02/14 04:37:39.00,461706.683,5634754.144,2945331.1274,12.0,4.2833,15.7635,8.2432,1.20338,1.59745,-2.53653
2024/02/14 04:37:40.00,461707.8142,5634755.5509,2945328.4136,12.0,4.2835,15.7645,8.2429,1.29538,1.33755,-2.97898
2024/02/14 04:37:41.00,461709.1398,5634757.275,2945325.7128,12.0,4.2837,15.7655,8.2425,1.52688,1.98627,-2.4087
2024/02/14 04:37:42.00,461711.2695,5634759.9756,2945324.109,12.0,4.2838,15.7666,8.2421,1.80658,1.83689,-3.04061
2024/02/14 04:37:43.00,461714.0771,5634763.5409,2945322.8379,12.0,4.284,15.7676,8.2418,2.44407,2.64958,-2.20355
2024/02/14 04:37:44.00,461715.7232,5634764.5196,2945317.565,10.0,5.243,16.7808,10.1116,3.4839,3.36855,-2.03818
2024/02/14 04:37:45.00,461719.6404,5634768.2679,2945316.0991,10.0,5.2428,16.7806,10.1096,2.57011,1.26209,-3.28798
2024/02/14 04:37:46.00,461722.01,5634769.0867,2945312.7122,10.0,5.2427,16.7804,10.1076,2.83296,0.39813,-4.11468
2024/02/14 04:37:47.00,461728.3035,5634777.5435,2945313.5772,11.0,4.836,16.6343,9.359,4.24997,5.67899,-1.13534
2024/02/14 04:37:48.00,461732.1997,5634780.1606,2945310.8588,11.0,4.836,16.6343,9.3575,3.13807,1.23117,-4.49785
2024/02/14 04:37:49.00,461737.2412,5634787.7794,2945309.375,11.0,4.836,16.6344,9.3559,3.19089,4.13182,-2.98213
2024/02/14 04:37:50.00,461747.1302,5634776.1314,2945309.4186,9.0,7.1241,27.0922,10.3621,3.58652,1.71883,-3.81197
2024/02/14 04:37:51.00,461752.4472,5634804.9439,2945309.6035,11.0,4.836,16.6344,9.3528,2.76114,-1.00249,-4.05901
2024/02/14 04:37:52.00,461750.0884,5634792.4634,2945302.0257,11.0,4.8359,16.6344,9.3513,3.9017,1.47148,-3.77231
2024/02/14 04:37:53.00,461747.9506,5634778.0053,2945290.3156,12.0,4.2859,15.7777,8.2382,4.33452,1.99664,-3.53953
2024/02/14 04:37:54.00,461752.2308,5634778.9626,2945285.4844,12.0,4.286,15.7787,8.2378,4.43699,1.90213,-3.59534
2024/02/14 04:37:55.00,461756.242,5634781.1153,2945280.6964,12.0,4.2862,15.7798,8.2375,4.68151,2.16217,-3.50157
2024/02/14 04:37:56.00,461760.494,5634782.3207,2945276.1816,12.0,4.2864,15.7808,8.2371,4.44767,1.9793,-3.74999
2024/02/14 04:37:57.00,461764.6507,5634783.9175,2945271.5825,12.0,4.2866,15.7818,8.2368,4.48146,1.66398,-4.20999
2024/02/14 04:37:58.00,461769.1989,5634786.1681,2945267.5984,12.0,4.2868,15.7828,8.2364,4.35593,1.61141,-3.93584
2024/02/14 04:37:59.00,461773.6135,5634788.3121,2945263.946,12.0,4.287,15.7838,8.236,4.0136,1.52154,-4.37022
2024/02/14 04:38:00.00,461777.729,5634789.6069,2945259.679,12.0,4.2871,15.7848,8.2357,4.67375,2.86332,-3.51402
2024/02/14 04:38:01.00,461783.7105,5634795.6459,2945257.0422,11.0,4.8358,16.6347,9.3374,4.0498,1.56974,-4.60544
2024/02/14 04:38:02.00,461788.0654,5634797.5683,2945253.084,11.0,4.8358,16.6347,9.3358,4.23183,1.66514,-4.1479
2024/02/14 04:38:03.00,461790.3315,5634794.3614,2945246.1103,12.0,4.2877,15.7878,8.2346,4.12189,1.87584,-3.89229
2024/02/14 04:38:04.00,461795.4381,5634798.1083,2945243.776,12.0,4.2879,15.7888,8.2342,5.95526,5.71172,-0.01612
2024/02/14 04:38:05.00,461798.5032,5634798.0902,2945238.4743,12.0,4.2881,15.7898,8.2338,3.67772,1.69255,-3.51239
2024/02/14 04:38:06.00,461802.6662,5634801.5097,2945235.2567,11.0,4.444,15.7941,8.5028,4.27069,2.25878,-3.1194
2024/02/14 04:38:07.00,461806.9243,5634804.1503,2945231.7384,10.0,5.2395,16.7757,10.0659,3.89381,1.45477,-4.02163
2024/02/14 04:38:08.00,461810.3541,5634805.0299,2945227.116,11.0,4.8356,16.6349,9.3266,5.37027,4.07144,-0.9273
2024/02/14 04:38:09.00,461813.4871,5634806.8117,2945223.7817,11.0,4.8356,16.6349,9.325,2.31778,-0.30547,-4.7511
2024/02/14 04:38:10.00,461816.3071,5634807.9626,2945219.4357,12.0,4.289,15.7949,8.232,3.04082,1.98212,-3.2881
2024/02/14 04:38:11.00,461818.8481,5634809.0708,2945215.0855,12.0,4.2892,15.7959,8.2316,2.3678,1.10236,-4.3429
2024/02/14 04:38:12.00,461821.5767,5634810.9139,2945212.0119,12.0,4.2893,15.7969,8.2313,2.83741,2.35577,-4.07621
2024/02/14 04:38:13.00,461825.2289,5634814.9262,2945208.8457,12.0,4.2895,15.7979,8.2309,3.85094,3.58146,-2.70565
2024/02/14 04:38:14.00,461826.9576,5634814.781,2945202.4957,11.0,4.8355,16.635,9.3173,2.69484,1.91798,-4.29779
2024/02/14 04:38:15.00,461831.7505,5634821.8505,2945202.3445,12.0,4.2899,15.7999,8.2301,2.89868,2.03314,-4.27177
2024/02/14 04:38:16.00,461832.6101,5634820.3069,2945193.8665,10.0,5.9476,18.5962,10.1261,2.11418,1.83962,-5.63685
2024/02/14 04:38:17.00,461834.7043,5634821.9396,2945188.5809,10.0,5.238,16.7735,10.0461,0.4465,-1.2112,-7.71883
2024/02/14 04:38:18.00,461837.3433,5634825.8452,2945183.7747,11.0,4.8556,16.739,8.4418,2.56899,3.45061,-5.11927
2024/02/14 04:38:19.00,461838.8846,5634827.2314,2945178.4468,12.0,4.2906,15.8039,8.2286,2.01451,2.52515,-5.17564
2024/02/14 04:38:20.00,461840.4755,5634828.2779,2945172.6878,12.0,4.2908,15.8049,8.2283,2.04531,2.36673,-5.09055
2024/02/14 04:38:21.00,461842.8664,5634831.7038,2945167.7806,12.0,4.291,15.8059,8.2279,2.08892,2.33143,-5.24046
2024/02/14 04:38:22.00,461845.2786,5634834.3749,2945162.6587,12.0,4.2912,15.8069,8.2275,2.02018,2.34011,-5.3683
2024/02/14 04:38:23.00,461847.3079,5634837.6253,2945157.4361,12.0,4.2914,15.8078,8.2271,1.97416,1.91691,-5.57235
2024/02/14 04:38:24.00,461848.3199,5634840.3167,2945151.4414,11.0,5.495,25.6003,8.3004,1.77546,2.56956,-5.29364
2024/02/14 04:38:25.00,461850.5881,5634844.6548,2945146.418,11.0,5.4949,25.6008,8.3,1.84555,2.56025,-5.67088
2024/02/14 04:38:26.00,461852.5176,5634847.5629,2945140.8322,12.0,4.2919,15.8108,8.226,2.44362,1.74043,-5.52554
2024/02/14 04:38:27.00,461854.836,5634848.5193,2945134.9982,12.0,4.2921,15.8118,8.2256,1.95108,2.94158,-5.899
2024/02/14 04:38:28.00,461856.2823,5634855.9521,2945129.0609,12.0,4.2923,15.8128,8.2253,3.3929,5.70659,-3.55899
2024/02/14 04:38:29.00,461860.0872,5634875.3748,2945128.7513,12.0,4.2925,15.8138,8.2249,3.59339,5.64954,-4.77959
2024/02/14 04:38:30.00,461865.1581,5634881.5128,2945120.668,12.0,4.2927,15.8148,8.2245,2.14041,3.69506,-5.10216
2024/02/14 04:38:31.00,461863.8595,5634870.8384,2945112.3579,12.0,4.2928,15.8158,8.2241,3.05494,3.05209,-3.71576
2024/02/14 04:38:32.00,461867.2281,5634868.4907,2945109.0741,12.0,4.293,15.8168,8.2237,1.70557,1.49641,-5.89783
2024/02/14 04:38:33.00,461869.108,5634865.985,2945102.7294,12.0,4.2932,15.8178,8.2233,2.81591,1.98957,-5.2187
2024/02/14 04:38:34.00,461872.0605,5634865.1097,2945097.3731,12.0,4.2934,15.8188,8.223,3.47457,1.66945,-4.82092
2024/02/14 04:38:35.00,461876.6189,5634865.4241,2945092.9909,12.0,4.2936,15.8197,8.2226,4.71027,2.75046,-3.22455
2024/02/14 04:38:36.00,461880.8112,5634871.6258,2945089.9049,12.0,4.2938,15.8207,8.2222,3.01608,1.50308,-5.00435
2024/02/14 04:38:37.00,461883.3393,5634873.1488,2945084.4465,12.0,4.294,15.8217,8.2218,3.28508,1.70361,-4.56112
2024/02/14 04:38:38.00,461886.9559,5634875.2639,2945080.277,12.0,4.2941,15.8227,8.2214,3.36544,2.87956,-4.69716
2024/02/14 04:38:39.00,461891.0539,5634879.413,2945075.9996,11.0,4.8351,16.6359,9.279,3.2214,2.96206,-4.25675
2024/02/14 04:38:40.00,461893.0344,5634880.3195,2945070.3309,10.0,5.2347,16.7688,10.0008,4.32956,6.17023,-3.51756
2024/02/14 04:38:41.00,461895.4686,5634882.481,2945064.2249,9.0,7.053,19.5695,11.6902,1.06805,1.26648,-6.1563
2024/02/14 04:38:42.00,461896.8618,5634884.8647,2945058.3538,9.0,7.0525,19.5681,11.6874,1.49839,2.78379,-5.53953
2024/02/14 04:38:43.00,461896.1385,5634884.1351,2945051.7401,8.0,9.2999,22.5922,12.7385,1.11249,2.45445,-5.47525
2024/02/14 04:38:44.00,461896.9873,5634885.8228,2945046.5519,7.0,19.4227,37.6454,17.6793,1.0726,2.29134,-5.05892
2024/02/14 04:38:45.00,461904.0027,5634897.841,2945045.7879,9.0,8.1467,19.6097,10.7774,0.62495,2.01273,-4.30838
2024/02/14 04:38:46.00,461898.4667,5634889.4733,2945037.5451,8.0,19.4078,37.4394,17.2591,-0.11757,1.16189,-3.97578
2024/02/14 04:38:47.00,461899.5275,5634893.2668,2945034.9655,10.0,6.0348,17.2083,7.536,-0.19643,2.23734,-3.30089
2024/02/14 04:38:48.00,461899.1797,5634896.2163,2945032.4148,10.0,6.035,17.21,7.5356,-1.05034,2.05789,-2.58603
2024/02/14 04:38:49.00,461897.8699,5634897.3047,2945029.9464,11.0,5.1436,16.1076,7.5349,-1.84434,1.68477,-1.95569
2024/02/14 04:38:50.00,461895.6723,5634898.8962,2945028.1779,12.0,4.7982,15.7952,7.5147,-2.60496,1.39888,-1.53472
2024/02/14 04:38:51.00,461892.6425,5634899.6185,2945026.1339,12.0,4.7985,15.7966,7.5144,-3.09553,0.80282,-1.54978
2024/02/14 04:38:52.00,461889.5013,5634900.9262,2945024.7112,12.0,4.7987,15.7981,7.5141,-3.66105,1.23526,-1.33729
2024/02/14 04:38:53.00,461885.0773,5634900.6169,2945023.2067,12.0,4.799,15.7995,7.5138,-3.97855,1.3963,-1.23792
2024/02/14 04:38:54.00,461881.2181,5634902.5394,2945021.8693,12.0,4.7992,15.801,7.5135,-4.38458,1.22572,-1.35571
2024/02/14 04:38:55.00,461876.2266,5634905.5154,2945022.6421,12.0,4.7995,15.8024,7.5132,-4.77776,1.1046,-1.38208
2024/02/14 04:38:56.00,461872.2152,5634904.777,2945018.4011,12.0,4.7997,15.8039,7.5129,-4.86229,1.10833,-1.48809
2024/02/14 04:38:57.00,461866.6998,5634907.4032,2945018.9585,12.0,4.7999,15.8053,7.5126,-4.93481,1.49289,-1.35838
2024/02/14 04:38:58.00,461861.9457,5634908.3321,2945016.8717,12.0,4.8002,15.8068,7.5123,-5.10098,1.53309,-1.40458
2024/02/14 04:38:59.00,461856.9006,5634909.4732,2945014.9569,12.0,4.8004,15.8082,7.512,-5.25308,1.25264,-1.60185
2024/02/14 04:39:00.00,461851.9559,5634911.3785,2945013.4556,12.0,4.8007,15.8097,7.5117,-5.06652,1.44709,-1.54458
2024/02/14 04:39:01.00,461846.9157,5634912.063,2945011.247,12.0,4.8009,15.8111,7.5114,-5.54099,1.23026,-1.52289
2024/02/14 04:39:02.00,461841.4054,5634913.1243,2945009.769,12.0,4.8011,15.8126,7.5111,-5.53194,1.41541,-1.62963
2024/02/14 04:39:03.00,461835.5794,5634914.6031,2945008.0587,12.0,4.8014,15.814,7.5108,-6.07199,1.56771,-1.71684
2024/02/14 04:39:04.00,461829.0755,5634916.0045,2945006.3305,12.0,4.8016,15.8155,7.5105,-6.76262,1.5272,-1.62988
2024/02/14 04:39:05.00,461822.3022,5634917.9513,2945004.7244,12.0,4.8019,15.8169,7.5101,-6.68466,1.6304,-1.66223
2024/02/14 04:39:06.00,461815.7335,5634919.7456,2945003.4695,12.0,4.8021,15.8184,7.5098,-6.643,1.18879,-1.40248
2024/02/14 04:39:07.00,461809.197,5634921.208,2945001.9905,12.0,4.8024,15.8198,7.5095,-6.50548,1.73559,-1.68915
2024/02/14 04:39:08.00,461802.7186,5634922.3921,2944999.7324,12.0,4.8026,15.8213,7.5092,-6.76593,1.4806,-1.76833
2024/02/14 04:39:09.00,461796.0828,5634923.4678,2944997.5543,12.0,4.8028,15.8227,7.5089,-6.8792,1.42487,-1.76387
2024/02/14 04:39:10.00,461789.2141,5634925.531,2944996.4499,12.0,4.8031,15.8242,7.5086,-6.77543,1.42167,-1.7166
2024/02/14 04:39:11.00,461782.7916,5634926.8499,2944994.4385,12.0,4.8033,15.8256,7.5083,-6.55554,1.63633,-1.64667
2024/02/14 04:39:12.00,461775.9016,5634928.312,2944993.1703,12.0,4.8036,15.8271,7.508,-6.67786,1.34199,-1.78347
2024/02/14 04:39:13.00,461769.1562,5634929.4098,2944991.1906,12.0,4.8038,15.8285,7.5077,-6.92825,1.47958,-1.65177
2024/02/14 04:39:14.00,461762.3981,5634931.2304,2944989.5761,12.0,4.804,15.8299,7.5074,-6.94922,1.50129,-1.67029
2024/02/14 04:39:15.00,461755.3738,5634933.3919,2944987.8647,12.0,4.8043,15.8314,7.5071,-7.18399,1.53252,-1.72896
2024/02/14 04:39:16.00,461748.2333,5634935.0595,2944986.1585,12.0,4.8045,15.8328,7.5068,-7.20584,1.58975,-1.58314
2024/02/14 04:39:17.00,461740.8452,5634936.0193,2944984.3149,12.0,4.8048,15.8343,7.5065,-7.26759,1.74385,-1.60505
2024/02/14 04:39:18.00,461733.8316,5634937.9001,2944982.7608,12.0,4.805,15.8357,7.5062,-6.49732,2.11811,-1.39192
2024/02/14 04:39:19.00,461727.1208,5634939.458,2944981.4489,12.0,4.8053,15.8372,7.5059,-6.35066,1.46476,-1.32245
2024/02/14 04:39:20.00,461720.9091,5634941.7428,2944981.8076,12.0,4.8055,15.8386,7.5055,-5.23721,0.63031,-1.88376
2024/02/14 04:39:21.00,461716.1364,5634941.3141,2944978.9138,12.0,4.8057,15.84,7.5052,-5.19376,0.72115,-0.80109
2024/02/14 04:39:22.00,461711.0762,5634942.7454,2944978.5938,12.0,4.806,15.8415,7.5049,-5.0905,0.59208,-0.70325
2024/02/14 04:39:23.00,461705.9351,5634944.5116,2944979.4764,12.0,4.8062,15.8429,7.5046,-4.50467,0.47339,-1.10681
2024/02/14 04:39:24.00,461701.2568,5634945.5076,2944978.6255,12.0,4.8065,15.8444,7.5043,-4.5779,-0.04612,-1.81066
2024/02/14 04:39:25.00,461695.6885,5634948.3297,2944980.8288,12.0,4.8067,15.8458,7.504,-5.24338,1.39584,-0.2071
2024/02/14 04:39:26.00,461691.0844,5634946.9234,2944977.176,12.0,4.807,15.8472,7.5037,-5.26579,0.70736,-1.03301
2024/02/14 04:39:27.00,461686.3923,5634946.7843,2944974.3193,12.0,4.8072,15.8487,7.5034,-5.17023,0.83195,-1.28385
2024/02/14 04:39:28.00,461680.9508,5634948.2599,2944974.3132,12.0,4.8074,15.8501,7.5031,-5.07582,1.14194,-0.93212
2024/02/14 04:39:29.00,461675.676,5634948.9186,2944973.365,12.0,4.8077,15.8515,7.5027,-5.20092,0.90011,-0.76399
2024/02/14 04:39:30.00,461670.3304,5634950.1853,2944973.4348,12.0,4.8079,15.853,7.5024,-5.40298,1.44395,-0.04309
2024/02/14 04:39:31.00,461664.7636,5634951.5145,2944973.192,12.0,4.8082,15.8544,7.5021,-5.42774,0.01411,-1.84811
2024/02/14 04:39:32.00,461658.9198,5634952.2813,2944972.4419,12.0,4.8084,15.8559,7.5018,-6.18218,0.45665,-0.63575
2024/02/14 04:39:33.00,461651.7354,5634956.1076,2944975.989,12.0,4.8087,15.8573,7.5015,-6.48939,1.07074,-0.78042
2024/02/14 04:39:34.00,461645.4199,5634954.9118,2944972.4277,12.0,4.8089,15.8587,7.5012,-6.97987,1.1417,-0.47815
2024/02/14 04:39:35.00,461638.6966,5634954.0678,2944969.4882,12.0,4.8091,15.8602,7.5008,-7.36481,0.99397,-0.90146
2024/02/14 04:39:36.00,461631.7812,5634954.0319,2944966.4835,12.0,4.8094,15.8616,7.5005,-7.51507,1.14849,-1.00715
2024/02/14 04:39:37.00,461624.0942,5634954.5388,2944965.345,12.0,4.8096,15.863,7.5002,-7.57271,1.15095,-1.03038
2024/02/14 04:39:38.00,461616.5288,5634955.263,2944964.0952,12.0,4.8099,15.8645,7.4999,-7.44824,1.09711,-1.12421
2024/02/14 04:39:39.00,461609.0096,5634957.1782,2944963.744,12.0,4.8101,15.8659,7.4996,-7.52197,0.84093,-1.05381
2024/02/14 04:39:40.00,461601.8761,5634958.4644,2944962.8497,12.0,4.8104,15.8673,7.4993,-6.63854,0.9682,-0.97871
2024/02/14 04:39:41.00,461595.9848,5634959.6432,2944961.4813,12.0,4.8106,15.8688,7.4989,-5.55406,0.96046,-0.95792
2024/02/14 04:39:42.00,461590.5587,5634960.3707,2944960.524,12.0,4.8108,15.8702,7.4986,-5.41184,0.93826,-1.06982
2024/02/14 04:39:43.00,461585.0366,5634960.9503,2944959.6112,12.0,4.8111,15.8716,7.4983,-5.64085,1.08304,-1.34879
2024/02/14 04:39:44.00,461579.1485,5634961.9136,2944958.07,12.0,4.8113,15.873,7.498,-6.09565,1.04752,-1.22666
2024/02/14 04:39:45.00,461572.887,5634962.9639,2944956.5527,12.0,4.8116,15.8745,7.4977,-6.35239,1.41978,-1.42707
2024/02/14 04:39:46.00,461566.2329,5634964.2869,2944955.1248,12.0,4.8118,15.8759,7.4974,-7.04435,2.40689,-0.03567
2024/02/14 04:39:47.00,461558.941,5634967.1994,2944955.2676,12.0,4.8121,15.8773,7.497,-7.21569,2.23039,-0.87214
2024/02/14 04:39:48.00,461551.8545,5634967.59,2944952.07,12.0,4.8123,15.8788,7.4967,-7.25861,1.27764,-2.17213
2024/02/14 04:39:49.00,461544.2826,5634967.9878,2944949.286,12.0,4.8125,15.8802,7.4964,-7.64289,1.82035,-1.89155
2024/02/14 04:39:50.00,461536.1073,5634971.0725,2944949.6486,12.0,4.8128,15.8816,7.4961,-7.83635,1.0002,-2.39955
2024/02/14 04:39:51.00,461528.2769,5634972.4605,2944947.3489,12.0,4.813,15.883,7.4957,-7.74085,0.67058,-3.15385
2024/02/14 04:39:52.00,461520.4748,5634973.8183,2944945.3271,12.0,4.8133,15.8845,7.4954,-7.42097,0.72744,-3.35264
2024/02/14 04:39:53.00,461513.2801,5634974.8595,2944942.0182,12.0,4.8135,15.8859,7.4951,-7.54487,1.40663,-2.26661
2024/02/14 04:39:54.00,461506.0777,5634976.1239,2944939.3735,12.0,4.8138,15.8873,7.4948,-7.23452,1.54388,-2.22307
2024/02/14 04:39:55.00,461499.0936,5634978.4555,2944938.0752,12.0,4.814,15.8887,7.4945,-6.78895,1.38181,-2.04902
2024/02/14 04:39:56.00,461492.3506,5634979.7301,2944935.705,12.0,4.8142,15.8902,7.4941,-6.561,1.62144,-2.03511
2024/02/14 04:39:57.00,461485.6317,5634981.377,2944934.4652,12.0,4.8145,15.8916,7.4938,-6.45772,1.27209,-2.02006
2024/02/14 04:39:58.00,461479.6314,5634982.9345,2944932.1903,12.0,4.8147,15.893,7.4935,-6.23239,1.3263,-1.87471
2024/02/14 04:39:59.00,461473.6674,5634984.2465,2944930.1807,12.0,4.815,15.8944,7.4932,-5.68504,1.4628,-1.60191
2024/02/14 04:40:00.00,461467.8911,5634985.1586,2944928.2893,12.0,4.8152,15.8959,7.4928,-5.66264,1.22998,-1.87231
2024/02/14 04:40:01.00,461462.3076,5634986.7225,2944926.5535,12.0,4.8155,15.8973,7.4925,-5.70613,1.20362,-1.80314
2024/02/14 04:40:02.00,461456.4381,5634987.6711,2944924.4307,12.0,4.8157,15.8987,7.4922,-5.91286,1.20711,-2.08632
2024/02/14 04:40:03.00,461450.4691,5634989.5724,2944922.8344,12.0,4.8159,15.9001,7.4919,-5.93066,1.61433,-2.21718
2024/02/14 04:40:04.00,461444.8726,5634991.1905,2944919.9956,12.0,4.8162,15.9015,7.4915,-5.78819,1.922,-2.27597
2024/02/14 04:40:05.00,461438.9792,5634993.2773,2944918.2197,12.0,4.8164,15.903,7.4912,-5.61927,1.57538,-2.71052
2024/02/14 04:40:06.00,461433.062,5634996.0041,2944917.4046,12.0,4.8167,15.9044,7.4909,-5.40162,2.21129,-2.28984
2024/02/14 04:40:07.00,461426.8051,5635000.6648,2944919.287,12.0,4.8169,15.9058,7.4905,-5.51592,2.35615,-1.48816
2024/02/14 04:40:08.00,461423.0199,5634998.01,2944910.3981,12.0,4.8172,15.9072,7.4902,-5.29636,1.43292,-2.58248
2024/02/14 04:40:09.00,461417.9881,5634998.6818,2944907.0012,12.0,4.8174,15.9086,7.4899,-5.22869,1.51515,-2.26933
2024/02/14 04:40:10.00,461412.4864,5635000.5181,2944905.0531,12.0,4.8176,15.9101,7.4896,-5.41112,1.54454,-2.7475
2024/02/14 04:40:11.00,461406.9813,5635002.4266,2944902.4525,12.0,4.8179,15.9115,7.4892,-5.62338,2.16405,-2.41207
2024/02/14 04:40:12.00,461400.9092,5635005.7587,2944901.705,12.0,4.8181,15.9129,7.4889,-5.56227,2.22613,-2.30514
2024/02/14 04:40:13.00,461395.151,5635006.5348,2944898.1273,12.0,4.8184,15.9143,7.4886,-5.32506,1.7366,-2.62362
2024/02/14 04:40:14.00,461390.2857,5635008.0429,2944894.8132,12.0,4.8186,15.9157,7.4882,-5.14822,1.90311,-2.43002
2024/02/14 04:40:15.00,461385.2463,5635009.908,2944892.3178,12.0,4.8189,15.9171,7.4879,-5.02751,2.10536,-2.58135
2024/02/14 04:40:16.00,461380.1042,5635011.39,2944889.4815,12.0,4.8191,15.9185,7.4876,-5.13009,1.91486,-2.66026
2024/02/14 04:40:17.00,461374.8663,5635013.5263,2944886.7085,12.0,4.8193,15.92,7.4873,-5.59047,1.78445,-2.80019
2024/02/14 04:40:18.00,461368.9012,5635017.1703,2944886.0241,12.0,4.8196,15.9214,7.4869,-5.69895,1.76482,-3.24284
2024/02/14 04:40:19.00,461363.4897,5635017.3294,2944880.3884,12.0,4.8198,15.9228,7.4866,-5.91585,1.99355,-3.26533
2024/02/14 04:40:20.00,461356.9583,5635019.9887,2944878.5446,12.0,4.8201,15.9242,7.4863,-6.13163,1.96264,-3.11926
2024/02/14 04:40:21.00,461350.932,5635022.8543,2944876.5225,12.0,4.8203,15.9256,7.4859,-5.75724,1.04984,-4.51401
2024/02/14 04:40:22.00,461345.5634,5635023.3974,2944871.386,12.0,4.8206,15.927,7.4856,-5.98596,2.06572,-2.92921
2024/02/14 04:40:23.00,461339.5968,5635024.9787,2944868.5429,12.0,4.8208,15.9284,7.4853,-5.86493,1.79598,-2.87704
2024/02/14 04:40:24.00,461333.9375,5635026.8273,2944865.931,12.0,4.821,15.9298,7.4849,-5.81142,1.95457,-2.50688
2024/02/14 04:40:25.00,461327.9803,5635029.6793,2944863.9995,12.0,4.8213,15.9312,7.4846,-5.65225,2.08763,-2.60335
2024/02/14 04:40:26.00,461322.203,5635030.9766,2944860.7994,12.0,4.8215,15.9327,7.4843,-5.46119,2.06194,-2.67146
2024/02/14 04:40:27.00,461316.5733,5635033.3656,2944858.9294,12.0,4.8218,15.9341,7.4839,-5.3897,1.81997,-2.98431
2024/02/14 04:40:28.00,461311.3152,5635034.6938,2944855.4852,12.0,4.822,15.9355,7.4836,-5.2723,1.78065,-2.81755
2024/02/14 04:40:29.00,461305.8612,5635037.2662,2944853.795,12.0,4.8223,15.9369,7.4832,-5.18368,1.8258,-2.48999
2024/02/14 04:40:30.00,461300.988,5635038.1481,2944850.0728,12.0,4.8225,15.9383,7.4829,-4.94439,1.67066,-2.41993
2024/02/14 04:40:31.00,461295.9872,5635040.8357,2944848.7775,12.0,4.8228,15.9397,7.4826,-4.82137,1.60499,-2.29858
2024/02/14 04:40:32.00,461291.6067,5635041.1954,2944844.6298,12.0,4.823,15.9411,7.4822,-4.77239,1.75451,-1.93879
2024/02/14 04:40:33.00,461286.0525,5635045.1266,2944845.9341,12.0,4.8232,15.9425,7.4819,-4.64999,1.46102,-2.38636
2024/02/14 04:40:34.00,461281.7148,5635045.3362,2944842.0637,12.0,4.8235,15.9439,7.4816,-4.85341,1.57621,-1.87096
2024/02/14 04:40:35.00,461277.3434,5635046.5249,2944839.3881,12.0,4.8237,15.9453,7.4812,-4.5876,1.78466,-2.04627
2024/02/14 04:40:36.00,461272.9927,5635047.421,2944836.2455,12.0,4.824,15.9467,7.4809,-4.49924,1.5595,-2.33522
2024/02/14 04:40:37.00,461268.4167,5635048.66,2944833.8872,12.0,4.8242,15.9481,7.4805,-4.34493,1.58101,-2.40388
2024/02/14 04:40:38.00,461264.1057,5635050.5129,2944831.8966,12.0,4.8245,15.9495,7.4802,-4.25157,2.04934,-1.4057
2024/02/14 04:40:39.00,461260.4103,5635052.4632,2944830.3108,12.0,4.8247,15.9509,7.4799,-3.47946,1.31788,-1.71751
2024/02/14 04:40:40.00,461257.3671,5635053.8536,2944828.7481,12.0,4.8249,15.9523,7.4795,-2.94154,0.97497,-1.51008
2024/02/14 04:40:41.00,461254.6432,5635054.2712,2944826.0729,12.0,4.8252,15.9537,7.4792,-3.02195,1.00551,-1.36507
2024/02/14 04:40:42.00,461250.2575,5635058.9145,2944830.3273,12.0,4.8254,15.9551,7.4788,-3.40911,1.22106,-1.23854
2024/02/14 04:40:43.00,461247.2146,5635058.3189,2944826.5688,12.0,4.8257,15.9565,7.4785,-3.79023,1.71708,-0.95016
2024/02/14 04:40:44.00,461243.5031,5635059.6299,2944824.7858,12.0,4.8259,15.9579,7.4782,-3.76193,1.47306,-2.08042
2024/02/14 04:40:45.00,461239.7833,5635061.3047,2944822.4477,12.0,4.8262,15.9593,7.4778,-4.09176,1.79217,-2.00636
2024/02/14 04:40:46.00,461235.5582,5635063.0635,2944820.1233,12.0,4.8264,15.9607,7.4775,-4.41529,1.42045,-2.79922
2024/02/14 04:40:47.00,461231.3028,5635062.9486,2944815.3261,12.0,4.8266,15.9621,7.4771,-4.97539,2.34678,-1.95334
2024/02/14 04:40:48.00,461226.337,5635064.4806,2944812.6021,12.0,4.8269,15.9635,7.4768,-5.04067,1.74707,-2.7585
2024/02/14 04:40:49.00,461221.3102,5635066.9236,2944810.0928,12.0,4.8271,15.9649,7.4764,-5.09155,1.67894,-2.90792
2024/02/14 04:40:50.00,461216.2444,5635068.1699,2944806.9393,12.0,4.8274,15.9663,7.4761,-4.98889,1.5873,-3.02148
2024/02/14 04:40:51.00,461211.4743,5635068.1539,2944802.197,12.0,4.8276,15.9677,7.4758,-5.21643,1.20312,-3.10015
2024/02/14 04:40:52.00,461206.5159,5635070.3898,2944800.2912,12.0,4.8279,15.9691,7.4754,-4.90764,1.7586,-2.91654
2024/02/14 04:40:53.00,461200.9919,5635074.3178,2944799.962,12.0,4.8281,15.9705,7.4751,-4.8925,1.79782,-3.21106
2024/02/14 04:40:54.00,461195.6554,5635077.4536,2944798.3589,12.0,4.8283,15.9719,7.4747,-5.18291,1.2239,-4.04085
2024/02/14 04:40:55.00,461189.8826,5635080.3163,2944796.7272,12.0,4.8286,15.9733,7.4744,-5.47126,1.53181,-3.87593
2024/02/14 04:40:56.00,461184.8775,5635080.3574,2944790.4391,12.0,4.8288,15.9747,7.474,-5.86923,2.25536,-3.21637
2024/02/14 04:40:57.00,461179.2318,5635081.955,2944786.6207,12.0,4.8291,15.9761,7.4737,-6.2044,1.60594,-2.5632
2024/02/14 04:40:58.00,461173.042,5635085.455,2944785.8881,12.0,4.8293,15.9775,7.4733,-5.34335,5.38362,-2.20957
2024/02/14 04:40:59.00,461166.7844,5635087.8428,2944783.9713,11.0,5.1597,16.0072,7.5164,-4.65977,1.54772,-3.99225
2024/02/14 04:41:00.00,461162.48,5635089.0857,2944779.5927,11.0,5.16,16.0087,7.516,-4.71136,1.36072,-3.30417
2024/02/14 04:41:01.00,461159.5963,5635089.185,2944772.7944,12.0,4.8301,15.9817,7.4723,-4.47732,1.97794,-2.90357
2024/02/14 04:41:02.00,461154.834,5635090.6085,2944769.9792,12.0,4.8303,15.9831,7.4719,-4.44812,1.75211,-2.82823
2024/02/14 04:41:03.00,461150.5496,5635092.3537,2944766.7487,12.0,4.8305,15.9845,7.4716,-4.48611,2.09269,-2.92318
2024/02/14 04:41:04.00,461145.9046,5635093.7057,2944764.5333,12.0,4.8308,15.9858,7.4712,-4.0064,2.45066,-2.58702
2024/02/14 04:41:05.00,461142.1996,5635096.1024,2944762.2202,12.0,4.831,15.9872,7.4709,-3.63338,2.01978,-2.51503
2024/02/14 04:41:06.00,461138.9727,5635098.1585,2944759.3904,12.0,4.8313,15.9886,7.4705,-3.16713,1.71701,-2.5789
2024/02/14 04:41:07.00,461135.905,5635099.8118,2944756.6465,12.0,4.8315,15.99,7.4702,-2.9516,1.3711,-2.90782
2024/02/14 04:41:08.00,461133.0185,5635101.5573,2944753.6531,12.0,4.8318,15.9914,7.4698,-2.42105,2.05587,-3.13611
2024/02/14 04:41:09.00,461130.4185,5635103.4218,2944750.4171,12.0,4.832,15.9928,7.4695,-2.51061,2.05113,-3.19713
2024/02/14 04:41:10.00,461128.0275,5635105.3771,2944747.0381,12.0,4.8322,15.9942,7.4691,-2.40903,2.41978,-3.06516
2024/02/14 04:41:11.00,461125.846,5635107.9279,2944743.8393,12.0,4.8325,15.9956,7.4688,-2.37976,2.56153,-3.17613
2024/02/14 04:41:12.00,461123.7425,5635110.8172,2944740.6016,11.0,5.1632,16.0261,7.5113,-1.95479,2.09832,-4.02025
2024/02/14 04:41:13.00,461122.1112,5635112.6014,2944735.5151,12.0,4.833,15.9983,7.4681,-2.02167,2.21869,-4.39403
2024/02/14 04:41:14.00,461120.5933,5635115.1873,2944730.88,12.0,4.8332,15.9997,7.4677,-2.17822,2.26908,-4.27535
2024/02/14 04:41:15.00,461117.5715,5635122.4215,2944726.4169,12.0,4.8335,16.0011,7.4674,-1.98275,2.68576,-4.57416
2024/02/14 04:41:16.00,461116.0964,5635121.8396,2944721.8319,12.0,4.8337,16.0025,7.467,-1.43655,0.05003,-4.72844
2024/02/14 04:41:17.00,461114.7167,5635123.1077,2944717.0009,12.0,4.8339,16.0039,7.4667,-1.17187,3.31843,-4.60977
2024/02/14 04:41:18.00,461113.7236,5635127.0238,2944712.4228,11.0,5.7806,17.3015,8.6857,-1.03661,3.21224,-5.28182
2024/02/14 04:41:19.00,461113.3449,5635129.9699,2944707.3272,11.0,5.7806,17.3019,8.6842,-0.5125,2.26666,-5.76448
2024/02/14 04:41:20.00,461112.9591,5635131.6577,2944701.2023,12.0,4.8347,16.008,7.4656,1.74895,5.04597,-4.15798
2024/02/14 04:41:21.00,461113.3452,5635138.1374,2944695.5909,12.0,4.8349,16.0094,7.4653,1.44453,3.11559,-5.74775
2024/02/14 04:41:22.00,461114.7102,5635137.0233,2944689.3072,12.0,4.8352,16.0108,7.4649,1.94738,3.01256,-5.98658
2024/02/14 04:41:23.00,461117.5043,5635140.9175,2944684.2656,12.0,4.8354,16.0121,7.4645,2.37374,3.20046,-5.90633
2024/02/14 04:41:24.00,461120.6813,5635146.3962,2944678.8835,11.0,5.7805,17.3039,8.6772,4.14448,6.65314,-4.98056
2024/02/14 04:41:25.00,461125.5554,5635156.0571,2944673.4884,11.0,5.7805,17.3043,8.6757,1.71007,1.56546,-8.10105
2024/02/14 04:41:26.00,461127.2861,5635154.6583,2944666.0137,11.0,5.7804,17.3047,8.6743,1.96007,2.54996,-8.28741
2024/02/14 04:41:27.00,461126.5141,5635159.3202,2944657.405,11.0,5.7804,17.3051,8.6729,2.95385,3.1689,-7.41903
2024/02/14 04:41:28.00,461133.8004,5635159.6977,2944653.9057,12.0,4.8366,16.019,7.4628,2.79068,2.96911,-6.83731
2024/02/14 04:41:29.00,461134.5795,5635167.7504,2944644.6859,11.0,5.7804,17.3059,8.6701,3.57532,5.4445,-5.47289
2024/02/14 04:41:30.00,461136.4036,5635174.4494,2944638.3913,12.0,4.8371,16.0218,7.462,2.64723,2.56428,-6.46978
2024/02/14 04:41:31.00,461136.2281,5635187.6584,2944630.6678,12.0,4.8373,16.0231,7.4617,1.87041,4.50991,-5.72424
2024/02/14 04:41:32.00,461141.3012,5635169.0408,2944626.047,12.0,4.8376,16.0245,7.4613,1.61867,2.27315,-5.25236
2024/02/14 04:41:33.00,461142.7416,5635172.2112,2944621.4156,12.0,4.8378,16.0259,7.461,1.31479,2.66214,-5.0897
2024/02/14 04:41:34.00,461144.4345,5635173.8477,2944616.1428,12.0,4.8381,16.0273,7.4606,1.34747,2.71267,-5.12064
2024/02/14 04:41:35.00,461144.9457,5635177.5584,2944610.6113,12.0,4.8383,16.0287,7.4602,1.24741,2.9305,-5.29909
2024/02/14 04:41:36.00,461146.0548,5635180.7122,2944605.3361,12.0,4.8386,16.03,7.4599,0.92495,2.75879,-5.66897
2024/02/14 04:41:37.00,461146.9114,5635183.6482,2944599.7626,12.0,4.8388,16.0314,7.4595,0.3252,2.89376,-5.6666
2024/02/14 04:41:38.00,461146.9731,5635187.4558,2944594.1058,12.0,4.839,16.0328,7.4592,-0.26487,2.67275,-5.34062
2024/02/14 04:41:39.00,461146.5373,5635189.8766,2944588.8155,12.0,4.8393,16.0342,7.4588,-0.67043,3.00614,-5.15582
2024/02/14 04:41:40.00,461145.5868,5635192.9782,2944583.8175,12.0,4.8395,16.0355,7.4584,-1.17871,2.92998,-4.81662
2024/02/14 04:41:41.00,461143.8028,5635195.6908,2944578.7015,12.0,4.8398,16.0369,7.4581,-2.25849,2.76893,-5.01081
2024/02/14 04:41:42.00,461141.3877,5635198.5821,2944573.7645,12.0,4.84,16.0383,7.4577,-2.50157,2.94318,-5.06642
2024/02/14 04:41:43.00,461138.4504,5635201.9607,2944569.635,12.0,4.8403,16.0396,7.4574,-3.05076,3.27066,-4.65691
2024/02/14 04:41:44.00,461133.4717,5635210.8085,2944573.3355,12.0,4.8405,16.041,7.457,-3.6505,4.18532,-3.32978
2024/02/14 04:41:45.00,461129.7627,5635215.5686,2944570.559,12.0,4.8407,16.0424,7.4566,-3.95943,3.68298,-4.13303
2024/02/14 04:41:46.00,461125.7809,5635216.3566,2944562.9755,11.0,5.1724,16.075,7.4976,-3.95916,3.96876,-3.8971
2024/02/14 04:41:47.00,461125.6612,5635213.7251,2944547.9683,11.0,5.1726,16.0764,7.4972,-3.34026,3.35796,-5.31924
2024/02/14 04:41:48.00,461122.6296,5635217.5162,2944542.5911,12.0,4.8415,16.0465,7.4555,-3.11339,2.20237,-5.13389
2024/02/14 04:41:49.00,461118.3685,5635224.5794,2944537.4253,12.0,4.8417,16.0478,7.4552,-3.13364,2.55498,-4.88295
2024/02/14 04:41:50.00,461114.9172,5635227.9616,2944532.0992,12.0,4.842,16.0492,7.4548,-3.1786,2.85022,-4.80986
2024/02/14 04:41:51.00,461112.811,5635225.2507,2944527.5513,12.0,4.8422,16.0506,7.4544,-3.27461,2.5332,-4.64605
2024/02/14 04:41:52.00,461109.4157,5635228.4122,2944523.5468,12.0,4.8425,16.0519,7.4541,-3.09972,2.19061,-3.84814
2024/02/14 04:41:53.00,461106.9522,5635229.2931,2944520.3244,12.0,4.8427,16.0533,7.4537,-2.83813,2.38327,-3.77629
2024/02/14 04:41:54.00,461104.1256,5635232.5032,2944516.313,12.0,4.8429,16.0547,7.4533,-2.73128,1.95456,-3.73552
2024/02/14 04:41:55.00,461101.6187,5635235.1559,2944512.6869,12.0,4.8432,16.056,7.453,-2.49389,2.20473,-3.55636
2024/02/14 04:41:56.00,461099.2817,5635236.9063,2944509.0378,12.0,4.8434,16.0574,7.4526,-2.52635,2.19764,-3.60719
2024/02/14 04:41:57.00,461096.3131,5635238.662,2944505.1809,12.0,4.8437,16.0588,7.4522,-2.49176,2.43672,-3.6502
2024/02/14 04:41:58.00,461093.538,5635240.8526,2944501.2857,12.0,4.8439,16.0601,7.4519,-2.69774,2.27332,-3.94571
2024/02/14 04:41:59.00,461090.536,5635242.7251,2944497.4618,12.0,4.8442,16.0615,7.4515,-3.11964,2.31826,-3.53626
2024/02/14 04:42:00.00,461087.1513,5635244.8916,2944493.9782,12.0,4.8444,16.0628,7.4511,-3.63785,2.12784,-3.44326
2024/02/14 04:42:01.00,461083.5657,5635246.9788,2944490.5861,12.0,4.8446,16.0642,7.4508,-3.70314,2.09326,-3.30149
2024/02/14 04:42:02.00,461079.6949,5635249.3545,2944487.5808,12.0,4.8449,16.0656,7.4504,-4.03769,1.98739,-3.03035
2024/02/14 04:42:03.00,461075.4666,5635251.4513,2944484.7839,12.0,4.8451,16.0669,7.45,-4.24068,1.80295,-2.38939
2024/02/14 04:42:04.00,461071.1084,5635252.857,2944482.5011,12.0,4.8454,16.0683,7.4496,-4.50748,1.27527,-2.09896
2024/02/14 04:42:05.00,461066.5251,5635253.9566,2944480.6962,12.0,4.8456,16.0696,7.4493,-4.50083,1.41728,-1.79496
2024/02/14 04:42:06.00,461061.6491,5635254.7757,2944478.8742,12.0,4.8459,16.071,7.4489,-4.88624,1.0721,-1.90209
2024/02/14 04:42:07.00,461056.7934,5635256.4952,2944477.0344,12.0,4.8461,16.0723,7.4485,-5.09595,1.45805,-1.78959
2024/02/14 04:42:08.00,461051.4229,5635257.6747,2944474.9309,12.0,4.8464,16.0737,7.4481,-5.65601,0.85606,-1.97633
2024/02/14 04:42:09.00,461045.9286,5635259.5763,2944472.539,12.0,4.8466,16.0751,7.4478,-5.82809,1.4658,-2.62251
2024/02/14 04:42:10.00,461040.0656,5635261.041,2944470.238,12.0,4.8468,16.0764,7.4474,-6.17809,1.48163,-2.36054
2024/02/14 04:42:11.00,461033.9707,5635262.3781,2944467.9109,12.0,4.8471,16.0778,7.447,-6.09054,1.72421,-2.06184
2024/02/14 04:42:12.00,461027.7495,5635263.5641,2944465.7458,12.0,4.8473,16.0791,7.4467,-6.05023,1.48486,-2.24894
2024/02/14 04:42:13.00,461022.2575,5635265.5934,2944463.9461,12.0,4.8476,16.0805,7.4463,-5.52155,1.34004,-1.96701
2024/02/14 04:42:14.00,461017.1881,5635266.7648,2944461.9831,12.0,4.8478,16.0818,7.4459,-4.75292,1.10441,-1.69473
2024/02/14 04:42:15.00,461012.7498,5635268.0215,2944460.6858,12.0,4.8481,16.0832,7.4455,-4.06303,0.82075,-1.32689
2024/02/14 04:42:16.00,461008.7378,5635268.371,2944459.172,12.0,4.8483,16.0845,7.4452,-3.55976,0.78353,-1.05313
2024/02/14 04:42:17.00,461005.2405,5635269.2277,2944458.1298,12.0,4.8486,16.0859,7.4448,-3.22097,0.81177,-1.0958
2024/02/14 04:42:18.00,461001.8645,5635269.4917,2944456.9707,12.0,4.8488,16.0873,7.4444,-3.20014,0.82297,-1.09397
2024/02/14 04:42:19.00,460998.7015,5635270.7198,2944455.994,12.0,4.849,16.0886,7.444,-3.49319,0.78954,-1.16569
2024/02/14 04:42:20.00,460995.292,5635271.6471,2944454.7373,12.0,4.8493,16.09,7.4436,-3.27629,0.95371,-1.13583
2024/02/14 04:42:21.00,460992.3483,5635273.1907,2944453.5543,12.0,4.8495,16.0913,7.4433,-3.11602,0.8297,-1.40318
2024/02/14 04:42:22.00,460989.4191,5635274.2553,2944452.0272,12.0,4.8498,16.0927,7.4429,-3.07802,1.1774,-1.85422
2024/02/14 04:42:23.00,460986.5653,5635275.7409,2944449.8956,12.0,4.85,16.094,7.4425,-2.99906,1.43262,-2.50186
2024/02/14 04:42:24.00,460983.6619,5635277.3919,2944447.1499,12.0,4.8503,16.0954,7.4421,-2.816,2.63515,-2.44378
2024/02/14 04:42:25.00,460980.585,5635278.8741,2944444.0996,12.0,4.8505,16.0967,7.4418,-2.88725,1.98633,-3.11887
2024/02/14 04:42:26.00,460977.6666,5635280.8163,2944440.8205,12.0,4.8507,16.098,7.4414,-2.51802,2.16855,-3.23388
2024/02/14 04:42:27.00,460975.0414,5635282.4367,2944437.6154,12.0,4.851,16.0994,7.441,-2.22317,1.71321,-3.32536
2024/02/14 04:42:28.00,460973.1481,5635284.4217,2944434.4273,12.0,4.8512,16.1007,7.4406,-1.3987,1.90076,-3.14635
2024/02/14 04:42:29.00,460971.9003,5635285.677,2944431.4993,12.0,4.8515,16.1021,7.4402,-0.66274,1.38922,-2.39936
2024/02/14 04:42:30.00,460971.5526,5635286.8475,2944429.2318,12.0,4.8517,16.1034,7.4399,-0.14911,1.22276,-2.3586
2024/02/14 04:42:31.00,460971.3843,5635287.9899,2944426.734,12.0,4.852,16.1048,7.4395,-0.26122,1.4471,-2.6573
2024/02/14 04:42:32.00,460971.0656,5635289.8896,2944424.096,12.0,4.8522,16.1061,7.4391,-0.50668,1.5536,-3.05251
2024/02/14 04:42:33.00,460970.4244,5635291.2185,2944420.9722,12.0,4.8525,16.1075,7.4387,-0.76788,1.94552,-3.27566
2024/02/14 04:42:34.00,460969.5576,5635293.0597,2944417.6,12.0,4.8527,16.1088,7.4383,-0.76262,2.22755,-3.32783
2024/02/14 04:42:35.00,460968.5105,5635294.8541,2944413.8703,12.0,4.8529,16.1102,7.4379,-1.03833,1.99849,-3.9019
2024/02/14 04:42:36.00,460967.5477,5635297.1455,2944409.7895,12.0,4.8532,16.1115,7.4376,-1.03838,2.34107,-4.05642
2024/02/14 04:42:37.00,460966.4596,5635299.3165,2944405.3667,12.0,4.8534,16.1128,7.4372,-1.01798,2.72108,-4.56163
2024/02/14 04:42:38.00,460965.3747,5635302.2343,2944400.6932,12.0,4.8537,16.1142,7.4368,-1.22197,2.6706,-4.90196
2024/02/14 04:42:39.00,460964.1421,5635305.2489,2944395.5632,12.0,4.8539,16.1155,7.4364,-1.34468,2.9,-5.39607
2024/02/14 04:42:40.00,460962.7951,5635308.9075,2944390.1428,12.0,4.8542,16.1169,7.436,-1.51031,3.20512,-5.53357
2024/02/14 04:42:41.00,460961.4401,5635311.9355,2944384.5629,12.0,4.8544,16.1182,7.4356,-1.35563,3.00677,-5.69392
2024/02/14 04:42:42.00,460960.0054,5635314.954,2944379.1841,12.0,4.8546,16.1195,7.4353,-1.49578,2.71483,-5.5521
2024/02/14 04:42:43.00,460958.5134,5635317.9976,2944373.3879,12.0,4.8549,16.1209,7.4349,-1.38813,3.40721,-5.74306
2024/02/14 04:42:44.00,460956.9697,5635321.3267,2944367.5775,12.0,4.8551,16.1222,7.4345,-1.51657,3.48135,-6.0409
2024/02/14 04:42:45.00,460955.3745,5635324.3819,2944361.4383,12.0,4.8554,16.1235,7.4341,-1.71727,3.6498,-5.9686
2024/02/14 04:42:46.00,460953.5585,5635327.803,2944355.4946,12.0,4.8556,16.1249,7.4337,-1.75335,3.4031,-6.06711
2024/02/14 04:42:47.00,460951.8411,5635331.0994,2944349.3406,12.0,4.8559,16.1262,7.4333,-1.6272,3.08127,-6.0838
2024/02/14 04:42:48.00,460950.2512,5635334.8975,2944343.4533,12.0,4.8561,16.1275,7.4329,-1.62082,3.25616,-5.98494
2024/02/14 04:42:49.00,460948.4421,5635337.9024,2944337.2172,12.0,4.8564,16.1289,7.4326,-1.78956,3.36641,-6.13162
2024/02/14 04:42:50.00,460946.7855,5635341.7511,2944331.3834,12.0,4.8566,16.1302,7.4322,-1.72007,3.40106,-5.95172
2024/02/14 04:42:51.00,460945.2502,5635345.1513,2944325.4071,12.0,4.8568,16.1315,7.4318,-1.43026,3.33687,-5.83629
2024/02/14 04:42:52.00,460943.4239,5635346.9864,2944319.5411,12.0,4.8571,16.1329,7.4314,-0.9302,3.43538,-5.75705
2024/02/14 04:42:53.00,460942.6723,5635350.0176,2944313.8394,12.0,4.8573,16.1342,7.431,-0.79412,2.75377,-5.45752
2024/02/14 04:42:54.00,460942.073,5635352.8893,2944308.8296,12.0,4.8576,16.1355,7.4306,-0.43858,2.68604,-4.76693
2024/02/14 04:42:55.00,460941.9101,5635355.9139,2944304.0141,12.0,4.8578,16.1369,7.4302,-0.23593,2.40955,-4.97503
2024/02/14 04:42:56.00,460942.0096,5635358.9702,2944299.2446,12.0,4.8581,16.1382,7.4298,-0.07668,2.84648,-5.02033
2024/02/14 04:42:57.00,460941.6285,5635361.0395,2944293.9767,12.0,4.8583,16.1395,7.4294,-0.0214,3.07286,-5.00589
2024/02/14 04:42:58.00,460941.5415,5635364.0895,2944288.7714,12.0,4.8585,16.1409,7.4291,-0.17262,2.58053,-5.17593
2024/02/14 04:42:59.00,460941.3539,5635366.6959,2944283.3702,12.0,4.8588,16.1422,7.4287,-0.17728,2.72466,-5.50069
2024/02/14 04:43:00.00,460941.3449,5635369.904,2944277.9213,12.0,4.859,16.1435,7.4283,-0.1926,2.99264,-5.60767
2024/02/14 04:43:01.00,460941.3571,5635372.9719,2944272.3476,12.0,4.8593,16.1448,7.4279,-0.15297,2.94426,-5.7313
2024/02/14 04:43:02.00,460941.2557,5635376.562,2944267.0687,12.0,4.8595,16.1462,7.4275,-0.10122,3.38509,-5.89003
2024/02/14 04:43:03.00,460941.2386,5635379.6363,2944260.8134,12.0,4.8598,16.1475,7.4271,-0.12533,3.34329,-5.92326
2024/02/14 04:43:04.00,460941.0541,5635383.5816,2944255.34,12.0,4.86,16.1488,7.4267,-0.12669,3.40358,-6.05897
2024/02/14 04:43:05.00,460940.8625,5635386.9588,2944248.8887,12.0,4.8602,16.1501,7.4263,-0.26883,3.28897,-6.13768
2024/02/14 04:43:06.00,460940.9671,5635388.7799,2944242.1661,12.0,4.8605,16.1515,7.4259,-0.37854,3.77647,-6.28196
2024/02/14 04:43:07.00,460940.4325,5635393.7684,2944236.1811,12.0,4.8607,16.1528,7.4255,-0.49026,3.3662,-6.37948
2024/02/14 04:43:08.00,460939.6246,5635397.9197,2944229.6979,12.0,4.861,16.1541,7.4251,-1.25287,3.42326,-6.37707
2024/02/14 04:43:09.00,460937.7487,5635401.6959,2944223.2398,12.0,4.8612,16.1554,7.4247,-2.10249,3.78953,-6.19199
2024/02/14 04:43:10.00,460935.3488,5635404.6044,2944217.3963,12.0,4.8615,16.1568,7.4244,-3.06163,3.15964,-6.15842
2024/02/14 04:43:11.00,460931.5649,5635408.5157,2944211.1795,12.0,4.8617,16.1581,7.424,-4.02826,3.70511,-5.72399
2024/02/14 04:43:12.00,460927.3831,5635412.0127,2944205.7014,12.0,4.862,16.1594,7.4236,-4.39644,3.51278,-5.65588
2024/02/14 04:43:13.00,460922.8247,5635415.4596,2944199.8873,12.0,4.8622,16.1607,7.4232,-4.67699,3.44856,-5.94788
2024/02/14 04:43:14.00,460918.3346,5635419.2806,2944193.9068,12.0,4.8624,16.162,7.4228,-4.49565,3.71292,-6.15956
2024/02/14 04:43:15.00,460913.744,5635422.0934,2944187.3918,12.0,4.8627,16.1634,7.4224,-4.14732,3.71087,-6.51166
2024/02/14 04:43:16.00,460909.8629,5635426.0893,2944180.7006,12.0,4.8629,16.1647,7.422,-3.38658,4.06161,-7.07317
2024/02/14 04:43:17.00,460907.2282,5635429.9094,2944173.2801,12.0,4.8632,16.166,7.4216,-1.66148,4.31318,-7.56531
2024/02/14 04:43:18.00,460906.5672,5635434.4915,2944165.5509,12.0,4.8634,16.1673,7.4212,0.15779,4.00399,-8.09001
2024/02/14 04:43:19.00,460907.4521,5635438.0976,2944157.1836,12.0,4.8637,16.1686,7.4208,1.69462,4.13676,-8.24288
2024/02/14 04:43:20.00,460909.6939,5635442.525,2944149.0862,12.0,4.8639,16.17,7.4204,2.52196,4.1678,-8.36485
2024/02/14 04:43:21.00,460912.3222,5635447.1215,2944140.7156,12.0,4.8641,16.1713,7.42,2.63968,4.57669,-8.4574
2024/02/14 04:43:22.00,460915.041,5635451.3548,2944132.1394,12.0,4.8644,16.1726,7.4196,2.80307,4.303,-8.89461
2024/02/14 04:43:23.00,460917.9804,5635455.6545,2944123.134,12.0,4.8646,16.1739,7.4192,2.84402,4.27205,-9.0141
2024/02/14 04:43:24.00,460921.0466,5635460.7446,2944114.2001,12.0,4.8649,16.1752,7.4188,2.97311,4.50835,-9.17464
2024/02/14 04:43:25.00,460924.303,5635465.6653,2944105.0637,12.0,4.8651,16.1765,7.4184,3.11942,4.68797,-9.21972
2024/02/14 04:43:26.00,460927.529,5635470.53,2944095.9575,12.0,4.8654,16.1778,7.418,2.77312,3.70917,-9.32991
2024/02/14 04:43:27.00,460930.6437,5635474.8598,2944086.8091,12.0,4.8656,16.1792,7.4176,3.60071,5.28176,-8.55998
2024/02/14 04:43:28.00,460933.4774,5635479.4613,2944077.5807,12.0,4.8658,16.1805,7.4172,3.76322,6.40208,-8.98781
2024/02/14 04:43:29.00,460936.1138,5635483.4574,2944068.5239,12.0,4.8661,16.1818,7.4168,2.92083,4.79707,-8.65521
2024/02/14 04:43:30.00,460939.4238,5635488.6679,2944060.4901,12.0,4.8663,16.1831,7.4164,3.19557,4.9274,-8.16152
2024/02/14 04:43:31.00,460941.6419,5635491.4683,2944051.0079,12.0,4.8666,16.1844,7.416,2.92643,4.19891,-8.20902
2024/02/14 04:43:32.00,460944.7736,5635495.832,2944043.1958,12.0,4.8668,16.1857,7.4156,2.8861,3.85165,-7.6828
2024/02/14 04:43:33.00,460947.3967,5635499.4182,2944035.3749,12.0,4.8671,16.187,7.4152,2.72677,3.61863,-7.57377
2024/02/14 04:43:34.00,460950.2363,5635503.5523,2944028.0366,12.0,4.8673,16.1883,7.4148,2.79152,3.65432,-7.35269
2024/02/14 04:43:35.00,460953.0433,5635507.7632,2944020.8255,12.0,4.8675,16.1896,7.4144,2.59883,3.85536,-7.55694
2024/02/14 04:43:36.00,460955.762,5635511.4557,2944013.2314,12.0,4.8678,16.1909,7.414,2.83779,3.7946,-7.57404
2024/02/14 04:43:37.00,460958.2657,5635515.0006,2944005.584,12.0,4.868,16.1922,7.4136,2.68419,3.86754,-7.63715
2024/02/14 04:43:38.00,460960.8017,5635518.4436,2943997.8263,12.0,4.8683,16.1936,7.4132,2.55278,4.02951,-7.64878
2024/02/14 04:43:39.00,460963.5508,5635522.6557,2943990.1145,12.0,4.8685,16.1949,7.4128,2.58589,3.98966,-7.7089
2024/02/14 04:43:40.00,460966.0652,5635526.8932,2943982.3433,12.0,4.8688,16.1962,7.4124,2.44258,4.13837,-7.82456
2024/02/14 04:43:41.00,460968.4017,5635531.0857,2943974.4843,12.0,4.869,16.1975,7.412,2.21998,4.13061,-7.79019
2024/02/14 04:43:42.00,460970.4865,5635535.0728,2943966.8961,12.0,4.8692,16.1988,7.4116,1.86854,3.53809,-7.74454
2024/02/14 04:43:43.00,460971.9824,5635538.8465,2943959.4186,12.0,4.8695,16.2001,7.4112,1.17416,3.76053,-7.29752
2024/02/14 04:43:44.00,460972.8307,5635543.0958,2943952.3973,12.0,4.8697,16.2014,7.4108,0.25791,3.83426,-7.1401
2024/02/14 04:43:45.00,460972.4041,5635546.4568,2943945.3404,12.0,4.87,16.2027,7.4103,-0.72808,3.51463,-6.62631
2024/02/14 04:43:46.00,460971.6373,5635550.7064,2943939.1174,12.0,4.8702,16.204,7.4099,-0.66976,3.67324,-5.93797
2024/02/14 04:43:47.00,460970.7445,5635553.9223,2943932.7368,12.0,4.8705,16.2053,7.4095,-0.73301,3.39044,-6.20856
2024/02/14 04:43:48.00,460969.9959,5635557.7206,2943926.6675,12.0,4.8707,16.2066,7.4091,-0.94459,3.46201,-6.38031
2024/02/14 04:43:49.00,460969.1549,5635560.9436,2943920.1654,12.0,4.8709,16.2079,7.4087,-0.99218,3.6714,-6.34868
2024/02/14 04:43:50.00,460968.2304,5635564.6289,2943913.7998,12.0,4.8712,16.2092,7.4083,-1.05843,3.61957,-6.53788
2024/02/14 04:43:51.00,460967.16,5635568.6625,2943907.0898,12.0,4.8714,16.2105,7.4079,-1.28312,3.88712,-6.52131
2024/02/14 04:43:52.00,460965.7261,5635572.6166,2943900.1905,12.0,4.8717,16.2118,7.4075,-1.55337,4.18692,-7.00259
2024/02/14 04:43:53.00,460964.5116,5635576.8767,2943893.3879,12.0,4.8719,16.2131,7.4071,-1.09402,4.64132,-6.75368
2024/02/14 04:43:54.00,460963.7994,5635581.8516,2943886.6685,11.0,5.7774,17.3669,8.4683,-0.56862,5.83487,-6.69943
2024/02/14 04:43:55.00,460960.7222,5635582.7233,2943878.0972,12.0,4.8724,16.2157,7.4063,-1.20689,4.39349,-7.54976
2024/02/14 04:43:56.00,460959.9605,5635587.6689,2943871.0641,12.0,4.8726,16.217,7.4059,-1.39375,3.75222,-7.55504
2024/02/14 04:43:57.00,460959.0537,5635592.9176,2943863.922,12.0,4.8729,16.2183,7.4054,-1.37481,4.09264,-7.73942
2024/02/14 04:43:58.00,460957.6297,5635596.7378,2943856.0496,11.0,5.7774,17.3687,8.4629,-1.69389,3.50506,-7.8802
2024/02/14 04:43:59.00,460959.3327,5635606.8306,2943849.6705,11.0,5.7773,17.3691,8.4615,-1.26471,4.1719,-7.8507
2024/02/14 04:44:00.00,460954.8459,5635604.5389,2943840.1918,12.0,4.8736,16.2222,7.4042,-1.2507,4.30807,-8.01929
2024/02/14 04:44:01.00,460953.864,5635608.4161,2943832.4261,11.0,5.7773,17.37,8.4588,-1.12214,4.07565,-7.94539
2024/02/14 04:44:02.00,460953.2217,5635613.7845,2943824.9012,12.0,4.8741,16.2247,7.4034,-1.03292,3.96414,-7.51827
2024/02/14 04:44:03.00,460951.9666,5635616.7698,2943817.4717,11.0,5.7773,17.3708,8.456,0.32597,5.93616,-6.84612
2024/02/14 04:44:04.00,460953.4109,5635624.6833,2943811.2749,11.0,5.7773,17.3713,8.4547,0.36238,5.2099,-6.4864
2024/02/14 04:44:05.00,460951.8611,5635626.4692,2943803.6944,12.0,4.8748,16.2286,7.4022,-0.32172,3.89037,-6.18404
2024/02/14 04:44:06.00,460951.0307,5635628.7606,2943797.4657,12.0,4.8751,16.2299,7.4017,-0.38817,3.07199,-6.11813
2024/02/14 04:44:07.00,460950.6154,5635632.6466,2943791.8935,12.0,4.8753,16.2312,7.4013,-0.29519,2.00288,-6.09535
2024/02/14 04:44:08.00,460950.1448,5635636.4442,2943786.4979,12.0,4.8756,16.2325,7.4009,-0.81673,4.90962,-5.23375
2024/02/14 04:44:09.00,460947.489,5635647.4878,2943780.9209,12.0,4.8758,16.2338,7.4005,-0.82728,3.55733,-4.53729
2024/02/14 04:44:10.00,460946.8759,5635653.5007,2943776.9825,12.0,4.8761,16.235,7.4001,-0.29547,0.55936,-3.57695
2024/02/14 04:44:11.00,460946.4605,5635653.3062,2943773.5576,12.0,4.8763,16.2363,7.3997,-1.0092,1.91751,-3.91211
2024/02/14 04:44:12.00,460945.7856,5635654.1173,2943770.2614,12.0,4.8765,16.2376,7.3992,-0.60085,2.70245,-3.83953
2024/02/14 04:44:13.00,460945.8533,5635651.3582,2943766.6095,12.0,4.8768,16.2389,7.3988,-0.7501,0.12758,-3.48247
2024/02/14 04:44:14.00,460944.8393,5635654.9249,2943763.0735,12.0,4.877,16.2402,7.3984,-1.17081,0.79998,-3.55823
2024/02/14 04:44:15.00,460943.8585,5635655.4152,2943759.7198,12.0,4.8773,16.2415,7.398,-1.3403,1.31512,-3.00513
2024/02/14 04:44:16.00,460943.5762,5635652.08,2943756.7642,12.0,4.8775,16.2428,7.3976,-1.33055,1.48253,-3.26002
2024/02/14 04:44:17.00,460941.9929,5635656.1155,2943753.5013,12.0,4.8778,16.2441,7.3972,-1.51449,1.24969,-3.6657
2024/02/14 04:44:18.00,460941.0442,5635656.8315,2943750.2746,12.0,4.878,16.2454,7.3967,-1.11411,2.08433,-3.22335
2024/02/14 04:44:19.00,460940.543,5635657.4732,2943746.7602,12.0,4.8782,16.2466,7.3963,-1.57684,0.95761,-3.413
2024/02/14 04:44:20.00,460938.2935,5635659.852,2943743.3663,12.0,4.8785,16.2479,7.3959,-1.14381,1.71549,-3.30054
2024/02/14 04:44:21.00,460937.6421,5635662.3421,2943740.4272,12.0,4.8787,16.2492,7.3955,-0.62761,2.476,-2.56869
2024/02/14 04:44:22.00,460937.6407,5635664.573,2943739.0752,12.0,4.879,16.2505,7.3951,-0.25193,2.72762,-1.5969
2024/02/14 04:44:23.00,460937.4415,5635667.7028,2943737.6409,12.0,4.8792,16.2518,7.3946,-0.14097,1.74924,-1.13391
2024/02/14 04:44:24.00,460936.0526,5635666.484,2943734.3914,12.0,4.8795,16.2531,7.3942,-0.56855,1.21198,-0.98517
2024/02/14 04:44:25.00,460936.1912,5635667.6763,2943734.413,12.0,4.8797,16.2543,7.3938,-0.32222,0.07242,-0.80513
2024/02/14 04:44:26.00,460934.9557,5635665.8556,2943731.3765,11.0,5.4008,16.9248,7.3996,0.08689,0.46945,-0.1815
2024/02/14 04:44:27.00,460935.3008,5635667.3391,2943732.015,12.0,4.8802,16.2569,7.393,0.06166,1.20506,-0.66333
2024/02/14 04:44:28.00,460936.333,5635670.311,2943734.1805,12.0,4.8804,16.2582,7.3925,-0.30512,0.93073,-0.87373
2024/02/14 04:44:29.00,460934.483,5635668.7134,2943730.7792,12.0,4.8807,16.2595,7.3921,-0.4894,0.58224,-1.54469
2024/02/14 04:44:30.00,460934.9418,5635670.8336,2943730.4437,11.0,5.4019,16.9303,7.398,-0.30482,1.0598,-1.17601
2024/02/14 04:44:31.00,460933.0908,5635667.7554,2943727.7896,10.0,6.8621,18.9254,8.6326,-0.35271,0.85164,-1.04398
2024/02/14 04:44:32.00,460933.7344,5635671.1961,2943728.0693,11.0,5.4025,16.933,7.3972,-0.19839,0.76992,-0.74889
2024/02/14 04:44:33.00,460932.6869,5635669.7398,2943726.4816,11.0,5.4028,16.9344,7.3968,0.31802,1.35142,-0.43244
2024/02/14 04:44:34.00,460931.6676,5635668.1098,2943726.6876,12.0,4.8819,16.2659,7.39,-0.16228,-0.15198,-0.13401
2024/02/14 04:44:35.00,460934.0463,5635672.4008,2943726.8754,12.0,4.8821,16.2671,7.3896,-0.07049,-0.21377,0.00322
2024/02/14 04:44:36.00,460935.3662,5635674.1496,2943726.6954,12.0,4.8824,16.2684,7.3891,0.07936,0.09679,0.06184
2024/02/14 04:44:37.00,460935.0464,5635672.854,2943726.5615,12.0,4.8826,16.2697,7.3887,-0.04994,-0.12864,-0.0512
2024/02/14 04:44:38.00,460935.1641,5635673.1531,2943726.7492,12.0,4.8829,16.2709,7.3883,0.01057,0.01948,-0.02323
2024/02/14 04:44:39.00,460934.9376,5635672.6894,2943726.8959,12.0,4.8831,16.2722,7.3879,-0.02159,-0.05634,-0.05377
2024/02/14 04:44:40.00,460934.9284,5635672.3121,2943726.6495,12.0,4.8834,16.2735,7.3874,0.03698,0.05362,0.00559
2024/02/14 04:44:41.00,460935.0569,5635672.7647,2943726.8099,12.0,4.8836,16.2748,7.387,0.01384,0.02197,-0.05711
2024/02/14 04:44:42.00,460935.1689,5635673.5441,2943726.842,12.0,4.8838,16.276,7.3866,-0.1309,-0.06024,-0.24552
2024/02/14 04:44:43.00,460934.8379,5635673.1741,2943726.3639,12.0,4.8841,16.2773,7.3862,-0.10373,0.04666,-0.33704
2024/02/14 04:44:44.00,460934.6228,5635673.3411,2943726.0009,12.0,4.8843,16.2786,7.3857,0.00476,0.17095,-0.19467
2024/02/14 04:44:45.00,460934.6339,5635674.0103,2943725.9002,12.0,4.8846,16.2799,7.3853,-0.06988,-0.13935,-0.07616
2024/02/14 04:44:46.00,460934.4774,5635673.7075,2943725.5704,12.0,4.8848,16.2811,7.3849,0.02344,0.02503,-0.07895
2024/02/14 04:44:47.00,460934.3725,5635673.7712,2943725.265,12.0,4.8851,16.2824,7.3845,0.0309,0.05905,-0.01339
2024/02/14 04:44:48.00,460934.4658,5635674.1721,2943725.3216,12.0,4.8853,16.2837,7.384,-0.03077,-0.07118,-0.0613
2024/02/14 04:44:49.00,460934.4031,5635674.2383,2943725.1892,12.0,4.8855,16.2849,7.3836,-0.00219,0.00502,0.00339
2024/02/14 04:44:50.00,460934.2701,5635674.2422,2943725.0289,12.0,4.8858,16.2862,7.3832,0.00185,0.01757,0.07702
2024/02/14 04:44:51.00,460934.3458,5635674.8135,2943725.1336,12.0,4.886,16.2875,7.3827,-0.01568,-0.00936,0.05489
2024/02/14 04:44:52.00,460934.4381,5635675.4001,2943725.2792,12.0,4.8863,16.2887,7.3823,-0.00191,0.00155,0.0675
2024/02/14 04:44:53.00,460934.3483,5635674.9219,2943725.1005,12.0,4.8865,16.29,7.3819,-0.09193,-0.28781,-0.06366
2024/02/14 04:44:54.00,460934.368,5635674.798,2943725.0556,12.0,4.8868,16.2913,7.3814,-0.05001,0.00922,-0.07889
2024/02/14 04:44:55.00,460934.2987,5635675.3739,2943724.8801,12.0,4.887,16.2925,7.381,0.06709,0.86555,-0.5649
2024/02/14 04:44:56.00,460934.4838,5635677.0181,2943724.0865,12.0,4.8872,16.2938,7.3806,-0.40909,0.35947,-0.85011
2024/02/14 04:44:57.00,460934.3131,5635677.331,2943723.086,12.0,4.8875,16.2951,7.3801,-0.4948,0.15449,-0.88482
2024/02/14 04:44:58.00,460932.9943,5635675.4519,2943722.3152,12.0,4.8877,16.2963,7.3797,-0.38647,0.39406,-1.10377
2024/02/14 04:44:59.00,460931.4947,5635674.9221,2943721.3818,12.0,4.888,16.2976,7.3793,-0.46162,1.00738,-1.24342
2024/02/14 04:45:00.00,460929.7133,5635673.2176,2943719.644,12.0,4.8882,16.2988,7.3789,-0.52154,1.54986,-1.44178
2024/02/14 04:45:01.00,460929.5438,5635675.4591,2943718.2113,12.0,4.8885,16.3001,7.3784,-1.09584,0.79725,-1.64638
2024/02/14 04:45:02.00,460930.859,5635680.9172,2943716.5653,12.0,4.8887,16.3014,7.378,-0.89181,1.02586,-1.46238
2024/02/14 04:45:03.00,460930.8982,5635683.514,2943715.0633,12.0,4.8889,16.3026,7.3775,-0.86521,0.39927,-1.34638
2024/02/14 04:45:04.00,460927.4161,5635679.708,2943713.8144,12.0,4.8892,16.3039,7.3771,-1.2787,0.86472,-1.68667
2024/02/14 04:45:05.00,460925.8119,5635679.458,2943712.1986,12.0,4.8894,16.3051,7.3767,-1.2063,0.80234,-1.85482
2024/02/14 04:45:06.00,460923.3992,5635678.4539,2943710.3518,12.0,4.8897,16.3064,7.3762,-1.37671,0.72649,-1.93353
2024/02/14 04:45:07.00,460921.7425,5635678.4205,2943708.4371,12.0,4.8899,16.3077,7.3758,-1.28167,1.04213,-1.39955
2024/02/14 04:45:08.00,460921.3664,5635680.5067,2943707.0045,12.0,4.8902,16.3089,7.3754,-1.01327,0.76647,-1.64045
2024/02/14 04:45:09.00,460920.4778,5635681.0969,2943705.8219,12.0,4.8904,16.3102,7.3749,-0.83499,0.53206,-1.13007
2024/02/14 04:45:10.00,460919.1801,5635680.8058,2943704.6219,12.0,4.8906,16.3114,7.3745,-0.75153,0.43851,-1.05237
2024/02/14 04:45:11.00,460918.826,5635682.9401,2943703.3561,12.0,4.8909,16.3127,7.3741,-0.98905,0.7267,-1.24622
2024/02/14 04:45:12.00,460917.7101,5635683.7207,2943702.2221,12.0,4.8911,16.3139,7.3736,-0.98091,1.02592,-1.31424
2024/02/14 04:45:13.00,460916.6832,5635684.7062,2943700.9986,12.0,4.8914,16.3152,7.3732,-0.99825,1.08342,-1.18409
2024/02/14 04:45:14.00,460915.0703,5635687.7952,2943702.7541,12.0,4.8916,16.3164,7.3728,-1.23251,0.80104,-2.13318
2024/02/14 04:45:15.00,460913.8486,5635689.734,2943701.5126,12.0,4.8919,16.3177,7.3723,-1.51694,1.98772,-0.95156
2024/02/14 04:45:16.00,460912.781,5635690.2866,2943698.182,12.0,4.8921,16.3189,7.3719,-1.3974,1.20183,-2.10215
2024/02/14 04:45:17.00,460911.7092,5635688.517,2943692.5024,12.0,4.8923,16.3202,7.3714,-1.54088,1.29347,-2.12616
2024/02/14 04:45:18.00,460910.3901,5635689.2416,2943689.6736,12.0,4.8926,16.3214,7.371,-1.46354,1.47617,-2.23735
2024/02/14 04:45:19.00,460908.8638,5635690.9724,2943688.3517,12.0,4.8928,16.3227,7.3706,-1.42647,1.02434,-1.79072
2024/02/14 04:45:20.00,460907.2376,5635692.1027,2943686.9274,12.0,4.8931,16.3239,7.3701,-1.38492,0.47728,-1.73296
2024/02/14 04:45:21.00,460905.7781,5635692.6999,2943685.6165,12.0,4.8933,16.3252,7.3697,-1.43201,0.93418,-1.37838
2024/02/14 04:45:22.00,460904.3705,5635693.3799,2943683.4596,12.0,4.8936,16.3264,7.3693,-1.39961,0.89057,-1.2403
2024/02/14 04:45:23.00,460902.9865,5635694.8246,2943682.3652,12.0,4.8938,16.3277,7.3688,-1.63435,1.15858,-1.15461
2024/02/14 04:45:24.00,460901.4267,5635696.029,2943681.123,12.0,4.894,16.3289,7.3684,-1.87313,0.64875,-1.33952
2024/02/14 04:45:25.00,460899.5713,5635696.5812,2943679.9662,12.0,4.8943,16.3302,7.3679,-1.94545,0.83428,-1.08156
2024/02/14 04:45:26.00,460897.5065,5635697.5147,2943679.0968,12.0,4.8945,16.3314,7.3675,-2.20061,0.52615,-0.94356
2024/02/14 04:45:27.00,460895.4334,5635698.3371,2943678.7934,12.0,4.8948,16.3327,7.367,-2.16847,0.06525,-0.44277
2024/02/14 04:45:28.00,460893.2458,5635698.1735,2943678.4788,12.0,4.895,16.3339,7.3666,-2.0847,-0.07786,-0.03459
2024/02/14 04:45:29.00,460890.9473,5635697.6296,2943678.4246,12.0,4.8953,16.3352,7.3662,-2.07979,-0.07155,0.35955
2024/02/14 04:45:30.00,460888.7675,5635697.5682,2943679.0625,12.0,4.8955,16.3364,7.3657,-2.33956,-0.27861,0.81585
2024/02/14 04:45:31.00,460886.2219,5635697.1752,2943680.127,12.0,4.8957,16.3376,7.3653,-2.78812,-0.63053,1.24308
2024/02/14 04:45:32.00,460883.2742,5635696.4472,2943681.5289,12.0,4.896,16.3389,7.3648,-3.17299,-0.76909,1.45864
2024/02/14 04:45:33.00,460879.8816,5635695.991,2943683.2718,12.0,4.8962,16.3401,7.3644,-3.61964,-0.521,1.95674
2024/02/14 04:45:34.00,460876.1553,5635695.489,2943685.3486,12.0,4.8965,16.3414,7.3639,-3.87657,-1.03437,1.98367
2024/02/14 04:45:35.00,460872.4226,5635694.9851,2943687.6211,12.0,4.8967,16.3426,7.3635,-3.95769,-1.04008,2.14872
2024/02/14 04:45:36.00,460868.404,5635693.9912,2943689.5808,12.0,4.897,16.3439,7.3631,-4.19576,-0.96271,2.21507
2024/02/14 04:45:37.00,460863.7808,5635692.3675,2943691.8803,12.0,4.8972,16.3451,7.3626,-4.70576,-1.06399,2.53008
2024/02/14 04:45:38.00,460858.7922,5635691.1568,2943694.4411,12.0,4.8975,16.3463,7.3622,-5.1147,-1.18487,2.76513
2024/02/14 04:45:39.00,460853.5448,5635690.2382,2943697.4339,12.0,4.8977,16.3476,7.3617,-5.46008,-1.3138,2.95504
2024/02/14 04:45:40.00,460848.0184,5635689.1211,2943700.4854,12.0,4.8979,16.3488,7.3613,-5.76299,-1.49876,3.07953
2024/02/14 04:45:41.00,460841.998,5635687.1674,2943703.5552,12.0,4.8982,16.3501,7.3608,-6.0129,-1.55038,3.26465
2024/02/14 04:45:42.00,460835.7919,5635685.1214,2943706.5797,12.0,4.8984,16.3513,7.3604,-6.13922,-1.50453,3.34501
2024/02/14 04:45:43.00,460829.4297,5635683.5373,2943710.0105,12.0,4.8987,16.3525,7.3599,-6.29586,-1.29462,3.43123
2024/02/14 04:45:44.00,460823.3794,5635682.4429,2943713.5318,12.0,4.8989,16.3538,7.3595,-6.19096,-1.64107,3.34921
2024/02/14 04:45:45.00,460817.4067,5635681.0407,2943716.6491,12.0,4.8992,16.355,7.359,-5.49609,-1.33515,2.97668
2024/02/14 04:45:46.00,460812.3316,5635679.5325,2943719.1851,12.0,4.8994,16.3562,7.3586,-4.40766,-1.12477,2.37061
2024/02/14 04:45:47.00,460808.1262,5635678.4738,2943721.41,12.0,4.8996,16.3575,7.3581,-4.09225,-0.97934,2.25567
2024/02/14 04:45:48.00,460803.9127,5635677.6245,2943723.7033,12.0,4.8999,16.3587,7.3577,-4.33094,-0.97395,2.37142
2024/02/14 04:45:49.00,460799.4569,5635676.8348,2943726.3299,12.0,4.9001,16.3599,7.3572,-4.69454,-1.01672,2.60877
2024/02/14 04:45:50.00,460794.5456,5635675.7957,2943729.2205,12.0,4.9004,16.3612,7.3568,-5.29072,-1.38043,3.02433
2024/02/14 04:45:51.00,460789.0135,5635674.115,2943732.4281,12.0,4.9006,16.3624,7.3563,-5.85125,-1.60907,3.63612
2024/02/14 04:45:52.00,460782.9415,5635672.3768,2943736.119,12.0,4.9009,16.3636,7.3559,-6.20396,-1.67326,3.86914
2024/02/14 04:45:53.00,460776.8059,5635670.8957,2943739.9825,12.0,4.9011,16.3649,7.3554,-6.355,-1.63913,3.94369
2024/02/14 04:45:54.00,460770.5551,5635669.5558,2943744.3486,12.0,4.9014,16.3661,7.355,-6.7839,-1.89762,4.25508
2024/02/14 04:45:55.00,460763.6917,5635668.0991,2943748.9639,12.0,4.9016,16.3673,7.3545,-7.30533,-1.88466,4.6715
2024/02/14 04:45:56.00,460756.1388,5635666.3062,2943753.9563,12.0,4.9018,16.3686,7.3541,-7.93215,-2.33738,5.166
2024/02/14 04:45:57.00,460748.0627,5635663.5878,2943759.0671,12.0,4.9021,16.3698,7.3536,-8.27241,-2.58218,5.86842
2024/02/14 04:45:58.00,460739.5128,5635660.4665,2943765.098,12.0,4.9023,16.371,7.3532,-8.44235,-2.72693,6.27849
2024/02/14 04:45:59.00,460731.1815,5635657.5197,2943771.5392,12.0,4.9026,16.3722,7.3527,-8.41671,-3.04122,6.50684
2024/02/14 04:46:00.00,460722.7678,5635654.7322,2943778.4663,12.0,4.9028,16.3735,7.3523,-8.51198,-3.24,6.91841
2024/02/14 04:46:01.00,460714.3443,5635651.9756,2943785.7359,12.0,4.9031,16.3747,7.3518,-8.63844,-3.48732,7.29278
2024/02/14 04:46:02.00,460705.7521,5635648.7716,2943793.302,12.0,4.9033,16.3759,7.3514,-8.66317,-3.7845,7.64788
2024/02/14 04:46:03.00,460696.9876,5635644.5669,2943801.0213,12.0,4.9035,16.3772,7.3509,-8.70755,-3.74595,8.06451
2024/02/14 04:46:04.00,460688.2213,5635640.2815,2943809.2047,12.0,4.9038,16.3784,7.3504,-8.72568,-4.13228,8.42942
2024/02/14 04:46:05.00,460679.4442,5635635.8922,2943817.8943,12.0,4.904,16.3796,7.35,-8.66234,-4.26612,8.88421
2024/02/14 04:46:06.00,460670.7835,5635631.5152,2943826.9421,12.0,4.9043,16.3808,7.3495,-8.69748,-4.73745,9.28351
2024/02/14 04:46:07.00,460662.1071,5635627.2115,2943836.5238,12.0,4.9045,16.3821,7.3491,-8.71255,-4.59005,9.70004
2024/02/14 04:46:08.00,460653.4851,5635622.8143,2943846.4512,12.0,4.9048,16.3833,7.3486,-8.70368,-4.79288,10.0176
2024/02/14 04:46:09.00,460644.7845,5635618.3304,2943856.4952,12.0,4.905,16.3845,7.3482,-8.75892,-4.91886,9.9993
2024/02/14 04:46:10.00,460636.1447,5635613.5805,2943866.4216,12.0,4.9053,16.3857,7.3477,-8.69353,-4.92023,9.99851
2024/02/14 04:46:11.00,460627.4582,5635608.5824,2943876.3201,12.0,4.9055,16.3869,7.3472,-8.68013,-4.66958,9.87922
2024/02/14 04:46:12.00,460618.7905,5635603.5847,2943886.1814,12.0,4.9057,16.3882,7.3468,-8.74191,-4.62615,9.82756
2024/02/14 04:46:13.00,460609.902,5635598.2509,2943895.7782,12.0,4.906,16.3894,7.3463,-8.78854,-4.74746,9.97784
2024/02/14 04:46:14.00,460601.0512,5635593.7469,2943905.787,12.0,4.9062,16.3906,7.3459,-8.93878,-4.63837,10.08913
2024/02/14 04:46:15.00,460592.0011,5635588.6473,2943915.693,12.0,4.9065,16.3918,7.3454,-8.89128,-4.95933,10.00533
2024/02/14 04:46:16.00,460583.1748,5635584.1275,2943925.7001,12.0,4.9067,16.393,7.345,-8.77017,-4.88033,10.08032
2024/02/14 04:46:17.00,460574.3414,5635579.4324,2943935.6898,12.0,4.907,16.3943,7.3445,-8.84155,-4.99623,10.06028
2024/02/14 04:46:18.00,460565.5953,5635574.7278,2943946.0293,12.0,4.9072,16.3955,7.344,-8.89276,-4.92101,10.09503
2024/02/14 04:46:19.00,460556.6832,5635569.794,2943956.0193,12.0,4.9075,16.3967,7.3436,-8.83111,-4.82724,9.98453
2024/02/14 04:46:20.00,460548.1361,5635565.2021,2943965.8497,12.0,4.9077,16.3979,7.3431,-8.48476,-4.76284,9.63605
2024/02/14 04:46:21.00,460539.7433,5635560.1444,2943975.09,12.0,4.9079,16.3991,7.3426,-8.06741,-4.49172,9.26397
2024/02/14 04:46:22.00,460531.6995,5635555.3529,2943984.2352,12.0,4.9082,16.4004,7.3422,-8.07708,-4.67243,9.12788
2024/02/14 04:46:23.00,460523.4855,5635550.2172,2943993.2141,12.0,4.9084,16.4016,7.3417,-8.06986,-4.44745,9.15337
2024/02/14 04:46:24.00,460515.6852,5635545.6102,2944002.2454,12.0,4.9087,16.4028,7.3413,-7.56842,-4.24405,8.8636
2024/02/14 04:46:25.00,460508.1265,5635541.2332,2944010.8309,12.0,4.9089,16.404,7.3408,-7.08353,-4.12881,8.05745
2024/02/14 04:46:26.00,460501.4295,5635536.9678,2944018.5356,12.0,4.9092,16.4052,7.3403,-6.36594,-3.69953,7.20025
2024/02/14 04:46:27.00,460495.0288,5635533.1453,2944025.6459,12.0,4.9094,16.4064,7.3399,-6.02199,-3.39601,6.78723
2024/02/14 04:46:28.00,460489.256,5635530.323,2944032.4612,12.0,4.9097,16.4076,7.3394,-5.9355,-3.42772,6.45922
2024/02/14 04:46:29.00,460483.4126,5635527.1396,2944038.9088,12.0,4.9099,16.4088,7.339,-5.79887,-3.37028,6.41351
2024/02/14 04:46:30.00,460477.5789,5635523.9233,2944045.3036,12.0,4.9101,16.41,7.3385,-5.81188,-3.53238,6.32251
2024/02/14 04:46:31.00,460471.5983,5635520.1477,2944051.6929,12.0,4.9104,16.4113,7.338,-5.88132,-3.48164,6.63299
2024/02/14 04:46:32.00,460465.5848,5635516.2507,2944058.2604,12.0,4.9106,16.4125,7.3376,-6.1085,-3.87673,6.76117
2024/02/14 04:46:33.00,460459.4912,5635512.5355,2944064.9715,12.0,4.9109,16.4137,7.3371,-6.15442,-3.56026,6.97086
2024/02/14 04:46:34.00,460453.2138,5635508.8072,2944071.9807,12.0,4.9111,16.4149,7.3366,-6.42273,-3.916,6.92529
2024/02/14 04:46:35.00,460446.9665,5635504.9786,2944079.1013,12.0,4.9114,16.4161,7.3362,-6.24359,-3.57963,7.03147
2024/02/14 04:46:36.00,460440.6073,5635501.131,2944086.0195,12.0,4.9116,16.4173,7.3357,-6.33967,-3.63252,7.06367
2024/02/14 04:46:37.00,460434.0194,5635497.1949,2944093.2901,12.0,4.9118,16.4185,7.3352,-6.54807,-3.8524,7.25014
2024/02/14 04:46:38.00,460427.3913,5635493.347,2944100.6295,12.0,4.9121,16.4197,7.3348,-6.66052,-3.82017,7.40983
2024/02/14 04:46:39.00,460420.5034,5635489.4825,2944108.2592,12.0,4.9123,16.4209,7.3343,-6.85041,-4.08772,7.55751
2024/02/14 04:46:40.00,460413.6865,5635485.437,2944116.1181,12.0,4.9126,16.4221,7.3338,-6.95657,-4.17873,7.79354
2024/02/14 04:46:41.00,460406.6782,5635481.6628,2944124.0447,12.0,4.9128,16.4233,7.3334,-7.04432,-4.12567,7.98762
2024/02/14 04:46:42.00,460399.6013,5635477.81,2944132.128,12.0,4.9131,16.4245,7.3329,-7.25468,-4.14822,8.13643
2024/02/14 04:46:43.00,460392.3445,5635473.2731,2944140.1196,12.0,4.9133,16.4257,7.3324,-7.40514,-4.2633,8.2224
2024/02/14 04:46:44.00,460384.9351,5635469.0421,2944148.135,12.0,4.9135,16.4269,7.332,-7.36259,-4.52847,8.04346
2024/02/14 04:46:45.00,460377.8437,5635464.6076,2944156.1458,12.0,4.9138,16.4281,7.3315,-7.05759,-4.17232,8.01505
2024/02/14 04:46:46.00,460370.6221,5635459.6361,2944163.8676,12.0,4.914,16.4293,7.331,-7.20104,-4.08545,7.97297
2024/02/14 04:46:47.00,460363.1294,5635454.7932,2944171.7269,12.0,4.9143,16.4305,7.3306,-7.291,-4.25645,7.98968
2024/02/14 04:46:48.00,460355.7586,5635450.1602,2944179.4404,12.0,4.9145,16.4317,7.3301,-7.05399,-4.07823,7.86126
2024/02/14 04:46:49.00,460348.7479,5635445.7921,2944187.1466,12.0,4.9148,16.4329,7.3296,-6.87679,-4.10427,7.58614
2024/02/14 04:46:50.00,460343.0735,5635443.6038,2944194.5926,12.0,4.915,16.4341,7.3292,-4.48251,-1.84902,5.85224
2024/02/14 04:46:51.00,460335.2191,5635441.1524,2944204.7129,11.0,5.2573,16.4902,7.3573,-6.54548,-5.01093,6.30923
2024/02/14 04:46:52.00,460328.7098,5635438.3429,2944211.6458,12.0,4.9155,16.4365,7.3282,-6.99066,-4.0138,7.66181
2024/02/14 04:46:53.00,460322.2223,5635435.1459,2944219.0977,12.0,4.9157,16.4377,7.3277,-7.14813,-4.38173,7.91161
2024/02/14 04:46:54.00,460314.3876,5635429.1497,2944226.1758,12.0,4.916,16.4389,7.3273,-7.2562,-4.31414,8.09324
2024/02/14 04:46:55.00,460307.6765,5635424.7347,2944235.3524,12.0,4.9162,16.4401,7.3268,-7.11531,-4.1226,8.25639
2024/02/14 04:46:56.00,460300.5093,5635420.6467,2944242.9445,12.0,4.9165,16.4413,7.3263,-6.93423,-3.64455,7.9992
2024/02/14 04:46:57.00,460293.4397,5635415.858,2944251.0946,12.0,4.9167,16.4425,7.3259,-6.75466,-4.12717,7.56678
2024/02/14 04:46:58.00,460286.9193,5635412.2447,2944258.3226,12.0,4.9169,16.4437,7.3254,-6.59536,-3.68623,7.59825
2024/02/14 04:46:59.00,460280.1154,5635408.1275,2944265.7617,12.0,4.9172,16.4449,7.3249,-6.72596,-3.59538,7.55964
2024/02/14 04:47:00.00,460273.2222,5635404.3605,2944273.1972,12.0,4.9174,16.4461,7.3244,-6.81786,-3.7838,7.48977
2024/02/14 04:47:01.00,460266.5248,5635400.6343,2944280.7198,12.0,4.9177,16.4472,7.324,-6.70367,-3.49131,7.54316
2024/02/14 04:47:02.00,460259.9261,5635396.7202,2944288.0554,12.0,4.9179,16.4484,7.3235,-6.57271,-3.52748,7.66261
2024/02/14 04:47:03.00,460253.1709,5635392.5635,2944295.4781,12.0,4.9182,16.4496,7.323,-6.53223,-3.56992,7.59054
2024/02/14 04:47:04.00,460246.7435,5635388.7844,2944302.5712,12.0,4.9184,16.4508,7.3226,-6.21643,-3.45356,7.14327
2024/02/14 04:47:05.00,460240.6781,5635385.2402,2944309.5556,12.0,4.9186,16.452,7.3221,-5.73479,-3.18435,6.65814
2024/02/14 04:47:06.00,460234.9467,5635381.9607,2944316.212,12.0,4.9189,16.4532,7.3216,-5.70337,-3.03296,6.6634
2024/02/14 04:47:07.00,460229.196,5635378.9964,2944322.8674,12.0,4.9191,16.4544,7.3211,-5.62655,-2.86374,6.36996
2024/02/14 04:47:08.00,460223.6186,5635376.3193,2944329.0546,12.0,4.9194,16.4556,7.3207,-5.2855,-2.78063,5.85377
2024/02/14 04:47:09.00,460218.8881,5635374.5359,2944334.9767,12.0,4.9196,16.4567,7.3202,-4.79396,-2.58487,5.34646
2024/02/14 04:47:10.00,460214.6442,5635372.9599,2944340.2797,12.0,4.9199,16.4579,7.3197,-4.2266,-2.45535,4.81099
2024/02/14 04:47:11.00,460210.7181,5635370.9843,2944344.9977,12.0,4.9201,16.4591,7.3192,-3.8967,-2.31154,4.4278
2024/02/14 04:47:12.00,460206.8368,5635368.9315,2944349.4231,12.0,4.9203,16.4603,7.3188,-3.85461,-2.10313,4.3507
2024/02/14 04:47:13.00,460202.9407,5635366.7607,2944353.6148,12.0,4.9206,16.4615,7.3183,-3.81947,-2.07845,4.30345
2024/02/14 04:47:14.00,460199.1717,5635364.4653,2944357.8857,12.0,4.9208,16.4627,7.3178,-3.8701,-2.09132,4.14296
2024/02/14 04:47:15.00,460195.3903,5635362.3624,2944361.7723,12.0,4.9211,16.4638,7.3173,-3.61446,-1.68276,4.02376
2024/02/14 04:47:16.00,460192.0619,5635360.4681,2944365.3311,12.0,4.9213,16.465,7.3169,-3.09342,-1.51606,3.42502
2024/02/14 04:47:17.00,460189.1909,5635358.5934,2944368.3912,12.0,4.9216,16.4662,7.3164,-2.50213,-1.42844,2.91978
2024/02/14 04:47:18.00,460186.9629,5635356.7263,2944370.8922,12.0,4.9218,16.4674,7.3159,-1.91366,-0.94139,2.27627
2024/02/14 04:47:19.00,460185.3016,5635356.0596,2944373.1323,12.0,4.922,16.4685,7.3154,-1.80208,-0.97167,2.12328
2024/02/14 04:47:20.00,460183.5042,5635355.3433,2944375.3127,12.0,4.9223,16.4697,7.3149,-1.91791,-0.969,2.08837
2024/02/14 04:47:21.00,460181.7232,5635354.9809,2944377.602,12.0,4.9225,16.4709,7.3145,-1.58284,-0.93138,1.69701
2024/02/14 04:47:22.00,460180.5699,5635354.5287,2944379.0977,12.0,4.9228,16.4721,7.314,-0.8202,-0.5213,0.85818
2024/02/14 04:47:23.00,460180.3028,5635354.2897,2944379.7244,12.0,4.923,16.4732,7.3135,-0.39619,-0.16116,0.41736
2024/02/14 04:47:24.00,460179.9572,5635354.39,2944380.2531,12.0,4.9232,16.4744,7.313,-0.37001,-0.27288,0.42185
2024/02/14 04:47:25.00,460179.4713,5635353.7846,2944380.7297,12.0,4.9235,16.4756,7.3126,-0.42094,-0.23773,0.47864
2024/02/14 04:47:26.00,460178.986,5635353.3044,2944381.0744,12.0,4.9237,16.4768,7.3121,-0.44427,-0.29525,0.52583
2024/02/14 04:47:27.00,460178.6364,5635352.9848,2944381.2978,12.0,4.924,16.4779,7.3116,-0.2807,-0.11291,0.30422
2024/02/14 04:47:28.00,460178.5119,5635352.8806,2944381.4417,12.0,4.9242,16.4791,7.3111,0.01164,0.03425,0.02329
2024/02/14 04:47:29.00,460178.5199,5635352.678,2944381.4244,12.0,4.9244,16.4803,7.3106,-0.01093,-0.00939,0.01598
2024/02/14 04:47:30.00,460178.6472,5635352.8626,2944381.4479,12.0,4.9247,16.4814,7.3102,0.0106,0.11696,0.06674
2024/02/14 04:47:31.00,460178.7192,5635353.22,2944381.6945,12.0,4.9249,16.4826,7.3097,-0.06254,-0.06997,0.0597
2024/02/14 04:47:32.00,460178.8198,5635354.0873,2944381.9894,12.0,4.9252,16.4838,7.3092,-0.03165,-0.01694,0.02182
2024/02/14 04:47:33.00,460178.9253,5635354.8797,2944382.1774,12.0,4.9254,16.4849,7.3087,-0.0106,-0.01655,-0.0104
2024/02/14 04:47:34.00,460178.8186,5635355.0354,2944382.2651,12.0,4.9256,16.4861,7.3082,-0.02944,-0.00558,0.01
2024/02/14 04:47:35.00,460178.7366,5635354.7472,2944382.2917,12.0,4.9259,16.4873,7.3078,-0.11954,-0.08954,0.0771
2024/02/14 04:47:36.00,460178.5242,5635354.3663,2944382.3413,12.0,4.9261,16.4884,7.3073,-0.43553,-0.15519,0.44788
2024/02/14 04:47:37.00,460177.6819,5635353.2613,2944382.8811,12.0,4.9264,16.4896,7.3068,-1.01473,-0.60693,1.03134
2024/02/14 04:47:38.00,460176.2657,5635351.5983,2944383.6614,12.0,4.9266,16.4908,7.3063,-1.19055,-0.67056,1.29312
2024/02/14 04:47:39.00,460174.824,5635350.5945,2944385.0599,12.0,4.9268,16.4919,7.3058,-1.47575,-0.69032,1.71006
2024/02/14 04:47:40.00,460173.2588,5635349.8285,2944387.1278,12.0,4.9271,16.4931,7.3053,-1.91106,-1.13167,2.05642
2024/02/14 04:47:41.00,460171.2297,5635348.777,2944389.5577,12.0,4.9273,16.4943,7.3049,-2.02871,-1.13234,2.45268
2024/02/14 04:47:42.00,460169.1124,5635347.4779,2944392.0388,12.0,4.9276,16.4954,7.3044,-2.04891,-1.07936,2.487
2024/02/14 04:47:43.00,460167.2029,5635346.6433,2944394.5919,12.0,4.9278,16.4966,7.3039,-2.08427,-1.39197,2.36701
2024/02/14 04:47:44.00,460165.0999,5635345.9909,2944397.2992,12.0,4.9281,16.4977,7.3034,-2.30516,-1.34564,2.70968
2024/02/14 04:47:45.00,460162.661,5635344.6654,2944400.2173,12.0,4.9283,16.4989,7.3029,-2.40985,-1.64634,2.65452
2024/02/14 04:47:46.00,460160.3999,5635343.6675,2944403.1307,12.0,4.9285,16.5001,7.3024,-2.23675,-1.24345,2.57901
2024/02/14 04:47:47.00,460158.5283,5635342.7499,2944405.5374,12.0,4.9288,16.5012,7.302,-1.87124,-0.96611,2.19379
2024/02/14 04:47:48.00,460156.763,5635341.6342,2944407.6555,12.0,4.929,16.5024,7.3015,-1.71459,-0.96499,1.97024
2024/02/14 04:47:49.00,460155.0612,5635340.8163,2944409.4033,12.0,4.9293,16.5035,7.301,-1.32418,-0.65807,1.64121
2024/02/14 04:47:50.00,460154.0295,5635340.3988,2944410.6067,12.0,4.9295,16.5047,7.3005,-0.79003,-0.36637,0.9337
2024/02/14 04:47:51.00,460153.3149,5635339.6725,2944411.1035,12.0,4.9297,16.5058,7.3,-0.55248,-0.32905,0.56295
2024/02/14 04:47:52.00,460152.6728,5635339.0505,2944411.7258,12.0,4.93,16.507,7.2995,-0.60082,-0.43342,0.62653
2024/02/14 04:47:53.00,460152.098,5635338.5194,2944412.3334,12.0,4.9302,16.5081,7.299,-0.5838,-0.40495,0.64916
2024/02/14 04:47:54.00,460151.5959,5635338.1922,2944413.0164,12.0,4.9305,16.5093,7.2986,-0.525,-0.16491,0.68515
2024/02/14 04:47:55.00,460150.8278,5635337.1843,2944413.4865,12.0,4.9307,16.5105,7.2981,-0.63124,-0.39143,0.6696
2024/02/14 04:47:56.00,460150.1364,5635336.5107,2944413.9248,12.0,4.9309,16.5116,7.2976,-0.52206,-0.44767,0.57313
2024/02/14 04:47:57.00,460149.7382,5635336.0878,2944414.2117,12.0,4.9312,16.5128,7.2971,-0.17305,-0.05452,0.22835
2024/02/14 04:47:58.00,460149.8185,5635336.4704,2944414.6771,12.0,4.9314,16.5139,7.2966,0.02746,0.0825,-0.00881
2024/02/14 04:47:59.00,460149.9629,5635336.6437,2944414.994,12.0,4.9317,16.5151,7.2961,0.01181,0.06474,0.02918
2024/02/14 04:48:00.00,460150.0102,5635336.8085,2944415.2806,12.0,4.9319,16.5162,7.2956,0.01685,0.04099,0.011
2024/02/14 04:48:01.00,460150.05,5635337.0729,2944415.5624,12.0,4.9321,16.5174,7.2951,-0.00976,-0.03228,-0.00271
2024/02/14 04:48:02.00,460150.2162,5635337.7012,2944416.0007,12.0,4.9324,16.5185,7.2947,0.01402,-0.00872,0.01807
2024/02/14 04:48:03.00,460150.4526,5635338.4203,2944416.4148,12.0,4.9326,16.5196,7.2942,0.0058,0.02259,-0.01455
2024/02/14 04:48:04.00,460150.4512,5635338.5906,2944416.4581,12.0,4.9329,16.5208,7.2937,-0.02685,-0.0283,0.00044
2024/02/14 04:48:05.00,460150.5551,5635338.9842,2944416.7096,12.0,4.9331,16.5219,7.2932,0.00266,0.01849,-0.01255
2024/02/14 04:48:06.00,460150.7257,5635339.1419,2944416.8652,12.0,4.9333,16.5231,7.2927,-1e-05,-0.03643,-0.00453
2024/02/14 04:48:07.00,460150.7481,5635339.026,2944416.8018,12.0,4.9336,16.5242,7.2922,0.00044,0.01466,-0.00776
2024/02/14 04:48:08.00,460150.7606,5635338.9744,2944416.7428,12.0,4.9338,16.5254,7.2917,-0.00081,-0.07298,-0.00604
2024/02/14 04:48:09.00,460150.7895,5635338.8037,2944416.6443,12.0,4.9341,16.5265,7.2912,0.00888,0.01425,-0.00068
2024/02/14 04:48:10.00,460150.6697,5635338.5625,2944416.6485,12.0,4.9343,16.5277,7.2907,-0.02496,-0.03124,-0.01351
2024/02/14 04:48:11.00,460150.6058,5635338.1585,2944416.5895,12.0,4.9345,16.5288,7.2902,-0.03855,-0.08409,-0.05006
2024/02/14 04:48:12.00,460150.6411,5635338.1438,2944416.451,12.0,4.9348,16.5299,7.2897,0.01674,0.02685,-0.02606
2024/02/14 04:48:13.00,460150.6022,5635337.8311,2944416.3265,12.0,4.935,16.5311,7.2893,0.01296,0.00887,-0.00397
2024/02/14 04:48:14.00,460150.5935,5635337.6034,2944416.1961,12.0,4.9353,16.5322,7.2888,-0.00191,-0.00335,0.01585
2024/02/14 04:48:15.00,460150.6873,5635337.6129,2944416.2327,12.0,4.9355,16.5334,7.2883,-0.0148,-0.03159,-0.0054
2024/02/14 04:48:16.00,460150.634,5635337.3465,2944416.1733,12.0,4.9357,16.5345,7.2878,-0.02046,-0.04651,-0.02677
2024/02/14 04:48:17.00,460150.5393,5635336.779,2944416.1346,12.0,4.936,16.5356,7.2873,0.0018,0.02135,-0.00579
2024/02/14 04:48:18.00,460150.5417,5635336.7997,2944416.1612,12.0,4.9362,16.5368,7.2868,0.03236,0.06299,-0.00893
2024/02/14 04:48:19.00,460150.5192,5635336.6881,2944416.0344,12.0,4.9364,16.5379,7.2863,0.01574,0.02612,-0.00554
2024/02/14 04:48:20.00,460150.606,5635337.0183,2944416.052,12.0,4.9367,16.539,7.2858,0.01995,-0.02264,-0.01071
2024/02/14 04:48:21.00,460150.6856,5635337.2768,2944416.2196,12.0,4.9369,16.5402,7.2853,-0.00447,-0.03273,-0.05231
2024/02/14 04:48:22.00,460150.6718,5635337.5386,2944416.31,12.0,4.9372,16.5413,7.2848,-0.00781,-0.03204,-0.00973
2024/02/14 04:48:23.00,460150.8023,5635337.9022,2944416.4549,12.0,4.9374,16.5425,7.2843,0.01012,0.01743,0.00041
2024/02/14 04:48:24.00,460150.7838,5635337.9678,2944416.4637,12.0,4.9376,16.5436,7.2838,0.00923,0.01076,0.00629
2024/02/14 04:48:25.00,460150.8754,5635338.2967,2944416.5776,12.0,4.9379,16.5447,7.2833,-0.03233,-0.03979,-0.00848
2024/02/14 04:48:26.00,460151.0899,5635338.9961,2944416.7785,12.0,4.9381,16.5458,7.2828,0.01157,0.02858,-0.00994
2024/02/14 04:48:27.00,460150.9904,5635339.1364,2944416.8816,12.0,4.9384,16.547,7.2823,0.00696,-0.00737,-0.02611
2024/02/14 04:48:28.00,460151.128,5635339.4463,2944416.9692,12.0,4.9386,16.5481,7.2818,-0.00267,-0.01563,-0.00066
2024/02/14 04:48:29.00,460151.1672,5635339.6742,2944417.0165,12.0,4.9388,16.5492,7.2813,-0.01215,-0.08211,-0.03973
2024/02/14 04:48:30.00,460151.1084,5635339.4944,2944417.0168,12.0,4.9391,16.5504,7.2808,-0.00869,-0.07637,-0.03606
2024/02/14 04:48:31.00,460151.2064,5635339.4692,2944416.9852,12.0,4.9393,16.5515,7.2803,-0.02144,-0.02592,-0.02411
2024/02/14 04:48:32.00,460151.0588,5635339.3449,2944416.9123,12.0,4.9396,16.5526,7.2798,-6e-05,0.01427,0.00726
2024/02/14 04:48:33.00,460150.8988,5635339.1624,2944416.7552,12.0,4.9398,16.5538,7.2793,0.02824,0.10946,0.03306
2024/02/14 04:48:34.00,460151.0128,5635339.4173,2944416.7691,12.0,4.94,16.5549,7.2789,0.00514,0.00659,-0.00963
2024/02/14 04:48:35.00,460150.9714,5635338.9398,2944416.4971,12.0,4.9403,16.556,7.2784,0.00675,0.03329,-0.00177
2024/02/14 04:48:36.00,460150.903,5635338.9095,2944416.4585,12.0,4.9405,16.5571,7.2779,0.01073,0.08019,0.01537
2024/02/14 04:48:37.00,460150.9179,5635338.806,2944416.5792,12.0,4.9408,16.5583,7.2774,0.00011,0.01269,-0.01764
2024/02/14 04:48:38.00,460150.7941,5635338.4661,2944416.3078,12.0,4.941,16.5594,7.2769,0.02154,0.04365,0.02023
2024/02/14 04:48:39.00,460150.8777,5635338.633,2944416.2748,12.0,4.9412,16.5605,7.2764,0.02762,0.00049,-0.00929
2024/02/14 04:48:40.00,460150.8634,5635338.6424,2944416.2785,12.0,4.9415,16.5616,7.2759,0.01459,0.01656,0.00606
2024/02/14 04:48:41.00,460150.7381,5635338.2817,2944416.1722,12.0,4.9417,16.5627,7.2754,0.00118,-0.00341,0.00407
2024/02/14 04:48:42.00,460150.7392,5635338.5133,2944416.2609,12.0,4.9419,16.5639,7.2749,0.0093,0.05077,-0.01416
2024/02/14 04:48:43.00,460150.8032,5635338.7189,2944416.381,12.0,4.9422,16.565,7.2744,-0.01536,-0.02512,0.00067
2024/02/14 04:48:44.00,460150.7945,5635338.732,2944416.2634,12.0,4.9424,16.5661,7.2739,0.01078,-0.02004,-0.00377
2024/02/14 04:48:45.00,460150.8528,5635338.5772,2944416.0666,12.0,4.9427,16.5672,7.2734,0.05656,0.12484,0.07051
2024/02/14 04:48:46.00,460150.714,5635338.1051,2944416.0507,12.0,4.9429,16.5683,7.2729,0.02469,0.06526,0.03615
2024/02/14 04:48:47.00,460150.6952,5635338.0605,2944415.9503,12.0,4.9431,16.5695,7.2724,0.01962,-0.00437,0.00804
2024/02/14 04:48:48.00,460150.6825,5635338.1506,2944415.9774,12.0,4.9434,16.5706,7.2719,-0.01536,-0.10913,-0.04564
2024/02/14 04:48:49.00,460150.5332,5635337.9039,2944415.9281,12.0,4.9436,16.5717,7.2713,0.00187,-0.00585,0.0056
2024/02/14 04:48:50.00,460150.5903,5635338.2215,2944415.8023,12.0,4.9439,16.5728,7.2708,-0.00043,0.02026,0.00406
2024/02/14 04:48:51.00,460150.5781,5635338.1009,2944415.821,12.0,4.9441,16.5739,7.2703,-0.00391,-0.015,0.01155
2024/02/14 04:48:52.00,460150.4846,5635337.8996,2944415.7238,12.0,4.9443,16.575,7.2698,-0.00248,0.00743,0.00884
2024/02/14 04:48:53.00,460150.4312,5635337.9043,2944415.6689,12.0,4.9446,16.5762,7.2693,-0.00381,-0.00403,-0.0451
2024/02/14 04:48:54.00,460150.3417,5635337.5153,2944415.5823,12.0,4.9448,16.5773,7.2688,-0.03217,-0.0069,0.00179
2024/02/14 04:48:55.00,460150.3918,5635337.9176,2944415.5587,12.0,4.945,16.5784,7.2683,-0.00368,-0.01174,0.01003
2024/02/14 04:48:56.00,460150.3706,5635337.722,2944415.5333,12.0,4.9453,16.5795,7.2678,0.00025,0.02534,-0.0393
2024/02/14 04:48:57.00,460150.2337,5635337.6518,2944415.5029,12.0,4.9455,16.5806,7.2673,0.00038,-0.01683,0.01493
2024/02/14 04:48:58.00,460150.2237,5635337.6352,2944415.4298,12.0,4.9458,16.5817,7.2668,0.00358,-0.02982,0.00895
2024/02/14 04:48:59.00,460150.1382,5635337.5086,2944415.306,12.0,4.946,16.5828,7.2663,0.00595,-0.00023,-0.01552
2024/02/14 04:49:00.00,460150.1989,5635337.4102,2944415.1899,12.0,4.9462,16.5839,7.2658,0.0359,0.01092,0.01376
2024/02/14 04:49:01.00,460150.1033,5635337.1601,2944415.1364,12.0,4.9465,16.585,7.2653,-0.0139,-0.04188,-0.0462
2024/02/14 04:49:02.00,460150.1721,5635337.4002,2944415.2783,12.0,4.9467,16.5861,7.2648,-0.01898,-0.01641,-0.03866
2024/02/14 04:49:03.00,460150.2468,5635337.4286,2944415.29,12.0,4.947,16.5872,7.2643,0.01449,0.00158,-0.01267
2024/02/14 04:49:04.00,460150.0988,5635337.1918,2944415.2221,12.0,4.9472,16.5884,7.2638,0.01231,0.01422,-0.0038
2024/02/14 04:49:05.00,460150.1798,5635337.4899,2944415.3945,12.0,4.9474,16.5895,7.2633,0.00613,0.00521,-0.00981
2024/02/14 04:49:06.00,460150.1685,5635337.93,2944415.3851,12.0,4.9477,16.5906,7.2628,-0.02203,-0.02244,-0.0112
2024/02/14 04:49:07.00,460150.2005,5635338.1895,2944415.4044,12.0,4.9479,16.5917,7.2623,-0.01218,0.0039,0.00701
2024/02/14 04:49:08.00,460150.2675,5635338.4385,2944415.559,12.0,4.9481,16.5928,7.2618,-0.00953,-0.02879,0.00085
2024/02/14 04:49:09.00,460150.2242,5635338.4853,2944415.5646,12.0,4.9484,16.5939,7.2612,0.00669,0.0166,-0.00126
2024/02/14 04:49:10.00,460150.2722,5635338.6145,2944415.4397,12.0,4.9486,16.595,7.2607,-0.02529,-0.06921,-0.03363
2024/02/14 04:49:11.00,460150.1885,5635338.5413,2944415.4087,12.0,4.9489,16.5961,7.2602,0.01189,0.02905,0.00342
2024/02/14 04:49:12.00,460150.0604,5635338.4029,2944415.4044,12.0,4.9491,16.5972,7.2597,0.02306,0.02826,-0.00149
2024/02/14 04:49:13.00,460150.1018,5635338.5639,2944415.4237,12.0,4.9493,16.5983,7.2592,-0.00757,0.01416,-0.00833
2024/02/14 04:49:14.00,460150.0533,5635338.3288,2944415.3276,12.0,4.9496,16.5994,7.2587,-0.0003,0.05377,-0.00993
2024/02/14 04:49:15.00,460150.1404,5635338.3868,2944415.221,12.0,4.9498,16.6005,7.2582,-0.00463,-0.03912,0.00408
2024/02/14 04:49:16.00,460150.0546,5635337.9877,2944415.0177,12.0,4.95,16.6016,7.2577,-0.00849,-0.05372,-0.02351
2024/02/14 04:49:17.00,460149.8909,5635337.549,2944414.8377,12.0,4.9503,16.6027,7.2572,-0.01,-0.04911,-0.02467
2024/02/14 04:49:18.00,460149.8755,5635337.3043,2944414.7727,12.0,4.9505,16.6038,7.2567,-0.00313,-0.02827,-0.00347
2024/02/14 04:49:19.00,460149.73,5635336.9289,2944414.6339,12.0,4.9508,16.6049,7.2562,-0.00991,0.00787,-0.02021
2024/02/14 04:49:20.00,460149.6671,5635336.4326,2944414.3858,12.0,4.951,16.606,7.2556,-0.00293,-0.0348,0.00204
2024/02/14 04:49:21.00,460149.5737,5635335.9596,2944414.1408,12.0,4.9512,16.6071,7.2551,0.01106,0.03078,0.00627
2024/02/14 04:49:22.00,460149.4566,5635335.5209,2944413.9854,12.0,4.9515,16.6081,7.2546,-0.0011,0.0166,-8e-05
2024/02/14 04:49:23.00,460149.5483,5635335.5792,2944413.8398,12.0,4.9517,16.6092,7.2541,0.00632,0.0473,0.00868
2024/02/14 04:49:24.00,460149.4927,5635335.327,2944413.7632,12.0,4.9519,16.6103,7.2536,-0.00452,0.01937,-0.0087
2024/02/14 04:49:25.00,460149.6202,5635335.7965,2944413.9291,12.0,4.9522,16.6114,7.2531,0.01754,0.06079,0.01201
2024/02/14 04:49:26.00,460149.5935,5635335.9131,2944414.0624,12.0,4.9524,16.6125,7.2526,0.00766,0.00885,-0.01479
2024/02/14 04:49:27.00,460149.6241,5635336.408,2944414.1827,12.0,4.9527,16.6136,7.2521,0.02782,0.05136,0.00644
2024/02/14 04:49:28.00,460149.5329,5635336.1109,2944414.2146,12.0,4.9529,16.6147,7.2515,-0.01845,0.05886,-0.00336
2024/02/14 04:49:29.00,460149.6127,5635336.4884,2944414.298,12.0,4.9531,16.6158,7.251,0.00714,0.00261,-0.02065
2024/02/14 04:49:30.00,460149.7396,5635336.8447,2944414.5098,12.0,4.9534,16.6169,7.2505,0.00969,0.01879,-0.00854
2024/02/14 04:49:31.00,460149.7291,5635336.8405,2944414.7314,12.0,4.9536,16.618,7.25,-0.00972,-0.03625,-0.02269
2024/02/14 04:49:32.00,460149.9089,5635337.2462,2944414.6557,12.0,4.9538,16.619,7.2495,-0.00468,-0.0448,-0.01862
2024/02/14 04:49:33.00,460149.8466,5635337.2159,2944414.7172,12.0,4.9541,16.6201,7.249,-0.00185,0.01916,-0.02431
2024/02/14 04:49:34.00,460149.9521,5635337.5685,2944414.85,12.0,4.9543,16.6212,7.2485,-0.01728,-0.04911,0.0051
2024/02/14 04:49:35.00,460149.9288,5635337.5796,2944414.9537,12.0,4.9546,16.6223,7.248,-0.01904,-0.06271,-0.00989
2024/02/14 04:49:36.00,460149.9404,5635337.7487,2944415.0356,12.0,4.9548,16.6234,7.2474,0.02038,-0.01456,-0.0204
2024/02/14 04:49:37.00,460149.9411,5635337.7011,2944414.9904,12.0,4.955,16.6245,7.2469,-0.0138,-0.02875,-0.00206
2024/02/14 04:49:38.00,460149.8264,5635337.2039,2944414.9201,12.0,4.9553,16.6255,7.2464,0.00367,0.03589,0.00834
2024/02/14 04:49:39.00,460149.8531,5635336.9737,2944414.7503,12.0,4.9555,16.6266,7.2459,0.0254,0.02015,0.01069
2024/02/14 04:49:40.00,460149.7865,5635336.5556,2944414.5187,12.0,4.9557,16.6277,7.2454,-0.01638,-0.01065,0.01329
2024/02/14 04:49:41.00,460149.6985,5635336.3067,2944414.4223,12.0,4.956,16.6288,7.2449,0.00611,-0.0307,0.00094
2024/02/14 04:49:42.00,460149.6796,5635336.1722,2944414.4249,12.0,4.9562,16.6299,7.2443,0.00319,0.00622,-0.01261
2024/02/14 04:49:43.00,460149.6795,5635336.2537,2944414.4448,12.0,4.9564,16.6309,7.2438,-0.0066,-0.04979,0.01646
2024/02/14 04:49:44.00,460149.8451,5635336.6906,2944414.6562,12.0,4.9567,16.632,7.2433,-0.00242,-0.07116,-0.00774
2024/02/14 04:49:45.00,460149.8944,5635336.6939,2944414.7709,12.0,4.9569,16.6331,7.2428,0.0083,0.01674,-0.01178
2024/02/14 04:49:46.00,460150.0955,5635337.6039,2944414.943,12.0,4.9572,16.6342,7.2423,-0.00739,-0.02993,-0.02743
2024/02/14 04:49:47.00,460150.1461,5635337.9774,2944415.1709,12.0,4.9574,16.6353,7.2418,-0.0223,-0.056,-0.026
2024/02/14 04:49:48.00,460150.2364,5635338.067,2944415.2501,12.0,4.9576,16.6363,7.2412,0.00462,-0.07772,-0.0169
2024/02/14 04:49:49.00,460150.2212,5635338.0232,2944415.3405,12.0,4.9579,16.6374,7.2407,-0.02185,-0.03237,-0.00501
2024/02/14 04:49:50.00,460150.2159,5635338.1194,2944415.2767,12.0,4.9581,16.6385,7.2402,0.0257,0.04489,-0.01004
2024/02/14 04:49:51.00,460150.2198,5635338.3932,2944415.4034,12.0,4.9583,16.6395,7.2397,0.008,-0.0099,-0.02008
2024/02/14 04:49:52.00,460150.09,5635337.707,2944415.2295,12.0,4.9586,16.6406,7.2392,-0.00284,-0.05124,-0.02059
2024/02/14 04:49:53.00,460150.1572,5635337.6923,2944415.1368,12.0,4.9588,16.6417,7.2386,-0.00554,-0.03073,-0.03537
2024/02/14 04:49:54.00,460149.9942,5635337.0771,2944414.9532,12.0,4.959,16.6428,7.2381,-0.00805,-0.03394,-0.03107
2024/02/14 04:49:55.00,460149.9728,5635336.7735,2944414.7929,12.0,4.9593,16.6438,7.2376,0.01891,-0.002,0.01042
2024/02/14 04:49:56.00,460149.8713,5635336.5794,2944414.746,12.0,4.9595,16.6449,7.2371,0.02436,0.0207,-0.00279
2024/02/14 04:49:57.00,460149.9734,5635336.8939,2944414.8957,12.0,4.9598,16.646,7.2366,-0.02636,-0.06384,-0.00282
2024/02/14 04:49:58.00,460149.988,5635336.9061,2944414.8967,12.0,4.96,16.647,7.236,0.0113,-0.03034,-0.00788
2024/02/14 04:49:59.00,460150.0801,5635337.1507,2944415.0064,12.0,4.9602,16.6481,7.2355,-0.00163,0.09378,0.01706
2024/02/14 04:50:00.00,460150.1954,5635337.5161,2944415.2596,12.0,4.9605,16.6492,7.235,0.00857,-0.04542,-0.01065
2024/02/14 04:50:01.00,460150.2423,5635337.7992,2944415.4409,12.0,4.9607,16.6502,7.2345,-0.01374,-0.00557,-0.02517
2024/02/14 04:50:02.00,460150.3075,5635337.8865,2944415.4513,12.0,4.9609,16.6513,7.234,0.00611,0.00189,-0.00171
2024/02/14 04:50:03.00,460150.296,5635337.688,2944415.38,12.0,4.9612,16.6524,7.2334,0.00169,-0.03922,-0.00661
2024/02/14 04:50:04.00,460150.3642,5635338.016,2944415.4637,12.0,4.9614,16.6534,7.2329,-0.01417,-0.05307,-0.0197
2024/02/14 04:50:05.00,460150.1612,5635337.2372,2944415.1886,12.0,4.9616,16.6545,7.2324,-0.01401,-0.02509,-0.02312
2024/02/14 04:50:06.00,460150.0745,5635336.5083,2944414.9367,12.0,4.9619,16.6556,7.2319,-0.01255,-0.03012,0.02781
2024/02/14 04:50:07.00,460150.0988,5635336.6597,2944414.9305,12.0,4.9621,16.6566,7.2313,-0.01559,-0.06475,-0.01095
2024/02/14 04:50:08.00,460150.1334,5635336.6244,2944414.9339,12.0,4.9624,16.6577,7.2308,0.00759,0.00076,-0.04258
2024/02/14 04:50:09.00,460150.2494,5635336.7907,2944415.0917,12.0,4.9626,16.6587,7.2303,0.02073,0.06484,0.03521
2024/02/14 04:50:10.00,460150.4156,5635337.4676,2944415.2723,12.0,4.9628,16.6598,7.2298,0.0109,0.00031,-0.02002
2024/02/14 04:50:11.00,460150.4793,5635337.7039,2944415.4049,12.0,4.9631,16.6609,7.2292,-0.00811,-0.04001,0.00253
2024/02/14 04:50:12.00,460150.5544,5635338.1456,2944415.4957,12.0,4.9633,16.6619,7.2287,-0.00593,-4e-05,-0.02063
2024/02/14 04:50:13.00,460150.6095,5635338.2976,2944415.4034,12.0,4.9635,16.663,7.2282,0.00097,-0.033,-0.02072
2024/02/14 04:50:14.00,460150.496,5635337.9649,2944415.0949,12.0,4.9638,16.664,7.2277,-0.01408,-0.0417,-0.03592
2024/02/14 04:50:15.00,460150.3987,5635337.6196,2944414.8618,12.0,4.964,16.6651,7.2272,-0.00638,-0.00527,0.01494
2024/02/14 04:50:16.00,460150.2873,5635336.6532,2944414.7782,12.0,4.9642,16.6662,7.2266,0.02409,-0.0033,0.02906
2024/02/14 04:50:17.00,460150.3282,5635336.7491,2944414.7528,12.0,4.9645,16.6672,7.2261,0.00488,-0.00553,-0.00388
2024/02/14 04:50:18.00,460150.2611,5635336.8734,2944414.7153,12.0,4.9647,16.6683,7.2256,0.01184,0.0081,0.01241
2024/02/14 04:50:19.00,460150.3353,5635337.3988,2944414.7957,12.0,4.9649,16.6693,7.225,-0.00671,0.00482,0.01725
2024/02/14 04:50:20.00,460150.3094,5635337.538,2944415.0501,12.0,4.9652,16.6704,7.2245,0.01187,0.03107,0.00632
2024/02/14 04:50:21.00,460150.2937,5635337.7199,2944414.9863,12.0,4.9654,16.6714,7.224,0.00136,-0.0183,-0.00135
2024/02/14 04:50:22.00,460150.2825,5635337.6663,2944414.963,12.0,4.9657,16.6725,7.2235,0.00803,0.01355,0.01073
2024/02/14 04:50:23.00,460150.1971,5635337.2332,2944414.8593,12.0,4.9659,16.6735,7.2229,0.00289,-0.01736,-0.00814
2024/02/14 04:50:24.00,460150.0822,5635336.8624,2944414.7604,12.0,4.9661,16.6746,7.2224,-0.00926,-0.04195,-0.01362
2024/02/14 04:50:25.00,460150.1014,5635336.5854,2944414.4696,12.0,4.9664,16.6756,7.2219,0.01225,0.05044,0.01158
2024/02/14 04:50:26.00,460150.1292,5635336.619,2944414.4729,12.0,4.9666,16.6767,7.2214,0.02034,0.03983,0.02003
2024/02/14 04:50:27.00,460150.1764,5635336.7503,2944414.4413,12.0,4.9668,16.6777,7.2208,-0.01725,-0.05885,-0.02168
2024/02/14 04:50:28.00,460150.2973,5635337.4302,2944414.669,12.0,4.9671,16.6788,7.2203,0.0124,-0.04998,-0.00479
2024/02/14 04:50:29.00,460150.3664,5635337.8754,2944414.7713,12.0,4.9673,16.6798,7.2198,0.01334,0.01715,-0.02343
2024/02/14 04:50:30.00,460150.4563,5635338.2791,2944414.8352,12.0,4.9675,16.6809,7.2192,0.01005,0.04595,-0.01222
2024/02/14 04:50:31.00,460150.4017,5635337.792,2944414.766,12.0,4.9678,16.6819,7.2187,-0.01079,0.06033,0.01573
2024/02/14 04:50:32.00,460150.3613,5635337.4033,2944414.6352,12.0,4.968,16.6829,7.2182,0.01439,0.0566,0.02045
2024/02/14 04:50:33.00,460150.1877,5635336.6638,2944414.4748,12.0,4.9682,16.684,7.2177,-0.0329,-0.09453,-0.02166
2024/02/14 04:50:34.00,460150.1685,5635336.7543,2944414.5292,12.0,4.9685,16.685,7.2171,0.00109,-0.03481,-0.01794
2024/02/14 04:50:35.00,460150.1836,5635337.0067,2944414.5412,12.0,4.9687,16.6861,7.2166,0.01802,0.00851,0.00089
2024/02/14 04:50:36.00,460150.2806,5635337.4002,2944414.7601,12.0,4.9689,16.6871,7.2161,0.00336,0.01244,-0.01737
2024/02/14 04:50:37.00,460150.3373,5635337.3433,2944414.8406,12.0,4.9692,16.6881,7.2155,-0.00608,0.01094,0.0214
2024/02/14 04:50:38.00,460150.4438,5635337.7638,2944414.9241,12.0,4.9694,16.6892,7.215,0.00826,-0.0361,-0.02861
2024/02/14 04:50:39.00,460150.3487,5635337.7135,2944414.8875,12.0,4.9696,16.6902,7.2145,-0.03188,-0.14209,-0.06787
2024/02/14 04:50:40.00,460150.2928,5635337.0715,2944414.726,12.0,4.9699,16.6913,7.2139,-0.01158,-0.06847,-0.02944
2024/02/14 04:50:41.00,460150.1433,5635336.413,2944414.6159,12.0,4.9701,16.6923,7.2134,0.00415,-0.0063,0.01654
2024/02/14 04:50:42.00,460150.2048,5635336.4012,2944414.6288,12.0,4.9704,16.6933,7.2129,-0.01268,0.02474,-0.00515
2024/02/14 04:50:43.00,460150.264,5635336.7517,2944414.706,12.0,4.9706,16.6944,7.2123,-0.00182,-0.00918,-0.00875
2024/02/14 04:50:44.00,460150.3278,5635337.1034,2944414.7873,12.0,4.9708,16.6954,7.2118,0.02333,0.03991,0.02059
2024/02/14 04:50:45.00,460150.5321,5635337.5874,2944415.0222,12.0,4.9711,16.6964,7.2113,0.02096,0.06306,0.01681
2024/02/14 04:50:46.00,460150.451,5635337.6999,2944415.0198,12.0,4.9713,16.6975,7.2107,-0.02084,-0.0893,-0.03607
2024/02/14 04:50:47.00,460150.2871,5635337.2991,2944414.8426,12.0,4.9715,16.6985,7.2102,0.00189,-0.00837,0.01944
2024/02/14 04:50:48.00,460150.0808,5635336.8201,2944414.6209,12.0,4.9718,16.6995,7.2097,-0.03373,-0.07617,-0.0305
2024/02/14 04:50:49.00,460150.0018,5635336.6948,2944414.6134,12.0,4.972,16.7006,7.2091,-0.01718,-0.0453,0.01218
2024/02/14 04:50:50.00,460150.1092,5635337.2331,2944414.686,12.0,4.9722,16.7016,7.2086,-0.01017,-0.00983,-0.00717
2024/02/14 04:50:51.00,460150.1722,5635337.7902,2944414.8554,12.0,4.9725,16.7026,7.2081,0.00566,0.00889,-0.00588
2024/02/14 04:50:52.00,460150.1236,5635338.0734,2944414.9095,12.0,4.9727,16.7037,7.2075,-0.00554,-0.00136,-0.01081
2024/02/14 04:50:53.00,460150.0556,5635337.8627,2944414.8771,12.0,4.9729,16.7047,7.207,0.0014,-0.00393,0.02296
2024/02/14 04:50:54.00,460149.9048,5635337.4156,2944414.7577,12.0,4.9732,16.7057,7.2065,0.00024,-0.03966,-0.00206
2024/02/14 04:50:55.00,460149.7709,5635337.0189,2944414.8011,12.0,4.9734,16.7068,7.2059,-0.00639,-0.10589,-0.03042
2024/02/14 04:50:56.00,460149.7516,5635337.1,2944414.952,12.0,4.9736,16.7078,7.2054,-0.01125,-0.00769,0.00362
2024/02/14 04:50:57.00,460149.8311,5635337.479,2944414.9944,12.0,4.9739,16.7088,7.2049,-0.01099,-0.00068,-0.00669
2024/02/14 04:50:58.00,460150.0061,5635337.8367,2944415.2908,12.0,4.9741,16.7098,7.2043,0.00021,0.05723,-0.00367
2024/02/14 04:50:59.00,460149.9175,5635337.666,2944415.212,12.0,4.9743,16.7109,7.2038,0.02763,0.00707,0.00481
2024/02/14 04:51:00.00,460149.8683,5635337.5083,2944415.0949,12.0,4.9746,16.7119,7.2033,0.01615,0.00041,-0.00079
2024/02/14 04:51:01.00,460149.7766,5635336.9335,2944414.7858,12.0,4.9748,16.7129,7.2027,-0.00668,-0.02404,-0.01183
2024/02/14 04:51:02.00,460149.9344,5635337.2367,2944414.9558,12.0,4.975,16.7139,7.2022,-0.00506,0.00697,-0.00896
2024/02/14 04:51:03.00,460149.9009,5635337.2557,2944414.998,12.0,4.9753,16.7149,7.2017,-0.01515,-0.04176,-0.01766
2024/02/14 04:51:04.00,460150.0438,5635337.6935,2944415.2317,12.0,4.9755,16.716,7.2011,-0.01522,0.01666,-0.01334
2024/02/14 04:51:05.00,460149.9882,5635337.5687,2944415.3138,12.0,4.9757,16.717,7.2006,0.01115,0.02038,0.02463
2024/02/14 04:51:06.00,460149.8461,5635336.9146,2944415.1383,12.0,4.976,16.718,7.2,0.0239,0.05069,-0.01111
2024/02/14 04:51:07.00,460149.673,5635336.3173,2944414.8618,12.0,4.9762,16.719,7.1995,-0.01359,-0.01512,0.02237
2024/02/14 04:51:08.00,460149.5951,5635336.4905,2944414.7446,12.0,4.9764,16.72,7.199,0.00509,-0.05358,-0.01736
2024/02/14 04:51:09.00,460149.7142,5635336.9443,2944414.9557,12.0,4.9767,16.7211,7.1984,0.00707,-0.03205,0.03519
2024/02/14 04:51:10.00,460149.8662,5635337.2107,2944415.1269,12.0,4.9769,16.7221,7.1979,0.00267,0.03222,0.04209
2024/02/14 04:51:11.00,460149.7194,5635337.0692,2944415.0581,12.0,4.9771,16.7231,7.1973,-0.0021,0.00868,-7e-05
2024/02/14 04:51:12.00,460149.7971,5635337.0608,2944415.1028,12.0,4.9774,16.7241,7.1968,-0.00534,0.04174,-0.01432
2024/02/14 04:51:13.00,460149.6358,5635336.3948,2944414.8575,12.0,4.9776,16.7251,7.1963,0.0158,0.02504,0.02926
2024/02/14 04:51:14.00,460149.778,5635336.449,2944414.9128,12.0,4.9778,16.7261,7.1957,0.02098,0.02874,0.02994
2024/02/14 04:51:15.00,460149.8075,5635336.4837,2944415.0897,12.0,4.9781,16.7271,7.1952,-0.00196,0.04225,-0.00924
2024/02/14 04:51:16.00,460149.8501,5635336.857,2944415.2111,12.0,4.9783,16.7282,7.1947,-0.01837,-0.06657,-0.04418
2024/02/14 04:51:17.00,460149.7007,5635336.4502,2944415.0707,12.0,4.9785,16.7292,7.1941,-0.00139,0.00557,-0.00893
2024/02/14 04:51:18.00,460149.6817,5635336.2071,2944414.9083,12.0,4.9788,16.7302,7.1936,0.00269,0.08281,-0.00434
2024/02/14 04:51:19.00,460149.5412,5635335.8526,2944414.7521,12.0,4.979,16.7312,7.193,-0.01919,0.00761,-0.00667
2024/02/14 04:51:20.00,460149.6992,5635335.9682,2944414.9577,12.0,4.9792,16.7322,7.1925,0.0094,0.03187,0.00822
2024/02/14 04:51:21.00,460149.6839,5635336.495,2944415.1368,12.0,4.9795,16.7332,7.1919,0.00745,0.02681,-0.02141
2024/02/14 04:51:22.00,460149.6805,5635336.2631,2944415.0599,12.0,4.9797,16.7342,7.1914,-0.00374,-0.02432,-0.03164
2024/02/14 04:51:23.00,460149.5955,5635335.6388,2944414.8648,12.0,4.9799,16.7352,7.1909,-0.0058,-0.05964,-0.00545
2024/02/14 04:51:24.00,460149.4719,5635335.2867,2944414.6909,12.0,4.9802,16.7362,7.1903,0.00974,0.00331,-0.05212
2024/02/14 04:51:25.00,460149.571,5635335.6854,2944414.826,12.0,4.9804,16.7372,7.1898,0.00887,0.01098,0.02124
2024/02/14 04:51:26.00,460149.7238,5635336.4786,2944415.2411,12.0,4.9806,16.7382,7.1892,-0.00072,-0.00624,-0.01573
2024/02/14 04:51:27.00,460149.8182,5635336.7104,2944415.2978,12.0,4.9809,16.7392,7.1887,-0.01871,0.00349,-0.00369
2024/02/14 04:51:28.00,460149.7232,5635335.8516,2944415.0499,12.0,4.9811,16.7402,7.1882,-0.0273,-0.05522,-0.03172
2024/02/14 04:51:29.00,460149.599,5635335.3942,2944414.8354,12.0,4.9813,16.7412,7.1876,-0.02339,-0.02656,0.01404
2024/02/14 04:51:30.00,460149.5476,5635335.37,2944414.8563,12.0,4.9816,16.7422,7.1871,0.02322,0.08656,0.02827
2024/02/14 04:51:31.00,460149.7065,5635335.8387,2944415.0543,12.0,4.9818,16.7432,7.1865,0.01068,0.06289,0.03639
2024/02/14 04:51:32.00,460149.7097,5635335.987,2944415.0657,12.0,4.982,16.7442,7.186,-0.00737,-0.09307,-0.02359
2024/02/14 04:51:33.00,460149.8394,5635336.1624,2944415.1031,12.0,4.9823,16.7452,7.1854,-0.01868,-0.11616,-0.02296
2024/02/14 04:51:34.00,460149.7311,5635335.402,2944414.8112,12.0,4.9825,16.7462,7.1849,-0.03521,-0.05694,-0.02395
2024/02/14 04:51:35.00,460149.8387,5635335.7025,2944414.9212,12.0,4.9827,16.7472,7.1843,-0.00979,0.01297,0.03021
2024/02/14 04:51:36.00,460149.9858,5635336.1036,2944415.2558,12.0,4.983,16.7482,7.1838,0.02536,0.0186,-0.01991
2024/02/14 04:51:37.00,460150.0547,5635336.2651,2944415.3078,12.0,4.9832,16.7492,7.1833,0.01166,-0.05167,-0.00494
2024/02/14 04:51:38.00,460150.0156,5635335.8896,2944415.2291,12.0,4.9834,16.7502,7.1827,-0.01397,-0.05271,-0.036
2024/02/14 04:51:39.00,460149.9568,5635335.7533,2944415.0535,12.0,4.9837,16.7512,7.1822,-0.01428,0.04997,-0.01473
2024/02/14 04:51:40.00,460150.1019,5635336.0686,2944415.2946,12.0,4.9839,16.7522,7.1816,-0.02067,-0.09201,0.01642
2024/02/14 04:51:41.00,460150.277,5635336.6172,2944415.5778,12.0,4.9841,16.7532,7.1811,0.02427,0.05655,0.03309
2024/02/14 04:51:42.00,460150.4261,5635336.6905,2944415.6825,12.0,4.9844,16.7542,7.1805,-0.00906,-0.05084,-0.01702
2024/02/14 04:51:43.00,460150.2037,5635335.8765,2944415.5021,12.0,4.9846,16.7552,7.18,0.00329,-0.01307,0.01849
2024/02/14 04:51:44.00,460150.1636,5635335.8244,2944415.4719,12.0,4.9848,16.7562,7.1794,0.00183,-0.0258,-0.0365
2024/02/14 04:51:45.00,460150.1812,5635335.9599,2944415.5709,12.0,4.9851,16.7572,7.1789,-7e-05,-0.00688,-0.03786
2024/02/14 04:51:46.00,460150.3184,5635336.3242,2944415.7523,12.0,4.9853,16.7582,7.1783,-0.01006,-0.02511,-0.00048
2024/02/14 04:51:47.00,460150.428,5635336.4043,2944415.6713,12.0,4.9855,16.7591,7.1778,0.00235,0.05238,0.00674
2024/02/14 04:51:48.00,460150.2866,5635335.6823,2944415.3296,12.0,4.9857,16.7601,7.1772,0.00621,0.04132,-0.00106
2024/02/14 04:51:49.00,460150.4658,5635335.9319,2944415.3825,12.0,4.986,16.7611,7.1767,-0.01327,-0.00026,-0.02031
2024/02/14 04:51:50.00,460150.4885,5635336.3833,2944415.5111,12.0,4.9862,16.7621,7.1761,0.00793,-0.03749,-0.03718
2024/02/14 04:51:51.00,460150.5056,5635336.2003,2944415.4602,12.0,4.9864,16.7631,7.1756,0.01201,0.00912,0.01354
2024/02/14 04:51:52.00,460150.4502,5635335.5811,2944415.2781,12.0,4.9867,16.7641,7.175,-0.00468,-0.0344,-0.03051
2024/02/14 04:51:53.00,460150.4293,5635335.3378,2944415.1574,12.0,4.9869,16.7651,7.1745,0.04178,0.11835,0.05964
2024/02/14 04:51:54.00,460150.4731,5635335.7681,2944415.2841,12.0,4.9871,16.766,7.1739,-0.01854,-0.01058,0.02819
2024/02/14 04:51:55.00,460150.5983,5635336.0546,2944415.3573,12.0,4.9874,16.767,7.1734,-0.00933,-0.01102,-0.00207
2024/02/14 04:51:56.00,460150.5689,5635335.7155,2944415.3591,12.0,4.9876,16.768,7.1729,0.03567,0.02958,0.01237
2024/02/14 04:51:57.00,460150.3874,5635334.7985,2944415.0561,12.0,4.9878,16.769,7.1723,-0.03064,-0.02833,-0.0157
2024/02/14 04:51:58.00,460150.4076,5635335.1196,2944415.1247,12.0,4.9881,16.77,7.1718,0.00108,0.00247,-0.0185
2024/02/14 04:51:59.00,460150.4767,5635335.5162,2944415.3274,12.0,4.9883,16.771,7.1712,-0.00681,-0.00459,0.01164
2024/02/14 04:52:00.00,460150.5215,5635335.6284,2944415.306,12.0,4.9885,16.7719,7.1706,-0.0036,0.00315,0.01254
2024/02/14 04:52:01.00,460150.44,5635335.3026,2944415.1606,12.0,4.9888,16.7729,7.1701,-0.00178,0.01395,0.00014
2024/02/14 04:52:02.00,460150.4812,5635335.5377,2944415.2511,12.0,4.989,16.7739,7.1695,-0.00033,0.00444,-0.02757
2024/02/14 04:52:03.00,460150.5701,5635336.2235,2944415.5409,12.0,4.9892,16.7749,7.169,0.00842,0.00482,0.00935
2024/02/14 04:52:04.00,460150.4103,5635336.2054,2944415.3009,12.0,4.9895,16.7758,7.1684,0.00093,-0.00424,-0.03596
2024/02/14 04:52:05.00,460150.2564,5635335.8516,2944415.0317,12.0,4.9897,16.7768,7.1679,-0.00032,-0.00908,-0.0246
2024/02/14 04:52:06.00,460150.3135,5635336.0067,2944415.0322,12.0,4.9899,16.7778,7.1673,-0.00758,-0.02578,-0.02757
2024/02/14 04:52:07.00,460150.3766,5635336.3819,2944415.1279,12.0,4.9901,16.7788,7.1668,-0.00261,0.01613,-0.00132
2024/02/14 04:52:08.00,460150.336,5635336.3974,2944415.153,12.0,4.9904,16.7797,7.1662,0.00927,-0.03071,-0.00493
2024/02/14 04:52:09.00,460150.2142,5635335.5909,2944414.8637,12.0,4.9906,16.7807,7.1657,0.00742,0.03457,0.00861
2024/02/14 04:52:10.00,460150.2279,5635335.5247,2944414.6534,12.0,4.9908,16.7817,7.1651,0.02074,0.06735,0.01712
2024/02/14 04:52:11.00,460150.2189,5635335.9733,2944414.8329,12.0,4.9911,16.7826,7.1646,-0.00642,-0.01951,-0.03208
2024/02/14 04:52:12.00,460150.3418,5635336.3498,2944414.9086,12.0,4.9913,16.7836,7.164,0.0052,-0.02292,0.00345
2024/02/14 04:52:13.00,460150.2022,5635335.9156,2944414.7735,12.0,4.9915,16.7846,7.1635,-0.0062,0.05659,0.00104
2024/02/14 04:52:14.00,460150.2616,5635336.0983,2944414.7362,12.0,4.9918,16.7856,7.1629,-0.00074,-0.05554,-0.01694
2024/02/14 04:52:15.00,460150.2719,5635336.3419,2944414.8155,12.0,4.992,16.7865,7.1624,0.01955,0.02748,-0.01728
2024/02/14 04:52:16.00,460150.2893,5635336.1865,2944414.8705,12.0,4.9922,16.7875,7.1618,0.01126,0.00997,0.01271
2024/02/14 04:52:17.00,460150.2186,5635335.8278,2944414.6822,12.0,4.9925,16.7885,7.1613,0.00803,0.03928,0.0225
2024/02/14 04:52:18.00,460150.0211,5635335.2735,2944414.4627,12.0,4.9927,16.7894,7.1607,-0.01416,0.02278,-0.01892
2024/02/14 04:52:19.00,460150.1935,5635335.9532,2944414.6051,12.0,4.9929,16.7904,7.1601,0.02452,0.01608,0.01707
2024/02/14 04:52:20.00,460150.2304,5635335.9357,2944414.6457,12.0,4.9931,16.7913,7.1596,0.01406,0.05018,0.0179
2024/02/14 04:52:21.00,460150.1901,5635335.6783,2944414.5414,12.0,4.9934,16.7923,7.159,0.01404,-0.03227,0.01392
2024/02/14 04:52:22.00,460150.2434,5635336.1538,2944414.5847,12.0,4.9936,16.7933,7.1585,-0.00886,-0.0106,0.05438
2024/02/14 04:52:23.00,460150.2383,5635336.1321,2944414.6489,12.0,4.9938,16.7942,7.1579,0.02026,0.05218,0.02969
2024/02/14 04:52:24.00,460150.2518,5635336.1281,2944414.5896,12.0,4.9941,16.7952,7.1574,0.02475,0.04102,-0.001
2024/02/14 04:52:25.00,460150.1723,5635335.7025,2944414.4369,12.0,4.9943,16.7962,7.1568,-0.00607,0.02522,-0.00529
2024/02/14 04:52:26.00,460150.2684,5635335.9576,2944414.608,12.0,4.9945,16.7971,7.1563,0.01254,0.00141,-0.00576
2024/02/14 04:52:27.00,460150.3825,5635336.3267,2944414.851,12.0,4.9948,16.7981,7.1557,-0.00879,-0.04291,-0.0173
2024/02/14 04:52:28.00,460150.3272,5635336.1569,2944414.7613,12.0,4.995,16.799,7.1551,-0.01454,-0.01748,0.02626
2024/02/14 04:52:29.00,460150.2627,5635335.7612,2944414.7281,12.0,4.9952,16.8,7.1546,0.01143,0.08532,0.016
2024/02/14 04:52:30.00,460150.1883,5635336.0171,2944414.8861,12.0,4.9954,16.8009,7.154,-0.00147,0.01517,0.00438
2024/02/14 04:52:31.00,460150.232,5635336.0467,2944415.0192,12.0,4.9957,16.8019,7.1535,0.00528,0.02396,-0.00981
2024/02/14 04:52:32.00,460150.2137,5635336.0451,2944414.8632,12.0,4.9959,16.8028,7.1529,-0.00099,-0.04412,-0.03342
2024/02/14 04:52:33.00,460150.1201,5635335.9949,2944414.7509,12.0,4.9961,16.8038,7.1524,-0.02971,-0.0426,0.01173
2024/02/14 04:52:34.00,460150.1575,5635336.1828,2944414.9147,12.0,4.9964,16.8048,7.1518,0.01251,-0.04014,-0.00218
2024/02/14 04:52:35.00,460150.0345,5635335.9598,2944414.8117,12.0,4.9966,16.8057,7.1512,0.00064,0.06066,0.00423
2024/02/14 04:52:36.00,460149.9521,5635335.5859,2944414.6894,12.0,4.9968,16.8067,7.1507,-0.01363,-0.01923,-0.03422
2024/02/14 04:52:37.00,460150.0431,5635335.9493,2944414.8465,12.0,4.9971,16.8076,7.1501,-0.02352,-0.10951,-0.04194
2024/02/14 04:52:38.00,460150.1155,5635336.0612,2944414.8789,12.0,4.9973,16.8086,7.1496,-0.00886,-0.05669,-0.01715
2024/02/14 04:52:39.00,460150.1112,5635335.7708,2944414.7345,12.0,4.9975,16.8095,7.149,0.00387,0.03263,-0.00992
2024/02/14 04:52:40.00,460150.113,5635336.0056,2944414.7576,12.0,4.9977,16.8105,7.1484,-0.01134,0.039,-0.00986
2024/02/14 04:52:41.00,460150.2428,5635336.522,2944414.9247,12.0,4.998,16.8114,7.1479,-0.01523,-0.01973,-0.03965
2024/02/14 04:52:42.00,460150.1513,5635336.0987,2944414.8343,12.0,4.9982,16.8123,7.1473,-0.00388,0.00576,-0.00183
2024/02/14 04:52:43.00,460150.0336,5635335.6883,2944414.6216,12.0,4.9984,16.8133,7.1468,-0.01468,-0.01016,-0.01825
2024/02/14 04:52:44.00,460150.0322,5635335.7784,2944414.6435,12.0,4.9987,16.8142,7.1462,0.01075,0.03685,0.03692
2024/02/14 04:52:45.00,460150.0689,5635335.9093,2944414.7474,12.0,4.9989,16.8152,7.1456,-0.01564,-0.01019,-0.02726
2024/02/14 04:52:46.00,460149.9829,5635335.6104,2944414.5725,12.0,4.9991,16.8161,7.1451,-0.02747,-0.01548,-0.01758
2024/02/14 04:52:47.00,460150.0527,5635335.8381,2944414.7633,12.0,4.9993,16.8171,7.1445,0.0047,-0.07,-0.01158
2024/02/14 04:52:48.00,460149.979,5635335.8887,2944414.8293,12.0,4.9996,16.818,7.144,-0.01922,-0.03588,-0.02706
2024/02/14 04:52:49.00,460149.9501,5635335.5523,2944414.7196,12.0,4.9998,16.8189,7.1434,0.00159,-0.0367,-0.05385
2024/02/14 04:52:50.00,460150.0034,5635335.1722,2944414.7227,12.0,5.0,16.8199,7.1428,-0.00632,0.07509,-0.00753
2024/02/14 04:52:51.00,460150.136,5635335.7365,2944414.9235,12.0,5.0003,16.8208,7.1423,-0.0223,-0.00809,-0.05952
2024/02/14 04:52:52.00,460150.1848,5635336.042,2944414.9889,12.0,5.0005,16.8218,7.1417,0.02064,0.00126,-0.00147
2024/02/14 04:52:53.00,460150.2075,5635335.9657,2944414.9674,12.0,5.0007,16.8227,7.1412,0.00422,-0.00546,-0.01472
2024/02/14 04:52:54.00,460150.2607,5635336.4307,2944415.1759,12.0,5.0009,16.8236,7.1406,-0.00265,0.02875,0.00426
2024/02/14 04:52:55.00,460150.3636,5635336.5987,2944415.2466,12.0,5.0012,16.8246,7.14,-0.03113,-0.08207,0.00841
2024/02/14 04:52:56.00,460150.2355,5635336.1763,2944415.0978,12.0,5.0014,16.8255,7.1395,-0.01079,-0.04412,-0.03728
2024/02/14 04:52:57.00,460150.2615,5635336.6775,2944415.2182,12.0,5.0016,16.8264,7.1389,-0.00488,-0.00456,-0.01249
2024/02/14 04:52:58.00,460150.3858,5635336.9661,2944415.3354,12.0,5.0019,16.8274,7.1383,0.0258,0.03691,0.0159
2024/02/14 04:52:59.00,460150.2698,5635336.5962,2944415.2923,12.0,5.0021,16.8283,7.1378,0.01374,0.00063,0.01335
2024/02/14 04:53:00.00,460150.4007,5635336.6217,2944415.342,12.0,5.0023,16.8292,7.1372,0.01224,0.05052,-0.00192
2024/02/14 04:53:01.00,460150.4352,5635336.9309,2944415.4582,12.0,5.0025,16.8302,7.1366,0.01199,0.05682,0.00838
2024/02/14 04:53:02.00,460150.2664,5635336.8151,2944415.3948,12.0,5.0028,16.8311,7.1361,0.00855,0.00214,0.00198
2024/02/14 04:53:03.00,460150.2007,5635336.7341,2944415.359,12.0,5.003,16.832,7.1355,0.01137,0.02729,0.01379
2024/02/14 04:53:04.00,460150.2879,5635337.4868,2944415.7688,12.0,5.0032,16.833,7.135,-0.00159,0.05741,-0.01756
2024/02/14 04:53:05.00,460150.271,5635337.0668,2944415.6121,12.0,5.0035,16.8339,7.1344,-0.00727,0.0112,0.00113
2024/02/14 04:53:06.00,460150.3592,5635337.0275,2944415.5259,12.0,5.0037,16.8348,7.1338,0.01995,0.0559,0.00991
2024/02/14 04:53:07.00,460150.4004,5635337.294,2944415.7004,12.0,5.0039,16.8358,7.1333,0.01483,0.09698,0.01288
2024/02/14 04:53:08.00,460150.3965,5635337.1171,2944415.6407,12.0,5.0041,16.8367,7.1327,-0.02879,-0.14259,-0.0333
2024/02/14 04:53:09.00,460150.4002,5635337.0554,2944415.6572,12.0,5.0044,16.8376,7.1321,0.0058,0.02507,-0.0137
2024/02/14 04:53:10.00,460150.3776,5635337.171,2944415.8427,12.0,5.0046,16.8385,7.1316,0.00519,0.00066,-0.00247
2024/02/14 04:53:11.00,460150.3399,5635337.2857,2944415.8041,12.0,5.0048,16.8395,7.131,0.0167,-0.01877,-0.00374
2024/02/14 04:53:12.00,460150.2367,5635337.241,2944415.6517,12.0,5.0051,16.8404,7.1304,-0.00372,0.00185,0.01657
2024/02/14 04:53:13.00,460150.2539,5635337.3975,2944415.745,12.0,5.0053,16.8413,7.1299,-0.00635,-0.05222,-0.02383
2024/02/14 04:53:14.00,460150.364,5635337.7184,2944415.7355,12.0,5.0055,16.8422,7.1293,-0.0022,-0.03401,-0.01878
2024/02/14 04:53:15.00,460150.3895,5635337.7134,2944415.7881,12.0,5.0057,16.8431,7.1287,0.01208,-0.04722,-0.02417
2024/02/14 04:53:16.00,460150.4357,5635338.0522,2944415.835,12.0,5.006,16.8441,7.1282,0.00083,0.06428,0.0235
2024/02/14 04:53:17.00,460150.5537,5635338.344,2944415.8976,12.0,5.0062,16.845,7.1276,0.00658,-0.00285,-0.02824
2024/02/14 04:53:18.00,460150.5602,5635338.3279,2944415.7032,12.0,5.0064,16.8459,7.127,-0.02858,-0.02273,-0.01591
2024/02/14 04:53:19.00,460150.5465,5635338.4548,2944415.8508,12.0,5.0067,16.8468,7.1265,-0.00835,-0.03603,-0.00598
2024/02/14 04:53:20.00,460150.6291,5635338.3876,2944415.8437,12.0,5.0069,16.8477,7.1259,0.01226,-0.01897,-0.03898
2024/02/14 04:53:21.00,460150.5482,5635338.2601,2944415.8097,12.0,5.0071,16.8486,7.1253,0.01947,-0.02602,-0.02303
2024/02/14 04:53:22.00,460150.5516,5635338.4195,2944415.9128,12.0,5.0073,16.8496,7.1248,-0.00495,0.01576,0.00218
2024/02/14 04:53:23.00,460150.6015,5635338.7112,2944415.9958,12.0,5.0076,16.8505,7.1242,-0.0014,0.02615,-0.00356
2024/02/14 04:53:24.00,460150.5501,5635338.3683,2944415.9125,12.0,5.0078,16.8514,7.1236,0.0167,0.0196,-0.03454
2024/02/14 04:53:25.00,460150.6036,5635338.639,2944415.9646,12.0,5.008,16.8523,7.123,-0.0131,-0.05715,-0.00255
2024/02/14 04:53:26.00,460150.6368,5635338.3005,2944415.7963,12.0,5.0082,16.8532,7.1225,0.00372,0.00801,0.00033
2024/02/14 04:53:27.00,460150.5278,5635337.7102,2944415.7218,12.0,5.0085,16.8541,7.1219,0.01422,-0.09783,-0.02163
2024/02/14 04:53:28.00,460150.6116,5635338.1927,2944415.9102,12.0,5.0087,16.855,7.1213,0.01268,-0.059,-0.00296
2024/02/14 04:53:29.00,460150.5634,5635337.9546,2944415.7665,12.0,5.0089,16.8559,7.1208,-0.02096,-0.04399,-0.01792
2024/02/14 04:53:30.00,460150.5102,5635337.6781,2944415.8453,12.0,5.0092,16.8569,7.1202,-0.00985,0.03941,-0.03498
2024/02/14 04:53:31.00,460150.5734,5635337.5344,2944415.7256,12.0,5.0094,16.8578,7.1196,-0.0393,-0.05853,-0.05171
2024/02/14 04:53:32.00,460150.5498,5635337.5795,2944415.6108,12.0,5.0096,16.8587,7.1191,-0.01063,-0.04094,-0.04563
2024/02/14 04:53:33.00,460150.6157,5635337.7109,2944415.7456,12.0,5.0098,16.8596,7.1185,-0.00083,0.00515,0.0153
2024/02/14 04:53:34.00,460150.6177,5635337.4855,2944415.6732,12.0,5.0101,16.8605,7.1179,0.01125,0.03758,-0.00373
2024/02/14 04:53:35.00,460150.5953,5635337.4854,2944415.5934,12.0,5.0103,16.8614,7.1173,0.03115,-0.00097,-0.00947
2024/02/14 04:53:36.00,460150.5852,5635337.5648,2944415.4754,12.0,5.0105,16.8623,7.1168,-0.01082,-0.00899,0.01448
2024/02/14 04:53:37.00,460150.453,5635337.3927,2944415.2327,12.0,5.0107,16.8632,7.1162,-0.0148,-0.04105,-0.02195
2024/02/14 04:53:38.00,460150.4476,5635337.1098,2944415.0744,12.0,5.011,16.8641,7.1156,0.01519,0.01774,0.02931
2024/02/14 04:53:39.00,460150.4673,5635337.2333,2944415.1551,12.0,5.0112,16.865,7.1151,-0.0293,-0.05218,-0.00372
2024/02/14 04:53:40.00,460150.4652,5635336.9965,2944415.0875,12.0,5.0114,16.8659,7.1145,-0.00412,-0.00294,0.005
2024/02/14 04:53:41.00,460150.3832,5635336.8625,2944414.9981,12.0,5.0116,16.8668,7.1139,-0.00209,-0.04819,0.01518
2024/02/14 04:53:42.00,460150.4079,5635337.222,2944415.1219,12.0,5.0119,16.8677,7.1133,-0.02064,0.0169,-0.01343
2024/02/14 04:53:43.00,460150.277,5635336.8009,2944414.9835,12.0,5.0121,16.8686,7.1128,-0.00858,0.01361,0.01588
2024/02/14 04:53:44.00,460150.3145,5635336.8323,2944415.0729,12.0,5.0123,16.8695,7.1122,-0.01675,0.01858,-0.02227
2024/02/14 04:53:45.00,460150.3519,5635336.8859,2944415.1008,12.0,5.0126,16.8704,7.1116,-0.0075,-0.06181,-0.00241
2024/02/14 04:53:46.00,460150.2652,5635336.5319,2944414.9733,12.0,5.0128,16.8713,7.111,0.02753,0.03676,-0.00011
2024/02/14 04:53:47.00,460150.4237,5635337.1796,2944415.0795,12.0,5.013,16.8722,7.1105,0.02055,0.06755,0.02124
2024/02/14 04:53:48.00,460150.4479,5635336.9855,2944414.9407,12.0,5.0132,16.8731,7.1099,0.01419,-0.01717,0.00858
2024/02/14 04:53:49.00,460150.3974,5635336.7311,2944414.9407,12.0,5.0135,16.874,7.1093,-0.01719,-0.07859,-0.0353
2024/02/14 04:53:50.00,460150.4877,5635337.2532,2944414.9277,12.0,5.0137,16.8749,7.1088,0.01174,-0.01118,-0.01059
2024/02/14 04:53:51.00,460150.3212,5635336.4779,2944414.6022,12.0,5.0139,16.8758,7.1082,0.0105,0.024,-0.02049
2024/02/14 04:53:52.00,460150.3658,5635336.8395,2944414.6449,12.0,5.0141,16.8766,7.1076,-0.01876,-0.00995,0.0113
2024/02/14 04:53:53.00,460150.3453,5635336.8161,2944414.6558,12.0,5.0144,16.8775,7.107,-0.01612,-0.05456,-0.01019
2024/02/14 04:53:54.00,460150.3526,5635336.9277,2944414.589,12.0,5.0146,16.8784,7.1065,-0.02088,-0.02024,-0.06194
2024/02/14 04:53:55.00,460150.4416,5635337.2157,2944414.687,12.0,5.0148,16.8793,7.1059,0.00293,0.02917,0.02916
2024/02/14 04:53:56.00,460150.352,5635336.865,2944414.5825,12.0,5.015,16.8802,7.1053,-0.00638,0.01028,-0.02459
2024/02/14 04:53:57.00,460150.3628,5635336.996,2944414.5562,12.0,5.0153,16.8811,7.1047,-0.03057,-0.02372,-0.01663
2024/02/14 04:53:58.00,460150.3721,5635337.1647,2944414.6679,12.0,5.0155,16.882,7.1042,0.02624,0.04619,0.01477
2024/02/14 04:53:59.00,460150.2146,5635336.8041,2944414.4347,12.0,5.0157,16.8829,7.1036,0.01122,0.02285,0.02222
2024/02/14 04:54:00.00,460150.4059,5635337.4783,2944414.6267,12.0,5.0159,16.8837,7.103,0.01252,-0.00388,0.00823
2024/02/14 04:54:01.00,460150.3746,5635337.1922,2944414.3693,12.0,5.0162,16.8846,7.1024,-0.04957,-0.11709,-0.02504
2024/02/14 04:54:02.00,460150.2291,5635336.7822,2944414.3007,12.0,5.0164,16.8855,7.1018,-0.03548,-0.08139,-0.0586
2024/02/14 04:54:03.00,460150.2363,5635337.0245,2944414.3812,12.0,5.0166,16.8864,7.1013,-0.03353,-0.11165,-0.02922
2024/02/14 04:54:04.00,460150.2029,5635336.9743,2944414.2366,12.0,5.0168,16.8873,7.1007,0.02693,0.06821,-0.01163
2024/02/14 04:54:05.00,460150.298,5635337.1706,2944414.4268,12.0,5.0171,16.8882,7.1001,0.02185,-0.03146,0.02582
2024/02/14 04:54:06.00,460150.1633,5635336.9486,2944414.3002,12.0,5.0173,16.889,7.0995,-0.00029,-0.04967,-0.00998
2024/02/14 04:54:07.00,460150.2897,5635337.0933,2944414.1876,12.0,5.0175,16.8899,7.099,-0.00351,0.01715,0.00767
2024/02/14 04:54:08.00,460150.3571,5635337.5869,2944414.3023,12.0,5.0177,16.8908,7.0984,-0.00234,-0.02404,-0.01547
2024/02/14 04:54:09.00,460150.2456,5635336.8725,2944414.1719,12.0,5.018,16.8917,7.0978,-0.00576,-0.05057,-0.00485
2024/02/14 04:54:10.00,460150.2944,5635337.2279,2944414.3035,12.0,5.0182,16.8925,7.0972,0.00806,-0.02965,-0.01226
2024/02/14 04:54:11.00,460150.2834,5635336.8939,2944414.1836,12.0,5.0184,16.8934,7.0966,-0.00633,-0.02916,-0.00466
2024/02/14 04:54:12.00,460150.2886,5635336.984,2944414.2808,12.0,5.0186,16.8943,7.0961,-0.00581,-0.07627,0.00181
2024/02/14 04:54:13.00,460150.3135,5635337.7365,2944414.5363,12.0,5.0189,16.8952,7.0955,-0.0257,-0.05241,-0.0185
2024/02/14 04:54:14.00,460150.1604,5635337.1939,2944414.297,12.0,5.0191,16.896,7.0949,0.01637,0.044,0.01253
2024/02/14 04:54:15.00,460150.2712,5635337.3633,2944414.4568,12.0,5.0193,16.8969,7.0943,-0.00044,0.02017,-0.03832
2024/02/14 04:54:16.00,460150.1553,5635336.8286,2944414.3446,12.0,5.0195,16.8978,7.0938,-0.02483,-0.05205,-0.0399
2024/02/14 04:54:17.00,460150.1682,5635337.045,2944414.4362,12.0,5.0198,16.8987,7.0932,0.02711,0.10196,0.03838
2024/02/14 04:54:18.00,460150.2594,5635337.5197,2944414.807,12.0,5.02,16.8995,7.0926,0.00784,0.00156,-0.00665
2024/02/14 04:54:19.00,460150.1915,5635337.0112,2944414.6987,12.0,5.0202,16.9004,7.092,0.01411,0.08769,0.00543
2024/02/14 04:54:20.00,460150.3111,5635337.6357,2944414.9149,12.0,5.0204,16.9013,7.0914,0.03333,0.02996,-0.00078
2024/02/14 04:54:21.00,460150.2839,5635337.4227,2944414.7835,12.0,5.0207,16.9021,7.0909,-0.00108,0.06514,-0.00408
2024/02/14 04:54:22.00,460150.4941,5635337.8503,2944415.1327,12.0,5.0209,16.903,7.0903,-0.00395,-0.03975,0.00058
2024/02/14 04:54:23.00,460150.4143,5635337.8614,2944415.1169,12.0,5.0211,16.9039,7.0897,-0.0208,0.00675,-0.02823
2024/02/14 04:54:24.00,460150.3885,5635337.603,2944415.0338,12.0,5.0213,16.9047,7.0891,-0.01242,-0.06815,-0.02605
2024/02/14 04:54:25.00,460150.4005,5635337.484,2944415.0036,12.0,5.0216,16.9056,7.0885,-0.00465,-0.00094,-0.00314
2024/02/14 04:54:26.00,460150.445,5635337.5156,2944414.9229,12.0,5.0218,16.9065,7.0879,0.01131,0.01034,0.00739
2024/02/14 04:54:27.00,460150.5589,5635337.9802,2944415.2554,12.0,5.022,16.9073,7.0874,0.00525,0.01518,-0.01624
2024/02/14 04:54:28.00,460150.6158,5635337.786,2944415.1258,12.0,5.0222,16.9082,7.0868,-0.00042,0.00441,-0.03798
2024/02/14 04:54:29.00,460150.6853,5635337.7251,2944415.2493,12.0,5.0224,16.909,7.0862,-0.0202,-0.05667,-0.01417
2024/02/14 04:54:30.00,460150.6488,5635337.7768,2944415.2379,12.0,5.0227,16.9099,7.0856,0.01042,-0.03775,-0.00664
2024/02/14 04:54:31.00,460150.507,5635337.5798,2944415.0983,12.0,5.0229,16.9108,7.085,0.00705,0.02269,-0.00814
2024/02/14 04:54:32.00,460150.5967,5635337.8679,2944415.2138,12.0,5.0231,16.9116,7.0845,-0.00311,0.03018,0.01495
2024/02/14 04:54:33.00,460150.5997,5635337.8414,2944415.2878,12.0,5.0233,16.9125,7.0839,-0.00421,-0.04508,-0.00894
2024/02/14 04:54:34.00,460150.7413,5635338.1352,2944415.5323,12.0,5.0236,16.9133,7.0833,-0.00576,-0.00247,0.05215
2024/02/14 04:54:35.00,460150.7609,5635338.0419,2944415.5533,12.0,5.0238,16.9142,7.0827,0.00738,0.027,-0.03315
2024/02/14 04:54:36.00,460150.8995,5635338.5093,2944415.7257,12.0,5.024,16.915,7.0821,0.0149,0.0179,-0.00703
2024/02/14 04:54:37.00,460150.8779,5635338.3329,2944415.5718,12.0,5.0242,16.9159,7.0815,-0.01044,-0.03476,-0.0097
2024/02/14 04:54:38.00,460150.8258,5635338.3533,2944415.5997,12.0,5.0245,16.9168,7.081,0.02294,0.00701,-0.01047
2024/02/14 04:54:39.00,460150.8749,5635338.4724,2944415.7895,12.0,5.0247,16.9176,7.0804,-0.01468,0.00259,-0.00447
2024/02/14 04:54:40.00,460150.8007,5635338.2029,2944415.6896,12.0,5.0249,16.9185,7.0798,0.00664,-0.0156,-0.02553
2024/02/14 04:54:41.00,460150.9078,5635338.6024,2944415.8747,12.0,5.0251,16.9193,7.0792,0.00594,0.00313,-0.01379
2024/02/14 04:54:42.00,460150.8423,5635338.4885,2944415.825,12.0,5.0254,16.9202,7.0786,-0.00657,-0.01894,-0.01057
2024/02/14 04:54:43.00,460150.9387,5635338.9345,2944415.9092,12.0,5.0256,16.921,7.078,-0.02155,-0.07395,-0.01913
2024/02/14 04:54:44.00,460150.8946,5635338.8815,2944415.8949,12.0,5.0258,16.9219,7.0774,-0.00442,0.01706,-0.01544
2024/02/14 04:54:45.00,460150.8891,5635339.0703,2944415.9323,12.0,5.026,16.9227,7.0769,0.03103,0.07142,0.04014
2024/02/14 04:54:46.00,460150.7947,5635338.8461,2944415.9096,12.0,5.0262,16.9236,7.0763,0.01922,0.03366,-0.00291
2024/02/14 04:54:47.00,460150.7437,5635338.6285,2944415.8345,12.0,5.0265,16.9244,7.0757,-0.00051,0.04771,-0.01914
2024/02/14 04:54:48.00,460150.7957,5635338.6085,2944415.9226,12.0,5.0267,16.9252,7.0751,-0.00701,-0.02414,0.00939
2024/02/14 04:54:49.00,460150.7325,5635338.6125,2944415.7833,12.0,5.0269,16.9261,7.0745,0.01346,0.05485,0.02238
2024/02/14 04:54:50.00,460150.7431,5635338.8188,2944415.8484,12.0,5.0271,16.9269,7.0739,0.00206,0.04972,-0.00919
2024/02/14 04:54:51.00,460150.6795,5635338.3921,2944415.741,12.0,5.0274,16.9278,7.0733,0.00672,-0.04721,-0.01037
2024/02/14 04:54:52.00,460150.7894,5635338.818,2944415.981,12.0,5.0276,16.9286,7.0728,0.02651,0.02463,0.00068
2024/02/14 04:54:53.00,460150.7329,5635338.3598,2944415.7762,12.0,5.0278,16.9295,7.0722,-0.01191,-0.00715,0.00042
2024/02/14 04:54:54.00,460150.8146,5635338.911,2944416.0323,12.0,5.028,16.9303,7.0716,-0.02528,-0.0756,-0.02258
2024/02/14 04:54:55.00,460150.6954,5635338.4408,2944415.9138,12.0,5.0282,16.9311,7.071,0.0262,0.03607,-0.00272
2024/02/14 04:54:56.00,460150.7953,5635338.6615,2944416.0126,12.0,5.0285,16.932,7.0704,0.01892,0.04887,0.01519
2024/02/14 04:54:57.00,460150.7795,5635338.6283,2944416.0198,12.0,5.0287,16.9328,7.0698,0.0253,0.01057,0.00828
2024/02/14 04:54:58.00,460150.7821,5635338.8361,2944416.0075,12.0,5.0289,16.9337,7.0692,0.02051,0.0245,0.00773
2024/02/14 04:54:59.00,460150.8334,5635338.9388,2944416.0875,12.0,5.0291,16.9345,7.0687,-0.00047,-0.07594,-0.0075
2024/02/14 04:55:00.00,460150.9141,5635338.8513,2944416.1735,12.0,5.0294,16.9353,7.0681,-0.00127,-0.05154,-0.01388
2024/02/14 04:55:01.00,460150.9423,5635339.1589,2944416.2628,12.0,5.0296,16.9362,7.0675,-0.01448,-0.04618,-0.01647
2024/02/14 04:55:02.00,460150.8801,5635338.8114,2944416.1284,12.0,5.0298,16.937,7.0669,-0.01569,-0.0018,-0.01841
2024/02/14 04:55:03.00,460150.7948,5635338.7478,2944415.9884,12.0,5.03,16.9378,7.0663,0.02448,0.03994,0.01599
2024/02/14 04:55:04.00,460150.8174,5635338.2493,2944415.8645,12.0,5.0302,16.9387,7.0657,-0.01509,-0.03262,-0.03257
2024/02/14 04:55:05.00,460150.7352,5635338.5538,2944415.8885,12.0,5.0305,16.9395,7.0651,-0.00353,-0.02932,-0.00148
2024/02/14 04:55:06.00,460150.5876,5635337.7393,2944415.7173,12.0,5.0307,16.9403,7.0645,-0.01403,-0.05906,-0.01688
2024/02/14 04:55:07.00,460150.6842,5635338.0324,2944415.7394,12.0,5.0309,16.9412,7.0639,-0.00219,-0.0177,0.00407
2024/02/14 04:55:08.00,460150.5107,5635337.8659,2944415.6681,12.0,5.0311,16.942,7.0634,-0.01583,-0.06687,-0.03927
2024/02/14 04:55:09.00,460150.6043,5635338.3176,2944415.768,12.0,5.0314,16.9428,7.0628,0.0132,0.00328,0.00061
2024/02/14 04:55:10.00,460150.4301,5635337.6665,2944415.6207,12.0,5.0316,16.9436,7.0622,-0.00092,0.02704,0.0414
2024/02/14 04:55:11.00,460150.5388,5635337.8975,2944415.8051,12.0,5.0318,16.9445,7.0616,-0.00127,0.01584,0.01057
2024/02/14 04:55:12.00,460150.4756,5635337.6842,2944415.6868,12.0,5.032,16.9453,7.061,-0.02609,-0.10266,-0.03321
2024/02/14 04:55:13.00,460150.5177,5635337.9178,2944415.825,12.0,5.0322,16.9461,7.0604,-0.00313,-0.02497,-0.0186
2024/02/14 04:55:14.00,460150.4607,5635337.7745,2944415.7368,12.0,5.0325,16.9469,7.0598,0.02397,-0.05297,-0.01078
2024/02/14 04:55:15.00,460150.5361,5635337.8061,2944415.7956,12.0,5.0327,16.9478,7.0592,-0.00668,0.04912,-0.01667
2024/02/14 04:55:16.00,460150.5175,5635337.837,2944415.7898,12.0,5.0329,16.9486,7.0586,-0.05645,-0.0586,0.0649
2024/02/14 04:55:17.00,460150.4764,5635338.2089,2944416.1921,12.0,5.0331,16.9494,7.058,-0.30283,-0.30401,0.3041
2024/02/14 04:55:18.00,460149.9285,5635337.711,2944416.7925,12.0,5.0333,16.9502,7.0575,-0.60227,-0.41443,0.77337
2024/02/14 04:55:19.00,460149.0437,5635336.8013,2944417.4857,12.0,5.0336,16.951,7.0569,-0.55175,-0.34563,0.67931
2024/02/14 04:55:20.00,460148.3759,5635336.5504,2944418.1586,12.0,5.0338,16.9519,7.0563,-0.60377,-0.35608,0.75237
2024/02/14 04:55:21.00,460147.8471,5635336.4059,2944418.9774,12.0,5.034,16.9527,7.0557,-0.55896,-0.34793,0.73372
2024/02/14 04:55:22.00,460147.1421,5635336.0757,2944419.7441,12.0,5.0342,16.9535,7.0551,-0.76595,-0.44198,0.78311
2024/02/14 04:55:23.00,460146.4442,5635335.857,2944420.7047,12.0,5.0344,16.9543,7.0545,-0.73358,-0.51903,0.92009
2024/02/14 04:55:24.00,460145.5737,5635334.8526,2944421.4605,12.0,5.0347,16.9551,7.0539,-0.76062,-0.30446,0.99552
2024/02/14 04:55:25.00,460144.7931,5635334.4669,2944422.4633,12.0,5.0349,16.9559,7.0533,-0.88474,-0.54976,1.13475
2024/02/14 04:55:26.00,460143.7465,5635333.6705,2944423.5574,12.0,5.0351,16.9568,7.0527,-1.03962,-0.56228,1.19879
2024/02/14 04:55:27.00,460142.6543,5635333.3304,2944424.975,12.0,5.0353,16.9576,7.0521,-1.1473,-0.77752,1.20042
2024/02/14 04:55:28.00,460141.5125,5635332.4191,2944426.0503,12.0,5.0356,16.9584,7.0515,-1.18411,-0.63394,1.32428
2024/02/14 04:55:29.00,460140.4264,5635332.1944,2944427.5307,12.0,5.0358,16.9592,7.0509,-1.03757,-0.70933,1.29178
2024/02/14 04:55:30.00,460139.1252,5635331.2151,2944428.7533,12.0,5.036,16.96,7.0503,-1.23775,-0.65832,1.33561
2024/02/14 04:55:31.00,460137.9431,5635330.7555,2944430.2197,12.0,5.0362,16.9608,7.0498,-1.34144,-0.60533,1.44489
2024/02/14 04:55:32.00,460136.5556,5635329.6977,2944431.8242,12.0,5.0364,16.9616,7.0492,-1.46657,-0.69428,1.77723
2024/02/14 04:55:33.00,460135.0847,5635329.1924,2944433.7504,12.0,5.0367,16.9624,7.0486,-1.66021,-0.6864,1.812
2024/02/14 04:55:34.00,460133.3573,5635328.027,2944435.3987,12.0,5.0369,16.9632,7.048,-1.64461,-0.86654,1.92326
2024/02/14 04:55:35.00,460131.5237,5635327.3122,2944437.5555,12.0,5.0371,16.964,7.0474,-1.89825,-1.08956,2.07142
2024/02/14 04:55:36.00,460129.4722,5635326.0116,2944439.5766,12.0,5.0373,16.9648,7.0468,-1.91754,-1.00031,2.21158
2024/02/14 04:55:37.00,460127.5172,5635325.3966,2944441.8628,12.0,5.0375,16.9657,7.0462,-1.96111,-0.98113,2.12299
2024/02/14 04:55:38.00,460125.393,5635324.1871,2944444.0247,12.0,5.0378,16.9665,7.0456,-2.28967,-1.33715,2.46893
2024/02/14 04:55:39.00,460122.9059,5635322.8274,2944446.8203,12.0,5.038,16.9673,7.045,-2.68958,-1.30891,2.9387
2024/02/14 04:55:40.00,460120.0609,5635321.2883,2944449.7231,12.0,5.0382,16.9681,7.0444,-3.01486,-1.31494,3.21931
2024/02/14 04:55:41.00,460117.0127,5635320.1292,2944453.1763,12.0,5.0384,16.9689,7.0438,-3.42909,-1.58587,3.38161
2024/02/14 04:55:42.00,460113.5457,5635318.6485,2944456.6516,12.0,5.0386,16.9697,7.0432,-3.77034,-1.94917,3.67449
2024/02/14 04:55:43.00,460109.6703,5635317.1698,2944460.6572,12.0,5.0389,16.9705,7.0426,-4.24901,-1.79765,4.08433
2024/02/14 04:55:44.00,460105.1848,5635314.8938,2944464.9419,12.0,5.0391,16.9713,7.042,-4.49004,-2.05079,4.23492
2024/02/14 04:55:45.00,460100.6785,5635312.9158,2944469.2905,12.0,5.0393,16.9721,7.0414,-4.52107,-1.90137,4.31246
2024/02/14 04:55:46.00,460096.0535,5635310.9019,2944473.6842,12.0,5.0395,16.9729,7.0408,-4.78381,-2.14153,4.47493
2024/02/14 04:55:47.00,460091.0768,5635308.6773,2944478.316,12.0,5.0397,16.9737,7.0402,-5.10635,-1.98187,4.80829
2024/02/14 04:55:48.00,460085.7537,5635306.78,2944483.3521,12.0,5.04,16.9745,7.0396,-5.54053,-2.12118,4.93118
2024/02/14 04:55:49.00,460080.0705,5635304.3908,2944488.1713,12.0,5.0402,16.9753,7.039,-5.63545,-2.12942,4.6315
2024/02/14 04:55:50.00,460074.4713,5635302.8085,2944492.8997,12.0,5.0404,16.976,7.0384,-5.61695,-2.11999,4.42383
2024/02/14 04:55:51.00,460068.9113,5635300.71,2944497.0133,12.0,5.0406,16.9768,7.0378,-5.44616,-1.72728,4.13704
2024/02/14 04:55:52.00,460063.5301,5635298.7594,2944501.0701,12.0,5.0408,16.9776,7.0372,-5.36074,-1.71275,4.0444
2024/02/14 04:55:53.00,460058.072,5635296.8881,2944504.9957,12.0,5.0411,16.9784,7.0366,-5.35309,-1.45707,3.95015
2024/02/14 04:55:54.00,460052.7083,5635295.1767,2944508.7674,12.0,5.0413,16.9792,7.036,-5.33107,-1.65471,3.75569
2024/02/14 04:55:55.00,460047.3131,5635293.5858,2944512.5449,12.0,5.0415,16.98,7.0354,-5.47352,-1.63517,3.87491
2024/02/14 04:55:56.00,460041.6696,5635291.4941,2944516.4197,12.0,5.0417,16.9808,7.0348,-5.66517,-1.62442,3.9325
2024/02/14 04:55:57.00,460035.8992,5635290.1305,2944520.4655,12.0,5.0419,16.9816,7.0342,-5.90616,-1.65751,3.85056
2024/02/14 04:55:58.00,460029.806,5635288.335,2944524.2578,12.0,5.0422,16.9824,7.0336,-6.07004,-1.62767,3.91216
2024/02/14 04:55:59.00,460023.5347,5635286.8743,2944528.2691,12.0,5.0424,16.9832,7.033,-6.41347,-1.81061,4.08639
2024/02/14 04:56:00.00,460016.893,5635285.4257,2944532.4621,12.0,5.0426,16.9839,7.0324,-6.80479,-1.61973,4.05238
2024/02/14 04:56:01.00,460009.8936,5635283.6229,2944536.3484,12.0,5.0428,16.9847,7.0318,-7.12623,-1.52265,4.10189
2024/02/14 04:56:02.00,460002.6297,5635282.0119,2944540.4754,12.0,5.043,16.9855,7.0312,-7.40897,-1.60274,4.1443
2024/02/14 04:56:03.00,459994.9993,5635279.943,2944544.4911,12.0,5.0433,16.9863,7.0306,-7.82047,-1.7139,4.08185
2024/02/14 04:56:04.00,459987.1522,5635278.51,2944548.7797,12.0,5.0435,16.9871,7.03,-7.95717,-1.48304,4.07611
2024/02/14 04:56:05.00,459978.97,5635276.8707,2944552.876,12.0,5.0437,16.9879,7.0294,-8.22557,-1.64692,4.104
2024/02/14 04:56:06.00,459970.7862,5635275.7157,2944557.2499,12.0,5.0439,16.9886,7.0288,-8.33259,-1.76558,4.26474
2024/02/14 04:56:07.00,459962.3351,5635274.2347,2944561.6381,12.0,5.0441,16.9894,7.0282,-8.50985,-1.90378,4.38967
2024/02/14 04:56:08.00,459953.8463,5635272.6342,2944566.0835,12.0,5.0444,16.9902,7.0276,-8.60543,-1.87785,4.48337
2024/02/14 04:56:09.00,459945.1741,5635270.7781,2944570.5993,12.0,5.0446,16.991,7.027,-8.68975,-1.84271,4.56784
2024/02/14 04:56:10.00,459936.2934,5635268.5999,2944575.0309,12.0,5.0448,16.9918,7.0264,-8.85881,-1.63694,4.56318
2024/02/14 04:56:11.00,459927.3996,5635267.1006,2944579.6295,12.0,5.045,16.9925,7.0258,-9.10561,-1.86415,4.55862
2024/02/14 04:56:12.00,459918.1904,5635264.8888,2944583.9389,12.0,5.0452,16.9933,7.0252,-9.1458,-1.80469,4.50754
2024/02/14 04:56:13.00,459909.0933,5635263.4639,2944588.5957,12.0,5.0455,16.9941,7.0246,-9.26195,-1.98674,4.73957
2024/02/14 04:56:14.00,459899.9386,5635261.6468,2944593.5026,12.0,5.0457,16.9949,7.024,-9.14213,-1.84864,5.01833
2024/02/14 04:56:15.00,459890.5892,5635259.106,2944598.3061,12.0,5.0459,16.9956,7.0234,-9.30226,-1.83312,4.9636
2024/02/14 04:56:16.00,459881.1912,5635257.094,2944603.2508,12.0,5.0461,16.9964,7.0228,-9.48109,-2.09801,4.91274
2024/02/14 04:56:17.00,459871.5455,5635255.1597,2944608.1222,12.0,5.0463,16.9972,7.0222,-9.63269,-1.98712,4.84575
2024/02/14 04:56:18.00,459861.9035,5635253.5494,2944613.026,12.0,5.0466,16.9979,7.0216,-9.65838,-1.89169,4.88866
2024/02/14 04:56:19.00,459852.1238,5635251.7179,2944617.8931,12.0,5.0468,16.9987,7.021,-9.796,-1.75233,4.88507
2024/02/14 04:56:20.00,459842.2843,5635249.7182,2944622.7865,12.0,5.047,16.9995,7.0204,-9.89404,-1.92325,4.95019
2024/02/14 04:56:21.00,459832.4135,5635247.9977,2944627.842,12.0,5.0472,17.0003,7.0198,-9.83703,-1.95381,4.93181
2024/02/14 04:56:22.00,459822.5761,5635245.8139,2944632.7353,12.0,5.0474,17.001,7.0192,-9.60802,-1.98376,4.901
2024/02/14 04:56:23.00,459813.0412,5635243.9189,2944637.6009,12.0,5.0477,17.0018,7.0186,-9.40978,-1.89051,4.9558
2024/02/14 04:56:24.00,459803.501,5635241.9139,2944642.5272,12.0,5.0479,17.0026,7.018,-9.4712,-1.88891,5.063
2024/02/14 04:56:25.00,459794.0385,5635239.873,2944647.4405,12.0,5.0481,17.0033,7.0174,-9.65333,-2.15705,5.07417
2024/02/14 04:56:26.00,459784.5016,5635238.1286,2944652.6513,12.0,5.0483,17.0041,7.0168,-9.70192,-1.8452,5.10208
2024/02/14 04:56:27.00,459774.7995,5635235.9833,2944657.7947,12.0,5.0485,17.0048,7.0162,-9.74554,-1.84353,5.14353
2024/02/14 04:56:28.00,459765.0556,5635234.2318,2944662.9933,12.0,5.0488,17.0056,7.0156,-9.84376,-1.85973,5.10175
2024/02/14 04:56:29.00,459755.2243,5635232.3131,2944668.1797,12.0,5.049,17.0064,7.015,-9.71202,-1.7926,5.1154
2024/02/14 04:56:30.00,459745.4163,5635230.1872,2944673.1354,12.0,5.0492,17.0071,7.0144,-9.72524,-1.88498,4.94473
2024/02/14 04:56:31.00,459735.7536,5635228.5997,2944678.1138,12.0,5.0494,17.0079,7.0138,-9.57883,-1.87884,4.81076
2024/02/14 04:56:32.00,459726.3231,5635226.8999,2944682.9301,12.0,5.0496,17.0086,7.0132,-9.27981,-1.66587,4.84676
2024/02/14 04:56:33.00,459716.9849,5635225.2175,2944687.7859,12.0,5.0498,17.0094,7.0126,-9.43634,-1.94497,4.84906
2024/02/14 04:56:34.00,459707.6855,5635223.7504,2944692.7614,12.0,5.0501,17.0102,7.012,-9.4232,-1.86646,4.86437
2024/02/14 04:56:35.00,459698.2388,5635221.5111,2944697.6026,12.0,5.0503,17.0109,7.0114,-9.34774,-1.944,4.89565
2024/02/14 04:56:36.00,459689.0498,5635219.838,2944702.7375,12.0,5.0505,17.0117,7.0108,-9.2281,-1.7222,4.90696
2024/02/14 04:56:37.00,459679.8183,5635218.3053,2944707.6258,12.0,5.0507,17.0124,7.0102,-9.23581,-1.97347,4.78769
2024/02/14 04:56:38.00,459670.504,5635215.7793,2944712.462,12.0,5.0509,17.0132,7.0095,-9.30271,-1.85727,4.80534
2024/02/14 04:56:39.00,459661.1756,5635214.221,2944717.1092,12.0,5.0512,17.0139,7.0089,-9.14363,-1.70851,4.74738
2024/02/14 04:56:40.00,459652.0707,5635212.2782,2944721.709,12.0,5.0514,17.0147,7.0083,-9.06208,-1.81853,4.65312
2024/02/14 04:56:41.00,459643.192,5635210.8941,2944726.3781,12.0,5.0516,17.0154,7.0077,-8.77849,-1.55887,4.56986
2024/02/14 04:56:42.00,459634.4885,5635209.22,2944730.9744,12.0,5.0518,17.0162,7.0071,-8.65249,-1.73308,4.34757
2024/02/14 04:56:43.00,459626.0098,5635207.6414,2944735.2738,12.0,5.052,17.0169,7.0065,-8.31696,-1.65126,4.33643
2024/02/14 04:56:44.00,459617.7668,5635206.2024,2944739.6387,12.0,5.0522,17.0177,7.0059,-8.17024,-1.70515,4.1553
2024/02/14 04:56:45.00,459609.6277,5635204.2996,2944743.6651,12.0,5.0525,17.0184,7.0053,-7.92813,-1.48503,4.10877
2024/02/14 04:56:46.00,459601.7625,5635202.8158,2944747.7967,12.0,5.0527,17.0192,7.0047,-7.80065,-1.64733,4.02727
2024/02/14 04:56:47.00,459594.1338,5635201.817,2944751.8384,12.0,5.0529,17.0199,7.0041,-7.49915,-1.40042,4.04868
2024/02/14 04:56:48.00,459586.7595,5635200.2872,2944755.7083,12.0,5.0531,17.0207,7.0035,-7.09643,-1.3753,3.67242
2024/02/14 04:56:49.00,459580.1984,5635198.697,2944759.08,12.0,5.0533,17.0214,7.0029,-5.97044,-1.2009,3.27479
2024/02/14 04:56:50.00,459574.5885,5635197.4797,2944762.2031,12.0,5.0535,17.0221,7.0023,-5.40365,-1.04863,2.85627
2024/02/14 04:56:51.00,459569.3904,5635196.3684,2944764.8598,12.0,5.0538,17.0229,7.0017,-4.88163,-0.93127,2.41567
2024/02/14 04:56:52.00,459564.699,5635196.0623,2944767.1908,12.0,5.054,17.0236,7.0011,-4.8149,-0.83477,2.19263
2024/02/14 04:56:53.00,459560.3869,5635195.5824,2944769.1254,12.0,5.0542,17.0244,7.0004,-3.79402,-0.56045,1.46727
2024/02/14 04:56:54.00,459557.1751,5635194.975,2944770.2724,12.0,5.0544,17.0251,6.9998,-2.40093,-0.00568,0.83429
2024/02/14 04:56:55.00,459555.3242,5635194.7746,2944770.901,12.0,5.0546,17.0258,6.9992,-1.63085,-0.1073,0.37312
2024/02/14 04:56:56.00,459553.8682,5635194.3666,2944771.1768,12.0,5.0548,17.0266,6.9986,-1.20377,0.05348,0.31272
2024/02/14 04:56:57.00,459552.9232,5635194.2733,2944771.446,12.0,5.0551,17.0273,6.998,-0.95395,-0.21651,0.17761
2024/02/14 04:56:58.00,459551.8629,5635194.263,2944771.8642,12.0,5.0553,17.028,6.9974,-1.47763,0.08869,0.32305
2024/02/14 04:56:59.00,459550.0437,5635194.043,2944772.0416,12.0,5.0555,17.0288,6.9968,-1.91466,0.07845,0.31514
2024/02/14 04:57:00.00,459547.9181,5635194.387,2944772.4432,12.0,5.0557,17.0295,6.9962,-2.23489,-0.01392,0.5871
2024/02/14 04:57:01.00,459545.4373,5635193.8662,2944772.8375,12.0,5.0559,17.0302,6.9956,-2.52419,0.19188,0.54827
2024/02/14 04:57:02.00,459542.6143,5635193.8936,2944773.0933,12.0,5.0561,17.031,6.995,-2.97357,0.06484,0.4385
2024/02/14 04:57:03.00,459539.4379,5635194.2667,2944774.0595,12.0,5.0563,17.0317,6.9944,-3.53226,-0.15545,1.19104
2024/02/14 04:57:04.00,459535.8773,5635194.1292,2944775.5212,12.0,5.0566,17.0324,6.9938,-3.65117,-0.37897,1.63367
2024/02/14 04:57:05.00,459532.1977,5635193.6123,2944777.1512,12.0,5.0568,17.0332,6.9931,-3.68012,-0.65302,1.49697
2024/02/14 04:57:06.00,459528.6879,5635193.0773,2944778.6929,12.0,5.057,17.0339,6.9925,-3.36687,-0.49562,1.59167
2024/02/14 04:57:07.00,459525.0191,5635192.2792,2944780.3504,12.0,5.0572,17.0346,6.9919,-3.87998,-0.50726,1.85591
2024/02/14 04:57:08.00,459520.8991,5635191.4051,2944782.4221,12.0,5.0574,17.0353,6.9913,-4.33479,-0.84542,2.17997
2024/02/14 04:57:09.00,459516.2374,5635190.1148,2944784.6195,12.0,5.0576,17.0361,6.9907,-4.94845,-0.95985,2.52249
2024/02/14 04:57:10.00,459510.9477,5635189.0627,2944787.4326,12.0,5.0579,17.0368,6.9901,-5.60834,-1.1649,2.96197
2024/02/14 04:57:11.00,459505.1869,5635188.0901,2944790.7493,12.0,5.0581,17.0375,6.9895,-5.95225,-1.336,3.20547
2024/02/14 04:57:12.00,459499.1179,5635186.6181,2944793.9519,12.0,5.0583,17.0382,6.9889,-6.09742,-1.30601,3.2741
2024/02/14 04:57:13.00,459493.1011,5635185.3789,2944797.3135,12.0,5.0585,17.0389,6.9883,-6.04426,-1.27757,3.29575
2024/02/14 04:57:14.00,459487.0546,5635184.4067,2944800.6652,12.0,5.0587,17.0397,6.9877,-6.15899,-1.29569,3.33422
2024/02/14 04:57:15.00,459480.5939,5635182.8479,2944804.1361,12.0,5.0589,17.0404,6.987,-6.50163,-1.1985,3.47303
2024/02/14 04:57:16.00,459473.9905,5635181.6521,2944807.549,12.0,5.0591,17.0411,6.9864,-6.83476,-1.38641,3.57159
2024/02/14 04:57:17.00,459467.0623,5635180.2586,2944811.0862,12.0,5.0594,17.0418,6.9858,-7.03763,-1.36319,3.81702
2024/02/14 04:57:18.00,459460.0654,5635178.9856,2944814.9827,10.0,5.8698,17.4635,7.4016,-7.08916,-3.36875,4.5966
2024/02/14 04:57:19.00,459452.1903,5635176.5137,2944819.9925,12.0,5.0598,17.0433,6.9846,-7.79812,-1.489,4.22919
2024/02/14 04:57:20.00,459443.5375,5635175.6695,2944823.3569,12.0,5.06,17.044,6.984,-8.35985,-1.72985,4.47308
2024/02/14 04:57:21.00,459435.3696,5635172.7317,2944828.2049,12.0,5.0602,17.0447,6.9834,-8.85638,-1.65928,4.6092
2024/02/14 04:57:22.00,459426.4401,5635173.6548,2944832.3274,12.0,5.0604,17.0454,6.9828,-9.38024,-1.75432,4.9571
2024/02/14 04:57:23.00,459416.7343,5635171.7574,2944837.7589,12.0,5.0607,17.0461,6.9822,-9.5436,-1.80251,5.07649
2024/02/14 04:57:24.00,459407.7783,5635169.8045,2944843.2219,12.0,5.0609,17.0468,6.9815,-9.42422,-1.80662,5.03803
2024/02/14 04:57:25.00,459398.259,5635167.8004,2944848.433,12.0,5.0611,17.0475,6.9809,-9.62642,-1.94356,5.17292
2024/02/14 04:57:26.00,459388.5309,5635165.5734,2944853.5047,12.0,5.0613,17.0483,6.9803,-9.63253,-2.00944,5.43782
2024/02/14 04:57:27.00,459378.7624,5635163.1097,2944858.9353,12.0,5.0615,17.049,6.9797,-9.71373,-2.20648,5.71586
2024/02/14 04:57:28.00,459369.2006,5635160.6109,2944864.7959,12.0,5.0617,17.0497,6.9791,-9.58582,-2.40087,5.99398
2024/02/14 04:57:29.00,459359.6919,5635158.1707,2944871.0525,12.0,5.0619,17.0504,6.9785,-9.47365,-2.49979,6.25346
2024/02/14 04:57:30.00,459350.2552,5635155.8062,2944877.3297,12.0,5.0622,17.0511,6.9779,-9.37755,-2.52255,6.43606
2024/02/14 04:57:31.00,459340.8629,5635152.8266,2944883.6245,12.0,5.0624,17.0518,6.9772,-9.29811,-2.8216,6.28718
2024/02/14 04:57:32.00,459331.8143,5635150.5786,2944889.9601,12.0,5.0626,17.0525,6.9766,-9.07387,-2.63936,6.43226
2024/02/14 04:57:33.00,459322.8173,5635148.1895,2944896.3817,12.0,5.0628,17.0532,6.976,-8.82893,-2.73601,6.51322
2024/02/14 04:57:34.00,459314.1068,5635145.1605,2944902.9728,12.0,5.063,17.0539,6.9754,-8.61029,-2.79931,6.68322
2024/02/14 04:57:35.00,459305.461,5635142.192,2944909.6347,12.0,5.0632,17.0546,6.9748,-8.49687,-3.01902,6.79516
2024/02/14 04:57:36.00,459297.1736,5635139.675,2944916.6864,12.0,5.0634,17.0553,6.9742,-8.26147,-2.73001,6.97069
2024/02/14 04:57:37.00,459288.9231,5635136.3756,2944923.6613,12.0,5.0637,17.056,6.9736,-8.13316,-2.8465,7.06953
2024/02/14 04:57:38.00,459280.712,5635133.0384,2944930.8641,12.0,5.0639,17.0567,6.9729,-8.0416,-3.11419,7.29955
2024/02/14 04:57:39.00,459272.663,5635129.8252,2944938.1887,12.0,5.0641,17.0574,6.9723,-8.06198,-3.36023,7.51371
2024/02/14 04:57:40.00,459264.7685,5635126.4895,2944945.8584,12.0,5.0643,17.0581,6.9717,-8.08115,-3.52308,7.62713
2024/02/14 04:57:41.00,459256.5074,5635122.6576,2944953.5073,12.0,5.0645,17.0588,6.9711,-8.07081,-3.40711,7.72782
2024/02/14 04:57:42.00,459248.4626,5635119.1062,2944961.1545,12.0,5.0647,17.0595,6.9705,-8.03624,-3.48394,7.64435
2024/02/14 04:57:43.00,459240.5468,5635116.0464,2944968.8185,12.0,5.0649,17.0602,6.9699,-7.89574,-3.42168,7.69634
2024/02/14 04:57:44.00,459232.6283,5635112.6808,2944976.4605,12.0,5.0652,17.0609,6.9692,-7.84263,-3.27624,7.65724
2024/02/14 04:57:45.00,459224.6751,5635108.9683,2944984.0597,12.0,5.0654,17.0616,6.9686,-7.8822,-3.46033,7.70761
2024/02/14 04:57:46.00,459216.8984,5635105.831,2944991.823,12.0,5.0656,17.0623,6.968,-8.0104,-3.59412,7.77123
2024/02/14 04:57:47.00,459209.0385,5635102.5405,2944999.8096,12.0,5.0658,17.063,6.9674,-8.003,-3.40268,7.77581
2024/02/14 04:57:48.00,459201.0718,5635099.0885,2945007.4914,12.0,5.066,17.0637,6.9668,-7.85811,-3.38704,7.59178
2024/02/14 04:57:49.00,459193.2465,5635095.5888,2945015.0152,12.0,5.0662,17.0644,6.9662,-7.63181,-3.25776,7.49156
2024/02/14 04:57:50.00,459185.6392,5635092.6448,2945022.5362,12.0,5.0664,17.0651,6.9655,-7.58221,-3.2714,7.30036
2024/02/14 04:57:51.00,459178.3012,5635089.2675,2945029.7733,12.0,5.0666,17.0657,6.9649,-7.32849,-3.16,7.3114
2024/02/14 04:57:52.00,459170.9752,5635086.158,2945037.0224,12.0,5.0669,17.0664,6.9643,-7.33533,-3.27075,7.16204
2024/02/14 04:57:53.00,459163.6909,5635083.0341,2945044.1468,12.0,5.0671,17.0671,6.9637,-7.27396,-3.25169,7.0406
2024/02/14 04:57:54.00,459156.5446,5635080.1145,2945051.2812,12.0,5.0673,17.0678,6.9631,-7.11041,-3.01147,6.98665
2024/02/14 04:57:55.00,459149.3849,5635076.9601,2945058.1205,12.0,5.0675,17.0685,6.9625,-7.04309,-3.09865,6.75879
2024/02/14 04:57:56.00,459142.5246,5635074.122,2945064.9453,12.0,5.0677,17.0692,6.9618,-6.83541,-2.98234,6.67302
2024/02/14 04:57:57.00,459135.7994,5635071.0365,2945071.6377,12.0,5.0679,17.0699,6.9612,-6.58682,-2.87236,6.42759
2024/02/14 04:57:58.00,459129.2472,5635068.1872,2945077.9403,12.0,5.0681,17.0705,6.9606,-6.38713,-2.7966,6.30807
2024/02/14 04:57:59.00,459122.9333,5635065.2397,2945084.1397,12.0,5.0683,17.0712,6.96,-6.32207,-2.82478,6.14785
2024/02/14 04:58:00.00,459116.6235,5635062.2271,2945090.2699,12.0,5.0686,17.0719,6.9594,-6.27551,-2.66829,6.05234
2024/02/14 04:58:01.00,459110.3596,5635059.7825,2945096.2472,12.0,5.0688,17.0726,6.9587,-6.15973,-2.57272,5.95729
2024/02/14 04:58:02.00,459104.2931,5635057.3738,2945102.2878,12.0,5.069,17.0733,6.9581,-6.1146,-2.51714,5.93542
2024/02/14 04:58:03.00,459098.0541,5635054.795,2945108.2469,12.0,5.0692,17.0739,6.9575,-6.1906,-2.61588,5.94668
2024/02/14 04:58:04.00,459091.8448,5635051.9524,2945114.2096,12.0,5.0694,17.0746,6.9569,-6.19987,-2.6899,5.98657
2024/02/14 04:58:05.00,459085.6682,5635049.4572,2945120.2689,12.0,5.0696,17.0753,6.9563,-6.16999,-2.62136,6.03182
2024/02/14 04:58:06.00,459079.4761,5635046.6883,2945126.2121,12.0,5.0698,17.076,6.9557,-6.15842,-2.32154,6.1195
2024/02/14 04:58:07.00,459073.4091,5635044.6993,2945132.4216,12.0,5.07,17.0766,6.955,-6.12741,-2.45616,6.10324
2024/02/14 04:58:08.00,459067.3836,5635042.1674,2945138.4717,12.0,5.0703,17.0773,6.9544,-6.01796,-2.33518,6.1056
2024/02/14 04:58:09.00,459061.3071,5635039.4914,2945144.4484,12.0,5.0705,17.078,6.9538,-5.99881,-2.53949,6.02461
2024/02/14 04:58:10.00,459055.35,5635036.9382,2945150.5193,12.0,5.0707,17.0787,6.9532,-5.72652,-2.34735,6.01695
2024/02/14 04:58:11.00,459049.6901,5635034.7495,2945156.6502,12.0,5.0709,17.0793,6.9526,-5.65394,-2.15066,6.00424
2024/02/14 04:58:12.00,459043.9922,5635032.2206,2945162.3417,12.0,5.0711,17.08,6.9519,-5.43596,-2.10154,5.69027
2024/02/14 04:58:13.00,459038.6196,5635030.1279,2945167.8404,12.0,5.0713,17.0807,6.9513,-5.40383,-2.11322,5.41012
2024/02/14 04:58:14.00,459033.2295,5635028.0196,2945173.1705,12.0,5.0715,17.0813,6.9507,-5.47441,-1.98297,5.45392
2024/02/14 04:58:15.00,459027.6764,5635025.843,2945178.7341,12.0,5.0717,17.082,6.9501,-5.54983,-2.00733,5.52705
2024/02/14 04:58:16.00,459022.0776,5635023.963,2945184.2402,12.0,5.0719,17.0827,6.9495,-5.65575,-2.22669,5.53172
2024/02/14 04:58:17.00,459016.3694,5635021.6298,2945189.8435,12.0,5.0722,17.0833,6.9488,-5.71724,-2.2829,5.60196
2024/02/14 04:58:18.00,459010.6392,5635019.492,2945195.46,12.0,5.0724,17.084,6.9482,-5.8109,-2.10496,5.69848
2024/02/14 04:58:19.00,459004.8939,5635017.6228,2945201.3572,12.0,5.0726,17.0847,6.9476,-5.87512,-2.27696,5.72228
2024/02/14 04:58:20.00,458999.0255,5635015.3856,2945207.2138,12.0,5.0728,17.0853,6.947,-5.99898,-2.38583,5.80354
2024/02/14 04:58:21.00,458992.984,5635013.0222,2945212.9777,12.0,5.073,17.086,6.9463,-6.04094,-2.40615,5.89205
2024/02/14 04:58:22.00,458986.8614,5635010.2776,2945219.0117,12.0,5.0732,17.0866,6.9457,-6.05529,-2.13059,6.01599
2024/02/14 04:58:23.00,458980.7183,5635008.0678,2945225.119,12.0,5.0734,17.0873,6.9451,-6.25788,-2.24074,5.9344
2024/02/14 04:58:24.00,458974.4875,5635006.1341,2945231.0952,12.0,5.0736,17.088,6.9445,-6.35422,-2.37916,6.05521
2024/02/14 04:58:25.00,458968.0806,5635003.9844,2945237.0672,12.0,5.0738,17.0886,6.9439,-6.49943,-2.30778,5.90724
2024/02/14 04:58:26.00,458961.5286,5635001.3675,2945242.9256,12.0,5.074,17.0893,6.9432,-6.61493,-2.13389,5.91302
2024/02/14 04:58:27.00,458954.8901,5634999.3956,2945248.85,12.0,5.0743,17.0899,6.9426,-6.70668,-1.96033,5.91065
2024/02/14 04:58:28.00,458948.0767,5634997.3041,2945254.6879,12.0,5.0745,17.0906,6.942,-6.85558,-2.19921,5.79471
2024/02/14 04:58:29.00,458941.1718,5634995.423,2945260.5629,12.0,5.0747,17.0912,6.9414,-7.05974,-2.17892,5.81078
2024/02/14 04:58:30.00,458934.2567,5634993.5933,2945266.2839,12.0,5.0749,17.0919,6.9408,-7.12851,-2.10787,5.87354
2024/02/14 04:58:31.00,458926.9742,5634991.1247,2945271.9376,12.0,5.0751,17.0925,6.9401,-7.16215,-1.87359,5.74962
2024/02/14 04:58:32.00,458919.6615,5634988.8078,2945277.4644,12.0,5.0753,17.0932,6.9395,-7.30968,-2.00385,5.66967
2024/02/14 04:58:33.00,458912.2715,5634986.9078,2945283.0884,12.0,5.0755,17.0938,6.9389,-7.49174,-2.05363,5.49302
2024/02/14 04:58:34.00,458904.6525,5634985.1018,2945288.6199,12.0,5.0757,17.0945,6.9383,-7.63978,-1.75743,5.37686
2024/02/14 04:58:35.00,458897.0629,5634983.4561,2945294.1256,12.0,5.0759,17.0951,6.9376,-7.69634,-1.82713,5.37387
2024/02/14 04:58:36.00,458889.4248,5634981.6896,2945299.5754,12.0,5.0761,17.0958,6.937,-7.71502,-1.83003,5.40319
2024/02/14 04:58:37.00,458881.6634,5634979.8466,2945304.9357,12.0,5.0764,17.0964,6.9364,-7.71402,-1.80979,5.37323
2024/02/14 04:58:38.00,458873.9265,5634978.0391,2945310.4053,12.0,5.0766,17.0971,6.9358,-7.87345,-1.71508,5.34704
2024/02/14 04:58:39.00,458866.0178,5634976.4298,2945315.6619,12.0,5.0768,17.0977,6.9351,-7.78428,-1.68153,5.24253
2024/02/14 04:58:40.00,458858.2752,5634974.9153,2945320.7499,12.0,5.077,17.0984,6.9345,-7.65748,-1.56051,4.94332
2024/02/14 04:58:41.00,458850.5591,5634973.3938,2945325.6906,12.0,5.0772,17.099,6.9339,-7.62757,-1.46185,4.92963
2024/02/14 04:58:42.00,458842.9125,5634971.9099,2945330.5745,12.0,5.0774,17.0996,6.9333,-7.72869,-1.58737,4.98447
2024/02/14 04:58:43.00,458835.2442,5634970.195,2945335.4594,12.0,5.0776,17.1003,6.9326,-7.66642,-1.63544,5.0032
2024/02/14 04:58:44.00,458827.6255,5634968.7132,2945340.503,12.0,5.0778,17.1009,6.932,-7.67312,-1.58721,5.01629
2024/02/14 04:58:45.00,458819.9894,5634966.8591,2945345.7102,12.0,5.078,17.1016,6.9314,-7.60454,-1.98169,5.17545
2024/02/14 04:58:46.00,458812.3819,5634964.9246,2945350.9441,12.0,5.0782,17.1022,6.9308,-7.62995,-1.90586,5.35559
2024/02/14 04:58:47.00,458804.7121,5634963.1838,2945356.228,12.0,5.0784,17.1028,6.9302,-7.72913,-1.73543,5.27274
2024/02/14 04:58:48.00,458796.845,5634961.2052,2945361.5466,12.0,5.0787,17.1035,6.9295,-7.94335,-1.96967,5.22984
2024/02/14 04:58:49.00,458788.8703,5634959.1567,2945366.7222,12.0,5.0789,17.1041,6.9289,-8.04123,-1.8169,5.19451
2024/02/14 04:58:50.00,458780.7953,5634957.8493,2945372.1231,12.0,5.0791,17.1047,6.9283,-8.1637,-1.92525,5.22878
2024/02/14 04:58:51.00,458772.6506,5634955.9602,2945377.4783,12.0,5.0793,17.1054,6.9277,-8.24029,-1.9467,5.31838
2024/02/14 04:58:52.00,458764.2828,5634953.5998,2945382.7544,12.0,5.0795,17.106,6.927,-8.3532,-2.08539,5.37887
2024/02/14 04:58:53.00,458756.0027,5634951.6382,2945388.2147,12.0,5.0797,17.1066,6.9264,-8.42322,-2.13129,5.46152
2024/02/14 04:58:54.00,458747.4943,5634949.3956,2945393.7829,12.0,5.0799,17.1073,6.9258,-8.6295,-2.14979,5.4603
2024/02/14 04:58:55.00,458738.9611,5634947.6939,2945399.3286,12.0,5.0801,17.1079,6.9251,-8.73562,-2.1219,5.45071
2024/02/14 04:58:56.00,458730.2702,5634945.4254,2945404.7631,12.0,5.0803,17.1085,6.9245,-8.55181,-2.04256,5.55014
2024/02/14 04:58:57.00,458721.7152,5634943.2095,2945410.3641,12.0,5.0805,17.1092,6.9239,-8.61745,-2.21325,5.50563
2024/02/14 04:58:58.00,458713.1733,5634941.2036,2945416.0365,12.0,5.0807,17.1098,6.9233,-8.55703,-2.3206,5.46986
2024/02/14 04:58:59.00,458704.6076,5634939.4154,2945421.5486,12.0,5.081,17.1104,6.9226,-8.65995,-1.9835,5.41391
2024/02/14 04:59:00.00,458696.0131,5634937.5598,2945427.0533,12.0,5.0812,17.111,6.922,-8.68786,-1.91563,5.41487
2024/02/14 04:59:01.00,458687.2431,5634935.1524,2945432.4164,12.0,5.0814,17.1116,6.9214,-8.70295,-2.18717,5.41963
2024/02/14 04:59:02.00,458678.592,5634932.869,2945437.7911,12.0,5.0816,17.1123,6.9208,-8.65399,-2.14904,5.43065
2024/02/14 04:59:03.00,458670.009,5634930.7961,2945443.1207,12.0,5.0818,17.1129,6.9201,-8.4747,-2.17487,5.35792
2024/02/14 04:59:04.00,458661.5897,5634928.5409,2945448.4616,12.0,5.082,17.1135,6.9195,-8.3264,-2.06477,5.2407
2024/02/14 04:59:05.00,458653.2822,5634926.3208,2945453.5182,12.0,5.0822,17.1141,6.9189,-8.07811,-1.92452,5.17794
2024/02/14 04:59:06.00,458645.2378,5634924.4612,2945458.7937,12.0,5.0824,17.1148,6.9183,-7.9921,-2.05559,5.13936
2024/02/14 04:59:07.00,458637.2203,5634922.1237,2945463.7807,12.0,5.0826,17.1154,6.9176,-7.97464,-2.12192,5.14471
2024/02/14 04:59:08.00,458629.2866,5634920.2226,2945469.0162,12.0,5.0828,17.116,6.917,-7.95162,-1.83587,5.2621
2024/02/14 04:59:09.00,458621.4922,5634918.3185,2945474.379,12.0,5.083,17.1166,6.9164,-7.7877,-1.98983,5.18488
2024/02/14 04:59:10.00,458613.7907,5634916.6342,2945479.5378,12.0,5.0832,17.1172,6.9158,-7.71131,-2.02736,5.08845
2024/02/14 04:59:11.00,458605.9634,5634914.7383,2945484.4458,12.0,5.0834,17.1178,6.9151,-7.60396,-2.00383,4.95792
2024/02/14 04:59:12.00,458598.2316,5634912.4286,2945489.2171,12.0,5.0836,17.1184,6.9145,-7.57324,-1.98696,4.74435
2024/02/14 04:59:13.00,458590.741,5634910.7129,2945494.1192,12.0,5.0839,17.1191,6.9139,-7.45308,-1.70132,4.81044
2024/02/14 04:59:14.00,458583.3546,5634909.0567,2945498.8371,12.0,5.0841,17.1197,6.9132,-7.45539,-1.78934,4.64875
2024/02/14 04:59:15.00,458576.0247,5634907.8905,2945503.6869,12.0,5.0843,17.1203,6.9126,-7.32619,-1.82862,4.60516
2024/02/14 04:59:16.00,458568.7315,5634905.6885,2945508.1845,12.0,5.0845,17.1209,6.912,-7.0902,-1.71982,4.49943
2024/02/14 04:59:17.00,458561.5556,5634903.7666,2945512.4832,12.0,5.0847,17.1215,6.9114,-6.96338,-1.67961,4.31216
2024/02/14 04:59:18.00,458554.6983,5634901.9309,2945516.6835,12.0,5.0849,17.1221,6.9107,-6.70715,-1.58494,4.26764
2024/02/14 04:59:19.00,458548.6375,5634900.7889,2945521.5579,11.0,5.4068,17.1501,7.3073,-6.40352,-2.65552,4.36698
2024/02/14 04:59:20.00,458542.0367,5634899.9144,2945525.829,12.0,5.0853,17.1233,6.9095,-6.07884,-1.64493,4.26958
2024/02/14 04:59:21.00,458535.8303,5634897.6546,2945529.6857,12.0,5.0855,17.1239,6.9088,-5.95248,-1.75722,4.07759
2024/02/14 04:59:22.00,458529.6547,5634895.4218,2945533.3039,12.0,5.0857,17.1245,6.9082,-5.9117,-1.6536,3.89238
2024/02/14 04:59:23.00,458523.9212,5634894.2637,2945537.2696,12.0,5.0859,17.1251,6.9076,-5.79128,-1.59625,3.65323
2024/02/14 04:59:24.00,458518.4173,5634893.8208,2945541.2105,12.0,5.0861,17.1257,6.907,-5.23775,-1.32294,3.32992
2024/02/14 04:59:25.00,458513.3244,5634891.2487,2945543.6829,12.0,5.0863,17.1263,6.9063,-4.67571,-1.00499,3.08142
2024/02/14 04:59:26.00,458509.2365,5634891.5064,2945547.5019,12.0,5.0865,17.1269,6.9057,-4.12831,-1.088,2.68448
2024/02/14 04:59:27.00,458505.3791,5634890.0272,2945549.6566,12.0,5.0867,17.1275,6.9051,-3.56133,-0.93342,2.33803
2024/02/14 04:59:28.00,458502.0107,5634888.9412,2945551.5955,12.0,5.0869,17.1281,6.9044,-2.99075,-0.75584,1.92301
2024/02/14 04:59:29.00,458499.3002,5634887.9111,2945553.2942,12.0,5.0872,17.1287,6.9038,-2.63361,-0.78007,1.7421
2024/02/14 04:59:30.00,458496.8181,5634887.266,2945554.8259,12.0,5.0874,17.1293,6.9032,-2.3867,-0.67382,1.5207
2024/02/14 04:59:31.00,458494.6959,5634886.7704,2945556.3815,12.0,5.0876,17.1299,6.9026,-2.15535,-0.59122,1.42691
2024/02/14 04:59:32.00,458492.6439,5634886.0255,2945557.6908,12.0,5.0878,17.1305,6.9019,-1.9241,-0.65114,1.29561
2024/02/14 04:59:33.00,458490.7406,5634885.3457,2945558.9124,12.0,5.088,17.1311,6.9013,-1.61185,-0.55037,1.21895
2024/02/14 04:59:34.00,458489.2446,5634884.867,2945559.8258,12.0,5.0882,17.1317,6.9007,-1.17782,-0.24787,0.78423
2024/02/14 04:59:35.00,458488.2253,5634884.7964,2945560.6542,12.0,5.0884,17.1323,6.9,-0.98281,-0.25984,0.61478
2024/02/14 04:59:36.00,458487.5533,5634884.9861,2945561.0603,12.0,5.0886,17.1329,6.8994,-0.36413,-0.07971,0.20425
2024/02/14 04:59:37.00,458487.5065,5634885.1593,2945561.1745,12.0,5.0888,17.1335,6.8988,-0.00308,0.0093,0.01881
2024/02/14 04:59:38.00,458487.3411,5634884.8324,2945561.1126,12.0,5.089,17.134,6.8981,0.028,-0.01661,0.01468
2024/02/14 04:59:39.00,458487.3651,5634884.8307,2945561.104,12.0,5.0892,17.1346,6.8975,-0.01145,-0.06591,-0.00856
2024/02/14 04:59:40.00,458487.4282,5634884.9575,2945561.0874,12.0,5.0894,17.1352,6.8969,-0.01944,-0.03077,0.02195
2024/02/14 04:59:41.00,458487.3856,5634884.6673,2945561.0336,12.0,5.0896,17.1358,6.8963,0.0314,0.02298,-0.00835
2024/02/14 04:59:42.00,458487.3489,5634884.436,2945560.9919,12.0,5.0898,17.1364,6.8956,-0.00219,0.05794,0.01649
2024/02/14 04:59:43.00,458487.325,5634884.4088,2945560.9898,12.0,5.09,17.137,6.895,-0.00044,0.00735,-0.0009
2024/02/14 04:59:44.00,458487.3868,5634884.234,2945560.876,12.0,5.0902,17.1375,6.8944,0.02096,0.0709,-0.00603
2024/02/14 04:59:45.00,458487.3372,5634883.9911,2945560.7653,12.0,5.0904,17.1381,6.8937,0.01135,-0.05272,0.00988
2024/02/14 04:59:46.00,458487.3729,5634884.0081,2945560.7965,12.0,5.0906,17.1387,6.8931,0.00367,-0.02352,-0.02937
2024/02/14 04:59:47.00,458487.3357,5634884.243,2945560.8508,12.0,5.0908,17.1393,6.8925,0.00375,0.04167,-0.00418
2024/02/14 04:59:48.00,458487.3581,5634884.5333,2945560.8564,12.0,5.091,17.1399,6.8918,0.00512,-0.01402,-0.01306
2024/02/14 04:59:49.00,458487.398,5634884.682,2945560.91,12.0,5.0912,17.1404,6.8912,0.00116,-0.03042,0.00255
2024/02/14 04:59:50.00,458487.4503,5634884.7353,2945560.9324,12.0,5.0914,17.141,6.8906,-0.02257,-0.03,-0.02822
2024/02/14 04:59:51.00,458487.4723,5634884.5722,2945560.9256,12.0,5.0916,17.1416,6.8899,-0.01342,0.00136,-0.02358
2024/02/14 04:59:52.00,458487.5754,5634884.7352,2945561.1219,12.0,5.0918,17.1422,6.8893,0.0067,0.00442,-0.01943
2024/02/14 04:59:53.00,458487.607,5634884.9197,2945561.2453,12.0,5.092,17.1427,6.8887,-0.0365,-0.11201,-0.02759
2024/02/14 04:59:54.00,458487.5293,5634884.6252,2945561.1368,12.0,5.0922,17.1433,6.888,0.01076,-0.00403,-0.05758
2024/02/14 04:59:55.00,458487.4256,5634884.5577,2945561.1977,12.0,5.0924,17.1439,6.8874,0.02178,0.06321,0.03152
2024/02/14 04:59:56.00,458487.4677,5634884.6806,2945561.1348,12.0,5.0926,17.1445,6.8868,0.02258,0.01947,-0.0045
2024/02/14 04:59:57.00,458487.6045,5634884.9956,2945561.2386,12.0,5.0928,17.145,6.8862,0.01853,0.0446,0.01553
2024/02/14 04:59:58.00,458487.5793,5634884.9461,2945561.2817,12.0,5.093,17.1456,6.8855,-0.01471,-0.09193,-0.00934
2024/02/14 04:59:59.00,458487.587,5634885.0007,2945561.3252,12.0,5.0932,17.1462,6.8849,-0.01732,-0.03569,-0.00064
2024/02/14 05:00:00.00,458487.4219,5634884.9321,2945561.2082,12.0,5.0934,17.1467,6.8843,-0.01718,0.00815,-0.02397
2024/02/14 05:00:01.00,458487.3976,5634884.7525,2945561.2343,12.0,5.0936,17.1473,6.8836,-0.00568,-0.02663,-0.01269
2024/02/14 05:00:02.00,458487.4444,5634884.586,2945561.2196,12.0,5.0938,17.1479,6.883,0.04736,0.06406,0.03135
2024/02/14 05:00:03.00,458487.446,5634884.5896,2945561.3444,12.0,5.094,17.1484,6.8824,0.0112,0.04637,0.0152
2024/02/14 05:00:04.00,458487.4056,5634884.6534,2945561.3342,12.0,5.0942,17.149,6.8817,0.00709,-0.07726,-0.01434
2024/02/14 05:00:05.00,458487.3551,5634884.5877,2945561.3351,12.0,5.0944,17.1495,6.8811,0.00588,0.01066,0.00921
2024/02/14 05:00:06.00,458487.4448,5634884.7763,2945561.3893,12.0,5.0946,17.1501,6.8805,0.00349,0.03865,-0.00159
2024/02/14 05:00:07.00,458487.5337,5634884.9606,2945561.4003,12.0,5.0948,17.1507,6.8798,-0.00307,0.04188,0.00019
2024/02/14 05:00:08.00,458487.4681,5634884.8282,2945561.3346,12.0,5.095,17.1512,6.8792,-0.02106,-0.03505,-0.02602
2024/02/14 05:00:09.00,458487.4802,5634884.8676,2945561.3276,12.0,5.0952,17.1518,6.8786,-0.0149,0.01878,-0.01081
2024/02/14 05:00:10.00,458487.4723,5634884.7391,2945561.2694,12.0,5.0954,17.1523,6.8779,0.01016,0.02598,-0.01826
2024/02/14 05:00:11.00,458487.4663,5634884.9094,2945561.3636,12.0,5.0956,17.1529,6.8773,-0.01642,-0.04389,-0.00472
2024/02/14 05:00:12.00,458487.4992,5634885.1073,2945561.4367,12.0,5.0958,17.1534,6.8767,0.04048,0.06002,-0.0023
2024/02/14 05:00:13.00,458487.5624,5634884.9856,2945561.3687,12.0,5.096,17.154,6.876,-0.00043,0.01684,-0.03011
2024/02/14 05:00:14.00,458487.6413,5634884.9914,2945561.4178,12.0,5.0962,17.1545,6.8754,0.01126,-0.02339,0.00501
2024/02/14 05:00:15.00,458487.6651,5634885.2516,2945561.441,12.0,5.0964,17.1551,6.8748,-0.01049,-0.01607,-0.00602
2024/02/14 05:00:16.00,458487.6135,5634885.2847,2945561.2906,12.0,5.0966,17.1556,6.8741,-0.02875,-0.03824,0.00052
2024/02/14 05:00:17.00,458487.6818,5634885.3972,2945561.1972,12.0,5.0968,17.1562,6.8735,0.01763,0.01552,-0.00917
2024/02/14 05:00:18.00,458487.6746,5634885.7222,2945561.3762,12.0,5.097,17.1567,6.8729,-0.00072,-0.00458,0.01013
2024/02/14 05:00:19.00,458487.6778,5634885.6232,2945561.3326,12.0,5.0972,17.1573,6.8722,-0.00099,-0.05333,-0.00502
2024/02/14 05:00:20.00,458487.7655,5634885.7906,2945561.3844,12.0,5.0974,17.1578,6.8716,-0.00327,-0.04709,-0.05425
2024/02/14 05:00:21.00,458487.8252,5634885.6918,2945561.3564,12.0,5.0976,17.1584,6.8709,0.0092,0.08211,0.02001
2024/02/14 05:00:22.00,458487.815,5634885.5705,2945561.4346,12.0,5.0978,17.1589,6.8703,-0.01818,-0.02694,-0.02477
2024/02/14 05:00:23.00,458487.7272,5634885.5008,2945561.3257,12.0,5.098,17.1595,6.8697,-0.00258,-0.0531,-0.01393
2024/02/14 05:00:24.00,458487.7156,5634885.8014,2945561.2996,12.0,5.0982,17.16,6.869,-0.02809,-0.10916,-0.03181
2024/02/14 05:00:25.00,458487.7812,5634885.8222,2945561.388,12.0,5.0984,17.1606,6.8684,0.01358,0.03072,-0.00213
2024/02/14 05:00:26.00,458487.6769,5634885.6044,2945561.2657,12.0,5.0986,17.1611,6.8678,0.02216,0.06977,-0.01864
2024/02/14 05:00:27.00,458487.5921,5634885.3043,2945561.1559,12.0,5.0988,17.1616,6.8671,-0.00708,-0.05777,-0.01707
2024/02/14 05:00:28.00,458487.4883,5634885.0742,2945561.055,12.0,5.099,17.1622,6.8665,0.01051,-0.023,-0.00119
2024/02/14 05:00:29.00,458487.3484,5634884.8608,2945560.9485,12.0,5.0992,17.1627,6.8659,-0.00742,-0.00889,-0.01719
2024/02/14 05:00:30.00,458487.2825,5634884.6202,2945560.8912,12.0,5.0994,17.1633,6.8652,0.01556,-0.00771,-0.00884
2024/02/14 05:00:31.00,458487.1757,5634884.5885,2945560.9687,12.0,5.0996,17.1638,6.8646,0.01266,0.05108,-0.02025
2024/02/14 05:00:32.00,458487.3284,5634884.7712,2945561.1225,12.0,5.0998,17.1643,6.864,0.03442,0.09355,0.03151
2024/02/14 05:00:33.00,458487.304,5634884.5812,2945561.0479,12.0,5.1,17.1649,6.8633,0.0089,-0.01536,-0.00557
2024/02/14 05:00:34.00,458487.3258,5634884.5248,2945561.059,12.0,5.1002,17.1654,6.8627,0.00939,0.09473,-0.00514
2024/02/14 05:00:35.00,458487.2759,5634884.4256,2945561.1053,12.0,5.1004,17.1659,6.862,0.03338,0.0708,-0.0139
2024/02/14 05:00:36.00,458487.282,5634884.372,2945561.2104,12.0,5.1006,17.1665,6.8614,-0.00887,-0.02483,-0.01182
2024/02/14 05:00:37.00,458487.2416,5634884.3356,2945561.177,12.0,5.1008,17.167,6.8608,-0.02516,-0.00497,-0.03272
2024/02/14 05:00:38.00,458487.2801,5634884.6013,2945561.2699,12.0,5.101,17.1675,6.8601,-0.0065,0.01655,0.00116
2024/02/14 05:00:39.00,458487.3119,5634884.6146,2945561.2136,12.0,5.1012,17.168,6.8595,0.00749,0.10356,0.00895
2024/02/14 05:00:40.00,458487.2724,5634884.6184,2945561.2169,12.0,5.1014,17.1686,6.8589,-0.00128,-0.07121,-0.01231
2024/02/14 05:00:41.00,458487.3931,5634884.9736,2945561.3101,12.0,5.1016,17.1691,6.8582,-0.00746,-0.04168,-0.00266
2024/02/14 05:00:42.00,458487.4151,5634885.068,2945561.3373,12.0,5.1018,17.1696,6.8576,0.01853,-0.02281,0.0143
2024/02/14 05:00:43.00,458487.353,5634885.1114,2945561.2684,12.0,5.102,17.1702,6.857,0.00032,-0.06901,-0.01848
2024/02/14 05:00:44.00,458487.4431,5634885.3088,2945561.3182,12.0,5.1022,17.1707,6.8563,-0.00016,-0.02915,-0.0118
2024/02/14 05:00:45.00,458487.4449,5634885.1506,2945561.3097,12.0,5.1024,17.1712,6.8557,-0.02147,-0.02873,-0.01435
2024/02/14 05:00:46.00,458487.4438,5634885.0938,2945561.1586,12.0,5.1026,17.1717,6.855,0.00266,0.03603,0.01592
2024/02/14 05:00:47.00,458487.4556,5634885.105,2945561.2534,12.0,5.1028,17.1722,6.8544,0.01653,0.00386,0.01532
2024/02/14 05:00:48.00,458487.6288,5634885.5183,2945561.4435,12.0,5.103,17.1728,6.8538,0.00372,0.01019,0.00602
2024/02/14 05:00:49.00,458487.6531,5634885.47,2945561.4901,12.0,5.1032,17.1733,6.8531,0.04384,0.05427,0.01348
2024/02/14 05:00:50.00,458487.7066,5634885.5944,2945561.5449,12.0,5.1034,17.1738,6.8525,-0.01429,-0.09753,-0.02857
2024/02/14 05:00:51.00,458487.6884,5634885.5735,2945561.4576,12.0,5.1036,17.1743,6.8519,-0.00329,0.00085,-0.03593
2024/02/14 05:00:52.00,458487.6987,5634885.6492,2945561.5092,12.0,5.1038,17.1748,6.8512,0.01359,0.04546,0.01668
2024/02/14 05:00:53.00,458487.6427,5634885.8489,2945561.5004,12.0,5.104,17.1753,6.8506,0.02248,-0.00361,0.01699
2024/02/14 05:00:54.00,458487.7446,5634885.815,2945561.5148,12.0,5.1042,17.1759,6.8499,-0.00112,0.01964,-0.00894
2024/02/14 05:00:55.00,458487.722,5634885.6468,2945561.5962,12.0,5.1044,17.1764,6.8493,-0.02178,-0.03275,0.01417
2024/02/14 05:00:56.00,458487.821,5634885.9656,2945561.7144,12.0,5.1046,17.1769,6.8487,0.01575,-0.03212,-0.01065
2024/02/14 05:00:57.00,458487.7765,5634885.9,2945561.6563,12.0,5.1048,17.1774,6.848,-0.01408,-0.03054,-0.03622
2024/02/14 05:00:58.00,458487.727,5634885.8543,2945561.6435,12.0,5.105,17.1779,6.8474,0.02396,0.03592,0.02574
2024/02/14 05:00:59.00,458487.6822,5634885.7807,2945561.6502,12.0,5.1052,17.1784,6.8467,0.0227,-0.00606,0.0337
2024/02/14 05:01:00.00,458487.6785,5634885.9549,2945561.6748,12.0,5.1054,17.1789,6.8461,0.00458,0.03756,-0.00491
2024/02/14 05:01:01.00,458487.7402,5634885.986,2945561.7106,12.0,5.1056,17.1794,6.8455,0.00344,-0.0059,-0.02389
2024/02/14 05:01:02.00,458487.623,5634885.8451,2945561.5909,12.0,5.1058,17.1799,6.8448,0.00321,-0.03755,0.00747
2024/02/14 05:01:03.00,458487.6638,5634885.9212,2945561.6366,12.0,5.106,17.1804,6.8442,0.01469,0.04176,0.00984
2024/02/14 05:01:04.00,458487.5236,5634885.7908,2945561.5919,12.0,5.1062,17.1809,6.8435,0.02968,0.07129,0.0008
2024/02/14 05:01:05.00,458487.4568,5634885.6714,2945561.5833,12.0,5.1064,17.1814,6.8429,0.03144,0.08515,0.02922
2024/02/14 05:01:06.00,458487.3911,5634885.5984,2945561.667,12.0,5.1066,17.1819,6.8423,-0.03811,-0.08728,-0.01468
2024/02/14 05:01:07.00,458487.3784,5634885.4988,2945561.6023,12.0,5.1068,17.1824,6.8416,-0.01441,-0.13379,-0.03447
2024/02/14 05:01:08.00,458487.4026,5634885.5496,2945561.6359,12.0,5.107,17.1829,6.841,-0.03051,-0.08402,-0.02241
2024/02/14 05:01:09.00,458487.4114,5634885.57,2945561.6047,12.0,5.1071,17.1834,6.8403,0.00806,0.01545,-0.01546
2024/02/14 05:01:10.00,458487.508,5634885.8655,2945561.7168,12.0,5.1073,17.1839,6.8397,-0.00357,-0.00045,-0.01614
2024/02/14 05:01:11.00,458487.5351,5634885.6972,2945561.5687,12.0,5.1075,17.1844,6.8391,0.0245,0.03017,0.0192
2024/02/14 05:01:12.00,458487.4781,5634885.5179,2945561.477,12.0,5.1077,17.1849,6.8384,0.00206,-0.02454,-0.02185
2024/02/14 05:01:13.00,458487.5004,5634885.7028,2945561.49,12.0,5.1079,17.1854,6.8378,-0.01383,-0.01086,-0.02027
2024/02/14 05:01:14.00,458487.5559,5634885.6859,2945561.6497,12.0,5.1081,17.1859,6.8371,0.0046,0.00764,-0.02531
2024/02/14 05:01:15.00,458487.5193,5634885.6709,2945561.6928,12.0,5.1083,17.1864,6.8365,0.01216,0.01549,-0.01517
2024/02/14 05:01:16.00,458487.5308,5634885.6828,2945561.72,12.0,5.1085,17.1869,6.8359,0.0,0.05132,-0.03468
2024/02/14 05:01:17.00,458487.5153,5634885.4336,2945561.747,12.0,5.1087,17.1874,6.8352,0.0094,0.08276,0.00084
2024/02/14 05:01:18.00,458487.3713,5634885.1921,2945561.6029,12.0,5.1089,17.1879,6.8346,-0.00369,0.04487,0.02563
2024/02/14 05:01:19.00,458487.3029,5634885.2017,2945561.589,12.0,5.1091,17.1884,6.8339,0.00876,-0.01345,0.00766
2024/02/14 05:01:20.00,458487.361,5634885.1148,2945561.6291,12.0,5.1093,17.1889,6.8333,0.01324,-0.00011,0.0101
2024/02/14 05:01:21.00,458487.3847,5634885.235,2945561.6529,12.0,5.1095,17.1894,6.8327,-0.00817,-0.0184,0.00149
2024/02/14 05:01:22.00,458487.3012,5634884.8385,2945561.5787,12.0,5.1097,17.1898,6.832,-0.01108,-0.10614,-0.01212
2024/02/14 05:01:23.00,458487.3674,5634885.0862,2945561.7125,12.0,5.1099,17.1903,6.8314,-0.00411,-0.05701,-0.02132
2024/02/14 05:01:24.00,458487.3865,5634885.0699,2945561.7524,12.0,5.1101,17.1908,6.8307,-0.01035,-0.05493,-0.02735
2024/02/14 05:01:25.00,458487.3961,5634885.3216,2945561.8535,12.0,5.1103,17.1913,6.8301,0.05391,0.10093,0.02496
2024/02/14 05:01:26.00,458487.2987,5634885.1269,2945561.8976,12.0,5.1105,17.1918,6.8295,0.03246,0.04469,-0.01316
2024/02/14 05:01:27.00,458487.2267,5634884.9939,2945561.9692,12.0,5.1107,17.1923,6.8288,0.00647,-0.02461,-0.00346
2024/02/14 05:01:28.00,458487.3155,5634885.0967,2945561.9505,12.0,5.1109,17.1927,6.8282,-0.00541,-0.03276,0.00633
2024/02/14 05:01:29.00,458487.226,5634884.8973,2945561.885,12.0,5.1111,17.1932,6.8275,0.02421,0.02965,-0.0038
2024/02/14 05:01:30.00,458487.2238,5634884.8049,2945561.7215,12.0,5.1112,17.1937,6.8269,0.00235,-0.01618,-0.00854
2024/02/14 05:01:31.00,458487.2302,5634885.0713,2945561.7054,12.0,5.1114,17.1942,6.8262,-0.01735,-0.02283,-0.01644
2024/02/14 05:01:32.00,458487.1261,5634884.9318,2945561.7374,12.0,5.1116,17.1946,6.8256,0.0358,0.047,0.01906
2024/02/14 05:01:33.00,458487.0973,5634884.7562,2945561.62,12.0,5.1118,17.1951,6.825,-0.00837,-0.01967,-0.00766
2024/02/14 05:01:34.00,458487.1014,5634884.8117,2945561.5311,12.0,5.112,17.1956,6.8243,0.01215,-0.01878,-0.01308
2024/02/14 05:01:35.00,458487.1334,5634884.8015,2945561.5324,12.0,5.1122,17.1961,6.8237,-0.00734,-0.02077,-0.02613
2024/02/14 05:01:36.00,458487.0683,5634884.5347,2945561.3218,12.0,5.1124,17.1965,6.823,-0.0371,-0.06934,-0.02653
2024/02/14 05:01:37.00,458486.9715,5634884.601,2945561.1827,12.0,5.1126,17.197,6.8224,0.00754,0.01573,0.01024
2024/02/14 05:01:38.00,458487.0291,5634884.7465,2945561.171,12.0,5.1128,17.1975,6.8217,0.01439,0.00109,-0.01618
2024/02/14 05:01:39.00,458487.0353,5634884.9738,2945561.1791,12.0,5.113,17.198,6.8211,0.00718,0.04689,-0.0082
2024/02/14 05:01:40.00,458486.9899,5634884.6072,2945561.155,12.0,5.1132,17.1984,6.8205,0.00377,0.03809,0.00412
2024/02/14 05:01:41.00,458487.062,5634884.6365,2945561.1939,12.0,5.1134,17.1989,6.8198,-0.03636,-0.09391,-0.01833
2024/02/14 05:01:42.00,458487.1623,5634884.6796,2945561.3216,12.0,5.1136,17.1994,6.8192,-0.00829,-0.03799,-0.00755
2024/02/14 05:01:43.00,458487.101,5634884.7199,2945561.1815,12.0,5.1138,17.1998,6.8185,0.01841,0.0393,-0.02594
2024/02/14 05:01:44.00,458487.078,5634884.5633,2945561.245,12.0,5.114,17.2003,6.8179,0.01314,0.00458,-0.00096
2024/02/14 05:01:45.00,458487.0128,5634884.4022,2945561.2134,12.0,5.1141,17.2007,6.8172,0.04178,0.10686,0.00665
2024/02/14 05:01:46.00,458486.9739,5634883.9737,2945561.1106,12.0,5.1143,17.2012,6.8166,-0.00039,-0.01773,0.00466
2024/02/14 05:01:47.00,458487.1123,5634884.3727,2945561.1662,12.0,5.1145,17.2017,6.816,-0.00441,-0.00929,-0.03133
2024/02/14 05:01:48.00,458487.0929,5634884.4585,2945561.118,12.0,5.1147,17.2021,6.8153,0.0004,0.04771,-0.02636
2024/02/14 05:01:49.00,458487.1134,5634884.0784,2945561.1086,12.0,5.1149,17.2026,6.8147,-0.02981,-0.01022,-0.00416
2024/02/14 05:01:50.00,458487.0497,5634884.1025,2945561.124,12.0,5.1151,17.203,6.814,0.00336,0.01236,-0.00411
2024/02/14 05:01:51.00,458486.9904,5634883.972,2945561.0718,12.0,5.1153,17.2035,6.8134,0.02111,0.03625,-0.0377
2024/02/14 05:01:52.00,458487.0185,5634883.9563,2945561.0625,12.0,5.1155,17.204,6.8127,-0.01054,-0.05517,-0.04806
2024/02/14 05:01:53.00,458487.0235,5634884.3782,2945561.0777,12.0,5.1157,17.2044,6.8121,-0.01649,0.04084,0.00435
2024/02/14 05:01:54.00,458486.9925,5634884.3234,2945560.9919,12.0,5.1159,17.2049,6.8115,-0.0092,-0.00804,-0.025
2024/02/14 05:01:55.00,458487.011,5634884.4688,2945560.9898,12.0,5.1161,17.2053,6.8108,-0.02439,-0.05496,-0.02133
2024/02/14 05:01:56.00,458487.0985,5634884.5831,2945561.1148,12.0,5.1163,17.2058,6.8102,-0.01444,-0.04398,-0.01395
2024/02/14 05:01:57.00,458487.0386,5634884.382,2945561.058,12.0,5.1165,17.2062,6.8095,0.00846,0.01812,0.00083
2024/02/14 05:01:58.00,458487.0546,5634884.5333,2945561.1367,12.0,5.1167,17.2067,6.8089,0.00184,-0.0431,-0.0003
2024/02/14 05:01:59.00,458487.0695,5634884.4661,2945561.1295,12.0,5.1168,17.2071,6.8082,0.02416,0.01633,-0.02389
2024/02/14 05:02:00.00,458487.0836,5634884.2814,2945561.2056,12.0,5.117,17.2076,6.8076,-0.01022,-0.02968,-0.03392
2024/02/14 05:02:01.00,458487.1183,5634884.5576,2945561.1933,12.0,5.1172,17.208,6.8069,0.00569,-0.02656,0.01747
2024/02/14 05:02:02.00,458487.0887,5634884.2543,2945561.1395,12.0,5.1174,17.2085,6.8063,-0.01203,-0.02122,0.00198
2024/02/14 05:02:03.00,458487.0848,5634884.4211,2945561.1763,12.0,5.1176,17.2089,6.8057,-0.04018,-0.11392,-0.04285
2024/02/14 05:02:04.00,458487.1437,5634884.5786,2945561.256,12.0,5.1178,17.2094,6.805,0.00217,0.0041,-0.01811
2024/02/14 05:02:05.00,458487.158,5634884.476,2945561.1908,12.0,5.118,17.2098,6.8044,0.00268,0.00014,0.00284
2024/02/14 05:02:06.00,458487.0718,5634884.2712,2945561.1181,12.0,5.1182,17.2102,6.8037,0.02069,0.04345,-0.00691
2024/02/14 05:02:07.00,458487.0458,5634884.3795,2945561.1624,12.0,5.1184,17.2107,6.8031,0.00834,0.09217,0.01846
2024/02/14 05:02:08.00,458487.0876,5634884.5054,2945561.2149,12.0,5.1186,17.2111,6.8024,-0.00679,-0.00348,-0.01368
2024/02/14 05:02:09.00,458487.177,5634884.5502,2945561.2594,12.0,5.1188,17.2116,6.8018,0.03495,0.03607,0.0076
2024/02/14 05:02:10.00,458487.2903,5634884.6291,2945561.2839,12.0,5.1189,17.212,6.8011,-0.02091,-0.09853,-0.04055
2024/02/14 05:02:11.00,458487.3429,5634884.8845,2945561.3998,12.0,5.1191,17.2124,6.8005,-0.00263,-0.07411,-0.03353
2024/02/14 05:02:12.00,458487.3594,5634884.8083,2945561.4163,12.0,5.1193,17.2129,6.7998,0.00437,0.01181,0.01652
2024/02/14 05:02:13.00,458487.3307,5634885.0027,2945561.3601,12.0,5.1195,17.2133,6.7992,0.00862,0.16137,0.02465
2024/02/14 05:02:14.00,458487.2644,5634884.8943,2945561.3486,12.0,5.1197,17.2137,6.7986,-0.00252,-0.00536,-0.00662
2024/02/14 05:02:15.00,458487.2436,5634884.7218,2945561.2667,12.0,5.1199,17.2142,6.7979,0.0057,0.03072,-0.00813
2024/02/14 05:02:16.00,458487.2633,5634884.6409,2945561.3884,12.0,5.1201,17.2146,6.7973,-0.01449,-0.10196,-0.00459
2024/02/14 05:02:17.00,458487.1704,5634884.5156,2945561.3656,12.0,5.1203,17.215,6.7966,0.00757,0.02905,0.0137
2024/02/14 05:02:18.00,458487.2936,5634884.7115,2945561.4049,12.0,5.1205,17.2155,6.796,-0.02335,-0.01016,-0.01592
2024/02/14 05:02:19.00,458487.385,5634884.8617,2945561.4718,12.0,5.1207,17.2159,6.7953,-0.0042,0.01643,0.01527
2024/02/14 05:02:20.00,458487.3184,5634884.6203,2945561.4422,12.0,5.1209,17.2163,6.7947,0.01301,0.00387,-0.0124
2024/02/14 05:02:21.00,458487.3256,5634885.1024,2945561.4078,12.0,5.121,17.2167,6.794,0.02876,0.04843,-0.00196
2024/02/14 05:02:22.00,458487.3037,5634884.8733,2945561.3549,12.0,5.1212,17.2172,6.7934,0.00763,-0.0151,-0.00052
2024/02/14 05:02:23.00,458487.3864,5634885.0976,2945561.3871,12.0,5.1214,17.2176,6.7927,0.00077,0.01351,-0.01033
2024/02/14 05:02:24.00,458487.3999,5634884.9941,2945561.3723,12.0,5.1216,17.218,6.7921,-0.00921,-0.02593,0.01277
2024/02/14 05:02:25.00,458487.4452,5634885.1222,2945561.3684,12.0,5.1218,17.2184,6.7914,0.00415,0.00654,-0.02618
2024/02/14 05:02:26.00,458487.4467,5634885.2398,2945561.5163,12.0,5.122,17.2189,6.7908,0.00293,0.00773,0.00225
2024/02/14 05:02:27.00,458487.422,5634885.1978,2945561.4695,12.0,5.1222,17.2193,6.7901,-0.01065,0.07502,0.02032
2024/02/14 05:02:28.00,458487.3225,5634884.7562,2945561.3122,12.0,5.1224,17.2197,6.7895,-0.02098,0.06328,-0.00495
2024/02/14 05:02:29.00,458487.4547,5634884.8605,2945561.3802,12.0,5.1226,17.2201,6.7889,-0.00197,0.09946,0.00477
2024/02/14 05:02:30.00,458487.4874,5634884.7334,2945561.3725,12.0,5.1227,17.2205,6.7882,0.00096,0.01502,-0.00161
2024/02/14 05:02:31.00,458487.5228,5634884.8181,2945561.4396,12.0,5.1229,17.221,6.7876,0.00041,0.01779,-0.01063
2024/02/14 05:02:32.00,458487.5337,5634884.6478,2945561.4177,12.0,5.1231,17.2214,6.7869,-0.02799,-0.0489,-0.02021
2024/02/14 05:02:33.00,458487.6754,5634885.0248,2945561.4682,12.0,5.1233,17.2218,6.7863,-0.00054,-0.02566,-0.02563
2024/02/14 05:02:34.00,458487.6972,5634885.1864,2945561.5019,12.0,5.1235,17.2222,6.7856,0.03109,0.11016,-0.00276
2024/02/14 05:02:35.00,458487.581,5634884.8626,2945561.4953,12.0,5.1237,17.2226,6.785,0.00833,0.00104,0.00162
2024/02/14 05:02:36.00,458487.447,5634884.8033,2945561.4746,12.0,5.1239,17.223,6.7843,0.01408,0.00235,-0.0126
2024/02/14 05:02:37.00,458487.5501,5634884.992,2945561.5258,12.0,5.1241,17.2234,6.7837,0.01216,0.04537,0.01601
2024/02/14 05:02:38.00,458487.582,5634885.0217,2945561.3961,12.0,5.1243,17.2239,6.783,-0.01906,-0.06287,-0.00199
2024/02/14 05:02:39.00,458487.4931,5634884.826,2945561.3374,12.0,5.1244,17.2243,6.7824,-0.0107,-0.0346,-0.04251
2024/02/14 05:02:40.00,458487.4719,5634884.8492,2945561.3668,12.0,5.1246,17.2247,6.7817,-0.00049,-0.01522,-0.00913
2024/02/14 05:02:41.00,458487.5569,5634885.0728,2945561.4752,12.0,5.1248,17.2251,6.7811,0.01513,0.03673,-0.01179
2024/02/14 05:02:42.00,458487.6019,5634885.3043,2945561.455,12.0,5.125,17.2255,6.7804,-0.01934,-0.00774,0.0005
2024/02/14 05:02:43.00,458487.6019,5634885.3713,2945561.5263,12.0,5.1252,17.2259,6.7798,0.01393,0.00644,-0.00333
2024/02/14 05:02:44.00,458487.6094,5634885.2468,2945561.499,12.0,5.1254,17.2263,6.7791,0.01024,-0.04725,-0.00739
2024/02/14 05:02:45.00,458487.6013,5634885.4064,2945561.486,12.0,5.1256,17.2267,6.7785,-0.01089,0.00374,-0.02322
2024/02/14 05:02:46.00,458487.5404,5634885.4497,2945561.471,12.0,5.1258,17.2271,6.7778,0.02342,-0.03045,-0.00588
2024/02/14 05:02:47.00,458487.5737,5634885.4317,2945561.5751,12.0,5.1259,17.2275,6.7772,-0.00606,0.00943,0.00422
2024/02/14 05:02:48.00,458487.6283,5634885.802,2945561.7421,12.0,5.1261,17.2279,6.7765,-0.02293,-0.09083,-0.01057
2024/02/14 05:02:49.00,458487.6595,5634885.9033,2945561.8443,12.0,5.1263,17.2283,6.7759,-0.01469,-0.05529,-0.02881
2024/02/14 05:02:50.00,458487.6215,5634885.8952,2945561.7954,12.0,5.1265,17.2287,6.7752,0.01534,0.03979,-0.00108
2024/02/14 05:02:51.00,458487.6349,5634885.9563,2945561.8202,12.0,5.1267,17.2291,6.7746,0.0278,0.05719,0.00846
2024/02/14 05:02:52.00,458487.6418,5634885.8107,2945561.6585,12.0,5.1269,17.2295,6.7739,-0.01892,0.00418,0.00238
2024/02/14 05:02:53.00,458487.7225,5634885.9492,2945561.626,12.0,5.1271,17.2299,6.7733,0.00113,0.03152,-0.00401
2024/02/14 05:02:54.00,458487.6178,5634885.6279,2945561.5649,12.0,5.1273,17.2303,6.7726,0.01504,-0.01358,-0.02386
2024/02/14 05:02:55.00,458487.5695,5634885.4532,2945561.6012,12.0,5.1274,17.2307,6.772,-0.00583,0.05001,-0.0269
2024/02/14 05:02:56.00,458487.5808,5634885.4471,2945561.5231,12.0,5.1276,17.231,6.7714,0.04827,0.05783,0.00658
2024/02/14 05:02:57.00,458487.6454,5634885.8374,2945561.5641,12.0,5.1278,17.2314,6.7707,-0.01175,0.01646,-0.00737
2024/02/14 05:02:58.00,458487.6618,5634885.9999,2945561.6705,12.0,5.128,17.2318,6.7701,0.01055,0.03515,0.01851
2024/02/14 05:02:59.00,458487.6914,5634885.9839,2945561.7092,12.0,5.1282,17.2322,6.7694,-0.00689,-0.05338,-0.01471
2024/02/14 05:03:00.00,458487.6258,5634885.852,2945561.6381,12.0,5.1284,17.2326,6.7688,0.00393,0.06728,0.00048
2024/02/14 05:03:01.00,458487.6307,5634885.974,2945561.6106,12.0,5.1286,17.233,6.7681,0.00077,0.02665,-0.02436
2024/02/14 05:03:02.00,458487.6731,5634885.8791,2945561.6694,12.0,5.1288,17.2334,6.7675,0.0077,0.03233,-0.00584
2024/02/14 05:03:03.00,458487.7095,5634886.057,2945561.6968,12.0,5.1289,17.2338,6.7668,-0.00258,-0.04106,-0.02088
2024/02/14 05:03:04.00,458487.6648,5634885.5891,2945561.6017,12.0,5.1291,17.2341,6.7662,-0.00996,-0.05163,-0.04147
2024/02/14 05:03:05.00,458487.6461,5634885.6557,2945561.5258,12.0,5.1293,17.2345,6.7655,0.0071,0.00226,-0.00033
2024/02/14 05:03:06.00,458487.6749,5634885.6466,2945561.4714,12.0,5.1295,17.2349,6.7649,-0.01539,-0.06119,-0.00184
2024/02/14 05:03:07.00,458487.7129,5634885.7823,2945561.5607,12.0,5.1297,17.2353,6.7642,0.02134,0.03536,0.04181
2024/02/14 05:03:08.00,458487.6673,5634886.0122,2945561.4903,12.0,5.1299,17.2357,6.7636,0.00989,-0.01009,0.02152
2024/02/14 05:03:09.00,458487.7412,5634886.0376,2945561.5811,12.0,5.1301,17.236,6.7629,0.00394,0.01841,-0.00769
2024/02/14 05:03:10.00,458487.6958,5634886.1272,2945561.5778,12.0,5.1302,17.2364,6.7623,0.01821,0.01149,-0.01023
2024/02/14 05:03:11.00,458487.6704,5634886.1015,2945561.6027,12.0,5.1304,17.2368,6.7616,-0.01675,0.01274,-0.01597
2024/02/14 05:03:12.00,458487.6742,5634886.2003,2945561.5895,12.0,5.1306,17.2372,6.761,0.01078,0.01321,-0.00131
2024/02/14 05:03:13.00,458487.628,5634886.0769,2945561.5326,12.0,5.1308,17.2375,6.7603,0.0137,-0.00679,-0.0347
2024/02/14 05:03:14.00,458487.5955,5634885.9931,2945561.4753,12.0,5.131,17.2379,6.7596,-0.04235,-0.17519,-0.04589
2024/02/14 05:03:15.00,458487.5443,5634885.8183,2945561.396,12.0,5.1312,17.2383,6.759,-0.0187,-0.01105,0.00384
2024/02/14 05:03:16.00,458487.5889,5634886.0803,2945561.5194,12.0,5.1314,17.2387,6.7583,-0.01736,-0.02831,-0.02061
2024/02/14 05:03:17.00,458487.623,5634885.7536,2945561.5531,12.0,5.1315,17.239,6.7577,-0.01888,-0.04347,-0.02245
2024/02/14 05:03:18.00,458487.6315,5634885.819,2945561.5094,12.0,5.1317,17.2394,6.757,0.01383,-0.01621,0.02844
2024/02/14 05:03:19.00,458487.6701,5634885.9336,2945561.5786,12.0,5.1319,17.2398,6.7564,0.01542,-0.04258,-0.00801
2024/02/14 05:03:20.00,458487.7595,5634885.7847,2945561.6512,12.0,5.1321,17.2401,6.7557,0.01265,0.00042,-0.00216
2024/02/14 05:03:21.00,458487.8522,5634885.9691,2945561.7194,12.0,5.1323,17.2405,6.7551,-0.0027,0.01784,-0.02434
2024/02/14 05:03:22.00,458487.9452,5634885.9044,2945561.7382,12.0,5.1325,17.2409,6.7544,0.00562,0.03105,-0.01741
2024/02/14 05:03:23.00,458487.9347,5634885.72,2945561.769,12.0,5.1326,17.2412,6.7538,-0.00166,-0.01124,-0.01639
2024/02/14 05:03:24.00,458487.9431,5634885.9299,2945561.7832,12.0,5.1328,17.2416,6.7531,-0.01188,-0.06866,-0.03302
2024/02/14 05:03:25.00,458487.8915,5634885.9317,2945561.7188,12.0,5.133,17.2419,6.7525,-0.00563,-0.05385,0.01436
2024/02/14 05:03:26.00,458487.8443,5634885.6589,2945561.6982,12.0,5.1332,17.2423,6.7518,0.0063,0.02537,0.0121
2024/02/14 05:03:27.00,458487.8475,5634885.5808,2945561.6857,12.0,5.1334,17.2427,6.7512,-0.00587,-0.00405,-0.009
2024/02/14 05:03:28.00,458487.7914,5634885.4509,2945561.6636,12.0,5.1336,17.243,6.7505,-0.0057,-0.08425,-0.03643
2024/02/14 05:03:29.00,458487.8678,5634885.1661,2945561.7272,12.0,5.1338,17.2434,6.7499,0.02483,0.0405,-0.01735
2024/02/14 05:03:30.00,458487.7957,5634885.1914,2945561.6059,12.0,5.1339,17.2437,6.7492,-0.00025,0.05137,-0.0053
2024/02/14 05:03:31.00,458487.8686,5634885.475,2945561.6907,12.0,5.1341,17.2441,6.7486,0.0362,0.14871,0.0087
2024/02/14 05:03:32.00,458487.7744,5634885.1422,2945561.657,12.0,5.1343,17.2444,6.7479,-0.01299,-0.06718,-0.02118
2024/02/14 05:03:33.00,458487.7313,5634885.0217,2945561.5291,12.0,5.1345,17.2448,6.7473,0.00922,-0.00646,-0.02776
2024/02/14 05:03:34.00,458487.7019,5634885.1439,2945561.4605,12.0,5.1347,17.2451,6.7466,-0.00166,-0.00654,-0.01157
2024/02/14 05:03:35.00,458487.7487,5634885.1965,2945561.3447,12.0,5.1349,17.2455,6.746,-0.00837,-0.03307,0.00276
2024/02/14 05:03:36.00,458487.6435,5634884.992,2945561.3553,12.0,5.135,17.2458,6.7453,0.01082,0.00776,0.00741
2024/02/14 05:03:37.00,458487.6025,5634885.0512,2945561.4593,12.0,5.1352,17.2462,6.7447,0.01925,0.01519,-0.00572
2024/02/14 05:03:38.00,458487.5851,5634885.0865,2945561.4138,12.0,5.1354,17.2465,6.744,0.01105,0.08369,0.01184
2024/02/14 05:03:39.00,458487.5722,5634885.2174,2945561.3968,12.0,5.1356,17.2469,6.7434,0.02018,0.05414,-0.00687
2024/02/14 05:03:40.00,458487.4558,5634885.1422,2945561.2953,12.0,5.1358,17.2472,6.7427,-0.013,-0.05986,-0.02176
2024/02/14 05:03:41.00,458487.5049,5634885.0726,2945561.271,12.0,5.136,17.2476,6.7421,-0.02429,-0.04986,-0.01498
2024/02/14 05:03:42.00,458487.5685,5634885.0452,2945561.3356,12.0,5.1361,17.2479,6.7414,0.03304,0.0087,-0.00437
2024/02/14 05:03:43.00,458487.6253,5634885.1106,2945561.3322,12.0,5.1363,17.2483,6.7408,-0.01382,-0.00448,-0.00044
2024/02/14 05:03:44.00,458487.6786,5634884.9726,2945561.2941,12.0,5.1365,17.2486,6.7401,-0.00019,-0.01364,-0.04349
2024/02/14 05:03:45.00,458487.5402,5634884.8447,2945561.181,12.0,5.1367,17.249,6.7394,-0.02455,-0.05362,-0.04769
2024/02/14 05:03:46.00,458487.5502,5634884.6939,2945561.1782,12.0,5.1369,17.2493,6.7388,0.00869,0.01861,0.01382
2024/02/14 05:03:47.00,458487.5232,5634884.7509,2945561.1534,12.0,5.1371,17.2496,6.7381,0.00294,-0.04401,0.0185
2024/02/14 05:03:48.00,458487.4183,5634884.7131,2945561.1868,12.0,5.1372,17.25,6.7375,-0.03641,-0.08551,-0.05003
2024/02/14 05:03:49.00,458487.396,5634884.7021,2945561.1515,12.0,5.1374,17.2503,6.7368,0.01778,0.0671,0.0207
2024/02/14 05:03:50.00,458487.4157,5634884.56,2945561.0666,12.0,5.1376,17.2506,6.7362,-0.00456,-0.01164,0.03046
2024/02/14 05:03:51.00,458487.4326,5634884.5062,2945561.2462,12.0,5.1378,17.251,6.7355,0.009,0.02194,0.00712
2024/02/14 05:03:52.00,458487.4689,5634884.455,2945561.2163,12.0,5.138,17.2513,6.7349,-0.00035,0.07257,-0.00811
2024/02/14 05:03:53.00,458487.3758,5634884.2177,2945561.2088,12.0,5.1381,17.2516,6.7342,-0.01161,-0.12581,0.00335
2024/02/14 05:03:54.00,458487.378,5634883.9685,2945561.2736,12.0,5.1383,17.252,6.7336,-0.004,0.00364,-0.02836
2024/02/14 05:03:55.00,458487.449,5634884.208,2945561.2139,12.0,5.1385,17.2523,6.7329,-0.00349,-0.05077,-0.00554
2024/02/14 05:03:56.00,458487.4049,5634883.9063,2945561.1643,12.0,5.1387,17.2526,6.7323,-0.01834,-0.04693,-0.01265
2024/02/14 05:03:57.00,458487.4622,5634883.8825,2945561.2282,12.0,5.1389,17.253,6.7316,0.00208,-0.03033,0.02869
2024/02/14 05:03:58.00,458487.5106,5634884.3215,2945561.2811,12.0,5.1391,17.2533,6.731,-0.01293,-0.07759,-0.02445
2024/02/14 05:03:59.00,458487.5416,5634884.3214,2945561.3646,12.0,5.1392,17.2536,6.7303,-0.00953,-0.01489,0.00408
2024/02/14 05:04:00.00,458487.5738,5634884.3835,2945561.312,12.0,5.1394,17.2539,6.7296,-0.03074,-0.01032,-0.02513
2024/02/14 05:04:01.00,458487.6102,5634884.7816,2945561.4224,12.0,5.1396,17.2543,6.729,0.01879,-0.00129,0.02705
2024/02/14 05:04:02.00,458487.6466,5634884.5056,2945561.5302,12.0,5.1398,17.2546,6.7283,0.00653,0.0386,-0.01238
2024/02/14 05:04:03.00,458487.603,5634884.5921,2945561.4747,12.0,5.14,17.2549,6.7277,0.01153,0.00872,0.02596
2024/02/14 05:04:04.00,458487.4309,5634884.2607,2945561.2669,12.0,5.1401,17.2552,6.727,0.0061,0.05798,-0.01719
2024/02/14 05:04:05.00,458487.3815,5634883.9687,2945561.2479,12.0,5.1403,17.2555,6.7264,0.0109,0.03914,-0.02004
2024/02/14 05:04:06.00,458487.469,5634884.282,2945561.33,12.0,5.1405,17.2559,6.7257,0.00275,0.00157,0.0204
2024/02/14 05:04:07.00,458487.5367,5634884.3959,2945561.3352,12.0,5.1407,17.2562,6.7251,-0.00937,-0.06175,-0.00481
2024/02/14 05:04:08.00,458487.4647,5634884.3498,2945561.2595,12.0,5.1409,17.2565,6.7244,-0.00289,0.05773,-0.00227
2024/02/14 05:04:09.00,458487.5214,5634884.552,2945561.2677,12.0,5.141,17.2568,6.7238,0.01076,0.01668,-0.03654
2024/02/14 05:04:10.00,458487.5067,5634884.6164,2945561.3182,12.0,5.1412,17.2571,6.7231,0.00286,0.03002,0.00988
2024/02/14 05:04:11.00,458487.4829,5634884.5618,2945561.3639,12.0,5.1414,17.2574,6.7224,-0.02225,-0.00562,0.00041
2024/02/14 05:04:12.00,458487.4393,5634884.2932,2945561.3013,12.0,5.1416,17.2577,6.7218,-0.0061,-0.06898,-0.0262
2024/02/14 05:04:13.00,458487.394,5634884.8972,2945561.2872,12.0,5.1418,17.2581,6.7211,-0.02097,-0.07162,-0.04076
2024/02/14 05:04:14.00,458487.3518,5634884.8609,2945561.2778,12.0,5.1419,17.2584,6.7205,0.00386,-0.02614,-0.00396
2024/02/14 05:04:15.00,458487.3075,5634884.7965,2945561.3862,12.0,5.1421,17.2587,6.7198,-0.00585,-0.01341,-0.01248
2024/02/14 05:04:16.00,458487.3589,5634884.8035,2945561.4088,12.0,5.1423,17.259,6.7192,-0.01159,-0.02052,-0.01873
2024/02/14 05:04:17.00,458487.4093,5634884.8273,2945561.4237,12.0,5.1425,17.2593,6.7185,0.02711,0.0255,-0.01723
2024/02/14 05:04:18.00,458487.4084,5634884.7354,2945561.4163,12.0,5.1427,17.2596,6.7179,-0.02601,0.00655,-0.00046
2024/02/14 05:04:19.00,458487.3919,5634884.4039,2945561.3309,12.0,5.1428,17.2599,6.7172,-0.00811,-0.0473,-0.01169
2024/02/14 05:04:20.00,458487.3608,5634884.2966,2945561.284,12.0,5.143,17.2602,6.7166,-0.00728,-0.07824,0.00169
2024/02/14 05:04:21.00,458487.3418,5634884.4442,2945561.2681,12.0,5.1432,17.2605,6.7159,0.00673,0.03664,0.01078
2024/02/14 05:04:22.00,458487.4327,5634884.6083,2945561.4374,12.0,5.1434,17.2608,6.7152,0.00858,0.08175,0.01308
2024/02/14 05:04:23.00,458487.5853,5634884.8277,2945561.5445,12.0,5.1436,17.2611,6.7146,-0.00407,-0.02384,-0.02582
2024/02/14 05:04:24.00,458487.6507,5634884.829,2945561.7233,12.0,5.1437,17.2614,6.7139,-0.00289,-0.04266,-0.04631
2024/02/14 05:04:25.00,458487.717,5634884.765,2945561.638,12.0,5.1439,17.2617,6.7133,0.00451,-0.03147,-0.03537
2024/02/14 05:04:26.00,458487.6254,5634884.38,2945561.5149,12.0,5.1441,17.262,6.7126,-0.0028,-0.02168,-0.00532
2024/02/14 05:04:27.00,458487.6734,5634884.2587,2945561.5836,12.0,5.1443,17.2623,6.712,0.02611,0.06746,-0.00197
2024/02/14 05:04:28.00,458487.6049,5634884.1386,2945561.5647,12.0,5.1445,17.2626,6.7113,0.0046,-0.04894,-0.02945
2024/02/14 05:04:29.00,458487.5591,5634884.0447,2945561.5329,12.0,5.1446,17.2629,6.7107,-0.00059,0.01443,-0.00842
2024/02/14 05:04:30.00,458487.5125,5634884.0838,2945561.4779,12.0,5.1448,17.2632,6.71,-0.01733,-0.00348,-0.00211
2024/02/14 05:04:31.00,458487.5023,5634884.0815,2945561.5348,12.0,5.145,17.2635,6.7093,-0.00712,0.03327,-0.00512
2024/02/14 05:04:32.00,458487.6264,5634884.1997,2945561.6257,12.0,5.1452,17.2638,6.7087,0.00072,0.09316,-0.00996
2024/02/14 05:04:33.00,458487.5621,5634884.0776,2945561.6368,12.0,5.1453,17.2641,6.708,0.02444,-0.01665,-0.02554
2024/02/14 05:04:34.00,458487.5994,5634884.0059,2945561.6731,12.0,5.1455,17.2643,6.7074,0.00176,-0.00123,-0.00767
2024/02/14 05:04:35.00,458487.6616,5634884.0598,2945561.7138,12.0,5.1457,17.2646,6.7067,-0.00098,-0.0417,-0.03309
2024/02/14 05:04:36.00,458487.6523,5634883.9842,2945561.5704,12.0,5.1459,17.2649,6.7061,0.0063,0.04614,0.00296
2024/02/14 05:04:37.00,458487.6463,5634883.9384,2945561.5733,12.0,5.1461,17.2652,6.7054,-0.01376,-0.05828,-0.01614
2024/02/14 05:04:38.00,458487.6796,5634883.9504,2945561.5655,12.0,5.1462,17.2655,6.7048,0.00114,0.01771,0.01833
2024/02/14 05:04:39.00,458487.671,5634884.0559,2945561.6026,12.0,5.1464,17.2658,6.7041,0.01213,0.01017,0.00021
2024/02/14 05:04:40.00,458487.6411,5634884.0743,2945561.531,12.0,5.1466,17.2661,6.7034,-0.01054,-0.06514,0.00625
2024/02/14 05:04:41.00,458487.5605,5634883.7879,2945561.4174,12.0,5.1468,17.2663,6.7028,0.00859,-0.06525,-0.02056
2024/02/14 05:04:42.00,458487.6486,5634883.7414,2945561.3495,12.0,5.1469,17.2666,6.7021,-0.00175,-0.03406,-0.01395
2024/02/14 05:04:43.00,458487.7015,5634884.0182,2945561.4349,12.0,5.1471,17.2669,6.7015,0.02261,0.05262,0.02017
2024/02/14 05:04:44.00,458487.629,5634883.9241,2945561.3668,12.0,5.1473,17.2672,6.7008,-0.01938,-0.01907,-0.02228
2024/02/14 05:04:45.00,458487.6201,5634884.0494,2945561.39,12.0,5.1475,17.2675,6.7002,0.01837,0.00327,0.02119
2024/02/14 05:04:46.00,458487.5874,5634884.0689,2945561.4707,12.0,5.1477,17.2677,6.6995,-0.00389,0.01402,-0.01673
2024/02/14 05:04:47.00,458487.5146,5634884.2999,2945561.3724,12.0,5.1478,17.268,6.6988,-0.01343,0.0177,0.02529
2024/02/14 05:04:48.00,458487.5106,5634884.4402,2945561.4774,12.0,5.148,17.2683,6.6982,-0.015,-0.11531,0.00125
2024/02/14 05:04:49.00,458487.4808,5634884.2138,2945561.4135,12.0,5.1482,17.2685,6.6975,-0.00167,-0.0801,-0.00887
2024/02/14 05:04:50.00,458487.5873,5634884.5723,2945561.5906,12.0,5.1484,17.2688,6.6969,-0.01005,-0.08396,-0.01781
2024/02/14 05:04:51.00,458487.4971,5634884.451,2945561.4711,12.0,5.1485,17.2691,6.6962,-0.02545,-0.0187,-0.01878
2024/02/14 05:04:52.00,458487.4468,5634884.5293,2945561.5651,12.0,5.1487,17.2694,6.6956,0.00888,0.07789,-0.00139
2024/02/14 05:04:53.00,458487.396,5634884.5686,2945561.5189,12.0,5.1489,17.2696,6.6949,-0.00265,-0.02298,-0.00197
2024/02/14 05:04:54.00,458487.4323,5634884.7245,2945561.5621,12.0,5.1491,17.2699,6.6943,-0.01642,0.00453,-0.04705
2024/02/14 05:04:55.00,458487.4455,5634884.8104,2945561.4931,12.0,5.1492,17.2702,6.6936,-0.02319,-0.1452,-0.0306
2024/02/14 05:04:56.00,458487.4508,5634884.924,2945561.4227,12.0,5.1494,17.2704,6.6929,-0.01768,-0.00973,0.02775
2024/02/14 05:04:57.00,458487.4532,5634885.1303,2945561.5228,12.0,5.1496,17.2707,6.6923,0.00937,-0.11444,-0.01961
2024/02/14 05:04:58.00,458487.4196,5634884.9218,2945561.463,12.0,5.1498,17.271,6.6916,-0.00068,0.06377,0.0097
2024/02/14 05:04:59.00,458487.4644,5634885.2621,2945561.3696,12.0,5.1499,17.2712,6.691,-0.00778,-0.00882,-0.02947
2024/02/14 05:05:00.00,458487.5626,5634885.3725,2945561.4115,12.0,5.1501,17.2715,6.6903,-0.00727,0.01229,0.01084
2024/02/14 05:05:01.00,458487.5741,5634885.4695,2945561.5521,12.0,5.1503,17.2717,6.6897,-0.0084,-0.00324,0.00602
2024/02/14 05:05:02.00,458487.6583,5634885.5597,2945561.5698,12.0,5.1505,17.272,6.689,0.0135,0.06726,-0.01987
2024/02/14 05:05:03.00,458487.589,5634885.5429,2945561.5895,12.0,5.1507,17.2723,6.6883,-0.0049,0.0438,-0.01881
2024/02/14 05:05:04.00,458487.5782,5634885.1662,2945561.5394,12.0,5.1508,17.2725,6.6877,0.00622,0.06654,0.01506
2024/02/14 05:05:05.00,458487.5746,5634885.3084,2945561.6753,12.0,5.151,17.2728,6.687,0.01143,0.04404,-0.0171
2024/02/14 05:05:06.00,458487.5405,5634885.3253,2945561.6727,12.0,5.1512,17.273,6.6864,0.01438,0.06227,-0.0086
2024/02/14 05:05:07.00,458487.6061,5634885.236,2945561.6077,12.0,5.1514,17.2733,6.6857,-0.0273,-0.0051,-0.01897
2024/02/14 05:05:08.00,458487.5377,5634885.0411,2945561.5882,12.0,5.1515,17.2735,6.685,-0.00645,-0.07338,-0.03398
2024/02/14 05:05:09.00,458487.5469,5634884.8865,2945561.5583,12.0,5.1517,17.2738,6.6844,-0.01204,-0.03718,-0.01861
2024/02/14 05:05:10.00,458487.5049,5634884.9028,2945561.5124,12.0,5.1519,17.274,6.6837,0.0087,-0.04062,0.00227
2024/02/14 05:05:11.00,458487.4762,5634884.8834,2945561.6218,12.0,5.1521,17.2743,6.6831,0.04392,0.161,0.00869
2024/02/14 05:05:12.00,458487.4138,5634884.8988,2945561.6228,12.0,5.1522,17.2745,6.6824,-0.0202,-0.02748,-0.00074
2024/02/14 05:05:13.00,458487.5221,5634885.2939,2945561.6224,12.0,5.1524,17.2748,6.6818,0.00046,0.05242,-0.02127
2024/02/14 05:05:14.00,458487.511,5634885.0868,2945561.514,12.0,5.1526,17.275,6.6811,-0.01286,-0.03858,-0.00212
2024/02/14 05:05:15.00,458487.5674,5634885.1645,2945561.4403,12.0,5.1527,17.2753,6.6804,0.02302,0.02278,-0.01681
2024/02/14 05:05:16.00,458487.5368,5634885.1736,2945561.5691,12.0,5.1529,17.2755,6.6798,0.00289,0.01082,-0.03108
2024/02/14 05:05:17.00,458487.5953,5634885.5268,2945561.5905,12.0,5.1531,17.2758,6.6791,-0.00555,-0.05268,-0.00037
2024/02/14 05:05:18.00,458487.5901,5634885.3666,2945561.3446,12.0,5.1533,17.276,6.6785,-0.01186,-0.04238,0.01171
2024/02/14 05:05:19.00,458487.5592,5634885.0695,2945561.2723,12.0,5.1534,17.2762,6.6778,-0.00841,-0.06426,-0.00464
2024/02/14 05:05:20.00,458487.4197,5634885.0274,2945561.0983,12.0,5.1536,17.2765,6.6772,-0.01848,0.04496,-0.03118
2024/02/14 05:05:21.00,458487.4531,5634885.1584,2945561.0504,12.0,5.1538,17.2767,6.6765,-0.00642,-0.03724,0.00614
2024/02/14 05:05:22.00,458487.4766,5634885.3412,2945561.0571,12.0,5.154,17.277,6.6758,-0.02,-0.03647,-0.00814
2024/02/14 05:05:23.00,458487.5972,5634885.3505,2945561.1578,12.0,5.1541,17.2772,6.6752,-0.00488,-0.01457,-0.02604
2024/02/14 05:05:24.00,458487.5807,5634885.1659,2945561.1738,12.0,5.1543,17.2774,6.6745,-0.01978,-0.05596,-0.01781
2024/02/14 05:05:25.00,458487.642,5634884.9725,2945561.2135,12.0,5.1545,17.2777,6.6739,-0.00522,0.03249,-0.03429
2024/02/14 05:05:26.00,458487.6854,5634885.4574,2945561.2206,12.0,5.1547,17.2779,6.6732,0.02299,0.05014,0.01196
2024/02/14 05:05:27.00,458487.7384,5634885.5847,2945561.2727,12.0,5.1548,17.2781,6.6725,-0.00785,-0.00409,-0.02291
2024/02/14 05:05:28.00,458487.7018,5634885.2445,2945561.2559,12.0,5.155,17.2784,6.6719,-0.01102,0.02927,0.01317
2024/02/14 05:05:29.00,458487.7583,5634885.1664,2945561.4056,12.0,5.1552,17.2786,6.6712,-0.00823,-0.04694,-0.01715
2024/02/14 05:05:30.00,458487.7177,5634885.1029,2945561.2837,12.0,5.1554,17.2788,6.6706,-0.00564,0.02532,-0.00348
2024/02/14 05:05:31.00,458487.7218,5634885.331,2945561.293,12.0,5.1555,17.279,6.6699,0.01895,0.00344,0.02149
2024/02/14 05:05:32.00,458487.8,5634885.3985,2945561.3504,12.0,5.1557,17.2793,6.6692,0.02037,0.07516,-0.02143
2024/02/14 05:05:33.00,458487.7362,5634885.2441,2945561.3229,12.0,5.1559,17.2795,6.6686,0.03321,0.07828,0.01404
2024/02/14 05:05:34.00,458487.6827,5634884.9692,2945561.1635,12.0,5.156,17.2797,6.6679,0.00234,-0.02201,-0.02199
2024/02/14 05:05:35.00,458487.6574,5634884.9498,2945561.1588,12.0,5.1562,17.2799,6.6673,0.00397,-0.04665,-0.00937
2024/02/14 05:05:36.00,458487.5748,5634884.7253,2945561.0688,12.0,5.1564,17.2802,6.6666,-0.02441,-0.01374,-0.01984
2024/02/14 05:05:37.00,458487.5936,5634884.7092,2945561.0983,12.0,5.1566,17.2804,6.666,-0.01321,-0.07728,-0.03655
2024/02/14 05:05:38.00,458487.6712,5634884.7606,2945561.135,12.0,5.1567,17.2806,6.6653,0.00683,0.12504,0.0219
2024/02/14 05:05:39.00,458487.7032,5634884.7085,2945561.2012,12.0,5.1569,17.2808,6.6646,0.00427,0.0248,-0.01752
2024/02/14 05:05:40.00,458487.624,5634884.4506,2945561.0975,12.0,5.1571,17.281,6.664,-0.01048,-0.04698,-0.01664
2024/02/14 05:05:41.00,458487.6234,5634884.6407,2945561.167,12.0,5.1572,17.2813,6.6633,0.01052,0.00534,-0.0203
2024/02/14 05:05:42.00,458487.6051,5634884.6069,2945561.1842,12.0,5.1574,17.2815,6.6627,-0.00994,0.00469,-0.01196
2024/02/14 05:05:43.00,458487.5985,5634884.5583,2945561.1604,12.0,5.1576,17.2817,6.662,0.03202,0.02449,0.02969
2024/02/14 05:05:44.00,458487.6705,5634884.6696,2945561.1952,12.0,5.1578,17.2819,6.6613,0.00328,0.02773,-0.00704
2024/02/14 05:05:45.00,458487.6988,5634884.7803,2945561.396,12.0,5.1579,17.2821,6.6607,0.01161,0.02639,0.0403
2024/02/14 05:05:46.00,458487.6912,5634884.8754,2945561.2823,12.0,5.1581,17.2823,6.66,0.01981,0.06326,0.00974
2024/02/14 05:05:47.00,458487.6785,5634884.7909,2945561.3238,12.0,5.1583,17.2825,6.6594,0.01249,-0.06736,-0.01867
2024/02/14 05:05:48.00,458487.7775,5634885.0018,2945561.3665,12.0,5.1585,17.2827,6.6587,-0.00949,-0.02917,-0.00531
2024/02/14 05:05:49.00,458487.7347,5634884.9348,2945561.3652,12.0,5.1586,17.283,6.658,-0.017,-0.11768,-0.0036
2024/02/14 05:05:50.00,458487.7333,5634884.7681,2945561.2541,12.0,5.1588,17.2832,6.6574,-0.01021,0.0124,-0.03306
2024/02/14 05:05:51.00,458487.599,5634884.3769,2945561.0424,12.0,5.159,17.2834,6.6567,0.01931,-0.06079,0.02145
2024/02/14 05:05:52.00,458487.6287,5634884.3336,2945561.1015,12.0,5.1591,17.2836,6.6561,0.00642,0.01432,-0.04172
2024/02/14 05:05:53.00,458487.6413,5634884.612,2945561.2442,12.0,5.1593,17.2838,6.6554,-0.01099,-0.04423,-0.03129
2024/02/14 05:05:54.00,458487.5906,5634884.7813,2945561.319,12.0,5.1595,17.284,6.6547,-0.00897,-0.0173,-0.01355
2024/02/14 05:05:55.00,458487.5297,5634884.6442,2945561.2684,12.0,5.1596,17.2842,6.6541,0.02103,-0.02988,-0.00686
2024/02/14 05:05:56.00,458487.5664,5634884.7072,2945561.236,12.0,5.1598,17.2844,6.6534,0.00645,0.0211,-0.00403
2024/02/14 05:05:57.00,458487.6005,5634884.8894,2945561.3397,12.0,5.16,17.2846,6.6528,-8e-05,-0.01015,0.00749
2024/02/14 05:05:58.00,458487.5434,5634884.6379,2945561.2577,12.0,5.1602,17.2848,6.6521,0.01752,-0.05108,-0.00073
2024/02/14 05:05:59.00,458487.4637,5634884.6213,2945561.216,12.0,5.1603,17.285,6.6514,0.0094,-0.00633,0.02063
2024/02/14 05:06:00.00,458487.564,5634884.9682,2945561.2547,12.0,5.1605,17.2852,6.6508,-0.00444,-0.03335,-0.03025
2024/02/14 05:06:01.00,458487.6691,5634885.5179,2945561.3879,12.0,5.1607,17.2854,6.6501,0.01666,0.02383,0.02812
2024/02/14 05:06:02.00,458487.6093,5634885.4007,2945561.51,12.0,5.1608,17.2856,6.6495,0.00623,0.06272,0.02243
2024/02/14 05:06:03.00,458487.4599,5634885.081,2945561.5364,12.0,5.161,17.2858,6.6488,-0.00622,0.01369,-0.01337
2024/02/14 05:06:04.00,458487.5254,5634885.2493,2945561.6032,12.0,5.1612,17.2859,6.6481,0.04754,0.09894,0.00663
2024/02/14 05:06:05.00,458487.5906,5634885.8153,2945561.7514,12.0,5.1613,17.2861,6.6475,0.0178,0.05967,-0.02632
2024/02/14 05:06:06.00,458487.4795,5634885.4306,2945561.6363,12.0,5.1615,17.2863,6.6468,0.00704,0.02009,-0.00614
2024/02/14 05:06:07.00,458487.4539,5634885.1271,2945561.5224,12.0,5.1617,17.2865,6.6462,0.00667,-0.04041,-0.02835
2024/02/14 05:06:08.00,458487.481,5634885.2731,2945561.5869,12.0,5.1619,17.2867,6.6455,0.02264,0.02272,0.05072
2024/02/14 05:06:09.00,458487.4601,5634885.3599,2945561.6198,12.0,5.162,17.2869,6.6448,0.00188,0.00329,0.00931
2024/02/14 05:06:10.00,458487.548,5634885.313,2945561.7579,12.0,5.1622,17.2871,6.6442,-0.00609,-0.01637,-0.00522
2024/02/14 05:06:11.00,458487.6665,5634885.6408,2945561.9117,12.0,5.1624,17.2873,6.6435,-0.01112,-0.07377,-0.04376
2024/02/14 05:06:12.00,458487.6846,5634886.0332,2945561.9038,12.0,5.1625,17.2874,6.6429,-0.00855,-0.01877,-0.01366
2024/02/14 05:06:13.00,458487.558,5634885.8114,2945561.6908,12.0,5.1627,17.2876,6.6422,0.00554,-0.02169,-0.00818
2024/02/14 05:06:14.00,458487.4197,5634885.843,2945561.6143,12.0,5.1629,17.2878,6.6415,-0.00252,-0.0665,0.01244
2024/02/14 05:06:15.00,458487.4356,5634885.7435,2945561.6873,12.0,5.163,17.288,6.6409,-0.0041,0.04384,0.00947
2024/02/14 05:06:16.00,458487.4823,5634886.3516,2945561.87,12.0,5.1632,17.2882,6.6402,-0.01316,-0.05411,-0.02622
2024/02/14 05:06:17.00,458487.481,5634886.075,2945561.8097,12.0,5.1634,17.2883,6.6396,0.00313,0.00853,0.01821
2024/02/14 05:06:18.00,458487.5216,5634885.9105,2945561.8593,12.0,5.1635,17.2885,6.6389,-0.00136,-0.03499,-0.00871
2024/02/14 05:06:19.00,458487.478,5634885.9551,2945561.7657,12.0,5.1637,17.2887,6.6382,-0.00143,-0.02628,-0.01974
2024/02/14 05:06:20.00,458487.5439,5634886.0715,2945562.0156,12.0,5.1639,17.2889,6.6376,-0.0012,-0.00101,-0.03194
2024/02/14 05:06:21.00,458487.4959,5634886.0149,2945562.0719,12.0,5.164,17.289,6.6369,-0.00923,-0.01706,-0.01308
2024/02/14 05:06:22.00,458487.4688,5634885.8907,2945562.0498,12.0,5.1642,17.2892,6.6363,0.00484,0.00916,-0.02711
2024/02/14 05:06:23.00,458487.4269,5634885.8584,2945561.99,12.0,5.1644,17.2894,6.6356,0.03248,0.02999,0.00444
2024/02/14 05:06:24.00,458487.4122,5634885.7291,2945562.0724,12.0,5.1646,17.2896,6.6349,-0.05646,-0.07481,0.02839
2024/02/14 05:06:25.00,458487.2175,5634885.7275,2945562.2041,12.0,5.1647,17.2897,6.6343,-0.40395,-0.03105,0.2636
2024/02/14 05:06:26.00,458486.4017,5634885.3596,2945562.655,12.0,5.1649,17.2899,6.6336,-1.07805,-0.22542,0.74997
2024/02/14 05:06:27.00,458485.0162,5634884.217,2945563.3984,12.0,5.1651,17.2901,6.6329,-1.37177,-0.3188,0.86821
2024/02/14 05:06:28.00,458483.599,5634883.677,2945564.1831,12.0,5.1652,17.2902,6.6323,-1.29925,-0.39909,0.88544
2024/02/14 05:06:29.00,458482.2708,5634883.0801,2945564.959,12.0,5.1654,17.2904,6.6316,-1.51637,-0.37173,0.92025
2024/02/14 05:06:30.00,458480.6105,5634882.5242,2945566.0673,12.0,5.1656,17.2906,6.631,-2.0019,-0.43819,1.22417
2024/02/14 05:06:31.00,458478.4869,5634882.3481,2945567.4596,12.0,5.1657,17.2907,6.6303,-2.31599,-0.59432,1.41977
2024/02/14 05:06:32.00,458476.1605,5634881.9885,2945569.0473,12.0,5.1659,17.2909,6.6296,-2.49804,-0.4705,1.57201
2024/02/14 05:06:33.00,458473.5884,5634881.569,2945570.625,12.0,5.1661,17.291,6.629,-2.53734,-0.50704,1.51118
2024/02/14 05:06:34.00,458471.184,5634881.3527,2945572.1153,12.0,5.1662,17.2912,6.6283,-2.37445,-0.45044,1.49603
2024/02/14 05:06:35.00,458468.6397,5634880.874,2945573.6454,12.0,5.1664,17.2914,6.6277,-2.79499,-0.79034,1.60744
2024/02/14 05:06:36.00,458465.7434,5634880.0292,2945575.4195,12.0,5.1666,17.2915,6.627,-3.02153,-0.58418,1.86644
2024/02/14 05:06:37.00,458462.5624,5634879.4316,2945577.4428,12.0,5.1667,17.2917,6.6263,-3.4187,-0.85576,2.10685
2024/02/14 05:06:38.00,458458.901,5634878.449,2945579.4994,12.0,5.1669,17.2918,6.6257,-3.68001,-0.84887,2.42958
2024/02/14 05:06:39.00,458455.0361,5634877.3586,2945582.0041,12.0,5.1671,17.292,6.625,-4.07581,-1.00181,2.65722
2024/02/14 05:06:40.00,458450.8707,5634876.1277,2945584.8816,12.0,5.1672,17.2921,6.6243,-4.32936,-1.13885,2.82207
2024/02/14 05:06:41.00,458446.5896,5634874.8973,2945587.7809,12.0,5.1674,17.2923,6.6237,-4.34989,-1.06468,2.78908
2024/02/14 05:06:42.00,458442.1755,5634873.6782,2945590.5376,12.0,5.1676,17.2924,6.623,-4.22162,-1.01433,2.74096
2024/02/14 05:06:43.00,458438.0358,5634872.9295,2945593.1186,12.0,5.1677,17.2926,6.6224,-4.11397,-1.05738,2.59
2024/02/14 05:06:44.00,458433.9746,5634872.0448,2945595.7444,12.0,5.1679,17.2927,6.6217,-3.98159,-0.87797,2.52792
2024/02/14 05:06:45.00,458429.9794,5634870.9785,2945598.1081,12.0,5.1681,17.2929,6.621,-3.88531,-0.86904,2.46922
2024/02/14 05:06:46.00,458426.2047,5634869.8995,2945600.2847,12.0,5.1682,17.293,6.6204,-3.60775,-0.87316,2.25456
2024/02/14 05:06:47.00,458422.6647,5634869.0252,2945602.374,12.0,5.1684,17.2932,6.6197,-3.40386,-0.64766,2.05001
2024/02/14 05:06:48.00,458419.198,5634867.995,2945604.3502,12.0,5.1686,17.2933,6.6191,-3.46112,-0.62376,2.03124
2024/02/14 05:06:49.00,458415.8809,5634867.2409,2945606.1775,12.0,5.1687,17.2935,6.6184,-2.92943,-0.73898,1.60123
2024/02/14 05:06:50.00,458413.5754,5634866.5459,2945607.5041,12.0,5.1689,17.2936,6.6177,-1.92759,-0.54254,0.99406
2024/02/14 05:06:51.00,458411.886,5634866.2363,2945608.583,12.0,5.1691,17.2938,6.6171,-1.57633,-0.31567,0.94399
2024/02/14 05:06:52.00,458410.3396,5634866.5394,2945609.631,12.0,5.1692,17.2939,6.6164,-1.5251,-0.39603,0.84878
2024/02/14 05:06:53.00,458408.9411,5634866.3616,2945610.5134,12.0,5.1694,17.294,6.6157,-1.44743,-0.21683,0.87317
2024/02/14 05:06:54.00,458407.5109,5634866.234,2945611.4065,12.0,5.1696,17.2942,6.6151,-1.48341,-0.36516,0.83195
2024/02/14 05:06:55.00,458406.0423,5634866.1502,2945612.2186,12.0,5.1697,17.2943,6.6144,-1.4817,-0.1559,0.77314
2024/02/14 05:06:56.00,458404.3748,5634865.8674,2945613.0259,12.0,5.1699,17.2944,6.6138,-1.74459,-0.44347,0.9754
2024/02/14 05:06:57.00,458402.5283,5634865.3773,2945614.0675,12.0,5.1701,17.2946,6.6131,-2.01619,-0.30476,1.04251
2024/02/14 05:06:58.00,458400.3693,5634865.0971,2945615.1023,12.0,5.1702,17.2947,6.6124,-2.25526,-0.55628,1.11377
2024/02/14 05:06:59.00,458398.0125,5634864.7138,2945616.2978,12.0,5.1704,17.2948,6.6118,-2.54183,-0.44684,1.37461
2024/02/14 05:07:00.00,458395.4002,5634864.52,2945617.8193,12.0,5.1706,17.295,6.6111,-2.8768,-0.57077,1.43261
2024/02/14 05:07:01.00,458392.3899,5634863.8781,2945619.3036,12.0,5.1707,17.2951,6.6104,-2.80663,-0.55778,1.56607
2024/02/14 05:07:02.00,458389.6822,5634863.4395,2945620.8293,12.0,5.1709,17.2952,6.6098,-2.64733,-0.5634,1.50298
2024/02/14 05:07:03.00,458387.0603,5634862.7321,2945622.3053,12.0,5.171,17.2954,6.6091,-2.6571,-0.8676,1.39071
2024/02/14 05:07:04.00,458384.6116,5634862.2015,2945623.8357,12.0,5.1712,17.2955,6.6085,-2.49979,-0.51706,1.37092
2024/02/14 05:07:05.00,458381.9945,5634861.5806,2945625.4502,12.0,5.1714,17.2956,6.6078,-2.64517,-0.365,1.64171
2024/02/14 05:07:06.00,458379.2619,5634861.0233,2945627.1968,12.0,5.1715,17.2957,6.6071,-2.75234,-0.45312,1.81839
2024/02/14 05:07:07.00,458376.4643,5634860.4287,2945629.0627,12.0,5.1717,17.2959,6.6065,-2.67685,-0.68861,2.07591
2024/02/14 05:07:08.00,458373.8222,5634859.4159,2945631.2557,12.0,5.1719,17.296,6.6058,-2.57832,-0.8699,2.28474
2024/02/14 05:07:09.00,458371.5016,5634858.1893,2945633.7382,12.0,5.172,17.2961,6.6051,-2.19508,-1.25591,2.5867
2024/02/14 05:07:10.00,458369.6497,5634856.7857,2945636.523,12.0,5.1722,17.2962,6.6045,-1.72653,-1.19573,3.07538
2024/02/14 05:07:11.00,458368.1424,5634855.2741,2945639.8715,12.0,5.1724,17.2963,6.6038,-1.29577,-1.67857,3.48395
2024/02/14 05:07:12.00,458366.9965,5634853.1465,2945643.659,12.0,5.1725,17.2965,6.6032,-0.86972,-2.16707,3.93947
2024/02/14 05:07:13.00,458366.3286,5634850.9242,2945647.9941,12.0,5.1727,17.2966,6.6025,-0.48726,-2.46043,4.40581
2024/02/14 05:07:14.00,458365.971,5634848.5234,2945652.7092,12.0,5.1729,17.2967,6.6018,-0.32721,-2.55993,5.01568
2024/02/14 05:07:15.00,458365.5948,5634845.7811,2945657.9711,12.0,5.173,17.2968,6.6012,-0.25449,-3.22321,5.66752
2024/02/14 05:07:16.00,458365.4341,5634842.6835,2945664.0378,12.0,5.1732,17.2969,6.6005,-0.18514,-2.90227,6.10848
2024/02/14 05:07:17.00,458364.9758,5634840.5517,2945669.9457,12.0,5.1733,17.297,6.5998,-0.92157,0.80702,5.65232
2024/02/14 05:07:18.00,458364.255,5634841.1439,2945675.7964,12.0,5.1735,17.2971,6.5992,-0.71514,-0.30643,5.87058
2024/02/14 05:07:19.00,458364.5096,5634833.5558,2945681.9167,12.0,5.1737,17.2973,6.5985,-0.27961,-3.45437,6.09016
2024/02/14 05:07:20.00,458364.2059,5634831.4237,2945688.2093,12.0,5.1738,17.2974,6.5978,-0.10123,-3.25188,6.4745
2024/02/14 05:07:21.00,458364.0927,5634827.4422,2945694.8792,12.0,5.174,17.2975,6.5972,-0.27112,-3.35337,6.90967
2024/02/14 05:07:22.00,458363.8946,5634823.3483,2945701.9006,12.0,5.1742,17.2976,6.5965,-0.23745,-3.58771,7.14908
2024/02/14 05:07:23.00,458363.7694,5634818.4847,2945709.2024,12.0,5.1743,17.2977,6.5959,-0.32854,-4.04005,7.37845
2024/02/14 05:07:24.00,458363.4252,5634815.4442,2945716.6687,12.0,5.1745,17.2978,6.5952,-0.15923,-3.82098,7.65512
2024/02/14 05:07:25.00,458363.2892,5634811.2304,2945724.39,12.0,5.1746,17.2979,6.5945,-0.10114,-4.02429,7.86018
2024/02/14 05:07:26.00,458363.2959,5634807.1233,2945732.3501,12.0,5.1748,17.298,6.5939,-0.06028,-3.85547,8.01917
2024/02/14 05:07:27.00,458363.2056,5634802.6461,2945740.2445,12.0,5.175,17.2981,6.5932,-0.0729,-4.18895,7.81997
2024/02/14 05:07:28.00,458363.1816,5634798.6461,2945748.1493,12.0,5.1751,17.2982,6.5925,0.02251,-4.13311,7.86886
2024/02/14 05:07:29.00,458363.0597,5634794.3545,2945755.8574,12.0,5.1753,17.2983,6.5919,-0.11101,-4.0805,7.85069
2024/02/14 05:07:30.00,458362.8924,5634790.2046,2945763.5635,12.0,5.1755,17.2984,6.5912,-0.11193,-3.89697,7.7394
2024/02/14 05:07:31.00,458362.6406,5634786.0484,2945771.3658,12.0,5.1756,17.2985,6.5905,-0.09659,-4.25793,7.61375
2024/02/14 05:07:32.00,458362.4849,5634781.962,2945778.9995,12.0,5.1758,17.2986,6.5899,-0.14255,-3.99491,7.57072
2024/02/14 05:07:33.00,458362.5449,5634778.2088,2945786.6318,12.0,5.1759,17.2987,6.5892,0.035,-3.9804,7.44912
2024/02/14 05:07:34.00,458362.5455,5634774.1331,2945793.981,12.0,5.1761,17.2988,6.5885,-0.02365,-4.20885,7.39598
2024/02/14 05:07:35.00,458362.4829,5634770.2388,2945801.5144,12.0,5.1763,17.2989,6.5879,-0.08171,-4.01756,7.71897
2024/02/14 05:07:36.00,458362.3967,5634765.6295,2945809.1718,12.0,5.1764,17.299,6.5872,0.09425,-4.73814,7.92803
2024/02/14 05:07:37.00,458362.1609,5634761.413,2945817.0695,12.0,5.1766,17.2991,6.5866,-0.0311,-4.34093,8.04487
2024/02/14 05:07:38.00,458362.2296,5634757.2852,2945825.2139,12.0,5.1767,17.2992,6.5859,0.00302,-4.47061,8.27626
2024/02/14 05:07:39.00,458362.1723,5634752.2171,2945833.4195,12.0,5.1769,17.2993,6.5852,-0.06762,-4.53533,8.31951
2024/02/14 05:07:40.00,458362.1102,5634747.7357,2945841.6905,12.0,5.1771,17.2994,6.5846,-0.02082,-4.63055,8.27107
2024/02/14 05:07:41.00,458362.0884,5634742.2316,2945850.0226,12.0,5.1772,17.2995,6.5839,-0.10084,-4.79823,8.27089
2024/02/14 05:07:42.00,458362.1802,5634736.789,2945858.3615,12.0,5.1774,17.2996,6.5832,0.09571,-4.73843,8.37372
2024/02/14 05:07:43.00,458362.1165,5634733.3368,2945866.6351,12.0,5.1775,17.2996,6.5826,0.13239,-4.72354,8.52408
2024/02/14 05:07:44.00,458362.2411,5634728.0726,2945875.1629,12.0,5.1777,17.2997,6.5819,0.11464,-5.12748,8.49301
2024/02/14 05:07:45.00,458362.5374,5634723.4873,2945883.8781,12.0,5.1779,17.2998,6.5812,0.22297,-4.89392,8.29516
2024/02/14 05:07:46.00,458362.7751,5634718.5231,2945891.9116,12.0,5.178,17.2999,6.5806,0.22679,-4.60614,7.93991
2024/02/14 05:07:47.00,458362.9641,5634713.7877,2945899.9972,12.0,5.1782,17.3,6.5799,0.12644,-4.70125,8.11269
2024/02/14 05:07:48.00,458363.0278,5634709.0905,2945908.1772,12.0,5.1783,17.3001,6.5792,0.12176,-4.52335,8.156
2024/02/14 05:07:49.00,458363.1324,5634704.3673,2945916.5419,12.0,5.1785,17.3001,6.5786,0.23198,-4.72633,8.144
2024/02/14 05:07:50.00,458363.3563,5634699.463,2945924.6546,12.0,5.1787,17.3002,6.5779,0.18578,-4.92127,8.20049
2024/02/14 05:07:51.00,458363.4541,5634694.9011,2945932.8276,12.0,5.1788,17.3003,6.5772,0.09881,-4.70727,8.31395
2024/02/14 05:07:52.00,458363.4221,5634689.8237,2945940.7677,12.0,5.179,17.3004,6.5766,-0.00144,-4.45404,7.91199
2024/02/14 05:07:53.00,458363.5156,5634685.4502,2945948.3595,12.0,5.1791,17.3005,6.5759,0.25055,-4.22629,7.30743
2024/02/14 05:07:54.00,458363.8479,5634681.7583,2945955.66,12.0,5.1793,17.3005,6.5753,0.21754,-4.19455,7.22692
2024/02/14 05:07:55.00,458364.0376,5634677.5181,2945962.8414,12.0,5.1795,17.3006,6.5746,0.34349,-4.24437,7.1938
2024/02/14 05:07:56.00,458364.2701,5634673.2379,2945970.0759,12.0,5.1796,17.3007,6.5739,0.39535,-4.22559,7.13242
2024/02/14 05:07:57.00,458364.6664,5634669.3795,2945977.2035,12.0,5.1798,17.3007,6.5733,0.51097,-3.8979,6.75188
2024/02/14 05:07:58.00,458365.1781,5634665.4535,2945983.933,12.0,5.1799,17.3008,6.5726,0.4626,-3.88255,6.5395
2024/02/14 05:07:59.00,458365.8054,5634661.7726,2945990.3553,12.0,5.1801,17.3009,6.5719,0.4851,-3.44333,6.22708
2024/02/14 05:08:00.00,458366.3683,5634658.4839,2945996.215,12.0,5.1803,17.301,6.5713,0.58723,-3.36256,5.60912
2024/02/14 05:08:01.00,458367.0765,5634654.964,2946001.8484,12.0,5.1804,17.301,6.5706,0.76601,-3.09998,5.66041
2024/02/14 05:08:02.00,458367.888,5634651.9863,2946007.4635,12.0,5.1806,17.3011,6.5699,0.58331,-3.19514,5.2608
2024/02/14 05:08:03.00,458368.6094,5634649.236,2946012.4667,12.0,5.1807,17.3011,6.5693,0.76315,-2.84751,4.64513
2024/02/14 05:08:04.00,458369.366,5634646.2333,2946016.9046,12.0,5.1809,17.3012,6.5686,0.69464,-2.68229,4.13377
2024/02/14 05:08:05.00,458369.1868,5634649.7877,2946020.8016,11.0,5.7607,24.3602,6.6021,0.71677,-2.20885,4.13403
2024/02/14 05:08:06.00,458369.8511,5634647.2567,2946024.5668,11.0,5.7608,24.3575,6.6014,0.61129,-1.88667,3.70025
2024/02/14 05:08:07.00,458370.4112,5634645.233,2946027.7917,11.0,5.7609,24.3547,6.6007,0.4692,-1.47893,2.97353
2024/02/14 05:08:08.00,458371.2365,5634639.5206,2946030.3449,12.0,5.1815,17.3014,6.5659,0.468,-1.85867,2.2909
2024/02/14 05:08:09.00,458371.4096,5634638.3977,2946032.3596,12.0,5.1817,17.3015,6.5653,0.32911,-1.50275,1.95719
2024/02/14 05:08:10.00,458372.1219,5634634.6829,2946034.2925,12.0,5.1818,17.3015,6.5646,0.27696,-0.82937,1.41112
2024/02/14 05:08:11.00,458372.346,5634633.8459,2946035.3856,12.0,5.182,17.3016,6.564,0.18391,-0.29661,0.85033
2024/02/14 05:08:12.00,458372.4355,5634633.8993,2946036.3301,12.0,5.1822,17.3016,6.5633,0.10616,-0.54426,0.92275
2024/02/14 05:08:13.00,458372.5835,5634633.8235,2946037.1538,12.0,5.1823,17.3017,6.5626,0.0985,-0.31911,0.49781
2024/02/14 05:08:14.00,458372.7454,5634633.8835,2946037.4598,12.0,5.1825,17.3017,6.562,0.02549,-0.08678,0.21066
2024/02/14 05:08:15.00,458372.7729,5634633.3626,2946037.4009,12.0,5.1826,17.3018,6.5613,-0.00719,-0.0572,-0.03086
2024/02/14 05:08:16.00,458372.8154,5634633.032,2946037.3922,12.0,5.1828,17.3018,6.5606,-0.02665,-0.04028,-0.01615
2024/02/14 05:08:17.00,458372.8362,5634632.6772,2946037.5027,12.0,5.1829,17.3019,6.56,0.01984,-0.08119,-0.02623
2024/02/14 05:08:18.00,458372.8123,5634632.5106,2946037.3655,12.0,5.1831,17.3019,6.5593,0.03431,0.07143,0.03221
2024/02/14 05:08:19.00,458372.7828,5634632.761,2946037.2495,12.0,5.1833,17.302,6.5586,-0.02013,-0.09497,-0.05641
2024/02/14 05:08:20.00,458372.7527,5634632.9084,2946037.1593,12.0,5.1834,17.302,6.558,0.021,0.05384,0.02537
2024/02/14 05:08:21.00,458372.8187,5634633.0737,2946037.2022,12.0,5.1836,17.3021,6.5573,-0.00442,-0.05974,-0.0133
2024/02/14 05:08:22.00,458372.8069,5634632.8876,2946037.1609,12.0,5.1837,17.3021,6.5567,0.0169,0.12574,0.01248
2024/02/14 05:08:23.00,458372.8521,5634632.9219,2946037.0786,12.0,5.1839,17.3021,6.556,-0.00184,0.018,0.00051
2024/02/14 05:08:24.00,458372.8387,5634632.8119,2946037.122,12.0,5.184,17.3022,6.5553,0.04527,0.08036,0.00924
2024/02/14 05:08:25.00,458372.8638,5634632.9799,2946037.085,12.0,5.1842,17.3022,6.5547,-0.03592,-0.0119,-0.02677
2024/02/14 05:08:26.00,458372.8822,5634633.0484,2946037.1238,12.0,5.1843,17.3022,6.554,0.00519,-0.02219,0.01189
2024/02/14 05:08:27.00,458372.9452,5634633.3085,2946037.1382,12.0,5.1845,17.3023,6.5533,-0.00859,-0.04849,-0.02484
2024/02/14 05:08:28.00,458372.8685,5634633.1882,2946037.2014,12.0,5.1847,17.3023,6.5527,-0.01899,-0.0019,0.01283
2024/02/14 05:08:29.00,458372.9202,5634633.4208,2946037.1921,12.0,5.1848,17.3023,6.552,-0.01956,-0.08366,-0.02395
2024/02/14 05:08:30.00,458372.9282,5634633.8015,2946037.249,12.0,5.185,17.3024,6.5513,0.00358,0.05054,-0.00165
2024/02/14 05:08:31.00,458372.9317,5634633.8067,2946037.3914,12.0,5.1851,17.3024,6.5507,0.03156,-0.32782,0.29209
2024/02/14 05:08:32.00,458372.8851,5634633.6567,2946037.5551,12.0,5.1853,17.3024,6.55,-0.03264,0.05439,-0.05958
2024/02/14 05:08:33.00,458372.8088,5634633.5985,2946037.5398,12.0,5.1854,17.3024,6.5493,-0.00616,0.05696,-0.02559
2024/02/14 05:08:34.00,458372.7602,5634633.8534,2946037.7234,12.0,5.1856,17.3025,6.5487,0.05526,-0.01191,0.14132
2024/02/14 05:08:35.00,458372.8042,5634633.8546,2946038.0871,12.0,5.1857,17.3025,6.548,0.03504,-0.19885,0.3207
2024/02/14 05:08:36.00,458372.8925,5634633.4548,2946038.5454,12.0,5.1859,17.3025,6.5474,0.18767,-0.42076,0.72639
2024/02/14 05:08:37.00,458373.0536,5634632.9068,2946039.3514,12.0,5.1861,17.3025,6.5467,-0.01977,-0.68483,0.88564
2024/02/14 05:08:38.00,458373.274,5634632.3012,2946040.6058,12.0,5.1862,17.3026,6.546,0.31493,-1.09446,1.48269
2024/02/14 05:08:39.00,458373.6389,5634631.1182,2946042.4006,12.0,5.1864,17.3026,6.5454,0.38531,-1.06212,2.09963
2024/02/14 05:08:40.00,458374.116,5634630.0225,2946044.6758,12.0,5.1865,17.3026,6.5447,0.47337,-1.5347,2.17952
2024/02/14 05:08:41.00,458374.4943,5634627.3738,2946046.5123,12.0,5.1867,17.3026,6.544,0.50647,-1.91729,2.48296
2024/02/14 05:08:42.00,458375.1641,5634624.9145,2946049.0893,12.0,5.1868,17.3026,6.5434,0.81384,-2.16891,3.36951
2024/02/14 05:08:43.00,458376.1846,5634623.8218,2946053.5845,12.0,5.187,17.3027,6.5427,1.0165,-2.15843,3.70278
2024/02/14 05:08:44.00,458377.333,5634623.0566,2946058.2989,12.0,5.1871,17.3027,6.542,0.93315,-2.44082,3.4002
2024/02/14 05:08:45.00,458378.212,5634619.7134,2946060.9555,12.0,5.1873,17.3027,6.5414,0.94431,-1.95491,3.12621
2024/02/14 05:08:46.00,458379.2367,5634618.2514,2946064.2106,12.0,5.1874,17.3027,6.5407,1.0367,-1.48753,2.91522
2024/02/14 05:08:47.00,458380.1666,5634617.4777,2946067.1507,12.0,5.1876,17.3027,6.54,1.21978,-2.2355,3.13018
2024/02/14 05:08:48.00,458380.4918,5634621.2682,2946070.3121,11.0,5.764,24.2407,6.5731,1.03908,-2.26922,3.1978
2024/02/14 05:08:49.00,458382.6608,5634612.2358,2946073.5043,12.0,5.1879,17.3027,6.5387,1.1651,-2.21988,2.96685
2024/02/14 05:08:50.00,458383.7033,5634611.4207,2946076.6925,12.0,5.1881,17.3027,6.538,0.99031,-1.45073,3.02362
2024/02/14 05:08:51.00,458384.952,5634608.5812,2946079.5411,12.0,5.1882,17.3028,6.5374,0.98286,-1.84325,2.93602
2024/02/14 05:08:52.00,458385.8507,5634607.9132,2946082.2739,12.0,5.1884,17.3028,6.5367,1.08457,-1.56887,2.69098
2024/02/14 05:08:53.00,458386.8805,5634606.2764,2946085.0158,12.0,5.1885,17.3028,6.5361,0.87486,-1.33584,2.54281
2024/02/14 05:08:54.00,458387.6841,5634604.7974,2946087.5537,12.0,5.1887,17.3028,6.5354,0.6261,-1.37085,2.44353
2024/02/14 05:08:55.00,458388.141,5634603.3468,2946090.0814,12.0,5.1888,17.3028,6.5347,0.4312,-1.30416,2.85271
2024/02/14 05:08:56.00,458388.4792,5634602.4678,2946093.3389,12.0,5.189,17.3028,6.5341,-0.01194,-1.42373,3.09431
2024/02/14 05:08:57.00,458388.4714,5634600.7228,2946096.115,12.0,5.1891,17.3028,6.5334,-0.21775,-1.79332,3.17862
2024/02/14 05:08:58.00,458387.904,5634597.3637,2946098.3513,12.0,5.1893,17.3028,6.5327,-0.55618,-2.05042,3.12119
2024/02/14 05:08:59.00,458387.1044,5634595.2102,2946101.7797,12.0,5.1894,17.3028,6.5321,-0.98645,-1.72147,3.22615
2024/02/14 05:09:00.00,458385.9324,5634593.4459,2946105.0489,12.0,5.1896,17.3028,6.5314,-1.31053,-1.68755,2.83692
2024/02/14 05:09:01.00,458384.4915,5634591.9631,2946107.9347,12.0,5.1897,17.3028,6.5307,-1.53746,-1.278,2.83694
2024/02/14 05:09:02.00,458382.6792,5634590.4749,2946110.6172,12.0,5.1899,17.3028,6.5301,-1.85033,-1.37416,2.69264
2024/02/14 05:09:03.00,458380.5658,5634588.834,2946112.9745,12.0,5.19,17.3028,6.5294,-2.40103,-1.20328,2.56593
2024/02/14 05:09:04.00,458378.0908,5634587.8339,2946115.8518,12.0,5.1902,17.3028,6.5287,-2.70343,-1.32523,2.80717
2024/02/14 05:09:05.00,458375.2482,5634586.5952,2946118.6412,12.0,5.1904,17.3027,6.5281,-2.93503,-1.36651,2.92637
2024/02/14 05:09:06.00,458372.3627,5634585.376,2946121.6598,12.0,5.1905,17.3027,6.5274,-2.81214,-1.64956,3.06271
2024/02/14 05:09:07.00,458369.8251,5634584.467,2946124.7407,12.0,5.1907,17.3027,6.5267,-2.40021,-1.25602,2.92408
2024/02/14 05:09:08.00,458367.8472,5634583.0903,2946127.6508,12.0,5.1908,17.3027,6.5261,-1.7914,-1.5725,2.85189
2024/02/14 05:09:09.00,458366.1441,5634581.441,2946130.406,12.0,5.191,17.3027,6.5254,-1.31604,-1.4351,2.86963
2024/02/14 05:09:10.00,458365.0744,5634580.0335,2946133.1412,12.0,5.1911,17.3027,6.5247,-0.9739,-1.36465,2.73509
2024/02/14 05:09:11.00,458364.1998,5634578.4057,2946135.7115,12.0,5.1913,17.3027,6.5241,-0.75076,-1.4832,2.52747
2024/02/14 05:09:12.00,458363.5207,5634577.0183,2946138.3425,12.0,5.1914,17.3027,6.5234,-0.61568,-1.5009,2.46526
2024/02/14 05:09:13.00,458362.8716,5634575.1135,2946140.7683,12.0,5.1916,17.3026,6.5228,-0.52662,-1.46919,2.62595
2024/02/14 05:09:14.00,458362.4961,5634573.8774,2946143.4417,12.0,5.1917,17.3026,6.5221,-0.50692,-1.71562,2.96352
2024/02/14 05:09:15.00,458362.1116,5634572.0997,2946146.6932,12.0,5.1919,17.3026,6.5214,-0.35253,-1.78884,3.37825
2024/02/14 05:09:16.00,458361.7071,5634570.541,2946150.2324,12.0,5.192,17.3026,6.5208,-0.46882,-2.09969,3.75539
2024/02/14 05:09:17.00,458361.353,5634568.169,2946154.2,12.0,5.1922,17.3026,6.5201,-0.45329,-2.34394,4.20595
2024/02/14 05:09:18.00,458360.8666,5634565.3257,2946158.5254,12.0,5.1923,17.3025,6.5194,-0.34507,-2.47724,4.78472
2024/02/14 05:09:19.00,458360.4268,5634562.6023,2946163.5698,12.0,5.1925,17.3025,6.5188,-0.39861,-2.8403,5.10116
2024/02/14 05:09:20.00,458359.9824,5634560.1727,2946168.864,12.0,5.1926,17.3025,6.5181,-0.48848,-2.96906,5.37589
2024/02/14 05:09:21.00,458359.4271,5634557.0605,2946174.3896,12.0,5.1928,17.3025,6.5174,-0.56476,-3.0279,5.6373
2024/02/14 05:09:22.00,458358.697,5634553.7112,2946179.9801,12.0,5.1929,17.3024,6.5168,-0.73719,-3.24687,5.91054
2024/02/14 05:09:23.00,458357.9646,5634550.8538,2946186.1359,12.0,5.1931,17.3024,6.5161,-0.93348,-3.12615,6.05313
2024/02/14 05:09:24.00,458357.0862,5634547.2234,2946192.221,12.0,5.1932,17.3024,6.5154,-0.92278,-3.29903,6.0877
2024/02/14 05:09:25.00,458356.2195,5634544.0574,2946198.3609,12.0,5.1934,17.3023,6.5148,-1.02678,-3.04568,6.02262
2024/02/14 05:09:26.00,458355.2154,5634540.9738,2946204.5953,12.0,5.1935,17.3023,6.5141,-1.09941,-3.32553,6.22319
2024/02/14 05:09:27.00,458354.0462,5634537.3126,2946210.9414,12.0,5.1937,17.3023,6.5134,-1.24749,-3.27863,6.58104
2024/02/14 05:09:28.00,458352.8893,5634534.336,2946217.6953,12.0,5.1938,17.3023,6.5128,-1.27559,-3.30396,6.86327
2024/02/14 05:09:29.00,458351.3005,5634530.4928,2946224.476,12.0,5.194,17.3022,6.5121,-1.5692,-3.60232,6.92087
2024/02/14 05:09:30.00,458349.5058,5634526.8066,2946231.4526,12.0,5.1941,17.3022,6.5114,-1.91711,-3.81976,7.11836
2024/02/14 05:09:31.00,458347.5748,5634523.2992,2946238.5839,12.0,5.1943,17.3021,6.5108,-2.03304,-3.58458,7.18835
2024/02/14 05:09:32.00,458345.4598,5634519.6548,2946245.7682,12.0,5.1944,17.3021,6.5101,-2.22499,-3.706,7.25802
2024/02/14 05:09:33.00,458343.0616,5634516.0077,2946253.0598,12.0,5.1946,17.3021,6.5094,-2.42302,-3.65115,7.17826
2024/02/14 05:09:34.00,458340.7001,5634512.4317,2946260.296,12.0,5.1947,17.302,6.5088,-2.56759,-3.56919,7.06766
2024/02/14 05:09:35.00,458338.0817,5634508.4637,2946267.3445,12.0,5.1949,17.302,6.5081,-2.48793,-3.49393,6.83752
2024/02/14 05:09:36.00,458335.5134,5634505.2265,2946274.1201,12.0,5.195,17.302,6.5074,-2.54616,-3.34284,6.63063
2024/02/14 05:09:37.00,458332.9637,5634502.2221,2946280.6529,12.0,5.1952,17.3019,6.5068,-2.64765,-3.17622,6.3593
2024/02/14 05:09:38.00,458330.3662,5634498.9257,2946286.9093,12.0,5.1953,17.3019,6.5061,-2.51201,-3.31764,6.2278
2024/02/14 05:09:39.00,458327.8974,5634496.1076,2946292.9694,12.0,5.1955,17.3018,6.5054,-2.41617,-2.70655,5.72789
2024/02/14 05:09:40.00,458325.6038,5634493.4221,2946298.4081,12.0,5.1956,17.3018,6.5048,-2.21885,-2.49384,5.12436
2024/02/14 05:09:41.00,458323.4831,5634491.1946,2946303.2272,12.0,5.1958,17.3017,6.5041,-1.89636,-2.24665,4.46523
2024/02/14 05:09:42.00,458321.581,5634489.1261,2946307.2578,12.0,5.1959,17.3017,6.5034,-1.83042,-1.91846,4.05148
2024/02/14 05:09:43.00,458319.8737,5634487.4688,2946311.1247,12.0,5.1961,17.3016,6.5028,-1.61136,-1.76645,3.65109
2024/02/14 05:09:44.00,458318.2643,5634485.6685,2946314.2872,12.0,5.1962,17.3016,6.5021,-1.46568,-1.37036,3.02232
2024/02/14 05:09:45.00,458316.9253,5634484.6743,2946317.0892,12.0,5.1964,17.3015,6.5015,-1.2925,-1.34415,2.73095
2024/02/14 05:09:46.00,458315.6949,5634483.3788,2946319.8326,12.0,5.1965,17.3015,6.5008,-1.25503,-1.27871,2.58122
2024/02/14 05:09:47.00,458314.4798,5634482.1167,2946322.5931,12.0,5.1967,17.3014,6.5001,-1.27589,-1.19304,2.51617
2024/02/14 05:09:48.00,458313.3309,5634480.8019,2946325.0206,12.0,5.1968,17.3013,6.4995,-1.1606,-1.16168,2.43912
2024/02/14 05:09:49.00,458312.356,5634479.9997,2946327.2199,12.0,5.197,17.3013,6.4988,-0.9749,-1.02171,2.06332
2024/02/14 05:09:50.00,458311.426,5634478.9878,2946329.3438,12.0,5.1971,17.3012,6.4981,-1.06984,-1.00148,1.92481
2024/02/14 05:09:51.00,458310.4329,5634477.938,2946331.2127,12.0,5.1973,17.3012,6.4975,-0.93181,-0.79999,1.86426
2024/02/14 05:09:52.00,458309.6273,5634477.0007,2946333.0869,12.0,5.1974,17.3011,6.4968,-0.83694,-0.84092,1.66137
2024/02/14 05:09:53.00,458308.6737,5634476.0434,2946334.6799,12.0,5.1976,17.301,6.4961,-0.9025,-0.74811,1.64849
2024/02/14 05:09:54.00,458307.8734,5634475.4622,2946336.2634,12.0,5.1977,17.301,6.4955,-0.73426,-0.60993,1.26535
2024/02/14 05:09:55.00,458307.2666,5634474.9818,2946337.2498,12.0,5.1978,17.3009,6.4948,-0.39334,-0.31468,0.68306
2024/02/14 05:09:56.00,458306.8833,5634474.6338,2946338.0046,12.0,5.198,17.3008,6.4941,-0.40407,-0.29096,0.70705
2024/02/14 05:09:57.00,458306.4886,5634474.2191,2946338.6158,12.0,5.1981,17.3008,6.4935,-0.35522,-0.32743,0.58733
2024/02/14 05:09:58.00,458306.0665,5634474.2173,2946339.2212,12.0,5.1983,17.3007,6.4928,-0.37431,-0.28089,0.53614
2024/02/14 05:09:59.00,458305.7237,5634473.8766,2946339.7042,12.0,5.1984,17.3006,6.4921,-0.31304,-0.22021,0.49538
2024/02/14 05:10:00.00,458305.459,5634473.579,2946340.1115,12.0,5.1986,17.3006,6.4915,-0.26067,-0.20045,0.45267
2024/02/14 05:10:01.00,458305.2458,5634473.3364,2946340.4401,12.0,5.1987,17.3005,6.4908,-0.20636,-0.13636,0.39542
2024/02/14 05:10:02.00,458305.0699,5634473.5365,2946340.9077,12.0,5.1989,17.3004,6.4901,-0.09461,-0.08999,0.12943
2024/02/14 05:10:03.00,458304.8813,5634473.298,2946340.7621,12.0,5.199,17.3003,6.4895,0.0169,0.08491,0.01547
2024/02/14 05:10:04.00,458304.8969,5634473.3431,2946340.8078,12.0,5.1992,17.3003,6.4888,-0.02576,-0.04283,-0.02739
2024/02/14 05:10:05.00,458305.0258,5634473.6907,2946340.8561,12.0,5.1993,17.3002,6.4882,0.01799,0.02651,0.01318
2024/02/14 05:10:06.00,458305.0145,5634473.3794,2946341.0634,12.0,5.1995,17.3001,6.4875,-0.07764,-0.01497,0.12611
2024/02/14 05:10:07.00,458304.8535,5634473.5976,2946341.3716,12.0,5.1996,17.3,6.4868,-0.24647,-0.20889,0.32377
2024/02/14 05:10:08.00,458304.4777,5634473.3119,2946341.879,12.0,5.1997,17.2999,6.4862,-0.26961,-0.28839,0.61644
2024/02/14 05:10:09.00,458304.2144,5634473.2315,2946342.431,12.0,5.1999,17.2999,6.4855,-0.326,-0.23635,0.52817
2024/02/14 05:10:10.00,458303.8771,5634472.8599,2946342.7411,12.0,5.2,17.2998,6.4848,-0.12894,-0.13088,0.16168
2024/02/14 05:10:11.00,458303.9024,5634473.1008,2946342.6873,12.0,5.2002,17.2997,6.4842,-0.01198,0.04154,0.00895
2024/02/14 05:10:12.00,458303.784,5634472.5687,2946342.5655,12.0,5.2003,17.2996,6.4835,-0.01419,-0.12717,0.01007
2024/02/14 05:10:13.00,458303.7652,5634472.3497,2946342.5519,12.0,5.2005,17.2995,6.4828,-0.00833,0.05686,-0.02353
2024/02/14 05:10:14.00,458303.6455,5634472.1521,2946342.3969,12.0,5.2006,17.2994,6.4822,-0.02695,-0.06259,0.00534
2024/02/14 05:10:15.00,458303.64,5634471.8607,2946342.4497,12.0,5.2008,17.2993,6.4815,0.02168,0.06186,0.00652
2024/02/14 05:10:16.00,458303.6244,5634471.6902,2946342.4532,12.0,5.2009,17.2992,6.4808,-0.01408,0.00946,0.00749
2024/02/14 05:10:17.00,458303.6923,5634471.6439,2946342.5453,12.0,5.2011,17.2992,6.4802,0.01567,0.07112,0.01284
2024/02/14 05:10:18.00,458303.7159,5634471.5537,2946342.5107,12.0,5.2012,17.2991,6.4795,-0.04897,-0.06971,-0.0341
2024/02/14 05:10:19.00,458303.5975,5634471.6464,2946342.4922,12.0,5.2013,17.299,6.4788,-0.20895,-0.1478,0.29627
2024/02/14 05:10:20.00,458303.2515,5634471.624,2946343.1531,12.0,5.2015,17.2989,6.4782,-0.60375,-0.42237,0.87745
2024/02/14 05:10:21.00,458302.683,5634471.4108,2946344.3475,12.0,5.2016,17.2988,6.4775,-0.58612,-0.49185,1.02556
2024/02/14 05:10:22.00,458302.1779,5634470.8977,2946345.2058,12.0,5.2018,17.2987,6.4768,-0.37224,-0.30188,0.53689
2024/02/14 05:10:23.00,458302.1095,5634470.9965,2946345.5663,12.0,5.2019,17.2986,6.4762,0.02244,0.02455,-0.00594
2024/02/14 05:10:24.00,458302.062,5634470.9551,2946345.5738,12.0,5.2021,17.2985,6.4755,0.01446,-0.02747,-0.04926
2024/02/14 05:10:25.00,458302.0404,5634471.2,2946345.5898,12.0,5.2022,17.2984,6.4749,0.00725,-0.053,-0.02187
2024/02/14 05:10:26.00,458302.0497,5634471.1468,2946345.6198,12.0,5.2024,17.2983,6.4742,-0.00263,-0.08538,-0.01732
2024/02/14 05:10:27.00,458301.9967,5634471.0799,2946345.6592,12.0,5.2025,17.2982,6.4735,-0.01901,-0.00729,0.01788
2024/02/14 05:10:28.00,458302.1039,5634471.21,2946345.7447,12.0,5.2026,17.2981,6.4729,-0.01384,-0.06042,-0.00563
2024/02/14 05:10:29.00,458302.0929,5634471.451,2946345.7007,12.0,5.2028,17.298,6.4722,0.02124,0.04718,-0.00764
2024/02/14 05:10:30.00,458302.0665,5634471.3957,2946345.6974,12.0,5.2029,17.2979,6.4715,0.01895,-0.05993,-0.02958
2024/02/14 05:10:31.00,458302.0545,5634471.4677,2946345.6396,12.0,5.2031,17.2977,6.4709,0.01304,0.06561,0.02409
2024/02/14 05:10:32.00,458302.1156,5634471.5906,2946345.6818,12.0,5.2032,17.2976,6.4702,0.00948,-0.00931,-0.00165
2024/02/14 05:10:33.00,458302.1255,5634471.5295,2946345.7264,12.0,5.2034,17.2975,6.4695,0.0037,0.00425,0.01739
2024/02/14 05:10:34.00,458302.117,5634471.7327,2946345.8608,12.0,5.2035,17.2974,6.4689,-0.01163,-0.02197,0.01406
2024/02/14 05:10:35.00,458302.1427,5634472.047,2946345.9468,12.0,5.2036,17.2973,6.4682,-0.0173,-0.16151,-0.02041
2024/02/14 05:10:36.00,458302.1718,5634472.44,2946345.9883,12.0,5.2038,17.2972,6.4675,0.02477,0.00483,0.00517
2024/02/14 05:10:37.00,458302.1602,5634472.2733,2946345.9958,12.0,5.2039,17.2971,6.4669,0.0143,0.01957,0.0043
2024/02/14 05:10:38.00,458302.2127,5634472.3046,2946346.0349,12.0,5.2041,17.297,6.4662,-0.00322,0.00507,-0.00468
2024/02/14 05:10:39.00,458302.1872,5634472.1959,2946346.0366,12.0,5.2042,17.2968,6.4655,0.00048,0.06065,-0.018
2024/02/14 05:10:40.00,458302.1301,5634471.9814,2946345.9217,12.0,5.2044,17.2967,6.4649,-0.10283,-0.05967,0.20583
2024/02/14 05:10:41.00,458301.9753,5634471.9374,2946346.427,12.0,5.2045,17.2966,6.4642,-0.46077,-0.3405,0.65935
2024/02/14 05:10:42.00,458301.3468,5634471.0603,2946347.4,12.0,5.2046,17.2965,6.4636,-0.82471,-0.72746,1.28874
2024/02/14 05:10:43.00,458300.4746,5634470.573,2946348.7538,12.0,5.2048,17.2964,6.4629,-0.86298,-0.66791,1.45353
2024/02/14 05:10:44.00,458299.4138,5634469.7253,2946350.1277,12.0,5.2049,17.2962,6.4622,-0.93412,-0.73161,1.56634
2024/02/14 05:10:45.00,458298.5789,5634469.2828,2946351.5217,12.0,5.2051,17.2961,6.4616,-0.82214,-0.62427,1.33711
2024/02/14 05:10:46.00,458297.7929,5634468.3908,2946352.7835,12.0,5.2052,17.296,6.4609,-0.66231,-0.49689,1.1765
2024/02/14 05:10:47.00,458297.1261,5634467.4576,2946353.9045,12.0,5.2054,17.2959,6.4602,-0.68392,-0.62869,1.02856
2024/02/14 05:10:48.00,458296.4366,5634466.7105,2946354.7823,12.0,5.2055,17.2957,6.4596,-0.66889,-0.58986,0.87719
2024/02/14 05:10:49.00,458295.846,5634466.4539,2946355.6774,12.0,5.2056,17.2956,6.4589,-0.61332,-0.48067,0.88547
2024/02/14 05:10:50.00,458295.3619,5634465.9741,2946356.5612,12.0,5.2058,17.2955,6.4582,-0.41711,-0.38749,0.82471
2024/02/14 05:10:51.00,458295.0026,5634465.7301,2946357.6209,12.0,5.2059,17.2954,6.4576,-0.57276,-0.45502,0.82635
2024/02/14 05:10:52.00,458294.3584,5634465.3549,2946358.5672,12.0,5.2061,17.2952,6.4569,-0.72841,-0.3864,1.00343
2024/02/14 05:10:53.00,458293.6426,5634464.8748,2946359.5786,12.0,5.2062,17.2951,6.4562,-0.65341,-0.38168,1.08057
2024/02/14 05:10:54.00,458292.8687,5634464.8036,2946360.5671,12.0,5.2063,17.295,6.4556,-0.64934,-0.41639,0.92814
2024/02/14 05:10:55.00,458292.2241,5634464.4064,2946361.4336,12.0,5.2065,17.2948,6.4549,-0.6132,-0.51743,0.92741
2024/02/14 05:10:56.00,458291.6327,5634463.9768,2946362.3845,12.0,5.2066,17.2947,6.4542,-0.48428,-0.18389,0.7264
2024/02/14 05:10:57.00,458291.1736,5634463.5823,2946363.0177,12.0,5.2068,17.2945,6.4536,-0.39957,-0.08042,0.63524
2024/02/14 05:10:58.00,458290.9715,5634463.6904,2946363.4946,12.0,5.2069,17.2944,6.4529,-0.22247,-0.10942,0.28132
2024/02/14 05:10:59.00,458290.9329,5634463.6781,2946363.8567,12.0,5.207,17.2943,6.4522,-0.13864,-0.10077,0.21711
2024/02/14 05:11:00.00,458290.6983,5634463.7264,2946364.1088,12.0,5.2072,17.2941,6.4516,-0.29255,-0.27541,0.32323
2024/02/14 05:11:01.00,458290.368,5634463.4459,2946364.4037,12.0,5.2073,17.294,6.4509,-0.23011,-0.14542,0.38002
2024/02/14 05:11:02.00,458289.9425,5634463.1941,2946364.8451,12.0,5.2075,17.2938,6.4503,-0.3755,-0.27867,0.55527
2024/02/14 05:11:03.00,458289.4347,5634462.6925,2946365.5616,12.0,5.2076,17.2937,6.4496,-0.69973,-0.52544,0.95013
2024/02/14 05:11:04.00,458288.6941,5634462.4268,2946366.7257,12.0,5.2077,17.2935,6.4489,-0.81291,-0.59301,1.038
2024/02/14 05:11:05.00,458287.9777,5634462.2796,2946367.8756,12.0,5.2079,17.2934,6.4483,-0.71539,-0.37713,1.10841
2024/02/14 05:11:06.00,458287.0987,5634461.7597,2946369.1859,12.0,5.208,17.2933,6.4476,-0.91903,-0.75453,1.15366
2024/02/14 05:11:07.00,458286.1897,5634461.1025,2946370.3092,12.0,5.2082,17.2931,6.4469,-0.78122,-0.35902,1.16427
2024/02/14 05:11:08.00,458285.4099,5634460.5852,2946371.412,12.0,5.2083,17.293,6.4463,-0.71996,-0.57408,1.0013
2024/02/14 05:11:09.00,458284.6993,5634459.8462,2946372.3166,12.0,5.2084,17.2928,6.4456,-0.57119,-0.41442,0.87555
2024/02/14 05:11:10.00,458284.1507,5634459.151,2946373.2647,12.0,5.2086,17.2926,6.4449,-0.60251,-0.28071,0.73196
2024/02/14 05:11:11.00,458283.7179,5634458.7405,2946373.9772,12.0,5.2087,17.2925,6.4443,-0.55854,-0.25339,0.97311
2024/02/14 05:11:12.00,458282.9783,5634458.0128,2946375.0259,12.0,5.2089,17.2923,6.4436,-0.85794,-0.8685,1.17014
2024/02/14 05:11:13.00,458282.0634,5634457.7027,2946376.4211,12.0,5.209,17.2922,6.4429,-0.82736,-0.58162,1.44681
2024/02/14 05:11:14.00,458281.2093,5634456.7493,2946377.7687,12.0,5.2091,17.292,6.4423,-0.92335,-0.61044,1.47858
2024/02/14 05:11:15.00,458280.3352,5634456.1686,2946379.4001,12.0,5.2093,17.2919,6.4416,-0.92215,-0.94527,1.53784
2024/02/14 05:11:16.00,458279.3891,5634455.684,2946380.8782,12.0,5.2094,17.2917,6.4409,-0.81996,-0.58208,1.55596
2024/02/14 05:11:17.00,458278.5282,5634454.9914,2946382.3601,12.0,5.2096,17.2915,6.4403,-0.80354,-0.73595,1.72338
2024/02/14 05:11:18.00,458277.7931,5634453.954,2946384.2454,12.0,5.2097,17.2914,6.4396,-0.81503,-1.2012,2.02089
2024/02/14 05:11:19.00,458277.0089,5634452.8419,2946386.3775,12.0,5.2098,17.2912,6.439,-0.86656,-1.16041,2.32926
2024/02/14 05:11:20.00,458276.0593,5634451.5174,2946389.0968,12.0,5.21,17.2911,6.4383,-1.11311,-1.21899,2.90608
2024/02/14 05:11:21.00,458274.7087,5634449.944,2946392.1724,12.0,5.2101,17.2909,6.4376,-1.49309,-1.65225,3.28383
2024/02/14 05:11:22.00,458273.1896,5634448.3412,2946395.4071,12.0,5.2103,17.2907,6.437,-1.53839,-1.44479,3.22463
2024/02/14 05:11:23.00,458271.6816,5634446.9333,2946398.6517,12.0,5.2104,17.2906,6.4363,-1.59549,-1.45893,3.08286
2024/02/14 05:11:24.00,458269.96,5634445.137,2946401.6131,12.0,5.2105,17.2904,6.4356,-1.73645,-1.51435,3.11679
2024/02/14 05:11:25.00,458268.2189,5634443.8666,2946404.8409,12.0,5.2107,17.2902,6.435,-2.08955,-1.63237,3.31857
2024/02/14 05:11:26.00,458266.1041,5634442.3369,2946408.3138,12.0,5.2108,17.2901,6.4343,-2.25299,-1.79222,3.63983
2024/02/14 05:11:27.00,458263.6915,5634440.443,2946412.0674,12.0,5.2109,17.2899,6.4336,-2.43144,-1.70366,4.01742
2024/02/14 05:11:28.00,458261.0057,5634438.1927,2946416.202,12.0,5.2111,17.2897,6.433,-2.73203,-2.00219,4.38072
2024/02/14 05:11:29.00,458258.023,5634435.9293,2946420.7144,12.0,5.2112,17.2895,6.4323,-3.03896,-1.95416,4.62088
2024/02/14 05:11:30.00,458254.9134,5634433.5838,2946425.5468,12.0,5.2114,17.2894,6.4316,-3.11648,-1.96005,4.86016
2024/02/14 05:11:31.00,458251.8459,5634431.9003,2946430.698,12.0,5.2115,17.2892,6.431,-3.26195,-2.22776,4.99577
2024/02/14 05:11:32.00,458248.5212,5634429.2801,2946435.7043,12.0,5.2116,17.289,6.4303,-3.37732,-2.44231,5.12234
2024/02/14 05:11:33.00,458245.1465,5634426.7343,2946440.9524,12.0,5.2118,17.2888,6.4296,-3.45974,-2.30465,5.22999
2024/02/14 05:11:34.00,458241.6558,5634424.1675,2946446.1611,12.0,5.2119,17.2887,6.429,-3.55288,-2.40131,5.14558
2024/02/14 05:11:35.00,458238.1375,5634421.553,2946451.3699,12.0,5.212,17.2885,6.4283,-3.54488,-2.50574,5.04765
2024/02/14 05:11:36.00,458234.6604,5634419.3299,2946456.4198,12.0,5.2122,17.2883,6.4276,-3.63454,-2.10297,5.12561
2024/02/14 05:11:37.00,458231.0408,5634416.7467,2946461.3831,12.0,5.2123,17.2881,6.427,-3.49707,-2.32717,4.83909
2024/02/14 05:11:38.00,458227.6441,5634414.6761,2946466.198,12.0,5.2125,17.2879,6.4263,-3.38441,-2.29051,4.55675
2024/02/14 05:11:39.00,458224.3973,5634412.9912,2946470.7338,12.0,5.2126,17.2878,6.4257,-3.18533,-2.11722,4.36783
2024/02/14 05:11:40.00,458221.456,5634411.1172,2946474.3521,12.0,5.2127,17.2876,6.425,-2.40177,-1.51771,3.02684
2024/02/14 05:11:41.00,458219.2908,5634410.0247,2946477.1783,12.0,5.2129,17.2874,6.4243,-1.94601,-0.8881,2.50141
2024/02/14 05:11:42.00,458217.4056,5634409.0495,2946479.5246,12.0,5.213,17.2872,6.4237,-1.94089,-0.74024,2.08151
2024/02/14 05:11:43.00,458215.6773,5634408.273,2946481.7051,12.0,5.2131,17.287,6.423,-1.68334,-0.87466,2.22531
2024/02/14 05:11:44.00,458213.7807,5634406.7988,2946484.1093,12.0,5.2133,17.2868,6.4223,-1.90214,-1.1634,2.39
2024/02/14 05:11:45.00,458211.7574,5634405.7897,2946486.511,12.0,5.2134,17.2866,6.4217,-2.01883,-1.20096,2.73717
2024/02/14 05:11:46.00,458209.6661,5634404.1282,2946489.4147,12.0,5.2136,17.2864,6.421,-1.98886,-1.42317,3.09651
2024/02/14 05:11:47.00,458207.7105,5634402.9579,2946492.8003,12.0,5.2137,17.2862,6.4203,-2.084,-1.62851,3.33818
2024/02/14 05:11:48.00,458205.6164,5634401.2337,2946496.4611,12.0,5.2138,17.286,6.4197,-2.17988,-1.93441,3.67962
2024/02/14 05:11:49.00,458203.4023,5634399.5255,2946500.2452,12.0,5.214,17.2858,6.419,-2.32771,-1.98385,3.93072
2024/02/14 05:11:50.00,458201.215,5634397.9454,2946504.3705,12.0,5.2141,17.2856,6.4183,-2.19404,-1.80902,4.19164
2024/02/14 05:11:51.00,458198.868,5634395.6851,2946508.5033,12.0,5.2142,17.2854,6.4177,-2.4639,-1.94244,4.46898
2024/02/14 05:11:52.00,458196.2936,5634393.4308,2946513.1863,12.0,5.2144,17.2852,6.417,-2.63251,-2.01543,4.67658
2024/02/14 05:11:53.00,458192.5883,5634397.5189,2946517.6495,11.0,5.779,23.7011,6.4478,-2.80129,-2.18896,4.91432
2024/02/14 05:11:54.00,458189.7693,5634395.1267,2946522.5638,11.0,5.7791,23.6981,6.4471,-2.91008,-2.19847,5.094
2024/02/14 05:11:55.00,458187.4303,5634389.6725,2946527.6572,12.0,5.2148,17.2846,6.415,-2.52875,-5.11772,4.96476
2024/02/14 05:11:56.00,458184.5558,5634386.043,2946532.7306,12.0,5.2149,17.2844,6.4144,-3.34413,-1.68425,5.00147
2024/02/14 05:11:57.00,458181.4501,5634382.2996,2946538.0163,12.0,5.215,17.2842,6.4137,-3.31293,-1.99134,5.45903
2024/02/14 05:11:58.00,458177.9889,5634379.2103,2946543.6988,12.0,5.2152,17.284,6.413,-3.63134,-2.78101,5.66908
2024/02/14 05:11:59.00,458174.1838,5634377.1686,2946549.5334,12.0,5.2153,17.2838,6.4124,-3.70782,-2.30333,5.80482
2024/02/14 05:12:00.00,458170.6904,5634373.5691,2946555.3189,12.0,5.2154,17.2836,6.4117,-3.52614,-2.43706,5.74543
2024/02/14 05:12:01.00,458167.1827,5634370.9133,2946560.871,12.0,5.2156,17.2834,6.411,-3.44089,-2.54211,5.51208
2024/02/14 05:12:02.00,458163.6512,5634369.0515,2946566.5616,12.0,5.2157,17.2832,6.4104,-3.46846,-2.59429,5.76808
2024/02/14 05:12:03.00,458160.1802,5634365.7676,2946572.3983,12.0,5.2159,17.283,6.4097,-3.4678,-2.84662,5.95282
2024/02/14 05:12:04.00,458156.5623,5634363.0979,2946578.5032,12.0,5.216,17.2828,6.409,-3.67829,-2.95202,6.15847
2024/02/14 05:12:05.00,458152.8005,5634360.004,2946584.7786,12.0,5.2161,17.2825,6.4084,-3.87476,-2.92125,6.34334
2024/02/14 05:12:06.00,458149.0788,5634357.8248,2946591.2986,12.0,5.2163,17.2823,6.4077,-3.92264,-2.99957,6.63971
2024/02/14 05:12:07.00,458145.0738,5634354.5833,2946597.8867,12.0,5.2164,17.2821,6.407,-4.05668,-3.12236,6.72383
2024/02/14 05:12:08.00,458140.9627,5634351.3996,2946604.7257,12.0,5.2165,17.2819,6.4064,-4.30241,-3.21475,6.87306
2024/02/14 05:12:09.00,458136.587,5634348.5069,2946611.8078,12.0,5.2167,17.2817,6.4057,-4.42736,-3.41468,6.9522
2024/02/14 05:12:10.00,458132.197,5634344.915,2946618.9505,12.0,5.2168,17.2815,6.405,-4.33627,-4.11692,7.19609
2024/02/14 05:12:11.00,458127.8013,5634341.3726,2946626.2585,12.0,5.2169,17.2812,6.4044,-4.49337,-3.48009,7.38436
2024/02/14 05:12:12.00,458123.3172,5634338.1897,2946633.7792,12.0,5.2171,17.281,6.4037,-4.48407,-3.56378,7.60612
2024/02/14 05:12:13.00,458118.686,5634334.5342,2946641.2549,12.0,5.2172,17.2808,6.4031,-4.58934,-3.48418,7.67073
2024/02/14 05:12:14.00,458113.9988,5634330.9773,2946648.999,12.0,5.2173,17.2806,6.4024,-4.75173,-3.40064,7.74136
2024/02/14 05:12:15.00,458109.2717,5634327.5097,2946656.6188,12.0,5.2175,17.2803,6.4017,-4.81497,-3.37935,7.69043
2024/02/14 05:12:16.00,458104.437,5634323.806,2946664.3594,12.0,5.2176,17.2801,6.4011,-4.6506,-3.41459,7.70398
2024/02/14 05:12:17.00,458099.5657,5634319.8547,2946672.001,12.0,5.2177,17.2799,6.4004,-4.90132,-3.37709,7.62303
2024/02/14 05:12:18.00,458094.7812,5634316.1078,2946679.6217,12.0,5.2179,17.2797,6.3997,-4.7706,-3.57263,7.68161
2024/02/14 05:12:19.00,458090.0845,5634312.8077,2946687.3321,12.0,5.218,17.2794,6.3991,-4.73084,-3.56326,7.74728
2024/02/14 05:12:20.00,458085.3933,5634309.8314,2946695.1608,12.0,5.2181,17.2792,6.3984,-4.60145,-3.29829,7.8652
2024/02/14 05:12:21.00,458080.7369,5634306.2145,2946702.8851,12.0,5.2183,17.279,6.3977,-4.66779,-3.49981,7.7617
2024/02/14 05:12:22.00,458076.051,5634303.0757,2946710.5818,12.0,5.2184,17.2787,6.3971,-4.72129,-3.35053,7.68285
2024/02/14 05:12:23.00,458071.4469,5634300.1306,2946718.2931,12.0,5.2185,17.2785,6.3964,-4.61803,-3.23821,7.60153
2024/02/14 05:12:24.00,458066.7619,5634296.8338,2946725.8065,12.0,5.2187,17.2783,6.3957,-4.70273,-3.25229,7.64844
2024/02/14 05:12:25.00,458062.1225,5634293.6876,2946733.5082,12.0,5.2188,17.278,6.3951,-4.56283,-3.21192,7.79224
2024/02/14 05:12:26.00,458057.5138,5634290.4549,2946741.3628,12.0,5.2189,17.2778,6.3944,-4.76304,-3.16161,7.88325
2024/02/14 05:12:27.00,458052.8862,5634287.1468,2946749.2975,12.0,5.2191,17.2775,6.3937,-4.69651,-3.25815,7.92892
2024/02/14 05:12:28.00,458048.1698,5634283.6299,2946757.1365,12.0,5.2192,17.2773,6.3931,-4.68804,-3.37518,7.93734
2024/02/14 05:12:29.00,458043.5493,5634281.0321,2946765.0067,12.0,5.2193,17.2771,6.3924,-4.54809,-3.03324,8.00364
2024/02/14 05:12:30.00,458038.7308,5634277.4666,2946772.883,12.0,5.2195,17.2768,6.3918,-4.61981,-3.78281,7.89361
2024/02/14 05:12:31.00,458034.0432,5634274.433,2946780.6684,12.0,5.2196,17.2766,6.3911,-4.65148,-3.24573,7.80391
2024/02/14 05:12:32.00,458029.3662,5634271.2805,2946788.5529,12.0,5.2197,17.2763,6.3904,-4.63845,-3.1766,7.78107
2024/02/14 05:12:33.00,458024.6729,5634267.765,2946796.238,12.0,5.2199,17.2761,6.3898,-4.48505,-3.21348,7.63104
2024/02/14 05:12:34.00,458020.2067,5634264.4501,2946803.8008,12.0,5.22,17.2758,6.3891,-4.28118,-2.92891,7.27764
2024/02/14 05:12:35.00,458016.1323,5634261.7747,2946810.8997,12.0,5.2201,17.2756,6.3884,-3.92381,-2.83739,6.58626
2024/02/14 05:12:36.00,458012.4503,5634259.1704,2946817.0252,12.0,5.2203,17.2753,6.3878,-3.39701,-2.391,5.66244
2024/02/14 05:12:37.00,458009.4292,5634257.2129,2946822.2692,12.0,5.2204,17.2751,6.3871,-2.8591,-1.84151,4.7526
2024/02/14 05:12:38.00,458006.7384,5634255.4581,2946826.8237,12.0,5.2205,17.2748,6.3864,-2.59904,-1.70708,4.33832
2024/02/14 05:12:39.00,458004.2244,5634253.9314,2946830.9621,12.0,5.2206,17.2746,6.3858,-2.43163,-1.76403,3.98503
2024/02/14 05:12:40.00,458001.6583,5634252.0732,2946834.9631,12.0,5.2208,17.2743,6.3851,-2.44238,-1.60664,4.08128
2024/02/14 05:12:41.00,457999.1314,5634250.54,2946839.1829,12.0,5.2209,17.2741,6.3844,-2.6436,-1.86282,4.10929
2024/02/14 05:12:42.00,457996.5253,5634249.0776,2946843.3672,12.0,5.221,17.2738,6.3838,-2.61632,-1.77404,4.07588
2024/02/14 05:12:43.00,457993.8373,5634247.416,2946847.5125,12.0,5.2212,17.2735,6.3831,-2.61343,-1.72424,4.26512
2024/02/14 05:12:44.00,457991.1464,5634245.7003,2946851.7917,12.0,5.2213,17.2733,6.3825,-2.66521,-1.63096,4.32235
2024/02/14 05:12:45.00,457988.4545,5634243.4913,2946856.2846,12.0,5.2214,17.273,6.3818,-2.71203,-1.8496,4.61344
2024/02/14 05:12:46.00,457986.0077,5634241.8425,2946860.9621,12.0,5.2216,17.2728,6.3811,-2.45386,-1.86168,4.87181
2024/02/14 05:12:47.00,457983.5203,5634240.0003,2946865.828,12.0,5.2217,17.2725,6.3805,-2.55067,-2.02396,4.74949
2024/02/14 05:12:48.00,457980.8607,5634237.996,2946870.7097,12.0,5.2218,17.2722,6.3798,-2.77034,-2.01679,4.97033
2024/02/14 05:12:49.00,457978.0177,5634235.5889,2946875.7849,12.0,5.222,17.272,6.3791,-2.97099,-2.22188,5.15326
2024/02/14 05:12:50.00,457975.0011,5634233.4452,2946881.1109,12.0,5.2221,17.2717,6.3785,-3.15186,-2.17865,5.39404
2024/02/14 05:12:51.00,457971.6942,5634231.0172,2946886.5119,12.0,5.2222,17.2714,6.3778,-3.13594,-2.4073,5.51036
2024/02/14 05:12:52.00,457968.5771,5634228.877,2946892.1012,12.0,5.2223,17.2712,6.3771,-3.18871,-2.40782,5.68833
2024/02/14 05:12:53.00,457965.2784,5634226.6096,2946898.0139,12.0,5.2225,17.2709,6.3765,-3.40172,-2.4388,5.86854
2024/02/14 05:12:54.00,457961.7865,5634223.8141,2946903.8489,12.0,5.2226,17.2706,6.3758,-3.52933,-2.58732,5.9434
2024/02/14 05:12:55.00,457958.3464,5634221.2518,2946909.9206,12.0,5.2227,17.2703,6.3752,-3.56538,-2.57594,5.97456
2024/02/14 05:12:56.00,457954.4938,5634218.7906,2946915.7406,12.0,5.2229,17.2701,6.3745,-3.61347,-2.56109,6.03806
2024/02/14 05:12:57.00,457950.908,5634216.5303,2946921.8086,12.0,5.223,17.2698,6.3738,-3.68408,-2.45088,6.06627
2024/02/14 05:12:58.00,457947.3177,5634213.7514,2946927.8315,12.0,5.2231,17.2695,6.3732,-3.66467,-2.59587,6.07124
2024/02/14 05:12:59.00,457943.6908,5634211.7041,2946933.9002,12.0,5.2232,17.2692,6.3725,-3.64383,-2.4867,6.09526
2024/02/14 05:13:00.00,457939.9408,5634209.0838,2946939.8982,12.0,5.2234,17.269,6.3718,-3.65351,-2.49772,6.04566
2024/02/14 05:13:01.00,457936.2597,5634206.4768,2946946.01,12.0,5.2235,17.2687,6.3712,-3.6673,-2.88646,6.13484
2024/02/14 05:13:02.00,457932.7149,5634204.0768,2946952.2385,12.0,5.2236,17.2684,6.3705,-3.55027,-3.03849,6.12027
2024/02/14 05:13:03.00,457929.1119,5634201.1535,2946958.443,12.0,5.2238,17.2681,6.3698,-3.61742,-3.07526,6.15016
2024/02/14 05:13:04.00,457925.5394,5634198.7658,2946964.6593,12.0,5.2239,17.2678,6.3692,-3.65741,-2.51439,6.1655
2024/02/14 05:13:05.00,457921.7973,5634195.9396,2946970.8713,12.0,5.224,17.2675,6.3685,-3.52266,-2.60985,6.14148
2024/02/14 05:13:06.00,457918.0119,5634193.3754,2946977.003,12.0,5.2241,17.2673,6.3679,-3.82532,-2.58797,6.11258
2024/02/14 05:13:07.00,457914.3401,5634191.0562,2946983.3752,12.0,5.2243,17.267,6.3672,-3.94563,-2.7179,6.17988
2024/02/14 05:13:08.00,457910.603,5634188.4282,2946989.6547,12.0,5.2244,17.2667,6.3665,-3.70901,-2.53876,6.20335
2024/02/14 05:13:09.00,457906.8259,5634185.7978,2946995.9932,12.0,5.2245,17.2664,6.3659,-3.85783,-2.52951,6.27105
2024/02/14 05:13:10.00,457902.9037,5634182.79,2947002.3658,12.0,5.2247,17.2661,6.3652,-3.85763,-2.98139,6.4096
2024/02/14 05:13:11.00,457899.0294,5634179.9563,2947008.8616,12.0,5.2248,17.2658,6.3645,-4.01749,-2.86672,6.6446
2024/02/14 05:13:12.00,457895.0321,5634177.3183,2947015.453,12.0,5.2249,17.2655,6.3639,-3.98712,-2.63143,6.50681
2024/02/14 05:13:13.00,457891.2721,5634174.4959,2947021.788,12.0,5.225,17.2652,6.3632,-3.59172,-2.60812,6.32757
2024/02/14 05:13:14.00,457887.7257,5634171.9216,2947028.0078,12.0,5.2252,17.2649,6.3625,-3.60095,-2.88238,6.14043
2024/02/14 05:13:15.00,457884.0389,5634169.0492,2947034.2034,12.0,5.2253,17.2646,6.3619,-3.76857,-2.69024,6.22576
2024/02/14 05:13:16.00,457880.1849,5634166.2102,2947040.496,12.0,5.2254,17.2643,6.3612,-3.83136,-2.81579,6.40143
2024/02/14 05:13:17.00,457876.295,5634163.2088,2947046.9683,12.0,5.2256,17.264,6.3606,-3.95768,-3.20163,6.71231
2024/02/14 05:13:18.00,457872.2169,5634159.8028,2947053.7358,12.0,5.2257,17.2637,6.3599,-4.22012,-3.31182,6.89543
2024/02/14 05:13:19.00,457867.914,5634156.5879,2947060.883,12.0,5.2258,17.2634,6.3592,-4.55288,-2.91127,7.2242
2024/02/14 05:13:20.00,457863.3792,5634153.3219,2947068.3878,12.0,5.2259,17.2631,6.3586,-4.77728,-3.5549,7.54741
2024/02/14 05:13:21.00,457858.528,5634149.6081,2947076.0398,12.0,5.2261,17.2628,6.3579,-4.88497,-3.48537,7.92288
2024/02/14 05:13:22.00,457853.6012,5634145.665,2947084.1118,12.0,5.2262,17.2625,6.3572,-4.90968,-3.99102,8.17661
2024/02/14 05:13:23.00,457848.5892,5634141.7099,2947092.4873,12.0,5.2263,17.2622,6.3566,-5.06377,-3.77148,8.4968
2024/02/14 05:13:24.00,457843.4069,5634137.5183,2947101.0898,12.0,5.2264,17.2619,6.3559,-5.22212,-3.89594,8.71681
2024/02/14 05:13:25.00,457838.0897,5634133.44,2947109.9438,12.0,5.2266,17.2616,6.3553,-5.60706,-4.01869,8.91556
2024/02/14 05:13:26.00,457832.524,5634129.411,2947118.869,12.0,5.2267,17.2613,6.3546,-5.75321,-3.927,8.99347
2024/02/14 05:13:27.00,457826.7417,5634124.7878,2947127.918,12.0,5.2268,17.261,6.3539,-5.73656,-4.42459,9.17671
2024/02/14 05:13:28.00,457821.0117,5634120.2901,2947137.1501,12.0,5.2269,17.2607,6.3533,-5.82298,-3.84836,9.2974
2024/02/14 05:13:29.00,457815.4386,5634114.6291,2947146.5922,12.0,5.2271,17.2604,6.3526,-5.99084,-2.69535,9.42054
2024/02/14 05:13:30.00,457809.6667,5634110.5002,2947156.0658,12.0,5.2272,17.2601,6.3519,-5.69378,-4.39254,9.48019
2024/02/14 05:13:31.00,457803.9566,5634106.1348,2947165.399,12.0,5.2273,17.2598,6.3513,-5.6218,-3.92902,9.08877
2024/02/14 05:13:32.00,457798.3711,5634102.5165,2947174.5694,12.0,5.2275,17.2595,6.3506,-5.40437,-4.21176,8.79743
2024/02/14 05:13:33.00,457792.9341,5634098.8033,2947183.2063,12.0,5.2276,17.2591,6.3499,-5.19144,-3.6144,8.59341
2024/02/14 05:13:34.00,457787.7954,5634094.8383,2947191.5736,12.0,5.2277,17.2588,6.3493,-4.78828,-3.23248,8.1737
2024/02/14 05:13:35.00,457783.2592,5634091.3042,2947199.3294,12.0,5.2278,17.2585,6.3486,-4.23048,-3.50106,7.59654
2024/02/14 05:13:36.00,457779.2225,5634087.5962,2947206.5457,12.0,5.228,17.2582,6.348,-3.53921,-3.20908,6.90914
2024/02/14 05:13:37.00,457775.8435,5634084.6341,2947213.4455,12.0,5.2281,17.2579,6.3473,-3.19055,-3.16092,6.71822
2024/02/14 05:13:38.00,457773.1077,5634081.2869,2947220.1777,12.0,5.2282,17.2575,6.3466,-2.3914,-3.17473,6.61508
2024/02/14 05:13:39.00,457770.9487,5634077.9628,2947226.6001,12.0,5.2283,17.2572,6.346,-1.84657,-3.48889,6.2307
2024/02/14 05:13:40.00,457768.5232,5634081.7656,2947232.5166,11.0,5.7884,23.3727,6.3754,-1.31597,-3.86293,5.77115
2024/02/14 05:13:41.00,457767.4917,5634078.5154,2947238.275,11.0,5.7885,23.3695,6.3747,-0.95918,-3.00668,5.52908
2024/02/14 05:13:42.00,457766.465,5634076.0736,2947243.9203,11.0,5.7886,23.3664,6.374,-1.33302,-2.38483,5.59245
2024/02/14 05:13:43.00,457765.7579,5634064.8732,2947249.3145,12.0,5.2288,17.2559,6.3433,-0.96586,-2.92465,5.95474
2024/02/14 05:13:44.00,457763.8216,5634062.0252,2947254.189,12.0,5.229,17.2556,6.3427,-2.42325,-4.86973,5.09949
2024/02/14 05:13:45.00,457762.873,5634060.7114,2947260.1434,12.0,5.2291,17.2552,6.342,-1.83117,-3.27288,5.65384
2024/02/14 05:13:46.00,457761.2426,5634057.5325,2947266.2477,12.0,5.2292,17.2549,6.3413,-1.68625,-3.92847,5.93948
2024/02/14 05:13:47.00,457759.1759,5634058.3485,2947272.4879,12.0,5.2293,17.2546,6.3407,-1.6227,-4.52428,6.53066
2024/02/14 05:13:48.00,457756.7507,5634057.6811,2947279.0865,11.0,5.7891,23.3477,6.3699,-1.63323,-4.67897,6.81992
2024/02/14 05:13:49.00,457755.6417,5634053.7145,2947286.3122,11.0,5.7892,23.3446,6.3693,-1.56676,-4.68454,7.24416
2024/02/14 05:13:50.00,457755.1027,5634042.9791,2947294.0124,12.0,5.2297,17.2536,6.3387,-1.25682,-4.01436,7.48896
2024/02/14 05:13:51.00,457753.9036,5634038.2522,2947301.5247,12.0,5.2298,17.2532,6.338,-1.10008,-4.25847,7.67487
2024/02/14 05:13:52.00,457753.1179,5634032.4068,2947309.5473,12.0,5.2299,17.2529,6.3374,-1.17929,-4.16165,7.91692
2024/02/14 05:13:53.00,457751.5324,5634030.487,2947317.4988,12.0,5.2301,17.2526,6.3367,-1.24627,-4.39814,8.04778
2024/02/14 05:13:54.00,457750.4034,5634025.2677,2947325.6133,12.0,5.2302,17.2522,6.336,-1.30329,-4.75681,8.10886
2024/02/14 05:13:55.00,457749.0211,5634020.8722,2947333.868,12.0,5.2303,17.2519,6.3354,-1.50815,-4.3056,8.3968
2024/02/14 05:13:56.00,457747.409,5634017.0484,2947342.3927,12.0,5.2304,17.2515,6.3347,-1.53434,-4.92802,8.6043
2024/02/14 05:13:57.00,457745.9539,5634012.236,2947351.1439,12.0,5.2306,17.2512,6.334,-1.61625,-4.93146,8.97494
2024/02/14 05:13:58.00,457744.232,5634007.3523,2947360.0438,12.0,5.2307,17.2509,6.3334,-1.66049,-4.91105,9.08828
2024/02/14 05:13:59.00,457742.754,5634002.2059,2947369.2809,12.0,5.2308,17.2505,6.3327,-1.61993,-5.01452,9.32574
2024/02/14 05:14:00.00,457741.1704,5633996.8618,2947378.6129,12.0,5.2309,17.2502,6.3321,-1.71631,-5.11074,9.44919
2024/02/14 05:14:01.00,457739.5226,5633991.9565,2947388.2746,12.0,5.231,17.2498,6.3314,-1.64801,-4.9469,9.6066
2024/02/14 05:14:02.00,457737.8849,5633986.5488,2947398.0498,12.0,5.2312,17.2495,6.3307,-1.3293,-5.33982,9.98181
2024/02/14 05:14:03.00,457736.4507,5633980.8214,2947408.0121,12.0,5.2313,17.2491,6.3301,-1.48228,-5.19853,9.98942
2024/02/14 05:14:04.00,457734.8595,5633975.7135,2947417.9875,12.0,5.2314,17.2488,6.3294,-1.60465,-5.24173,10.15225
2024/02/14 05:14:05.00,457733.2475,5633970.003,2947428.1355,12.0,5.2315,17.2484,6.3287,-1.43051,-5.06472,10.20999
2024/02/14 05:14:06.00,457731.9487,5633964.6726,2947438.2732,12.0,5.2317,17.2481,6.3281,-1.23996,-5.43334,10.13086
2024/02/14 05:14:07.00,457730.6293,5633959.2371,2947448.4658,12.0,5.2318,17.2477,6.3274,-1.25988,-5.35124,10.20299
2024/02/14 05:14:08.00,457729.5046,5633954.0309,2947458.7126,12.0,5.2319,17.2474,6.3268,-0.76282,-4.96393,10.33044
2024/02/14 05:14:09.00,457729.0023,5633948.8799,2947469.0543,12.0,5.232,17.247,6.3261,-0.47996,-5.10754,10.08971
2024/02/14 05:14:10.00,457728.5785,5633944.1363,2947479.158,12.0,5.2321,17.2466,6.3254,-0.44583,-4.75627,9.82168
2024/02/14 05:14:11.00,457728.3579,5633939.5023,2947488.7238,12.0,5.2323,17.2463,6.3248,-0.17376,-4.72354,9.51937
2024/02/14 05:14:12.00,457728.2899,5633935.0352,2947498.0923,12.0,5.2324,17.2459,6.3241,0.11843,-4.04143,9.19574
2024/02/14 05:14:13.00,457728.6494,5633930.8796,2947507.1728,12.0,5.2325,17.2456,6.3234,0.40602,-4.69793,8.98089
2024/02/14 05:14:14.00,457729.2412,5633926.6477,2947515.8445,12.0,5.2326,17.2452,6.3228,0.68433,-4.73408,7.85008
2024/02/14 05:14:15.00,457730.1858,5633922.4874,2947523.8968,12.0,5.2327,17.2448,6.3221,0.90692,-4.03237,7.8091
2024/02/14 05:14:16.00,457731.0811,5633918.3837,2947531.1355,12.0,5.2329,17.2445,6.3215,1.08633,-3.4888,7.43961
2024/02/14 05:14:17.00,457732.2266,5633914.9453,2947538.6557,12.0,5.233,17.2441,6.3208,1.22492,-3.61762,7.12212
2024/02/14 05:14:18.00,457733.6623,5633910.8336,2947545.6719,12.0,5.2331,17.2437,6.3201,1.60063,-3.6998,7.03556
2024/02/14 05:14:19.00,457735.2937,5633907.9534,2947553.3136,12.0,5.2332,17.2434,6.3195,1.77868,-3.75666,7.14205
2024/02/14 05:14:20.00,457737.0589,5633903.4077,2947559.8426,12.0,5.2333,17.243,6.3188,2.05004,-3.61397,6.96633
2024/02/14 05:14:21.00,457739.1244,5633899.6253,2947566.9237,12.0,5.2335,17.2426,6.3182,2.28075,-3.76207,7.19955
2024/02/14 05:14:22.00,457741.4846,5633896.3518,2947574.1201,12.0,5.2336,17.2422,6.3175,2.36798,-3.76357,7.16944
2024/02/14 05:14:23.00,457743.9949,5633892.3348,2947581.2601,12.0,5.2337,17.2419,6.3168,2.5479,-3.64101,7.11276
2024/02/14 05:14:24.00,457746.674,5633888.7501,2947588.5405,12.0,5.2338,17.2415,6.3162,2.84353,-3.81434,7.10347
2024/02/14 05:14:25.00,457749.5826,5633884.5004,2947595.5937,12.0,5.2339,17.2411,6.3155,3.13042,-4.30031,7.04873
2024/02/14 05:14:26.00,457752.8048,5633880.7357,2947602.6456,12.0,5.2341,17.2407,6.3148,3.12463,-3.75288,7.08894
2024/02/14 05:14:27.00,457756.0374,5633877.0259,2947609.5443,12.0,5.2342,17.2403,6.3142,3.2161,-3.43493,6.83762
2024/02/14 05:14:28.00,457759.3872,5633873.5691,2947616.0162,12.0,5.2343,17.24,6.3135,3.37777,-3.8411,6.17889
2024/02/14 05:14:29.00,457762.6791,5633869.9562,2947622.235,12.0,5.2344,17.2396,6.3129,3.31579,-3.55126,6.17939
2024/02/14 05:14:30.00,457766.0161,5633866.698,2947628.3318,12.0,5.2345,17.2392,6.3122,3.20166,-3.22798,6.15544
2024/02/14 05:14:31.00,457769.2065,5633863.7266,2947634.2895,12.0,5.2346,17.2388,6.3115,3.11742,-2.92515,5.8699
2024/02/14 05:14:32.00,457772.2248,5633860.6398,2947639.7295,12.0,5.2348,17.2384,6.3109,2.84626,-2.28631,5.00635
2024/02/14 05:14:33.00,457775.0769,5633858.1454,2947644.3104,12.0,5.2349,17.238,6.3102,2.66436,-2.50085,4.36738
2024/02/14 05:14:34.00,457777.749,5633856.0819,2947648.6245,12.0,5.235,17.2377,6.3096,2.56444,-2.26285,4.11625
2024/02/14 05:14:35.00,457780.3661,5633853.4448,2947652.7705,12.0,5.2351,17.2373,6.3089,2.73675,-2.71092,4.16381
2024/02/14 05:14:36.00,457782.8804,5633851.1987,2947656.6627,12.0,5.2352,17.2369,6.3082,2.61984,-2.26518,3.44042
2024/02/14 05:14:37.00,457785.2568,5633849.9644,2947659.7225,12.0,5.2354,17.2365,6.3076,2.08803,-1.79799,2.17881
2024/02/14 05:14:38.00,457787.2018,5633847.1221,2947661.8837,12.0,5.2355,17.2361,6.3069,2.10206,-0.9498,3.41297
2024/02/14 05:14:39.00,457788.9063,5633844.4752,2947663.6508,12.0,5.2356,17.2357,6.3063,1.31559,-4.07708,0.51711
2024/02/14 05:14:40.00,457790.4059,5633842.466,2947665.3977,12.0,5.2357,17.2353,6.3056,1.61651,-1.02855,2.54627
2024/02/14 05:14:41.00,457792.2058,5633843.1056,2947668.8736,12.0,5.2358,17.2349,6.3049,1.42247,-0.85019,2.18319
2024/02/14 05:14:42.00,457793.7206,5633843.8075,2947671.9229,12.0,5.2359,17.2345,6.3043,1.36266,-1.46744,1.6077
2024/02/14 05:14:43.00,457795.0828,5633842.0809,2947673.6416,12.0,5.2361,17.2341,6.3036,1.70166,-0.90882,2.26055
2024/02/14 05:14:44.00,457796.7502,5633840.9052,2947676.1421,12.0,5.2362,17.2337,6.303,1.61893,-1.82093,2.49869
2024/02/14 05:14:45.00,457798.4909,5633838.6109,2947678.1932,12.0,5.2363,17.2333,6.3023,1.96812,-1.73412,2.54095
2024/02/14 05:14:46.00,457800.5713,5633837.6976,2947681.2911,12.0,5.2364,17.2329,6.3016,2.06962,-1.28383,2.55839
2024/02/14 05:14:47.00,457802.5958,5633836.3116,2947684.0498,12.0,5.2365,17.2325,6.301,1.95488,0.44447,2.96756
2024/02/14 05:14:48.00,457805.2031,5633833.3964,2947687.2247,12.0,5.2366,17.2321,6.3003,2.69252,-1.80959,3.30082
2024/02/14 05:14:49.00,457807.8248,5633831.6718,2947690.3679,12.0,5.2368,17.2317,6.2997,2.67886,-3.38186,3.06028
2024/02/14 05:14:50.00,457811.0972,5633829.1916,2947694.4285,12.0,5.2369,17.2313,6.299,3.0395,-1.05246,3.88181
2024/02/14 05:14:51.00,457814.0379,5633828.0516,2947698.8056,12.0,5.237,17.2309,6.2983,2.92621,-2.96138,3.67576
2024/02/14 05:14:52.00,457816.9541,5633827.1167,2947703.0689,12.0,5.2371,17.2304,6.2977,2.53492,-5.12057,0.73457
2024/02/14 05:14:53.00,457819.7643,5633826.8377,2947707.7566,12.0,5.2372,17.23,6.297,2.4978,-3.67419,3.45174
2024/02/14 05:14:54.00,457822.4432,5633822.5305,2947710.1742,12.0,5.2373,17.2296,6.2964,2.51443,-1.35871,3.4919
2024/02/14 05:14:55.00,457824.4292,5633820.323,2947712.5217,12.0,5.2374,17.2292,6.2957,2.09401,-1.73206,2.73465
2024/02/14 05:14:56.00,457826.3174,5633818.0391,2947715.0807,12.0,5.2376,17.2288,6.295,1.86426,-1.55931,2.56576
2024/02/14 05:14:57.00,457828.1572,5633817.0152,2947718.1952,12.0,5.2377,17.2284,6.2944,1.72103,-1.66624,2.42959
2024/02/14 05:14:58.00,457829.8057,5633814.9392,2947720.4991,12.0,5.2378,17.228,6.2937,1.84087,-1.74661,2.43316
2024/02/14 05:14:59.00,457831.6946,5633812.7084,2947722.5156,12.0,5.2379,17.2275,6.2931,2.06124,-1.57367,2.65569
2024/02/14 05:15:00.00,457833.7904,5633811.2704,2947725.799,12.0,5.238,17.2271,6.2924,2.18676,-1.73037,2.92895
2024/02/14 05:15:01.00,457835.9113,5633809.6404,2947728.9889,12.0,5.2381,17.2267,6.2917,2.21097,-1.65184,3.08517
2024/02/14 05:15:02.00,457838.0523,5633807.8169,2947732.0027,12.0,5.2383,17.2263,6.2911,2.08159,-1.36332,2.79848
2024/02/14 05:15:03.00,457840.1546,5633805.6819,2947734.6083,12.0,5.2384,17.2259,6.2904,2.05498,-2.08003,2.67977
2024/02/14 05:15:04.00,457841.9408,5633804.7379,2947737.2779,12.0,5.2385,17.2254,6.2898,1.77586,-0.67991,2.641
2024/02/14 05:15:05.00,457843.5838,5633804.5789,2947740.1097,12.0,5.2386,17.225,6.2891,1.60333,-2.30798,2.50277
2024/02/14 05:15:06.00,457845.4035,5633802.2536,2947742.4988,12.0,5.2387,17.2246,6.2884,1.65917,-0.24556,3.00371
2024/02/14 05:15:07.00,457847.1,5633801.673,2947745.4846,12.0,5.2388,17.2241,6.2878,1.32332,-2.59442,1.27645
2024/02/14 05:15:08.00,457848.2779,5633799.0067,2947746.0947,12.0,5.2389,17.2237,6.2871,1.53576,-1.12694,2.22215
2024/02/14 05:15:09.00,457849.8494,5633798.2828,2947748.6018,12.0,5.2391,17.2233,6.2865,1.62123,-1.59409,2.20792
2024/02/14 05:15:10.00,457851.5247,5633796.4767,2947750.7073,12.0,5.2392,17.2229,6.2858,1.74623,-1.6374,2.26743
2024/02/14 05:15:11.00,457853.326,5633795.5589,2947753.4167,12.0,5.2393,17.2224,6.2851,1.6162,-1.20859,2.18059
2024/02/14 05:15:12.00,457854.8928,5633793.1574,2947755.3088,12.0,5.2394,17.222,6.2845,1.51797,-1.29568,2.2422
2024/02/14 05:15:13.00,457856.7485,5633791.7926,2947758.07,12.0,5.2395,17.2216,6.2838,1.94087,-1.39913,2.5497
2024/02/14 05:15:14.00,457858.7292,5633790.1661,2947761.1603,12.0,5.2396,17.2211,6.2832,2.10855,-1.88263,3.08145
2024/02/14 05:15:15.00,457860.9809,5633788.1908,2947764.6201,12.0,5.2397,17.2207,6.2825,2.56967,-1.97844,3.43021
2024/02/14 05:15:16.00,457863.5941,5633786.7502,2947768.1862,12.0,5.2398,17.2202,6.2819,2.72199,-2.53779,3.3415
2024/02/14 05:15:17.00,457866.6345,5633786.52,2947773.0759,12.0,5.24,17.2198,6.2812,3.02135,-2.08543,3.61936
2024/02/14 05:15:18.00,457868.9702,5633777.4419,2947771.7834,11.0,5.3066,19.0211,8.4665,3.14913,-2.15225,3.6814
2024/02/14 05:15:19.00,457871.941,5633777.4407,2947776.1353,11.0,5.3068,19.0218,8.4663,3.23988,-0.74968,4.44917
2024/02/14 05:15:20.00,457875.6962,5633778.934,2947783.6717,12.0,5.2403,17.2185,6.2792,3.93444,-0.1128,6.25385
2024/02/14 05:15:21.00,457878.0118,5633775.9791,2947785.4427,11.0,5.3073,19.0231,8.4657,2.66289,3.1678,5.2534
2024/02/14 05:15:22.00,457881.4935,5633767.68,2947789.0095,11.0,5.3075,19.0238,8.4655,3.10701,-2.62962,4.4414
2024/02/14 05:15:23.00,457884.5911,5633763.7553,2947793.1349,11.0,5.3078,19.0244,8.4652,3.02043,-2.76766,4.38647
2024/02/14 05:15:24.00,457888.0654,5633766.2219,2947801.0538,12.0,5.2408,17.2167,6.2766,3.03315,-1.71531,4.51094
2024/02/14 05:15:25.00,457891.0074,5633765.1338,2947806.1041,12.0,5.2409,17.2162,6.2759,3.18513,-3.61905,4.92974
2024/02/14 05:15:26.00,457894.4384,5633763.1511,2947812.2379,12.0,5.241,17.2158,6.2753,2.92671,-3.46519,4.29615
2024/02/14 05:15:27.00,457897.231,5633759.533,2947816.2196,12.0,5.2411,17.2154,6.2746,3.66967,-3.54671,4.93274
2024/02/14 05:15:28.00,457900.861,5633755.548,2947821.6104,12.0,5.2412,17.2149,6.2739,3.54979,-2.97764,5.11242
2024/02/14 05:15:29.00,457904.4613,5633752.0451,2947826.3676,12.0,5.2413,17.2144,6.2733,3.62999,-3.11169,5.21289
2024/02/14 05:15:30.00,457907.9476,5633749.6185,2947831.537,12.0,5.2414,17.214,6.2726,3.6682,-3.21144,4.99768
2024/02/14 05:15:31.00,457911.0899,5633740.5734,2947832.753,11.0,5.3097,19.0297,8.4631,3.69383,-3.18904,5.15507
2024/02/14 05:15:32.00,457915.494,5633742.3071,2947841.3176,12.0,5.2416,17.2131,6.2713,3.92397,-3.02819,5.2208
2024/02/14 05:15:33.00,457919.4193,5633739.216,2947846.5633,12.0,5.2418,17.2126,6.2707,3.73208,-4.06741,4.37435
2024/02/14 05:15:34.00,457923.0325,5633735.8314,2947851.7646,12.0,5.2419,17.2122,6.27,3.5697,-3.0068,5.46089
2024/02/14 05:15:35.00,457926.8439,5633732.7901,2947857.1674,12.0,5.242,17.2117,6.2693,3.84422,-2.96593,5.38319
2024/02/14 05:15:36.00,457930.6122,5633729.8298,2947862.2601,12.0,5.2421,17.2112,6.2687,3.70173,-3.14668,4.93918
2024/02/14 05:15:37.00,457934.5263,5633727.0559,2947867.6412,12.0,5.2422,17.2108,6.268,3.99839,-3.23831,4.98043
2024/02/14 05:15:38.00,457938.4785,5633723.1744,2947872.2812,12.0,5.2423,17.2103,6.2674,4.06487,-3.36342,5.16106
2024/02/14 05:15:39.00,457942.5782,5633720.5685,2947878.0818,12.0,5.2424,17.2099,6.2667,4.25794,-2.79886,5.70117
2024/02/14 05:15:40.00,457947.1426,5633719.0108,2947884.8526,12.0,5.2425,17.2094,6.266,4.42323,-3.98561,5.24656
2024/02/14 05:15:41.00,457951.4447,5633713.0393,2947888.978,12.0,5.2426,17.2089,6.2654,4.64723,-3.86676,5.72002
2024/02/14 05:15:42.00,457956.0771,5633708.6419,2947894.5731,12.0,5.2428,17.2085,6.2647,4.73798,-4.14539,6.34309
2024/02/14 05:15:43.00,457960.8343,5633704.4711,2947901.085,12.0,5.2429,17.208,6.2641,4.70843,-4.1633,6.7536
2024/02/14 05:15:44.00,457965.525,5633700.5674,2947908.0677,12.0,5.243,17.2075,6.2634,4.74101,-4.0614,6.85007
2024/02/14 05:15:45.00,457970.1714,5633696.6081,2947915.1188,12.0,5.2431,17.2071,6.2628,4.69083,-4.23112,6.7741
2024/02/14 05:15:46.00,457974.7003,5633691.9942,2947921.4941,12.0,5.2432,17.2066,6.2621,4.3269,-4.00338,6.25344
2024/02/14 05:15:47.00,457979.0699,5633688.1214,2947927.4862,12.0,5.2433,17.2061,6.2614,4.22277,-3.99726,6.03178
2024/02/14 05:15:48.00,457983.3838,5633684.2888,2947933.8454,12.0,5.2434,17.2056,6.2608,4.3344,-4.04157,6.36084
2024/02/14 05:15:49.00,457987.7962,5633680.7217,2947940.4239,12.0,5.2435,17.2052,6.2601,4.26089,-4.00389,6.75355
2024/02/14 05:15:50.00,457991.9013,5633676.3245,2947947.3422,12.0,5.2436,17.2047,6.2595,4.14939,-3.88508,7.02667
2024/02/14 05:15:51.00,457996.0297,5633671.5726,2947954.6192,12.0,5.2437,17.2042,6.2588,4.02328,-4.34503,7.42659
2024/02/14 05:15:52.00,458000.106,5633667.1158,2947962.2712,12.0,5.2439,17.2037,6.2581,3.84709,-4.45738,7.64692
2024/02/14 05:15:53.00,458003.912,5633662.5199,2947969.9504,12.0,5.244,17.2033,6.2575,3.65967,-4.43067,7.84404
2024/02/14 05:15:54.00,458007.4313,5633658.0348,2947978.18,12.0,5.2441,17.2028,6.2568,3.23186,-4.86568,8.18803
2024/02/14 05:15:55.00,458010.4155,5633653.6618,2947986.452,12.0,5.2442,17.2023,6.2562,2.68493,-4.63786,8.41766
2024/02/14 05:15:56.00,458012.8046,5633649.2507,2947995.0126,12.0,5.2443,17.2018,6.2555,2.00935,-4.45247,8.80721
2024/02/14 05:15:57.00,458014.6763,5633644.2751,2948003.6539,12.0,5.2444,17.2013,6.2549,1.85949,-4.56833,8.72326
2024/02/14 05:15:58.00,458016.1931,5633639.6759,2948012.3302,12.0,5.2445,17.2008,6.2542,1.5148,-4.60631,8.72442
2024/02/14 05:15:59.00,458017.4629,5633635.095,2948021.2329,12.0,5.2446,17.2004,6.2535,1.1255,-4.26473,8.90073
2024/02/14 05:16:00.00,458018.5626,5633630.9981,2948030.0034,12.0,5.2447,17.1999,6.2529,0.77959,-4.56951,8.77559
2024/02/14 05:16:01.00,458019.165,5633626.4847,2948038.8282,12.0,5.2448,17.1994,6.2522,0.41317,-4.44311,8.89195
2024/02/14 05:16:02.00,458019.4387,5633621.8796,2948047.772,12.0,5.2449,17.1989,6.2516,0.15927,-4.77512,8.8997
2024/02/14 05:16:03.00,458019.6973,5633617.623,2948056.7705,12.0,5.2451,17.1984,6.2509,0.2887,-4.36498,8.94927
2024/02/14 05:16:04.00,458019.7896,5633612.6664,2948065.7046,12.0,5.2452,17.1979,6.2503,0.3045,-4.57671,8.95272
2024/02/14 05:16:05.00,458020.1176,5633608.5911,2948074.7677,12.0,5.2453,17.1974,6.2496,0.18388,-4.66569,8.99775
2024/02/14 05:16:06.00,458020.3551,5633603.939,2948083.695,12.0,5.2454,17.1969,6.2489,0.3524,-4.56649,8.96765
2024/02/14 05:16:07.00,458020.6083,5633599.2354,2948092.7296,12.0,5.2455,17.1964,6.2483,0.33708,-4.58417,9.17293
2024/02/14 05:16:08.00,458020.796,5633594.4367,2948101.6057,12.0,5.2456,17.1959,6.2476,0.10207,-4.58213,8.98392
2024/02/14 05:16:09.00,458020.9703,5633589.7499,2948110.651,12.0,5.2457,17.1954,6.247,0.22996,-4.75365,8.89453
2024/02/14 05:16:10.00,458020.9602,5633584.849,2948119.5901,12.0,5.2458,17.1949,6.2463,0.32638,-4.23697,9.11214
2024/02/14 05:16:11.00,458021.1655,5633579.9919,2948128.7514,12.0,5.2459,17.1944,6.2456,0.24899,-4.66896,9.09331
2024/02/14 05:16:12.00,458021.4687,5633575.417,2948137.8836,12.0,5.246,17.1939,6.245,0.55668,-4.84058,9.09272
2024/02/14 05:16:13.00,458021.7657,5633570.8411,2948147.101,12.0,5.2461,17.1934,6.2443,0.00967,-4.54969,9.26358
2024/02/14 05:16:14.00,458021.8589,5633565.9325,2948156.2398,12.0,5.2462,17.1929,6.2437,0.05481,-4.60496,9.03722
2024/02/14 05:16:15.00,458021.8724,5633561.259,2948165.494,12.0,5.2464,17.1924,6.243,-0.02318,-4.57546,9.25463
2024/02/14 05:16:16.00,458022.0046,5633556.6641,2948174.8863,12.0,5.2465,17.1919,6.2424,-0.0669,-4.82747,9.23221
2024/02/14 05:16:17.00,458022.0994,5633552.0743,2948184.0304,12.0,5.2466,17.1914,6.2417,0.28056,-4.91883,9.28237
2024/02/14 05:16:18.00,458022.5585,5633547.2641,2948193.2856,12.0,5.2467,17.1909,6.241,0.55137,-5.03524,9.25372
2024/02/14 05:16:19.00,458023.2932,5633542.2678,2948202.4265,12.0,5.2468,17.1904,6.2404,1.00167,-5.17551,8.99656
2024/02/14 05:16:20.00,458024.2783,5633537.2288,2948211.3364,12.0,5.2469,17.1899,6.2397,1.31502,-4.94578,8.88368
2024/02/14 05:16:21.00,458025.9821,5633532.2634,2948220.0596,12.0,5.247,17.1894,6.2391,2.05889,-4.9933,8.6061
2024/02/14 05:16:22.00,458028.1687,5633527.4545,2948228.5447,12.0,5.2471,17.1889,6.2384,2.40681,-5.14053,8.37517
2024/02/14 05:16:23.00,458030.8598,5633523.3774,2948237.1304,12.0,5.2472,17.1883,6.2378,3.01551,-4.77308,8.29891
2024/02/14 05:16:24.00,458034.2035,5633516.6691,2948244.7735,12.0,5.2473,17.1878,6.2371,3.38799,-6.31053,6.87371
2024/02/14 05:16:25.00,458037.8319,5633513.0449,2948253.0204,12.0,5.2474,17.1873,6.2365,4.15631,-5.28067,7.32001
2024/02/14 05:16:26.00,458042.4919,5633509.0465,2948261.0983,12.0,5.2475,17.1868,6.2358,5.02195,-4.88904,7.31693
2024/02/14 05:16:27.00,458047.9512,5633504.2169,2948267.8005,12.0,5.2476,17.1863,6.2351,5.83689,-4.80664,7.05004
2024/02/14 05:16:28.00,458054.3069,5633499.6112,2948275.3133,12.0,5.2477,17.1857,6.2345,6.61162,-4.68689,6.72854
2024/02/14 05:16:29.00,458061.0515,5633494.8053,2948281.9251,12.0,5.2478,17.1852,6.2338,7.05294,-4.78096,6.53663
2024/02/14 05:16:30.00,458068.4526,5633489.768,2948287.815,12.0,5.248,17.1847,6.2332,7.71658,-4.41829,6.02941
2024/02/14 05:16:31.00,458076.3497,5633486.0732,2948293.7332,12.0,5.2481,17.1842,6.2325,7.85252,-3.90316,5.23544
2024/02/14 05:16:32.00,458084.1708,5633481.6195,2948298.3107,12.0,5.2482,17.1837,6.2319,7.98194,-3.71866,4.57751
2024/02/14 05:16:33.00,458092.3864,5633477.8403,2948302.6775,12.0,5.2483,17.1831,6.2312,8.46239,-3.66141,4.04402
2024/02/14 05:16:34.00,458101.0945,5633474.5331,2948306.7767,12.0,5.2484,17.1826,6.2305,8.94979,-3.14061,4.05007
2024/02/14 05:16:35.00,458110.0032,5633471.0414,2948310.3093,12.0,5.2485,17.1821,6.2299,8.92136,-2.95913,3.20729
2024/02/14 05:16:36.00,458118.6975,5633468.3735,2948313.0667,12.0,5.2486,17.1815,6.2292,8.65609,-2.39259,2.44412
2024/02/14 05:16:37.00,458127.035,5633466.3172,2948315.4061,12.0,5.2487,17.181,6.2286,7.95193,-1.85998,1.96067
2024/02/14 05:16:38.00,458135.0729,5633464.8022,2948317.1734,12.0,5.2488,17.1805,6.2279,8.13806,-2.05148,1.34722
2024/02/14 05:16:39.00,458143.3103,5633463.0222,2948318.4911,12.0,5.2489,17.1799,6.2273,8.53887,-1.73993,0.88641
2024/02/14 05:16:40.00,458151.7878,5633461.8281,2948319.1933,12.0,5.249,17.1794,6.2266,8.3021,-1.22496,0.48929
2024/02/14 05:16:41.00,458159.9192,5633460.2594,2948318.9759,12.0,5.2491,17.1789,6.226,8.24249,-0.86386,-0.02957
2024/02/14 05:16:42.00,458168.0671,5633459.6446,2948318.6335,12.0,5.2492,17.1783,6.2253,7.79229,-0.63498,-0.50086
2024/02/14 05:16:43.00,458175.5186,5633459.4679,2948317.989,12.0,5.2493,17.1778,6.2246,7.09964,-0.29372,-0.76625
2024/02/14 05:16:44.00,458182.3509,5633458.8105,2948317.2515,12.0,5.2494,17.1772,6.224,6.37472,-0.40053,-0.86498
2024/02/14 05:16:45.00,458188.5882,5633458.0517,2948316.2861,12.0,5.2495,17.1767,6.2233,6.25684,-0.39271,-0.88618
2024/02/14 05:16:46.00,458194.5948,5633458.0557,2948315.3994,12.0,5.2496,17.1762,6.2227,5.39134,-0.01474,-0.70826
2024/02/14 05:16:47.00,458199.5298,5633457.6516,2948314.8669,12.0,5.2497,17.1756,6.222,4.61944,-0.00605,-0.28866
2024/02/14 05:16:48.00,458204.0455,5633457.535,2948314.354,12.0,5.2498,17.1751,6.2214,4.42305,0.00514,-0.64532
2024/02/14 05:16:49.00,458208.0816,5633457.1727,2948313.6681,12.0,5.2499,17.1745,6.2207,4.22826,0.20553,-0.36216
2024/02/14 05:16:50.00,458212.2571,5633457.2443,2948312.9751,12.0,5.25,17.174,6.2201,4.15352,-0.18808,-0.63001
2024/02/14 05:16:51.00,458216.4192,5633457.1292,2948312.2124,12.0,5.2501,17.1734,6.2194,4.35796,0.06927,-0.6541
2024/02/14 05:16:52.00,458220.7896,5633457.3653,2948311.6902,12.0,5.2502,17.1729,6.2188,4.43361,0.13337,-0.55037
2024/02/14 05:16:53.00,458225.0099,5633457.3764,2948310.8655,12.0,5.2503,17.1723,6.2181,4.22547,-0.03268,-0.74803
2024/02/14 05:16:54.00,458229.1982,5633457.5491,2948310.3995,12.0,5.2504,17.1717,6.2175,4.1065,0.02718,-0.49493
2024/02/14 05:16:55.00,458233.2015,5633457.7678,2948310.0181,12.0,5.2505,17.1712,6.2168,3.78878,-0.07066,-0.53619
2024/02/14 05:16:56.00,458236.9856,5633457.9865,2948309.4204,12.0,5.2506,17.1706,6.2161,3.6718,0.14616,-0.45824
2024/02/14 05:16:57.00,458240.1494,5633457.8745,2948308.8293,12.0,5.2507,17.1701,6.2155,2.69964,-0.13447,-0.42786
2024/02/14 05:16:58.00,458242.2862,5633457.8705,2948308.3538,12.0,5.2508,17.1695,6.2148,1.74978,-0.08358,-0.29259
2024/02/14 05:16:59.00,458243.7029,5633458.0018,2948308.1713,12.0,5.2509,17.169,6.2142,1.04745,0.17647,-0.12503
2024/02/14 05:17:00.00,458244.3873,5633458.0708,2948307.9953,12.0,5.251,17.1684,6.2135,0.62674,-0.12214,-0.16454
2024/02/14 05:17:01.00,458244.9676,5633458.0047,2948307.6983,12.0,5.2511,17.1678,6.2129,0.62665,-0.02223,-0.18197
2024/02/14 05:17:02.00,458245.5077,5633457.8555,2948307.5866,12.0,5.2512,17.1673,6.2122,0.41047,0.03437,-0.01993
2024/02/14 05:17:03.00,458245.87,5633457.3988,2948307.4728,12.0,5.2514,17.1667,6.2116,0.36785,-0.16559,-0.12997
2024/02/14 05:17:04.00,458246.1716,5633457.0618,2948307.3142,12.0,5.2515,17.1661,6.2109,0.31242,-0.03993,-0.06364
2024/02/14 05:17:05.00,458246.6126,5633457.4083,2948307.322,12.0,5.2516,17.1656,6.2103,0.32549,-0.14466,-0.09574
2024/02/14 05:17:06.00,458247.1978,5633457.6428,2948307.3238,12.0,5.2517,17.165,6.2096,0.80379,0.01439,-0.11749
2024/02/14 05:17:07.00,458248.214,5633457.528,2948307.0524,12.0,5.2518,17.1644,6.2089,1.40633,0.1652,-0.23577
2024/02/14 05:17:08.00,458249.7385,5633457.2367,2948306.816,12.0,5.2519,17.1639,6.2083,1.62375,0.0139,-0.15106
2024/02/14 05:17:09.00,458251.4999,5633457.3646,2948306.6115,12.0,5.252,17.1633,6.2076,1.87077,0.23398,-0.25688
2024/02/14 05:17:10.00,458253.4923,5633457.2568,2948306.2509,12.0,5.2521,17.1627,6.207,2.28288,-0.02518,-0.44265
2024/02/14 05:17:11.00,458256.0192,5633457.1024,2948305.8022,12.0,5.2522,17.1621,6.2063,2.90339,0.13259,-0.512
2024/02/14 05:17:12.00,458259.2138,5633457.1139,2948305.2673,12.0,5.2523,17.1616,6.2057,3.60968,0.04853,-0.62764
2024/02/14 05:17:13.00,458262.9571,5633457.1307,2948304.7049,12.0,5.2524,17.161,6.205,4.00148,-0.11275,-0.7971
2024/02/14 05:17:14.00,458266.8742,5633457.1695,2948304.0309,12.0,5.2525,17.1604,6.2044,3.84614,0.39068,-0.6083
2024/02/14 05:17:15.00,458270.7732,5633457.3424,2948303.4896,12.0,5.2526,17.1598,6.2037,3.76045,-0.1848,-0.70375
2024/02/14 05:17:16.00,458274.807,5633457.4299,2948302.7591,12.0,5.2527,17.1593,6.2031,4.25855,-0.01758,-0.77161
2024/02/14 05:17:17.00,458279.2856,5633457.7184,2948301.9915,12.0,5.2528,17.1587,6.2024,4.74359,-0.14065,-0.84045
2024/02/14 05:17:18.00,458284.2092,5633457.5697,2948301.2496,12.0,5.2529,17.1581,6.2018,5.14769,-0.14639,-0.88028
2024/02/14 05:17:19.00,458289.5748,5633457.5644,2948300.2909,12.0,5.253,17.1575,6.2011,5.28913,-0.0779,-0.98006
2024/02/14 05:17:20.00,458294.8674,5633457.732,2948299.516,12.0,5.2531,17.1569,6.2005,5.23906,-0.0351,-0.82717
2024/02/14 05:17:21.00,458299.851,5633457.9576,2948298.8417,12.0,5.2532,17.1563,6.1998,4.72735,0.22385,-0.78366
2024/02/14 05:17:22.00,458304.1491,5633457.8042,2948297.9805,12.0,5.2533,17.1558,6.1992,3.80676,0.00597,-0.6748
2024/02/14 05:17:23.00,458307.2406,5633457.4826,2948297.32,12.0,5.2534,17.1552,6.1985,2.59908,0.05348,-0.42292
2024/02/14 05:17:24.00,458309.5651,5633457.1884,2948296.9657,12.0,5.2535,17.1546,6.1978,1.6905,0.07525,-0.27286
2024/02/14 05:17:25.00,458310.8195,5633457.3695,2948296.9103,12.0,5.2536,17.154,6.1972,0.72925,-0.12465,-0.17068
2024/02/14 05:17:26.00,458311.3105,5633457.167,2948296.7862,12.0,5.2537,17.1534,6.1965,0.50848,-0.09712,-0.16242
2024/02/14 05:17:27.00,458311.9263,5633457.0493,2948296.7888,12.0,5.2538,17.1528,6.1959,0.8055,0.23007,-0.08715
2024/02/14 05:17:28.00,458312.8482,5633457.4668,2948296.5802,12.0,5.2539,17.1522,6.1952,1.15414,0.08919,-0.33417
2024/02/14 05:17:29.00,458314.1655,5633457.4435,2948296.2539,12.0,5.254,17.1516,6.1946,1.42892,-0.03787,-0.43556
2024/02/14 05:17:30.00,458315.736,5633457.2779,2948295.7928,12.0,5.2541,17.151,6.1939,1.86874,-0.0044,-0.62042
2024/02/14 05:17:31.00,458318.0959,5633457.3876,2948295.1694,12.0,5.2542,17.1504,6.1933,2.63336,-0.04192,-0.65899
2024/02/14 05:17:32.00,458321.2495,5633457.529,2948294.6019,12.0,5.2543,17.1498,6.1926,3.5569,0.05945,-0.57013
2024/02/14 05:17:33.00,458324.976,5633457.3388,2948293.9481,12.0,5.2544,17.1492,6.192,3.89265,0.10874,-0.45162
2024/02/14 05:17:34.00,458328.855,5633457.601,2948293.5062,12.0,5.2545,17.1486,6.1913,3.77098,0.10641,-0.36575
2024/02/14 05:17:35.00,458332.6954,5633458.0252,2948293.3391,12.0,5.2546,17.148,6.1907,3.59335,-0.30349,-0.43039
2024/02/14 05:17:36.00,458336.5417,5633457.8682,2948293.0455,12.0,5.2547,17.1474,6.19,3.96959,0.01066,-0.3471
2024/02/14 05:17:37.00,458340.4118,5633457.0859,2948291.7021,12.0,5.2548,17.1468,6.1894,3.89214,-0.93684,-1.09905
2024/02/14 05:17:38.00,458344.4365,5633458.0316,2948291.701,12.0,5.2549,17.1462,6.1887,3.827,-1.43085,-1.56302
2024/02/14 05:17:39.00,458348.3799,5633458.605,2948291.5039,12.0,5.255,17.1456,6.1881,3.76497,-0.33014,-0.76936
2024/02/14 05:17:40.00,458352.4331,5633459.5212,2948291.7578,12.0,5.255,17.145,6.1874,3.89122,-0.93916,-1.06783
2024/02/14 05:17:41.00,458356.6786,5633459.0741,2948290.7036,12.0,5.2551,17.1444,6.1868,4.48654,0.04292,-0.64851
2024/02/14 05:17:42.00,458361.5318,5633460.3186,2948290.8893,12.0,5.2552,17.1438,6.1861,4.95849,0.25842,-0.31007
2024/02/14 05:17:43.00,458366.4372,5633458.6378,2948289.2887,12.0,5.2553,17.1432,6.1855,5.21488,-0.11247,-0.76284
2024/02/14 05:17:44.00,458371.5755,5633458.595,2948288.4985,12.0,5.2554,17.1425,6.1848,5.27359,-0.04082,-0.74245
2024/02/14 05:17:45.00,458376.5924,5633457.1656,2948286.7323,12.0,5.2555,17.1419,6.1842,5.13675,0.08638,-0.68636
2024/02/14 05:17:46.00,458381.8233,5633458.1451,2948286.6486,12.0,5.2556,17.1413,6.1835,4.83397,0.11572,-0.79738
2024/02/14 05:17:47.00,458386.8881,5633461.352,2948288.0627,12.0,5.2557,17.1407,6.1828,4.73361,0.82536,-0.3065
2024/02/14 05:17:48.00,458391.7423,5633464.6573,2948289.4748,12.0,5.2558,17.1401,6.1822,4.38413,0.48101,-0.41677
2024/02/14 05:17:49.00,458395.8698,5633463.7921,2948288.1997,12.0,5.2559,17.1395,6.1815,4.17677,0.49429,-0.43681
2024/02/14 05:17:50.00,458400.1299,5633465.7933,2948288.7491,12.0,5.256,17.1388,6.1809,4.10394,0.66539,-0.09932
2024/02/14 05:17:51.00,458404.264,5633467.4537,2948289.1436,12.0,5.2561,17.1382,6.1802,4.10272,1.04353,0.21999
2024/02/14 05:17:52.00,458408.2832,5633466.4056,2948287.99,12.0,5.2562,17.1376,6.1796,3.76428,-2.69579,-2.1697
2024/02/14 05:17:53.00,458412.4551,5633467.1838,2948288.2652,12.0,5.2563,17.137,6.1789,3.77396,-1.93122,-2.03065
2024/02/14 05:17:54.00,458416.3278,5633467.7381,2948287.9792,12.0,5.2564,17.1363,6.1783,3.98218,3.52443,1.86045
2024/02/14 05:17:55.00,458419.7844,5633468.5487,2948287.9035,12.0,5.2565,17.1357,6.1776,3.03481,-0.06222,-0.61611
2024/02/14 05:17:56.00,458422.4378,5633467.3644,2948286.841,12.0,5.2566,17.1351,6.177,2.71951,-0.64566,-0.94609
2024/02/14 05:17:57.00,458425.0167,5633466.0038,2948285.5183,12.0,5.2567,17.1345,6.1763,2.67238,0.56513,0.07319
2024/02/14 05:17:58.00,458427.3731,5633464.7381,2948284.5124,12.0,5.2568,17.1338,6.1757,2.37814,0.33386,-0.07888
2024/02/14 05:17:59.00,458429.4068,5633463.862,2948283.64,12.0,5.2569,17.1332,6.175,1.73289,-0.99057,-0.87944
2024/02/14 05:18:00.00,458430.6516,5633463.4652,2948283.176,12.0,5.257,17.1326,6.1744,0.944,0.2775,0.07398
2024/02/14 05:18:01.00,458431.6594,5633464.9464,2948284.1932,12.0,5.2571,17.132,6.1737,1.09135,3.1645,2.06403
2024/02/14 05:18:02.00,458432.3583,5633465.4145,2948284.2237,12.0,5.2572,17.1313,6.1731,0.75995,0.0236,-0.13244
2024/02/14 05:18:03.00,458433.2744,5633467.2428,2948285.4641,12.0,5.2573,17.1307,6.1724,0.81026,0.65817,0.28571
2024/02/14 05:18:04.00,458434.2871,5633467.9118,2948285.8724,12.0,5.2574,17.13,6.1718,1.29719,1.10302,0.63929
2024/02/14 05:18:05.00,458435.792,5633469.8876,2948287.038,12.0,5.2575,17.1294,6.1711,1.39744,0.96979,0.37241
2024/02/14 05:18:06.00,458437.3125,5633472.0456,2948288.3297,12.0,5.2576,17.1288,6.1705,1.08685,-0.16253,-0.36382
2024/02/14 05:18:07.00,458438.2306,5633471.4028,2948287.9577,12.0,5.2577,17.1281,6.1698,0.84081,0.61123,0.18883
2024/02/14 05:18:08.00,458438.6063,5633471.7874,2948288.0201,12.0,5.2578,17.1275,6.1692,0.05783,1.02537,0.62326
2024/02/14 05:18:09.00,458438.59,5633471.5236,2948287.829,12.0,5.2578,17.1268,6.1685,-0.0707,-0.23287,-0.09977
2024/02/14 05:18:10.00,458438.279,5633469.6618,2948286.6454,12.0,5.2579,17.1262,6.1679,0.0989,0.83355,0.57426
2024/02/14 05:18:11.00,458438.2187,5633469.6411,2948286.6227,12.0,5.258,17.1256,6.1672,0.04167,0.30574,0.17031
2024/02/14 05:18:12.00,458438.2367,5633470.0795,2948287.04,12.0,5.2581,17.1249,6.1666,0.06053,-0.33941,-0.25776
2024/02/14 05:18:13.00,458438.8486,5633471.8898,2948288.0371,12.0,5.2582,17.1243,6.1659,0.57447,0.19865,0.03985
2024/02/14 05:18:14.00,458439.8799,5633472.6212,2948288.2312,12.0,5.2583,17.1236,6.1653,1.0795,1.33976,0.69526
2024/02/14 05:18:15.00,458440.2422,5633469.7743,2948285.9735,12.0,5.2584,17.123,6.1646,0.32561,0.12411,0.0076
2024/02/14 05:18:16.00,458440.679,5633471.8788,2948287.5495,12.0,5.2585,17.1223,6.164,-0.22471,-1.0198,-0.67087
2024/02/14 05:18:17.00,458440.6593,5633471.6219,2948287.5684,12.0,5.2586,17.1217,6.1633,0.05303,0.17526,0.11426
2024/02/14 05:18:18.00,458440.6954,5633471.0881,2948287.4211,12.0,5.2587,17.121,6.1627,-0.08619,-1.58834,-1.04621
2024/02/14 05:18:19.00,458441.1429,5633473.736,2948289.2301,12.0,5.2588,17.1204,6.162,0.25643,-0.42234,-0.2502
2024/02/14 05:18:20.00,458441.4758,5633473.3638,2948288.7526,12.0,5.2589,17.1197,6.1614,0.45488,0.10164,0.02121
2024/02/14 05:18:21.00,458441.8689,5633472.4503,2948287.8559,12.0,5.259,17.1191,6.1607,0.43982,0.27307,0.09939
2024/02/14 05:18:22.00,458441.7409,5633467.691,2948284.5055,12.0,5.2591,17.1184,6.1601,0.23558,-0.04333,-0.13342
2024/02/14 05:18:23.00,458441.6818,5633466.0802,2948283.3525,12.0,5.2592,17.1178,6.1594,0.14766,0.47016,0.29533
2024/02/14 05:18:24.00,458441.4047,5633463.4898,2948281.346,12.0,5.2593,17.1171,6.1588,0.14544,0.21335,0.09893
2024/02/14 05:18:25.00,458441.3275,5633460.7854,2948279.7064,12.0,5.2594,17.1164,6.1581,0.37044,-0.26973,-0.25433
2024/02/14 05:18:26.00,458442.1413,5633462.7224,2948280.913,12.0,5.2595,17.1158,6.1575,0.90603,0.19949,-0.21138
2024/02/14 05:18:27.00,458443.2769,5633462.944,2948281.0615,12.0,5.2596,17.1151,6.1568,1.43819,0.33648,-0.04054
2024/02/14 05:18:28.00,458444.6947,5633463.1999,2948281.0627,12.0,5.2597,17.1145,6.1562,1.42732,-0.17687,-0.36998
2024/02/14 05:18:29.00,458445.6329,5633458.2421,2948277.6488,12.0,5.2597,17.1138,6.1555,1.37029,0.50811,-0.03003
2024/02/14 05:18:30.00,458446.8319,5633457.0151,2948276.6579,12.0,5.2598,17.1131,6.1549,1.21141,-0.08989,-0.11925
2024/02/14 05:18:31.00,458448.2625,5633458.1364,2948277.1554,12.0,5.2599,17.1125,6.1542,1.03836,-0.51374,-0.39578
2024/02/14 05:18:32.00,458449.2772,5633457.4915,2948276.6995,12.0,5.26,17.1118,6.1536,0.99876,0.18591,-0.14782
2024/02/14 05:18:33.00,458450.0344,5633456.6189,2948275.9779,12.0,5.2601,17.1111,6.1529,0.78062,-0.23466,-0.20515
2024/02/14 05:18:34.00,458450.8019,5633456.1213,2948275.5322,12.0,5.2602,17.1105,6.1523,0.74609,-0.03499,-0.24432
2024/02/14 05:18:35.00,458451.1323,5633451.7702,2948272.4689,12.0,5.3461,19.0993,8.1223,1.22131,0.11402,-0.10757
2024/02/14 05:18:36.00,458452.5021,5633452.4381,2948272.4371,12.0,5.3464,19.0997,8.1221,1.1012,-0.25991,-0.31348
2024/02/14 05:18:37.00,458453.5412,5633452.4826,2948272.048,12.0,5.3466,19.1001,8.1218,0.88819,0.18706,-0.00804
2024/02/14 05:18:38.00,458454.2159,5633452.53,2948272.1965,12.0,5.3469,19.1005,8.1216,0.51521,-0.27421,-0.15586
2024/02/14 05:18:39.00,458454.7646,5633452.094,2948272.0259,12.0,5.3471,19.1009,8.1214,0.56658,-0.05708,-0.1535
2024/02/14 05:18:40.00,458455.3375,5633451.843,2948271.863,12.0,5.3474,19.1013,8.1212,0.59315,-0.14476,-0.11322
2024/02/14 05:18:41.00,458455.8088,5633452.1756,2948271.6473,12.0,5.3476,19.1017,8.121,0.39686,-0.10247,-0.13314
2024/02/14 05:18:42.00,458456.0502,5633451.77,2948271.472,12.0,5.3479,19.1021,8.1208,0.51525,-0.04635,-0.08707
2024/02/14 05:18:43.00,458456.7513,5633452.0427,2948271.4682,12.0,5.3481,19.1025,8.1206,0.89384,0.32794,-0.05035
2024/02/14 05:18:44.00,458457.8987,5633452.0738,2948271.3438,12.0,5.3484,19.1029,8.1204,1.3443,-0.08374,-0.25552
2024/02/14 05:18:45.00,458459.4252,5633452.3692,2948271.2023,12.0,5.3486,19.1032,8.1202,1.49424,0.07814,-0.06145
2024/02/14 05:18:46.00,458460.97,5633452.3497,2948271.0507,12.0,5.3489,19.1036,8.12,1.56446,-0.20922,-0.30485
2024/02/14 05:18:47.00,458462.6945,5633451.9628,2948270.8941,12.0,5.3491,19.104,8.1197,1.96153,0.18783,-0.16296
2024/02/14 05:18:48.00,458464.4402,5633451.6884,2948270.5428,12.0,5.3494,19.1044,8.1195,1.98146,0.12996,-0.25384
2024/02/14 05:18:49.00,458466.3549,5633452.1802,2948270.3155,12.0,5.3496,19.1048,8.1193,1.89848,0.04951,-0.2805
2024/02/14 05:18:50.00,458468.3819,5633452.1082,2948270.0915,12.0,5.3499,19.1051,8.1191,2.165,0.20941,-0.25639
2024/02/14 05:18:51.00,458470.6189,5633451.9705,2948269.7861,12.0,5.3501,19.1055,8.1189,2.16976,-0.07738,-0.35815
2024/02/14 05:18:52.00,458472.4988,5633451.7525,2948269.3719,12.0,5.3504,19.1059,8.1187,1.85052,0.14686,-0.43722
2024/02/14 05:18:53.00,458473.8104,5633451.8946,2948269.138,12.0,5.3506,19.1063,8.1185,0.79296,-0.09787,-0.24601
2024/02/14 05:18:54.00,458474.6692,5633452.0167,2948269.0272,12.0,5.3509,19.1066,8.1183,0.66912,-0.14513,-0.22952
2024/02/14 05:18:55.00,458475.1526,5633452.0369,2948268.9305,12.0,5.3511,19.107,8.118,0.27633,-0.04754,-0.06564
2024/02/14 05:18:56.00,458475.4143,5633451.743,2948268.9372,12.0,5.3514,19.1074,8.1178,0.38467,-0.10613,-0.06786
2024/02/14 05:18:57.00,458476.2388,5633451.6817,2948268.6873,12.0,5.3516,19.1078,8.1176,1.20464,-0.35072,-0.20143
2024/02/14 05:18:58.00,458477.7511,5633451.7559,2948268.4874,12.0,5.3519,19.1081,8.1174,1.69393,-0.31042,-0.12291
2024/02/14 05:18:59.00,458479.5835,5633451.85,2948268.1624,12.0,5.3521,19.1085,8.1172,1.83102,-0.39481,-0.28996
2024/02/14 05:19:00.00,458481.5205,5633452.0849,2948268.058,12.0,5.3524,19.1089,8.117,2.51219,1.17828,-0.31707
2024/02/14 05:19:01.00,458484.0761,5633451.8156,2948267.784,12.0,5.3526,19.1092,8.1168,2.68888,-0.19971,-0.15192
2024/02/14 05:19:02.00,458486.9838,5633451.7711,2948267.4968,12.0,5.3529,19.1096,8.1165,3.38796,0.87118,-0.28566
2024/02/14 05:19:03.00,458490.5381,5633451.4945,2948267.1735,12.0,5.3531,19.11,8.1163,4.02391,-0.38418,-0.10144
2024/02/14 05:19:04.00,458494.6939,5633450.9851,2948266.7714,12.0,5.3534,19.1103,8.1161,4.48794,0.07063,0.00825
2024/02/14 05:19:05.00,458498.9189,5633450.564,2948266.5839,12.0,5.3536,19.1107,8.1159,3.86174,-0.1549,0.32089
2024/02/14 05:19:06.00,458502.9604,5633450.5033,2948266.6757,12.0,5.3539,19.111,8.1157,4.33332,0.14184,0.11192
2024/02/14 05:19:07.00,458507.2035,5633450.1222,2948266.7382,12.0,5.3541,19.1114,8.1155,4.47092,-0.0438,0.08132
2024/02/14 05:19:08.00,458511.601,5633449.0627,2948266.8814,12.0,5.3544,19.1118,8.1152,4.76852,0.12545,0.2397
2024/02/14 05:19:09.00,458516.5485,5633448.9599,2948267.0952,12.0,5.3546,19.1121,8.115,4.72471,-0.8414,-0.00135
2024/02/14 05:19:10.00,458521.7489,5633448.5781,2948267.165,12.0,5.3549,19.1125,8.1148,5.31566,-0.2864,0.20705
2024/02/14 05:19:11.00,458526.8997,5633447.9938,2948267.4322,12.0,5.3551,19.1128,8.1146,5.11422,-0.59548,0.42526
2024/02/14 05:19:12.00,458532.0375,5633448.0184,2948268.1549,12.0,5.3554,19.1132,8.1144,4.92805,-0.12658,0.5353
2024/02/14 05:19:13.00,458536.7037,5633447.7051,2948268.95,12.0,5.3556,19.1135,8.1142,4.56148,-0.75817,0.78132
2024/02/14 05:19:14.00,458541.0909,5633447.1788,2948269.7839,12.0,5.3558,19.1139,8.1139,4.19864,-0.77172,0.67617
2024/02/14 05:19:15.00,458545.3908,5633446.6168,2948270.6065,12.0,5.3561,19.1142,8.1137,4.23774,-0.23217,1.0365
2024/02/14 05:19:16.00,458549.5605,5633447.8703,2948271.7961,12.0,5.3563,19.1146,8.1135,4.22073,-0.66092,0.92836
2024/02/14 05:19:17.00,458553.7465,5633447.0745,2948272.5813,12.0,5.3566,19.1149,8.1133,3.85108,-0.03646,0.99735
2024/02/14 05:19:18.00,458557.7314,5633443.5711,2948272.9774,12.0,5.3568,19.1153,8.1131,3.56209,-0.0105,0.93658
2024/02/14 05:19:19.00,458561.1263,5633445.3467,2948274.3873,12.0,5.3571,19.1156,8.1128,3.64359,-0.68861,1.01625
2024/02/14 05:19:20.00,458564.7734,5633443.5186,2948275.0268,12.0,5.3573,19.116,8.1126,3.63683,-1.31156,0.73212
2024/02/14 05:19:21.00,458567.9366,5633444.5731,2948276.4153,12.0,5.3576,19.1163,8.1124,2.72353,-3.19474,1.23217
2024/02/14 05:19:22.00,458571.295,5633444.8422,2948277.3925,12.0,5.3578,19.1167,8.1122,2.90064,-1.29438,1.05784
2024/02/14 05:19:23.00,458574.4108,5633442.5668,2948278.0036,12.0,5.3581,19.117,8.112,3.12461,-0.51144,0.87097
2024/02/14 05:19:24.00,458577.4018,5633442.3876,2948279.2342,12.0,5.3583,19.1173,8.1117,3.18399,-0.84396,0.85481
2024/02/14 05:19:25.00,458580.1336,5633441.5824,2948280.1367,12.0,5.3586,19.1177,8.1115,2.55648,-0.58026,0.89185
2024/02/14 05:19:26.00,458582.4346,5633441.1041,2948281.1201,12.0,5.3588,19.118,8.1113,2.02126,0.06393,0.75133
2024/02/14 05:19:27.00,458584.7884,5633440.1983,2948281.8198,12.0,5.3591,19.1184,8.1111,2.37066,-0.51285,0.77748
2024/02/14 05:19:28.00,458587.4498,5633439.256,2948282.7499,12.0,5.3593,19.1187,8.1109,2.73077,-0.65719,1.0465
2024/02/14 05:19:29.00,458590.077,5633438.7542,2948283.8915,12.0,5.3596,19.119,8.1106,2.69994,-0.40069,1.13544
2024/02/14 05:19:30.00,458592.678,5633438.366,2948285.1035,12.0,5.3598,19.1194,8.1104,2.42409,-0.93202,1.07812
2024/02/14 05:19:31.00,458595.1333,5633437.9827,2948286.2816,12.0,5.3601,19.1197,8.1102,2.34859,-0.8946,1.03596
2024/02/14 05:19:32.00,458597.5217,5633437.2865,2948287.3888,12.0,5.3603,19.12,8.11,2.37819,-0.56135,1.16179
2024/02/14 05:19:33.00,458599.8487,5633436.438,2948288.3237,12.0,5.3606,19.1204,8.1097,2.26237,-0.70743,1.16351
2024/02/14 05:19:34.00,458602.1325,5633435.7485,2948289.4997,12.0,5.3608,19.1207,8.1095,2.09369,-0.48869,1.05306
2024/02/14 05:19:35.00,458604.0848,5633435.017,2948290.3712,12.0,5.3611,19.121,8.1093,1.99032,-0.34096,1.14289
2024/02/14 05:19:36.00,458605.957,5633434.1352,2948291.4455,12.0,5.3613,19.1213,8.1091,1.9402,-0.7002,1.18148
2024/02/14 05:19:37.00,458608.1306,5633433.8082,2948292.6004,12.0,5.3616,19.1217,8.1089,2.14369,-0.65848,1.23914
2024/02/14 05:19:38.00,458610.2804,5633432.9761,2948293.9745,12.0,5.3618,19.122,8.1086,2.23504,-0.65189,1.34796
2024/02/14 05:19:39.00,458612.3025,5633432.0396,2948295.0673,12.0,5.3621,19.1223,8.1084,1.95036,-0.60737,1.16543
2024/02/14 05:19:40.00,458614.1295,5633431.7471,2948296.2674,12.0,5.3623,19.1226,8.1082,1.77366,-0.49805,1.02687
2024/02/14 05:19:41.00,458615.7111,5633431.1096,2948297.177,12.0,5.3626,19.123,8.108,1.57535,-0.44784,1.04214
2024/02/14 05:19:42.00,458617.2652,5633430.7494,2948298.1933,12.0,5.3628,19.1233,8.1077,1.6012,-0.30445,0.8556
2024/02/14 05:19:43.00,458618.7639,5633430.3166,2948299.2527,12.0,5.363,19.1236,8.1075,1.46734,-0.58001,0.90214
2024/02/14 05:19:44.00,458620.2082,5633429.6801,2948300.0687,12.0,5.3633,19.1239,8.1073,1.48222,-0.64668,1.04408
2024/02/14 05:19:45.00,458621.7409,5633428.5913,2948301.2039,12.0,5.3635,19.1242,8.1071,1.77264,-0.69729,0.99701
2024/02/14 05:19:46.00,458623.3666,5633427.8324,2948302.3044,12.0,5.3638,19.1245,8.1068,1.66472,-0.54393,1.05944
2024/02/14 05:19:47.00,458624.869,5633427.3417,2948303.381,12.0,5.364,19.1249,8.1066,1.32238,-0.64372,0.95481
2024/02/14 05:19:48.00,458625.9982,5633427.0833,2948304.1711,12.0,5.3643,19.1252,8.1064,0.93395,-0.31244,0.64507
2024/02/14 05:19:49.00,458626.727,5633426.7494,2948304.7749,12.0,5.3645,19.1255,8.1062,0.54806,-0.05677,0.38826
2024/02/14 05:19:50.00,458627.2216,5633426.5726,2948305.1111,12.0,5.3648,19.1258,8.1059,0.56587,-0.21757,0.3789
2024/02/14 05:19:51.00,458628.0879,5633426.3354,2948305.7633,12.0,5.365,19.1261,8.1057,1.08766,-0.49783,0.83771
2024/02/14 05:19:52.00,458629.425,5633425.8626,2948306.8452,12.0,5.3653,19.1264,8.1055,1.40137,-0.55657,1.11115
2024/02/14 05:19:53.00,458630.8836,5633424.9057,2948307.8864,12.0,5.3655,19.1267,8.1052,1.63805,-0.75225,1.10368
2024/02/14 05:19:54.00,458632.4793,5633424.37,2948309.1607,12.0,5.3658,19.127,8.105,1.70571,-0.71244,1.23647
2024/02/14 05:19:55.00,458634.1763,5633423.5766,2948310.448,12.0,5.366,19.1273,8.1048,1.72005,-0.62619,1.42793
2024/02/14 05:19:56.00,458636.0555,5633423.2036,2948311.8107,12.0,5.3663,19.1276,8.1046,1.75595,-0.79544,1.26524
2024/02/14 05:19:57.00,458637.7651,5633422.1007,2948312.9616,12.0,5.3665,19.1279,8.1043,1.77352,-0.76843,1.32464
2024/02/14 05:19:58.00,458639.4987,5633421.6107,2948314.2412,12.0,5.3668,19.1282,8.1041,1.85668,-0.68613,1.35958
2024/02/14 05:19:59.00,458641.3315,5633420.989,2948315.8059,12.0,5.367,19.1285,8.1039,1.8101,-0.848,1.4043
2024/02/14 05:20:00.00,458643.1387,5633420.1685,2948317.3628,12.0,5.3673,19.1288,8.1036,1.84679,-0.7292,1.36102
2024/02/14 05:20:01.00,458645.0208,5633419.4202,2948318.7979,12.0,5.3675,19.1291,8.1034,1.80479,-0.7822,1.42416
2024/02/14 05:20:02.00,458646.6422,5633418.4286,2948319.9997,12.0,5.3678,19.1294,8.1032,1.68349,-0.84437,1.28177
2024/02/14 05:20:03.00,458648.2155,5633417.7253,2948321.1708,12.0,5.368,19.1297,8.103,1.49127,-0.54779,1.20854
2024/02/14 05:20:04.00,458649.7448,5633417.0525,2948322.5063,12.0,5.3683,19.13,8.1027,1.48564,-0.67601,1.25035
2024/02/14 05:20:05.00,458651.1411,5633416.3833,2948323.6007,12.0,5.3685,19.1303,8.1025,1.07302,-0.49882,0.79758
2024/02/14 05:20:06.00,458652.0397,5633416.0461,2948324.1791,12.0,5.3688,19.1306,8.1023,0.79559,-0.53184,0.62616
2024/02/14 05:20:07.00,458652.8892,5633416.0689,2948324.8237,12.0,5.369,19.1309,8.102,0.74231,-0.46115,0.55821
2024/02/14 05:20:08.00,458653.6165,5633415.6619,2948325.3584,12.0,5.3692,19.1312,8.1018,0.72586,-0.31945,0.56717
2024/02/14 05:20:09.00,458654.4191,5633415.0527,2948325.8889,12.0,5.3695,19.1315,8.1016,0.95273,-0.3613,0.66962
2024/02/14 05:20:10.00,458655.2907,5633414.693,2948326.6372,12.0,5.3697,19.1318,8.1014,0.83735,-0.51618,0.68978
2024/02/14 05:20:11.00,458656.1243,5633414.4785,2948327.1463,12.0,5.37,19.132,8.1011,0.82458,-0.3958,0.6398
2024/02/14 05:20:12.00,458656.9805,5633414.2379,2948327.8898,12.0,5.3702,19.1323,8.1009,0.84739,-0.2965,0.7019
2024/02/14 05:20:13.00,458657.6843,5633413.5846,2948328.5754,12.0,5.3705,19.1326,8.1007,0.77709,-0.32672,0.73418
2024/02/14 05:20:14.00,458658.5111,5633413.178,2948329.2357,12.0,5.3707,19.1329,8.1004,0.72701,-0.18592,0.67741
2024/02/14 05:20:15.00,458659.3151,5633413.0933,2948330.0262,12.0,5.371,19.1332,8.1002,0.76048,-0.41055,0.63758
2024/02/14 05:20:16.00,458660.0893,5633412.7004,2948330.6795,12.0,5.3712,19.1335,8.1,0.91104,-0.32009,0.71435
2024/02/14 05:20:17.00,458660.9107,5633412.042,2948331.3853,12.0,5.3715,19.1337,8.0997,1.01184,-0.52927,0.78602
2024/02/14 05:20:18.00,458662.0217,5633411.8952,2948332.276,12.0,5.3717,19.134,8.0995,1.09745,-0.28624,0.8227
2024/02/14 05:20:19.00,458663.131,5633411.3682,2948333.0548,12.0,5.372,19.1343,8.0993,1.07123,-0.2768,0.94053
2024/02/14 05:20:20.00,458664.28,5633411.1318,2948334.0336,12.0,5.3722,19.1346,8.099,1.08646,-0.49298,0.8843
2024/02/14 05:20:21.00,458665.3392,5633410.2983,2948334.8536,12.0,5.3725,19.1348,8.0988,1.14464,-0.35231,0.85419
2024/02/14 05:20:22.00,458666.4416,5633409.9267,2948335.7499,12.0,5.3727,19.1351,8.0986,1.16669,-0.39075,0.88041
2024/02/14 05:20:23.00,458667.4824,5633409.5796,2948336.535,12.0,5.373,19.1354,8.0983,0.99755,-0.49495,0.76453
2024/02/14 05:20:24.00,458668.5904,5633409.2629,2948337.4049,12.0,5.3732,19.1357,8.0981,1.07426,-0.31927,0.81604
2024/02/14 05:20:25.00,458669.753,5633408.8028,2948338.4285,12.0,5.3735,19.1359,8.0979,1.05997,-0.51054,0.99569
2024/02/14 05:20:26.00,458670.9062,5633408.1472,2948339.2792,12.0,5.3737,19.1362,8.0976,1.25687,-0.61024,0.935
2024/02/14 05:20:27.00,458672.0711,5633407.7392,2948340.2025,12.0,5.374,19.1365,8.0974,1.0034,-0.57781,0.82475
2024/02/14 05:20:28.00,458673.1571,5633407.7628,2948341.1679,12.0,5.3742,19.1367,8.0972,0.87409,-0.4533,0.7913
2024/02/14 05:20:29.00,458673.9937,5633407.4418,2948341.856,12.0,5.3744,19.137,8.0969,0.81383,-0.48204,0.58387
2024/02/14 05:20:30.00,458674.6326,5633407.063,2948342.2986,12.0,5.3747,19.1373,8.0967,0.69788,-0.32109,0.64936
2024/02/14 05:20:31.00,458675.3214,5633406.9229,2948342.867,12.0,5.3749,19.1375,8.0965,0.70652,-0.30395,0.60059
2024/02/14 05:20:32.00,458675.9354,5633406.4977,2948343.405,12.0,5.3752,19.1378,8.0962,0.71335,-0.34785,0.57297
2024/02/14 05:20:33.00,458676.6615,5633406.1883,2948344.0936,12.0,5.3754,19.1381,8.096,0.71563,-0.33814,0.56545
2024/02/14 05:20:34.00,458677.3631,5633406.1456,2948344.7727,12.0,5.3757,19.1383,8.0957,0.69754,-0.29783,0.58011
2024/02/14 05:20:35.00,458677.9773,5633405.7229,2948345.3373,12.0,5.3759,19.1386,8.0955,0.73173,-0.35244,0.64347
2024/02/14 05:20:36.00,458678.7939,5633405.4024,2948346.0315,12.0,5.3762,19.1388,8.0953,0.87162,-0.43433,0.7474
2024/02/14 05:20:37.00,458679.7391,5633404.4703,2948346.8137,12.0,5.3764,19.1391,8.095,1.06878,-0.32406,0.89064
2024/02/14 05:20:38.00,458680.7084,5633404.2286,2948347.6515,12.0,5.3767,19.1393,8.0948,0.89399,-0.39174,0.73991
2024/02/14 05:20:39.00,458681.4471,5633403.4182,2948348.1228,12.0,5.3769,19.1396,8.0946,0.8268,-0.21251,0.69267
2024/02/14 05:20:40.00,458682.5694,5633403.307,2948348.8506,12.0,5.3772,19.1398,8.0943,1.06957,-0.49054,0.76813
2024/02/14 05:20:41.00,458683.6237,5633402.6807,2948349.8393,12.0,5.3774,19.1401,8.0941,0.94275,-0.427,0.74638
2024/02/14 05:20:42.00,458684.5244,5633402.1717,2948350.3798,12.0,5.3777,19.1403,8.0939,0.89998,-0.23524,0.71847
2024/02/14 05:20:43.00,458685.334,5633401.8748,2948351.0371,12.0,5.3779,19.1406,8.0936,0.69406,-0.28744,0.49759
2024/02/14 05:20:44.00,458686.0778,5633401.8759,2948351.791,12.0,5.3782,19.1408,8.0934,0.66485,-0.31978,0.57609
2024/02/14 05:20:45.00,458686.661,5633401.6009,2948352.3659,12.0,5.3784,19.1411,8.0931,0.41611,-0.04212,0.3435
2024/02/14 05:20:46.00,458686.8338,5633401.1604,2948352.4383,12.0,5.3787,19.1413,8.0929,0.25906,-0.11873,0.20084
2024/02/14 05:20:47.00,458687.4298,5633401.2864,2948352.973,12.0,5.3789,19.1416,8.0927,0.77167,-0.17338,0.63697
2024/02/14 05:20:48.00,458688.3804,5633401.2421,2948353.9231,12.0,5.3791,19.1418,8.0924,0.88209,-0.50071,0.77183
2024/02/14 05:20:49.00,458689.2792,5633400.6848,2948354.7036,12.0,5.3794,19.1421,8.0922,1.00375,-0.37011,0.93182
2024/02/14 05:20:50.00,458690.2219,5633400.0553,2948355.4454,12.0,5.3796,19.1423,8.0919,1.02986,-0.51998,0.9125
2024/02/14 05:20:51.00,458691.2274,5633399.8702,2948356.3022,12.0,5.3799,19.1426,8.0917,1.17017,-0.54781,0.99291
2024/02/14 05:20:52.00,458692.2321,5633399.4043,2948357.1141,12.0,5.3801,19.1428,8.0915,0.82466,-0.43602,0.76745
2024/02/14 05:20:53.00,458693.0032,5633399.1666,2948357.7143,12.0,5.3804,19.143,8.0912,0.45473,-0.27098,0.40294
2024/02/14 05:20:54.00,458693.3292,5633399.0659,2948357.9413,12.0,5.3806,19.1433,8.091,0.19939,-0.07229,0.15412
2024/02/14 05:20:55.00,458693.7262,5633399.4206,2948358.4603,12.0,5.3809,19.1435,8.0907,0.68281,-0.36568,0.5335
2024/02/14 05:20:56.00,458694.6831,5633399.1485,2948359.2759,12.0,5.3811,19.1437,8.0905,0.78385,-0.235,0.74493
2024/02/14 05:20:57.00,458695.5037,5633398.5929,2948359.9263,12.0,5.3814,19.144,8.0903,0.88041,-0.35262,0.72418
2024/02/14 05:20:58.00,458696.3507,5633397.8352,2948360.6309,12.0,5.3816,19.1442,8.09,0.89731,-0.73817,0.82581
2024/02/14 05:20:59.00,458697.3371,5633397.2539,2948361.4846,12.0,5.3819,19.1444,8.0898,1.09232,-0.42488,0.88241
2024/02/14 05:21:00.00,458698.4118,5633396.0223,2948362.2672,12.0,5.3821,19.1447,8.0895,1.24511,-0.59504,1.10661
2024/02/14 05:21:01.00,458699.7566,5633395.342,2948363.406,12.0,5.3824,19.1449,8.0893,1.56894,-0.6327,1.32713
2024/02/14 05:21:02.00,458701.3359,5633394.5777,2948364.8486,12.0,5.3826,19.1451,8.0891,1.68566,-0.90269,1.34877
2024/02/14 05:21:03.00,458703.0956,5633393.5424,2948366.246,12.0,5.3828,19.1453,8.0888,1.70855,-0.84177,1.50625
2024/02/14 05:21:04.00,458704.8639,5633392.8454,2948367.7954,12.0,5.3831,19.1456,8.0886,1.6638,-0.79661,1.53303
2024/02/14 05:21:05.00,458706.4493,5633391.8307,2948369.1849,12.0,5.3833,19.1458,8.0883,1.50596,-0.80944,1.3441
2024/02/14 05:21:06.00,458707.7359,5633391.2629,2948370.309,12.0,5.3836,19.146,8.0881,0.97765,-0.4081,0.78779
2024/02/14 05:21:07.00,458708.6955,5633390.9846,2948371.0941,12.0,5.3838,19.1462,8.0878,0.64058,-0.44716,0.46311
2024/02/14 05:21:08.00,458709.3318,5633391.2204,2948371.6857,12.0,5.3841,19.1465,8.0876,0.72454,-0.30132,0.47084
2024/02/14 05:21:09.00,458710.0015,5633390.9782,2948372.3348,12.0,5.3843,19.1467,8.0874,0.49987,-0.09354,0.35743
2024/02/14 05:21:10.00,458710.4716,5633390.5778,2948372.7274,12.0,5.3846,19.1469,8.0871,0.54687,-0.06671,0.42112
2024/02/14 05:21:11.00,458711.3349,5633390.41,2948373.302,12.0,5.3848,19.1471,8.0869,1.02035,-0.35011,0.82453
2024/02/14 05:21:12.00,458712.4181,5633389.852,2948373.9726,12.0,5.3851,19.1473,8.0866,1.1434,-0.46352,0.9307
2024/02/14 05:21:13.00,458713.6407,5633389.2509,2948374.8326,12.0,5.3853,19.1475,8.0864,1.33647,-0.4966,0.97648
2024/02/14 05:21:14.00,458715.0501,5633388.7016,2948375.918,12.0,5.3856,19.1478,8.0861,1.39771,-0.84813,1.03111
2024/02/14 05:21:15.00,458716.7145,5633387.8377,2948377.1716,12.0,5.3858,19.148,8.0859,1.85427,-0.74426,1.43312
2024/02/14 05:21:16.00,458718.6209,5633386.5551,2948378.5158,12.0,5.386,19.1482,8.0856,1.99212,-0.81116,1.52744
2024/02/14 05:21:17.00,458720.6501,5633386.3054,2948379.9694,12.0,5.3863,19.1484,8.0854,1.67255,-0.72366,1.1943
2024/02/14 05:21:18.00,458722.2751,5633386.0341,2948381.2128,12.0,5.3865,19.1486,8.0852,1.53523,-0.54489,1.23599
2024/02/14 05:21:19.00,458724.211,5633385.3954,2948382.8454,12.0,5.3868,19.1488,8.0849,2.20368,-1.00817,1.77023
2024/02/14 05:21:20.00,458726.575,5633384.4522,2948384.6909,12.0,5.387,19.149,8.0847,2.8436,-1.25696,2.19049
2024/02/14 05:21:21.00,458729.4743,5633382.925,2948387.1957,12.0,5.3873,19.1492,8.0844,3.19528,-1.44354,2.74175
2024/02/14 05:21:22.00,458732.6822,5633381.8122,2948389.9358,12.0,5.3875,19.1494,8.0842,3.31544,-1.25717,2.82615
2024/02/14 05:21:23.00,458735.7993,5633380.3733,2948392.7638,12.0,5.3878,19.1496,8.0839,3.18942,-2.50007,2.43228
2024/02/14 05:21:24.00,458738.7481,5633377.7236,2948394.9377,12.0,5.388,19.1498,8.0837,2.73491,-1.40464,2.21625
2024/02/14 05:21:25.00,458741.7701,5633375.1615,2948397.1532,12.0,5.3883,19.15,8.0834,2.90872,-1.46564,2.37713
2024/02/14 05:21:26.00,458744.391,5633376.3919,2948400.0339,12.0,5.3885,19.1502,8.0832,3.09647,-1.13952,2.57991
2024/02/14 05:21:27.00,458747.6331,5633374.2425,2948402.4406,12.0,5.3887,19.1504,8.0829,3.26782,-1.29248,2.67705
2024/02/14 05:21:28.00,458750.9804,5633374.51,2948405.5759,12.0,5.389,19.1506,8.0827,3.53511,-1.78064,2.97659
2024/02/14 05:21:29.00,458754.8623,5633371.4362,2948408.2922,12.0,5.3892,19.1508,8.0824,4.0794,-1.87796,3.39798
2024/02/14 05:21:30.00,458759.1622,5633370.004,2948412.026,12.0,5.3895,19.151,8.0822,4.50115,-1.84361,4.04068
2024/02/14 05:21:31.00,458763.8755,5633367.4611,2948416.3346,12.0,5.3897,19.1512,8.0819,4.82225,-2.39886,4.47649
2024/02/14 05:21:32.00,458768.7938,5633364.1844,2948420.9608,12.0,5.39,19.1514,8.0817,5.07891,-2.36809,5.00601
2024/02/14 05:21:33.00,458774.0589,5633361.5401,2948425.8878,12.0,5.3902,19.1516,8.0814,5.49268,-2.63949,4.98982
2024/02/14 05:21:34.00,458779.6375,5633358.4467,2948430.6735,12.0,5.3905,19.1518,8.0812,5.72052,-2.55203,4.9587
2024/02/14 05:21:35.00,458785.3112,5633355.7624,2948435.5416,12.0,5.3907,19.152,8.0809,5.84251,-2.59269,4.88952
2024/02/14 05:21:36.00,458791.2385,5633353.2172,2948440.3841,12.0,5.391,19.1522,8.0807,5.8805,-2.53066,4.82611
2024/02/14 05:21:37.00,458797.2158,5633350.5662,2948445.1353,12.0,5.3912,19.1524,8.0804,5.89343,-2.77202,4.72379
2024/02/14 05:21:38.00,458803.3603,5633348.1102,2948449.7575,12.0,5.3914,19.1525,8.0802,6.16929,-2.60276,4.53655
2024/02/14 05:21:39.00,458809.2097,5633345.8345,2948454.1073,12.0,5.3917,19.1527,8.0799,5.83109,-2.64611,4.1368
2024/02/14 05:21:40.00,458814.9727,5633343.6872,2948458.5021,12.0,5.3919,19.1529,8.0797,5.52262,-0.3372,4.29902
2024/02/14 05:21:41.00,458820.4607,5633340.9169,2948462.175,12.0,5.3922,19.1531,8.0794,5.19968,-1.7794,3.57545
2024/02/14 05:21:42.00,458825.5366,5633338.7472,2948465.4455,12.0,5.3924,19.1533,8.0792,5.02983,-1.88581,3.3307
2024/02/14 05:21:43.00,458830.2771,5633338.7974,2948469.3373,12.0,5.3927,19.1535,8.0789,4.91532,-1.90179,3.65129
2024/02/14 05:21:44.00,458835.1523,5633336.8462,2948473.2007,12.0,5.3929,19.1536,8.0787,4.78595,-2.30679,3.7731
2024/02/14 05:21:45.00,458840.003,5633333.0419,2948477.1446,12.0,5.3932,19.1538,8.0784,4.29189,-2.87577,4.25143
2024/02/14 05:21:46.00,458843.8343,5633332.0839,2948481.8811,12.0,5.3934,19.154,8.0782,3.67584,-2.77531,4.79462
2024/02/14 05:21:47.00,458846.6695,5633327.8319,2948486.3456,12.0,5.3936,19.1542,8.0779,2.10346,-2.60177,5.0106
2024/02/14 05:21:48.00,458848.0755,5633325.5533,2948491.3494,12.0,5.3939,19.1543,8.0777,0.77839,-2.44563,4.80601
2024/02/14 05:21:49.00,458848.253,5633323.1214,2948495.744,12.0,5.3941,19.1545,8.0774,-0.11701,-1.63742,4.11693
2024/02/14 05:21:50.00,458847.8285,5633321.468,2948499.4642,12.0,5.3944,19.1547,8.0772,-0.6101,-1.56496,3.35168
2024/02/14 05:21:51.00,458847.4073,5633320.669,2948502.1569,12.0,5.3946,19.1549,8.0769,-0.38097,-1.22327,2.09801
2024/02/14 05:21:52.00,458847.0876,5633320.213,2948504.2888,12.0,5.3949,19.155,8.0767,-0.30534,-0.44286,1.79102
2024/02/14 05:21:53.00,458846.6304,5633319.7169,2948506.2564,12.0,5.3951,19.1552,8.0764,-0.68047,-0.41383,2.02057
2024/02/14 05:21:54.00,458845.8921,5633318.6981,2948508.2021,12.0,5.3954,19.1554,8.0761,-0.87838,-1.01433,2.30824
2024/02/14 05:21:55.00,458844.8412,5633317.5346,2948510.6158,12.0,5.3956,19.1555,8.0759,-1.23183,-1.53057,2.6087
2024/02/14 05:21:56.00,458843.5281,5633316.2659,2948513.3099,12.0,5.3959,19.1557,8.0756,-1.19185,-1.62018,2.75955
2024/02/14 05:21:57.00,458842.0775,5633315.4483,2948516.1757,12.0,5.3961,19.1559,8.0754,-1.51863,-0.52386,2.92492
2024/02/14 05:21:58.00,458840.5373,5633314.4904,2948519.0038,12.0,5.3963,19.156,8.0751,-1.4412,-0.75715,2.99346
2024/02/14 05:21:59.00,458839.3409,5633312.6946,2948521.7174,11.0,5.9028,35.5748,9.6815,-1.47325,-1.5189,2.99587
2024/02/14 05:22:00.00,458837.7555,5633311.6277,2948524.6717,12.0,5.3968,19.1563,8.0746,-1.30277,-0.85725,3.04564
2024/02/14 05:22:01.00,458836.6856,5633307.0484,2948527.3103,12.0,5.3971,19.1565,8.0744,-1.49293,-1.92812,3.09544
2024/02/14 05:22:02.00,458835.0055,5633307.9404,2948530.8387,12.0,5.3973,19.1567,8.0741,-1.42571,-1.64365,3.07404
2024/02/14 05:22:03.00,458833.5481,5633308.9423,2948534.0419,12.0,5.3976,19.1568,8.0739,-1.23052,-0.75027,2.52316
2024/02/14 05:22:04.00,458832.4484,5633307.9836,2948536.297,12.0,5.3978,19.157,8.0736,-1.15645,-1.30687,1.94731
2024/02/14 05:22:05.00,458831.6107,5633306.16,2948537.9754,12.0,5.3981,19.1571,8.0733,-0.95185,-0.50105,1.79729
2024/02/14 05:22:06.00,458830.9145,5633305.5251,2948539.6308,12.0,5.3983,19.1573,8.0731,-0.5925,-0.24926,1.37598
2024/02/14 05:22:07.00,458830.3195,5633304.8655,2948540.8444,12.0,5.3986,19.1574,8.0728,-0.66669,-1.25525,1.06408
2024/02/14 05:22:08.00,458829.6156,5633303.9835,2948542.2333,12.0,5.3988,19.1576,8.0726,-0.75551,-0.60659,1.40012
2024/02/14 05:22:09.00,458828.8771,5633302.9775,2948543.6808,12.0,5.399,19.1577,8.0723,-0.77661,-0.72297,1.47407
2024/02/14 05:22:10.00,458828.1417,5633302.1892,2948545.0871,12.0,5.3993,19.1579,8.0721,-0.65021,-0.80251,1.31737
2024/02/14 05:22:11.00,458827.5684,5633301.6701,2948546.4032,12.0,5.3995,19.158,8.0718,-0.50536,-0.68247,0.92717
2024/02/14 05:22:12.00,458827.1896,5633301.124,2948547.2122,12.0,5.3998,19.1582,8.0715,-0.35552,-0.31648,0.86158
2024/02/14 05:22:13.00,458826.9015,5633300.875,2948547.7477,12.0,5.4,19.1583,8.0713,-0.2593,-0.13502,0.65213
2024/02/14 05:22:14.00,458826.7183,5633300.5435,2948548.4072,12.0,5.4003,19.1585,8.071,-0.37232,-0.36165,0.67872
2024/02/14 05:22:15.00,458826.2431,5633299.8256,2948549.3362,12.0,5.4005,19.1586,8.0708,-0.66329,-0.24665,1.33477
2024/02/14 05:22:16.00,458825.4584,5633299.0622,2948550.6499,12.0,5.4008,19.1587,8.0705,-0.85788,-0.97286,1.4215
2024/02/14 05:22:17.00,458824.7095,5633298.3715,2948552.2644,12.0,5.401,19.1589,8.0703,-0.89989,-1.16019,1.36167
2024/02/14 05:22:18.00,458824.0331,5633297.8035,2948553.7115,12.0,5.4012,19.159,8.07,-0.69336,-0.81915,1.41256
2024/02/14 05:22:19.00,458823.2713,5633296.641,2948554.9596,12.0,5.4015,19.1592,8.0697,-0.46248,-0.13014,1.4149
2024/02/14 05:22:20.00,458822.628,5633295.9998,2948556.1326,12.0,5.4017,19.1593,8.0695,-0.64425,-0.73669,1.09523
2024/02/14 05:22:21.00,458821.8515,5633295.2078,2948557.5715,12.0,5.402,19.1594,8.0692,-0.78282,-0.33978,1.53327
2024/02/14 05:22:22.00,458821.0253,5633294.5864,2948559.3619,12.0,5.4022,19.1596,8.069,-0.86786,-0.9445,1.80528
2024/02/14 05:22:23.00,458820.1912,5633293.8308,2948561.0946,12.0,5.4025,19.1597,8.0687,-0.6415,-0.66655,1.65732
2024/02/14 05:22:24.00,458819.474,5633293.401,2948562.7034,12.0,5.4027,19.1598,8.0684,-0.65828,-0.46451,1.57926
2024/02/14 05:22:25.00,458818.6954,5633292.6531,2948564.3404,12.0,5.403,19.16,8.0682,-0.70492,-0.84185,1.56441
2024/02/14 05:22:26.00,458817.9934,5633291.8863,2948566.0233,12.0,5.4032,19.1601,8.0679,-0.63215,-0.3104,1.50273
2024/02/14 05:22:27.00,458817.3282,5633291.2057,2948567.3052,12.0,5.4034,19.1602,8.0677,-0.57507,-0.31094,1.09934
2024/02/14 05:22:28.00,458816.8334,5633291.0382,2948568.3977,12.0,5.4037,19.1603,8.0674,-0.53326,-0.34464,0.94601
2024/02/14 05:22:29.00,458816.3946,5633291.0462,2948569.3334,12.0,5.4039,19.1605,8.0671,-0.50531,-0.42232,0.92615
2024/02/14 05:22:30.00,458815.7048,5633290.4117,2948570.236,12.0,5.4042,19.1606,8.0669,-0.73661,-0.38994,1.38368
2024/02/14 05:22:31.00,458814.9533,5633289.8958,2948571.4429,12.0,5.4044,19.1607,8.0666,-0.74143,-0.37396,1.2189
2024/02/14 05:22:32.00,458814.0949,5633288.9665,2948572.5155,12.0,5.4047,19.1608,8.0664,-0.85181,-0.68245,1.00027
2024/02/14 05:22:33.00,458813.3824,5633288.0439,2948573.5456,12.0,5.4049,19.161,8.0661,-0.74188,-0.60642,1.20126
2024/02/14 05:22:34.00,458812.6123,5633287.182,2948574.5335,12.0,5.4052,19.1611,8.0658,-0.65728,-0.81653,1.1391
2024/02/14 05:22:35.00,458811.9983,5633286.679,2948575.6116,12.0,5.4054,19.1612,8.0656,-0.61456,-0.6945,1.01355
2024/02/14 05:22:36.00,458811.3528,5633286.2413,2948576.8487,12.0,5.4056,19.1613,8.0653,-0.7651,-0.54379,1.37493
2024/02/14 05:22:37.00,458810.4966,5633285.5022,2948578.1156,12.0,5.4059,19.1614,8.0651,-0.78374,-0.46492,1.13184
2024/02/14 05:22:38.00,458809.8132,5633284.8987,2948579.4302,12.0,5.4061,19.1615,8.0648,-0.68832,-0.35589,1.19095
2024/02/14 05:22:39.00,458809.196,5633284.468,2948580.5901,12.0,5.4064,19.1617,8.0645,-0.69071,-0.52687,1.27186
2024/02/14 05:22:40.00,458808.5846,5633284.4059,2948581.8991,12.0,5.4066,19.1618,8.0643,-0.63952,-0.22782,1.27569
2024/02/14 05:22:41.00,458807.9713,5633284.2367,2948583.2323,12.0,5.4069,19.1619,8.064,-0.7213,-1.57757,0.57955
2024/02/14 05:22:42.00,458807.4521,5633283.9974,2948584.0162,12.0,5.4071,19.162,8.0637,-0.31594,0.17525,0.78544
2024/02/14 05:22:43.00,458808.2425,5633285.8416,2948585.5679,12.0,5.4074,19.1621,8.0635,-0.24393,-0.47056,0.50653
2024/02/14 05:22:44.00,458807.3142,5633284.0953,2948585.6491,12.0,5.4076,19.1622,8.0632,-0.3942,-0.50203,0.80361
2024/02/14 05:22:45.00,458806.9641,5633284.0941,2948586.6214,12.0,5.4078,19.1623,8.0629,-0.60833,-0.23257,1.45614
2024/02/14 05:22:46.00,458805.2151,5633281.4866,2948587.1597,12.0,5.4081,19.1624,8.0627,-0.9306,-1.39997,0.87656
2024/02/14 05:22:47.00,458804.725,5633281.5364,2948588.5346,12.0,5.4083,19.1625,8.0624,-0.73475,-0.3246,1.15156
2024/02/14 05:22:48.00,458804.0676,5633280.8869,2948589.963,12.0,5.4086,19.1626,8.0622,-0.81926,-0.62432,1.48542
2024/02/14 05:22:49.00,458804.8704,5633282.9534,2948592.6999,12.0,5.4088,19.1627,8.0619,-0.63751,-0.50708,1.86665
2024/02/14 05:22:50.00,458802.7412,5633279.8271,2948593.2755,12.0,5.4091,19.1628,8.0616,-1.11729,-2.16888,0.99378
2024/02/14 05:22:51.00,458802.8912,5633279.9402,2948595.4557,12.0,5.4093,19.1629,8.0614,-0.75967,-1.37682,1.51535
2024/02/14 05:22:52.00,458801.2987,5633275.6545,2948596.0216,11.0,5.9318,19.6834,8.3094,-1.30896,1.16927,1.93958
2024/02/14 05:22:53.00,458800.7057,5633279.1459,2948598.3983,12.0,5.4098,19.1631,8.0608,-0.63039,-0.27761,1.35856
2024/02/14 05:22:54.00,458799.1225,5633276.3754,2948600.0999,12.0,5.41,19.1632,8.0606,-0.34337,-0.30682,2.36997
2024/02/14 05:22:55.00,458799.0038,5633276.4405,2948602.2975,12.0,5.4103,19.1633,8.0603,-0.99867,-0.12985,1.67106
2024/02/14 05:22:56.00,458797.9712,5633279.3997,2948604.0871,12.0,5.4105,19.1634,8.06,-0.35457,-0.20009,1.21881
2024/02/14 05:22:57.00,458798.1774,5633281.1352,2948605.8825,12.0,5.4108,19.1635,8.0598,1.0633,1.51604,0.71421
2024/02/14 05:22:58.00,458798.6015,5633272.5626,2948605.0291,12.0,5.411,19.1636,8.0595,-0.13943,-0.26931,0.89984
2024/02/14 05:22:59.00,458798.1675,5633276.3327,2948606.9484,12.0,5.4113,19.1637,8.0592,-0.30758,-0.71831,1.18005
2024/02/14 05:23:00.00,458797.9004,5633275.1122,2948608.0975,12.0,5.4115,19.1638,8.059,-0.45962,-0.9158,1.48028
2024/02/14 05:23:01.00,458797.4757,5633276.1063,2948609.8166,11.0,5.9007,35.5319,9.7114,-0.43457,-0.0424,1.33801
2024/02/14 05:23:02.00,458796.7024,5633280.0537,2948611.6265,12.0,5.412,19.1639,8.0584,-0.36178,-0.0571,0.96058
2024/02/14 05:23:03.00,458796.7679,5633275.5564,2948611.7973,12.0,5.4122,19.164,8.0582,-0.22365,0.56375,0.84904
2024/02/14 05:23:04.00,458796.6302,5633273.8079,2948612.2686,11.0,5.9006,35.5296,9.7129,-0.19327,-0.52617,0.74007
2024/02/14 05:23:05.00,458796.2938,5633272.3432,2948612.9787,12.0,5.4127,19.1642,8.0576,-0.39975,-1.92494,0.82359
2024/02/14 05:23:06.00,458796.1878,5633268.9201,2948613.7192,12.0,5.413,19.1643,8.0574,-0.22604,-1.11888,1.11228
2024/02/14 05:23:07.00,458796.0644,5633268.4932,2948614.8868,12.0,5.4132,19.1643,8.0571,-0.23328,-0.79809,0.85968
2024/02/14 05:23:08.00,458795.7844,5633268.3698,2948615.5382,12.0,5.4134,19.1644,8.0568,-0.14127,-0.24529,0.41116
2024/02/14 05:23:09.00,458795.8171,5633268.6334,2948615.6094,12.0,5.4137,19.1645,8.0566,-0.02751,-0.14027,0.01805
2024/02/14 05:23:10.00,458795.8124,5633267.9259,2948615.4233,12.0,5.4139,19.1646,8.0563,-0.01027,0.0391,0.04062
2024/02/14 05:23:11.00,458795.8584,5633267.9521,2948615.378,12.0,5.4142,19.1647,8.056,-0.00279,-0.03474,-0.01477
2024/02/14 05:23:12.00,458795.9013,5633267.9991,2948615.3946,12.0,5.4144,19.1647,8.0557,-0.02148,-0.0234,-0.0429
2024/02/14 05:23:13.00,458795.9084,5633267.9514,2948615.1853,12.0,5.4147,19.1648,8.0555,0.00518,-0.04021,0.0415
2024/02/14 05:23:14.00,458795.9477,5633268.1935,2948615.1941,12.0,5.4149,19.1649,8.0552,0.02475,0.01042,-0.0284
2024/02/14 05:23:15.00,458795.9682,5633268.2702,2948615.2566,12.0,5.4151,19.1649,8.0549,0.04304,0.05994,0.0232
2024/02/14 05:23:16.00,458796.0485,5633268.3664,2948615.1517,12.0,5.4154,19.165,8.0547,0.0039,0.11804,-0.00888
2024/02/14 05:23:17.00,458796.0642,5633268.2196,2948614.986,12.0,5.4156,19.1651,8.0544,0.02302,0.00698,0.03504
2024/02/14 05:23:18.00,458796.086,5633268.5424,2948615.0421,12.0,5.4159,19.1651,8.0541,0.0005,0.00012,0.01256
2024/02/14 05:23:19.00,458796.0743,5633268.466,2948615.0309,12.0,5.4161,19.1652,8.0539,0.03204,0.05221,0.01241
2024/02/14 05:23:20.00,458796.0117,5633268.4214,2948615.0245,12.0,5.4164,19.1653,8.0536,0.02514,-0.00736,-0.01227
2024/02/14 05:23:21.00,458795.9442,5633268.2468,2948615.0642,12.0,5.4166,19.1653,8.0533,-0.05894,-0.11152,0.11652
2024/02/14 05:23:22.00,458795.8666,5633268.4422,2948615.4661,12.0,5.4168,19.1654,8.053,-0.11676,-0.26926,0.34977
2024/02/14 05:23:23.00,458795.6365,5633267.7339,2948615.9471,12.0,5.4171,19.1655,8.0528,-0.14297,-0.24092,0.47955
2024/02/14 05:23:24.00,458795.4375,5633267.4757,2948616.2412,12.0,5.4173,19.1655,8.0525,-0.09261,-0.2042,0.25945
2024/02/14 05:23:25.00,458795.5231,5633268.0411,2948616.5668,12.0,5.4176,19.1656,8.0522,-0.00161,-0.08346,0.03704
2024/02/14 05:23:26.00,458795.4928,5633267.638,2948616.514,12.0,5.4178,19.1656,8.052,-0.02137,-0.05219,-0.01986
2024/02/14 05:23:27.00,458795.385,5633267.6605,2948616.6884,12.0,5.4181,19.1657,8.0517,-0.07392,-0.16078,0.33928
2024/02/14 05:23:28.00,458795.2622,5633267.1476,2948617.2503,12.0,5.4183,19.1657,8.0514,-0.10242,0.01746,0.59832
2024/02/14 05:23:29.00,458795.3441,5633267.4466,2948617.9087,12.0,5.4185,19.1658,8.0511,-0.12763,-0.08705,0.37167
2024/02/14 05:23:30.00,458795.1291,5633267.0422,2948617.9629,12.0,5.4188,19.1659,8.0509,0.02155,0.04665,-0.04838
2024/02/14 05:23:31.00,458795.1631,5633267.4972,2948618.0046,12.0,5.419,19.1659,8.0506,-0.00166,-0.05733,0.0031
2024/02/14 05:23:32.00,458795.1405,5633267.8464,2948618.2088,12.0,5.4193,19.166,8.0503,-0.03125,-0.09884,-0.0261
2024/02/14 05:23:33.00,458795.1555,5633268.025,2948618.4015,12.0,5.4195,19.166,8.0501,0.00459,0.10494,0.00453
2024/02/14 05:23:34.00,458795.1321,5633268.2955,2948618.3609,12.0,5.4197,19.166,8.0498,0.02303,0.0902,8e-05
2024/02/14 05:23:35.00,458795.1272,5633267.9049,2948618.4605,12.0,5.42,19.1661,8.0495,-0.08804,-0.17624,0.28644
2024/02/14 05:23:36.00,458794.8956,5633267.5284,2948618.8001,12.0,5.4202,19.1661,8.0492,-0.15611,-0.53472,0.69265
2024/02/14 05:23:37.00,458794.7206,5633267.1953,2948619.5428,12.0,5.4205,19.1662,8.049,-0.21962,-0.23082,0.84071
2024/02/14 05:23:38.00,458794.4504,5633266.6671,2948620.2586,12.0,5.4207,19.1662,8.0487,-0.26279,-0.39125,0.8495
2024/02/14 05:23:39.00,458794.223,5633265.8784,2948621.1722,12.0,5.421,19.1663,8.0484,-0.31791,-0.32849,0.97873
2024/02/14 05:23:40.00,458794.0237,5633265.8187,2948621.9752,12.0,5.4212,19.1663,8.0481,-0.1541,-0.28032,0.90825
2024/02/14 05:23:41.00,458793.825,5633265.7765,2948622.9676,12.0,5.4214,19.1664,8.0479,-0.30341,-0.68615,0.78222
2024/02/14 05:23:42.00,458793.467,5633265.0501,2948623.8015,12.0,5.4217,19.1664,8.0476,-0.245,-0.3391,0.86995
2024/02/14 05:23:43.00,458793.2297,5633265.0242,2948624.6662,12.0,5.4219,19.1664,8.0473,-0.29861,-0.44652,0.87966
2024/02/14 05:23:44.00,458792.9126,5633264.2051,2948625.3962,12.0,5.4222,19.1665,8.047,-0.21714,-0.39179,0.7017
2024/02/14 05:23:45.00,458792.6477,5633263.442,2948625.8655,12.0,5.4224,19.1665,8.0468,-0.16249,-0.27744,0.49542
2024/02/14 05:23:46.00,458792.4605,5633263.3487,2948626.0583,12.0,5.4226,19.1665,8.0465,-0.00749,-0.07108,0.16147
2024/02/14 05:23:47.00,458792.4656,5633263.822,2948626.2385,12.0,5.4229,19.1666,8.0462,-0.00409,0.08499,-0.04469
2024/02/14 05:23:48.00,458792.4214,5633264.1981,2948626.3149,12.0,5.4231,19.1666,8.0459,0.02886,0.05483,-0.04211
2024/02/14 05:23:49.00,458792.4449,5633264.6243,2948626.5505,12.0,5.4234,19.1666,8.0457,-0.05537,-0.13611,0.36673
2024/02/14 05:23:50.00,458792.3369,5633264.0878,2948627.2338,12.0,5.4236,19.1667,8.0454,-0.28029,-0.34754,0.87723
2024/02/14 05:23:51.00,458792.0755,5633263.7014,2948627.97,12.0,5.4239,19.1667,8.0451,-0.21391,-0.40117,0.68858
2024/02/14 05:23:52.00,458791.773,5633263.0943,2948628.5544,12.0,5.4241,19.1667,8.0448,-0.20131,-0.31784,0.654
2024/02/14 05:23:53.00,458791.5673,5633262.3789,2948629.0704,12.0,5.4243,19.1667,8.0445,-0.17922,-0.2398,0.57866
2024/02/14 05:23:54.00,458791.4865,5633262.3395,2948629.5103,12.0,5.4246,19.1668,8.0443,-0.12067,-0.15905,0.2818
2024/02/14 05:23:55.00,458791.5009,5633262.6261,2948629.6961,12.0,5.4248,19.1668,8.044,0.00862,-0.00778,0.02618
2024/02/14 05:23:56.00,458791.5672,5633263.1299,2948629.7411,12.0,5.4251,19.1668,8.0437,-0.02307,-0.01195,0.06
2024/02/14 05:23:57.00,458791.6701,5633263.7599,2948630.0603,12.0,5.4253,19.1668,8.0434,0.00564,-0.03213,-0.01336
2024/02/14 05:23:58.00,458791.6468,5633263.8119,2948630.0449,12.0,5.4255,19.1668,8.0432,0.00529,-0.01027,0.0071
2024/02/14 05:23:59.00,458791.697,5633264.2318,2948630.1498,12.0,5.4258,19.1669,8.0429,-0.0123,0.08023,-0.02823
2024/02/14 05:24:00.00,458791.7399,5633264.3323,2948630.3891,12.0,5.426,19.1669,8.0426,0.02268,0.03593,-0.03527
2024/02/14 05:24:01.00,458791.6478,5633264.1746,2948630.29,12.0,5.4263,19.1669,8.0423,-0.13035,-0.25701,0.18271
2024/02/14 05:24:02.00,458791.569,5633263.6992,2948630.6564,12.0,5.4265,19.1669,8.042,-0.30665,-0.27929,0.71105
2024/02/14 05:24:03.00,458791.293,5633262.528,2948631.3256,12.0,5.4268,19.1669,8.0418,-0.216,-0.45411,0.76775
2024/02/14 05:24:04.00,458791.0008,5633261.3405,2948631.8111,12.0,5.427,19.1669,8.0415,-0.2367,-0.26723,0.78747
2024/02/14 05:24:05.00,458790.7758,5633261.1543,2948632.599,12.0,5.4272,19.1669,8.0412,-0.2002,-0.1057,0.62151
2024/02/14 05:24:06.00,458790.5432,5633260.8802,2948633.002,12.0,5.4275,19.1669,8.0409,-0.11206,-0.18638,0.44417
2024/02/14 05:24:07.00,458790.5193,5633260.4684,2948633.4612,12.0,5.4277,19.167,8.0406,-0.09208,-0.10758,0.23791
2024/02/14 05:24:08.00,458790.5895,5633260.8712,2948633.8672,12.0,5.428,19.167,8.0404,-0.03702,-0.16315,0.09576
2024/02/14 05:24:09.00,458790.4516,5633260.4847,2948633.8993,12.0,5.4282,19.167,8.0401,-0.00838,-0.0769,0.0668
2024/02/14 05:24:10.00,458790.4408,5633260.7032,2948634.0934,12.0,5.4284,19.167,8.0398,-0.11652,-0.22392,0.38864
2024/02/14 05:24:11.00,458790.1788,5633259.8157,2948634.6776,12.0,5.4287,19.167,8.0395,-0.20275,-0.3792,0.93594
2024/02/14 05:24:12.00,458789.9027,5633259.6517,2948635.5375,12.0,5.4289,19.167,8.0392,-0.25218,-0.51954,0.77214
2024/02/14 05:24:13.00,458789.6588,5633259.0355,2948636.1307,12.0,5.4292,19.167,8.039,-0.32647,-0.64241,0.86327
2024/02/14 05:24:14.00,458789.3427,5633258.3499,2948637.0111,12.0,5.4294,19.167,8.0387,-0.31129,-0.42738,1.15191
2024/02/14 05:24:15.00,458789.0767,5633258.3678,2948638.3541,12.0,5.4296,19.167,8.0384,-0.37874,-0.66857,1.28213
2024/02/14 05:24:16.00,458788.6987,5633257.9992,2948639.9592,12.0,5.4299,19.167,8.0381,-0.32618,-0.30619,1.504
2024/02/14 05:24:17.00,458788.2759,5633257.0038,2948640.9463,12.0,5.4301,19.167,8.0378,-0.2874,-0.21073,1.08498
2024/02/14 05:24:18.00,458787.944,5633256.1184,2948641.5674,12.0,5.4304,19.167,8.0375,-0.12406,-0.30185,0.35966
2024/02/14 05:24:19.00,458787.9149,5633256.2909,2948641.8889,12.0,5.4306,19.167,8.0373,-0.04569,-0.05522,0.02182
2024/02/14 05:24:20.00,458788.0303,5633256.6208,2948642.0205,12.0,5.4308,19.167,8.037,0.01881,0.01044,0.05981
2024/02/14 05:24:21.00,458787.939,5633256.57,2948642.0937,12.0,5.4311,19.1669,8.0367,0.01785,0.13079,0.0286
2024/02/14 05:24:22.00,458787.8813,5633256.7903,2948642.0561,12.0,5.4313,19.1669,8.0364,0.01676,-0.04589,-0.01858
2024/02/14 05:24:23.00,458787.9557,5633256.9323,2948642.1342,12.0,5.4316,19.1669,8.0361,0.02379,0.14496,0.01277
2024/02/14 05:24:24.00,458787.9497,5633256.978,2948642.0322,12.0,5.4318,19.1669,8.0358,-0.00374,-0.15492,-0.03543
2024/02/14 05:24:25.00,458788.0347,5633257.0513,2948642.0593,12.0,5.432,19.1669,8.0356,0.02526,0.04529,0.02129
2024/02/14 05:24:26.00,458788.1286,5633257.1601,2948642.3206,12.0,5.4323,19.1669,8.0353,0.0213,0.0786,0.03193
2024/02/14 05:24:27.00,458788.1938,5633257.1524,2948642.3229,12.0,5.4325,19.1669,8.035,-0.03452,-0.08631,-0.00452
2024/02/14 05:24:28.00,458788.2024,5633257.1959,2948642.3838,12.0,5.4328,19.1669,8.0347,0.03115,0.12693,0.00726
2024/02/14 05:24:29.00,458788.1853,5633257.2434,2948642.4096,12.0,5.433,19.1668,8.0344,0.03371,0.03633,0.01782
2024/02/14 05:24:30.00,458788.0889,5633257.2489,2948642.4155,12.0,5.4332,19.1668,8.0341,-0.02639,0.00323,-0.04937
2024/02/14 05:24:31.00,458788.0427,5633257.096,2948642.2815,12.0,5.4335,19.1668,8.0339,-0.01815,-0.00272,0.05339
2024/02/14 05:24:32.00,458788.054,5633257.0545,2948642.3045,12.0,5.4337,19.1668,8.0336,-0.07395,-0.14856,0.13522
2024/02/14 05:24:33.00,458788.0982,5633256.936,2948642.5568,12.0,5.434,19.1667,8.0333,-0.06043,-0.09451,0.17664
2024/02/14 05:24:34.00,458787.972,5633256.4727,2948642.346,12.0,5.4342,19.1667,8.033,0.01667,0.05322,-0.0646
2024/02/14 05:24:35.00,458787.8733,5633256.5174,2948642.2874,12.0,5.4344,19.1667,8.0327,0.00055,0.05004,-0.00233
2024/02/14 05:24:36.00,458787.9336,5633256.5011,2948642.4346,12.0,5.4347,19.1667,8.0324,-0.0051,-0.05494,-0.00484
2024/02/14 05:24:37.00,458787.86,5633256.3957,2948642.5304,12.0,5.4349,19.1666,8.0321,-0.00128,-0.01519,0.00254
2024/02/14 05:24:38.00,458787.7866,5633256.3287,2948642.4861,12.0,5.4352,19.1666,8.0319,0.02778,0.07789,0.01319
2024/02/14 05:24:39.00,458787.8772,5633257.0584,2948642.599,12.0,5.4354,19.1666,8.0316,0.01332,-0.05628,-0.05227
2024/02/14 05:24:40.00,458787.9137,5633257.4796,2948642.6111,12.0,5.4356,19.1666,8.0313,-0.03207,-0.07784,-0.04118
2024/02/14 05:24:41.00,458787.7846,5633257.1342,2948642.5308,12.0,5.4359,19.1665,8.031,-0.00148,-0.01427,-0.00075
2024/02/14 05:24:42.00,458787.6424,5633256.879,2948642.2477,12.0,5.4361,19.1665,8.0307,-0.01535,-0.08606,-0.04913
2024/02/14 05:24:43.00,458787.6594,5633256.8263,2948642.2316,12.0,5.4364,19.1665,8.0304,0.00212,0.0194,0.0032
2024/02/14 05:24:44.00,458787.6243,5633256.8259,2948642.4196,12.0,5.4366,19.1664,8.0301,-0.05981,-0.11034,0.15894
2024/02/14 05:24:45.00,458787.5473,5633256.5153,2948642.7505,12.0,5.4368,19.1664,8.0299,-0.16779,-0.36323,0.50604
2024/02/14 05:24:46.00,458787.6406,5633256.4744,2948643.4365,12.0,5.4371,19.1663,8.0296,-0.19249,-0.27943,0.48425
2024/02/14 05:24:47.00,458787.5817,5633256.311,2948643.8661,12.0,5.4373,19.1663,8.0293,-0.14951,-0.29887,0.37316
2024/02/14 05:24:48.00,458787.5204,5633256.2272,2948644.2098,12.0,5.4376,19.1663,8.029,-0.09428,-0.10808,0.26855
2024/02/14 05:24:49.00,458787.5601,5633256.714,2948644.6764,12.0,5.4378,19.1662,8.0287,-0.08281,-0.1659,0.22326
2024/02/14 05:24:50.00,458787.5696,5633256.227,2948644.8341,12.0,5.438,19.1662,8.0284,-0.03633,-0.01645,0.16422
2024/02/14 05:24:51.00,458787.5174,5633255.8722,2948644.9977,12.0,5.4383,19.1661,8.0281,-0.01185,-0.07758,0.12353
2024/02/14 05:24:52.00,458787.3392,5633255.5246,2948645.0653,12.0,5.4385,19.1661,8.0278,-0.11725,-0.19398,0.31024
2024/02/14 05:24:53.00,458787.1959,5633255.7195,2948645.5104,12.0,5.4387,19.166,8.0275,-0.09767,-0.21363,0.40245
2024/02/14 05:24:54.00,458787.1469,5633255.7574,2948645.9244,12.0,5.439,19.166,8.0273,-0.10023,-0.14192,0.3683
2024/02/14 05:24:55.00,458787.037,5633255.4796,2948646.3634,12.0,5.4392,19.1659,8.027,-0.07601,-0.12101,0.31472
2024/02/14 05:24:56.00,458786.9061,5633255.2358,2948646.6009,12.0,5.4395,19.1659,8.0267,-0.07691,-0.11738,0.28327
2024/02/14 05:24:57.00,458786.7544,5633254.736,2948646.6695,12.0,5.4397,19.1658,8.0264,-0.06379,-0.12725,0.29904
2024/02/14 05:24:58.00,458786.7307,5633254.3634,2948646.9623,12.0,5.4399,19.1658,8.0261,-0.09893,-0.18899,0.18581
2024/02/14 05:24:59.00,458786.7099,5633254.5685,2948647.3545,12.0,5.4402,19.1657,8.0258,-0.09803,-0.14339,0.23235
2024/02/14 05:25:00.00,458786.6171,5633254.6335,2948647.8518,12.0,5.4404,19.1657,8.0255,-0.08184,-0.21035,0.30734
2024/02/14 05:25:01.00,458786.4994,5633254.9493,2948648.2348,12.0,5.4407,19.1656,8.0252,-0.07901,-0.0274,0.37521
2024/02/14 05:25:02.00,458786.1593,5633254.7321,2948648.4812,12.0,5.4409,19.1656,8.0249,-0.08874,-0.17773,0.42129
2024/02/14 05:25:03.00,458786.0024,5633253.8348,2948648.5961,12.0,5.4411,19.1655,8.0246,-0.11454,-0.1341,0.37736
2024/02/14 05:25:04.00,458785.9493,5633253.5033,2948648.8043,12.0,5.4414,19.1654,8.0244,-0.00642,-0.01901,0.00615
2024/02/14 05:25:05.00,458785.9512,5633253.5856,2948648.6664,12.0,5.4416,19.1654,8.0241,0.02598,0.05522,-0.01598
2024/02/14 05:25:06.00,458785.9382,5633253.4834,2948648.6035,12.0,5.4419,19.1653,8.0238,-0.03831,0.02456,0.0293
2024/02/14 05:25:07.00,458785.8349,5633253.2087,2948648.6752,12.0,5.4421,19.1653,8.0235,-0.0646,-0.16401,0.10288
2024/02/14 05:25:08.00,458785.7822,5633252.8161,2948648.7128,12.0,5.4423,19.1652,8.0232,-0.02135,0.02602,0.20465
2024/02/14 05:25:09.00,458785.7762,5633252.8806,2948648.9209,12.0,5.4426,19.1651,8.0229,-0.01652,-0.12066,0.13661
2024/02/14 05:25:10.00,458785.6554,5633252.6821,2948648.9708,12.0,5.4428,19.1651,8.0226,-0.00218,0.04155,0.11556
2024/02/14 05:25:11.00,458785.5804,5633252.5816,2948649.0664,12.0,5.443,19.165,8.0223,0.00811,-0.03753,-0.01845
2024/02/14 05:25:12.00,458785.5915,5633252.8075,2948649.0884,12.0,5.4433,19.1649,8.022,0.02156,0.02603,-0.01873
2024/02/14 05:25:13.00,458785.6164,5633252.8932,2948648.8945,12.0,5.4435,19.1648,8.0217,-0.00679,0.00375,0.02294
2024/02/14 05:25:14.00,458785.5887,5633252.9521,2948648.9857,12.0,5.4438,19.1648,8.0214,-0.01078,-0.03675,-0.02249
2024/02/14 05:25:15.00,458785.4748,5633252.3944,2948648.7654,12.0,5.444,19.1647,8.0211,-0.00686,-0.01126,0.05788
2024/02/14 05:25:16.00,458785.4626,5633252.6523,2948649.24,12.0,5.4442,19.1646,8.0208,-0.05591,-0.11433,0.22623
2024/02/14 05:25:17.00,458785.4245,5633252.7098,2948649.3313,12.0,5.4445,19.1646,8.0206,-0.04318,-0.10947,0.20252
2024/02/14 05:25:18.00,458785.5307,5633253.7891,2948649.6733,12.0,5.4447,19.1645,8.0203,0.00054,-0.04347,0.02644
2024/02/14 05:25:19.00,458785.5767,5633253.9509,2948649.774,12.0,5.4449,19.1644,8.02,0.02715,0.01832,0.01735
2024/02/14 05:25:20.00,458785.5663,5633254.0245,2948649.7763,12.0,5.4452,19.1643,8.0197,0.04019,0.09192,-0.02648
2024/02/14 05:25:21.00,458785.6163,5633253.9965,2948649.7874,12.0,5.4454,19.1642,8.0194,-0.01112,-0.05859,-0.00931
2024/02/14 05:25:22.00,458785.6313,5633253.8464,2948649.7997,12.0,5.4457,19.1642,8.0191,-0.00286,0.00053,0.00207
2024/02/14 05:25:23.00,458785.6321,5633253.8753,2948649.8289,12.0,5.4459,19.1641,8.0188,0.00818,-0.01378,-0.00884
2024/02/14 05:25:24.00,458785.5295,5633253.5609,2948649.7672,12.0,5.4461,19.164,8.0185,-0.00633,-0.04686,0.00312
2024/02/14 05:25:25.00,458785.4964,5633253.4278,2948649.8644,12.0,5.4464,19.1639,8.0182,-0.01808,-0.08735,-0.03551
2024/02/14 05:25:26.00,458785.5229,5633253.1789,2948649.7662,12.0,5.4466,19.1638,8.0179,-0.0226,-0.05722,-0.02538
2024/02/14 05:25:27.00,458785.527,5633252.9543,2948649.7636,12.0,5.4468,19.1637,8.0176,0.03397,0.0076,0.05365
2024/02/14 05:25:28.00,458785.4699,5633252.69,2948649.7116,12.0,5.4471,19.1636,8.0173,-0.0164,-0.04002,-0.01441
2024/02/14 05:25:29.00,458785.3901,5633252.7123,2948649.7458,12.0,5.4473,19.1635,8.017,0.03134,0.00842,-0.00151
2024/02/14 05:25:30.00,458785.3707,5633252.5981,2948649.6105,12.0,5.4476,19.1635,8.0167,0.00188,0.06212,0.03213
2024/02/14 05:25:31.00,458785.3993,5633252.5456,2948649.7111,12.0,5.4478,19.1634,8.0164,-0.00557,-0.01875,0.00704
2024/02/14 05:25:32.00,458785.4068,5633252.6848,2948649.6349,12.0,5.448,19.1633,8.0161,0.02568,0.0988,0.01511
2024/02/14 05:25:33.00,458785.3447,5633252.6327,2948649.502,12.0,5.4483,19.1632,8.0158,-0.01842,-0.09666,-0.04801
2024/02/14 05:25:34.00,458785.2712,5633252.5961,2948649.5832,12.0,5.4485,19.1631,8.0155,-0.00707,0.01439,-0.00178
2024/02/14 05:25:35.00,458785.2243,5633252.1503,2948649.4782,12.0,5.4487,19.163,8.0152,0.00319,-0.01817,-0.02674
2024/02/14 05:25:36.00,458785.2886,5633252.4475,2948649.583,12.0,5.449,19.1629,8.0149,0.01698,0.02426,0.02946
2024/02/14 05:25:37.00,458785.2852,5633252.5632,2948649.5517,12.0,5.4492,19.1628,8.0146,-0.00795,-0.01596,0.01552
2024/02/14 05:25:38.00,458785.4477,5633252.9473,2948649.7516,12.0,5.4495,19.1627,8.0143,0.00869,-0.05069,0.01821
2024/02/14 05:25:39.00,458785.3381,5633252.9975,2948649.7914,12.0,5.4497,19.1626,8.014,-0.03521,-0.04628,0.21732
2024/02/14 05:25:40.00,458785.3698,5633252.9586,2948650.1487,12.0,5.4499,19.1625,8.0137,-0.12466,-0.29374,0.47199
2024/02/14 05:25:41.00,458785.2494,5633252.4513,2948650.9098,12.0,5.4502,19.1624,8.0134,-0.21815,-0.59953,0.76154
2024/02/14 05:25:42.00,458785.0013,5633251.847,2948651.5937,12.0,5.4504,19.1623,8.0131,-0.21296,-0.24735,0.70264
2024/02/14 05:25:43.00,458784.8222,5633250.7431,2948652.1158,12.0,5.4506,19.1622,8.0129,-0.16942,-0.32062,0.65731
2024/02/14 05:25:44.00,458784.7684,5633250.5534,2948652.9573,12.0,5.4509,19.162,8.0126,-0.1758,-0.4965,0.73873
2024/02/14 05:25:45.00,458784.6041,5633250.1823,2948653.7677,12.0,5.4511,19.1619,8.0123,-0.16508,-0.06003,0.74741
2024/02/14 05:25:46.00,458784.5093,5633250.2195,2948654.4469,12.0,5.4514,19.1618,8.012,-0.14599,-0.10433,0.63518
2024/02/14 05:25:47.00,458784.4211,5633250.6301,2948655.116,12.0,5.4516,19.1617,8.0117,-0.16262,-0.42463,0.52459
2024/02/14 05:25:48.00,458784.205,5633249.8823,2948655.5654,12.0,5.4518,19.1616,8.0114,-0.06977,-0.23177,0.54701
2024/02/14 05:25:49.00,458784.1358,5633249.5951,2948656.0075,12.0,5.4521,19.1615,8.0111,-0.0629,-0.44709,0.30267
2024/02/14 05:25:50.00,458784.0855,5633249.5052,2948656.393,12.0,5.4523,19.1614,8.0108,-0.0852,-0.09198,0.25955
2024/02/14 05:25:51.00,458783.906,5633249.1149,2948656.3528,12.0,5.4525,19.1613,8.0105,-0.00054,0.06734,-0.06803
2024/02/14 05:25:52.00,458783.9366,5633248.6915,2948656.2199,12.0,5.4528,19.1611,8.0102,0.02354,-0.01177,0.00136
2024/02/14 05:25:53.00,458784.0231,5633248.5122,2948656.3324,12.0,5.453,19.161,8.0099,0.02905,0.11665,0.01028
2024/02/14 05:25:54.00,458783.9609,5633248.41,2948656.1822,12.0,5.4532,19.1609,8.0096,-0.02218,-0.01004,0.08293
2024/02/14 05:25:55.00,458783.9697,5633248.5249,2948656.4991,12.0,5.4535,19.1608,8.0093,-0.03536,-0.14387,0.1746
2024/02/14 05:25:56.00,458783.8713,5633248.3807,2948656.6599,12.0,5.4537,19.1607,8.009,-0.03436,-0.06163,0.15503
2024/02/14 05:25:57.00,458783.873,5633248.2297,2948656.6284,12.0,5.454,19.1605,8.0087,-0.02296,-0.04252,0.00239
2024/02/14 05:25:58.00,458783.6723,5633247.6121,2948656.3907,12.0,5.4542,19.1604,8.0084,-0.01445,-0.00707,0.02042
2024/02/14 05:25:59.00,458783.8163,5633248.1355,2948656.3285,12.0,5.4544,19.1603,8.008,0.01147,-0.05645,-0.03857
2024/02/14 05:26:00.00,458783.8116,5633247.9349,2948656.2267,12.0,5.4547,19.1602,8.0077,-0.00602,-0.03608,-0.04108
2024/02/14 05:26:01.00,458783.8981,5633247.8256,2948656.1901,12.0,5.4549,19.16,8.0074,0.03033,0.02556,0.03147
2024/02/14 05:26:02.00,458783.9148,5633247.826,2948656.1252,12.0,5.4551,19.1599,8.0071,-0.00762,0.0052,-0.01717
2024/02/14 05:26:03.00,458783.9725,5633247.9854,2948656.2457,12.0,5.4554,19.1598,8.0068,-0.00953,0.02308,0.10068
2024/02/14 05:26:04.00,458783.895,5633247.8811,2948656.5057,12.0,5.4556,19.1596,8.0065,-0.07133,-0.09834,0.21388
2024/02/14 05:26:05.00,458783.7626,5633247.6725,2948657.1208,12.0,5.4558,19.1595,8.0062,-0.1395,0.01442,0.88419
2024/02/14 05:26:06.00,458783.5171,5633247.2705,2948657.8831,12.0,5.4561,19.1594,8.0059,-0.15399,-0.16275,0.83157
2024/02/14 05:26:07.00,458783.2731,5633246.9456,2948658.5802,12.0,5.4563,19.1592,8.0056,-0.14129,-0.29034,0.79496
2024/02/14 05:26:08.00,458782.9107,5633246.9143,2948659.3504,12.0,5.4565,19.1591,8.0053,-0.21905,-0.36536,1.09285
2024/02/14 05:26:09.00,458782.6419,5633246.5678,2948660.3628,12.0,5.4568,19.1589,8.005,-0.25825,-0.2262,0.82024
2024/02/14 05:26:10.00,458782.3439,5633246.2348,2948661.2873,12.0,5.457,19.1588,8.0047,-0.26354,-0.75415,0.76064
2024/02/14 05:26:11.00,458781.9912,5633245.6621,2948662.2435,12.0,5.4573,19.1587,8.0044,-0.29404,-0.49522,0.84575
2024/02/14 05:26:12.00,458781.718,5633245.167,2948663.0745,12.0,5.4575,19.1585,8.0041,-0.14678,-0.36257,0.7875
2024/02/14 05:26:13.00,458781.6996,5633244.921,2948663.7091,12.0,5.4577,19.1584,8.0038,-0.09744,-0.14321,0.48245
2024/02/14 05:26:14.00,458781.5531,5633245.2121,2948664.287,12.0,5.458,19.1582,8.0035,-0.12644,-0.14695,0.48592
2024/02/14 05:26:15.00,458781.3558,5633245.1676,2948664.8708,12.0,5.4582,19.1581,8.0032,-0.20629,-0.24793,0.40801
2024/02/14 05:26:16.00,458781.2394,5633244.8563,2948665.0274,12.0,5.4584,19.1579,8.0029,-0.13642,-0.21938,0.31611
2024/02/14 05:26:17.00,458780.937,5633244.3359,2948665.3674,12.0,5.4587,19.1578,8.0026,-0.28252,-0.49614,0.73803
2024/02/14 05:26:18.00,458780.7921,5633244.0606,2948666.3012,12.0,5.4589,19.1576,8.0023,-0.33589,-0.41474,0.71734
2024/02/14 05:26:19.00,458780.5596,5633243.8022,2948667.018,12.0,5.4591,19.1575,8.002,-0.19052,-0.18641,0.64474
2024/02/14 05:26:20.00,458780.335,5633243.674,2948667.5604,12.0,5.4594,19.1573,8.0017,-0.04367,0.01941,0.2096
2024/02/14 05:26:21.00,458780.3146,5633243.7389,2948667.7864,12.0,5.4596,19.1572,8.0014,0.06351,-0.02183,0.01436
2024/02/14 05:26:22.00,458780.1449,5633243.5142,2948667.6797,12.0,5.4598,19.157,8.0011,-0.01405,-0.03636,-0.06214
2024/02/14 05:26:23.00,458780.1333,5633243.5203,2948667.7643,12.0,5.4601,19.1569,8.0008,0.02908,-0.00291,0.02844
2024/02/14 05:26:24.00,458780.1638,5633243.4112,2948667.9326,12.0,5.4603,19.1567,8.0004,-0.04842,-0.04012,0.27369
2024/02/14 05:26:25.00,458780.0823,5633243.836,2948668.2975,12.0,5.4605,19.1566,8.0001,-0.14632,-0.19372,0.28849
2024/02/14 05:26:26.00,458779.9802,5633243.7277,2948668.6062,12.0,5.4608,19.1564,7.9998,-0.13574,-0.29543,0.27924
2024/02/14 05:26:27.00,458779.9166,5633243.0094,2948668.4514,12.0,5.461,19.1562,7.9995,-0.04065,-0.06618,-0.03894
2024/02/14 05:26:28.00,458780.0747,5633242.6668,2948668.3812,12.0,5.4613,19.1561,7.9992,-0.03943,-0.03579,0.09626
2024/02/14 05:26:29.00,458779.9434,5633242.2286,2948668.5411,12.0,5.4615,19.1559,7.9989,-0.19959,-0.38265,0.48001
2024/02/14 05:26:30.00,458779.654,5633242.0196,2948669.4319,12.0,5.4617,19.1558,7.9986,-0.20716,-0.30342,0.76534
2024/02/14 05:26:31.00,458779.3733,5633241.6632,2948670.2861,12.0,5.462,19.1556,7.9983,-0.11239,-0.00322,0.79404
2024/02/14 05:26:32.00,458779.2045,5633241.2009,2948670.984,12.0,5.4622,19.1554,7.998,-0.222,-0.53823,0.69295
2024/02/14 05:26:33.00,458779.0299,5633240.7922,2948671.5961,12.0,5.4624,19.1553,7.9977,-0.20057,-0.7629,0.69201
2024/02/14 05:26:34.00,458778.9637,5633240.3812,2948672.1307,12.0,5.4627,19.1551,7.9974,-0.08591,-0.07262,0.37232
2024/02/14 05:26:35.00,458778.9058,5633240.0554,2948672.1482,12.0,5.4629,19.1549,7.9971,-0.08822,-0.23909,0.17124
2024/02/14 05:26:36.00,458778.9699,5633240.4373,2948672.5068,12.0,5.4631,19.1548,7.9968,-0.01144,-0.02914,-0.0331
2024/02/14 05:26:37.00,458778.9454,5633239.8273,2948672.4866,12.0,5.4634,19.1546,7.9964,-0.05591,-0.11245,0.11404
2024/02/14 05:26:38.00,458778.9045,5633240.1056,2948672.8958,12.0,5.4636,19.1544,7.9961,-0.03502,-0.10488,0.31173
2024/02/14 05:26:39.00,458778.8587,5633240.1713,2948673.2672,12.0,5.4638,19.1542,7.9958,-0.03494,-0.11488,0.44525
2024/02/14 05:26:40.00,458778.8375,5633240.6701,2948673.3901,12.0,5.4641,19.1541,7.9955,-0.02572,-0.02022,-0.06217
2024/02/14 05:26:41.00,458778.8331,5633240.6083,2948673.2634,12.0,5.4643,19.1539,7.9952,0.02574,0.10682,-0.00454
2024/02/14 05:26:42.00,458778.7206,5633240.2982,2948672.9993,12.0,5.4645,19.1537,7.9949,-0.03935,-0.09851,-0.02486
2024/02/14 05:26:43.00,458778.6782,5633240.2172,2948672.9721,12.0,5.4648,19.1535,7.9946,-0.00307,0.00701,0.00319
2024/02/14 05:26:44.00,458778.667,5633239.8946,2948672.979,12.0,5.465,19.1533,7.9943,-0.00791,0.00678,-0.02787
2024/02/14 05:26:45.00,458778.6883,5633239.8516,2948672.7811,12.0,5.4652,19.1532,7.994,0.01768,-0.01555,-0.03222
2024/02/14 05:26:46.00,458778.6066,5633239.6559,2948672.6429,12.0,5.4655,19.153,7.9937,0.01623,0.05369,0.03348
2024/02/14 05:26:47.00,458778.6519,5633239.8604,2948672.8569,12.0,5.4657,19.1528,7.9934,-0.02142,-0.0708,0.07005
2024/02/14 05:26:48.00,458778.5814,5633239.4995,2948673.2818,12.0,5.4659,19.1526,7.993,-0.0817,-0.16384,0.30408
2024/02/14 05:26:49.00,458778.4962,5633239.2831,2948673.6478,12.0,5.4662,19.1524,7.9927,-0.06304,-0.1535,0.3067
2024/02/14 05:26:50.00,458778.4827,5633239.4735,2948673.9022,12.0,5.4664,19.1522,7.9924,-0.02941,-0.06006,0.18609
2024/02/14 05:26:51.00,458778.3637,5633239.433,2948673.9969,12.0,5.4666,19.152,7.9921,0.01839,-0.0,-0.04061
2024/02/14 05:26:52.00,458778.2286,5633239.0271,2948673.8481,12.0,5.4669,19.1519,7.9918,0.01259,-0.02684,-0.00046
2024/02/14 05:26:53.00,458778.212,5633239.4438,2948673.8945,12.0,5.4671,19.1517,7.9915,0.00647,0.02418,0.00913
2024/02/14 05:26:54.00,458778.3249,5633239.3537,2948674.0913,12.0,5.4673,19.1515,7.9912,-0.01,-0.03768,-0.00463
2024/02/14 05:26:55.00,458778.2943,5633239.6538,2948674.1196,12.0,5.4676,19.1513,7.9909,-0.00079,0.04676,0.01776
2024/02/14 05:26:56.00,458778.2793,5633239.4536,2948674.129,12.0,5.4678,19.1511,7.9906,0.00348,0.05213,-0.01976
2024/02/14 05:26:57.00,458778.3419,5633239.7638,2948674.2155,12.0,5.468,19.1509,7.9902,0.0133,0.04838,-0.01643
2024/02/14 05:26:58.00,458778.4298,5633239.8674,2948674.3386,12.0,5.4683,19.1507,7.9899,-0.02973,-0.07036,-0.01334
2024/02/14 05:26:59.00,458778.4202,5633239.8098,2948674.4199,12.0,5.4685,19.1505,7.9896,-0.01336,-0.02627,-0.03715
2024/02/14 05:27:00.00,458778.2963,5633239.7984,2948674.3381,12.0,5.4687,19.1503,7.9893,0.01096,-0.00512,0.00552
2024/02/14 05:27:01.00,458778.3442,5633239.6239,2948674.4346,12.0,5.469,19.1501,7.989,-0.01696,0.14449,0.03182
2024/02/14 05:27:02.00,458778.4214,5633239.9906,2948674.4776,12.0,5.4692,19.1499,7.9887,0.01706,0.07089,-0.00036
2024/02/14 05:27:03.00,458778.4481,5633240.0053,2948674.4572,12.0,5.4694,19.1497,7.9884,-0.00629,-0.095,-0.04679
2024/02/14 05:27:04.00,458778.415,5633239.9818,2948674.4354,12.0,5.4697,19.1495,7.9881,0.04593,0.07675,0.02614
2024/02/14 05:27:05.00,458778.5301,5633240.0836,2948674.5289,12.0,5.4699,19.1493,7.9877,-0.0121,0.02173,-0.02666
2024/02/14 05:27:06.00,458778.5308,5633240.0819,2948674.4549,12.0,5.4701,19.1491,7.9874,-0.01148,-0.0567,-0.04909
2024/02/14 05:27:07.00,458778.5602,5633240.069,2948674.4775,12.0,5.4704,19.1488,7.9871,-0.02442,-0.01292,0.01224
2024/02/14 05:27:08.00,458778.5167,5633240.4123,2948674.4756,12.0,5.4706,19.1486,7.9868,-0.02666,-0.0987,-0.00372
2024/02/14 05:27:09.00,458778.5096,5633240.3153,2948674.4063,12.0,5.4708,19.1484,7.9865,0.01702,0.09985,0.02803
2024/02/14 05:27:10.00,458778.4024,5633239.9951,2948674.2612,12.0,5.4711,19.1482,7.9862,-0.04849,0.00848,-0.03559
2024/02/14 05:27:11.00,458778.4295,5633240.0201,2948674.3641,12.0,5.4713,19.148,7.9859,0.00671,0.07186,0.01175
2024/02/14 05:27:12.00,458778.4831,5633240.2248,2948674.6047,12.0,5.4715,19.1478,7.9855,0.01509,-0.02395,-0.01131
2024/02/14 05:27:13.00,458778.5092,5633240.1336,2948674.6374,12.0,5.4718,19.1476,7.9852,0.02037,-0.04223,0.01358
2024/02/14 05:27:14.00,458778.4825,5633240.0408,2948674.5487,12.0,5.472,19.1474,7.9849,-0.00225,0.00961,-0.0053
2024/02/14 05:27:15.00,458778.4674,5633239.8718,2948674.4489,12.0,5.4722,19.1471,7.9846,0.01659,-0.01172,0.04863
2024/02/14 05:27:16.00,458778.5764,5633240.2294,2948674.4933,12.0,5.4725,19.1469,7.9843,-0.00101,0.04356,0.00738
2024/02/14 05:27:17.00,458778.646,5633240.3595,2948674.5952,12.0,5.4727,19.1467,7.984,-0.01794,-0.02517,-0.0388
2024/02/14 05:27:18.00,458778.6189,5633240.2093,2948674.6251,12.0,5.4729,19.1465,7.9836,-0.00176,0.01732,-0.00299
2024/02/14 05:27:19.00,458778.7345,5633240.3447,2948674.637,12.0,5.4732,19.1463,7.9833,0.02033,-0.01022,-0.01476
2024/02/14 05:27:20.00,458778.8472,5633240.3762,2948674.6979,12.0,5.4734,19.146,7.983,0.00638,0.05313,-0.00055
2024/02/14 05:27:21.00,458778.8307,5633240.4785,2948674.7665,12.0,5.4736,19.1458,7.9827,-0.02304,-0.09901,-0.02206
2024/02/14 05:27:22.00,458778.7818,5633240.2167,2948674.7534,12.0,5.4739,19.1456,7.9824,-0.00737,-0.03191,-0.01415
2024/02/14 05:27:23.00,458778.7349,5633240.0756,2948674.6956,12.0,5.4741,19.1453,7.9821,0.04139,0.10489,0.03877
2024/02/14 05:27:24.00,458778.7495,5633240.5077,2948674.7007,12.0,5.4743,19.1451,7.9817,-0.02734,-0.01692,-0.02307
2024/02/14 05:27:25.00,458778.7583,5633240.4354,2948674.8535,12.0,5.4746,19.1449,7.9814,-0.0204,-0.01224,-0.03092
2024/02/14 05:27:26.00,458778.7215,5633240.4904,2948674.6689,12.0,5.4748,19.1447,7.9811,0.00704,0.08315,0.02881
2024/02/14 05:27:27.00,458778.6186,5633240.3108,2948674.5495,12.0,5.475,19.1444,7.9808,0.0126,0.00234,-0.02249
2024/02/14 05:27:28.00,458778.6421,5633240.3492,2948674.7026,12.0,5.4753,19.1442,7.9805,0.02144,0.01679,0.01976
2024/02/14 05:27:29.00,458778.5935,5633240.413,2948674.6116,12.0,5.4755,19.144,7.9802,-0.01838,-0.08583,0.0115
2024/02/14 05:27:30.00,458778.6887,5633240.6219,2948674.6356,12.0,5.4757,19.1437,7.9798,0.0116,0.00541,-0.03298
2024/02/14 05:27:31.00,458778.7494,5633240.5371,2948674.6193,12.0,5.4759,19.1435,7.9795,-0.00972,0.02307,0.01807
2024/02/14 05:27:32.00,458778.6751,5633240.5291,2948674.6324,12.0,5.4762,19.1432,7.9792,0.01628,0.12239,-0.01641
2024/02/14 05:27:33.00,458778.7226,5633240.6353,2948674.5802,12.0,5.4764,19.143,7.9789,-0.00394,-0.02962,-0.01505
2024/02/14 05:27:34.00,458778.7889,5633240.9557,2948674.7563,12.0,5.4766,19.1428,7.9786,0.0136,0.05685,-0.01239
2024/02/14 05:27:35.00,458778.8097,5633241.018,2948674.868,12.0,5.4769,19.1425,7.9782,-0.02023,-0.07329,-0.04846
2024/02/14 05:27:36.00,458778.6922,5633240.7055,2948674.8966,12.0,5.4771,19.1423,7.9779,0.0231,0.09226,7e-05
2024/02/14 05:27:37.00,458778.6894,5633240.7122,2948674.7039,12.0,5.4773,19.142,7.9776,0.02505,0.18464,0.01027
2024/02/14 05:27:38.00,458778.6564,5633240.5299,2948674.7004,12.0,5.4776,19.1418,7.9773,0.02146,0.01331,0.04655
2024/02/14 05:27:39.00,458778.5791,5633240.075,2948674.5879,12.0,5.4778,19.1415,7.977,0.0061,0.0966,-0.01685
2024/02/14 05:27:40.00,458778.6238,5633239.7726,2948674.5814,12.0,5.478,19.1413,7.9766,-0.00507,-0.10809,-0.04024
2024/02/14 05:27:41.00,458778.6239,5633239.7431,2948674.3944,12.0,5.4783,19.141,7.9763,0.01752,0.0465,0.00458
2024/02/14 05:27:42.00,458778.4757,5633239.6204,2948674.305,12.0,5.4785,19.1408,7.976,0.02161,0.06847,-0.01942
2024/02/14 05:27:43.00,458778.6423,5633239.8394,2948674.5312,12.0,5.4787,19.1405,7.9757,0.01451,0.00764,0.02759
2024/02/14 05:27:44.00,458778.55,5633239.4264,2948674.329,12.0,5.479,19.1403,7.9754,0.0024,0.05876,0.01644
2024/02/14 05:27:45.00,458778.5895,5633239.4321,2948674.2621,12.0,5.4792,19.14,7.975,0.0058,0.0958,0.05159
2024/02/14 05:27:46.00,458778.5074,5633239.3263,2948674.3331,12.0,5.4794,19.1398,7.9747,0.00623,0.0406,0.00546
2024/02/14 05:27:47.00,458778.5458,5633239.6454,2948674.3926,12.0,5.4796,19.1395,7.9744,-0.0069,-0.1101,-0.04391
2024/02/14 05:27:48.00,458778.5511,5633239.2684,2948674.3885,12.0,5.4799,19.1393,7.9741,-0.01406,0.0234,0.01004
2024/02/14 05:27:49.00,458778.5689,5633239.3682,2948674.3329,12.0,5.4801,19.139,7.9738,-0.00484,-0.10253,0.00239
2024/02/14 05:27:50.00,458778.5995,5633239.3949,2948674.375,12.0,5.4803,19.1387,7.9734,-0.01107,-0.03475,-0.01302
2024/02/14 05:27:51.00,458778.6012,5633239.275,2948674.221,12.0,5.4806,19.1385,7.9731,0.00588,0.08143,0.04231
2024/02/14 05:27:52.00,458778.5024,5633239.0629,2948674.0354,12.0,5.4808,19.1382,7.9728,-0.00722,-0.0138,0.01159
2024/02/14 05:27:53.00,458778.592,5633239.3347,2948674.2539,12.0,5.481,19.138,7.9725,0.01831,-0.01479,0.00844
2024/02/14 05:27:54.00,458778.6626,5633239.6257,2948674.3116,12.0,5.4813,19.1377,7.9722,-0.02541,-0.05997,0.02761
2024/02/14 05:27:55.00,458778.6135,5633239.3986,2948674.3677,12.0,5.4815,19.1374,7.9718,-0.01286,-0.03407,-0.03018
2024/02/14 05:27:56.00,458778.5335,5633239.3695,2948674.2041,12.0,5.4817,19.1372,7.9715,0.02171,0.04771,0.00609
2024/02/14 05:27:57.00,458778.4761,5633239.229,2948674.1437,12.0,5.482,19.1369,7.9712,-0.0117,-0.05919,0.02099
2024/02/14 05:27:58.00,458778.5241,5633239.5816,2948674.2222,12.0,5.4822,19.1366,7.9709,0.00319,-0.07369,-0.01497
2024/02/14 05:27:59.00,458778.5784,5633239.4843,2948674.2136,12.0,5.4824,19.1363,7.9705,-0.05063,0.01104,-0.00263
2024/02/14 05:28:00.00,458778.4876,5633239.2055,2948674.1585,12.0,5.4826,19.1361,7.9702,-0.00757,0.02362,-0.01215
2024/02/14 05:28:01.00,458778.504,5633239.3359,2948674.0416,12.0,5.4829,19.1358,7.9699,-0.00017,0.04577,0.0288
2024/02/14 05:28:02.00,458778.406,5633239.2675,2948674.0533,12.0,5.4831,19.1355,7.9696,0.01165,-0.01424,0.01584
2024/02/14 05:28:03.00,458778.5566,5633239.7761,2948674.2212,12.0,5.4833,19.1352,7.9692,0.02334,-0.13065,-0.01465
2024/02/14 05:28:04.00,458778.5101,5633239.5668,2948674.0366,12.0,5.4836,19.135,7.9689,-0.0045,0.0414,0.02257
2024/02/14 05:28:05.00,458778.4445,5633239.3235,2948674.0576,12.0,5.4838,19.1347,7.9686,-0.00701,0.05305,-0.00177
2024/02/14 05:28:06.00,458778.5403,5633239.683,2948674.1723,12.0,5.484,19.1344,7.9683,0.00318,-0.06215,-0.02462
2024/02/14 05:28:07.00,458778.5106,5633239.3477,2948674.1092,12.0,5.4843,19.1341,7.9679,-0.02604,0.02842,-0.01619
2024/02/14 05:28:08.00,458778.5105,5633239.4536,2948674.1121,12.0,5.4845,19.1338,7.9676,-0.01216,-0.03841,-0.02158
2024/02/14 05:28:09.00,458778.525,5633239.7454,2948674.2559,12.0,5.4847,19.1336,7.9673,0.00606,0.01697,0.03424
2024/02/14 05:28:10.00,458778.5223,5633239.9692,2948674.2477,12.0,5.4849,19.1333,7.967,0.02241,0.11095,0.00483
2024/02/14 05:28:11.00,458778.6155,5633240.3032,2948674.2041,12.0,5.4852,19.133,7.9666,0.01353,-0.01588,0.00378
2024/02/14 05:28:12.00,458778.5005,5633240.0909,2948674.1972,12.0,5.4854,19.1327,7.9663,0.02709,-0.00599,-0.01995
2024/02/14 05:28:13.00,458778.5409,5633240.2755,2948674.2271,12.0,5.4856,19.1324,7.966,-0.01963,-0.05461,-0.0513
2024/02/14 05:28:14.00,458778.6528,5633240.627,2948674.3459,12.0,5.4859,19.1321,7.9657,0.03363,0.07475,0.02959
2024/02/14 05:28:15.00,458778.6025,5633240.7927,2948674.2386,12.0,5.4861,19.1318,7.9653,0.00205,-0.09427,-0.05966
2024/02/14 05:28:16.00,458778.5359,5633240.9275,2948674.3032,12.0,5.4863,19.1315,7.965,0.01543,0.03477,0.01705
2024/02/14 05:28:17.00,458778.6047,5633241.1682,2948674.5146,12.0,5.4866,19.1312,7.9647,0.00477,-0.01399,-0.01679
2024/02/14 05:28:18.00,458778.4647,5633240.9942,2948674.3502,12.0,5.4868,19.131,7.9644,0.00249,-0.00951,-0.01659
2024/02/14 05:28:19.00,458778.4508,5633240.6308,2948674.3598,12.0,5.487,19.1307,7.964,-0.0129,0.06838,0.03086
2024/02/14 05:28:20.00,458778.3737,5633240.563,2948674.2894,12.0,5.4872,19.1304,7.9637,-0.00355,-0.03052,-0.01197
2024/02/14 05:28:21.00,458778.2912,5633240.2254,2948674.218,12.0,5.4875,19.1301,7.9634,-0.00456,0.02017,0.01321
2024/02/14 05:28:22.00,458778.104,5633239.883,2948673.9244,12.0,5.4877,19.1298,7.9631,0.03978,0.08788,0.03433
2024/02/14 05:28:23.00,458778.2648,5633240.1553,2948673.8967,12.0,5.4879,19.1295,7.9627,0.00698,-0.00614,-0.03099
2024/02/14 05:28:24.00,458778.3419,5633240.4377,2948673.9991,12.0,5.4882,19.1292,7.9624,-0.01039,-0.0638,-0.02622
2024/02/14 05:28:25.00,458778.2979,5633240.3271,2948673.991,12.0,5.4884,19.1289,7.9621,-0.01931,0.04909,-0.0299
2024/02/14 05:28:26.00,458778.2799,5633240.0083,2948673.9948,12.0,5.4886,19.1286,7.9617,-0.00194,0.00509,0.00309
2024/02/14 05:28:27.00,458778.2206,5633240.0449,2948674.0348,12.0,5.4888,19.1283,7.9614,-0.03412,-0.00242,-0.0176
2024/02/14 05:28:28.00,458778.2262,5633240.1305,2948674.0155,12.0,5.4891,19.1279,7.9611,0.00087,-0.04007,-0.01983
2024/02/14 05:28:29.00,458778.2379,5633240.008,2948674.0119,12.0,5.4893,19.1276,7.9608,-0.03291,-0.14206,-0.04015
2024/02/14 05:28:30.00,458778.314,5633240.2869,2948674.1365,12.0,5.4895,19.1273,7.9604,-0.00783,-0.07685,-0.02244
2024/02/14 05:28:31.00,458778.4204,5633240.4159,2948674.1765,12.0,5.4898,19.127,7.9601,0.01372,0.03251,-0.00413
2024/02/14 05:28:32.00,458778.5936,5633240.6649,2948674.2092,12.0,5.49,19.1267,7.9598,0.02635,0.08023,0.03048
2024/02/14 05:28:33.00,458778.5983,5633240.7988,2948674.1636,12.0,5.4902,19.1264,7.9594,-0.00448,0.02477,-0.00974
2024/02/14 05:28:34.00,458778.5327,5633240.5138,2948674.1082,12.0,5.4904,19.1261,7.9591,0.00994,0.01385,-0.00188
2024/02/14 05:28:35.00,458778.4894,5633240.0281,2948673.991,12.0,5.4907,19.1258,7.9588,-0.00759,-0.05697,-0.0224
2024/02/14 05:28:36.00,458778.5034,5633240.0382,2948674.0998,12.0,5.4909,19.1255,7.9585,0.00765,0.07926,0.00701
2024/02/14 05:28:37.00,458778.478,5633239.7382,2948673.9826,12.0,5.4911,19.1251,7.9581,0.00397,-0.02134,0.02551
2024/02/14 05:28:38.00,458778.5268,5633239.796,2948674.072,12.0,5.4914,19.1248,7.9578,0.0292,0.00412,-0.00361
2024/02/14 05:28:39.00,458778.6075,5633239.8731,2948674.048,12.0,5.4916,19.1245,7.9575,0.00968,0.04929,0.03764
2024/02/14 05:28:40.00,458778.5911,5633240.0996,2948674.0321,12.0,5.4918,19.1242,7.9571,0.01249,-0.05117,-0.03055
2024/02/14 05:28:41.00,458778.5509,5633240.0389,2948673.9762,12.0,5.492,19.1239,7.9568,0.01738,-0.00461,0.00686
2024/02/14 05:28:42.00,458778.5031,5633239.6851,2948673.8682,12.0,5.4923,19.1235,7.9565,-0.01129,-0.08122,-0.00674
2024/02/14 05:28:43.00,458778.5405,5633239.7539,2948673.8572,12.0,5.4925,19.1232,7.9561,-0.03071,-0.08678,-0.01564
2024/02/14 05:28:44.00,458778.5415,5633239.8693,2948673.9229,12.0,5.4927,19.1229,7.9558,-0.00099,0.00024,-0.00485
2024/02/14 05:28:45.00,458778.5529,5633239.7739,2948673.9527,12.0,5.493,19.1226,7.9555,0.01836,0.01101,0.01994
2024/02/14 05:28:46.00,458778.4699,5633239.2949,2948673.8113,12.0,5.4932,19.1222,7.9552,-0.00263,0.01541,0.00138
2024/02/14 05:28:47.00,458778.5516,5633239.5975,2948673.9635,12.0,5.4934,19.1219,7.9548,-0.04161,0.01822,-0.02618
2024/02/14 05:28:48.00,458778.4881,5633239.4677,2948673.9113,12.0,5.4936,19.1216,7.9545,-0.02574,-0.06024,0.00571
2024/02/14 05:28:49.00,458778.5327,5633239.4691,2948674.0482,12.0,5.4939,19.1212,7.9542,0.01894,0.01367,0.03636
2024/02/14 05:28:50.00,458778.5302,5633239.2212,2948674.0471,12.0,5.4941,19.1209,7.9538,0.00564,-0.01067,-0.02203
2024/02/14 05:28:51.00,458778.5257,5633239.4047,2948674.0264,12.0,5.4943,19.1206,7.9535,0.01482,0.06424,-0.00509
2024/02/14 05:28:52.00,458778.5374,5633239.3658,2948674.0319,12.0,5.4945,19.1202,7.9532,0.00898,-0.02111,-0.02795
2024/02/14 05:28:53.00,458778.6525,5633239.4052,2948674.1401,12.0,5.4948,19.1199,7.9528,-0.02402,0.03965,0.00798
2024/02/14 05:28:54.00,458778.5348,5633239.5718,2948674.1704,12.0,5.495,19.1196,7.9525,0.00465,0.076,-0.00112
2024/02/14 05:28:55.00,458778.5503,5633240.0197,2948674.2863,12.0,5.4952,19.1192,7.9522,-0.00325,-0.07883,-0.00489
2024/02/14 05:28:56.00,458778.5257,5633239.7348,2948674.1337,12.0,5.4955,19.1189,7.9518,0.01054,0.07774,0.01624
2024/02/14 05:28:57.00,458778.5661,5633239.8489,2948674.0587,12.0,5.4957,19.1185,7.9515,0.01075,0.02784,0.02169
2024/02/14 05:28:58.00,458778.4372,5633239.4186,2948673.8343,12.0,5.4959,19.1182,7.9512,-0.00866,0.04228,0.00191
2024/02/14 05:28:59.00,458778.3314,5633239.1833,2948673.8317,12.0,5.4961,19.1179,7.9508,0.00716,0.0809,-0.01786
2024/02/14 05:29:00.00,458778.3526,5633239.4832,2948673.9394,12.0,5.4964,19.1175,7.9505,-0.02311,-0.03022,-0.04089
2024/02/14 05:29:01.00,458778.3737,5633239.2108,2948673.8901,12.0,5.4966,19.1172,7.9502,-0.02333,0.13078,-0.02657
2024/02/14 05:29:02.00,458778.2424,5633238.95,2948674.0015,12.0,5.4968,19.1168,7.9498,0.00359,0.08878,0.00807
2024/02/14 05:29:03.00,458778.2479,5633239.3101,2948674.1235,12.0,5.497,19.1165,7.9495,-0.01921,-0.09174,-0.0344
2024/02/14 05:29:04.00,458778.2414,5633239.1709,2948673.9838,12.0,5.4973,19.1161,7.9492,-0.00856,0.02028,-0.03462
2024/02/14 05:29:05.00,458778.2439,5633239.2064,2948674.0107,12.0,5.4975,19.1158,7.9488,-0.01489,0.01505,0.01781
2024/02/14 05:29:06.00,458778.2531,5633238.7691,2948673.9916,12.0,5.4977,19.1154,7.9485,0.0176,0.03285,0.0276
2024/02/14 05:29:07.00,458778.2322,5633238.4774,2948673.9479,12.0,5.498,19.1151,7.9482,-0.00643,-0.03443,-0.00418
2024/02/14 05:29:08.00,458778.1458,5633238.2147,2948673.8824,12.0,5.4982,19.1147,7.9478,0.02043,-0.04994,0.01028
2024/02/14 05:29:09.00,458778.1869,5633238.6446,2948673.9771,12.0,5.4984,19.1144,7.9475,-0.01817,-0.01201,0.06712
2024/02/14 05:29:10.00,458778.3077,5633239.1867,2948674.3642,12.0,5.4986,19.114,7.9471,-0.04644,-0.31608,0.2031
2024/02/14 05:29:11.00,458778.2563,5633239.1421,2948674.7529,12.0,5.4989,19.1136,7.9468,-0.15898,-0.24694,0.52602
2024/02/14 05:29:12.00,458778.1823,5633239.1758,2948675.7159,12.0,5.4991,19.1133,7.9465,-0.33831,-0.98152,1.03308
2024/02/14 05:29:13.00,458777.984,5633238.4893,2948677.1164,12.0,5.4993,19.1129,7.9461,-0.35072,-0.47269,1.33724
2024/02/14 05:29:14.00,458777.6966,5633237.8865,2948678.4736,12.0,5.4995,19.1126,7.9458,-0.42205,-0.43028,1.46348
2024/02/14 05:29:15.00,458777.4556,5633237.3477,2948679.8352,12.0,5.4998,19.1122,7.9455,-0.1996,-0.78382,1.12785
2024/02/14 05:29:16.00,458777.0325,5633236.4517,2948680.9593,12.0,5.5,19.1118,7.9451,-0.2985,-0.13762,1.53179
2024/02/14 05:29:17.00,458776.8708,5633235.6679,2948682.3419,12.0,5.5002,19.1115,7.9448,-0.15368,-0.15829,1.49544
2024/02/14 05:29:18.00,458776.6137,5633235.617,2948683.7832,12.0,5.5004,19.1111,7.9445,-0.3296,-1.06832,1.38406
2024/02/14 05:29:19.00,458776.2256,5633234.9037,2948685.1007,12.0,5.5007,19.1107,7.9441,-0.44385,-0.33836,1.26523
2024/02/14 05:29:20.00,458775.8236,5633229.2972,2948682.7441,12.0,5.5009,19.1104,7.9438,-0.32967,-1.29138,0.52704
2024/02/14 05:29:21.00,458776.7199,5633242.6408,2948691.2948,12.0,5.5011,19.11,7.9434,0.61018,2.97303,1.52511
2024/02/14 05:29:22.00,458774.6251,5633240.0044,2948691.8352,12.0,5.5013,19.1096,7.9431,-0.5584,-0.48562,2.09136
2024/02/14 05:29:23.00,458774.8717,5633236.0354,2948693.6786,12.0,5.5016,19.1092,7.9428,-0.64925,-1.8042,2.05789
2024/02/14 05:29:24.00,458773.3604,5633235.5404,2948695.3127,12.0,5.5018,19.1089,7.9424,-0.82841,0.37878,2.40222
2024/02/14 05:29:25.00,458772.366,5633236.2973,2948697.67,12.0,5.502,19.1085,7.9421,-0.50272,-3.70069,1.84727
2024/02/14 05:29:26.00,458772.2609,5633229.3891,2948698.7819,12.0,5.5022,19.1081,7.9418,-0.72539,-0.60238,2.07457
2024/02/14 05:29:27.00,458771.906,5633229.6311,2948701.3131,12.0,5.5025,19.1078,7.9414,-0.70434,-0.54391,2.03829
2024/02/14 05:29:28.00,458771.221,5633228.2616,2948703.2166,12.0,5.5027,19.1074,7.9411,-0.60702,-1.18305,1.89779
2024/02/14 05:29:29.00,458770.7422,5633227.0797,2948705.1324,12.0,5.5029,19.107,7.9407,-0.71008,-0.59998,1.90703
2024/02/14 05:29:30.00,458770.1204,5633226.5674,2948707.1317,12.0,5.5032,19.1066,7.9404,-0.53911,-0.56524,2.01488
2024/02/14 05:29:31.00,458769.7191,5633223.8906,2948708.6192,12.0,5.5034,19.1062,7.9401,-0.44668,-0.63312,1.83522
2024/02/14 05:29:32.00,458769.1355,5633222.8049,2948710.328,12.0,5.5036,19.1059,7.9397,-0.56748,-1.1994,1.54329
2024/02/14 05:29:33.00,458768.5551,5633222.9305,2948712.0454,12.0,5.5038,19.1055,7.9394,-0.49531,-1.31025,1.66136
2024/02/14 05:29:34.00,458768.0811,5633221.0665,2948713.6955,12.0,5.5041,19.1051,7.939,-0.43056,-1.06055,1.99822
2024/02/14 05:29:35.00,458767.3124,5633222.1684,2948716.1533,12.0,5.5043,19.1047,7.9387,-0.63572,-1.03353,1.89152
2024/02/14 05:29:36.00,458766.8637,5633218.8904,2948717.5405,12.0,5.5045,19.1043,7.9384,-0.50886,-0.48694,1.68131
2024/02/14 05:29:37.00,458766.2361,5633217.7935,2948719.0592,12.0,5.5047,19.1039,7.938,-0.52811,-0.79798,1.51709
2024/02/14 05:29:38.00,458765.7737,5633217.1394,2948720.4402,12.0,5.505,19.1035,7.9377,-0.5844,-0.16748,1.5011
2024/02/14 05:29:39.00,458765.3554,5633216.3363,2948722.0377,12.0,5.5052,19.1031,7.9373,-0.61706,-0.79686,1.67448
2024/02/14 05:29:40.00,458764.7306,5633215.6337,2948723.8208,12.0,5.5054,19.1028,7.937,-0.58393,-0.85308,1.71967
2024/02/14 05:29:41.00,458764.182,5633215.2723,2948725.6193,12.0,5.5056,19.1024,7.9367,-0.7243,-1.14008,1.54121
2024/02/14 05:29:42.00,458763.5797,5633214.5495,2948727.0033,12.0,5.5059,19.102,7.9363,-0.50304,-0.46913,1.32254
2024/02/14 05:29:43.00,458763.1329,5633214.2639,2948728.2512,12.0,5.5061,19.1016,7.936,-0.42672,-0.82389,1.17009
2024/02/14 05:29:44.00,458762.7924,5633213.4904,2948729.351,12.0,5.5063,19.1012,7.9356,-0.24345,-0.71492,1.06975
2024/02/14 05:29:45.00,458762.4084,5633212.3093,2948730.5231,12.0,5.5065,19.1008,7.9353,-0.46781,-0.78476,1.41501
2024/02/14 05:29:46.00,458761.9654,5633211.8024,2948732.0149,12.0,5.5068,19.1004,7.9349,-0.43191,-1.0251,1.52778
2024/02/14 05:29:47.00,458761.3955,5633211.4237,2948733.658,12.0,5.507,19.1,7.9346,-0.62339,-0.51719,1.67381
2024/02/14 05:29:48.00,458760.7351,5633210.4651,2948735.0116,12.0,5.5072,19.0996,7.9343,-0.46564,-0.93018,1.27708
2024/02/14 05:29:49.00,458760.2942,5633210.1745,2948736.473,12.0,5.5074,19.0992,7.9339,-0.53276,-0.93277,1.34008
2024/02/14 05:29:50.00,458759.7579,5633208.8872,2948737.9722,12.0,5.5077,19.0988,7.9336,-0.58346,-0.70177,1.59252
2024/02/14 05:29:51.00,458759.1754,5633207.9426,2948739.5393,12.0,5.5079,19.0984,7.9332,-0.60934,-0.75556,1.65687
2024/02/14 05:29:52.00,458758.4182,5633206.9396,2948741.2496,12.0,5.5081,19.098,7.9329,-0.8016,-1.68159,1.47854
2024/02/14 05:29:53.00,458757.6388,5633206.0142,2948742.8983,12.0,5.5083,19.0975,7.9325,-0.79644,-0.41077,2.14058
2024/02/14 05:29:54.00,458756.8106,5633205.2276,2948744.9201,12.0,5.5086,19.0971,7.9322,-0.7927,-0.72224,1.85776
2024/02/14 05:29:55.00,458756.0724,5633204.8855,2948746.81,12.0,5.5088,19.0967,7.9319,-0.65492,-0.69758,1.57918
2024/02/14 05:29:56.00,458755.4154,5633203.849,2948748.253,12.0,5.509,19.0963,7.9315,-0.73587,-0.77732,1.47868
2024/02/14 05:29:57.00,458754.7474,5633202.926,2948749.6234,12.0,5.5092,19.0959,7.9312,-0.60255,-0.82081,1.20179
2024/02/14 05:29:58.00,458754.4226,5633202.552,2948750.9986,12.0,5.5094,19.0955,7.9308,-0.51875,-0.46913,0.96231
2024/02/14 05:29:59.00,458753.8342,5633201.7677,2948751.9821,12.0,5.5097,19.0951,7.9305,-0.64843,-0.55716,1.11994
2024/02/14 05:30:00.00,458753.0754,5633201.3424,2948753.3221,12.0,5.5099,19.0947,7.9301,-0.82137,-0.39603,1.4138
2024/02/14 05:30:01.00,458752.263,5633200.8606,2948754.6321,12.0,5.5101,19.0942,7.9298,-0.95659,-0.66337,1.6563
2024/02/14 05:30:02.00,458751.2192,5633200.3148,2948756.374,12.0,5.5103,19.0938,7.9295,-1.13512,-1.06895,1.7974
2024/02/14 05:30:03.00,458749.9221,5633199.6083,2948758.624,12.0,5.5106,19.0934,7.9291,-1.35482,-0.51905,2.33676
2024/02/14 05:30:04.00,458748.4082,5633198.5282,2948760.9902,12.0,5.5108,19.093,7.9288,-1.53683,-1.45423,2.33225
2024/02/14 05:30:05.00,458746.8747,5633197.4632,2948763.7185,12.0,5.511,19.0926,7.9284,-1.61556,-1.56089,2.91294
2024/02/14 05:30:06.00,458745.1802,5633196.3807,2948767.0252,12.0,5.5112,19.0921,7.9281,-1.90395,-1.47295,3.4176
2024/02/14 05:30:07.00,458743.365,5633194.8794,2948770.4614,12.0,5.5115,19.0917,7.9277,-1.68189,-1.62607,3.25645
2024/02/14 05:30:08.00,458741.7347,5633193.5195,2948773.6302,12.0,5.5117,19.0913,7.9274,-1.65854,-1.31812,2.96877
2024/02/14 05:30:09.00,458740.0206,5633191.5954,2948776.4535,12.0,5.5119,19.0909,7.927,-1.72924,-1.2341,3.11758
2024/02/14 05:30:10.00,458738.2263,5633190.125,2948779.8029,12.0,5.5121,19.0904,7.9267,-1.83804,-1.66113,3.31407
2024/02/14 05:30:11.00,458736.3227,5633188.4657,2948783.1587,12.0,5.5124,19.09,7.9263,-2.04207,-1.72154,3.54642
2024/02/14 05:30:12.00,458734.4768,5633186.7465,2948787.012,12.0,5.5126,19.0896,7.926,-2.17693,-1.80177,3.89538
2024/02/14 05:30:13.00,458732.212,5633184.5456,2948790.8803,12.0,5.5128,19.0892,7.9256,-2.29654,-1.98288,4.08683
2024/02/14 05:30:14.00,458729.5572,5633181.9335,2948794.7965,12.0,5.513,19.0887,7.9253,-2.3832,-1.87366,4.29113
2024/02/14 05:30:15.00,458727.2759,5633180.4623,2948799.1691,12.0,5.5133,19.0883,7.925,-2.37395,-1.93105,4.48149
2024/02/14 05:30:16.00,458724.7023,5633178.7193,2948803.5477,12.0,5.5135,19.0879,7.9246,-2.81872,1.53307,5.21705
2024/02/14 05:30:17.00,458721.2148,5633190.5465,2948810.9198,12.0,5.5137,19.0874,7.9243,-2.362,-4.04616,4.14715
2024/02/14 05:30:18.00,458719.1052,5633181.8365,2948814.065,12.0,5.5139,19.087,7.9239,-2.48854,-1.66026,4.56977
2024/02/14 05:30:19.00,458717.2086,5633172.2344,2948816.9409,12.0,5.5141,19.0865,7.9236,-2.38606,-1.93676,4.76779
2024/02/14 05:30:20.00,458714.6792,5633169.9184,2948821.8061,12.0,5.5144,19.0861,7.9232,-2.55594,-2.00388,4.8929
2024/02/14 05:30:21.00,458712.0656,5633168.7986,2948827.1595,12.0,5.5146,19.0857,7.9229,-2.58038,-1.39531,5.27966
2024/02/14 05:30:22.00,458709.6149,5633165.3735,2948831.972,12.0,5.5148,19.0852,7.9225,-2.58169,-2.33405,5.14799
2024/02/14 05:30:23.00,458706.9995,5633163.7598,2948837.1555,12.0,5.515,19.0848,7.9222,-2.42259,-2.35179,4.93241
2024/02/14 05:30:24.00,458704.7688,5633160.1583,2948841.6025,12.0,5.5153,19.0843,7.9218,-2.23059,-2.1307,4.51999
2024/02/14 05:30:25.00,458702.7466,5633158.4137,2948845.8458,12.0,5.5155,19.0839,7.9215,-1.8144,-1.5038,3.64504
2024/02/14 05:30:26.00,458701.2307,5633156.9403,2948849.0944,12.0,5.5157,19.0835,7.9211,-1.54699,-1.49025,2.77844
2024/02/14 05:30:27.00,458699.9047,5633156.0829,2948851.8782,12.0,5.5159,19.083,7.9208,-1.36424,-1.01254,2.61865
2024/02/14 05:30:28.00,458698.4087,5633154.7528,2948854.5208,12.0,5.5162,19.0826,7.9204,-1.44152,-0.58705,2.63815
2024/02/14 05:30:29.00,458696.9557,5633153.2648,2948857.0123,12.0,5.5164,19.0821,7.9201,-1.46153,-0.28695,2.73771
2024/02/14 05:30:30.00,458695.3097,5633151.9652,2948859.5787,12.0,5.5166,19.0817,7.9197,-1.65513,-1.52476,2.7017
2024/02/14 05:30:31.00,458693.687,5633151.0719,2948862.6755,12.0,5.5168,19.0812,7.9194,-1.71092,-1.61133,2.95305
2024/02/14 05:30:32.00,458692.0282,5633149.7704,2948865.758,12.0,5.517,19.0807,7.919,-1.77436,-1.4914,3.36671
2024/02/14 05:30:33.00,458690.2157,5633148.2764,2948869.4111,12.0,5.5173,19.0803,7.9187,-1.96578,-1.8768,3.68739
2024/02/14 05:30:34.00,458688.1392,5633146.2921,2948873.4187,12.0,5.5175,19.0798,7.9183,-2.12073,-2.03254,4.34876
2024/02/14 05:30:35.00,458685.8602,5633143.9663,2948878.036,12.0,5.5177,19.0794,7.918,-2.26009,-2.18319,4.89298
2024/02/14 05:30:36.00,458683.4742,5633141.8016,2948882.8326,12.0,5.5179,19.0789,7.9176,-2.37421,-2.3161,4.66987
2024/02/14 05:30:37.00,458681.2263,5633139.7472,2948887.4026,12.0,5.5182,19.0785,7.9173,-2.08714,-2.02311,4.13484
2024/02/14 05:30:38.00,458679.2696,5633138.0451,2948891.2742,12.0,5.5184,19.078,7.9169,-1.85129,-2.054,3.73301
2024/02/14 05:30:39.00,458677.4575,5633135.8991,2948894.6503,12.0,5.5186,19.0775,7.9166,-1.56195,-1.48712,3.14741
2024/02/14 05:30:40.00,458676.1076,5633134.7423,2948897.2181,12.0,5.5188,19.0771,7.9162,-1.22108,-1.12185,2.15474
2024/02/14 05:30:41.00,458675.1336,5633133.8786,2948899.1328,12.0,5.519,19.0766,7.9159,-0.89104,-0.85749,1.64188
2024/02/14 05:30:42.00,458674.3706,5633133.1038,2948900.549,12.0,5.5193,19.0761,7.9155,-0.63054,-0.56822,1.28462
2024/02/14 05:30:43.00,458673.6514,5633131.7619,2948901.5284,12.0,5.5195,19.0757,7.9152,-0.51783,-0.53582,1.14295
2024/02/14 05:30:44.00,458673.0564,5633131.2811,2948903.1455,12.0,5.5197,19.0752,7.9148,-0.74836,-0.80332,1.81465
2024/02/14 05:30:45.00,458672.2021,5633130.1702,2948905.2031,12.0,5.5199,19.0747,7.9145,-0.86138,-1.1289,2.15876
2024/02/14 05:30:46.00,458671.3578,5633128.6728,2948907.1874,12.0,5.5202,19.0743,7.9141,-0.8682,-0.84121,2.14555
2024/02/14 05:30:47.00,458670.7363,5633128.0363,2948909.7802,12.0,5.5204,19.0738,7.9138,-0.86808,-1.02976,2.60775
2024/02/14 05:30:48.00,458669.7461,5633126.7973,2948912.6037,12.0,5.5206,19.0733,7.9134,-1.08388,-1.73233,2.87157
2024/02/14 05:30:49.00,458668.5797,5633125.2155,2948915.7011,12.0,5.5208,19.0729,7.9131,-1.24303,-1.63033,3.21213
2024/02/14 05:30:50.00,458667.2649,5633125.1626,2948919.0735,12.0,5.521,19.0724,7.9127,-1.43011,1.12308,3.41181
2024/02/14 05:30:51.00,458666.2574,5633125.2762,2948922.0519,12.0,5.5213,19.0719,7.9123,-0.94058,-0.18688,2.66858
2024/02/14 05:30:52.00,458665.2231,5633127.5222,2948925.1174,12.0,5.5215,19.0714,7.912,-0.71633,-0.81398,2.086
2024/02/14 05:30:53.00,458664.8139,5633125.4533,2948926.4843,12.0,5.5217,19.0709,7.9116,-0.30213,-0.9851,1.27214
2024/02/14 05:30:54.00,458664.3588,5633127.2582,2948928.0883,12.0,5.5219,19.0705,7.9113,-0.07292,-2.2594,0.93111
2024/02/14 05:30:55.00,458664.2386,5633126.5993,2948929.3707,12.0,5.5221,19.07,7.9109,-0.10202,-2.06831,0.80086
2024/02/14 05:30:56.00,458664.4329,5633119.2914,2948928.9338,12.0,5.5224,19.0695,7.9106,-0.32463,-0.82095,0.9568
2024/02/14 05:30:57.00,458664.0034,5633118.7961,2948929.6947,12.0,5.5226,19.069,7.9102,-0.44061,-0.27264,0.72627
2024/02/14 05:30:58.00,458663.5212,5633120.4131,2948930.6017,12.0,5.5228,19.0685,7.9099,-0.19907,-0.83066,0.19581
2024/02/14 05:30:59.00,458663.2626,5633119.0507,2948930.559,12.0,5.523,19.068,7.9095,-0.10198,-0.15326,0.14038
2024/02/14 05:31:00.00,458662.9867,5633121.1832,2948931.0355,12.0,5.5232,19.0676,7.9092,-0.01259,0.01842,-0.04921
2024/02/14 05:31:01.00,458662.977,5633120.5001,2948930.8226,12.0,5.5235,19.0671,7.9088,-0.00477,-0.07875,-0.04807
2024/02/14 05:31:02.00,458662.8554,5633120.9097,2948930.9415,12.0,5.5237,19.0666,7.9085,-0.04354,-0.09291,0.02888
2024/02/14 05:31:03.00,458662.7638,5633120.3745,2948931.0066,12.0,5.5239,19.0661,7.9081,-0.12689,-0.08233,0.26177
2024/02/14 05:31:04.00,458662.7077,5633119.3753,2948931.3643,12.0,5.5241,19.0656,7.9078,-0.10385,-0.09753,0.48363
2024/02/14 05:31:05.00,458662.6367,5633118.1118,2948931.4678,12.0,5.5243,19.0651,7.9074,-0.09306,-0.21109,0.38171
2024/02/14 05:31:06.00,458662.4589,5633117.4063,2948931.779,12.0,5.5246,19.0646,7.907,-0.09483,-0.20181,0.31625
2024/02/14 05:31:07.00,458662.4628,5633117.0205,2948932.0957,12.0,5.5248,19.0641,7.9067,-0.14881,-0.06593,0.2914
2024/02/14 05:31:08.00,458662.4781,5633117.0924,2948932.5804,12.0,5.525,19.0636,7.9063,-0.2521,-0.56838,0.46344
2024/02/14 05:31:09.00,458662.3983,5633117.0453,2948933.034,12.0,5.5252,19.0631,7.906,-0.17019,-0.03271,0.27266
2024/02/14 05:31:10.00,458662.3917,5633116.6804,2948933.3917,12.0,5.5254,19.0626,7.9056,-0.12601,0.06976,0.28683
2024/02/14 05:31:11.00,458662.1882,5633116.1902,2948933.1245,12.0,5.5257,19.0621,7.9053,-0.00094,-0.03839,-0.02405
2024/02/14 05:31:12.00,458662.1693,5633116.0087,2948933.0324,12.0,5.5259,19.0616,7.9049,0.04065,0.10932,-0.06178
2024/02/14 05:31:13.00,458662.1687,5633115.5105,2948932.9773,12.0,5.5261,19.0611,7.9046,-0.01224,-0.01325,-0.02817
2024/02/14 05:31:14.00,458662.0464,5633115.2127,2948932.833,12.0,5.5263,19.0606,7.9042,0.00957,-0.05614,0.02144
2024/02/14 05:31:15.00,458661.9978,5633114.9784,2948932.6763,12.0,5.5265,19.0601,7.9038,0.00434,0.08008,0.04004
2024/02/14 05:31:16.00,458661.9047,5633114.7011,2948932.4529,12.0,5.5268,19.0596,7.9035,0.01225,0.06088,0.07068
2024/02/14 05:31:17.00,458661.8277,5633114.1769,2948932.3026,12.0,5.527,19.0591,7.9031,-0.0132,-0.0074,0.02866
2024/02/14 05:31:18.00,458661.6337,5633114.124,2948932.2691,12.0,5.5272,19.0586,7.9028,-0.00624,-0.01246,-0.01307
2024/02/14 05:31:19.00,458661.6222,5633113.9854,2948932.1717,12.0,5.5274,19.0581,7.9024,-0.00194,-0.02249,0.0171
2024/02/14 05:31:20.00,458661.6025,5633113.9641,2948932.2575,12.0,5.5276,19.0575,7.9021,0.00168,0.05895,-0.00798
2024/02/14 05:31:21.00,458661.6015,5633114.1836,2948932.3503,12.0,5.5279,19.057,7.9017,-0.02765,-0.06668,-0.02877
2024/02/14 05:31:22.00,458661.5732,5633114.5839,2948932.5579,12.0,5.5281,19.0565,7.9014,-0.1664,-0.20513,0.24383
2024/02/14 05:31:23.00,458661.5904,5633114.4405,2948933.0589,12.0,5.5283,19.056,7.901,-0.26564,-0.33044,0.37855
2024/02/14 05:31:24.00,458661.2094,5633113.9645,2948933.6449,12.0,5.5285,19.0555,7.9006,-0.32864,-0.31442,0.53889
2024/02/14 05:31:25.00,458661.1438,5633114.3731,2948934.7239,12.0,5.5287,19.055,7.9003,-0.36365,-0.53845,1.00931
2024/02/14 05:31:26.00,458660.62,5633114.158,2948936.058,12.0,5.5289,19.0544,7.8999,-0.4854,-0.58372,1.27868
2024/02/14 05:31:27.00,458660.2211,5633113.9428,2948937.2003,12.0,5.5292,19.0539,7.8996,-0.49788,-0.14434,1.2128
2024/02/14 05:31:28.00,458659.8656,5633113.4334,2948938.0037,12.0,5.5294,19.0534,7.8992,-0.34843,0.00627,0.81747
2024/02/14 05:31:29.00,458659.1462,5633120.3518,2948940.4409,12.0,5.5296,19.0529,7.8988,-0.21382,0.03347,0.43735
2024/02/14 05:31:30.00,458659.3891,5633114.2843,2948939.7907,12.0,5.5298,19.0524,7.8985,-0.09936,-0.47773,0.2074
2024/02/14 05:31:31.00,458658.4305,5633125.3044,2948942.1662,12.0,5.53,19.0518,7.8981,-0.17866,3.37888,0.65712
2024/02/14 05:31:32.00,458657.5908,5633133.8038,2948943.7348,12.0,5.5303,19.0513,7.8978,-0.09649,1.27554,0.21417
2024/02/14 05:31:33.00,458657.4591,5633136.9297,2948944.3891,12.0,5.5305,19.0507,7.8974,-0.07124,1.00643,0.20855
2024/02/14 05:31:34.00,458656.9404,5633143.8302,2948945.9661,12.0,5.5307,19.0502,7.897,-0.14698,0.98502,0.37112
2024/02/14 05:31:35.00,458656.3717,5633151.3138,2948947.7775,12.0,5.5309,19.0497,7.8967,-0.51744,4.14449,1.43379
2024/02/14 05:31:36.00,458656.365,5633149.1671,2948948.1194,12.0,5.5311,19.0491,7.8963,-0.53643,0.22112,1.00328
2024/02/14 05:31:37.00,458656.0189,5633146.9264,2948948.9349,12.0,5.5313,19.0486,7.896,-0.38644,-0.18984,1.31109
2024/02/14 05:31:38.00,458655.7035,5633145.0349,2948949.9791,12.0,5.5316,19.0481,7.8956,-0.4204,-0.22808,1.35972
2024/02/14 05:31:39.00,458654.5636,5633150.5428,2948952.7151,12.0,5.5318,19.0475,7.8952,-0.45781,-0.02861,1.66054
2024/02/14 05:31:40.00,458653.8236,5633146.5368,2948954.169,12.0,5.532,19.047,7.8949,-0.84559,-0.61437,2.44802
2024/02/14 05:31:41.00,458652.6069,5633144.3405,2948956.43,12.0,5.5322,19.0465,7.8945,-0.44855,-1.44554,1.97704
2024/02/14 05:31:42.00,458651.9224,5633140.5372,2948958.3477,12.0,5.5324,19.0459,7.8942,-0.58627,1.07745,2.64302
2024/02/14 05:31:43.00,458650.325,5633142.9134,2948961.613,12.0,5.5327,19.0454,7.8938,-2.3502,-2.31725,2.70187
2024/02/14 05:31:44.00,458646.9755,5633137.1527,2948964.4659,11.0,5.9674,19.1386,7.956,-1.97017,2.45033,3.38457
2024/02/14 05:31:45.00,458645.277,5633139.7491,2948967.8295,11.0,5.9677,19.1381,7.9556,-0.05747,-8.61935,0.79451
2024/02/14 05:31:46.00,458642.5946,5633147.8599,2948972.727,11.0,5.968,19.1376,7.9551,-0.70386,-4.67257,1.73842
2024/02/14 05:31:47.00,458641.8309,5633143.0034,2948974.6618,11.0,5.9683,19.1371,7.9547,-1.87643,2.59747,3.83626
2024/02/14 05:31:48.00,458643.2282,5633147.2496,2948976.9752,12.0,5.5337,19.0427,7.892,-1.55588,-2.36924,2.84274
2024/02/14 05:31:49.00,458642.3077,5633139.9646,2948978.7312,12.0,5.534,19.0421,7.8916,-1.10108,-9.30268,1.73826
2024/02/14 05:31:50.00,458641.6358,5633122.0265,2948978.4436,12.0,5.5342,19.0416,7.8913,-0.89772,-8.27716,1.16169
2024/02/14 05:31:51.00,458641.4422,5633105.95,2948977.7143,12.0,5.5344,19.0411,7.8909,-0.8736,-0.31994,2.01273
2024/02/14 05:31:52.00,458641.0807,5633103.0235,2948978.8749,12.0,5.5346,19.0405,7.8906,-0.68849,-0.80072,1.6354
2024/02/14 05:31:53.00,458640.4926,5633101.0685,2948980.392,12.0,5.5348,19.04,7.8902,-0.86956,-0.05191,1.94579
2024/02/14 05:31:54.00,458639.0746,5633105.4711,2948983.432,12.0,5.5351,19.0394,7.8898,-0.63835,-3.0863,1.85266
2024/02/14 05:31:55.00,458637.668,5633109.5656,2948986.7135,12.0,5.5353,19.0389,7.8895,-0.98015,-1.47393,2.05173
2024/02/14 05:31:56.00,458636.2182,5633114.1307,2948989.9634,12.0,5.5355,19.0383,7.8891,-0.68158,-4.01397,1.5418
2024/02/14 05:31:57.00,458634.9703,5633118.0149,2948992.9975,12.0,5.5357,19.0378,7.8887,-0.96852,-0.66853,2.09958
2024/02/14 05:31:58.00,458633.407,5633123.492,2948996.5621,12.0,5.5359,19.0372,7.8884,-1.60908,-5.33104,1.57423
2024/02/14 05:31:59.00,458633.1072,5633123.4622,2948998.0664,12.0,5.5361,19.0366,7.888,-0.3982,-1.3272,1.15854
2024/02/14 05:32:00.00,458632.6614,5633122.6292,2948999.1507,12.0,5.5363,19.0361,7.8877,-0.28564,-1.37368,1.01314
2024/02/14 05:32:01.00,458632.3123,5633123.8464,2949000.461,12.0,5.5366,19.0355,7.8873,-0.62779,-3.43075,1.01667
2024/02/14 05:32:02.00,458631.7533,5633119.5161,2949001.5136,12.0,5.5368,19.035,7.8869,-0.33755,-5.77339,1.033
2024/02/14 05:32:03.00,458631.1698,5633114.3207,2949002.7407,12.0,5.537,19.0344,7.8866,-0.54841,-3.56133,1.79792
2024/02/14 05:32:04.00,458631.1031,5633100.3017,2949002.7269,12.0,5.5372,19.0339,7.8862,-0.8474,-3.37865,2.33677
2024/02/14 05:32:05.00,458630.9664,5633086.2645,2949003.1271,12.0,5.5374,19.0333,7.8858,-0.66572,-5.95562,2.11322
2024/02/14 05:32:06.00,458630.1294,5633081.9367,2949005.8766,12.0,5.5377,19.0327,7.8855,-1.08953,-1.48472,3.43162
2024/02/14 05:32:07.00,458628.808,5633079.6388,2949009.205,12.0,5.5379,19.0322,7.8851,-1.06606,-1.80557,3.63607
2024/02/14 05:32:08.00,458627.522,5633080.0267,2949013.4134,12.0,5.5381,19.0316,7.8847,-1.17554,-2.46657,3.56176
2024/02/14 05:32:09.00,458626.4546,5633078.0266,2949016.7647,12.0,5.5383,19.031,7.8844,-0.89796,-1.33946,3.33388
2024/02/14 05:32:10.00,458625.646,5633076.1494,2949019.8395,12.0,5.5385,19.0305,7.884,-0.84994,-1.07056,3.38831
2024/02/14 05:32:11.00,458624.9023,5633074.3717,2949023.0726,12.0,5.5387,19.0299,7.8837,-0.85202,-1.87125,3.33303
2024/02/14 05:32:12.00,458624.2046,5633072.1517,2949026.4769,12.0,5.539,19.0293,7.8833,-0.71493,-1.94606,3.4886
2024/02/14 05:32:13.00,458623.4079,5633070.1887,2949030.2038,12.0,5.5392,19.0288,7.8829,-0.55401,-1.77209,3.86182
2024/02/14 05:32:14.00,458622.5382,5633068.0211,2949033.8924,12.0,5.5394,19.0282,7.8826,-0.74477,-1.73386,3.80671
2024/02/14 05:32:15.00,458621.7597,5633066.1943,2949037.5259,12.0,5.5396,19.0276,7.8822,-0.75444,-1.33484,3.59998
2024/02/14 05:32:16.00,458621.1048,5633064.9204,2949041.0776,12.0,5.5398,19.027,7.8818,-0.75797,0.36015,3.59899
2024/02/14 05:32:17.00,458620.5793,5633061.6363,2949043.8255,12.0,5.54,19.0265,7.8815,-0.51492,-1.21945,2.85946
2024/02/14 05:32:18.00,458620.0358,5633061.8704,2949046.7004,12.0,5.5402,19.0259,7.8811,-0.24079,-3.9868,2.03161
2024/02/14 05:32:19.00,458619.3548,5633063.6386,2949049.8374,12.0,5.5405,19.0253,7.8807,-0.45409,0.13198,2.61287
2024/02/14 05:32:20.00,458619.0437,5633058.8155,2949051.343,12.0,5.5407,19.0247,7.8804,-0.44753,-0.60087,2.38399
2024/02/14 05:32:21.00,458618.7066,5633059.3383,2949054.1565,12.0,5.5409,19.0241,7.88,-0.50384,-0.91903,2.26794
2024/02/14 05:32:22.00,458618.2012,5633058.1303,2949056.332,12.0,5.5411,19.0235,7.8796,-0.56115,-1.33377,1.98524
2024/02/14 05:32:23.00,458617.8999,5633055.5164,2949057.9384,12.0,5.5413,19.023,7.8793,-0.45183,-0.53696,2.02292
2024/02/14 05:32:24.00,458617.2331,5633056.1809,2949060.0544,12.0,5.5415,19.0224,7.8789,-0.47096,-0.74772,1.67503
2024/02/14 05:32:25.00,458616.7681,5633056.6852,2949061.9413,12.0,5.5418,19.0218,7.8785,-0.15515,-2.04399,1.16891
2024/02/14 05:32:26.00,458615.7199,5633066.4647,2949065.6707,12.0,5.542,19.0212,7.8782,-0.25724,-0.98035,1.28051
2024/02/14 05:32:27.00,458615.3382,5633068.6122,2949067.4081,12.0,5.5422,19.0206,7.8778,-0.39443,1.77677,1.59415
2024/02/14 05:32:28.00,458615.2307,5633066.4486,2949068.1526,12.0,5.5424,19.02,7.8774,-0.09478,-0.95844,0.76858
2024/02/14 05:32:29.00,458615.4234,5633061.6407,2949067.911,12.0,5.5426,19.0194,7.8771,-0.0536,-0.17313,0.4434
2024/02/14 05:32:30.00,458615.9665,5633055.1802,2949067.0763,12.0,5.5428,19.0188,7.8767,-0.01039,-0.22941,0.10192
2024/02/14 05:32:31.00,458616.3406,5633051.0652,2949066.4716,12.0,5.543,19.0182,7.8763,-0.03355,-0.22996,0.14767
2024/02/14 05:32:32.00,458616.1034,5633054.0161,2949067.6067,12.0,5.5433,19.0176,7.876,-0.16215,-0.58762,0.55179
2024/02/14 05:32:33.00,458615.7242,5633053.9052,2949068.5628,12.0,5.5435,19.017,7.8756,-0.48417,1.13824,1.61886
2024/02/14 05:32:34.00,458615.3807,5633051.178,2949069.313,12.0,5.5437,19.0164,7.8752,-0.42368,-0.38192,1.17551
2024/02/14 05:32:35.00,458614.6751,5633057.5369,2949071.7311,12.0,5.5439,19.0158,7.8748,-0.24141,0.73381,1.29053
2024/02/14 05:32:36.00,458614.3732,5633055.2398,2949071.926,12.0,5.5441,19.0152,7.8745,-0.10887,0.0374,0.54271
2024/02/14 05:32:37.00,458614.4739,5633050.5079,2949071.2801,12.0,5.5443,19.0146,7.8741,-0.06255,-0.18674,0.29099
2024/02/14 05:32:38.00,458613.5785,5633060.7373,2949073.5437,12.0,5.5445,19.014,7.8737,-0.02005,-0.03722,0.10688
2024/02/14 05:32:39.00,458612.9153,5633067.9271,2949075.2096,12.0,5.5448,19.0134,7.8734,-0.06556,0.04615,0.28544
2024/02/14 05:32:40.00,458612.8186,5633067.3771,2949075.6598,12.0,5.545,19.0128,7.873,-0.08648,-0.29138,0.29146
2024/02/14 05:32:41.00,458613.5112,5633056.5686,2949073.7883,12.0,5.5452,19.0122,7.8726,0.08189,-1.1134,-0.03417
2024/02/14 05:32:42.00,458612.4512,5633070.7841,2949076.9318,12.0,5.5454,19.0116,7.8723,0.05035,-0.74478,-0.14344
2024/02/14 05:32:43.00,458612.3134,5633071.3652,2949076.9024,12.0,5.5456,19.011,7.8719,-0.02333,-0.33888,0.08361
2024/02/14 05:32:44.00,458613.0493,5633060.8267,2949075.1675,12.0,5.5458,19.0104,7.8715,-0.16813,-0.53735,0.59213
2024/02/14 05:32:45.00,458613.2283,5633056.2781,2949075.0763,12.0,5.546,19.0098,7.8712,-0.20293,-0.46789,1.06147
2024/02/14 05:32:46.00,458613.35,5633053.0748,2949075.6513,12.0,5.5463,19.0092,7.8708,-0.29108,-0.26362,0.87476
2024/02/14 05:32:47.00,458613.1663,5633055.8808,2949076.6937,12.0,5.5465,19.0085,7.8704,0.01479,0.19337,0.17853
2024/02/14 05:32:48.00,458613.6111,5633050.4142,2949075.7176,12.0,5.5467,19.0079,7.8701,-0.03479,0.02717,-0.0109
2024/02/14 05:32:49.00,458613.8124,5633046.8672,2949075.1222,12.0,5.5469,19.0073,7.8697,-0.04003,0.09679,0.03859
2024/02/14 05:32:50.00,458613.7116,5633048.1107,2949075.4627,12.0,5.5471,19.0067,7.8693,0.032,0.16893,0.02384
2024/02/14 05:32:51.00,458613.8959,5633045.0558,2949074.8876,12.0,5.5473,19.0061,7.8689,0.00023,-0.03034,-0.06001
2024/02/14 05:32:52.00,458613.9166,5633045.1241,2949074.8066,12.0,5.5475,19.0055,7.8686,-0.05785,0.07441,0.03476
2024/02/14 05:32:53.00,458613.7766,5633045.7985,2949075.0671,12.0,5.5477,19.0048,7.8682,-0.03104,0.08389,0.30418
2024/02/14 05:32:54.00,458613.586,5633044.7707,2949075.3517,12.0,5.548,19.0042,7.8678,-0.07796,0.56603,0.72254
2024/02/14 05:32:55.00,458614.8741,5633059.2388,2949077.5176,12.0,5.5482,19.0036,7.8675,-0.78877,-0.34951,1.07884
2024/02/14 05:32:56.00,458613.2199,5633050.7908,2949077.3116,12.0,5.5484,19.003,7.8671,-0.09005,-0.13805,0.26781
2024/02/14 05:32:57.00,458613.992,5633050.2241,2949076.9673,12.0,5.5486,19.0023,7.8667,-0.0137,0.02859,0.03978
2024/02/14 05:32:58.00,458614.0817,5633045.8879,2949076.0706,12.0,5.5488,19.0017,7.8663,0.02087,-0.17571,-0.11192
2024/02/14 05:32:59.00,458613.8294,5633047.4972,2949076.4398,12.0,5.549,19.0011,7.866,0.00813,0.0246,0.01288
2024/02/14 05:33:00.00,458613.7601,5633045.6908,2949076.1061,12.0,5.5492,19.0005,7.8656,0.00328,-0.08056,-0.00432
2024/02/14 05:33:01.00,458613.8526,5633044.7631,2949075.91,12.0,5.5494,18.9998,7.8652,0.04186,-0.07313,-0.01965
2024/02/14 05:33:02.00,458613.8332,5633045.0043,2949075.9238,12.0,5.5497,18.9992,7.8649,-0.00855,0.17424,0.01761
2024/02/14 05:33:03.00,458613.7017,5633045.0627,2949076.0274,12.0,5.5499,18.9986,7.8645,0.00636,-0.16689,-0.03469
2024/02/14 05:33:04.00,458613.7239,5633046.0571,2949076.2569,12.0,5.5501,18.9979,7.8641,0.02046,-0.2115,-0.08374
2024/02/14 05:33:05.00,458613.6921,5633046.5125,2949076.3255,12.0,5.5503,18.9973,7.8637,0.00911,-0.30082,-0.10696
2024/02/14 05:33:06.00,458613.6711,5633046.9624,2949076.4016,12.0,5.5505,18.9967,7.8634,0.05076,-0.02848,-0.00617
2024/02/14 05:33:07.00,458613.6003,5633047.448,2949076.5426,12.0,5.5507,18.996,7.863,-0.00655,0.38548,0.08872
2024/02/14 05:33:08.00,458613.5369,5633047.9655,2949076.5225,12.0,5.5509,18.9954,7.8626,0.01089,0.22605,0.02
2024/02/14 05:33:09.00,458613.4998,5633048.4521,2949076.6399,12.0,5.5511,18.9947,7.8622,-0.01347,-0.2013,0.08343
2024/02/14 05:33:10.00,458613.3442,5633048.5449,2949076.7816,12.0,5.5514,18.9941,7.8619,-0.04344,-0.24179,0.22983
2024/02/14 05:33:11.00,458613.2124,5633048.7827,2949076.991,12.0,5.5516,18.9935,7.8615,-0.04811,-0.23595,0.21399
2024/02/14 05:33:12.00,458613.2673,5633048.709,2949077.1861,12.0,5.5518,18.9928,7.8611,-0.02297,-0.19309,0.0583
2024/02/14 05:33:13.00,458613.2737,5633049.3447,2949077.3138,12.0,5.552,18.9922,7.8608,-0.00976,-0.03674,0.04687
2024/02/14 05:33:14.00,458613.235,5633049.3867,2949077.326,12.0,5.5522,18.9915,7.8604,0.05328,-0.14317,-0.00642
2024/02/14 05:33:15.00,458613.1428,5633049.5172,2949077.3676,12.0,5.5524,18.9909,7.86,0.00125,-0.09925,-0.03484
2024/02/14 05:33:16.00,458613.1006,5633049.5538,2949077.3761,12.0,5.5526,18.9902,7.8596,-0.00268,0.05093,-0.00688
2024/02/14 05:33:17.00,458612.9682,5633049.2355,2949077.3077,12.0,5.5528,18.9896,7.8593,0.01303,0.00182,-0.00663
2024/02/14 05:33:18.00,458612.9287,5633049.2558,2949077.5553,12.0,5.5531,18.9889,7.8589,-0.09249,-0.11325,0.43071
2024/02/14 05:33:19.00,458612.8116,5633049.0641,2949078.2178,12.0,5.5533,18.9883,7.8585,-0.12274,0.08719,0.58106
2024/02/14 05:33:20.00,458612.6698,5633048.9511,2949078.7576,12.0,5.5535,18.9876,7.8581,0.01295,-0.36833,0.04396
2024/02/14 05:33:21.00,458612.6795,5633049.6356,2949079.0352,12.0,5.5537,18.987,7.8578,-0.01609,0.14268,0.05607
2024/02/14 05:33:22.00,458612.6357,5633049.6898,2949079.1506,12.0,5.5539,18.9863,7.8574,-0.02038,0.19557,0.00933
2024/02/14 05:33:23.00,458612.6662,5633049.8839,2949079.3348,12.0,5.5541,18.9857,7.857,-0.00486,0.05074,-0.05143
2024/02/14 05:33:24.00,458612.6609,5633049.9812,2949079.3285,12.0,5.5543,18.985,7.8566,-0.04216,0.59929,0.13942
2024/02/14 05:33:25.00,458612.6878,5633049.9451,2949079.3547,12.0,5.5545,18.9843,7.8563,-0.00999,0.23989,0.05685
2024/02/14 05:33:26.00,458612.6402,5633049.7929,2949079.3464,12.0,5.5547,18.9837,7.8559,0.02206,-0.31712,0.04796
2024/02/14 05:33:27.00,458612.5983,5633049.986,2949079.4466,12.0,5.555,18.983,7.8555,-0.05492,-0.3366,0.14966
2024/02/14 05:33:28.00,458612.5749,5633049.5156,2949079.5415,12.0,5.5552,18.9824,7.8551,-0.04242,0.12383,0.17284
2024/02/14 05:33:29.00,458612.5356,5633048.8904,2949079.5424,12.0,5.5554,18.9817,7.8548,-0.01979,-0.00418,-0.02754
2024/02/14 05:33:30.00,458612.4139,5633048.7224,2949079.4644,12.0,5.5556,18.981,7.8544,0.01569,0.36953,0.06271
2024/02/14 05:33:31.00,458612.2431,5633047.9754,2949079.2916,12.0,5.5558,18.9804,7.854,-0.00753,0.13971,0.02781
2024/02/14 05:33:32.00,458612.0956,5633047.6324,2949079.1731,12.0,5.556,18.9797,7.8536,0.02875,-0.29133,-0.09422
2024/02/14 05:33:33.00,458612.0201,5633047.4644,2949079.1573,12.0,5.5562,18.979,7.8533,0.06179,-0.10162,0.00692
2024/02/14 05:33:34.00,458611.9311,5633047.2359,2949079.2242,12.0,5.5564,18.9784,7.8529,-0.03256,0.2106,0.03829
2024/02/14 05:33:35.00,458611.8448,5633046.8581,2949079.1281,12.0,5.5566,18.9777,7.8525,-0.04907,0.20346,0.00987
2024/02/14 05:33:36.00,458611.7148,5633046.5727,2949078.9176,12.0,5.5568,18.977,7.8521,-0.00042,-0.11294,-0.06582
2024/02/14 05:33:37.00,458611.7247,5633045.88,2949078.9275,12.0,5.5571,18.9764,7.8517,-0.00051,-0.00808,0.00446
2024/02/14 05:33:38.00,458611.6043,5633045.7003,2949078.9165,12.0,5.5573,18.9757,7.8514,0.03076,0.31612,0.06493
2024/02/14 05:33:39.00,458611.4963,5633045.0267,2949078.7452,12.0,5.5575,18.975,7.851,0.01558,-0.28035,-0.06753
2024/02/14 05:33:40.00,458611.565,5633045.1806,2949078.6982,12.0,5.5577,18.9743,7.8506,0.03747,0.07064,0.00643
2024/02/14 05:33:41.00,458611.4728,5633044.8666,2949078.5594,12.0,5.5579,18.9737,7.8502,-0.02333,0.26173,0.07898
2024/02/14 05:33:42.00,458611.4437,5633044.5142,2949078.4789,12.0,5.5581,18.973,7.8499,-0.0229,0.2447,0.08536
2024/02/14 05:33:43.00,458611.4337,5633044.5914,2949078.3933,12.0,5.5583,18.9723,7.8495,0.02497,-0.26918,-0.06832
2024/02/14 05:33:44.00,458611.3999,5633044.0574,2949078.2689,12.0,5.5585,18.9716,7.8491,0.00025,0.10785,0.03354
2024/02/14 05:33:45.00,458611.3937,5633043.65,2949078.248,12.0,5.5587,18.9709,7.8487,0.01966,0.06976,0.01728
2024/02/14 05:33:46.00,458611.4458,5633043.6345,2949078.4362,12.0,5.5589,18.9703,7.8483,0.00674,-0.012,-0.05632
2024/02/14 05:33:47.00,458611.506,5633043.2794,2949078.3753,12.0,5.5592,18.9696,7.848,-0.01928,-0.24128,-0.07401
2024/02/14 05:33:48.00,458611.6187,5633043.1061,2949078.3088,12.0,5.5594,18.9689,7.8476,0.02306,0.15412,-0.02144
2024/02/14 05:33:49.00,458611.7334,5633043.073,2949078.2973,12.0,5.5596,18.9682,7.8472,-0.0489,0.01305,0.13064
2024/02/14 05:33:50.00,458611.8416,5633043.3804,2949078.6511,12.0,5.5598,18.9675,7.8468,-0.11681,0.04299,0.65253
2024/02/14 05:33:51.00,458611.5943,5633046.6397,2949080.337,12.0,5.56,18.9668,7.8464,-0.18161,-1.02171,1.116
2024/02/14 05:33:52.00,458611.5892,5633045.1126,2949081.3032,12.0,5.5602,18.9661,7.8461,-0.29868,-0.31324,1.24264
2024/02/14 05:33:53.00,458611.5801,5633044.1727,2949082.4353,12.0,5.5604,18.9654,7.8457,-0.24208,-0.76779,1.1526
2024/02/14 05:33:54.00,458611.7977,5633039.8854,2949082.7824,12.0,5.5606,18.9648,7.8453,-0.26639,-1.15269,1.07305
2024/02/14 05:33:55.00,458611.4054,5633043.6743,2949084.9539,12.0,5.5608,18.9641,7.8449,-0.2782,-0.85059,1.15798
2024/02/14 05:33:56.00,458611.2077,5633043.5123,2949086.2786,12.0,5.561,18.9634,7.8446,-0.20966,-0.16744,1.30479
2024/02/14 05:33:57.01,458610.8916,5633043.7598,2949087.6119,12.0,5.5612,18.9627,7.8442,-0.21692,-0.54746,1.20156
2024/02/14 05:33:58.01,458610.8173,5633042.6888,2949088.4748,12.0,5.5615,18.962,7.8438,-0.13937,-0.01046,0.9333
2024/02/14 05:33:59.01,458610.8108,5633042.5116,2949089.2396,12.0,5.5617,18.9613,7.8434,-0.10125,0.14166,0.63619
2024/02/14 05:34:00.01,458610.7771,5633042.2479,2949089.7366,12.0,5.5619,18.9606,7.843,0.00414,-0.11765,0.41816
2024/02/14 05:34:01.00,458610.7247,5633042.1147,2949090.0069,12.0,5.5621,18.9599,7.8426,-0.09235,-0.39655,0.28386
2024/02/14 05:34:02.01,458610.7283,5633041.9062,2949090.3883,12.0,5.5623,18.9592,7.8423,-0.10328,0.0625,0.52955
2024/02/14 05:34:03.01,458610.5636,5633041.7676,2949091.1509,12.0,5.5625,18.9585,7.8419,-0.38721,-0.21359,1.07366
2024/02/14 05:34:04.01,458610.0226,5633045.7675,2949093.2838,12.0,5.5627,18.9578,7.8415,-0.28341,-0.78903,1.43454
2024/02/14 05:34:05.01,458609.8166,5633043.0221,2949094.3478,12.0,5.5629,18.9571,7.8411,-0.10388,-4.48948,0.6244
2024/02/14 05:34:06.01,458609.6999,5633038.7745,2949095.1351,12.0,5.5631,18.9564,7.8407,-0.2362,-0.92604,1.40761
2024/02/14 05:34:07.01,458609.3044,5633037.6766,2949096.6239,12.0,5.5633,18.9557,7.8404,-0.28953,-0.42232,1.53525
2024/02/14 05:34:08.01,458608.9794,5633036.0421,2949097.6914,12.0,5.5635,18.9549,7.84,-0.35587,-0.15317,1.5191
2024/02/14 05:34:09.01,458608.4815,5633035.4164,2949099.1185,12.0,5.5638,18.9542,7.8396,-0.33237,0.26103,1.65277
2024/02/14 05:34:10.01,458608.1416,5633034.5093,2949100.4468,12.0,5.564,18.9535,7.8392,-0.27797,-0.26263,1.52893
2024/02/14 05:34:11.01,458607.0933,5633045.6532,2949104.4292,12.0,5.5642,18.9528,7.8388,-0.36472,0.32683,1.71338
2024/02/14 05:34:12.01,458607.1746,5633039.0104,2949104.6512,12.0,5.5644,18.9521,7.8384,-0.3526,-1.04313,1.36317
2024/02/14 05:34:13.01,458607.2151,5633031.8688,2949104.6681,12.0,5.5646,18.9514,7.8381,-0.23069,-0.61458,1.64509
2024/02/14 05:34:14.01,458606.7981,5633033.4664,2949106.8683,12.0,5.5648,18.9507,7.8377,-0.32323,-0.72651,1.49832
2024/02/14 05:34:15.01,458606.6618,5633030.4749,2949107.7754,12.0,5.565,18.95,7.8373,-0.36506,-1.00845,1.38442
2024/02/14 05:34:16.01,458606.3219,5633030.6877,2949109.2903,12.0,5.5652,18.9492,7.8369,-0.24455,-0.70104,1.20643
2024/02/14 05:34:17.01,458606.0723,5633031.5455,2949110.8288,12.0,5.5654,18.9485,7.8365,-0.19277,-0.64381,1.15532
2024/02/14 05:34:18.01,458605.9391,5633030.5186,2949111.7246,12.0,5.5656,18.9478,7.8362,-0.18189,-0.53135,0.7384
2024/02/14 05:34:19.01,458605.7987,5633029.4061,2949112.0498,12.0,5.5658,18.9471,7.8358,-0.14377,-0.08423,0.55805
2024/02/14 05:34:20.01,458605.6656,5633028.3579,2949112.241,12.0,5.566,18.9464,7.8354,-0.12858,-0.49354,0.43793
2024/02/14 05:34:21.01,458605.6974,5633028.7731,2949112.8793,12.0,5.5662,18.9456,7.835,-0.08297,-0.09045,0.50153
2024/02/14 05:34:22.01,458605.5873,5633028.3587,2949113.4468,12.0,5.5665,18.9449,7.8346,-0.07122,-0.13199,0.645
2024/02/14 05:34:23.01,458605.4036,5633028.2741,2949114.438,12.0,5.5667,18.9442,7.8342,-0.25197,-0.39339,0.88868
2024/02/14 05:34:24.01,458605.1204,5633027.3812,2949115.4893,12.0,5.5669,18.9435,7.8339,-0.38014,-0.55064,1.13067
2024/02/14 05:34:25.01,458604.7829,5633026.8531,2949116.541,12.0,5.5671,18.9427,7.8335,-0.24565,-0.39599,1.16465
2024/02/14 05:34:26.01,458604.5068,5633026.1567,2949117.6526,12.0,5.5673,18.942,7.8331,-0.39964,-0.83029,0.97826
2024/02/14 05:34:27.01,458604.2833,5633025.3517,2949118.9601,12.0,5.5675,18.9413,7.8327,-0.22748,-0.28001,1.22972
2024/02/14 05:34:28.01,458603.9236,5633024.6396,2949120.1001,12.0,5.5677,18.9406,7.8323,-0.28538,-0.67055,1.20337
2024/02/14 05:34:29.01,458603.5683,5633023.9726,2949121.3976,12.0,5.5679,18.9398,7.8319,-0.32615,-0.42122,1.38446
2024/02/14 05:34:30.01,458603.2661,5633023.3275,2949122.8525,12.0,5.5681,18.9391,7.8315,-0.27269,-0.53982,1.19053
2024/02/14 05:34:31.01,458602.9728,5633022.7345,2949123.9169,12.0,5.5683,18.9384,7.8312,-0.1791,-0.09335,1.16169
2024/02/14 05:34:32.01,458602.8247,5633022.5178,2949124.6449,12.0,5.5685,18.9376,7.8308,-0.08969,-0.17526,0.71914
2024/02/14 05:34:33.01,458602.6123,5633022.3469,2949125.3223,12.0,5.5687,18.9369,7.8304,-0.19419,-0.57631,0.36391
2024/02/14 05:34:34.01,458602.5289,5633022.3314,2949125.6845,12.0,5.5689,18.9361,7.83,-0.06884,-0.20202,0.24168
2024/02/14 05:34:35.01,458602.487,5633022.0601,2949125.9595,12.0,5.5691,18.9354,7.8296,-0.06552,-0.12938,0.24745
2024/02/14 05:34:36.01,458602.4323,5633022.1728,2949126.3199,12.0,5.5693,18.9347,7.8292,-0.06791,-0.16142,0.1904
2024/02/14 05:34:37.01,458602.3482,5633021.4503,2949126.2925,12.0,5.5696,18.9339,7.8288,-0.07208,-0.08977,0.22256
2024/02/14 05:34:38.01,458602.0821,5633021.0469,2949126.4156,12.0,5.5698,18.9332,7.8285,-0.13126,-0.12723,0.19801
2024/02/14 05:34:39.01,458602.0364,5633021.4115,2949126.6812,12.0,5.57,18.9324,7.8281,-0.11141,-0.21188,0.15285
2024/02/14 05:34:40.01,458601.8835,5633020.6946,2949126.7982,12.0,5.5702,18.9317,7.8277,-0.18299,-0.16666,0.28401
2024/02/14 05:34:41.01,458601.7169,5633020.8931,2949127.1914,12.0,5.5704,18.931,7.8273,-0.25326,-0.20437,0.51074
2024/02/14 05:34:42.01,458601.5209,5633020.9329,2949127.9779,12.0,5.5706,18.9302,7.8269,-0.28383,-0.23782,0.93235
2024/02/14 05:34:43.01,458601.1495,5633020.712,2949129.2135,12.0,5.5708,18.9295,7.8265,-0.4391,-0.50526,1.22167
2024/02/14 05:34:44.01,458600.8566,5633020.4432,2949130.5234,12.0,5.571,18.9287,7.8261,-0.25991,-0.2385,1.38194
2024/02/14 05:34:45.01,458600.4426,5633019.5557,2949131.9079,12.0,5.5712,18.928,7.8258,-0.34112,-0.67306,1.58539
2024/02/14 05:34:46.01,458600.1793,5633018.7118,2949133.6707,12.0,5.5714,18.9272,7.8254,-0.48306,-1.10779,1.88756
2024/02/14 05:34:47.01,458599.6225,5633016.9012,2949135.5828,12.0,5.5716,18.9265,7.825,-0.56745,-1.20996,2.31091
2024/02/14 05:34:48.01,458599.1006,5633016.1228,2949137.9837,12.0,5.5718,18.9257,7.8246,-0.52917,-0.5295,2.39708
2024/02/14 05:34:49.01,458598.592,5633014.6297,2949140.2037,12.0,5.572,18.925,7.8242,-0.47199,-0.66568,2.12985
2024/02/14 05:34:50.01,458598.0397,5633013.7421,2949142.3942,12.0,5.5722,18.9242,7.8238,-0.54898,-0.48411,2.32851
2024/02/14 05:34:51.01,458596.9425,5633019.2878,2949146.0404,12.0,5.5724,18.9234,7.8234,-0.67979,0.08584,2.55393
2024/02/14 05:34:52.01,458596.8543,5633010.5974,2949146.6054,12.0,5.5726,18.9227,7.823,-0.08364,-8.25139,0.48484
2024/02/14 05:34:53.01,458596.2905,5633012.8989,2949149.2553,12.0,5.5728,18.9219,7.8227,-0.39977,-1.52891,1.6935
2024/02/14 05:34:54.01,458596.1163,5633008.6356,2949150.5075,12.0,5.5731,18.9212,7.8223,-0.38708,-1.75187,1.63789
2024/02/14 05:34:55.01,458595.232,5633015.9418,2949154.0452,12.0,5.5733,18.9204,7.8219,-0.06014,-2.08836,1.48012
2024/02/14 05:34:56.01,458594.7712,5633015.7176,2949156.0246,12.0,5.5735,18.9196,7.8215,-0.42063,-5.53608,1.1767
2024/02/14 05:34:57.01,458593.7164,5633028.714,2949159.6163,11.0,5.5798,19.4287,8.5248,0.18746,-4.43968,2.35322
2024/02/14 05:34:58.01,458594.6475,5633007.8269,2949159.6193,12.0,5.5739,18.9181,7.8207,0.13087,-2.59805,2.52257
2024/02/14 05:34:59.01,458594.3871,5633010.0457,2949162.3191,12.0,5.5741,18.9173,7.8203,0.44368,1.03268,2.26859
2024/02/14 05:35:00.01,458593.8943,5633010.3118,2949166.181,12.0,5.5743,18.9166,7.8199,-0.63663,0.63194,2.6739
2024/02/14 05:35:01.00,458592.3551,5633019.986,2949171.2967,12.0,5.5745,18.9158,7.8195,-0.18022,0.41204,2.37769
2024/02/14 05:35:02.01,458590.9573,5633028.2984,2949175.5119,12.0,5.5747,18.915,7.8191,-0.47413,-3.0863,1.59112
2024/02/14 05:35:03.01,458591.1245,5633019.536,2949176.0513,12.0,5.5749,18.9143,7.8188,-0.60495,-1.19517,1.91807
2024/02/14 05:35:04.01,458589.4291,5633026.8335,2949179.9401,12.0,5.5751,18.9135,7.8184,-0.59555,-1.51758,1.97576
2024/02/14 05:35:05.01,458588.9069,5633027.0981,2949181.8795,12.0,5.5753,18.9127,7.818,-0.60923,-2.94773,1.54232
2024/02/14 05:35:06.01,458588.6901,5633019.4983,2949182.4864,12.0,5.5755,18.9119,7.8176,-0.55757,-1.6202,1.39739
2024/02/14 05:35:07.01,458586.3454,5633043.6261,2949189.4774,12.0,5.5757,18.9111,7.8172,-0.50212,0.66756,1.66918
2024/02/14 05:35:08.01,458586.3445,5633035.3452,2949189.1914,12.0,5.5759,18.9104,7.8168,-0.34021,-2.00928,1.13455
2024/02/14 05:35:09.01,458585.4453,5633043.0453,2949192.2356,12.0,5.5761,18.9096,7.8164,-0.62376,-0.84422,1.19513
2024/02/14 05:35:10.01,458585.6234,5633034.3496,2949191.7372,12.0,5.5763,18.9088,7.816,-0.31929,-0.25791,1.43616
2024/02/14 05:35:11.01,458584.692,5633039.5346,2949194.3122,12.0,5.5765,18.908,7.8156,-0.74327,-0.92985,0.84117
2024/02/14 05:35:12.01,458584.8395,5633028.9185,2949193.4356,12.0,5.5767,18.9073,7.8152,-0.56051,-1.7182,1.06832
2024/02/14 05:35:13.01,458584.454,5633027.1758,2949194.597,12.0,5.5769,18.9065,7.8148,-0.50429,-0.35541,1.26744
2024/02/14 05:35:14.01,458586.7572,5632986.4248,2949186.7629,12.0,5.5771,18.9057,7.8145,-0.13862,-0.49514,0.55902
2024/02/14 05:35:15.01,458586.3902,5632991.3578,2949188.1828,12.0,5.5773,18.905,7.8141,0.00398,-0.05103,-0.01616
2024/02/14 05:35:16.01,458586.3912,5632992.4537,2949188.4194,12.0,5.5775,18.9042,7.8137,0.03238,0.19552,0.04891
2024/02/14 05:35:17.01,458586.3853,5632990.6228,2949188.2788,12.0,5.5778,18.9034,7.8133,-0.15262,-0.7053,0.23076
2024/02/14 05:35:18.01,458586.1404,5632991.8969,2949189.4274,12.0,5.578,18.9026,7.8129,-0.32002,-0.30983,1.33277
2024/02/14 05:35:19.01,458585.6905,5632990.938,2949190.7864,12.0,5.5782,18.9018,7.8125,-0.59426,-0.9718,1.49984
2024/02/14 05:35:20.01,458584.9968,5632988.9767,2949192.2887,12.0,5.5784,18.901,7.8121,-0.762,-1.10277,1.78223
2024/02/14 05:35:21.01,458584.3611,5632988.0495,2949194.0925,12.0,5.5786,18.9002,7.8117,-0.69449,-1.27759,1.64473
2024/02/14 05:35:22.01,458583.4991,5632986.727,2949195.782,12.0,5.5788,18.8994,7.8113,-0.75977,-0.8898,1.96401
2024/02/14 05:35:23.01,458582.7558,5632986.1603,2949197.6673,12.0,5.579,18.8986,7.8109,-0.75609,-0.89951,2.02332
2024/02/14 05:35:24.01,458581.8951,5632985.078,2949199.7401,12.0,5.5792,18.8979,7.8105,-0.91244,-1.1151,2.31071
2024/02/14 05:35:25.01,458581.0159,5632983.9186,2949202.1307,12.0,5.5794,18.8971,7.8102,-0.98118,-1.11558,2.63363
2024/02/14 05:35:26.01,458579.9665,5632982.7498,2949204.8158,12.0,5.5796,18.8963,7.8098,-0.93601,-1.6416,2.48023
2024/02/14 05:35:27.01,458578.9051,5632981.6073,2949207.475,12.0,5.5798,18.8955,7.8094,-0.90145,-3.11063,2.1145
2024/02/14 05:35:28.01,458577.9467,5632981.1189,2949209.989,12.0,5.58,18.8947,7.809,-0.98068,-1.19069,2.10335
2024/02/14 05:35:29.01,458576.6424,5632987.6287,2949213.5503,12.0,5.5802,18.8939,7.8086,-0.52755,-1.41683,1.72283
2024/02/14 05:35:30.01,458576.335,5632982.2691,2949214.3571,12.0,5.5804,18.8931,7.8082,-0.50358,-1.32672,1.22866
2024/02/14 05:35:31.01,458575.3087,5632991.9874,2949217.5128,12.0,5.5806,18.8922,7.8078,-0.16374,-0.0255,0.53292
2024/02/14 05:35:32.01,458574.2477,5633004.8349,2949220.5579,12.0,5.5808,18.8914,7.8074,0.02269,0.02558,-0.10025
2024/02/14 05:35:33.01,458573.4327,5633017.0993,2949223.1894,12.0,5.581,18.8906,7.807,0.03458,0.02834,0.00167
2024/02/14 05:35:34.01,458573.1813,5633021.9276,2949224.2812,12.0,5.5812,18.8898,7.8066,-0.06269,0.2452,0.02507
2024/02/14 05:35:35.01,458572.9271,5633024.6335,2949224.8475,12.0,5.5814,18.889,7.8062,-0.04581,0.03399,0.00461
2024/02/14 05:35:36.01,458573.0446,5633022.7623,2949224.309,12.0,5.5816,18.8882,7.8058,-0.02134,-0.10416,-0.03154
2024/02/14 05:35:37.01,458573.3602,5633019.5237,2949223.7651,12.0,5.5818,18.8874,7.8054,-0.13337,-0.57928,0.17063
2024/02/14 05:35:38.01,458574.3972,5632998.8142,2949219.7051,12.0,5.582,18.8866,7.805,-0.31651,-0.04604,0.81813
2024/02/14 05:35:39.01,458575.5158,5632978.6414,2949216.4255,12.0,5.5822,18.8858,7.8046,-0.38456,-0.3296,1.21087
2024/02/14 05:35:40.01,458575.1515,5632975.7821,2949217.1388,12.0,5.5824,18.885,7.8043,-0.42647,-0.53683,1.25088
2024/02/14 05:35:41.01,458574.5731,5632975.5173,2949218.2195,12.0,5.5826,18.8842,7.8039,-0.39078,-0.45895,1.06641
2024/02/14 05:35:42.01,458574.041,5632976.8773,2949219.6156,12.0,5.5828,18.8834,7.8035,-0.38514,-0.57292,1.03046
2024/02/14 05:35:43.01,458573.7605,5632974.0799,2949220.1882,12.0,5.583,18.8826,7.8031,-0.56838,-0.6762,1.16438
2024/02/14 05:35:44.01,458573.0737,5632973.2341,2949221.4532,12.0,5.5832,18.8817,7.8027,-0.2717,-0.3352,1.61272
2024/02/14 05:35:45.01,458572.4152,5632973.2396,2949223.352,12.0,5.5834,18.8809,7.8023,-0.65415,-0.10428,1.63071
2024/02/14 05:35:46.01,458571.3567,5632979.761,2949226.5192,12.0,5.5836,18.8801,7.8019,-0.71635,-1.23461,1.42393
2024/02/14 05:35:47.01,458570.5089,5632986.1546,2949229.8316,12.0,5.5838,18.8793,7.8015,-0.57824,-0.8315,1.64805
2024/02/14 05:35:48.01,458569.4103,5632995.3061,2949233.3537,12.0,5.584,18.8784,7.8011,-0.5944,-0.12377,1.48466
2024/02/14 05:35:49.01,458567.842,5633010.1872,2949238.253,12.0,5.5842,18.8776,7.8007,-0.27869,-0.92633,1.32155
2024/02/14 05:35:50.01,458566.5456,5633022.7152,2949242.4855,12.0,5.5844,18.8768,7.8003,-0.45485,-1.17728,1.23992
2024/02/14 05:35:51.01,458566.268,5633017.7565,2949242.9759,12.0,5.5846,18.8759,7.7999,-0.84064,0.68639,1.77267
2024/02/14 05:35:52.01,458566.1323,5633011.0819,2949243.3912,12.0,5.5848,18.8751,7.7995,-0.32898,-3.96192,1.04883
2024/02/14 05:35:53.01,458566.862,5632991.8672,2949241.0286,12.0,5.585,18.8743,7.7991,-0.58353,0.7343,1.52721
2024/02/14 05:35:54.01,458566.1657,5632996.0298,2949243.2133,12.0,5.5852,18.8735,7.7987,-0.35577,-2.18053,0.87228
2024/02/14 05:35:55.01,458565.099,5632999.1673,2949245.323,12.0,5.5854,18.8726,7.7983,-0.43704,-3.5211,0.82165
2024/02/14 05:35:56.01,458563.4162,5633013.7469,2949250.2007,12.0,5.5856,18.8718,7.7979,-0.5906,-2.09107,1.12426
2024/02/14 05:35:57.01,458563.0811,5633009.9994,2949251.2228,12.0,5.5858,18.871,7.7975,-0.67887,-1.00345,1.59739
2024/02/14 05:35:58.01,458563.4853,5632992.4455,2949249.3078,12.0,5.586,18.8702,7.7971,-0.72693,-0.63342,1.65382
2024/02/14 05:35:59.01,458563.6989,5632975.9194,2949247.4007,12.0,5.5862,18.8693,7.7967,-0.6509,-3.00774,0.99775
2024/02/14 05:36:00.01,458562.5225,5632982.793,2949250.6386,12.0,5.5864,18.8685,7.7963,-0.21095,-4.296,0.60274
2024/02/14 05:36:01.00,458562.9073,5632967.0566,2949248.5455,12.0,5.5866,18.8677,7.7959,-0.41673,-0.514,1.30935
2024/02/14 05:36:02.01,458562.7429,5632961.7902,2949248.6106,12.0,5.5868,18.8669,7.7955,-0.47221,-1.13473,1.15141
2024/02/14 05:36:03.01,458562.178,5632962.0801,2949250.162,12.0,5.587,18.866,7.7951,-0.58338,-0.84182,1.11149
2024/02/14 05:36:04.01,458561.7721,5632959.9122,2949251.1669,12.0,5.5872,18.8652,7.7947,-0.43071,-0.34844,1.16724
2024/02/14 05:36:05.01,458561.193,5632959.8252,2949252.4843,12.0,5.5874,18.8643,7.7943,-0.30331,-0.33941,1.41275
2024/02/14 05:36:06.01,458560.5748,5632959.093,2949253.7968,12.0,5.5876,18.8635,7.794,-0.54573,-0.98907,1.28138
2024/02/14 05:36:07.01,458560.0963,5632957.6053,2949254.9109,12.0,5.5878,18.8627,7.7936,-0.49435,-0.8008,1.08875
2024/02/14 05:36:08.01,458559.5931,5632957.9202,2949256.4228,12.0,5.588,18.8618,7.7932,-0.42958,-0.43511,1.24736
2024/02/14 05:36:09.01,458559.1244,5632957.3366,2949257.3337,12.0,5.5882,18.861,7.7928,-0.38754,-0.44398,0.99354
2024/02/14 05:36:10.01,458558.8406,5632956.7795,2949258.263,12.0,5.5884,18.8601,7.7924,-0.47699,-0.76618,0.82251
2024/02/14 05:36:11.01,458558.455,5632956.2473,2949258.9882,12.0,5.5886,18.8593,7.792,-0.31998,-0.57216,0.43979
2024/02/14 05:36:12.01,458558.3352,5632955.8662,2949259.4438,12.0,5.5888,18.8584,7.7916,-0.20046,-0.36354,0.30897
2024/02/14 05:36:13.01,458558.0667,5632955.825,2949259.7808,12.0,5.589,18.8576,7.7912,-0.11601,-0.51085,0.41916
2024/02/14 05:36:14.01,458557.8348,5632955.5036,2949260.2826,12.0,5.5892,18.8567,7.7908,-0.1699,-0.45372,0.56651
2024/02/14 05:36:15.01,458557.6417,5632955.5045,2949260.8874,12.0,5.5894,18.8559,7.7904,-0.19662,0.38238,0.64223
2024/02/14 05:36:16.01,458557.5804,5632955.7717,2949261.2276,12.0,5.5896,18.855,7.79,-0.14106,-0.26256,0.3488
2024/02/14 05:36:17.01,458557.3688,5632954.9198,2949261.57,12.0,5.5898,18.8542,7.7896,-0.17957,-0.2943,0.33864
2024/02/14 05:36:18.01,458557.2236,5632954.8196,2949262.0834,12.0,5.59,18.8533,7.7892,-0.11771,-1.18829,0.19536
2024/02/14 05:36:19.01,458557.0743,5632954.9918,2949262.4053,12.0,5.5902,18.8525,7.7888,-0.1422,-0.07598,0.42783
2024/02/14 05:36:20.01,458556.9864,5632954.8392,2949262.8028,12.0,5.5904,18.8516,7.7884,-0.23895,-0.62883,0.40594
2024/02/14 05:36:21.01,458556.855,5632954.5138,2949263.374,12.0,5.5906,18.8508,7.788,-0.28651,-0.12855,0.71679
2024/02/14 05:36:22.01,458556.5637,5632955.1939,2949264.5699,12.0,5.5908,18.8499,7.7876,-0.38563,-0.62338,0.85522
2024/02/14 05:36:23.01,458556.3154,5632951.167,2949265.0955,12.0,5.591,18.849,7.7872,-0.46089,-0.60268,1.27757
2024/02/14 05:36:24.01,458555.8844,5632948.8836,2949266.1036,12.0,5.5912,18.8482,7.7868,-0.27972,-2.34929,1.11638
2024/02/14 05:36:25.01,458555.104,5632953.3403,2949268.2369,12.0,5.5914,18.8473,7.7864,-0.48166,-0.11389,1.23808
2024/02/14 05:36:26.01,458554.4513,5632955.5299,2949270.095,12.0,5.5916,18.8464,7.786,-0.36594,0.07841,0.94255
2024/02/14 05:36:27.01,458554.3601,5632950.1477,2949269.2583,12.0,5.5918,18.8456,7.7856,-0.06227,0.00061,0.18973
2024/02/14 05:36:28.01,458554.4415,5632949.4274,2949269.2395,12.0,5.592,18.8447,7.7852,-0.01381,-0.09014,-0.04205
2024/02/14 05:36:29.01,458554.508,5632950.2407,2949269.404,12.0,5.5922,18.8439,7.7848,-0.02995,-0.09972,0.03355
2024/02/14 05:36:30.01,458554.5403,5632950.3225,2949269.4558,12.0,5.5924,18.843,7.7844,-0.01233,0.00017,0.05546
2024/02/14 05:36:31.01,458554.4827,5632951.9635,2949269.9619,12.0,5.5926,18.8421,7.784,-0.08173,-0.07064,0.23804
2024/02/14 05:36:32.01,458554.4686,5632949.9841,2949269.7242,12.0,5.5928,18.8413,7.7836,-0.12316,-0.11837,0.33583
2024/02/14 05:36:33.01,458554.3873,5632950.2242,2949270.0952,12.0,5.593,18.8404,7.7832,-0.13608,-0.2136,0.41772
2024/02/14 05:36:34.01,458554.1575,5632949.6166,2949270.2835,12.0,5.5932,18.8395,7.7828,-0.19975,-0.46757,0.39029
2024/02/14 05:36:35.01,458553.9845,5632949.7607,2949270.9111,12.0,5.5934,18.8386,7.7824,-0.17343,-0.16815,0.52989
2024/02/14 05:36:36.01,458553.6282,5632949.7079,2949271.5656,12.0,5.5936,18.8378,7.782,-0.15389,0.10428,0.79676
2024/02/14 05:36:37.01,458553.4342,5632949.4441,2949272.2621,12.0,5.5938,18.8369,7.7816,-0.25637,-0.3793,0.65607
2024/02/14 05:36:38.01,458552.995,5632949.0106,2949273.0522,12.0,5.594,18.836,7.7812,-0.34784,-0.31374,0.99257
2024/02/14 05:36:39.01,458552.5505,5632948.5364,2949274.1165,12.0,5.5942,18.8351,7.7808,-0.59262,-0.71998,1.14508
2024/02/14 05:36:40.01,458552.0058,5632948.0383,2949275.2699,12.0,5.5944,18.8343,7.7804,-0.48331,-0.93059,1.0883
2024/02/14 05:36:41.01,458551.6044,5632947.451,2949276.6302,12.0,5.5946,18.8334,7.7799,-0.60929,-0.73717,1.20429
2024/02/14 05:36:42.01,458550.9246,5632946.4564,2949277.9171,12.0,5.5948,18.8325,7.7795,-0.64315,-0.60646,1.37215
2024/02/14 05:36:43.01,458550.3738,5632945.4463,2949279.2239,12.0,5.595,18.8316,7.7791,-0.4655,-0.66001,1.59159
2024/02/14 05:36:44.01,458549.6999,5632945.4795,2949281.0613,12.0,5.5952,18.8307,7.7787,-0.60232,-0.84751,1.46349
2024/02/14 05:36:45.01,458549.1322,5632944.4637,2949282.8028,12.0,5.5954,18.8298,7.7783,-0.74858,-1.187,1.83274
2024/02/14 05:36:46.01,458548.4318,5632943.7491,2949284.7414,12.0,5.5956,18.829,7.7779,-0.69213,-1.41224,1.80333
2024/02/14 05:36:47.01,458547.9565,5632939.3676,2949285.9298,12.0,5.5958,18.8281,7.7775,-0.73141,-1.52464,1.92629
2024/02/14 05:36:48.01,458547.0935,5632938.7019,2949287.9587,12.0,5.596,18.8272,7.7771,-0.90654,-1.34059,1.90731
2024/02/14 05:36:49.01,458546.0206,5632942.7938,2949291.017,12.0,5.5962,18.8263,7.7767,-0.82943,-1.0456,1.79929
2024/02/14 05:36:50.01,458545.3765,5632940.1334,2949292.3078,12.0,5.5964,18.8254,7.7763,-0.464,0.1204,1.71933
2024/02/14 05:36:51.01,458544.7389,5632939.1402,2949293.7689,12.0,5.5966,18.8245,7.7759,-0.51867,-0.58525,1.59574
2024/02/14 05:36:52.01,458544.2958,5632937.4003,2949295.0564,12.0,5.5968,18.8236,7.7755,-0.44257,-0.75488,1.28701
2024/02/14 05:36:53.01,458543.733,5632937.106,2949296.5068,12.0,5.597,18.8227,7.7751,-0.55527,-0.91964,1.24009
2024/02/14 05:36:54.01,458543.6483,5632933.0934,2949297.3042,12.0,5.5972,18.8219,7.7747,-0.58862,-0.55536,1.39351
2024/02/14 05:36:55.01,458542.441,5632939.8977,2949300.1321,12.0,5.5974,18.8209,7.7743,-0.54208,-0.77709,1.35999
2024/02/14 05:36:56.01,458541.9045,5632944.3952,2949302.8036,12.0,5.5976,18.82,7.7739,-0.41737,-1.25474,1.04756
2024/02/14 05:36:57.01,458541.8068,5632936.8477,2949302.5512,11.0,6.1234,19.0364,8.6666,-0.4361,-0.66637,1.27438
2024/02/14 05:36:58.01,458541.6472,5632933.4742,2949303.4031,12.0,5.5979,18.8183,7.7731,-0.33817,-0.65045,1.24026
2024/02/14 05:36:59.01,458541.0319,5632935.9063,2949304.7324,12.0,5.5981,18.8174,7.7727,-0.28053,-2.04359,0.38945
2024/02/14 05:37:00.01,458540.4202,5632938.6676,2949306.0701,12.0,5.5983,18.8165,7.7723,-0.15489,-1.95651,0.11621
2024/02/14 05:37:01.00,458540.347,5632936.2938,2949305.799,12.0,5.5985,18.8156,7.7719,-0.05566,0.30173,0.34277
2024/02/14 05:37:02.01,458540.7979,5632931.3432,2949304.6813,12.0,5.5987,18.8147,7.7715,-0.008,0.13211,-0.00132
2024/02/14 05:37:03.01,458540.6767,5632933.8463,2949305.2451,12.0,5.5989,18.8138,7.7711,-0.0398,-0.27639,-0.07889
2024/02/14 05:37:04.01,458540.8135,5632932.1032,2949304.9595,12.0,5.5991,18.8129,7.7707,0.04201,-0.10541,-0.01715
2024/02/14 05:37:05.01,458540.7923,5632933.35,2949305.3128,12.0,5.5993,18.8119,7.7703,-0.01343,-0.03154,0.00262
2024/02/14 05:37:06.01,458540.8438,5632934.4271,2949305.4515,12.0,5.5995,18.811,7.7698,-0.01493,-0.08375,-0.05394
2024/02/14 05:37:07.01,458540.927,5632934.2428,2949305.3472,12.0,5.5997,18.8101,7.7694,0.0008,-0.18556,-0.06098
2024/02/14 05:37:08.01,458540.8944,5632934.2515,2949305.3214,12.0,5.5999,18.8092,7.769,0.01341,0.01231,0.06575
2024/02/14 05:37:09.01,458540.8992,5632934.2161,2949305.4661,12.0,5.6001,18.8083,7.7686,-0.03459,-0.17724,0.10775
2024/02/14 05:37:10.01,458540.8446,5632934.1904,2949305.6888,12.0,5.6003,18.8074,7.7682,-0.12867,-0.83085,0.17715
2024/02/14 05:37:11.01,458540.3541,5632934.9237,2949306.3087,12.0,5.6005,18.8065,7.7678,-0.33875,1.12112,0.90897
2024/02/14 05:37:12.01,458539.5762,5632943.1354,2949309.1131,12.0,5.6007,18.8056,7.7674,-0.22523,-0.14967,0.74316
2024/02/14 05:37:13.01,458539.3731,5632942.3632,2949309.7739,12.0,5.6009,18.8046,7.767,-0.08264,-1.16954,0.59579
2024/02/14 05:37:14.01,458539.2149,5632939.4949,2949309.8907,12.0,5.6011,18.8037,7.7666,-0.06121,-0.56723,0.32627
2024/02/14 05:37:15.01,458539.4928,5632932.3753,2949308.4227,12.0,5.6013,18.8028,7.7662,-0.03113,0.01536,0.03704
2024/02/14 05:37:16.01,458539.4947,5632928.9803,2949307.6191,12.0,5.6015,18.8019,7.7658,0.03278,-0.15504,-0.03059
2024/02/14 05:37:17.01,458539.1307,5632931.734,2949308.2832,12.0,5.6017,18.801,7.7654,-0.02532,0.13399,0.11873
2024/02/14 05:37:18.01,458539.1379,5632930.6813,2949308.0901,12.0,5.6019,18.8001,7.765,-0.02158,0.20997,0.17919
2024/02/14 05:37:19.01,458536.7536,5632966.109,2949316.0889,12.0,5.602,18.7991,7.7646,-0.01784,0.61467,0.17289
2024/02/14 05:37:20.01,458535.4126,5632986.4453,2949320.6823,12.0,5.6022,18.7982,7.7641,-0.02492,-0.54176,-0.15184
2024/02/14 05:37:21.01,458535.0713,5632993.342,2949322.1853,12.0,5.6024,18.7972,7.7637,-0.02303,0.1886,0.02406
2024/02/14 05:37:22.01,458534.7555,5632999.4598,2949323.5302,12.0,5.6026,18.7963,7.7633,-0.0847,1.12198,0.25667
2024/02/14 05:37:23.01,458534.9409,5632996.3775,2949322.826,12.0,5.6028,18.7954,7.7629,-0.19106,2.74225,0.63784
2024/02/14 05:37:24.01,458535.2969,5632991.8456,2949321.7389,12.0,5.603,18.7944,7.7625,-0.02428,0.13495,0.03635
2024/02/14 05:37:25.01,458534.8399,5632996.1987,2949322.7048,12.0,5.6032,18.7935,7.7621,-0.01748,0.51911,0.12493
2024/02/14 05:37:26.01,458534.5909,5633000.1675,2949323.5036,12.0,5.6034,18.7926,7.7617,-0.01506,0.29376,0.05362
2024/02/14 05:37:27.01,458534.566,5633000.7369,2949323.6109,12.0,5.6036,18.7916,7.7613,0.15987,-2.25298,-0.51147
2024/02/14 05:37:28.01,458534.5764,5632999.8264,2949323.3404,12.0,5.6038,18.7907,7.7609,-0.02578,0.02064,-0.04066
2024/02/14 05:37:29.01,458534.8963,5632994.7758,2949322.2615,12.0,5.604,18.7898,7.7605,-0.03662,0.4029,0.08693
2024/02/14 05:37:30.01,458534.7208,5632997.3139,2949322.6422,12.0,5.6042,18.7889,7.7601,0.03365,-0.55889,-0.1227
2024/02/14 05:37:31.01,458534.7002,5632996.9532,2949322.5741,12.0,5.6044,18.7879,7.7597,0.32746,-4.01582,-0.82671
2024/02/14 05:37:32.01,458534.5372,5632998.8348,2949323.0334,12.0,5.6046,18.787,7.7592,-0.19216,3.15065,0.71076
2024/02/14 05:37:33.01,458533.9189,5633008.4737,2949325.277,12.0,5.6048,18.786,7.7588,0.08451,-1.36091,-0.27086
2024/02/14 05:37:34.01,458533.7685,5633009.2985,2949325.3995,12.0,5.605,18.7851,7.7584,0.00459,0.15107,0.03783
2024/02/14 05:37:35.01,458533.3954,5633014.6754,2949326.4409,12.0,5.6051,18.7842,7.758,-0.04114,0.82555,0.2016
2024/02/14 05:37:36.01,458533.2181,5633016.81,2949326.8458,12.0,5.6053,18.7832,7.7576,0.0361,0.09132,0.03375
2024/02/14 05:37:37.01,458533.3428,5633013.8066,2949326.2253,12.0,5.6055,18.7823,7.7572,-0.15471,1.87458,0.45743
2024/02/14 05:37:38.01,458534.7869,5632993.2521,2949321.7654,12.0,5.6057,18.7814,7.7568,0.03449,-0.58813,-0.0084
2024/02/14 05:37:39.01,458536.1896,5632971.8687,2949317.248,12.0,5.6059,18.7804,7.7564,-0.06089,0.25774,0.17219
2024/02/14 05:37:40.01,458538.3054,5632941.4774,2949310.5302,12.0,5.6061,18.7795,7.756,0.0281,0.09682,-0.02127
2024/02/14 05:37:41.01,458538.6522,5632939.0891,2949309.9411,12.0,5.6063,18.7786,7.7556,0.00947,-0.1276,-0.04558
2024/02/14 05:37:42.01,458539.028,5632936.4188,2949309.3361,12.0,5.6065,18.7777,7.7552,-0.00471,0.13721,-0.00118
2024/02/14 05:37:43.01,458539.0419,5632936.11,2949309.2817,12.0,5.6067,18.7767,7.7548,-0.0007,-0.20619,-0.05618
2024/02/14 05:37:44.01,458539.1472,5632935.0312,2949309.1903,12.0,5.6069,18.7758,7.7544,-0.02961,0.20002,0.05397
2024/02/14 05:37:45.01,458539.1806,5632937.3725,2949309.7676,12.0,5.6071,18.7748,7.7539,0.02064,-0.19272,-0.01742
2024/02/14 05:37:46.01,458539.2335,5632936.9735,2949309.7368,12.0,5.6073,18.7739,7.7535,-0.00997,-0.19944,-0.0769
2024/02/14 05:37:47.01,458539.2282,5632936.2286,2949309.5779,12.0,5.6075,18.7729,7.7531,0.02286,0.12043,0.03737
2024/02/14 05:37:48.01,458539.3415,5632936.2711,2949309.71,12.0,5.6077,18.772,7.7527,-0.0093,-0.18402,-0.01268
2024/02/14 05:37:49.01,458539.3725,5632936.3376,2949309.6514,12.0,5.6079,18.771,7.7523,-0.03371,0.10161,0.01157
2024/02/14 05:37:50.01,458539.4531,5632936.0272,2949309.7457,12.0,5.608,18.77,7.7519,-0.00622,-0.0273,-0.03163
2024/02/14 05:37:51.01,458539.4819,5632935.9982,2949309.7558,12.0,5.6082,18.7691,7.7515,0.03501,-0.01683,0.06409
2024/02/14 05:37:52.01,458539.4479,5632935.9069,2949309.7863,12.0,5.6084,18.7681,7.7511,0.00717,0.14755,0.0202
2024/02/14 05:37:53.01,458539.4471,5632935.7179,2949309.8247,12.0,5.6086,18.7672,7.7507,0.01205,-0.16283,-0.06053
2024/02/14 05:37:54.01,458539.4219,5632935.7222,2949309.6707,12.0,5.6088,18.7662,7.7502,-0.00969,0.18793,0.06905
2024/02/14 05:37:55.01,458539.4677,5632935.5158,2949309.7325,12.0,5.609,18.7653,7.7498,-0.00363,0.07467,-0.01309
2024/02/14 05:37:56.01,458539.4996,5632935.0049,2949309.7039,12.0,5.6092,18.7643,7.7494,0.00831,0.13643,0.02004
2024/02/14 05:37:57.01,458539.4067,5632934.844,2949309.7345,12.0,5.6094,18.7633,7.749,0.04622,-0.1378,-0.01138
2024/02/14 05:37:58.01,458539.4013,5632934.7197,2949309.6674,12.0,5.6096,18.7624,7.7486,0.01169,0.08871,0.01161
2024/02/14 05:37:59.01,458539.3856,5632934.7886,2949309.7021,12.0,5.6098,18.7614,7.7482,0.04203,-0.10737,0.0105
2024/02/14 05:38:00.01,458539.4713,5632935.0249,2949309.7482,12.0,5.61,18.7604,7.7478,0.01223,-0.1114,0.01925
2024/02/14 05:38:01.00,458539.4607,5632934.7183,2949309.638,12.0,5.6102,18.7595,7.7474,0.01569,-0.04657,0.01511
2024/02/14 05:38:02.01,458539.518,5632934.6812,2949309.7342,12.0,5.6104,18.7585,7.747,-0.00986,0.16373,0.01696
2024/02/14 05:38:03.01,458539.6225,5632934.8194,2949309.7906,12.0,5.6105,18.7575,7.7465,0.00886,0.05842,0.03087
2024/02/14 05:38:04.01,458539.6077,5632934.7572,2949309.779,12.0,5.6107,18.7566,7.7461,-0.01527,0.04685,-0.02046
2024/02/14 05:38:05.01,458539.5762,5632935.0165,2949309.9342,12.0,5.6109,18.7556,7.7457,0.06394,0.05992,0.0401
2024/02/14 05:38:06.01,458539.5772,5632934.9754,2949309.8794,12.0,5.6111,18.7546,7.7453,0.0103,-0.08341,-0.0676
2024/02/14 05:38:07.01,458539.6007,5632935.1378,2949309.7787,12.0,5.6113,18.7537,7.7449,0.00404,-0.06036,0.02251
2024/02/14 05:38:08.01,458539.6248,5632935.0775,2949309.6492,12.0,5.6115,18.7527,7.7445,-0.00361,0.10824,-2e-05
2024/02/14 05:38:09.01,458539.5692,5632935.0034,2949309.6364,12.0,5.6117,18.7517,7.7441,-0.02237,-0.1277,-0.06404
2024/02/14 05:38:10.01,458539.6561,5632934.9155,2949309.738,12.0,5.6119,18.7507,7.7437,0.0273,-0.26355,-0.06967
2024/02/14 05:38:11.01,458539.6945,5632935.0598,2949309.8613,12.0,5.6121,18.7498,7.7432,0.01026,-0.00046,0.00833
2024/02/14 05:38:12.01,458539.6625,5632934.9098,2949309.9462,12.0,5.6123,18.7488,7.7428,-0.00483,-0.05104,-0.01899
2024/02/14 05:38:13.01,458539.7064,5632935.308,2949310.0652,12.0,5.6125,18.7478,7.7424,0.02403,-0.14473,-0.02484
2024/02/14 05:38:14.01,458539.7853,5632935.4922,2949310.223,12.0,5.6126,18.7468,7.742,-0.0063,0.00443,0.02252
2024/02/14 05:38:15.01,458539.7166,5632935.4989,2949310.1537,12.0,5.6128,18.7458,7.7416,-0.02215,-0.20752,-0.08078
2024/02/14 05:38:16.01,458539.6117,5632935.0927,2949310.1268,12.0,5.613,18.7448,7.7412,0.01822,0.15965,0.04703
2024/02/14 05:38:17.01,458539.5788,5632934.9881,2949310.1639,12.0,5.6132,18.7439,7.7408,-0.03032,-0.04526,0.00021
2024/02/14 05:38:18.01,458539.5713,5632934.9638,2949310.1487,12.0,5.6134,18.7429,7.7403,-0.04626,0.14535,0.02822
2024/02/14 05:38:19.01,458539.4736,5632934.9131,2949310.1296,12.0,5.6136,18.7419,7.7399,-0.01426,0.17689,0.01457
2024/02/14 05:38:20.01,458539.4676,5632935.0636,2949310.074,12.0,5.6138,18.7409,7.7395,-0.01071,0.05311,0.02801
2024/02/14 05:38:21.01,458539.3246,5632934.8548,2949310.0659,12.0,5.614,18.7399,7.7391,0.05932,-0.06297,0.11464
2024/02/14 05:38:22.01,458539.1844,5632934.3827,2949310.033,12.0,5.6142,18.7389,7.7387,-0.0126,0.04579,0.13213
2024/02/14 05:38:23.01,458539.0815,5632934.0207,2949309.928,12.0,5.6144,18.7379,7.7383,0.0057,-0.1865,0.0946
2024/02/14 05:38:24.01,458539.2121,5632934.6058,2949310.2909,12.0,5.6145,18.737,7.7379,-0.03003,-0.20918,0.0688
2024/02/14 05:38:25.01,458539.1666,5632935.3684,2949310.4269,12.0,5.6147,18.736,7.7374,0.0049,0.10384,0.07438
2024/02/14 05:38:26.01,458539.1284,5632936.3826,2949310.8097,12.0,5.6149,18.735,7.737,-0.04808,0.2593,0.03468
2024/02/14 05:38:27.01,458539.2807,5632938.0014,2949311.1412,12.0,5.6151,18.734,7.7366,-0.01145,0.30062,0.05335
2024/02/14 05:38:28.01,458539.3967,5632938.5395,2949311.2052,12.0,5.6153,18.733,7.7362,-0.02376,-0.18414,-0.06474
2024/02/14 05:38:29.01,458539.3662,5632939.0234,2949311.2738,12.0,5.6155,18.732,7.7358,-0.02343,-0.72772,-0.099
2024/02/14 05:38:30.01,458539.1784,5632938.6625,2949311.0392,12.0,5.6157,18.731,7.7354,-0.03638,0.48473,0.21409
2024/02/14 05:38:31.01,458539.1775,5632937.8551,2949310.5286,12.0,5.6159,18.73,7.7349,0.04087,0.01316,0.01207
2024/02/14 05:38:32.01,458539.2126,5632937.7504,2949310.3136,12.0,5.6161,18.729,7.7345,-0.04727,0.17463,-0.06914
2024/02/14 05:38:33.01,458539.2338,5632937.4397,2949310.1894,12.0,5.6163,18.728,7.7341,0.01534,-0.2047,-0.06821
2024/02/14 05:38:34.01,458539.2814,5632937.3961,2949309.9899,12.0,5.6164,18.727,7.7337,-0.10124,0.05998,-0.09984
2024/02/14 05:38:35.01,458539.1155,5632936.3827,2949309.6246,12.0,5.6166,18.726,7.7333,0.1036,0.13486,0.1557
2024/02/14 05:38:36.01,458539.1052,5632936.5163,2949309.5228,12.0,5.6168,18.725,7.7329,0.00861,0.13041,0.05234
2024/02/14 05:38:37.01,458539.0034,5632936.3512,2949309.3482,12.0,5.617,18.724,7.7325,0.04072,0.04382,0.09834
2024/02/14 05:38:38.01,458538.8546,5632936.0663,2949309.2343,12.0,5.6172,18.723,7.732,0.17938,0.21317,0.21722
2024/02/14 05:38:39.01,458538.7095,5632935.7599,2949309.0527,12.0,5.6174,18.722,7.7316,-0.91032,-1.15085,-1.42515
2024/02/14 05:38:40.01,458539.1334,5632936.8672,2949309.9752,12.0,5.6176,18.721,7.7312,-0.04466,-0.26192,-0.18529
2024/02/14 05:38:41.01,458538.8487,5632937.341,2949309.7951,12.0,5.6178,18.7199,7.7308,0.08198,0.24403,0.17447
2024/02/14 05:38:42.01,458538.8517,5632937.9069,2949309.7799,12.0,5.618,18.7189,7.7304,-0.12505,-0.30406,-0.17756
2024/02/14 05:38:43.01,458538.6841,5632937.8684,2949309.7465,12.0,5.6181,18.7179,7.7299,0.05691,0.33108,0.18155
2024/02/14 05:38:44.01,458538.5592,5632937.9348,2949309.7097,12.0,5.6183,18.7169,7.7295,0.05442,0.17806,0.16016
2024/02/14 05:38:45.01,458538.6546,5632938.5505,2949310.1091,12.0,5.6185,18.7159,7.7291,1.1321,1.06948,1.62876
2024/02/14 05:38:46.01,458538.1412,5632938.1794,2949309.5582,12.0,5.6187,18.7149,7.7287,0.15046,-0.09635,0.18766
2024/02/14 05:38:47.01,458538.0127,5632938.4596,2949309.6382,12.0,5.6189,18.7139,7.7283,0.03191,0.00416,0.01092
2024/02/14 05:38:48.01,458538.015,5632938.7885,2949309.7539,12.0,5.6191,18.7128,7.7279,-0.01902,0.02146,0.02975
2024/02/14 05:38:49.01,458537.9299,5632939.2002,2949309.6965,12.0,5.6193,18.7118,7.7274,-0.57412,-0.66661,-0.9063
2024/02/14 05:38:50.01,458537.8696,5632939.8797,2949309.7114,12.0,5.6195,18.7108,7.727,0.05907,-0.02507,0.05485
2024/02/14 05:38:51.01,458537.784,5632940.405,2949309.7587,12.0,5.6196,18.7098,7.7266,0.1479,0.03386,0.16239
2024/02/14 05:38:52.01,458537.6205,5632940.397,2949309.7867,12.0,5.6198,18.7088,7.7262,0.02478,0.03488,0.01722
2024/02/14 05:38:53.01,458537.5774,5632940.8529,2949309.9808,12.0,5.62,18.7077,7.7258,-0.00584,-0.01946,-0.05272
2024/02/14 05:38:54.01,458537.3754,5632941.3003,2949309.803,12.0,5.6202,18.7067,7.7254,0.0265,0.12442,0.06196
2024/02/14 05:38:55.01,458537.6287,5632941.8696,2949310.2458,12.0,5.6204,18.7057,7.7249,0.051,-0.26794,0.00649
2024/02/14 05:38:56.01,458537.5786,5632942.4242,2949310.4876,12.0,5.6206,18.7047,7.7245,-0.06519,0.15645,-0.06218
2024/02/14 05:38:57.01,458537.7291,5632943.1477,2949310.528,12.0,5.6208,18.7037,7.7241,-0.04141,-0.00674,-0.02645
2024/02/14 05:38:58.01,458537.8917,5632943.3666,2949310.8372,12.0,5.621,18.7026,7.7237,-0.05207,-0.49814,-0.16035
2024/02/14 05:38:59.01,458537.7237,5632943.4869,2949310.7493,12.0,5.6211,18.7016,7.7233,-0.16097,-0.09081,-0.19202
2024/02/14 05:39:00.01,458537.9547,5632943.5907,2949310.8527,12.0,5.6213,18.7006,7.7228,0.24401,0.44158,0.41429
2024/02/14 05:39:01.00,458537.6725,5632942.962,2949310.5138,12.0,5.6215,18.6995,7.7224,-0.03331,-0.06845,-0.04247
2024/02/14 05:39:02.01,458537.6902,5632943.0191,2949310.4886,12.0,5.6217,18.6985,7.722,0.09104,0.04506,0.00593
2024/02/14 05:39:03.01,458537.6588,5632943.3534,2949310.5759,12.0,5.6219,18.6975,7.7216,0.35297,0.44852,0.58742
2024/02/14 05:39:04.01,458537.5681,5632942.8928,2949310.3041,12.0,5.6221,18.6964,7.7212,-0.36756,-0.98351,-0.71674
2024/02/14 05:39:05.01,458537.2387,5632942.7186,2949309.9112,12.0,5.6223,18.6954,7.7207,-0.67531,-0.67736,-0.98269
2024/02/14 05:39:06.01,458537.4424,5632940.6623,2949309.351,12.0,5.6225,18.6944,7.7203,-0.10898,-0.23543,-0.16113
2024/02/14 05:39:07.01,458537.9717,5632931.8419,2949307.3324,12.0,5.6226,18.6934,7.7199,0.17736,0.56687,0.34085
2024/02/14 05:39:08.01,458538.2563,5632928.0146,2949306.4627,12.0,5.6228,18.6923,7.7195,0.03651,0.01326,0.06125
2024/02/14 05:39:09.01,458538.6701,5632921.7677,2949304.8464,12.0,5.623,18.6913,7.7191,0.10524,-1.51527,-0.31952
2024/02/14 05:39:10.01,458538.4735,5632923.9597,2949305.3273,12.0,5.6232,18.6902,7.7186,0.08379,0.25818,0.23326
2024/02/14 05:39:11.01,458538.2562,5632927.5274,2949306.2158,12.0,5.6234,18.6892,7.7182,0.00849,0.30127,0.10202
2024/02/14 05:39:12.01,458538.6583,5632922.7077,2949305.1519,12.0,5.6236,18.6882,7.7178,0.09009,-1.81459,-0.46011
2024/02/14 05:39:13.01,458539.1647,5632918.3502,2949304.4459,12.0,5.6238,18.6871,7.7174,0.26242,-0.01596,0.32708
2024/02/14 05:39:14.01,458539.5718,5632914.6452,2949303.6943,12.0,5.6239,18.6861,7.717,0.34762,0.54594,0.61456
2024/02/14 05:39:15.01,458539.1722,5632919.1325,2949304.6474,12.0,5.6241,18.685,7.7165,-0.09992,0.41053,-0.047
2024/02/14 05:39:16.01,458538.3736,5632930.6845,2949307.2251,11.0,5.9256,33.8051,10.0904,-0.61263,-0.86611,-1.0379
2024/02/14 05:39:17.01,458538.7246,5632931.7044,2949307.9301,11.0,5.9256,33.8025,10.0907,-0.19956,-0.22203,-0.3359
2024/02/14 05:39:18.01,458538.4314,5632931.1809,2949307.4464,11.0,5.9257,33.8,10.091,0.13255,-0.04873,0.16791
2024/02/14 05:39:19.01,458538.5721,5632930.9096,2949307.5278,11.0,5.9258,33.7974,10.0913,-0.0102,0.05417,-0.01475
2024/02/14 05:39:20.01,458538.6154,5632930.6614,2949307.4491,11.0,5.9258,33.7949,10.0916,-0.04433,-0.03196,-0.10957
2024/02/14 05:39:21.01,458538.559,5632930.7076,2949307.4288,11.0,5.9259,33.7923,10.0918,-0.00371,0.02846,0.00441
2024/02/14 05:39:22.01,458538.5715,5632929.4652,2949307.1999,11.0,5.926,33.7898,10.0921,-0.03752,-0.10345,-0.00105
2024/02/14 05:39:23.01,458538.532,5632930.0197,2949307.3647,11.0,5.926,33.7872,10.0924,-0.03907,-0.08171,-0.05123
2024/02/14 05:39:24.01,458538.6762,5632930.2674,2949307.5065,11.0,5.9261,33.7847,10.0927,-0.01911,-0.20099,-0.06917
2024/02/14 05:39:25.01,458538.8418,5632929.8189,2949307.2958,11.0,5.9262,33.7821,10.093,-0.08506,-0.04184,-0.09294
2024/02/14 05:39:26.01,458538.8149,5632930.6461,2949307.492,11.0,5.9262,33.7796,10.0933,-0.12511,-0.40115,-0.34102
2024/02/14 05:39:27.01,458538.6386,5632931.2874,2949307.3967,11.0,5.9263,33.777,10.0936,-0.04825,0.0909,-0.0067
2024/02/14 05:39:28.01,458538.4289,5632931.2481,2949307.3668,11.0,5.9264,33.7745,10.0939,0.18815,0.27827,0.37969
2024/02/14 05:39:29.01,458538.5051,5632931.1312,2949307.3331,11.0,5.9264,33.7719,10.0942,0.84616,1.62012,1.45789
2024/02/14 05:39:30.01,458538.6872,5632931.4917,2949307.5706,11.0,5.9265,33.7694,10.0945,0.01972,0.08956,0.02769
2024/02/14 05:39:31.01,458538.6919,5632931.4853,2949307.5422,11.0,5.9266,33.7668,10.0948,0.02223,-0.18099,-0.09681
2024/02/14 05:39:32.01,458538.6231,5632931.546,2949307.5908,11.0,5.9266,33.7642,10.0951,0.01062,0.18771,0.09183
2024/02/14 05:39:33.01,458538.467,5632931.308,2949307.2514,11.0,5.9267,33.7617,10.0954,0.00381,-0.13662,-0.04628
2024/02/14 05:39:34.01,458538.3906,5632931.0637,2949307.1326,11.0,5.9268,33.7591,10.0957,-0.10181,-0.15592,-0.16962
2024/02/14 05:39:35.01,458538.4144,5632930.9064,2949307.1484,11.0,5.9268,33.7566,10.096,0.4291,0.73725,0.71781
2024/02/14 05:39:36.01,458538.5964,5632931.162,2949307.3836,11.0,5.9269,33.754,10.0963,0.09904,0.18034,0.17364
2024/02/14 05:39:37.01,458538.5084,5632930.7317,2949307.1357,11.0,5.927,33.7514,10.0965,-0.0587,-0.12045,-0.09262
2024/02/14 05:39:38.01,458538.5748,5632930.6238,2949307.1552,11.0,5.927,33.7489,10.0968,0.14229,0.17181,0.16466
2024/02/14 05:39:39.01,458538.4001,5632930.8067,2949307.0151,11.0,5.9271,33.7463,10.0971,-0.01073,-0.04561,-0.08962
2024/02/14 05:39:40.01,458538.4865,5632930.6571,2949307.1159,11.0,5.9272,33.7437,10.0974,0.6555,1.17534,1.07895
2024/02/14 05:39:41.01,458538.798,5632931.1356,2949307.5646,11.0,5.9272,33.7412,10.0977,-0.06542,-0.22663,-0.14933
2024/02/14 05:39:42.01,458538.6748,5632931.2482,2949307.6182,11.0,5.9273,33.7386,10.098,0.04231,0.10198,0.02407
2024/02/14 05:39:43.01,458538.6482,5632931.4125,2949307.5431,11.0,5.9274,33.736,10.0983,-0.05597,-0.03726,-0.06196
2024/02/14 05:39:44.01,458538.5955,5632931.193,2949307.4946,11.0,5.9274,33.7334,10.0986,-0.1698,-0.42977,-0.29323
2024/02/14 05:39:45.01,458538.7575,5632931.3554,2949307.892,11.0,5.9275,33.7309,10.0989,0.089,0.43671,0.1655
2024/02/14 05:39:46.01,458534.8814,5632990.0157,2949321.5949,12.0,5.6299,18.6521,7.7034,0.14137,-0.65567,-0.05086
2024/02/14 05:39:47.01,458534.493,5632994.3057,2949322.534,12.0,5.63,18.651,7.703,-0.09939,1.81909,0.48258
2024/02/14 05:39:48.01,458533.7377,5633004.6433,2949324.8867,12.0,5.6302,18.6499,7.7026,-0.05053,0.09846,-0.03124
2024/02/14 05:39:49.01,458533.2758,5633010.5409,2949326.2632,12.0,5.6304,18.6488,7.7021,-0.19363,-0.2961,-0.35308
2024/02/14 05:39:50.01,458538.5152,5632930.1783,2949307.3944,11.0,5.9278,33.718,10.1003,0.05711,0.14563,0.11617
2024/02/14 05:39:51.01,458538.426,5632930.3556,2949307.2967,11.0,5.9279,33.7154,10.1006,0.14457,0.13583,0.22249
2024/02/14 05:39:52.01,458533.3252,5633007.7842,2949325.3396,12.0,5.6309,18.6456,7.7009,-0.05375,0.07461,-0.05385
2024/02/14 05:39:53.01,458533.4143,5633004.6669,2949324.4053,12.0,5.6311,18.6445,7.7004,0.74648,1.39947,1.32595
2024/02/14 05:39:54.01,458533.6406,5633004.1056,2949324.2836,12.0,5.6313,18.6434,7.7,-0.04356,0.76309,0.19312
2024/02/14 05:39:55.01,458533.752,5633007.0956,2949325.2199,12.0,5.6315,18.6423,7.6996,0.23422,0.55044,0.47551
2024/02/14 05:39:56.01,458534.495,5632994.3953,2949322.0889,12.0,5.6317,18.6412,7.6992,0.00249,0.15399,0.04488
2024/02/14 05:39:57.01,458535.1939,5632984.0542,2949319.5847,12.0,5.6319,18.6402,7.6987,-0.00046,-0.02204,-0.0175
2024/02/14 05:39:58.01,458536.1233,5632968.3842,2949315.9725,12.0,5.6321,18.6391,7.6983,-0.06571,-0.25448,-0.15148
2024/02/14 05:39:59.01,458535.7681,5632973.833,2949317.2047,12.0,5.6322,18.638,7.6979,0.02067,0.48404,0.10893
2024/02/14 05:40:00.01,458534.3568,5632993.872,2949321.9456,12.0,5.6324,18.6369,7.6975,0.00344,-0.23634,-0.11141
2024/02/14 05:40:01.00,458534.1901,5632997.0209,2949322.644,12.0,5.6326,18.6358,7.697,0.41062,0.37435,0.59713
2024/02/14 05:40:02.01,458534.6261,5632995.3975,2949322.6867,12.0,5.6328,18.6347,7.6966,0.67038,0.81362,0.96257
2024/02/14 05:40:03.01,458534.8749,5632988.047,2949320.7006,12.0,5.633,18.6336,7.6962,0.01354,-0.10129,-0.03871
2024/02/14 05:40:04.01,458534.8489,5632991.2386,2949321.4866,12.0,5.6331,18.6325,7.6958,-0.00262,-0.23433,-0.12139
2024/02/14 05:40:05.01,458534.8755,5632989.5439,2949321.0416,12.0,5.6333,18.6314,7.6953,0.01216,-0.25716,-0.08532
2024/02/14 05:40:06.01,458534.7011,5632992.5041,2949321.8328,12.0,5.6335,18.6303,7.6949,0.09033,-0.32849,0.00779
2024/02/14 05:40:07.01,458534.551,5632992.8464,2949321.748,12.0,5.6337,18.6292,7.6945,-0.06345,-0.15399,-0.12549
2024/02/14 05:40:08.01,458534.6729,5632993.5178,2949321.9667,12.0,5.6339,18.6281,7.6941,0.039,0.00167,0.08384
2024/02/14 05:40:09.01,458534.4764,5632992.8584,2949321.675,12.0,5.6341,18.627,7.6936,-0.02888,-0.4584,-0.16988
2024/02/14 05:40:10.01,458534.4987,5632992.0034,2949321.442,12.0,5.6342,18.6259,7.6932,0.62639,0.63134,0.88709
2024/02/14 05:40:11.01,458534.6739,5632991.2767,2949321.3768,12.0,5.6344,18.6248,7.6928,-0.01513,0.21127,0.06447
2024/02/14 05:40:12.01,458534.6168,5632990.8338,2949321.2732,12.0,5.6346,18.6237,7.6923,-0.0353,0.06675,0.01439
2024/02/14 05:40:13.01,458534.6062,5632990.0686,2949321.0038,12.0,5.6348,18.6226,7.6919,-0.01628,-0.00391,-0.05439
2024/02/14 05:40:14.01,458534.7487,5632989.4332,2949320.8103,12.0,5.635,18.6215,7.6915,0.12268,0.70314,0.38063
2024/02/14 05:40:15.01,458534.7787,5632988.7893,2949320.6198,12.0,5.6351,18.6204,7.6911,-0.08032,0.06086,-0.01241
2024/02/14 05:40:16.01,458534.8326,5632988.007,2949320.2757,12.0,5.6353,18.6193,7.6906,0.00032,-0.21549,-0.06895
2024/02/14 05:40:17.01,458534.9222,5632987.3831,2949320.1476,12.0,5.6355,18.6182,7.6902,0.10677,-0.19527,0.03113
2024/02/14 05:40:18.01,458534.885,5632986.6695,2949319.9248,12.0,5.6357,18.6171,7.6898,-0.0194,-0.27218,-0.08575
2024/02/14 05:40:19.01,458534.9399,5632985.6577,2949319.7841,12.0,5.6359,18.616,7.6894,-0.00962,-0.23863,-0.09851
2024/02/14 05:40:20.01,458534.9217,5632984.1227,2949319.4854,12.0,5.6361,18.6149,7.6889,0.00539,-0.32529,-0.12281
2024/02/14 05:40:21.01,458534.9841,5632983.2295,2949319.1455,12.0,5.6362,18.6138,7.6885,-0.13962,0.24589,-0.04481
2024/02/14 05:40:22.01,458535.0777,5632982.3456,2949319.0208,12.0,5.6364,18.6127,7.6881,0.08505,0.06485,0.13152
2024/02/14 05:40:23.01,458535.2158,5632981.1817,2949318.7011,12.0,5.6366,18.6115,7.6876,-0.04532,-0.27056,-0.09883
2024/02/14 05:40:24.01,458535.4465,5632980.3587,2949318.4805,12.0,5.6368,18.6104,7.6872,-0.0216,-0.38093,-0.1417
2024/02/14 05:40:25.01,458535.5019,5632979.3703,2949318.2785,12.0,5.637,18.6093,7.6868,0.10205,-0.0041,0.1098
2024/02/14 05:40:26.01,458535.5935,5632978.6523,2949318.0483,12.0,5.6371,18.6082,7.6864,-0.33386,-0.24123,-0.44436
2024/02/14 05:40:27.01,458535.5082,5632977.7658,2949317.5797,12.0,5.6373,18.6071,7.6859,-0.07097,0.45324,0.07016
2024/02/14 05:40:28.01,458535.6625,5632977.2494,2949317.4865,12.0,5.6375,18.606,7.6855,-0.11554,-0.21335,-0.21252
2024/02/14 05:40:29.01,458535.5627,5632976.282,2949316.9428,12.0,5.6377,18.6048,7.6851,-0.37326,-1.141,-0.78813
2024/02/14 05:40:30.01,458535.6224,5632975.2001,2949316.7699,12.0,5.6379,18.6037,7.6846,1.28186,2.03891,2.10066
2024/02/14 05:40:31.01,458536.0626,5632974.7112,2949317.1169,12.0,5.638,18.6026,7.6842,0.49728,0.56215,0.74352
2024/02/14 05:40:32.01,458535.8723,5632972.5891,2949316.9657,12.0,5.6382,18.6015,7.6838,0.00962,-0.33648,0.21585
2024/02/14 05:40:33.01,458535.7464,5632971.7029,2949317.4289,12.0,5.6384,18.6004,7.6834,-0.40644,-0.10597,0.16654
2024/02/14 05:40:34.01,458536.4133,5632956.1077,2949314.7028,12.0,5.6386,18.5993,7.6829,-0.38329,-0.1707,0.62801
2024/02/14 05:40:35.01,458537.5292,5632929.1571,2949309.6799,11.0,5.9309,33.6009,10.1132,-0.6162,-1.42504,0.97209
2024/02/14 05:40:36.01,458536.4624,5632934.3139,2949312.5439,12.0,5.6389,18.597,7.6821,-0.66521,-1.1453,1.32042
2024/02/14 05:40:37.01,458536.0071,5632929.1287,2949313.1102,12.0,5.6391,18.5959,7.6816,-0.73809,-1.25854,1.6825
2024/02/14 05:40:38.01,458535.5777,5632928.607,2949315.036,12.0,5.6393,18.5948,7.6812,-0.77553,-0.67331,1.55806
2024/02/14 05:40:39.01,458535.028,5632926.4468,2949316.4383,12.0,5.6395,18.5937,7.6808,-0.52446,-0.66242,1.63204
2024/02/14 05:40:40.01,458534.2263,5632925.349,2949318.1071,12.0,5.6397,18.5925,7.6804,-0.60834,-1.11137,1.43082
2024/02/14 05:40:41.01,458533.7009,5632923.9747,2949319.9114,12.0,5.6398,18.5914,7.6799,-0.69997,-0.4259,2.18787
2024/02/14 05:40:42.01,458532.8115,5632923.4629,2949322.2184,12.0,5.64,18.5903,7.6795,-0.89255,-1.00365,2.16042
2024/02/14 05:40:43.01,458531.8946,5632922.6939,2949324.4625,12.0,5.6402,18.5891,7.6791,-0.81267,-1.53063,2.01003
2024/02/14 05:40:44.01,458531.2912,5632921.9742,2949326.633,12.0,5.6404,18.588,7.6786,-0.55643,-1.13239,2.12397
2024/02/14 05:40:45.01,458530.5456,5632921.0636,2949328.7366,12.0,5.6406,18.5869,7.6782,-0.79944,-0.88162,2.29598
2024/02/14 05:40:46.01,458529.5564,5632920.5251,2949331.2013,12.0,5.6407,18.5857,7.6778,-0.92619,-1.5768,2.39597
2024/02/14 05:40:47.01,458528.4144,5632920.6127,2949333.9342,12.0,5.6409,18.5846,7.6773,-1.03674,-1.22448,2.39331
2024/02/14 05:40:48.01,458527.495,5632920.9639,2949336.6595,12.0,5.6411,18.5834,7.6769,-0.91275,-2.96849,1.80443
2024/02/14 05:40:49.01,458526.8406,5632915.2366,2949337.7944,11.0,5.9319,33.5641,10.1171,-1.00373,-1.09398,1.91158
2024/02/14 05:40:50.01,458526.1651,5632914.32,2949340.1444,11.0,5.932,33.5615,10.1174,-0.71844,-1.93976,2.08171
2024/02/14 05:40:51.01,458525.1748,5632914.5312,2949342.928,12.0,5.6416,18.58,7.6756,-1.23156,-1.47751,2.47756
2024/02/14 05:40:52.01,458523.864,5632916.3357,2949346.4416,12.0,5.6418,18.5789,7.6752,-1.21739,-0.5736,3.02304
2024/02/14 05:40:53.01,458522.6563,5632913.8118,2949349.1481,12.0,5.642,18.5777,7.6747,-1.34211,-2.22113,2.83813
2024/02/14 05:40:54.01,458521.5193,5632909.7167,2949351.6826,12.0,5.6422,18.5766,7.6743,-1.44617,-1.53614,3.15982
2024/02/14 05:40:55.01,458519.8607,5632910.2271,2949355.3691,12.0,5.6424,18.5755,7.6739,-1.42352,-3.06091,2.74754
2024/02/14 05:40:56.01,458518.2338,5632910.7712,2949359.3063,12.0,5.6425,18.5743,7.6734,-1.48606,-0.61285,3.57139
2024/02/14 05:40:57.01,458517.0306,5632903.9948,2949361.545,12.0,5.6427,18.5732,7.673,-1.38229,-2.19508,3.41081
2024/02/14 05:40:58.01,458515.7698,5632903.5836,2949365.1991,11.0,5.9325,33.5403,10.1196,-1.32011,-1.78871,3.14261
2024/02/14 05:40:59.01,458514.4777,5632902.7348,2949368.4263,11.0,5.9326,33.5377,10.1198,0.07578,-6.01347,1.34245
2024/02/14 05:41:00.01,458513.2731,5632902.1025,2949371.3293,11.0,5.9327,33.535,10.1201,-0.58955,-2.23925,2.42776
2024/02/14 05:41:01.00,458513.7389,5632893.2239,2949371.3902,11.0,5.9327,33.5324,10.1204,-0.73253,-1.78373,1.66564
2024/02/14 05:41:02.01,458509.0429,5632944.6131,2949386.0276,12.0,5.6436,18.5674,7.6708,-0.32906,-1.18438,1.48878
2024/02/14 05:41:03.01,458508.3534,5632945.8984,2949388.1633,12.0,5.6438,18.5662,7.6704,-0.58084,-0.79342,1.60809
2024/02/14 05:41:04.01,458511.1829,5632895.2599,2949377.7886,11.0,5.9329,33.5244,10.1212,-0.625,-1.85685,1.29745
2024/02/14 05:41:05.01,458507.1262,5632948.6357,2949391.807,12.0,5.6441,18.5639,7.6695,-0.09098,-1.87584,0.52547
2024/02/14 05:41:06.01,458510.9617,5632957.0506,2949392.335,12.0,5.6443,18.5627,7.6691,-1.16299,-1.38926,0.50428
2024/02/14 05:41:07.01,458511.5435,5632902.492,2949385.4008,11.0,5.9332,33.5165,10.122,0.06887,-5.20061,-0.00265
2024/02/14 05:41:08.01,458508.7132,5632915.3823,2949389.0931,12.0,5.6447,18.5605,7.6682,-0.35506,-3.76084,0.40367
2024/02/14 05:41:09.01,458508.4877,5632895.2599,2949383.2582,11.0,5.9333,33.5112,10.1226,-0.03188,-0.40246,0.04632
2024/02/14 05:41:10.01,458507.4769,5632905.2468,2949385.9942,12.0,5.645,18.5582,7.6674,0.00766,-0.43015,-0.05843
2024/02/14 05:41:11.01,458506.7348,5632900.771,2949384.8768,12.0,5.6452,18.557,7.6669,0.04691,0.35767,0.13794
2024/02/14 05:41:12.01,458507.2808,5632903.0319,2949385.5113,12.0,5.6454,18.5558,7.6665,0.00201,-0.21881,-0.1298
2024/02/14 05:41:13.01,458507.2007,5632909.1053,2949386.9186,12.0,5.6456,18.5547,7.6661,-0.06243,0.0735,0.04377
2024/02/14 05:41:14.01,458506.0728,5632916.6719,2949388.6308,12.0,5.6457,18.5535,7.6656,0.01291,0.20892,0.27825
2024/02/14 05:41:15.01,458505.3407,5632931.0272,2949392.4598,12.0,5.6459,18.5523,7.6652,0.00726,0.01989,0.15459
2024/02/14 05:41:16.01,458508.3599,5632890.9564,2949383.18,11.0,5.9338,33.4925,10.1245,-0.00296,-0.18547,-0.02957
2024/02/14 05:41:17.01,458508.588,5632890.8073,2949383.2851,11.0,5.9339,33.4899,10.1248,-0.00361,-0.09906,-0.05113
2024/02/14 05:41:18.01,458508.8436,5632890.7743,2949383.4118,11.0,5.9339,33.4872,10.1251,0.03,-0.1082,-0.04405
2024/02/14 05:41:19.01,458506.6579,5632927.3196,2949392.2708,12.0,5.6466,18.5476,7.6635,0.058,-0.00559,-0.02831
2024/02/14 05:41:20.01,458507.2812,5632922.6873,2949391.2405,12.0,5.6468,18.5465,7.663,0.02612,-0.18466,-0.05073
2024/02/14 05:41:21.01,458506.8566,5632929.9987,2949393.1625,12.0,5.647,18.5453,7.6626,0.02196,0.87219,0.21842
2024/02/14 05:41:22.01,458507.0568,5632927.8242,2949392.6269,12.0,5.6471,18.5441,7.6622,-0.05728,0.78661,0.15226
2024/02/14 05:41:23.01,458507.9351,5632915.8163,2949389.768,12.0,5.6473,18.543,7.6617,0.05036,-1.4277,-0.26635
2024/02/14 05:41:24.01,458508.2654,5632911.0999,2949388.4423,12.0,5.6475,18.5418,7.6613,0.0262,-0.35889,-0.16971
2024/02/14 05:41:25.01,458508.6647,5632906.4671,2949387.16,12.0,5.6477,18.5406,7.6609,0.11433,-1.54616,-0.34814
2024/02/14 05:41:26.01,458508.6834,5632905.0846,2949386.8093,12.0,5.6478,18.5395,7.6604,-0.02542,-0.20487,-0.11603
2024/02/14 05:41:27.01,458509.5242,5632891.1145,2949383.4891,11.0,5.9346,33.4632,10.1275,0.04502,-0.2852,-0.0704
2024/02/14 05:41:28.01,458509.4844,5632890.7077,2949383.3523,11.0,5.9347,33.4605,10.1278,-0.033,-0.18241,-0.04417
2024/02/14 05:41:29.01,458509.4308,5632890.0188,2949383.3129,11.0,5.9347,33.4578,10.128,0.01987,-0.26221,-0.07458
2024/02/14 05:41:30.01,458509.4684,5632890.0656,2949383.1645,11.0,5.9348,33.4552,10.1283,0.00054,-0.07515,-0.01058
2024/02/14 05:41:31.01,458509.505,5632890.1233,2949383.2026,11.0,5.9349,33.4525,10.1286,0.02707,0.03477,0.02528
2024/02/14 05:41:32.01,458509.5295,5632889.4982,2949383.0614,11.0,5.9349,33.4498,10.1289,0.00131,-0.21903,-0.08855
2024/02/14 05:41:33.01,458508.5235,5632904.9013,2949386.6919,12.0,5.6491,18.5312,7.6574,0.03585,0.04325,0.04212
2024/02/14 05:41:34.01,458508.4687,5632906.4341,2949387.0938,12.0,5.6493,18.53,7.6569,0.03547,0.04123,-0.06252
2024/02/14 05:41:35.01,458508.1651,5632912.4189,2949388.464,12.0,5.6494,18.5288,7.6565,-0.0726,-0.00979,-0.02581
2024/02/14 05:41:36.01,458508.5014,5632906.1891,2949387.0011,12.0,5.6496,18.5276,7.6561,-0.00431,-0.0416,-0.01967
2024/02/14 05:41:37.01,458508.6399,5632905.9073,2949386.9451,12.0,5.6498,18.5265,7.6556,-0.0119,-0.22365,-0.05803
2024/02/14 05:41:38.01,458508.4343,5632906.8306,2949387.0882,12.0,5.65,18.5253,7.6552,-0.08161,-0.20892,-0.04226
2024/02/14 05:41:39.01,458508.664,5632902.4666,2949386.1222,12.0,5.6501,18.5241,7.6548,0.04857,-0.40758,-0.06472
2024/02/14 05:41:40.01,458508.5741,5632902.7479,2949386.2908,12.0,5.6503,18.5229,7.6543,0.00143,-0.42907,-0.12578
2024/02/14 05:41:41.01,458508.6484,5632903.0901,2949386.472,12.0,5.6505,18.5217,7.6539,-0.02272,0.31341,0.05652
2024/02/14 05:41:42.01,458508.9159,5632901.1543,2949385.9823,12.0,5.6507,18.5205,7.6534,-0.01504,-0.13941,-0.0749
2024/02/14 05:41:43.01,458508.8251,5632901.1997,2949385.9652,12.0,5.6508,18.5193,7.653,-0.01788,-0.16671,-0.04915
2024/02/14 05:41:44.01,458508.8943,5632900.2128,2949385.6353,12.0,5.651,18.5181,7.6526,0.01023,-0.27464,-0.08965
2024/02/14 05:41:45.01,458508.9427,5632900.3206,2949385.5806,12.0,5.6512,18.5169,7.6521,0.05524,-0.024,0.03022
2024/02/14 05:41:46.01,458508.8444,5632899.4635,2949385.4975,12.0,5.6514,18.5157,7.6517,0.0117,-0.36597,-0.08934
2024/02/14 05:41:47.01,458508.8617,5632899.774,2949385.5053,12.0,5.6515,18.5145,7.6513,0.03563,0.17379,0.03008
2024/02/14 05:41:48.01,458508.9638,5632899.7829,2949385.452,12.0,5.6517,18.5133,7.6508,-0.01221,-0.26402,0.01482
2024/02/14 05:41:49.01,458509.0474,5632899.6278,2949385.5246,12.0,5.6519,18.5121,7.6504,-0.02647,0.11576,0.15472
2024/02/14 05:41:50.01,458509.3733,5632891.7262,2949383.8287,11.0,5.9362,33.4014,10.1337,-0.04818,0.12131,0.19478
2024/02/14 05:41:51.01,458507.1953,5632920.534,2949391.0322,12.0,5.6522,18.5097,7.6495,0.01459,-0.33114,-0.01066
2024/02/14 05:41:52.01,458509.0166,5632891.9163,2949384.3627,11.0,5.9364,33.396,10.1342,-0.0327,0.13823,0.15382
2024/02/14 05:41:53.01,458507.7942,5632906.8264,2949387.9957,12.0,5.6526,18.5073,7.6486,-0.00169,-0.35777,0.06305
2024/02/14 05:41:54.01,458508.8535,5632892.444,2949384.5335,11.0,5.9365,33.3906,10.1348,0.07493,-0.13369,0.10549
2024/02/14 05:41:55.01,458508.6745,5632892.0102,2949384.5232,11.0,5.9366,33.3879,10.135,-0.01909,-0.08011,0.03739
2024/02/14 05:41:56.01,458508.2221,5632899.8824,2949386.5301,12.0,5.6531,18.5037,7.6473,0.03554,-0.71824,-0.0705
2024/02/14 05:41:57.01,458508.111,5632902.3738,2949387.3243,12.0,5.6533,18.5025,7.6469,-0.03304,0.03904,-0.07222
2024/02/14 05:41:58.01,458507.8789,5632904.7051,2949388.0552,12.0,5.6534,18.5013,7.6464,0.00364,0.29941,-0.0117
2024/02/14 05:41:59.01,458507.9102,5632903.3527,2949387.8758,12.0,5.6536,18.5001,7.646,0.00085,-0.20626,-0.04924
2024/02/14 05:42:00.01,458507.7374,5632902.3202,2949387.6179,12.0,5.6538,18.4989,7.6456,-0.04436,0.04576,0.02133
2024/02/14 05:42:01.00,458507.6535,5632900.3689,2949387.1503,12.0,5.654,18.4977,7.6451,0.0465,0.05539,0.11717
2024/02/14 05:42:02.01,458507.6911,5632901.0081,2949387.404,12.0,5.6541,18.4965,7.6447,0.0652,-0.18307,-0.012
2024/02/14 05:42:03.01,458507.5347,5632900.8692,2949387.443,12.0,5.6543,18.4953,7.6442,0.00296,0.05741,-0.02896
2024/02/14 05:42:04.01,458507.4569,5632900.672,2949387.3952,12.0,5.6545,18.4941,7.6438,0.02856,-0.08158,0.01931
2024/02/14 05:42:05.01,458507.3002,5632900.1542,2949387.2262,12.0,5.6547,18.4928,7.6434,-0.00163,-0.06019,-0.10291
2024/02/14 05:42:06.01,458507.2783,5632899.9725,2949387.1097,12.0,5.6548,18.4916,7.6429,-0.05669,-0.07388,0.0587
2024/02/14 05:42:07.01,458507.9987,5632890.5885,2949384.9805,11.0,5.9375,33.3555,10.1382,0.02922,0.18283,0.2943
2024/02/14 05:42:08.01,458508.054,5632891.3862,2949385.295,11.0,5.9376,33.3528,10.1385,-0.02561,-0.34433,0.27059
2024/02/14 05:42:09.01,458508.0365,5632891.3873,2949385.6334,11.0,5.9376,33.3501,10.1387,-0.05994,-0.12088,0.11872
2024/02/14 05:42:10.01,458508.1322,5632891.5576,2949385.6343,11.0,5.9377,33.3474,10.139,-0.04468,-0.17781,0.06964
2024/02/14 05:42:11.01,458507.4647,5632898.9993,2949387.7605,12.0,5.6557,18.4855,7.6407,-0.09382,-0.50405,0.26447
2024/02/14 05:42:12.01,458507.7121,5632898.4746,2949387.9598,12.0,5.6559,18.4843,7.6403,-0.00982,-0.67874,0.25847
2024/02/14 05:42:13.01,458508.1188,5632891.8148,2949386.7949,11.0,5.9379,33.3392,10.1398,-0.10234,-0.53115,0.25123
2024/02/14 05:42:14.01,458507.6596,5632897.9763,2949389.0223,12.0,5.6562,18.4819,7.6394,-0.2266,-1.92109,0.37714
2024/02/14 05:42:15.01,458507.9453,5632890.7853,2949388.0591,11.0,5.9381,33.3338,10.1403,-0.24674,-0.59328,0.83522
2024/02/14 05:42:16.01,458507.5104,5632892.0663,2949389.3198,12.0,5.6566,18.4794,7.6385,-0.18557,-0.7294,0.79233
2024/02/14 05:42:17.01,458507.2414,5632891.5536,2949390.335,12.0,5.6567,18.4782,7.6381,-0.21077,-1.49836,1.00367
2024/02/14 05:42:18.01,458507.0309,5632890.2003,2949391.336,12.0,5.6569,18.477,7.6376,-0.23537,-0.93977,1.05515
2024/02/14 05:42:19.01,458506.8314,5632892.3922,2949393.4697,12.0,5.6571,18.4758,7.6372,-0.3652,0.7832,1.71666
2024/02/14 05:42:20.01,458506.9008,5632888.321,2949394.3175,12.0,5.6572,18.4745,7.6368,-0.35074,-0.86465,1.65086
2024/02/14 05:42:21.01,458506.3761,5632886.8921,2949395.8818,12.0,5.6574,18.4733,7.6363,-0.43899,-0.40574,2.0701
2024/02/14 05:42:22.01,458506.0329,5632887.3855,2949398.5755,11.0,5.9386,33.3148,10.1421,-0.41523,-1.23503,2.55752
2024/02/14 05:42:23.01,458504.4586,5632900.8126,2949404.8707,12.0,5.6578,18.4708,7.6354,-0.5182,-2.56809,2.45465
2024/02/14 05:42:24.01,458504.7835,5632884.2301,2949403.8212,11.0,5.9387,33.3093,10.1427,-0.77611,-1.80316,2.95841
2024/02/14 05:42:25.01,458503.4227,5632889.5715,2949408.7394,12.0,5.6581,18.4684,7.6345,-1.18545,-2.21965,3.31592
2024/02/14 05:42:26.01,458502.6698,5632878.7157,2949410.3061,12.0,5.6583,18.4672,7.6341,-1.52903,-2.05817,3.91114
2024/02/14 05:42:27.01,458500.7202,5632878.4549,2949414.937,12.0,5.6584,18.4659,7.6337,-1.8971,-2.4305,4.19177
2024/02/14 05:42:28.01,458498.7377,5632874.9493,2949419.023,12.0,5.6586,18.4647,7.6332,-2.12271,-2.54703,4.42496
2024/02/14 05:42:29.01,458496.6662,5632872.9664,2949423.588,12.0,5.6588,18.4634,7.6328,-2.09221,-2.56608,4.71436
2024/02/14 05:42:30.01,458494.6364,5632869.7714,2949428.0311,12.0,5.659,18.4622,7.6323,-2.1099,-2.23043,4.77574
2024/02/14 05:42:31.01,458492.4181,5632867.9485,2949433.062,12.0,5.6591,18.461,7.6319,-2.15003,-2.64228,4.7329
2024/02/14 05:42:32.01,458490.0884,5632865.8258,2949437.9621,12.0,5.6593,18.4597,7.6314,-2.19254,-2.83761,4.88362
2024/02/14 05:42:33.01,458488.0119,5632863.094,2949442.9173,12.0,5.6595,18.4585,7.631,-1.99656,-2.88372,5.04456
2024/02/14 05:42:34.01,458486.1055,5632860.3179,2949448.0132,12.0,5.6596,18.4573,7.6306,-1.95213,-2.73563,5.14229
2024/02/14 05:42:35.01,458484.097,5632857.4722,2949453.3066,12.0,5.6598,18.456,7.6301,-1.99246,-3.03139,5.17372
2024/02/14 05:42:36.01,458481.8497,5632854.495,2949458.599,12.0,5.66,18.4548,7.6297,-2.12868,-3.19362,5.09415
2024/02/14 05:42:37.01,458479.6705,5632851.4417,2949463.9936,12.0,5.6602,18.4535,7.6292,-2.25023,-2.93276,5.37186
2024/02/14 05:42:38.01,458477.415,5632848.7438,2949469.416,12.0,5.6603,18.4523,7.6288,-2.21927,-2.76526,5.39298
2024/02/14 05:42:39.01,458475.2368,5632845.9868,2949474.7721,11.0,5.9398,33.2684,10.1465,-2.20662,-2.99208,5.35295
2024/02/14 05:42:40.01,458473.0238,5632842.7409,2949479.9275,12.0,5.6607,18.4498,7.6279,-1.93217,-2.656,5.28921
2024/02/14 05:42:41.01,458471.2699,5632838.2519,2949484.2774,12.0,5.6608,18.4486,7.6275,-1.63126,-2.75881,4.59731
2024/02/14 05:42:42.01,458469.4822,5632837.0098,2949489.3601,12.0,5.661,18.4473,7.627,-1.49071,-2.57402,4.69537
2024/02/14 05:42:43.01,458468.2547,5632833.757,2949493.9308,12.0,5.6612,18.4461,7.6266,-1.18921,-2.61601,4.51892
2024/02/14 05:42:44.01,458467.1384,5632833.6146,2949498.5988,12.0,5.6614,18.4448,7.6261,-0.8124,-2.67873,3.83886
2024/02/14 05:42:45.01,458466.7137,5632829.3242,2949502.0784,12.0,5.6615,18.4436,7.6257,-0.62091,-1.82186,3.94886
2024/02/14 05:42:46.01,458466.3213,5632826.8554,2949506.0476,12.0,5.6617,18.4423,7.6252,-0.37159,-2.2855,4.03328
2024/02/14 05:42:47.01,458465.8818,5632824.3523,2949510.2911,12.0,5.6619,18.4411,7.6248,-0.17471,-2.73661,4.36385
2024/02/14 05:42:48.01,458465.9018,5632821.9039,2949514.8992,12.0,5.662,18.4398,7.6243,0.13707,-3.04897,4.67596
2024/02/14 05:42:49.01,458466.2497,5632818.8279,2949519.9458,12.0,5.6622,18.4386,7.6239,0.51769,-3.08431,5.21456
2024/02/14 05:42:50.01,458467.0138,5632815.3476,2949525.3346,12.0,5.6624,18.4373,7.6235,0.88479,-3.56603,5.51576
2024/02/14 05:42:51.01,458468.1878,5632811.5884,2949531.0095,12.0,5.6625,18.4361,7.623,1.55584,-3.7476,5.84842
2024/02/14 05:42:52.01,458469.689,5632807.5326,2949537.0017,12.0,5.6627,18.4348,7.6226,1.91364,-3.9435,5.99926
2024/02/14 05:42:53.01,458471.6608,5632803.6055,2949543.1979,12.0,5.6629,18.4336,7.6221,2.15318,-3.59963,6.41892
2024/02/14 05:42:54.01,458473.6148,5632799.5938,2949549.5264,12.0,5.6631,18.4323,7.6217,2.00853,-4.01568,6.37162
2024/02/14 05:42:55.01,458475.5348,5632795.4397,2949555.9259,12.0,5.6632,18.431,7.6212,2.08975,-3.96191,6.62078
2024/02/14 05:42:56.01,458477.6064,5632791.7469,2949562.6593,12.0,5.6634,18.4298,7.6208,1.97858,-4.33332,6.59164
2024/02/14 05:42:57.01,458479.5022,5632788.1137,2949569.304,12.0,5.6636,18.4285,7.6203,1.83586,-4.64503,6.65481
2024/02/14 05:42:58.01,458481.4096,5632784.0809,2949576.0783,12.0,5.6637,18.4273,7.6199,1.89522,-3.82198,6.79413
2024/02/14 05:42:59.01,458483.3638,5632780.2527,2949582.7858,12.0,5.6639,18.426,7.6194,1.98152,-4.05157,6.51612
2024/02/14 05:43:00.01,458485.346,5632776.0763,2949589.2712,12.0,5.6641,18.4247,7.619,2.12556,-4.02335,6.5793
2024/02/14 05:43:01.00,458487.4815,5632771.6562,2949595.6361,12.0,5.6642,18.4235,7.6185,2.33195,-3.74977,6.59614
2024/02/14 05:43:02.01,458489.8798,5632767.5296,2949602.1806,12.0,5.6644,18.4222,7.6181,2.44096,-4.25969,6.42541
2024/02/14 05:43:03.01,458492.2125,5632763.3661,2949608.5923,12.0,5.6646,18.4209,7.6176,2.22197,-4.17769,6.5552
2024/02/14 05:43:04.01,458494.3294,5632758.993,2949615.0977,12.0,5.6647,18.4197,7.6172,2.15341,-4.04743,6.65699
2024/02/14 05:43:05.01,458496.6062,5632755.3096,2949621.8173,12.0,5.6649,18.4184,7.6168,2.2381,-4.1384,6.60109
2024/02/14 05:43:06.01,458498.8034,5632751.28,2949628.4748,12.0,5.6651,18.4171,7.6163,2.1505,-4.0873,6.72969
2024/02/14 05:43:07.01,458500.6824,5632746.6604,2949634.7843,12.0,5.6652,18.4159,7.6159,1.88735,-3.92092,6.25181
2024/02/14 05:43:08.01,458502.4725,5632742.9751,2949640.7392,12.0,5.6654,18.4146,7.6154,1.817,-3.50713,5.37846
2024/02/14 05:43:09.01,458504.2123,5632739.8973,2949646.0208,12.0,5.6656,18.4133,7.615,1.42934,-2.96633,4.80045
2024/02/14 05:43:10.01,458505.6932,5632737.2691,2949650.5547,12.0,5.6657,18.4121,7.6145,1.45278,-3.14791,4.29769
2024/02/14 05:43:11.01,458507.2303,5632734.9657,2949654.9989,12.0,5.6659,18.4108,7.6141,1.56271,-3.33531,4.33835
2024/02/14 05:43:12.01,458508.7899,5632731.9672,2949659.5097,12.0,5.6661,18.4095,7.6136,1.49637,-1.28626,4.71266
2024/02/14 05:43:13.01,458510.4195,5632729.3629,2949664.0473,12.0,5.6662,18.4082,7.6132,1.32863,-3.0741,4.58307
2024/02/14 05:43:14.01,458512.0316,5632726.1762,2949668.4625,12.0,5.6664,18.407,7.6127,1.52631,-2.81433,4.67061
2024/02/14 05:43:15.01,458513.6382,5632722.9114,2949673.0947,12.0,5.6666,18.4057,7.6123,1.6697,-3.04819,4.69872
2024/02/14 05:43:16.01,458515.3976,5632720.4949,2949677.9166,12.0,5.6667,18.4044,7.6118,1.67189,-3.0293,4.76461
2024/02/14 05:43:17.01,458517.0546,5632717.401,2949682.7128,12.0,5.6669,18.4031,7.6114,1.77674,-3.30355,4.76525
2024/02/14 05:43:18.01,458518.6895,5632713.8708,2949687.5215,12.0,5.6671,18.4019,7.6109,1.73335,-2.92293,4.96857
2024/02/14 05:43:19.01,458520.4139,5632710.8716,2949692.464,12.0,5.6673,18.4006,7.6105,1.63752,-3.2281,4.95654
2024/02/14 05:43:20.01,458522.1723,5632708.1455,2949697.694,12.0,5.6674,18.3993,7.61,1.69944,-3.29551,5.2109
2024/02/14 05:43:21.01,458523.7131,5632705.1665,2949702.4297,12.0,5.6676,18.398,7.6096,1.49398,-2.77962,4.29247
2024/02/14 05:43:22.01,458525.0657,5632702.346,2949706.2309,12.0,5.6678,18.3967,7.6091,1.1644,-1.71506,3.55613
2024/02/14 05:43:23.01,458526.3646,5632700.1593,2949709.5609,12.0,5.6679,18.3954,7.6087,1.30234,-3.21113,2.54079
2024/02/14 05:43:24.01,458527.4732,5632698.2984,2949712.0804,12.0,5.6681,18.3942,7.6083,0.85233,-1.80096,2.09979
2024/02/14 05:43:25.01,458528.3851,5632697.1844,2949714.2619,12.0,5.6683,18.3929,7.6078,0.87123,-1.8413,1.85084
2024/02/14 05:43:26.01,458529.1419,5632696.0572,2949716.3685,12.0,5.6684,18.3916,7.6074,0.61902,-1.43317,2.31924
2024/02/14 05:43:27.01,458529.9505,5632694.281,2949718.7931,12.0,5.6686,18.3903,7.6069,0.86016,-2.37371,2.54514
2024/02/14 05:43:28.01,458531.0925,5632692.6874,2949721.7146,12.0,5.6688,18.389,7.6065,1.21665,-1.73678,3.31725
2024/02/14 05:43:29.01,458532.1766,5632690.33,2949724.8485,12.0,5.6689,18.3877,7.606,1.14304,-1.71225,3.34092
2024/02/14 05:43:30.01,458533.29,5632688.2577,2949727.935,12.0,5.6691,18.3864,7.6056,1.01868,-2.77792,3.06116
2024/02/14 05:43:31.01,458534.5615,5632685.5866,2949730.9097,12.0,5.6692,18.3851,7.6051,1.25332,-1.60647,3.54339
2024/02/14 05:43:32.01,458536.1218,5632684.7675,2949734.5234,12.0,5.6694,18.3838,7.6047,2.55876,0.69281,3.89295
2024/02/14 05:43:33.01,458537.687,5632681.6255,2949738.156,12.0,5.6696,18.3825,7.6042,1.64851,-1.81181,4.38511
2024/02/14 05:43:34.01,458539.1253,5632679.0057,2949742.6877,12.0,5.6697,18.3812,7.6038,1.51316,-2.35662,4.69743
2024/02/14 05:43:35.01,458540.7852,5632675.8683,2949747.3227,12.0,5.6699,18.3799,7.6033,1.86145,-5.02743,4.24608
2024/02/14 05:43:36.01,458542.4059,5632672.7143,2949752.4206,12.0,5.6701,18.3787,7.6029,1.78807,-0.24296,5.87573
2024/02/14 05:43:37.01,458544.216,5632669.8101,2949757.9997,12.0,5.6702,18.3774,7.6024,1.86929,-1.86889,5.95563
2024/02/14 05:43:38.01,458546.0354,5632666.4024,2949763.7291,12.0,5.6704,18.3761,7.602,1.93802,-3.69175,5.79394
2024/02/14 05:43:39.01,458547.9726,5632663.0375,2949769.3563,12.0,5.6706,18.3748,7.6015,1.79074,-3.06107,5.27702
2024/02/14 05:43:40.01,458549.5724,5632660.4519,2949774.2094,12.0,5.6707,18.3735,7.6011,1.49646,-3.60465,4.14406
2024/02/14 05:43:41.01,458550.6911,5632658.1147,2949778.1063,12.0,5.6709,18.3722,7.6006,1.20389,-4.60984,2.74081
2024/02/14 05:43:42.01,458551.4054,5632655.7151,2949780.8609,12.0,5.6711,18.3709,7.6002,0.49121,-1.67972,2.48155
2024/02/14 05:43:43.01,458552.0723,5632654.2876,2949783.2412,12.0,5.6712,18.3696,7.5997,0.66961,-1.5113,2.33879
2024/02/14 05:43:44.01,458552.7777,5632653.4398,2949785.7151,12.0,5.6714,18.3682,7.5993,0.34998,-1.78907,1.67232
2024/02/14 05:43:45.01,458553.243,5632652.7894,2949787.2667,12.0,5.6716,18.3669,7.5988,0.4199,0.32873,1.48131
2024/02/14 05:43:46.01,458553.4629,5632651.8601,2949788.232,12.0,5.6717,18.3656,7.5984,0.29096,-0.42411,0.90268
2024/02/14 05:43:47.01,458553.8094,5632651.4208,2949789.4139,12.0,5.6719,18.3643,7.5979,0.36708,0.01155,1.21522
2024/02/14 05:43:48.01,458554.1451,5632652.8001,2949791.072,12.0,5.6721,18.363,7.5975,0.22767,-0.45892,1.35017
2024/02/14 05:43:49.01,458554.5666,5632652.1399,2949792.6633,12.0,5.6722,18.3617,7.597,0.52866,-2.01375,1.23926
2024/02/14 05:43:50.01,458554.8301,5632653.6883,2949794.9088,12.0,5.6724,18.3604,7.5966,0.37081,-0.59851,1.8723
2024/02/14 05:43:51.01,458555.5022,5632650.9047,2949795.7314,12.0,5.6726,18.3591,7.5961,0.25648,0.02573,1.49492
2024/02/14 05:43:52.01,458555.7664,5632652.9738,2949797.8951,12.0,5.6727,18.3578,7.5957,0.35295,-1.56534,1.29626
2024/02/14 05:43:53.01,458556.7575,5632644.2867,2949797.5744,11.0,5.9455,33.064,10.1649,0.58693,-1.61687,1.48175
2024/02/14 05:43:54.01,458557.2002,5632643.0155,2949799.1873,12.0,5.673,18.3551,7.5948,0.82901,-1.07266,1.74475
2024/02/14 05:43:55.01,458557.5988,5632644.1578,2949801.4888,12.0,5.6732,18.3538,7.5943,0.62421,-1.55525,1.6587
2024/02/14 05:43:56.01,458558.2425,5632643.0881,2949803.3244,12.0,5.6734,18.3525,7.5939,0.76417,-1.50844,1.94892
2024/02/14 05:43:57.01,458558.8874,5632643.003,2949805.7949,12.0,5.6735,18.3512,7.5934,0.55333,-0.62514,2.59538
2024/02/14 05:43:58.01,458559.8633,5632639.7077,2949807.8522,12.0,5.6737,18.3499,7.593,0.91772,-2.15309,2.52039
2024/02/14 05:43:59.01,458560.228,5632642.5267,2949811.7781,12.0,5.6739,18.3486,7.5925,0.8943,-2.45811,2.59921
2024/02/14 05:44:00.01,458561.0508,5632637.9872,2949813.8712,12.0,5.674,18.3472,7.5921,0.94118,-1.92243,2.80698
2024/02/14 05:44:01.00,458561.9596,5632636.16,2949816.6661,12.0,5.6742,18.3459,7.5916,1.28348,-3.97991,2.42569
2024/02/14 05:44:02.01,458562.7774,5632633.559,2949819.637,12.0,5.6744,18.3446,7.5912,0.9432,-2.27528,3.36036
2024/02/14 05:44:03.01,458563.6508,5632633.895,2949823.8054,12.0,5.6745,18.3433,7.5907,1.15075,-2.07254,3.67713
2024/02/14 05:44:04.01,458564.9777,5632630.3808,2949827.2759,12.0,5.6747,18.342,7.5903,1.18009,-2.70717,3.86893
2024/02/14 05:44:05.01,458566.4389,5632628.5267,2949831.5702,12.0,5.6748,18.3406,7.5898,1.60377,-2.82821,4.10691
2024/02/14 05:44:06.01,458568.0683,5632625.2076,2949835.7806,12.0,5.675,18.3393,7.5893,1.48746,-2.94176,4.19058
2024/02/14 05:44:07.01,458569.4319,5632622.3367,2949840.0555,12.0,5.6752,18.338,7.5889,1.3786,-2.77741,4.18166
2024/02/14 05:44:08.01,458570.6878,5632621.6376,2949844.607,12.0,5.6753,18.3367,7.5884,1.53473,3.87393,5.5092
2024/02/14 05:44:09.01,458572.1454,5632617.453,2949848.192,12.0,5.6755,18.3353,7.588,1.39786,-1.68064,4.09207
2024/02/14 05:44:10.01,458573.3551,5632615.755,2949852.2985,12.0,5.6757,18.334,7.5875,1.18487,-2.28948,3.83082
2024/02/14 05:44:11.01,458574.4202,5632614.2581,2949856.2027,12.0,5.6758,18.3327,7.5871,1.24544,-2.41427,3.94779
2024/02/14 05:44:12.01,458576.0145,5632611.2044,2949859.881,12.0,5.676,18.3313,7.5866,1.46817,-2.30583,4.11813
2024/02/14 05:44:13.01,458577.4588,5632608.5084,2949864.1068,12.0,5.6762,18.33,7.5862,1.56858,-2.53618,4.35896
2024/02/14 05:44:14.01,458579.1177,5632606.1051,2949868.4989,12.0,5.6763,18.3287,7.5857,1.46003,-2.35903,4.33171
2024/02/14 05:44:15.01,458580.6719,5632603.716,2949872.7057,12.0,5.6765,18.3274,7.5853,1.34649,-2.29635,4.11544
2024/02/14 05:44:16.01,458581.9843,5632602.0777,2949876.8065,12.0,5.6766,18.326,7.5848,1.30743,-2.17661,3.93697
2024/02/14 05:44:17.01,458583.2374,5632599.7671,2949880.5774,12.0,5.6768,18.3247,7.5844,1.29326,-2.2334,3.78435
2024/02/14 05:44:18.01,458584.6693,5632597.6151,2949884.4536,12.0,5.677,18.3234,7.5839,1.37088,-2.31373,4.02524
2024/02/14 05:44:19.01,458586.0615,5632595.3354,2949888.3794,12.0,5.6771,18.322,7.5835,1.35006,-2.55793,4.16808
2024/02/14 05:44:20.01,458587.3518,5632592.8743,2949892.7167,12.0,5.6773,18.3207,7.583,1.28342,-2.35225,4.15879
2024/02/14 05:44:21.01,458588.7423,5632590.753,2949897.0179,12.0,5.6775,18.3193,7.5826,1.35789,-2.47327,4.15153
2024/02/14 05:44:22.01,458590.1921,5632588.5702,2949901.3217,12.0,5.6776,18.318,7.5821,1.40674,-2.41208,3.98863
2024/02/14 05:44:23.01,458591.5011,5632586.4061,2949905.274,12.0,5.6778,18.3167,7.5816,1.25233,-2.17053,3.79157
2024/02/14 05:44:24.01,458592.8201,5632584.2701,2949908.985,12.0,5.6779,18.3153,7.5812,1.30051,-1.97,3.55867
2024/02/14 05:44:25.01,458594.0094,5632582.2475,2949912.2812,12.0,5.6781,18.314,7.5807,1.28031,-1.91397,3.36426
2024/02/14 05:44:26.01,458595.1822,5632580.764,2949915.5244,12.0,5.6783,18.3126,7.5803,1.13368,-1.83097,3.08911
2024/02/14 05:44:27.01,458596.2351,5632578.8834,2949918.7585,12.0,5.6784,18.3113,7.5798,1.04206,-1.60301,3.32169
2024/02/14 05:44:28.01,458597.2952,5632577.0011,2949922.0477,12.0,5.6786,18.31,7.5794,1.26676,-2.08623,3.52767
2024/02/14 05:44:29.01,458598.5831,5632575.0841,2949925.8219,12.0,5.6787,18.3086,7.5789,1.28661,-2.28754,3.88092
2024/02/14 05:44:30.01,458599.8716,5632572.5743,2949929.7876,12.0,5.6789,18.3073,7.5785,1.50402,-2.31702,4.24296
2024/02/14 05:44:31.01,458601.366,5632569.8382,2949934.1441,12.0,5.6791,18.3059,7.578,1.54013,-2.52515,4.52574
2024/02/14 05:44:32.01,458602.9621,5632567.186,2949938.9152,12.0,5.6792,18.3046,7.5776,1.55843,-2.48823,4.83429
2024/02/14 05:44:33.01,458604.6111,5632564.554,2949943.806,12.0,5.6794,18.3032,7.5771,1.63154,-2.7959,4.90226
2024/02/14 05:44:34.01,458606.2706,5632561.7157,2949948.8483,12.0,5.6796,18.3019,7.5766,1.73737,-3.01764,5.18787
2024/02/14 05:44:35.01,458608.0591,5632558.7575,2949954.322,12.0,5.6797,18.3005,7.5762,1.85066,-3.03359,5.67395
2024/02/14 05:44:36.01,458609.6908,5632555.1687,2949959.8574,12.0,5.6799,18.2992,7.5757,1.69877,-3.12043,5.72312
2024/02/14 05:44:37.01,458611.2066,5632551.6149,2949965.4468,12.0,5.68,18.2978,7.5753,1.69561,-3.09774,5.64441
2024/02/14 05:44:38.01,458612.7612,5632548.1701,2949971.1824,12.0,5.6802,18.2965,7.5748,1.73156,-3.08007,5.81622
2024/02/14 05:44:39.01,458614.4954,5632545.0185,2949976.9292,12.0,5.6804,18.2951,7.5744,1.86089,-3.3194,5.73545
2024/02/14 05:44:40.01,458616.284,5632541.9263,2949982.7775,12.0,5.6805,18.2938,7.5739,1.82987,-3.23961,5.64931
2024/02/14 05:44:41.01,458618.127,5632538.91,2949988.3987,12.0,5.6807,18.2924,7.5735,1.84074,-3.21644,5.62799
2024/02/14 05:44:42.01,458620.1008,5632535.9642,2949994.0352,12.0,5.6808,18.2911,7.573,1.90573,-3.04508,5.81562
2024/02/14 05:44:43.01,458622.2009,5632533.2146,2949999.9814,12.0,5.681,18.2897,7.5725,2.00232,-3.22495,5.81888
2024/02/14 05:44:44.01,458624.1539,5632529.7472,2950005.7336,12.0,5.6812,18.2883,7.5721,1.98178,-3.07484,5.87712
2024/02/14 05:44:45.01,458626.0469,5632526.5065,2950011.5288,12.0,5.6813,18.287,7.5716,1.89644,-3.22994,5.75285
2024/02/14 05:44:46.01,458627.9408,5632523.0136,2950017.2139,12.0,5.6815,18.2856,7.5712,1.8476,-2.97066,5.60399
2024/02/14 05:44:47.01,458629.8108,5632520.0776,2950022.829,12.0,5.6816,18.2843,7.5707,1.81882,-2.86186,5.3748
2024/02/14 05:44:48.01,458631.4476,5632517.0909,2950028.0782,12.0,5.6818,18.2829,7.5703,1.63233,-2.86461,5.27835
2024/02/14 05:44:49.01,458633.0372,5632514.5896,2950033.3188,12.0,5.682,18.2815,7.5698,1.53577,-2.96189,5.29731
2024/02/14 05:44:50.01,458634.5028,5632511.6813,2950038.7203,12.0,5.6821,18.2802,7.5693,1.47274,-3.06274,5.47233
2024/02/14 05:44:51.01,458635.9395,5632508.9499,2950044.3357,12.0,5.6823,18.2788,7.5689,1.4041,-3.08176,5.73565
2024/02/14 05:44:52.01,458637.3485,5632505.6445,2950050.153,12.0,5.6824,18.2775,7.5684,1.54623,-3.04977,5.93472
2024/02/14 05:44:53.01,458638.7751,5632502.3259,2950056.247,12.0,5.6826,18.2761,7.568,1.50291,-3.22632,6.04531
2024/02/14 05:44:54.01,458640.2216,5632498.9952,2950062.4341,12.0,5.6828,18.2747,7.5675,1.4324,-3.42508,6.32098
2024/02/14 05:44:55.01,458641.7149,5632496.1014,2950068.9137,12.0,5.6829,18.2734,7.5671,1.26165,-3.61679,6.5557
2024/02/14 05:44:56.01,458643.0275,5632492.7911,2950075.6671,12.0,5.6831,18.272,7.5666,0.93649,-3.64262,6.66352
2024/02/14 05:44:57.01,458643.7543,5632489.0372,2950082.1366,12.0,5.6832,18.2706,7.5661,0.595,-3.02926,6.7216
2024/02/14 05:44:58.01,458644.1818,5632485.2952,2950088.7205,12.0,5.6834,18.2693,7.5657,0.31949,-3.31443,6.41659
2024/02/14 05:44:59.01,458644.2294,5632481.7756,2950095.0256,12.0,5.6836,18.2679,7.5652,0.09363,-3.19267,6.21738
2024/02/14 05:45:00.01,458644.1126,5632478.2049,2950101.0005,12.0,5.6837,18.2665,7.5648,-0.01425,-2.97249,5.78519
2024/02/14 05:45:01.00,458644.0384,5632475.4972,2950106.2055,12.0,5.6839,18.2651,7.5643,-0.11793,-2.35036,4.6236
2024/02/14 05:45:02.01,458643.9517,5632473.6772,2950110.3207,12.0,5.684,18.2638,7.5639,-0.21333,-2.09557,3.76168
2024/02/14 05:45:03.01,458643.8764,5632471.835,2950113.7865,12.0,5.6842,18.2624,7.5634,-0.21335,-1.64966,3.09075
2024/02/14 05:45:04.01,458643.6687,5632470.2435,2950116.8063,12.0,5.6844,18.261,7.5629,-0.22052,-1.45933,2.98344
2024/02/14 05:45:05.01,458643.3628,5632468.8905,2950119.8683,12.0,5.6845,18.2596,7.5625,-0.2971,-1.53545,3.06602
2024/02/14 05:45:06.01,458642.8521,5632467.0792,2950123.1439,12.0,5.6847,18.2583,7.562,-0.47627,-1.8819,3.36671
2024/02/14 05:45:07.01,458642.533,5632465.3891,2950126.8488,12.0,5.6848,18.2569,7.5616,-0.55067,-1.9371,3.87824
2024/02/14 05:45:08.01,458641.8989,5632463.3929,2950130.894,12.0,5.685,18.2555,7.5611,-0.64289,-2.10024,4.24993
2024/02/14 05:45:09.01,458641.2693,5632461.3966,2950135.3425,12.0,5.6851,18.2541,7.5607,-0.78418,-2.46169,4.49013
2024/02/14 05:45:10.01,458640.443,5632458.9963,2950140.0078,12.0,5.6853,18.2528,7.5602,-0.77702,-2.36876,4.86902
2024/02/14 05:45:11.01,458639.7392,5632456.8061,2950145.1206,12.0,5.6855,18.2514,7.5597,-0.87015,-2.66605,5.31881
2024/02/14 05:45:12.01,458638.7421,5632454.1746,2950150.6151,12.0,5.6856,18.25,7.5593,-1.25171,-2.73475,5.77359
2024/02/14 05:45:13.01,458637.7201,5632451.9621,2950156.6194,12.0,5.6858,18.2486,7.5588,-1.228,-2.7882,5.66448
2024/02/14 05:45:14.01,458636.3236,5632448.9841,2950162.0544,12.0,5.6859,18.2472,7.5584,-1.37992,-2.41243,5.40913
2024/02/14 05:45:15.01,458634.7825,5632445.9258,2950167.3429,12.0,5.6861,18.2458,7.5579,-1.48583,-2.72402,5.31735
2024/02/14 05:45:16.01,458633.2182,5632443.1438,2950172.662,12.0,5.6863,18.2445,7.5574,-1.45301,-2.7898,5.45475
2024/02/14 05:45:17.01,458631.7367,5632440.4787,2950178.2136,12.0,5.6864,18.2431,7.557,-1.61291,-2.55972,5.56742
2024/02/14 05:45:18.01,458630.2157,5632438.3705,2950183.9372,12.0,5.6866,18.2417,7.5565,-1.6992,-2.7274,5.68716
2024/02/14 05:45:19.01,458628.5349,5632435.7495,2950189.8261,12.0,5.6867,18.2403,7.5561,-1.75031,-3.00643,5.87505
2024/02/14 05:45:20.01,458626.6643,5632432.7612,2950195.8187,12.0,5.6869,18.2389,7.5556,-1.91564,-2.85601,6.09278
2024/02/14 05:45:21.01,458624.6211,5632429.467,2950201.9226,12.0,5.6871,18.2375,7.5551,-2.02963,-3.22492,6.25402
2024/02/14 05:45:22.01,458622.5099,5632426.2663,2950208.2002,12.0,5.6872,18.2361,7.5547,-2.09497,-3.08016,6.59193
2024/02/14 05:45:23.01,458620.3521,5632423.4539,2950214.9119,12.0,5.6874,18.2347,7.5542,-2.29345,-3.1456,6.85266
2024/02/14 05:45:24.01,458618.0066,5632420.4246,2950221.8967,12.0,5.6875,18.2334,7.5538,-2.4657,-3.04198,6.91688
2024/02/14 05:45:25.01,458615.475,5632416.783,2950228.6436,12.0,5.6877,18.232,7.5533,-2.44642,-3.21543,6.73728
2024/02/14 05:45:26.01,458613.1064,5632413.7367,2950235.4053,12.0,5.6878,18.2306,7.5528,-2.39883,-3.06062,6.61257
2024/02/14 05:45:27.01,458610.8451,5632410.9606,2950241.9928,12.0,5.688,18.2292,7.5524,-2.39976,-3.0669,6.50587
2024/02/14 05:45:28.01,458608.4439,5632408.1532,2950248.3896,12.0,5.6882,18.2278,7.5519,-2.35566,-2.83579,6.28847
2024/02/14 05:45:29.01,458606.0275,5632405.1062,2950254.5434,12.0,5.6883,18.2264,7.5515,-2.26816,-2.9478,6.12323
2024/02/14 05:45:30.01,458603.5559,5632401.5587,2950260.604,12.0,5.6885,18.225,7.551,-2.2928,-3.0024,6.25083
2024/02/14 05:45:31.01,458601.3127,5632398.9887,2950266.9761,12.0,5.6886,18.2236,7.5505,-2.39983,-2.74708,6.46496
2024/02/14 05:45:32.01,458598.9155,5632396.1507,2950273.4756,12.0,5.6888,18.2222,7.5501,-2.46394,-3.02562,6.62769
2024/02/14 05:45:33.01,458596.4073,5632392.8335,2950279.9605,12.0,5.6889,18.2208,7.5496,-2.70265,-3.11123,6.68392
2024/02/14 05:45:34.01,458593.7306,5632389.7809,2950286.837,12.0,5.6891,18.2194,7.5492,-2.66702,-3.21826,6.95276
2024/02/14 05:45:35.01,458591.0765,5632386.7734,2950293.903,12.0,5.6893,18.218,7.5487,-2.77867,-3.26686,7.2119
2024/02/14 05:45:36.01,458588.3159,5632383.3953,2950301.3593,12.0,5.6894,18.2166,7.5482,-2.78886,-3.4817,7.48204
2024/02/14 05:45:37.01,458585.4645,5632379.7799,2950309.0421,12.0,5.6896,18.2152,7.5478,-2.90038,-3.7678,7.84742
2024/02/14 05:45:38.01,458582.5087,5632375.6942,2950317.0232,12.0,5.6897,18.2138,7.5473,-2.85855,-3.72173,8.14631
2024/02/14 05:45:39.01,458579.7132,5632371.9376,2950325.3307,12.0,5.6899,18.2124,7.5468,-2.89472,-3.89172,8.26064
2024/02/14 05:45:40.01,458576.9631,5632368.5553,2950333.3903,12.0,5.69,18.211,7.5464,-2.67444,-3.57357,8.03794
2024/02/14 05:45:41.01,458574.2361,5632364.7462,2950341.3381,12.0,5.6902,18.2096,7.5459,-2.76089,-3.71502,7.86494
2024/02/14 05:45:42.01,458571.4204,5632360.8257,2950348.9838,12.0,5.6904,18.2082,7.5455,-2.76324,-3.50874,7.63597
2024/02/14 05:45:43.01,458568.7662,5632357.2823,2950356.5391,12.0,5.6905,18.2068,7.545,-2.5281,-3.45541,7.46236
2024/02/14 05:45:44.01,458566.2928,5632353.8786,2950363.5574,12.0,5.6907,18.2054,7.5445,-2.16275,-3.07903,6.30439
2024/02/14 05:45:45.01,458564.4449,5632351.4538,2950369.2308,12.0,5.6908,18.204,7.5441,-1.62175,-1.98058,4.99448
2024/02/14 05:45:46.01,458562.7396,5632349.3584,2950373.9436,12.0,5.691,18.2025,7.5436,-1.70209,-2.03949,4.56543
2024/02/14 05:45:47.01,458560.8871,5632346.971,2950378.2918,12.0,5.6911,18.2011,7.5432,-1.74144,-2.03979,4.48598
2024/02/14 05:45:48.01,458559.275,5632344.8319,2950382.9075,12.0,5.6913,18.1997,7.5427,-1.69303,-2.26906,4.69942
2024/02/14 05:45:49.01,458557.5924,5632342.7483,2950387.827,12.0,5.6915,18.1983,7.5422,-1.68744,-2.61707,4.95139
2024/02/14 05:45:50.01,458555.7412,5632340.0619,2950392.6028,12.0,5.6916,18.1969,7.5418,-1.67707,-2.27853,4.92262
2024/02/14 05:45:51.01,458554.2522,5632338.2657,2950397.7337,12.0,5.6918,18.1955,7.5413,-1.66749,-2.60691,5.09005
2024/02/14 05:45:52.01,458552.4883,5632335.6117,2950402.8118,12.0,5.6919,18.1941,7.5408,-1.63966,-2.35805,5.26963
2024/02/14 05:45:53.01,458550.8876,5632333.2343,2950408.2269,12.0,5.6921,18.1926,7.5404,-1.78055,-2.92348,5.16088
2024/02/14 05:45:54.01,458549.0686,5632330.5433,2950413.4004,12.0,5.6922,18.1912,7.5399,-1.69753,-2.75385,5.42665
2024/02/14 05:45:55.01,458547.2974,5632327.8705,2950418.8896,12.0,5.6924,18.1898,7.5395,-1.68493,-2.52936,5.47784
2024/02/14 05:45:56.01,458545.6893,5632325.1118,2950424.3539,12.0,5.6925,18.1884,7.539,-1.65752,-2.22475,5.39033
2024/02/14 05:45:57.01,458543.9581,5632322.3364,2950429.6255,12.0,5.6927,18.187,7.5385,-1.75363,-2.44692,5.10164
2024/02/14 05:45:58.01,458542.2422,5632320.0671,2950434.5846,12.0,5.6929,18.1856,7.5381,-1.75638,-2.43503,4.95035
2024/02/14 05:45:59.01,458540.3788,5632317.6783,2950439.4634,12.0,5.693,18.1841,7.5376,-1.75326,-2.43575,4.93137
2024/02/14 05:46:00.01,458538.5092,5632315.3847,2950444.5043,12.0,5.6932,18.1827,7.5371,-1.80546,-1.41095,5.28972
2024/02/14 05:46:01.00,458536.7879,5632312.9848,2950449.5969,11.0,5.9555,32.7012,10.1944,-1.85579,-2.3051,5.08513
2024/02/14 05:46:02.01,458535.064,5632310.7792,2950454.7343,11.0,5.9556,32.6984,10.1946,-1.71639,-2.73561,5.1602
2024/02/14 05:46:03.01,458533.4488,5632307.8035,2950459.7866,11.0,5.9557,32.6955,10.1948,-1.56112,-2.5622,5.2728
2024/02/14 05:46:04.01,458531.8868,5632305.1113,2950464.8518,11.0,5.9558,32.6926,10.195,-1.63161,-2.43592,5.29448
2024/02/14 05:46:05.01,458530.3744,5632302.8016,2950470.1953,11.0,5.9558,32.6897,10.1952,-1.71592,-2.50256,5.18966
2024/02/14 05:46:06.01,458529.1887,5632302.6941,2950476.6205,12.0,5.5226,29.8213,8.6487,-1.78704,-2.9384,5.4117
2024/02/14 05:46:07.01,458527.2434,5632299.4201,2950482.196,12.0,5.5227,29.8184,8.6487,-1.87264,-2.82601,6.06826
2024/02/14 05:46:08.01,458525.2878,5632297.257,2950488.5118,12.0,5.5227,29.8154,8.6487,-2.08184,-2.93163,6.33569
2024/02/14 05:46:09.01,458523.5419,5632294.9013,2950495.1947,12.0,5.5228,29.8125,8.6487,-1.90766,-2.86802,6.30679
2024/02/14 05:46:10.01,458521.657,5632290.7331,2950501.2725,12.0,5.5229,29.8095,8.6487,-1.80358,-2.93609,6.36299
2024/02/14 05:46:11.01,458520.1658,5632287.3789,2950507.6141,12.0,5.523,29.8065,8.6487,-1.40479,-3.22604,6.44168
2024/02/14 05:46:12.01,458518.9417,5632284.2249,2950514.0121,12.0,5.5231,29.8036,8.6487,-1.10785,-3.28211,6.46586
2024/02/14 05:46:13.01,458518.0802,5632280.7669,2950520.3786,12.0,5.5232,29.8006,8.6487,-0.84087,-3.06122,6.39068
2024/02/14 05:46:14.01,458517.3592,5632278.1413,2950526.8574,12.0,5.5232,29.7977,8.6488,-0.56321,-2.58522,6.42787
2024/02/14 05:46:15.01,458517.0311,5632274.7243,2950533.0411,12.0,5.5233,29.7947,8.6488,-0.19097,-2.80443,6.2811
2024/02/14 05:46:16.01,458516.8991,5632270.9938,2950539.0652,12.0,5.5234,29.7918,8.6488,-0.03199,-3.00049,6.26786
2024/02/14 05:46:17.01,458516.9539,5632267.5415,2950545.1631,12.0,5.5235,29.7888,8.6488,0.2436,-2.91903,6.15971
2024/02/14 05:46:18.01,458517.4194,5632264.7803,2950551.3856,12.0,5.5236,29.7858,8.6488,0.66329,-3.177,6.10158
2024/02/14 05:46:19.01,458518.0283,5632261.9458,2950557.6089,12.0,5.5236,29.7829,8.6488,0.80673,-3.2132,6.1128
2024/02/14 05:46:20.01,458519.0643,5632258.882,2950563.6879,12.0,5.5237,29.7799,8.6488,1.09788,-2.83301,6.03224
2024/02/14 05:46:21.01,458520.2458,5632255.7029,2950569.72,12.0,5.5238,29.7769,8.6488,1.22447,-3.20362,6.03041
2024/02/14 05:46:22.01,458521.4143,5632252.3795,2950575.7246,12.0,5.5239,29.774,8.6488,1.25038,-3.20716,5.98353
2024/02/14 05:46:23.01,458522.7918,5632248.5423,2950581.5149,12.0,5.524,29.771,8.6488,1.52367,-3.3358,5.88789
2024/02/14 05:46:24.01,458524.4688,5632245.6033,2950587.4433,12.0,5.5241,29.768,8.6488,1.81687,-2.84148,5.91152
2024/02/14 05:46:25.01,458526.5241,5632242.5315,2950593.261,12.0,5.5241,29.7651,8.6488,2.1722,-3.06985,5.77915
2024/02/14 05:46:26.01,458528.7471,5632239.7359,2950598.9673,12.0,5.5242,29.7621,8.6488,2.42803,-2.665,5.69102
2024/02/14 05:46:27.01,458531.3269,5632237.2361,2950604.6677,12.0,5.5243,29.7591,8.6488,2.61372,-3.11928,5.57836
2024/02/14 05:46:28.01,458534.2985,5632233.8314,2950610.4189,12.0,5.5244,29.7562,8.6488,3.05094,-3.30791,5.81979
2024/02/14 05:46:29.01,458537.734,5632230.5221,2950616.2396,12.0,5.5245,29.7532,8.6488,3.51431,-3.16311,6.07589
2024/02/14 05:46:30.01,458541.094,5632227.2739,2950622.0159,12.0,5.5246,29.7502,8.6488,3.09762,-3.018,5.9347
2024/02/14 05:46:31.01,458544.1728,5632223.9382,2950627.7483,12.0,5.5246,29.7473,8.6488,2.92517,-2.77948,5.6276
2024/02/14 05:46:32.01,458547.0926,5632221.1327,2950633.4923,12.0,5.5247,29.7443,8.6488,2.96838,-2.61409,5.74819
2024/02/14 05:46:33.01,458550.1913,5632218.3765,2950639.1988,12.0,5.5248,29.7413,8.6488,3.09819,-3.09814,5.72699
2024/02/14 05:46:34.01,458553.3254,5632215.6598,2950645.0247,12.0,5.5249,29.7384,8.6488,3.1454,-3.28662,5.72523
2024/02/14 05:46:35.01,458556.5444,5632212.143,2950650.68,12.0,5.525,29.7354,8.6488,3.10969,-3.2013,5.94183
2024/02/14 05:46:36.01,458559.7601,5632209.0346,2950656.6492,12.0,5.5251,29.7324,8.6488,3.33889,-3.09124,6.08527
2024/02/14 05:46:37.01,458563.135,5632205.1077,2950662.5583,12.0,5.5252,29.7295,8.6488,3.37276,-3.15041,6.1594
2024/02/14 05:46:38.01,458566.7869,5632201.9385,2950668.7014,12.0,5.5252,29.7265,8.6488,3.74967,-3.3356,6.15406
2024/02/14 05:46:39.01,458570.541,5632198.398,2950674.8554,12.0,5.5253,29.7235,8.6488,3.85265,-3.34034,6.2925
2024/02/14 05:46:40.01,458574.3508,5632194.7493,2950681.0484,12.0,5.5254,29.7205,8.6488,3.84835,-3.44682,6.43064
2024/02/14 05:46:41.01,458578.2496,5632191.8464,2950687.5731,12.0,5.5255,29.7176,8.6488,3.78624,-3.45783,6.54319
2024/02/14 05:46:42.01,458582.0583,5632187.9372,2950694.0199,12.0,5.5256,29.7146,8.6489,3.9024,-3.70971,6.56019
2024/02/14 05:46:43.01,458585.8714,5632184.2788,2950700.8579,12.0,5.5257,29.7116,8.6489,3.78977,-3.41931,6.67129
2024/02/14 05:46:44.01,458589.6968,5632180.6698,2950707.5312,12.0,5.5258,29.7087,8.6489,3.82563,-3.72518,6.5731
2024/02/14 05:46:45.01,458593.4445,5632177.9234,2950714.2372,12.0,5.5258,29.7057,8.6489,3.77281,-3.35467,6.45491
2024/02/14 05:46:46.01,458597.1695,5632174.0658,2950720.4898,12.0,5.5259,29.7027,8.6489,3.71477,-3.44206,6.24787
2024/02/14 05:46:47.01,458600.8441,5632171.3902,2950726.6679,12.0,5.526,29.6997,8.6489,3.57515,-3.06977,6.04684
2024/02/14 05:46:48.01,458604.3597,5632167.8886,2950732.5937,12.0,5.5261,29.6968,8.6489,3.49376,-3.2954,5.90128
2024/02/14 05:46:49.01,458607.904,5632164.8775,2950738.5838,12.0,5.5262,29.6938,8.6489,3.3718,-3.08272,5.83173
2024/02/14 05:46:50.01,458611.1875,5632161.8364,2950744.3564,12.0,5.5263,29.6908,8.6489,3.25687,-2.96978,5.5402
2024/02/14 05:46:51.01,458614.4493,5632159.0064,2950749.6792,12.0,5.5263,29.6878,8.6489,3.04947,-2.80471,5.18269
2024/02/14 05:46:52.01,458617.2756,5632156.2234,2950754.3979,12.0,5.5264,29.6848,8.6489,2.7539,-2.16067,4.459
2024/02/14 05:46:53.01,458619.8098,5632153.9635,2950758.3162,12.0,5.5265,29.6819,8.6489,2.40299,-2.15191,3.61464
2024/02/14 05:46:54.01,458621.9441,5632151.9958,2950761.6873,12.0,5.5266,29.6789,8.6489,1.74828,-1.63932,2.95105
2024/02/14 05:46:55.01,458623.5773,5632150.4362,2950764.4596,12.0,5.5267,29.6759,8.6489,1.62716,-1.63681,2.59985
2024/02/14 05:46:56.01,458624.9845,5632149.6172,2950767.1001,12.0,5.5268,29.6729,8.6489,1.57872,-1.50481,2.54683
2024/02/14 05:46:57.01,458626.5571,5632147.8793,2950769.6119,12.0,5.5269,29.6699,8.6489,1.60019,-1.66869,2.56911
2024/02/14 05:46:58.01,458628.257,5632146.2538,2950772.3453,12.0,5.5269,29.667,8.6489,1.72538,-1.46461,2.8718
2024/02/14 05:46:59.01,458629.9716,5632144.4662,2950775.0279,12.0,5.527,29.664,8.6489,1.54872,-1.51883,2.67665
2024/02/14 05:47:00.01,458631.353,5632142.6169,2950777.6355,12.0,5.5271,29.661,8.6489,1.38278,-1.38953,2.4565
2024/02/14 05:47:01.00,458632.6085,5632141.451,2950779.9857,12.0,5.5272,29.658,8.6489,1.12554,-0.88165,2.29377
2024/02/14 05:47:02.01,458633.6945,5632140.5101,2950782.1392,12.0,5.5273,29.655,8.6489,1.05148,-1.23095,1.82126
2024/02/14 05:47:03.01,458634.6572,5632140.0789,2950784.0277,12.0,5.5274,29.652,8.6489,0.75788,-0.74409,1.41914
2024/02/14 05:47:04.01,458635.3832,5632139.5578,2950785.2401,12.0,5.5275,29.6491,8.6489,0.6965,-0.87298,0.99741
2024/02/14 05:47:05.01,458636.013,5632138.8713,2950786.2238,12.0,5.5276,29.6461,8.6489,0.76408,-0.90592,1.31587
2024/02/14 05:47:06.01,458636.8476,5632138.5583,2950787.8725,12.0,5.5276,29.6431,8.6489,0.87581,-0.8213,1.72655
2024/02/14 05:47:07.01,458637.9003,5632137.6186,2950789.8116,12.0,5.5277,29.6401,8.6489,1.09023,-1.27908,1.79135
2024/02/14 05:47:08.01,458638.9504,5632136.1076,2950791.7082,12.0,5.5278,29.6371,8.6489,1.20029,-0.93696,2.10174
2024/02/14 05:47:09.01,458640.0429,5632135.0083,2950793.611,12.0,5.5279,29.6341,8.6489,1.17504,-1.18309,1.82344
2024/02/14 05:47:10.01,458641.1712,5632134.3764,2950795.501,12.0,5.528,29.6311,8.6489,0.95363,-0.67731,1.45956
2024/02/14 05:47:11.01,458641.8679,5632133.6472,2950796.5627,12.0,5.5281,29.6282,8.6489,0.50204,-0.37605,0.66785
2024/02/14 05:47:12.01,458642.2327,5632133.5294,2950797.0452,12.0,5.5282,29.6252,8.6489,0.29595,-0.43939,0.34623
2024/02/14 05:47:13.01,458642.4501,5632133.1297,2950797.2654,12.0,5.5282,29.6222,8.6489,0.28885,-0.02244,0.45867
2024/02/14 05:47:14.01,458642.898,5632133.7392,2950798.1691,12.0,5.5283,29.6192,8.6489,0.59056,-0.57773,0.87855
2024/02/14 05:47:15.01,458643.5673,5632133.3773,2950799.3014,12.0,5.5284,29.6162,8.6489,0.83969,-0.89467,1.07008
2024/02/14 05:47:16.01,458644.2363,5632132.071,2950800.1339,12.0,5.5285,29.6132,8.6489,0.59946,-0.56742,0.97864
2024/02/14 05:47:17.01,458645.0093,5632131.0562,2950801.1731,12.0,5.5286,29.6102,8.6489,0.76174,-0.51562,1.3134
2024/02/14 05:47:18.01,458645.7894,5632130.3008,2950802.41,12.0,5.5287,29.6072,8.6489,0.72933,-0.34627,1.29029
2024/02/14 05:47:19.01,458646.5371,5632129.7577,2950803.5568,12.0,5.5288,29.6042,8.6489,0.6337,-0.80946,1.01797
2024/02/14 05:47:20.01,458647.1696,5632128.9199,2950804.6895,12.0,5.5289,29.6013,8.6489,0.77973,-0.65141,1.24312
2024/02/14 05:47:21.01,458648.0226,5632128.1176,2950805.9718,12.0,5.5289,29.5983,8.6489,0.72334,-0.68197,1.47153
2024/02/14 05:47:22.01,458649.0042,5632127.0793,2950807.4381,12.0,5.529,29.5953,8.6489,1.03572,-0.96953,1.77796
2024/02/14 05:47:23.01,458649.8307,5632125.9984,2950809.0201,12.0,5.5291,29.5923,8.6489,0.76904,-0.8055,1.40119
2024/02/14 05:47:24.01,458650.7649,5632125.6526,2950810.5084,12.0,5.5292,29.5893,8.6489,0.92022,-0.94217,1.59515
2024/02/14 05:47:25.01,458651.7553,5632124.6928,2950812.3242,12.0,5.5293,29.5863,8.6489,1.13054,-0.93936,2.01305
2024/02/14 05:47:26.01,458652.9874,5632123.8623,2950814.478,12.0,5.5294,29.5833,8.6489,1.36502,-1.27448,2.28032
2024/02/14 05:47:27.01,458654.5258,5632123.0019,2950817.0371,12.0,5.5295,29.5803,8.6489,1.61714,-1.28259,2.56496
2024/02/14 05:47:28.01,458656.2234,5632121.2746,2950819.5555,12.0,5.5296,29.5773,8.6489,1.72226,-1.56731,2.64395
2024/02/14 05:47:29.01,458658.0119,5632119.4216,2950822.1947,12.0,5.5297,29.5743,8.6489,1.78165,-1.58713,2.79762
2024/02/14 05:47:30.01,458659.6348,5632117.6047,2950824.9039,12.0,5.5297,29.5713,8.6489,1.6106,-1.45109,2.81681
2024/02/14 05:47:31.01,458661.3214,5632116.2915,2950827.9342,12.0,5.5298,29.5683,8.6489,1.61965,-1.81574,2.98678
2024/02/14 05:47:32.01,458663.2033,5632114.7907,2950831.2438,12.0,5.5299,29.5653,8.6489,1.94135,-1.92005,3.38542
2024/02/14 05:47:33.01,458665.2446,5632112.7679,2950834.861,12.0,5.53,29.5623,8.6489,2.09217,-2.14962,3.62315
2024/02/14 05:47:34.01,458667.3198,5632110.6549,2950838.6295,12.0,5.5301,29.5594,8.6489,2.13707,-2.21051,3.78787
2024/02/14 05:47:35.01,458669.4528,5632108.6832,2950842.2589,12.0,5.5302,29.5564,8.6489,1.93785,-1.76955,3.59879
2024/02/14 05:47:36.01,458671.4772,5632107.0329,2950845.8044,12.0,5.5303,29.5534,8.6489,1.96183,-1.76289,3.35427
2024/02/14 05:47:37.01,458673.4851,5632104.6887,2950849.1018,12.0,5.5304,29.5504,8.6489,2.11838,-2.01335,3.6107
2024/02/14 05:47:38.01,458675.6822,5632102.2326,2950852.8538,12.0,5.5305,29.5474,8.6489,2.21515,-2.10287,4.01221
2024/02/14 05:47:39.01,458678.0804,5632099.3425,2950856.9731,12.0,5.5305,29.5444,8.6489,2.50917,-2.67113,4.46617
2024/02/14 05:47:40.01,458680.6586,5632096.8143,2950861.6057,12.0,5.5306,29.5414,8.6489,2.78848,-2.6798,4.83978
2024/02/14 05:47:41.01,458683.3974,5632094.1914,2950866.5732,12.0,5.5307,29.5384,8.6489,2.86642,-2.57164,5.08846
2024/02/14 05:47:42.01,458686.49,5632091.4369,2950871.7436,12.0,5.5308,29.5354,8.6489,3.20693,-3.1482,5.15276
2024/02/14 05:47:43.01,458689.7383,5632088.5136,2950877.108,12.0,5.5309,29.5324,8.6489,3.29657,-2.92179,5.42664
2024/02/14 05:47:44.01,458692.9931,5632085.9567,2950882.7072,12.0,5.531,29.5294,8.6489,3.37668,-2.91755,5.63406
2024/02/14 05:47:45.01,458696.4041,5632082.5571,2950888.3151,12.0,5.5311,29.5264,8.6489,3.41458,-2.86062,5.65313
2024/02/14 05:47:46.01,458699.7527,5632079.7832,2950894.1031,12.0,5.5312,29.5234,8.6488,3.27805,-3.1364,5.7559
2024/02/14 05:47:47.01,458703.1939,5632076.8847,2950900.0066,12.0,5.5313,29.5204,8.6488,3.42672,-2.85632,6.14486
2024/02/14 05:47:48.01,458706.5329,5632073.7266,2950905.9846,12.0,5.5314,29.5174,8.6488,3.31487,-3.28398,5.82416
2024/02/14 05:47:49.01,458709.727,5632070.8858,2950911.7667,12.0,5.5314,29.5144,8.6488,3.13946,-3.16178,5.55914
2024/02/14 05:47:50.01,458712.8902,5632068.0328,2950917.2666,12.0,5.5315,29.5114,8.6488,3.09928,-3.10814,5.503
2024/02/14 05:47:51.01,458716.0201,5632065.4622,2950922.9007,12.0,5.5316,29.5084,8.6488,3.33359,-3.32118,5.47211
2024/02/14 05:47:52.01,458719.3485,5632062.4172,2950928.5004,12.0,5.5317,29.5054,8.6488,3.34312,-3.07573,5.68543
2024/02/14 05:47:53.01,458722.7856,5632059.0423,2950934.0927,12.0,5.5318,29.5024,8.6488,3.56434,-2.90655,5.75911
2024/02/14 05:47:54.01,458726.3878,5632055.9187,2950939.862,12.0,5.5319,29.4994,8.6488,3.59004,-3.33657,5.78838
2024/02/14 05:47:55.01,458729.8924,5632052.4465,2950945.6781,12.0,5.532,29.4964,8.6488,3.44407,-3.19387,5.95007
2024/02/14 05:47:56.01,458733.2301,5632048.6331,2950951.3841,12.0,5.5321,29.4934,8.6488,3.39956,-2.68924,5.79733
2024/02/14 05:47:57.01,458736.7203,5632045.3937,2950957.087,12.0,5.5322,29.4904,8.6488,3.44241,-3.31575,5.65775
2024/02/14 05:47:58.01,458740.1842,5632042.7277,2950963.0551,12.0,5.5323,29.4874,8.6488,3.41457,-3.23765,5.88937
2024/02/14 05:47:59.01,458743.6188,5632039.3737,2950969.0335,12.0,5.5323,29.4844,8.6488,3.40129,-3.73074,5.92158
2024/02/14 05:48:00.01,458746.9573,5632035.8822,2950974.9673,12.0,5.5324,29.4814,8.6488,3.2627,-2.99718,5.85453
2024/02/14 05:48:01.00,458750.1694,5632032.8557,2950980.7229,12.0,5.5325,29.4784,8.6488,3.13135,-2.96821,5.71731
2024/02/14 05:48:02.01,458753.4468,5632030.1298,2950986.4773,12.0,5.5326,29.4754,8.6488,3.36765,-3.25044,5.74655
2024/02/14 05:48:03.01,458756.7759,5632027.2561,2950992.3955,12.0,5.5327,29.4724,8.6487,3.2508,-3.09021,5.80677
2024/02/14 05:48:04.01,458760.1748,5632023.4583,2950998.0552,12.0,5.5328,29.4694,8.6487,3.4115,-2.9853,5.86794
2024/02/14 05:48:05.01,458763.5993,5632020.6043,2951003.9333,12.0,5.5329,29.4664,8.6487,3.46784,-3.12279,5.74673
2024/02/14 05:48:06.01,458766.897,5632016.9907,2951009.4079,12.0,5.533,29.4634,8.6487,3.34051,-3.14483,5.59785
2024/02/14 05:48:07.01,458770.2283,5632013.8401,2951015.1737,12.0,5.5331,29.4604,8.6487,3.2469,-3.09793,5.67915
2024/02/14 05:48:08.01,458773.5123,5632010.6347,2951020.9602,12.0,5.5332,29.4574,8.6487,3.27533,-3.18335,5.82048
2024/02/14 05:48:09.01,458776.8767,5632008.2088,2951026.9622,12.0,5.5333,29.4543,8.6487,3.3449,-3.20976,5.945
2024/02/14 05:48:10.01,458780.2053,5632004.957,2951032.8588,12.0,5.5334,29.4513,8.6487,3.51271,-3.56232,5.92693
2024/02/14 05:48:11.01,458783.8006,5632001.2679,2951038.8527,12.0,5.5334,29.4483,8.6487,3.55988,-3.68375,5.92146
2024/02/14 05:48:12.01,458787.2784,5631998.0302,2951044.9423,12.0,5.5335,29.4453,8.6487,3.69576,-3.28563,5.91856
2024/02/14 05:48:13.01,458791.0799,5631994.4647,2951050.8052,12.0,5.5336,29.4423,8.6487,3.63546,-3.32118,5.85059
2024/02/14 05:48:14.01,458794.5569,5631991.3149,2951056.5981,12.0,5.5337,29.4393,8.6487,3.52875,-3.33031,5.6872
2024/02/14 05:48:15.01,458797.8891,5631987.8735,2951062.0837,12.0,5.5338,29.4363,8.6487,3.3282,-3.14696,5.61208
2024/02/14 05:48:16.01,458801.1967,5631984.4108,2951067.567,12.0,5.5339,29.4333,8.6487,3.28348,-3.11373,5.53125
2024/02/14 05:48:17.01,458804.3456,5631981.0435,2951073.1351,12.0,5.534,29.4303,8.6486,3.17631,-2.7954,5.5723
2024/02/14 05:48:18.01,458807.4982,5631978.365,2951078.6313,12.0,5.5341,29.4273,8.6486,3.04367,-3.02436,5.44531
2024/02/14 05:48:19.01,458810.5751,5631975.5993,2951084.0467,12.0,5.5342,29.4243,8.6486,3.07211,-3.11454,5.2708
2024/02/14 05:48:20.01,458813.5393,5631973.017,2951089.3782,12.0,5.5343,29.4213,8.6486,2.98318,-3.01562,5.32633
2024/02/14 05:48:21.01,458816.5189,5631970.0788,2951094.659,12.0,5.5344,29.4183,8.6486,2.7855,-2.57852,5.17402
2024/02/14 05:48:22.01,458819.3321,5631967.1276,2951099.7551,12.0,5.5345,29.4152,8.6486,2.62806,-2.68695,4.86353
2024/02/14 05:48:23.01,458821.8565,5631963.8576,2951104.38,12.0,5.5346,29.4122,8.6486,2.38837,-2.60632,4.66276
2024/02/14 05:48:24.01,458824.0751,5631961.4844,2951108.7268,12.0,5.5347,29.4092,8.6486,2.0698,-2.22855,3.91117
2024/02/14 05:48:25.01,458825.8951,5631959.7632,2951112.2685,12.0,5.5347,29.4062,8.6486,1.41253,-1.73415,2.98542
2024/02/14 05:48:26.01,458827.2917,5631957.6876,2951115.1452,12.0,5.5348,29.4032,8.6486,1.49079,-1.71902,2.84028
2024/02/14 05:48:27.01,458828.9768,5631956.2115,2951118.0823,12.0,5.5349,29.4002,8.6486,1.61886,-1.72029,3.03799
2024/02/14 05:48:28.01,458830.6803,5631954.359,2951121.3433,12.0,5.535,29.3972,8.6486,1.78906,-1.83883,3.36694
2024/02/14 05:48:29.01,458832.4077,5631952.0415,2951124.8984,12.0,5.5351,29.3942,8.6486,1.85739,-2.0444,3.84677
2024/02/14 05:48:30.01,458834.2592,5631950.0049,2951129.0894,12.0,5.5352,29.3911,8.6485,1.93233,-2.38586,4.25373
2024/02/14 05:48:31.01,458836.4061,5631947.7079,2951133.3141,12.0,5.5353,29.3881,8.6485,2.26191,-2.43322,4.2823
2024/02/14 05:48:32.01,458838.7568,5631945.4515,2951137.4634,12.0,5.5354,29.3851,8.6485,2.43899,-2.14371,4.15032
2024/02/14 05:48:33.01,458841.2085,5631943.7771,2951141.7562,12.0,5.5355,29.3821,8.6485,2.66081,-2.24425,4.29409
2024/02/14 05:48:34.01,458843.8826,5631941.6074,2951145.9365,12.0,5.5356,29.3791,8.6485,2.62156,-2.42598,4.33287
2024/02/14 05:48:35.01,458846.5391,5631938.403,2951150.1157,12.0,5.5357,29.3761,8.6485,2.73896,-2.55937,4.30189
2024/02/14 05:48:36.01,458849.2275,5631935.9714,2951154.3298,12.0,5.5358,29.3731,8.6485,2.85758,-2.3172,4.27644
2024/02/14 05:48:37.01,458852.0978,5631933.5888,2951158.6625,12.0,5.5359,29.37,8.6485,2.97598,-2.35284,4.41753
2024/02/14 05:48:38.01,458855.2415,5631930.4699,2951163.208,12.0,5.536,29.367,8.6485,3.3593,-3.03288,4.50559
2024/02/14 05:48:39.01,458858.6695,5631927.8206,2951167.8259,12.0,5.5361,29.364,8.6485,3.30413,-2.66786,4.67742
2024/02/14 05:48:40.01,458861.8695,5631925.9047,2951172.6028,12.0,5.5362,29.361,8.6485,3.27557,-2.43101,4.69935
2024/02/14 05:48:41.01,458864.9522,5631923.4599,2951177.146,12.0,5.5362,29.358,8.6484,2.99795,-2.37501,4.60635
2024/02/14 05:48:42.01,458867.7435,5631921.1221,2951181.4832,12.0,5.5363,29.355,8.6484,2.68239,-2.61867,4.2293
2024/02/14 05:48:43.01,458870.0979,5631918.8886,2951185.7128,12.0,5.5364,29.3519,8.6484,2.2223,-2.28929,4.2302
2024/02/14 05:48:44.01,458872.4441,5631917.1567,2951190.3008,12.0,5.5365,29.3489,8.6484,2.22477,-2.36471,4.53184
2024/02/14 05:48:45.01,458874.6936,5631914.6418,2951194.9542,12.0,5.5366,29.3459,8.6484,2.1202,-2.30575,4.86192
2024/02/14 05:48:46.01,458876.7582,5631912.058,2951199.8379,12.0,5.5367,29.3429,8.6484,2.0262,-2.54588,4.97705
2024/02/14 05:48:47.01,458878.9928,5631909.4779,2951205.0682,12.0,5.5368,29.3399,8.6484,2.49717,-2.94241,5.38431
2024/02/14 05:48:48.01,458881.8061,5631907.1811,2951210.9108,12.0,5.5369,29.3369,8.6484,3.04903,-3.38689,5.93955
2024/02/14 05:48:49.01,458885.1638,5631904.0872,2951216.92,12.0,5.537,29.3338,8.6484,3.46847,-3.39825,5.74636
2024/02/14 05:48:50.01,458888.7223,5631901.1621,2951222.6041,12.0,5.5371,29.3308,8.6483,3.47827,-2.27082,5.65777
2024/02/14 05:48:51.01,458892.2767,5631897.7984,2951228.0965,12.0,5.5372,29.3278,8.6483,3.69365,-3.25456,5.56139
2024/02/14 05:48:52.01,458895.978,5631894.2718,2951233.8008,12.0,5.5373,29.3248,8.6483,3.74242,-3.07445,5.89453
2024/02/14 05:48:53.01,458899.71,5631890.5681,2951239.805,12.0,5.5374,29.3218,8.6483,3.97503,-3.07229,6.13574
2024/02/14 05:48:54.01,458903.7264,5631887.9139,2951246.2705,12.0,5.5375,29.3187,8.6483,4.18044,-3.52067,6.43636
2024/02/14 05:48:55.01,458907.9971,5631884.3394,2951253.0207,12.0,5.5376,29.3157,8.6483,4.23946,-3.93869,6.83918
2024/02/14 05:48:56.01,458912.4064,5631880.3794,2951260.002,12.0,5.5377,29.3127,8.6483,4.42439,-3.80112,7.2621
2024/02/14 05:48:57.01,458916.8798,5631875.7667,2951267.2479,12.0,5.5378,29.3097,8.6483,4.54492,-4.37439,7.45174
2024/02/14 05:48:58.01,458921.5999,5631871.1502,2951274.8231,12.0,5.5379,29.3067,8.6482,4.73315,-4.33315,7.74043
2024/02/14 05:48:59.01,458926.3698,5631866.6838,2951282.633,12.0,5.538,29.3036,8.6482,4.83884,-4.21299,8.00699
2024/02/14 05:49:00.01,458931.2527,5631862.0729,2951290.6251,12.0,5.5381,29.3006,8.6482,4.96965,-4.27384,8.17692
2024/02/14 05:49:01.00,458936.1691,5631857.2589,2951298.8324,12.0,5.5381,29.2976,8.6482,4.92151,-4.90488,8.24419
2024/02/14 05:49:02.01,458941.2936,5631852.5148,2951307.1451,12.0,5.5382,29.2946,8.6482,5.12126,-4.82347,8.33949
2024/02/14 05:49:03.01,458946.4786,5631848.09,2951315.6159,12.0,5.5383,29.2916,8.6482,5.20281,-4.74368,8.4941
2024/02/14 05:49:04.01,458951.5902,5631843.0966,2951324.0775,12.0,5.5384,29.2885,8.6482,5.09311,-4.77126,8.6831
2024/02/14 05:49:05.01,458956.8247,5631838.4567,2951332.7141,12.0,5.5385,29.2855,8.6481,5.36192,-4.68409,8.70088
2024/02/14 05:49:06.01,458962.1036,5631834.1382,2951341.4746,12.0,5.5386,29.2825,8.6481,5.21788,-4.88121,8.79989
2024/02/14 05:49:07.01,458967.4137,5631829.4961,2951350.3157,12.0,5.5387,29.2795,8.6481,5.16837,-4.97987,8.71428
2024/02/14 05:49:08.01,458972.8584,5631824.8326,2951359.0376,12.0,5.5388,29.2765,8.6481,5.26906,-4.75473,8.6175
2024/02/14 05:49:09.01,458977.9716,5631820.3012,2951367.5403,12.0,5.5389,29.2734,8.6481,5.05167,-4.54532,8.39189
2024/02/14 05:49:10.01,458983.1152,5631815.2849,2951375.6461,12.0,5.539,29.2704,8.6481,4.98152,-4.36891,8.04284
2024/02/14 05:49:11.01,458988.0923,5631810.9239,2951383.5377,12.0,5.5391,29.2674,8.6481,4.74843,-4.16182,7.82364
2024/02/14 05:49:12.01,458992.8298,5631806.3752,2951391.1299,12.0,5.5392,29.2644,8.648,4.55343,-4.2337,7.44822
2024/02/14 05:49:13.01,458997.2383,5631802.7274,2951398.4397,12.0,5.5393,29.2613,8.648,4.25506,-3.99866,6.85005
2024/02/14 05:49:14.01,459001.382,5631798.8731,2951405.1432,12.0,5.5394,29.2583,8.648,4.01852,-3.4577,6.70785
2024/02/14 05:49:15.01,459005.4075,5631795.2823,2951411.7693,12.0,5.5395,29.2553,8.648,3.9892,-3.6743,6.36073
2024/02/14 05:49:16.01,459009.3746,5631791.5958,2951417.7226,12.0,5.5396,29.2523,8.648,3.91654,-3.34637,5.89229
2024/02/14 05:49:17.01,459013.5322,5631787.8829,2951423.3882,12.0,5.5397,29.2492,8.648,4.38155,-3.51449,5.62677
2024/02/14 05:49:18.01,459018.0604,5631784.9107,2951429.1187,12.0,5.5398,29.2462,8.648,4.60908,-3.39408,5.51308
2024/02/14 05:49:19.01,459022.8021,5631782.0172,2951434.8304,12.0,5.5399,29.2432,8.6479,4.75776,-2.98618,5.60872
2024/02/14 05:49:20.01,459027.5748,5631779.0355,2951440.5702,12.0,5.54,29.2402,8.6479,4.84711,-2.98906,5.73908
2024/02/14 05:49:21.01,459032.4499,5631775.0989,2951446.0348,12.0,5.5401,29.2371,8.6479,5.14184,-3.40758,5.56931
2024/02/14 05:49:22.01,459037.5012,5631772.3499,2951451.5024,12.0,5.5402,29.2341,8.6479,5.03226,-3.49211,5.54005
2024/02/14 05:49:23.01,459042.4731,5631768.8857,2951457.2238,12.0,5.5403,29.2311,8.6479,5.01193,-3.31866,5.7311
2024/02/14 05:49:24.01,459047.5482,5631765.1375,2951462.7219,12.0,5.5404,29.228,8.6479,5.28338,-3.45712,5.63113
2024/02/14 05:49:25.01,459052.8263,5631761.6033,2951468.3775,12.0,5.5405,29.225,8.6479,5.36463,-3.25966,5.69345
2024/02/14 05:49:26.01,459058.238,5631757.6944,2951473.9524,12.0,5.5406,29.222,8.6478,5.44722,-3.35741,5.58171
2024/02/14 05:49:27.01,459063.7627,5631755.1821,2951479.6083,12.0,5.5407,29.219,8.6478,5.5085,-3.20984,5.34873
2024/02/14 05:49:28.01,459069.3149,5631752.5404,2951484.9351,12.0,5.5408,29.2159,8.6478,5.37351,-2.89548,5.05652
2024/02/14 05:49:29.01,459074.7223,5631749.4818,2951489.7497,12.0,5.5409,29.2129,8.6478,5.18216,-2.79251,4.85851
2024/02/14 05:49:30.01,459079.7853,5631746.9191,2951494.4852,12.0,5.541,29.2099,8.6478,5.0451,-2.71988,4.46264
2024/02/14 05:49:31.01,459084.6602,5631744.7639,2951498.8424,12.0,5.5411,29.2068,8.6478,4.88695,-2.39421,4.20518
2024/02/14 05:49:32.01,459089.4345,5631742.4359,2951502.861,12.0,5.5412,29.2038,8.6477,4.71251,-2.36164,3.96261
2024/02/14 05:49:33.01,459094.1169,5631739.777,2951506.804,12.0,5.5413,29.2008,8.6477,4.76947,-2.52628,3.8562
2024/02/14 05:49:34.01,459098.7582,5631738.4693,2951511.0657,12.0,5.5414,29.1977,8.6477,4.77826,-2.03212,3.93073
2024/02/14 05:49:35.01,459103.5898,5631735.9937,2951514.8909,12.0,5.5415,29.1947,8.6477,4.81564,-2.07751,3.61691
2024/02/14 05:49:36.01,459108.3919,5631733.1983,2951518.3086,12.0,5.5416,29.1917,8.6477,4.79203,-2.13323,3.42016
2024/02/14 05:49:37.01,459113.2249,5631730.8254,2951521.536,12.0,5.5417,29.1886,8.6477,4.71828,-2.16009,3.21545
2024/02/14 05:49:38.01,459117.6874,5631728.5518,2951524.888,12.0,5.5418,29.1856,8.6477,4.50616,-1.99104,3.18279
2024/02/14 05:49:39.01,459122.0032,5631726.9877,2951528.0745,12.0,5.5419,29.1826,8.6476,4.12947,-1.93105,3.15464
2024/02/14 05:49:40.01,459125.9506,5631725.8246,2951531.5313,12.0,5.542,29.1795,8.6476,3.85798,-1.91636,3.19254
2024/02/14 05:49:41.01,459129.8457,5631723.924,2951534.7318,12.0,5.5421,29.1765,8.6476,3.82648,-1.62003,3.12396
2024/02/14 05:49:42.01,459133.7999,5631721.8112,2951537.8103,12.0,5.5422,29.1735,8.6476,4.0568,-1.72773,3.04362
2024/02/14 05:49:43.01,459137.9061,5631719.9289,2951540.7208,12.0,5.5422,29.1704,8.6476,4.15323,-1.70683,2.97155
2024/02/14 05:49:44.01,459142.1945,5631718.093,2951543.5205,12.0,5.5423,29.1674,8.6476,4.45948,-1.63827,2.7457
2024/02/14 05:49:45.01,459146.7291,5631716.5305,2951546.0833,12.0,5.5424,29.1644,8.6475,4.64651,-1.46384,2.32444
2024/02/14 05:49:46.01,459151.3729,5631715.7122,2951548.4064,12.0,5.5425,29.1613,8.6475,4.71624,-1.59891,1.74204
2024/02/14 05:49:47.01,459155.9477,5631714.1973,2951550.2266,12.0,5.5426,29.1583,8.6475,4.46701,-1.22187,1.69939
2024/02/14 05:49:48.01,459160.2212,5631712.7528,2951551.839,12.0,5.5427,29.1553,8.6475,4.1539,-1.31179,1.704
2024/02/14 05:49:49.01,459164.4013,5631711.5321,2951553.5552,12.0,5.5428,29.1522,8.6475,3.79263,-1.15948,1.69117
2024/02/14 05:49:50.01,459167.8383,5631710.3587,2951555.1047,12.0,5.5429,29.1492,8.6475,3.18939,-0.72389,1.48539
2024/02/14 05:49:51.01,459170.7986,5631709.0739,2951556.4322,12.0,5.543,29.1461,8.6475,2.72111,-1.13388,1.22835
2024/02/14 05:49:52.01,459173.443,5631708.8223,2951557.7423,12.0,5.5431,29.1431,8.6474,2.58752,-0.83859,1.2496
2024/02/14 05:49:53.01,459175.6862,5631707.9196,2951558.8131,12.0,5.5432,29.1401,8.6474,1.8494,-0.40825,0.9607
2024/02/14 05:49:54.01,459177.2934,5631707.8761,2951559.5782,12.0,5.5433,29.137,8.6474,1.36747,-0.46256,0.57814
2024/02/14 05:49:55.01,459178.5622,5631707.6905,2951560.1377,12.0,5.5434,29.134,8.6474,1.22582,-0.55074,0.34025
2024/02/14 05:49:56.01,459179.6157,5631707.1809,2951560.639,12.0,5.5435,29.1309,8.6474,1.01331,-0.17804,0.26357
2024/02/14 05:49:57.01,459180.617,5631707.3188,2951561.0246,12.0,5.5436,29.1279,8.6474,0.96728,-0.32959,0.34071
2024/02/14 05:49:58.01,459181.6677,5631707.0584,2951561.4521,12.0,5.5437,29.1249,8.6473,1.26518,-0.59555,0.41037
2024/02/14 05:49:59.01,459183.2633,5631706.9625,2951562.0517,12.0,5.5438,29.1218,8.6473,1.66304,-0.69644,0.30006
2024/02/14 05:50:00.01,459184.8516,5631706.705,2951562.3801,12.0,5.5439,29.1188,8.6473,1.37657,-0.26309,0.78303
2024/02/14 05:50:01.00,459186.4447,5631705.3759,2951562.7014,12.0,5.544,29.1157,8.6473,1.45356,-0.52795,0.69408
2024/02/14 05:50:02.01,459188.1137,5631705.2946,2951563.4058,12.0,5.5441,29.1127,8.6473,1.83438,-0.47758,0.4688
2024/02/14 05:50:03.01,459189.9912,5631704.3433,2951563.9495,12.0,5.5442,29.1097,8.6473,1.92295,-0.52176,0.89878
2024/02/14 05:50:04.01,459192.0154,5631703.7001,2951564.3845,12.0,5.5443,29.1066,8.6472,2.0864,-0.51872,0.58782
2024/02/14 05:50:05.01,459193.9752,5631703.3323,2951565.1469,12.0,5.5444,29.1036,8.6472,1.83444,-0.73678,0.37183
2024/02/14 05:50:06.01,459195.7423,5631702.7934,2951565.6612,12.0,5.5445,29.1005,8.6472,1.63112,-0.73704,0.4916
2024/02/14 05:50:07.01,459197.2665,5631702.688,2951566.4164,12.0,5.5446,29.0975,8.6472,1.35174,-0.05753,0.86486
2024/02/14 05:50:08.01,459198.9005,5631702.295,2951567.2852,12.0,5.5447,29.0944,8.6472,1.81055,-0.35023,0.94991
2024/02/14 05:50:09.01,459200.9159,5631701.2994,2951567.954,12.0,5.5448,29.0914,8.6472,1.91339,-1.10778,0.71541
2024/02/14 05:50:10.01,459202.9406,5631699.9936,2951568.8719,12.0,5.5449,29.0884,8.6471,1.9127,-0.4213,1.0808
2024/02/14 05:50:11.01,459204.8321,5631699.3677,2951569.8365,12.0,5.545,29.0853,8.6471,1.82677,-0.51345,0.97325
2024/02/14 05:50:12.01,459206.5067,5631699.6288,2951570.8471,12.0,5.5451,29.0823,8.6471,1.7635,0.37942,0.82882
2024/02/14 05:50:13.01,459208.0103,5631699.8972,2951571.6765,12.0,5.5452,29.0792,8.6471,1.67932,0.0963,0.52
2024/02/14 05:50:14.01,459209.3427,5631699.0395,2951572.3046,12.0,5.5453,29.0762,8.6471,1.29108,-0.16069,0.82606
2024/02/14 05:50:15.01,459210.7017,5631698.5531,2951572.9899,12.0,5.5454,29.0731,8.647,1.34805,-0.50427,0.55255
2024/02/14 05:50:16.01,459212.0013,5631698.0712,2951573.7508,12.0,5.5455,29.0701,8.647,1.1969,-0.61653,0.84386
2024/02/14 05:50:17.01,459213.4303,5631697.0916,2951574.1739,12.0,5.5456,29.0671,8.647,1.40447,0.27981,0.67114
2024/02/14 05:50:18.01,459214.571,5631697.2122,2951574.6376,12.0,5.5457,29.064,8.647,1.03023,0.31197,0.39614
2024/02/14 05:50:19.01,459215.5695,5631697.0937,2951575.0015,12.0,5.5459,29.061,8.647,1.03009,-0.2314,0.4244
2024/02/14 05:50:20.01,459216.8562,5631696.3871,2951575.6921,12.0,5.546,29.0579,8.647,1.43693,-0.17559,0.75072
2024/02/14 05:50:21.01,459218.3663,5631696.0558,2951576.4972,12.0,5.5461,29.0549,8.6469,1.56224,-0.54611,0.89154
2024/02/14 05:50:22.01,459220.1485,5631695.5186,2951577.3848,12.0,5.5462,29.0518,8.6469,1.99907,-0.85018,1.01268
2024/02/14 05:50:23.01,459222.2049,5631694.5643,2951578.4419,12.0,5.5463,29.0488,8.6469,2.1299,-1.30846,0.95638
2024/02/14 05:50:24.01,459224.228,5631694.4565,2951579.5162,12.0,5.5464,29.0457,8.6469,1.92495,0.47629,1.40237
2024/02/14 05:50:25.01,459225.8531,5631695.8248,2951581.2511,12.0,5.5465,29.0427,8.6469,2.79273,-2.17022,0.45859
2024/02/14 05:50:26.01,459226.1391,5631702.0175,2951584.5578,12.0,5.5466,29.0396,8.6468,0.61728,4.3621,2.81568
2024/02/14 05:50:27.01,459231.689,5631686.0218,2951581.2349,11.0,9.7435,43.3555,12.9632,2.8751,-2.42565,0.48257
2024/02/14 05:50:28.01,459232.8631,5631686.7805,2951583.3058,11.0,9.7431,43.3472,12.9624,2.11005,-1.26218,1.31751
2024/02/14 05:50:29.01,459234.6078,5631687.0738,2951585.1902,11.0,9.7428,43.339,12.9615,2.14892,-1.48753,1.34988
2024/02/14 05:50:30.01,459235.0598,5631687.5067,2951587.6246,10.0,10.5186,43.3367,13.2047,2.119,-1.46352,1.07527
2024/02/14 05:50:31.01,459236.7502,5631685.9918,2951588.5386,10.0,10.5185,43.3284,13.2039,1.75668,-0.67015,0.76314
2024/02/14 05:50:32.01,459238.4325,5631685.7314,2951589.1212,10.0,10.5184,43.3201,13.2031,4.32018,-2.97345,-1.72692
2024/02/14 05:50:33.01,459247.9714,5631678.0836,2951583.3412,10.0,10.5183,43.3119,13.2023,3.09818,-1.63157,-0.79693
2024/02/14 05:50:34.01,459241.5829,5631684.3564,2951589.9999,9.0,17.665,45.1688,17.1261,1.32743,-0.09639,0.99102
2024/02/14 05:50:35.01,459246.1888,5631699.7365,2951591.2485,11.0,5.6704,31.0387,8.6764,3.17917,3.92315,0.88525
2024/02/14 05:50:36.01,459247.2722,5631681.8228,2951590.5939,12.0,5.5476,29.0092,8.6466,2.19606,-0.39365,1.2856
2024/02/14 05:50:37.01,459249.9234,5631683.2249,2951591.8877,12.0,5.5477,29.0061,8.6466,2.22131,-0.73315,0.96876
2024/02/14 05:50:38.01,459252.0347,5631683.8144,2951592.8495,12.0,5.5478,29.0031,8.6466,1.88395,-0.42959,0.92484
2024/02/14 05:50:39.01,459253.9261,5631683.7717,2951594.0391,12.0,5.5479,29.0,8.6466,2.00922,-0.77993,1.1407
2024/02/14 05:50:40.01,459255.9815,5631682.8308,2951595.2009,12.0,5.548,28.997,8.6466,2.17862,-0.79714,1.03695
2024/02/14 05:50:41.01,459258.0182,5631682.7994,2951596.5552,12.0,5.5481,28.9939,8.6465,1.96656,-0.991,0.97666
2024/02/14 05:50:42.01,459259.8021,5631682.1243,2951597.5146,12.0,5.5482,28.9909,8.6465,1.51451,-0.50414,1.02936
2024/02/14 05:50:43.01,459261.2856,5631680.8914,2951598.3795,12.0,5.5483,28.9878,8.6465,1.43676,-0.4733,0.97922
2024/02/14 05:50:44.01,459262.6629,5631681.0376,2951599.2998,12.0,5.5484,28.9848,8.6465,1.26458,-0.42716,0.7076
2024/02/14 05:50:45.01,459263.9129,5631679.5302,2951599.7139,12.0,5.5485,28.9817,8.6465,1.1132,-0.40262,0.70202
2024/02/14 05:50:46.01,459265.0228,5631679.0898,2951600.3644,12.0,5.5486,28.9787,8.6464,1.09376,-0.67503,0.63734
2024/02/14 05:50:47.01,459265.9409,5631678.4143,2951600.8848,12.0,5.5487,28.9756,8.6464,0.99889,0.7543,0.88286
2024/02/14 05:50:48.01,459266.7874,5631678.1528,2951601.4662,12.0,5.5488,28.9726,8.6464,0.82348,-0.09188,0.60885
2024/02/14 05:50:49.01,459267.6053,5631678.3432,2951601.9713,12.0,5.5489,28.9695,8.6464,0.93587,-0.61766,0.37544
2024/02/14 05:50:50.01,459268.2883,5631677.7418,2951602.469,12.0,5.549,28.9665,8.6464,0.66955,0.30004,0.49589
2024/02/14 05:50:51.01,459268.986,5631677.7648,2951603.0205,12.0,5.5491,28.9634,8.6463,0.60183,-0.08198,0.36301
2024/02/14 05:50:52.01,459269.589,5631677.395,2951603.3776,12.0,5.5492,28.9604,8.6463,0.66315,-0.4994,0.20652
2024/02/14 05:50:53.01,459270.3033,5631677.2399,2951603.6501,12.0,5.5493,28.9573,8.6463,0.77574,-0.49112,0.34288
2024/02/14 05:50:54.01,459271.1761,5631676.8378,2951603.9299,12.0,5.5494,28.9543,8.6463,0.92563,-0.2893,0.36439
2024/02/14 05:50:55.01,459272.1014,5631677.1529,2951604.4118,12.0,5.5495,28.9512,8.6462,0.96675,-0.51147,0.34141
2024/02/14 05:50:56.01,459272.7855,5631677.1575,2951604.8223,12.0,5.5496,28.9482,8.6462,0.7956,-0.3192,0.37436
2024/02/14 05:50:57.01,459273.5191,5631677.009,2951605.1693,12.0,5.5497,28.9451,8.6462,0.59771,-0.58164,0.3155
2024/02/14 05:50:58.01,459274.0233,5631676.799,2951605.522,12.0,5.5499,28.942,8.6462,0.60059,-0.06196,0.41151
2024/02/14 05:50:59.01,459274.4904,5631676.3558,2951605.7365,12.0,5.55,28.939,8.6462,0.52164,-0.1878,0.26001
2024/02/14 05:51:00.01,459274.8831,5631676.3265,2951606.0279,12.0,5.5501,28.9359,8.6461,0.40593,0.13234,0.38523
2024/02/14 05:51:01.00,459275.2362,5631676.1759,2951606.2422,12.0,5.5502,28.9329,8.6461,0.35648,-0.10059,0.25584
2024/02/14 05:51:02.01,459275.4221,5631676.8853,2951606.6308,12.0,5.5503,28.9298,8.6461,0.23716,-0.3881,0.07171
2024/02/14 05:51:03.01,459275.685,5631676.5173,2951606.679,12.0,5.5504,28.9268,8.6461,0.18647,0.05972,0.15528
2024/02/14 05:51:04.01,459275.9624,5631676.3221,2951606.6852,12.0,5.5505,28.9237,8.646,0.13469,-0.03401,0.12637
2024/02/14 05:51:05.01,459276.2244,5631676.0574,2951607.0461,12.0,5.5506,28.9207,8.646,0.34931,-0.13288,0.19336
2024/02/14 05:51:06.01,459276.6776,5631676.2928,2951607.4171,12.0,5.5507,28.9176,8.646,0.59397,0.0467,0.43418
2024/02/14 05:51:07.01,459277.2984,5631675.6414,2951607.7776,12.0,5.5508,28.9146,8.646,0.76012,0.19219,0.70251
2024/02/14 05:51:08.01,459278.0584,5631674.9409,2951608.27,12.0,5.5509,28.9115,8.6459,-0.46166,4.14458,1.77886
2024/02/14 05:51:09.01,459278.8808,5631674.3879,2951608.7048,12.0,5.551,28.9085,8.6459,0.76225,-0.67809,0.36935
2024/02/14 05:51:10.01,459279.7831,5631673.7851,2951609.3219,12.0,5.5511,28.9054,8.6459,0.91305,-0.37362,0.59921
2024/02/14 05:51:11.01,459280.8134,5631673.3267,2951609.9114,12.0,5.5512,28.9023,8.6459,1.04537,-0.4876,0.64403
2024/02/14 05:51:12.01,459281.8857,5631672.9389,2951610.6471,12.0,5.5513,28.8993,8.6459,1.06418,-0.46551,0.70688
2024/02/14 05:51:13.01,459283.0507,5631672.2898,2951611.3436,12.0,5.5514,28.8962,8.6458,1.11257,-0.20099,0.83917
2024/02/14 05:51:14.01,459284.239,5631672.5167,2951612.1959,12.0,5.5515,28.8932,8.6458,1.2558,-0.05789,0.79228
2024/02/14 05:51:15.01,459285.5821,5631671.8957,2951612.8601,12.0,5.5516,28.8901,8.6458,1.18667,-0.12857,0.71785
2024/02/14 05:51:16.01,459286.7175,5631670.7818,2951613.427,12.0,5.5517,28.8871,8.6458,1.30688,-0.61841,0.56679
2024/02/14 05:51:17.01,459288.0096,5631670.0944,2951613.8427,12.0,5.5518,28.884,8.6457,1.26384,-0.42353,0.50715
2024/02/14 05:51:18.01,459289.4357,5631670.0297,2951614.5724,12.0,5.5519,28.8809,8.6457,1.50932,-0.53401,0.71105
2024/02/14 05:51:19.01,459290.9915,5631669.5715,2951615.4307,12.0,5.5521,28.8779,8.6457,1.75425,-0.91585,1.03231
2024/02/14 05:51:20.01,459292.857,5631668.6165,2951616.6109,12.0,5.5522,28.8748,8.6457,1.96567,-0.95276,1.13053
2024/02/14 05:51:21.01,459294.8131,5631669.0377,2951618.0943,12.0,5.5523,28.8718,8.6456,1.94624,-0.75849,1.10297
2024/02/14 05:51:22.01,459296.6151,5631668.2258,2951619.2125,12.0,5.5524,28.8687,8.6456,1.78106,-0.80866,1.03344
2024/02/14 05:51:23.01,459298.5586,5631666.8809,2951620.3197,12.0,5.5525,28.8657,8.6456,2.20041,-0.9326,1.2215
2024/02/14 05:51:24.01,459300.8113,5631666.5685,2951621.6976,12.0,5.5526,28.8626,8.6456,2.45208,-1.07005,1.34804
2024/02/14 05:51:25.01,459303.3118,5631665.3689,2951623.018,12.0,5.5527,28.8595,8.6455,2.64695,-1.20862,1.36975
2024/02/14 05:51:26.01,459306.0048,5631664.3013,2951624.4945,12.0,5.5528,28.8565,8.6455,2.7638,-1.3365,1.43622
2024/02/14 05:51:27.01,459308.8847,5631662.8836,2951625.9201,12.0,5.5529,28.8534,8.6455,2.89111,-1.26538,1.52906
2024/02/14 05:51:28.01,459311.7795,5631662.3892,2951627.3941,12.0,5.553,28.8504,8.6455,2.67018,-1.16588,1.23196
2024/02/14 05:51:29.01,459314.5418,5631661.1253,2951628.511,12.0,5.5531,28.8473,8.6454,2.80808,-1.19677,1.39589
2024/02/14 05:51:30.01,459317.421,5631659.7032,2951630.0676,12.0,5.5532,28.8443,8.6454,2.97953,-1.09787,1.84238
2024/02/14 05:51:31.01,459320.5281,5631658.8079,2951631.9125,12.0,5.5533,28.8412,8.6454,3.14567,-1.03741,1.85286
2024/02/14 05:51:32.01,459323.9075,5631658.016,2951633.8447,12.0,5.5534,28.8381,8.6453,3.36138,-1.04152,1.65966
2024/02/14 05:51:33.01,459327.1973,5631656.7863,2951635.3615,12.0,5.5535,28.8351,8.6453,3.26179,-1.45381,1.30407
2024/02/14 05:51:34.01,459330.425,5631655.8161,2951636.4197,12.0,5.5536,28.832,8.6453,3.4422,-0.90581,0.83653
2024/02/14 05:51:35.01,459333.7679,5631655.0468,2951637.218,12.0,5.5538,28.829,8.6453,3.15178,-0.97506,0.63206
2024/02/14 05:51:36.01,459337.0654,5631654.9269,2951637.0772,12.0,5.5539,28.8259,8.6452,3.11288,0.73546,-0.46515
2024/02/14 05:51:37.01,459340.2496,5631655.2704,2951636.0607,12.0,5.554,28.8228,8.6452,3.05646,0.72839,-1.21994
2024/02/14 05:51:38.01,459342.8628,5631655.6199,2951634.2301,12.0,5.5541,28.8198,8.6452,2.71185,1.06554,-1.99316
2024/02/14 05:51:39.01,459345.4283,5631656.5426,2951631.851,12.0,5.5542,28.8167,8.6452,2.50143,1.965,-2.43552
2024/02/14 05:51:40.01,459348.0194,5631657.5977,2951628.9691,12.0,5.5543,28.8137,8.6451,2.74593,-0.03593,-3.47881
2024/02/14 05:51:41.01,459351.2668,5631659.1273,2951626.4741,11.0,5.7466,28.8106,8.8426,3.4253,-1.13396,-3.55145
2024/02/14 05:51:42.01,459359.0611,5631668.6718,2951629.2108,11.0,5.7467,28.8076,8.8425,3.31699,2.6994,-3.31055
2024/02/14 05:51:43.01,459362.3697,5631675.6318,2951626.8588,12.0,5.5546,28.8044,8.6451,1.64598,4.26562,-5.20953
2024/02/14 05:51:44.01,459365.041,5631678.835,2951623.0479,10.0,6.1622,29.2609,8.6746,3.65302,1.55718,-3.63893
2024/02/14 05:51:45.01,459366.4043,5631672.0338,2951615.4485,12.0,5.5548,28.7983,8.645,5.05114,2.50083,-2.45642
2024/02/14 05:51:46.01,459369.8499,5631676.751,2951612.0031,12.0,5.5549,28.7953,8.645,4.30797,-1.42333,-4.79642
2024/02/14 05:51:47.01,459371.3798,5631666.9498,2951602.4424,10.0,6.3457,31.739,10.2879,4.38133,3.11139,-3.93793
2024/02/14 05:51:48.01,459375.6569,5631671.1805,2951598.8679,11.0,5.8242,28.8182,8.6707,3.55766,2.00197,-4.6814
2024/02/14 05:51:49.01,459382.0022,5631681.1437,2951597.857,12.0,5.5552,28.7861,8.6449,3.97844,2.01889,-4.34339
2024/02/14 05:51:50.01,459384.1556,5631675.3989,2951590.8479,12.0,5.5554,28.783,8.6449,3.97227,1.7157,-4.31217
2024/02/14 05:51:51.01,459389.088,5631680.285,2951587.9739,12.0,5.5555,28.7799,8.6449,3.41252,1.17373,-4.97362
2024/02/14 05:51:52.01,459391.3392,5631675.3024,2951580.516,11.0,5.9846,31.6632,10.2607,2.16511,-0.50806,-6.21246
2024/02/14 05:51:53.01,459397.6936,5631678.7166,2951579.7204,9.0,7.4602,32.4614,11.8704,2.90448,2.09428,-3.76234
2024/02/14 05:51:54.01,459400.4263,5631680.4385,2951575.913,9.0,7.4603,32.4585,11.8706,2.46985,2.28895,-3.99813
2024/02/14 05:51:55.01,459401.1689,5631681.3022,2951569.9543,8.0,9.1275,32.5218,12.7188,3.25787,1.27181,-4.23618
2024/02/14 05:51:56.01,459409.2864,5631688.5137,2951571.176,9.0,7.1341,31.7925,10.6483,7.72949,6.10051,0.10161
2024/02/14 05:51:57.01,459412.3404,5631688.9736,2951565.1208,9.0,7.1342,31.7895,10.6485,3.14697,-0.44481,-5.95946
2024/02/14 05:51:58.01,459415.6187,5631689.6028,2951559.4046,10.0,6.3466,31.7061,10.2898,6.51868,3.56631,-2.49411
2024/02/14 05:51:59.01,459419.2611,5631688.1751,2951552.7711,10.0,6.4676,32.0523,11.0684,3.87728,0.83509,-5.35293
2024/02/14 05:52:00.01,459421.4482,5631686.7307,2951544.5165,11.0,5.9853,31.639,10.262,5.74313,2.2514,-3.85529
2024/02/14 05:52:01.00,459428.8488,5631692.3465,2951543.2413,11.0,5.9854,31.636,10.2621,5.51487,1.8266,-4.6303
2024/02/14 05:52:02.01,459435.4415,5631697.0269,2951539.8883,12.0,5.5567,28.7462,8.6446,5.68602,1.89175,-4.98049
2024/02/14 05:52:03.01,459440.934,5631697.8032,2951534.3691,12.0,5.5568,28.7431,8.6445,6.0333,1.97963,-4.89355
2024/02/14 05:52:04.01,459447.33,5631701.1971,2951530.0071,12.0,5.5569,28.7401,8.6445,6.20254,1.61346,-5.16255
2024/02/14 05:52:05.01,459453.9696,5631702.6477,2951524.9253,12.0,5.557,28.737,8.6445,6.04026,2.14075,-5.0545
2024/02/14 05:52:06.01,459459.9651,5631705.0309,2951519.9623,12.0,5.5571,28.7339,8.6445,6.11924,2.09624,-4.90015
2024/02/14 05:52:07.01,459466.1329,5631708.1469,2951515.1407,12.0,5.5572,28.7309,8.6444,6.15582,1.92432,-5.03906
2024/02/14 05:52:08.01,459472.166,5631709.6032,2951509.7779,12.0,5.5573,28.7278,8.6444,6.11809,1.65984,-5.03542
2024/02/14 05:52:09.01,459478.5299,5631711.4868,2951505.1031,12.0,5.5574,28.7247,8.6444,6.21493,2.01194,-4.66772
2024/02/14 05:52:10.01,459484.515,5631712.9138,2951500.4512,12.0,5.5575,28.7217,8.6444,5.60622,1.75299,-4.54124
2024/02/14 05:52:11.01,459490.0373,5631714.8301,2951495.9816,12.0,5.5576,28.7186,8.6443,5.45984,1.64127,-4.34607
2024/02/14 05:52:12.01,459495.5129,5631715.5945,2951491.4632,12.0,5.5577,28.7155,8.6443,5.40095,1.85826,-4.27365
2024/02/14 05:52:13.01,459500.9024,5631717.0408,2951487.1571,12.0,5.5579,28.7125,8.6443,5.41342,1.73028,-4.33164
2024/02/14 05:52:14.01,459506.351,5631719.2991,2951482.8389,12.0,5.558,28.7094,8.6442,5.40365,1.93309,-4.2771
2024/02/14 05:52:15.01,459511.6871,5631720.7008,2951478.3279,12.0,5.5581,28.7063,8.6442,5.44226,1.29699,-4.57284
2024/02/14 05:52:16.01,459517.0226,5631722.187,2951473.9103,12.0,5.5582,28.7033,8.6442,5.52538,1.50462,-4.30553
2024/02/14 05:52:17.01,459522.5282,5631723.7636,2951469.6972,12.0,5.5583,28.7002,8.6442,5.46645,1.40623,-4.32032
2024/02/14 05:52:18.01,459527.7464,5631726.0248,2951465.9503,12.0,5.5584,28.6971,8.6441,5.10885,1.63377,-3.9494
2024/02/14 05:52:19.01,459532.9144,5631726.9935,2951461.9827,12.0,5.5585,28.694,8.6441,5.03369,1.50795,-3.7079
2024/02/14 05:52:20.01,459537.8989,5631728.415,2951457.9867,12.0,5.5586,28.691,8.6441,4.91882,1.82864,-3.90781
2024/02/14 05:52:21.01,459542.8095,5631730.1283,2951454.115,12.0,5.5587,28.6879,8.644,4.93279,1.46661,-4.12073
2024/02/14 05:52:22.01,459548.1249,5631731.8987,2951450.3344,12.0,5.5588,28.6848,8.644,5.31378,1.44985,-3.86154
2024/02/14 05:52:23.01,459553.5706,5631733.1521,2951446.5432,12.0,5.5589,28.6818,8.644,5.41488,1.60682,-3.41647
2024/02/14 05:52:24.01,459559.1255,5631733.9224,2951443.0645,12.0,5.5591,28.6787,8.644,5.401,2.21762,-3.32172
2024/02/14 05:52:25.01,459565.4618,5631742.1497,2951441.9898,12.0,5.5592,28.6756,8.6439,5.26031,2.54732,-3.96283
2024/02/14 05:52:26.01,459569.1044,5631734.9221,2951433.8217,11.0,5.9875,31.5602,10.2661,5.02178,1.94552,-4.69651
2024/02/14 05:52:27.01,459574.9671,5631740.0175,2951430.1709,12.0,5.5594,28.6695,8.6439,5.41668,2.2058,-5.00527
2024/02/14 05:52:28.01,459580.2167,5631740.8275,2951424.3839,12.0,5.5595,28.6664,8.6438,5.00888,-0.98568,-6.64294
2024/02/14 05:52:29.01,459585.6933,5631741.5786,2951418.5298,10.0,6.4703,31.9647,11.0718,6.1067,2.47183,-4.83302
2024/02/14 05:52:30.01,459591.1057,5631742.6746,2951412.8417,10.0,6.4704,31.9618,11.0719,5.89939,1.44659,-5.2454
2024/02/14 05:52:31.01,459598.784,5631748.0154,2951410.5299,11.0,5.9879,31.5451,10.2669,7.07747,3.86307,-3.28949
2024/02/14 05:52:32.01,459603.3721,5631749.0873,2951404.0238,12.0,5.5599,28.6541,8.6437,5.95296,2.11246,-4.35821
2024/02/14 05:52:33.01,459609.6993,5631751.6332,2951400.1672,12.0,5.56,28.6511,8.6437,6.12309,1.93689,-4.24254
2024/02/14 05:52:34.01,459615.4765,5631753.2521,2951395.7471,12.0,5.5602,28.648,8.6437,5.70326,1.84715,-4.60077
2024/02/14 05:52:35.01,459621.4329,5631755.5334,2951391.1573,12.0,5.5603,28.6449,8.6436,5.78866,1.90066,-5.02629
2024/02/14 05:52:36.01,459627.1582,5631757.0177,2951385.8976,12.0,5.5604,28.6418,8.6436,5.83698,2.14253,-5.27712
2024/02/14 05:52:37.01,459633.087,5631758.882,2951380.5015,12.0,5.5605,28.6388,8.6436,5.94292,2.01909,-5.45576
2024/02/14 05:52:38.01,459639.2169,5631760.4392,2951374.9206,12.0,5.5606,28.6357,8.6435,6.29979,1.86269,-5.37662
2024/02/14 05:52:39.01,459645.7114,5631762.3411,2951369.5538,12.0,5.5607,28.6326,8.6435,6.44823,1.7072,-5.29567
2024/02/14 05:52:40.01,459652.122,5631764.5217,2951364.3633,12.0,5.5608,28.6296,8.6435,6.23495,2.99242,-5.2419
2024/02/14 05:52:41.01,459658.4903,5631765.1962,2951358.6882,12.0,5.5609,28.6265,8.6435,6.29184,2.10759,-5.21439
2024/02/14 05:52:42.01,459664.9083,5631768.6849,2951353.804,12.0,5.561,28.6234,8.6434,6.59339,2.07792,-4.99262
2024/02/14 05:52:43.01,459671.2297,5631770.3166,2951348.4846,12.0,5.5612,28.6203,8.6434,6.40689,2.08522,-5.16826
2024/02/14 05:52:44.01,459677.939,5631773.5036,2951343.9081,12.0,5.5613,28.6173,8.6434,6.35279,2.05114,-5.2002
2024/02/14 05:52:45.01,459684.4045,5631774.8956,2951338.5864,12.0,5.5614,28.6142,8.6433,6.44955,1.98565,-5.0571
2024/02/14 05:52:46.01,459690.8136,5631777.022,2951333.3388,12.0,5.5615,28.6111,8.6433,6.39784,2.2361,-5.09028
2024/02/14 05:52:47.01,459697.1936,5631778.7125,2951328.1936,12.0,5.5616,28.608,8.6433,6.34333,1.96458,-5.18159
2024/02/14 05:52:48.01,459703.6659,5631780.4877,2951323.2389,12.0,5.5617,28.605,8.6432,6.2596,1.80455,-5.0541
2024/02/14 05:52:49.01,459709.8588,5631782.0988,2951318.3284,12.0,5.5618,28.6019,8.6432,6.24918,2.12535,-5.02657
2024/02/14 05:52:50.01,459716.1613,5631784.0062,2951313.4468,12.0,5.5619,28.5988,8.6432,6.26127,2.15385,-4.81274
2024/02/14 05:52:51.01,459722.3469,5631785.5276,2951308.3069,12.0,5.5621,28.5957,8.6431,6.15299,2.35188,-4.88394
2024/02/14 05:52:52.01,459728.5242,5631787.6767,2951303.4902,12.0,5.5622,28.5927,8.6431,6.21091,2.06482,-4.88731
2024/02/14 05:52:53.01,459734.6375,5631789.6477,2951298.6357,12.0,5.5623,28.5896,8.6431,6.14405,1.84591,-4.86866
2024/02/14 05:52:54.01,459740.7445,5631791.3247,2951293.9157,12.0,5.5624,28.5865,8.6431,5.95981,2.02844,-4.54763
2024/02/14 05:52:55.01,459746.7782,5631792.8119,2951289.2497,12.0,5.5625,28.5835,8.643,5.92525,2.76013,-4.26797
2024/02/14 05:52:56.01,459752.8879,5631794.5143,2951284.6516,12.0,5.5626,28.5804,8.643,6.19284,1.88021,-4.59716
2024/02/14 05:52:57.01,459759.0615,5631795.7989,2951279.8071,12.0,5.5627,28.5773,8.643,6.13208,1.96234,-4.92896
2024/02/14 05:52:58.01,459765.2618,5631797.8762,2951274.813,12.0,5.5628,28.5742,8.6429,6.2077,2.17126,-4.95695
2024/02/14 05:52:59.01,459771.5844,5631800.3962,2951269.9264,12.0,5.5629,28.5712,8.6429,6.41719,2.12119,-5.03373
2024/02/14 05:53:00.01,459777.8853,5631802.6349,2951264.8773,12.0,5.5631,28.5681,8.6429,6.38943,1.73906,-5.21785
2024/02/14 05:53:01.00,459784.2046,5631804.4581,2951259.7496,12.0,5.5632,28.565,8.6428,6.35932,2.43271,-4.93926
2024/02/14 05:53:02.01,459790.5753,5631806.0327,2951254.732,12.0,5.5633,28.5619,8.6428,6.26344,1.57775,-5.14143
2024/02/14 05:53:03.01,459796.7929,5631807.7918,2951249.7633,12.0,5.5634,28.5589,8.6428,6.20615,1.48231,-4.7983
2024/02/14 05:53:04.01,459802.9363,5631809.6592,2951245.0453,12.0,5.5635,28.5558,8.6427,6.04055,1.84223,-4.93642
2024/02/14 05:53:05.01,459808.8787,5631811.5692,2951240.45,12.0,5.5636,28.5527,8.6427,5.96137,1.80354,-4.50529
2024/02/14 05:53:06.01,459814.8007,5631814.2594,2951236.0207,12.0,5.5637,28.5496,8.6427,5.70219,1.98442,-4.64358
2024/02/14 05:53:07.01,459820.4678,5631816.6905,2951231.4608,12.0,5.5639,28.5466,8.6426,5.65697,1.67612,-4.4825
2024/02/14 05:53:08.01,459826.132,5631818.5368,2951227.078,12.0,5.564,28.5435,8.6426,5.64726,1.15606,-4.63648
2024/02/14 05:53:09.01,459831.6172,5631819.3607,2951222.4996,12.0,5.5641,28.5404,8.6426,5.4143,0.58262,-4.38195
2024/02/14 05:53:10.01,459838.8197,5631826.7083,2951220.8881,12.0,5.5642,28.5373,8.6425,7.62155,3.9654,-1.07069
2024/02/14 05:53:11.01,459840.9621,5631821.1901,2951212.0996,8.0,9.1522,32.2962,12.745,5.51612,1.74121,-4.18814
2024/02/14 05:53:12.01,459846.8285,5631823.265,2951208.4809,9.0,7.1418,31.5607,10.6638,5.02072,1.8986,-4.14672
2024/02/14 05:53:13.01,459853.0986,5631829.0521,2951206.3939,12.0,5.5645,28.5281,8.6424,6.3608,2.44699,-2.40908
2024/02/14 05:53:14.01,459860.7143,5631833.7651,2951205.9051,11.0,5.7931,28.9033,8.6513,4.47935,-0.64192,-3.79345
2024/02/14 05:53:15.01,459861.3047,5631831.6027,2951199.4185,11.0,5.7932,28.9003,8.6513,3.68251,1.72303,-2.59838
2024/02/14 05:53:16.01,459864.9227,5631831.6755,2951195.8746,12.0,5.5649,28.5189,8.6423,3.34757,1.12705,-2.71621
2024/02/14 05:53:17.01,459868.0855,5631831.3473,2951193.0882,12.0,5.565,28.5158,8.6423,3.30083,1.38755,-2.47579
2024/02/14 05:53:18.01,459871.5908,5631834.7368,2951191.3028,12.0,5.5651,28.5127,8.6422,2.99137,-0.7574,-3.07658
2024/02/14 05:53:19.01,459874.9947,5631835.5444,2951188.5491,12.0,5.5652,28.5096,8.6422,3.64635,1.2437,-2.13628
2024/02/14 05:53:20.01,459879.3027,5631840.0059,2951187.8455,12.0,5.5653,28.5066,8.6422,3.77953,1.69759,-2.45268
2024/02/14 05:53:21.01,459886.104,5631839.2877,2951186.7261,9.0,7.1384,31.8152,11.2801,4.13871,2.10615,-2.56605
2024/02/14 05:53:22.01,459893.1613,5631848.1552,2951188.4855,11.0,5.7582,28.5004,8.8343,3.28695,3.10349,-3.14759
2024/02/14 05:53:23.01,459899.8269,5631852.9741,2951188.5336,10.0,6.0805,28.8926,8.8342,3.5,-0.79235,-4.2455
2024/02/14 05:53:24.01,459898.3274,5631843.2829,2951177.8215,9.0,7.1387,31.8064,11.2804,3.76359,1.77121,-3.17254
2024/02/14 05:53:25.01,459898.6156,5631840.7485,2951170.7264,9.0,7.1388,31.8034,11.2805,3.427,0.75244,-3.38833
2024/02/14 05:53:26.01,459907.9954,5631857.4606,2951176.7978,9.0,6.6802,29.0146,8.9088,3.51202,0.86123,-3.25931
2024/02/14 05:53:27.01,459909.1575,5631859.8976,2951172.7937,10.0,6.1451,28.5186,8.9041,2.99846,-0.79673,-3.48581
2024/02/14 05:53:28.01,459908.3945,5631844.1186,2951162.3981,11.0,5.9927,31.3719,10.2756,2.41711,0.9178,-2.38139
2024/02/14 05:53:29.01,459910.519,5631847.2371,2951160.4232,12.0,5.5663,28.4789,8.6419,2.35624,1.16152,-1.98812
2024/02/14 05:53:30.01,459913.0111,5631848.3119,2951158.016,12.0,5.5665,28.4758,8.6418,3.15956,4.0121,-1.81939
2024/02/14 05:53:31.01,459916.9918,5631855.3574,2951158.6378,12.0,5.5666,28.4727,8.6418,2.65612,-1.36829,-3.12526
2024/02/14 05:53:32.01,459924.5153,5631872.3339,2951164.8476,12.0,5.5667,28.4696,8.6417,3.7694,-4.46565,-2.12624
2024/02/14 05:53:33.01,459931.8913,5631869.5973,2951164.294,10.0,6.0817,28.8626,8.8333,3.38022,-1.10685,-3.38369
2024/02/14 05:53:34.01,459936.4153,5631874.4183,2951163.2091,10.0,6.0818,28.8596,8.8332,3.69192,2.35826,-2.16258
2024/02/14 05:53:35.01,459936.1434,5631852.314,2951151.1193,11.0,5.7954,28.8406,8.6506,2.69392,2.16454,-3.78313
2024/02/14 05:53:36.01,459932.7997,5631851.027,2951141.2521,12.0,5.5671,28.4574,8.6416,3.9944,0.773,-3.43917
2024/02/14 05:53:37.01,459937.2375,5631854.1439,2951138.0794,12.0,5.5673,28.4543,8.6416,3.92479,1.70645,-3.23641
2024/02/14 05:53:38.01,459941.0804,5631854.5842,2951134.8094,12.0,5.5674,28.4512,8.6415,3.67504,1.15016,-3.16784
2024/02/14 05:53:39.01,459944.8431,5631857.9876,2951131.9651,12.0,5.5675,28.4481,8.6415,3.64711,1.39308,-2.89558
2024/02/14 05:53:40.01,459948.4319,5631858.3954,2951128.9709,12.0,5.5676,28.4451,8.6414,3.58652,1.72251,-2.70814
2024/02/14 05:53:41.01,459952.3182,5631861.7228,2951126.6872,12.0,5.5677,28.442,8.6414,3.82006,0.50017,-2.91949
2024/02/14 05:53:42.01,459956.156,5631862.3801,2951123.6738,12.0,5.5678,28.4389,8.6414,4.03471,1.09178,-3.02639
2024/02/14 05:53:43.01,459960.2657,5631863.7761,2951120.6697,12.0,5.568,28.4358,8.6413,4.06959,1.39632,-2.9773
2024/02/14 05:53:44.01,459964.4134,5631864.2632,2951117.5073,12.0,5.5681,28.4328,8.6413,4.07586,0.9301,-3.09346
2024/02/14 05:53:45.01,459968.4696,5631864.9536,2951114.6296,12.0,5.5682,28.4297,8.6413,3.83666,1.15913,-2.88634
2024/02/14 05:53:46.01,459972.2914,5631865.757,2951111.6582,12.0,5.5683,28.4266,8.6412,3.75508,1.11128,-2.76027
2024/02/14 05:53:47.01,459975.9994,5631866.7508,2951108.7507,12.0,5.5684,28.4235,8.6412,3.55662,1.88302,-2.75366
2024/02/14 05:53:48.01,459979.4585,5631868.0606,2951106.2029,12.0,5.5685,28.4204,8.6411,3.39562,1.36786,-2.61719
2024/02/14 05:53:49.01,459982.9271,5631869.5793,2951103.6262,12.0,5.5686,28.4174,8.6411,3.33985,1.20431,-2.69162
2024/02/14 05:53:50.01,459986.3601,5631870.397,2951100.89,12.0,5.5688,28.4143,8.6411,3.42199,1.18911,-2.65149
2024/02/14 05:53:51.01,459989.6757,5631870.7651,2951098.1221,12.0,5.5689,28.4112,8.641,3.38869,0.75373,-2.48334
2024/02/14 05:53:52.01,459992.9785,5631872.0153,2951095.7686,12.0,5.569,28.4081,8.641,3.28282,0.99464,-2.15509
2024/02/14 05:53:53.01,459996.0339,5631872.3343,2951093.2991,12.0,5.5691,28.4051,8.641,2.77048,0.41499,-2.29473
2024/02/14 05:53:54.01,459998.6578,5631873.7217,2951091.3199,12.0,5.5692,28.402,8.6409,2.35822,0.86381,-1.98492
2024/02/14 05:53:55.01,460001.0329,5631875.2286,2951089.5468,12.0,5.5693,28.3989,8.6409,2.16873,0.84205,-1.77708
2024/02/14 05:53:56.01,460002.896,5631876.3989,2951088.3184,12.0,5.5695,28.3958,8.6408,1.53918,0.0896,-1.43105
2024/02/14 05:53:57.01,460004.1905,5631876.4882,2951087.3604,12.0,5.5696,28.3928,8.6408,0.8752,0.38707,-0.72856
2024/02/14 05:53:58.01,460004.4686,5631876.1743,2951086.7872,12.0,5.5697,28.3897,8.6408,0.21548,0.30148,-0.07491
2024/02/14 05:53:59.01,460004.6229,5631875.774,2951086.655,12.0,5.5698,28.3866,8.6407,-0.03055,-0.00207,0.0661
2024/02/14 05:54:00.01,460004.5921,5631875.3265,2951086.6833,12.0,5.5699,28.3835,8.6407,-0.00598,-0.08219,0.01403
2024/02/14 05:54:01.00,460004.5331,5631875.2085,2951086.6805,12.0,5.57,28.3805,8.6406,-0.00648,0.05035,0.02334
2024/02/14 05:54:02.01,460004.6132,5631875.5725,2951086.8431,12.0,5.5702,28.3774,8.6406,0.0152,-0.05185,-0.01937
2024/02/14 05:54:03.01,460004.6762,5631874.982,2951086.7781,12.0,5.5703,28.3743,8.6405,0.05863,0.0574,-0.02777
2024/02/14 05:54:04.01,460004.9443,5631875.5805,2951086.8459,12.0,5.5704,28.3712,8.6405,0.31171,0.00385,-0.20803
2024/02/14 05:54:05.01,460005.5232,5631876.0147,2951086.5483,12.0,5.5705,28.3682,8.6405,0.62068,0.64944,-0.22109
2024/02/14 05:54:06.01,460006.1305,5631876.7866,2951086.1611,12.0,5.5706,28.3651,8.6404,0.58475,0.03208,-0.371
2024/02/14 05:54:07.01,460006.7162,5631876.5042,2951085.6066,12.0,5.5707,28.362,8.6404,0.72231,-0.29196,-0.62402
2024/02/14 05:54:08.01,460007.423,5631876.8857,2951085.099,12.0,5.5709,28.3589,8.6403,0.82332,0.03169,-0.49722
2024/02/14 05:54:09.01,460008.0344,5631877.3623,2951084.7115,12.0,5.571,28.3558,8.6403,0.37911,-0.0327,-0.37527
2024/02/14 05:54:10.01,460008.5474,5631877.7048,2951084.4136,12.0,5.5711,28.3528,8.6403,0.2827,0.17132,-0.22768
2024/02/14 05:54:11.01,460008.873,5631878.3568,2951084.363,12.0,5.5712,28.3497,8.6402,0.30451,0.05097,-0.19581
2024/02/14 05:54:12.01,460009.2599,5631877.9229,2951083.9357,12.0,5.5713,28.3466,8.6402,0.43032,0.24254,-0.28563
2024/02/14 05:54:13.01,460009.7855,5631877.7251,2951083.3279,12.0,5.5714,28.3435,8.6401,0.79734,-0.47358,-0.70745
2024/02/14 05:54:14.01,460010.6641,5631877.3121,2951082.5333,12.0,5.5716,28.3405,8.6401,1.24316,0.3469,-0.76005
2024/02/14 05:54:15.01,460011.8033,5631877.9539,2951081.8034,12.0,5.5717,28.3374,8.64,1.21022,0.04722,-0.89481
2024/02/14 05:54:16.01,460013.0641,5631877.7956,2951080.8731,12.0,5.5718,28.3343,8.64,1.30802,0.57375,-0.86884
2024/02/14 05:54:17.01,460014.3501,5631878.1725,2951079.6232,12.0,5.5719,28.3312,8.64,1.26288,0.79822,-0.81084
2024/02/14 05:54:18.01,460015.5974,5631878.7213,2951078.6279,12.0,5.572,28.3282,8.6399,1.4962,1.15888,-0.89665
2024/02/14 05:54:19.01,460017.0691,5631879.0915,2951077.4397,12.0,5.5721,28.3251,8.6399,1.68906,0.38951,-1.39386
2024/02/14 05:54:20.01,460018.8054,5631879.4848,2951076.221,12.0,5.5723,28.322,8.6398,1.8344,0.71428,-1.36031
2024/02/14 05:54:21.01,460020.6465,5631880.3173,2951074.7966,12.0,5.5724,28.3189,8.6398,1.80223,0.63659,-1.48192
2024/02/14 05:54:22.01,460022.477,5631880.6526,2951073.3117,12.0,5.5725,28.3158,8.6398,1.8202,0.5741,-1.53076
2024/02/14 05:54:23.01,460024.2256,5631881.7769,2951071.974,12.0,5.5726,28.3128,8.6397,1.90367,0.5799,-1.42302
2024/02/14 05:54:24.01,460026.1878,5631882.449,2951070.4775,12.0,5.5727,28.3097,8.6397,1.93053,0.81988,-1.70983
2024/02/14 05:54:25.01,460028.2738,5631883.6223,2951068.8265,12.0,5.5728,28.3066,8.6396,2.22068,1.15652,-1.656
2024/02/14 05:54:26.01,460030.5475,5631884.4947,2951067.0711,12.0,5.573,28.3035,8.6396,2.26533,0.92397,-2.04414
2024/02/14 05:54:27.01,460032.9891,5631884.9084,2951064.9292,12.0,5.5731,28.3005,8.6395,2.52691,0.91675,-2.09815
2024/02/14 05:54:28.01,460035.5609,5631885.8511,2951062.8372,12.0,5.5732,28.2974,8.6395,2.60112,0.66355,-2.28012
2024/02/14 05:54:29.01,460038.0065,5631887.1661,2951060.7564,12.0,5.5733,28.2943,8.6395,2.32689,0.5922,-2.0333
2024/02/14 05:54:30.01,460039.9608,5631888.1628,2951059.0343,12.0,5.5734,28.2912,8.6394,1.57901,0.34042,-1.38476
2024/02/14 05:54:31.01,460041.3319,5631888.2795,2951057.7633,12.0,5.5736,28.2881,8.6394,1.20475,0.53035,-0.97982
2024/02/14 05:54:32.01,460042.5337,5631889.0552,2951056.766,12.0,5.5737,28.2851,8.6393,1.23258,0.88587,-1.08896
2024/02/14 05:54:33.01,460043.5704,5631889.6277,2951055.4797,12.0,5.5738,28.282,8.6393,1.44923,0.7613,-1.09425
2024/02/14 05:54:34.01,460044.9073,5631889.7799,2951054.212,12.0,5.5739,28.2789,8.6392,1.47362,0.20696,-1.61441
2024/02/14 05:54:35.01,460046.7908,5631890.5315,2951052.6129,12.0,5.574,28.2758,8.6392,1.96234,0.61632,-1.96198
2024/02/14 05:54:36.01,460048.714,5631891.5296,2951050.8453,12.0,5.5741,28.2728,8.6391,1.8854,0.27948,-1.88687
2024/02/14 05:54:37.01,460050.6788,5631893.1215,2951049.5634,12.0,5.5743,28.2697,8.6391,1.76957,0.36348,-1.48022
2024/02/14 05:54:38.01,460052.496,5631894.1429,2951048.3216,12.0,5.5744,28.2666,8.6391,1.7077,0.57976,-1.4032
2024/02/14 05:54:39.01,460054.4438,5631895.1539,2951047.0938,12.0,5.5745,28.2635,8.639,1.67119,0.7046,-1.38385
2024/02/14 05:54:40.01,460056.2719,5631895.5718,2951045.5656,12.0,5.5746,28.2604,8.639,1.93244,0.84011,-1.55451
2024/02/14 05:54:41.01,460058.4517,5631895.7602,2951043.7889,12.0,5.5747,28.2574,8.6389,2.29781,0.7861,-1.83232
2024/02/14 05:54:42.01,460061.0059,5631895.9036,2951041.5216,12.0,5.5749,28.2543,8.6389,2.75633,1.02102,-2.13407
2024/02/14 05:54:43.01,460063.8587,5631896.2325,2951039.1977,12.0,5.575,28.2512,8.6388,2.70164,1.44467,-1.98253
2024/02/14 05:54:44.01,460066.637,5631896.9612,2951037.0677,12.0,5.5751,28.2481,8.6388,2.7937,0.81053,-2.01365
2024/02/14 05:54:45.01,460069.4734,5631897.6063,2951034.9016,12.0,5.5752,28.245,8.6388,2.81941,0.54008,-2.27014
2024/02/14 05:54:46.01,460072.4982,5631898.7005,2951032.7155,12.0,5.5753,28.242,8.6387,3.19086,0.70238,-2.30456
2024/02/14 05:54:47.01,460075.8581,5631899.5455,2951030.4503,12.0,5.5755,28.2389,8.6387,3.5033,1.13837,-2.34271
2024/02/14 05:54:48.01,460079.406,5631900.3749,2951027.9493,12.0,5.5756,28.2358,8.6386,3.55219,1.08612,-2.55649
2024/02/14 05:54:49.01,460083.0154,5631901.1039,2951025.2191,12.0,5.5757,28.2327,8.6386,3.7062,1.06697,-2.78376
2024/02/14 05:54:50.01,460086.7897,5631901.8305,2951022.2508,12.0,5.5758,28.2296,8.6385,3.67093,0.72362,-3.00378
2024/02/14 05:54:51.01,460090.5173,5631903.6416,2951019.3938,12.0,5.5759,28.2266,8.6385,3.94562,1.62332,-2.84644
2024/02/14 05:54:52.01,460094.5484,5631904.8315,2951016.2579,12.0,5.5761,28.2235,8.6384,4.21344,0.70948,-3.00173
2024/02/14 05:54:53.01,460098.4989,5631905.7738,2951013.0903,11.0,5.8439,28.2546,8.6641,4.0908,1.99358,-3.00063
2024/02/14 05:54:54.01,460102.2064,5631907.3227,2951009.8165,12.0,5.5763,28.2173,8.6383,4.03749,1.14433,-3.22455
2024/02/14 05:54:55.01,460105.7763,5631909.6229,2951006.6293,12.0,5.5764,28.2142,8.6383,4.1119,1.4331,-3.3374
2024/02/14 05:54:56.01,460110.3068,5631909.843,2951003.1441,12.0,5.5765,28.2112,8.6383,4.11257,1.43268,-3.15683
2024/02/14 05:54:57.01,460114.5435,5631911.5339,2951000.0679,12.0,5.5767,28.2081,8.6382,4.08626,1.38329,-3.2498
2024/02/14 05:54:58.01,460118.6763,5631912.8926,2950997.071,12.0,5.5768,28.205,8.6382,3.86002,1.06915,-3.07533
2024/02/14 05:54:59.01,460122.0439,5631914.0491,2950993.9178,12.0,5.5769,28.2019,8.6381,3.50649,1.371,-2.5236
2024/02/14 05:55:00.01,460125.4278,5631914.9486,2950991.4228,12.0,5.577,28.1988,8.6381,3.01123,1.08606,-2.40081
2024/02/14 05:55:01.00,460128.3302,5631916.4565,2950989.1052,12.0,5.5771,28.1958,8.638,2.93644,0.81284,-2.24466
2024/02/14 05:55:02.01,460131.1392,5631917.1766,2950986.8818,12.0,5.5773,28.1927,8.638,2.71348,0.53654,-2.3051
2024/02/14 05:55:03.01,460133.9768,5631918.7418,2950985.0809,12.0,5.5774,28.1896,8.6379,2.70221,0.65448,-1.99864
2024/02/14 05:55:04.01,460136.5525,5631919.2231,2950982.9919,12.0,5.5775,28.1865,8.6379,2.40696,1.51075,-1.73496
2024/02/14 05:55:05.01,460138.7588,5631920.2942,2950981.1386,12.0,5.5776,28.1834,8.6378,2.23037,0.4802,-1.82194
2024/02/14 05:55:06.01,460140.7481,5631920.6143,2950979.4203,12.0,5.5777,28.1804,8.6378,1.94119,1.00654,-1.44006
2024/02/14 05:55:07.01,460142.4234,5631921.6406,2950978.02,12.0,5.5779,28.1773,8.6378,1.4648,0.53478,-1.29033
2024/02/14 05:55:08.01,460143.4907,5631921.8883,2950977.1864,12.0,5.578,28.1742,8.6377,0.69311,0.51284,-0.62146
2024/02/14 05:55:09.01,460143.8061,5631921.8932,2950976.9773,12.0,5.5781,28.1711,8.6377,0.05389,0.13864,-0.07179
2024/02/14 05:55:10.01,460143.8648,5631922.5713,2950976.9675,12.0,5.5782,28.1681,8.6376,0.02025,0.00573,-0.0129
2024/02/14 05:55:11.01,460143.8721,5631922.6616,2950976.9052,12.0,5.5783,28.165,8.6376,0.00867,0.05694,-0.01876
2024/02/14 05:55:12.01,460143.9004,5631922.8018,2950976.8584,12.0,5.5785,28.1619,8.6375,0.03185,-0.06849,-0.03853
2024/02/14 05:55:13.01,460143.9445,5631922.9454,2950976.8671,12.0,5.5786,28.1588,8.6375,0.11453,-0.02083,-0.04068
2024/02/14 05:55:14.01,460144.0758,5631922.7828,2950976.7139,12.0,5.5787,28.1557,8.6374,0.12447,0.1043,-0.11394
2024/02/14 05:55:15.01,460144.3317,5631923.0758,2950976.5446,12.0,5.5788,28.1527,8.6374,0.23149,0.05215,-0.18587
2024/02/14 05:55:16.01,460144.544,5631923.2947,2950976.4329,12.0,5.5789,28.1496,8.6373,0.28189,-0.01583,-0.27265
2024/02/14 05:55:17.01,460144.8944,5631923.9651,2950976.2779,12.0,5.5791,28.1465,8.6373,0.60627,0.23784,-0.55462
2024/02/14 05:55:18.01,460145.8809,5631924.088,2950975.5974,12.0,5.5792,28.1434,8.6372,1.19974,1.09325,-0.52027
2024/02/14 05:55:19.01,460147.1065,5631924.6036,2950974.6946,12.0,5.5793,28.1404,8.6372,1.35974,0.67231,-1.00497
2024/02/14 05:55:20.01,460148.3824,5631924.7593,2950973.4637,12.0,5.5794,28.1373,8.6371,1.11783,-0.81613,-1.90838
2024/02/14 05:55:21.01,460149.7848,5631925.2615,2950971.9967,12.0,5.5795,28.1342,8.6371,1.42623,1.38787,-1.18518
2024/02/14 05:55:22.01,460151.5901,5631927.2184,2950971.1768,12.0,5.5797,28.1311,8.637,1.59271,1.07356,-1.29042
2024/02/14 05:55:23.01,460152.8848,5631926.0984,2950968.8858,12.0,5.5798,28.128,8.637,1.72218,0.83851,-1.3121
2024/02/14 05:55:24.01,460154.5313,5631927.0474,2950967.7062,12.0,5.5799,28.125,8.6369,1.4308,0.94822,-1.12673
2024/02/14 05:55:25.01,460155.9133,5631927.9682,2950966.6485,12.0,5.58,28.1219,8.6369,1.1815,0.10352,-1.16246
2024/02/14 05:55:26.01,460157.2301,5631930.0488,2950966.2692,11.0,5.8083,28.5083,8.646,1.12117,0.94519,-0.85588
2024/02/14 05:55:27.01,460157.4056,5631927.5468,2950964.3477,11.0,5.8478,28.1508,8.6625,0.56888,0.09544,-0.50177
2024/02/14 05:55:28.01,460158.0599,5631929.4361,2950964.6608,11.0,5.8479,28.1477,8.6624,0.43784,-0.04154,-0.32243
2024/02/14 05:55:29.01,460159.229,5631931.289,2950965.388,12.0,5.5805,28.1096,8.6367,0.93678,1.01722,0.6334
2024/02/14 05:55:30.01,460158.4542,5631926.8557,2950962.8011,12.0,5.5806,28.1065,8.6366,0.21375,-0.46227,-0.67118
2024/02/14 05:55:31.01,460159.1652,5631931.1641,2950963.832,11.0,5.8089,28.4932,8.6457,0.53047,0.01069,-0.72155
2024/02/14 05:55:32.01,460160.1833,5631927.6607,2950962.2788,12.0,5.5809,28.1003,8.6365,1.05743,1.12814,-0.62637
2024/02/14 05:55:33.01,460161.636,5631931.5295,2950962.5003,12.0,5.581,28.0972,8.6365,0.91844,0.35187,-1.27684
2024/02/14 05:55:34.01,460162.8584,5631933.1461,2950962.0342,12.0,5.5811,28.0942,8.6364,1.17342,0.54208,-0.78502
2024/02/14 05:55:35.01,460163.8269,5631931.956,2950960.1741,12.0,5.5813,28.0911,8.6364,1.23829,0.48235,-1.17322
2024/02/14 05:55:36.01,460164.9575,5631931.8279,2950958.7541,12.0,5.5814,28.088,8.6363,1.33978,0.33533,-1.23272
2024/02/14 05:55:37.01,460166.0262,5631931.6311,2950957.3644,12.0,5.5815,28.0849,8.6363,1.20945,0.68489,-1.17913
2024/02/14 05:55:38.01,460167.2019,5631932.0169,2950956.1052,12.0,5.5816,28.0819,8.6362,1.224,0.66177,-1.04862
2024/02/14 05:55:39.01,460168.4326,5631932.9873,2950955.0658,12.0,5.5817,28.0788,8.6362,1.24314,0.85269,-1.0231
2024/02/14 05:55:40.01,460169.7722,5631933.7297,2950954.1204,12.0,5.5819,28.0757,8.6361,1.26718,0.37797,-1.18912
2024/02/14 05:55:41.01,460170.958,5631934.2396,2950953.0946,12.0,5.582,28.0726,8.6361,1.13144,0.72284,-1.03864
2024/02/14 05:55:42.01,460172.1738,5631933.6299,2950951.7032,12.0,5.5821,28.0695,8.636,1.34634,0.42556,-1.24089
2024/02/14 05:55:43.01,460173.339,5631934.1597,2950950.3314,12.0,5.5822,28.0665,8.636,1.34857,0.25801,-1.30296
2024/02/14 05:55:44.01,460174.6545,5631934.7952,2950949.0833,12.0,5.5824,28.0634,8.6359,1.22014,0.50321,-1.33616
2024/02/14 05:55:45.01,460176.0557,5631935.2101,2950947.7326,12.0,5.5825,28.0603,8.6359,1.4482,0.60324,-1.05732
2024/02/14 05:55:46.01,460177.5743,5631934.8381,2950946.332,12.0,5.5826,28.0572,8.6358,1.43632,0.02435,-1.23841
2024/02/14 05:55:47.01,460179.0522,5631935.2185,2950945.2632,12.0,5.5827,28.0541,8.6358,1.69878,0.53998,-0.99533
2024/02/14 05:55:48.01,460180.4603,5631936.0532,2950944.1648,12.0,5.5828,28.0511,8.6357,1.2819,-0.18595,-1.20035
2024/02/14 05:55:49.01,460181.566,5631935.6689,2950942.863,12.0,5.583,28.048,8.6357,1.22028,0.69048,-0.61323
2024/02/14 05:55:50.01,460182.9474,5631936.566,2950942.2613,12.0,5.5831,28.0449,8.6356,1.20322,0.16665,-1.08874
2024/02/14 05:55:51.01,460184.0361,5631936.9604,2950941.336,12.0,5.5832,28.0418,8.6356,1.28045,0.4134,-0.93049
2024/02/14 05:55:52.01,460185.374,5631939.1765,2950941.0225,12.0,5.5833,28.0388,8.6355,1.44181,0.79305,-0.69942
2024/02/14 05:55:53.01,460186.6717,5631939.1742,2950939.7135,12.0,5.5835,28.0357,8.6355,1.345,0.4642,-1.0577
2024/02/14 05:55:54.01,460188.2221,5631940.3513,2950938.9504,12.0,5.5836,28.0326,8.6354,1.34712,0.85839,-0.96974
2024/02/14 05:55:55.01,460189.6486,5631942.5044,2950938.6228,12.0,5.5837,28.0295,8.6354,1.21731,0.29929,-0.96752
2024/02/14 05:55:56.01,460190.6052,5631941.4005,2950937.0369,12.0,5.5838,28.0264,8.6353,1.94578,1.35149,-0.83464
2024/02/14 05:55:57.01,460191.695,5631941.484,2950936.0932,12.0,5.584,28.0234,8.6353,1.29954,0.75364,-0.80999
2024/02/14 05:55:58.01,460192.899,5631941.768,2950935.0671,12.0,5.5841,28.0203,8.6352,1.43563,0.62173,-0.99259
2024/02/14 05:55:59.01,460194.4869,5631941.506,2950933.6843,12.0,5.5842,28.0172,8.6352,1.72135,0.72603,-1.12179
2024/02/14 05:56:00.01,460196.5048,5631941.9987,2950932.2681,12.0,5.5843,28.0141,8.6351,2.34624,0.78595,-1.40877
2024/02/14 05:56:01.00,460199.1082,5631942.8678,2950930.7694,12.0,5.5845,28.011,8.6351,2.90869,0.46593,-1.80284
2024/02/14 05:56:02.01,460202.2296,5631943.7643,2950928.8535,12.0,5.5846,28.008,8.635,3.23904,0.6483,-2.14569
2024/02/14 05:56:03.01,460205.4204,5631944.6411,2950926.5242,12.0,5.5847,28.0049,8.6349,3.1235,0.90509,-2.14162
2024/02/14 05:56:04.01,460208.4824,5631944.9522,2950924.2178,12.0,5.5848,28.0018,8.6349,3.03937,0.65022,-2.34015
2024/02/14 05:56:05.01,460211.5984,5631946.1334,2950922.0113,12.0,5.5849,27.9987,8.6348,3.35678,1.62606,-2.34235
2024/02/14 05:56:06.01,460215.1043,5631947.9196,2950919.6708,12.0,5.5851,27.9956,8.6348,3.83836,1.48086,-2.65013
2024/02/14 05:56:07.01,460219.1203,5631949.0073,2950916.6211,12.0,5.5852,27.9926,8.6347,4.08884,1.21311,-2.96846
2024/02/14 05:56:08.01,460223.4172,5631949.9195,2950913.3031,12.0,5.5853,27.9895,8.6347,4.51719,1.50878,-3.35421
2024/02/14 05:56:09.01,460228.1541,5631951.2193,2950909.944,12.0,5.5854,27.9864,8.6346,4.76768,1.57757,-3.44788
2024/02/14 05:56:10.01,460233.4286,5631955.5027,2950907.7282,12.0,5.5856,27.9833,8.6346,4.63021,0.84991,-3.78336
2024/02/14 05:56:11.01,460237.8594,5631954.5561,2950903.11,12.0,5.5857,27.9802,8.6345,4.79579,0.90169,-3.80438
2024/02/14 05:56:12.01,460242.6517,5631955.5167,2950899.2511,12.0,5.5858,27.9772,8.6345,4.69175,1.22418,-3.66006
2024/02/14 05:56:13.01,460247.0174,5631956.8828,2950895.6864,11.0,5.7797,27.9742,8.8172,4.3672,0.64519,-4.03175
2024/02/14 05:56:14.01,460252.2315,5631959.8877,2950892.9166,12.0,5.5861,27.971,8.6344,4.86561,1.838,-3.58197
2024/02/14 05:56:15.01,460256.6376,5631959.1689,2950888.0628,12.0,5.5862,27.9679,8.6343,4.72683,-0.32087,-4.74963
2024/02/14 05:56:16.01,460262.0664,5631963.3275,2950885.0554,12.0,5.5863,27.9648,8.6343,3.70196,-6.72053,-7.61435
2024/02/14 05:56:17.01,460266.8443,5631964.0352,2950880.2675,12.0,5.5864,27.9618,8.6342,5.12956,1.64562,-4.35474
2024/02/14 05:56:18.01,460271.8535,5631965.4686,2950876.2751,12.0,5.5866,27.9587,8.6342,5.08755,1.37773,-4.07644
2024/02/14 05:56:19.01,460276.2998,5631965.0253,2950871.5952,12.0,5.5867,27.9556,8.6341,4.79203,1.37369,-3.82686
2024/02/14 05:56:20.01,460281.2991,5631969.29,2950869.4273,12.0,5.5868,27.9525,8.6341,4.21329,1.24134,-3.19334
2024/02/14 05:56:21.01,460284.7411,5631968.3093,2950865.556,12.0,5.5869,27.9494,8.634,3.50142,1.2435,-2.64036
2024/02/14 05:56:22.01,460288.2332,5631970.4085,2950863.7587,12.0,5.5871,27.9464,8.6339,2.75791,0.54818,-2.12248
2024/02/14 05:56:23.01,460290.8478,5631970.6346,2950861.7063,12.0,5.5872,27.9433,8.6339,2.35234,0.37485,-1.81205
2024/02/14 05:56:24.01,460293.7368,5631975.3567,2950861.9365,12.0,5.5873,27.9402,8.6338,1.68321,0.45064,-1.72785
2024/02/14 05:56:25.01,460295.8187,5631978.3625,2950861.404,12.0,5.5874,27.9371,8.6338,2.29183,2.35473,-0.59165
2024/02/14 05:56:26.01,460297.5829,5631977.2215,2950859.6247,11.0,5.7814,27.9341,8.8157,1.84183,0.6061,-1.33806
2024/02/14 05:56:27.01,460298.6514,5631973.7805,2950856.1913,11.0,5.7816,27.9311,8.8156,2.29074,0.94592,-1.45114
2024/02/14 05:56:28.01,460300.896,5631974.6186,2950854.6966,11.0,5.7817,27.928,8.8155,2.27024,1.00854,-1.86621
2024/02/14 05:56:29.01,460302.6506,5631973.4984,2950851.6133,12.0,5.5879,27.9248,8.6336,2.24052,1.05169,-2.02937
2024/02/14 05:56:30.01,460304.9361,5631974.0196,2950849.2652,12.0,5.5881,27.9217,8.6335,2.64194,0.97006,-1.99911
2024/02/14 05:56:31.01,460307.7304,5631975.455,2950847.438,12.0,5.5882,27.9187,8.6335,2.82179,1.56248,-1.82421
2024/02/14 05:56:32.01,460310.8915,5631979.0421,2950846.2621,12.0,5.5883,27.9156,8.6334,2.97403,0.29235,-2.75078
2024/02/14 05:56:33.01,460317.0208,5631991.6143,2950849.8491,10.0,6.1684,27.9504,8.8842,2.95214,0.64343,-2.70097
2024/02/14 05:56:34.01,460319.4192,5631985.8858,2950845.074,9.0,6.7094,28.4626,8.8883,3.46837,2.50737,-1.25557
2024/02/14 05:56:35.01,460319.0134,5631983.8989,2950839.4233,12.0,5.5887,27.9063,8.6332,2.67898,0.46451,-2.3126
2024/02/14 05:56:36.01,460321.2941,5631980.3597,2950835.8534,12.0,5.5888,27.9033,8.6332,2.02082,0.34832,-1.94747
2024/02/14 05:56:37.01,460323.5739,5631984.714,2950835.4338,12.0,5.589,27.9002,8.6331,1.88824,0.46689,-1.58389
2024/02/14 05:56:38.01,460325.2769,5631984.1779,2950833.6045,12.0,5.5891,27.8971,8.6331,1.77479,0.46632,-1.51857
2024/02/14 05:56:39.01,460326.9881,5631985.2883,2950832.1369,12.0,5.5892,27.894,8.633,1.76315,0.97396,-1.18861
2024/02/14 05:56:40.01,460328.4516,5631984.268,2950829.9072,12.0,5.5893,27.8909,8.633,1.8687,0.63603,-1.70519
2024/02/14 05:56:41.01,460330.6108,5631984.3281,2950828.0953,12.0,5.5895,27.8879,8.6329,2.21611,0.17662,-1.74564
2024/02/14 05:56:42.01,460333.5006,5631988.2553,2950827.9188,12.0,5.5896,27.8848,8.6328,2.35432,2.98215,-1.07238
2024/02/14 05:56:43.01,460336.7581,5631993.274,2950828.4719,11.0,5.7837,27.8818,8.8138,2.16885,1.57569,-1.21344
2024/02/14 05:56:44.01,460339.1527,5631995.3546,2950827.5031,11.0,5.7839,27.8787,8.8137,1.92873,-0.28912,-2.17584
2024/02/14 05:56:45.01,460339.3811,5631985.2354,2950820.4688,10.0,6.4934,31.2035,11.0903,2.60362,0.99823,-1.98686
2024/02/14 05:56:46.01,460342.1249,5631988.8721,2950818.9663,12.0,5.5901,27.8725,8.6326,2.93215,1.84443,-2.05156
2024/02/14 05:56:47.01,460345.5345,5631989.5204,2950816.8044,12.0,5.5902,27.8694,8.6326,3.07009,0.63606,-2.8573
2024/02/14 05:56:48.01,460349.1003,5631991.0535,2950814.222,12.0,5.5903,27.8663,8.6325,3.52139,1.547,-3.00884
2024/02/14 05:56:49.01,460353.0412,5631993.6924,2950812.0708,12.0,5.5905,27.8632,8.6324,3.54646,0.08288,-3.48749
2024/02/14 05:56:50.01,460358.0147,5632000.2226,2950811.4153,12.0,5.5906,27.8602,8.6324,4.03327,1.59059,-2.96815
2024/02/14 05:56:51.01,460361.7221,5631999.7444,2950807.55,11.0,5.7848,27.8572,8.8129,1.67592,-7.65615,-7.7876
2024/02/14 05:56:52.01,460370.6294,5632007.6046,2950810.7002,12.0,5.5909,27.854,8.6323,3.90285,1.18039,-3.39552
2024/02/14 05:56:53.01,460369.678,5631998.2094,2950799.1775,12.0,5.591,27.8509,8.6322,4.36732,1.61409,-3.03033
2024/02/14 05:56:54.01,460373.6172,5631999.2755,2950795.628,12.0,5.5911,27.8478,8.6322,4.31866,1.16836,-3.49069
2024/02/14 05:56:55.01,460377.7018,5632000.7495,2950792.3742,12.0,5.5912,27.8448,8.6321,3.9656,-0.10652,-3.99019
2024/02/14 05:56:56.01,460386.079,5632020.9132,2950797.7451,12.0,5.5914,27.8417,8.632,3.9887,2.00319,-3.69322
2024/02/14 05:56:57.01,460391.6049,5632030.4786,2950797.5737,12.0,5.5915,27.8386,8.632,4.38044,1.247,-3.74179
2024/02/14 05:56:58.01,460391.5193,5632003.4629,2950781.5156,12.0,5.5916,27.8355,8.6319,4.56807,1.48325,-3.79255
2024/02/14 05:56:59.01,460395.9066,5632005.8167,2950777.7812,12.0,5.5917,27.8325,8.6319,4.9247,1.61939,-3.75554
2024/02/14 05:57:00.01,460401.4992,5632009.428,2950775.0706,11.0,5.8586,27.8667,8.6576,5.06572,2.41582,-3.59563
2024/02/14 05:57:01.00,460406.5041,5632011.4918,2950771.2062,11.0,5.8587,27.8636,8.6575,4.29579,2.13428,-4.6487
2024/02/14 05:57:02.01,460416.3453,5632031.0771,2950776.8017,12.0,5.5921,27.8232,8.6317,9.59488,1.57181,1.09161
2024/02/14 05:57:03.01,460420.0089,5632026.5239,2950769.4011,11.0,5.7864,27.8202,8.8115,5.5454,0.85422,-4.14744
2024/02/14 05:57:04.01,460422.2612,5632018.0893,2950759.6174,12.0,5.5924,27.8171,8.6316,4.73031,5.05546,-3.37411
2024/02/14 05:57:05.01,460427.6464,5632021.026,2950755.3486,12.0,5.5925,27.814,8.6315,4.70023,-2.42013,-6.18804
2024/02/14 05:57:06.01,460433.7461,5632023.7887,2950751.6983,12.0,5.5926,27.8109,8.6315,6.89367,6.16018,-2.27048
2024/02/14 05:57:07.01,460439.218,5632022.3419,2950746.0782,11.0,5.8595,27.8453,8.6572,7.0668,-1.42858,-4.39781
2024/02/14 05:57:08.01,460443.8012,5632021.2874,2950740.0506,11.0,5.8596,27.8422,8.6571,5.48765,1.70547,-4.32517
2024/02/14 05:57:09.01,460449.0628,5632023.8344,2950735.7104,12.0,5.593,27.8017,8.6313,6.03467,2.80798,-3.70504
2024/02/14 05:57:10.01,460454.925,5632025.5115,2950731.5856,12.0,5.5932,27.7986,8.6312,6.38559,1.51941,-3.24584
2024/02/14 05:57:11.01,460465.5911,5632052.604,2950739.1351,12.0,5.5933,27.7955,8.6312,6.076,5.27842,-2.78266
2024/02/14 05:57:12.01,460466.626,5632031.9727,2950724.796,12.0,5.5934,27.7924,8.6311,5.15473,1.33021,-4.44212
2024/02/14 05:57:13.01,460471.1277,5632029.7532,2950718.8639,12.0,5.5935,27.7894,8.6311,4.13092,-4.17255,-6.7259
2024/02/14 05:57:14.01,460476.1005,5632031.7283,2950714.3664,12.0,5.5937,27.7863,8.631,5.24972,1.13514,-4.44385
2024/02/14 05:57:15.01,460481.3152,5632034.324,2950710.2659,12.0,5.5938,27.7832,8.631,5.20627,1.28084,-4.61213
2024/02/14 05:57:16.01,460486.6022,5632036.4068,2950705.8119,12.0,5.5939,27.7801,8.6309,5.22395,1.76422,-4.42299
2024/02/14 05:57:17.01,460491.5053,5632037.3954,2950701.3977,12.0,5.5941,27.777,8.6308,4.50718,1.7123,-3.92156
2024/02/14 05:57:18.01,460495.5398,5632037.0235,2950696.9215,12.0,5.5942,27.774,8.6308,3.91841,1.41,-3.48422
2024/02/14 05:57:19.01,460499.5971,5632038.7268,2950693.6568,12.0,5.5943,27.7709,8.6307,3.46264,0.24071,-3.84375
2024/02/14 05:57:20.01,460504.5023,5632046.2918,2950693.2024,12.0,5.5944,27.7678,8.6307,3.6017,2.59605,-3.28998
2024/02/14 05:57:21.01,460509.4197,5632052.3012,2950692.3737,11.0,5.7889,27.7648,8.8094,4.08717,2.04408,-3.04419
2024/02/14 05:57:22.01,460514.0884,5632055.9987,2950690.3631,11.0,5.789,27.7618,8.8093,4.74505,4.65152,-1.72087
2024/02/14 05:57:23.01,460519.4997,5632062.6203,2950689.6433,11.0,5.7892,27.7587,8.8092,4.45278,2.20223,-3.02788
2024/02/14 05:57:24.01,460523.9691,5632063.5498,2950686.1966,11.0,5.8615,27.7933,8.6562,4.76475,1.23168,-3.11734
2024/02/14 05:57:25.01,460528.4484,5632070.9118,2950685.0637,12.0,5.5951,27.7524,8.6304,4.29505,1.59045,-3.5036
2024/02/14 05:57:26.01,460533.9803,5632071.6864,2950682.0413,12.0,5.5952,27.7493,8.6303,3.56383,0.61056,-4.88405
2024/02/14 05:57:27.01,460534.9771,5632056.8913,2950670.0292,12.0,5.5953,27.7463,8.6302,5.17501,1.7374,-3.85477
2024/02/14 05:57:28.01,460538.7613,5632052.589,2950662.9491,12.0,5.5955,27.7432,8.6302,5.42328,0.97417,-4.26388
2024/02/14 05:57:29.01,460544.0929,5632053.4195,2950658.5137,12.0,5.5956,27.7401,8.6301,5.31839,1.34702,-4.21557
2024/02/14 05:57:30.01,460549.5896,5632054.1282,2950654.0377,12.0,5.5957,27.737,8.6301,5.4078,1.96014,-4.4694
2024/02/14 05:57:31.01,460556.8033,5632063.4015,2950652.8898,12.0,5.5959,27.7339,8.63,5.76687,2.37817,-4.49451
2024/02/14 05:57:32.01,460567.4703,5632073.4066,2950654.3737,10.0,6.1763,27.7701,8.877,5.55911,2.47831,-4.95036
2024/02/14 05:57:33.01,460574.7405,5632081.3786,2950652.5794,9.0,6.7192,28.2884,8.8811,6.17588,4.11839,-3.80379
2024/02/14 05:57:34.01,460577.7485,5632084.0283,2950646.008,11.0,5.7907,27.7248,8.8078,5.13939,2.58548,-4.73325
2024/02/14 05:57:35.01,460583.5428,5632085.7762,2950641.542,9.0,6.7195,28.2825,8.8808,2.38164,3.0039,-6.37056
2024/02/14 05:57:36.01,460577.8515,5632072.264,2950622.7385,8.0,9.2331,31.4953,12.8199,3.54725,8.68773,-3.89379
2024/02/14 05:57:37.01,460582.5708,5632094.3604,2950624.9989,10.0,6.2038,28.2255,8.6595,-0.29933,4.16108,-6.45056
2024/02/14 05:57:38.01,460583.1392,5632101.0743,2950619.8423,11.0,5.8632,27.7505,8.6553,0.04101,4.55611,-6.3167
2024/02/14 05:57:39.01,460580.188,5632101.5334,2950610.6125,12.0,5.5969,27.7093,8.6295,-0.7039,3.11343,-7.12942
2024/02/14 05:57:40.01,460580.149,5632104.8205,2950604.2971,12.0,5.597,27.7062,8.6295,-0.53832,4.11927,-5.86554
2024/02/14 05:57:41.01,460578.6289,5632104.7506,2950596.51,12.0,5.5972,27.7032,8.6294,-0.95242,1.54702,-7.29444
2024/02/14 05:57:42.01,460577.7219,5632106.0307,2950588.8255,12.0,5.5973,27.7001,8.6293,-0.16903,2.61748,-6.49209
2024/02/14 05:57:43.01,460579.4336,5632108.5721,2950584.4219,10.0,6.2046,28.2077,8.6591,-1.81368,1.44334,-8.05216
2024/02/14 05:57:44.01,460574.0621,5632099.0023,2950570.0666,11.0,5.8254,28.0929,8.6385,0.2941,6.45198,-6.21931
2024/02/14 05:57:45.01,460573.8007,5632103.7008,2950563.7103,12.0,5.5977,27.6909,8.6292,-0.54617,2.94459,-6.42467
2024/02/14 05:57:46.01,460573.3671,5632105.0842,2950557.6669,12.0,5.5978,27.6878,8.6291,1.12616,7.78115,-3.78055
2024/02/14 05:57:47.01,460580.3871,5632131.9707,2950563.7491,11.0,5.8643,27.723,8.6548,4.99766,15.00888,1.36695
2024/02/14 05:57:48.01,460586.5843,5632134.2654,2950560.6863,10.0,6.2052,28.1929,8.6588,3.18861,11.44497,-2.44181
2024/02/14 05:57:49.01,460581.798,5632121.6059,2950540.9028,10.0,6.2054,28.1899,8.6588,-0.07645,3.37729,-6.15076
2024/02/14 05:57:50.01,460577.5407,5632122.194,2950536.4403,12.0,5.5983,27.6755,8.6289,4.69677,9.34964,-1.2701
2024/02/14 05:57:51.01,460579.8947,5632136.1984,2950534.9663,12.0,5.5985,27.6724,8.6288,4.57353,14.44662,-0.17445
2024/02/14 05:57:52.01,460584.8724,5632134.228,2950529.6364,12.0,5.5986,27.6693,8.6287,8.63513,7.89933,0.71463
2024/02/14 05:57:53.01,460590.1258,5632132.7314,2950523.4606,10.0,6.2059,28.1781,8.6585,3.80993,1.46916,-5.92941
2024/02/14 05:57:54.01,460593.0171,5632128.1787,2950514.2382,10.0,6.206,28.1751,8.6585,3.48079,-0.64556,-6.55774
2024/02/14 05:57:55.01,460583.421,5632133.9602,2950496.0859,10.0,6.2061,28.1721,8.6584,4.00939,1.26541,-6.60911
2024/02/14 05:57:56.01,460589.4994,5632141.4621,2950493.0961,12.0,5.5991,27.657,8.6285,6.6834,5.47382,-3.11918
2024/02/14 05:57:57.01,460595.2239,5632140.1139,2950487.494,12.0,5.5992,27.6539,8.6284,5.19418,-5.62336,-6.60719
2024/02/14 05:57:58.01,460601.1924,5632139.124,2950483.0988,12.0,5.5994,27.6509,8.6284,7.05278,1.91941,-2.42734
2024/02/14 05:57:59.01,460615.3249,5632141.8878,2950489.189,12.0,5.5995,27.6478,8.6283,7.35374,4.50219,-0.60622
2024/02/14 05:58:00.01,460621.8197,5632146.3339,2950487.4872,12.0,5.5996,27.6447,8.6282,6.24445,-6.02887,-4.33128
2024/02/14 05:58:01.00,460623.8038,5632138.788,2950477.6028,12.0,5.5998,27.6416,8.6282,7.49953,-0.122,-1.07951
2024/02/14 05:58:02.01,460632.3895,5632145.2364,2950479.4243,12.0,5.5999,27.6386,8.6281,9.89464,15.66284,5.77872
2024/02/14 05:58:03.01,460638.6004,5632141.2114,2950477.0081,12.0,5.6,27.6355,8.628,7.5764,1.51952,0.09447
2024/02/14 05:58:04.01,460644.7413,5632136.7922,2950474.6848,12.0,5.6002,27.6324,8.628,6.2448,-0.87101,-1.29384
2024/02/14 05:58:05.01,460651.8341,5632142.3979,2950475.8031,11.0,5.795,27.6295,8.8041,6.15959,2.42013,-1.45912
2024/02/14 05:58:06.01,460659.5345,5632149.9337,2950477.5944,11.0,5.7952,27.6264,8.804,5.14553,2.20212,-2.26216
2024/02/14 05:58:07.01,460663.6505,5632148.3794,2950473.4864,11.0,5.7953,27.6233,8.8039,3.54743,-2.15816,-4.5804
2024/02/14 05:58:08.01,460667.5983,5632150.3532,2950470.1303,10.0,6.1813,27.6601,8.8725,3.24149,-0.09957,-4.63436
2024/02/14 05:58:09.01,460670.2835,5632151.4356,2950465.1597,11.0,5.867,27.6559,8.6535,3.10239,1.67602,-4.34732
2024/02/14 05:58:10.01,460671.3019,5632146.5968,2950457.1219,12.0,5.601,27.614,8.6276,3.93622,5.64577,-2.26175
2024/02/14 05:58:11.01,460673.9836,5632153.3117,2950454.6291,12.0,5.6011,27.6109,8.6275,2.31197,1.35319,-4.19004
2024/02/14 05:58:12.01,460675.793,5632153.1786,2950450.1213,12.0,5.6012,27.6078,8.6275,0.7982,-3.43817,-5.57474
2024/02/14 05:58:13.01,460679.5858,5632164.2963,2950451.7691,12.0,5.6013,27.6047,8.6274,1.76048,1.31177,-2.98379
2024/02/14 05:58:14.01,460680.1537,5632155.1343,2950444.6076,12.0,5.6015,27.6017,8.6273,1.94712,1.11133,-3.19649
2024/02/14 05:58:15.01,460681.6142,5632152.9206,2950439.7002,12.0,5.6016,27.5986,8.6273,2.24491,1.2935,-3.43442
2024/02/14 05:58:16.01,460683.497,5632156.021,2950436.1681,12.0,5.6017,27.5955,8.6272,2.99983,0.52988,-3.81223
2024/02/14 05:58:17.01,460686.755,5632159.9246,2950432.9202,11.0,5.7967,27.5926,8.8026,2.37655,1.21042,-4.94617
2024/02/14 05:58:18.01,460688.7134,5632159.6651,2950426.7943,12.0,5.602,27.5894,8.6271,3.06048,3.74977,-4.4894
2024/02/14 05:58:19.01,460691.314,5632162.0281,2950421.0719,12.0,5.6021,27.5863,8.627,3.02669,2.35434,-5.95258
2024/02/14 05:58:20.01,460694.248,5632164.4897,2950414.5646,12.0,5.6023,27.5833,8.627,3.693,3.97442,-6.04765
2024/02/14 05:58:21.01,460700.3889,5632170.8096,2950410.7557,10.0,6.1831,27.6204,8.8708,3.47697,2.41039,-7.14034
2024/02/14 05:58:22.01,460710.0286,5632186.8309,2950411.9648,9.0,6.7275,28.1435,8.8748,4.00278,3.95836,-6.85815
2024/02/14 05:58:23.01,460706.0915,5632174.1998,2950393.7865,10.0,6.2098,28.0891,8.6566,3.57214,3.14416,-7.71056
2024/02/14 05:58:24.01,460709.4003,5632176.4425,2950384.9781,12.0,5.6028,27.571,8.6267,3.94074,2.98217,-8.14037
2024/02/14 05:58:25.01,460713.5587,5632178.6357,2950376.7365,12.0,5.6029,27.5679,8.6266,3.51817,3.45777,-7.79622
2024/02/14 05:58:26.01,460716.5817,5632179.8193,2950368.4631,12.0,5.6031,27.5648,8.6266,3.59533,3.2014,-7.72884
2024/02/14 05:58:27.01,460720.536,5632182.8536,2950360.7671,12.0,5.6032,27.5617,8.6265,3.60959,2.96741,-7.84686
2024/02/14 05:58:28.01,460724.1667,5632185.7021,2950353.3369,12.0,5.6033,27.5587,8.6264,3.15268,2.51864,-6.96281
2024/02/14 05:58:29.01,460727.0088,5632189.0305,2950347.2461,12.0,5.6035,27.5556,8.6264,2.98578,2.9502,-6.26643
2024/02/14 05:58:30.01,460730.4365,5632193.3887,2950341.589,12.0,5.6036,27.5525,8.6263,3.37308,6.67337,-5.40577
2024/02/14 05:58:31.01,460732.9259,5632192.8724,2950333.267,12.0,5.6037,27.5494,8.6263,2.96114,2.2371,-7.35599
2024/02/14 05:58:32.01,460736.2942,5632195.5601,2950325.9181,12.0,5.6039,27.5464,8.6262,3.45266,2.91654,-6.99152
2024/02/14 05:58:33.01,460739.9723,5632200.2891,2950320.1596,12.0,5.604,27.5433,8.6261,3.07151,2.48589,-6.37661
2024/02/14 05:58:34.01,460742.6963,5632201.2873,2950313.3111,12.0,5.6041,27.5402,8.6261,2.94734,3.03802,-5.54896
2024/02/14 05:58:35.01,460749.0424,5632215.4854,2950313.4864,11.0,5.8321,27.939,8.6353,3.06648,1.69239,-6.46362
2024/02/14 05:58:36.01,460760.5657,5632241.5683,2950319.5377,10.0,6.2115,28.0504,8.6558,6.53343,4.83076,-3.19132
2024/02/14 05:58:37.01,460767.3258,5632250.6125,2950319.5703,10.0,6.2116,28.0474,8.6557,5.59703,7.93714,-2.45708
2024/02/14 05:58:38.01,460775.7345,5632256.7925,2950318.5139,9.0,6.7302,28.0961,8.8727,4.7605,6.1646,-3.78174
2024/02/14 05:58:39.01,460779.832,5632262.1208,2950314.7759,9.0,6.7304,28.0932,8.8725,1.60392,-0.93634,-7.73768
2024/02/14 05:58:40.01,460762.2402,5632223.8208,2950280.9825,12.0,5.6049,27.5218,8.6257,2.81468,2.16671,-5.4434
2024/02/14 05:58:41.01,460763.5913,5632221.0437,2950272.4645,12.0,5.6051,27.5187,8.6256,2.70343,2.25076,-5.45066
2024/02/14 05:58:42.01,460766.6351,5632223.8366,2950267.5551,12.0,5.6052,27.5156,8.6255,2.63401,1.38887,-5.92216
2024/02/14 05:58:43.01,460769.8407,5632227.4003,2950263.3846,12.0,5.6053,27.5126,8.6255,3.33752,5.0455,-4.16561
2024/02/14 05:58:44.01,460775.8543,5632239.9897,2950263.9443,12.0,5.6055,27.5095,8.6254,3.20201,-0.32486,-5.51722
2024/02/14 05:58:45.01,460781.1833,5632244.2316,2950261.3326,10.0,6.1865,27.5472,8.8677,6.45811,12.89838,0.6425
2024/02/14 05:58:46.01,460784.8481,5632253.2996,2950259.1019,10.0,6.1248,27.9204,8.7991,2.78382,2.60449,-4.85725
2024/02/14 05:58:47.01,460785.8734,5632253.1184,2950252.1697,10.0,6.1868,27.5411,8.8674,2.57064,2.06517,-5.34512
2024/02/14 05:58:48.01,460781.3621,5632234.4566,2950234.5825,12.0,5.606,27.4972,8.6251,2.49159,2.45312,-5.46561
2024/02/14 05:58:49.01,460784.1745,5632239.2685,2950230.3537,12.0,5.6061,27.4941,8.6251,2.968,2.58946,-4.81138
2024/02/14 05:58:50.01,460786.2424,5632240.8166,2950224.9432,12.0,5.6063,27.4911,8.625,2.53945,3.14697,-4.67347
2024/02/14 05:58:51.01,460788.7002,5632243.5684,2950219.6845,12.0,5.6064,27.488,8.6249,1.90714,2.16833,-5.06507
2024/02/14 05:58:52.01,460790.5133,5632246.8991,2950215.5551,12.0,5.6065,27.4849,8.6249,1.73375,1.49508,-4.54754
2024/02/14 05:58:53.01,460792.4781,5632247.9612,2950211.4,12.0,5.6067,27.4819,8.6248,1.48157,1.82334,-3.34015
2024/02/14 05:58:54.01,460793.7907,5632248.9014,2950207.9864,12.0,5.6068,27.4788,8.6247,1.60051,1.19706,-3.31751
2024/02/14 05:58:55.01,460795.4776,5632250.149,2950204.8188,12.0,5.6069,27.4757,8.6247,2.01262,0.13334,-3.62386
2024/02/14 05:58:56.01,460797.5584,5632253.2995,2950202.0288,12.0,5.6071,27.4727,8.6246,2.49516,4.53707,-2.3331
2024/02/14 05:58:57.01,460799.4943,5632254.4012,2950197.8007,12.0,5.6072,27.4696,8.6245,0.4349,-5.3013,-7.88299
2024/02/14 05:58:58.01,460802.5163,5632255.1843,2950194.0674,11.0,5.8731,27.5064,8.6503,2.73715,-1.2994,-4.31754
2024/02/14 05:58:59.01,460806.1267,5632263.9534,2950193.1559,10.0,6.1885,27.5045,8.8658,0.57754,0.1388,-5.65569
2024/02/14 05:59:00.01,460806.9625,5632260.4783,2950186.6121,9.0,6.734,28.0311,8.8697,1.79192,1.02064,-4.15405
2024/02/14 05:59:01.00,460807.7761,5632263.3425,2950182.1576,11.0,5.9175,28.7299,8.6526,1.64689,2.53791,-3.13169
2024/02/14 05:59:02.01,460809.0827,5632262.9681,2950178.5885,11.0,5.9177,28.7274,8.6525,1.39086,1.96418,-2.51624
2024/02/14 05:59:03.01,460810.3148,5632263.8103,2950176.0764,12.0,5.608,27.4512,8.6241,1.20021,1.15828,-2.26671
2024/02/14 05:59:04.01,460811.8637,5632266.8961,2950174.9876,12.0,5.6082,27.4481,8.624,0.82709,0.84183,-1.51143
2024/02/14 05:59:05.01,460812.34,5632269.054,2950174.2449,12.0,5.6083,27.445,8.624,0.61986,0.40303,-1.1917
2024/02/14 05:59:06.01,460812.7422,5632267.7658,2950172.6031,12.0,5.6084,27.442,8.6239,0.51048,0.03481,-0.92692
2024/02/14 05:59:07.01,460813.6413,5632269.18,2950172.5338,12.0,5.6086,27.4389,8.6238,0.39876,0.40464,-0.81823
2024/02/14 05:59:08.01,460813.6956,5632268.2621,2950171.2792,12.0,5.6087,27.4358,8.6237,0.35353,0.35453,-0.66766
2024/02/14 05:59:09.01,460814.025,5632269.1452,2950170.8475,12.0,5.6088,27.4328,8.6237,0.24821,0.41533,-0.48532
2024/02/14 05:59:10.01,460814.216,5632268.834,2950170.328,12.0,5.609,27.4297,8.6236,0.34813,0.66359,-0.50458
2024/02/14 05:59:11.01,460814.6953,5632268.8751,2950169.5336,12.0,5.6091,27.4266,8.6235,0.55297,0.47311,-1.03353
2024/02/14 05:59:12.01,460815.3552,5632268.5626,2950168.1171,12.0,5.6092,27.4236,8.6235,0.69339,0.42201,-1.20989
2024/02/14 05:59:13.01,460815.8542,5632269.1095,2950166.9777,12.0,5.6094,27.4205,8.6234,0.50541,0.103,-1.16774
2024/02/14 05:59:14.01,460816.546,5632269.6399,2950166.3148,12.0,5.6095,27.4174,8.6233,0.49758,0.67958,-0.43687
2024/02/14 05:59:15.01,460816.9747,5632270.5015,2950165.8669,12.0,5.6096,27.4144,8.6232,0.29258,-0.07467,-1.00649
2024/02/14 05:59:16.01,460817.3642,5632270.6497,2950165.0257,12.0,5.6098,27.4113,8.6232,0.51185,0.21281,-0.75287
2024/02/14 05:59:17.01,460817.8357,5632270.3327,2950164.1251,12.0,5.6099,27.4083,8.6231,0.49374,0.20925,-0.94161
2024/02/14 05:59:18.01,460818.3914,5632270.6531,2950162.8567,12.0,5.61,27.4052,8.623,0.6735,1.29355,-1.06765
2024/02/14 05:59:19.01,460819.2694,5632271.0138,2950161.345,12.0,5.6102,27.4021,8.623,0.84125,1.46369,-1.26185
2024/02/14 05:59:20.01,460820.0579,5632271.7751,2950159.906,12.0,5.6103,27.3991,8.6229,0.79772,1.59224,-1.4463
2024/02/14 05:59:21.01,460821.1267,5632272.672,2950158.0866,12.0,5.6105,27.396,8.6228,1.19273,1.25084,-2.05658
2024/02/14 05:59:22.01,460822.3173,5632273.9513,2950155.54,12.0,5.6106,27.3929,8.6227,1.21582,0.87421,-2.68464
2024/02/14 05:59:23.01,460823.6362,5632274.9116,2950152.8643,12.0,5.6107,27.3899,8.6227,1.53074,1.59241,-2.61249
2024/02/14 05:59:24.01,460825.2051,5632276.482,2950150.0459,12.0,5.6109,27.3868,8.6226,1.50942,1.05077,-3.11527
2024/02/14 05:59:25.01,460826.8264,5632277.6899,2950146.8454,12.0,5.611,27.3837,8.6225,1.70083,1.2194,-3.32327
2024/02/14 05:59:26.01,460828.6103,5632279.6637,2950143.6065,12.0,5.6111,27.3807,8.6225,1.71058,2.08826,-3.17769
2024/02/14 05:59:27.01,460830.752,5632283.4903,2950141.5325,12.0,5.6113,27.3776,8.6224,1.58387,0.94332,-3.24798
2024/02/14 05:59:28.01,460832.1825,5632284.1002,2950138.2484,12.0,5.6114,27.3745,8.6223,1.65426,1.14824,-3.02319
2024/02/14 05:59:29.01,460833.5922,5632284.4788,2950134.6627,12.0,5.6115,27.3715,8.6222,1.6084,0.81599,-3.49657
2024/02/14 05:59:30.01,460835.3927,5632285.4587,2950131.1369,12.0,5.6117,27.3684,8.6222,1.89997,1.31748,-3.50458
2024/02/14 05:59:31.01,460837.0921,5632286.8204,2950127.6121,12.0,5.6118,27.3653,8.6221,2.09829,2.01253,-2.75208
2024/02/14 05:59:32.01,460841.4821,5632298.6047,2950129.489,12.0,5.612,27.3623,8.622,2.08756,0.76778,-2.75558
2024/02/14 05:59:33.01,460843.0999,5632292.7552,2950123.7411,11.0,5.8398,27.7641,8.6313,1.19593,0.29485,-3.83031
2024/02/14 05:59:34.01,460842.8571,5632295.5865,2950119.2389,11.0,5.8777,27.3967,8.6478,1.08692,-1.12453,-4.19466
2024/02/14 05:59:35.01,460845.3971,5632298.9757,2950115.6977,11.0,5.8778,27.3936,8.6477,2.46739,3.65065,-3.20828
2024/02/14 05:59:36.01,460847.5974,5632301.5168,2950112.3672,12.0,5.6125,27.35,8.6217,2.91389,6.85184,-2.57612
2024/02/14 05:59:37.01,460849.8459,5632303.5672,2950107.5069,12.0,5.6126,27.3469,8.6217,2.32773,0.36885,-5.56374
2024/02/14 05:59:38.01,460852.2925,5632304.1856,2950101.6457,12.0,5.6128,27.3439,8.6216,2.86077,2.53284,-4.68289
2024/02/14 05:59:39.01,460855.8782,5632309.838,2950098.6065,12.0,5.6129,27.3408,8.6215,3.46019,5.03879,-3.624
2024/02/14 05:59:40.01,460858.8479,5632311.7156,2950092.7544,10.0,6.22,27.8603,8.6514,-0.48446,4.15705,-8.0844
2024/02/14 05:59:41.01,460859.241,5632309.7272,2950083.8206,10.0,6.2201,27.8573,8.6513,3.45544,2.50849,-5.24832
2024/02/14 05:59:42.01,460862.5441,5632310.0112,2950078.0875,12.0,5.6133,27.3316,8.6213,3.13284,2.76321,-5.40628
2024/02/14 05:59:43.01,460866.32,5632315.0264,2950074.149,12.0,5.6135,27.3286,8.6212,3.2462,2.1829,-5.20862
2024/02/14 05:59:44.01,460869.5291,5632314.5582,2950067.8311,12.0,5.6136,27.3255,8.6212,3.49998,1.98789,-5.09685
2024/02/14 05:59:45.01,460873.1805,5632317.4188,2950063.1988,12.0,5.6137,27.3224,8.6211,3.5867,2.01451,-4.95215
2024/02/14 05:59:46.01,460877.0857,5632320.3472,2950058.9158,12.0,5.6139,27.3194,8.621,3.59465,3.54499,-4.34267
2024/02/14 05:59:47.01,460881.9665,5632328.6915,2950057.5551,10.0,6.2209,27.8395,8.6509,2.9829,0.69207,-4.61077
2024/02/14 05:59:48.01,460885.5845,5632330.6095,2950054.3714,12.0,5.6141,27.3132,8.6209,3.26283,1.59212,-2.61184
2024/02/14 05:59:49.01,460888.2761,5632329.4779,2950050.5085,12.0,5.6143,27.3102,8.6208,2.96238,1.06269,-2.0749
2024/02/14 05:59:50.01,460889.5328,5632325.2893,2950045.9234,12.0,5.6144,27.3071,8.6207,1.61403,5.37804,-2.06844
2024/02/14 05:59:51.01,460891.5796,5632332.5395,2950044.5184,12.0,5.6146,27.304,8.6206,0.76303,3.10024,-3.28624
2024/02/14 05:59:52.01,460888.7217,5632334.8371,2950037.3444,10.0,6.2216,27.8246,8.6505,-3.06823,4.62563,-7.07667
2024/02/14 05:59:53.01,460899.1363,5632332.745,2950040.3012,12.0,5.6148,27.2979,8.6205,2.56779,5.57675,-2.17179
2024/02/14 05:59:54.01,460899.8019,5632331.8342,2950034.6309,10.0,6.2218,27.8187,8.6504,3.31997,1.86354,-3.24848
2024/02/14 05:59:55.01,460902.9216,5632332.3693,2950029.9765,12.0,5.6151,27.2918,8.6203,3.84999,2.03608,-3.29091
2024/02/14 05:59:56.01,460906.1931,5632333.689,2950025.6763,12.0,5.6153,27.2887,8.6203,3.38075,1.61244,-4.40104
2024/02/14 05:59:57.01,460911.1803,5632339.7082,2950024.1336,11.0,5.8113,27.2859,8.7896,3.63995,3.11416,-3.91928
2024/02/14 05:59:58.01,460923.5295,5632358.0543,2950031.793,9.0,6.7442,27.8595,8.8616,0.72994,-3.84328,-8.28117
2024/02/14 05:59:59.01,460932.0931,5632371.349,2950035.4099,9.0,6.7444,27.8565,8.8615,2.85907,1.05598,-4.45281
2024/02/14 06:00:00.01,460936.9453,5632377.623,2950033.5427,9.0,6.7446,27.8535,8.8613,0.83557,-2.68624,-4.66556
2024/02/14 06:00:01.00,460943.0817,5632373.5448,2950028.6364,11.0,5.8436,27.6795,8.6292,2.27957,0.15053,-4.58612
2024/02/14 06:00:02.01,460934.4993,5632344.3721,2950007.122,12.0,5.6161,27.2704,8.6198,3.12743,-0.34451,-4.10309
2024/02/14 06:00:03.01,460930.1871,5632350.7199,2949997.2779,12.0,5.6162,27.2673,8.6197,3.02867,2.00922,-4.86257
2024/02/14 06:00:04.01,460933.1756,5632352.7658,2949992.7319,12.0,5.6164,27.2642,8.6197,2.87163,1.1584,-5.01435
2024/02/14 06:00:05.01,460935.0027,5632350.3645,2949986.9003,12.0,5.6165,27.2612,8.6196,3.31493,1.95062,-5.00226
2024/02/14 06:00:06.01,460938.7675,5632352.8048,2949982.3869,12.0,5.6166,27.2581,8.6195,3.58125,2.30642,-5.05751
2024/02/14 06:00:07.01,460943.5307,5632359.8025,2949979.7722,12.0,5.6168,27.2551,8.6194,4.53585,4.0364,-4.0912
2024/02/14 06:00:08.01,460947.4345,5632360.5125,2949974.2192,12.0,5.6169,27.252,8.6194,3.84258,2.71427,-5.08279
2024/02/14 06:00:09.01,460951.3575,5632363.35,2949968.5794,12.0,5.6171,27.2489,8.6193,4.2645,3.0772,-4.72996
2024/02/14 06:00:10.01,460955.7945,5632368.4123,2949964.8557,12.0,5.6172,27.2459,8.6192,4.33408,2.93755,-4.60527
2024/02/14 06:00:11.01,460966.9249,5632381.8515,2949968.7892,9.0,6.7466,27.821,8.8598,4.73851,3.47005,-4.4014
2024/02/14 06:00:12.01,460970.2794,5632382.9257,2949962.9823,9.0,6.7467,27.818,8.8596,4.33315,2.33015,-4.77138
2024/02/14 06:00:13.01,460970.3441,5632376.9869,2949952.6571,9.0,6.7469,27.8151,8.8595,3.51809,1.93142,-4.48869
2024/02/14 06:00:14.01,460970.4863,5632371.9102,2949942.4934,11.0,5.8454,27.6404,8.6282,4.47287,3.11453,-4.28985
2024/02/14 06:00:15.01,460976.2134,5632379.4252,2949940.691,11.0,5.8829,27.2719,8.6448,4.68864,0.78387,-4.80953
2024/02/14 06:00:16.01,460978.9786,5632376.8013,2949933.3011,11.0,5.8831,27.2688,8.6447,4.40801,2.28067,-5.01342
2024/02/14 06:00:17.01,460983.4261,5632378.7545,2949927.893,12.0,5.6182,27.2245,8.6187,4.71874,1.90566,-5.49116
2024/02/14 06:00:18.01,460987.7808,5632381.8473,2949922.5509,12.0,5.6183,27.2214,8.6186,4.51392,2.7562,-5.31722
2024/02/14 06:00:19.01,460992.103,5632381.6412,2949916.2489,12.0,5.6184,27.2183,8.6185,4.23739,1.92911,-5.65189
2024/02/14 06:00:20.01,460996.8268,5632390.0124,2949912.8024,12.0,5.6186,27.2153,8.6185,4.50374,4.97948,-4.80199
2024/02/14 06:00:21.01,461004.7512,5632406.878,2949913.8121,11.0,5.8837,27.2536,8.6443,4.55327,1.61576,-6.73597
2024/02/14 06:00:22.01,461011.0387,5632409.6067,2949908.4772,10.0,6.2257,27.7353,8.6483,4.58298,2.61677,-7.00391
2024/02/14 06:00:23.01,461011.4081,5632397.6838,2949893.6398,11.0,5.884,27.2475,8.6442,7.03522,10.41403,-3.2157
2024/02/14 06:00:24.01,461018.1973,5632403.7834,2949888.2281,10.0,6.2259,27.7294,8.6482,4.96553,3.97001,-7.53838
2024/02/14 06:00:25.01,461024.219,5632408.4199,2949881.7765,11.0,5.8469,27.6071,8.6274,5.40698,2.7147,-7.99237
2024/02/14 06:00:26.01,461028.4314,5632405.4792,2949871.0063,11.0,5.8471,27.6041,8.6273,5.83093,3.4218,-7.57603
2024/02/14 06:00:27.01,461033.8275,5632408.9733,2949862.8093,12.0,5.6196,27.1939,8.6179,5.91432,3.45897,-7.73706
2024/02/14 06:00:28.01,461039.9864,5632415.2352,2949856.3262,12.0,5.6197,27.1908,8.6179,6.20042,5.61639,-6.12225
2024/02/14 06:00:29.01,461045.6278,5632419.0608,2949849.4356,12.0,5.6198,27.1877,8.6178,5.32474,3.04226,-7.15736
2024/02/14 06:00:30.01,461050.9416,5632420.4198,2949842.0302,12.0,5.62,27.1847,8.6177,4.42667,-1.32576,-8.79742
2024/02/14 06:00:31.01,461056.2702,5632428.2136,2949836.9543,12.0,5.6201,27.1816,8.6176,4.59235,1.45558,-7.95543
2024/02/14 06:00:32.01,461060.1426,5632425.555,2949827.4244,10.0,6.227,27.7056,8.6476,5.29767,3.07565,-6.71241
2024/02/14 06:00:33.01,461067.1328,5632440.8135,2949825.8486,12.0,5.6204,27.1755,8.6175,5.111,5.399,-6.00253
2024/02/14 06:00:34.01,461075.0095,5632448.1639,2949823.0145,11.0,5.8169,27.1726,8.7845,6.30767,7.63987,-4.05623
2024/02/14 06:00:35.01,461086.9086,5632458.6037,2949824.3273,9.0,6.7509,27.7499,8.8563,6.20856,4.64129,-4.58794
2024/02/14 06:00:36.01,461085.5546,5632449.1525,2949809.4943,9.0,6.7511,27.747,8.8562,4.31776,2.91025,-6.25886
2024/02/14 06:00:37.01,461088.7738,5632457.0805,2949802.216,12.0,5.621,27.1632,8.6172,3.34034,-3.10217,-6.68242
2024/02/14 06:00:38.01,461097.3936,5632461.3531,2949799.5731,12.0,5.6211,27.1602,8.6171,6.87784,2.66431,-4.4216
2024/02/14 06:00:39.01,461102.9967,5632460.6972,2949795.4219,10.0,6.228,27.6847,8.647,4.08755,0.97047,-7.41628
2024/02/14 06:00:40.01,461103.461,5632451.8312,2949781.6118,10.0,6.2281,27.6818,8.647,5.28427,1.93168,-6.29409
2024/02/14 06:00:41.01,461106.3121,5632452.4183,2949772.7338,11.0,5.7509,28.6433,8.6451,5.92128,2.62526,-5.85848
2024/02/14 06:00:42.01,461113.8932,5632455.5851,2949769.9847,11.0,5.8865,27.1897,8.6428,8.66065,11.6951,-2.19345
2024/02/14 06:00:43.01,461124.2468,5632471.0292,2949769.6758,9.0,6.7524,27.7263,8.8551,10.22484,11.87001,0.84524
2024/02/14 06:00:44.01,461129.6186,5632475.223,2949762.9937,10.0,6.1432,27.5645,8.7832,5.81769,2.91019,-5.68669
2024/02/14 06:00:45.01,461130.3515,5632474.4483,2949753.8445,12.0,5.6221,27.1388,8.6165,5.9406,6.6843,-3.63115
2024/02/14 06:00:46.01,461135.9278,5632477.2033,2949748.5231,12.0,5.6222,27.1357,8.6165,5.25136,1.43302,-6.13923
2024/02/14 06:00:47.01,461140.3838,5632468.4055,2949738.5693,12.0,5.6224,27.1327,8.6164,4.76721,-1.05451,-7.24821
2024/02/14 06:00:48.01,461145.7989,5632472.1134,2949733.2901,12.0,5.6225,27.1296,8.6163,5.51419,3.13923,-5.0539
2024/02/14 06:00:49.01,461150.8672,5632472.6539,2949727.4199,12.0,5.6227,27.1266,8.6162,5.33262,1.65144,-5.40502
2024/02/14 06:00:50.01,461156.9275,5632480.0589,2949724.8197,12.0,5.6228,27.1235,8.6161,5.15776,2.96859,-4.81328
2024/02/14 06:00:51.01,461163.1804,5632486.6165,2949722.1011,11.0,5.8877,27.1624,8.6421,5.22723,-2.44532,-6.10032
2024/02/14 06:00:52.01,461169.2949,5632491.5872,2949719.3055,10.0,6.2298,27.646,8.646,3.33432,0.07204,-7.0802
2024/02/14 06:00:53.01,461170.1662,5632482.1637,2949707.5899,11.0,5.8508,27.5227,8.6252,4.79923,1.73301,-5.3553
2024/02/14 06:00:54.01,461175.4414,5632483.5362,2949702.6561,12.0,5.6234,27.1113,8.6158,4.75578,2.32214,-4.87932
2024/02/14 06:00:55.01,461180.404,5632492.4748,2949700.3939,12.0,5.6235,27.1082,8.6157,4.50658,1.82318,-4.66919
2024/02/14 06:00:56.01,461183.5165,5632487.2214,2949693.5063,12.0,5.6236,27.1052,8.6157,3.60861,1.86463,-3.48604
2024/02/14 06:00:57.01,461187.0769,5632488.3358,2949689.8939,12.0,5.6238,27.1021,8.6156,3.37936,1.93172,-3.36936
2024/02/14 06:00:58.01,461190.5731,5632492.3654,2949688.0116,12.0,5.6239,27.0991,8.6155,2.42903,1.32266,-2.80031
2024/02/14 06:00:59.01,461192.5331,5632491.4646,2949684.409,12.0,5.6241,27.096,8.6154,2.45526,0.82186,-2.56575
2024/02/14 06:01:00.01,461195.0933,5632493.7229,2949682.4996,12.0,5.6242,27.093,8.6153,2.12013,1.59587,-2.03703
2024/02/14 06:01:01.00,461197.3173,5632494.5679,2949680.2114,12.0,5.6244,27.0899,8.6153,1.79662,0.61524,-2.58488
2024/02/14 06:01:02.01,461199.8711,5632494.4505,2949678.1954,12.0,5.6245,27.0869,8.6152,1.78051,-0.87954,-2.49043
2024/02/14 06:01:03.01,461201.1943,5632496.5318,2949676.2244,12.0,5.6246,27.0838,8.6151,2.03837,1.21743,-1.66891
2024/02/14 06:01:04.01,461203.3401,5632498.2821,2949674.4348,12.0,5.6248,27.0808,8.615,2.11815,1.0097,-2.30151
2024/02/14 06:01:05.01,461205.7128,5632499.4366,2949672.1267,12.0,5.6249,27.0777,8.6149,2.26809,1.06785,-2.70476
2024/02/14 06:01:06.01,461208.064,5632500.5963,2949669.4998,12.0,5.6251,27.0747,8.6149,2.54113,1.27323,-2.59095
2024/02/14 06:01:07.01,461210.5356,5632501.4623,2949666.7833,12.0,5.6252,27.0716,8.6148,2.68175,1.45527,-2.2554
2024/02/14 06:01:08.01,461213.237,5632501.3611,2949664.192,12.0,5.6253,27.0686,8.6147,2.41751,0.81086,-2.43526
2024/02/14 06:01:09.01,461215.4629,5632502.4083,2949661.8534,12.0,5.6255,27.0655,8.6146,2.13258,1.22187,-2.12627
2024/02/14 06:01:10.01,461217.5953,5632503.0166,2949659.5575,12.0,5.6256,27.0625,8.6145,2.25383,0.61247,-2.29816
2024/02/14 06:01:11.01,461219.8464,5632503.6844,2949657.2439,12.0,5.6258,27.0594,8.6144,2.43447,1.08008,-2.33836
2024/02/14 06:01:12.01,461222.2645,5632504.9924,2949654.8329,12.0,5.6259,27.0564,8.6144,2.53581,1.33886,-2.5871
2024/02/14 06:01:13.01,461224.9281,5632505.8753,2949652.0413,12.0,5.6261,27.0533,8.6143,2.63143,0.69837,-3.19242
2024/02/14 06:01:14.01,461227.8977,5632507.7099,2949648.8415,12.0,5.6262,27.0503,8.6142,3.00904,1.6124,-3.50252
2024/02/14 06:01:15.01,461231.222,5632509.1824,2949645.272,12.0,5.6263,27.0472,8.6141,3.40777,1.46424,-3.84765
2024/02/14 06:01:16.01,461234.7816,5632510.4393,2949641.1959,12.0,5.6265,27.0442,8.614,3.75181,2.19346,-3.94748
2024/02/14 06:01:17.01,461238.7455,5632512.1451,2949636.9898,12.0,5.6266,27.0411,8.6139,3.75784,0.20513,-5.06522
2024/02/14 06:01:18.01,461242.8197,5632513.9178,2949632.4918,12.0,5.6268,27.0381,8.6139,4.25289,2.67162,-4.21504
2024/02/14 06:01:19.01,461247.0637,5632516.1945,2949628.089,12.0,5.6269,27.035,8.6138,4.34859,1.72838,-4.62276
2024/02/14 06:01:20.01,461251.4731,5632518.1728,2949623.4199,12.0,5.6271,27.032,8.6137,4.23629,1.9365,-4.6723
2024/02/14 06:01:21.01,461255.9297,5632520.2348,2949618.8529,12.0,5.6272,27.0289,8.6136,4.35137,2.09804,-4.75705
2024/02/14 06:01:22.01,461260.5031,5632522.754,2949614.2267,12.0,5.6273,27.0259,8.6135,4.52867,1.97769,-4.93226
2024/02/14 06:01:23.01,461265.1975,5632524.9511,2949609.2593,12.0,5.6275,27.0228,8.6135,4.73557,2.20467,-4.79898
2024/02/14 06:01:24.01,461269.9013,5632527.2604,2949604.2832,12.0,5.6276,27.0198,8.6134,5.02004,2.75324,-4.67381
2024/02/14 06:01:25.01,461274.7232,5632529.4761,2949599.279,12.0,5.6278,27.0167,8.6133,4.73671,2.61428,-4.9081
2024/02/14 06:01:26.01,461279.4252,5632531.7646,2949594.2322,12.0,5.6279,27.0137,8.6132,4.89562,1.88064,-5.27266
2024/02/14 06:01:27.01,461283.9563,5632534.0001,2949589.4302,12.0,5.6281,27.0106,8.6131,4.51612,2.21626,-4.85637
2024/02/14 06:01:28.01,461288.483,5632536.1704,2949584.9205,12.0,5.6282,27.0076,8.613,4.38513,2.02341,-4.45293
2024/02/14 06:01:29.01,461292.5495,5632537.7671,2949580.4144,12.0,5.6284,27.0045,8.613,3.99983,2.1154,-4.31647
2024/02/14 06:01:30.01,461296.5566,5632539.7052,2949576.2763,12.0,5.6285,27.0015,8.6129,3.87391,1.61447,-4.1671
2024/02/14 06:01:31.01,461300.3506,5632541.6134,2949572.4991,12.0,5.6286,26.9984,8.6128,3.48285,1.88673,-3.42194
2024/02/14 06:01:32.01,461303.6134,5632543.5133,2949569.2547,12.0,5.6288,26.9954,8.6127,2.73975,1.13898,-3.33523
2024/02/14 06:01:33.01,461306.3475,5632544.7724,2949566.2989,12.0,5.6289,26.9923,8.6126,2.70982,1.01368,-3.04256
2024/02/14 06:01:34.01,461309.0159,5632546.0477,2949563.5939,12.0,5.6291,26.9893,8.6125,2.76612,0.76603,-2.43339
2024/02/14 06:01:35.01,461311.1531,5632546.8243,2949561.4637,12.0,5.6292,26.9863,8.6125,1.71943,0.6393,-1.63169
2024/02/14 06:01:36.01,461312.3808,5632547.5996,2949560.2277,12.0,5.6294,26.9832,8.6124,0.94373,0.20037,-1.04837
2024/02/14 06:01:37.01,461313.3394,5632547.6245,2949559.1076,12.0,5.6295,26.9802,8.6123,0.86308,0.42681,-1.08374
2024/02/14 06:01:38.01,461314.0117,5632547.5339,2949558.0076,12.0,5.6296,26.9771,8.6122,0.54267,0.11488,-0.68133
2024/02/14 06:01:39.01,461314.334,5632547.9813,2949557.8716,12.0,5.6298,26.9741,8.6121,-0.06893,-0.09037,0.07499
2024/02/14 06:01:40.01,461314.2711,5632547.9771,2949557.785,12.0,5.6299,26.971,8.612,-0.04142,0.0743,-0.0102
2024/02/14 06:01:41.01,461314.2795,5632547.8633,2949557.7627,12.0,5.6301,26.968,8.6119,0.21757,0.00938,-0.22912
2024/02/14 06:01:42.01,461314.8276,5632547.7428,2949557.0942,12.0,5.6302,26.965,8.6119,0.91632,0.66133,-0.95469
2024/02/14 06:01:43.01,461316.0196,5632547.9876,2949555.9125,12.0,5.6304,26.9619,8.6118,1.37733,0.96223,-1.45895
2024/02/14 06:01:44.01,461317.6419,5632548.337,2949554.1465,12.0,5.6305,26.9589,8.6117,1.75516,0.14895,-1.96428
2024/02/14 06:01:45.01,461319.5422,5632549.6101,2949552.3136,12.0,5.6307,26.9558,8.6116,1.94715,0.80023,-1.95557
2024/02/14 06:01:46.01,461321.5324,5632550.3519,2949550.1702,12.0,5.6308,26.9528,8.6115,1.97936,0.93166,-2.1321
2024/02/14 06:01:47.01,461323.6862,5632551.1474,2949547.8885,12.0,5.6309,26.9497,8.6114,1.99026,1.04599,-2.22008
2024/02/14 06:01:48.01,461325.512,5632552.2098,2949545.8925,12.0,5.6311,26.9467,8.6113,1.79422,0.69243,-1.94061
2024/02/14 06:01:49.01,461327.002,5632552.7966,2949544.079,12.0,5.6312,26.9436,8.6113,1.61437,0.87703,-1.70282
2024/02/14 06:01:50.01,461328.6405,5632553.5394,2949542.4053,12.0,5.6314,26.9406,8.6112,1.42572,0.25126,-1.6512
2024/02/14 06:01:51.01,461330.1262,5632554.1307,2949540.6923,12.0,5.6315,26.9376,8.6111,1.39752,0.8419,-2.07269
2024/02/14 06:01:52.01,461331.8871,5632555.6868,2949538.8473,12.0,5.6317,26.9345,8.611,2.00064,1.11605,-1.98884
2024/02/14 06:01:53.01,461333.4465,5632556.4325,2949536.5962,12.0,5.6318,26.9315,8.6109,1.65197,1.30054,-2.06779
2024/02/14 06:01:54.01,461335.0212,5632557.1341,2949534.6609,12.0,5.632,26.9284,8.6108,1.54485,0.75582,-1.91445
2024/02/14 06:01:55.01,461336.5868,5632557.8738,2949532.6815,12.0,5.6321,26.9254,8.6107,1.39524,0.47034,-2.16998
2024/02/14 06:01:56.01,461338.2583,5632559.7449,2949531.2732,12.0,5.6323,26.9224,8.6106,1.97353,2.73702,-1.03885
2024/02/14 06:01:57.01,461339.8727,5632559.6594,2949529.0127,12.0,5.6324,26.9193,8.6106,1.91679,0.38012,-1.81931
2024/02/14 06:01:58.01,461342.241,5632563.1663,2949528.7315,12.0,5.6325,26.9163,8.6105,1.64391,0.22392,-1.61491
2024/02/14 06:01:59.01,461343.7922,5632563.9185,2949527.3961,12.0,5.6327,26.9132,8.6104,1.65449,0.77884,-0.95781
2024/02/14 06:02:00.01,461344.9373,5632562.855,2949525.7269,12.0,5.6328,26.9102,8.6103,1.36798,0.26171,-0.99792
2024/02/14 06:02:01.00,461346.1376,5632563.6051,2949524.907,12.0,5.633,26.9071,8.6102,0.91606,0.08833,-0.98956
2024/02/14 06:02:02.01,461347.1751,5632565.6828,2949524.6878,12.0,5.6331,26.9041,8.6101,0.8169,-0.08948,-0.87394
2024/02/14 06:02:03.01,461347.3106,5632563.5251,2949523.1733,12.0,5.6333,26.9011,8.61,0.376,-0.287,-0.33037
2024/02/14 06:02:04.01,461347.6862,5632564.2121,2949523.285,12.0,5.6334,26.898,8.6099,0.28713,-0.03993,-0.20227
2024/02/14 06:02:05.01,461347.9717,5632564.295,2949523.1066,12.0,5.6336,26.895,8.6099,0.1728,0.095,-0.1231
2024/02/14 06:02:06.01,461348.2165,5632564.7964,2949522.9348,12.0,5.6337,26.892,8.6098,0.17905,-0.16632,-0.16028
2024/02/14 06:02:07.01,461348.2986,5632564.8238,2949522.7496,12.0,5.6339,26.8889,8.6097,0.13735,0.22939,-0.21704
2024/02/14 06:02:08.01,461348.5921,5632564.3211,2949522.4157,12.0,5.634,26.8859,8.6096,0.32477,0.01855,-0.27798
2024/02/14 06:02:09.01,461348.9364,5632565.0096,2949522.2553,12.0,5.6341,26.8828,8.6095,0.50776,-0.18898,-0.55356
2024/02/14 06:02:10.01,461349.3723,5632565.0185,2949521.7578,12.0,5.6343,26.8798,8.6094,0.48542,0.253,-0.44599
2024/02/14 06:02:11.01,461349.662,5632564.9929,2949521.4606,12.0,5.6344,26.8768,8.6093,0.05795,-0.00181,-0.11204
2024/02/14 06:02:12.01,461349.6143,5632565.2832,2949521.5333,12.0,5.6346,26.8737,8.6092,-0.01564,-0.03103,-0.01645
2024/02/14 06:02:13.01,461349.6803,5632564.7916,2949521.4717,12.0,5.6347,26.8707,8.6091,-0.04751,0.02545,0.02822
2024/02/14 06:02:14.01,461349.8267,5632565.1021,2949521.5407,12.0,5.6349,26.8677,8.609,0.03545,-0.02122,-0.08256
2024/02/14 06:02:15.01,461349.9061,5632564.8434,2949521.4031,12.0,5.635,26.8646,8.609,0.20245,-0.1249,-0.20401
2024/02/14 06:02:16.01,461350.2758,5632565.5715,2949521.1363,12.0,5.6352,26.8616,8.6089,0.54918,0.42004,-0.41123
2024/02/14 06:02:17.01,461350.7515,5632565.8255,2949520.687,12.0,5.6353,26.8585,8.6088,0.48758,-0.13014,-0.57365
2024/02/14 06:02:18.01,461351.0579,5632565.7695,2949520.2878,12.0,5.6355,26.8555,8.6087,0.38545,0.1028,-0.38236
2024/02/14 06:02:19.01,461351.5136,5632565.8562,2949519.9693,12.0,5.6356,26.8525,8.6086,0.36527,0.27594,-0.22882
2024/02/14 06:02:20.01,461351.5697,5632565.4818,2949519.675,12.0,5.6358,26.8494,8.6085,-0.02358,0.0096,-0.02224
2024/02/14 06:02:21.01,461351.3763,5632565.4987,2949519.5994,12.0,5.6359,26.8464,8.6084,-0.01733,-0.05621,-0.03044
2024/02/14 06:02:22.01,461351.1739,5632565.6686,2949519.5975,12.0,5.636,26.8434,8.6083,-0.01287,-0.04689,-0.02229
2024/02/14 06:02:23.01,461351.0205,5632565.3391,2949519.4597,12.0,5.6362,26.8403,8.6082,-0.03098,0.04695,0.02286
2024/02/14 06:02:24.01,461350.9336,5632565.4125,2949519.5142,12.0,5.6363,26.8373,8.6081,0.00908,-0.02541,-0.04025
2024/02/14 06:02:25.01,461350.8842,5632565.4716,2949519.5184,12.0,5.6365,26.8343,8.6081,0.01058,-0.15746,-0.0372
2024/02/14 06:02:26.01,461350.8444,5632565.2126,2949519.4144,12.0,5.6366,26.8312,8.608,0.0088,0.10931,0.03346
2024/02/14 06:02:27.01,461350.8352,5632565.7192,2949519.4624,12.0,5.6368,26.8282,8.6079,0.05235,-0.01369,0.02551
2024/02/14 06:02:28.01,461350.769,5632566.2651,2949519.6504,12.0,5.6369,26.8252,8.6078,0.02989,-0.01244,-0.00371
2024/02/14 06:02:29.01,461350.6756,5632566.0379,2949519.5759,12.0,5.6371,26.8221,8.6077,0.02867,-0.08342,-0.03261
2024/02/14 06:02:30.01,461350.6227,5632565.7959,2949519.535,12.0,5.6372,26.8191,8.6076,-0.00147,0.12871,-0.0017
2024/02/14 06:02:31.01,461350.6323,5632565.5051,2949519.5337,12.0,5.6374,26.8161,8.6075,-0.02279,0.12003,0.00486
2024/02/14 06:02:32.01,461350.5448,5632565.9898,2949519.5292,12.0,5.6375,26.813,8.6074,0.08887,-0.02238,-0.04895
2024/02/14 06:02:33.01,461350.8722,5632566.3793,2949519.452,12.0,5.6377,26.81,8.6073,0.27559,0.26754,-0.26567
2024/02/14 06:02:34.01,461351.4377,5632566.9943,2949519.206,12.0,5.6378,26.807,8.6072,0.66497,0.20695,-0.74882
2024/02/14 06:02:35.01,461352.6279,5632567.4229,2949518.3361,12.0,5.638,26.8039,8.6071,1.02833,0.55471,-1.35927
2024/02/14 06:02:36.01,461354.0947,5632567.4029,2949516.9967,12.0,5.6381,26.8009,8.6071,1.50646,0.99289,-1.03438
2024/02/14 06:02:37.01,461355.5348,5632567.8149,2949515.7273,12.0,5.6383,26.7979,8.607,1.33239,-0.08365,-1.46291
2024/02/14 06:02:38.01,461356.9151,5632567.8691,2949514.4874,12.0,5.6384,26.7948,8.6069,1.18274,0.41036,-1.20283
2024/02/14 06:02:39.01,461357.9684,5632568.3113,2949513.3271,12.0,5.6386,26.7918,8.6068,0.9834,0.15938,-1.04389
2024/02/14 06:02:40.01,461359.0654,5632568.2679,2949512.3273,12.0,5.6387,26.7888,8.6067,0.89778,0.14014,-0.97423
2024/02/14 06:02:41.01,461359.7769,5632568.2022,2949511.3508,12.0,5.6388,26.7857,8.6066,0.53879,1.36235,-0.37598
2024/02/14 06:02:42.01,461360.3762,5632568.4189,2949510.8753,12.0,5.639,26.7827,8.6065,0.54088,0.10057,-0.53808
2024/02/14 06:02:43.01,461360.8573,5632568.6067,2949510.3696,12.0,5.6391,26.7797,8.6064,0.32592,0.01438,-0.45616
2024/02/14 06:02:44.01,461361.1216,5632568.1055,2949509.8884,12.0,5.6393,26.7766,8.6063,0.25864,0.45131,-0.30907
2024/02/14 06:02:45.01,461361.5706,5632568.989,2949509.5596,12.0,5.6394,26.7736,8.6062,0.43876,0.1783,-0.43492
2024/02/14 06:02:46.01,461362.0234,5632569.4055,2949509.2083,12.0,5.6396,26.7706,8.6061,0.46436,0.05884,-0.47935
2024/02/14 06:02:47.01,461362.4344,5632569.451,2949508.6678,12.0,5.6397,26.7675,8.606,0.41214,-0.22616,-0.58311
2024/02/14 06:02:48.01,461363.0328,5632569.4099,2949508.0091,12.0,5.6399,26.7645,8.606,0.4162,0.4034,-0.43992
2024/02/14 06:02:49.01,461363.3932,5632569.1624,2949507.3649,12.0,5.64,26.7615,8.6059,0.46715,0.16983,-0.57309
2024/02/14 06:02:50.01,461363.7965,5632569.5651,2949506.847,12.0,5.6402,26.7585,8.6058,0.43286,0.35168,-0.52777
2024/02/14 06:02:51.01,461364.2153,5632569.6917,2949506.3427,12.0,5.6403,26.7554,8.6057,0.32009,0.31088,-0.41596
2024/02/14 06:02:52.01,461364.6364,5632569.6109,2949505.8677,12.0,5.6405,26.7524,8.6056,0.40282,0.29619,-0.51545
2024/02/14 06:02:53.01,461365.234,5632570.3226,2949505.4173,12.0,5.6406,26.7494,8.6055,0.76709,0.28064,-0.76809
2024/02/14 06:02:54.01,461366.1961,5632570.7357,2949504.3361,12.0,5.6408,26.7463,8.6054,1.18425,0.70486,-1.34302
2024/02/14 06:02:55.01,461367.6518,5632571.2128,2949502.7791,12.0,5.6409,26.7433,8.6053,1.53024,0.71504,-1.62035
2024/02/14 06:02:56.01,461369.3785,5632572.1464,2949501.13,12.0,5.6411,26.7403,8.6052,1.85952,0.8159,-1.67023
2024/02/14 06:02:57.01,461371.2175,5632573.4806,2949499.4509,12.0,5.6412,26.7372,8.6051,1.91013,0.69136,-1.72762
2024/02/14 06:02:58.01,461372.9821,5632574.0274,2949497.8287,12.0,5.6414,26.7342,8.605,1.62275,0.63257,-1.34854
2024/02/14 06:02:59.01,461374.6254,5632574.7159,2949496.4548,12.0,5.6415,26.7312,8.6049,1.65971,0.88111,-1.26235
2024/02/14 06:03:00.01,461376.3742,5632575.5255,2949494.943,12.0,5.6417,26.7282,8.6048,1.93163,0.76333,-1.53355
2024/02/14 06:03:01.00,461377.9024,5632576.4774,2949493.4675,12.0,5.6418,26.7251,8.6047,1.53885,0.69714,-1.39712
2024/02/14 06:03:02.01,461379.3482,5632576.7431,2949491.9023,12.0,5.642,26.7221,8.6046,1.55402,0.70496,-1.41358
2024/02/14 06:03:03.01,461381.0127,5632577.6303,2949490.3101,12.0,5.6421,26.7191,8.6046,1.71059,0.86374,-1.8981
2024/02/14 06:03:04.01,461382.9419,5632578.6692,2949488.3703,12.0,5.6423,26.716,8.6045,1.98287,0.36274,-2.07846
2024/02/14 06:03:05.01,461384.9965,5632579.7579,2949486.3623,12.0,5.6424,26.713,8.6044,2.04266,0.81401,-2.01152
2024/02/14 06:03:06.01,461386.8258,5632580.7003,2949484.3348,12.0,5.6426,26.71,8.6043,1.95167,0.79835,-2.02998
2024/02/14 06:03:07.01,461388.7745,5632581.7379,2949482.3272,12.0,5.6427,26.707,8.6042,2.07248,1.05893,-2.05041
2024/02/14 06:03:08.01,461390.8681,5632582.7071,2949479.9796,12.0,5.6429,26.7039,8.6041,2.36179,1.01555,-2.69057
2024/02/14 06:03:09.01,461393.4141,5632583.6732,2949477.2668,12.0,5.643,26.7009,8.604,2.57648,1.19797,-2.89152
2024/02/14 06:03:10.01,461396.223,5632585.2001,2949474.3716,12.0,5.6432,26.6979,8.6039,3.06791,1.36754,-2.91612
2024/02/14 06:03:11.01,461399.3026,5632586.3486,2949471.2167,12.0,5.6433,26.6948,8.6038,3.04922,1.46672,-3.11949
2024/02/14 06:03:12.01,461402.4508,5632587.5475,2949468.0456,12.0,5.6435,26.6918,8.6037,3.2303,1.09926,-3.21069
2024/02/14 06:03:13.01,461405.6411,5632588.2719,2949464.7477,12.0,5.6436,26.6888,8.6036,3.29676,1.33033,-3.33384
2024/02/14 06:03:14.01,461409.0016,5632589.6741,2949461.3648,12.0,5.6438,26.6858,8.6035,3.52516,1.11382,-3.53206
2024/02/14 06:03:15.01,461412.6294,5632591.4739,2949457.8904,12.0,5.6439,26.6827,8.6034,3.6614,1.30432,-3.69843
2024/02/14 06:03:16.01,461416.2484,5632592.7563,2949454.2892,12.0,5.6441,26.6797,8.6033,3.70282,3.65747,-2.98629
2024/02/14 06:03:17.01,461419.8477,5632594.6472,2949450.8141,12.0,5.6442,26.6767,8.6032,2.77513,1.95813,-3.94897
2024/02/14 06:03:18.01,461423.5429,5632596.5325,2949447.2617,12.0,5.6444,26.6737,8.6031,3.65372,2.13388,-3.6277
2024/02/14 06:03:19.01,461426.9386,5632597.4443,2949443.0219,12.0,5.6445,26.6706,8.6031,3.57795,1.73163,-4.11868
2024/02/14 06:03:20.01,461430.7594,5632599.1642,2949439.0259,12.0,5.6447,26.6676,8.603,2.88747,0.17094,-5.67198
2024/02/14 06:03:21.01,461434.9213,5632601.4342,2949435.1279,12.0,5.6448,26.6646,8.6029,4.16329,2.48874,-4.01808
2024/02/14 06:03:22.01,461439.272,5632604.3517,2949431.0357,12.0,5.645,26.6615,8.6028,4.63411,2.38168,-4.20896
2024/02/14 06:03:23.01,461443.9006,5632605.8638,2949426.2927,12.0,5.6451,26.6585,8.6027,4.73673,0.8316,-4.99943
2024/02/14 06:03:24.01,461448.8903,5632608.3681,2949421.8806,12.0,5.6453,26.6555,8.6026,5.18057,2.5534,-4.28619
2024/02/14 06:03:25.01,461453.5113,5632610.1562,2949416.7353,12.0,5.6454,26.6525,8.6025,4.96991,1.87472,-4.86299
2024/02/14 06:03:26.01,461459.0545,5632613.1665,2949412.314,12.0,5.6456,26.6494,8.6024,5.30572,1.96351,-5.03415
2024/02/14 06:03:27.01,461464.3337,5632614.9335,2949407.1797,12.0,5.6457,26.6464,8.6023,5.39711,2.28077,-5.03151
2024/02/14 06:03:28.01,461470.0522,5632617.44,2949402.4016,12.0,5.6459,26.6434,8.6022,5.3065,2.28604,-4.78748
2024/02/14 06:03:29.01,461474.8848,5632619.0498,2949397.2021,12.0,5.646,26.6404,8.6021,4.99265,2.23058,-4.79691
2024/02/14 06:03:30.01,461480.0122,5632620.8751,2949392.472,12.0,5.6462,26.6373,8.602,4.91511,1.62993,-4.88449
2024/02/14 06:03:31.01,461484.4788,5632622.6943,2949387.7023,12.0,5.6463,26.6343,8.6019,4.64253,2.05254,-4.81771
2024/02/14 06:03:32.01,461488.776,5632624.471,2949382.9104,12.0,5.6465,26.6313,8.6018,3.9085,2.26484,-4.91697
2024/02/14 06:03:33.01,461492.2157,5632626.2246,2949377.7879,12.0,5.6466,26.6283,8.6017,2.88466,2.29659,-5.32412
2024/02/14 06:03:34.01,461494.7122,5632628.268,2949372.341,12.0,5.6468,26.6252,8.6016,2.08721,2.2983,-5.67457
2024/02/14 06:03:35.01,461496.7292,5632630.8804,2949366.4343,12.0,5.6469,26.6222,8.6015,1.6775,1.82419,-6.51379
2024/02/14 06:03:36.01,461499.8019,5632637.9949,2949362.4757,11.0,5.8459,26.6193,8.7569,2.60685,3.90528,-5.66177
2024/02/14 06:03:37.01,461501.6013,5632642.9409,2949356.0222,11.0,5.8747,27.0293,8.6106,2.72148,7.33509,-6.28285
2024/02/14 06:03:38.01,461502.4142,5632641.3015,2949346.9574,12.0,5.6474,26.6131,8.6013,1.41924,3.00199,-6.81651
2024/02/14 06:03:39.01,461503.4448,5632645.2841,2949339.9952,12.0,5.6475,26.6101,8.6012,1.57996,3.52991,-7.19507
2024/02/14 06:03:40.01,461505.0992,5632650.1119,2949333.1433,12.0,5.6477,26.6071,8.6011,1.65572,3.77224,-7.52915
2024/02/14 06:03:41.01,461506.644,5632652.9821,2949324.9178,12.0,5.6478,26.6041,8.601,1.81547,4.20892,-7.86217
2024/02/14 06:03:42.01,461508.9553,5632657.5676,2949317.1483,12.0,5.648,26.601,8.6009,2.13793,3.96106,-8.27058
2024/02/14 06:03:43.01,461510.657,5632660.8251,2949308.2922,12.0,5.6481,26.598,8.6008,2.23766,3.70828,-8.67793
2024/02/14 06:03:44.01,461512.9655,5632665.6672,2949300.0304,12.0,5.6483,26.595,8.6007,1.50058,4.3857,-9.04359
2024/02/14 06:03:45.01,461515.0812,5632670.8425,2949292.0199,12.0,5.6484,26.592,8.6006,1.86397,4.53784,-8.82241
2024/02/14 06:03:46.01,461517.1083,5632678.0216,2949283.2061,12.0,5.6486,26.5889,8.6005,2.04029,2.63554,-9.04705
2024/02/14 06:03:47.01,461519.3118,5632678.0294,2949273.1313,12.0,5.6487,26.5859,8.6004,2.29273,2.74529,-9.50762
2024/02/14 06:03:48.01,461521.3557,5632685.2001,2949264.9887,12.0,5.6489,26.5829,8.6003,2.24498,4.21748,-9.26566
2024/02/14 06:03:49.01,461523.1021,5632692.2168,2949256.7662,12.0,5.649,26.5799,8.6002,1.74179,-0.21963,-10.74131
2024/02/14 06:03:50.01,461525.5661,5632692.5132,2949246.5641,12.0,5.6492,26.5769,8.6001,1.8423,1.80314,-9.71476
2024/02/14 06:03:51.01,461528.1076,5632695.973,2949238.0394,12.0,5.6493,26.5738,8.6,2.09324,3.94974,-8.63429
2024/02/14 06:03:52.01,461529.6824,5632700.3908,2949228.7125,12.0,5.6495,26.5708,8.5999,1.93277,5.45308,-8.22055
2024/02/14 06:03:53.01,461531.6562,5632703.7183,2949220.4688,12.0,5.6496,26.5678,8.5998,2.4114,7.52157,-7.51215
2024/02/14 06:03:54.01,461534.1397,5632708.0417,2949211.277,12.0,5.6498,26.5648,8.5997,2.1245,4.57051,-7.51422
2024/02/14 06:03:55.01,461536.2263,5632714.4154,2949203.4092,12.0,5.6499,26.5617,8.5996,2.63441,2.77508,-8.29061
2024/02/14 06:03:56.01,461538.6267,5632716.3342,2949194.5797,12.0,5.6501,26.5587,8.5996,1.87212,4.12169,-8.30926
2024/02/14 06:03:57.01,461540.4367,5632722.3849,2949186.5218,12.0,5.6502,26.5557,8.5995,2.4507,5.0272,-7.78618
2024/02/14 06:03:58.01,461542.185,5632723.7709,2949178.352,12.0,5.6504,26.5527,8.5994,3.06718,3.00058,-7.23051
2024/02/14 06:03:59.01,461544.1786,5632728.1649,2949169.3092,12.0,5.6506,26.5497,8.5993,1.87757,3.96653,-8.00676
2024/02/14 06:04:00.01,461546.2171,5632730.7406,2949161.1207,12.0,5.6507,26.5466,8.5992,2.26732,5.12776,-7.56299
2024/02/14 06:04:01.00,461548.1544,5632736.1337,2949153.0996,12.0,5.6509,26.5436,8.5991,1.69946,4.12462,-7.81733
2024/02/14 06:04:02.01,461550.0059,5632740.6236,2949145.6973,12.0,5.651,26.5406,8.599,1.59562,4.0121,-7.79303
2024/02/14 06:04:03.01,461551.516,5632744.5647,2949137.6944,12.0,5.6512,26.5376,8.5989,1.52296,3.78104,-7.3423
2024/02/14 06:04:04.01,461553.0501,5632748.1104,2949130.656,12.0,5.6513,26.5346,8.5988,1.57166,3.28965,-6.56916
2024/02/14 06:04:05.01,461554.4633,5632751.8736,2949124.7606,12.0,5.6515,26.5315,8.5987,1.39582,2.41745,-5.91058
2024/02/14 06:04:06.01,461555.6476,5632755.2241,2949118.9533,12.0,5.6516,26.5285,8.5986,1.28486,2.80164,-5.79346
2024/02/14 06:04:07.01,461557.8789,5632754.4529,2949111.9169,11.0,9.7292,37.6708,12.3826,1.17193,3.13414,-5.2781
2024/02/14 06:04:08.01,461560.2041,5632752.6843,2949105.4875,12.0,5.6519,26.5225,8.5984,10.46235,-29.46723,-15.00867
2024/02/14 06:04:09.01,461559.6673,5632759.225,2949103.0547,12.0,5.6521,26.5195,8.5983,0.9583,1.59323,-3.43273
2024/02/14 06:04:10.01,461560.4142,5632760.3204,2949099.9385,12.0,5.6522,26.5165,8.5982,0.72095,0.34682,-2.40528
2024/02/14 06:04:11.01,461560.6233,5632761.3081,2949098.2266,12.0,5.6524,26.5134,8.5981,0.30429,0.77193,-1.37938
2024/02/14 06:04:12.01,461560.6273,5632762.3487,2949097.0671,12.0,5.6525,26.5104,8.598,0.34058,1.06045,-1.15537
2024/02/14 06:04:13.01,461560.7459,5632762.4625,2949095.8841,12.0,5.6527,26.5074,8.5979,0.22362,0.42969,-0.77939
2024/02/14 06:04:14.01,461560.708,5632763.0402,2949095.5981,12.0,5.6528,26.5044,8.5978,-0.02335,-0.13765,0.02743
2024/02/14 06:04:15.01,461560.5564,5632763.0233,2949095.6154,12.0,5.653,26.5014,8.5977,-0.00373,0.03198,0.03862
2024/02/14 06:04:16.01,461560.4926,5632763.2773,2949095.6139,12.0,5.6531,26.4984,8.5976,-0.01303,-0.03825,-0.01054
2024/02/14 06:04:17.01,461560.3991,5632763.4808,2949095.6048,12.0,5.6533,26.4954,8.5975,-0.02028,0.03357,-0.01118
2024/02/14 06:04:18.01,461560.3439,5632763.6617,2949095.6372,12.0,5.6535,26.4924,8.5974,0.0336,-0.0289,-0.02584
2024/02/14 06:04:19.01,461560.3765,5632763.7682,2949095.7826,12.0,5.6536,26.4893,8.5973,-0.01756,0.01285,-0.00622
2024/02/14 06:04:20.01,461560.3048,5632764.142,2949095.9001,12.0,5.6538,26.4863,8.5972,-0.0231,0.00302,-0.00378
2024/02/14 06:04:21.01,461560.2503,5632764.2147,2949095.8438,12.0,5.6539,26.4833,8.5971,0.03047,0.0757,0.06298
2024/02/14 06:04:22.01,461560.2729,5632764.3314,2949095.8529,12.0,5.6541,26.4803,8.597,0.02402,0.06921,-0.00257
2024/02/14 06:04:23.01,461560.2088,5632764.9112,2949096.0086,12.0,5.6542,26.4773,8.5969,0.00847,-0.12757,-0.04772
2024/02/14 06:04:24.01,461560.1664,5632765.0185,2949096.1081,12.0,5.6544,26.4743,8.5968,-0.02588,0.11628,0.03795
2024/02/14 06:04:25.01,461560.1433,5632765.0141,2949096.0362,12.0,5.6545,26.4713,8.5967,-0.0032,-0.07733,-0.03409
2024/02/14 06:04:26.01,461560.096,5632765.0266,2949096.1538,12.0,5.6547,26.4683,8.5966,0.02887,-0.22429,-0.03816
2024/02/14 06:04:27.01,461560.1284,5632764.8864,2949096.1265,12.0,5.6548,26.4653,8.5965,-0.02327,0.05902,0.02488
2024/02/14 06:04:28.01,461560.0307,5632764.6478,2949096.026,12.0,5.655,26.4623,8.5964,0.02966,-0.1073,0.00846
2024/02/14 06:04:29.01,461560.0016,5632764.7374,2949096.0153,12.0,5.6551,26.4593,8.5963,0.02385,-0.01112,-0.02265
2024/02/14 06:04:30.01,461560.0861,5632764.8916,2949096.0233,12.0,5.6553,26.4562,8.5962,-0.04371,0.02881,0.02969
2024/02/14 06:04:31.01,461560.1702,5632765.1771,2949096.0927,12.0,5.6555,26.4532,8.5961,-0.01316,0.04989,0.03308
2024/02/14 06:04:32.01,461560.1821,5632764.9429,2949096.0533,12.0,5.6556,26.4502,8.596,-0.00102,-0.01564,0.00568
2024/02/14 06:04:33.01,461560.2081,5632764.9123,2949096.1106,12.0,5.6558,26.4472,8.5959,-0.03244,-0.04646,-0.03302
2024/02/14 06:04:34.01,461560.2887,5632764.5683,2949095.9426,12.0,5.6559,26.4442,8.5957,-0.00235,-0.07535,-0.01892
2024/02/14 06:04:35.01,461560.1743,5632764.6774,2949095.975,12.0,5.6561,26.4412,8.5956,0.003,0.05626,0.00776
2024/02/14 06:04:36.01,461560.1446,5632764.7357,2949095.983,12.0,5.6562,26.4382,8.5955,0.00068,0.12452,0.04472
2024/02/14 06:04:37.01,461560.1185,5632765.0458,2949095.9703,12.0,5.6564,26.4352,8.5954,-0.02668,-0.00171,-0.02068
2024/02/14 06:04:38.01,461560.1344,5632765.2232,2949096.0934,12.0,5.6565,26.4322,8.5953,0.00994,-0.04653,-0.00181
2024/02/14 06:04:39.01,461560.051,5632765.0354,2949096.0667,12.0,5.6567,26.4292,8.5952,0.00362,-0.04605,0.00609
2024/02/14 06:04:40.01,461560.0575,5632765.2953,2949096.2164,12.0,5.6568,26.4262,8.5951,0.0358,-0.00475,0.01839
2024/02/14 06:04:41.01,461560.1298,5632765.3308,2949096.209,12.0,5.657,26.4232,8.595,-0.01389,0.13458,0.03715
2024/02/14 06:04:42.01,461560.0455,5632764.8455,2949096.12,12.0,5.6572,26.4202,8.5949,-0.01783,0.07987,0.00662
2024/02/14 06:04:43.01,461560.0701,5632764.6489,2949096.0862,12.0,5.6573,26.4172,8.5948,-0.02949,0.0714,0.02746
2024/02/14 06:04:44.01,461560.0469,5632764.2935,2949095.9934,12.0,5.6575,26.4142,8.5947,0.00067,0.03909,0.01813
2024/02/14 06:04:45.01,461560.0217,5632764.2715,2949095.9643,12.0,5.6576,26.4112,8.5946,-0.03781,0.14125,0.03769
2024/02/14 06:04:46.01,461560.0993,5632764.4975,2949095.9907,12.0,5.6578,26.4081,8.5945,-0.01616,-0.04101,-0.00258
2024/02/14 06:04:47.01,461560.1101,5632764.7441,2949096.0285,12.0,5.6579,26.4051,8.5944,0.03655,-0.13529,-0.06548
2024/02/14 06:04:48.01,461560.1041,5632764.8216,2949096.1149,12.0,5.6581,26.4021,8.5943,0.00154,-0.10497,-0.0547
2024/02/14 06:04:49.01,461560.1052,5632764.8598,2949096.1883,12.0,5.6582,26.3991,8.5942,-0.00709,-0.03033,-0.02605
2024/02/14 06:04:50.01,461560.0481,5632765.3249,2949096.2735,12.0,5.6584,26.3961,8.5941,-0.02627,0.08615,0.00489
2024/02/14 06:04:51.01,461559.9477,5632765.4494,2949096.2565,12.0,5.6586,26.3931,8.594,-0.00106,-0.07254,0.01369
2024/02/14 06:04:52.01,461559.9899,5632765.415,2949096.2207,12.0,5.6587,26.3901,8.5939,-0.0308,0.07796,0.03483
2024/02/14 06:04:53.01,461560.0192,5632765.4,2949096.2679,12.0,5.6589,26.3871,8.5938,-0.00664,-0.04004,-0.0075
2024/02/14 06:04:54.01,461559.9685,5632765.4161,2949096.1982,12.0,5.659,26.3841,8.5937,-0.00033,0.11333,0.01901
2024/02/14 06:04:55.01,461560.0086,5632765.1584,2949096.0864,12.0,5.6592,26.3811,8.5936,-0.03792,0.1402,0.02753
2024/02/14 06:04:56.01,461560.0387,5632764.9957,2949096.0287,12.0,5.6593,26.3781,8.5935,0.00672,-0.07043,-0.00677
2024/02/14 06:04:57.01,461560.0152,5632765.2032,2949096.1155,12.0,5.6595,26.3751,8.5934,0.02342,-0.03017,-0.00161
2024/02/14 06:04:58.01,461559.954,5632764.6918,2949096.0432,12.0,5.6596,26.3721,8.5932,0.01557,-0.05074,0.00889
2024/02/14 06:04:59.01,461560.0299,5632764.9307,2949096.1369,12.0,5.6598,26.3691,8.5931,-0.03085,0.02973,0.01363
2024/02/14 06:05:00.01,461559.9887,5632764.6299,2949096.0281,12.0,5.66,26.3661,8.593,0.00095,-0.02899,-0.01956
2024/02/14 06:05:01.00,461559.9159,5632764.8969,2949096.1087,12.0,5.6601,26.3631,8.5929,0.02029,0.0384,0.02255
2024/02/14 06:05:02.01,461559.9542,5632764.296,2949095.8882,12.0,5.6603,26.3601,8.5928,0.03948,-0.10216,-0.00759
2024/02/14 06:05:03.01,461559.9397,5632764.6464,2949095.9149,12.0,5.6604,26.3571,8.5927,-0.01086,0.148,0.04721
2024/02/14 06:05:04.01,461559.9739,5632764.6779,2949095.964,12.0,5.6606,26.3541,8.5926,0.01173,-0.13525,-0.05293
2024/02/14 06:05:05.01,461560.004,5632764.6641,2949095.9601,12.0,5.6607,26.3511,8.5925,0.00348,-0.1094,-0.04698
2024/02/14 06:05:06.01,461559.9873,5632764.5621,2949095.9884,12.0,5.6609,26.3481,8.5924,0.01353,-0.05635,-0.01692
2024/02/14 06:05:07.01,461559.9366,5632764.6256,2949096.0554,12.0,5.661,26.3451,8.5923,-0.01835,0.01763,-0.01955
2024/02/14 06:05:08.01,461559.9249,5632764.9003,2949096.0451,12.0,5.6612,26.3421,8.5922,-0.02137,0.01804,0.00965
2024/02/14 06:05:09.01,461559.8754,5632764.6811,2949095.8902,12.0,5.6614,26.3391,8.5921,-0.01688,0.13091,0.03085
2024/02/14 06:05:10.01,461559.9976,5632764.585,2949095.8321,12.0,5.6615,26.3361,8.592,-0.0116,0.0324,0.00537
2024/02/14 06:05:11.01,461559.9659,5632764.76,2949095.8819,12.0,5.6617,26.3331,8.5919,-0.03979,0.21039,0.05311
2024/02/14 06:05:12.01,461560.0205,5632764.512,2949095.8563,12.0,5.6618,26.3301,8.5918,0.01269,-0.02258,-0.0078
2024/02/14 06:05:13.01,461560.1151,5632764.7116,2949095.9952,12.0,5.662,26.3271,8.5917,0.00237,-0.0213,0.02501
2024/02/14 06:05:14.01,461560.1745,5632764.5797,2949095.9141,12.0,5.6621,26.3241,8.5915,0.00953,-0.10424,-0.02754
2024/02/14 06:05:15.01,461560.0902,5632763.9118,2949095.7011,12.0,5.6623,26.3211,8.5914,0.0205,-0.10996,-0.04414
2024/02/14 06:05:16.01,461560.0525,5632763.8205,2949095.6685,12.0,5.6625,26.3181,8.5913,-0.00997,0.10911,0.05512
2024/02/14 06:05:17.01,461560.1116,5632764.4649,2949095.7484,12.0,5.6626,26.3151,8.5912,-0.04033,0.11213,0.04557
2024/02/14 06:05:18.01,461560.1147,5632765.1038,2949095.8096,12.0,5.6628,26.3121,8.5911,-0.02139,0.03682,0.01761
2024/02/14 06:05:19.01,461560.1868,5632764.9643,2949095.7425,12.0,5.6629,26.3091,8.591,-0.00941,0.15862,0.04173
2024/02/14 06:05:20.01,461560.2279,5632765.0184,2949095.8229,12.0,5.6631,26.3061,8.5909,-0.00696,0.00487,-0.01215
2024/02/14 06:05:21.01,461560.1742,5632764.4877,2949095.7373,12.0,5.6632,26.3032,8.5908,0.03187,-0.06753,-0.03299
2024/02/14 06:05:22.01,461560.2087,5632764.5301,2949095.8126,12.0,5.6634,26.3002,8.5907,-0.03114,-0.01305,-0.00239
2024/02/14 06:05:23.01,461560.1297,5632765.1106,2949095.9934,12.0,5.6636,26.2972,8.5906,0.03297,-0.11704,-0.03261
2024/02/14 06:05:24.01,461560.1158,5632765.3897,2949096.0933,12.0,5.6637,26.2942,8.5905,-0.0095,0.00695,-0.00317
2024/02/14 06:05:25.01,461560.0211,5632765.7542,2949096.1651,12.0,5.6639,26.2912,8.5904,0.00118,-0.09126,-0.04384
2024/02/14 06:05:26.01,461559.9341,5632765.6581,2949096.147,12.0,5.664,26.2882,8.5903,-0.00565,0.01347,0.02083
2024/02/14 06:05:27.01,461560.0014,5632766.0739,2949096.2599,12.0,5.6642,26.2852,8.5901,0.00045,-0.12307,-0.0351
2024/02/14 06:05:28.01,461560.0295,5632765.5897,2949096.07,12.0,5.6643,26.2822,8.59,-0.00328,0.04752,0.0231
2024/02/14 06:05:29.01,461560.0014,5632765.2145,2949095.9652,12.0,5.6645,26.2792,8.5899,-0.01522,0.16172,0.03281
2024/02/14 06:05:30.01,461559.9495,5632765.5036,2949096.0726,12.0,5.6647,26.2762,8.5898,0.01327,0.00682,0.00841
2024/02/14 06:05:31.01,461559.94,5632765.1613,2949096.0489,12.0,5.6648,26.2732,8.5897,0.05936,-0.08483,-0.02078
2024/02/14 06:05:32.01,461560.0503,5632765.4055,2949096.0775,12.0,5.665,26.2702,8.5896,-0.0285,0.1223,0.009
2024/02/14 06:05:33.01,461560.1201,5632765.7829,2949096.1961,12.0,5.6651,26.2672,8.5895,0.00407,-0.04175,0.00483
2024/02/14 06:05:34.01,461560.1379,5632765.7029,2949096.1933,12.0,5.6653,26.2642,8.5894,0.02462,-0.14501,-0.074
2024/02/14 06:05:35.01,461560.2302,5632765.9359,2949096.2347,12.0,5.6655,26.2612,8.5893,0.0277,-0.13385,-0.00205
2024/02/14 06:05:36.01,461560.1923,5632765.7253,2949096.0933,12.0,5.6656,26.2582,8.5892,0.048,-0.0081,-0.01288
2024/02/14 06:05:37.01,461560.2648,5632765.4368,2949095.9847,12.0,5.6658,26.2552,8.5891,0.00112,0.06086,0.01714
2024/02/14 06:05:38.01,461560.2037,5632765.1514,2949095.8968,12.0,5.6659,26.2523,8.589,-0.0187,-0.00887,-0.00604
2024/02/14 06:05:39.01,461560.2275,5632764.9664,2949095.811,12.0,5.6661,26.2493,8.5888,-0.01,-0.13381,-0.04815
2024/02/14 06:05:40.01,461560.1172,5632765.3866,2949095.9085,12.0,5.6662,26.2463,8.5887,-0.01427,-0.08451,-0.02739
2024/02/14 06:05:41.01,461560.1517,5632765.3158,2949095.8862,12.0,5.6664,26.2433,8.5886,-0.02625,-0.06044,-0.02638
2024/02/14 06:05:42.01,461560.2327,5632765.5672,2949096.0378,12.0,5.6666,26.2403,8.5885,0.01126,0.0874,0.00931
2024/02/14 06:05:43.01,461560.2378,5632765.6772,2949096.0026,12.0,5.6667,26.2373,8.5884,0.05216,-0.19621,-0.05959
2024/02/14 06:05:44.01,461560.1596,5632765.6851,2949096.0733,12.0,5.6669,26.2343,8.5883,0.00976,0.08625,0.02294
2024/02/14 06:05:45.01,461560.2342,5632766.015,2949096.1431,12.0,5.667,26.2313,8.5882,0.03628,0.0319,-0.07646
2024/02/14 06:05:46.01,461560.3128,5632766.3192,2949095.8877,12.0,5.6672,26.2283,8.5881,0.03763,0.2824,-0.51064
2024/02/14 06:05:47.01,461560.3341,5632766.1105,2949094.9408,12.0,5.6674,26.2253,8.588,0.32805,0.32342,-1.21529
2024/02/14 06:05:48.01,461560.6032,5632766.4403,2949093.414,12.0,5.6675,26.2224,8.5879,0.3755,0.23714,-1.74147
2024/02/14 06:05:49.01,461560.9227,5632767.5294,2949091.8256,12.0,5.6677,26.2194,8.5877,0.32751,0.3162,-2.0406
2024/02/14 06:05:50.01,461561.3363,5632768.6757,2949089.908,12.0,5.6678,26.2164,8.5876,0.48906,0.94747,-2.28119
2024/02/14 06:05:51.01,461561.8988,5632769.7707,2949087.6666,12.0,5.668,26.2134,8.5875,0.50375,1.43431,-2.23405
2024/02/14 06:05:52.01,461562.5295,5632770.9861,2949085.273,12.0,5.6681,26.2104,8.5874,0.41667,1.3619,-2.42894
2024/02/14 06:05:53.01,461563.0683,5632772.0815,2949082.8307,12.0,5.6683,26.2074,8.5873,0.51805,1.6692,-2.20486
2024/02/14 06:05:54.01,461563.8776,5632773.3684,2949080.2596,12.0,5.6685,26.2044,8.5872,1.22573,4.64946,-1.31893
2024/02/14 06:05:55.01,461564.7038,5632775.5486,2949077.6383,12.0,5.6686,26.2014,8.5871,0.68897,1.95557,-3.0365
2024/02/14 06:05:56.01,461565.1678,5632775.9757,2949074.1956,12.0,5.6688,26.1984,8.587,0.63267,1.60224,-2.835
2024/02/14 06:05:57.01,461565.759,5632777.653,2949071.6366,12.0,5.6689,26.1954,8.5869,0.56468,1.49572,-2.51503
2024/02/14 06:05:58.01,461566.0757,5632778.2385,2949068.6758,12.0,5.6691,26.1925,8.5868,0.51789,1.44497,-2.55392
2024/02/14 06:05:59.01,461566.5389,5632780.4478,2949066.0074,12.0,5.6693,26.1895,8.5867,0.5514,1.55258,-2.69858
2024/02/14 06:06:00.01,461567.2475,5632782.7515,2949063.2952,12.0,5.6694,26.1865,8.5865,0.70228,2.05723,-3.09259
2024/02/14 06:06:01.00,461567.5083,5632783.6811,2949059.6271,12.0,5.6696,26.1835,8.5864,0.52111,1.85293,-3.24444
2024/02/14 06:06:02.01,461568.2024,5632785.6701,2949056.6665,12.0,5.6697,26.1805,8.5863,0.47351,1.6986,-3.33882
2024/02/14 06:06:03.01,461568.805,5632786.8928,2949053.1384,12.0,5.6699,26.1775,8.5862,0.63833,1.69892,-3.67918
2024/02/14 06:06:04.01,461569.6307,5632788.5141,2949049.3331,12.0,5.6701,26.1745,8.5861,0.83284,1.92453,-3.92018
2024/02/14 06:06:05.01,461570.6665,5632790.7579,2949045.1781,12.0,5.6702,26.1715,8.586,1.23717,2.17305,-4.40022
2024/02/14 06:06:06.01,461571.9489,5632793.2057,2949040.7015,12.0,5.6704,26.1686,8.5859,1.60607,2.13354,-4.61562
2024/02/14 06:06:07.01,461573.5795,5632795.2838,2949036.0291,12.0,5.6705,26.1656,8.5858,1.5609,2.1463,-4.89244
2024/02/14 06:06:08.01,461575.0892,5632797.8763,2949031.0561,12.0,5.6707,26.1626,8.5857,1.38941,2.73329,-5.04428
2024/02/14 06:06:09.01,461576.5487,5632800.5035,2949025.9116,12.0,5.6709,26.1596,8.5856,1.48095,2.42872,-5.37757
2024/02/14 06:06:10.01,461577.9505,5632803.3219,2949020.3775,12.0,5.671,26.1566,8.5854,1.64404,2.35939,-6.15512
2024/02/14 06:06:11.01,461579.6269,5632805.7586,2949014.3752,12.0,5.6712,26.1536,8.5853,1.69186,3.32757,-5.92205
2024/02/14 06:06:12.01,461580.9956,5632808.1373,2949008.1947,12.0,5.6713,26.1506,8.5852,1.38874,3.25868,-6.04661
2024/02/14 06:06:13.01,461582.5892,5632811.3125,2949002.0387,12.0,5.6715,26.1476,8.5851,1.42779,2.94059,-6.41295
2024/02/14 06:06:14.01,461584.2424,5632814.7258,2948995.9398,12.0,5.6717,26.1447,8.585,1.71883,3.07678,-6.41696
2024/02/14 06:06:15.01,461585.8308,5632817.9295,2948989.4737,12.0,5.6718,26.1417,8.5849,1.4416,3.42374,-6.18276
2024/02/14 06:06:16.01,461587.3394,5632821.4761,2948983.1163,12.0,5.672,26.1387,8.5848,1.57236,3.24751,-6.41416
2024/02/14 06:06:17.01,461588.7865,5632824.7616,2948976.652,12.0,5.6721,26.1357,8.5847,1.49591,3.30501,-6.28845
2024/02/14 06:06:18.01,461590.3699,5632827.989,2948970.3112,12.0,5.6723,26.1327,8.5846,1.57078,3.22032,-6.44357
2024/02/14 06:06:19.01,461591.9431,5632831.3314,2948963.9962,12.0,5.6725,26.1297,8.5845,1.38489,3.19595,-6.26387
2024/02/14 06:06:20.01,461593.4889,5632834.2521,2948957.6412,12.0,5.6726,26.1267,8.5843,1.35245,3.01459,-6.24323
2024/02/14 06:06:21.01,461594.9847,5632837.3293,2948951.2784,12.0,5.6728,26.1238,8.5842,1.36799,2.94038,-6.57836
2024/02/14 06:06:22.01,461596.3691,5632840.2998,2948944.7293,12.0,5.6729,26.1208,8.5841,1.34405,3.18661,-6.49216
2024/02/14 06:06:23.01,461597.7699,5632844.0798,2948938.2861,12.0,5.6731,26.1178,8.584,1.52262,3.30656,-6.47328
2024/02/14 06:06:24.01,461599.0506,5632847.6166,2948931.726,12.0,5.6733,26.1148,8.5839,1.29677,3.28602,-6.65837
2024/02/14 06:06:25.01,461600.4619,5632850.3329,2948925.0234,12.0,5.6734,26.1118,8.5838,1.39284,3.3324,-6.57423
2024/02/14 06:06:26.01,461601.7876,5632853.2946,2948918.3197,12.0,5.6736,26.1088,8.5837,1.4641,3.37608,-6.52429
2024/02/14 06:06:27.01,461603.3116,5632856.2588,2948911.7091,12.0,5.6737,26.1058,8.5836,1.38806,3.01558,-6.62207
2024/02/14 06:06:28.01,461604.676,5632859.6067,2948905.2053,12.0,5.6739,26.1029,8.5835,1.38655,3.52141,-6.30487
2024/02/14 06:06:29.01,461605.9846,5632862.6963,2948898.9554,12.0,5.6741,26.0999,8.5833,1.18832,3.08109,-5.76605
2024/02/14 06:06:30.01,461607.1791,5632865.5313,2948893.1344,12.0,5.6742,26.0969,8.5832,1.12751,2.98191,-5.82151
2024/02/14 06:06:31.01,461608.3384,5632868.5676,2948887.5448,12.0,5.6744,26.0939,8.5831,1.08992,2.6053,-5.5785
2024/02/14 06:06:32.01,461609.3388,5632870.8121,2948881.9054,12.0,5.6746,26.0909,8.583,1.09818,2.25923,-5.50416
2024/02/14 06:06:33.01,461610.6474,5632873.3081,2948876.3811,12.0,5.6747,26.0879,8.5829,1.3475,2.78111,-5.45408
2024/02/14 06:06:34.01,461611.9677,5632876.0744,2948870.8058,12.0,5.6749,26.085,8.5828,1.00311,2.67718,-5.83261
2024/02/14 06:06:35.01,461613.202,5632878.4272,2948865.044,12.0,5.675,26.082,8.5827,1.17174,2.67244,-5.89453
2024/02/14 06:06:36.01,461614.2511,5632881.2933,2948859.0845,12.0,5.6752,26.079,8.5826,1.10293,3.24805,-6.00008
2024/02/14 06:06:37.01,461615.4001,5632884.0639,2948852.8325,12.0,5.6754,26.076,8.5824,1.04542,3.39606,-6.24071
2024/02/14 06:06:38.01,461616.605,5632887.7698,2948846.5775,12.0,5.6755,26.073,8.5823,1.2738,2.78146,-6.61302
2024/02/14 06:06:39.01,461617.8671,5632891.4325,2948840.1315,12.0,5.6757,26.0701,8.5822,1.35343,3.48524,-6.56276
2024/02/14 06:06:40.01,461619.254,5632894.8596,2948833.2832,12.0,5.6758,26.0671,8.5821,1.43268,3.54143,-6.90151
2024/02/14 06:06:41.01,461620.6121,5632898.4846,2948826.32,12.0,5.676,26.0641,8.582,1.44617,4.08758,-6.75243
2024/02/14 06:06:42.01,461621.8652,5632901.7418,2948819.1708,12.0,5.6762,26.0611,8.5819,1.39855,3.2958,-7.16781
2024/02/14 06:06:43.01,461623.147,5632905.5372,2948812.1212,12.0,5.6763,26.0581,8.5818,1.64424,4.54896,-6.5791
2024/02/14 06:06:44.01,461625.5563,5632916.098,2948808.1749,12.0,5.6765,26.0552,8.5817,0.33573,-4.05276,-10.55408
2024/02/14 06:06:45.01,461627.7279,5632923.7239,2948802.8397,12.0,5.6767,26.0522,8.5815,1.98574,5.61038,-7.49107
2024/02/14 06:06:46.01,461629.4928,5632928.9725,2948796.0924,12.0,5.6768,26.0492,8.5814,1.69827,4.29227,-7.22624
2024/02/14 06:06:47.01,461631.6589,5632935.7714,2948789.9017,12.0,5.677,26.0462,8.5813,1.48887,3.33144,-7.88158
2024/02/14 06:06:48.01,461630.6213,5632924.1004,2948774.8489,12.0,5.6771,26.0432,8.5812,1.76885,3.9385,-7.74651
2024/02/14 06:06:49.01,461632.516,5632929.4914,2948767.573,12.0,5.6773,26.0403,8.5811,1.65728,4.12003,-7.73831
2024/02/14 06:06:50.01,461634.2826,5632934.1293,2948760.121,12.0,5.6775,26.0373,8.581,1.95611,3.96229,-7.49461
2024/02/14 06:06:51.01,461636.1705,5632938.7978,2948752.9036,12.0,5.6776,26.0343,8.5809,1.53243,4.07837,-7.40814
2024/02/14 06:06:52.01,461637.5029,5632941.9753,2948745.3722,12.0,5.6778,26.0313,8.5808,1.40219,3.6581,-7.36625
2024/02/14 06:06:53.01,461638.6728,5632944.2823,2948737.6505,12.0,5.6779,26.0284,8.5806,1.47999,3.83637,-6.98618
2024/02/14 06:06:54.01,461640.0852,5632947.7118,2948730.6052,12.0,5.6781,26.0254,8.5805,1.39292,3.99274,-6.74572
2024/02/14 06:06:55.01,461641.624,5632951.6769,2948723.9649,12.0,5.6783,26.0224,8.5804,1.45042,3.31397,-6.76632
2024/02/14 06:06:56.01,461642.8913,5632954.6921,2948717.3324,12.0,5.6784,26.0194,8.5803,1.29351,3.49987,-6.39774
2024/02/14 06:06:57.01,461644.9128,5632962.9988,2948713.2625,12.0,5.6786,26.0164,8.5802,2.15753,2.59624,-5.67951
2024/02/14 06:06:58.01,461647.6389,5632968.194,2948708.4441,12.0,5.6788,26.0135,8.5801,0.98884,4.53033,-6.37268
2024/02/14 06:06:59.01,461649.5216,5632977.2032,2948703.9171,12.0,5.6789,26.0105,8.58,2.63432,7.76328,-4.21261
2024/02/14 06:07:00.01,461648.3595,5632968.2939,2948691.2438,12.0,5.6791,26.0075,8.5799,1.64856,5.85389,-6.01706
2024/02/14 06:07:01.00,461650.2047,5632976.844,2948686.7976,12.0,5.6792,26.0045,8.5797,1.24962,4.19218,-6.42299
2024/02/14 06:07:02.01,461653.0669,5632985.1338,2948683.1208,12.0,5.6794,26.0016,8.5796,1.31834,3.15443,-6.54228
2024/02/14 06:07:03.01,461653.423,5632984.6936,2948674.7953,12.0,5.6796,25.9986,8.5795,1.32146,2.94235,-6.433
2024/02/14 06:07:04.01,461654.2485,5632988.1769,2948668.0228,12.0,5.6797,25.9956,8.5794,1.33987,3.20202,-6.61208
2024/02/14 06:07:05.01,461654.354,5632984.8794,2948658.3304,12.0,5.6799,25.9926,8.5793,1.10353,3.28745,-6.6778
2024/02/14 06:07:06.01,461655.8329,5632988.7885,2948652.0108,12.0,5.6801,25.9897,8.5792,1.19711,3.03161,-6.7462
2024/02/14 06:07:07.01,461657.037,5632992.6631,2948645.5124,12.0,5.6802,25.9867,8.579,1.17786,3.63036,-6.58475
2024/02/14 06:07:08.01,461658.4652,5632995.8346,2948638.6618,12.0,5.6804,25.9837,8.5789,1.36679,3.89644,-6.83351
2024/02/14 06:07:09.01,461659.8392,5632999.897,2948631.8762,12.0,5.6806,25.9808,8.5788,1.44553,3.2997,-7.36251
2024/02/14 06:07:10.01,461661.1643,5633002.745,2948624.1102,12.0,5.6807,25.9778,8.5787,1.39381,3.58331,-7.5415
2024/02/14 06:07:11.01,461662.6723,5633007.0479,2948617.0038,12.0,5.6809,25.9748,8.5786,1.80709,3.25148,-7.33141
2024/02/14 06:07:12.01,461664.226,5633010.0142,2948609.4935,12.0,5.681,25.9718,8.5785,1.32414,3.98,-7.13034
2024/02/14 06:07:13.01,461665.4484,5633013.4829,2948602.3446,12.0,5.6812,25.9689,8.5784,1.62713,3.65646,-6.73116
2024/02/14 06:07:14.01,461666.8346,5633016.8186,2948595.3641,12.0,5.6814,25.9659,8.5782,1.1713,3.75183,-6.69794
2024/02/14 06:07:15.01,461668.2217,5633019.8113,2948588.5028,12.0,5.6815,25.9629,8.5781,1.25063,2.95916,-6.61629
2024/02/14 06:07:16.01,461668.8254,5633020.4846,2948581.0796,12.0,5.6817,25.96,8.578,0.77543,4.04527,-5.85639
2024/02/14 06:07:17.01,461669.8705,5633026.6335,2948577.067,12.0,5.6819,25.957,8.5779,0.12622,2.69693,-5.119
2024/02/14 06:07:18.01,461669.2073,5633028.7571,2948572.2505,12.0,5.682,25.954,8.5778,-1.08227,1.95129,-4.31352
2024/02/14 06:07:19.01,461668.4263,5633032.9282,2948569.5851,12.0,5.6822,25.951,8.5777,-2.28776,2.0629,-3.27515
2024/02/14 06:07:20.01,461670.6416,5633017.9336,2948561.6773,10.0,10.7346,36.625,12.568,-4.62802,-3.17574,-2.8215
2024/02/14 06:07:21.01,461662.7011,5633035.1883,2948564.294,12.0,5.6825,25.9451,8.5774,-2.9719,0.79671,-1.7091
2024/02/14 06:07:22.01,461660.0482,5633034.9909,2948562.0417,12.0,5.6827,25.9421,8.5773,-2.78323,1.01465,-0.8039
2024/02/14 06:07:23.01,461658.267,5633035.5325,2948561.6325,12.0,5.6828,25.9392,8.5772,-2.12877,0.53958,-0.41638
2024/02/14 06:07:24.01,461655.9566,5633038.0592,2948561.4702,12.0,5.683,25.9362,8.5771,-1.93959,0.44008,-0.2935
2024/02/14 06:07:25.01,461653.4322,5633038.8141,2948561.4858,12.0,5.6832,25.9333,8.5769,-2.29549,0.37866,-0.266
2024/02/14 06:07:26.01,461650.8708,5633039.0183,2948561.1008,12.0,5.6833,25.9303,8.5768,-2.69933,-0.11973,-0.25039
2024/02/14 06:07:27.01,461648.0502,5633038.009,2948560.6929,12.0,5.6835,25.9273,8.5767,-2.783,0.19309,-0.00848
2024/02/14 06:07:28.01,461645.0121,5633037.6933,2948560.6725,12.0,5.6837,25.9244,8.5766,-3.19635,0.33944,0.09351
2024/02/14 06:07:29.01,461641.6319,5633037.9682,2948560.7334,12.0,5.6838,25.9214,8.5765,-3.35112,0.24867,-0.09747
2024/02/14 06:07:30.01,461638.1633,5633038.2883,2948560.8637,12.0,5.684,25.9184,8.5764,-3.5146,-0.5182,-0.15923
2024/02/14 06:07:31.01,461634.4249,5633038.3608,2948561.0379,12.0,5.6842,25.9155,8.5762,-4.01039,0.24422,0.44774
2024/02/14 06:07:32.01,461630.1552,5633038.6481,2948561.558,12.0,5.6843,25.9125,8.5761,-4.42102,-0.5692,0.28522
2024/02/14 06:07:33.01,461625.4776,5633038.3546,2948561.9887,12.0,5.6845,25.9096,8.576,-4.87987,-0.29949,0.783
2024/02/14 06:07:34.01,461620.4907,5633038.1366,2948562.9262,12.0,5.6847,25.9066,8.5759,-5.27769,0.07754,1.19716
2024/02/14 06:07:35.01,461614.8296,5633037.2021,2948563.8221,12.0,5.6848,25.9036,8.5757,-5.95801,-0.54037,0.93039
2024/02/14 06:07:36.01,461608.7377,5633036.9085,2948565.0049,12.0,5.685,25.9007,8.5756,-6.08234,0.19084,1.4405
2024/02/14 06:07:37.01,461602.517,5633036.77,2948566.3732,12.0,5.6852,25.8977,8.5755,-6.06055,0.00652,1.41728
2024/02/14 06:07:38.01,461596.4047,5633036.4445,2948567.6488,12.0,5.6853,25.8948,8.5754,-6.23512,-0.21448,1.39175
2024/02/14 06:07:39.01,461590.1647,5633036.4505,2948569.018,12.0,5.6855,25.8918,8.5753,-6.45066,-0.16764,1.57687
2024/02/14 06:07:40.01,461584.071,5633036.2967,2948570.993,12.0,5.6856,25.8888,8.5751,-6.6296,-0.49291,1.66602
2024/02/14 06:07:41.01,461576.6764,5633037.8981,2948573.0232,12.0,5.6858,25.8859,8.575,-6.62867,2.1541,2.84538
2024/02/14 06:07:42.01,461573.9601,5633061.832,2948586.3906,12.0,5.686,25.8829,8.5749,-6.48233,1.1049,3.12809
2024/02/14 06:07:43.01,461570.2665,5633081.8723,2948598.0326,12.0,5.6861,25.8799,8.5748,-7.43395,1.21005,2.59648
2024/02/14 06:07:44.01,461554.6354,5633035.477,2948578.956,12.0,5.6863,25.877,8.5747,-7.7904,-1.01188,2.16789
2024/02/14 06:07:45.01,461546.4482,5633034.0532,2948580.6837,12.0,5.6865,25.8741,8.5745,-8.18476,-0.4738,2.42882
2024/02/14 06:07:46.01,461538.1065,5633033.2759,2948583.2087,12.0,5.6866,25.8711,8.5744,-8.49134,-1.30771,2.54335
2024/02/14 06:07:47.01,461529.3992,5633033.956,2948586.3993,12.0,5.6868,25.8681,8.5743,-7.63366,1.01604,4.12056
2024/02/14 06:07:48.01,461523.44,5633039.5084,2948593.6289,12.0,5.687,25.8652,8.5742,-6.48837,1.44291,5.66573
2024/02/14 06:07:49.01,461516.0334,5633045.3725,2948600.4556,12.0,5.6871,25.8622,8.574,-9.33033,2.07909,4.52986
2024/02/14 06:07:50.01,461504.2512,5633032.9738,2948597.7445,12.0,5.6873,25.8593,8.5739,-8.74675,-0.53354,3.45436
2024/02/14 06:07:51.01,461495.8786,5633033.605,2948601.9099,12.0,5.6875,25.8563,8.5738,-8.98257,-1.64024,2.92256
2024/02/14 06:07:52.01,461486.2373,5633028.5325,2948603.0043,12.0,5.6876,25.8534,8.5737,-8.65946,-0.81805,3.25447
2024/02/14 06:07:53.01,461477.6982,5633028.5365,2948606.4021,12.0,5.6878,25.8504,8.5735,-8.55957,-1.07141,2.74638
2024/02/14 06:07:54.01,461469.4211,5633028.2748,2948609.3463,12.0,5.688,25.8475,8.5734,-7.9947,-0.95537,2.58031
2024/02/14 06:07:55.01,461461.7435,5633027.9191,2948611.6727,12.0,5.6881,25.8445,8.5733,-7.24511,-0.42144,2.11094
2024/02/14 06:07:56.01,461454.921,5633026.917,2948613.0497,12.0,5.6883,25.8416,8.5732,-6.67176,0.04286,1.00501
2024/02/14 06:07:57.01,461448.1523,5633026.6647,2948612.9977,12.0,5.6885,25.8386,8.5731,-6.62083,0.44921,-0.45661
2024/02/14 06:07:58.01,461441.9127,5633027.5018,2948611.605,12.0,5.6886,25.8357,8.5729,-5.96329,1.19597,-2.34417
2024/02/14 06:07:59.01,461436.8551,5633028.8791,2948608.4754,12.0,5.6888,25.8327,8.5728,-4.64787,2.37444,-3.85372
2024/02/14 06:08:00.01,461433.0661,5633031.4466,2948604.4375,12.0,5.689,25.8297,8.5727,-3.23216,2.87711,-4.56142
2024/02/14 06:08:01.00,461430.9551,5633034.1568,2948599.306,12.0,5.6891,25.8268,8.5726,-1.51663,3.52944,-5.30951
2024/02/14 06:08:02.01,461430.3013,5633036.9519,2948593.4856,12.0,5.6893,25.8238,8.5724,0.18477,3.27373,-5.75166
2024/02/14 06:08:03.01,461431.1865,5633040.062,2948587.503,12.0,5.6895,25.8209,8.5723,1.62858,2.55138,-6.18378
2024/02/14 06:08:04.01,461432.728,5633042.8719,2948581.2869,12.0,5.6896,25.8179,8.5722,1.99704,2.65529,-6.39541
2024/02/14 06:08:05.01,461434.647,5633045.9851,2948574.9742,12.0,5.6898,25.815,8.5721,2.15088,3.4123,-6.30695
2024/02/14 06:08:06.01,461436.7437,5633049.1246,2948568.3249,12.0,5.69,25.812,8.572,2.54696,2.06654,-7.22757
2024/02/14 06:08:07.01,461438.7047,5633052.7689,2948561.3575,12.0,5.6901,25.809,8.5718,2.23749,3.79581,-7.32811
2024/02/14 06:08:08.01,461440.9219,5633056.5398,2948553.9044,12.0,5.6903,25.8061,8.5717,2.37424,3.77529,-7.83306
2024/02/14 06:08:09.01,461443.3994,5633060.2718,2948545.9128,12.0,5.6905,25.8031,8.5716,2.5529,4.05454,-8.16113
2024/02/14 06:08:10.01,461446.2004,5633064.5093,2948537.6205,12.0,5.6906,25.8002,8.5715,2.96003,3.86737,-8.55843
2024/02/14 06:08:11.01,461449.1937,5633069.8213,2948529.4467,12.0,5.6908,25.7972,8.5714,2.32269,1.27688,-10.1387
2024/02/14 06:08:12.01,461452.7533,5633078.6653,2948522.5848,12.0,5.691,25.7943,8.5712,1.72532,2.35634,-10.62632
2024/02/14 06:08:13.01,461453.6934,5633081.4701,2948511.9302,12.0,5.6911,25.7913,8.5711,3.49118,1.51176,-10.10633
2024/02/14 06:08:14.01,461456.5297,5633084.8221,2948502.3221,12.0,5.6913,25.7883,8.571,3.07392,6.33223,-8.23414
2024/02/14 06:08:15.01,461459.543,5633090.3424,2948493.8164,12.0,5.6915,25.7854,8.5709,3.06115,4.04216,-8.8678
2024/02/14 06:08:16.01,461462.3616,5633093.98,2948485.1123,12.0,5.6916,25.7824,8.5708,3.10757,3.56911,-8.11593
2024/02/14 06:08:17.01,461464.9583,5633098.6189,2948477.8315,12.0,5.6918,25.7795,8.5706,2.39286,3.73715,-6.89093
2024/02/14 06:08:18.01,461466.8216,5633099.974,2948470.058,12.0,5.692,25.7765,8.5705,2.3158,3.60806,-6.52183
2024/02/14 06:08:19.01,461469.4788,5633103.2982,2948463.814,12.0,5.6921,25.7736,8.5704,2.30931,2.98271,-6.56439
2024/02/14 06:08:20.01,461472.1958,5633108.1895,2948458.0177,12.0,5.6923,25.7706,8.5703,2.47571,3.56539,-6.46362
2024/02/14 06:08:21.01,461475.2164,5633111.0655,2948451.6124,11.0,5.92,26.1826,8.5789,2.76486,1.40671,-7.22574
2024/02/14 06:08:22.01,461476.7044,5633113.0043,2948443.6083,12.0,5.6926,25.7647,8.57,3.00491,1.26615,-7.75329
2024/02/14 06:08:23.01,461478.7754,5633117.7774,2948436.8024,12.0,5.6928,25.7618,8.5699,2.16459,2.16649,-7.53615
2024/02/14 06:08:24.01,461481.0786,5633121.1209,2948429.3221,12.0,5.693,25.7588,8.5698,2.28455,3.64576,-7.59849
2024/02/14 06:08:25.01,461483.8283,5633125.7906,2948421.7793,12.0,5.6931,25.7559,8.5697,1.60808,6.62742,-6.76842
2024/02/14 06:08:26.01,461486.0267,5633129.1665,2948413.7797,12.0,5.6933,25.7529,8.5695,2.51338,3.36584,-7.99336
2024/02/14 06:08:27.01,461488.9911,5633133.4658,2948406.3471,12.0,5.6935,25.75,8.5694,2.76556,4.06952,-7.95838
2024/02/14 06:08:28.01,461491.2912,5633136.4991,2948397.6092,12.0,5.6936,25.747,8.5693,2.63915,3.65471,-8.4331
2024/02/14 06:08:29.01,461494.3749,5633142.9625,2948390.1485,12.0,5.6938,25.744,8.5692,2.60728,4.47566,-8.22113
2024/02/14 06:08:30.01,461496.4894,5633144.3699,2948380.3488,12.0,5.694,25.7411,8.5691,2.68942,4.28191,-8.35166
2024/02/14 06:08:31.01,461499.1185,5633148.0776,2948371.8891,12.0,5.6942,25.7381,8.5689,2.55112,4.21539,-8.35187
2024/02/14 06:08:32.01,461501.7888,5633152.7959,2948363.7702,12.0,5.6943,25.7352,8.5688,2.44608,4.30504,-8.18474
2024/02/14 06:08:33.01,461504.3487,5633156.9911,2948355.737,12.0,5.6945,25.7322,8.5687,2.2317,4.401,-8.05891
2024/02/14 06:08:34.01,461507.0581,5633160.7229,2948347.6508,12.0,5.6947,25.7293,8.5686,2.64805,3.95947,-7.79676
2024/02/14 06:08:35.01,461509.7522,5633164.2996,2948339.6788,12.0,5.6948,25.7263,8.5684,2.55501,3.60293,-7.72187
2024/02/14 06:08:36.01,461512.2834,5633167.748,2948332.4072,12.0,5.695,25.7234,8.5683,2.24567,3.00093,-7.22723
2024/02/14 06:08:37.01,461514.4031,5633170.746,2948325.694,12.0,5.6952,25.7204,8.5682,1.9092,3.15695,-6.30526
2024/02/14 06:08:38.01,461516.2777,5633173.4189,2948319.6271,12.0,5.6953,25.7175,8.5681,0.52209,8.20424,-3.46897
2024/02/14 06:08:39.01,461518.046,5633175.0153,2948314.4542,12.0,5.6955,25.7146,8.5679,2.75999,1.1024,-3.94227
2024/02/14 06:08:40.01,461520.3011,5633179.1953,2948309.1165,12.0,5.6957,25.7116,8.5678,2.01193,3.0436,-5.58956
2024/02/14 06:08:41.01,461522.5276,5633181.8785,2948303.4909,12.0,5.6958,25.7087,8.5677,1.67198,2.30734,-5.11955
2024/02/14 06:08:42.01,461523.8941,5633184.4617,2948298.792,12.0,5.696,25.7057,8.5676,1.17751,2.09213,-4.45151
2024/02/14 06:08:43.01,461524.9428,5633186.3875,2948294.181,12.0,5.6962,25.7028,8.5675,0.89148,2.2435,-4.23939
2024/02/14 06:08:44.01,461525.9471,5633188.2664,2948289.8781,12.0,5.6963,25.6998,8.5673,0.63092,2.10259,-4.20644
2024/02/14 06:08:45.01,461526.2673,5633190.9533,2948285.8309,12.0,5.6965,25.6969,8.5672,1.11758,-0.40449,-4.90819
2024/02/14 06:08:46.01,461526.6858,5633193.2813,2948281.7304,12.0,5.6967,25.6939,8.5671,0.37092,2.48259,-3.91133
2024/02/14 06:08:47.01,461526.8989,5633194.7635,2948277.3376,12.0,5.6969,25.691,8.5669,0.16009,1.93892,-3.89486
2024/02/14 06:08:48.01,461527.0694,5633196.939,2948273.2822,12.0,5.697,25.6881,8.5668,0.02827,1.69636,-4.08079
2024/02/14 06:08:49.01,461527.0871,5633198.3607,2948269.1108,12.0,5.6972,25.6851,8.5667,-0.16205,2.20275,-3.85245
2024/02/14 06:08:50.01,461526.9307,5633200.4041,2948264.9732,12.0,5.6974,25.6822,8.5666,-0.06895,1.77015,-4.19147
2024/02/14 06:08:51.01,461526.8154,5633202.6305,2948260.5896,12.0,5.6975,25.6792,8.5664,-0.13694,2.27091,-4.27592
2024/02/14 06:08:52.01,461526.9204,5633204.764,2948256.0112,12.0,5.6977,25.6763,8.5663,-0.06648,2.46077,-4.65747
2024/02/14 06:08:53.01,461526.8964,5633207.2004,2948251.2364,12.0,5.6979,25.6733,8.5662,0.01055,2.64334,-4.97972
2024/02/14 06:08:54.01,461526.7646,5633209.4311,2948246.0199,12.0,5.698,25.6704,8.5661,-0.11235,2.62819,-5.1704
2024/02/14 06:08:55.01,461526.5652,5633213.0608,2948240.8664,12.0,5.6982,25.6675,8.5659,-0.10616,2.89927,-5.41202
2024/02/14 06:08:56.01,461526.4457,5633215.5574,2948235.0036,12.0,5.6984,25.6645,8.5658,-0.16084,2.9194,-5.83177
2024/02/14 06:08:57.01,461526.229,5633218.8359,2948229.0682,12.0,5.6985,25.6616,8.5657,-0.07836,3.09313,-6.10984
2024/02/14 06:08:58.01,461525.9372,5633221.7199,2948222.7923,12.0,5.6987,25.6586,8.5656,-0.02781,2.21974,-6.72859
2024/02/14 06:08:59.01,461525.8948,5633224.7517,2948216.3339,12.0,5.6989,25.6557,8.5654,-0.12518,3.3402,-6.62522
2024/02/14 06:09:00.01,461525.715,5633228.0222,2948209.7003,12.0,5.6991,25.6528,8.5653,-0.02517,3.86189,-6.52396
2024/02/14 06:09:01.00,461525.5154,5633231.5491,2948202.9589,12.0,5.6992,25.6498,8.5652,-0.21359,3.72162,-6.58322
2024/02/14 06:09:02.01,461525.2874,5633234.5607,2948196.2099,12.0,5.6994,25.6469,8.5651,-0.43318,2.20102,-7.11118
2024/02/14 06:09:03.01,461525.0467,5633237.4564,2948189.518,12.0,5.6996,25.6439,8.5649,-0.29657,2.37475,-6.64733
2024/02/14 06:09:04.01,461524.8918,5633242.0911,2948183.6871,12.0,5.6997,25.641,8.5648,-0.27831,3.07797,-6.37995
2024/02/14 06:09:05.01,461524.4206,5633245.6153,2948177.1664,12.0,5.6999,25.6381,8.5647,-0.38103,3.79191,-6.26308
2024/02/14 06:09:06.01,461524.2204,5633247.1964,2948169.9501,12.0,5.7001,25.6351,8.5646,-0.143,3.49913,-6.58425
2024/02/14 06:09:07.01,461524.2035,5633252.3781,2948164.1757,12.0,5.7003,25.6322,8.5644,-0.11686,3.16134,-6.37724
2024/02/14 06:09:08.01,461524.1902,5633255.6804,2948157.5593,12.0,5.7004,25.6292,8.5643,-0.12568,3.38638,-6.68977
2024/02/14 06:09:09.01,461524.269,5633259.9087,2948151.1004,12.0,5.7006,25.6263,8.5642,-0.12394,3.52391,-6.95281
2024/02/14 06:09:10.01,461524.0107,5633263.9539,2948143.9726,12.0,5.7008,25.6234,8.5641,-0.20589,4.02459,-7.04529
2024/02/14 06:09:11.01,461523.971,5633267.5208,2948136.634,12.0,5.7009,25.6204,8.5639,-0.02355,3.76993,-7.23328
2024/02/14 06:09:12.01,461523.6282,5633271.9571,2948129.5413,12.0,5.7011,25.6175,8.5638,-0.14445,3.50054,-7.41809
2024/02/14 06:09:13.01,461523.4166,5633275.2126,2948122.1333,12.0,5.7013,25.6145,8.5637,-0.143,4.43678,-7.2051
2024/02/14 06:09:14.01,461523.2869,5633280.2105,2948115.4148,12.0,5.7014,25.6116,8.5635,-0.20548,4.43399,-7.56676
2024/02/14 06:09:15.01,461522.9292,5633284.7415,2948107.7163,12.0,5.7016,25.6087,8.5634,-0.24034,4.19814,-7.9071
2024/02/14 06:09:16.01,461522.3303,5633287.3081,2948098.7034,12.0,5.7018,25.6057,8.5633,-0.27059,4.27908,-8.21826
2024/02/14 06:09:17.01,461522.1114,5633292.3138,2948090.5934,12.0,5.702,25.6028,8.5632,-0.19567,4.20805,-8.31904
2024/02/14 06:09:18.01,461522.1192,5633297.7528,2948082.8672,12.0,5.7021,25.5998,8.563,-0.33753,4.40538,-8.30632
2024/02/14 06:09:19.01,461521.4269,5633300.7511,2948073.8679,12.0,5.7023,25.5969,8.5629,-0.28957,4.1759,-8.19653
2024/02/14 06:09:20.01,461521.3431,5633306.0146,2948066.2748,12.0,5.7025,25.594,8.5628,-0.22967,4.05049,-8.11475
2024/02/14 06:09:21.01,461521.1826,5633310.223,2948058.1778,12.0,5.7026,25.591,8.5627,0.34352,2.73023,-8.4383
2024/02/14 06:09:22.01,461521.3074,5633313.3636,2948049.73,12.0,5.7028,25.5881,8.5625,0.06024,4.10831,-8.38678
2024/02/14 06:09:23.01,461521.3485,5633317.8232,2948041.4538,12.0,5.703,25.5852,8.5624,-0.17363,4.36265,-8.39409
2024/02/14 06:09:24.01,461521.2496,5633322.2264,2948032.9694,12.0,5.7032,25.5822,8.5623,-0.12571,4.48659,-8.54747
2024/02/14 06:09:25.01,461521.1409,5633327.3289,2948024.5181,12.0,5.7033,25.5793,8.5621,-0.18241,4.40535,-8.80035
2024/02/14 06:09:26.01,461521.0011,5633331.5067,2948015.6691,12.0,5.7035,25.5764,8.562,-0.07459,4.43041,-8.80721
2024/02/14 06:09:27.01,461520.9764,5633335.9195,2948006.7674,12.0,5.7037,25.5734,8.5619,-0.11477,4.65983,-8.84638
2024/02/14 06:09:28.01,461520.8493,5633340.4317,2947997.752,12.0,5.7038,25.5705,8.5618,-0.49612,5.68965,-8.70844
2024/02/14 06:09:29.01,461520.1765,5633346.7907,2947989.2794,12.0,5.704,25.5676,8.5616,-0.21722,4.76139,-8.97436
2024/02/14 06:09:30.01,461520.0703,5633351.9944,2947980.6293,12.0,5.7042,25.5646,8.5615,-0.2375,4.65498,-8.71945
2024/02/14 06:09:31.01,461519.899,5633356.1519,2947971.8875,12.0,5.7044,25.5617,8.5614,-0.1778,4.29703,-8.64677
2024/02/14 06:09:32.01,461519.6074,5633360.043,2947963.2431,12.0,5.7045,25.5588,8.5613,-0.20766,4.08871,-8.48188
2024/02/14 06:09:33.01,461519.3799,5633364.5785,2947955.0003,12.0,5.7047,25.5558,8.5611,-0.13659,4.34611,-8.13228
2024/02/14 06:09:34.01,461519.3439,5633368.7019,2947946.9027,12.0,5.7049,25.5529,8.561,-0.06078,3.93787,-7.97566
2024/02/14 06:09:35.01,461519.3488,5633372.3644,2947939.108,12.0,5.705,25.55,8.5609,-0.01984,4.11603,-7.48984
2024/02/14 06:09:36.01,461519.3734,5633375.8461,2947931.7042,12.0,5.7052,25.547,8.5607,-0.02949,3.67493,-7.27399
2024/02/14 06:09:37.01,461519.2524,5633379.7487,2947924.6806,12.0,5.7054,25.5441,8.5606,-0.12616,4.05273,-6.89402
2024/02/14 06:09:38.01,461519.2423,5633383.0258,2947917.4736,12.0,5.7056,25.5412,8.5605,-0.21626,3.8488,-7.01934
2024/02/14 06:09:39.01,461519.0957,5633386.446,2947910.3293,12.0,5.7057,25.5382,8.5604,-0.23057,3.58601,-7.23363
2024/02/14 06:09:40.01,461518.9412,5633390.169,2947903.2732,12.0,5.7059,25.5353,8.5602,-0.2594,3.7266,-6.87911
2024/02/14 06:09:41.01,461518.7242,5633393.7935,2947896.341,12.0,5.7061,25.5324,8.5601,-0.25286,3.55025,-6.85039
2024/02/14 06:09:42.01,461518.6186,5633397.5844,2947889.4884,12.0,5.7062,25.5294,8.56,-0.19533,3.88129,-7.03103
2024/02/14 06:09:43.01,461518.3449,5633401.3523,2947882.3004,12.0,5.7064,25.5265,8.5598,-0.11455,3.96258,-7.01275
2024/02/14 06:09:44.01,461518.2431,5633405.0148,2947875.3458,12.0,5.7066,25.5236,8.5597,-0.04755,3.91968,-6.83715
2024/02/14 06:09:45.01,461518.1566,5633408.5852,2947868.5507,12.0,5.7068,25.5207,8.5596,0.04419,3.67108,-6.88076
2024/02/14 06:09:46.01,461518.2059,5633412.2055,2947861.8188,12.0,5.7069,25.5177,8.5594,0.06584,3.24708,-6.8801
2024/02/14 06:09:47.01,461518.1384,5633415.2623,2947854.7953,12.0,5.7071,25.5148,8.5593,-0.08125,3.89389,-6.70344
2024/02/14 06:09:48.01,461518.0438,5633419.014,2947848.0169,12.0,5.7073,25.5119,8.5592,-0.15934,3.38352,-6.91178
2024/02/14 06:09:49.01,461517.8608,5633422.6973,2947841.3224,12.0,5.7075,25.509,8.5591,-0.25094,3.4043,-6.68683
2024/02/14 06:09:50.01,461517.6157,5633426.3742,2947834.8603,12.0,5.7076,25.506,8.5589,-0.22505,3.70925,-6.36015
2024/02/14 06:09:51.01,461517.3168,5633429.5072,2947828.388,12.0,5.7078,25.5031,8.5588,-0.24524,3.50843,-6.33356
2024/02/14 06:09:52.01,461517.1386,5633432.883,2947821.8576,12.0,5.708,25.5002,8.5587,-0.24305,3.47914,-6.66833
2024/02/14 06:09:53.01,461517.0347,5633436.5058,2947815.213,12.0,5.7081,25.4973,8.5585,-0.14208,3.69862,-6.6928
2024/02/14 06:09:54.01,461516.7152,5633440.3078,2947808.5801,12.0,5.7083,25.4943,8.5584,-0.13569,3.28717,-6.63142
2024/02/14 06:09:55.01,461516.4633,5633443.88,2947802.0828,12.0,5.7085,25.4914,8.5583,-0.18501,3.45176,-6.3282
2024/02/14 06:09:56.01,461516.275,5633447.6146,2947795.711,12.0,5.7087,25.4885,8.5581,-0.24871,3.52699,-6.51288
2024/02/14 06:09:57.01,461516.1533,5633450.7097,2947789.1104,12.0,5.7088,25.4856,8.558,-0.14761,3.28919,-6.65242
2024/02/14 06:09:58.01,461516.0397,5633454.2508,2947782.4796,12.0,5.709,25.4826,8.5579,-0.21226,3.83557,-6.65235
2024/02/14 06:09:59.01,461515.9114,5633458.2432,2947775.7377,12.0,5.7092,25.4797,8.5577,0.03704,3.73391,-6.76147
2024/02/14 06:10:00.01,461515.6668,5633461.8783,2947769.0032,12.0,5.7094,25.4768,8.5576,-0.21465,3.67286,-6.84708
2024/02/14 06:10:01.00,461515.2136,5633466.8777,2947762.5191,12.0,5.7095,25.4739,8.5575,-0.4598,4.43973,-6.53768
2024/02/14 06:10:02.01,461515.1122,5633470.098,2947755.5002,12.0,5.7097,25.4709,8.5573,-0.10563,3.80463,-6.80138
2024/02/14 06:10:03.01,461515.1172,5633473.5583,2947748.6089,12.0,5.7099,25.468,8.5572,0.09116,3.10693,-7.07657
2024/02/14 06:10:04.01,461515.0208,5633477.1182,2947741.7433,12.0,5.7101,25.4651,8.5571,-0.10744,3.61104,-6.75502
2024/02/14 06:10:05.01,461514.8177,5633480.7738,2947735.0195,12.0,5.7102,25.4622,8.557,-0.07928,3.22774,-6.96099
2024/02/14 06:10:06.01,461514.6916,5633484.0421,2947728.2332,12.0,5.7104,25.4592,8.5568,-0.15303,3.49451,-6.55484
2024/02/14 06:10:07.01,461514.5647,5633487.8117,2947721.8646,12.0,5.7106,25.4563,8.5567,-0.09877,2.84296,-6.61101
2024/02/14 06:10:08.01,461514.4624,5633490.8494,2947715.501,12.0,5.7108,25.4534,8.5566,-0.00984,2.92573,-6.3812
2024/02/14 06:10:09.01,461514.3279,5633493.8562,2947709.2276,12.0,5.7109,25.4505,8.5564,-0.08049,3.37128,-6.10492
2024/02/14 06:10:10.01,461514.0206,5633499.3622,2947704.3975,12.0,5.7111,25.4476,8.5563,-2.99149,8.65157,-2.78465
2024/02/14 06:10:11.01,461513.4417,5633506.877,2947700.2658,12.0,5.7113,25.4446,8.5562,0.50286,3.20978,-5.82647
2024/02/14 06:10:12.01,461514.5953,5633508.2748,2947693.7391,12.0,5.7115,25.4417,8.556,1.19123,2.86206,-5.55452
2024/02/14 06:10:13.01,461516.1299,5633510.3339,2947688.0155,12.0,5.7116,25.4388,8.5559,2.45528,2.50224,-5.06946
2024/02/14 06:10:14.01,461519.6188,5633512.4557,2947683.3739,12.0,5.7118,25.4359,8.5558,3.13236,1.93091,-4.45158
2024/02/14 06:10:15.01,461522.5947,5633512.1336,2947678.9287,12.0,5.712,25.433,8.5556,3.16503,2.01871,-3.29295
2024/02/14 06:10:16.01,461525.7435,5633514.854,2947675.4306,12.0,5.7122,25.43,8.5555,2.95631,1.73102,-3.16747
2024/02/14 06:10:17.01,461528.9974,5633515.6838,2947672.2036,12.0,5.7123,25.4271,8.5554,2.5805,0.04582,-3.8511
2024/02/14 06:10:18.01,461531.7863,5633514.2893,2947667.8932,12.0,5.7125,25.4242,8.5552,2.26425,-0.31002,-3.93225
2024/02/14 06:10:19.01,461533.8194,5633517.4368,2947664.6797,12.0,5.7127,25.4213,8.5551,2.52982,1.60037,-3.95406
2024/02/14 06:10:20.01,461535.4768,5633521.1397,2947660.9504,12.0,5.7129,25.4184,8.5549,2.23984,1.5959,-4.12307
2024/02/14 06:10:21.01,461538.1641,5633521.6893,2947656.389,12.0,5.713,25.4155,8.5548,2.57351,2.35652,-4.12883
2024/02/14 06:10:22.01,461541.5017,5633524.2486,2947652.6976,12.0,5.7132,25.4126,8.5547,2.83158,1.05703,-4.63859
2024/02/14 06:10:23.01,461544.7782,5633525.2955,2947648.1036,12.0,5.7134,25.4096,8.5545,3.81042,1.01887,-4.2877
2024/02/14 06:10:24.01,461549.0395,5633525.9975,2947644.2213,12.0,5.7136,25.4067,8.5544,4.80755,1.07943,-3.27087
2024/02/14 06:10:25.01,461554.1868,5633526.9642,2947641.8064,12.0,5.7137,25.4038,8.5543,5.50243,0.44733,-1.75547
2024/02/14 06:10:26.01,461560.1367,5633527.4866,2947640.9404,12.0,5.7139,25.4009,8.5541,5.84391,-0.35234,-0.64762
2024/02/14 06:10:27.01,461566.1484,5633526.6586,2947640.7686,12.0,5.7141,25.398,8.554,5.979,-0.56176,0.245
2024/02/14 06:10:28.01,461572.2807,5633525.6372,2947641.1333,12.0,5.7143,25.3951,8.5539,6.21955,-1.11614,0.42101
2024/02/14 06:10:29.01,461578.6268,5633524.4145,2947641.7956,12.0,5.7144,25.3922,8.5537,6.32105,-0.81198,0.75171
2024/02/14 06:10:30.01,461585.0336,5633523.2604,2947642.4057,12.0,5.7146,25.3893,8.5536,6.45544,-0.95581,0.81582
2024/02/14 06:10:31.01,461591.6676,5633522.5186,2947643.4619,12.0,5.7148,25.3864,8.5535,6.7611,-1.11739,0.8994
2024/02/14 06:10:32.01,461598.5744,5633521.3344,2947644.3821,12.0,5.715,25.3834,8.5533,6.98457,-0.97108,0.98532
2024/02/14 06:10:33.01,461605.7463,5633519.7459,2947645.2042,12.0,5.7151,25.3805,8.5532,7.19528,-1.1706,1.05248
2024/02/14 06:10:34.01,461612.9926,5633518.5217,2947646.2305,12.0,5.7153,25.3776,8.553,7.40871,-1.05404,1.18724
2024/02/14 06:10:35.01,461620.3371,5633517.1432,2947647.289,12.0,5.7155,25.3747,8.5529,7.34524,-1.15605,0.94469
2024/02/14 06:10:36.01,461627.6021,5633516.0549,2947648.307,12.0,5.7157,25.3718,8.5528,7.2895,-0.97267,0.81142
2024/02/14 06:10:37.01,461634.9415,5633515.3032,2947649.0892,12.0,5.7158,25.3689,8.5526,7.32337,-0.90831,0.5924
2024/02/14 06:10:38.01,461642.0671,5633514.5495,2947649.3693,12.0,5.716,25.366,8.5525,7.11337,-0.69109,-0.07749
2024/02/14 06:10:39.01,461649.1167,5633514.1021,2947648.8597,12.0,5.7162,25.3631,8.5523,6.81611,-0.14765,-0.55371
2024/02/14 06:10:40.01,461655.931,5633513.8478,2947647.7766,12.0,5.7164,25.3602,8.5522,6.65616,1.00095,-1.19756
2024/02/14 06:10:41.01,461662.268,5633516.3541,2947646.8978,12.0,5.7166,25.3573,8.5521,6.01399,0.78598,-1.74753
2024/02/14 06:10:42.01,461668.2777,5633514.7018,2947644.8074,12.0,5.7167,25.3544,8.5519,6.0653,0.31594,-1.12397
2024/02/14 06:10:43.01,461674.3189,5633513.9814,2947643.9698,12.0,5.7169,25.3515,8.5518,6.16502,-0.44939,-0.20667
2024/02/14 06:10:44.01,461680.7038,5633514.4379,2947644.9896,12.0,5.7171,25.3486,8.5517,5.91113,-1.12879,1.18741
2024/02/14 06:10:45.01,461686.5102,5633513.6421,2947647.1381,12.0,5.7173,25.3456,8.5515,5.31858,-1.62796,2.5194
2024/02/14 06:10:46.01,461691.0398,5633510.0283,2947649.4846,12.0,5.7174,25.3427,8.5514,4.56012,-2.21383,3.44847
2024/02/14 06:10:47.01,461695.3722,5633507.9863,2947653.0739,12.0,5.7176,25.3398,8.5512,4.15277,-2.24967,3.68494
2024/02/14 06:10:48.01,461699.4732,5633506.1683,2947656.7812,12.0,5.7178,25.3369,8.5511,4.00534,-1.91961,3.40885
2024/02/14 06:10:49.01,461703.7801,5633504.4028,2947659.9361,12.0,5.718,25.334,8.551,4.50238,-1.94275,2.9615
2024/02/14 06:10:50.01,461708.5261,5633503.1349,2947662.8883,12.0,5.7181,25.3311,8.5508,5.17461,-2.44789,2.35104
2024/02/14 06:10:51.01,461713.7116,5633501.4279,2947665.1618,12.0,5.7183,25.3282,8.5507,5.64125,-2.22383,1.86933
2024/02/14 06:10:52.01,461719.275,5633500.0712,2947667.2176,12.0,5.7185,25.3253,8.5505,5.86589,-1.12761,1.73002
2024/02/14 06:10:53.01,461725.1887,5633498.6819,2947668.896,12.0,5.7187,25.3224,8.5504,6.13679,-1.54574,1.49014
2024/02/14 06:10:54.01,461731.5519,5633496.8949,2947670.2131,12.0,5.7189,25.3195,8.5503,6.43524,-0.83136,1.48774
2024/02/14 06:10:55.01,461738.0352,5633496.1102,2947671.5637,12.0,5.719,25.3166,8.5501,6.83972,-1.13446,1.136
2024/02/14 06:10:56.01,461744.9362,5633495.1018,2947672.8797,12.0,5.7192,25.3137,8.55,6.92601,-1.17035,1.21068
2024/02/14 06:10:57.01,461751.678,5633493.9349,2947674.1597,12.0,5.7194,25.3108,8.5498,6.76693,-1.17254,1.30116
2024/02/14 06:10:58.01,461758.3081,5633492.6404,2947675.3496,12.0,5.7196,25.3079,8.5497,6.47649,-1.2804,1.24845
2024/02/14 06:10:59.01,461764.5065,5633491.9754,2947676.6604,12.0,5.7198,25.305,8.5496,5.71234,-0.23655,1.4305
2024/02/14 06:11:00.01,461769.8336,5633491.049,2947677.6976,12.0,5.7199,25.3021,8.5494,5.04093,-1.29031,0.78623
2024/02/14 06:11:01.00,461774.2375,5633490.1972,2947678.6418,12.0,5.7201,25.2992,8.5493,4.33944,-0.95326,0.74569
2024/02/14 06:11:02.01,461778.4165,5633489.3335,2947679.4669,12.0,5.7203,25.2963,8.5491,4.06898,-0.78347,0.80945
2024/02/14 06:11:03.01,461782.392,5633488.6936,2947680.3498,12.0,5.7205,25.2934,8.549,3.79903,-1.05534,0.72236
2024/02/14 06:11:04.01,461785.7618,5633487.9542,2947681.0931,12.0,5.7206,25.2905,8.5489,3.10933,-0.7221,0.68904
2024/02/14 06:11:05.01,461788.5919,5633487.3213,2947681.6323,12.0,5.7208,25.2876,8.5487,2.48834,-0.36111,0.60066
2024/02/14 06:11:06.01,461791.0603,5633486.8428,2947682.1619,12.0,5.721,25.2847,8.5486,2.19412,-0.44237,0.4218
2024/02/14 06:11:07.01,461793.2432,5633486.3066,2947682.5507,12.0,5.7212,25.2818,8.5484,2.17417,-0.27045,0.35294
2024/02/14 06:11:08.01,461795.6525,5633485.9362,2947682.8271,12.0,5.7214,25.2789,8.5483,2.5597,-0.66503,0.07921
2024/02/14 06:11:09.01,461798.456,5633485.8933,2947683.1047,12.0,5.7215,25.276,8.5482,2.95188,-0.75784,0.11815
2024/02/14 06:11:10.01,461801.514,5633485.4872,2947683.0417,12.0,5.7217,25.2731,8.548,3.14308,0.06122,0.04428
2024/02/14 06:11:11.01,461804.5588,5633485.819,2947682.8405,12.0,5.7219,25.2702,8.5479,3.10661,0.06816,-0.50726
2024/02/14 06:11:12.01,461807.922,5633485.9477,2947682.2414,12.0,5.7221,25.2673,8.5477,3.32794,0.66376,-0.81154
2024/02/14 06:11:13.01,461811.2709,5633485.9981,2947681.0034,12.0,5.7222,25.2644,8.5476,3.51132,0.66156,-1.36138
2024/02/14 06:11:14.01,461814.6199,5633486.6153,2947679.1386,12.0,5.7224,25.2616,8.5474,3.39531,1.02653,-2.11668
2024/02/14 06:11:15.01,461817.67,5633487.5894,2947676.6252,12.0,5.7226,25.2587,8.5473,2.6174,1.46568,-2.84446
2024/02/14 06:11:16.01,461820.031,5633488.9791,2947673.3056,12.0,5.7228,25.2558,8.5472,2.15777,1.19069,-3.79364
2024/02/14 06:11:17.01,461821.2325,5633489.7645,2947669.0405,12.0,5.723,25.2529,8.547,2.95232,-1.87152,-3.84208
2024/02/14 06:11:18.01,461822.5587,5633498.8071,2947668.814,12.0,5.7231,25.25,8.5469,1.19267,2.50145,-4.26008
2024/02/14 06:11:19.01,461824.2066,5633500.704,2947662.3187,12.0,5.7233,25.2471,8.5467,1.01819,3.34515,-5.20758
2024/02/14 06:11:20.01,461824.8908,5633507.7903,2947657.2399,12.0,5.7235,25.2441,8.5466,0.5935,2.97255,-6.18933
2024/02/14 06:11:21.01,461826.2339,5633511.3089,2947651.7047,12.0,5.7237,25.2413,8.5465,0.65913,3.24072,-6.60568
2024/02/14 06:11:22.01,461825.3921,5633509.1452,2947642.2422,12.0,5.7239,25.2384,8.5463,2.31769,4.44481,-5.58209
2024/02/14 06:11:23.01,461827.0855,5633513.0401,2947635.2301,12.0,5.724,25.2355,8.5462,2.10129,3.59313,-5.57978
2024/02/14 06:11:24.01,461828.4698,5633516.9582,2947630.2159,12.0,5.7242,25.2326,8.546,1.02793,3.97357,-5.10104
2024/02/14 06:11:25.01,461828.5424,5633520.3845,2947621.8565,12.0,5.7244,25.2297,8.5459,0.91287,3.24562,-6.70928
2024/02/14 06:11:26.01,461829.3193,5633520.675,2947613.9931,12.0,5.7246,25.2268,8.5458,1.70159,3.34504,-6.78783
2024/02/14 06:11:27.01,461830.1526,5633526.8161,2947607.3387,12.0,5.7248,25.2239,8.5456,1.09126,3.14825,-6.53411
2024/02/14 06:11:28.01,461831.5572,5633528.249,2947601.0917,12.0,5.7249,25.221,8.5455,0.7248,1.69174,-6.78963
2024/02/14 06:11:29.01,461832.3087,5633533.5591,2947594.6326,12.0,5.7251,25.2181,8.5453,0.8086,3.23368,-6.12348
2024/02/14 06:11:30.01,461832.8668,5633534.7276,2947588.0711,12.0,5.7253,25.2152,8.5452,0.67745,2.74971,-5.86648
2024/02/14 06:11:31.01,461833.8801,5633538.1836,2947582.3616,12.0,5.7255,25.2123,8.5451,0.86583,3.46349,-5.63525
2024/02/14 06:11:32.01,461834.7906,5633541.1872,2947576.5426,12.0,5.7256,25.2094,8.5449,0.87268,3.03716,-5.91826
2024/02/14 06:11:33.01,461835.403,5633543.504,2947570.3304,12.0,5.7258,25.2065,8.5448,1.1485,3.59389,-5.89854
2024/02/14 06:11:34.01,461836.4793,5633546.4101,2947564.3864,12.0,5.726,25.2036,8.5446,0.36667,3.53459,-6.54016
2024/02/14 06:11:35.01,461837.6758,5633548.0163,2947557.9146,12.0,5.7262,25.2007,8.5445,0.70345,2.32971,-5.83633
2024/02/14 06:11:36.01,461838.4181,5633557.476,2947553.438,12.0,5.7264,25.1978,8.5444,0.62992,2.24224,-5.65662
2024/02/14 06:11:37.01,461839.2204,5633554.7454,2947546.5037,12.0,5.7265,25.1949,8.5442,0.76493,3.02068,-5.36256
2024/02/14 06:11:38.01,461840.128,5633558.7478,2947541.648,12.0,5.7267,25.192,8.5441,0.60187,2.33441,-5.45939
2024/02/14 06:11:39.01,461840.0283,5633560.4808,2947536.184,12.0,5.7269,25.1891,8.5439,0.07303,2.20604,-5.49056
2024/02/14 06:11:40.01,461840.512,5633564.1221,2947531.2095,12.0,5.7271,25.1863,8.5438,0.20607,3.75751,-4.69155
2024/02/14 06:11:41.01,461837.7556,5633575.7822,2947529.5244,12.0,5.7273,25.1833,8.5437,-2.20467,9.62549,-2.17405
2024/02/14 06:11:42.01,461838.8439,5633572.4475,2947523.3853,12.0,5.7274,25.1805,8.5435,-3.44731,11.38092,-1.28106
2024/02/14 06:11:43.01,461833.1578,5633589.7445,2947524.3506,12.0,5.7276,25.1776,8.5434,-7.32728,22.14101,2.90068
2024/02/14 06:11:44.01,461820.1972,5633628.6588,2947532.8255,12.0,5.7278,25.1746,8.5432,-21.90288,65.74242,17.81852
2024/02/14 06:11:46.01,461835.427,5633577.5212,2947504.112,12.0,5.7282,25.1689,8.5429,-1.1983,1.79524,-5.19397
2024/02/14 06:11:47.01,461834.24,5633578.7552,2947498.6617,12.0,5.7283,25.166,8.5428,-1.66167,3.03529,-4.90231
2024/02/14 06:11:48.01,461832.6052,5633582.0353,2947493.7154,12.0,5.7285,25.1631,8.5427,-1.75938,2.15672,-5.33283
2024/02/14 06:11:49.01,461830.9249,5633584.4679,2947488.5279,12.0,5.7287,25.1602,8.5425,-1.73159,2.5698,-5.07736
2024/02/14 06:11:50.01,461829.3602,5633585.8946,2947483.1582,12.0,5.7289,25.1574,8.5424,-1.6475,2.87024,-4.90261
2024/02/14 06:11:51.01,461827.5053,5633588.8199,2947478.4835,12.0,5.7291,25.1545,8.5422,-1.57577,2.49062,-4.76986
2024/02/14 06:11:52.01,461825.9473,5633591.6382,2947473.8188,12.0,5.7292,25.1516,8.5421,-1.5353,2.53991,-4.73369
2024/02/14 06:11:53.01,461824.4849,5633594.1769,2947469.2052,12.0,5.7294,25.1487,8.5419,-1.32417,1.84268,-4.37471
2024/02/14 06:11:54.01,461823.0026,5633596.6376,2947465.0206,12.0,5.7296,25.1458,8.5418,-1.26796,2.13778,-4.17045
2024/02/14 06:11:55.01,461821.5467,5633598.9427,2947461.0571,12.0,5.7298,25.1429,8.5417,-1.52142,2.32224,-4.13451
2024/02/14 06:11:56.01,461819.9976,5633601.6829,2947456.9835,12.0,5.73,25.14,8.5415,-2.15352,3.62135,-3.92235
2024/02/14 06:11:57.01,461819.2536,5633601.4219,2947451.7543,11.0,9.9032,35.1932,12.1337,-1.62833,2.55852,-4.38754
2024/02/14 06:11:58.01,461816.6728,5633606.7281,2947448.3918,12.0,5.7303,25.1343,8.5412,-1.78522,2.85829,-4.13711
2024/02/14 06:11:59.01,461816.0157,5633607.0104,2947443.2384,12.0,5.7305,25.1314,8.5411,-1.46929,1.39951,-4.78576
2024/02/14 06:12:00.01,461813.6467,5633611.8912,2947439.5847,12.0,5.7307,25.1285,8.5409,-1.91599,2.61826,-4.51595
2024/02/14 06:12:01.00,461812.3013,5633613.4647,2947434.5894,12.0,5.7309,25.1256,8.5408,-1.47771,3.40467,-4.2958
2024/02/14 06:12:02.01,461810.9714,5633615.6657,2947429.7816,12.0,5.7311,25.1227,8.5406,-1.40508,2.74356,-4.42205
2024/02/14 06:12:03.01,461809.5077,5633617.974,2947425.245,12.0,5.7312,25.1198,8.5405,-1.32754,2.10652,-4.5444
2024/02/14 06:12:04.01,461808.2794,5633619.9581,2947420.4923,12.0,5.7314,25.117,8.5404,-1.0846,2.46638,-4.78107
2024/02/14 06:12:05.01,461807.1811,5633622.131,2947415.694,12.0,5.7316,25.1141,8.5402,-0.70491,2.28652,-4.73894
2024/02/14 06:12:06.01,461806.4166,5633624.736,2947410.9652,12.0,5.7318,25.1112,8.5401,-0.59543,2.1326,-4.80181
2024/02/14 06:12:07.01,461805.8582,5633627.0355,2947406.3519,12.0,5.732,25.1083,8.5399,-0.42737,2.32389,-4.5151
2024/02/14 06:12:08.01,461805.517,5633629.2176,2947401.7313,12.0,5.7321,25.1054,8.5398,-0.37895,2.0968,-4.53174
2024/02/14 06:12:09.01,461805.2774,5633631.3095,2947397.2303,12.0,5.7323,25.1026,8.5396,-0.25406,1.88276,-4.59303
2024/02/14 06:12:10.01,461804.9783,5633633.521,2947392.9044,12.0,5.7325,25.0997,8.5395,-0.38964,2.24602,-4.27789
2024/02/14 06:12:11.01,461804.5286,5633635.5791,2947388.6264,12.0,5.7327,25.0968,8.5393,-0.36614,2.19798,-4.19892
2024/02/14 06:12:12.01,461804.2094,5633637.8228,2947384.4829,12.0,5.7329,25.0939,8.5392,-0.38939,1.75276,-4.34305
2024/02/14 06:12:13.01,461803.8133,5633639.8845,2947380.225,12.0,5.7331,25.091,8.5391,-0.32994,2.47736,-4.07203
2024/02/14 06:12:14.01,461803.3966,5633641.3724,2947375.9341,12.0,5.7332,25.0882,8.5389,-0.29054,2.27563,-4.13366
2024/02/14 06:12:15.01,461802.9619,5633643.7055,2947371.9112,12.0,5.7334,25.0853,8.5388,-0.37796,2.33152,-4.09719
2024/02/14 06:12:16.01,461802.5008,5633645.7972,2947367.6483,12.0,5.7336,25.0824,8.5386,-0.48811,2.19073,-4.10812
2024/02/14 06:12:17.01,461802.0555,5633648.4935,2947363.6268,12.0,5.7338,25.0795,8.5385,-0.44319,1.55568,-4.38713
2024/02/14 06:12:18.01,461801.687,5633650.8614,2947359.4274,12.0,5.734,25.0766,8.5383,-0.49694,2.06113,-4.3501
2024/02/14 06:12:19.01,461801.2151,5633652.8938,2947355.3188,12.0,5.7341,25.0738,8.5382,-0.452,1.80357,-3.97679
2024/02/14 06:12:20.01,461800.9121,5633655.7199,2947351.6692,12.0,5.7343,25.0709,8.538,-0.3399,1.80792,-3.78264
2024/02/14 06:12:21.01,461800.5511,5633658.0859,2947348.1992,12.0,5.7345,25.068,8.5379,-0.27665,2.29995,-3.44021
2024/02/14 06:12:22.01,461800.2535,5633659.6901,2947344.4245,12.0,5.7347,25.0651,8.5377,-0.29368,1.89763,-3.6294
2024/02/14 06:12:23.01,461799.8904,5633661.2253,2947340.4614,12.0,5.7349,25.0622,8.5376,-0.21382,1.55276,-3.79363
2024/02/14 06:12:24.01,461799.6651,5633663.1908,2947336.4688,12.0,5.7351,25.0594,8.5374,-0.37034,1.82415,-4.28782
2024/02/14 06:12:25.01,461799.2433,5633665.0706,2947331.975,12.0,5.7352,25.0565,8.5373,-0.48331,2.08231,-4.66563
2024/02/14 06:12:26.01,461798.8454,5633667.7619,2947327.3481,12.0,5.7354,25.0536,8.5372,-0.34901,2.81119,-4.80628
2024/02/14 06:12:27.01,461798.477,5633670.0223,2947322.2727,12.0,5.7356,25.0507,8.537,-0.4,1.85383,-5.47865
2024/02/14 06:12:28.01,461798.1466,5633672.1875,2947316.8508,12.0,5.7358,25.0479,8.5369,-0.41189,3.05046,-5.42425
2024/02/14 06:12:29.01,461797.6407,5633675.0864,2947311.3342,12.0,5.736,25.045,8.5367,-0.54861,2.70931,-5.6334
2024/02/14 06:12:30.01,461797.1179,5633677.6787,2947305.7271,12.0,5.7362,25.0421,8.5366,-0.65649,2.10952,-5.83363
2024/02/14 06:12:31.01,461796.6303,5633680.3025,2947300.3639,12.0,5.7363,25.0392,8.5364,-0.59236,3.53229,-4.91434
2024/02/14 06:12:32.01,461796.0446,5633682.6413,2947295.1915,12.0,5.7365,25.0364,8.5363,-0.63853,2.13438,-5.04032
2024/02/14 06:12:33.01,461795.6532,5633684.7088,2947290.3987,12.0,5.7367,25.0335,8.5361,-0.3933,2.24296,-4.86561
2024/02/14 06:12:34.01,461795.2193,5633687.6243,2947285.5839,12.0,5.7369,25.0306,8.536,-0.47745,1.5185,-5.13309
2024/02/14 06:12:35.01,461794.861,5633691.1478,2947281.1595,12.0,5.7371,25.0277,8.5358,-0.52095,2.25965,-4.53268
2024/02/14 06:12:36.01,461794.265,5633693.9465,2947276.9662,12.0,5.7373,25.0249,8.5357,-0.48348,3.09627,-4.43274
2024/02/14 06:12:37.01,461793.7467,5633695.058,2947271.5069,12.0,5.7374,25.022,8.5355,-0.52668,2.83021,-4.59154
2024/02/14 06:12:38.01,461793.4404,5633697.8906,2947267.2278,12.0,5.7376,25.0191,8.5354,-0.50314,1.9034,-5.07535
2024/02/14 06:12:39.01,461792.73,5633699.8782,2947262.5055,12.0,5.7378,25.0162,8.5352,-0.5861,2.70071,-4.70285
2024/02/14 06:12:40.01,461792.3491,5633702.7685,2947257.632,12.0,5.738,25.0134,8.5351,-0.42769,2.59349,-5.00312
2024/02/14 06:12:41.01,461791.5131,5633703.5152,2947252.2247,12.0,5.7382,25.0105,8.5349,-0.5643,2.40933,-4.84627
2024/02/14 06:12:42.01,461790.9692,5633706.0939,2947247.3689,12.0,5.7384,25.0076,8.5348,-0.61211,2.19659,-5.06618
2024/02/14 06:12:43.01,461790.2603,5633708.568,2947242.3637,12.0,5.7385,25.0048,8.5347,-0.52636,2.46353,-5.22006
2024/02/14 06:12:44.01,461789.5461,5633710.7788,2947237.2626,12.0,5.7387,25.0019,8.5345,-0.60688,2.4587,-4.96302
2024/02/14 06:12:45.01,461788.4795,5633711.1359,2947231.1919,11.0,6.0972,27.8813,10.3428,-0.48639,2.83016,-4.89469
2024/02/14 06:12:46.01,461788.2855,5633715.7274,2947227.2206,12.0,5.7391,24.9962,8.5342,-0.49444,3.59862,-4.77198
2024/02/14 06:12:47.01,461787.6311,5633717.6512,2947222.2064,12.0,5.7393,24.9933,8.5341,-0.48311,2.15598,-4.50988
2024/02/14 06:12:48.01,461787.8946,5633723.0463,2947218.6281,12.0,5.7395,24.9904,8.5339,-0.15155,3.11025,-3.79438
2024/02/14 06:12:49.01,461787.2378,5633723.5188,2947215.1916,12.0,5.7396,24.9875,8.5338,-0.34395,1.28238,-3.30822
2024/02/14 06:12:50.01,461786.2552,5633721.053,2947210.6727,12.0,5.7398,24.9847,8.5336,-0.50453,1.5135,-2.85925
2024/02/14 06:12:51.01,461786.3983,5633724.4751,2947208.7853,12.0,5.74,24.9818,8.5335,-0.19464,1.07954,-2.38981
2024/02/14 06:12:52.01,461786.1553,5633726.154,2947206.6052,12.0,5.7402,24.9789,8.5333,-0.12429,1.20368,-2.11872
2024/02/14 06:12:53.01,461786.0133,5633726.7764,2947204.5109,12.0,5.7404,24.9761,8.5332,-0.22811,0.1497,-1.81021
2024/02/14 06:12:54.01,461785.6504,5633727.7516,2947203.166,12.0,5.7406,24.9732,8.533,-0.14292,0.8088,-1.02714
2024/02/14 06:12:55.01,461785.2394,5633728.6547,2947202.6971,12.0,5.7408,24.9703,8.5329,-0.13687,0.63227,-0.16908
2024/02/14 06:12:56.01,461785.215,5633728.5114,2947202.4213,12.0,5.7409,24.9675,8.5327,0.0811,-0.30236,-0.34767
2024/02/14 06:12:57.01,461786.7546,5633723.4173,2947200.344,11.0,9.933,34.9085,12.1048,-0.02565,0.19305,-0.29282
2024/02/14 06:12:58.01,461786.8426,5633723.8046,2947200.4256,11.0,9.9336,34.9038,12.1043,0.02196,0.01955,0.01861
2024/02/14 06:12:59.01,461786.8002,5633724.7892,2947200.8418,11.0,9.9341,34.8991,12.1038,0.02064,-0.04655,0.01988
2024/02/14 06:13:00.01,461787.006,5633724.9445,2947200.9063,11.0,9.9346,34.8944,12.1033,0.04386,-0.1193,-0.04292
2024/02/14 06:13:01.00,461786.9075,5633725.226,2947201.1252,11.0,9.9351,34.8897,12.1029,-0.00515,-0.09787,-0.02192
2024/02/14 06:13:02.01,461786.8751,5633725.4286,2947201.1504,11.0,9.9356,34.885,12.1024,-0.05352,-0.04741,-0.02452
2024/02/14 06:13:03.01,461786.9233,5633725.3473,2947201.0569,11.0,9.9361,34.8804,12.1019,0.04859,-0.02368,-0.00335
2024/02/14 06:13:04.01,461786.8224,5633725.7298,2947201.187,11.0,9.9366,34.8757,12.1014,-0.02123,0.18506,0.0306
2024/02/14 06:13:05.01,461786.8469,5633725.7786,2947201.2791,11.0,9.9372,34.871,12.1009,0.03173,-0.05315,-0.02208
2024/02/14 06:13:06.01,461786.8932,5633725.1177,2947201.0024,11.0,9.9377,34.8663,12.1005,0.03254,0.00604,-0.02337
2024/02/14 06:13:07.01,461786.8248,5633724.982,2947200.995,11.0,9.9382,34.8617,12.1,0.05895,-0.17057,-0.03552
2024/02/14 06:13:08.01,461786.7205,5633725.0215,2947201.0381,11.0,9.9387,34.857,12.0995,0.04298,-0.01936,-0.00156
2024/02/14 06:13:09.01,461786.8175,5633724.9068,2947200.9658,11.0,9.9392,34.8523,12.099,0.02886,0.0061,0.01149
2024/02/14 06:13:10.01,461786.8705,5633724.947,2947200.9036,11.0,9.9397,34.8477,12.0985,0.02656,-0.043,0.01594
2024/02/14 06:13:11.01,461786.8911,5633724.8558,2947200.8475,11.0,9.9403,34.843,12.0981,0.04076,0.00847,-0.01102
2024/02/14 06:13:12.01,461787.0225,5633723.9541,2947200.6682,11.0,9.9408,34.8383,12.0976,0.01787,-0.02503,-0.00223
2024/02/14 06:13:13.01,461787.0864,5633723.3365,2947200.549,11.0,9.9413,34.8337,12.0971,0.08834,-0.22205,-0.09267
2024/02/14 06:13:14.01,461787.1368,5633723.8601,2947200.6701,11.0,9.9418,34.829,12.0966,0.00075,-0.15167,-0.04104
2024/02/14 06:13:15.01,461787.2462,5633723.0136,2947200.3831,11.0,9.9423,34.8244,12.0962,0.0039,-0.05946,-0.03284
2024/02/14 06:13:16.01,461787.2338,5633722.6466,2947200.1978,11.0,9.9429,34.8197,12.0957,0.00087,-0.06064,-0.01179
2024/02/14 06:13:17.01,461787.3141,5633722.2135,2947200.1281,11.0,9.9434,34.815,12.0952,-0.05246,0.28941,0.10258
2024/02/14 06:13:18.01,461787.2925,5633721.78,2947199.9786,11.0,9.9439,34.8104,12.0947,0.04693,-0.18148,-0.0661
2024/02/14 06:13:19.01,461787.1682,5633722.3987,2947200.1007,11.0,9.9444,34.8057,12.0942,0.03334,-0.08071,0.00735
2024/02/14 06:13:20.01,461787.2525,5633721.1289,2947199.6916,11.0,9.9449,34.8011,12.0938,-0.0012,-0.07349,-0.04391
2024/02/14 06:13:21.01,461787.2888,5633720.8375,2947199.6915,11.0,9.9455,34.7964,12.0933,-0.04042,0.127,0.05863
2024/02/14 06:13:22.01,461787.1567,5633721.2913,2947199.8576,11.0,9.946,34.7918,12.0928,-0.00646,-0.1382,-0.04067
2024/02/14 06:13:23.01,461787.3169,5633720.6801,2947199.5399,11.0,9.9465,34.7872,12.0923,0.04625,-0.13448,-0.04926
2024/02/14 06:13:24.01,461787.5282,5633719.8959,2947199.2227,11.0,9.947,34.7825,12.0919,-0.02213,0.1171,0.07431
2024/02/14 06:13:25.01,461787.4554,5633719.5432,2947199.139,11.0,9.9476,34.7779,12.0914,0.05052,-0.19017,-0.05065
2024/02/14 06:13:26.01,461787.5844,5633718.8295,2947198.9025,11.0,9.9481,34.7732,12.0909,0.00789,0.08725,0.03289
2024/02/14 06:13:27.01,461787.8116,5633718.3377,2947198.6285,11.0,9.9486,34.7686,12.0904,-0.00361,0.03783,-0.08541
2024/02/14 06:13:28.01,461787.5229,5633719.0768,2947198.6287,11.0,9.9491,34.764,12.09,-0.00856,0.04359,-0.19442
2024/02/14 06:13:29.01,461783.5019,5633731.3878,2947202.6695,12.0,5.7471,24.8732,8.5277,-0.92559,2.718,0.73991
2024/02/14 06:13:30.01,461780.6579,5633740.9965,2947205.7681,12.0,5.7473,24.8703,8.5275,1.05848,-3.0818,-1.3893
2024/02/14 06:13:31.01,461786.6064,5633723.6203,2947199.3107,11.0,9.9507,34.7501,12.0885,-0.01097,0.00104,-0.12313
2024/02/14 06:13:32.01,461786.525,5633724.9047,2947199.7892,11.0,9.9512,34.7454,12.0881,0.06019,-0.13627,-0.01489
2024/02/14 06:13:33.01,461786.3489,5633726.0862,2947200.1874,11.0,9.9518,34.7408,12.0876,0.00215,0.05051,0.03293
2024/02/14 06:13:34.01,461786.3321,5633726.9802,2947200.4188,11.0,9.9523,34.7362,12.0871,-0.04761,0.17392,0.02924
2024/02/14 06:13:35.01,461786.1056,5633727.7603,2947200.6589,11.0,9.9528,34.7315,12.0866,-0.03227,-0.01277,-0.0117
2024/02/14 06:13:36.01,461786.1781,5633728.4613,2947200.8908,11.0,9.9534,34.7269,12.0862,0.02505,-0.15078,-0.0441
2024/02/14 06:13:37.01,461786.2465,5633728.4407,2947200.8283,11.0,9.9539,34.7223,12.0857,-0.02963,0.08093,0.02937
2024/02/14 06:13:38.01,461786.2009,5633728.5479,2947200.8826,11.0,9.9544,34.7177,12.0852,-0.01955,0.06849,0.01055
2024/02/14 06:13:39.01,461786.1961,5633728.77,2947200.7951,11.0,9.9549,34.7131,12.0847,0.01542,-0.00976,0.02321
2024/02/14 06:13:40.01,461786.1804,5633728.5451,2947200.668,11.0,9.9555,34.7084,12.0843,-0.03558,0.1041,0.03232
2024/02/14 06:13:41.01,461786.1172,5633728.7083,2947200.7003,11.0,9.956,34.7038,12.0838,-0.00817,-0.01474,0.0176
2024/02/14 06:13:42.01,461785.9888,5633729.2787,2947200.9169,11.0,9.9565,34.6992,12.0833,0.05524,-0.12423,-0.0549
2024/02/14 06:13:43.01,461786.1544,5633728.1298,2947200.5566,11.0,9.9571,34.6946,12.0828,-0.00337,0.10414,0.01694
2024/02/14 06:13:44.01,461786.1983,5633728.4545,2947200.5466,11.0,9.9576,34.69,12.0824,0.01891,-0.01808,-0.01893
2024/02/14 06:13:45.01,461786.1772,5633728.1726,2947200.5261,11.0,9.9581,34.6854,12.0819,-0.03184,-0.00809,0.00849
2024/02/14 06:13:46.01,461786.2231,5633727.7232,2947200.399,11.0,9.9587,34.6808,12.0814,0.04443,-0.17818,-0.05208
2024/02/14 06:13:47.01,461786.196,5633727.5271,2947200.3777,11.0,9.9592,34.6762,12.0809,0.00457,0.13153,0.05261
2024/02/14 06:13:48.01,461786.3302,5633727.3888,2947200.2409,11.0,9.9597,34.6716,12.0805,0.03223,-0.09183,-0.02138
2024/02/14 06:13:49.01,461786.3689,5633727.5972,2947200.3442,11.0,9.9603,34.667,12.08,0.01316,0.07129,0.02214
2024/02/14 06:13:50.01,461786.4722,5633727.9885,2947200.4104,11.0,9.9608,34.6624,12.0795,0.02797,-0.03209,-0.00896
2024/02/14 06:13:51.01,461786.479,5633727.803,2947200.3729,11.0,9.9613,34.6578,12.0791,0.03827,-0.04662,-0.02127
2024/02/14 06:13:52.01,461786.5761,5633727.1841,2947200.1405,11.0,9.9619,34.6532,12.0786,-0.03967,0.03284,0.02659
2024/02/14 06:13:53.01,461786.4516,5633727.4071,2947200.166,11.0,9.9624,34.6486,12.0781,0.02956,0.01545,0.002
2024/02/14 06:13:54.01,461786.3554,5633727.6681,2947200.2437,11.0,9.963,34.644,12.0776,0.0179,-0.11461,-0.03411
2024/02/14 06:13:55.01,461786.2964,5633727.7193,2947200.3391,11.0,9.9635,34.6394,12.0772,-0.01062,0.01153,-0.0018
2024/02/14 06:13:56.01,461786.1898,5633728.0146,2947200.5209,11.0,9.964,34.6348,12.0767,0.01169,-0.02429,-0.00149
2024/02/14 06:13:57.01,461786.1906,5633728.3094,2947200.6482,11.0,9.9646,34.6303,12.0762,0.02241,-0.0487,-0.03233
2024/02/14 06:13:58.01,461786.1984,5633728.6776,2947200.7492,11.0,9.9651,34.6257,12.0758,-0.00022,-0.13798,-0.03305
2024/02/14 06:13:59.01,461785.9633,5633728.6381,2947200.7952,11.0,9.9656,34.6211,12.0753,0.01776,0.03348,-0.00072
2024/02/14 06:14:00.01,461785.985,5633728.3844,2947200.6795,11.0,9.9662,34.6165,12.0748,0.01376,0.00244,-0.0303
2024/02/14 06:14:01.00,461785.9776,5633728.8891,2947200.7476,11.0,9.9667,34.6119,12.0743,0.01208,0.02638,0.01574
2024/02/14 06:14:02.01,461785.9681,5633729.2282,2947200.8756,11.0,9.9673,34.6074,12.0739,0.04266,-0.22025,-0.08316
2024/02/14 06:14:03.01,461786.0839,5633728.7036,2947200.5186,11.0,9.9678,34.6028,12.0734,-0.00823,0.03447,-0.17605
2024/02/14 06:14:04.01,461786.1375,5633728.1976,2947200.0781,11.0,9.9684,34.5982,12.0729,-0.03854,0.07666,-0.26751
2024/02/14 06:14:05.01,461786.2811,5633728.9412,2947200.0793,11.0,9.9689,34.5936,12.0725,-0.08627,0.17114,-0.42125
2024/02/14 06:14:06.01,461781.6326,5633742.5518,2947204.5616,12.0,5.754,24.7678,8.5219,2.61124,-7.5187,-3.15986
2024/02/14 06:14:07.01,461780.3709,5633745.7394,2947205.1478,12.0,5.7542,24.765,8.5217,-0.63795,1.78895,-0.09687
2024/02/14 06:14:08.01,461776.8801,5633754.0964,2947207.305,12.0,5.7544,24.7621,8.5216,-6.81967,19.85493,5.89349
2024/02/14 06:14:09.01,461769.1395,5633777.5586,2947214.2863,12.0,5.7546,24.7592,8.5214,-7.74269,22.95068,6.52307
2024/02/14 06:14:10.01,461762.1875,5633797.7935,2947219.7079,12.0,5.7548,24.7564,8.5212,-7.73044,23.18222,6.369
2024/02/14 06:14:11.01,461785.1566,5633729.5966,2947193.7612,11.0,9.9722,34.5662,12.0696,-0.35365,0.63787,-1.62672
2024/02/14 06:14:12.01,461784.9663,5633731.1812,2947192.392,11.0,9.9727,34.5617,12.0692,-0.32698,1.43657,-1.81662
2024/02/14 06:14:13.01,461784.8949,5633732.1312,2947190.1398,11.0,9.9732,34.5571,12.0687,-0.27814,1.34099,-2.33906
2024/02/14 06:14:14.01,461784.2173,5633734.6989,2947187.9382,12.0,5.7556,24.7451,8.5206,-0.35136,1.59958,-2.89088
2024/02/14 06:14:15.01,461784.0745,5633735.5343,2947184.4379,12.0,5.7558,24.7423,8.5205,-0.31339,2.14495,-3.07037
2024/02/14 06:14:16.01,461783.3934,5633737.559,2947181.2426,12.0,5.7559,24.7394,8.5203,-0.29108,1.952,-3.27095
2024/02/14 06:14:17.01,461783.0305,5633738.6573,2947177.667,12.0,5.7561,24.7366,8.5201,-0.46613,1.5584,-3.49958
2024/02/14 06:14:18.01,461782.5772,5633740.6096,2947174.2356,12.0,5.7563,24.7338,8.52,-0.38259,1.33876,-3.81654
2024/02/14 06:14:19.01,461782.1701,5633742.6135,2947170.3223,12.0,5.7565,24.7309,8.5198,-0.35025,2.2836,-4.13425
2024/02/14 06:14:20.01,461781.744,5633745.1569,2947166.1231,12.0,5.7567,24.7281,8.5197,-0.32414,2.45083,-4.5148
2024/02/14 06:14:21.01,461781.3455,5633747.5922,2947161.5638,12.0,5.7569,24.7252,8.5195,-0.3479,2.6431,-4.69922
2024/02/14 06:14:22.01,461780.791,5633749.9105,2947156.5639,12.0,5.7571,24.7224,8.5194,0.00028,1.24095,-5.40771
2024/02/14 06:14:23.01,461780.2667,5633752.5099,2947151.5788,12.0,5.7573,24.7196,8.5192,-0.45298,2.63005,-4.94879
2024/02/14 06:14:24.01,461779.8611,5633755.0077,2947146.7463,12.0,5.7575,24.7167,8.519,-0.42622,2.10918,-4.90671
2024/02/14 06:14:25.01,461779.5763,5633757.5785,2947142.0029,12.0,5.7577,24.7139,8.5189,-0.40143,1.95039,-4.76501
2024/02/14 06:14:26.01,461779.197,5633759.5282,2947137.3415,12.0,5.7578,24.711,8.5187,-0.26349,1.84109,-4.71242
2024/02/14 06:14:27.01,461778.8035,5633761.8315,2947132.8394,12.0,5.758,24.7082,8.5186,-0.32516,2.44588,-4.39679
2024/02/14 06:14:28.01,461778.3832,5633764.6886,2947128.6678,12.0,5.7582,24.7054,8.5184,-0.49362,1.98423,-4.27027
2024/02/14 06:14:29.01,461777.9945,5633767.302,2947124.6561,12.0,5.7584,24.7025,8.5182,-0.60993,2.35703,-3.97979
2024/02/14 06:14:30.01,461777.4412,5633769.722,2947120.8567,12.0,5.7586,24.6997,8.5181,-0.65357,2.59657,-3.57241
2024/02/14 06:14:31.01,461776.7777,5633771.5257,2947117.1481,12.0,5.7588,24.6969,8.5179,-0.72185,1.93312,-3.53396
2024/02/14 06:14:32.01,461775.8594,5633773.8666,2947113.7707,12.0,5.759,24.694,8.5178,-0.85204,1.77746,-3.46616
2024/02/14 06:14:33.01,461774.8862,5633776.1508,2947110.3248,12.0,5.7592,24.6912,8.5176,-1.04269,2.02558,-3.48352
2024/02/14 06:14:34.01,461773.9051,5633777.8788,2947106.825,12.0,5.7594,24.6884,8.5174,-1.06163,2.22094,-3.33122
2024/02/14 06:14:35.01,461772.967,5633779.9535,2947103.3328,12.0,5.7596,24.6855,8.5173,-0.82697,1.76439,-3.38765
2024/02/14 06:14:36.01,461772.1984,5633781.6019,2947099.995,12.0,5.7598,24.6827,8.5171,-0.69334,1.50374,-3.35669
2024/02/14 06:14:37.01,461771.615,5633783.4917,2947097.2151,12.0,5.7599,24.6799,8.517,-0.51671,1.40608,-2.67416
2024/02/14 06:14:38.01,461771.2145,5633785.2875,2947094.9132,12.0,5.7601,24.677,8.5168,-0.21527,1.60473,-2.43633
2024/02/14 06:14:39.01,461771.1016,5633786.4228,2947092.4902,12.0,5.7603,24.6742,8.5166,-0.09658,1.04504,-2.51071
2024/02/14 06:14:40.01,461771.4566,5633787.2564,2947089.9485,12.0,5.7605,24.6714,8.5165,0.59865,1.34277,-2.60076
2024/02/14 06:14:41.01,461772.3759,5633788.5901,2947087.2855,12.0,5.7607,24.6685,8.5163,1.51791,0.99019,-2.52367
2024/02/14 06:14:42.01,461774.1637,5633789.4302,2947084.9572,12.0,5.7609,24.6657,8.5162,2.09291,0.80595,-2.18784
2024/02/14 06:14:43.01,461776.6123,5633789.8888,2947083.01,12.0,5.7611,24.6629,8.516,2.95697,0.61018,-1.66161
2024/02/14 06:14:44.01,461779.8849,5633790.2844,2947081.5566,12.0,5.7613,24.66,8.5158,3.74726,0.08286,-1.17424
2024/02/14 06:14:45.01,461783.8394,5633789.8299,2947081.0004,12.0,5.7615,24.6572,8.5157,4.15877,-0.44838,-0.20486
2024/02/14 06:14:46.01,461788.1196,5633789.0745,2947081.4255,12.0,5.7617,24.6544,8.5155,4.4313,-0.5232,1.07437
2024/02/14 06:14:47.01,461792.5526,5633788.7802,2947082.6488,12.0,5.7619,24.6516,8.5154,4.6308,-1.31295,1.32879
2024/02/14 06:14:48.01,461797.1209,5633788.0674,2947084.6043,12.0,5.7621,24.6487,8.5152,4.81435,-1.52937,1.62293
2024/02/14 06:14:49.01,461801.9125,5633786.8013,2947086.4082,12.0,5.7622,24.6459,8.515,4.83509,-1.24318,1.73491
2024/02/14 06:14:50.01,461806.6111,5633785.4361,2947088.2599,12.0,5.7624,24.6431,8.5149,4.44208,-0.667,1.60168
2024/02/14 06:14:51.01,461810.3077,5633784.7258,2947089.5158,12.0,5.7626,24.6403,8.5147,2.7078,-0.4696,0.88884
2024/02/14 06:14:52.01,461812.1491,5633784.2538,2947090.0991,12.0,5.7628,24.6374,8.5145,1.46891,-0.43758,0.38078
2024/02/14 06:14:53.01,461813.3131,5633784.0113,2947090.4559,12.0,5.763,24.6346,8.5144,0.99633,-0.46201,0.16528
2024/02/14 06:14:54.01,461813.8723,5633783.6842,2947090.5502,12.0,5.7632,24.6318,8.5142,0.56661,-0.2004,0.09808
2024/02/14 06:14:55.01,461814.294,5633784.5527,2947090.985,12.0,5.7634,24.629,8.5141,0.43164,0.45986,0.39775
2024/02/14 06:14:56.01,461814.6942,5633784.7933,2947091.4009,12.0,5.7636,24.6261,8.5139,0.61151,-0.3143,0.07039
2024/02/14 06:14:57.01,461815.186,5633784.6249,2947091.543,12.0,5.7638,24.6233,8.5137,0.55055,0.00849,0.26828
2024/02/14 06:14:58.01,461815.9923,5633784.4013,2947091.5899,12.0,5.764,24.6205,8.5136,1.12029,0.17271,0.25149
2024/02/14 06:14:59.01,461817.605,5633783.8865,2947091.7211,12.0,5.7642,24.6177,8.5134,2.08254,-1.3689,-0.05044
2024/02/14 06:15:00.01,461819.6708,5633783.6383,2947092.2621,12.0,5.7644,24.6148,8.5132,2.44851,-0.68073,0.73084
2024/02/14 06:15:01.00,461822.5124,5633782.8914,2947093.0152,12.0,5.7646,24.612,8.5131,3.20547,-0.44513,0.97496
2024/02/14 06:15:02.01,461825.9671,5633782.4595,2947093.9148,12.0,5.7648,24.6092,8.5129,3.67658,-0.51662,1.04915
2024/02/14 06:15:03.01,461829.7517,5633781.3477,2947094.693,12.0,5.765,24.6064,8.5127,3.58783,-0.21142,0.94307
2024/02/14 06:15:04.01,461833.4286,5633780.2176,2947095.2784,12.0,5.7651,24.6036,8.5126,3.55681,-0.3049,0.9837
2024/02/14 06:15:05.01,461837.137,5633779.4011,2947095.9492,12.0,5.7653,24.6007,8.5124,3.61845,-1.03318,0.67928
2024/02/14 06:15:06.01,461841.0989,5633778.608,2947096.7227,12.0,5.7655,24.5979,8.5123,4.15081,-0.84546,0.56739
2024/02/14 06:15:07.01,461845.5559,5633777.6327,2947097.6333,12.0,5.7657,24.5951,8.5121,4.65066,-1.01568,0.82071
2024/02/14 06:15:08.01,461850.4197,5633776.0685,2947098.402,12.0,5.7659,24.5923,8.5119,5.06861,-1.18282,0.92265
2024/02/14 06:15:09.01,461855.8119,5633775.2885,2947099.7472,12.0,5.7661,24.5895,8.5118,5.56782,-1.25533,1.08249
2024/02/14 06:15:10.01,461861.4139,5633774.2481,2947101.0491,12.0,5.7663,24.5866,8.5116,5.85505,-1.22347,1.13475
2024/02/14 06:15:11.01,461867.4132,5633772.6011,2947102.2846,12.0,5.7665,24.5838,8.5114,6.1145,-0.80456,1.43898
2024/02/14 06:15:12.01,461873.6331,5633771.8416,2947103.7001,12.0,5.7667,24.581,8.5113,6.28264,-1.17613,1.39694
2024/02/14 06:15:13.01,461880.0173,5633770.963,2947105.2323,12.0,5.7669,24.5782,8.5111,6.51572,-0.77593,1.54358
2024/02/14 06:15:14.01,461886.478,5633769.5001,2947106.5388,12.0,5.7671,24.5754,8.5109,6.6129,-1.27131,1.41574
2024/02/14 06:15:15.01,461893.0524,5633768.5787,2947108.1976,12.0,5.7673,24.5725,8.5108,6.39223,-1.45738,1.50209
2024/02/14 06:15:16.01,461899.3176,5633767.0802,2947109.736,12.0,5.7675,24.5697,8.5106,5.66479,-1.42821,1.44126
2024/02/14 06:15:17.01,461904.5154,5633765.9522,2947111.1304,12.0,5.7677,24.5669,8.5104,4.59361,-0.93292,1.20182
2024/02/14 06:15:18.01,461908.6878,5633764.9761,2947112.2423,12.0,5.7679,24.5641,8.5103,4.13605,-0.5139,1.02916
2024/02/14 06:15:19.01,461912.5345,5633763.7177,2947113.0311,12.0,5.7681,24.5613,8.5101,3.83938,-0.53938,0.86664
2024/02/14 06:15:20.01,461916.3686,5633762.9575,2947113.7314,12.0,5.7683,24.5585,8.5099,3.6735,-0.22717,0.70059
2024/02/14 06:15:21.01,461920.7482,5633760.1381,2947113.5345,11.0,10.0114,34.251,12.0371,3.05824,-0.4954,0.7408
2024/02/14 06:15:22.01,461923.5227,5633760.1198,2947114.2437,11.0,10.012,34.2465,12.0366,3.04252,-0.50609,0.42024
2024/02/14 06:15:23.01,461926.3021,5633759.0415,2947114.5163,11.0,10.0126,34.2421,12.0362,2.86247,-0.82449,0.54704
2024/02/14 06:15:24.01,461928.9948,5633758.4606,2947115.0579,11.0,10.0132,34.2377,12.0357,1.96877,0.98426,1.462
2024/02/14 06:15:25.01,461934.3642,5633755.4656,2947114.021,10.0,11.0255,34.305,12.3477,-1.77015,4.5783,3.8844
2024/02/14 06:15:26.01,461931.1302,5633761.5032,2947118.7007,9.0,18.1997,37.2428,15.7726,2.83092,-1.10656,0.44319
2024/02/14 06:15:27.01,461933.8287,5633760.7598,2947119.4136,9.0,18.2006,37.2394,15.772,2.30689,0.331,1.24501
2024/02/14 06:15:28.01,461936.5249,5633759.9642,2947120.4354,9.0,18.2015,37.2359,15.7714,3.1957,-1.36187,0.80812
2024/02/14 06:15:29.01,461941.0594,5633755.6565,2947119.7314,8.0,21.73,53.0651,24.6327,3.67406,-0.80114,1.46861
2024/02/14 06:15:30.01,461946.1496,5633750.3034,2947118.6415,8.0,21.7328,53.0653,24.6342,6.37737,-7.15402,-2.27184
2024/02/14 06:15:31.01,461916.3363,5633801.7694,2947149.1928,9.0,11.2081,41.6562,16.1735,6.82903,-16.16299,-7.35382
2024/02/14 06:15:32.01,461949.2942,5633733.9806,2947118.648,11.0,6.1142,27.399,10.3357,4.69757,-3.67521,1.80588
2024/02/14 06:15:33.01,461957.9172,5633746.1756,2947122.3918,11.0,6.1143,27.3961,10.3357,4.5344,-2.38415,1.66294
2024/02/14 06:15:34.01,461963.4439,5633743.5717,2947123.9546,11.0,6.1144,27.3933,10.3356,5.36719,-1.51393,2.34422
2024/02/14 06:15:35.01,461971.1477,5633736.5542,2947124.4345,10.0,10.0864,41.1564,15.5225,5.80681,-1.89831,2.36449
2024/02/14 06:15:36.01,461976.5882,5633749.9445,2947133.4803,12.0,5.7714,24.5135,8.5073,6.07341,-2.49896,1.93069
2024/02/14 06:15:37.01,461983.5232,5633745.3754,2947134.964,12.0,5.7716,24.5106,8.5071,6.2244,-1.51326,2.53198
2024/02/14 06:15:38.01,461988.8592,5633745.1995,2947137.9772,12.0,5.7718,24.5078,8.5069,6.31099,-1.91671,2.53834
2024/02/14 06:15:39.01,461995.4972,5633741.6477,2947139.9389,12.0,5.772,24.505,8.5068,6.63288,-2.09882,2.45652
2024/02/14 06:15:40.01,462002.3999,5633738.3188,2947142.1151,12.0,5.7722,24.5022,8.5066,6.71604,-2.31968,2.311
2024/02/14 06:15:41.01,462009.1529,5633736.453,2947144.8582,12.0,5.7724,24.4994,8.5064,6.60702,-1.94588,2.43233
2024/02/14 06:15:42.01,462015.8165,5633734.7174,2947147.4252,12.0,5.7726,24.4966,8.5063,6.62143,-1.63656,2.70072
2024/02/14 06:15:43.01,462022.61,5633732.9491,2947150.1754,12.0,5.7727,24.4938,8.5061,6.78233,-1.72637,2.88369
2024/02/14 06:15:44.01,462029.6985,5633731.402,2947153.2037,12.0,5.7729,24.491,8.5059,7.43812,-2.80348,2.66427
2024/02/14 06:15:45.01,462037.3505,5633728.491,2947155.9882,12.0,5.7731,24.4882,8.5058,6.16384,1.67286,4.37834
2024/02/14 06:15:46.01,462044.3249,5633728.2673,2947159.8243,12.0,5.7733,24.4854,8.5056,7.34464,-1.42335,3.32744
2024/02/14 06:15:47.01,462052.2553,5633725.5201,2947162.8311,12.0,5.7735,24.4826,8.5054,7.93022,-2.16127,3.00115
2024/02/14 06:15:48.01,462060.3804,5633723.3622,2947165.833,12.0,5.7737,24.4798,8.5053,8.54838,-3.0161,2.63206
2024/02/14 06:15:49.01,462068.5525,5633721.8934,2947169.1331,12.0,5.7739,24.477,8.5051,7.9472,-0.943,3.5498
2024/02/14 06:15:50.01,462078.23,5633715.8472,2947170.9625,12.0,5.7741,24.4742,8.5049,7.53534,0.37221,4.19165
2024/02/14 06:15:51.01,462086.227,5633714.779,2947174.9428,12.0,5.7743,24.4714,8.5047,8.46938,-2.4569,3.52155
2024/02/14 06:15:52.01,462095.2385,5633711.03,2947177.854,12.0,5.7745,24.4686,8.5046,8.30182,-1.4767,3.70953
2024/02/14 06:15:53.01,462103.8164,5633707.6238,2947181.0169,11.0,10.0302,34.1097,12.0224,7.43709,-1.78592,4.095
2024/02/14 06:15:54.01,462112.6033,5633705.3892,2947184.243,11.0,10.0308,34.1053,12.0219,11.33342,-4.4987,1.69311
2024/02/14 06:15:55.01,462121.0256,5633702.7959,2947187.5657,11.0,10.0314,34.1009,12.0215,7.86449,-2.12473,3.65605
2024/02/14 06:15:56.01,462130.4386,5633692.7952,2947187.4651,10.0,10.1004,41.0615,15.5179,6.38172,0.79036,4.91924
2024/02/14 06:15:57.01,462137.6438,5633701.4473,2947195.4308,12.0,5.7755,24.4545,8.5037,8.62607,-2.87908,2.72207
2024/02/14 06:15:58.01,462144.4693,5633698.7919,2947197.9176,12.0,5.7757,24.4517,8.5036,5.44102,3.87307,5.22548
2024/02/14 06:15:59.01,462152.4192,5633702.5231,2947203.7187,12.0,5.7759,24.4489,8.5034,7.57695,-3.24484,2.40475
2024/02/14 06:16:00.01,462158.8085,5633696.2438,2947204.648,12.0,5.7761,24.4461,8.5032,5.90975,0.71613,3.96304
2024/02/14 06:16:01.00,462166.8417,5633688.5158,2947205.3896,11.0,10.0349,34.0746,12.0187,5.91081,-2.03237,3.29412
2024/02/14 06:16:02.01,462172.1816,5633688.9889,2947209.3603,11.0,10.0355,34.0702,12.0182,6.76185,-2.2033,2.32102
2024/02/14 06:16:03.01,462178.8067,5633684.9799,2947210.8099,12.0,5.7767,24.4377,8.5027,4.02006,0.24229,3.13718
2024/02/14 06:16:04.01,462182.8965,5633686.1914,2947213.5059,12.0,5.7769,24.4349,8.5025,3.37025,0.84227,2.36296
2024/02/14 06:16:05.01,462184.4674,5633691.4703,2947216.8863,12.0,5.7771,24.4321,8.5024,2.03749,1.02224,1.69139
2024/02/14 06:16:06.01,462187.6469,5633688.7636,2947217.2877,12.0,5.7773,24.4293,8.5022,1.21589,2.55349,2.24728
2024/02/14 06:16:07.01,462190.9071,5633684.554,2947217.1651,12.0,5.7775,24.4265,8.502,2.32362,-0.75716,0.85279
2024/02/14 06:16:08.01,462193.6683,5633682.3102,2947217.5218,12.0,5.7777,24.4237,8.5018,2.50966,-1.0081,0.78973
2024/02/14 06:16:09.01,462196.3357,5633682.0396,2947218.6385,12.0,5.7779,24.4209,8.5017,2.54914,0.24248,1.54894
2024/02/14 06:16:10.01,462199.3196,5633681.0427,2947219.876,12.0,5.7781,24.4181,8.5015,4.78001,-5.85373,-0.44259
2024/02/14 06:16:11.01,462202.7021,5633681.0831,2947221.6097,12.0,5.7783,24.4153,8.5013,3.11502,-0.11424,1.95671
2024/02/14 06:16:12.01,462206.3312,5633679.9274,2947223.1891,12.0,5.7785,24.4125,8.5012,3.84965,-1.33492,1.85838
2024/02/14 06:16:13.01,462210.2583,5633678.5062,2947225.0142,12.0,5.7787,24.4097,8.501,4.13076,-1.34932,1.95498
2024/02/14 06:16:14.01,462214.5804,5633677.2035,2947227.1068,12.0,5.7789,24.4069,8.5008,4.38158,-1.25305,2.14565
2024/02/14 06:16:15.01,462219.2039,5633675.9857,2947229.3086,12.0,5.7791,24.4041,8.5007,4.80315,-1.68025,2.23767
2024/02/14 06:16:16.01,462224.1474,5633674.1318,2947231.4882,12.0,5.7793,24.4014,8.5005,5.16227,-1.84028,2.45165
2024/02/14 06:16:17.01,462229.5403,5633672.2601,2947233.8534,12.0,5.7795,24.3986,8.5003,5.68106,-1.78834,2.66553
2024/02/14 06:16:18.01,462235.442,5633670.4048,2947236.4516,12.0,5.7797,24.3958,8.5001,6.18475,-2.11211,2.57794
2024/02/14 06:16:19.01,462241.6598,5633667.9016,2947239.02,12.0,5.7799,24.393,8.5,6.44823,-2.28687,2.70451
2024/02/14 06:16:20.01,462248.0691,5633665.9043,2947241.8015,12.0,5.7801,24.3902,8.4998,6.46628,-1.90773,2.92887
2024/02/14 06:16:21.01,462254.5853,5633663.9591,2947244.7806,12.0,5.7803,24.3874,8.4996,6.68725,-2.03157,2.94039
2024/02/14 06:16:22.01,462261.3027,5633662.0202,2947247.7811,12.0,5.7805,24.3846,8.4994,6.74646,-2.477,2.95781
2024/02/14 06:16:23.01,462268.1147,5633660.1928,2947250.829,12.0,5.7807,24.3818,8.4993,6.80237,-2.29996,2.92888
2024/02/14 06:16:24.01,462274.9121,5633658.0967,2947253.8722,12.0,5.7809,24.379,8.4991,6.88534,-1.92926,2.9796
2024/02/14 06:16:25.01,462281.8296,5633656.1042,2947256.734,12.0,5.7811,24.3762,8.4989,6.85796,-1.9658,2.99437
2024/02/14 06:16:26.01,462288.8302,5633653.9675,2947259.6032,12.0,5.7813,24.3734,8.4988,7.07038,-2.14436,2.77783
2024/02/14 06:16:27.01,462295.6736,5633651.9248,2947262.4496,12.0,5.7815,24.3706,8.4986,6.84625,-2.45799,2.86463
2024/02/14 06:16:28.01,462302.4232,5633649.6237,2947265.3619,12.0,5.7817,24.3678,8.4984,6.89291,-2.97272,2.48912
2024/02/14 06:16:29.01,462308.6901,5633647.36,2947268.1024,12.0,5.7819,24.365,8.4982,6.36389,-1.87515,2.71303
2024/02/14 06:16:30.01,462315.0361,5633646.1417,2947270.9217,12.0,5.7821,24.3622,8.4981,6.02155,-1.18474,2.72728
2024/02/14 06:16:31.01,462321.3782,5633643.6821,2947273.2054,12.0,5.7823,24.3595,8.4979,6.19659,-1.92717,2.63015
2024/02/14 06:16:32.01,462327.6507,5633641.7471,2947275.9038,12.0,5.7825,24.3567,8.4977,6.31591,-2.21442,2.65606
2024/02/14 06:16:33.01,462333.8444,5633639.5935,2947278.6505,12.0,5.7827,24.3539,8.4975,6.19199,-1.91633,2.81601
2024/02/14 06:16:34.01,462340.2865,5633638.0673,2947281.4631,12.0,5.7829,24.3511,8.4974,6.51292,-2.26153,2.5783
2024/02/14 06:16:35.01,462346.7428,5633636.5289,2947284.3351,12.0,5.7831,24.3483,8.4972,6.39227,-2.09594,2.86163
2024/02/14 06:16:36.01,462354.0804,5633632.1379,2947286.5046,11.0,10.056,33.9223,12.0027,6.55665,-2.98304,2.80223
2024/02/14 06:16:37.01,462360.5431,5633629.8838,2947289.5415,11.0,10.0567,33.918,12.0023,6.17838,-1.40764,3.35496
2024/02/14 06:16:38.01,462367.172,5633627.3721,2947292.4502,11.0,10.0573,33.9137,12.0018,6.70916,-1.58567,3.14117
2024/02/14 06:16:39.01,462373.6448,5633626.0956,2947295.6665,11.0,10.0579,33.9094,12.0014,6.77124,-1.90846,2.79519
2024/02/14 06:16:40.01,462376.2867,5633635.8547,2947302.9097,12.0,5.7841,24.3343,8.4963,7.49483,-3.94799,2.10247
2024/02/14 06:16:41.01,462385.2934,5633628.2532,2947303.6133,12.0,5.7843,24.3316,8.4961,5.94229,0.20069,3.46037
2024/02/14 06:16:42.01,462391.2975,5633627.4963,2947306.4643,12.0,5.7845,24.3288,8.496,5.30184,0.56376,3.18106
2024/02/14 06:16:43.01,462399.0412,5633620.6431,2947306.7349,11.0,10.0603,33.8921,11.9996,5.5651,-0.84728,2.21665
2024/02/14 06:16:44.01,462404.3215,5633619.6566,2947308.8778,12.0,5.7849,24.3232,8.4956,5.42861,-1.22882,1.75439
2024/02/14 06:16:45.01,462409.8512,5633616.9733,2947310.0424,12.0,5.7851,24.3204,8.4955,5.05457,-0.86609,1.71848
2024/02/14 06:16:46.01,462414.8056,5633615.8697,2947311.5609,12.0,5.7853,24.3176,8.4953,4.66128,-1.14783,1.31659
2024/02/14 06:16:47.01,462418.9103,5633615.7499,2947313.2008,12.0,5.7855,24.3148,8.4951,4.30329,-1.04518,1.26442
2024/02/14 06:16:48.01,462422.6557,5633615.7293,2947314.55,12.0,5.7857,24.3121,8.4949,3.5555,-0.91315,0.91744
2024/02/14 06:16:49.01,462425.5905,5633614.9717,2947315.4809,12.0,5.7859,24.3093,8.4948,2.3952,-0.55253,0.69426
2024/02/14 06:16:50.01,462427.4016,5633615.1065,2947316.1508,12.0,5.7861,24.3065,8.4946,1.8054,-0.37157,0.42271
2024/02/14 06:16:51.01,462429.0009,5633614.7846,2947316.6833,12.0,5.7863,24.3037,8.4944,2.15412,-1.95303,-0.084
2024/02/14 06:16:52.01,462429.7375,5633617.6383,2947318.3373,12.0,5.7865,24.3009,8.4942,1.68372,0.89509,1.10005
2024/02/14 06:16:53.01,462432.502,5633616.0039,2947318.668,12.0,5.7867,24.2981,8.4941,2.48585,-0.41675,0.85112
2024/02/14 06:16:54.01,462435.4805,5633614.9366,2947319.2966,12.0,5.7869,24.2953,8.4939,3.05642,-0.3364,0.84336
2024/02/14 06:16:55.01,462438.5918,5633614.5059,2947320.3599,12.0,5.7871,24.2926,8.4937,3.18914,-0.85382,0.8729
2024/02/14 06:16:56.01,462441.8895,5633613.9928,2947321.2485,12.0,5.7873,24.2898,8.4935,3.19932,-1.4219,0.90115
2024/02/14 06:16:57.01,462445.2502,5633613.2506,2947322.1288,12.0,5.7875,24.287,8.4934,3.25369,-0.51283,1.11013
2024/02/14 06:16:58.01,462448.6334,5633612.8751,2947323.1682,12.0,5.7877,24.2842,8.4932,3.64703,-1.62613,0.66624
2024/02/14 06:16:59.01,462452.0728,5633611.558,2947324.0294,12.0,5.7879,24.2814,8.493,3.51998,-1.40312,0.95892
2024/02/14 06:17:00.01,462455.461,5633611.0199,2947325.2651,12.0,5.7881,24.2786,8.4928,2.74401,-4.46253,-0.63979
2024/02/14 06:17:01.00,462458.5268,5633608.3954,2947325.4108,12.0,5.7883,24.2759,8.4927,3.28329,-0.97042,0.6829
2024/02/14 06:17:02.01,462461.0529,5633610.1227,2947327.1819,12.0,5.7885,24.2731,8.4925,2.20271,3.69949,2.45872
2024/02/14 06:17:03.01,462464.9964,5633608.9832,2947327.9535,12.0,5.7887,24.2703,8.4923,3.45464,1.36435,1.65763
2024/02/14 06:17:04.01,462469.4144,5633607.3928,2947328.6433,12.0,5.7889,24.2675,8.4921,4.64279,-2.04967,0.34093
2024/02/14 06:17:05.01,462473.1298,5633606.6171,2947329.7761,12.0,5.7891,24.2647,8.4919,3.77577,0.1772,1.02017
2024/02/14 06:17:06.01,462476.4618,5633606.1473,2947330.6552,12.0,5.7893,24.262,8.4918,3.12477,-0.30804,0.72268
2024/02/14 06:17:07.01,462479.8298,5633605.4546,2947331.393,12.0,5.7895,24.2592,8.4916,3.68817,-0.83245,0.81092
2024/02/14 06:17:08.01,462483.9073,5633604.8348,2947332.1687,12.0,5.7897,24.2564,8.4914,4.19686,-0.92154,0.73933
2024/02/14 06:17:09.01,462488.4105,5633603.4889,2947332.951,12.0,5.7899,24.2536,8.4912,4.50766,-0.69355,1.07718
2024/02/14 06:17:10.01,462492.8934,5633602.7049,2947334.0047,12.0,5.7901,24.2508,8.4911,4.19614,-1.08368,0.91808
2024/02/14 06:17:11.01,462497.3062,5633603.4954,2947335.6448,12.0,5.7903,24.2481,8.4909,3.98478,-1.06057,0.82757
2024/02/14 06:17:12.01,462501.3557,5633602.0137,2947336.3404,12.0,5.7905,24.2453,8.4907,3.91677,-0.69833,1.00393
2024/02/14 06:17:13.01,462505.5459,5633602.3203,2947337.7875,12.0,5.7907,24.2425,8.4905,4.17916,-1.04082,1.08646
2024/02/14 06:17:14.01,462509.8207,5633600.8022,2947338.8788,12.0,5.7909,24.2397,8.4904,4.48233,-0.91271,1.30661
2024/02/14 06:17:15.01,462514.5907,5633599.3583,2947340.1774,12.0,5.7911,24.2369,8.4902,4.9544,-0.94776,1.4875
2024/02/14 06:17:16.01,462519.5744,5633597.3366,2947341.1751,12.0,5.7913,24.2342,8.49,5.29808,-1.20572,1.63407
2024/02/14 06:17:17.01,462524.9709,5633596.8142,2947343.1682,12.0,5.7915,24.2314,8.4898,5.21104,-0.53233,1.9353
2024/02/14 06:17:18.01,462530.4906,5633595.4544,2947344.8319,12.0,5.7917,24.2286,8.4896,5.39881,-1.19213,1.8504
2024/02/14 06:17:19.01,462535.8726,5633594.1098,2947346.526,12.0,5.7919,24.2258,8.4895,5.38733,-1.23438,1.81875
2024/02/14 06:17:20.01,462541.339,5633592.4649,2947348.1182,12.0,5.7921,24.2231,8.4893,5.37654,-1.17894,1.76527
2024/02/14 06:17:21.01,462546.8379,5633591.3254,2947349.8849,12.0,5.7923,24.2203,8.4891,5.61504,-1.28324,1.69343
2024/02/14 06:17:22.01,462552.5112,5633590.4778,2947351.6497,12.0,5.7925,24.2175,8.4889,5.85321,-1.27238,1.72571
2024/02/14 06:17:23.01,462558.2681,5633588.661,2947353.1208,12.0,5.7927,24.2147,8.4888,5.86805,-1.04334,1.70453
2024/02/14 06:17:24.01,462564.3632,5633587.2565,2947354.7667,12.0,5.7929,24.212,8.4886,6.21216,-2.10437,1.4414
2024/02/14 06:17:25.01,462570.2522,5633585.8746,2947356.6375,12.0,5.7931,24.2092,8.4884,5.9737,-1.95609,1.59453
2024/02/14 06:17:26.01,462575.4978,5633586.2543,2947359.1249,12.0,5.7933,24.2064,8.4882,3.76749,3.93717,3.71507
2024/02/14 06:17:28.01,462584.9235,5633582.7955,2947363.1641,12.0,5.7937,24.2009,8.4879,5.45016,0.17668,1.90041
2024/02/14 06:17:29.01,462590.6757,5633583.4296,2947365.0507,12.0,5.7939,24.1981,8.4877,4.79324,-1.05968,1.96149
2024/02/14 06:17:30.01,462595.2683,5633582.3035,2947366.8978,12.0,5.7941,24.1953,8.4875,4.05627,-1.10055,1.6813
2024/02/14 06:17:31.01,462598.9176,5633580.8817,2947368.3029,12.0,5.7943,24.1926,8.4873,3.21887,-1.73724,0.97329
2024/02/14 06:17:32.01,462601.387,5633580.919,2947369.7586,12.0,5.7945,24.1898,8.4871,2.79794,-1.64863,0.63473
2024/02/14 06:17:33.01,462603.6977,5633579.8918,2947370.5358,12.0,5.7947,24.187,8.487,3.68319,-6.46215,-1.2718
2024/02/14 06:17:34.01,462605.8478,5633578.4433,2947370.6802,12.0,5.795,24.1843,8.4868,2.23452,-0.51873,0.28118
2024/02/14 06:17:35.01,462607.4455,5633578.1227,2947371.3256,12.0,5.7952,24.1815,8.4866,1.68332,0.8372,0.91685
2024/02/14 06:17:36.01,462609.0391,5633577.3602,2947372.0158,12.0,5.7954,24.1787,8.4864,1.50875,0.03082,1.11017
2024/02/14 06:17:37.01,462610.9633,5633576.6212,2947372.8798,12.0,5.7956,24.1759,8.4863,1.9125,-0.57806,0.83727
2024/02/14 06:17:38.01,462612.4534,5633576.3166,2947373.9256,12.0,5.7958,24.1732,8.4861,0.68993,2.39504,2.08574
2024/02/14 06:17:39.01,462614.2711,5633575.6205,2947374.7925,12.0,5.796,24.1704,8.4859,1.76061,-0.50781,1.02304
2024/02/14 06:17:40.01,462616.4515,5633574.5413,2947375.6666,12.0,5.7962,24.1676,8.4857,2.43628,-1.44955,0.86051
2024/02/14 06:17:41.01,462618.8148,5633573.1148,2947376.4566,12.0,5.7964,24.1649,8.4855,2.40424,-1.05076,0.85215
2024/02/14 06:17:42.01,462621.1329,5633572.8705,2947377.8162,12.0,5.7966,24.1621,8.4854,2.26562,-0.71435,1.16083
2024/02/14 06:17:43.01,462623.3863,5633571.4354,2947378.5848,12.0,5.7968,24.1593,8.4852,1.96889,-0.97822,1.07722
2024/02/14 06:17:44.01,462624.9797,5633575.3673,2947381.5922,12.0,5.797,24.1566,8.485,-0.45079,6.71871,3.62929
2024/02/14 06:17:45.01,462627.1266,5633574.3852,2947382.4522,12.0,5.7972,24.1538,8.4848,1.072,0.442,1.24081
2024/02/14 06:17:46.01,462629.6589,5633573.7235,2947383.3406,11.0,10.0997,33.6233,11.9712,1.04733,-2.20176,-0.32655
2024/02/14 06:17:47.01,462629.9782,5633578.336,2947385.5853,11.0,10.1003,33.6191,11.9707,0.50399,-2.71407,-0.90617
2024/02/14 06:17:48.01,462630.6667,5633570.3375,2947382.1662,11.0,10.101,33.6149,11.9703,-0.03944,-0.20878,-0.10728
2024/02/14 06:17:49.01,462630.3388,5633578.42,2947385.5672,11.0,10.1016,33.6107,11.9698,0.02211,-0.1391,-0.03501
2024/02/14 06:17:50.01,462629.3693,5633599.9609,2947394.7191,11.0,10.1022,33.6064,11.9694,0.14513,-0.62032,-0.17605
2024/02/14 06:17:51.01,462631.0807,5633567.1877,2947380.7597,11.0,10.1029,33.6023,11.969,0.24395,0.07147,0.15411
2024/02/14 06:17:52.01,462631.3576,5633563.5339,2947379.462,11.0,10.1035,33.5981,11.9685,0.30896,0.05411,0.20215
2024/02/14 06:17:53.01,462631.2785,5633568.7218,2947382.0176,11.0,10.1042,33.5938,11.9681,0.05699,0.08549,0.0689
2024/02/14 06:17:54.01,462631.2984,5633567.1353,2947381.5383,11.0,10.1048,33.5896,11.9676,0.00652,-0.0209,0.02336
2024/02/14 06:17:55.01,462631.2937,5633567.5084,2947381.753,11.0,10.1054,33.5854,11.9672,-0.00741,0.09698,0.016
2024/02/14 06:17:56.01,462631.0982,5633570.3585,2947382.9573,11.0,10.1061,33.5812,11.9667,-0.00306,-0.12211,-0.05822
2024/02/14 06:17:57.01,462631.1063,5633569.2941,2947382.5244,11.0,10.1067,33.577,11.9663,0.00847,0.02884,0.02849
2024/02/14 06:17:58.01,462631.1485,5633568.9574,2947382.4607,11.0,10.1073,33.5728,11.9658,0.02167,0.16869,0.07267
2024/02/14 06:17:59.01,462631.0988,5633569.0165,2947382.5396,11.0,10.108,33.5686,11.9654,0.04126,-0.17231,-0.05757
2024/02/14 06:18:00.01,462631.0643,5633569.025,2947382.5305,11.0,10.1086,33.5644,11.9649,0.03163,-0.13163,-0.02966
2024/02/14 06:18:01.00,462631.1217,5633569.4106,2947382.6737,11.0,10.1093,33.5602,11.9645,0.04032,-0.0834,-0.0371
2024/02/14 06:18:02.01,462630.9609,5633569.98,2947382.9528,11.0,10.1099,33.556,11.964,0.0167,0.00156,-0.00226
2024/02/14 06:18:03.01,462630.9736,5633569.8367,2947382.9536,11.0,10.1106,33.5518,11.9636,0.06459,-0.03339,0.01955
2024/02/14 06:18:04.01,462631.2038,5633569.7602,2947382.9015,11.0,10.1112,33.5476,11.9631,0.00831,-0.05097,-0.01923
2024/02/14 06:18:05.01,462631.2835,5633569.8261,2947382.9705,11.0,10.1118,33.5434,11.9627,-0.0694,0.02517,-0.01562
2024/02/14 06:18:06.01,462631.08,5633570.1588,2947383.0171,11.0,10.1125,33.5392,11.9623,0.00294,0.11292,0.04353
2024/02/14 06:18:07.01,462631.1581,5633570.3249,2947382.9302,11.0,10.1131,33.535,11.9618,-0.08143,0.53333,0.17547
2024/02/14 06:18:08.01,462631.1185,5633570.3357,2947382.9132,11.0,10.1138,33.5308,11.9614,-0.0068,0.05609,0.01362
2024/02/14 06:18:09.01,462631.2277,5633570.189,2947382.9321,11.0,10.1144,33.5266,11.9609,-0.01958,0.068,0.01234
2024/02/14 06:18:10.01,462631.1314,5633570.1917,2947382.822,11.0,10.1151,33.5225,11.9605,-0.02967,0.20956,0.09812
2024/02/14 06:18:11.01,462631.1721,5633570.3069,2947382.929,11.0,10.1157,33.5183,11.96,-0.0205,0.21917,0.07405
2024/02/14 06:18:12.01,462631.1477,5633570.7773,2947383.0768,11.0,10.1163,33.5141,11.9596,0.02629,-0.12699,-0.04574
2024/02/14 06:18:13.01,462631.1106,5633570.9715,2947383.1837,11.0,10.117,33.5099,11.9591,0.03747,-0.22457,-0.10975
2024/02/14 06:18:14.01,462631.2225,5633570.6688,2947382.9553,11.0,10.1176,33.5057,11.9587,0.01765,-0.23806,-0.08155
2024/02/14 06:18:15.01,462631.2832,5633570.6264,2947382.9695,11.0,10.1183,33.5016,11.9583,0.05168,-0.19001,-0.06049
2024/02/14 06:18:16.01,462631.3087,5633570.6516,2947382.9567,11.0,10.1189,33.4974,11.9578,0.06498,-0.30908,-0.11159
2024/02/14 06:18:17.01,462631.1376,5633571.6379,2947383.3227,11.0,10.1196,33.4932,11.9574,0.10186,-0.1891,-0.00103
2024/02/14 06:18:18.01,462631.5464,5633570.4543,2947383.019,11.0,10.1202,33.489,11.9569,0.21761,-0.0021,0.16685
2024/02/14 06:18:19.01,462631.6824,5633573.2723,2947384.3826,11.0,10.1209,33.4848,11.9565,0.22621,1.21505,0.67537
2024/02/14 06:18:20.01,462632.1323,5633571.8796,2947383.9919,11.0,10.1215,33.4807,11.956,0.41596,0.10734,0.25075
2024/02/14 06:18:21.01,462632.665,5633572.0909,2947384.4745,11.0,10.1222,33.4765,11.9556,0.45373,0.67748,0.76935
2024/02/14 06:18:22.01,462633.7996,5633566.3495,2947382.3409,11.0,10.1228,33.4723,11.9551,0.87387,-0.93426,0.05236
2024/02/14 06:18:23.01,462634.6753,5633565.3261,2947382.5257,11.0,10.1235,33.4682,11.9547,0.5702,-0.00134,0.37744
2024/02/14 06:18:24.01,462635.0695,5633566.846,2947383.2146,11.0,10.1241,33.464,11.9543,0.37415,0.44165,0.40077
2024/02/14 06:18:25.01,462634.6526,5633570.163,2947384.8168,11.0,10.1248,33.4598,11.9538,-0.02436,0.12332,0.0135
2024/02/14 06:18:26.01,462634.7878,5633568.5491,2947384.3121,11.0,10.1254,33.4557,11.9534,-0.03999,0.01849,-0.01672
2024/02/14 06:18:27.01,462634.6494,5633569.548,2947384.8314,11.0,10.1261,33.4515,11.9529,0.02581,-0.05506,-0.01234
2024/02/14 06:18:28.01,462634.7456,5633568.8467,2947384.593,11.0,10.1267,33.4474,11.9525,0.11667,-0.07564,0.03469
2024/02/14 06:18:29.01,462635.0342,5633567.8334,2947384.2249,11.0,10.1274,33.4432,11.952,0.16222,0.04342,0.14145
2024/02/14 06:18:30.01,462635.4359,5633567.2546,2947384.0102,11.0,10.128,33.439,11.9516,0.36029,-0.26914,0.04598
2024/02/14 06:18:31.01,462635.7115,5633566.9054,2947383.9811,11.0,10.1287,33.4349,11.9511,0.36733,-0.14127,0.19029
2024/02/14 06:18:32.01,462636.2075,5633565.933,2947383.9658,11.0,10.1293,33.4307,11.9507,0.3168,-0.42842,0.25472
2024/02/14 06:18:33.01,462636.4543,5633565.1217,2947384.1037,11.0,10.13,33.4266,11.9503,0.78055,-0.73436,0.17995
2024/02/14 06:18:34.01,462637.2028,5633563.9022,2947384.136,11.0,10.1307,33.4224,11.9498,0.79348,0.06066,0.39837
2024/02/14 06:18:35.01,462637.753,5633563.4424,2947384.3902,11.0,10.1313,33.4183,11.9494,1.05202,-0.87448,0.16358
2024/02/14 06:18:36.01,462638.7616,5633562.8782,2947384.7424,11.0,10.132,33.4141,11.9489,1.47392,-1.08612,0.31998
2024/02/14 06:18:37.01,462640.0142,5633562.4793,2947385.3472,11.0,10.1326,33.41,11.9485,0.92918,-0.70064,0.99247
2024/02/14 06:18:38.01,462639.7518,5633563.9194,2947387.2764,10.0,12.5784,34.6183,13.0347,1.60068,-0.78994,0.51746
2024/02/14 06:18:39.01,462628.1127,5633578.6811,2947397.0008,11.0,10.1339,33.4017,11.9476,-0.08633,1.16576,1.71719
2024/02/14 06:18:40.01,462633.8056,5633572.7604,2947394.6983,11.0,10.1346,33.3975,11.9471,6.22313,-6.4141,-2.63824
2024/02/14 06:18:41.01,462639.3853,5633566.9287,2947392.4578,11.0,10.1352,33.3934,11.9467,-2.56476,3.34352,3.37475
2024/02/14 06:18:42.01,462647.2618,5633559.7411,2947388.7921,11.0,10.1359,33.3893,11.9463,5.46748,-3.02656,-1.79401
2024/02/14 06:18:43.01,462650.746,5633555.9167,2947387.8482,11.0,10.1366,33.3852,11.9458,3.23103,-2.51698,-0.54965
2024/02/14 06:18:44.01,462651.4507,5633556.124,2947388.9535,11.0,10.1372,33.381,11.9454,-1.68206,1.97684,2.6706
2024/02/14 06:18:45.01,462650.8334,5633557.2637,2947391.254,11.0,10.1379,33.3769,11.9449,4.34641,-2.5181,-0.74958
2024/02/14 06:18:46.01,462647.492,5633560.0279,2947395.2354,11.0,10.1385,33.3727,11.9445,-5.98213,3.83178,5.5952
2024/02/14 06:18:47.01,462640.3965,5633564.1069,2947401.5069,11.0,10.1392,33.3686,11.944,-7.89516,5.21289,6.76589
2024/02/14 06:18:48.01,462634.9226,5633567.0339,2947406.4787,11.0,10.1399,33.3645,11.9436,-3.07695,2.02304,3.30889
2024/02/14 06:18:49.01,462655.607,5633527.3038,2947390.3433,12.0,5.8104,23.9774,8.4731,6.84742,1.14599,-1.77899
2024/02/14 06:18:50.01,462657.5603,5633528.8393,2947390.8386,12.0,5.8106,23.9747,8.4729,-0.05976,1.50697,1.28068
2024/02/14 06:18:51.01,462655.496,5633537.1524,2947394.1996,12.0,5.8108,23.9719,8.4727,0.93252,0.25062,0.39066
2024/02/14 06:18:52.01,462656.0357,5633539.7602,2947395.4759,12.0,5.811,23.9692,8.4725,0.47422,-1.76445,0.47232
2024/02/14 06:18:53.01,462657.5321,5633539.1195,2947395.7979,12.0,5.8112,23.9664,8.4724,0.7701,0.72468,0.65867
2024/02/14 06:18:54.01,462660.5118,5633554.2526,2947397.4865,12.0,5.8114,23.9637,8.4722,0.5417,1.10218,0.28264
2024/02/14 06:18:55.01,462660.2463,5633552.5299,2947397.8015,12.0,5.8116,23.9609,8.472,0.24494,-0.79222,0.40844
2024/02/14 06:18:56.01,462661.6865,5633550.6621,2947397.7844,12.0,5.8118,23.9582,8.4718,0.14721,-1.59835,0.68189
2024/02/14 06:18:57.01,462663.2689,5633551.5358,2947399.1717,12.0,5.8121,23.9555,8.4716,1.6526,-0.42073,1.20655
2024/02/14 06:18:58.01,462664.6412,5633548.7578,2947399.3524,12.0,5.8123,23.9527,8.4714,3.12033,-4.14846,0.16283
2024/02/14 06:18:59.01,462667.013,5633550.0742,2947401.2357,12.0,5.8125,23.95,8.4712,2.36626,-5.38951,-0.32831
2024/02/14 06:19:00.01,462669.9248,5633547.7559,2947402.858,12.0,5.8127,23.9472,8.471,3.07017,-1.10821,1.97928
2024/02/14 06:19:01.00,462670.7402,5633545.7182,2947402.2832,12.0,5.8129,23.9445,8.4709,1.66646,-3.68687,-0.40714
2024/02/14 06:19:02.01,462676.3193,5633547.8425,2947407.2682,12.0,5.8131,23.9417,8.4707,3.60781,-1.47889,2.02104
2024/02/14 06:19:03.01,462679.9856,5633548.9432,2947410.1987,12.0,5.8133,23.939,8.4705,3.12058,-1.1182,1.7936
2024/02/14 06:19:04.01,462682.999,5633544.8777,2947410.7233,12.0,5.8135,23.9363,8.4703,3.67085,-1.66438,2.09884
2024/02/14 06:19:05.01,462687.2855,5633543.1584,2947412.9949,12.0,5.8137,23.9335,8.4701,4.22507,-1.68411,2.45311
2024/02/14 06:19:06.01,462691.4845,5633542.5856,2947415.7585,12.0,5.8139,23.9308,8.4699,4.63085,-2.43095,2.52347
2024/02/14 06:19:07.01,462696.2382,5633540.4713,2947418.193,12.0,5.8142,23.928,8.4697,4.97043,-2.72814,2.42318
2024/02/14 06:19:08.01,462701.1954,5633538.434,2947420.7806,12.0,5.8144,23.9253,8.4695,5.08562,-2.35885,2.42811
2024/02/14 06:19:09.01,462706.2698,5633536.544,2947423.5843,12.0,5.8146,23.9226,8.4693,4.90978,-1.69279,2.64434
2024/02/14 06:19:10.01,462710.9887,5633534.6982,2947425.9494,12.0,5.8148,23.9198,8.4692,4.76304,-1.87935,2.30961
2024/02/14 06:19:11.01,462715.6972,5633533.1298,2947428.5055,12.0,5.815,23.9171,8.469,4.5063,-1.92968,2.49461
2024/02/14 06:19:12.01,462720.2754,5633531.2669,2947430.9242,12.0,5.8152,23.9144,8.4688,4.45803,-1.86279,2.60752
2024/02/14 06:19:13.01,462724.8688,5633529.254,2947433.5754,12.0,5.8154,23.9116,8.4686,4.52328,-1.31895,2.79813
2024/02/14 06:19:14.01,462729.5333,5633527.1107,2947435.9626,12.0,5.8156,23.9089,8.4684,4.7412,-1.90892,2.54179
2024/02/14 06:19:15.01,462734.1609,5633525.4348,2947438.4885,12.0,5.8158,23.9062,8.4682,4.64342,-1.60746,2.39946
2024/02/14 06:19:16.01,462738.6013,5633524.1206,2947440.9218,12.0,5.816,23.9034,8.468,4.35399,-1.42198,2.4154
2024/02/14 06:19:17.01,462742.9233,5633522.2176,2947443.16,12.0,5.8163,23.9007,8.4678,4.2295,-1.47391,2.19143
2024/02/14 06:19:18.01,462747.009,5633520.5363,2947445.1679,12.0,5.8165,23.898,8.4676,4.12118,-1.68924,2.00708
2024/02/14 06:19:19.01,462750.8198,5633519.4046,2947447.1486,12.0,5.8167,23.8952,8.4675,3.60342,-1.23847,1.917
2024/02/14 06:19:20.01,462754.2254,5633519.0026,2947449.2717,12.0,5.8169,23.8925,8.4673,3.35496,-1.17285,1.68597
2024/02/14 06:19:21.01,462757.4931,5633517.9348,2947450.9954,12.0,5.8171,23.8897,8.4671,3.24509,-1.17398,1.60698
2024/02/14 06:19:22.01,462760.7368,5633516.6311,2947452.5465,12.0,5.8173,23.887,8.4669,3.39218,-1.23894,1.6357
2024/02/14 06:19:23.01,462764.1387,5633514.962,2947454.0882,12.0,5.8175,23.8843,8.4667,3.51824,-1.47701,1.65336
2024/02/14 06:19:24.01,462767.667,5633513.4905,2947455.6209,12.0,5.8177,23.8816,8.4665,3.13484,-0.92818,1.50567
2024/02/14 06:19:25.01,462770.4519,5633512.3764,2947456.6649,12.0,5.8179,23.8788,8.4663,2.46105,-0.74916,1.06414
2024/02/14 06:19:26.01,462772.5657,5633511.952,2947457.8171,12.0,5.8182,23.8761,8.4661,1.91467,-0.63851,0.933
2024/02/14 06:19:27.01,462774.3434,5633511.3037,2947458.7917,12.0,5.8184,23.8734,8.4659,1.85726,-0.74792,0.98695
2024/02/14 06:19:28.01,462776.1777,5633510.3823,2947459.6616,12.0,5.8186,23.8706,8.4657,1.82287,-0.50713,1.07042
2024/02/14 06:19:29.01,462778.015,5633510.407,2947460.7814,12.0,5.8188,23.8679,8.4656,1.74963,-0.61423,0.96483
2024/02/14 06:19:30.01,462780.1073,5633509.6743,2947461.8305,12.0,5.819,23.8652,8.4654,2.01831,-0.71734,0.98822
2024/02/14 06:19:31.01,462782.2285,5633509.3834,2947463.0072,12.0,5.8192,23.8624,8.4652,2.35522,-0.60942,1.14301
2024/02/14 06:19:32.01,462784.6045,5633508.3222,2947464.1343,12.0,5.8194,23.8597,8.465,2.62478,-0.82328,1.23067
2024/02/14 06:19:33.01,462787.3582,5633507.2677,2947465.2991,12.0,5.8196,23.857,8.4648,2.77337,-0.79397,1.31386
2024/02/14 06:19:34.01,462790.2056,5633506.6037,2947466.6558,12.0,5.8198,23.8542,8.4646,2.81517,-0.96122,1.27482
2024/02/14 06:19:35.01,462793.1746,5633505.4114,2947467.7989,12.0,5.8201,23.8515,8.4644,2.82149,-0.6139,1.23602
2024/02/14 06:19:36.01,462795.8837,5633504.3613,2947468.7636,12.0,5.8203,23.8488,8.4642,2.34007,-0.62734,0.91714
2024/02/14 06:19:37.01,462798.0701,5633503.5186,2947469.46,12.0,5.8205,23.8461,8.464,1.87135,-0.75716,0.72296
2024/02/14 06:19:38.01,462799.7337,5633502.4649,2947469.9539,12.0,5.8207,23.8433,8.4638,1.47907,-0.67902,0.65436
2024/02/14 06:19:39.01,462801.2652,5633502.1845,2947470.7432,12.0,5.8209,23.8406,8.4636,1.49928,-0.57172,0.5968
2024/02/14 06:19:40.01,462802.6633,5633501.3379,2947471.3321,12.0,5.8211,23.8379,8.4634,1.47276,-0.4572,0.67768
2024/02/14 06:19:41.01,462804.4404,5633500.5493,2947471.9152,12.0,5.8213,23.8351,8.4633,1.97578,-0.57057,0.9352
2024/02/14 06:19:42.01,462806.812,5633500.0557,2947472.9545,12.0,5.8215,23.8324,8.4631,2.76316,-0.69569,1.15672
2024/02/14 06:19:43.01,462809.6159,5633499.0467,2947474.0062,12.0,5.8217,23.8297,8.4629,3.10601,-0.79674,1.20925
2024/02/14 06:19:44.01,462812.6498,5633498.0393,2947475.2042,12.0,5.822,23.827,8.4627,3.29672,-1.02729,1.12127
2024/02/14 06:19:45.01,462816.083,5633496.7633,2947476.4074,12.0,5.8222,23.8242,8.4625,3.55797,-1.12139,1.16788
2024/02/14 06:19:46.01,462819.7783,5633496.1327,2947477.8492,12.0,5.8224,23.8215,8.4623,3.65313,-1.05826,1.20323
2024/02/14 06:19:47.01,462823.4993,5633495.3079,2947479.0267,12.0,5.8226,23.8188,8.4621,3.55552,-0.83883,1.077
2024/02/14 06:19:48.01,462827.0452,5633494.584,2947480.1762,12.0,5.8228,23.8161,8.4619,3.58706,-1.23128,0.93386
2024/02/14 06:19:49.01,462830.5185,5633493.5547,2947481.2245,12.0,5.823,23.8133,8.4617,3.57754,-0.46375,1.07062
2024/02/14 06:19:50.01,462833.8199,5633492.9753,2947482.3122,12.0,5.8232,23.8106,8.4615,3.14502,-1.21402,0.7947
2024/02/14 06:19:51.01,462836.8919,5633492.0101,2947483.0843,12.0,5.8235,23.8079,8.4613,2.95008,-0.78303,0.85535
2024/02/14 06:19:52.01,462839.8474,5633491.1688,2947483.9527,12.0,5.8237,23.8052,8.4611,2.69453,-0.55523,0.83999
2024/02/14 06:19:53.01,462842.4368,5633490.9618,2947484.8416,12.0,5.8239,23.8024,8.4609,2.52544,-0.73121,0.75202
2024/02/14 06:19:54.01,462844.7822,5633490.2035,2947485.5857,12.0,5.8241,23.7997,8.4608,2.16997,-0.67697,0.44972
2024/02/14 06:19:55.01,462846.7695,5633490.0021,2947486.3079,12.0,5.8243,23.797,8.4606,1.72774,-0.62702,0.64332
2024/02/14 06:19:56.01,462848.0592,5633489.3463,2947486.721,12.0,5.8245,23.7943,8.4604,1.06885,-0.4615,0.32663
2024/02/14 06:19:57.01,462849.1863,5633488.687,2947487.0683,12.0,5.8247,23.7915,8.4602,0.95645,-0.10856,0.44972
2024/02/14 06:19:58.01,462850.2304,5633488.8832,2947487.6206,12.0,5.8249,23.7888,8.46,1.14222,-0.53095,0.33371
2024/02/14 06:19:59.01,462851.7437,5633489.1521,2947488.2197,12.0,5.8252,23.7861,8.4598,1.6713,-0.45941,0.45423
2024/02/14 06:20:00.01,462853.613,5633489.0133,2947488.9804,12.0,5.8254,23.7834,8.4596,2.01272,-0.57628,0.95518
2024/02/14 06:20:01.00,462856.0566,5633488.1685,2947489.5647,12.0,5.8256,23.7807,8.4594,2.15109,-0.50107,0.63118
2024/02/14 06:20:02.01,462858.1262,5633487.5398,2947490.1378,12.0,5.8258,23.7779,8.4592,2.01753,-0.32987,0.54848
2024/02/14 06:20:03.01,462860.0102,5633487.4377,2947490.7617,12.0,5.826,23.7752,8.459,1.97716,-0.59771,0.23072
2024/02/14 06:20:04.01,462862.089,5633486.6372,2947491.3023,12.0,5.8262,23.7725,8.4588,2.37826,-0.74277,0.68644
2024/02/14 06:20:05.01,462864.5309,5633485.9771,2947491.898,12.0,5.8264,23.7698,8.4586,2.14613,-0.59047,0.61019
2024/02/14 06:20:06.01,462866.5702,5633485.4613,2947492.3288,12.0,5.8266,23.7671,8.4584,1.7834,-0.56552,0.31559
2024/02/14 06:20:07.01,462868.363,5633484.7528,2947492.789,12.0,5.8269,23.7643,8.4582,1.66513,-1.01189,0.28087
2024/02/14 06:20:08.01,462870.1021,5633484.1972,2947493.1247,12.0,5.8271,23.7616,8.458,1.74857,-0.6268,0.33208
2024/02/14 06:20:09.01,462871.8748,5633483.5269,2947493.4182,12.0,5.8273,23.7589,8.4579,1.7225,0.16981,0.56553
2024/02/14 06:20:10.01,462873.61,5633483.5027,2947493.9689,12.0,5.8275,23.7562,8.4577,1.75788,-0.37997,0.4207
2024/02/14 06:20:11.01,462875.2902,5633483.3914,2947494.5823,12.0,5.8277,23.7535,8.4575,1.81367,-0.34002,0.55022
2024/02/14 06:20:12.01,462877.1591,5633482.9361,2947495.0931,12.0,5.8279,23.7508,8.4573,1.83661,-0.38278,0.5805
2024/02/14 06:20:13.01,462879.0646,5633482.3061,2947495.5539,12.0,5.8281,23.748,8.4571,2.09269,-0.965,0.29935
2024/02/14 06:20:14.01,462880.748,5633482.2443,2947496.0647,12.0,5.8284,23.7453,8.4569,1.41318,-0.41326,0.34496
2024/02/14 06:20:15.01,462881.6705,5633481.8242,2947496.1777,12.0,5.8286,23.7426,8.4567,0.27337,0.06468,0.1654
2024/02/14 06:20:16.01,462881.7006,5633481.5076,2947496.0568,12.0,5.8288,23.7399,8.4565,0.05458,-0.06726,0.03207
2024/02/14 06:20:17.01,462881.7459,5633481.2637,2947495.9903,12.0,5.829,23.7372,8.4563,0.29263,-0.06012,0.09114
2024/02/14 06:20:18.01,462882.3117,5633481.2293,2947496.0493,12.0,5.8292,23.7345,8.4561,0.64853,-0.13957,0.13756
2024/02/14 06:20:19.01,462883.023,5633481.0871,2947496.1505,12.0,5.8294,23.7317,8.4559,0.68239,-0.10471,0.14259
2024/02/14 06:20:20.01,462883.7105,5633481.3325,2947496.4388,12.0,5.8296,23.729,8.4557,0.82311,-0.17711,0.16211
2024/02/14 06:20:21.01,462884.3801,5633480.7218,2947496.4786,12.0,5.8299,23.7263,8.4555,0.1352,-0.13855,-0.00373
2024/02/14 06:20:22.01,462884.3604,5633480.565,2947496.5508,12.0,5.8301,23.7236,8.4553,0.07842,0.08492,0.03373
2024/02/14 06:20:23.01,462884.5148,5633480.6529,2947496.5863,12.0,5.8303,23.7209,8.4551,0.01875,-0.13039,-0.03483
2024/02/14 06:20:24.01,462884.4341,5633480.5585,2947496.5945,12.0,5.8305,23.7182,8.4549,0.00964,0.00828,-0.00556
2024/02/14 06:20:25.01,462884.4088,5633480.9913,2947496.7253,12.0,5.8307,23.7155,8.4547,0.01692,-0.03688,0.00324
2024/02/14 06:20:26.01,462884.4463,5633481.1241,2947496.9369,12.0,5.8309,23.7127,8.4545,-0.02157,0.0684,0.01309
2024/02/14 06:20:27.01,462884.5107,5633481.2314,2947497.0979,12.0,5.8312,23.71,8.4543,0.00859,-0.10985,-0.02793
2024/02/14 06:20:28.01,462884.5485,5633481.2793,2947497.082,12.0,5.8314,23.7073,8.4541,-0.01573,-0.05608,-0.02143
2024/02/14 06:20:29.01,462884.6305,5633481.3887,2947497.0756,12.0,5.8316,23.7046,8.4539,0.0034,-0.03376,-0.00516
2024/02/14 06:20:30.01,462884.7306,5633481.1776,2947496.9219,12.0,5.8318,23.7019,8.4537,0.01752,-0.15963,-0.0253
2024/02/14 06:20:31.01,462884.7647,5633481.1486,2947496.9193,12.0,5.832,23.6992,8.4536,0.00289,0.00279,0.00391
2024/02/14 06:20:32.01,462884.765,5633481.0186,2947496.9275,12.0,5.8322,23.6965,8.4534,0.01356,-0.16858,-0.05142
2024/02/14 06:20:33.01,462884.7896,5633480.9286,2947496.9503,12.0,5.8324,23.6938,8.4532,-0.00248,0.01163,0.00314
2024/02/14 06:20:34.01,462884.835,5633481.0246,2947497.0139,12.0,5.8327,23.6911,8.453,0.03283,0.07571,0.01068
2024/02/14 06:20:35.01,462884.9356,5633480.7343,2947496.8103,12.0,5.8329,23.6883,8.4528,0.259,-0.18616,0.00493
2024/02/14 06:20:36.01,462885.1598,5633480.724,2947496.743,12.0,5.8331,23.6856,8.4526,0.4993,-0.31508,0.04541
2024/02/14 06:20:37.01,462885.7046,5633480.6328,2947496.8219,12.0,5.8333,23.6829,8.4524,0.79608,0.04549,0.21981
2024/02/14 06:20:38.01,462886.6444,5633480.1368,2947496.8168,12.0,5.8335,23.6802,8.4522,0.91487,0.02766,0.24587
2024/02/14 06:20:39.01,462887.5942,5633480.2179,2947497.0962,12.0,5.8337,23.6775,8.452,0.90659,-0.46374,-0.00018
2024/02/14 06:20:40.01,462887.9048,5633480.1702,2947497.2828,12.0,5.834,23.6748,8.4518,-0.1034,0.20375,-0.01073
2024/02/14 06:20:41.01,462888.0616,5633479.9657,2947497.1186,12.0,5.8342,23.6721,8.4516,0.00921,0.10009,-0.01069
2024/02/14 06:20:42.01,462888.0426,5633480.3489,2947497.1459,12.0,5.8344,23.6694,8.4514,0.00575,0.03418,0.01604
2024/02/14 06:20:43.01,462888.072,5633480.3804,2947497.1376,12.0,5.8346,23.6667,8.4512,-0.00817,-0.02175,-0.04386
2024/02/14 06:20:44.01,462888.0553,5633480.0803,2947496.9363,12.0,5.8348,23.664,8.451,-0.0483,-0.05849,-0.00785
2024/02/14 06:20:45.01,462888.031,5633480.3208,2947497.1085,12.0,5.835,23.6613,8.4508,-0.0233,0.07456,0.01944
2024/02/14 06:20:46.01,462888.0435,5633480.5441,2947497.2019,12.0,5.8352,23.6586,8.4506,-0.00398,-0.05173,0.0035
2024/02/14 06:20:47.01,462888.0552,5633480.2265,2947497.1261,12.0,5.8355,23.6559,8.4504,-0.00531,-0.07582,-0.00759
2024/02/14 06:20:48.01,462888.092,5633480.2713,2947497.1327,12.0,5.8357,23.6532,8.4502,-0.01973,-0.00796,-0.00507
2024/02/14 06:20:49.01,462888.0037,5633480.8463,2947497.3689,12.0,5.8359,23.6504,8.45,-0.02193,0.04732,0.02233
2024/02/14 06:20:50.01,462888.0017,5633480.5944,2947497.2666,12.0,5.8361,23.6477,8.4498,-0.0007,-0.07179,-0.02967
2024/02/14 06:20:51.01,462887.939,5633480.6079,2947497.2909,12.0,5.8363,23.645,8.4496,-0.01483,0.04773,0.00059
2024/02/14 06:20:52.01,462887.9418,5633481.2216,2947497.4898,12.0,5.8365,23.6423,8.4494,0.03596,0.00965,-0.00273
2024/02/14 06:20:53.01,462887.8914,5633480.9108,2947497.3853,12.0,5.8368,23.6396,8.4492,0.0307,-0.04161,-0.01321
2024/02/14 06:20:54.01,462887.8921,5633480.8054,2947497.2689,12.0,5.837,23.6369,8.449,-0.02096,-0.02868,-0.01539
2024/02/14 06:20:55.01,462887.969,5633480.767,2947497.2361,12.0,5.8372,23.6342,8.4488,-0.00191,0.00806,-0.01657
2024/02/14 06:20:56.01,462887.9404,5633480.6424,2947497.157,12.0,5.8374,23.6315,8.4486,0.02164,-0.03289,-0.01408
2024/02/14 06:20:57.01,462887.9933,5633480.7457,2947497.192,12.0,5.8376,23.6288,8.4484,0.02695,-0.05697,-0.01922
2024/02/14 06:20:58.01,462888.0413,5633481.0803,2947497.3289,12.0,5.8379,23.6261,8.4482,-0.00494,-0.05002,-0.01428
2024/02/14 06:20:59.01,462887.9727,5633481.242,2947497.4282,12.0,5.8381,23.6234,8.448,-0.00084,-0.01325,0.02678
2024/02/14 06:21:00.01,462887.9508,5633481.4914,2947497.5726,12.0,5.8383,23.6207,8.4478,0.02492,0.00709,-0.00857
2024/02/14 06:21:01.00,462887.9964,5633481.8818,2947497.6775,12.0,5.8385,23.618,8.4476,0.00712,0.09092,0.045
2024/02/14 06:21:02.01,462888.0162,5633481.4176,2947497.6424,12.0,5.8387,23.6153,8.4474,-0.00713,0.03349,0.00334
2024/02/14 06:21:03.01,462888.0074,5633481.033,2947497.5513,12.0,5.8389,23.6126,8.4472,-0.01461,-0.0665,-0.02533
2024/02/14 06:21:04.01,462887.9609,5633480.5446,2947497.4351,12.0,5.8392,23.6099,8.447,-0.00223,0.07811,0.03433
2024/02/14 06:21:05.01,462887.8769,5633480.5944,2947497.357,12.0,5.8394,23.6072,8.4468,0.03162,-0.01278,0.00425
2024/02/14 06:21:06.01,462887.8433,5633480.9303,2947497.4382,12.0,5.8396,23.6045,8.4466,0.00061,0.04545,0.00488
2024/02/14 06:21:07.01,462887.8247,5633481.1722,2947497.4422,12.0,5.8398,23.6018,8.4464,0.0476,-0.16435,-0.02845
2024/02/14 06:21:08.01,462887.8539,5633480.9828,2947497.4358,12.0,5.84,23.5991,8.4462,0.02779,0.00304,-0.01119
2024/02/14 06:21:09.01,462887.7422,5633481.2927,2947497.6292,12.0,5.8402,23.5964,8.446,-0.00208,-0.11156,-0.03817
2024/02/14 06:21:10.01,462887.7138,5633481.6135,2947497.7053,12.0,5.8405,23.5937,8.4458,-0.0097,0.08673,0.02835
2024/02/14 06:21:11.01,462887.8296,5633481.5677,2947497.7882,12.0,5.8407,23.591,8.4456,0.03221,0.00326,-0.01415
2024/02/14 06:21:12.01,462887.8947,5633480.8423,2947497.5944,12.0,5.8409,23.5883,8.4454,0.02844,-0.15555,-0.0503
2024/02/14 06:21:13.01,462887.9181,5633480.9939,2947497.6189,12.0,5.8411,23.5856,8.4452,0.00153,-0.01562,-0.0274
2024/02/14 06:21:14.01,462887.8738,5633481.3172,2947497.6835,12.0,5.8413,23.5829,8.445,0.01723,0.05181,0.02274
2024/02/14 06:21:15.01,462887.8278,5633481.2461,2947497.6737,12.0,5.8416,23.5802,8.4448,0.04588,-0.04815,-0.01806
2024/02/14 06:21:16.01,462887.9867,5633481.0756,2947497.6795,12.0,5.8418,23.5775,8.4446,0.12111,-0.06518,0.0036
2024/02/14 06:21:17.01,462888.2496,5633480.4851,2947497.6071,12.0,5.842,23.5748,8.4444,0.59245,-0.04474,0.10622
2024/02/14 06:21:18.01,462889.1631,5633480.799,2947497.9319,12.0,5.8422,23.5722,8.4442,1.23995,-0.19106,0.12603
2024/02/14 06:21:19.01,462890.4787,5633480.1473,2947498.1919,12.0,5.8424,23.5695,8.444,1.58919,-0.16701,0.30033
2024/02/14 06:21:20.01,462892.0265,5633479.5741,2947498.4303,12.0,5.8426,23.5668,8.4438,1.62711,-0.73034,0.23491
2024/02/14 06:21:21.01,462893.7214,5633479.2908,2947498.7904,12.0,5.8429,23.5641,8.4436,1.95052,-0.49049,0.348
2024/02/14 06:21:22.01,462895.6661,5633479.0492,2947499.1605,12.0,5.8431,23.5614,8.4434,2.22756,-0.20591,0.62477
2024/02/14 06:21:23.01,462898.0944,5633478.4022,2947499.5563,12.0,5.8433,23.5587,8.4432,2.4784,-0.63127,0.46774
2024/02/14 06:21:24.01,462900.6655,5633478.4004,2947500.2124,12.0,5.8435,23.556,8.443,2.60939,-0.37413,0.62326
2024/02/14 06:21:25.01,462903.146,5633478.0857,2947500.7194,12.0,5.8437,23.5533,8.4428,2.56242,-0.51582,0.54446
2024/02/14 06:21:26.01,462905.4035,5633477.8665,2947501.1841,12.0,5.844,23.5506,8.4426,2.2667,-0.36149,0.43754
2024/02/14 06:21:27.01,462907.5641,5633477.7175,2947501.6226,12.0,5.8442,23.5479,8.4424,2.27599,-0.31478,0.37356
2024/02/14 06:21:28.01,462910.2232,5633477.5991,2947502.0708,12.0,5.8444,23.5452,8.4422,2.64586,-0.39029,0.57806
2024/02/14 06:21:29.01,462913.0148,5633476.8689,2947502.4906,12.0,5.8446,23.5425,8.442,2.93075,-0.56877,0.63295
2024/02/14 06:21:30.01,462915.946,5633476.1164,2947502.9488,12.0,5.8448,23.5398,8.4418,2.96984,-0.68377,0.71284
2024/02/14 06:21:31.01,462918.8562,5633475.3038,2947503.6009,12.0,5.8451,23.5372,8.4416,3.05819,-0.77454,0.72142
2024/02/14 06:21:32.01,462921.8951,5633474.6113,2947504.4756,12.0,5.8453,23.5345,8.4414,3.29621,-0.82589,0.72983
2024/02/14 06:21:33.01,462925.1905,5633474.131,2947505.4672,12.0,5.8455,23.5318,8.4412,3.36559,-0.54932,0.90494
2024/02/14 06:21:34.01,462928.484,5633473.7157,2947506.3289,12.0,5.8457,23.5291,8.441,3.43325,-0.81317,0.91176
2024/02/14 06:21:35.01,462932.0597,5633472.5272,2947507.0525,12.0,5.8459,23.5264,8.4408,3.55143,-0.71294,0.87427
2024/02/14 06:21:36.01,462935.7935,5633471.8176,2947507.8403,12.0,5.8462,23.5237,8.4406,3.72919,-0.79312,0.75187
2024/02/14 06:21:37.01,462939.6158,5633471.3071,2947508.8224,12.0,5.8464,23.521,8.4404,3.73228,-0.59414,0.85488
2024/02/14 06:21:38.01,462943.4425,5633470.6093,2947509.6623,12.0,5.8466,23.5183,8.4402,3.57855,-0.82683,0.76252
2024/02/14 06:21:39.01,462946.8946,5633470.0099,2947510.3805,12.0,5.8468,23.5156,8.4399,3.3765,-0.62479,0.70082
2024/02/14 06:21:40.01,462950.0763,5633469.7697,2947511.1655,12.0,5.847,23.513,8.4397,3.02789,-0.76312,0.59246
2024/02/14 06:21:41.01,462952.897,5633469.0561,2947511.7761,12.0,5.8473,23.5103,8.4395,2.63017,-0.55411,0.51453
2024/02/14 06:21:42.01,462955.3739,5633468.8246,2947512.3338,12.0,5.8475,23.5076,8.4393,2.40243,-0.46404,0.47298
2024/02/14 06:21:43.01,462957.6206,5633468.2317,2947512.7986,12.0,5.8477,23.5049,8.4391,2.14155,-0.42119,0.38427
2024/02/14 06:21:44.01,462959.6384,5633467.3051,2947512.952,12.0,5.8479,23.5022,8.4389,1.84642,-0.32733,0.32362
2024/02/14 06:21:45.01,462961.4717,5633467.3742,2947513.4407,12.0,5.8481,23.4995,8.4387,1.7607,-0.55142,0.39372
2024/02/14 06:21:46.01,462963.2203,5633466.5832,2947513.7169,12.0,5.8484,23.4968,8.4385,1.76662,-0.45085,0.38691
2024/02/14 06:21:47.01,462964.9129,5633466.3553,2947514.2163,12.0,5.8486,23.4942,8.4383,1.69196,-0.39686,0.4591
2024/02/14 06:21:48.01,462966.6767,5633465.9006,2947514.6166,12.0,5.8488,23.4915,8.4381,1.66056,-0.46538,0.3446
2024/02/14 06:21:49.01,462968.2997,5633465.7996,2947515.0789,12.0,5.849,23.4888,8.4379,1.73865,-0.56429,0.36485
2024/02/14 06:21:50.01,462969.9462,5633465.3649,2947515.3502,12.0,5.8492,23.4861,8.4377,1.64558,-0.48076,0.28982
2024/02/14 06:21:51.01,462971.2582,5633465.1214,2947515.5693,12.0,5.8495,23.4834,8.4375,1.26386,-0.27082,0.21909
2024/02/14 06:21:52.01,462972.3917,5633464.9825,2947515.8304,12.0,5.8497,23.4807,8.4373,1.11741,-0.09037,0.23661
2024/02/14 06:21:53.01,462973.3646,5633465.1326,2947516.1158,12.0,5.8499,23.478,8.4371,0.97115,-0.0739,0.22749
2024/02/14 06:21:54.01,462974.222,5633464.7905,2947516.3087,12.0,5.8501,23.4754,8.4369,0.73467,-0.23705,0.13058
2024/02/14 06:21:55.01,462974.9853,5633464.6743,2947516.3961,12.0,5.8504,23.4727,8.4367,0.82346,-0.242,0.16256
2024/02/14 06:21:56.01,462975.8277,5633464.7779,2947516.6971,12.0,5.8506,23.47,8.4365,0.89024,-0.31528,0.08368
2024/02/14 06:21:57.01,462976.7824,5633464.5336,2947516.8818,12.0,5.8508,23.4673,8.4363,0.98746,-0.21749,0.10166
2024/02/14 06:21:58.01,462977.6784,5633463.7976,2947516.8964,12.0,5.851,23.4646,8.4361,0.72873,-0.13756,0.15735
2024/02/14 06:21:59.01,462978.438,5633463.757,2947517.1216,12.0,5.8512,23.462,8.4359,0.7857,-0.37911,0.09725
2024/02/14 06:22:00.01,462979.2173,5633463.7197,2947517.2776,12.0,5.8515,23.4593,8.4357,0.82039,-0.20712,0.1573
2024/02/14 06:22:01.00,462980.0821,5633463.5183,2947517.446,12.0,5.8517,23.4566,8.4354,0.6199,-0.024,0.22313
2024/02/14 06:22:02.01,462980.7555,5633463.2708,2947517.6322,12.0,5.8519,23.4539,8.4352,0.66051,-0.08214,0.18136
2024/02/14 06:22:03.01,462981.3667,5633462.9558,2947517.7664,12.0,5.8521,23.4512,8.435,0.56244,-0.20538,0.21376
2024/02/14 06:22:04.01,462981.7712,5633462.9082,2947517.8975,12.0,5.8523,23.4486,8.4348,0.47217,-0.37473,0.104
2024/02/14 06:22:05.01,462982.1719,5633462.7093,2947518.0034,12.0,5.8526,23.4459,8.4346,0.57675,-0.10382,0.229
2024/02/14 06:22:06.01,462982.5221,5633463.0227,2947518.1497,12.0,5.8528,23.4432,8.4344,0.36333,0.24472,0.24508
2024/02/14 06:22:07.01,462982.948,5633462.8183,2947518.2714,12.0,5.853,23.4405,8.4342,0.46796,0.03517,0.08224
2024/02/14 06:22:08.01,462983.3364,5633462.7109,2947518.3251,12.0,5.8532,23.4378,8.434,0.21896,0.17836,0.16441
2024/02/14 06:22:09.01,462983.6567,5633462.236,2947518.2327,12.0,5.8535,23.4352,8.4338,0.33835,-0.07861,0.15411
2024/02/14 06:22:10.01,462983.9853,5633462.1027,2947518.4197,12.0,5.8537,23.4325,8.4336,0.39688,0.06559,0.21559
2024/02/14 06:22:11.01,462984.5388,5633461.8267,2947518.6421,12.0,5.8539,23.4298,8.4334,0.49803,-0.1068,0.13379
2024/02/14 06:22:12.01,462984.9776,5633461.3241,2947518.7459,12.0,5.8541,23.4271,8.4332,0.3682,-0.31892,0.04681
2024/02/14 06:22:13.01,462985.4184,5633461.5866,2947519.0724,11.0,6.0812,23.4306,8.5115,0.24543,-0.20677,0.01071
2024/02/14 06:22:14.01,462985.7848,5633461.4521,2947519.2219,12.0,5.8546,23.4218,8.4328,0.01981,0.12606,-0.0401
2024/02/14 06:22:15.01,462986.0523,5633461.5552,2947519.2022,12.0,5.8548,23.4191,8.4326,0.25374,0.36878,0.27492
2024/02/14 06:22:16.01,462985.7546,5633461.7963,2947518.9549,12.0,5.855,23.4164,8.4323,0.05872,0.07634,0.06088
2024/02/14 06:22:17.01,462985.9753,5633462.0459,2947519.0859,12.0,5.8552,23.4138,8.4321,0.04799,-0.05603,0.00992
2024/02/14 06:22:18.01,462985.9311,5633461.7091,2947518.936,12.0,5.8555,23.4111,8.4319,0.05181,-0.01153,0.01173
2024/02/14 06:22:19.01,462985.9746,5633461.4404,2947518.901,12.0,5.8557,23.4084,8.4317,0.01496,0.04721,0.02648
2024/02/14 06:22:20.01,462986.0762,5633461.3245,2947518.7793,12.0,5.8559,23.4057,8.4315,0.00673,-0.15763,-0.03224
2024/02/14 06:22:21.01,462986.1165,5633460.9463,2947518.5956,12.0,5.8561,23.4031,8.4313,0.01506,0.02287,0.01293
2024/02/14 06:22:22.01,462986.1799,5633461.0688,2947518.548,12.0,5.8564,23.4004,8.4311,0.00934,-0.13673,-0.05496
2024/02/14 06:22:23.01,462986.2366,5633461.0588,2947518.6032,12.0,5.8566,23.3977,8.4309,0.01504,0.05651,0.02412
2024/02/14 06:22:24.01,462986.1733,5633461.0621,2947518.6173,12.0,5.8568,23.395,8.4307,-0.05717,0.05296,0.01805
2024/02/14 06:22:25.01,462986.2356,5633461.1011,2947518.6517,12.0,5.857,23.3924,8.4305,0.11634,0.02202,0.03713
2024/02/14 06:22:26.01,462986.2968,5633461.0282,2947518.7315,12.0,5.8572,23.3897,8.4303,0.02461,0.09314,0.03763
2024/02/14 06:22:27.01,462986.214,5633461.1517,2947518.7467,12.0,5.8575,23.387,8.4301,-0.00076,-0.0713,-0.01309
2024/02/14 06:22:28.01,462986.0882,5633461.7341,2947518.79,12.0,5.8577,23.3844,8.4299,-0.03288,-0.15403,-0.03091
2024/02/14 06:22:29.01,462986.0938,5633461.7322,2947518.7639,12.0,5.8579,23.3817,8.4296,0.05736,0.00331,0.02189
2024/02/14 06:22:30.01,462986.2357,5633461.5649,2947518.7548,12.0,5.8581,23.379,8.4294,0.27378,-0.22741,0.03083
2024/02/14 06:22:31.01,462986.5969,5633461.4707,2947518.8064,12.0,5.8584,23.3763,8.4292,0.45263,-0.3082,-0.09857
2024/02/14 06:22:32.01,462987.3808,5633461.383,2947519.119,12.0,5.8586,23.3737,8.429,0.87545,-0.37438,0.03849
2024/02/14 06:22:33.01,462988.4969,5633461.1213,2947519.2162,12.0,5.8588,23.371,8.4288,1.52778,-0.21757,0.23698
2024/02/14 06:22:34.01,462990.496,5633461.0785,2947519.7424,12.0,5.859,23.3683,8.4286,2.32774,-0.67463,0.39687
2024/02/14 06:22:35.01,462993.2884,5633460.514,2947520.2979,12.0,5.8593,23.3657,8.4284,3.23114,-1.48259,0.21376
2024/02/14 06:22:36.01,462996.7014,5633460.0102,2947520.8233,12.0,5.8595,23.363,8.4282,3.59138,-0.89074,0.50231
2024/02/14 06:22:37.01,463000.2973,5633459.1547,2947521.4469,12.0,5.8597,23.3603,8.428,3.63836,-0.4948,0.63598
2024/02/14 06:22:38.01,463004.3389,5633457.1947,2947521.6746,11.0,10.3021,32.4504,11.8434,3.98343,-0.81949,0.71846
2024/02/14 06:22:39.01,463005.9114,5633463.3405,2947525.0225,12.0,5.8602,23.355,8.4275,13.62528,-25.24921,-8.20497
2024/02/14 06:22:40.01,463017.0411,5633445.038,2947519.7819,12.0,5.8604,23.3523,8.4273,9.82359,-13.08653,-3.35653
2024/02/14 06:22:41.01,463021.0354,5633447.3199,2947522.4062,12.0,5.8606,23.3497,8.4271,-0.76956,13.89204,7.17301
2024/02/14 06:22:42.01,463022.7338,5633454.7706,2947527.5488,10.0,12.8163,33.7134,12.9333,3.92058,0.90887,2.83207
2024/02/14 06:22:43.01,463031.0856,5633451.921,2947528.0861,12.0,5.8611,23.3443,8.4267,6.2739,-3.46874,0.56278
2024/02/14 06:22:44.01,463039.6216,5633452.291,2947530.983,12.0,5.8613,23.3417,8.4265,6.44333,-1.52962,1.57993
2024/02/14 06:22:45.01,463044.478,5633451.7799,2947533.381,12.0,5.8615,23.339,8.4263,6.273,-0.72704,1.95514
2024/02/14 06:22:46.01,463050.4489,5633447.573,2947533.497,12.0,5.8617,23.3363,8.4261,6.11727,-0.36277,2.04451
2024/02/14 06:22:47.01,463057.2066,5633443.9181,2947533.9905,11.0,10.3089,32.4161,11.8395,6.2681,-1.0186,1.67659
2024/02/14 06:22:48.01,463062.4175,5633446.2773,2947536.8065,12.0,5.8622,23.331,8.4257,5.89873,-0.76521,1.51229
2024/02/14 06:22:49.01,463069.6097,5633443.8227,2947537.7688,12.0,5.8624,23.3283,8.4254,5.18674,-2.26839,0.55332
2024/02/14 06:22:50.01,463075.5549,5633448.1585,2947541.5123,12.0,5.8626,23.3257,8.4252,4.46813,-0.37836,1.13536
2024/02/14 06:22:51.01,463080.2581,5633451.6657,2947544.5322,12.0,5.8629,23.323,8.425,4.03613,-1.12055,0.89777
2024/02/14 06:22:52.01,463083.0834,5633443.9134,2947541.8917,12.0,5.8631,23.3204,8.4248,3.78408,-0.77985,0.97492
2024/02/14 06:22:53.01,463086.1517,5633438.7312,2947540.6577,12.0,5.8633,23.3177,8.4246,3.13476,0.38328,1.26586
2024/02/14 06:22:54.01,463089.9192,5633436.5918,2947540.9721,11.0,10.3141,32.3894,11.8365,2.68778,-0.60481,0.65692
2024/02/14 06:22:55.01,463091.9977,5633439.4479,2947543.2089,11.0,10.3149,32.3856,11.8361,2.67518,-1.64703,0.41033
2024/02/14 06:22:56.01,463094.1948,5633436.688,2947542.8217,11.0,10.3156,32.3818,11.8357,1.70388,-0.61772,0.59595
2024/02/14 06:22:57.01,463095.9306,5633434.3838,2947542.651,11.0,10.3164,32.378,11.8352,0.90013,0.06868,0.96391
2024/02/14 06:22:58.01,463096.7294,5633436.4128,2947544.386,11.0,10.3172,32.3742,11.8348,1.19045,-1.16977,0.27588
2024/02/14 06:22:59.01,463095.6705,5633437.3839,2947545.8045,10.0,12.8339,33.6534,12.9264,-5.53823,5.72236,4.23299
2024/02/14 06:23:00.01,463098.5234,5633435.2332,2947544.5201,10.0,12.8349,33.6499,12.926,8.10656,-7.03404,-4.70912
2024/02/14 06:23:01.00,463097.5537,5633434.8033,2947545.1347,10.0,11.3853,32.4858,12.1606,1.37595,-1.40061,-0.7162
2024/02/14 06:23:02.01,463093.1509,5633438.8166,2947548.0371,9.0,18.6752,35.8248,15.5211,0.37636,-0.27054,0.11276
2024/02/14 06:23:03.01,463093.9803,5633438.1674,2947548.1569,9.0,18.6764,35.8219,15.5206,0.33218,-0.10166,0.39473
2024/02/14 06:23:04.01,463089.7883,5633443.3831,2947551.5241,10.0,11.3879,32.4747,12.1594,-3.28737,3.53252,2.74037
2024/02/14 06:23:05.01,463092.8265,5633441.4715,2947550.2978,10.0,11.3888,32.471,12.159,0.97903,-0.93533,-0.21728
2024/02/14 06:23:06.01,463095.8155,5633438.1376,2947548.8164,9.0,18.6799,35.8135,15.519,0.22925,0.15418,0.39196
2024/02/14 06:23:07.01,463082.7488,5633451.7231,2947557.5905,10.0,11.3905,32.4637,12.1582,-1.05527,1.05843,0.70653
2024/02/14 06:23:08.01,463091.7357,5633442.7664,2947551.7752,10.0,11.3914,32.46,12.1578,-0.67207,0.73196,0.48205
2024/02/14 06:23:09.01,463092.0713,5633443.1047,2947551.7834,10.0,11.3923,32.4563,12.1574,0.00829,-0.10531,-0.05345
2024/02/14 06:23:10.01,463092.3574,5633443.8785,2947551.9789,10.0,11.3932,32.4527,12.157,0.00855,0.12639,0.15045
2024/02/14 06:23:11.01,463097.9678,5633438.169,2947548.8004,9.0,18.6858,35.7994,15.5164,0.21953,-0.42112,0.22549
2024/02/14 06:23:12.01,463097.4134,5633438.347,2947549.3235,9.0,18.6869,35.7966,15.5158,0.19299,0.11021,0.27
2024/02/14 06:23:13.01,463090.8312,5633425.1121,2947549.6846,11.0,5.9845,24.0274,8.4423,-1.2732,-5.90471,-0.31284
2024/02/14 06:23:14.01,463092.7503,5633416.0259,2947547.3954,11.0,5.9847,24.0244,8.442,0.10421,0.8294,0.76158
2024/02/14 06:23:15.01,463096.8537,5633419.024,2947547.2265,11.0,5.9849,24.0214,8.4418,0.60678,-0.03774,1.01887
2024/02/14 06:23:16.01,463101.3174,5633434.4434,2947550.0157,12.0,5.8685,23.2566,8.4197,1.30442,1.01688,1.66379
2024/02/14 06:23:17.01,463102.4298,5633433.666,2947551.0675,12.0,5.8687,23.2539,8.4195,0.47618,-0.85312,1.49254
2024/02/14 06:23:18.01,463103.0723,5633434.2485,2947552.8135,12.0,5.869,23.2512,8.4193,0.45783,-0.65801,1.53514
2024/02/14 06:23:19.01,463103.0248,5633432.1405,2947554.1016,12.0,5.8692,23.2486,8.4191,-0.1482,-0.95908,1.42725
2024/02/14 06:23:20.01,463102.6259,5633430.7291,2947555.4865,12.0,5.8694,23.2459,8.4189,-0.3906,-0.54111,1.6014
2024/02/14 06:23:21.01,463101.9649,5633429.9085,2947557.1254,12.0,5.8697,23.2433,8.4186,-0.30965,-0.94008,1.32833
2024/02/14 06:23:22.01,463101.5963,5633429.012,2947558.5442,12.0,5.8699,23.2406,8.4184,-0.4179,-0.49951,1.53952
2024/02/14 06:23:23.01,463101.2034,5633428.7099,2947559.9899,12.0,5.8701,23.238,8.4182,-0.24942,-1.15645,1.322
2024/02/14 06:23:24.01,463100.805,5633427.7266,2947561.394,12.0,5.8703,23.2353,8.418,-0.53043,0.07161,1.52114
2024/02/14 06:23:25.01,463100.4205,5633426.796,2947562.5575,12.0,5.8706,23.2327,8.4178,-0.38411,-0.69225,1.38067
2024/02/14 06:23:26.01,463100.0942,5633426.5203,2947563.8791,12.0,5.8708,23.23,8.4176,-0.14035,-0.01708,1.86409
2024/02/14 06:23:27.01,463099.3457,5633425.6001,2947565.5629,12.0,5.871,23.2274,8.4174,-0.72258,-1.14964,1.91888
2024/02/14 06:23:28.01,463098.3046,5633424.5767,2947567.7177,12.0,5.8712,23.2247,8.4171,-0.86542,-1.51411,2.1285
2024/02/14 06:23:29.01,463097.2651,5633423.0297,2947570.1576,12.0,5.8715,23.2221,8.4169,-1.19847,-1.22599,2.77256
2024/02/14 06:23:30.01,463095.9321,5633421.6248,2947573.0011,12.0,5.8717,23.2194,8.4167,-1.63067,-1.54941,2.75683
2024/02/14 06:23:31.01,463094.2186,5633419.7441,2947575.7825,12.0,5.8719,23.2168,8.4165,-1.79588,-1.44241,2.95797
2024/02/14 06:23:32.01,463092.4486,5633420.0967,2947579.6264,12.0,5.8722,23.2141,8.4163,-2.17887,-2.6994,2.50235
2024/02/14 06:23:33.01,463091.2215,5633427.2558,2947586.8713,12.0,5.8724,23.2115,8.4161,-3.00686,-1.93827,2.86944
2024/02/14 06:23:34.01,463094.6823,5633427.458,2947595.8571,12.0,5.8726,23.2088,8.4158,-3.59575,0.1642,3.66335
2024/02/14 06:23:35.01,463091.4288,5633426.0656,2947599.093,11.0,6.1028,23.2142,8.4886,-3.7666,1.37155,3.99905
2024/02/14 06:23:36.01,463087.8604,5633423.6537,2947601.9949,12.0,5.8731,23.2035,8.4154,-3.58985,-7.4255,1.12942
2024/02/14 06:23:37.01,463082.8242,5633418.2374,2947603.5403,12.0,5.8733,23.2009,8.4152,-4.45749,-2.07562,3.27028
2024/02/14 06:23:38.01,463079.2565,5633421.1792,2947609.7577,12.0,5.8735,23.1982,8.415,-5.28976,-2.83224,2.86825
2024/02/14 06:23:39.01,463072.4692,5633417.9905,2947611.5131,12.0,5.8738,23.1956,8.4147,-4.43968,-3.85866,3.40182
2024/02/14 06:23:40.01,463068.6695,5633419.3769,2947616.7715,12.0,5.874,23.193,8.4145,-4.0805,-2.72534,3.24207
2024/02/14 06:23:41.01,463061.8318,5633413.3056,2947616.3577,12.0,5.8742,23.1903,8.4143,-4.03045,-2.44048,2.54307
2024/02/14 06:23:42.01,463055.2682,5633403.5749,2947612.9772,12.0,5.8744,23.1877,8.4141,-2.09425,-2.02321,1.8602
2024/02/14 06:23:43.01,463054.7753,5633405.9551,2947616.5262,11.0,6.105,23.1932,8.4864,-0.57502,0.3099,1.54691
2024/02/14 06:23:44.01,463055.2714,5633408.2197,2947619.5583,12.0,5.8749,23.1824,8.4137,-0.30386,4.47292,3.10712
2024/02/14 06:23:45.01,463057.2981,5633408.5966,2947622.8815,12.0,5.8751,23.1797,8.4134,0.0233,-1.07179,1.28286
2024/02/14 06:23:46.01,463054.8032,5633410.2114,2947623.3202,12.0,5.8754,23.1771,8.4132,-6.25308,1.28681,-2.89791
2024/02/14 06:23:47.01,463049.9174,5633411.4306,2947621.7067,12.0,5.8756,23.1744,8.413,-7.41046,1.34555,-3.1
2024/02/14 06:23:48.01,463055.1255,5633409.1559,2947627.8408,12.0,5.8758,23.1718,8.4128,-0.22474,0.40822,3.17825
2024/02/14 06:23:49.01,463054.1085,5633414.4536,2947632.4079,12.0,5.876,23.1692,8.4126,-2.54908,2.30141,2.87163
2024/02/14 06:23:50.01,463052.1449,5633414.5439,2947635.339,12.0,5.8763,23.1665,8.4124,-2.22027,-2.21424,2.19449
2024/02/14 06:23:51.01,463046.9509,5633406.2179,2947633.4985,12.0,5.8765,23.1639,8.4121,-4.28367,-2.78376,1.29626
2024/02/14 06:23:52.01,463043.1574,5633408.5939,2947637.1199,12.0,5.8767,23.1612,8.4119,-2.3972,-0.0328,3.8601
2024/02/14 06:23:53.01,463039.0937,5633403.9983,2947637.9058,12.0,5.877,23.1586,8.4117,-2.32326,-0.2257,3.72718
2024/02/14 06:23:54.01,463035.7237,5633405.2899,2947641.3452,12.0,5.8772,23.156,8.4115,-3.14877,-1.63077,2.41878
2024/02/14 06:23:55.01,463030.0772,5633390.9593,2947637.6389,12.0,5.8774,23.1533,8.4113,-3.40463,-1.74586,3.16128
2024/02/14 06:23:56.01,463029.2243,5633394.3705,2947645.0602,12.0,5.8776,23.1507,8.4111,-5.3018,-5.36558,1.15229
2024/02/14 06:23:57.01,463026.3959,5633398.351,2947652.0989,11.0,6.1065,23.5216,8.416,-5.20064,-3.28228,2.92964
2024/02/14 06:23:58.01,463019.4735,5633396.1004,2947654.592,12.0,5.8781,23.1454,8.4106,-5.335,-0.53664,4.54992
2024/02/14 06:23:59.01,463010.3697,5633385.8483,2947652.925,12.0,5.8783,23.1428,8.4104,-5.65607,-2.1778,4.26094
2024/02/14 06:24:00.01,463004.7294,5633386.7204,2947658.1604,12.0,5.8786,23.1401,8.4102,-5.20489,-1.89197,4.61502
2024/02/14 06:24:01.00,463000.4831,5633385.5624,2947664.029,12.0,5.8788,23.1375,8.41,-5.43112,-2.89415,4.26447
2024/02/14 06:24:02.01,462994.6724,5633382.4754,2947667.9633,12.0,5.879,23.1349,8.4097,-4.89114,-0.58369,5.48771
2024/02/14 06:24:03.01,462990.2857,5633382.0433,2947673.9698,12.0,5.8793,23.1322,8.4095,-5.27581,-3.23925,4.25216
2024/02/14 06:24:04.01,462986.191,5633385.0099,2947681.1393,12.0,5.8795,23.1296,8.4093,-4.25375,-1.53322,5.43848
2024/02/14 06:24:05.01,462979.1108,5633375.8941,2947681.3848,12.0,5.8797,23.127,8.4091,-5.39589,-1.87015,3.82691
2024/02/14 06:24:06.01,462973.1701,5633373.2049,2947684.4808,12.0,5.8799,23.1243,8.4089,-5.18384,-0.08726,4.51581
2024/02/14 06:24:07.01,462968.168,5633371.8024,2947688.3533,12.0,5.8802,23.1217,8.4086,-4.682,-2.31062,3.80319
2024/02/14 06:24:08.01,462964.2979,5633372.3232,2947693.5603,12.0,5.8804,23.1191,8.4084,-4.40583,-2.00557,3.88443
2024/02/14 06:24:09.01,462960.7877,5633373.2519,2947698.8235,12.0,5.8806,23.1164,8.4082,-3.70004,0.10799,4.66146
2024/02/14 06:24:10.01,462958.1579,5633375.9322,2947705.2368,12.0,5.8809,23.1138,8.408,-5.64827,-1.65463,2.16435
2024/02/14 06:24:11.01,462957.0417,5633376.7369,2947711.4369,12.0,5.8811,23.1111,8.4077,-4.24437,-4.92535,1.39116
2024/02/14 06:24:12.01,462951.0689,5633376.4458,2947712.8092,12.0,5.8813,23.1085,8.4075,-2.52954,-3.24355,2.53831
2024/02/14 06:24:13.01,462948.1165,5633371.0769,2947713.7976,12.0,5.8816,23.1059,8.4073,-2.29898,-1.50684,2.95518
2024/02/14 06:24:14.01,462944.7748,5633360.0743,2947712.1232,12.0,5.8818,23.1033,8.4071,-1.69802,-1.55509,3.08691
2024/02/14 06:24:15.01,462943.4769,5633359.3245,2947715.7408,12.0,5.882,23.1006,8.4069,-2.00066,0.80303,4.40025
2024/02/14 06:24:16.01,462944.9783,5633355.7274,2947720.4027,12.0,5.8823,23.098,8.4066,0.31475,-5.83827,2.40831
2024/02/14 06:24:17.01,462944.3491,5633356.9665,2947726.3351,10.0,6.4948,23.1585,8.542,-1.06692,-0.31072,5.24958
2024/02/14 06:24:18.01,462943.213,5633357.4926,2947731.9775,12.0,5.8827,23.0927,8.4062,-1.00307,-1.23313,5.48044
2024/02/14 06:24:19.01,462940.56,5633350.2671,2947732.2429,12.0,5.883,23.0901,8.406,4.76822,-19.73049,-1.93541
2024/02/14 06:24:20.01,462935.9811,5633348.5138,2947736.915,11.0,10.3801,32.0665,11.7995,-1.32493,-1.6945,5.35909
2024/02/14 06:24:21.01,462935.3262,5633347.3676,2947743.0587,11.0,10.3809,32.0628,11.799,-1.21699,-2.21923,5.15078
2024/02/14 06:24:22.01,462928.246,5633358.3335,2947752.8275,12.0,5.8836,23.0822,8.4053,-1.22533,-2.94121,4.98244
2024/02/14 06:24:23.01,462932.4149,5633341.4114,2947752.4436,12.0,5.8839,23.0796,8.4051,-1.2285,-2.68459,4.7772
2024/02/14 06:24:24.01,462932.266,5633337.2942,2947756.4055,12.0,5.8841,23.0769,8.4049,-1.01256,-2.08487,4.49395
2024/02/14 06:24:25.01,462931.1894,5633336.8259,2947761.3217,12.0,5.8843,23.0743,8.4047,-0.5822,-1.97592,4.26498
2024/02/14 06:24:26.01,462930.8431,5633334.4744,2947765.3721,12.0,5.8846,23.0717,8.4044,-0.36355,-2.15671,3.85626
2024/02/14 06:24:27.01,462930.5201,5633332.33,2947769.1967,12.0,5.8848,23.0691,8.4042,-0.26274,-1.49391,3.7795
2024/02/14 06:24:28.01,462930.4041,5633330.4748,2947772.519,12.0,5.885,23.0664,8.404,-0.15391,-1.33028,3.32994
2024/02/14 06:24:29.01,462930.3203,5633328.7026,2947775.487,12.0,5.8853,23.0638,8.4038,0.11603,-1.33279,2.87372
2024/02/14 06:24:30.01,462930.4329,5633327.1763,2947778.1959,12.0,5.8855,23.0612,8.4035,0.09504,-1.35806,2.63574
2024/02/14 06:24:31.01,462930.6526,5633325.655,2947780.5392,12.0,5.8857,23.0585,8.4033,0.34438,-1.67886,1.98386
2024/02/14 06:24:32.01,462930.9622,5633325.4841,2947782.3732,12.0,5.886,23.0559,8.4031,0.29919,-0.94666,1.03509
2024/02/14 06:24:33.01,462931.5001,5633324.132,2947782.8728,12.0,5.8862,23.0533,8.4029,0.22372,-0.45532,0.69631
2024/02/14 06:24:34.01,462931.6185,5633323.5307,2947783.4934,12.0,5.8864,23.0507,8.4027,0.11805,-0.6086,0.54055
2024/02/14 06:24:35.01,462931.8463,5633322.5439,2947783.8823,12.0,5.8867,23.048,8.4024,0.52642,-0.78613,0.46396
2024/02/14 06:24:36.01,462931.8084,5633322.3453,2947784.822,12.0,5.8869,23.0454,8.4022,-0.19237,0.48429,1.487
2024/02/14 06:24:37.01,462932.0792,5633321.5166,2947786.1073,12.0,5.8871,23.0428,8.402,0.01817,-0.11745,1.40581
2024/02/14 06:24:38.01,462932.5197,5633321.2188,2947787.3773,12.0,5.8874,23.0401,8.4018,0.17722,-0.09132,1.2496
2024/02/14 06:24:39.01,462932.6959,5633320.8657,2947788.6928,12.0,5.8876,23.0375,8.4015,0.32452,-0.47583,1.18791
2024/02/14 06:24:40.01,462933.1441,5633320.2036,2947789.7352,11.0,10.3959,31.9926,11.7909,0.36429,-0.76792,1.01836
2024/02/14 06:24:41.01,462933.4893,5633319.7363,2947790.8635,11.0,10.3967,31.9889,11.7904,-0.03313,0.16115,1.16786
2024/02/14 06:24:42.01,462934.0415,5633319.1757,2947791.5974,11.0,10.3975,31.9853,11.79,0.476,-0.30342,0.79297
2024/02/14 06:24:43.01,462934.2884,5633318.7934,2947792.4666,11.0,10.3983,31.9816,11.7896,0.38361,-0.63649,0.72732
2024/02/14 06:24:44.01,462934.5799,5633318.3529,2947793.4605,11.0,10.3991,31.9779,11.7891,0.66172,-1.10013,1.03349
2024/02/14 06:24:45.01,462935.26,5633317.3713,2947794.6095,11.0,10.3998,31.9742,11.7887,0.6039,-1.09847,1.36521
2024/02/14 06:24:46.01,462935.9445,5633316.9754,2947796.4059,11.0,10.4006,31.9705,11.7883,1.0689,-1.33611,1.64771
2024/02/14 06:24:47.01,462936.8051,5633315.8188,2947797.8613,11.0,10.4014,31.9669,11.7879,0.62761,-0.59456,1.62174
2024/02/14 06:24:48.01,462937.5296,5633315.031,2947799.2748,11.0,10.4022,31.9632,11.7874,0.88939,-1.49553,1.08674
2024/02/14 06:24:49.01,462942.1494,5633304.0376,2947796.5568,12.0,5.8899,23.0113,8.3993,4.43335,-10.20661,-2.53103
2024/02/14 06:24:50.01,462938.9712,5633313.5237,2947801.196,11.0,10.4038,31.9558,11.7866,0.32719,-0.62571,0.45504
2024/02/14 06:24:51.01,462938.9412,5633313.09,2947801.4026,11.0,10.4046,31.9522,11.7861,0.09783,-0.26778,-0.08022
2024/02/14 06:24:52.01,462938.87,5633312.0399,2947801.1856,11.0,10.4054,31.9485,11.7857,0.01391,-0.1486,-0.01137
2024/02/14 06:24:53.01,462938.5695,5633311.9406,2947801.0969,11.0,10.4062,31.9448,11.7853,0.00901,-0.01239,0.01302
2024/02/14 06:24:54.01,462938.445,5633312.1981,2947801.2016,11.0,10.407,31.9412,11.7849,0.01456,-0.19441,-0.07175
2024/02/14 06:24:55.01,462938.3858,5633312.0447,2947801.2346,11.0,10.4078,31.9375,11.7844,-0.00991,0.1737,0.06631
2024/02/14 06:24:56.01,462938.4511,5633312.0112,2947801.2413,11.0,10.4086,31.9338,11.784,0.07592,-0.18973,-0.03872
2024/02/14 06:24:57.01,462938.5439,5633311.9373,2947801.1551,11.0,10.4094,31.9302,11.7836,0.02891,-0.05202,0.00264
2024/02/14 06:24:58.01,462938.4984,5633312.4367,2947801.3334,11.0,10.4102,31.9265,11.7831,-0.00891,-0.0136,-0.00698
2024/02/14 06:24:59.01,462938.5219,5633312.5425,2947801.3209,11.0,10.411,31.9228,11.7827,-0.01567,0.01676,0.0164
2024/02/14 06:25:00.01,462938.3691,5633312.6189,2947801.3615,11.0,10.4118,31.9192,11.7823,-0.05483,0.03446,-0.04186
2024/02/14 06:25:01.00,462938.4591,5633313.0851,2947801.8293,11.0,10.4126,31.9155,11.7819,0.46507,-0.53187,0.35332
2024/02/14 06:25:02.01,462939.1858,5633312.4071,2947802.4131,11.0,10.4134,31.9119,11.7814,0.87014,-0.89453,0.97139
2024/02/14 06:25:03.01,462940.1458,5633311.5016,2947803.777,11.0,10.4142,31.9082,11.781,1.01908,-1.11193,1.69765
2024/02/14 06:25:04.01,462941.444,5633310.5772,2947805.7554,11.0,10.415,31.9045,11.7806,1.14662,-0.90927,2.30041
2024/02/14 06:25:05.01,462937.1761,5633323.8125,2947813.6766,12.0,5.8937,22.9693,8.3957,0.68487,0.20401,3.44738
2024/02/14 06:25:06.01,462940.3303,5633318.0702,2947814.8547,12.0,5.8939,22.9667,8.3955,0.93269,0.31848,3.57749
2024/02/14 06:25:07.01,462945.931,5633306.2731,2947813.965,11.0,10.4174,31.8936,11.7793,1.62735,-1.79652,3.13898
2024/02/14 06:25:08.01,462947.5988,5633304.6865,2947817.2908,11.0,10.4182,31.8899,11.7789,1.76988,-2.24402,3.20086
2024/02/14 06:25:09.01,462949.3008,5633303.0432,2947820.7857,11.0,10.419,31.8863,11.7784,1.89924,-3.07144,2.97359
2024/02/14 06:25:10.01,462950.9561,5633301.1714,2947824.0274,11.0,10.4198,31.8826,11.778,1.72126,-1.20939,3.17541
2024/02/14 06:25:11.01,462952.2899,5633299.1734,2947826.9946,11.0,10.4206,31.879,11.7776,1.41607,-1.86273,3.04113
2024/02/14 06:25:12.01,462953.4664,5633298.6183,2947830.5742,11.0,10.4214,31.8753,11.7771,1.3535,-1.45944,3.20112
2024/02/14 06:25:13.01,462956.7633,5633292.527,2947831.9597,12.0,5.8956,22.9484,8.3939,5.90611,-13.55101,-1.30527
2024/02/14 06:25:14.01,462959.5598,5633287.3912,2947833.5929,12.0,5.8958,22.9458,8.3937,3.82972,-8.28866,0.59741
2024/02/14 06:25:15.01,462957.9432,5633293.2282,2947839.3126,11.0,10.4238,31.8644,11.7758,1.25155,-1.28241,2.64529
2024/02/14 06:25:16.01,462956.1889,5633299.2796,2947844.4726,12.0,5.8963,22.9406,8.3932,2.55971,-5.75766,0.77053
2024/02/14 06:25:17.01,462959.6691,5633290.968,2947843.8144,11.0,10.4254,31.8571,11.775,0.92987,-0.93544,2.11725
2024/02/14 06:25:18.01,462960.2757,5633290.23,2947845.9489,11.0,10.4262,31.8535,11.7746,0.56577,-0.60088,1.90973
2024/02/14 06:25:19.01,462960.7552,5633289.4619,2947847.6502,11.0,10.427,31.8499,11.7741,0.34,-0.4726,1.82563
2024/02/14 06:25:20.01,462954.1261,5633307.0742,2947856.2881,12.0,5.8972,22.9301,8.3923,0.37066,-0.64766,1.75703
2024/02/14 06:25:21.01,462956.1078,5633302.552,2947856.5395,12.0,5.8974,22.9275,8.3921,0.11574,0.25254,1.78708
2024/02/14 06:25:22.01,462961.5016,5633288.9514,2947853.0101,12.0,5.8977,22.9249,8.3919,14.35729,-35.84238,-12.01408
2024/02/14 06:25:23.01,462981.2547,5633239.3825,2947835.6608,12.0,5.8979,22.9224,8.3917,24.69916,-62.11182,-22.11586
2024/02/14 06:25:24.01,462963.7679,5633285.4113,2947853.4927,11.0,10.431,31.8317,11.772,0.30881,-0.39282,0.14212
2024/02/14 06:25:25.01,462963.7896,5633285.2417,2947853.887,11.0,10.4318,31.828,11.7715,0.20591,-0.71341,-0.09884
2024/02/14 06:25:26.01,462964.0992,5633285.0074,2947854.0633,11.0,10.4326,31.8244,11.7711,0.41824,0.51617,0.56202
2024/02/14 06:25:27.01,462964.6505,5633285.2303,2947854.3081,11.0,10.4335,31.8208,11.7707,0.47697,-1.05108,-0.25948
2024/02/14 06:25:28.01,462957.7717,5633303.4906,2947861.3219,12.0,5.8991,22.9092,8.3905,-0.58228,2.47401,1.07579
2024/02/14 06:25:29.01,462961.9298,5633293.4585,2947857.622,12.0,5.8993,22.9066,8.3903,0.76328,-1.38,-0.42682
2024/02/14 06:25:30.01,462960.9464,5633296.4569,2947858.9518,12.0,5.8996,22.904,8.39,-6.66004,18.64449,7.06186
2024/02/14 06:25:31.01,462966.2476,5633283.9582,2947854.4488,11.0,10.4367,31.8063,11.769,0.5827,-0.91689,-0.25118
2024/02/14 06:25:32.01,462966.5284,5633284.3327,2947854.5013,11.0,10.4375,31.8026,11.7685,0.28852,0.10341,0.08129
2024/02/14 06:25:33.01,462966.9141,5633284.1307,2947854.682,11.0,10.4383,31.799,11.7681,0.534,-0.2158,-0.00677
2024/02/14 06:25:34.01,462967.2864,5633283.8317,2947854.8886,11.0,10.4391,31.7954,11.7677,0.76741,0.07092,0.08944
2024/02/14 06:25:35.01,462967.1102,5633284.5138,2947855.6033,10.0,13.0003,33.118,12.8629,-0.10056,0.78076,0.50765
2024/02/14 06:25:36.01,462965.8184,5633286.7796,2947857.1767,10.0,13.0014,33.1147,12.8625,-1.23343,1.03561,1.28881
2024/02/14 06:25:37.01,462926.373,5633327.0392,2947882.9658,10.0,11.5248,31.9259,12.0976,-9.39646,10.13393,6.403
2024/02/14 06:25:38.01,462964.2706,5633289.183,2947858.9772,9.0,18.864,35.3975,15.4387,0.14306,0.08253,0.04673
2024/02/14 06:25:39.01,462925.3969,5633324.6764,2947883.2771,10.0,13.0046,33.1046,12.8612,-17.11109,15.77489,10.86364
2024/02/14 06:25:40.01,462964.9754,5633289.1334,2947859.1051,9.0,18.8665,35.3922,15.4377,0.42786,0.28173,0.42536
2024/02/14 06:25:41.01,462937.718,5633317.5478,2947877.2181,10.0,11.5284,31.9119,12.096,4.95522,-4.11325,-2.62593
2024/02/14 06:25:42.01,462965.2564,5633289.5891,2947859.4828,9.0,18.869,35.3869,15.4366,-0.11688,-0.03699,0.04186
2024/02/14 06:25:43.01,462964.3872,5633290.945,2947859.7491,10.0,6.3927,24.4601,8.4193,0.62371,-0.92805,-0.49375
2024/02/14 06:25:44.01,462962.7966,5633293.3029,2947860.8355,10.0,6.3928,24.4567,8.4191,-1.49839,2.58566,1.27856
2024/02/14 06:25:45.01,462958.6368,5633283.8378,2947860.7922,11.0,6.0172,23.5767,8.4079,-3.71141,11.76178,4.10934
2024/02/14 06:25:46.01,462952.3505,5633304.697,2947868.2218,10.0,11.5331,31.8945,12.0939,5.58325,-4.17284,-2.69686
2024/02/14 06:25:47.01,462967.8863,5633298.8372,2947862.392,10.0,11.534,31.891,12.0935,35.53314,-37.87501,-22.80497
2024/02/14 06:25:48.01,462988.9657,5633287.7435,2947855.4332,10.0,13.0146,33.0746,12.8576,12.1233,-13.05228,-7.26537
2024/02/14 06:25:49.01,462973.232,5633305.6918,2947867.2225,10.0,10.7742,31.892,11.7624,-10.00663,5.60804,5.88705
2024/02/14 06:25:50.01,462952.2264,5633318.816,2947882.5257,10.0,10.7753,31.8886,11.7619,-31.51221,22.03626,20.34808
2024/02/14 06:25:52.01,462974.9364,5633284.4382,2947868.1424,9.0,13.4008,44.1675,15.9448,1.03893,1.43722,0.63005
2024/02/14 06:25:53.01,462966.0466,5633314.656,2947883.3792,8.0,21.1674,48.8833,19.7025,1.72494,-0.99523,0.32698
2024/02/14 06:25:54.01,462967.4635,5633308.8299,2947883.4067,10.0,12.5674,44.1117,15.751,1.22359,-7.99936,-3.0047
2024/02/14 06:25:55.01,462984.9924,5633284.5719,2947872.7901,12.0,5.9055,22.8389,8.3843,-1.83611,8.70139,1.99203
2024/02/14 06:25:56.01,462983.8037,5633292.2534,2947876.4299,9.0,13.3552,45.4857,15.9542,3.0599,4.85249,-0.55099
2024/02/14 06:25:57.01,462996.1487,5633275.8412,2947870.6131,10.0,6.2217,23.5805,8.462,-0.21504,3.80025,0.70387
2024/02/14 06:25:58.01,462992.5507,5633282.4704,2947870.1917,11.0,6.0201,23.5387,8.4049,-0.88316,-0.59225,-2.32123
2024/02/14 06:25:59.01,462998.198,5633298.1477,2947872.7013,11.0,6.1424,22.8406,8.4471,0.88827,-1.08443,-0.53065
2024/02/14 06:26:00.01,463001.1934,5633300.8856,2947874.929,12.0,5.9067,22.8258,8.3832,2.05727,-1.48133,-1.87676
2024/02/14 06:26:01.00,462998.626,5633293.7354,2947868.7531,12.0,5.9069,22.8233,8.3829,1.10281,1.86275,0.72518
2024/02/14 06:26:02.01,462995.0712,5633291.8723,2947864.4594,11.0,6.0209,23.5271,8.404,0.87952,0.68502,-0.32467
2024/02/14 06:26:03.01,462997.4898,5633299.2315,2947866.5537,12.0,5.9074,22.818,8.3825,2.0534,0.16895,-0.74695
2024/02/14 06:26:04.01,463000.1506,5633299.3958,2947867.693,12.0,5.9077,22.8154,8.3822,2.11516,-2.42886,-0.48079
2024/02/14 06:26:05.01,463000.7957,5633300.4541,2947866.2366,12.0,5.9079,22.8128,8.382,-1.55096,5.80503,2.09141
2024/02/14 06:26:06.01,463000.9441,5633299.3351,2947864.6985,12.0,5.9081,22.8103,8.3818,1.24095,-3.65739,-1.82227
2024/02/14 06:26:07.01,463004.4225,5633302.6018,2947865.8995,12.0,5.9084,22.8076,8.3815,2.32952,-1.55651,-0.49914
2024/02/14 06:26:08.01,463005.3745,5633289.2164,2947859.2697,12.0,5.9086,22.8051,8.3813,1.84974,1.20761,0.5574
2024/02/14 06:26:09.01,463007.483,5633289.1862,2947859.5316,12.0,5.9089,22.8025,8.3811,1.62824,-0.27832,0.03663
2024/02/14 06:26:10.01,463009.6361,5633290.7528,2947860.1443,12.0,5.9091,22.7999,8.3809,1.32738,0.11449,0.09919
2024/02/14 06:26:11.01,463010.8628,5633291.1683,2947860.2924,12.0,5.9093,22.7973,8.3806,0.84771,0.45625,0.24583
2024/02/14 06:26:12.01,463011.9162,5633292.6038,2947861.0156,12.0,5.9096,22.7947,8.3804,0.57798,-0.1663,0.04955
2024/02/14 06:26:13.01,463012.0096,5633288.6588,2947859.3353,12.0,5.9098,22.7921,8.3802,0.29033,-0.09645,0.05408
2024/02/14 06:26:14.01,463011.5237,5633284.0799,2947856.8359,12.0,5.9101,22.7895,8.3799,0.42069,-0.22414,-0.00155
2024/02/14 06:26:15.01,463012.5768,5633283.3969,2947856.7599,12.0,5.9103,22.7869,8.3797,0.90526,0.21068,0.27697
2024/02/14 06:26:16.01,463013.6084,5633283.9849,2947857.3119,12.0,5.9105,22.7843,8.3795,0.73087,0.19576,0.33278
2024/02/14 06:26:17.01,463014.6408,5633283.361,2947857.265,12.0,5.9108,22.7817,8.3792,0.74914,-0.33271,-0.08168
2024/02/14 06:26:18.01,463015.3352,5633282.426,2947856.9707,12.0,5.911,22.7791,8.379,0.99333,-0.39571,-0.0129
2024/02/14 06:26:19.01,463016.2486,5633282.6747,2947857.1337,12.0,5.9113,22.7765,8.3788,0.81825,0.00562,0.14816
2024/02/14 06:26:20.01,463017.0283,5633282.5155,2947857.284,12.0,5.9115,22.7739,8.3785,1.17995,-0.46622,-0.02302
2024/02/14 06:26:21.01,463017.9349,5633283.7679,2947858.0289,12.0,5.9117,22.7713,8.3783,1.7351,0.38993,0.43592
2024/02/14 06:26:22.01,463021.7084,5633278.8886,2947856.2943,12.0,5.912,22.7687,8.3781,10.78132,-21.92761,-8.05109
2024/02/14 06:26:23.01,463035.0592,5633251.9238,2947846.286,12.0,5.9122,22.7662,8.3778,11.14588,-21.30019,-7.02971
2024/02/14 06:26:24.01,463022.1837,5633300.3413,2947866.4358,11.0,10.48,31.6155,11.7462,-1.78602,0.38134,1.06252
2024/02/14 06:26:26.01,463026.894,5633296.0029,2947867.9431,11.0,10.4817,31.6083,11.7454,5.35251,-2.2664,0.83876
2024/02/14 06:26:27.01,463030.6912,5633302.4808,2947871.2999,11.0,10.4825,31.6048,11.745,2.3465,0.55141,-1.05348
2024/02/14 06:26:28.01,463040.2556,5633287.8797,2947866.7477,12.0,5.9134,22.7532,8.3767,4.15047,0.69786,0.51931
2024/02/14 06:26:29.01,463047.666,5633283.0837,2947864.6043,12.0,5.9137,22.7506,8.3764,3.77239,-1.09556,-0.15709
2024/02/14 06:26:30.01,463051.7776,5633279.5422,2947863.2066,12.0,5.9139,22.748,8.3762,3.58124,0.40527,-0.34728
2024/02/14 06:26:31.01,463052.5444,5633278.8691,2947860.0969,12.0,5.9142,22.7454,8.376,4.09981,-0.00962,-0.04567
2024/02/14 06:26:32.01,463054.3385,5633275.7459,2947856.7324,12.0,5.9144,22.7428,8.3757,4.4303,2.20551,1.06077
2024/02/14 06:26:33.01,463058.6013,5633276.5171,2947857.0177,12.0,5.9146,22.7402,8.3755,3.94349,-0.24136,0.03967
2024/02/14 06:26:34.01,463062.4495,5633276.6965,2947856.8886,12.0,5.9149,22.7377,8.3753,3.77798,-0.57502,-0.16023
2024/02/14 06:26:35.01,463066.3511,5633276.3894,2947856.6947,12.0,5.9151,22.7351,8.375,3.30513,-0.15907,-0.06616
2024/02/14 06:26:36.01,463069.7443,5633278.3411,2947857.5071,12.0,5.9154,22.7325,8.3748,2.67765,2.55013,0.89651
2024/02/14 06:26:37.01,463072.8321,5633277.6454,2947856.9043,12.0,5.9156,22.7299,8.3746,9.73855,-15.15483,-5.76963
2024/02/14 06:26:38.01,463075.0402,5633280.7445,2947858.2479,11.0,10.4917,31.5656,11.7403,4.09509,-0.27566,-0.15964
2024/02/14 06:26:39.01,463073.331,5633285.987,2947862.0558,11.0,10.4925,31.562,11.7398,2.67931,1.77572,1.10985
2024/02/14 06:26:40.01,463084.0092,5633274.2407,2947858.218,11.0,6.1541,22.7356,8.435,3.40538,-1.472,0.4464
2024/02/14 06:26:41.01,463085.8303,5633282.7403,2947861.3646,11.0,6.1544,22.7331,8.4347,2.17777,-4.67715,-0.03621
2024/02/14 06:26:42.01,463089.0225,5633276.4143,2947858.2259,11.0,6.1547,22.7305,8.4344,3.23916,-0.92825,0.63234
2024/02/14 06:26:43.01,463090.8777,5633277.6424,2947858.7286,12.0,5.9171,22.7144,8.3731,2.71242,-0.98159,0.96883
2024/02/14 06:26:44.01,463094.0522,5633277.2293,2947860.5144,12.0,5.9173,22.7118,8.3729,2.21027,-0.84705,2.08106
2024/02/14 06:26:45.01,463095.5841,5633275.0274,2947862.3078,12.0,5.9175,22.7092,8.3727,1.32373,-1.00707,2.90614
2024/02/14 06:26:46.01,463096.721,5633273.504,2947865.3011,12.0,5.9178,22.7066,8.3724,0.74564,-1.83877,3.05636
2024/02/14 06:26:47.01,463097.1718,5633271.9598,2947868.446,12.0,5.918,22.704,8.3722,0.33527,-1.31851,3.64461
2024/02/14 06:26:48.01,463097.1655,5633269.0815,2947871.7571,12.0,5.9183,22.7014,8.372,-0.24983,-1.5745,3.92162
2024/02/14 06:26:49.01,463097.2165,5633269.366,2947876.7903,12.0,5.9185,22.6989,8.3717,-0.45301,-2.0181,4.04786
2024/02/14 06:26:50.01,463096.4629,5633267.6125,2947880.7662,12.0,5.9188,22.6963,8.3715,-3.29512,5.81411,6.79298
2024/02/14 06:26:51.01,463096.0214,5633265.903,2947884.7085,12.0,5.919,22.6937,8.3712,-0.52376,-1.95529,3.87781
2024/02/14 06:26:52.01,463095.7461,5633263.5704,2947888.4447,12.0,5.9192,22.6911,8.371,-0.63367,-1.89886,3.94279
2024/02/14 06:26:53.01,463095.0853,5633260.8873,2947892.3547,12.0,5.9195,22.6885,8.3708,-0.6877,-1.88604,4.53215
2024/02/14 06:26:54.01,463094.2309,5633258.4003,2947896.6734,12.0,5.9197,22.686,8.3705,-1.02793,-2.28639,4.13591
2024/02/14 06:26:55.01,463093.2821,5633255.767,2947900.6514,12.0,5.92,22.6834,8.3703,-1.15277,-0.92789,4.32077
2024/02/14 06:26:56.01,463092.3726,5633253.912,2947904.6088,12.0,5.9202,22.6808,8.3701,-0.86307,-2.03935,3.67378
2024/02/14 06:26:57.01,463091.9264,5633253.2632,2947909.042,12.0,5.9205,22.6782,8.3698,-0.62307,-2.06524,3.90096
2024/02/14 06:26:58.01,463091.2857,5633253.2162,2947914.1968,12.0,5.9207,22.6756,8.3696,-0.97762,-1.14943,4.8494
2024/02/14 06:26:59.01,463090.1368,5633249.5267,2947918.046,12.0,5.9209,22.6731,8.3693,-1.30307,-5.06377,3.34129
2024/02/14 06:27:00.01,463089.2062,5633246.2778,2947922.5774,12.0,5.9212,22.6705,8.3691,-2.66185,-11.18061,0.8106
2024/02/14 06:27:01.00,463088.4619,5633243.5279,2947927.9259,12.0,5.9214,22.6679,8.3689,-0.92231,-4.06629,5.03071
2024/02/14 06:27:02.01,463087.3077,5633240.4226,2947933.4373,12.0,5.9217,22.6653,8.3686,-0.88414,-2.38677,6.1167
2024/02/14 06:27:03.01,463087.3985,5633245.8112,2947943.7406,12.0,5.9219,22.6628,8.3684,-2.43092,-10.83549,1.92987
2024/02/14 06:27:04.01,463084.9211,5633234.1496,2947945.4798,12.0,5.9222,22.6602,8.3681,-1.06101,-3.02389,6.02574
2024/02/14 06:27:05.01,463083.6033,5633230.2028,2947951.1737,12.0,5.9224,22.6576,8.3679,-1.05262,-2.96276,6.16496
2024/02/14 06:27:06.01,463082.2744,5633227.5939,2947957.4672,12.0,5.9226,22.655,8.3677,-1.08099,-3.79444,5.74857
2024/02/14 06:27:07.01,463082.4323,5633225.9488,2947964.3194,12.0,5.9229,22.6525,8.3674,1.55591,-7.86649,3.8971
2024/02/14 06:27:08.01,463082.4656,5633226.2323,2947971.7622,12.0,5.9231,22.6499,8.3672,-0.75393,-2.24065,5.90129
2024/02/14 06:27:09.01,463079.9984,5633227.982,2947978.7313,11.0,10.5176,31.4559,11.7269,1.18225,-11.61985,1.57492
2024/02/14 06:27:10.01,463097.2459,5633176.9327,2947964.97,12.0,5.9236,22.6448,8.3667,12.02477,-30.57902,-5.75989
2024/02/14 06:27:11.01,463082.076,5633214.5782,2947984.5901,11.0,10.5193,31.4489,11.726,1.31904,-2.08037,4.42814
2024/02/14 06:27:12.01,463084.368,5633210.6133,2947987.9521,11.0,10.5201,31.4454,11.7256,2.2417,-0.96524,3.73281
2024/02/14 06:27:13.01,463086.7246,5633211.4033,2947991.8351,11.0,10.5209,31.4419,11.7251,2.99272,-2.08621,2.34182
2024/02/14 06:27:14.01,463090.5301,5633209.0935,2947993.5945,12.0,5.9246,22.6344,8.3657,3.89119,-1.86343,1.59994
2024/02/14 06:27:15.01,463094.8498,5633206.9923,2947994.4232,12.0,5.9248,22.6319,8.3655,4.54752,-0.49561,1.04309
2024/02/14 06:27:16.01,463099.9243,5633206.9212,2947995.0113,12.0,5.9251,22.6293,8.3653,5.39994,0.04514,-0.03892
2024/02/14 06:27:17.01,463104.9495,5633207.1153,2947994.5829,12.0,5.9253,22.6267,8.365,5.67349,-0.88145,-0.9119
2024/02/14 06:27:18.01,463111.2603,5633207.0117,2947994.003,12.0,5.9256,22.6241,8.3648,6.35768,0.20744,-0.54565
2024/02/14 06:27:19.01,463117.8343,5633207.0237,2947993.2203,12.0,5.9258,22.6216,8.3645,6.74019,-0.49058,-1.04381
2024/02/14 06:27:20.01,463124.7892,5633207.0504,2947992.4112,12.0,5.9261,22.619,8.3643,7.02735,-0.05774,-0.79814
2024/02/14 06:27:21.01,463131.8459,5633207.0307,2947991.8029,12.0,5.9263,22.6164,8.3641,7.22124,0.14092,-0.56522
2024/02/14 06:27:22.01,463139.1484,5633207.1166,2947991.3246,12.0,5.9266,22.6138,8.3638,7.32406,-0.23545,-0.55112
2024/02/14 06:27:23.01,463146.5203,5633207.0588,2947990.7637,12.0,5.9268,22.6113,8.3636,7.27203,0.16341,-0.58397
2024/02/14 06:27:24.01,463153.9349,5633206.9206,2947990.2255,12.0,5.927,22.6087,8.3634,7.5412,-0.0894,-0.12054
2024/02/14 06:27:25.01,463161.339,5633206.7039,2947990.2203,12.0,5.9273,22.6061,8.3631,7.44758,-0.11842,0.08107
2024/02/14 06:27:26.01,463168.7152,5633206.8901,2947990.5654,12.0,5.9275,22.6036,8.3629,7.46605,-0.47723,0.36685
2024/02/14 06:27:27.01,463175.9819,5633206.3424,2947991.125,12.0,5.9278,22.601,8.3626,7.12318,-0.52399,0.57834
2024/02/14 06:27:28.01,463183.0018,5633205.3906,2947992.1798,12.0,5.928,22.5984,8.3624,6.85634,-0.75414,1.28086
2024/02/14 06:27:29.01,463189.8346,5633204.4492,2947993.8798,12.0,5.9283,22.5958,8.3622,6.79486,-1.58603,1.77472
2024/02/14 06:27:30.01,463196.5364,5633203.0297,2947995.9647,12.0,5.9285,22.5933,8.3619,6.71413,-1.59767,2.14899
2024/02/14 06:27:31.01,463202.9932,5633202.1577,2947998.3342,12.0,5.9288,22.5907,8.3617,6.59231,-1.20534,2.37714
2024/02/14 06:27:32.01,463209.6016,5633200.8359,2948000.7997,12.0,5.929,22.5881,8.3614,6.61164,-1.21611,2.52735
2024/02/14 06:27:33.01,463216.0921,5633199.7326,2948003.3845,12.0,5.9293,22.5856,8.3612,6.23817,-1.65264,2.67559
2024/02/14 06:27:34.01,463222.691,5633198.3319,2948006.0938,12.0,5.9295,22.583,8.3609,6.45892,-1.10478,2.80641
2024/02/14 06:27:35.01,463229.0602,5633197.1083,2948008.8616,12.0,5.9298,22.5804,8.3607,6.43333,-1.40091,2.7779
2024/02/14 06:27:36.01,463234.117,5633199.6489,2948013.1107,12.0,5.93,22.5779,8.3605,4.35504,3.72597,4.68533
2024/02/14 06:27:37.01,463239.6422,5633196.3664,2948015.7623,10.0,13.1374,32.718,12.8133,1.98561,2.46499,5.51114
2024/02/14 06:27:38.01,463243.4861,5633198.0146,2948020.3527,9.0,19.0174,35.0838,15.375,6.30991,-0.64298,3.19565
2024/02/14 06:27:39.01,463249.0326,5633198.5008,2948024.0807,9.0,19.0187,35.0812,15.3745,7.97748,-6.32672,0.14742
2024/02/14 06:27:40.01,463253.4405,5633201.2171,2948028.3334,9.0,19.02,35.0787,15.3739,7.05957,-3.19676,1.54549
2024/02/14 06:27:41.01,463254.893,5633207.4288,2948034.8989,10.0,11.6413,31.4999,12.0471,5.71447,-8.09388,-1.36395
2024/02/14 06:27:42.01,463262.621,5633206.6643,2948036.645,11.0,6.0434,23.2381,8.3799,0.60105,3.69451,3.37044
2024/02/14 06:27:43.01,463277.4474,5633191.3507,2948033.2583,12.0,5.9317,22.5599,8.3588,7.67315,-4.12546,0.66344
2024/02/14 06:27:44.01,463286.8205,5633187.3932,2948034.0353,12.0,5.932,22.5573,8.3585,5.89959,-6.7683,-0.38944
2024/02/14 06:27:45.01,463293.2677,5633185.1318,2948035.8226,12.0,5.9322,22.5548,8.3583,6.82131,0.29912,2.43101
2024/02/14 06:27:46.01,463300.4421,5633183.2693,2948037.4322,12.0,5.9325,22.5522,8.358,6.34693,-0.81768,1.71817
2024/02/14 06:27:47.01,463306.037,5633181.8262,2948038.5387,12.0,5.9327,22.5496,8.3578,5.73246,-0.98575,1.31694
2024/02/14 06:27:48.01,463311.4442,5633180.3088,2948039.471,12.0,5.933,22.5471,8.3575,5.62524,-0.68567,1.42396
2024/02/14 06:27:49.01,463317.0742,5633180.1872,2948041.2663,12.0,5.9332,22.5445,8.3573,5.56047,-0.72921,1.43477
2024/02/14 06:27:50.01,463322.5678,5633179.8726,2948042.7742,12.0,5.9335,22.5419,8.3571,5.1785,-1.04649,1.16951
2024/02/14 06:27:51.01,463327.3166,5633178.7181,2948043.7203,12.0,5.9337,22.5394,8.3568,4.94444,-1.12654,0.85978
2024/02/14 06:27:52.01,463332.2312,5633177.5468,2948044.7273,12.0,5.934,22.5368,8.3566,5.14387,-1.29868,1.15419
2024/02/14 06:27:53.01,463337.365,5633176.6232,2948046.4365,12.0,5.9342,22.5343,8.3563,4.78072,-0.77825,2.5019
2024/02/14 06:27:54.01,463344.3643,5633170.0252,2948047.0966,12.0,5.9345,22.5317,8.3561,11.43175,-18.07862,-3.53414
2024/02/14 06:27:55.01,463351.212,5633164.9755,2948047.9122,12.0,5.9347,22.5291,8.3558,6.00969,-1.91488,1.77331
2024/02/14 06:27:56.01,463356.8244,5633164.4179,2948050.0426,12.0,5.9349,22.5266,8.3556,5.9844,-1.43399,1.48611
2024/02/14 06:27:57.01,463362.9136,5633164.4894,2948051.8039,12.0,5.9352,22.524,8.3554,6.91338,-0.66352,0.95154
2024/02/14 06:27:58.01,463369.6608,5633164.0211,2948052.8037,12.0,5.9354,22.5215,8.3551,7.40178,-1.13574,0.94422
2024/02/14 06:27:59.01,463376.8572,5633163.2151,2948054.0743,12.0,5.9357,22.5189,8.3549,7.28913,-1.32282,1.08045
2024/02/14 06:28:00.01,463383.7421,5633162.871,2948055.6974,12.0,5.9359,22.5163,8.3546,7.19237,-1.39806,1.39686
2024/02/14 06:28:01.00,463390.5534,5633162.2972,2948057.4046,12.0,5.9362,22.5138,8.3544,7.14014,-1.55144,1.67786
2024/02/14 06:28:02.01,463397.6899,5633161.2641,2948059.4688,12.0,5.9364,22.5112,8.3541,7.36671,-1.37191,2.00328
2024/02/14 06:28:03.01,463405.2147,5633159.6751,2948061.2478,12.0,5.9367,22.5087,8.3539,7.74689,-0.90137,1.97482
2024/02/14 06:28:04.01,463413.2637,5633158.2458,2948063.2399,12.0,5.9369,22.5061,8.3536,8.35502,-1.53084,1.92915
2024/02/14 06:28:05.01,463421.7293,5633157.1635,2948065.5026,12.0,5.9372,22.5035,8.3534,8.8045,-1.75682,2.27279
2024/02/14 06:28:06.01,463430.5644,5633154.9988,2948067.7047,12.0,5.9374,22.501,8.3532,9.11365,-2.08172,2.10053
2024/02/14 06:28:07.01,463439.562,5633153.3855,2948069.9477,12.0,5.9377,22.4984,8.3529,9.20432,-2.10643,2.10955
2024/02/14 06:28:08.01,463448.6198,5633151.9251,2948072.3287,12.0,5.9379,22.4959,8.3527,8.91686,-1.59072,2.36932
2024/02/14 06:28:09.01,463457.3702,5633150.4057,2948074.7106,12.0,5.9382,22.4933,8.3524,8.47467,-1.52134,2.40306
2024/02/14 06:28:10.01,463465.7729,5633148.7999,2948077.1004,12.0,5.9384,22.4907,8.3522,8.35227,-1.90146,2.42098
2024/02/14 06:28:11.01,463473.9008,5633147.2114,2948079.684,12.0,5.9387,22.4882,8.3519,8.05588,-1.70389,2.44759
2024/02/14 06:28:12.01,463481.9236,5633145.4993,2948082.2727,12.0,5.9389,22.4856,8.3517,8.14618,-1.94988,2.59138
2024/02/14 06:28:13.01,463490.0254,5633143.9927,2948084.9669,12.0,5.9392,22.4831,8.3514,8.38757,-1.77001,2.5529
2024/02/14 06:28:14.01,463498.5814,5633141.933,2948087.2029,12.0,5.9394,22.4805,8.3512,8.62394,-1.95617,2.31784
2024/02/14 06:28:15.01,463507.1839,5633140.0373,2948089.4362,12.0,5.9397,22.478,8.3509,8.79979,-1.99239,2.19201
2024/02/14 06:28:16.01,463516.1866,5633138.1672,2948091.6266,12.0,5.9399,22.4754,8.3507,9.06627,-1.83793,2.06922
2024/02/14 06:28:17.01,463525.1733,5633136.2658,2948093.8521,12.0,5.9402,22.4729,8.3505,9.07739,-2.02259,2.43009
2024/02/14 06:28:18.01,463534.3895,5633134.4099,2948096.5444,12.0,5.9404,22.4703,8.3502,9.13345,-2.30454,2.64736
2024/02/14 06:28:19.01,463543.5215,5633132.3733,2948099.2852,12.0,5.9407,22.4678,8.35,9.21861,-2.14781,2.72295
2024/02/14 06:28:20.01,463552.5429,5633130.4959,2948102.3204,12.0,5.9409,22.4652,8.3497,8.77289,-2.06607,3.20503
2024/02/14 06:28:21.01,463561.1876,5633128.3158,2948105.2383,12.0,5.9412,22.4626,8.3495,8.76403,-2.48186,2.45596
2024/02/14 06:28:22.01,463569.7041,5633126.4815,2948107.5798,12.0,5.9414,22.4601,8.3492,8.4569,-1.66859,2.16034
2024/02/14 06:28:23.01,463577.7494,5633124.6049,2948109.3863,12.0,5.9417,22.4575,8.349,7.50838,-1.84057,1.41166
2024/02/14 06:28:24.01,463584.494,5633123.7225,2948111.0221,12.0,5.9419,22.455,8.3487,6.74131,-1.36706,1.38953
2024/02/14 06:28:25.01,463591.2674,5633122.4886,2948112.3896,12.0,5.9422,22.4524,8.3485,6.84787,-1.1511,1.41498
2024/02/14 06:28:26.01,463598.2084,5633121.1976,2948113.8513,12.0,5.9424,22.4499,8.3482,6.89434,-1.41527,1.4995
2024/02/14 06:28:27.01,463605.2594,5633119.8008,2948115.2676,12.0,5.9427,22.4473,8.348,6.99988,-1.25856,1.47079
2024/02/14 06:28:28.01,463612.4501,5633119.1593,2948117.002,12.0,5.9429,22.4448,8.3477,7.46786,-1.19496,1.70247
2024/02/14 06:28:29.01,463619.8395,5633117.2479,2948118.5734,12.0,5.9432,22.4422,8.3475,7.6163,-2.51166,1.35119
2024/02/14 06:28:30.01,463627.3427,5633116.4395,2948120.8794,12.0,5.9434,22.4397,8.3472,8.45334,-3.33093,1.48812
2024/02/14 06:28:31.01,463635.4578,5633113.9822,2948122.7173,12.0,5.9437,22.4371,8.347,8.11663,-2.5411,1.93892
2024/02/14 06:28:32.01,463644.1094,5633113.8359,2948126.1614,12.0,5.9439,22.4346,8.3467,8.33913,-2.10923,2.52876
2024/02/14 06:28:33.01,463652.4649,5633111.1005,2948128.4445,12.0,5.9442,22.432,8.3465,8.45363,-2.06594,3.00277
2024/02/14 06:28:34.01,463661.1187,5633108.8161,2948131.4925,12.0,5.9444,22.4295,8.3462,8.56758,-2.24906,3.27796
2024/02/14 06:28:35.01,463669.7141,5633106.0133,2948134.5878,12.0,5.9447,22.4269,8.346,8.69012,-2.61991,3.29905
2024/02/14 06:28:36.01,463678.6297,5633104.3417,2948138.086,12.0,5.9449,22.4244,8.3457,9.08074,-2.03331,2.85636
2024/02/14 06:28:37.01,463687.6802,5633101.3035,2948140.3144,12.0,5.9452,22.4218,8.3455,9.30641,-2.00225,2.73687
2024/02/14 06:28:38.01,463697.0453,5633099.3817,2948143.3101,12.0,5.9454,22.4193,8.3453,9.24016,-2.17211,3.06183
2024/02/14 06:28:39.01,463706.3677,5633097.3538,2948146.3721,12.0,5.9457,22.4168,8.345,9.40288,-1.95492,3.00121
2024/02/14 06:28:40.01,463715.9215,5633094.67,2948149.1695,12.0,5.9459,22.4142,8.3448,9.74752,-2.50031,2.87225
2024/02/14 06:28:41.01,463725.7201,5633092.357,2948152.1607,12.0,5.9462,22.4117,8.3445,9.73534,-2.2606,3.176
2024/02/14 06:28:42.01,463735.5517,5633090.2686,2948155.4639,12.0,5.9464,22.4091,8.3443,9.96685,-2.49734,3.19177
2024/02/14 06:28:43.01,463745.5856,5633087.7557,2948158.4998,12.0,5.9467,22.4066,8.344,10.13168,-2.20593,3.08382
2024/02/14 06:28:44.01,463755.8713,5633084.9379,2948161.553,12.0,5.9469,22.404,8.3438,10.22923,-2.65294,3.07881
2024/02/14 06:28:45.01,463766.1412,5633082.8506,2948164.8914,12.0,5.9472,22.4015,8.3435,10.19332,-2.93151,3.42182
2024/02/14 06:28:46.01,463776.2036,5633080.5795,2948168.4831,12.0,5.9475,22.3989,8.3433,10.2268,-2.60882,3.26859
2024/02/14 06:28:47.01,463786.5995,5633077.5349,2948171.6516,12.0,5.9477,22.3964,8.343,10.32385,-2.38919,3.13944
2024/02/14 06:28:48.01,463797.0112,5633075.1599,2948174.7536,12.0,5.948,22.3938,8.3428,10.49394,-2.66227,2.93495
2024/02/14 06:28:49.01,463807.4077,5633073.0528,2948177.8075,12.0,5.9482,22.3913,8.3425,10.48232,-1.802,3.08802
2024/02/14 06:28:50.01,463817.7716,5633071.5997,2948180.9653,12.0,5.9485,22.3888,8.3423,10.68987,-2.35177,3.10443
2024/02/14 06:28:51.01,463828.1208,5633066.4408,2948183.562,12.0,5.9487,22.3862,8.342,10.31154,-2.56865,3.34101
2024/02/14 06:28:52.01,463838.6579,5633065.0681,2948186.9358,12.0,5.949,22.3837,8.3418,10.55262,-2.61702,3.09051
2024/02/14 06:28:53.01,463849.1992,5633063.4337,2948190.317,12.0,5.9492,22.3811,8.3415,10.23092,-2.87529,3.16319
2024/02/14 06:28:54.01,463858.9784,5633060.0288,2948193.3129,12.0,5.9495,22.3786,8.3413,9.97088,-2.43751,3.19587
2024/02/14 06:28:55.01,463869.1476,5633058.4608,2948196.6189,12.0,5.9497,22.3761,8.341,9.68291,-2.35717,3.01897
2024/02/14 06:28:56.01,463878.6352,5633055.8175,2948199.366,12.0,5.95,22.3735,8.3408,9.62431,-2.36008,2.63657
2024/02/14 06:28:57.01,463888.248,5633054.5184,2948202.1954,12.0,5.9502,22.371,8.3405,9.27963,-1.05725,3.08662
2024/02/14 06:28:58.01,463897.6042,5633053.2729,2948205.246,12.0,5.9505,22.3684,8.3403,9.32172,-3.07201,2.23443
2024/02/14 06:28:59.01,463906.9628,5633050.5491,2948207.9539,12.0,5.9507,22.3659,8.34,9.23762,-2.1952,3.00947
2024/02/14 06:29:00.01,463916.2755,5633048.1488,2948210.8914,12.0,5.951,22.3633,8.3398,9.32573,-2.36775,2.87409
2024/02/14 06:29:01.00,463925.7289,5633045.7754,2948213.6943,12.0,5.9512,22.3608,8.3395,9.42567,-1.91821,2.81066
2024/02/14 06:29:02.01,463935.3337,5633043.6291,2948216.4462,12.0,5.9515,22.3583,8.3392,9.66449,-1.88046,2.62328
2024/02/14 06:29:03.01,463945.0292,5633041.6001,2948219.1438,12.0,5.9517,22.3557,8.339,9.76817,-1.74387,2.82735
2024/02/14 06:29:04.01,463954.8087,5633039.2951,2948221.8483,12.0,5.952,22.3532,8.3387,9.87051,-2.04145,2.61465
2024/02/14 06:29:05.01,463964.6079,5633036.9478,2948224.6117,12.0,5.9523,22.3507,8.3385,9.80194,-2.11558,2.96025
2024/02/14 06:29:06.01,463974.5506,5633034.4659,2948227.5268,12.0,5.9525,22.3481,8.3382,9.87435,-2.32552,3.02945
2024/02/14 06:29:07.01,463984.4458,5633032.4942,2948230.6585,12.0,5.9528,22.3456,8.338,9.91637,-2.1987,2.81227
2024/02/14 06:29:08.01,463994.5276,5633030.1074,2948233.5532,12.0,5.953,22.343,8.3377,10.03816,-2.22707,2.97884
2024/02/14 06:29:09.01,464004.4239,5633028.0542,2948236.5969,12.0,5.9533,22.3405,8.3375,10.07816,-2.12833,3.09961
2024/02/14 06:29:10.01,464014.4451,5633025.8803,2948239.8412,12.0,5.9535,22.338,8.3372,9.90742,-2.2865,3.29592
2024/02/14 06:29:11.01,464024.3968,5633023.7046,2948243.0825,12.0,5.9538,22.3354,8.337,10.01248,-2.20239,3.02256
2024/02/14 06:29:12.01,464034.3889,5633021.1965,2948246.1998,12.0,5.954,22.3329,8.3367,9.98358,-2.45211,3.36431
2024/02/14 06:29:13.01,464044.3414,5633018.8493,2948249.5698,12.0,5.9543,22.3304,8.3365,10.02633,-2.32319,3.18044
2024/02/14 06:29:14.01,464054.4655,5633016.7175,2948252.7655,12.0,5.9545,22.3278,8.3362,10.04536,-2.43702,3.17078
2024/02/14 06:29:15.01,464064.5642,5633014.0132,2948255.6484,12.0,5.9548,22.3253,8.336,10.17343,-2.00928,3.06861
2024/02/14 06:29:16.01,464074.4454,5633012.4153,2948258.8193,12.0,5.955,22.3228,8.3357,9.74226,-1.89696,2.87262
2024/02/14 06:29:17.01,464084.0181,5633010.0012,2948261.8584,12.0,5.9553,22.3202,8.3355,9.18333,-1.99311,3.37415
2024/02/14 06:29:18.01,464093.0599,5633007.6409,2948264.9339,12.0,5.9556,22.3177,8.3352,8.98669,-2.09747,3.24813
2024/02/14 06:29:19.01,464101.9109,5633005.3121,2948268.2972,12.0,5.9558,22.3152,8.335,8.74362,-2.30282,3.33703
2024/02/14 06:29:20.01,464110.6022,5633003.236,2948271.791,12.0,5.9561,22.3126,8.3347,8.57206,-2.29408,3.47962
2024/02/14 06:29:21.01,464119.1634,5633000.9074,2948275.3137,12.0,5.9563,22.3101,8.3344,8.43803,-2.44832,3.59718
2024/02/14 06:29:22.01,464127.4895,5632998.2982,2948278.7857,12.0,5.9566,22.3076,8.3342,8.33528,-2.27199,3.34048
2024/02/14 06:29:23.01,464135.7909,5632995.6671,2948281.9423,12.0,5.9568,22.305,8.3339,8.33764,-2.2464,3.27859
2024/02/14 06:29:24.01,464144.2114,5632993.0897,2948285.0667,12.0,5.9571,22.3025,8.3337,8.35868,-2.25902,2.95793
2024/02/14 06:29:25.01,464152.783,5632991.3006,2948287.9258,12.0,5.9573,22.3,8.3334,8.69756,-2.06585,2.59721
2024/02/14 06:29:26.01,464161.5597,5632989.3431,2948290.382,12.0,5.9576,22.2974,8.3332,8.76312,-1.96632,2.47132
2024/02/14 06:29:27.01,464170.4256,5632987.0511,2948292.7981,12.0,5.9579,22.2949,8.3329,8.73666,-2.48491,2.68174
2024/02/14 06:29:28.01,464178.9353,5632986.5721,2948295.7158,12.0,5.9581,22.2924,8.3327,8.2307,-2.48307,3.27004
2024/02/14 06:29:29.01,464187.0644,5632983.4559,2948299.1408,12.0,5.9584,22.2898,8.3324,7.99032,-2.25109,3.14857
2024/02/14 06:29:30.01,464194.9572,5632981.1728,2948301.9984,12.0,5.9586,22.2873,8.3322,7.87112,-2.10149,2.82735
2024/02/14 06:29:31.01,464202.4895,5632978.8729,2948304.8069,12.0,5.9589,22.2848,8.3319,7.2197,-1.80242,2.56581
2024/02/14 06:29:32.01,464209.491,5632977.7011,2948307.5096,12.0,5.9591,22.2822,8.3317,6.53298,-1.69647,2.78694
2024/02/14 06:29:33.01,464215.8103,5632976.1983,2948310.4285,12.0,5.9594,22.2797,8.3314,6.03439,-2.18349,2.84271
2024/02/14 06:29:34.01,464221.3538,5632973.0866,2948313.4832,12.0,5.9596,22.2772,8.3311,5.51194,-1.73679,3.33354
2024/02/14 06:29:35.01,464226.4916,5632971.8854,2948317.3328,12.0,5.9599,22.2747,8.3309,4.61245,-2.24427,4.19807
2024/02/14 06:29:36.01,464230.7498,5632969.2569,2948321.7894,12.0,5.9601,22.2721,8.3306,3.97301,-2.75173,4.69306
2024/02/14 06:29:37.01,464234.0765,5632966.3552,2948326.9826,12.0,5.9604,22.2696,8.3304,2.8282,-1.14237,5.94748
2024/02/14 06:29:38.01,464236.887,5632963.5556,2948332.5185,12.0,5.9607,22.2671,8.3301,2.13989,-1.41305,5.70204
2024/02/14 06:29:39.01,464238.8152,5632961.3141,2948337.7973,12.0,5.9609,22.2646,8.3299,2.07699,-2.50252,4.75058
2024/02/14 06:29:40.01,464240.3108,5632958.8806,2948342.1701,12.0,5.9612,22.262,8.3296,1.06022,-2.32484,4.05578
2024/02/14 06:29:41.01,464241.0234,5632957.039,2948346.4258,12.0,5.9614,22.2595,8.3293,0.21612,-2.07019,4.03015
2024/02/14 06:29:42.01,464241.0758,5632955.0214,2948350.6684,12.0,5.9617,22.257,8.3291,-0.22889,-2.22896,4.32142
2024/02/14 06:29:43.01,464240.5007,5632952.8491,2948355.2867,12.0,5.9619,22.2544,8.3288,-0.82692,-2.39132,4.73729
2024/02/14 06:29:44.01,464239.3658,5632950.2765,2948360.2795,12.0,5.9622,22.2519,8.3286,-1.47358,-2.64316,5.36638
2024/02/14 06:29:45.01,464237.7682,5632947.2633,2948365.882,12.0,5.9624,22.2494,8.3283,-1.97942,-3.20374,5.81672
2024/02/14 06:29:46.01,464235.7076,5632943.9208,2948372.026,12.0,5.9627,22.2469,8.3281,-2.21492,-3.06961,6.40825
2024/02/14 06:29:47.01,464233.3794,5632940.6153,2948378.1888,12.0,5.963,22.2444,8.3278,-2.43763,-2.98639,6.15972
2024/02/14 06:29:48.01,464230.9755,5632937.3624,2948384.3316,12.0,5.9632,22.2418,8.3275,-2.4534,-3.14094,6.22959
2024/02/14 06:29:49.01,464228.5235,5632934.1614,2948390.6199,12.0,5.9635,22.2393,8.3273,-2.39548,-3.42628,6.43772
2024/02/14 06:29:50.01,464226.1526,5632930.927,2948397.3485,12.0,5.9637,22.2368,8.327,-2.45922,-3.27513,6.87529
2024/02/14 06:29:51.01,464223.7191,5632927.687,2948404.4545,12.0,5.964,22.2343,8.3268,-2.37186,-3.35632,7.42094
2024/02/14 06:29:52.01,464221.0928,5632924.3334,2948411.916,12.0,5.9642,22.2318,8.3265,-2.83684,-3.65154,7.49636
2024/02/14 06:29:53.01,464218.1303,5632920.206,2948419.4997,12.0,5.9645,22.2292,8.3263,-2.97718,-3.62238,7.92524
2024/02/14 06:29:54.01,464215.1575,5632916.1134,2948427.4441,12.0,5.9647,22.2267,8.326,-3.14614,-4.15083,8.05147
2024/02/14 06:29:55.01,464211.9074,5632912.1768,2948435.7045,12.0,5.965,22.2242,8.3257,-3.14719,-4.24444,8.32839
2024/02/14 06:29:56.01,464208.7403,5632908.1286,2948444.2818,12.0,5.9653,22.2217,8.3255,-3.31512,-4.48363,8.46034
2024/02/14 06:29:57.01,464205.5496,5632903.8419,2948452.806,12.0,5.9655,22.2192,8.3252,-3.44351,-4.16789,8.32146
2024/02/14 06:29:58.01,464202.1875,5632899.5771,2948460.8182,12.0,5.9658,22.2166,8.325,-3.11097,-3.98827,7.93032
2024/02/14 06:29:59.01,464198.9366,5632895.8999,2948468.7782,12.0,5.966,22.2141,8.3247,-3.23632,-3.74418,7.85738
2024/02/14 06:30:00.01,464195.448,5632891.8702,2948476.5448,12.0,5.9663,22.2116,8.3244,-3.60949,-3.69382,8.1142
2024/02/14 06:30:01.00,464191.9391,5632887.6516,2948484.6339,12.0,5.9665,22.2091,8.3242,-3.35556,-3.84991,8.37147
2024/02/14 06:30:02.01,464188.5148,5632883.2554,2948492.9523,12.0,5.9668,22.2066,8.3239,-3.38259,-4.31663,8.57645
2024/02/14 06:30:03.01,464185.025,5632878.9362,2948501.6601,12.0,5.9671,22.2041,8.3237,-3.61391,-4.5331,8.74
2024/02/14 06:30:04.01,464181.5777,5632874.8366,2948510.6574,12.0,5.9673,22.2015,8.3234,-3.31243,-4.48616,9.01443
2024/02/14 06:30:05.01,464178.0852,5632870.8098,2948519.8879,12.0,5.9676,22.199,8.3231,-3.63962,-4.91239,8.99936
2024/02/14 06:30:06.01,464174.4203,5632866.0799,2948529.0453,12.0,5.9678,22.1965,8.3229,-3.88776,-4.31154,9.35859
2024/02/14 06:30:07.01,464170.5617,5632860.9737,2948538.0579,12.0,5.9681,22.194,8.3226,-3.83502,-4.87545,9.10776
2024/02/14 06:30:08.01,464166.6073,5632856.8399,2948547.5169,12.0,5.9683,22.1915,8.3224,-4.10652,-4.52223,9.34323
2024/02/14 06:30:09.01,464162.7033,5632852.0279,2948556.8557,12.0,5.9686,22.189,8.3221,-3.96779,-4.74638,9.50159
2024/02/14 06:30:10.01,464158.8007,5632846.6298,2948566.0745,12.0,5.9689,22.1865,8.3218,-4.08748,-4.53025,9.52855
2024/02/14 06:30:11.01,464154.9814,5632842.113,2948575.4448,12.0,5.9691,22.1839,8.3216,-3.51376,-4.97766,9.09947
2024/02/14 06:30:12.01,464151.4257,5632837.5662,2948584.5447,12.0,5.9694,22.1814,8.3213,-3.48233,-4.41462,9.19627
2024/02/14 06:30:13.01,464147.9566,5632833.3716,2948593.6002,12.0,5.9696,22.1789,8.3211,-3.2683,-4.06749,8.97641
2024/02/14 06:30:14.01,464144.865,5632828.9342,2948602.4344,12.0,5.9699,22.1764,8.3208,-2.97783,-5.09981,8.6072
2024/02/14 06:30:15.01,464141.915,5632824.1681,2948610.983,12.0,5.9701,22.1739,8.3205,-2.77048,-3.98482,8.8407
2024/02/14 06:30:16.01,464139.3906,5632821.5708,2948620.5216,12.0,5.9704,22.1714,8.3203,-2.82206,-3.68733,8.65784
2024/02/14 06:30:17.01,464136.1582,5632815.0286,2948627.6491,12.0,5.9707,22.1689,8.32,-2.94293,-3.92628,8.32749
2024/02/14 06:30:18.01,464133.6425,5632813.0946,2948637.0485,12.0,5.9709,22.1664,8.3197,-2.94911,-4.26894,8.27311
2024/02/14 06:30:19.01,464129.9607,5632806.8041,2948644.362,12.0,5.9712,22.1639,8.3195,-3.57774,-3.93064,8.38689
2024/02/14 06:30:20.01,464126.2465,5632804.5105,2948653.4916,12.0,5.9714,22.1613,8.3192,-4.1086,-3.75127,8.25327
2024/02/14 06:30:21.01,464122.2015,5632801.3098,2948661.6971,12.0,5.9717,22.1588,8.319,-3.71701,-3.82607,7.57596
2024/02/14 06:30:22.01,464118.6372,5632797.8419,2948668.7973,12.0,5.972,22.1563,8.3187,-3.27343,-3.04515,6.93939
2024/02/14 06:30:23.01,464115.5646,5632793.9781,2948675.3173,12.0,5.9722,22.1538,8.3184,-2.77916,-3.04295,6.47897
2024/02/14 06:30:24.01,464112.9337,5632790.5498,2948681.3067,12.0,5.9725,22.1513,8.3182,-2.33315,-3.01599,6.04947
2024/02/14 06:30:25.01,464110.6468,5632787.0943,2948687.2601,12.0,5.9727,22.1488,8.3179,-2.26999,-3.18263,6.23387
2024/02/14 06:30:26.01,464108.2841,5632783.7608,2948693.4687,12.0,5.973,22.1463,8.3176,-2.32638,-3.26929,6.15387
2024/02/14 06:30:27.01,464106.2294,5632781.2093,2948699.4963,12.0,5.9732,22.1438,8.3174,-1.92328,-2.70608,5.76721
2024/02/14 06:30:28.01,464104.7014,5632777.9904,2948705.0124,12.0,5.9735,22.1413,8.3171,-1.50675,-2.41016,5.74177
2024/02/14 06:30:29.01,464103.4878,5632775.6913,2948710.4461,12.0,5.9738,22.1388,8.3169,-1.04604,-2.07078,5.12562
2024/02/14 06:30:30.01,464102.9463,5632773.6373,2948714.9787,12.0,5.974,22.1362,8.3166,0.00565,-2.2481,3.89392
2024/02/14 06:30:31.01,464103.3254,5632771.9176,2948718.2259,12.0,5.9743,22.1337,8.3163,0.80403,-1.33256,2.82492
2024/02/14 06:30:32.01,464104.0666,5632770.9297,2948721.0426,12.0,5.9745,22.1312,8.3161,1.18596,-3.15539,1.99556
2024/02/14 06:30:33.01,464105.2138,5632768.7778,2948723.5823,12.0,5.9748,22.1287,8.3158,1.60412,-1.76067,2.53394
2024/02/14 06:30:34.01,464106.6775,5632767.5232,2948726.1881,12.0,5.9751,22.1262,8.3156,0.88341,1.7621,3.24127
2024/02/14 06:30:35.01,464108.2698,5632766.4432,2948728.445,12.0,5.9753,22.1237,8.3153,0.96541,-2.89102,1.66116
2024/02/14 06:30:36.01,464110.0273,5632764.5211,2948729.7485,12.0,5.9756,22.1212,8.315,2.28529,0.01569,1.9324
2024/02/14 06:30:37.01,464111.5909,5632763.1899,2948730.7679,12.0,5.9758,22.1187,8.3148,1.05,-4.7372,-1.30633
2024/02/14 06:30:38.01,464113.7693,5632767.4792,2948734.1369,12.0,5.9761,22.1162,8.3145,1.12481,-3.15473,-0.78809
2024/02/14 06:30:39.01,464113.0824,5632771.576,2948736.4892,11.0,6.2259,22.1374,8.361,-0.27904,0.9327,0.73045
2024/02/14 06:30:40.01,464109.7265,5632776.6092,2948738.3835,12.0,5.9766,22.1111,8.314,-9.041,23.94501,10.12092
2024/02/14 06:30:41.01,464115.0962,5632768.1433,2948736.1816,11.0,10.7036,30.731,11.6345,1.43629,-1.27853,0.86641
2024/02/14 06:30:42.01,464110.0137,5632785.3787,2948744.6756,12.0,5.9771,22.1061,8.3135,3.22734,-3.63012,0.08956
2024/02/14 06:30:43.01,464114.6983,5632776.1955,2948742.1276,12.0,5.9774,22.1036,8.3132,1.91082,-1.2218,0.64943
2024/02/14 06:30:44.01,464120.1306,5632763.2456,2948737.9011,12.0,5.9777,22.1011,8.3129,1.98132,-1.12943,0.86023
2024/02/14 06:30:45.01,464123.0152,5632761.7173,2948738.9468,12.0,5.9779,22.0986,8.3127,2.08132,-0.90229,1.01836
2024/02/14 06:30:46.01,464125.4616,5632760.5302,2948740.3943,12.0,5.9782,22.0961,8.3124,2.26599,-0.89844,1.41833
2024/02/14 06:30:47.01,464127.9559,5632759.7162,2948742.1921,12.0,5.9784,22.0936,8.3121,2.60027,-0.80743,1.97274
2024/02/14 06:30:48.01,464130.5138,5632758.4219,2948744.0452,12.0,5.9787,22.0911,8.3119,2.61911,-0.771,2.03332
2024/02/14 06:30:49.01,464133.2083,5632756.8383,2948745.9035,12.0,5.979,22.0886,8.3116,2.72297,-0.86736,2.08025
2024/02/14 06:30:50.01,464135.7904,5632755.6714,2948747.946,12.0,5.9792,22.0861,8.3114,2.52715,-1.24815,2.01644
2024/02/14 06:30:51.01,464137.9576,5632755.1052,2948750.5102,12.0,5.9795,22.0836,8.3111,2.38754,-2.07072,2.257
2024/02/14 06:30:52.01,464139.8279,5632754.0759,2948753.2993,12.0,5.9797,22.0811,8.3108,1.71262,-1.46096,2.74653
2024/02/14 06:30:53.01,464141.0948,5632752.9979,2948756.3473,12.0,5.98,22.0786,8.3106,0.79459,-1.17345,3.12633
2024/02/14 06:30:54.01,464141.8011,5632751.8902,2948759.659,12.0,5.9803,22.076,8.3103,0.25215,-2.19402,3.05241
2024/02/14 06:30:55.01,464142.0219,5632750.4923,2948762.9492,12.0,5.9805,22.0735,8.31,-0.19417,-0.28757,3.71085
2024/02/14 06:30:56.01,464141.5142,5632749.4799,2948766.3774,11.0,10.7172,30.6812,11.6279,-0.50372,-1.86467,3.16224
2024/02/14 06:30:57.01,464141.0698,5632747.7132,2948769.623,11.0,10.7181,30.6779,11.6275,-0.76607,-1.03557,3.44406
2024/02/14 06:30:58.01,464143.8454,5632737.0857,2948769.4592,12.0,5.9813,22.066,8.3093,-0.27803,-2.13227,3.29618
2024/02/14 06:30:59.01,464139.0056,5632744.5472,2948776.6336,12.0,5.9816,22.0635,8.309,-0.90474,-1.91911,3.72369
2024/02/14 06:31:00.01,464138.2587,5632741.5183,2948780.0286,12.0,5.9818,22.061,8.3087,-1.31669,-2.10846,3.56108
2024/02/14 06:31:01.00,464137.2567,5632739.3124,2948783.8196,12.0,5.9821,22.0585,8.3085,-1.64713,-1.95308,3.74323
2024/02/14 06:31:02.01,464135.9652,5632737.8524,2948787.8741,12.0,5.9823,22.056,8.3082,-1.62131,-1.48505,3.98348
2024/02/14 06:31:03.01,464134.3824,5632736.8312,2948792.0294,12.0,5.9826,22.0535,8.3079,-1.53102,-1.62774,3.94694
2024/02/14 06:31:04.01,464132.8502,5632735.4979,2948796.0923,12.0,5.9829,22.051,8.3077,-1.49974,-1.5819,3.911
2024/02/14 06:31:05.01,464131.3879,5632733.4861,2948800.0008,12.0,5.9831,22.0485,8.3074,-1.30959,-1.81546,3.95379
2024/02/14 06:31:06.01,464129.9373,5632731.7736,2948803.9939,12.0,5.9834,22.046,8.3071,-1.52196,-2.40552,3.80907
2024/02/14 06:31:07.01,464128.3992,5632729.9903,2948807.9524,12.0,5.9837,22.0435,8.3069,-1.36041,-1.92398,3.73502
2024/02/14 06:31:08.01,464126.8898,5632728.4552,2948811.6734,12.0,5.9839,22.041,8.3066,-1.21267,-2.16643,3.53903
2024/02/14 06:31:09.01,464125.5243,5632726.1295,2948815.2348,12.0,5.9842,22.0385,8.3063,-1.17576,-1.65195,3.999
2024/02/14 06:31:10.01,464124.3376,5632723.9463,2948819.3971,12.0,5.9844,22.036,8.3061,-1.15303,-2.00153,4.51752
2024/02/14 06:31:11.01,464123.5037,5632721.6644,2948824.2545,12.0,5.9847,22.0335,8.3058,-0.71321,-2.41336,5.17298
2024/02/14 06:31:12.01,464123.0155,5632718.8648,2948829.4179,12.0,5.985,22.031,8.3055,-0.251,-3.24258,5.34435
2024/02/14 06:31:13.01,464122.7965,5632715.6296,2948834.8431,12.0,5.9852,22.0286,8.3053,-0.47541,-2.7545,5.67287
2024/02/14 06:31:14.01,464121.814,5632714.2621,2948841.1484,12.0,5.9855,22.0261,8.305,0.60455,-6.07705,4.69479
2024/02/14 06:31:15.01,464121.4655,5632711.1454,2948846.9004,12.0,5.9858,22.0236,8.3047,-0.70751,-2.01248,5.85857
2024/02/14 06:31:16.01,464121.0056,5632708.0657,2948852.5143,12.0,5.986,22.0211,8.3045,-0.51921,-2.65256,5.48474
2024/02/14 06:31:17.01,464120.6177,5632705.4048,2948857.5405,12.0,5.9863,22.0186,8.3042,-0.50491,-2.48733,4.76439
2024/02/14 06:31:18.01,464120.0362,5632702.7476,2948862.0855,12.0,5.9865,22.0161,8.3039,-0.47611,-2.21359,4.66749
2024/02/14 06:31:19.01,464119.3837,5632700.1405,2948866.3389,12.0,5.9868,22.0136,8.3037,-0.79379,-2.41541,4.25599
2024/02/14 06:31:20.01,464118.6629,5632698.2501,2948870.7713,12.0,5.9871,22.0111,8.3034,-0.77011,-1.96962,4.09435
2024/02/14 06:31:21.01,464117.8696,5632696.13,2948874.9072,12.0,5.9873,22.0086,8.3031,-1.00813,-2.16135,4.21894
2024/02/14 06:31:22.01,464116.9294,5632693.746,2948878.9622,12.0,5.9876,22.0061,8.3029,-0.85702,-1.92517,4.24287
2024/02/14 06:31:23.01,464116.0012,5632691.819,2948882.7754,12.0,5.9879,22.0036,8.3026,-0.78031,-2.19238,3.51126
2024/02/14 06:31:24.01,464115.0237,5632690.246,2948886.3059,12.0,5.9881,22.0011,8.3023,-0.82835,-1.91812,3.37177
2024/02/14 06:31:25.01,464114.3392,5632688.7654,2948889.7967,12.0,5.9884,21.9986,8.3021,-0.81755,-1.79992,3.45592
2024/02/14 06:31:26.01,464113.6307,5632686.9281,2948893.1132,12.0,5.9886,21.9961,8.3018,-0.75882,-1.19466,3.02164
2024/02/14 06:31:27.01,464113.0535,5632685.9788,2948895.7377,12.0,5.9889,21.9936,8.3015,-0.80077,-1.31717,2.42129
2024/02/14 06:31:28.01,464112.0942,5632685.187,2948898.5135,12.0,5.9892,21.9911,8.3013,-0.94399,-0.95697,2.85337
2024/02/14 06:31:29.01,464111.033,5632683.9835,2948901.4588,12.0,5.9894,21.9886,8.301,-1.66465,-5.44855,1.13676
2024/02/14 06:31:30.01,464109.8683,5632681.9265,2948904.5669,12.0,5.9897,21.9862,8.3007,-1.19176,-1.99027,3.32315
2024/02/14 06:31:31.01,464108.593,5632679.725,2948908.1957,12.0,5.99,21.9837,8.3004,-1.39385,-2.04517,3.76248
2024/02/14 06:31:32.01,464107.0561,5632677.4654,2948912.4271,12.0,5.9902,21.9812,8.3002,-1.52363,-2.48075,4.3263
2024/02/14 06:31:33.01,464105.4688,5632674.8036,2948916.7616,12.0,5.9905,21.9787,8.2999,-1.66173,-2.13649,4.54299
2024/02/14 06:31:34.01,464103.8041,5632672.049,2948921.1096,12.0,5.9907,21.9762,8.2996,-1.43053,-3.68238,4.17003
2024/02/14 06:31:35.01,464102.5429,5632669.9228,2948925.6096,12.0,5.991,21.9737,8.2994,-1.06571,-2.23778,4.41979
2024/02/14 06:31:36.01,464101.2973,5632668.1104,2948929.8276,12.0,5.9913,21.9712,8.2991,-1.26405,-2.1927,3.98407
2024/02/14 06:31:37.01,464099.9655,5632666.2277,2948933.5819,12.0,5.9915,21.9687,8.2988,-1.40025,-1.77152,3.65261
2024/02/14 06:31:38.01,464099.3799,5632670.1114,2948939.9086,12.0,5.9918,21.9662,8.2986,-1.49975,-3.55476,2.25712
2024/02/14 06:31:39.01,464097.7743,5632666.2675,2948941.0832,12.0,5.9921,21.9637,8.2983,-0.8842,0.09996,2.21263
2024/02/14 06:31:40.01,464096.9819,5632666.1022,2948943.0511,12.0,5.9923,21.9613,8.298,-0.6871,-0.6564,1.63642
2024/02/14 06:31:41.01,464095.8793,5632662.6141,2948943.2914,12.0,5.9926,21.9588,8.2978,-1.0303,-0.34448,1.83302
2024/02/14 06:31:42.01,464095.2794,5632663.8633,2948946.4279,12.0,5.9929,21.9563,8.2975,-1.13676,-0.56864,2.41672
2024/02/14 06:31:43.01,464093.514,5632660.4014,2948947.5198,12.0,5.9931,21.9538,8.2972,-1.57232,-0.9907,2.33899
2024/02/14 06:31:44.01,464092.2696,5632659.975,2948950.3175,12.0,5.9934,21.9513,8.297,-1.27922,-1.43484,2.37529
2024/02/14 06:31:45.01,464090.8695,5632657.5897,2948952.161,11.0,10.7622,30.5199,11.6062,-1.66537,-1.18281,2.5695
2024/02/14 06:31:46.01,464091.0815,5632651.3618,2948953.0709,12.0,5.9939,21.9463,8.2964,0.50041,-6.53321,0.95434
2024/02/14 06:31:47.01,464087.8179,5632655.6882,2948958.484,12.0,5.9942,21.9438,8.2961,-1.02619,-2.13411,2.84934
2024/02/14 06:31:48.01,464087.1831,5632653.1424,2948961.2414,12.0,5.9944,21.9414,8.2959,-0.98755,-1.23915,3.11733
2024/02/14 06:31:49.01,464086.352,5632652.424,2948964.1526,12.0,5.9947,21.9389,8.2956,-0.4075,-1.09167,2.29664
2024/02/14 06:31:50.01,464086.0792,5632651.3615,2948966.0384,12.0,5.995,21.9364,8.2953,-0.16969,-0.36039,1.79301
2024/02/14 06:31:51.01,464085.8901,5632650.8959,2948967.3995,12.0,5.9952,21.9339,8.2951,-0.30782,-0.63816,1.38275
2024/02/14 06:31:52.01,464085.9908,5632650.1039,2948968.9843,12.0,5.9955,21.9314,8.2948,0.08715,-0.74308,1.81396
2024/02/14 06:31:53.01,464086.3687,5632649.6685,2948970.7907,12.0,5.9958,21.9289,8.2945,0.7149,-0.47947,1.81043
2024/02/14 06:31:54.01,464087.147,5632649.3586,2948972.6054,12.0,5.996,21.9264,8.2943,1.05141,-0.83233,1.73449
2024/02/14 06:31:55.01,464088.207,5632648.7619,2948974.5169,12.0,5.9963,21.9239,8.294,1.53094,-0.4955,1.82796
2024/02/14 06:31:56.01,464089.8767,5632648.0116,2948976.156,12.0,5.9966,21.9215,8.2937,1.96103,-0.09806,1.65848
2024/02/14 06:31:57.01,464091.7318,5632647.6507,2948977.6376,12.0,5.9968,21.919,8.2934,2.0852,-0.48394,1.26362
2024/02/14 06:31:58.01,464093.6319,5632647.4731,2948978.9572,12.0,5.9971,21.9165,8.2932,1.98224,-0.3015,1.36009
2024/02/14 06:31:59.01,464095.6633,5632647.3226,2948980.245,12.0,5.9974,21.914,8.2929,2.16203,-0.52291,1.11636
2024/02/14 06:32:00.01,464097.8308,5632647.0915,2948981.3341,12.0,5.9976,21.9115,8.2926,2.15642,-0.63102,0.94291
2024/02/14 06:32:01.00,464099.8877,5632646.9926,2948982.4619,12.0,5.9979,21.909,8.2924,2.19201,-0.50877,0.98219
2024/02/14 06:32:02.01,464102.0267,5632646.8188,2948983.4498,12.0,5.9982,21.9065,8.2921,2.17795,-0.30468,1.04207
2024/02/14 06:32:03.01,464104.1928,5632646.0559,2948984.5853,12.0,5.9984,21.9041,8.2918,2.16215,-1.05163,1.1112
2024/02/14 06:32:04.01,464106.3822,5632645.3684,2948985.7192,12.0,5.9987,21.9016,8.2915,2.12989,-0.34356,1.55934
2024/02/14 06:32:05.01,464108.4551,5632644.909,2948987.0783,12.0,5.999,21.8991,8.2913,1.84997,0.09153,1.72869
2024/02/14 06:32:06.01,464110.2531,5632644.519,2948988.6611,12.0,5.9992,21.8966,8.291,1.87111,-0.42267,1.7637
2024/02/14 06:32:07.01,464112.1998,5632643.5704,2948990.2605,11.0,10.7826,30.4481,11.5964,1.80188,-0.94152,1.50999
2024/02/14 06:32:08.01,464113.442,5632643.2567,2948992.1917,11.0,10.7835,30.4448,11.5959,1.17145,-0.58817,1.77762
2024/02/14 06:32:09.01,464114.8895,5632641.8175,2948993.6077,11.0,10.7845,30.4416,11.5955,1.09343,-0.74596,1.82216
2024/02/14 06:32:10.01,464116.3862,5632639.3801,2948994.7695,12.0,6.0003,21.8867,8.2899,1.10383,-1.15961,1.81365
2024/02/14 06:32:11.01,464115.8318,5632641.0317,2948997.7902,12.0,6.0006,21.8842,8.2896,0.55004,-0.82244,2.16191
2024/02/14 06:32:12.01,464117.4331,5632637.9576,2948998.963,12.0,6.0008,21.8817,8.2894,0.30472,-0.87618,2.00296
2024/02/14 06:32:13.01,464117.3563,5632637.797,2949001.3144,12.0,6.0011,21.8793,8.2891,0.58594,-0.40842,2.06458
2024/02/14 06:32:14.01,464117.3688,5632637.6733,2949003.586,12.0,6.0014,21.8768,8.2888,0.2878,-0.89479,2.01416
2024/02/14 06:32:15.01,464117.6411,5632637.5434,2949005.7829,12.0,6.0016,21.8743,8.2886,0.54006,-0.71549,1.88724
2024/02/14 06:32:16.01,464118.3633,5632636.5048,2949007.5871,12.0,6.0019,21.8718,8.2883,0.70386,-1.01379,1.7305
2024/02/14 06:32:17.01,464119.3652,5632635.9349,2949009.3664,11.0,10.7919,30.4155,11.5919,1.3365,-1.13444,1.68668
2024/02/14 06:32:18.01,464120.3386,5632635.2076,2949011.1053,11.0,10.7929,30.4123,11.5914,1.08636,0.16246,1.98146
2024/02/14 06:32:19.01,464122.0149,5632634.2958,2949012.6638,11.0,10.7938,30.4091,11.591,1.99354,-1.73132,1.09637
2024/02/14 06:32:20.01,464124.0612,5632631.9059,2949013.6174,12.0,6.003,21.8619,8.2872,0.79296,0.5669,2.15654
2024/02/14 06:32:21.01,464124.1856,5632633.3853,2949015.7864,12.0,6.0032,21.8594,8.2869,3.28282,-8.59516,-1.76617
2024/02/14 06:32:22.01,464124.721,5632634.7517,2949017.573,11.0,10.7966,30.3993,11.5897,2.94558,-15.23735,1.14352
2024/02/14 06:32:23.01,464132.2236,5632629.5838,2949020.5933,11.0,10.7976,30.3961,11.5892,5.24622,-6.33252,1.38166
2024/02/14 06:32:24.01,464116.7796,5632643.6905,2949025.0465,7.0,19.6735,34.7704,15.2285,-2.25139,0.97259,0.03694
