GPST,x_y,y_y,z_y
2024/02/14 04:19:28.00,461329.7966,5634437.027,2945930.291
2024/02/14 04:19:29.00,461329.7978,5634437.0321,2945930.2945
2024/02/14 04:19:30.00,461329.797,5634437.0308,2945930.2965
2024/02/14 04:19:31.00,461329.7973,5634437.0319,2945930.2956
2024/02/14 04:19:32.00,461329.7976,5634437.0228,2945930.2871
2024/02/14 04:19:33.00,461329.7977,5634437.0255,2945930.2896
2024/02/14 04:19:34.00,461329.797,5634437.0274,2945930.29
2024/02/14 04:19:35.00,461329.7962,5634437.0262,2945930.2906
2024/02/14 04:19:36.00,461329.797,5634437.02,2945930.2858
2024/02/14 04:19:37.00,461329.7973,5634437.0268,2945930.289
2024/02/14 04:19:38.00,461329.7977,5634437.0203,2945930.2843
2024/02/14 04:19:39.00,461329.7982,5634437.0221,2945930.2852
2024/02/14 04:19:40.00,461329.7983,5634437.0226,2945930.2883
2024/02/14 04:19:41.00,461329.7968,5634437.0222,2945930.2896
2024/02/14 04:19:42.00,461329.7968,5634437.0223,2945930.2893
2024/02/14 04:19:43.00,461329.7982,5634437.0226,2945930.2869
2024/02/14 04:19:44.00,461329.7982,5634437.0229,2945930.2894
2024/02/14 04:19:45.00,461329.7991,5634437.0168,2945930.2837
2024/02/14 04:19:46.00,461329.797,5634437.0382,2945930.2986
2024/02/14 04:19:47.00,461329.7983,5634437.0185,2945930.2838
2024/02/14 04:19:48.00,461329.7984,5634437.0202,2945930.2857
2024/02/14 04:19:49.00,461329.7981,5634437.0236,2945930.2881
2024/02/14 04:19:50.00,461329.7973,5634437.0337,2945930.2969
2024/02/14 04:19:51.00,461329.7976,5634437.0236,2945930.2883
2024/02/14 04:19:52.00,461329.7962,5634437.0237,2945930.2895
2024/02/14 04:19:53.00,461329.7988,5634437.0227,2945930.2888
2024/02/14 04:19:54.00,461329.7978,5634437.026,2945930.29
2024/02/14 04:19:55.00,461329.7983,5634437.022,2945930.2912
2024/02/14 04:19:56.00,461329.7983,5634437.0259,2945930.29
2024/02/14 04:19:57.00,461329.7974,5634437.0241,2945930.2882
2024/02/14 04:19:58.00,461329.7979,5634437.0292,2945930.2939
2024/02/14 04:19:59.00,461329.7985,5634437.0231,2945930.2888
2024/02/14 04:20:00.00,461329.7994,5634437.0289,2945930.2951
2024/02/14 04:20:01.00,461329.7993,5634437.0311,2945930.2967
2024/02/14 04:20:02.00,461329.799,5634437.0365,2945930.3007
2024/02/14 04:20:03.00,461329.7988,5634437.0291,2945930.2948
2024/02/14 04:20:04.00,461329.7992,5634437.0301,2945930.2969
2024/02/14 04:20:05.00,461331.4283,5634442.661,2945934.5837
2024/02/14 04:20:06.00,461329.7984,5634437.0271,2945930.2903
2024/02/14 04:20:07.00,461329.8007,5634437.0295,2945930.2938
2024/02/14 04:20:08.00,461329.6245,5634447.2143,2945938.2397
2024/02/14 04:20:09.00,461329.6227,5634447.22,2945938.246
2024/02/14 04:20:10.00,461329.7981,5634437.0279,2945930.2951
2024/02/14 04:20:11.00,461329.7993,5634437.028,2945930.295
2024/02/14 04:20:12.00,461329.8001,5634437.0194,2945930.2859
2024/02/14 04:20:13.00,461329.7983,5634437.0225,2945930.29
2024/02/14 04:20:14.00,461329.7983,5634437.0241,2945930.294
2024/02/14 04:20:15.00,461329.7978,5634437.0183,2945930.2905
2024/02/14 04:20:16.00,461329.799,5634437.018,2945930.2879
2024/02/14 04:20:17.00,461329.7987,5634437.0158,2945930.2886
2024/02/14 04:20:18.00,461329.7977,5634437.0229,2945930.294
2024/02/14 04:20:19.00,461329.7973,5634437.0213,2945930.2927
2024/02/14 04:20:20.00,461329.7985,5634437.0171,2945930.2883
2024/02/14 04:20:21.00,461329.797,5634437.0192,2945930.2908
2024/02/14 04:20:22.00,461329.7978,5634437.0163,2945930.2897
2024/02/14 04:20:23.00,461329.7979,5634437.0201,2945930.2928
2024/02/14 04:20:24.00,461329.7963,5634437.0224,2945930.2947
2024/02/14 04:20:25.00,461329.8,5634437.0207,2945930.2917
2024/02/14 04:20:26.00,461329.7983,5634437.0156,2945930.2872
2024/02/14 04:20:27.00,461329.7972,5634437.0219,2945930.2929
2024/02/14 04:20:28.00,461329.7945,5634437.0172,2945930.2912
2024/02/14 04:20:29.00,461329.7968,5634437.018,2945930.2917
2024/02/14 04:20:30.00,461329.7961,5634437.0146,2945930.2869
2024/02/14 04:20:31.00,461329.797,5634437.0232,2945930.2937
2024/02/14 04:20:32.00,461329.7967,5634437.0205,2945930.2929
2024/02/14 04:20:33.00,461329.7974,5634437.0239,2945930.2956
2024/02/14 04:20:34.00,461329.7967,5634437.0256,2945930.2949
2024/02/14 04:20:35.00,461329.7966,5634437.0279,2945930.2963
2024/02/14 04:20:36.00,461329.7957,5634437.0315,2945930.3031
2024/02/14 04:20:37.00,461329.7966,5634437.0227,2945930.2923
2024/02/14 04:20:38.00,461329.7957,5634437.0247,2945930.2959
2024/02/14 04:20:39.00,461329.7966,5634437.0297,2945930.2985
2024/02/14 04:20:40.00,461329.7961,5634437.0268,2945930.2981
2024/02/14 04:20:41.00,461329.7959,5634437.0306,2945930.2988
2024/02/14 04:20:42.00,461329.7955,5634437.0318,2945930.3002
2024/02/14 04:20:43.00,461329.7957,5634437.0344,2945930.3034
2024/02/14 04:20:44.00,461328.0939,5634438.1978,2945934.0615
2024/02/14 04:20:45.00,461329.9696,5634446.0377,2945939.076
2024/02/14 04:20:46.00,461329.9694,5634446.0418,2945939.0781
2024/02/14 04:20:47.00,461329.971,5634446.0395,2945939.0739
2024/02/14 04:20:48.00,461329.9709,5634446.0394,2945939.0708
2024/02/14 04:20:49.00,461329.9701,5634446.0402,2945939.0715
2024/02/14 04:20:50.00,461329.9695,5634446.0389,2945939.0696
2024/02/14 04:20:51.00,461329.796,5634437.0322,2945930.3002
2024/02/14 04:20:52.00,461329.7959,5634437.034,2945930.3015
2024/02/14 04:20:53.00,461329.3127,5634445.2868,2945937.9382
2024/02/14 04:20:54.00,461329.311,5634445.29,2945937.938
2024/02/14 04:20:55.00,461329.3142,5634445.2884,2945937.9357
2024/02/14 04:20:56.00,461329.3131,5634445.2849,2945937.93
2024/02/14 04:20:57.00,461329.3108,5634445.2892,2945937.9355
2024/02/14 04:20:58.00,461329.3117,5634445.2905,2945937.9354
2024/02/14 04:20:59.00,461329.3112,5634445.2847,2945937.9315
2024/02/14 04:21:00.00,461328.4691,5634444.3495,2945936.4941
2024/02/14 04:21:01.00,461331.4925,5634435.8693,2945926.55
2024/02/14 04:21:02.00,461331.4923,5634435.8696,2945926.5517
2024/02/14 04:21:03.00,461331.4918,5634435.87,2945926.5514
2024/02/14 04:21:04.00,461331.4921,5634435.8669,2945926.5498
2024/02/14 04:21:05.00,461329.7939,5634437.0356,2945930.3049
2024/02/14 04:21:06.00,461329.7944,5634437.0365,2945930.3058
2024/02/14 04:21:07.00,461329.7952,5634437.0314,2945930.2997
2024/02/14 04:21:08.00,461329.794,5634437.0327,2945930.3025
2024/02/14 04:21:09.00,461329.7971,5634437.0307,2945930.2991
2024/02/14 04:21:10.00,461329.7935,5634437.0359,2945930.3043
2024/02/14 04:21:11.00,461329.7947,5634437.0325,2945930.3032
2024/02/14 04:21:12.00,461329.7945,5634437.0308,2945930.3002
2024/02/14 04:21:13.00,461329.7958,5634437.0299,2945930.2985
2024/02/14 04:21:14.00,461329.7951,5634437.0336,2945930.3044
2024/02/14 04:21:15.00,461329.7955,5634437.029,2945930.3011
2024/02/14 04:21:16.00,461329.7957,5634437.0334,2945930.3022
2024/02/14 04:21:17.00,461329.7956,5634437.0274,2945930.2981
2024/02/14 04:21:18.00,461329.7963,5634437.0292,2945930.3
2024/02/14 04:21:19.00,461329.7949,5634437.0232,2945930.2965
2024/02/14 04:21:20.00,461329.7953,5634437.0242,2945930.295
2024/02/14 04:21:21.00,461329.7984,5634437.0264,2945930.296
2024/02/14 04:21:22.00,461329.7958,5634437.0235,2945930.2949
2024/02/14 04:21:23.00,461329.7968,5634437.0313,2945930.3026
2024/02/14 04:21:24.00,461329.7964,5634437.0255,2945930.293
2024/02/14 04:21:25.00,461329.7966,5634437.0282,2945930.2983
2024/02/14 04:21:26.00,461329.7976,5634437.0261,2945930.2966
2024/02/14 04:21:27.00,461329.7958,5634437.0338,2945930.3021
2024/02/14 04:21:28.00,461329.7967,5634437.0338,2945930.302
2024/02/14 04:21:29.00,461329.7981,5634437.0292,2945930.2932
2024/02/14 04:21:30.00,461329.7961,5634437.0312,2945930.2976
2024/02/14 04:21:31.00,461329.7957,5634437.0298,2945930.2976
2024/02/14 04:21:32.00,461329.7957,5634437.0314,2945930.2976
2024/02/14 04:21:33.00,461329.7946,5634437.0367,2945930.3008
2024/02/14 04:21:34.00,461329.7957,5634437.0371,2945930.3007
2024/02/14 04:21:35.00,461329.7921,5634437.0302,2945930.2959
2024/02/14 04:21:36.00,461329.7947,5634437.0363,2945930.2976
2024/02/14 04:21:37.00,461329.7943,5634437.0392,2945930.3037
2024/02/14 04:21:38.00,461329.7948,5634437.0351,2945930.297
2024/02/14 04:21:39.00,461329.7946,5634437.03,2945930.2927
2024/02/14 04:21:40.00,461329.7935,5634437.0277,2945930.2926
2024/02/14 04:21:41.00,461329.7926,5634437.03,2945930.2935
2024/02/14 04:21:42.00,461329.7934,5634437.0318,2945930.2952
2024/02/14 04:21:43.00,461329.7928,5634437.0336,2945930.2996
2024/02/14 04:21:44.00,461329.7935,5634437.0302,2945930.2944
2024/02/14 04:21:45.00,461329.7935,5634437.0298,2945930.2937
2024/02/14 04:21:46.00,461329.3661,5634436.4222,2945932.1393
2024/02/14 04:21:47.00,461329.7918,5634437.0317,2945930.2974
2024/02/14 04:21:48.00,461329.3232,5634439.3387,2945931.7209
2024/02/14 04:21:49.00,461329.7929,5634437.0288,2945930.2936
2024/02/14 04:21:50.00,461329.7929,5634437.0371,2945930.3003
2024/02/14 04:21:51.00,461329.7938,5634437.0421,2945930.3052
2024/02/14 04:21:52.00,461329.7928,5634437.0336,2945930.2948
2024/02/14 04:21:53.00,461329.7933,5634437.0365,2945930.2966
2024/02/14 04:21:54.00,461329.7925,5634437.0451,2945930.3074
2024/02/14 04:21:55.00,461329.7945,5634437.0415,2945930.3026
2024/02/14 04:21:56.00,461329.794,5634437.0431,2945930.3046
2024/02/14 04:21:57.00,461329.7927,5634437.0523,2945930.314
2024/02/14 04:22:09.00,461329.7956,5634437.0489,2945930.3074
2024/02/14 04:22:10.00,461329.7968,5634437.0485,2945930.3092
2024/02/14 04:22:11.00,461329.7965,5634437.0436,2945930.3027
2024/02/14 04:22:12.00,461329.7967,5634437.0451,2945930.3092
2024/02/14 04:22:13.00,461329.7974,5634437.0426,2945930.3056
2024/02/14 04:22:14.00,461329.7961,5634437.0441,2945930.3064
2024/02/14 04:22:15.00,461329.7981,5634437.0426,2945930.3024
2024/02/14 04:22:16.00,461329.7981,5634437.0376,2945930.2997
2024/02/14 04:22:17.00,461329.7965,5634437.0426,2945930.3044
2024/02/14 04:22:18.00,461329.7966,5634437.044,2945930.3073
2024/02/14 04:22:19.00,461332.6519,5634442.8556,2945930.3469
2024/02/14 04:22:20.00,461332.6514,5634442.8564,2945930.3485
2024/02/14 04:22:21.00,461332.6518,5634442.8613,2945930.3502
2024/02/14 04:22:22.00,461329.7972,5634437.0471,2945930.3085
2024/02/14 04:22:23.00,461332.6499,5634442.8509,2945930.3424
2024/02/14 04:22:24.00,461329.7977,5634437.0422,2945930.3023
2024/02/14 04:22:25.00,461329.7975,5634437.0462,2945930.3063
2024/02/14 04:22:26.00,461332.6463,5634442.8496,2945930.3433
2024/02/14 04:22:27.00,461329.6284,5634446.8415,2945937.7658
2024/02/14 04:22:28.00,461329.6263,5634446.8485,2945937.7715
2024/02/14 04:22:29.00,461329.6276,5634446.8441,2945937.767
2024/02/14 04:22:30.00,461329.7963,5634437.0461,2945930.3087
2024/02/14 04:22:31.00,461329.7971,5634437.042,2945930.3054
2024/02/14 04:22:32.00,461329.7964,5634437.0413,2945930.3031
2024/02/14 04:22:33.00,461329.7969,5634437.0401,2945930.3014
2024/02/14 04:22:34.00,461329.7979,5634437.0394,2945930.3033
2024/02/14 04:22:35.00,461329.7981,5634437.0438,2945930.3065
2024/02/14 04:22:36.00,461329.7977,5634437.0358,2945930.2943
2024/02/14 04:22:37.00,461329.7964,5634437.043,2945930.3072
2024/02/14 04:22:38.00,461329.7963,5634437.033,2945930.2981
2024/02/14 04:22:39.00,461329.7963,5634437.0405,2945930.3028
2024/02/14 04:22:40.00,461329.7972,5634437.0376,2945930.3034
2024/02/14 04:22:41.00,461329.7967,5634437.0345,2945930.3005
2024/02/14 04:22:42.00,461329.7969,5634437.0305,2945930.294
2024/02/14 04:22:43.00,461329.7954,5634437.0355,2945930.2973
2024/02/14 04:22:44.00,461329.7953,5634437.04,2945930.3057
2024/02/14 04:22:45.00,461329.7966,5634437.0294,2945930.2928
2024/02/14 04:22:46.00,461329.7968,5634437.0332,2945930.2983
2024/02/14 04:22:47.00,461329.7959,5634437.0406,2945930.3041
2024/02/14 04:22:48.00,461329.7966,5634437.0377,2945930.2997
2024/02/14 04:22:49.00,461329.7965,5634437.0445,2945930.3054
2024/02/14 04:22:50.00,461329.7968,5634437.0371,2945930.2989
2024/02/14 04:22:51.00,461329.7968,5634437.0359,2945930.2983
2024/02/14 04:22:52.00,461329.7985,5634437.0385,2945930.3007
2024/02/14 04:22:53.00,461329.7962,5634437.0416,2945930.302
2024/02/14 04:22:54.00,461329.7978,5634437.0363,2945930.2977
2024/02/14 04:22:55.00,461329.7971,5634437.0327,2945930.2953
2024/02/14 04:22:56.00,461329.7974,5634437.0428,2945930.3055
2024/02/14 04:22:57.00,461329.798,5634437.04,2945930.3015
2024/02/14 04:22:58.00,461329.797,5634437.035,2945930.2987
2024/02/14 04:22:59.00,461329.7969,5634437.038,2945930.3002
2024/02/14 04:23:00.00,461329.7983,5634437.033,2945930.2948
2024/02/14 04:23:01.00,461329.7972,5634437.0419,2945930.3009
2024/02/14 04:23:02.00,461329.7993,5634437.0368,2945930.2979
2024/02/14 04:23:03.00,461329.7978,5634437.0389,2945930.2975
2024/02/14 04:23:04.00,461329.7974,5634437.0476,2945930.3037
2024/02/14 04:23:05.00,461329.7979,5634437.0401,2945930.3012
2024/02/14 04:23:06.00,461329.7985,5634437.0436,2945930.3006
2024/02/14 04:23:07.00,461329.7999,5634437.0337,2945930.2913
2024/02/14 04:23:08.00,461329.8005,5634437.0398,2945930.2974
2024/02/14 04:23:09.00,461329.7976,5634437.0413,2945930.3008
2024/02/14 04:23:10.00,461329.8011,5634437.0416,2945930.2971
2024/02/14 04:23:11.00,461329.799,5634437.0373,2945930.2934
2024/02/14 04:23:12.00,461329.8007,5634437.0472,2945930.3031
2024/02/14 04:23:13.00,461329.7987,5634437.0379,2945930.2961
2024/02/14 04:23:14.00,461329.7986,5634437.0439,2945930.3007
2024/02/14 04:23:15.00,461329.8012,5634437.0384,2945930.2941
2024/02/14 04:23:20.00,461329.7992,5634437.0384,2945930.296
2024/02/14 04:23:21.00,461329.8009,5634437.0367,2945930.2923
2024/02/14 04:23:22.00,461329.7989,5634437.0257,2945930.2901
2024/02/14 04:23:23.00,461329.8022,5634437.0293,2945930.2905
2024/02/14 04:23:24.00,461329.7992,5634437.0247,2945930.2855
2024/02/14 04:23:25.00,461329.7983,5634437.0356,2945930.2963
2024/02/14 04:23:26.00,461329.8003,5634437.038,2945930.2945
2024/02/14 04:23:27.00,461329.8006,5634437.0348,2945930.2938
2024/02/14 04:23:28.00,461329.8004,5634437.0318,2945930.291
2024/02/14 04:23:29.00,461329.7995,5634437.0304,2945930.2926
2024/02/14 04:23:30.00,461329.7991,5634437.0365,2945930.3009
2024/02/14 04:23:31.00,461329.8,5634437.0346,2945930.2949
2024/02/14 04:23:32.00,461329.8,5634437.0363,2945930.2963
2024/02/14 04:23:33.00,461329.7986,5634437.0428,2945930.3026
2024/02/14 04:23:34.00,461329.7992,5634437.0373,2945930.2969
2024/02/14 04:23:35.00,461329.8012,5634437.033,2945930.293
2024/02/14 04:23:36.00,461329.7995,5634437.0484,2945930.308
2024/02/14 04:23:37.00,461329.8,5634437.039,2945930.301
2024/02/14 04:23:38.00,461329.8005,5634437.0407,2945930.302
2024/02/14 04:23:39.00,461329.7991,5634437.0401,2945930.304
2024/02/14 04:23:40.00,461329.7997,5634437.0423,2945930.3055
2024/02/14 04:23:41.00,461329.7985,5634437.0443,2945930.3063
2024/02/14 04:23:42.00,461329.8007,5634437.0398,2945930.3007
2024/02/14 04:23:43.00,461329.8013,5634437.0354,2945930.2959
2024/02/14 04:23:44.00,461329.7994,5634437.0427,2945930.3041
2024/02/14 04:23:45.00,461329.7971,5634437.0439,2945930.3051
2024/02/14 04:23:46.00,461329.7997,5634437.0405,2945930.3036
2024/02/14 04:23:47.00,461329.7992,5634437.0407,2945930.2998
2024/02/14 04:23:48.00,461329.7997,5634437.0474,2945930.3062
2024/02/14 04:23:49.00,461329.7996,5634437.0409,2945930.3
2024/02/14 04:23:50.00,461329.7991,5634437.0411,2945930.3003
2024/02/14 04:23:51.00,461329.7996,5634437.0395,2945930.301
2024/02/14 04:23:52.00,461329.8009,5634437.0381,2945930.2964
2024/02/14 04:23:53.00,461329.7999,5634437.0344,2945930.2933
2024/02/14 04:23:54.00,461329.8006,5634437.041,2945930.2976
2024/02/14 04:23:55.00,461329.7998,5634437.0417,2945930.3
2024/02/14 04:23:56.00,461329.8005,5634437.0467,2945930.3017
2024/02/14 04:23:57.00,461329.8004,5634437.0452,2945930.2991
2024/02/14 04:23:58.00,461329.7997,5634437.0425,2945930.2967
2024/02/14 04:23:59.00,461329.8006,5634437.042,2945930.2973
2024/02/14 04:24:00.00,461329.8001,5634437.0452,2945930.3006
2024/02/14 04:24:01.00,461329.8006,5634437.0385,2945930.2955
2024/02/14 04:24:02.00,461329.8011,5634437.0379,2945930.2928
2024/02/14 04:24:03.00,461329.8011,5634437.0423,2945930.2963
2024/02/14 04:24:04.00,461329.8012,5634437.0409,2945930.2935
2024/02/14 04:24:05.00,461329.8003,5634437.0345,2945930.2906
2024/02/14 04:24:06.00,461329.8023,5634437.033,2945930.2901
2024/02/14 04:24:07.00,461329.8009,5634437.0345,2945930.2868
2024/02/14 04:24:08.00,461329.8017,5634437.0373,2945930.2907
2024/02/14 04:24:09.00,461329.801,5634437.0399,2945930.2933
2024/02/14 04:24:10.00,461329.8013,5634437.0375,2945930.2898
2024/02/14 04:24:11.00,461329.7996,5634437.0386,2945930.2909
2024/02/14 04:24:12.00,461329.8015,5634437.0345,2945930.2871
2024/02/14 04:24:13.00,461329.8008,5634437.037,2945930.2884
2024/02/14 04:24:14.00,461329.802,5634437.0375,2945930.2907
2024/02/14 04:24:15.00,461329.8001,5634437.0383,2945930.2927
2024/02/14 04:24:18.00,461329.8021,5634437.0373,2945930.29
2024/02/14 04:24:19.00,461329.8005,5634437.0379,2945930.2909
2024/02/14 04:24:20.00,461329.7996,5634437.0461,2945930.3003
2024/02/14 04:24:21.00,461329.8009,5634437.0402,2945930.2952
2024/02/14 04:24:22.00,461329.8012,5634437.0414,2945930.2975
2024/02/14 04:24:23.00,461329.8035,5634437.0297,2945930.2842
2024/02/14 04:24:24.00,461329.8024,5634437.0361,2945930.2905
2024/02/14 04:24:25.00,461329.8008,5634437.0344,2945930.2906
2024/02/14 04:24:26.00,461329.8025,5634437.0281,2945930.2864
2024/02/14 04:24:27.00,461329.799,5634437.0377,2945930.2962
2024/02/14 04:24:28.00,461329.8006,5634437.0309,2945930.2898
2024/02/14 04:24:29.00,461329.7999,5634437.0319,2945930.2889
2024/02/14 04:24:30.00,461329.7998,5634437.0261,2945930.2855
2024/02/14 04:24:31.00,461329.8008,5634437.0274,2945930.2858
2024/02/14 04:24:32.00,461329.7997,5634437.0273,2945930.2865
2024/02/14 04:24:33.00,461329.7998,5634437.0295,2945930.287
2024/02/14 04:24:34.00,461329.7991,5634437.0274,2945930.2849
2024/02/14 04:24:35.00,461329.8006,5634437.032,2945930.2911
2024/02/14 04:24:36.00,461329.7989,5634437.0264,2945930.2853
2024/02/14 04:24:37.00,461329.8,5634437.0257,2945930.2859
2024/02/14 04:24:38.00,461329.7984,5634437.031,2945930.2901
2024/02/14 04:24:39.00,461329.7966,5634437.033,2945930.291
2024/02/14 04:24:40.00,461329.802,5634437.0325,2945930.2904
2024/02/14 04:24:41.00,461329.7984,5634437.0306,2945930.2879
2024/02/14 04:24:42.00,461329.7979,5634437.0312,2945930.2911
2024/02/14 04:24:43.00,461329.7979,5634437.0271,2945930.2856
2024/02/14 04:24:44.00,461329.7976,5634437.0277,2945930.2868
2024/02/14 04:24:45.00,461329.798,5634437.0277,2945930.286
2024/02/14 04:24:46.00,461329.7975,5634437.0318,2945930.291
2024/02/14 04:24:47.00,461329.7972,5634437.0302,2945930.2894
2024/02/14 04:24:48.00,461329.7984,5634437.0282,2945930.2862
2024/02/14 04:24:49.00,461329.7975,5634437.0318,2945930.289
2024/02/14 04:24:50.00,461329.7984,5634437.0308,2945930.2899
2024/02/14 04:24:51.00,461329.7983,5634437.03,2945930.2885
2024/02/14 04:24:52.00,461329.7967,5634437.0343,2945930.2927
2024/02/14 04:24:53.00,461329.796,5634437.0393,2945930.295
2024/02/14 04:24:54.00,461329.7961,5634437.0327,2945930.2917
2024/02/14 04:24:55.00,461329.7972,5634437.0353,2945930.2948
2024/02/14 04:24:56.00,461329.7971,5634437.0326,2945930.2905
2024/02/14 04:24:57.00,461329.7975,5634437.0363,2945930.293
2024/02/14 04:24:58.00,461329.7978,5634437.0323,2945930.2917
2024/02/14 04:24:59.00,461329.7982,5634437.0391,2945930.2951
2024/02/14 04:25:00.00,461329.7972,5634437.0326,2945930.29
2024/02/14 04:25:01.00,461329.7957,5634437.0385,2945930.2931
2024/02/14 04:25:02.00,461329.7955,5634437.0365,2945930.2939
2024/02/14 04:25:03.00,461329.7978,5634437.0301,2945930.2867
2024/02/14 04:25:04.00,461329.7959,5634437.0355,2945930.2937
2024/02/14 04:25:05.00,461329.7958,5634437.0359,2945930.2926
2024/02/14 04:25:06.00,461329.7983,5634437.0345,2945930.2913
2024/02/14 04:25:07.00,461329.7986,5634437.034,2945930.2875
2024/02/14 04:25:08.00,461329.7974,5634437.0382,2945930.2922
2024/02/14 04:25:09.00,461329.7976,5634437.0359,2945930.2922
2024/02/14 04:25:10.00,461329.7986,5634437.034,2945930.287
2024/02/14 04:25:11.00,461329.7996,5634437.0348,2945930.2894
2024/02/14 04:25:12.00,461329.7998,5634437.0391,2945930.2951
2024/02/14 04:25:13.00,461329.7995,5634437.0312,2945930.2838
2024/02/14 04:25:14.00,461329.799,5634437.0333,2945930.2865
2024/02/14 04:25:15.00,461329.7993,5634437.0328,2945930.2867
2024/02/14 04:25:16.00,461331.2448,5634442.2915,2945932.8539
2024/02/14 04:25:17.00,461329.8002,5634437.0291,2945930.285
2024/02/14 04:25:18.00,461329.8003,5634437.0289,2945930.2825
2024/02/14 04:25:19.00,461331.2432,5634442.2937,2945932.8551
2024/02/14 04:25:20.00,461329.8017,5634437.0296,2945930.2847
2024/02/14 04:25:21.00,461329.7995,5634437.0295,2945930.28
2024/02/14 04:25:22.00,461329.7992,5634437.035,2945930.2892
2024/02/14 04:25:23.00,461329.8002,5634437.0323,2945930.2847
2024/02/14 04:25:24.00,461329.7986,5634437.0314,2945930.2824
2024/02/14 04:25:25.00,461329.7992,5634437.0293,2945930.2822
2024/02/14 04:25:26.00,461329.7995,5634437.0301,2945930.2803
2024/02/14 04:25:27.00,461329.7992,5634437.015,2945930.2702
2024/02/14 04:25:28.00,461329.7985,5634437.0247,2945930.2761
2024/02/14 04:25:29.00,461329.7996,5634437.0245,2945930.274
2024/02/14 04:25:30.00,461329.7998,5634437.0256,2945930.2785
2024/02/14 04:25:31.00,461329.7984,5634437.0273,2945930.2788
2024/02/14 04:25:32.00,461329.7996,5634437.0262,2945930.278
2024/02/14 04:25:33.00,461329.7988,5634437.0248,2945930.2772
2024/02/14 04:25:34.00,461329.7974,5634437.0239,2945930.277
2024/02/14 04:25:35.00,461329.7982,5634437.0213,2945930.2729
2024/02/14 04:25:36.00,461329.8001,5634437.0261,2945930.2761
2024/02/14 04:25:37.00,461329.7993,5634437.0178,2945930.2723
2024/02/14 04:25:38.00,461329.7994,5634437.0255,2945930.2768
2024/02/14 04:25:39.00,461329.7992,5634437.0226,2945930.2765
2024/02/14 04:25:40.00,461329.7993,5634437.0236,2945930.2792
2024/02/14 04:25:41.00,461329.7992,5634437.0236,2945930.2774
2024/02/14 04:25:42.00,461329.7985,5634437.0279,2945930.2806
2024/02/14 04:25:43.00,461329.7995,5634437.0239,2945930.2778
2024/02/14 04:25:44.00,461329.7981,5634437.026,2945930.2795
2024/02/14 04:25:45.00,461329.7985,5634437.022,2945930.2785
2024/02/14 04:25:46.00,461329.7987,5634437.0258,2945930.2802
2024/02/14 04:25:47.00,461329.7977,5634437.0258,2945930.2798
2024/02/14 04:25:48.00,461329.7972,5634437.0234,2945930.2782
2024/02/14 04:25:49.00,461329.7976,5634437.0174,2945930.275
2024/02/14 04:25:50.00,461329.7989,5634437.0224,2945930.2746
2024/02/14 04:25:51.00,461329.7977,5634437.0245,2945930.2792
2024/02/14 04:25:52.00,461329.7978,5634437.0282,2945930.2835
2024/02/14 04:25:53.00,461329.7963,5634437.0243,2945930.2784
2024/02/14 04:25:54.00,461329.7976,5634437.0257,2945930.2793
2024/02/14 04:25:55.00,461329.7974,5634437.0198,2945930.2769
2024/02/14 04:25:56.00,461329.7961,5634437.0221,2945930.2772
2024/02/14 04:25:57.00,461329.7961,5634437.024,2945930.2795
2024/02/14 04:25:58.00,461329.7968,5634437.0211,2945930.2779
2024/02/14 04:25:59.00,461329.7974,5634437.0193,2945930.2746
2024/02/14 04:26:00.00,461329.7971,5634437.0255,2945930.2799
2024/02/14 04:26:01.00,461329.7963,5634437.0202,2945930.2763
2024/02/14 04:26:02.00,461329.7967,5634437.0214,2945930.2763
2024/02/14 04:26:03.00,461329.7957,5634437.0194,2945930.2775
2024/02/14 04:26:04.00,461329.7946,5634437.0209,2945930.2787
2024/02/14 04:26:05.00,461329.7961,5634437.0212,2945930.2785
2024/02/14 04:26:06.00,461329.7952,5634437.0289,2945930.2828
2024/02/14 04:26:07.00,461329.7947,5634437.0263,2945930.283
2024/02/14 04:26:08.00,461329.7945,5634437.0264,2945930.283
2024/02/14 04:26:09.00,461329.7936,5634437.0243,2945930.2808
2024/02/14 04:26:10.00,461329.796,5634437.0252,2945930.2805
2024/02/14 04:26:11.00,461329.7947,5634437.0276,2945930.2863
2024/02/14 04:26:12.00,461329.7938,5634437.026,2945930.2816
2024/02/14 04:26:13.00,461329.7939,5634437.0284,2945930.2839
2024/02/14 04:26:14.00,461329.7936,5634437.023,2945930.2805
2024/02/14 04:26:15.00,461329.7942,5634437.03,2945930.2857
2024/02/14 04:26:16.00,461329.793,5634437.0199,2945930.2794
2024/02/14 04:26:17.00,461329.7946,5634437.0248,2945930.2812
2024/02/14 04:26:18.00,461329.7944,5634437.025,2945930.2817
2024/02/14 04:26:19.00,461329.7943,5634437.0266,2945930.2826
2024/02/14 04:26:20.00,461329.7945,5634437.033,2945930.2855
2024/02/14 04:26:21.00,461329.7949,5634437.0266,2945930.2829
2024/02/14 04:26:22.00,461329.7941,5634437.0298,2945930.2869
2024/02/14 04:26:23.00,461329.7942,5634437.03,2945930.2854
2024/02/14 04:26:24.00,461329.794,5634437.027,2945930.2856
2024/02/14 04:26:25.00,461329.7949,5634437.0304,2945930.2856
2024/02/14 04:26:26.00,461329.7943,5634437.0281,2945930.2847
2024/02/14 04:26:27.00,461329.7954,5634437.0283,2945930.2852
2024/02/14 04:26:28.00,461329.7955,5634437.0287,2945930.2878
2024/02/14 04:26:29.00,461329.794,5634437.0303,2945930.2869
2024/02/14 04:26:30.00,461329.7956,5634437.0318,2945930.2886
2024/02/14 04:26:31.00,461329.7956,5634437.0367,2945930.2933
2024/02/14 04:26:32.00,461329.7949,5634437.0287,2945930.2854
2024/02/14 04:26:33.00,461329.7957,5634437.0338,2945930.2896
2024/02/14 04:26:34.00,461329.7949,5634437.0349,2945930.2913
2024/02/14 04:26:35.00,461329.793,5634437.03,2945930.2874
2024/02/14 04:26:36.00,461329.7964,5634437.0351,2945930.2881
2024/02/14 04:26:37.00,461329.7942,5634437.0329,2945930.2901
2024/02/14 04:26:38.00,461331.3862,5634446.0893,2945937.1412
2024/02/14 04:26:39.00,461331.3886,5634446.089,2945937.1393
2024/02/14 04:26:40.00,461331.3877,5634446.0866,2945937.1359
2024/02/14 04:26:41.00,461329.7946,5634437.0358,2945930.2922
2024/02/14 04:26:42.00,461329.7955,5634437.0384,2945930.2945
2024/02/14 04:26:43.00,461329.797,5634437.0336,2945930.2874
2024/02/14 04:26:44.00,461329.7951,5634437.0384,2945930.2953
2024/02/14 04:26:45.00,461329.7956,5634437.0371,2945930.2936
2024/02/14 04:26:46.00,461329.7948,5634437.0351,2945930.2923
2024/02/14 04:26:47.00,461329.7955,5634437.0318,2945930.2883
2024/02/14 04:26:48.00,461329.7953,5634437.0362,2945930.2919
2024/02/14 04:26:49.00,461329.7957,5634437.0362,2945930.2923
2024/02/14 04:26:50.00,461329.7965,5634437.0355,2945930.2923
2024/02/14 04:26:51.00,461329.7941,5634437.0337,2945930.2918
2024/02/14 04:26:52.00,461329.7957,5634437.0406,2945930.2983
2024/02/14 04:26:53.00,461329.7963,5634437.0373,2945930.2933
2024/02/14 04:26:54.00,461329.7959,5634437.0413,2945930.2952
2024/02/14 04:26:55.00,461329.7959,5634437.0374,2945930.2941
2024/02/14 04:26:56.00,461329.7947,5634437.0397,2945930.2946
2024/02/14 04:26:57.00,461329.7961,5634437.0357,2945930.2905
2024/02/14 04:26:58.00,461329.7938,5634437.0427,2945930.2943
2024/02/14 04:26:59.00,461329.795,5634437.034,2945930.2903
2024/02/14 04:27:00.00,461329.795,5634437.0362,2945930.2938
2024/02/14 04:27:01.00,461329.7948,5634437.0317,2945930.2911
2024/02/14 04:27:02.00,461329.7925,5634437.0352,2945930.2958
2024/02/14 04:27:03.00,461329.7932,5634437.038,2945930.2957
2024/02/14 04:27:04.00,461329.7938,5634437.0389,2945930.2979
2024/02/14 04:27:05.00,461329.7941,5634437.0391,2945930.2973
2024/02/14 04:27:06.00,461329.7946,5634437.0374,2945930.2979
2024/02/14 04:27:07.00,461329.793,5634437.0375,2945930.2974
2024/02/14 04:27:08.00,461329.7953,5634437.0452,2945930.3025
2024/02/14 04:27:09.00,461329.7942,5634437.0373,2945930.2959
2024/02/14 04:27:10.00,461329.7937,5634437.035,2945930.294
2024/02/14 04:27:11.00,461329.7932,5634437.0362,2945930.2946
2024/02/14 04:27:12.00,461329.7948,5634437.0362,2945930.2955
2024/02/14 04:27:13.00,461329.7936,5634437.0362,2945930.2943
2024/02/14 04:27:14.00,461329.7936,5634437.0358,2945930.2948
2024/02/14 04:27:15.00,461329.795,5634437.0306,2945930.2875
2024/02/14 04:27:16.00,461329.7936,5634437.0318,2945930.292
2024/02/14 04:27:17.00,461329.7946,5634437.0315,2945930.2899
2024/02/14 04:27:18.00,461329.7948,5634437.0259,2945930.2863
2024/02/14 04:27:19.00,461329.7956,5634437.0288,2945930.2862
2024/02/14 04:27:20.00,461329.7945,5634437.0267,2945930.2835
2024/02/14 04:27:21.00,461329.7961,5634437.0307,2945930.286
2024/02/14 04:27:22.00,461329.7967,5634437.0343,2945930.2881
2024/02/14 04:27:23.00,461329.7954,5634437.033,2945930.2877
2024/02/14 04:27:24.00,461329.7952,5634437.0334,2945930.2892
2024/02/14 04:27:25.00,461329.7955,5634437.0322,2945930.2883
2024/02/14 04:27:26.00,461329.7951,5634437.0306,2945930.2866
2024/02/14 04:27:27.00,461329.7967,5634437.0332,2945930.2872
2024/02/14 04:27:28.00,461329.7968,5634437.0318,2945930.2902
2024/02/14 04:27:29.00,461329.7955,5634437.0297,2945930.2854
2024/02/14 04:27:30.00,461329.7956,5634437.0302,2945930.2841
2024/02/14 04:27:31.00,461329.795,5634437.0311,2945930.286
2024/02/14 04:27:32.00,461329.7953,5634437.0297,2945930.2851
2024/02/14 04:27:33.00,461329.7947,5634437.029,2945930.2837
2024/02/14 04:27:34.00,461329.7956,5634437.033,2945930.2868
2024/02/14 04:27:35.00,461329.7951,5634437.0319,2945930.2855
2024/02/14 04:27:36.00,461329.7958,5634437.0332,2945930.286
2024/02/14 04:27:37.00,461329.7948,5634437.0345,2945930.2892
2024/02/14 04:27:38.00,461329.7948,5634437.033,2945930.2867
2024/02/14 04:27:39.00,461329.7946,5634437.0287,2945930.2849
2024/02/14 04:27:40.00,461329.7971,5634437.0366,2945930.2898
2024/02/14 04:27:41.00,461329.7956,5634437.0308,2945930.2859
2024/02/14 04:27:42.00,461329.7968,5634437.0337,2945930.2902
2024/02/14 04:27:43.00,461329.7963,5634437.0302,2945930.2856
2024/02/14 04:27:44.00,461329.7931,5634437.0364,2945930.2914
2024/02/14 04:27:45.00,461329.7953,5634437.0382,2945930.2904
2024/02/14 04:27:46.00,461329.7933,5634437.0356,2945930.2901
2024/02/14 04:27:47.00,461329.7939,5634437.0378,2945930.2917
2024/02/14 04:27:48.00,461329.7935,5634437.0381,2945930.2906
2024/02/14 04:27:49.00,461329.7937,5634437.0395,2945930.2918
2024/02/14 04:27:50.00,461329.793,5634437.0405,2945930.2936
2024/02/14 04:27:51.00,461329.7925,5634437.0363,2945930.2893
2024/02/14 04:27:52.00,461329.7939,5634437.0352,2945930.2874
2024/02/14 04:27:53.00,461329.792,5634437.0342,2945930.2868
2024/02/14 04:27:54.00,461329.7922,5634437.0323,2945930.2843
2024/02/14 04:27:55.00,461329.7922,5634437.0338,2945930.2857
2024/02/14 04:27:56.00,461329.792,5634437.0345,2945930.2851
2024/02/14 04:27:57.00,461329.792,5634437.0284,2945930.2812
2024/02/14 04:27:58.00,461329.7901,5634437.0291,2945930.282
2024/02/14 04:27:59.00,461329.7925,5634437.0296,2945930.2816
2024/02/14 04:28:00.00,461329.7917,5634437.032,2945930.2843
2024/02/14 04:28:01.00,461329.7911,5634437.0283,2945930.2783
2024/02/14 04:28:02.00,461329.792,5634437.0302,2945930.2787
2024/02/14 04:28:03.00,461329.7936,5634437.0346,2945930.2838
2024/02/14 04:28:04.00,461329.7902,5634437.0302,2945930.2829
2024/02/14 04:28:05.00,461329.7912,5634437.0297,2945930.2795
2024/02/14 04:28:06.00,461329.7914,5634437.0269,2945930.2776
2024/02/14 04:28:07.00,461329.7899,5634437.0296,2945930.2803
2024/02/14 04:28:08.00,461329.7931,5634437.0262,2945930.2758
2024/02/14 04:28:09.00,461329.7912,5634437.023,2945930.2756
2024/02/14 04:28:10.00,461329.7914,5634437.0296,2945930.2794
2024/02/14 04:28:11.00,461329.7912,5634437.0248,2945930.2762
2024/02/14 04:28:12.00,461329.7922,5634437.0258,2945930.2745
2024/02/14 04:28:13.00,461329.7926,5634437.0247,2945930.2753
2024/02/14 04:28:14.00,461329.7915,5634437.027,2945930.2761
2024/02/14 04:28:15.00,461329.7907,5634437.03,2945930.2785
2024/02/14 04:28:16.00,461329.7931,5634437.0317,2945930.2811
2024/02/14 04:28:17.00,461329.7909,5634437.0253,2945930.2757
2024/02/14 04:28:18.00,461329.7925,5634437.0275,2945930.2773
2024/02/14 04:28:19.00,461329.7907,5634437.0253,2945930.2756
2024/02/14 04:28:20.00,461329.791,5634437.0258,2945930.2741
2024/02/14 04:28:21.00,461329.7916,5634437.0342,2945930.2821
2024/02/14 04:28:22.00,461329.7923,5634437.037,2945930.2824
2024/02/14 04:28:23.00,461329.7887,5634437.0456,2945930.2926
2024/02/14 04:28:24.00,461329.7926,5634437.0353,2945930.2803
2024/02/14 04:28:25.00,461329.7923,5634437.0338,2945930.2795
2024/02/14 04:28:26.00,461329.7889,5634437.045,2945930.2918
2024/02/14 04:28:27.00,461329.7936,5634437.0382,2945930.2828
2024/02/14 04:28:28.00,461329.7929,5634437.0261,2945930.2748
2024/02/14 04:28:29.00,461329.7909,5634437.0373,2945930.2842
2024/02/14 04:28:30.00,461329.793,5634437.0366,2945930.2839
2024/02/14 04:28:31.00,461329.7928,5634437.0382,2945930.2855
2024/02/14 04:28:32.00,461329.7918,5634437.037,2945930.2844
2024/02/14 04:28:33.00,461329.7917,5634437.0366,2945930.283
2024/02/14 04:28:34.00,461329.7941,5634437.0358,2945930.2822
2024/02/14 04:28:35.00,461329.7937,5634437.0359,2945930.2842
2024/02/14 04:28:36.00,461329.7944,5634437.0362,2945930.2836
2024/02/14 04:28:37.00,461329.7943,5634437.032,2945930.2797
2024/02/14 04:28:38.00,461329.7951,5634437.0313,2945930.2802
2024/02/14 04:28:39.00,461329.7934,5634437.0326,2945930.2818
2024/02/14 04:28:40.00,461329.7949,5634437.0311,2945930.2802
2024/02/14 04:28:41.00,461329.7942,5634437.0319,2945930.2798
2024/02/14 04:28:42.00,461329.7945,5634437.0354,2945930.2829
2024/02/14 04:28:43.00,461329.7941,5634437.0349,2945930.2839
2024/02/14 04:28:44.00,461329.7947,5634437.0331,2945930.2791
2024/02/14 04:28:45.00,461329.7942,5634437.0328,2945930.2797
2024/02/14 04:28:46.00,461329.7941,5634437.0332,2945930.2824
2024/02/14 04:28:47.00,461329.7942,5634437.0342,2945930.2806
2024/02/14 04:28:48.00,461329.795,5634437.0332,2945930.2789
2024/02/14 04:28:49.00,461329.7931,5634437.0307,2945930.2795
2024/02/14 04:28:50.00,461329.7945,5634437.0333,2945930.2823
2024/02/14 04:28:51.00,461329.7962,5634437.033,2945930.2809
2024/02/14 04:28:52.00,461329.7966,5634437.0333,2945930.2806
2024/02/14 04:28:53.00,461329.7951,5634437.0328,2945930.2815
2024/02/14 04:28:54.00,461329.7952,5634437.0338,2945930.2822
2024/02/14 04:28:55.00,461329.7952,5634437.0371,2945930.2866
2024/02/14 04:28:56.00,461329.7967,5634437.0291,2945930.2816
2024/02/14 04:28:57.00,461329.7956,5634437.0256,2945930.2771
2024/02/14 04:28:58.00,461329.7959,5634437.0274,2945930.2787
2024/02/14 04:28:59.00,461329.7956,5634437.0233,2945930.2778
2024/02/14 04:29:00.00,461329.7962,5634437.0241,2945930.2773
2024/02/14 04:29:01.00,461329.7964,5634437.0239,2945930.2795
2024/02/14 04:29:02.00,461329.7955,5634437.0249,2945930.2789
2024/02/14 04:29:03.00,461329.7961,5634437.0251,2945930.2793
2024/02/14 04:29:04.00,461329.7951,5634437.0306,2945930.2872
2024/02/14 04:29:05.00,461329.7969,5634437.0288,2945930.2823
2024/02/14 04:29:06.00,461329.7951,5634437.0324,2945930.2862
2024/02/14 04:29:07.00,461329.7951,5634437.0315,2945930.284
2024/02/14 04:29:08.00,461329.7966,5634437.0283,2945930.2837
2024/02/14 04:29:09.00,461329.7959,5634437.0312,2945930.2853
2024/02/14 04:29:10.00,461329.7959,5634437.0298,2945930.2851
2024/02/14 04:29:11.00,461329.796,5634437.0345,2945930.2889
2024/02/14 04:29:12.00,461329.7964,5634437.0323,2945930.2864
2024/02/14 04:29:13.00,461329.7964,5634437.0284,2945930.2846
2024/02/14 04:29:14.00,461329.7951,5634437.0311,2945930.2871
2024/02/14 04:29:15.00,461329.7962,5634437.0302,2945930.2843
2024/02/14 04:29:16.00,461329.7956,5634437.0313,2945930.2857
2024/02/14 04:29:17.00,461329.796,5634437.0339,2945930.2871
2024/02/14 04:29:18.00,461329.7955,5634437.0329,2945930.2867
2024/02/14 04:29:19.00,461329.7952,5634437.0309,2945930.2848
2024/02/14 04:29:20.00,461329.7951,5634437.033,2945930.2876
2024/02/14 04:29:21.00,461329.7954,5634437.0367,2945930.2895
2024/02/14 04:29:22.00,461329.7963,5634437.035,2945930.2851
2024/02/14 04:29:23.00,461329.7956,5634437.0312,2945930.2863
2024/02/14 04:29:24.00,461329.7948,5634437.0327,2945930.2855
2024/02/14 04:29:25.00,461329.7965,5634437.0296,2945930.2823
2024/02/14 04:29:26.00,461329.7962,5634437.0302,2945930.2813
2024/02/14 04:29:27.00,461329.7954,5634437.0291,2945930.2825
2024/02/14 04:29:28.00,461329.7967,5634437.0292,2945930.2806
2024/02/14 04:29:29.00,461329.7966,5634437.03,2945930.2806
2024/02/14 04:29:30.00,461329.7955,5634437.0304,2945930.2829
2024/02/14 04:29:31.00,461329.7969,5634437.0317,2945930.2829
2024/02/14 04:29:32.00,461329.7978,5634437.0294,2945930.2822
2024/02/14 04:29:33.00,461329.7968,5634437.0273,2945930.2803
2024/02/14 04:29:34.00,461329.7972,5634437.0273,2945930.2792
2024/02/14 04:29:35.00,461329.7941,5634437.0236,2945930.2795
2024/02/14 04:29:36.00,461329.7959,5634437.0243,2945930.2776
2024/02/14 04:29:37.00,461329.795,5634437.0316,2945930.2874
2024/02/14 04:29:38.00,461329.795,5634437.034,2945930.2878
2024/02/14 04:29:39.00,461329.7952,5634437.0313,2945930.2855
2024/02/14 04:29:40.00,461329.7948,5634437.0348,2945930.2896
2024/02/14 04:29:41.00,461329.7937,5634437.0324,2945930.2863
2024/02/14 04:29:42.00,461329.7952,5634437.0306,2945930.287
2024/02/14 04:29:43.00,461329.7937,5634437.0285,2945930.284
2024/02/14 04:29:44.00,461329.7954,5634437.0241,2945930.2829
2024/02/14 04:29:45.00,461329.7931,5634437.0218,2945930.2801
2024/02/14 04:29:46.00,461329.7944,5634437.0232,2945930.2813
2024/02/14 04:29:47.00,461329.7936,5634437.022,2945930.2832
2024/02/14 04:29:48.00,461329.7948,5634437.0245,2945930.2831
2024/02/14 04:29:49.00,461329.7969,5634437.0214,2945930.2799
2024/02/14 04:29:50.00,461329.7945,5634437.0277,2945930.2858
2024/02/14 04:29:51.00,461329.7949,5634437.0281,2945930.2853
2024/02/14 04:29:52.00,461329.7943,5634437.0245,2945930.2851
2024/02/14 04:29:53.00,461329.793,5634437.0233,2945930.2837
2024/02/14 04:29:54.00,461329.7935,5634437.0221,2945930.2826
2024/02/14 04:29:55.00,461329.7934,5634437.0262,2945930.2875
2024/02/14 04:29:56.00,461329.7931,5634437.0165,2945930.277
2024/02/14 04:29:57.00,461329.7927,5634437.022,2945930.2824
2024/02/14 04:29:58.00,461329.7936,5634437.0199,2945930.2773
2024/02/14 04:29:59.00,461329.7933,5634437.0228,2945930.2825
2024/02/14 04:30:00.00,461329.7938,5634437.0226,2945930.2814
2024/02/14 04:30:01.00,461329.7934,5634437.0205,2945930.2772
2024/02/14 04:30:02.00,461329.7947,5634437.0226,2945930.2816
2024/02/14 04:30:03.00,461329.7942,5634437.019,2945930.2821
2024/02/14 04:30:04.00,461329.7944,5634437.0217,2945930.2835
2024/02/14 04:30:05.00,461329.7927,5634437.0218,2945930.2841
2024/02/14 04:30:06.00,461329.7951,5634437.0198,2945930.2806
2024/02/14 04:30:07.00,461329.7934,5634437.0202,2945930.2828
2024/02/14 04:30:08.00,461329.7932,5634437.0172,2945930.2785
2024/02/14 04:30:09.00,461329.7948,5634437.0196,2945930.2807
2024/02/14 04:30:10.00,461329.7923,5634437.0174,2945930.2803
2024/02/14 04:30:11.00,461329.7923,5634437.0148,2945930.2794
2024/02/14 04:30:12.00,461329.7918,5634437.0193,2945930.2821
2024/02/14 04:30:13.00,461329.793,5634437.0192,2945930.2823
2024/02/14 04:30:14.00,461329.7917,5634437.0209,2945930.2845
2024/02/14 04:30:15.00,461329.7931,5634437.0161,2945930.2816
2024/02/14 04:30:16.00,461329.7941,5634437.0215,2945930.2868
2024/02/14 04:30:17.00,461329.7945,5634437.0204,2945930.2851
2024/02/14 04:30:18.00,461329.7932,5634437.0181,2945930.2831
2024/02/14 04:30:19.00,461329.7934,5634437.0181,2945930.2836
2024/02/14 04:30:20.00,461329.7925,5634437.0161,2945930.2822
2024/02/14 04:30:21.00,461329.7937,5634437.0193,2945930.2838
2024/02/14 04:30:22.00,461329.7932,5634437.0154,2945930.283
2024/02/14 04:30:23.00,461329.7937,5634437.0169,2945930.2826
2024/02/14 04:30:24.00,461329.7929,5634437.0208,2945930.2872
2024/02/14 04:30:25.00,461329.7927,5634437.0162,2945930.2839
2024/02/14 04:30:26.00,461329.7935,5634437.0163,2945930.2825
2024/02/14 04:30:27.00,461329.793,5634437.0195,2945930.2874
2024/02/14 04:30:28.00,461329.7948,5634437.0173,2945930.283
2024/02/14 04:30:29.00,461329.7951,5634437.0222,2945930.2884
2024/02/14 04:30:30.00,461329.793,5634437.0178,2945930.2846
2024/02/14 04:30:31.00,461329.7945,5634437.0189,2945930.2876
2024/02/14 04:30:32.00,461329.7935,5634437.0178,2945930.286
2024/02/14 04:30:33.00,461329.795,5634437.0201,2945930.2868
2024/02/14 04:30:34.00,461329.7936,5634437.0264,2945930.2889
2024/02/14 04:30:35.00,461329.7947,5634437.0234,2945930.2883
2024/02/14 04:30:36.00,461329.7945,5634437.0197,2945930.2873
2024/02/14 04:30:37.00,461329.7941,5634437.018,2945930.287
2024/02/14 04:30:38.00,461329.7953,5634437.0195,2945930.2856
2024/02/14 04:30:39.00,461329.7945,5634437.0223,2945930.2906
2024/02/14 04:30:40.00,461329.7938,5634437.0209,2945930.2868
2024/02/14 04:30:41.00,461329.7955,5634437.0202,2945930.287
2024/02/14 04:30:42.00,461329.7943,5634437.02,2945930.2848
2024/02/14 04:30:43.00,461329.7952,5634437.0232,2945930.2874
2024/02/14 04:30:44.00,461329.795,5634437.0213,2945930.2868
2024/02/14 04:30:45.00,461329.7954,5634437.0209,2945930.2865
2024/02/14 04:30:46.00,461329.796,5634437.0223,2945930.2873
2024/02/14 04:30:47.00,461329.7943,5634437.0228,2945930.2888
2024/02/14 04:30:48.00,461329.7945,5634437.0245,2945930.2881
2024/02/14 04:30:49.00,461329.7966,5634437.0253,2945930.287
2024/02/14 04:30:50.00,461329.7936,5634437.0239,2945930.2887
2024/02/14 04:30:51.00,461329.7937,5634437.0222,2945930.2903
2024/02/14 04:30:52.00,461329.7947,5634437.0211,2945930.2856
2024/02/14 04:30:53.00,461329.7954,5634437.0225,2945930.288
2024/02/14 04:30:54.00,461329.7943,5634437.0232,2945930.2875
2024/02/14 04:30:55.00,461329.793,5634437.0218,2945930.2898
2024/02/14 04:30:56.00,461329.7927,5634437.0178,2945930.284
2024/02/14 04:30:57.00,461329.795,5634437.0229,2945930.2881
2024/02/14 04:30:58.00,461329.7964,5634437.0233,2945930.2879
2024/02/14 04:30:59.00,461329.7947,5634437.022,2945930.287
2024/02/14 04:31:00.00,461329.7953,5634437.0238,2945930.2873
2024/02/14 04:31:01.00,461329.796,5634437.0232,2945930.2875
2024/02/14 04:31:02.00,461329.7966,5634437.0292,2945930.2928
2024/02/14 04:31:03.00,461329.7955,5634437.0259,2945930.2878
2024/02/14 04:31:04.00,461329.7958,5634437.0212,2945930.2854
2024/02/14 04:31:05.00,461329.7958,5634437.0249,2945930.2896
2024/02/14 04:31:06.00,461329.7973,5634437.0263,2945930.2879
2024/02/14 04:31:07.00,461329.7958,5634437.025,2945930.2885
2024/02/14 04:31:08.00,461329.7969,5634437.0259,2945930.2888
2024/02/14 04:31:09.00,461329.7962,5634437.0223,2945930.2866
2024/02/14 04:31:10.00,461329.7965,5634437.0237,2945930.2869
2024/02/14 04:31:11.00,461329.7969,5634437.0213,2945930.2852
2024/02/14 04:31:12.00,461329.7974,5634437.0265,2945930.2877
2024/02/14 04:31:13.00,461329.7956,5634437.0216,2945930.2853
2024/02/14 04:31:14.00,461329.7959,5634437.0215,2945930.2858
2024/02/14 04:31:15.00,461329.7965,5634437.0214,2945930.285
2024/02/14 04:31:16.00,461329.7962,5634437.0215,2945930.2842
2024/02/14 04:31:17.00,461329.7963,5634437.0228,2945930.2836
2024/02/14 04:31:18.00,461329.7975,5634437.0231,2945930.2867
2024/02/14 04:31:19.00,461329.7951,5634437.023,2945930.2849
2024/02/14 04:31:20.00,461329.7961,5634437.0225,2945930.2855
2024/02/14 04:31:21.00,461329.7966,5634437.0204,2945930.2868
2024/02/14 04:31:22.00,461329.7984,5634437.0234,2945930.2852
2024/02/14 04:31:23.00,461329.7975,5634437.0218,2945930.284
2024/02/14 04:31:24.00,461329.7965,5634437.0212,2945930.2832
2024/02/14 04:31:25.00,461329.7977,5634437.0222,2945930.2847
2024/02/14 04:31:26.00,461329.7973,5634437.0203,2945930.2812
2024/02/14 04:31:27.00,461329.7961,5634437.021,2945930.2828
2024/02/14 04:31:28.00,461329.7975,5634437.0225,2945930.2826
2024/02/14 04:31:29.00,461329.7973,5634437.0226,2945930.2816
2024/02/14 04:31:30.00,461329.7973,5634437.0252,2945930.2848
2024/02/14 04:31:31.00,461329.7963,5634437.0197,2945930.2819
2024/02/14 04:31:32.00,461329.7979,5634437.0205,2945930.2808
2024/02/14 04:31:33.00,461329.797,5634437.0206,2945930.2824
2024/02/14 04:31:34.00,461329.7971,5634437.0218,2945930.2804
2024/02/14 04:31:35.00,461329.7971,5634437.0253,2945930.2853
2024/02/14 04:31:36.00,461329.7967,5634437.022,2945930.2828
2024/02/14 04:31:37.00,461329.7976,5634437.0229,2945930.2839
2024/02/14 04:31:38.00,461329.7963,5634437.0186,2945930.28
2024/02/14 04:31:39.00,461329.7974,5634437.0227,2945930.2825
2024/02/14 04:31:40.00,461329.7967,5634437.0207,2945930.2813
2024/02/14 04:31:41.00,461329.7958,5634437.0202,2945930.2785
2024/02/14 04:31:42.00,461329.7983,5634437.0252,2945930.2847
2024/02/14 04:31:43.00,461329.7972,5634437.0221,2945930.2828
2024/02/14 04:31:44.00,461329.7976,5634437.0209,2945930.28
2024/02/14 04:31:45.00,461329.7949,5634437.0249,2945930.2863
2024/02/14 04:31:46.00,461329.7963,5634437.024,2945930.2822
2024/02/14 04:31:47.00,461329.7963,5634437.0241,2945930.2837
2024/02/14 04:31:48.00,461329.7939,5634437.0198,2945930.2794
2024/02/14 04:31:49.00,461329.7952,5634437.0239,2945930.2809
2024/02/14 04:31:50.00,461329.7971,5634437.0229,2945930.2815
2024/02/14 04:31:51.00,461329.7951,5634437.0229,2945930.2815
2024/02/14 04:31:52.00,461329.7957,5634437.0198,2945930.2801
2024/02/14 04:31:53.00,461329.7971,5634437.0262,2945930.2861
2024/02/14 04:31:54.00,461329.7958,5634437.0196,2945930.2794
2024/02/14 04:31:55.00,461329.7967,5634437.0213,2945930.2805
2024/02/14 04:31:56.00,461329.7958,5634437.0234,2945930.2816
2024/02/14 04:31:57.00,461329.797,5634437.0238,2945930.2813
2024/02/14 04:31:58.00,461329.7965,5634437.0251,2945930.2801
2024/02/14 04:31:59.00,461329.7959,5634437.0217,2945930.2808
2024/02/14 04:32:00.00,461329.7948,5634437.0239,2945930.2824
2024/02/14 04:32:01.00,461329.7965,5634437.0226,2945930.2792
2024/02/14 04:32:02.00,461329.7956,5634437.025,2945930.2858
2024/02/14 04:32:03.00,461329.7955,5634437.0227,2945930.2809
2024/02/14 04:32:04.00,461329.7967,5634437.0242,2945930.2849
2024/02/14 04:32:05.00,461329.7958,5634437.0218,2945930.2794
2024/02/14 04:32:06.00,461329.7948,5634437.0251,2945930.2851
2024/02/14 04:32:07.00,461329.7952,5634437.0247,2945930.2847
2024/02/14 04:32:08.00,461329.7958,5634437.0265,2945930.2859
2024/02/14 04:32:09.00,461329.7959,5634437.0268,2945930.2839
2024/02/14 04:32:10.00,461329.7947,5634437.0265,2945930.2849
2024/02/14 04:32:11.00,461329.7931,5634437.025,2945930.284
2024/02/14 04:32:12.00,461329.7941,5634437.0258,2945930.2858
2024/02/14 04:32:13.00,461329.7963,5634437.0264,2945930.285
2024/02/14 04:32:14.00,461329.7932,5634437.0259,2945930.2851
2024/02/14 04:32:15.00,461329.7929,5634437.0261,2945930.2863
2024/02/14 04:32:16.00,461329.792,5634437.0228,2945930.2842
2024/02/14 04:32:17.00,461329.7935,5634437.0265,2945930.2862
2024/02/14 04:32:18.00,461329.7934,5634437.0212,2945930.2845
2024/02/14 04:32:19.00,461329.7928,5634437.0228,2945930.2847
2024/02/14 04:32:20.00,461329.7928,5634437.0245,2945930.2854
2024/02/14 04:32:21.00,461329.7922,5634437.0254,2945930.2849
2024/02/14 04:32:22.00,461329.7928,5634437.026,2945930.2841
2024/02/14 04:32:23.00,461329.7925,5634437.0285,2945930.2892
2024/02/14 04:32:24.00,461329.7932,5634437.0279,2945930.2888
2024/02/14 04:32:25.00,461329.7919,5634437.0279,2945930.2898
2024/02/14 04:32:26.00,461329.7931,5634437.0262,2945930.287
2024/02/14 04:32:27.00,461329.7935,5634437.024,2945930.2865
2024/02/14 04:32:28.00,461329.7916,5634437.0274,2945930.2895
2024/02/14 04:32:29.00,461329.7929,5634437.0281,2945930.2921
2024/02/14 04:32:30.00,461329.7908,5634437.0271,2945930.2911
2024/02/14 04:32:31.00,461329.794,5634437.0255,2945930.2887
2024/02/14 04:32:32.00,461329.7912,5634437.0249,2945930.29
2024/02/14 04:32:33.00,461329.7929,5634437.0242,2945930.2879
2024/02/14 04:32:34.00,461329.7939,5634437.0266,2945930.2905
2024/02/14 04:32:35.00,461329.7923,5634437.0236,2945930.2899
2024/02/14 04:32:36.00,461329.7932,5634437.0188,2945930.2834
2024/02/14 04:32:37.00,461329.7923,5634437.0236,2945930.2858
2024/02/14 04:32:38.00,461329.7943,5634437.025,2945930.2906
2024/02/14 04:32:39.00,461329.7935,5634437.0259,2945930.2915
2024/02/14 04:32:40.00,461329.794,5634437.0231,2945930.2901
2024/02/14 04:32:41.00,461329.7953,5634437.0249,2945930.2916
2024/02/14 04:32:42.00,461329.7956,5634437.0258,2945930.2918
2024/02/14 04:32:43.00,461329.7902,5634437.0241,2945930.2938
2024/02/14 04:32:44.00,461329.7446,5634437.0129,2945930.3097
2024/02/14 04:32:45.00,461329.6985,5634437.0024,2945930.3261
2024/02/14 04:32:46.00,461329.6857,5634437.0044,2945930.3325
2024/02/14 04:32:47.00,461329.6876,5634437.0031,2945930.3294
2024/02/14 04:32:48.00,461329.6848,5634437.0032,2945930.3314
2024/02/14 04:32:49.00,461329.6831,5634437.0013,2945930.3315
2024/02/14 04:32:50.00,461329.6823,5634437.0048,2945930.3358
2024/02/14 04:32:51.00,461329.6781,5634437.0031,2945930.3358
2024/02/14 04:32:52.00,461329.6697,5634437.0054,2945930.3419
2024/02/14 04:32:53.00,461329.59,5634436.9945,2945930.3767
2024/02/14 04:32:54.00,461329.2684,5634436.9585,2945930.4901
2024/02/14 04:32:55.00,461328.5556,5634436.8983,2945930.7034
2024/02/14 04:32:56.00,461327.4675,5634436.8252,2945930.9474
2024/02/14 04:32:57.00,461326.33,5634436.7905,2945931.1781
2024/02/14 04:32:58.00,461325.2439,5634436.7677,2945931.3974
2024/02/14 04:32:59.00,461324.2041,5634436.7301,2945931.6104
2024/02/14 04:33:00.00,461323.1387,5634436.6839,2945931.8413
2024/02/14 04:33:01.00,461322.0861,5634436.6296,2945932.0898
2024/02/14 04:33:02.00,461321.0591,5634436.5926,2945932.3512
2024/02/14 04:33:03.00,461320.1336,5634436.5249,2945932.579
2024/02/14 04:33:04.00,461319.2334,5634436.4755,2945932.8182
2024/02/14 04:33:05.00,461318.2512,5634436.4711,2945933.0913
2024/02/14 04:33:06.00,461317.3128,5634436.3833,2945933.3054
2024/02/14 04:33:07.00,461316.3425,5634436.3444,2945933.5325
2024/02/14 04:33:08.00,461315.6211,5634434.392,2945931.6409
2024/02/14 04:33:10.00,461313.5075,5634437.1366,2945934.4733
2024/02/14 04:33:11.00,461312.4775,5634436.1634,2945934.4942
2024/02/14 04:33:12.00,461311.538,5634436.0928,2945934.7608
2024/02/14 04:33:13.00,461310.4357,5634434.2086,2945934.6043
2024/02/14 04:33:14.00,461309.8377,5634438.2698,2945935.9271
2024/02/14 04:33:15.00,461308.6484,5634434.0185,2945935.2272
2024/02/14 04:33:16.00,461307.9675,5634435.7428,2945936.0077
2024/02/14 04:33:17.00,461307.2875,5634435.6332,2945936.3087
2024/02/14 04:33:18.00,461306.7383,5634429.5725,2945933.4089
2024/02/14 04:33:19.00,461306.3303,5634435.4438,2945936.715
2024/02/14 04:33:20.00,461305.75,5634435.3531,2945937.0146
2024/02/14 04:33:21.00,461305.1935,5634435.2186,2945937.3381
2024/02/14 04:33:22.00,461304.7281,5634435.0864,2945937.66
2024/02/14 04:33:23.00,461304.3601,5634434.9724,2945937.9656
2024/02/14 04:33:24.00,461304.0566,5634434.8566,2945938.242
2024/02/14 04:33:25.00,461303.8548,5634434.7803,2945938.4437
2024/02/14 04:33:26.00,461303.6944,5634434.6904,2945938.606
2024/02/14 04:33:27.00,461303.5509,5634434.6189,2945938.7868
2024/02/14 04:33:28.00,461303.319,5634434.5238,2945939.0675
2024/02/14 04:33:29.00,461303.0707,5634434.4238,2945939.4102
2024/02/14 04:33:30.00,461302.9021,5634434.3499,2945939.5985
2024/02/14 04:33:31.00,461302.6069,5634434.2091,2945940.0274
2024/02/14 04:33:32.00,461302.3032,5634433.8946,2945940.6599
2024/02/14 04:33:33.00,461302.0376,5634433.5649,2945941.2852
2024/02/14 04:33:34.00,461301.8788,5634433.3408,2945941.77
2024/02/14 04:33:35.00,461301.7655,5634433.1425,2945942.1544
2024/02/14 04:33:36.00,461301.6665,5634432.9471,2945942.5318
2024/02/14 04:33:37.00,461301.5719,5634432.6587,2945943.0208
2024/02/14 04:33:38.00,461301.5926,5634432.4883,2945943.3643
2024/02/14 04:33:39.00,461301.6167,5634432.2781,2945943.704
2024/02/14 04:33:40.00,461301.7118,5634432.0315,2945944.1803
2024/02/14 04:33:41.00,461301.8384,5634431.6885,2945944.7262
2024/02/14 04:33:42.00,461304.6463,5634436.5305,2945947.8575
2024/02/14 04:33:43.00,461308.7183,5634433.877,2945943.4863
2024/02/14 04:33:44.00,461304.23,5634429.9476,2945945.4777
2024/02/14 04:33:45.00,461303.5248,5634427.3295,2945944.9848
2024/02/14 04:33:46.00,461306.5802,5634432.2425,2945947.9128
2024/02/14 04:33:47.00,461305.5021,5634427.4108,2945946.6355
2024/02/14 04:33:48.00,461306.0923,5634430.1617,2945949.6636
2024/02/14 04:33:49.00,461306.9087,5634427.4733,2945948.0821
2024/02/14 04:33:50.00,461307.0379,5634422.9005,2945947.644
2024/02/14 04:33:53.00,461309.2207,5634426.5556,2945952.9304
2024/02/14 04:33:54.00,461310.3298,5634425.7312,2945953.9266
2024/02/14 04:33:56.00,461313.7748,5634423.7323,2945956.5571
2024/02/14 04:33:59.00,461317.4015,5634416.7976,2945961.5067
2024/02/14 04:34:00.00,461319.1412,5634417.7557,2945966.0559
2024/02/14 04:34:04.00,461324.5144,5634410.5547,2945977.6462
2024/02/14 04:34:05.00,461326.2233,5634408.5065,2945980.2202
2024/02/14 04:34:06.00,461327.8733,5634406.4389,2945982.8528
2024/02/14 04:34:07.00,461327.7111,5634403.0378,2945986.6703
2024/02/14 04:34:08.00,461329.1363,5634403.1359,2945990.2833
2024/02/14 04:34:10.00,461332.7539,5634397.0864,2945995.2896
2024/02/14 04:34:12.00,461333.0824,5634394.2209,2946003.2913
2024/02/14 04:34:13.00,461335.9623,5634393.2057,2946006.1001
2024/02/14 04:34:16.00,461340.3103,5634390.2034,2946017.6323
2024/02/14 04:34:17.00,461343.3053,5634384.7812,2946013.9683
2024/02/14 04:34:18.00,461345.5695,5634385.0359,2946018.1843
2024/02/14 04:34:19.00,461348.5022,5634383.5176,2946020.2046
2024/02/14 04:34:20.00,461351.8199,5634382.1428,2946022.0415
2024/02/14 04:34:21.00,461355.3391,5634380.8976,2946023.5805
2024/02/14 04:34:22.00,461358.9975,5634379.9694,2946024.7251
2024/02/14 04:34:23.00,461362.7282,5634376.3086,2946023.2702
2024/02/14 04:34:24.00,461365.6757,5634376.9787,2946025.6106
2024/02/14 04:34:27.00,461372.7107,5634381.5842,2946032.8441
2024/02/14 04:34:30.00,461380.6578,5634383.5871,2946035.065
2024/02/14 04:34:31.00,461383.7939,5634379.4872,2946024.3947
2024/02/14 04:34:32.00,461386.0867,5634378.61,2946021.7463
2024/02/14 04:34:33.00,461385.8883,5634388.4486,2946031.8408
2024/02/14 04:34:37.00,461394.8133,5634385.4888,2946014.2032
2024/02/14 04:34:38.00,461397.4293,5634388.3122,2946011.648
2024/02/14 04:34:39.00,461400.4037,5634388.6414,2946006.1523
2024/02/14 04:34:40.00,461403.2831,5634388.6273,2946002.1766
2024/02/14 04:34:41.00,461405.31,5634391.3517,2945999.8781
2024/02/14 04:34:42.00,461407.4805,5634392.715,2945997.2521
2024/02/14 04:34:43.00,461409.7732,5634394.0745,2945994.6402
2024/02/14 04:34:44.00,461412.1503,5634395.4823,2945991.9258
2024/02/14 04:34:45.00,461414.586,5634396.9774,2945989.0257
2024/02/14 04:34:46.00,461417.2296,5634398.5228,2945985.9986
2024/02/14 04:34:47.00,461420.0193,5634400.1588,2945982.8272
2024/02/14 04:34:48.00,461422.9096,5634401.8764,2945979.5066
2024/02/14 04:34:49.00,461425.8414,5634403.6692,2945976.0353
2024/02/14 04:34:50.00,461428.1291,5634404.2938,2945974.1325
2024/02/14 04:34:51.00,461431.1598,5634405.8776,2945968.1145
2024/02/14 04:34:52.00,461433.952,5634406.2384,2945962.0533
2024/02/14 04:34:53.00,461436.3356,5634410.153,2945959.8443
2024/02/14 04:34:54.00,461439.1175,5634414.1106,2945955.8644
2024/02/14 04:34:55.00,461441.2862,5634417.4687,2945953.6314
2024/02/14 04:34:56.00,461444.0762,5634418.8177,2945946.6931
2024/02/14 04:34:57.00,461446.4343,5634421.2315,2945941.9025
2024/02/14 04:34:58.00,461448.7551,5634423.7245,2945937.0966
2024/02/14 04:34:59.00,461451.1048,5634426.7422,2945932.4407
2024/02/14 04:35:00.00,461453.3411,5634428.659,2945927.6266
2024/02/14 04:35:01.00,461455.4717,5634431.0214,2945922.9939
2024/02/14 04:35:02.00,461457.6101,5634433.4263,2945918.3426
2024/02/14 04:35:03.00,461459.8604,5634435.8275,2945913.5842
2024/02/14 04:35:04.00,461462.1722,5634438.2761,2945908.7511
2024/02/14 04:35:05.00,461464.4576,5634440.7653,2945903.837
2024/02/14 04:35:06.00,461466.7481,5634443.2706,2945898.8434
2024/02/14 04:35:07.00,461469.0104,5634445.8218,2945893.8075
2024/02/14 04:35:08.00,461471.2671,5634448.3697,2945888.7134
2024/02/14 04:35:09.00,461473.5522,5634450.9749,2945883.5809
2024/02/14 04:35:10.00,461475.8579,5634453.62,2945878.3743
2024/02/14 04:35:11.00,461478.2121,5634456.2687,2945873.1221
2024/02/14 04:35:12.00,461480.6038,5634458.9523,2945867.8685
2024/02/14 04:35:13.00,461482.9996,5634461.6598,2945862.5849
2024/02/14 04:35:14.00,461485.3256,5634464.3609,2945857.2458
2024/02/14 04:35:15.00,461487.5977,5634467.0816,2945851.8793
2024/02/14 04:35:16.00,461489.8375,5634469.742,2945846.635
2024/02/14 04:35:17.00,461491.967,5634472.2702,2945841.6535
2024/02/14 04:35:18.00,461493.9684,5634474.632,2945837.0076
2024/02/14 04:35:19.00,461495.9156,5634476.886,2945832.552
2024/02/14 04:35:20.00,461497.9008,5634479.1609,2945828.1743
2024/02/14 04:35:21.00,461500.0083,5634481.4701,2945823.6775
2024/02/14 04:35:22.00,461502.1508,5634483.8115,2945819.2085
2024/02/14 04:35:23.00,461504.3094,5634486.1784,2945814.6277
2024/02/14 04:35:24.00,461506.4442,5634488.5578,2945810.0424
2024/02/14 04:35:25.00,461508.5959,5634490.9487,2945805.4887
2024/02/14 04:35:26.00,461510.6708,5634493.2282,2945801.0021
2024/02/14 04:35:27.00,461512.698,5634495.4731,2945796.5868
2024/02/14 04:35:28.00,461514.7995,5634497.7866,2945792.1206
2024/02/14 04:35:29.00,461516.8425,5634500.0751,2945787.7684
2024/02/14 04:35:30.00,461518.8124,5634502.2673,2945783.5719
2024/02/14 04:35:31.00,461520.6563,5634504.4277,2945779.5955
2024/02/14 04:35:32.00,461522.2901,5634506.3727,2945776.0476
2024/02/14 04:35:33.00,461523.8727,5634508.2496,2945772.4787
2024/02/14 04:35:34.00,461525.4045,5634510.2098,2945768.7492
2024/02/14 04:35:35.00,461526.9924,5634512.3271,2945764.9938
2024/02/14 04:35:36.00,461529.9727,5634507.0592,2945750.2462
2024/02/14 04:35:41.00,461537.6017,5634524.9556,2945741.809
2024/02/14 04:35:42.00,461539.8083,5634526.2321,2945737.2458
2024/02/14 04:35:43.00,461541.4987,5634528.4761,2945734.4205
2024/02/14 04:35:44.00,461543.2478,5634530.2209,2945731.0663
2024/02/14 04:35:45.00,461545.0172,5634532.0016,2945727.6771
2024/02/14 04:35:46.00,461546.8067,5634533.6899,2945724.3683
2024/02/14 04:35:47.00,461548.5188,5634535.2597,2945721.283
2024/02/14 04:35:48.00,461550.1668,5634536.7596,2945718.451
2024/02/14 04:35:49.00,461551.5547,5634538.1043,2945715.8689
2024/02/14 04:35:50.00,461552.8823,5634539.4462,2945713.2528
2024/02/14 04:35:51.00,461554.2398,5634540.8946,2945710.4886
2024/02/14 04:35:52.00,461556.6748,5634541.0859,2945706.3476
2024/02/14 04:35:53.00,461556.5452,5634543.7347,2945705.0129
2024/02/14 04:35:54.00,461557.3322,5634544.9894,2945702.6414
2024/02/14 04:35:55.00,461558.0093,5634546.1769,2945700.405
2024/02/14 04:35:56.00,461558.6591,5634547.369,2945698.1718
2024/02/14 04:35:57.00,461559.2397,5634548.5377,2945696.0081
2024/02/14 04:35:58.00,461559.9604,5634549.6513,2945693.8329
2024/02/14 04:35:59.00,461560.9141,5634550.8797,2945691.5852
2024/02/14 04:36:00.00,461562.063,5634552.172,2945689.2552
2024/02/14 04:36:01.00,461563.4264,5634553.4209,2945686.6753
2024/02/14 04:36:02.00,461565.034,5634551.0171,2945678.0831
2024/02/14 04:36:04.00,461567.8484,5634557.8732,2945677.6244
2024/02/14 04:36:06.00,461571.3377,5634561.5084,2945670.1759
2024/02/14 04:36:12.00,461582.2768,5634576.3283,2945647.4375
2024/02/14 04:36:13.00,461583.8935,5634576.2966,2945642.7117
2024/02/14 04:36:14.00,461587.9905,5634578.3137,2945639.0361
2024/02/14 04:36:15.00,461587.1123,5634579.9846,2945636.0004
2024/02/14 04:36:18.00,461592.7016,5634587.8483,2945625.1824
2024/02/14 04:36:19.00,461594.0283,5634591.8924,2945623.7661
2024/02/14 04:36:20.00,461596.3621,5634594.0671,2945619.006
2024/02/14 04:36:21.00,461599.4591,5634592.9934,2945611.6901
2024/02/14 04:36:25.00,461608.6336,5634604.7855,2945591.1975
2024/02/14 04:36:26.00,461611.8783,5634604.0147,2945581.3364
2024/02/14 04:36:27.00,461614.5878,5634605.2256,2945575.5305
2024/02/14 04:36:28.00,461617.2045,5634607.5653,2945569.9611
2024/02/14 04:36:29.00,461619.579,5634612.997,2945567.0178
2024/02/14 04:36:30.00,461621.8679,5634618.0022,2945563.5544
2024/02/14 04:36:31.00,461624.041,5634620.8892,2945558.1139
2024/02/14 04:36:32.00,461626.0234,5634623.8167,2945552.7967
2024/02/14 04:36:33.00,461627.8472,5634626.6893,2945547.4585
2024/02/14 04:36:34.00,461629.5747,5634629.5902,2945542.1631
2024/02/14 04:36:35.00,461631.2497,5634632.5258,2945536.7843
2024/02/14 04:36:36.00,461632.6913,5634635.4931,2945531.6928
2024/02/14 04:36:37.00,461633.9315,5634638.3079,2945526.8232
2024/02/14 04:36:38.00,461634.9068,5634640.8821,2945522.1679
2024/02/14 04:36:39.00,461635.6493,5634643.3973,2945517.7115
2024/02/14 04:36:40.00,461636.1444,5634645.8263,2945513.3587
2024/02/14 04:36:41.00,461636.6142,5634650.1588,2945509.6354
2024/02/14 04:36:45.00,461636.255,5634654.9802,2945497.0991
2024/02/14 04:36:46.00,461637.4022,5634655.2286,2945494.4783
2024/02/14 04:36:47.00,461635.6093,5634656.0254,2945493.7854
2024/02/14 04:36:48.00,461636.3263,5634657.3373,2945493.686
2024/02/14 04:36:49.00,461636.1969,5634656.9209,2945493.7424
2024/02/14 04:36:50.00,461636.1801,5634656.98,2945493.6148
2024/02/14 04:36:51.00,461636.1732,5634657.0261,2945493.5287
2024/02/14 04:36:52.00,461636.1665,5634657.2178,2945493.2055
2024/02/14 04:36:53.00,461636.1371,5634657.5001,2945492.7429
2024/02/14 04:36:54.00,461636.1438,5634657.8057,2945492.1524
2024/02/14 04:36:55.00,461636.1144,5634658.4314,2945491.0639
2024/02/14 04:36:56.00,461636.0988,5634659.3132,2945489.6314
2024/02/14 04:36:57.00,461636.047,5634660.4019,2945487.7269
2024/02/14 04:36:58.00,461636.0351,5634661.732,2945485.4355
2024/02/14 04:36:59.00,461635.9924,5634663.2338,2945482.9067
2024/02/14 04:37:00.00,461636.0415,5634664.7724,2945480.1912
2024/02/14 04:37:01.00,461636.2434,5634666.393,2945477.3869
2024/02/14 04:37:02.00,461636.5857,5634668.2896,2945474.0959
2024/02/14 04:37:03.00,461637.0772,5634670.2941,2945470.4826
2024/02/14 04:37:04.00,461638.9777,5634673.5014,2945468.0537
2024/02/14 04:37:05.00,461638.2028,5634673.8279,2945464.2119
2024/02/14 04:37:06.00,461638.7923,5634675.3961,2945461.3238
2024/02/14 04:37:07.00,461639.568,5634677.0526,2945458.319
2024/02/14 04:37:08.00,461640.648,5634678.7473,2945455.1387
2024/02/14 04:37:09.00,461641.8975,5634680.5204,2945451.8634
2024/02/14 04:37:10.00,461643.498,5634682.3214,2945448.5061
2024/02/14 04:37:11.00,461645.256,5634684.1181,2945445.0292
2024/02/14 04:37:12.00,461647.0318,5634685.9538,2945441.3684
2024/02/14 04:37:13.00,461648.9722,5634687.86,2945437.6415
2024/02/14 04:37:14.00,461651.0181,5634689.7039,2945433.995
2024/02/14 04:37:15.00,461653.1911,5634691.478,2945430.2862
2024/02/14 04:37:16.00,461655.7882,5634694.213,2945425.1738
2024/02/14 04:37:17.00,461657.6967,5634694.558,2945422.9262
2024/02/14 04:37:18.00,461660.5052,5634699.1967,2945417.6848
2024/02/14 04:37:19.00,461662.9002,5634698.3774,2945411.3759
2024/02/14 04:37:20.00,461665.2425,5634702.325,2945408.0001
2024/02/14 04:37:24.00,461675.9416,5634712.6197,2945383.3608
2024/02/14 04:37:25.00,461678.6039,5634718.4338,2945379.3373
2024/02/14 04:37:26.00,461681.4775,5634718.1722,2945370.9602
2024/02/14 04:37:27.00,461684.1237,5634722.5281,2945366.4692
2024/02/14 04:37:28.00,461686.9519,5634725.5999,2945360.2788
2024/02/14 04:37:29.00,461689.4954,5634723.6279,2945351.9701
2024/02/14 04:37:30.00,461691.8734,5634730.9538,2945349.4996
2024/02/14 04:37:31.00,461693.8874,5634733.0465,2945345.3112
2024/02/14 04:37:32.00,461695.6788,5634734.8969,2945341.5993
2024/02/14 04:37:33.00,461697.3063,5634736.6231,2945338.1794
2024/02/14 04:37:34.00,461698.9095,5634738.2109,2945334.9835
2024/02/14 04:37:35.00,461700.3904,5634739.6191,2945332.0772
2024/02/14 04:37:36.00,461701.5297,5634740.9385,2945329.3912
2024/02/14 04:37:37.00,461702.4896,5634742.2233,2945326.9601
2024/02/14 04:37:38.00,461703.4046,5634743.5255,2945324.4276
2024/02/14 04:37:39.00,461704.5337,5634744.8717,2945321.8691
2024/02/14 04:37:40.00,461705.7514,5634746.2078,2945319.2532
2024/02/14 04:37:41.00,461707.1077,5634747.7412,2945316.6619
2024/02/14 04:37:42.00,461708.6886,5634749.2587,2945313.7844
2024/02/14 04:37:43.00,461709.9183,5634757.6152,2945319.2277
2024/02/14 04:37:44.00,461713.1407,5634752.8378,2945306.0723
2024/02/14 04:37:45.00,461716.9088,5634739.4481,2945286.534
2024/02/14 04:37:46.00,461718.7116,5634754.9832,2945300.6888
2024/02/14 04:37:47.00,461722.0494,5634755.6077,2945295.582
2024/02/14 04:37:51.00,461736.0957,5634763.0372,2945282.8701
2024/02/14 04:37:52.00,461741.1957,5634762.9228,2945277.0405
2024/02/14 04:37:53.00,461745.2602,5634766.0929,2945275.1726
2024/02/14 04:37:54.00,461749.625,5634768.3192,2945272.064
2024/02/14 04:37:55.00,461752.9866,5634770.7392,2945268.8487
2024/02/14 04:37:56.00,461757.4249,5634773.1091,2945265.6318
2024/02/14 04:37:57.00,461762.0079,5634774.953,2945261.0566
2024/02/14 04:37:58.00,461766.4799,5634776.416,2945257.0155
2024/02/14 04:38:01.00,461779.5481,5634781.8761,2945246.3108
2024/02/14 04:38:02.00,461784.1918,5634784.1087,2945240.9739
2024/02/14 04:38:03.00,461788.5377,5634785.9573,2945236.9995
2024/02/14 04:38:04.00,461792.6985,5634787.7773,2945233.2141
2024/02/14 04:38:05.00,461796.6952,5634789.5411,2945229.5471
2024/02/14 04:38:06.00,461800.6014,5634791.2104,2945225.8516
2024/02/14 04:38:07.00,461804.5364,5634792.5093,2945221.4368
2024/02/14 04:38:08.00,461808.2223,5634794.7767,2945218.213
2024/02/14 04:38:09.00,461811.3153,5634796.2257,2945215.7774
2024/02/14 04:38:10.00,461814.2721,5634797.9583,2945212.0614
2024/02/14 04:38:11.00,461817.2674,5634800.0914,2945206.9343
2024/02/14 04:38:12.00,461820.0777,5634802.466,2945203.5941
2024/02/14 04:38:13.00,461822.8781,5634804.038,2945198.8063
2024/02/14 04:38:14.00,461825.6618,5634806.4998,2945194.4107
2024/02/14 04:38:15.00,461828.538,5634808.8648,2945188.5135
2024/02/14 04:38:16.00,461830.7249,5634810.3801,2945184.9776
2024/02/14 04:38:17.00,461833.2659,5634811.9083,2945178.2537
2024/02/14 04:38:18.00,461835.4978,5634817.2073,2945175.1507
2024/02/14 04:38:19.00,461837.4945,5634817.5816,2945169.6399
2024/02/14 04:38:20.00,461839.6093,5634822.0283,2945164.9826
2024/02/14 04:38:21.00,461841.4436,5634822.4232,2945159.4607
2024/02/14 04:38:23.00,461845.6492,5634827.5395,2945148.7585
2024/02/14 04:38:24.00,461847.5024,5634830.1151,2945143.2835
2024/02/14 04:38:25.00,461849.3718,5634832.8061,2945137.7645
2024/02/14 04:38:26.00,461851.5845,5634836.2748,2945130.8327
2024/02/14 04:38:27.00,461853.4421,5634838.2704,2945126.4104
2024/02/14 04:38:28.00,461855.4165,5634841.0983,2945122.4978
2024/02/14 04:38:29.00,461857.9719,5634843.7625,2945114.9898
2024/02/14 04:38:44.00,461896.2815,5634877.0185,2945036.4934
2024/02/14 04:38:45.00,461897.7539,5634878.9776,2945033.0546
2024/02/14 04:38:47.00,461898.9439,5634884.4277,2945025.2829
2024/02/14 04:38:48.00,461898.083,5634886.9803,2945023.9655
2024/02/14 04:38:49.00,461897.335,5634891.6242,2945023.4208
2024/02/14 04:38:50.00,461894.3458,5634889.6125,2945019.6307
2024/02/14 04:38:51.00,461891.4799,5634890.6998,2945017.9757
2024/02/14 04:38:52.00,461888.0822,5634891.7307,2945016.5799
2024/02/14 04:38:53.00,461884.3577,5634894.3577,2945015.4756
2024/02/14 04:38:54.00,461880.1378,5634894.2237,2945013.659
2024/02/14 04:38:55.00,461875.7421,5634893.1193,2945010.2048
2024/02/14 04:38:56.00,461871.139,5634896.184,2945009.11
2024/02/14 04:38:59.00,461855.8352,5634900.5297,2945006.1995
2024/02/14 04:39:00.00,461850.8251,5634901.1058,2945002.961
2024/02/14 04:39:02.00,461840.1058,5634903.1838,2944999.8698
2024/02/14 04:39:08.00,461801.3385,5634913.9111,2944991.6296
2024/02/14 04:39:09.00,461794.6354,5634916.9633,2944990.2656
2024/02/14 04:39:11.00,461781.0298,5634915.6395,2944985.9776
2024/02/14 04:39:12.00,461774.3574,5634917.3069,2944984.3432
2024/02/14 04:39:13.00,461767.7745,5634919.9895,2944981.4958
2024/02/14 04:39:14.00,461760.7805,5634922.237,2944981.4052
2024/02/14 04:39:15.00,461753.7357,5634923.7719,2944979.6679
2024/02/14 04:39:16.00,461746.5475,5634925.3894,2944977.9683
2024/02/14 04:39:17.00,461739.2875,5634927.0599,2944976.2678
2024/02/14 04:39:18.00,461732.3567,5634927.4292,2944972.9744
2024/02/14 04:39:19.00,461725.5926,5634930.1095,2944973.2505
2024/02/14 04:39:20.00,461719.6639,5634931.2823,2944972.0317
2024/02/14 04:39:21.00,461714.446,5634932.2065,2944971.0447
2024/02/14 04:39:22.00,461709.3874,5634932.963,2944970.2393
2024/02/14 04:39:23.00,461704.4912,5634933.6948,2944969.5665
2024/02/14 04:39:24.00,461699.7305,5634933.0417,2944967.2144
2024/02/14 04:39:25.00,461694.7302,5634935.0919,2944968.1079
2024/02/14 04:39:26.00,461689.6496,5634936.0081,2944967.0375
2024/02/14 04:39:27.00,461684.4814,5634936.9579,2944965.9706
2024/02/14 04:39:28.00,461679.2746,5634937.7746,2944965.0143
2024/02/14 04:39:29.00,461674.137,5634938.6187,2944964.0435
2024/02/14 04:39:30.00,461669.0603,5634938.1398,2944961.493
2024/02/14 04:39:31.00,461663.5571,5634940.1918,2944962.3283
2024/02/14 04:39:32.00,461657.7892,5634939.6369,2944959.8992
2024/02/14 04:39:33.00,461651.4163,5634941.6811,2944960.7874
2024/02/14 04:39:34.00,461644.7041,5634942.5974,2944959.9308
2024/02/14 04:39:35.00,461637.5926,5634942.2235,2944957.4633
2024/02/14 04:39:36.00,461630.1294,5634943.271,2944956.505
2024/02/14 04:39:37.00,461622.527,5634944.3562,2944955.5104
2024/02/14 04:39:38.00,461614.9049,5634945.4242,2944954.4578
2024/02/14 04:39:39.00,461607.3375,5634947.8451,2944955.0744
2024/02/14 04:39:40.00,461600.2136,5634946.0746,2944952.1093
2024/02/14 04:39:41.00,461594.1446,5634947.0807,2944951.1009
2024/02/14 04:39:42.00,461588.7817,5634949.3292,2944950.3912
2024/02/14 04:39:43.00,461583.3594,5634950.0008,2944949.5056
2024/02/14 04:39:44.00,461577.4368,5634952.4325,2944949.8121
2024/02/14 04:39:45.00,461571.2255,5634952.2903,2944946.7701
2024/02/14 04:39:46.00,461564.528,5634954.8928,2944946.9117
2024/02/14 04:39:47.00,461557.5876,5634956.2796,2944945.2032
2024/02/14 04:39:48.00,461550.3107,5634957.6799,2944943.422
2024/02/14 04:39:49.00,461542.7126,5634959.1332,2944941.659
2024/02/14 04:39:50.00,461534.8938,5634960.6519,2944939.7659
2024/02/14 04:39:51.00,461526.9636,5634962.1512,2944937.8367
2024/02/14 04:39:52.00,461519.1388,5634963.611,2944935.8769
2024/02/14 04:39:53.00,461511.4627,5634962.3875,2944931.8105
2024/02/14 04:39:54.00,461504.113,5634966.7809,2944931.6798
2024/02/14 04:39:55.00,461497.2201,5634965.5261,2944927.6583
2024/02/14 04:39:56.00,461490.5892,5634969.9196,2944927.6163
2024/02/14 04:39:57.00,461485.1826,5634970.7389,2944924.5293
2024/02/14 04:39:58.00,461477.756,5634976.4129,2944926.1833
2024/02/14 04:39:59.00,461474.5361,5634979.8592,2944922.5364
2024/02/14 04:40:00.00,461466.1492,5634974.2306,2944918.3093
2024/02/14 04:40:01.00,461460.4914,5634978.346,2944918.4746
2024/02/14 04:40:02.00,461454.7225,5634975.7643,2944914.3794
2024/02/14 04:40:04.00,461442.7899,5634978.1387,2944911.1785
2024/02/14 04:40:05.00,461437.2179,5634979.6331,2944907.1605
2024/02/14 04:40:06.00,461431.8616,5634983.5113,2944904.9718
2024/02/14 04:40:07.00,461426.432,5634983.6339,2944902.1405
2024/02/14 04:40:08.00,461421.1702,5634988.0912,2944901.7276
2024/02/14 04:40:09.00,461415.8667,5634989.6464,2944899.4139
2024/02/14 04:40:10.00,461410.477,5634991.3322,2944896.9716
2024/02/14 04:40:11.00,461405.0436,5634991.8126,2944892.7107
2024/02/14 04:40:12.00,461399.4673,5634994.8978,2944891.5827
2024/02/14 04:40:13.00,461394.1777,5634995.4717,2944887.1607
2024/02/14 04:40:14.00,461388.9221,5634998.5655,2944886.1014
2024/02/14 04:40:15.00,461383.8434,5635000.2969,2944883.3971
2024/02/14 04:40:16.00,461378.784,5635002.0478,2944880.6544
2024/02/14 04:40:17.00,461373.4562,5635003.8222,2944877.8224
2024/02/14 04:40:18.00,461367.8848,5635005.7619,2944874.8719
2024/02/14 04:40:19.00,461362.0176,5635007.8291,2944871.8117
2024/02/14 04:40:20.00,461355.9502,5635009.865,2944868.7782
2024/02/14 04:40:21.00,461349.8878,5635011.8845,2944865.7648
2024/02/14 04:40:22.00,461343.8693,5635013.8588,2944862.8227
2024/02/14 04:40:23.00,461338.0319,5635015.8404,2944859.9076
2024/02/14 04:40:24.00,461332.2155,5635017.643,2944857.2908
2024/02/14 04:40:25.00,461326.4454,5635019.4687,2944854.686
2024/02/14 04:40:26.00,461320.7251,5635021.3587,2944851.8069
2024/02/14 04:40:27.00,461315.3154,5635025.2552,2944849.3599
2024/02/14 04:40:28.00,461309.8593,5635025.1401,2944846.2071
2024/02/14 04:40:29.00,461304.6766,5635026.9689,2944843.5304
2024/02/14 04:40:30.00,461299.6063,5635028.687,2944841.0156
2024/02/14 04:40:31.00,461294.6264,5635030.295,2944838.6775
2024/02/14 04:40:32.00,461289.8633,5635033.804,2944836.8103
2024/02/14 04:40:33.00,461284.9942,5635033.2981,2944834.3202
2024/02/14 04:40:34.00,461280.3273,5635034.8245,2944832.1385
2024/02/14 04:40:35.00,461275.7581,5635036.3381,2944829.9441
2024/02/14 04:40:37.00,461266.803,5635039.4775,2944825.3692
2024/02/14 04:40:38.00,461264.0304,5635043.75,2944824.169
2024/02/14 04:40:39.00,461258.7961,5635042.3294,2944821.009
2024/02/14 04:40:40.00,461255.692,5635043.4117,2944819.3572
2024/02/14 04:40:41.00,461252.7177,5635044.3515,2944817.9288
2024/02/14 04:40:42.00,461249.5381,5635045.2859,2944816.4982
2024/02/14 04:40:43.00,461246.1242,5635046.3928,2944814.7678
2024/02/14 04:40:44.00,461242.5095,5635047.6821,2944812.7548
2024/02/14 04:40:45.00,461238.6048,5635049.0693,2944810.5827
2024/02/14 04:40:46.00,461234.3436,5635050.5663,2944808.172
2024/02/14 04:40:47.00,461229.761,5635052.1925,2944805.5796
2024/02/14 04:40:48.00,461224.8633,5635053.9579,2944802.8253
2024/02/14 04:40:49.00,461219.802,5635055.7579,2944800.0206
2024/02/14 04:40:50.00,461214.839,5635057.5669,2944797.2509
2024/02/14 04:40:51.00,461209.8021,5635059.1783,2944794.3409
2024/02/14 04:40:52.00,461204.9494,5635060.9801,2944791.5937
2024/02/14 04:40:53.00,461199.9729,5635062.8768,2944788.7371
2024/02/14 04:40:54.00,461194.8543,5635064.8503,2944785.7555
2024/02/14 04:40:55.00,461189.4681,5635066.8397,2944782.6721
2024/02/14 04:40:56.00,461183.8552,5635068.1315,2944778.4849
2024/02/14 04:40:57.00,461177.9943,5635069.0818,2944775.3072
2024/02/14 04:40:58.00,461172.3811,5635073.3116,2944773.0275
2024/02/14 04:40:59.00,461166.9725,5635074.5612,2944768.9117
2024/02/14 04:41:00.00,461162.0554,5635077.5414,2944767.1634
2024/02/14 04:41:01.00,461157.4213,5635079.5469,2944764.4188
2024/02/14 04:41:02.00,461152.9298,5635081.4577,2944761.6456
2024/02/14 04:41:03.00,461148.5206,5635083.3572,2944758.861
2024/02/14 04:41:04.00,461144.3327,5635085.198,2944756.1879
2024/02/14 04:41:05.00,461140.4831,5635086.9727,2944753.6736
2024/02/14 04:41:06.00,461137.0789,5635088.6943,2944751.1349
2024/02/14 04:41:07.00,461134.0474,5635090.505,2944748.4406
2024/02/14 04:41:08.00,461131.3286,5635092.402,2944745.3999
2024/02/14 04:41:09.00,461128.7257,5635094.3297,2944742.1836
2024/02/14 04:41:10.00,461126.3491,5635096.4173,2944738.7731
2024/02/14 04:41:11.00,461124.1822,5635098.6093,2944735.0756
2024/02/14 04:41:12.00,461122.128,5635100.8766,2944731.197
2024/02/14 04:41:13.00,461120.0984,5635101.6872,2944726.8206
2024/02/14 04:41:14.00,461118.2114,5635102.8884,2944720.9264
2024/02/14 04:41:15.00,461116.2866,5635105.4537,2944716.4938
2024/02/14 04:41:16.00,461114.3865,5635108.1275,2944711.8665
2024/02/14 04:41:17.00,461112.8372,5635112.4756,2944707.3091
2024/02/14 04:41:18.00,461111.5085,5635113.815,2944701.9377
2024/02/14 04:41:19.00,461110.8955,5635116.7541,2944696.595
2024/02/14 04:41:21.00,461112.1786,5635125.4686,2944687.321
2024/02/14 04:41:22.00,461113.9433,5635128.3474,2944681.6038
2024/02/14 04:41:23.00,461116.2587,5635131.1409,2944675.787
2024/02/14 04:41:24.00,461117.7632,5635130.2926,2944666.9583
2024/02/14 04:41:25.00,461121.9845,5635134.1191,2944661.3622
2024/02/14 04:41:26.00,461123.4842,5635138.263,2944656.0601
2024/02/14 04:41:27.00,461127.5781,5635144.2389,2944649.9732
2024/02/14 04:41:28.00,461131.9275,5635148.403,2944641.9006
2024/02/14 04:41:29.00,461133.1062,5635150.6491,2944635.9186
2024/02/14 04:41:30.00,461135.7384,5635156.0169,2944629.5823
2024/02/14 04:41:31.00,461138.0433,5635159.065,2944623.5148
2024/02/14 04:41:32.00,461139.7581,5635159.7306,2944617.7841
2024/02/14 04:41:33.00,461141.1352,5635162.3322,2944612.6716
2024/02/14 04:41:34.00,461142.3509,5635165.017,2944607.5002
2024/02/14 04:41:35.00,461143.5241,5635167.8175,2944602.2092
2024/02/14 04:41:36.00,461144.5073,5635170.7262,2944596.7928
2024/02/14 04:41:37.00,461145.1542,5635173.7898,2944591.277
2024/02/14 04:41:38.00,461145.2322,5635176.8845,2944585.7924
2024/02/14 04:41:39.00,461144.7598,5635179.923,2944580.485
2024/02/14 04:41:40.00,461143.6727,5635182.757,2944575.3538
2024/02/14 04:41:41.00,461141.8447,5635185.6397,2944570.3389
2024/02/14 04:41:42.00,461139.4348,5635188.5998,2944565.4016
2024/02/14 04:41:43.00,461136.6526,5635191.5709,2944560.3939
2024/02/14 04:41:44.00,461133.6342,5635194.6192,2944555.3211
2024/02/14 04:41:45.00,461130.3819,5635197.7044,2944550.142
2024/02/14 04:41:46.00,461127.023,5635200.8888,2944544.7879
2024/02/14 04:41:47.00,461123.6416,5635204.105,2944539.3637
2024/02/14 04:41:48.00,461120.3434,5635207.2177,2944534.0527
2024/02/14 04:41:49.00,461117.1044,5635210.2056,2944529.0064
2024/02/14 04:41:50.00,461113.9594,5635213.0131,2944524.15
2024/02/14 04:41:51.00,461110.8221,5635215.7157,2944519.5525
2024/02/14 04:41:52.00,461107.6953,5635218.2041,2944515.3466
2024/02/14 04:41:53.00,461104.8394,5635220.4545,2944511.495
2024/02/14 04:41:54.00,461102.1285,5635222.6264,2944507.8382
2024/02/14 04:41:55.00,461099.6267,5635224.7381,2944504.2303
2024/02/14 04:41:56.00,461097.086,5635226.856,2944500.5986
2024/02/14 04:41:57.00,461094.4273,5635229.0205,2944496.8625
2024/02/14 04:41:58.00,461091.807,5635231.3081,2944492.9674
2024/02/14 04:41:59.00,461088.8923,5635233.602,2944489.2294
2024/02/14 04:42:00.00,461085.5691,5635235.8184,2944485.7015
2024/02/14 04:42:01.00,461081.8928,5635237.8786,2944482.363
2024/02/14 04:42:02.00,461077.9217,5635239.9037,2944479.2004
2024/02/14 04:42:03.00,461073.7335,5635241.7091,2944476.3852
2024/02/14 04:42:04.00,461069.357,5635243.2298,2944474.1192
2024/02/14 04:42:05.00,461064.8509,5635244.5627,2944472.2416
2024/02/14 04:42:06.00,461060.1398,5635245.8184,2944470.4307
2024/02/14 04:42:07.00,461055.1859,5635247.1257,2944468.6629
2024/02/14 04:42:08.00,461049.8439,5635248.4622,2944466.5915
2024/02/14 04:42:09.00,461044.2215,5635250.0247,2944464.3053
2024/02/14 04:42:10.00,461038.274,5635251.6578,2944461.9609
2024/02/14 04:42:11.00,461032.1761,5635253.2281,2944459.6684
2024/02/14 04:42:12.00,461026.0895,5635254.7967,2944457.481
2024/02/14 04:42:13.00,461020.3221,5635256.2067,2944455.432
2024/02/14 04:42:14.00,461015.2198,5635257.4774,2944453.6027
2024/02/14 04:42:15.00,461010.8397,5635258.5447,2944452.0903
2024/02/14 04:42:16.00,461007.0476,5635259.4231,2944450.9178
2024/02/14 04:42:17.00,461003.6264,5635260.18,2944449.856
2024/02/14 04:42:18.00,461000.4107,5635260.9518,2944448.7894
2024/02/14 04:42:19.00,460997.119,5635261.775,2944447.6673
2024/02/14 04:42:20.00,460993.7379,5635262.6831,2944446.4582
2024/02/14 04:42:21.00,460990.5838,5635263.609,2944445.2015
2024/02/14 04:42:22.00,460987.5831,5635264.6949,2944443.6101
2024/02/14 04:42:23.00,460984.6055,5635266.065,2944441.4256
2024/02/14 04:42:24.00,460981.6723,5635267.7267,2944438.7698
2024/02/14 04:42:25.00,460978.6524,5635269.5406,2944435.8022
2024/02/14 04:42:26.00,460975.7515,5635271.5103,2944432.574
2024/02/14 04:42:27.00,460973.3119,5635273.4288,2944429.3371
2024/02/14 04:42:28.00,460971.4661,5635275.2942,2944426.1283
2024/02/14 04:42:29.00,460970.3869,5635276.87,2944423.2901
2024/02/14 04:42:30.00,460970.0163,5635278.1339,2944420.9419
2024/02/14 04:42:31.00,460969.9284,5635279.4613,2944418.4384
2024/02/14 04:42:32.00,460969.6034,5635280.948,2944415.6611
2024/02/14 04:42:33.00,460969.0254,5635282.6082,2944412.5978
2024/02/14 04:42:34.00,460968.2198,5635284.4024,2944409.2711
2024/02/14 04:42:35.00,460967.241,5635286.4207,2944405.651
2024/02/14 04:42:36.00,460966.2036,5635288.6092,2944401.6063
2024/02/14 04:42:37.00,460965.1014,5635291.0201,2944397.2231
2024/02/14 04:42:38.00,460963.9364,5635293.6072,2944392.5057
2024/02/14 04:42:39.00,460962.6381,5635296.4352,2944387.3282
2024/02/14 04:42:40.00,460961.2001,5635299.4938,2944381.7976
2024/02/14 04:42:41.00,460959.7474,5635302.532,2944376.2363
2024/02/14 04:42:42.00,460958.3155,5635305.5675,2944370.7707
2024/02/14 04:42:43.00,460956.7702,5635308.6641,2944365.102
2024/02/14 04:42:44.00,460955.2425,5635311.9108,2944359.242
2024/02/14 04:42:45.00,460953.688,5635315.9511,2944352.0588
2024/02/14 04:42:46.00,460951.8377,5635318.5786,2944347.195
2024/02/14 04:42:47.00,460950.1242,5635321.8758,2944341.1653
2024/02/14 04:42:48.00,460948.492,5635325.178,2944335.1582
2024/02/14 04:42:49.00,460946.8051,5635328.5351,2944329.1166
2024/02/14 04:42:50.00,460945.0098,5635331.8314,2944323.115
2024/02/14 04:42:51.00,460943.441,5635335.1021,2944317.1726
2024/02/14 04:42:52.00,460942.2377,5635338.3126,2944311.3541
2024/02/14 04:42:53.00,460941.406,5635343.3256,2944306.0956
2024/02/14 04:42:54.00,460940.7566,5635344.1325,2944300.6356
2024/02/14 04:42:55.00,460940.4179,5635346.7719,2944295.7703
2024/02/14 04:42:56.00,460940.2809,5635349.4578,2944290.8228
2024/02/14 04:42:57.00,460940.1997,5635352.2007,2944285.7489
2024/02/14 04:42:58.00,460940.1152,5635355.0061,2944280.5331
2024/02/14 04:42:59.00,460939.9928,5635357.8926,2944275.1898
2024/02/14 04:43:00.00,460939.8075,5635360.9026,2944269.7399
2024/02/14 04:43:01.00,460939.6951,5635363.9893,2944264.1273
2024/02/14 04:43:02.00,460939.5977,5635367.1631,2944258.3959
2024/02/14 04:43:03.00,460939.5382,5635370.3903,2944252.5156
2024/02/14 04:43:04.00,460939.4495,5635373.6959,2944246.55
2024/02/14 04:43:05.00,460939.2411,5635377.0328,2944240.4355
2024/02/14 04:43:06.00,460938.8488,5635380.4778,2944234.2005
2024/02/14 04:43:07.00,460938.4457,5635384.0067,2944227.845
2024/02/14 04:43:08.00,460937.6498,5635387.5515,2944221.4437
2024/02/14 04:43:09.00,460935.9123,5635391.1652,2944215.1392
2024/02/14 04:43:10.00,460933.3245,5635394.7767,2944209.0073
2024/02/14 04:43:11.00,460929.799,5635398.2955,2944203.1147
2024/02/14 04:43:12.00,460925.4974,5635401.795,2944197.4286
2024/02/14 04:43:13.00,460921.0423,5635407.4185,2944191.9669
2024/02/14 04:43:14.00,460916.4379,5635409.0461,2944185.5446
2024/02/14 04:43:15.00,460912.1118,5635412.8084,2944179.2269
2024/02/14 04:43:16.00,460908.279,5635416.7551,2944172.5272
2024/02/14 04:43:17.00,460905.7962,5635420.8868,2944165.185
2024/02/14 04:43:18.00,460905.0363,5635425.0831,2944157.3242
2024/02/14 04:43:19.00,460906.0657,5635429.301,2944149.1613
2024/02/14 04:43:20.00,460908.2682,5635433.5214,2944140.87
2024/02/14 04:43:21.00,460910.8889,5635437.8067,2944132.4131
2024/02/14 04:43:22.00,460913.6468,5635442.2027,2944123.7136
2024/02/14 04:43:23.00,460916.515,5635446.7246,2944114.8441
2024/02/14 04:43:24.00,460919.4417,5635451.3441,2944105.7985
2024/02/14 04:43:25.00,460922.5435,5635456.0279,2944096.6581
2024/02/14 04:43:26.00,460925.886,5635461.2722,2944085.9874
2024/02/14 04:43:28.00,460931.8407,5635470.1611,2944068.8033
2024/02/14 04:43:29.00,460933.3061,5635474.5366,2944061.4431
2024/02/14 04:43:30.00,460936.5495,5635477.8447,2944051.4091
2024/02/14 04:43:31.00,460940.5577,5635483.3616,2944042.9226
2024/02/14 04:43:32.00,460943.134,5635487.6913,2944035.3247
2024/02/14 04:43:33.00,460945.9835,5635492.2502,2944026.4979
2024/02/14 04:43:34.00,460948.9154,5635495.0379,2944019.8524
2024/02/14 04:43:35.00,460951.3093,5635499.7347,2944011.5989
2024/02/14 04:43:36.00,460953.9973,5635503.5697,2944004.114
2024/02/14 04:43:37.00,460957.0004,5635506.4947,2943997.3826
2024/02/14 04:43:38.00,460959.6202,5635510.4202,2943989.7247
2024/02/14 04:43:39.00,460962.2003,5635516.3888,2943982.295
2024/02/14 04:43:40.00,460964.5602,5635518.3871,2943974.1018
2024/02/14 04:43:41.00,460966.8695,5635522.4102,2943966.2571
2024/02/14 04:43:42.00,460969.0318,5635526.3324,2943958.6191
2024/02/14 04:43:43.00,460970.5882,5635530.1726,2943951.2202
2024/02/14 04:43:44.00,460971.3251,5635533.9819,2943944.0607
2024/02/14 04:43:45.00,460971.0655,5635537.6967,2943937.2129
2024/02/14 04:43:46.00,460970.2187,5635541.3164,2943930.7526
2024/02/14 04:43:47.00,460969.315,5635544.7312,2943924.4524
2024/02/14 04:43:48.00,460968.453,5635548.1891,2943918.265
2024/02/14 04:43:49.00,460967.539,5635551.6709,2943911.9356
2024/02/14 04:43:50.00,460966.5325,5635555.2129,2943905.4505
2024/02/14 04:43:51.00,460965.3158,5635558.8478,2943898.8064
2024/02/14 04:43:52.00,460963.8882,5635564.559,2943892.279
2024/02/14 04:43:53.00,460962.3882,5635566.449,2943884.8411
2024/02/14 04:43:54.00,460961.0664,5635570.5269,2943877.6246
2024/02/14 04:43:55.00,460959.8233,5635574.6127,2943870.1856
2024/02/14 04:43:56.00,460958.4723,5635575.9215,2943860.8479
2024/02/14 04:43:57.00,460957.0983,5635580.1608,2943853.2304
2024/02/14 04:43:58.00,460955.864,5635584.3871,2943845.5846
2024/02/14 04:43:59.00,460954.7144,5635588.691,2943837.8495
2024/02/14 04:44:00.00,460953.6011,5635593.0785,2943830.0264
2024/02/14 04:44:01.00,460952.4519,5635597.4037,2943822.1682
2024/02/14 04:44:02.00,460951.4622,5635601.606,2943814.4776
2024/02/14 04:44:03.00,460950.7089,5635608.5055,2943808.8719
2024/02/14 04:44:04.00,460950.193,5635612.4348,2943801.7781
2024/02/14 04:44:05.00,460949.788,5635613.2527,2943793.3062
2024/02/14 04:44:06.00,460950.8646,5635617.69,2943786.1939
2024/02/14 04:44:07.00,460950.5016,5635620.8563,2943780.3428
2024/02/14 04:44:08.00,460948.6273,5635622.7903,2943775.9463
2024/02/14 04:44:09.00,460948.1225,5635628.2434,2943772.9223
2024/02/14 04:44:10.00,460947.5848,5635630.5505,2943768.7775
2024/02/14 04:44:11.00,460947.0259,5635633.3913,2943763.7677
2024/02/14 04:44:12.00,460946.3777,5635634.6956,2943761.3163
2024/02/14 04:44:13.00,460945.5523,5635636.6244,2943757.785
2024/02/14 04:44:14.00,460944.467,5635637.3749,2943752.7999
2024/02/14 04:44:15.00,460943.2871,5635641.1866,2943749.8242
2024/02/14 04:44:16.00,460942.0641,5635642.2078,2943747.9235
2024/02/14 04:44:17.00,460942.0939,5635643.7549,2943742.3168
2024/02/14 04:44:18.00,460939.4756,5635644.5638,2943739.8877
2024/02/14 04:44:19.00,460938.3622,5635649.7161,2943738.3947
2024/02/14 04:44:20.00,460937.0289,5635646.7316,2943732.9188
2024/02/14 04:44:21.00,460935.9607,5635648.4709,2943729.7811
2024/02/14 04:44:22.00,460935.0255,5635651.544,2943727.3477
2024/02/14 04:44:23.00,460934.2974,5635651.1754,2943725.0506
2024/02/14 04:44:24.00,460935.3301,5635657.461,2943726.4561
2024/02/14 04:44:25.00,460933.6024,5635652.3129,2943722.958
2024/02/14 04:44:26.00,460933.4999,5635656.1234,2943723.1066
2024/02/14 04:44:27.00,460933.2696,5635652.8792,2943721.9594
2024/02/14 04:44:28.00,460934.4877,5635658.9499,2943723.8862
2024/02/14 04:44:29.00,460934.042,5635659.6684,2943722.6907
2024/02/14 04:44:30.00,460933.5842,5635660.3719,2943721.4671
2024/02/14 04:44:31.00,460931.7764,5635658.2817,2943719.3072
2024/02/14 04:44:32.00,460931.451,5635658.8072,2943718.3602
2024/02/14 04:44:33.00,460930.0888,5635657.0929,2943716.8591
2024/02/14 04:44:34.00,460930.2442,5635667.4313,2943722.8364
2024/02/14 04:44:35.00,460932.4442,5635660.8575,2943716.7586
2024/02/14 04:44:36.00,460932.4944,5635662.1478,2943718.2548
2024/02/14 04:44:37.00,460930.1308,5635663.7936,2943720.5226
2024/02/14 04:44:38.00,460930.0554,5635660.9729,2943718.7604
2024/02/14 04:44:39.00,460932.4935,5635662.1564,2943718.2564
2024/02/14 04:44:40.00,460930.2026,5635667.3422,2943721.1477
2024/02/14 04:44:41.00,460932.454,5635660.8528,2943716.7826
2024/02/14 04:44:42.00,460932.4101,5635660.9172,2943716.684
2024/02/14 04:44:43.00,460932.3684,5635662.3494,2943717.9019
2024/02/14 04:44:44.00,460932.2364,5635661.21,2943716.1637
2024/02/14 04:44:45.00,460932.3272,5635666.0711,2943718.2146
2024/02/14 04:44:46.00,460932.3281,5635666.0639,2943718.2106
2024/02/14 04:44:47.00,460932.2093,5635661.2253,2943716.0996
2024/02/14 04:44:48.00,460932.2072,5635661.2198,2943716.0952
2024/02/14 04:44:49.00,460932.2091,5635661.2222,2943716.0979
2024/02/14 04:44:50.00,460932.2094,5635661.2252,2943716.0976
2024/02/14 04:44:51.00,460932.2086,5635661.2199,2943716.0989
2024/02/14 04:44:52.00,460932.2089,5635661.2225,2943716.0989
2024/02/14 04:44:53.00,460932.2123,5635661.2181,2943716.1115
2024/02/14 04:44:54.00,460933.1209,5635655.2937,2943712.6211
2024/02/14 04:44:55.00,460932.1529,5635662.7173,2943717.3028
2024/02/14 04:44:57.00,460931.5034,5635663.6147,2943715.7238
2024/02/14 04:44:58.00,460929.5829,5635660.1286,2943712.2922
2024/02/14 04:44:59.00,460929.0702,5635663.7193,2943712.8442
2024/02/14 04:45:00.00,460929.7624,5635665.6941,2943712.1814
2024/02/14 04:45:01.00,460927.3497,5635662.5699,2943708.1892
2024/02/14 04:45:02.00,460926.3635,5635664.7837,2943708.0354
2024/02/14 04:45:03.00,460925.35,5635664.3968,2943705.0674
2024/02/14 04:45:04.00,460924.4485,5635666.5236,2943705.1672
2024/02/14 04:45:05.00,460923.3414,5635667.4821,2943703.4899
2024/02/14 04:45:06.00,460921.9868,5635665.7232,2943699.9341
2024/02/14 04:45:07.00,460921.8861,5635668.8878,2943698.9436
2024/02/14 04:45:08.00,460921.1029,5635671.9788,2943697.8436
2024/02/14 04:45:09.00,460918.863,5635671.3666,2943697.0106
2024/02/14 04:45:10.00,460919.5219,5635674.7586,2943696.8435
2024/02/14 04:45:11.00,460917.1763,5635669.9278,2943692.9257
2024/02/14 04:45:12.00,460916.3246,5635675.5848,2943693.6275
2024/02/14 04:45:13.00,460915.253,5635673.1983,2943690.3723
2024/02/14 04:45:14.00,460914.2532,5635675.4555,2943690.2455
2024/02/14 04:45:15.00,460912.9951,5635677.2724,2943687.2372
2024/02/14 04:45:16.00,460911.7476,5635679.8016,2943686.5459
2024/02/14 04:45:17.00,460910.1903,5635679.8085,2943682.9654
2024/02/14 04:45:18.00,460908.6378,5635681.083,2943680.836
2024/02/14 04:45:19.00,460907.1069,5635681.5344,2943680.0084
2024/02/14 04:45:20.00,460905.679,5635682.5385,2943678.3368
2024/02/14 04:45:21.00,460904.2717,5635683.4556,2943676.823
2024/02/14 04:45:22.00,460902.8952,5635684.3154,2943675.4287
2024/02/14 04:45:23.00,460901.4798,5635685.147,2943674.1646
2024/02/14 04:45:24.00,460899.775,5635685.9389,2943672.8648
2024/02/14 04:45:25.00,460897.8315,5635686.752,2943671.6836
2024/02/14 04:45:26.00,460895.6782,5635687.4658,2943670.7547
2024/02/14 04:45:27.00,460893.5394,5635687.9677,2943670.1788
2024/02/14 04:45:28.00,460891.4613,5635688.2321,2943669.9892
2024/02/14 04:45:29.00,460889.338,5635688.3069,2943670.102
2024/02/14 04:45:30.00,460887.1136,5635688.1948,2943670.6258
2024/02/14 04:45:31.00,460884.592,5635687.8158,2943671.6072
2024/02/14 04:45:32.00,460881.6884,5635687.2335,2943673.0801
2024/02/14 04:45:33.00,460878.2592,5635686.4886,2943674.8217
2024/02/14 04:45:34.00,460874.4498,5635685.7123,2943676.7637
2024/02/14 04:45:35.00,460870.5699,5635684.8541,2943678.8401
2024/02/14 04:45:36.00,460866.5781,5635683.9474,2943680.988
2024/02/14 04:45:37.00,460862.125,5635682.9648,2943683.396
2024/02/14 04:45:38.00,460857.1985,5635681.8576,2943686.0267
2024/02/14 04:45:39.00,460851.9414,5635680.6519,2943688.8984
2024/02/14 04:45:40.00,460846.4021,5635679.3619,2943691.9452
2024/02/14 04:45:41.00,460840.571,5635678.0105,2943695.1153
2024/02/14 04:45:42.00,460834.4938,5635676.6016,2943698.4237
2024/02/14 04:45:43.00,460828.2357,5635675.1585,2943701.8177
2024/02/14 04:45:44.00,460822.0414,5635673.7257,2943705.1778
2024/02/14 04:45:45.00,460816.0983,5635672.3527,2943708.3815
2024/02/14 04:45:46.00,460811.1221,5635671.2066,2943711.0685
2024/02/14 04:45:47.00,460806.9288,5635670.2484,2943713.3389
2024/02/14 04:45:48.00,460802.759,5635669.2868,2943715.598
2024/02/14 04:45:49.00,460798.2177,5635668.2545,2943718.0688
2024/02/14 04:45:50.00,460793.2416,5635667.0394,2943720.9131
2024/02/14 04:45:51.00,460787.7108,5635665.5886,2943724.2646
2024/02/14 04:45:52.00,460781.6233,5635663.9164,2943728.0526
2024/02/14 04:45:53.00,460775.3994,5635662.2093,2943731.943
2024/02/14 04:45:54.00,460768.8533,5635660.4211,2943736.0513
2024/02/14 04:45:55.00,460761.8287,5635658.4727,2943740.5037
2024/02/14 04:45:56.00,460754.2133,5635656.3167,2943745.3985
2024/02/14 04:45:57.00,460746.0932,5635653.8853,2943750.8586
2024/02/14 04:45:58.00,460737.6465,5635651.1368,2943756.9193
2024/02/14 04:45:59.00,460729.2316,5635648.2106,2943763.3363
2024/02/14 04:46:00.00,460720.7958,5635645.1029,2943770.0801
2024/02/14 04:46:01.00,460712.2761,5635641.8063,2943777.2081
2024/02/14 04:46:02.00,460703.6461,5635638.305,2943784.6952
2024/02/14 04:46:03.00,460694.9643,5635634.6005,2943792.5829
2024/02/14 04:46:04.00,460686.2424,5635630.6805,2943800.8665
2024/02/14 04:46:05.00,460677.548,5635626.51,2943809.5814
2024/02/14 04:46:06.00,460668.8605,5635622.1165,2943818.6849
2024/02/14 04:46:07.00,460660.184,5635617.5266,2943828.1846
2024/02/14 04:46:08.00,460651.5007,5635612.7211,2943838.0151
2024/02/14 04:46:09.00,460642.7422,5635607.9095,2943848.0078
2024/02/14 04:46:10.00,460634.018,5635603.0916,2943857.9589
2024/02/14 04:46:11.00,460625.3391,5635598.2623,2943867.8994
2024/02/14 04:46:12.00,460616.6159,5635593.4822,2943877.7787
2024/02/14 04:46:13.00,460607.8258,5635588.7062,2943887.6644
2024/02/14 04:46:14.00,460598.9085,5635583.8758,2943897.6128
2024/02/14 04:46:15.00,460590.0034,5635579.0467,2943907.6423
2024/02/14 04:46:16.00,460581.156,5635574.1902,2943917.6525
2024/02/14 04:46:17.00,460572.3588,5635569.3232,2943927.6801
2024/02/14 04:46:18.00,460563.4864,5635564.4203,2943937.7683
2024/02/14 04:46:19.00,460554.6167,5635559.5159,2943947.842
2024/02/14 04:46:20.00,460545.9609,5635554.7729,2943957.659
2024/02/14 04:46:21.00,460537.7028,5635550.174,2943967.0652
2024/02/14 04:46:22.00,460529.6307,5635545.7146,2943976.2615
2024/02/14 04:46:23.00,460521.5464,5635539.6507,2943985.1641
2024/02/14 04:46:24.00,460513.7006,5635536.6861,2943994.4545
2024/02/14 04:46:25.00,460506.3052,5635532.3714,2944002.992
2024/02/14 04:46:26.00,460499.5753,5635527.6036,2944009.2412
2024/02/14 04:46:27.00,460493.4931,5635524.8885,2944017.6097
2024/02/14 04:46:28.00,460487.5879,5635521.4752,2944024.2167
2024/02/14 04:46:29.00,460481.7959,5635518.1378,2944030.6428
2024/02/14 04:46:30.00,460475.962,5635514.7617,2944037.0633
2024/02/14 04:46:31.00,460470.0965,5635511.3494,2944043.5576
2024/02/14 04:46:32.00,460464.1501,5635507.807,2944050.2809
2024/02/14 04:46:33.00,460458.0201,5635504.1926,2944057.1632
2024/02/14 04:46:34.00,460451.7244,5635500.4814,2944064.1552
2024/02/14 04:46:35.00,460445.4194,5635496.7904,2944071.1623
2024/02/14 04:46:36.00,460439.1207,5635493.1051,2944078.1605
2024/02/14 04:46:37.00,460432.6753,5635489.3247,2944085.3315
2024/02/14 04:46:38.00,460426.0376,5635485.4532,2944092.637
2024/02/14 04:46:39.00,460419.27,5635481.5151,2944100.1397
2024/02/14 04:46:40.00,460412.3742,5635477.4653,2944107.8232
2024/02/14 04:46:41.00,460405.3595,5635473.3076,2944115.6814
2024/02/14 04:46:42.00,460398.1864,5635469.0413,2944123.7152
2024/02/14 04:46:43.00,460390.8235,5635464.7121,2944131.8816
2024/02/14 04:46:44.00,460383.4446,5635460.3742,2944140.092
2024/02/14 04:46:45.00,460376.2695,5635456.0735,2944148.161
2024/02/14 04:46:46.00,460369.2077,5635451.8239,2944156.1463
2024/02/14 04:46:47.00,460361.9557,5635447.5199,2944164.1961
2024/02/14 04:46:48.00,460354.7835,5635443.3064,2944172.1087
2024/02/14 04:46:49.00,460347.7965,5635439.2193,2944179.825
2024/02/14 04:46:51.00,460334.3693,5635432.1587,2944194.9034
2024/02/14 04:46:52.00,460327.114,5635426.4106,2944201.4872
2024/02/14 04:46:53.00,460320.1908,5635423.0586,2944210.171
2024/02/14 04:46:54.00,460313.0423,5635418.8533,2944218.2264
2024/02/14 04:46:55.00,460305.8119,5635414.6532,2944226.4329
2024/02/14 04:46:56.00,460298.7319,5635410.541,2944234.4857
2024/02/14 04:46:57.00,460291.9162,5635406.6149,2944242.2678
2024/02/14 04:46:58.00,460285.2925,5635402.865,2944249.874
2024/02/14 04:46:59.00,460278.5778,5635399.1355,2944257.4463
2024/02/14 04:47:00.00,460271.7848,5635395.5223,2944265.0181
2024/02/14 04:47:01.00,460265.0402,5635391.8773,2944272.5932
2024/02/14 04:47:02.00,460258.3603,5635388.25,2944280.1662
2024/02/14 04:47:03.00,460251.7383,5635384.6574,2944287.7553
2024/02/14 04:47:04.00,460245.3608,5635381.1687,2944295.1052
2024/02/14 04:47:05.00,460239.4481,5635377.8796,2944301.9953
2024/02/14 04:47:06.00,460233.7623,5635374.7255,2944308.6685
2024/02/14 04:47:07.00,460228.006,5635371.6553,2944315.2005
2024/02/14 04:47:08.00,460222.4895,5635368.7859,2944321.3117
2024/02/14 04:47:09.00,460217.4857,5635366.1536,2944326.9182
2024/02/14 04:47:10.00,460213.0443,5635363.7171,2944332.0104
2024/02/14 04:47:11.00,460209.0882,5635361.5288,2944336.6117
2024/02/14 04:47:12.00,460205.242,5635359.4282,2944341.0324
2024/02/14 04:47:13.00,460201.4141,5635357.3535,2944345.3754
2024/02/14 04:47:14.00,460197.6179,5635355.351,2944349.6451
2024/02/14 04:47:15.00,460193.9011,5635353.4287,2944353.7729
2024/02/14 04:47:16.00,460190.5516,5635351.6931,2944357.5033
2024/02/14 04:47:17.00,460187.8098,5635350.1722,2944360.6769
2024/02/14 04:47:18.00,460185.6141,5635348.9382,2944363.2724
2024/02/14 04:47:19.00,460183.7997,5635347.9324,2944365.3992
2024/02/14 04:47:20.00,460181.9665,5635346.9205,2944367.5091
2024/02/14 04:47:21.00,460180.2276,5635346.0014,2944369.4858
2024/02/14 04:47:22.00,460179.0587,5635345.3577,2944370.8196
2024/02/14 04:47:23.00,460178.5576,5635345.079,2944371.4042
2024/02/14 04:47:24.00,460178.1816,5635344.8697,2944371.8412
2024/02/14 04:47:25.00,460177.7811,5635344.6445,2944372.3051
2024/02/14 04:47:26.00,460177.349,5635344.4248,2944372.7939
2024/02/14 04:47:27.00,460176.9808,5635344.2323,2944373.2133
2024/02/14 04:47:28.00,460176.8813,5635344.1845,2944373.3289
2024/02/14 04:47:29.00,460176.879,5635344.182,2944373.3306
2024/02/14 04:47:30.00,460176.874,5635344.1843,2944373.3391
2024/02/14 04:47:31.00,460176.8393,5635344.161,2944373.3795
2024/02/14 04:47:32.00,460176.8082,5635344.1428,2944373.4105
2024/02/14 04:47:33.00,460176.81,5635344.1416,2944373.4098
2024/02/14 04:47:34.00,460176.7967,5635344.1382,2944373.4251
2024/02/14 04:47:35.00,460176.7391,5635344.1059,2944373.4907
2024/02/14 04:47:36.00,460176.5003,5635343.9816,2944373.7618
2024/02/14 04:47:37.00,460175.8324,5635343.6218,2944374.5177
2024/02/14 04:47:38.00,460174.7894,5635343.0569,2944375.7057
2024/02/14 04:47:39.00,460173.4523,5635342.3521,2944377.2162
2024/02/14 04:47:40.00,460171.7563,5635341.4324,2944379.1586
2024/02/14 04:47:41.00,460169.7709,5635340.3531,2944381.4592
2024/02/14 04:47:42.00,460167.7123,5635339.192,2944383.9235
2024/02/14 04:47:43.00,460165.6509,5635338.0175,2944386.4034
2024/02/14 04:47:44.00,460163.4843,5635336.794,2944389.0032
2024/02/14 04:47:45.00,460161.0966,5635335.4473,2944391.8285
2024/02/14 04:47:46.00,460158.8036,5635334.1598,2944394.533
2024/02/14 04:47:47.00,460156.7905,5635333.0445,2944396.8852
2024/02/14 04:47:48.00,460154.9842,5635332.0359,2944398.9893
2024/02/14 04:47:49.00,460153.4425,5635331.187,2944400.7778
2024/02/14 04:47:50.00,460152.3657,5635330.5879,2944402.0596
2024/02/14 04:47:51.00,460151.6763,5635330.1749,2944402.9127
2024/02/14 04:47:52.00,460151.1581,5635329.8649,2944403.565
2024/02/14 04:47:53.00,460150.6301,5635329.5508,2944404.2449
2024/02/14 04:47:54.00,460150.0779,5635329.221,2944404.9303
2024/02/14 04:47:55.00,460149.5011,5635328.8975,2944405.6283
2024/02/14 04:47:56.00,460148.9833,5635328.592,2944406.276
2024/02/14 04:47:57.00,460148.6425,5635328.395,2944406.6996
2024/02/14 04:47:58.00,460145.3326,5635339.5589,2944414.1313
2024/02/14 04:47:59.00,460145.3306,5635339.5574,2944414.1303
2024/02/14 04:48:00.00,460145.3297,5635339.5625,2944414.1314
2024/02/14 04:48:01.00,460145.3279,5635339.5611,2944414.1309
2024/02/14 04:48:02.00,460145.5241,5635334.5049,2944411.8803
2024/02/14 04:48:03.00,460145.3526,5635336.0582,2944413.5624
2024/02/14 04:48:04.00,460144.1201,5635333.8693,2944411.3063
2024/02/14 04:48:05.00,460144.1187,5635333.8697,2944411.308
2024/02/14 04:48:06.00,460148.6253,5635328.3792,2944406.72
2024/02/14 04:48:07.00,460146.5293,5635333.7896,2944410.9543
2024/02/14 04:48:08.00,460146.5297,5635333.789,2944410.9546
2024/02/14 04:48:09.00,460146.5284,5635333.7954,2944410.9575
2024/02/14 04:48:10.00,460146.5266,5635333.7924,2944410.9554
2024/02/14 04:48:11.00,460146.5288,5635333.7898,2944410.9519
2024/02/14 04:48:12.00,460146.5265,5635333.7907,2944410.9518
2024/02/14 04:48:13.00,460146.527,5635333.789,2944410.9508
2024/02/14 04:48:14.00,460146.5264,5635333.7896,2944410.9491
2024/02/14 04:48:15.00,460146.5257,5635333.7911,2944410.9472
2024/02/14 04:48:16.00,460146.5253,5635333.789,2944410.9483
2024/02/14 04:48:17.00,460146.5245,5635333.7909,2944410.949
2024/02/14 04:48:18.00,460146.5243,5635333.7885,2944410.9458
2024/02/14 04:48:19.00,460146.5254,5635333.7867,2944410.9456
2024/02/14 04:48:20.00,460146.5264,5635333.7854,2944410.9436
2024/02/14 04:48:21.00,460146.5243,5635333.7899,2944410.9458
2024/02/14 04:48:22.00,460146.5233,5635333.7927,2944410.9456
2024/02/14 04:48:23.00,460146.5234,5635333.7886,2944410.9409
2024/02/14 04:48:24.00,460146.5237,5635333.7872,2944410.9412
2024/02/14 04:48:25.00,460146.5233,5635333.7892,2944410.9409
2024/02/14 04:48:26.00,460146.5237,5635333.7841,2944410.9382
2024/02/14 04:48:27.00,460146.5251,5635333.7864,2944410.9372
2024/02/14 04:48:28.00,460146.523,5635333.783,2944410.9372
2024/02/14 04:48:29.00,460146.5217,5635333.7877,2944410.9383
2024/02/14 04:48:30.00,460148.6256,5635328.3748,2944406.719
2024/02/14 04:48:31.00,460146.5246,5635333.7859,2944410.9341
2024/02/14 04:48:32.00,460148.625,5635328.3735,2944406.7184
2024/02/14 04:48:33.00,460146.5218,5635333.7873,2944410.9353
2024/02/14 04:48:34.00,460148.6258,5635328.3754,2944406.7195
2024/02/14 04:48:35.00,460148.6262,5635328.375,2944406.719
2024/02/14 04:48:36.00,460148.6074,5635330.3407,2944407.02
2024/02/14 04:48:37.00,460148.6069,5635330.3389,2944407.0198
2024/02/14 04:48:38.00,460148.6084,5635330.3387,2944407.0185
2024/02/14 04:48:39.00,460148.6247,5635328.3728,2944406.7183
2024/02/14 04:48:40.00,460148.6065,5635330.3367,2944407.0159
2024/02/14 04:48:41.00,460148.6048,5635330.3388,2944407.0185
2024/02/14 04:48:42.00,460148.6056,5635330.3392,2944407.0185
2024/02/14 04:48:43.00,460148.6041,5635330.3438,2944407.0214
2024/02/14 04:48:44.00,460145.1063,5635334.6492,2944410.57
2024/02/14 04:48:45.00,460145.106,5635334.6504,2944410.5717
2024/02/14 04:48:46.00,460145.1075,5635334.644,2944410.5634
2024/02/14 04:48:47.00,460145.1058,5635334.6479,2944410.5645
2024/02/14 04:48:48.00,460148.627,5635328.3761,2944406.7225
2024/02/14 04:48:49.00,460145.1047,5635334.6413,2944410.5612
2024/02/14 04:48:50.00,460148.6265,5635328.3765,2944406.7204
2024/02/14 04:48:51.00,460144.4338,5635338.4029,2944414.6169
2024/02/14 04:48:52.00,460148.626,5635328.3798,2944406.7226
2024/02/14 04:48:53.00,460144.4321,5635338.4055,2944414.6129
2024/02/14 04:48:54.00,460148.6261,5635328.3781,2944406.7215
2024/02/14 04:48:55.00,460148.6255,5635328.3751,2944406.7196
2024/02/14 04:48:56.00,460148.6281,5635328.3767,2944406.7195
2024/02/14 04:48:57.00,460148.6254,5635328.3736,2944406.7175
2024/02/14 04:48:58.00,460148.6262,5635328.3731,2944406.7157
2024/02/14 04:48:59.00,460148.6004,5635330.3428,2944407.0182
2024/02/14 04:49:00.00,460148.6271,5635328.374,2944406.7157
2024/02/14 04:49:01.00,460148.6263,5635328.3807,2944406.7206
2024/02/14 04:49:02.00,460148.5984,5635330.3467,2944407.0197
2024/02/14 04:49:03.00,460148.6269,5635328.378,2944406.7195
2024/02/14 04:49:04.00,460148.5975,5635330.3502,2944407.0229
2024/02/14 04:49:05.00,460147.6968,5635331.5623,2944408.35
2024/02/14 04:49:06.00,460147.6948,5635331.5623,2944408.3534
2024/02/14 04:49:07.00,460146.0499,5635332.644,2944406.5195
2024/02/14 04:49:08.00,460148.5986,5635330.3479,2944407.0184
2024/02/14 04:49:09.00,460147.695,5635331.5618,2944408.3497
2024/02/14 04:49:10.00,460147.696,5635331.5604,2944408.3485
2024/02/14 04:49:11.00,460147.5047,5635334.5687,2944410.206
2024/02/14 04:49:12.00,460146.045,5635332.6442,2944406.5153
2024/02/14 04:49:13.00,460148.5971,5635330.3501,2944407.0206
2024/02/14 04:49:14.00,460148.5967,5635330.348,2944407.0194
2024/02/14 04:49:15.00,460148.5726,5635331.9171,2944407.2911
2024/02/14 04:49:16.00,460148.6255,5635328.3792,2944406.7192
2024/02/14 04:49:17.00,460145.3619,5635341.1517,2944414.1865
2024/02/14 04:49:18.00,460147.6945,5635331.5556,2944408.3434
2024/02/14 04:49:19.00,460147.6953,5635331.5565,2944408.3441
2024/02/14 04:49:20.00,460147.6951,5635331.5592,2944408.3442
2024/02/14 04:49:21.00,460147.6936,5635331.5537,2944408.3399
2024/02/14 04:49:22.00,460147.6946,5635331.5538,2944408.3401
2024/02/14 04:49:23.00,460147.694,5635331.5536,2944408.3374
2024/02/14 04:49:24.00,460147.6942,5635331.5605,2944408.3408
2024/02/14 04:49:25.00,460148.6272,5635328.3772,2944406.7141
2024/02/14 04:49:26.00,460147.6938,5635331.5565,2944408.3388
2024/02/14 04:49:27.00,460148.5942,5635330.3446,2944407.0118
2024/02/14 04:49:28.00,460148.5927,5635330.3408,2944407.0124
2024/02/14 04:49:29.00,460147.6919,5635331.5542,2944408.3351
2024/02/14 04:49:30.00,460147.6916,5635331.5542,2944408.3351
2024/02/14 04:49:31.00,460147.6944,5635331.5534,2944408.3358
2024/02/14 04:49:32.00,460148.5941,5635330.3433,2944407.0126
2024/02/14 04:49:33.00,460145.395,5635339.2,2944413.8661
2024/02/14 04:49:34.00,460148.6299,5635328.373,2944406.7103
2024/02/14 04:49:35.00,460148.63,5635328.3691,2944406.7078
2024/02/14 04:49:36.00,460148.5885,5635330.3578,2944407.0174
2024/02/14 04:49:37.00,460148.6291,5635328.3732,2944406.7112
2024/02/14 04:49:38.00,460148.6284,5635328.3757,2944406.7103
2024/02/14 04:49:39.00,460148.6281,5635328.3732,2944406.7109
2024/02/14 04:49:40.00,460148.6285,5635328.3704,2944406.7086
2024/02/14 04:49:41.00,460148.6297,5635328.3769,2944406.7121
2024/02/14 04:49:42.00,460148.5869,5635330.3558,2944407.0178
2024/02/14 04:49:43.00,460148.5852,5635330.3571,2944407.0188
2024/02/14 04:49:44.00,460148.5868,5635330.3535,2944407.0169
2024/02/14 04:49:45.00,460148.5853,5635330.3557,2944407.0184
2024/02/14 04:49:46.00,460148.5874,5635330.3606,2944407.02
2024/02/14 04:49:47.00,460147.6913,5635331.5446,2944408.3252
2024/02/14 04:49:48.00,460148.6302,5635328.3716,2944406.711
2024/02/14 04:49:49.00,460148.6294,5635328.3693,2944406.7097
2024/02/14 04:49:50.00,460148.6303,5635328.3704,2944406.7105
2024/02/14 04:49:51.00,460148.6297,5635328.3699,2944406.7081
2024/02/14 04:49:52.00,460148.6292,5635328.3681,2944406.7076
2024/02/14 04:49:53.00,460148.6277,5635328.3697,2944406.7088
2024/02/14 04:49:54.00,460148.6274,5635328.3718,2944406.7135
2024/02/14 04:49:55.00,460148.6271,5635328.3747,2944406.7135
2024/02/14 04:49:56.00,460148.6268,5635328.3715,2944406.7112
2024/02/14 04:49:57.00,460148.6276,5635328.3719,2944406.7115
2024/02/14 04:49:58.00,460148.6286,5635328.372,2944406.7128
2024/02/14 04:49:59.00,460148.6299,5635328.3735,2944406.7132
2024/02/14 04:50:00.00,460148.6286,5635328.3734,2944406.7134
2024/02/14 04:50:01.00,460148.628,5635328.3707,2944406.7123
2024/02/14 04:50:02.00,460148.6298,5635328.3711,2944406.7114
2024/02/14 04:50:03.00,460148.6276,5635328.3721,2944406.7141
2024/02/14 04:50:04.00,460148.6298,5635328.3666,2944406.7105
2024/02/14 04:50:05.00,460148.6293,5635328.3695,2944406.7124
2024/02/14 04:50:06.00,460148.6294,5635328.3696,2944406.7116
2024/02/14 04:50:07.00,460148.6294,5635328.3721,2944406.7137
2024/02/14 04:50:08.00,460148.6301,5635328.3714,2944406.7122
2024/02/14 04:50:09.00,460148.6304,5635328.3663,2944406.7105
2024/02/14 04:50:10.00,460148.6298,5635328.371,2944406.7126
2024/02/14 04:50:11.00,460148.6299,5635328.3712,2944406.7116
2024/02/14 04:50:12.00,460148.6323,5635328.368,2944406.7109
2024/02/14 04:50:13.00,460148.6302,5635328.371,2944406.7127
2024/02/14 04:50:14.00,460148.6326,5635328.3732,2944406.7132
2024/02/14 04:50:15.00,460148.6316,5635328.3751,2944406.7135
2024/02/14 04:50:16.00,460148.5822,5635330.3503,2944407.0149
2024/02/14 04:50:17.00,460148.6327,5635328.3764,2944406.7142
2024/02/14 04:50:18.00,460148.5834,5635330.3517,2944407.0157
2024/02/14 04:50:19.00,460148.5841,5635330.3515,2944407.0147
2024/02/14 04:50:20.00,460148.0183,5635334.5366,2944411.3708
2024/02/14 04:50:21.00,460148.0185,5635334.5336,2944411.3666
2024/02/14 04:50:22.00,460148.02,5635334.535,2944411.3688
2024/02/14 04:50:23.00,460148.0202,5635334.5353,2944411.3659
2024/02/14 04:50:24.00,460148.0166,5635334.5377,2944411.3689
2024/02/14 04:50:25.00,460148.0182,5635334.5366,2944411.3667
2024/02/14 04:50:26.00,460148.5811,5635330.3495,2944407.0135
2024/02/14 04:50:27.00,460148.5806,5635330.3527,2944407.0136
2024/02/14 04:50:28.00,460148.5796,5635330.3504,2944407.0134
2024/02/14 04:50:29.00,460148.5768,5635330.3517,2944407.0152
2024/02/14 04:50:30.00,460148.5781,5635330.3517,2944407.0153
2024/02/14 04:50:31.00,460148.6314,5635328.3742,2944406.7127
2024/02/14 04:50:32.00,460148.6336,5635328.371,2944406.7102
2024/02/14 04:50:33.00,460148.6324,5635328.3708,2944406.7101
2024/02/14 04:50:34.00,460148.634,5635328.3692,2944406.707
2024/02/14 04:50:35.00,460148.6326,5635328.366,2944406.7055
2024/02/14 04:50:36.00,460148.6323,5635328.3707,2944406.7082
2024/02/14 04:50:37.00,460148.6348,5635328.3694,2944406.7087
2024/02/14 04:50:38.00,460148.6324,5635328.373,2944406.7111
2024/02/14 04:50:39.00,460148.6336,5635328.3764,2944406.7127
2024/02/14 04:50:40.00,460148.6329,5635328.3751,2944406.711
2024/02/14 04:50:41.00,460148.5741,5635330.3585,2944407.0181
2024/02/14 04:50:42.00,460148.5742,5635330.3582,2944407.0168
2024/02/14 04:50:43.00,460148.5733,5635330.3636,2944407.0203
2024/02/14 04:50:44.00,460148.5715,5635330.3636,2944407.0202
2024/02/14 04:50:45.00,460148.5718,5635330.3602,2944407.0189
2024/02/14 04:50:46.00,460148.5717,5635330.3626,2944407.0197
2024/02/14 04:50:47.00,460148.5734,5635330.3628,2944407.0202
2024/02/14 04:50:48.00,460148.5716,5635330.3622,2944407.0197
2024/02/14 04:50:49.00,460148.5298,5635331.8796,2944407.2406
2024/02/14 04:50:50.00,460148.5722,5635330.3602,2944407.0178
2024/02/14 04:50:51.00,460148.572,5635330.361,2944407.019
2024/02/14 04:50:52.00,460148.5709,5635330.3641,2944407.0207
2024/02/14 04:50:53.00,460148.57,5635330.3573,2944407.0175
2024/02/14 04:50:54.00,460148.5709,5635330.3596,2944407.0173
2024/02/14 04:50:55.00,460148.5721,5635330.3595,2944407.0162
2024/02/14 04:50:56.00,460148.5699,5635330.359,2944407.0177
2024/02/14 04:50:57.00,460148.5711,5635330.3556,2944407.0141
2024/02/14 04:50:58.00,460148.6411,5635328.3508,2944406.6971
2024/02/14 04:50:59.00,460148.6412,5635328.3544,2944406.6975
2024/02/14 04:51:00.00,460148.6428,5635328.3485,2944406.695
2024/02/14 04:51:01.00,460148.6361,5635328.3701,2944406.7084
2024/02/14 04:51:02.00,460148.5741,5635330.3429,2944407.0044
2024/02/14 04:51:03.00,460148.5684,5635330.3551,2944407.015
2024/02/14 04:51:04.00,460148.5676,5635330.3527,2944407.012
2024/02/14 04:51:05.00,460148.5675,5635330.3534,2944407.0132
2024/02/14 04:51:06.00,460148.6412,5635328.3559,2944406.6984
2024/02/14 04:51:07.00,460148.6431,5635328.3538,2944406.6981
2024/02/14 04:51:08.00,460148.6365,5635328.3661,2944406.7067
2024/02/14 04:51:09.00,460148.6342,5635328.3678,2944406.7076
2024/02/14 04:51:10.00,460148.6348,5635328.3667,2944406.707
2024/02/14 04:51:11.00,460148.6417,5635328.3525,2944406.6982
2024/02/14 04:51:12.00,460148.6349,5635328.3671,2944406.7092
2024/02/14 04:51:13.00,460148.6441,5635328.3514,2944406.6973
2024/02/14 04:51:14.00,460148.5643,5635330.3576,2944407.0159
2024/02/14 04:51:15.00,460148.5647,5635330.3553,2944407.0148
2024/02/14 04:51:16.00,460148.564,5635330.3564,2944407.0151
2024/02/14 04:51:17.00,460148.5648,5635330.3545,2944407.0132
2024/02/14 04:51:18.00,460148.6427,5635328.3514,2944406.6952
2024/02/14 04:51:19.00,460148.5641,5635330.3511,2944407.0131
2024/02/14 04:51:20.00,460148.5624,5635330.3559,2944407.0157
2024/02/14 04:51:21.00,460148.5627,5635330.3563,2944407.0162
2024/02/14 04:51:22.00,460148.6346,5635328.367,2944406.7054
2024/02/14 04:51:23.00,460148.6349,5635328.3693,2944406.704
2024/02/14 04:51:24.00,460148.5646,5635330.3498,2944407.0109
2024/02/14 04:51:25.00,460148.6286,5635328.3865,2944406.7196
2024/02/14 04:51:26.00,460148.6287,5635328.3811,2944406.7162
2024/02/14 04:51:27.00,460148.5614,5635330.3521,2944407.0122
2024/02/14 04:51:28.00,460148.5605,5635330.3524,2944407.0145
2024/02/14 04:51:29.00,460148.5615,5635330.355,2944407.0152
2024/02/14 04:51:30.00,460147.7296,5635329.5306,2944407.9592
2024/02/14 04:51:31.00,460147.729,5635329.5284,2944407.9572
2024/02/14 04:51:32.00,460147.7293,5635329.5289,2944407.9575
2024/02/14 04:51:33.00,460148.9818,5635331.3233,2944409.7066
2024/02/14 04:51:34.00,460147.7324,5635329.5324,2944407.9606
2024/02/14 04:51:35.00,460148.9799,5635331.3239,2944409.7061
2024/02/14 04:51:36.00,460148.9805,5635331.322,2944409.7061
2024/02/14 04:51:37.00,460148.9803,5635331.3233,2944409.7065
2024/02/14 04:51:38.00,460147.7391,5635329.5199,2944407.9521
2024/02/14 04:51:39.00,460147.7353,5635329.5268,2944407.9541
2024/02/14 04:51:40.00,460147.7359,5635329.5281,2944407.9564
2024/02/14 04:51:41.00,460147.7344,5635329.5317,2944407.9575
2024/02/14 04:51:42.00,460147.7356,5635329.5248,2944407.9535
2024/02/14 04:51:43.00,460147.7349,5635329.5292,2944407.9557
2024/02/14 04:51:44.00,460147.735,5635329.5267,2944407.9546
2024/02/14 04:51:45.00,460147.7345,5635329.5293,2944407.9549
2024/02/14 04:51:46.00,460147.7362,5635329.5279,2944407.9541
2024/02/14 04:51:47.00,460147.7353,5635329.5297,2944407.9528
2024/02/14 04:51:48.00,460147.7365,5635329.5278,2944407.9533
2024/02/14 04:51:49.00,460147.7367,5635329.5288,2944407.9531
2024/02/14 04:51:50.00,460147.736,5635329.5266,2944407.9506
2024/02/14 04:51:51.00,460147.7354,5635329.534,2944407.9553
2024/02/14 04:51:52.00,460147.7354,5635329.5311,2944407.9541
2024/02/14 04:51:53.00,460147.7349,5635329.5323,2944407.9537
2024/02/14 04:51:54.00,460147.7356,5635329.5318,2944407.954
2024/02/14 04:51:55.00,460147.7364,5635329.5312,2944407.9536
2024/02/14 04:51:56.00,460147.7379,5635329.5288,2944407.9512
2024/02/14 04:51:57.00,460148.639,5635328.3869,2944406.7213
2024/02/14 04:51:58.00,460147.7335,5635329.5394,2944407.9593
2024/02/14 04:51:59.00,460147.7308,5635329.5415,2944407.9636
2024/02/14 04:52:00.00,460146.8924,5635334.0893,2944412.1556
2024/02/14 04:52:01.00,460148.5564,5635330.3644,2944407.0162
2024/02/14 04:52:02.00,460147.59,5635332.7602,2944408.1197
2024/02/14 04:52:03.00,460147.7359,5635329.535,2944407.9539
2024/02/14 04:52:04.00,460146.8913,5635334.0981,2944412.1582
2024/02/14 04:52:05.00,460146.891,5635334.0945,2944412.155
2024/02/14 04:52:06.00,460147.7317,5635329.5468,2944407.96
2024/02/14 04:52:07.00,460146.4318,5635334.1164,2944409.5725
2024/02/14 04:52:08.00,460146.8908,5635334.1015,2944412.1569
2024/02/14 04:52:09.00,460147.7348,5635329.5369,2944407.9516
2024/02/14 04:52:10.00,460146.4236,5635334.1346,2944409.5823
2024/02/14 04:52:11.00,460147.7333,5635329.5192,2944407.932
2024/02/14 04:52:12.00,460147.7371,5635329.5386,2944407.9519
2024/02/14 04:52:13.00,460146.4236,5635334.1325,2944409.5805
2024/02/14 04:52:14.00,460146.4229,5635334.1314,2944409.5799
2024/02/14 04:52:15.00,460146.4221,5635334.1338,2944409.5792
2024/02/14 04:52:16.00,460146.4234,5635334.1293,2944409.5744
2024/02/14 04:52:17.00,460146.4209,5635334.1332,2944409.5775
2024/02/14 04:52:18.00,460146.4217,5635334.1285,2944409.573
2024/02/14 04:52:19.00,460146.4217,5635334.1312,2944409.5759
2024/02/14 04:52:20.00,460146.4199,5635334.132,2944409.5747
2024/02/14 04:52:21.00,460146.4202,5635334.1314,2944409.5719
2024/02/14 04:52:22.00,460146.4178,5635334.1332,2944409.5733
2024/02/14 04:52:23.00,460146.4185,5635334.1307,2944409.5725
2024/02/14 04:52:24.00,460146.4166,5635334.1276,2944409.5694
2024/02/14 04:52:25.00,460146.4161,5635334.1282,2944409.5692
2024/02/14 04:52:26.00,460146.4177,5635334.1301,2944409.5692
2024/02/14 04:52:27.00,460146.4149,5635334.1285,2944409.5674
2024/02/14 04:52:28.00,460146.416,5635334.1301,2944409.5693
2024/02/14 04:52:29.00,460146.4147,5635334.1337,2944409.5687
2024/02/14 04:52:30.00,460146.4136,5635334.1351,2944409.5685
2024/02/14 04:52:31.00,460146.4154,5635334.1338,2944409.5671
2024/02/14 04:52:32.00,460146.4121,5635334.1358,2944409.5686
2024/02/14 04:52:33.00,460146.4122,5635334.1338,2944409.5671
2024/02/14 04:52:34.00,460146.411,5635334.1332,2944409.5667
2024/02/14 04:52:35.00,460146.4114,5635334.1315,2944409.5629
2024/02/14 04:52:36.00,460146.4105,5635334.1319,2944409.5665
2024/02/14 04:52:37.00,460146.4131,5635334.1253,2944409.5579
2024/02/14 04:52:38.00,460146.4091,5635334.136,2944409.5658
2024/02/14 04:52:39.00,460146.4086,5635334.1363,2944409.5655
2024/02/14 04:52:40.00,460147.8038,5635327.9896,2944407.7011
2024/02/14 04:52:41.00,460146.4106,5635334.1281,2944409.5574
2024/02/14 04:52:42.00,460146.4107,5635334.1252,2944409.5571
2024/02/14 04:52:43.00,460146.4123,5635334.1263,2944409.5563
2024/02/14 04:52:44.00,460146.4095,5635334.1306,2944409.5557
2024/02/14 04:52:45.00,460149.0049,5635333.6929,2944410.2872
2024/02/14 04:52:46.00,460146.4071,5635334.1301,2944409.5572
2024/02/14 04:52:47.00,460146.4082,5635334.1272,2944409.5539
2024/02/14 04:52:48.00,460149.0056,5635333.691,2944410.283
2024/02/14 04:52:49.00,460149.0011,5635333.7014,2944410.2861
2024/02/14 04:52:50.00,460149.0015,5635333.7003,2944410.2861
2024/02/14 04:52:51.00,460149.0029,5635333.7015,2944410.2863
2024/02/14 04:52:52.00,460149.0,5635333.7021,2944410.286
2024/02/14 04:52:53.00,460146.8177,5635335.2482,2944411.9026
2024/02/14 04:52:54.00,460149.0003,5635333.7006,2944410.2836
2024/02/14 04:52:55.00,460149.0006,5635333.7018,2944410.2831
2024/02/14 04:52:56.00,460148.9985,5635333.702,2944410.285
2024/02/14 04:52:57.00,460149.0006,5635333.6993,2944410.2825
2024/02/14 04:52:58.00,460148.9995,5635333.7004,2944410.2809
2024/02/14 04:52:59.00,460148.9954,5635333.6985,2944410.2804
2024/02/14 04:53:00.00,460148.9985,5635333.6979,2944410.2797
2024/02/14 04:53:01.00,460148.9974,5635333.6984,2944410.2793
2024/02/14 04:53:02.00,460148.9973,5635333.6972,2944410.2785
2024/02/14 04:53:03.00,460148.9959,5635333.6983,2944410.2779
2024/02/14 04:53:04.00,460148.9949,5635333.6984,2944410.2785
2024/02/14 04:53:05.00,460148.997,5635333.6989,2944410.2789
2024/02/14 04:53:06.00,460148.9959,5635333.6993,2944410.2785
2024/02/14 04:53:07.00,460148.9942,5635333.6989,2944410.2771
2024/02/14 04:53:08.00,460148.9955,5635333.6969,2944410.275
2024/02/14 04:53:09.00,460148.9962,5635333.6975,2944410.2761
2024/02/14 04:53:10.00,460149.0855,5635331.7369,2944409.9981
2024/02/14 04:53:11.00,460148.9447,5635333.7532,2944408.6574
2024/02/14 04:53:12.00,460148.6519,5635328.3378,2944406.686
2024/02/14 04:53:13.00,460149.086,5635331.7338,2944409.9954
2024/02/14 04:53:14.00,460148.6512,5635328.3416,2944406.6881
2024/02/14 04:53:15.00,460148.6506,5635328.3414,2944406.6883
2024/02/14 04:53:16.00,460148.6519,5635328.3412,2944406.6884
2024/02/14 04:53:17.00,460149.0849,5635331.7412,2944409.9975
2024/02/14 04:53:18.00,460148.6523,5635328.3415,2944406.6882
2024/02/14 04:53:19.00,460148.6507,5635328.3443,2944406.6913
2024/02/14 04:53:20.00,460148.6499,5635328.3394,2944406.6882
2024/02/14 04:53:21.00,460148.6508,5635328.3419,2944406.6892
2024/02/14 04:53:22.00,460148.6512,5635328.3457,2944406.6907
2024/02/14 04:53:23.00,460148.6513,5635328.3406,2944406.688
2024/02/14 04:53:24.00,460148.6522,5635328.3406,2944406.687
2024/02/14 04:53:25.00,460149.0831,5635331.7405,2944409.9938
2024/02/14 04:53:26.00,460148.6516,5635328.3374,2944406.6892
2024/02/14 04:53:27.00,460148.65,5635328.3412,2944406.6898
2024/02/14 04:53:28.00,460148.6481,5635328.3419,2944406.6906
2024/02/14 04:53:29.00,460149.9217,5635332.0805,2944408.976
2024/02/14 04:53:30.00,460149.082,5635331.7424,2944409.9938
2024/02/14 04:53:31.00,460148.65,5635328.3422,2944406.6915
2024/02/14 04:53:32.00,460149.9165,5635332.0957,2944408.982
2024/02/14 04:53:33.00,460148.6503,5635328.3403,2944406.6915
2024/02/14 04:53:34.00,460149.9196,5635332.0883,2944408.9788
2024/02/14 04:53:35.00,460148.649,5635328.3404,2944406.6897
2024/02/14 04:53:36.00,460149.9195,5635332.083,2944408.9751
2024/02/14 04:53:37.00,460148.6486,5635328.3341,2944406.6849
2024/02/14 04:53:38.00,460148.6483,5635328.3313,2944406.6849
2024/02/14 04:53:39.00,460149.9203,5635332.0846,2944408.9776
2024/02/14 04:53:40.00,460149.918,5635332.0833,2944408.9758
2024/02/14 04:53:41.00,460149.9147,5635332.0955,2944408.9807
2024/02/14 04:53:42.00,460149.9139,5635332.0918,2944408.9791
2024/02/14 04:53:43.00,460149.9149,5635332.0903,2944408.9789
2024/02/14 04:53:44.00,460149.9158,5635332.0936,2944408.9798
2024/02/14 04:53:45.00,460149.9127,5635332.0957,2944408.9806
2024/02/14 04:53:46.00,460149.911,5635332.0915,2944408.9782
2024/02/14 04:53:47.00,460149.914,5635332.0916,2944408.9793
2024/02/14 04:53:48.00,460149.915,5635332.0936,2944408.9794
2024/02/14 04:53:49.00,460149.9139,5635332.0915,2944408.9785
2024/02/14 04:53:50.00,460149.9138,5635332.094,2944408.9804
2024/02/14 04:53:51.00,460149.6354,5635325.9566,2944405.6232
2024/02/14 04:53:52.00,460148.7715,5635327.6685,2944405.6343
2024/02/14 04:53:53.00,460149.6353,5635325.9577,2944405.6252
2024/02/14 04:53:54.00,460149.6349,5635325.9598,2944405.6273
2024/02/14 04:53:55.00,460149.9135,5635332.0968,2944408.9799
2024/02/14 04:53:56.00,460149.6356,5635325.9555,2944405.6247
2024/02/14 04:53:57.00,460148.6448,5635328.3648,2944406.7038
2024/02/14 04:53:58.00,460149.909,5635332.0912,2944408.9733
2024/02/14 04:53:59.00,460148.6448,5635328.3602,2944406.705
2024/02/14 04:54:00.00,460148.6444,5635328.3631,2944406.7045
2024/02/14 04:54:01.00,460149.9095,5635332.0977,2944408.976
2024/02/14 04:54:02.00,460149.9087,5635332.0961,2944408.9748
2024/02/14 04:54:09.00,460149.9093,5635332.0972,2944408.9741
2024/02/14 04:54:10.00,460149.9065,5635332.0922,2944408.9699
2024/02/14 04:54:11.00,460149.9058,5635332.0924,2944408.971
2024/02/14 04:54:12.00,460149.9058,5635332.0925,2944408.9709
2024/02/14 04:54:13.00,460148.1779,5635332.5855,2944410.7974
2024/02/14 04:54:14.00,460148.1785,5635332.588,2944410.8001
2024/02/14 04:54:15.00,460148.1799,5635332.5888,2944410.7989
2024/02/14 04:54:16.00,460148.178,5635332.5917,2944410.8
2024/02/14 04:54:17.00,460148.1787,5635332.587,2944410.7968
2024/02/14 04:54:18.00,460148.1797,5635332.5865,2944410.7956
2024/02/14 04:54:19.00,460148.1811,5635332.5863,2944410.7958
2024/02/14 04:54:20.00,460145.6491,5635331.4842,2944409.8354
2024/02/14 04:54:21.00,460148.18,5635332.5818,2944410.7912
2024/02/14 04:54:22.00,460148.1782,5635332.5905,2944410.7947
2024/02/14 04:54:23.00,460147.5991,5635331.2065,2944407.8353
2024/02/14 04:54:24.00,460148.1785,5635332.5931,2944410.7952
2024/02/14 04:54:25.00,460147.598,5635331.2037,2944407.8328
2024/02/14 04:54:26.00,460148.1798,5635332.592,2944410.7924
2024/02/14 04:54:27.00,460148.1783,5635332.5947,2944410.7945
2024/02/14 04:54:28.00,460148.1792,5635332.5933,2944410.7966
2024/02/14 04:54:29.00,460148.1778,5635332.5933,2944410.7929
2024/02/14 04:54:30.00,460148.1802,5635332.5934,2944410.7939
2024/02/14 04:54:31.00,460148.1811,5635332.5932,2944410.7904
2024/02/14 04:54:32.00,460148.1788,5635332.5988,2944410.7938
2024/02/14 04:54:33.00,460148.1797,5635332.5945,2944410.7907
2024/02/14 04:54:34.00,460147.9327,5635332.785,2944410.9977
2024/02/14 04:54:35.00,460148.1816,5635332.5952,2944410.789
2024/02/14 04:54:36.00,460148.1786,5635332.5991,2944410.7935
2024/02/14 04:54:37.00,460149.0007,5635332.9033,2944409.7676
2024/02/14 04:54:38.00,460148.9994,5635332.9011,2944409.765
2024/02/14 04:54:39.00,460148.638,5635328.3903,2944406.7257
2024/02/14 04:54:40.00,460148.639,5635328.3953,2944406.7266
2024/02/14 04:54:41.00,460148.6379,5635328.3898,2944406.7271
2024/02/14 04:54:42.00,460148.6381,5635328.3918,2944406.7264
2024/02/14 04:54:43.00,460148.6387,5635328.3874,2944406.726
2024/02/14 04:54:44.00,460148.6376,5635328.3904,2944406.7253
2024/02/14 04:54:45.00,460148.639,5635328.3883,2944406.7258
2024/02/14 04:54:46.00,460148.6376,5635328.3922,2944406.7257
2024/02/14 04:54:47.00,460148.6387,5635328.3904,2944406.7265
2024/02/14 04:54:48.00,460148.6389,5635328.3904,2944406.7255
2024/02/14 04:54:49.00,460148.6392,5635328.3902,2944406.7238
2024/02/14 04:54:50.00,460148.6391,5635328.3866,2944406.7229
2024/02/14 04:54:51.00,460148.9938,5635332.9139,2944409.7686
2024/02/14 04:54:52.00,460148.9931,5635332.9083,2944409.7643
2024/02/14 04:54:53.00,460148.9946,5635332.9076,2944409.7627
2024/02/14 04:54:54.00,460148.9936,5635332.9094,2944409.7639
2024/02/14 04:54:55.00,460148.9914,5635332.9093,2944409.7621
2024/02/14 04:54:56.00,460148.9938,5635332.9105,2944409.7612
2024/02/14 04:54:57.00,460148.9915,5635332.913,2944409.7631
2024/02/14 04:54:58.00,460148.9903,5635332.9095,2944409.7623
2024/02/14 04:54:59.00,460148.9916,5635332.909,2944409.7592
2024/02/14 04:55:00.00,460148.9929,5635332.9082,2944409.7576
2024/02/14 04:55:01.00,460148.9924,5635332.9088,2944409.7585
2024/02/14 04:55:02.00,460148.9943,5635332.9064,2944409.757
2024/02/14 04:55:03.00,460148.6412,5635328.3902,2944406.7249
2024/02/14 04:55:04.00,460148.9913,5635332.9125,2944409.7591
2024/02/14 04:55:05.00,460148.9913,5635332.9096,2944409.7564
2024/02/14 04:55:06.00,460148.9927,5635332.9042,2944409.7552
2024/02/14 04:55:07.00,460148.9933,5635332.9079,2944409.755
2024/02/14 04:55:08.00,460148.6431,5635328.3856,2944406.7197
2024/02/14 04:55:09.00,460148.6423,5635328.3865,2944406.7211
2024/02/14 04:55:10.00,460148.6418,5635328.3863,2944406.7193
2024/02/14 04:55:11.00,460148.6431,5635328.386,2944406.7216
2024/02/14 04:55:12.00,460148.6423,5635328.387,2944406.722
2024/02/14 04:55:13.00,460148.6421,5635328.3896,2944406.722
2024/02/14 04:55:14.00,460148.642,5635328.3879,2944406.7212
2024/02/14 04:55:17.00,460148.45,5635328.2764,2944406.9506
2024/02/14 04:55:18.00,460147.9667,5635327.9824,2944407.5369
2024/02/14 04:55:19.00,460147.3202,5635327.5966,2944408.3371
2024/02/14 04:55:20.00,460146.7223,5635327.2648,2944409.0753
2024/02/14 04:55:21.00,460146.1383,5635326.9196,2944409.8081
2024/02/14 04:55:22.00,460145.4778,5635326.5149,2944410.6362
2024/02/14 04:55:23.00,460144.749,5635326.0844,2944411.5359
2024/02/14 04:55:24.00,460143.9864,5635325.6271,2944412.4798
2024/02/14 04:55:25.00,460143.1891,5635325.1408,2944413.4599
2024/02/14 04:55:26.00,460142.2077,5635324.5598,2944414.6702
2024/02/14 04:55:27.00,460141.0908,5635323.9739,2944415.9285
2024/02/14 04:55:28.00,460139.9357,5635323.4086,2944417.2086
2024/02/14 04:55:29.00,460138.8211,5635322.818,2944418.4826
2024/02/14 04:55:30.00,460137.652,5635322.2051,2944419.7793
2024/02/14 04:55:31.00,460136.361,5635321.5455,2944421.2206
2024/02/14 04:55:32.00,460134.9843,5635320.8051,2944422.8401
2024/02/14 04:55:33.00,460133.4016,5635320.0082,2944424.5995
2024/02/14 04:55:34.00,460131.728,5635319.1084,2944426.5143
2024/02/14 04:55:35.00,460129.9119,5635318.1613,2944428.5428
2024/02/14 04:55:36.00,460127.9784,5635317.1203,2944430.7061
2024/02/14 04:55:37.00,460126.0082,5635316.0907,2944432.9154
2024/02/14 04:55:38.00,460123.9248,5635314.9525,2944435.2606
2024/02/14 04:55:39.00,460121.4269,5635313.6465,2944437.9433
2024/02/14 04:55:40.00,460118.5677,5635312.256,2944440.9607
2024/02/14 04:55:41.00,460115.387,5635310.7464,2944444.2465
2024/02/14 04:55:42.00,460111.8879,5635309.1126,2944447.7535
2024/02/14 04:55:43.00,460107.8921,5635307.3265,2944451.6783
2024/02/14 04:55:44.00,460103.4612,5635305.3723,2944455.9413
2024/02/14 04:55:45.00,460098.9904,5635303.4264,2944460.2214
2024/02/14 04:55:46.00,460094.322,5635301.3836,2944464.6506
2024/02/14 04:55:47.00,460089.3496,5635299.2566,2944469.3179
2024/02/14 04:55:48.00,460083.9821,5635297.06,2944474.1902
2024/02/14 04:55:49.00,460078.3577,5635294.873,2944479.0382
2024/02/14 04:55:50.00,460072.7049,5635292.8284,2944483.6709
2024/02/14 04:55:51.00,460067.2242,5635290.9554,2944487.9706
2024/02/14 04:55:52.00,460061.8057,5635289.1568,2944492.0474
2024/02/14 04:55:53.00,460056.4185,5635287.4381,2944495.9801
2024/02/14 04:55:54.00,460051.0505,5635285.7855,2944499.7852
2024/02/14 04:55:55.00,460045.6192,5635284.1229,2944503.5886
2024/02/14 04:55:56.00,460040.0425,5635282.4767,2944507.4701
2024/02/14 04:55:57.00,460034.2487,5635280.8055,2944511.3834
2024/02/14 04:55:58.00,460028.2336,5635279.1681,2944515.2903
2024/02/14 04:55:59.00,460021.9754,5635277.4811,2944519.2613
2024/02/14 04:56:00.00,460015.3951,5635275.7789,2944523.3313
2024/02/14 04:56:01.00,460008.417,5635274.1209,2944527.3899
2024/02/14 04:56:02.00,460001.094,5635272.474,2944531.4549
2024/02/14 04:56:03.00,459993.4774,5635270.818,2944535.5436
2024/02/14 04:56:04.00,459985.604,5635269.1879,2944539.6874
2024/02/14 04:56:05.00,459977.4827,5635267.5837,2944543.8473
2024/02/14 04:56:06.00,459969.1703,5635265.9102,2944548.0498
2024/02/14 04:56:07.00,459960.7535,5635264.2036,2944552.4141
2024/02/14 04:56:08.00,459952.23,5635262.4457,2944556.8737
2024/02/14 04:56:09.00,459943.589,5635260.663,2944561.4071
2024/02/14 04:56:10.00,459934.7965,5635258.889,2944565.9754
2024/02/14 04:56:11.00,459925.8459,5635257.1518,2944570.5124
2024/02/14 04:56:12.00,459916.7817,5635255.4069,2944575.0619
2024/02/14 04:56:13.00,459907.6173,5635253.6043,2944579.7014
2024/02/14 04:56:14.00,459898.4368,5635251.7341,2944584.5038
2024/02/14 04:56:15.00,459889.1523,5635249.7934,2944589.4043
2024/02/14 04:56:16.00,459879.7299,5635247.8717,2944594.3186
2024/02/14 04:56:17.00,459870.169,5635245.97,2944599.2243
2024/02/14 04:56:18.00,459860.5083,5635244.0794,2944604.1042
2024/02/14 04:56:19.00,459850.7673,5635242.1888,2944608.9856
2024/02/14 04:56:20.00,459840.9331,5635240.2935,2944613.9177
2024/02/14 04:56:21.00,459831.0869,5635238.3878,2944618.8538
2024/02/14 04:56:22.00,459821.3573,5635236.4789,2944623.7979
2024/02/14 04:56:23.00,459811.8248,5635234.5679,2944628.719
2024/02/14 04:56:24.00,459802.3353,5635232.6025,2944633.7052
2024/02/14 04:56:25.00,459792.7497,5635230.6576,2944638.7432
2024/02/14 04:56:26.00,459783.0827,5635228.7074,2944643.8262
2024/02/14 04:56:27.00,459773.3388,5635226.7701,2944648.9352
2024/02/14 04:56:28.00,459763.5494,5635224.8464,2944654.0839
2024/02/14 04:56:29.00,459753.7697,5635222.9375,2944659.2116
2024/02/14 04:56:30.00,459744.018,5635221.0658,2944664.2254
2024/02/14 04:56:31.00,459734.3974,5635219.2451,2944669.1263
2024/02/14 04:56:32.00,459724.9588,5635217.4562,2944673.9577
2024/02/14 04:56:33.00,459715.5694,5635215.652,2944678.8015
2024/02/14 04:56:34.00,459706.1786,5635213.8153,2944683.6985
2024/02/14 04:56:35.00,459696.8149,5635211.9571,2944688.6548
2024/02/14 04:56:36.00,459687.5439,5635210.1135,2944693.5831
2024/02/14 04:56:37.00,459678.3297,5635208.2751,2944698.4289
2024/02/14 04:56:38.00,459669.0617,5635206.4799,2944703.2576
2024/02/14 04:56:39.00,459659.7899,5635204.7064,2944708.0208
2024/02/14 04:56:40.00,459650.6742,5635202.9435,2944712.7253
2024/02/14 04:56:41.00,459641.7619,5635201.2484,2944717.3157
2024/02/14 04:56:42.00,459633.0591,5635199.5736,2944721.7983
2024/02/14 04:56:43.00,459624.5796,5635197.9244,2944726.2027
2024/02/14 04:56:44.00,459616.2845,5635196.331,2944730.4933
2024/02/14 04:56:45.00,459608.2082,5635194.7938,2944734.676
2024/02/14 04:56:46.00,459600.3487,5635193.2639,2944738.7682
2024/02/14 04:56:47.00,459592.7119,5635191.7657,2944742.7619
2024/02/14 04:56:48.00,459585.3636,5635190.3039,2944746.629
2024/02/14 04:56:49.00,459578.7976,5635188.9828,2944750.1413
2024/02/14 04:56:50.00,459573.1958,5635187.8359,2944753.148
2024/02/14 04:56:51.00,459567.9969,5635186.8279,2944755.8408
2024/02/14 04:56:52.00,459563.1679,5635185.9941,2944758.1912
2024/02/14 04:56:53.00,459558.859,5635185.3419,2944760.0791
2024/02/14 04:56:54.00,459555.7059,5635184.9894,2944761.2141
2024/02/14 04:56:55.00,459553.8155,5635184.8716,2944761.7293
2024/02/14 04:56:56.00,459552.4875,5635184.8194,2944762.0809
2024/02/14 04:56:57.00,459551.4813,5635184.7909,2944762.3651
2024/02/14 04:56:58.00,459550.358,5635184.7785,2944762.6261
2024/02/14 04:56:59.00,459548.6041,5635184.7623,2944762.9449
2024/02/14 04:57:00.00,459546.4929,5635184.8252,2944763.3385
2024/02/14 04:57:01.00,459544.1052,5635184.751,2944763.8877
2024/02/14 04:57:02.00,459541.3383,5635184.896,2944764.2589
2024/02/14 04:57:03.00,459538.045,5635184.7987,2944765.0892
2024/02/14 04:57:04.00,459534.4419,5635184.3952,2944766.5487
2024/02/14 04:57:05.00,459530.7788,5635183.8429,2944768.1491
2024/02/14 04:57:06.00,459527.2535,5635183.3297,2944769.7154
2024/02/14 04:57:07.00,459523.5908,5635182.7306,2944771.4086
2024/02/14 04:57:08.00,459519.487,5635182.003,2944773.3913
2024/02/14 04:57:09.00,459514.8658,5635181.1102,2944775.7699
2024/02/14 04:57:10.00,459509.6114,5635180.0467,2944778.5566
2024/02/14 04:57:11.00,459503.8676,5635178.8578,2944781.6668
2024/02/14 04:57:12.00,459497.8314,5635177.5789,2944785.0154
2024/02/14 04:57:13.00,459491.7802,5635176.298,2944788.3444
2024/02/14 04:57:14.00,459485.7157,5635175.0338,2944791.6448
2024/02/14 04:57:15.00,459479.3712,5635173.7657,2944795.0371
2024/02/14 04:57:16.00,459472.72,5635172.4504,2944798.5592
2024/02/14 04:57:17.00,459465.7897,5635171.0986,2944802.2253
2024/02/14 04:57:19.00,459450.3814,5635168.6147,2944810.6544
2024/02/14 04:57:20.00,459443.0771,5635167.1589,2944814.2554
2024/02/14 04:57:21.00,459434.4706,5635165.487,2944818.7556
2024/02/14 04:57:22.00,459425.3325,5635163.3136,2944824.3247
2024/02/14 04:57:23.00,459415.6422,5635161.1691,2944828.6385
2024/02/14 04:57:24.00,459405.8061,5635160.0256,2944833.9986
2024/02/14 04:57:25.00,459396.6119,5635157.3154,2944838.8097
2024/02/14 04:57:26.00,459386.9753,5635155.2815,2944844.1056
2024/02/14 04:57:27.00,459377.2873,5635153.1518,2944849.6531
2024/02/14 04:57:28.00,459367.6402,5635150.8523,2944855.4956
2024/02/14 04:57:29.00,459358.0844,5635148.3987,2944861.6324
2024/02/14 04:57:30.00,459348.6737,5635145.8277,2944867.9312
2024/02/14 04:57:31.00,459339.3569,5635143.2062,2944874.2928
2024/02/14 04:57:32.00,459330.1657,5635140.5656,2944880.6937
2024/02/14 04:57:33.00,459321.2046,5635137.8879,2944887.122
2024/02/14 04:57:34.00,459312.463,5635135.1152,2944893.703
2024/02/14 04:57:35.00,459303.9026,5635132.2395,2944900.436
2024/02/14 04:57:36.00,459295.5177,5635129.2904,2944907.3062
2024/02/14 04:57:37.00,459287.2997,5635126.27,2944914.3119
2024/02/14 04:57:38.00,459279.2057,5635123.126,2944921.5054
2024/02/14 04:57:39.00,459271.1672,5635119.8486,2944928.9359
2024/02/14 04:57:40.00,459263.1126,5635116.4737,2944936.5375
2024/02/14 04:57:41.00,459255.0269,5635113.0786,2944944.2602
2024/02/14 04:57:42.00,459246.9691,5635109.67,2944951.9747
2024/02/14 04:57:43.00,459238.9965,5635106.2513,2944959.6597
2024/02/14 04:57:44.00,459231.0941,5635102.8648,2944967.3209
2024/02/14 04:57:45.00,459223.2182,5635099.4436,2944975.0203
2024/02/14 04:57:46.00,459215.306,5635096.0093,2944982.7881
2024/02/14 04:57:47.00,459207.3274,5635092.5698,2944990.577
2024/02/14 04:57:48.00,459199.403,5635089.2159,2944998.2749
2024/02/14 04:57:49.00,459191.6407,5635085.9442,2945005.8315
2024/02/14 04:57:50.00,459184.057,5635082.728,2945013.2584
2024/02/14 04:57:51.00,459176.6612,5635079.5195,2945020.551
2024/02/14 04:57:52.00,459169.3219,5635076.3266,2945027.8147
2024/02/14 04:57:53.00,459162.0283,5635073.1739,2945034.9845
2024/02/14 04:57:54.00,459154.8254,5635070.0686,2945042.0049
2024/02/14 04:57:55.00,459147.7436,5635067.0208,2945048.9012
2024/02/14 04:57:56.00,459140.7966,5635064.0481,2945055.6536
2024/02/14 04:57:57.00,459134.0615,5635061.1125,2945062.1915
2024/02/14 04:57:58.00,459127.5847,5635058.2841,2945068.5429
2024/02/14 04:57:59.00,459121.2583,5635055.4542,2945074.8127
2024/02/14 04:58:00.00,459114.973,5635052.6775,2945080.9658
2024/02/14 04:58:01.00,459108.7242,5635049.9579,2945086.9847
2024/02/14 04:58:02.00,459102.5893,5635047.3563,2945092.9547
2024/02/14 04:58:03.00,459096.4384,5635044.7464,2945098.9243
2024/02/14 04:58:04.00,459090.2488,5635042.1929,2945104.9267
2024/02/14 04:58:05.00,459084.0865,5635039.6516,2945110.9942
2024/02/14 04:58:06.00,459077.9297,5635037.1269,2945117.0909
2024/02/14 04:58:07.00,459071.7863,5635034.6563,2945123.1695
2024/02/14 04:58:08.00,459065.6876,5635032.2165,2945129.2365
2024/02/14 04:58:09.00,459059.6965,5635029.8111,2945135.288
2024/02/14 04:58:10.00,459053.8415,5635027.4315,2945141.3296
2024/02/14 04:58:11.00,459048.1284,5635025.0653,2945147.3232
2024/02/14 04:58:12.00,459042.591,5635022.7906,2945153.1695
2024/02/14 04:58:13.00,459037.1907,5635020.6576,2945158.6836
2024/02/14 04:58:14.00,459031.7685,5635018.6014,2945164.1084
2024/02/14 04:58:15.00,459026.2683,5635016.5271,2945169.5709
2024/02/14 04:58:16.00,459020.6918,5635014.4339,2945175.0943
2024/02/14 04:58:17.00,459015.0163,5635012.3286,2945180.6797
2024/02/14 04:58:18.00,459009.2558,5635010.1497,2945186.3202
2024/02/14 04:58:19.00,459003.4456,5635007.9583,2945192.0697
2024/02/14 04:58:20.00,458997.5421,5635005.7118,2945197.8932
2024/02/14 04:58:21.00,458991.5823,5635003.4343,2945203.7948
2024/02/14 04:58:22.00,458985.5275,5635001.144,2945209.7621
2024/02/14 04:58:23.00,458979.367,5634998.8469,2945215.7599
2024/02/14 04:58:24.00,458973.0601,5634996.5784,2945221.7326
2024/02/14 04:58:25.00,458966.6422,5634994.3459,2945227.6842
2024/02/14 04:58:26.00,458960.1315,5634992.1396,2945233.6381
2024/02/14 04:58:27.00,458953.4793,5634989.942,2945239.5236
2024/02/14 04:58:28.00,458946.6694,5634987.8126,2945245.3778
2024/02/14 04:58:29.00,458939.7218,5634985.7136,2945251.195
2024/02/14 04:58:30.00,458932.6953,5634983.617,2945257.0206
2024/02/14 04:58:31.00,458925.5544,5634981.5641,2945262.8063
2024/02/14 04:58:32.00,458918.2957,5634979.5498,2945268.5455
2024/02/14 04:58:33.00,458910.8994,5634977.6012,2945274.182
2024/02/14 04:58:34.00,458903.3427,5634975.7376,2945279.6877
2024/02/14 04:58:35.00,458895.6679,5634973.9456,2945285.0977
2024/02/14 04:58:36.00,458887.9453,5634972.1735,2945290.4606
2024/02/14 04:58:37.00,458880.2009,5634970.4024,2945295.8398
2024/02/14 04:58:38.00,458872.4176,5634968.6449,2945301.1886
2024/02/14 04:58:39.00,458864.5617,5634966.9276,2945306.4553
2024/02/14 04:58:40.00,458856.802,5634965.3078,2945311.5099
2024/02/14 04:58:41.00,458849.1359,5634963.7307,2945316.4245
2024/02/14 04:58:42.00,458841.4605,5634962.1582,2945321.3318
2024/02/14 04:58:43.00,458833.7684,5634960.56,2945326.2671
2024/02/14 04:58:44.00,458826.1055,5634958.8911,2945331.3006
2024/02/14 04:58:45.00,458818.4857,5634957.1129,2945336.4706
2024/02/14 04:58:46.00,458810.9,5634955.2612,2945341.7761
2024/02/14 04:58:47.00,458803.2178,5634953.3685,2945347.1021
2024/02/14 04:58:48.00,458795.3993,5634951.4937,2945352.4033
2024/02/14 04:58:49.00,458787.416,5634949.6293,2945357.6563
2024/02/14 04:58:50.00,458779.2988,5634947.7403,2945362.8986
2024/02/14 04:58:51.00,458771.0908,5634945.8343,2945368.2097
2024/02/14 04:58:52.00,458762.8083,5634943.8741,2945373.5991
2024/02/14 04:58:53.00,458754.4295,5634941.8614,2945379.0388
2024/02/14 04:58:54.00,458745.915,5634939.835,2945384.5024
2024/02/14 04:58:55.00,458737.2821,5634937.7916,2945389.9922
2024/02/14 04:58:56.00,458728.6361,5634935.7276,2945395.4864
2024/02/14 04:58:57.00,458720.0245,5634933.6391,2945400.9636
2024/02/14 04:58:58.00,458711.4684,5634931.4558,2945406.5029
2024/02/14 04:58:59.00,458702.8407,5634929.3351,2945411.9909
2024/02/14 04:59:00.00,458694.1443,5634927.2351,2945417.3982
2024/02/14 04:59:01.00,458685.4673,5634925.1138,2945422.7964
2024/02/14 04:59:02.00,458676.8071,5634923.0005,2945428.24
2024/02/14 04:59:03.00,458668.2146,5634920.8537,2945433.6721
2024/02/14 04:59:04.00,458659.808,5634918.7414,2945439.0185
2024/02/14 04:59:05.00,458651.6094,5634916.6889,2945444.2293
2024/02/14 04:59:06.00,458643.5675,5634914.6467,2945449.3568
2024/02/14 04:59:07.00,458635.581,5634912.5796,2945454.4985
2024/02/14 04:59:08.00,458627.6347,5634910.5495,2945459.7027
2024/02/14 04:59:09.00,458619.7659,5634908.5041,2945464.9084
2024/02/14 04:59:10.00,458611.9936,5634906.4513,2945470.0746
2024/02/14 04:59:11.00,458604.3333,5634904.4509,2945475.1132
2024/02/14 04:59:12.00,458596.7523,5634902.5129,2945479.9599
2024/02/14 04:59:13.00,458589.2373,5634900.6515,2945484.7563
2024/02/14 04:59:14.00,458581.703,5634898.8247,2945489.4673
2024/02/14 04:59:15.00,458574.2668,5634897.0299,2945494.0935
2024/02/14 04:59:16.00,458567.0017,5634895.2728,2945498.6224
2024/02/14 04:59:17.00,458559.924,5634893.5816,2945503.0
2024/02/14 04:59:18.00,458553.0614,5634891.8884,2945507.2755
2024/02/14 04:59:20.00,458539.8531,5634888.7769,2945515.954
2024/02/14 04:59:21.00,458534.6564,5634885.2508,2945518.9391
2024/02/14 04:59:22.00,458528.8652,5634886.5147,2945525.473
2024/02/14 04:59:23.00,458522.8766,5634882.1128,2945526.748
2024/02/14 04:59:24.00,458516.8131,5634882.2999,2945531.2475
2024/02/14 04:59:25.00,458511.8307,5634881.064,2945534.4414
2024/02/14 04:59:26.00,458507.4103,5634879.9596,2945537.2884
2024/02/14 04:59:27.00,458503.5641,5634878.9972,2945539.7726
2024/02/14 04:59:28.00,458500.2953,5634878.1743,2945541.898
2024/02/14 04:59:29.00,458497.5548,5634877.4867,2945543.6792
2024/02/14 04:59:30.00,458495.087,5634876.8579,2945545.281
2024/02/14 04:59:31.00,458492.8482,5634876.2861,2945546.7519
2024/02/14 04:59:32.00,458490.8563,5634875.7401,2945548.1057
2024/02/14 04:59:33.00,458489.1137,5634875.2434,2945549.3677
2024/02/14 04:59:34.00,458487.6322,5634874.8238,2945550.4021
2024/02/14 04:59:35.00,458486.5547,5634874.5471,2945551.1136
2024/02/14 04:59:36.00,458485.9073,5634874.3844,2945551.5335
2024/02/14 04:59:37.00,458485.8288,5634874.3649,2945551.5782
2024/02/14 04:59:38.00,458485.832,5634874.3644,2945551.5745
2024/02/14 04:59:39.00,458485.8312,5634874.3641,2945551.5757
2024/02/14 04:59:40.00,458485.8322,5634874.3623,2945551.5747
2024/02/14 04:59:41.00,458485.8317,5634874.3649,2945551.5773
2024/02/14 04:59:42.00,458485.8308,5634874.3663,2945551.5761
2024/02/14 04:59:43.00,458485.8321,5634874.3652,2945551.5784
2024/02/14 04:59:44.00,458485.8313,5634874.3667,2945551.5772
2024/02/14 04:59:45.00,458485.8317,5634874.366,2945551.5795
2024/02/14 04:59:46.00,458485.8321,5634874.369,2945551.5759
2024/02/14 04:59:47.00,458485.8303,5634874.3652,2945551.5741
2024/02/14 04:59:48.00,458485.8311,5634874.3636,2945551.5763
2024/02/14 04:59:49.00,458485.8304,5634874.3666,2945551.576
2024/02/14 04:59:50.00,458485.8312,5634874.3652,2945551.5783
2024/02/14 04:59:51.00,458485.833,5634874.3681,2945551.5798
2024/02/14 04:59:52.00,458485.8306,5634874.3654,2945551.5783
2024/02/14 04:59:53.00,458485.8304,5634874.3652,2945551.5771
2024/02/14 04:59:54.00,458485.8316,5634874.3649,2945551.5781
2024/02/14 04:59:55.00,458485.8312,5634874.3641,2945551.5763
2024/02/14 04:59:56.00,458485.8326,5634874.364,2945551.5767
2024/02/14 04:59:57.00,458485.8317,5634874.3649,2945551.5801
2024/02/14 04:59:58.00,458485.8323,5634874.3644,2945551.5774
2024/02/14 04:59:59.00,458485.8318,5634874.3642,2945551.5786
2024/02/14 05:00:00.00,458485.8301,5634874.3661,2945551.58
2024/02/14 05:00:01.00,458485.8312,5634874.3645,2945551.5806
2024/02/14 05:00:02.00,458485.8313,5634874.3653,2945551.5792
2024/02/14 05:00:03.00,458485.8316,5634874.3655,2945551.5785
2024/02/14 05:00:04.00,458485.831,5634874.3648,2945551.5777
2024/02/14 05:00:05.00,458485.8333,5634874.3641,2945551.5784
2024/02/14 05:00:06.00,458485.8316,5634874.3657,2945551.5777
2024/02/14 05:00:07.00,458485.8312,5634874.3658,2945551.5785
2024/02/14 05:00:08.00,458485.8329,5634874.3645,2945551.5793
2024/02/14 05:00:09.00,458485.8328,5634874.3614,2945551.578
2024/02/14 05:00:10.00,458485.8313,5634874.3654,2945551.5785
2024/02/14 05:00:11.00,458485.833,5634874.3675,2945551.5778
2024/02/14 05:00:12.00,458485.834,5634874.3647,2945551.5781
2024/02/14 05:00:13.00,458485.8324,5634874.3652,2945551.5793
2024/02/14 05:00:14.00,458485.8312,5634874.3654,2945551.5791
2024/02/14 05:00:15.00,458485.8326,5634874.3652,2945551.5783
2024/02/14 05:00:16.00,458485.8319,5634874.3656,2945551.5776
2024/02/14 05:00:17.00,458485.8339,5634874.3644,2945551.5791
2024/02/14 05:00:18.00,458485.8311,5634874.3658,2945551.5796
2024/02/14 05:00:19.00,458485.8346,5634874.3643,2945551.5796
2024/02/14 05:00:20.00,458485.8309,5634874.3633,2945551.5762
2024/02/14 05:00:21.00,458485.8351,5634874.3682,2945551.5807
2024/02/14 05:00:22.00,458485.8324,5634874.3618,2945551.5764
2024/02/14 05:00:23.00,458485.8324,5634874.368,2945551.5789
2024/02/14 05:00:24.00,458485.834,5634874.3618,2945551.5756
2024/02/14 05:00:25.00,458485.8332,5634874.3642,2945551.5779
2024/02/14 05:00:26.00,458485.8339,5634874.3639,2945551.577
2024/02/14 05:00:27.00,458485.8337,5634874.3644,2945551.577
2024/02/14 05:00:28.00,458485.8337,5634874.3638,2945551.5761
2024/02/14 05:00:29.00,458485.8329,5634874.3628,2945551.5758
2024/02/14 05:00:30.00,458485.8329,5634874.3624,2945551.5739
2024/02/14 05:00:31.00,458485.8339,5634874.3629,2945551.5761
2024/02/14 05:00:32.00,458485.8315,5634874.3625,2945551.5754
2024/02/14 05:00:33.00,458485.8345,5634874.3657,2945551.579
2024/02/14 05:00:34.00,458485.832,5634874.3636,2945551.5773
2024/02/14 05:00:35.00,458485.8325,5634874.363,2945551.5782
2024/02/14 05:00:36.00,458485.8342,5634874.3604,2945551.5752
2024/02/14 05:00:37.00,458485.8324,5634874.3622,2945551.5783
2024/02/14 05:00:38.00,458485.8331,5634874.364,2945551.5775
2024/02/14 05:00:39.00,458485.8329,5634874.363,2945551.5765
2024/02/14 05:00:40.00,458485.8342,5634874.362,2945551.5778
2024/02/14 05:00:41.00,458485.8338,5634874.3648,2945551.5784
2024/02/14 05:00:42.00,458485.8343,5634874.3653,2945551.5777
2024/02/14 05:00:43.00,458485.8344,5634874.3644,2945551.5792
2024/02/14 05:00:44.00,458485.8332,5634874.3628,2945551.5788
2024/02/14 05:00:45.00,458485.8327,5634874.3605,2945551.5771
2024/02/14 05:00:46.00,458485.8313,5634874.3623,2945551.5778
2024/02/14 05:00:47.00,458485.8321,5634874.3625,2945551.5783
2024/02/14 05:00:48.00,458485.8323,5634874.3615,2945551.5778
2024/02/14 05:00:49.00,458485.8329,5634874.3648,2945551.5798
2024/02/14 05:00:50.00,458485.8337,5634874.3652,2945551.5802
2024/02/14 05:00:51.00,458485.8324,5634874.3643,2945551.5795
2024/02/14 05:00:52.00,458485.8331,5634874.3625,2945551.5776
2024/02/14 05:00:53.00,458485.8324,5634874.361,2945551.5788
2024/02/14 05:00:54.00,458485.835,5634874.3648,2945551.5809
2024/02/14 05:00:55.00,458485.8332,5634874.3648,2945551.5803
2024/02/14 05:00:56.00,458485.8345,5634874.3673,2945551.5824
2024/02/14 05:00:57.00,458485.8342,5634874.364,2945551.5808
2024/02/14 05:00:58.00,458485.8332,5634874.3634,2945551.58
2024/02/14 05:00:59.00,458485.8341,5634874.365,2945551.5815
2024/02/14 05:01:00.00,458485.8343,5634874.3659,2945551.5809
2024/02/14 05:01:01.00,458485.8342,5634874.3611,2945551.5799
2024/02/14 05:01:02.00,458485.8337,5634874.3702,2945551.583
2024/02/14 05:01:18.00,458485.835,5634874.3747,2945551.5835
2024/02/14 05:01:19.00,458485.8346,5634874.3675,2945551.5787
2024/02/14 05:01:20.00,458485.8343,5634874.3731,2945551.5805
2024/02/14 05:01:21.00,458485.8345,5634874.3685,2945551.5788
2024/02/14 05:01:22.00,458485.8369,5634874.3785,2945551.5846
2024/02/14 05:01:23.00,458485.8374,5634874.3761,2945551.5842
2024/02/14 05:01:24.00,458485.8348,5634874.3702,2945551.5796
2024/02/14 05:01:53.00,458485.8387,5634874.375,2945551.5877
2024/02/14 05:01:54.00,458485.8379,5634874.3728,2945551.5875
2024/02/14 05:01:55.00,458485.8376,5634874.3724,2945551.5872
2024/02/14 05:01:56.00,458485.8365,5634874.3709,2945551.5853
2024/02/14 05:01:57.00,458485.839,5634874.375,2945551.5866
2024/02/14 05:01:58.00,458485.8367,5634874.3732,2945551.5866
2024/02/14 05:01:59.00,458485.8376,5634874.3731,2945551.586
2024/02/14 05:02:00.00,458485.8374,5634874.3715,2945551.5857
2024/02/14 05:02:01.00,458485.8353,5634874.3669,2945551.58
2024/02/14 05:02:02.00,458485.835,5634874.3663,2945551.5812
2024/02/14 05:02:03.00,458485.8372,5634874.3716,2945551.5867
2024/02/14 05:02:04.00,458485.835,5634874.3693,2945551.5821
2024/02/14 05:02:05.00,458485.835,5634874.369,2945551.5818
2024/02/14 05:02:06.00,458485.8374,5634874.3735,2945551.5854
2024/02/14 05:02:07.00,458485.8366,5634874.3694,2945551.5821
2024/02/14 05:02:08.00,458485.8358,5634874.3698,2945551.5804
2024/02/14 05:02:09.00,458485.8371,5634874.371,2945551.5856
2024/02/14 05:02:10.00,458485.8364,5634874.3712,2945551.5818
2024/02/14 05:02:11.00,458485.8375,5634874.378,2945551.5888
2024/02/14 05:02:12.00,458485.8369,5634874.3744,2945551.5858
2024/02/14 05:02:13.00,458485.8389,5634874.371,2945551.5845
2024/02/14 05:02:14.00,458485.8367,5634874.3662,2945551.5789
2024/02/14 05:02:15.00,458485.8375,5634874.3686,2945551.5799
2024/02/14 05:02:16.00,458485.8372,5634874.3674,2945551.5812
2024/02/14 05:02:17.00,458485.8388,5634874.3699,2945551.5824
2024/02/14 05:02:18.00,458485.8381,5634874.3684,2945551.5815
2024/02/14 05:02:19.00,458485.8374,5634874.3688,2945551.5821
2024/02/14 05:02:20.00,458485.8378,5634874.3705,2945551.5828
2024/02/14 05:02:21.00,458485.8355,5634874.3651,2945551.5792
2024/02/14 05:02:22.00,458485.8343,5634874.3636,2945551.5775
2024/02/14 05:02:23.00,458485.8353,5634874.3684,2945551.5795
2024/02/14 05:02:24.00,458485.8375,5634874.3703,2945551.584
2024/02/14 05:02:25.00,458485.8375,5634874.3676,2945551.5832
2024/02/14 05:02:26.00,458485.8351,5634874.3644,2945551.5764
2024/02/14 05:02:27.00,458485.8339,5634874.3646,2945551.5766
2024/02/14 05:02:28.00,458485.8311,5634874.3589,2945551.5716
2024/02/14 05:02:29.00,458485.8299,5634874.3577,2945551.5721
2024/02/14 05:02:30.00,458485.8345,5634874.3605,2945551.5747
2024/02/14 05:02:31.00,458485.8322,5634874.3595,2945551.5722
2024/02/14 05:02:32.00,458485.831,5634874.3565,2945551.5699
2024/02/14 05:02:33.00,458485.8316,5634874.3565,2945551.5704
2024/02/14 05:02:34.00,458485.8309,5634874.3585,2945551.573
2024/02/14 05:02:35.00,458485.8324,5634874.3589,2945551.573
2024/02/14 05:02:36.00,458485.8327,5634874.3591,2945551.5737
2024/02/14 05:02:37.00,458485.8334,5634874.3642,2945551.577
2024/02/14 05:02:38.00,458485.8322,5634874.3606,2945551.5739
2024/02/14 05:02:39.00,458485.8329,5634874.3637,2945551.5775
2024/02/14 05:02:40.00,458485.8298,5634874.3552,2945551.571
2024/02/14 05:02:41.00,458485.8321,5634874.3588,2945551.5731
2024/02/14 05:02:42.00,458485.8326,5634874.3611,2945551.5745
2024/02/14 05:02:43.00,458485.8318,5634874.3585,2945551.5752
2024/02/14 05:02:44.00,458485.8313,5634874.3576,2945551.5737
2024/02/14 05:02:45.00,458485.8336,5634874.3604,2945551.577
2024/02/14 05:02:46.00,458485.8328,5634874.361,2945551.5765
2024/02/14 05:02:47.00,458485.8316,5634874.3597,2945551.5755
2024/02/14 05:02:48.00,458485.8367,5634874.3688,2945551.5843
2024/02/14 05:02:49.00,458485.8354,5634874.371,2945551.5836
2024/02/14 05:02:50.00,458485.836,5634874.3702,2945551.5851
2024/02/14 05:02:51.00,458485.8356,5634874.3691,2945551.5837
2024/02/14 05:02:52.00,458485.8352,5634874.37,2945551.5838
2024/02/14 05:02:53.00,458485.8292,5634874.3582,2945551.5759
2024/02/14 05:02:54.00,458485.83,5634874.3614,2945551.5768
2024/02/14 05:02:55.00,458485.8301,5634874.3622,2945551.5774
2024/02/14 05:02:56.00,458485.8301,5634874.3593,2945551.5767
2024/02/14 05:02:57.00,458485.8303,5634874.3598,2945551.5757
2024/02/14 05:02:58.00,458485.8287,5634874.3608,2945551.576
2024/02/14 05:02:59.00,458485.8302,5634874.3613,2945551.5755
2024/02/14 05:03:00.00,458485.8294,5634874.3599,2945551.5748
2024/02/14 05:03:01.00,458485.8299,5634874.3602,2945551.5756
2024/02/14 05:03:02.00,458485.8292,5634874.357,2945551.5726
2024/02/14 05:03:03.00,458485.8299,5634874.3586,2945551.5749
2024/02/14 05:03:04.00,458485.8368,5634874.3684,2945551.5832
2024/02/14 05:03:05.00,458485.8285,5634874.3571,2945551.5738
2024/02/14 05:03:06.00,458485.8302,5634874.3599,2945551.5733
2024/02/14 05:03:07.00,458485.8353,5634874.3694,2945551.5851
2024/02/14 05:03:08.00,458485.8334,5634874.3684,2945551.5818
2024/02/14 05:03:09.00,458485.8343,5634874.3668,2945551.5836
2024/02/14 05:03:10.00,458485.8303,5634874.3611,2945551.5731
2024/02/14 05:03:11.00,458485.8332,5634874.3687,2945551.5831
2024/02/14 05:03:12.00,458485.8327,5634874.3671,2945551.5817
2024/02/14 05:03:13.00,458485.8345,5634874.3693,2945551.5837
2024/02/14 05:03:14.00,458485.8329,5634874.3684,2945551.5849
2024/02/14 05:03:15.00,458485.8319,5634874.3677,2945551.5835
2024/02/14 05:03:16.00,458485.8331,5634874.3704,2945551.5857
2024/02/14 05:03:17.00,458485.8339,5634874.371,2945551.5843
2024/02/14 05:03:18.00,458485.8332,5634874.3684,2945551.5834
2024/02/14 05:03:19.00,458485.8344,5634874.3728,2945551.5866
2024/02/14 05:03:20.00,458485.8326,5634874.3707,2945551.5838
2024/02/14 05:03:21.00,458485.8337,5634874.3717,2945551.5841
2024/02/14 05:03:22.00,458485.8357,5634874.3723,2945551.5862
2024/02/14 05:03:23.00,458485.8345,5634874.3699,2945551.5853
2024/02/14 05:03:24.00,458485.8349,5634874.3706,2945551.5851
2024/02/14 05:03:25.00,458485.8327,5634874.373,2945551.5852
2024/02/14 05:03:26.00,458485.8325,5634874.3717,2945551.5852
2024/02/14 05:03:27.00,458485.8348,5634874.375,2945551.5856
2024/02/14 05:03:28.00,458485.831,5634874.3697,2945551.583
2024/02/14 05:03:29.00,458485.8338,5634874.3708,2945551.5841
2024/02/14 05:03:31.00,458485.8324,5634874.3631,2945551.5817
2024/02/14 05:03:32.00,458485.8355,5634874.3667,2945551.5808
2024/02/14 05:03:33.00,458485.8341,5634874.3684,2945551.5831
2024/02/14 05:03:34.00,458485.8334,5634874.3649,2945551.5812
2024/02/14 05:03:35.00,458485.8341,5634874.3658,2945551.5815
2024/02/14 05:03:36.00,458485.8314,5634874.3609,2945551.5776
2024/02/14 05:03:37.00,458485.8317,5634874.365,2945551.5829
2024/02/14 05:03:38.00,458485.8347,5634874.3668,2945551.5844
2024/02/14 05:03:39.00,458485.8335,5634874.3645,2945551.5841
2024/02/14 05:03:40.00,458485.8313,5634874.3628,2945551.5803
2024/02/14 05:03:41.00,458485.8321,5634874.3617,2945551.5787
2024/02/14 05:03:42.00,458485.8346,5634874.362,2945551.5793
2024/02/14 05:03:43.00,458485.8332,5634874.3628,2945551.5801
2024/02/14 05:03:44.00,458485.8328,5634874.3634,2945551.5792
2024/02/14 05:03:45.00,458485.8338,5634874.3627,2945551.5794
2024/02/14 05:03:46.00,458485.8336,5634874.364,2945551.581
2024/02/14 05:03:47.00,458485.8317,5634874.3624,2945551.58
2024/02/14 05:03:48.00,458485.8331,5634874.3614,2945551.5763
2024/02/14 05:03:49.00,458485.833,5634874.361,2945551.5776
2024/02/14 05:03:50.00,458485.8338,5634874.3641,2945551.5802
2024/02/14 05:03:51.00,458485.8319,5634874.3641,2945551.581
2024/02/14 05:03:52.00,458485.8323,5634874.3653,2945551.5818
2024/02/14 05:03:53.00,458485.8329,5634874.3631,2945551.581
2024/02/14 05:03:54.00,458485.8338,5634874.366,2945551.5821
2024/02/14 05:03:56.00,458485.8319,5634874.3633,2945551.5776
2024/02/14 05:03:58.00,458485.8326,5634874.3601,2945551.5791
2024/02/14 05:03:59.00,458485.8317,5634874.3591,2945551.5771
2024/02/14 05:04:00.00,458485.8313,5634874.3615,2945551.5804
2024/02/14 05:04:01.00,458485.8306,5634874.363,2945551.5801
2024/02/14 05:04:02.00,458485.8312,5634874.3667,2945551.5817
2024/02/14 05:04:03.00,458485.832,5634874.3634,2945551.5811
2024/02/14 05:04:04.00,458485.8339,5634874.3686,2945551.5824
2024/02/14 05:04:05.00,458485.8333,5634874.3671,2945551.5821
2024/02/14 05:04:06.00,458485.8313,5634874.367,2945551.5823
2024/02/14 05:04:07.00,458485.8305,5634874.3646,2945551.5789
2024/02/14 05:04:08.00,458485.8315,5634874.3664,2945551.5819
2024/02/14 05:04:09.00,458485.8322,5634874.3705,2945551.5846
2024/02/14 05:04:10.00,458485.833,5634874.3699,2945551.5839
2024/02/14 05:04:11.00,458485.8324,5634874.3689,2945551.5822
2024/02/14 05:04:12.00,458485.8322,5634874.3725,2945551.5859
2024/02/14 05:04:13.00,458485.8294,5634874.3655,2945551.5797
2024/02/14 05:04:14.00,458485.8297,5634874.3656,2945551.5787
2024/02/14 05:04:15.00,458485.8277,5634874.3657,2945551.5804
2024/02/14 05:04:16.00,458485.8309,5634874.3673,2945551.5807
2024/02/14 05:04:17.00,458485.8284,5634874.3644,2945551.5784
2024/02/14 05:04:18.00,458485.8276,5634874.3628,2945551.5778
2024/02/14 05:04:19.00,458485.8278,5634874.3629,2945551.5793
2024/02/14 05:04:20.00,458485.8255,5634874.3583,2945551.5732
2024/02/14 05:04:21.00,458485.8277,5634874.3623,2945551.5779
2024/02/14 05:04:22.00,458485.8273,5634874.3596,2945551.5758
2024/02/14 05:04:23.00,458488.1636,5634880.2706,2945553.8892
2024/02/14 05:04:24.00,458488.1622,5634880.2708,2945553.8893
2024/02/14 05:04:25.00,458488.1604,5634880.2704,2945553.8901
2024/02/14 05:04:26.00,458488.1601,5634880.2699,2945553.8908
2024/02/14 05:04:27.00,458488.1602,5634880.2703,2945553.8904
2024/02/14 05:04:28.00,458485.8242,5634874.3647,2945551.5765
2024/02/14 05:04:29.00,458488.1563,5634880.2707,2945553.8877
2024/02/14 05:04:30.00,458488.1569,5634880.2718,2945553.8892
2024/02/14 05:04:31.00,458488.158,5634880.2727,2945553.8903
2024/02/14 05:04:32.00,458488.1579,5634880.2753,2945553.8889
2024/02/14 05:04:33.00,458488.1541,5634880.271,2945553.8869
2024/02/14 05:04:34.00,458488.155,5634880.2718,2945553.885
2024/02/14 05:04:35.00,458488.1538,5634880.273,2945553.8861
2024/02/14 05:04:36.00,458488.1535,5634880.2717,2945553.8845
2024/02/14 05:04:37.00,458488.1553,5634880.2755,2945553.8883
2024/02/14 05:04:38.00,458488.1523,5634880.2743,2945553.8885
2024/02/14 05:04:39.00,458488.1518,5634880.2735,2945553.8856
2024/02/14 05:04:40.00,458488.1526,5634880.2719,2945553.8848
2024/02/14 05:04:41.00,458488.1508,5634880.2729,2945553.8852
2024/02/14 05:04:42.00,458488.1508,5634880.2761,2945553.8865
2024/02/14 05:04:43.00,458488.1504,5634880.2745,2945553.8846
2024/02/14 05:04:44.00,458488.1498,5634880.2755,2945553.8856
2024/02/14 05:05:44.00,458485.8318,5634874.3691,2945551.5859
2024/02/14 05:05:45.00,458485.8286,5634874.3622,2945551.5796
2024/02/14 05:05:46.00,458485.832,5634874.3727,2945551.5857
2024/02/14 05:05:47.00,458485.8333,5634874.3708,2945551.5852
2024/02/14 05:05:48.00,458485.8334,5634874.3689,2945551.5856
2024/02/14 05:05:49.00,458485.8329,5634874.3696,2945551.5848
2024/02/14 05:05:51.00,458485.8322,5634874.3694,2945551.5859
2024/02/14 05:05:52.00,458485.8322,5634874.3653,2945551.5799
2024/02/14 05:05:53.00,458485.8314,5634874.3643,2945551.579
2024/02/14 05:05:54.00,458485.8304,5634874.3641,2945551.5806
2024/02/14 05:05:55.00,458485.8328,5634874.3711,2945551.5867
2024/02/14 05:05:56.00,458485.8315,5634874.3692,2945551.5855
2024/02/14 05:05:57.00,458485.8321,5634874.3673,2945551.5838
2024/02/14 05:05:58.00,458485.835,5634874.3738,2945551.5894
2024/02/14 05:05:59.00,458485.8305,5634874.3656,2945551.5828
2024/02/14 05:06:00.00,458485.8335,5634874.3684,2945551.5858
2024/02/14 05:06:01.00,458485.8337,5634874.3713,2945551.5862
2024/02/14 05:06:02.00,458485.8323,5634874.3663,2945551.5843
2024/02/14 05:06:03.00,458485.8321,5634874.3689,2945551.585
2024/02/14 05:06:04.00,458485.8324,5634874.3694,2945551.5857
2024/02/14 05:06:05.00,458485.8324,5634874.3696,2945551.5854
2024/02/14 05:06:06.00,458485.8307,5634874.3649,2945551.5825
2024/02/14 05:06:07.00,458485.8319,5634874.3656,2945551.5818
2024/02/14 05:06:08.00,458485.8301,5634874.3623,2945551.581
2024/02/14 05:06:09.00,458485.8314,5634874.365,2945551.583
2024/02/14 05:06:10.00,458485.8305,5634874.3654,2945551.5801
2024/02/14 05:06:11.00,458485.831,5634874.3645,2945551.5816
2024/02/14 05:06:12.00,458485.8296,5634874.3605,2945551.5779
2024/02/14 05:06:13.00,458485.8312,5634874.362,2945551.5814
2024/02/14 05:06:14.00,458485.8312,5634874.3652,2945551.582
2024/02/14 05:06:15.00,458485.8308,5634874.3639,2945551.5811
2024/02/14 05:06:27.00,458483.5861,5634873.8059,2945553.0289
2024/02/14 05:06:28.00,458482.2409,5634873.475,2945553.8816
2024/02/14 05:06:29.00,458480.8756,5634873.1458,2945554.7526
2024/02/14 05:06:30.00,458479.1255,5634872.7219,2945555.8534
2024/02/14 05:06:31.00,458476.976,5634872.1966,2945557.1973
2024/02/14 05:06:32.00,458474.5416,5634871.6151,2945558.702
2024/02/14 05:06:33.00,458472.0087,5634871.0094,2945560.2413
2024/02/14 05:06:34.00,458469.5327,5634870.4365,2945561.7125
2024/02/14 05:06:35.00,458466.9726,5634869.8607,2945563.2128
2024/02/14 05:06:36.00,458464.0987,5634869.1932,2945564.9528
2024/02/14 05:06:37.00,458460.8737,5634868.4025,2945566.9607
2024/02/14 05:06:38.00,458457.302,5634867.537,2945569.2511
2024/02/14 05:06:39.00,458453.3821,5634866.5057,2945571.7935
2024/02/14 05:06:41.00,458444.9459,5634864.2961,2945577.4288
2024/02/14 05:06:42.00,458440.6661,5634863.228,2945580.2097
2024/02/14 05:06:43.00,458436.4988,5634862.2013,2945582.8902
2024/02/14 05:06:44.00,458432.4514,5634861.2156,2945585.4485
2024/02/14 05:06:45.00,458428.5168,5634860.2843,2945587.9154
2024/02/14 05:06:46.00,458424.7925,5634859.3912,2945590.2225
2024/02/14 05:06:47.00,458421.2992,5634858.5987,2945592.3306
2024/02/14 05:06:48.00,458417.8197,5634857.8398,2945594.3537
2024/02/14 05:06:49.00,458414.5131,5634857.1514,2945596.1985
2024/02/14 05:06:50.00,458412.2058,5634856.7053,2945597.4668
2024/02/14 05:06:51.00,458410.4603,5634856.3534,2945598.4197
2024/02/14 05:06:52.00,458408.8871,5634856.0269,2945599.3084
2024/02/14 05:06:53.00,458407.3973,5634855.73,2945600.1433
2024/02/14 05:06:54.00,458405.9036,5634855.4397,2945600.9707
2024/02/14 05:06:55.00,458404.4121,5634855.1559,2945601.7766
2024/02/14 05:06:56.00,458402.783,5634854.8493,2945602.6434
2024/02/14 05:06:57.00,458400.8729,5634854.494,2945603.647
2024/02/14 05:06:58.00,458398.7373,5634854.1135,2945604.7636
2024/02/14 05:06:59.00,458396.3638,5634853.6747,2945606.025
2024/02/14 05:07:00.00,458393.6338,5634853.1624,2945607.4675
2024/02/14 05:07:01.00,458390.7643,5634852.5918,2945609.0326
2024/02/14 05:07:02.00,458388.004,5634852.0382,2945610.5978
2024/02/14 05:07:03.00,458385.3919,5634851.4966,2945612.0999
2024/02/14 05:07:04.00,458382.9015,5634850.9406,2945613.53
2024/02/14 05:07:05.00,458380.3341,5634850.3865,2945615.0467
2024/02/14 05:07:06.00,458377.5794,5634849.7398,2945616.7701
2024/02/14 05:07:07.00,458374.7909,5634849.0135,2945618.6968
2024/02/14 05:07:08.00,458372.1389,5634848.1153,2945620.8572
2024/02/14 05:07:09.00,458369.7888,5634847.0622,2945623.3537
2024/02/14 05:07:10.00,458367.9172,5634845.7333,2945626.2124
2024/02/14 05:07:11.00,458366.4245,5634844.1636,2945629.5132
2024/02/14 05:07:12.00,458365.297,5634842.2323,2945633.2698
2024/02/14 05:07:13.00,458364.6419,5634840.113,2945637.5007
2024/02/14 05:07:14.00,458364.2797,5634837.6703,2945642.245
2024/02/14 05:07:15.00,458363.9443,5634834.8692,2945647.6131
2024/02/14 05:07:16.00,458363.7281,5634831.7812,2945653.5672
2024/02/14 05:07:17.00,458363.2338,5634827.2862,2945658.4911
2024/02/14 05:07:18.00,458363.1921,5634825.5873,2945665.4153
2024/02/14 05:07:19.00,458362.9063,5634822.4564,2945671.4541
2024/02/14 05:07:20.00,458362.7063,5634819.1184,2945677.7474
2024/02/14 05:07:21.00,458362.5155,5634815.6255,2945684.371
2024/02/14 05:07:22.00,458362.2581,5634811.9806,2945691.3482
2024/02/14 05:07:23.00,458361.9811,5634808.1808,2945698.6244
2024/02/14 05:07:24.00,458361.7421,5634804.2718,2945706.1635
2024/02/14 05:07:25.00,458361.6423,5634800.239,2945713.9069
2024/02/14 05:07:26.00,458361.5201,5634796.1302,2945721.7826
2024/02/14 05:07:27.00,458361.4343,5634791.9658,2945729.689
2024/02/14 05:07:28.00,458361.3301,5634787.842,2945737.5373
2024/02/14 05:07:29.00,458361.2686,5634783.7443,2945745.369
2024/02/14 05:07:30.00,458361.1581,5634779.6494,2945753.1468
2024/02/14 05:07:31.00,458361.0195,5634775.5721,2945760.8708
2024/02/14 05:07:32.00,458360.8659,5634771.5455,2945768.4829
2024/02/14 05:07:33.00,458360.862,5634767.4838,2945775.9554
2024/02/14 05:07:34.00,458360.8442,5634763.4772,2945783.3801
2024/02/14 05:07:35.00,458360.7873,5634759.2846,2945790.918
2024/02/14 05:07:36.00,458360.6886,5634754.9565,2945798.6741
2024/02/14 05:07:37.00,458360.5923,5634750.5242,2945806.6487
2024/02/14 05:07:38.00,458360.6262,5634745.9481,2945814.8051
2024/02/14 05:07:39.00,458360.6132,5634741.3084,2945823.0386
2024/02/14 05:07:40.00,458360.573,5634736.6574,2945831.2968
2024/02/14 05:07:41.00,458360.5239,5634731.926,2945839.5813
2024/02/14 05:07:42.00,458360.5202,5634727.1452,2945847.9121
2024/02/14 05:07:43.00,458360.6279,5634722.2693,2945856.3223
2024/02/14 05:07:44.00,458360.7621,5634717.3441,2945864.8248
2024/02/14 05:07:45.00,458360.9594,5634712.3992,2945873.3358
2024/02/14 05:07:46.00,458361.2141,5634707.668,2945881.4589
2024/02/14 05:07:47.00,458361.3717,5634703.0122,2945889.5256
2024/02/14 05:07:48.00,458361.4283,5634698.2933,2945897.7011
2024/02/14 05:07:49.00,458361.4927,5634693.5208,2945905.9293
2024/02/14 05:07:50.00,458361.6738,5634689.2621,2945914.4003
2024/02/14 05:07:51.00,458361.702,5634684.0548,2945922.3095
2024/02/14 05:07:52.00,458361.7866,5634679.3863,2945930.3939
2024/02/14 05:07:53.00,458361.9084,5634674.9761,2945938.0563
2024/02/14 05:07:54.00,458362.0928,5634670.8053,2945945.2497
2024/02/14 05:07:55.00,458362.3204,5634666.6306,2945952.4276
2024/02/14 05:07:56.00,458362.6565,5634662.3791,2945959.6729
2024/02/14 05:07:57.00,458363.0768,5634658.2728,2945966.6967
2024/02/14 05:07:58.00,458363.5998,5634654.338,2945973.374
2024/02/14 05:07:59.00,458364.1479,5634650.6191,2945979.7369
2024/02/14 05:08:00.00,458364.6489,5634647.1972,2945985.6049
2024/02/14 05:08:01.00,458365.3218,5634643.8321,2945991.2581
2024/02/14 05:08:02.00,458365.9765,5634640.6095,2945996.7557
2024/02/14 05:08:03.00,458366.6884,5634637.6509,2946001.7493
2024/02/14 05:08:04.00,458367.4644,5634634.9815,2946006.2083
2024/02/14 05:08:05.00,458368.1651,5634632.4925,2946010.3832
2024/02/14 05:08:06.00,458368.8596,5634630.1739,2946014.2907
2024/02/14 05:08:07.00,458369.4646,5634628.2106,2946017.5689
2024/02/14 05:08:08.00,458369.874,5634626.7335,2946020.0701
2024/02/14 05:08:09.00,458370.2249,5634625.4416,2946022.2214
2024/02/14 05:08:10.00,458370.5066,5634624.4001,2946023.9575
2024/02/14 05:08:11.00,458370.6946,5634623.727,2946025.0872
2024/02/14 05:08:12.00,458370.819,5634623.2028,2946025.9921
2024/02/14 05:08:13.00,458370.9408,5634622.7875,2946026.7034
2024/02/14 05:08:14.00,458370.9898,5634622.5931,2946027.0218
2024/02/14 05:08:15.00,458370.9955,5634622.5574,2946027.0787
2024/02/14 05:08:16.00,458370.9942,5634622.558,2946027.0768
2024/02/14 05:08:17.00,458370.9953,5634622.5614,2946027.0771
2024/02/14 05:08:18.00,458370.9947,5634622.5588,2946027.0773
2024/02/14 05:08:19.00,458370.9932,5634622.5612,2946027.0785
2024/02/14 05:08:20.00,458370.9957,5634622.5629,2946027.0786
2024/02/14 05:08:21.00,458370.9944,5634622.562,2946027.0787
2024/02/14 05:08:22.00,458370.9953,5634622.5619,2946027.0786
2024/02/14 05:08:23.00,458370.9962,5634622.5615,2946027.0793
2024/02/14 05:08:24.00,458370.9957,5634622.5613,2946027.0799
2024/02/14 05:08:25.00,458370.9953,5634622.559,2946027.0795
2024/02/14 05:08:26.00,458370.9972,5634622.563,2946027.0775
2024/02/14 05:08:27.00,458370.9945,5634622.5582,2946027.0769
2024/02/14 05:08:28.00,458370.9977,5634622.5622,2946027.0783
2024/02/14 05:08:29.00,458370.9956,5634622.5655,2946027.081
2024/02/14 05:08:30.00,458370.9955,5634622.5618,2946027.0778
2024/02/14 05:08:31.00,458371.0206,5634622.4598,2946027.2488
2024/02/14 05:08:32.00,458371.0525,5634622.3516,2946027.4237
2024/02/14 05:08:33.00,458371.0506,5634622.3521,2946027.4221
2024/02/14 05:08:34.00,458371.0561,5634622.3278,2946027.4589
2024/02/14 05:08:35.00,458371.1037,5634622.1696,2946027.7081
2024/02/14 05:08:36.00,458371.2086,5634621.834,2946028.26
2024/02/14 05:08:37.00,458371.3653,5634621.37,2946029.0698
2024/02/14 05:08:38.00,458371.5683,5634620.685,2946030.2319
2024/02/14 05:08:39.00,458371.9181,5634619.6185,2946032.0191
2024/02/14 05:08:40.00,458372.3506,5634618.3353,2946034.2022
2024/02/14 05:08:41.00,458372.8807,5634616.8473,2946036.6706
2024/02/14 05:08:42.00,458373.5883,5634614.9975,2946039.709
2024/02/14 05:08:43.00,458374.4832,5634612.8561,2946043.2201
2024/02/14 05:08:44.00,458375.4883,5634610.6361,2946046.8805
2024/02/14 05:08:45.00,458376.5196,5634608.5258,2946050.3428
2024/02/14 05:08:46.00,458377.5166,5634606.6567,2946053.4236
2024/02/14 05:08:47.00,458378.5974,5634604.7764,2946056.499
2024/02/14 05:08:48.00,458379.721,5634602.834,2946059.6534
2024/02/14 05:08:49.00,458380.9494,5634600.8513,2946062.8271
2024/02/14 05:08:50.00,458382.0964,5634598.9918,2946065.9036
2024/02/14 05:08:51.00,458383.2428,5634597.1622,2946068.8984
2024/02/14 05:08:52.00,458384.2904,5634595.4417,2946071.6723
2024/02/14 05:08:53.00,458385.217,5634593.9206,2946074.1594
2024/02/14 05:08:54.00,458386.0128,5634592.462,2946076.5618
2024/02/14 05:08:55.00,458386.5126,5634590.9815,2946079.0366
2024/02/14 05:08:56.00,458386.7377,5634589.3895,2946081.6824
2024/02/14 05:08:57.00,458386.6292,5634587.6666,2946084.6138
2024/02/14 05:08:58.00,458386.146,5634585.7783,2946087.8632
2024/02/14 05:08:59.00,458385.325,5634583.8681,2946091.206
2024/02/14 05:09:00.00,458384.1795,5634582.1864,2946094.2144
2024/02/14 05:09:01.00,458382.7734,5634580.6661,2946097.0544
2024/02/14 05:09:02.00,458380.9717,5634579.2837,2946099.777
2024/02/14 05:09:03.00,458378.859,5634578.0242,2946102.3531
2024/02/14 05:09:04.00,458376.3153,5634576.7698,2946105.019
2024/02/14 05:09:05.00,458373.4751,5634575.4661,2946107.8428
2024/02/14 05:09:06.00,458370.551,5634574.0654,2946110.8646
2024/02/14 05:09:07.00,458367.9267,5634572.6496,2946113.9016
2024/02/14 05:09:08.00,458365.9296,5634571.2279,2946116.7904
2024/02/14 05:09:09.00,458364.37,5634569.7702,2946119.6408
2024/02/14 05:09:10.00,458363.2165,5634568.2788,2946122.399
2024/02/14 05:09:11.00,458362.3782,5634566.8398,2946124.9911
2024/02/14 05:09:12.00,458361.702,5634565.4225,2946127.5408
2024/02/14 05:09:13.00,458361.1622,5634563.9789,2946130.1236
2024/02/14 05:09:14.00,458360.7213,5634562.4569,2946132.8452
2024/02/14 05:09:15.00,458360.2993,5634560.6978,2946136.0003
2024/02/14 05:09:16.00,458359.866,5634558.7073,2946139.5773
2024/02/14 05:09:17.00,458359.4752,5634556.4652,2946143.5618
2024/02/14 05:09:18.00,458359.0381,5634553.9602,2946148.0363
2024/02/14 05:09:19.00,458358.5873,5634551.2328,2946152.9464
2024/02/14 05:09:20.00,458358.096,5634548.357,2946158.1796
2024/02/14 05:09:21.00,458357.5687,5634545.3523,2946163.6919
2024/02/14 05:09:22.00,458356.9625,5634542.2775,2946169.4612
2024/02/14 05:09:23.00,458356.1378,5634539.0663,2946175.4515
2024/02/14 05:09:24.00,458355.2494,5634535.8517,2946181.5039
2024/02/14 05:09:25.00,458354.3499,5634532.6632,2946187.5815
2024/02/14 05:09:26.00,458353.3562,5634529.4599,2946193.7525
2024/02/14 05:09:27.00,458352.2353,5634526.1481,2946200.1695
2024/02/14 05:09:28.00,458350.9751,5634522.7396,2946206.8453
2024/02/14 05:09:29.00,458349.4823,5634519.2578,2946213.7218
2024/02/14 05:09:30.00,458347.7159,5634515.7364,2946220.7446
2024/02/14 05:09:31.00,458345.7726,5634512.148,2946227.8742
2024/02/14 05:09:32.00,458343.6852,5634508.5221,2946235.0915
2024/02/14 05:09:33.00,458341.3914,5634504.8889,2946242.3772
2024/02/14 05:09:34.00,458338.9268,5634501.316,2946249.5831
2024/02/14 05:09:35.00,458336.4311,5634497.8661,2946256.5627
2024/02/14 05:09:36.00,458333.9008,5634494.5052,2946263.3192
2024/02/14 05:09:37.00,458331.3724,5634491.2912,2946269.8751
2024/02/14 05:09:38.00,458328.8496,5634488.1529,2946276.2197
2024/02/14 05:09:39.00,458326.3431,5634485.1968,2946282.1889
2024/02/14 05:09:40.00,458323.9963,5634482.5225,2946287.6125
2024/02/14 05:09:41.00,458321.9007,5634480.2191,2946292.4266
2024/02/14 05:09:42.00,458320.0055,5634478.1772,2946296.6777
2024/02/14 05:09:43.00,458318.2367,5634476.3168,2946300.5435
2024/02/14 05:09:44.00,458316.6699,5634474.7319,2946303.8576
2024/02/14 05:09:45.00,458315.325,5634473.382,2946306.6606
2024/02/14 05:09:46.00,458314.0626,5634472.087,2946309.3287
2024/02/14 05:09:47.00,458312.8156,5634470.853,2946311.8869
2024/02/14 05:09:48.00,458311.6257,5634469.645,2946314.3624
2024/02/14 05:09:49.00,458310.578,5634468.5763,2946316.5652
2024/02/14 05:09:50.00,458309.6073,5634467.5956,2946318.605
2024/02/14 05:09:51.00,458308.6815,5634466.663,2946320.5377
2024/02/14 05:09:52.00,458307.8134,5634465.8255,2946322.2822
2024/02/14 05:09:53.00,458306.9024,5634465.0268,2946323.9373
2024/02/14 05:09:54.00,458306.0321,5634464.303,2946325.4663
2024/02/14 05:09:55.00,458305.478,5634463.8277,2946326.46
2024/02/14 05:09:56.00,458305.0715,5634463.4863,2946327.1685
2024/02/14 05:09:57.00,458304.6987,5634463.1771,2946327.8108
2024/02/14 05:09:58.00,458304.3576,5634462.9013,2946328.3924
2024/02/14 05:09:59.00,458304.0488,5634462.6602,2946328.9087
2024/02/14 05:10:00.00,458303.7669,5634462.4361,2946329.3764
2024/02/14 05:10:01.00,458303.5162,5634462.2417,2946329.7949
2024/02/14 05:10:02.00,458303.3271,5634462.0955,2946330.1012
2024/02/14 05:10:03.00,458303.3177,5634462.0936,2946330.1147
2024/02/14 05:10:04.00,458303.3181,5634462.09,2946330.1124
2024/02/14 05:10:05.00,458303.3272,5634462.0996,2946330.1011
2024/02/14 05:10:06.00,458303.2834,5634462.0645,2946330.1718
2024/02/14 05:10:07.00,458303.1474,5634461.9595,2946330.3938
2024/02/14 05:10:08.00,458302.8418,5634461.7272,2946330.8848
2024/02/14 05:10:09.00,458302.5034,5634461.4674,2946331.4561
2024/02/14 05:10:10.00,458302.2471,5634461.2568,2946331.8805
2024/02/14 05:10:11.00,458302.2408,5634461.2553,2946331.8963
2024/02/14 05:10:12.00,458302.2386,5634461.255,2946331.8998
2024/02/14 05:10:13.00,458302.2401,5634461.2514,2946331.8977
2024/02/14 05:10:14.00,458302.241,5634461.253,2946331.8976
2024/02/14 05:10:15.00,458302.2405,5634461.2522,2946331.8978
2024/02/14 05:10:16.00,458302.2395,5634461.2527,2946331.8966
2024/02/14 05:10:17.00,458302.2395,5634461.2536,2946331.898
2024/02/14 05:10:18.00,458302.2446,5634461.2573,2946331.8896
2024/02/14 05:10:19.00,458302.1565,5634461.1911,2946332.0325
2024/02/14 05:10:20.00,458301.7962,5634460.9076,2946332.6387
2024/02/14 05:10:21.00,458301.1716,5634460.4103,2946333.6656
2024/02/14 05:10:22.00,458300.6665,5634460.018,2946334.5026
2024/02/14 05:10:23.00,458300.5022,5634459.8836,2946334.7655
2024/02/14 05:10:24.00,458300.5057,5634459.891,2946334.7641
2024/02/14 05:10:25.00,458300.5054,5634459.8901,2946334.7636
2024/02/14 05:10:26.00,458300.5056,5634459.887,2946334.7639
2024/02/14 05:10:27.00,458300.5041,5634459.8891,2946334.7643
2024/02/14 05:10:28.00,458300.5052,5634459.886,2946334.7635
2024/02/14 05:10:29.00,458300.5036,5634459.8893,2946334.7631
2024/02/14 05:10:30.00,458300.5049,5634459.8852,2946334.7621
2024/02/14 05:10:31.00,458300.5044,5634459.8804,2946334.7599
2024/02/14 05:10:32.00,458300.5044,5634459.8867,2946334.7607
2024/02/14 05:10:33.00,458300.5058,5634459.8862,2946334.7609
2024/02/14 05:10:34.00,458300.5052,5634459.8834,2946334.7605
2024/02/14 05:10:35.00,458300.5052,5634459.8817,2946334.7597
2024/02/14 05:10:36.00,458300.5049,5634459.8827,2946334.7604
2024/02/14 05:10:37.00,458300.5065,5634459.8864,2946334.7625
2024/02/14 05:10:38.00,458300.506,5634459.8839,2946334.7604
2024/02/14 05:10:39.00,458300.5075,5634459.886,2946334.759
2024/02/14 05:10:40.00,458300.4866,5634459.8775,2946334.7957
2024/02/14 05:10:41.00,458300.2269,5634459.6781,2946335.2125
2024/02/14 05:10:42.00,458299.591,5634459.2056,2946336.2371
2024/02/14 05:10:43.00,458298.7183,5634458.5391,2946337.6361
2024/02/14 05:10:44.00,458297.7795,5634457.8232,2946339.1473
2024/02/14 05:10:45.00,458296.8677,5634457.1428,2946340.5963
2024/02/14 05:10:46.00,458296.111,5634456.5573,2946341.8328
2024/02/14 05:10:47.00,458295.4367,5634456.0489,2946342.9364
2024/02/14 05:10:48.00,458294.7936,5634455.5705,2946343.9429
2024/02/14 05:10:49.00,458294.1836,5634455.1393,2946344.8543
2024/02/14 05:10:50.00,458293.6443,5634454.7492,2946345.6974
2024/02/14 05:10:51.00,458293.1136,5634454.3529,2946346.533
2024/02/14 05:10:52.00,458292.4647,5634453.9036,2946347.5341
2024/02/14 05:10:53.00,458291.7703,5634453.42,2946348.6091
2024/02/14 05:10:54.00,458291.0901,5634452.9416,2946349.6351
2024/02/14 05:10:55.00,458290.4359,5634452.5156,2946350.5729
2024/02/14 05:10:56.00,458289.8716,5634452.1469,2946351.3937
2024/02/14 05:10:57.00,458289.3853,5634451.8438,2946352.0568
2024/02/14 05:10:58.00,458289.0447,5634451.6195,2946352.5338
2024/02/14 05:10:59.00,458288.8528,5634451.4979,2946352.7961
2024/02/14 05:11:00.00,458288.6566,5634451.3774,2946353.0693
2024/02/14 05:11:01.00,458288.3678,5634451.1911,2946353.4695
2024/02/14 05:11:02.00,458288.0545,5634450.994,2946353.9147
2024/02/14 05:11:03.00,458287.5351,5634450.6559,2946354.6424
2024/02/14 05:11:04.00,458286.7812,5634450.1711,2946355.7092
2024/02/14 05:11:05.00,458286.0102,5634449.6662,2946356.8174
2024/02/14 05:11:06.00,458285.2041,5634449.137,2946357.9555
2024/02/14 05:11:07.00,458284.3406,5634448.5723,2946359.159
2024/02/14 05:11:08.00,458283.5621,5634448.0691,2946360.2659
2024/02/14 05:11:09.00,458282.9319,5634447.6366,2946361.1935
2024/02/14 05:11:10.00,458282.373,5634447.249,2946362.0162
2024/02/14 05:11:11.00,458281.8432,5634446.8659,2946362.8309
2024/02/14 05:11:12.00,458281.1208,5634446.3669,2946363.9306
2024/02/14 05:11:13.00,458280.2562,5634445.7457,2946365.27
2024/02/14 05:11:14.00,458279.365,5634445.0733,2946366.7424
2024/02/14 05:11:15.00,458278.4694,5634444.3683,2946368.2534
2024/02/14 05:11:16.00,458277.5971,5634443.6572,2946369.7977
2024/02/14 05:11:17.00,458276.7731,5634442.8765,2946371.4063
2024/02/14 05:11:18.00,458275.9811,5634441.9846,2946373.2726
2024/02/14 05:11:19.00,458275.1806,5634440.9086,2946375.4476
2024/02/14 05:11:20.00,458274.1975,5634439.632,2946378.0932
2024/02/14 05:11:21.00,458272.9439,5634438.1066,2946381.2163
2024/02/14 05:11:22.00,458271.4117,5634436.5186,2946384.4869
2024/02/14 05:11:23.00,458269.8208,5634434.9812,2946387.64
2024/02/14 05:11:24.00,458268.1765,5634433.5397,2946390.6795
2024/02/14 05:11:25.00,458266.3172,5634432.0193,2946393.8526
2024/02/14 05:11:26.00,458264.1592,5634430.4007,2946397.3214
2024/02/14 05:11:27.00,458261.7874,5634428.6154,2946401.1436
2024/02/14 05:11:28.00,458259.1393,5634426.6691,2946405.3169
2024/02/14 05:11:29.00,458256.272,5634424.5331,2946409.8342
2024/02/14 05:11:30.00,458253.2034,5634422.2785,2946414.613
2024/02/14 05:11:31.00,458249.9787,5634419.9121,2946419.5576
2024/02/14 05:11:32.00,458246.6951,5634417.5217,2946424.6336
2024/02/14 05:11:33.00,458243.2821,5634415.1173,2946429.8052
2024/02/14 05:11:34.00,458239.7844,5634412.7042,2946435.0059
2024/02/14 05:11:35.00,458236.2978,5634410.3006,2946440.2042
2024/02/14 05:11:36.00,458232.7423,5634407.9438,2946445.3219
2024/02/14 05:11:37.00,458229.1421,5634405.6229,2946450.3426
2024/02/14 05:11:38.00,458225.6883,5634403.3857,2946455.0972
2024/02/14 05:11:39.00,458222.4323,5634401.2835,2946459.6003
2024/02/14 05:11:40.00,458219.6024,5634399.5704,2946463.3496
2024/02/14 05:11:41.00,458217.4288,5634398.3358,2946466.1309
2024/02/14 05:11:42.00,458215.5213,5634397.2618,2946468.5173
2024/02/14 05:11:43.00,458213.7445,5634396.3288,2946470.6825
2024/02/14 05:11:44.00,458211.9783,5634395.2934,2946473.0143
2024/02/14 05:11:45.00,458210.0632,5634394.1297,2946475.5816
2024/02/14 05:11:46.00,458208.0139,5634392.8254,2946478.4595
2024/02/14 05:11:47.00,458205.9785,5634391.329,2946481.6983
2024/02/14 05:11:48.00,458203.8362,5634389.6961,2946485.2372
2024/02/14 05:11:49.00,458201.6026,5634387.9121,2946489.037
2024/02/14 05:11:50.00,458199.3513,5634385.9776,2946493.1086
2024/02/14 05:11:51.00,458197.0249,5634383.9177,2946497.4209
2024/02/14 05:11:52.00,458194.4437,5634381.7754,2946501.9899
2024/02/14 05:11:53.00,458191.7142,5634379.5261,2946506.7419
2024/02/14 05:11:54.00,458188.8972,5634377.296,2946511.6356
2024/02/14 05:11:55.00,458185.9876,5634375.0093,2946516.5821
2024/02/14 05:11:56.00,458182.631,5634374.1269,2946521.7379
2024/02/14 05:11:57.00,458179.0904,5634370.5192,2946526.0613
2024/02/14 05:11:58.00,458176.2161,5634367.6289,2946532.5715
2024/02/14 05:11:59.00,458172.5646,5634364.9225,2946538.4383
2024/02/14 05:12:00.00,458168.9689,5634362.2719,2946544.1786
2024/02/14 05:12:01.00,458165.505,5634359.6858,2946549.7944
2024/02/14 05:12:02.00,458162.0652,5634357.0309,2946555.4557
2024/02/14 05:12:03.00,458158.5756,5634354.2906,2946561.3196
2024/02/14 05:12:04.00,458154.9752,5634351.4321,2946567.4074
2024/02/14 05:12:05.00,458151.202,5634348.5313,2946573.6911
2024/02/14 05:12:06.00,458147.3029,5634345.5174,2946580.1576
2024/02/14 05:12:07.00,458143.2515,5634342.4399,2946586.7992
2024/02/14 05:12:08.00,458139.0893,5634339.2845,2946593.6119
2024/02/14 05:12:09.00,458134.7319,5634336.0507,2946600.5343
2024/02/14 05:12:10.00,458130.2905,5634332.7601,2946607.6132
2024/02/14 05:12:11.00,458125.8123,5634329.3477,2946614.8672
2024/02/14 05:12:12.00,458121.2874,5634325.8443,2946622.3001
2024/02/14 05:12:13.00,458116.6505,5634322.3037,2946629.8375
2024/02/14 05:12:14.00,458111.931,5634318.7771,2946637.5046
2024/02/14 05:12:15.00,458107.1696,5634315.2134,2946645.2062
2024/02/14 05:12:16.00,458102.4289,5634311.6943,2946652.88
2024/02/14 05:12:17.00,458097.6444,5634308.2145,2946660.553
2024/02/14 05:12:18.00,458092.8514,5634304.7539,2946668.2387
2024/02/14 05:12:19.00,458088.1088,5634301.2809,2946675.9631
2024/02/14 05:12:20.00,458083.4342,5634297.8339,2946683.7229
2024/02/14 05:12:21.00,458078.8047,5634294.3944,2946691.4832
2024/02/14 05:12:22.00,458074.1092,5634291.0385,2946699.1774
2024/02/14 05:12:23.00,458069.4031,5634287.7246,2946706.8143
2024/02/14 05:12:24.00,458064.7362,5634284.4376,2946714.4551
2024/02/14 05:12:25.00,458060.0511,5634281.1469,2946722.2009
2024/02/14 05:12:26.00,458055.4425,5634277.8154,2946730.0868
2024/02/14 05:12:27.00,458050.7913,5634274.5561,2946738.0022
2024/02/14 05:12:28.00,458046.1577,5634271.267,2946745.9452
2024/02/14 05:12:29.00,458041.5344,5634268.0585,2946753.8795
2024/02/14 05:12:30.00,458036.8399,5634264.8109,2946761.758
2024/02/14 05:12:31.00,458032.1537,5634261.595,2946769.6176
2024/02/14 05:12:32.00,458027.4855,5634258.3739,2946777.4607
2024/02/14 05:12:33.00,458022.8728,5634255.1986,2946785.2513
2024/02/14 05:12:34.00,458018.5031,5634252.1432,2946792.7855
2024/02/14 05:12:35.00,458014.3584,5634249.2717,2946799.7814
2024/02/14 05:12:36.00,458010.7044,5634246.7636,2946805.9108
2024/02/14 05:12:37.00,458007.6181,5634244.6687,2946811.0729
2024/02/14 05:12:38.00,458004.8747,5634242.8078,2946815.6475
2024/02/14 05:12:39.00,458002.3673,5634241.1462,2946819.7731
2024/02/14 05:12:40.00,457999.877,5634239.5136,2946823.8244
2024/02/14 05:12:41.00,457997.3522,5634237.8667,2946827.9045
2024/02/14 05:12:42.00,457994.7834,5634236.2183,2946832.052
2024/02/14 05:12:43.00,457992.1205,5634234.5688,2946836.2458
2024/02/14 05:12:44.00,457989.4391,5634232.8453,2946840.5393
2024/02/14 05:12:45.00,457986.6983,5634231.0049,2946845.002
2024/02/14 05:12:46.00,457984.1493,5634229.1576,2946849.6738
2024/02/14 05:12:47.00,457981.5855,5634227.18,2946854.5047
2024/02/14 05:12:48.00,457978.9524,5634225.2023,2946859.4003
2024/02/14 05:12:49.00,457976.1524,5634223.079,2946864.5235
2024/02/14 05:12:50.00,457973.0972,5634220.9175,2946869.7915
2024/02/14 05:12:51.00,457969.9272,5634218.7122,2946875.1925
2024/02/14 05:12:52.00,457966.7581,5634216.3994,2946880.777
2024/02/14 05:12:53.00,457963.4388,5634214.0354,2946886.5485
2024/02/14 05:12:54.00,457959.9877,5634211.624,2946892.4451
2024/02/14 05:12:55.00,457956.482,5634209.1383,2946898.4291
2024/02/14 05:12:56.00,457952.8979,5634206.673,2946904.4612
2024/02/14 05:12:57.00,457949.2821,5634204.1803,2946910.5181
2024/02/14 05:12:58.00,457945.6241,5634201.7073,2946916.5999
2024/02/14 05:12:59.00,457941.9881,5634199.2313,2946922.6987
2024/02/14 05:13:00.00,457938.291,5634196.7578,2946928.7828
2024/02/14 05:13:01.00,457934.6376,5634194.1864,2946934.8955
2024/02/14 05:13:02.00,457931.0352,5634191.6066,2946941.0493
2024/02/14 05:13:03.00,457927.4458,5634189.0021,2946947.2465
2024/02/14 05:13:04.00,457923.7978,5634186.4128,2946953.4363
2024/02/14 05:13:05.00,457920.0983,5634183.7716,2946959.6184
2024/02/14 05:13:06.00,457916.3612,5634181.1125,2946965.8156
2024/02/14 05:13:07.00,457912.5863,5634178.4629,2946972.0271
2024/02/14 05:13:08.00,457908.7801,5634175.8044,2946978.2441
2024/02/14 05:13:09.00,457905.0039,5634173.0909,2946984.5045
2024/02/14 05:13:10.00,457901.1394,5634170.3065,2946990.8654
2024/02/14 05:13:11.00,457897.1784,5634167.476,2946997.3859
2024/02/14 05:13:12.00,457893.1686,5634164.6165,2947003.9715
2024/02/14 05:13:13.00,457889.383,5634161.8035,2947010.3754
2024/02/14 05:13:14.00,457885.8034,5634159.0433,2947016.5478
2024/02/14 05:13:15.00,457882.1395,5634156.2739,2947022.7129
2024/02/14 05:13:16.00,457878.2852,5634153.4679,2947029.0237
2024/02/14 05:13:17.00,457874.3788,5634150.4825,2947035.6038
2024/02/14 05:13:18.00,457870.2792,5634147.377,2947042.4044
2024/02/14 05:13:19.00,457865.9503,5634144.13,2947049.4858
2024/02/14 05:13:20.00,457861.3515,5634140.747,2947056.8985
2024/02/14 05:13:21.00,457856.5392,5634137.2272,2947064.6202
2024/02/14 05:13:22.00,457851.6299,5634133.448,2947072.6722
2024/02/14 05:13:23.00,457846.6055,5634129.5811,2947081.0224
2024/02/14 05:13:24.00,457841.3612,5634125.5783,2947089.6082
2024/02/14 05:13:25.00,457836.7044,5634121.5102,2947099.5103
2024/02/14 05:13:26.00,457830.4641,5634117.1565,2947107.3786
2024/02/14 05:13:27.00,457824.7656,5634112.8752,2947116.5074
2024/02/14 05:13:28.00,457819.0428,5634108.4102,2947125.8028
2024/02/14 05:13:29.00,457813.9896,5634103.9116,2947136.3645
2024/02/14 05:13:30.00,457807.5529,5634099.2978,2947144.822
2024/02/14 05:13:31.00,457801.9515,5634094.9707,2947154.1493
2024/02/14 05:13:32.00,457796.3748,5634090.9021,2947163.1433
2024/02/14 05:13:33.00,457791.0062,5634086.9746,2947171.8292
2024/02/14 05:13:34.00,457785.9771,5634083.1314,2947180.2152
2024/02/14 05:13:35.00,457781.4629,5634079.5904,2947188.0649
2024/02/14 05:13:36.00,457777.5435,5634076.2386,2947195.3065
2024/02/14 05:13:37.00,457774.108,5634073.0204,2947202.1029
2024/02/14 05:13:38.00,457771.3381,5634069.7925,2947208.8111
2024/02/14 05:13:39.00,457769.1833,5634066.6013,2947215.3939
2024/02/14 05:13:46.00,457759.5138,5634046.2932,2947254.716
2024/02/14 05:13:47.00,457757.3534,5634042.8593,2947260.3002
2024/02/14 05:13:48.00,457755.4964,5634039.6935,2947268.0152
2024/02/14 05:13:49.00,457754.5043,5634034.4585,2947274.9026
2024/02/14 05:13:50.00,457753.1317,5634030.3372,2947282.2666
2024/02/14 05:13:51.00,457751.3525,5634026.875,2947290.3104
2024/02/14 05:13:52.00,457750.4583,5634022.1901,2947297.8824
2024/02/14 05:13:53.00,457749.0851,5634017.3403,2947305.5302
2024/02/14 05:13:54.00,457747.5816,5634013.7052,2947314.1964
2024/02/14 05:13:55.00,457747.1981,5634008.9816,2947322.4778
2024/02/14 05:13:56.00,457745.6662,5634004.3581,2947330.9803
2024/02/14 05:13:57.00,457744.1386,5633999.5304,2947339.7029
2024/02/14 05:13:58.00,457742.4683,5633994.6097,2947348.6601
2024/02/14 05:13:59.00,457740.875,5633989.6004,2947357.8759
2024/02/14 05:14:00.00,457739.302,5633984.4516,2947367.3046
2024/02/14 05:14:01.00,457737.637,5633979.3042,2947376.9302
2024/02/14 05:14:02.00,457736.0674,5633974.0158,2947386.7007
2024/02/14 05:14:03.00,457734.6548,5633968.7393,2947396.6486
2024/02/14 05:14:04.00,457733.0952,5633963.4408,2947406.7058
2024/02/14 05:14:05.00,457731.5163,5633958.1606,2947416.8334
2024/02/14 05:14:06.00,457730.1711,5633952.7161,2947426.9832
2024/02/14 05:14:07.00,457728.8512,5633947.3711,2947437.1717
2024/02/14 05:14:08.00,457727.7796,5633942.0647,2947447.4421
2024/02/14 05:14:09.00,457727.1612,5633936.8311,2947457.6744
2024/02/14 05:14:10.00,457726.714,5633931.8381,2947467.7258
2024/02/14 05:14:11.00,457726.4274,5633927.0978,2947477.3998
2024/02/14 05:14:12.00,457726.3956,5633922.4558,2947486.7684
2024/02/14 05:14:13.00,457726.7548,5633917.9547,2947495.8044
2024/02/14 05:14:14.00,457727.3828,5633913.5788,2947504.4001
2024/02/14 05:14:15.00,457728.205,5633909.5339,2947512.4232
2024/02/14 05:14:16.00,457729.1385,5633905.7567,2947519.9968
2024/02/14 05:14:17.00,457730.2852,5633902.0879,2947527.2001
2024/02/14 05:14:18.00,457731.6959,5633898.4477,2947534.3078
2024/02/14 05:14:19.00,457733.3131,5633894.7966,2947541.4167
2024/02/14 05:14:20.00,457735.2207,5633891.1219,2947548.5196
2024/02/14 05:14:21.00,457737.3538,5633887.4235,2947555.6347
2024/02/14 05:14:22.00,457739.6826,5633883.6626,2947562.7467
2024/02/14 05:14:23.00,457742.178,5633879.8983,2947569.9064
2024/02/14 05:14:24.00,457744.8727,5633876.1183,2947577.0728
2024/02/14 05:14:25.00,457747.8631,5633872.2705,2947584.1991
2024/02/14 05:14:26.00,457751.0599,5633868.412,2947591.2698
2024/02/14 05:14:27.00,457754.2591,5633864.7061,2947598.0475
2024/02/14 05:14:28.00,457757.5473,5633861.1608,2947604.472
2024/02/14 05:14:29.00,457760.87,5633857.7206,2947610.769
2024/02/14 05:14:30.00,457764.1713,5633854.3464,2947616.9577
2024/02/14 05:14:31.00,457767.362,5633851.1256,2947622.9135
2024/02/14 05:14:32.00,457772.2868,5633849.7487,2947628.2293
2024/02/14 05:14:33.00,457773.192,5633845.7711,2947632.9148
2024/02/14 05:14:34.00,457775.8531,5633843.4487,2947637.1938
2024/02/14 05:14:35.00,457778.4894,5633841.1718,2947641.361
2024/02/14 05:14:36.00,457781.0373,5633839.01,2947645.269
2024/02/14 05:14:37.00,457783.2275,5633837.2318,2947648.3582
2024/02/14 05:14:38.00,457786.3895,5633834.9814,2947650.5169
2024/02/14 05:14:39.00,457787.1765,5633834.1483,2947653.7106
2024/02/14 05:14:40.00,457789.4814,5633830.9275,2947655.1882
2024/02/14 05:14:41.00,457790.3354,5633831.6034,2947658.1784
2024/02/14 05:14:42.00,457791.6333,5633830.0628,2947659.7554
2024/02/14 05:14:43.00,457793.2192,5633829.4174,2947662.1182
2024/02/14 05:14:44.00,457794.8894,5633828.0661,2947664.3969
2024/02/14 05:14:45.00,457796.7145,5633826.5138,2947666.9699
2024/02/14 05:14:46.00,457798.7182,5633824.9364,2947669.6171
2024/02/14 05:14:47.00,457800.8285,5633823.3034,2947672.3728
2024/02/14 05:14:48.00,457803.9045,5633822.6046,2947675.0579
2024/02/14 05:14:49.00,457805.8881,5633819.4418,2947678.8228
2024/02/14 05:14:50.00,457809.1709,5633818.4438,2947682.7541
2024/02/14 05:14:53.00,457817.5025,5633810.1338,2947694.4942
2024/02/14 05:14:54.00,457819.9626,5633808.5668,2947698.7556
2024/02/14 05:14:55.00,457822.4172,5633806.661,2947700.9956
2024/02/14 05:14:56.00,457824.398,5633805.0542,2947703.7693
2024/02/14 05:14:57.00,457826.254,5633803.5358,2947706.3415
2024/02/14 05:14:58.00,457828.0436,5633802.0751,2947708.8107
2024/02/14 05:14:59.00,457829.9572,5633800.5326,2947711.3442
2024/02/14 05:15:00.00,457832.018,5633798.8385,2947714.2054
2024/02/14 05:15:01.00,457834.2079,5633797.0473,2947717.2401
2024/02/14 05:15:02.00,457836.3187,5633795.2858,2947720.1903
2024/02/14 05:15:03.00,457838.1227,5633792.1346,2947721.9782
2024/02/14 05:15:04.00,457838.531,5633795.8973,2947726.7422
2024/02/14 05:15:05.00,457842.0252,5633790.5021,2947728.1382
2024/02/14 05:15:06.00,457843.7556,5633789.8853,2947730.9901
2024/02/14 05:15:07.00,457844.8983,5633786.3635,2947731.7181
2024/02/14 05:15:08.00,457846.6433,5633786.5411,2947734.784
2024/02/14 05:15:09.00,457848.1323,5633785.2577,2947736.909
2024/02/14 05:15:10.00,457849.7752,5633783.814,2947739.2279
2024/02/14 05:15:11.00,457851.4442,5633782.3779,2947741.6079
2024/02/14 05:15:12.00,457853.0751,5633780.9471,2947743.9064
2024/02/14 05:15:13.00,457854.8156,5633779.4672,2947746.4255
2024/02/14 05:15:14.00,457856.7405,5633777.7485,2947749.3985
2024/02/14 05:15:15.00,457859.0029,5633775.812,2947752.7132
2024/02/14 05:15:16.00,457861.5747,5633773.7148,2947756.2443
2024/02/14 05:15:17.00,457864.4428,5633771.5781,2947759.7344
2024/02/14 05:15:18.00,457867.4449,5633769.3398,2947763.4567
2024/02/14 05:15:19.00,457870.5634,5633766.8983,2947767.4513
2024/02/14 05:15:20.00,457873.7546,5633764.3736,2947771.6793
2024/02/14 05:15:21.00,457876.9636,5633761.8027,2947776.0506
2024/02/14 05:15:22.00,457880.0581,5633759.2095,2947780.509
2024/02/14 05:15:23.00,457883.1205,5633756.631,2947784.9388
2024/02/14 05:15:24.00,457886.1468,5633753.9994,2947789.4784
2024/02/14 05:15:25.00,457889.1878,5633751.2017,2947794.2386
2024/02/14 05:15:26.00,457892.3181,5633748.2991,2947799.1652
2024/02/14 05:15:27.00,457895.5552,5633745.2672,2947804.2578
2024/02/14 05:15:28.00,457898.911,5633742.1732,2947809.4272
2024/02/14 05:15:29.00,457902.4721,5633739.0844,2947814.5677
2024/02/14 05:15:30.00,457906.1251,5633735.9883,2947819.6775
2024/02/14 05:15:31.00,457909.8161,5633732.9098,2947824.7853
2024/02/14 05:15:32.00,457913.6263,5633729.7788,2947829.9504
2024/02/14 05:15:33.00,457917.5108,5633726.5704,2947835.1582
2024/02/14 05:15:34.00,457921.2709,5633723.3483,2947840.4208
2024/02/14 05:15:35.00,457925.0286,5633720.1508,2947845.6312
2024/02/14 05:15:36.00,457928.856,5633716.9658,2947850.7088
2024/02/14 05:15:37.00,457932.7011,5633713.7748,2947855.7734
2024/02/14 05:15:38.00,457936.712,5633710.516,2947860.8952
2024/02/14 05:15:39.00,457940.8367,5633707.1174,2947866.0785
2024/02/14 05:15:40.00,457945.1758,5633703.5973,2947871.4584
2024/02/14 05:15:41.00,457949.7249,5633699.8927,2947877.153
2024/02/14 05:15:42.00,457954.4312,5633695.9687,2947883.2694
2024/02/14 05:15:43.00,457959.1364,5633691.8403,2947889.7861
2024/02/14 05:15:44.00,457963.8226,5633687.6167,2947896.5884
2024/02/14 05:15:45.00,457968.4876,5633683.3695,2947903.4601
2024/02/14 05:15:46.00,457973.0363,5633679.3079,2947910.061
2024/02/14 05:15:47.00,457977.334,5633675.5123,2947916.2124
2024/02/14 05:15:48.00,457981.6551,5633671.7033,2947922.4182
2024/02/14 05:15:49.00,457985.9891,5633667.7574,2947928.9639
2024/02/14 05:15:50.00,457990.25,5633663.6313,2947935.8559
2024/02/14 05:15:51.00,457994.3986,5633659.3578,2947943.0751
2024/02/14 05:15:52.00,457998.3274,5633654.9247,2947950.6063
2024/02/14 05:15:53.00,458002.1731,5633650.3663,2947958.3466
2024/02/14 05:15:54.00,458005.6142,5633645.8755,2947966.4428
2024/02/14 05:15:55.00,458008.6148,5633641.2328,2947974.7479
2024/02/14 05:15:56.00,458010.9571,5633636.5749,2947983.3042
2024/02/14 05:15:57.00,458012.8319,5633631.9305,2947991.9951
2024/02/14 05:15:58.00,458014.3533,5633627.3214,2948000.7459
2024/02/14 05:15:59.00,458015.6156,5633622.7477,2948009.5021
2024/02/14 05:16:00.00,458016.5402,5633618.1702,2948018.3221
2024/02/14 05:16:01.00,458017.147,5633613.5776,2948027.1656
2024/02/14 05:16:02.00,458017.4435,5633609.0121,2948036.0895
2024/02/14 05:16:03.00,458017.6414,5633604.4377,2948045.0275
2024/02/14 05:16:04.00,458017.874,5633599.8781,2948053.9902
2024/02/14 05:16:05.00,458018.0871,5633595.3611,2948062.9811
2024/02/14 05:16:06.00,458018.3413,5633590.8146,2948071.947
2024/02/14 05:16:07.00,458018.6164,5633586.2959,2948080.9328
2024/02/14 05:16:08.00,458018.7858,5633581.6974,2948089.9063
2024/02/14 05:16:09.00,458018.95,5633577.0835,2948098.9272
2024/02/14 05:16:10.00,458019.0742,5633572.4376,2948107.9811
2024/02/14 05:16:11.00,458019.2912,5633567.7898,2948117.0512
2024/02/14 05:16:12.00,458019.5849,5633563.1144,2948126.1575
2024/02/14 05:16:13.00,458019.893,5633558.3785,2948135.2859
2024/02/14 05:16:14.00,458019.9872,5633553.6615,2948144.4827
2024/02/14 05:16:15.00,458020.0013,5633548.9511,2948153.7144
2024/02/14 05:16:16.00,458020.0011,5633544.2169,2948162.9605
2024/02/14 05:16:17.00,458020.1024,5633539.4061,2948172.203
2024/02/14 05:16:18.00,458020.5108,5633534.5058,2948181.4515
2024/02/14 05:16:19.00,458021.5563,5633531.3824,2948191.8793
2024/02/14 05:16:20.00,458022.3816,5633524.5582,2948199.5999
2024/02/14 05:16:21.00,458024.1292,5633519.6335,2948208.3482
2024/02/14 05:16:22.00,458026.316,5633514.681,2948216.9
2024/02/14 05:16:23.00,458028.7919,5633508.2761,2948224.2977
2024/02/14 05:16:24.00,458032.2087,5633504.8921,2948233.4883
2024/02/14 05:16:25.00,458035.9901,5633500.059,2948241.4635
2024/02/14 05:16:26.00,458040.6188,5633495.2952,2948249.0413
2024/02/14 05:16:27.00,458046.1271,5633490.4765,2948256.1969
2024/02/14 05:16:28.00,458052.2176,5633485.6864,2948263.1492
2024/02/14 05:16:29.00,458059.0867,5633481.027,2948269.8041
2024/02/14 05:16:30.00,458066.5193,5633476.5011,2948276.1119
2024/02/14 05:16:31.00,458074.3034,5633472.3719,2948281.7062
2024/02/14 05:16:32.00,458082.2074,5633468.6345,2948286.6547
2024/02/14 05:16:33.00,458090.4739,5633465.1219,2948291.1084
2024/02/14 05:16:34.00,458099.1825,5633461.7829,2948295.1816
2024/02/14 05:16:35.00,458108.1113,5633458.715,2948298.7993
2024/02/14 05:16:36.00,458116.8315,5633456.0489,2948301.6381
2024/02/14 05:16:37.00,458125.0945,5633453.8404,2948303.8128
2024/02/14 05:16:38.00,458133.143,5633451.9863,2948305.39
2024/02/14 05:16:39.00,458141.45,5633450.3103,2948306.5152
2024/02/14 05:16:40.00,458149.9106,5633448.8718,2948307.1428
2024/02/14 05:16:41.00,458158.1212,5633447.7606,2948307.261
2024/02/14 05:16:42.00,458166.2114,5633446.8785,2948306.9306
2024/02/14 05:16:43.00,458173.6636,5633446.3105,2948306.1792
2024/02/14 05:16:44.00,458180.4573,5633445.8797,2948305.3244
2024/02/14 05:16:45.00,458186.6877,5633445.5383,2948304.4278
2024/02/14 05:16:46.00,458192.633,5633445.2255,2948303.5891
2024/02/14 05:16:47.00,458197.5537,5633445.0104,2948303.0487
2024/02/14 05:16:48.00,458202.079,5633444.8516,2948302.412
2024/02/14 05:16:49.00,458206.2016,5633444.7401,2948301.7636
2024/02/14 05:16:50.00,458210.331,5633444.6889,2948301.0801
2024/02/14 05:16:51.00,458214.4877,5633444.6306,2948300.3903
2024/02/14 05:16:52.00,458218.7658,5633444.5608,2948299.6993
2024/02/14 05:16:53.00,458223.0608,5633444.519,2948299.062
2024/02/14 05:16:54.00,458227.1874,5633444.4557,2948298.4339
2024/02/14 05:16:55.00,458231.1343,5633444.4073,2948297.9311
2024/02/14 05:16:56.00,458234.8653,5633444.3496,2948297.3842
2024/02/14 05:16:57.00,458238.0519,5633444.3234,2948296.8784
2024/02/14 05:16:58.00,458240.2192,5633444.3305,2948296.5044
2024/02/14 05:16:59.00,458241.5999,5633444.3432,2948296.261
2024/02/14 05:17:00.00,458242.3232,5633444.3549,2948296.1328
2024/02/14 05:17:01.00,458242.9563,5633444.3558,2948296.0188
2024/02/14 05:17:02.00,458243.5014,5633444.3566,2948295.9268
2024/02/14 05:17:03.00,458243.8741,5633444.3485,2948295.8651
2024/02/14 05:17:04.00,458244.2227,5633444.3539,2948295.8037
2024/02/14 05:17:05.00,458244.5298,5633444.3598,2948295.759
2024/02/14 05:17:06.00,458245.0748,5633444.3506,2948295.6672
2024/02/14 05:17:07.00,458246.2148,5633444.3562,2948295.5049
2024/02/14 05:17:08.00,458247.7753,5633444.3426,2948295.2648
2024/02/14 05:17:09.00,458249.5073,5633444.3299,2948295.0016
2024/02/14 05:17:10.00,458251.4769,5633444.3364,2948294.6717
2024/02/14 05:17:11.00,458254.057,5633444.3291,2948294.2238
2024/02/14 05:17:12.00,458257.3083,5633444.3342,2948293.6906
2024/02/14 05:17:13.00,458261.098,5633444.3281,2948293.0892
2024/02/14 05:17:14.00,458265.0118,5633444.3444,2948292.4565
2024/02/14 05:17:15.00,458268.8419,5633444.3941,2948291.7886
2024/02/14 05:17:16.00,458272.8883,5633444.4541,2948291.0052
2024/02/14 05:17:17.00,458277.3947,5633444.5093,2948290.2546
2024/02/14 05:17:18.00,458282.3509,5633444.5714,2948289.4908
2024/02/14 05:17:19.00,458287.65,5633444.5343,2948288.662
2024/02/14 05:17:20.00,458292.948,5633444.5216,2948287.8445
2024/02/14 05:17:21.00,458297.9677,5633444.5645,2948287.0237
2024/02/14 05:17:22.00,458302.2882,5633444.5412,2948286.2409
2024/02/14 05:17:23.00,458305.4945,5633444.5281,2948285.6739
2024/02/14 05:17:24.00,458307.735,5633444.5125,2948285.2677
2024/02/14 05:17:25.00,458308.8734,5633444.5214,2948285.0587
2024/02/14 05:17:26.00,458309.4424,5633444.5319,2948284.9499
2024/02/14 05:17:27.00,458310.0505,5633444.5511,2948284.8297
2024/02/14 05:17:28.00,458310.9838,5633444.5838,2948284.6238
2024/02/14 05:17:29.00,458312.3572,5633444.6749,2948284.2435
2024/02/14 05:17:30.00,458313.9816,5633444.7649,2948283.7995
2024/02/14 05:17:31.00,458316.2647,5633444.884,2948283.1715
2024/02/14 05:17:32.00,458319.3821,5633444.9261,2948282.613
2024/02/14 05:17:33.00,458323.17,5633444.937,2948282.0067
2024/02/14 05:17:34.00,458326.9973,5633444.9101,2948281.5277
2024/02/14 05:17:35.00,458330.6808,5633444.8458,2948281.1677
2024/02/14 05:17:36.00,458334.4483,5633444.7487,2948280.8168
2024/02/14 05:17:37.00,458338.4377,5633444.6786,2948280.3865
2024/02/14 05:17:38.00,458342.4302,5633444.6648,2948279.8638
2024/02/14 05:17:39.00,458346.3099,5633444.6469,2948279.3071
2024/02/14 05:17:40.00,458350.2075,5633444.6309,2948278.7536
2024/02/14 05:17:41.00,458354.4544,5633444.6108,2948278.1964
2024/02/14 05:17:42.00,458359.161,5633444.5348,2948277.6233
2024/02/14 05:17:43.00,458364.2498,5633444.4647,2948276.9952
2024/02/14 05:17:44.00,458369.4842,5633444.4439,2948276.237
2024/02/14 05:17:45.00,458374.6941,5633444.4484,2948275.4284
2024/02/14 05:17:46.00,458379.7285,5633444.4694,2948274.6803
2024/02/14 05:17:47.00,458384.4567,5633444.52,2948273.8553
2024/02/14 05:17:48.00,458388.9093,5633444.5669,2948273.0457
2024/02/14 05:17:49.00,458393.1309,5633444.6058,2948272.3311
2024/02/14 05:17:50.00,458397.2075,5633444.6156,2948271.6288
2024/02/14 05:17:51.00,458401.2098,5633444.605,2948271.0826
2024/02/14 05:17:52.00,458405.3019,5633444.5231,2948270.5412
2024/02/14 05:17:53.00,458409.328,5633444.4692,2948270.0299
2024/02/14 05:17:54.00,458413.1035,5633444.4721,2948269.5064
2024/02/14 05:17:55.00,458416.5011,5633444.4749,2948268.9462
2024/02/14 05:17:56.00,458419.4314,5633444.5036,2948268.4595
2024/02/14 05:17:57.00,458422.1448,5633444.4774,2948268.0691
2024/02/14 05:17:58.00,458424.6223,5633444.4304,2948267.7723
2024/02/14 05:17:59.00,458426.7198,5633444.3868,2948267.5025
2024/02/14 05:18:00.00,458428.0879,5633444.3579,2948267.322
2024/02/14 05:18:01.00,458428.8735,5633444.3676,2948267.2206
2024/02/14 05:18:02.00,458429.5988,5633444.358,2948267.1254
2024/02/14 05:18:03.00,458430.2897,5633444.3432,2948267.0198
2024/02/14 05:18:04.00,458431.2185,5633444.3238,2948266.9049
2024/02/14 05:18:05.00,458432.5008,5633444.3152,2948266.7424
2024/02/14 05:18:06.00,458433.7665,5633444.3193,2948266.5539
2024/02/14 05:18:07.00,458434.8051,5633444.304,2948266.3862
2024/02/14 05:18:08.00,458435.1703,5633444.3103,2948266.3396
2024/02/14 05:18:09.00,458435.1642,5633444.3058,2948266.3344
2024/02/14 05:18:10.00,458435.1654,5633444.3074,2948266.3354
2024/02/14 05:18:11.00,458435.1629,5633444.3045,2948266.3345
2024/02/14 05:18:12.00,458435.2006,5633444.3162,2948266.3375
2024/02/14 05:18:13.00,458435.5067,5633444.3063,2948266.2821
2024/02/14 05:18:14.00,458436.363,5633444.3119,2948266.1371
2024/02/14 05:18:15.00,458436.9699,5633444.3133,2948266.0414
2024/02/14 05:18:16.00,458437.1841,5633444.3162,2948266.0096
2024/02/14 05:18:17.00,458437.1849,5633444.3171,2948266.0051
2024/02/14 05:18:18.00,458437.2247,5633444.3223,2948266.0044
2024/02/14 05:18:19.00,458437.4071,5633444.3238,2948265.9728
2024/02/14 05:18:20.00,458437.8282,5633444.3333,2948265.904
2024/02/14 05:18:21.00,458438.2479,5633444.3222,2948265.8213
2024/02/14 05:18:22.00,458438.5992,5633444.343,2948265.7697
2024/02/14 05:18:23.00,458438.7328,5633444.335,2948265.7354
2024/02/14 05:18:24.00,458438.851,5633444.3333,2948265.7211
2024/02/14 05:18:25.00,458439.0874,5633444.3339,2948265.6741
2024/02/14 05:18:26.00,458439.7091,5633444.3349,2948265.5729
2024/02/14 05:18:27.00,458440.9,5633444.3541,2948265.3692
2024/02/14 05:18:28.00,458442.3476,5633444.3529,2948265.1288
2024/02/14 05:18:29.00,458443.7633,5633444.3565,2948264.8966
2024/02/14 05:18:30.00,458445.0515,5633444.368,2948264.6919
2024/02/14 05:18:31.00,458446.236,5633444.381,2948264.5047
2024/02/14 05:18:32.00,458447.3114,5633444.3901,2948264.3389
2024/02/14 05:18:33.00,458448.1348,5633444.3859,2948264.2096
2024/02/14 05:18:34.00,458448.8877,5633444.3937,2948264.0961
2024/02/14 05:18:35.00,458449.8491,5633444.3953,2948263.9624
2024/02/14 05:18:36.00,458451.0966,5633444.4037,2948263.7777
2024/02/14 05:18:37.00,458452.1682,5633444.3833,2948263.6217
2024/02/14 05:18:38.00,458452.8542,5633444.3977,2948263.5418
2024/02/14 05:18:39.00,458453.4344,5633444.3996,2948263.4695
2024/02/14 05:18:40.00,458453.9776,5633444.3918,2948263.3949
2024/02/14 05:18:41.00,458454.465,5633444.3904,2948263.3415
2024/02/14 05:18:42.00,458454.9058,5633444.374,2948263.2889
2024/02/14 05:18:43.00,458455.5531,5633444.3678,2948263.2072
2024/02/14 05:18:44.00,458456.6492,5633444.3536,2948263.0423
2024/02/14 05:18:45.00,458458.1211,5633444.342,2948262.8709
2024/02/14 05:18:46.00,458459.6339,5633444.3195,2948262.6896
2024/02/14 05:18:47.00,458461.3502,5633444.2978,2948262.4989
2024/02/14 05:18:48.00,458463.1991,5633444.2896,2948262.263
2024/02/14 05:18:49.00,458465.0811,5633444.2838,2948261.9729
2024/02/14 05:18:50.00,458467.0601,5633444.2832,2948261.6786
2024/02/14 05:18:51.00,458469.2139,5633444.2871,2948261.3383
2024/02/14 05:18:52.00,458471.235,5633444.3233,2948261.0251
2024/02/14 05:18:53.00,458472.5382,5633444.338,2948260.8177
2024/02/14 05:18:54.00,458473.3729,5633444.3626,2948260.6837
2024/02/14 05:18:55.00,458473.928,5633444.3753,2948260.6059
2024/02/14 05:18:56.00,458474.3012,5633444.3864,2948260.5563
2024/02/14 05:18:57.00,458475.091,5633444.3911,2948260.4585
2024/02/14 05:18:58.00,458476.5701,5633444.3841,2948260.2649
2024/02/14 05:18:59.00,458478.3947,5633444.3779,2948260.0397
2024/02/14 05:19:00.00,458480.4318,5633444.4195,2948259.8445
2024/02/14 05:19:01.00,458482.9084,5633444.3803,2948259.5458
2024/02/14 05:19:02.00,458485.827,5633444.3507,2948259.2966
2024/02/14 05:19:03.00,458489.4492,5633444.2577,2948259.0323
2024/02/14 05:19:04.00,458493.7073,5633444.1311,2948258.8046
2024/02/14 05:19:05.00,458497.9476,5633443.9492,2948258.6547
2024/02/14 05:19:06.00,458501.9491,5633443.7371,2948258.636
2024/02/14 05:19:07.00,458506.1523,5633443.4844,2948258.6963
2024/02/14 05:19:08.00,458510.7072,5633443.1723,2948258.8483
2024/02/14 05:19:09.00,458515.5755,5633442.853,2948259.0152
2024/02/14 05:19:10.00,458520.734,5633442.4839,2948259.1813
2024/02/14 05:19:11.00,458525.9447,5633442.0387,2948259.5321
2024/02/14 05:19:12.00,458530.9698,5633441.4936,2948260.1111
2024/02/14 05:19:13.00,458535.63,5633440.9023,2948260.8222
2024/02/14 05:19:14.00,458539.9847,5633440.2559,2948261.6272
2024/02/14 05:19:15.00,458544.2214,5633439.629,2948262.417
2024/02/14 05:19:16.00,458548.5105,5633439.0347,2948263.2485
2024/02/14 05:19:17.00,458552.6387,5633438.4018,2948264.1419
2024/02/14 05:19:18.00,458556.4112,5633437.7647,2948265.1056
2024/02/14 05:19:19.00,458559.9666,5633437.1514,2948266.0504
2024/02/14 05:19:20.00,458563.761,5633438.3582,2948268.2214
2024/02/14 05:19:21.00,458567.0106,5633435.8942,2948268.0149
2024/02/14 05:19:22.00,458570.3187,5633435.2922,2948268.9711
2024/02/14 05:19:23.00,458573.3849,5633434.6954,2948269.902
2024/02/14 05:19:24.00,458576.4436,5633434.0742,2948270.8868
2024/02/14 05:19:25.00,458579.2503,5633433.4637,2948271.837
2024/02/14 05:19:26.00,458581.5832,5633432.9708,2948272.6928
2024/02/14 05:19:27.00,458583.8147,5633432.4563,2948273.5099
2024/02/14 05:19:28.00,458586.4131,5633431.8427,2948274.5033
2024/02/14 05:19:29.00,458589.089,5633431.2105,2948275.6222
2024/02/14 05:19:30.00,458591.6144,5633430.5653,2948276.761
2024/02/14 05:19:31.00,458594.0187,5633429.9209,2948277.8947
2024/02/14 05:19:32.00,458596.3448,5633429.2561,2948279.0392
2024/02/14 05:19:33.00,458598.6702,5633428.6215,2948280.1182
2024/02/14 05:19:34.00,458600.8476,5633427.996,2948281.2157
2024/02/14 05:19:35.00,458602.8321,5633427.4162,2948282.2393
2024/02/14 05:19:36.00,458604.7166,5633426.8233,2948283.2714
2024/02/14 05:19:37.00,458606.7793,5633426.1773,2948284.4441
2024/02/14 05:19:38.00,458608.9693,5633425.4562,2948285.7304
2024/02/14 05:19:39.00,458611.0218,5633424.7738,2948286.9635
2024/02/14 05:19:40.00,458612.8273,5633424.1694,2948288.0806
2024/02/14 05:19:41.00,458614.4705,5633423.6183,2948289.0952
2024/02/14 05:19:42.00,458615.9916,5633423.0782,2948290.0529
2024/02/14 05:19:43.00,458617.4582,5633422.5485,2948290.9937
2024/02/14 05:19:44.00,458618.8925,5633422.0203,2948291.9644
2024/02/14 05:19:45.00,458620.4554,5633421.4045,2948293.0567
2024/02/14 05:19:46.00,458622.1214,5633420.7772,2948294.1941
2024/02/14 05:19:47.00,458623.5981,5633420.2166,2948295.2203
2024/02/14 05:19:48.00,458624.6857,5633419.7879,2948296.008
2024/02/14 05:19:49.00,458625.4053,5633419.4984,2948296.5056
2024/02/14 05:19:50.00,458625.8494,5633419.3249,2948296.8373
2024/02/14 05:19:51.00,458626.7238,5633418.9578,2948297.4804
2024/02/14 05:19:52.00,458628.0399,5633418.418,2948298.4779
2024/02/14 05:19:53.00,458629.574,5633417.789,2948299.6551
2024/02/14 05:19:54.00,458631.2281,5633417.108,2948300.9153
2024/02/14 05:19:55.00,458632.9521,5633416.4128,2948302.2197
2024/02/14 05:19:56.00,458634.7063,5633415.7039,2948303.5309
2024/02/14 05:19:57.00,458636.4503,5633414.9898,2948304.8547
2024/02/14 05:19:58.00,458638.2377,5633414.2592,2948306.1782
2024/02/14 05:19:59.00,458640.0367,5633413.5197,2948307.5613
2024/02/14 05:20:00.00,458641.8431,5633412.7638,2948308.9687
2024/02/14 05:20:01.00,458643.6581,5633411.9913,2948310.3896
2024/02/14 05:20:02.00,458645.3817,5633411.2457,2948311.7755
2024/02/14 05:20:03.00,458646.954,5633410.5553,2948313.0328
2024/02/14 05:20:04.00,458648.4662,5633409.8956,2948314.2614
2024/02/14 05:20:05.00,458649.8663,5633409.3043,2948315.3459
2024/02/14 05:20:06.00,458650.788,5633408.9137,2948316.0558
2024/02/14 05:20:07.00,458651.5746,5633408.5915,2948316.6523
2024/02/14 05:20:08.00,458652.3235,5633408.2818,2948317.2327
2024/02/14 05:20:09.00,458653.1451,5633407.9333,2948317.8881
2024/02/14 05:20:10.00,458654.0657,5633407.538,2948318.6333
2024/02/14 05:20:11.00,458654.8936,5633407.174,2948319.3109
2024/02/14 05:20:12.00,458655.6904,5633406.8237,2948319.9734
2024/02/14 05:20:13.00,458656.5642,5633406.4576,2948320.6846
2024/02/14 05:20:14.00,458657.3537,5633406.1146,2948321.3334
2024/02/14 05:20:15.00,458658.1121,5633405.78,2948321.9685
2024/02/14 05:20:16.00,458658.9317,5633405.4152,2948322.6596
2024/02/14 05:20:17.00,458659.904,5633405.0088,2948323.431
2024/02/14 05:20:18.00,458660.9555,5633404.5637,2948324.274
2024/02/14 05:20:19.00,458662.0468,5633404.1064,2948325.1415
2024/02/14 05:20:20.00,458663.1356,5633403.6416,2948326.0508
2024/02/14 05:20:21.00,458664.255,5633403.1881,2948326.93
2024/02/14 05:20:22.00,458665.3786,5633402.7196,2948327.8183
2024/02/14 05:20:23.00,458666.4545,5633402.276,2948328.6483
2024/02/14 05:20:24.00,458667.4383,5633401.863,2948329.4224
2024/02/14 05:20:25.00,458668.5283,5633401.3765,2948330.3175
2024/02/14 05:20:26.00,458669.727,5633400.8446,2948331.2743
2024/02/14 05:20:27.00,458670.855,5633400.3435,2948332.2123
2024/02/14 05:20:28.00,458671.8235,5633399.9177,2948333.0174
2024/02/14 05:20:29.00,458672.669,5633399.5399,2948333.7122
2024/02/14 05:20:30.00,458673.4107,5633399.2178,2948334.3453
2024/02/14 05:20:31.00,458674.0986,5633398.8826,2948334.9775
2024/02/14 05:20:32.00,458674.7999,5633398.5569,2948335.5956
2024/02/14 05:20:33.00,458675.51,5633398.2252,2948336.2072
2024/02/14 05:20:34.00,458676.1848,5633397.9184,2948336.8086
2024/02/14 05:20:35.00,458676.8711,5633397.6088,2948337.4072
2024/02/14 05:20:36.00,458677.6972,5633397.2239,2948338.1067
2024/02/14 05:20:37.00,458678.7159,5633396.7694,2948338.9534
2024/02/14 05:20:38.00,458679.6952,5633396.3328,2948339.7405
2024/02/14 05:20:39.00,458680.5118,5633395.9841,2948340.3934
2024/02/14 05:20:40.00,458681.4897,5633395.5752,2948341.1329
2024/02/14 05:20:41.00,458682.5471,5633395.1348,2948341.9466
2024/02/14 05:20:42.00,458683.478,5633394.7567,2948342.661
2024/02/14 05:20:43.00,458684.2492,5633394.4225,2948343.2727
2024/02/14 05:20:44.00,458684.9356,5633394.121,2948343.8303
2024/02/14 05:20:45.00,458685.504,5633393.8654,2948344.2963
2024/02/14 05:20:46.00,458685.7835,5633393.7401,2948344.53
2024/02/14 05:20:47.00,458686.2584,5633393.5367,2948344.9373
2024/02/14 05:20:48.00,458687.1248,5633393.1367,2948345.6626
2024/02/14 05:20:49.00,458688.0727,5633392.6892,2948346.4822
2024/02/14 05:20:50.00,458689.0671,5633392.235,2948347.3377
2024/02/14 05:20:51.00,458690.1471,5633391.7168,2948348.2972
2024/02/14 05:20:52.00,458691.1394,5633391.247,2948349.1602
2024/02/14 05:20:53.00,458691.8242,5633390.94,2948349.7226
2024/02/14 05:20:54.00,458692.1582,5633390.8072,2948349.9959
2024/02/14 05:20:55.00,458692.5341,5633390.6408,2948350.3155
2024/02/14 05:20:56.00,458693.3725,5633390.2645,2948351.0026
2024/02/14 05:20:57.00,458694.1964,5633389.8809,2948351.7148
2024/02/14 05:20:58.00,458695.1253,5633389.4541,2948352.5094
2024/02/14 05:20:59.00,458696.1197,5633388.9888,2948353.3797
2024/02/14 05:21:00.00,458697.3234,5633388.4323,2948354.4171
2024/02/14 05:21:01.00,458698.7338,5633387.7868,2948355.5998
2024/02/14 05:21:02.00,458700.3592,5633387.0583,2948356.9525
2024/02/14 05:21:03.00,458702.1219,5633386.2718,2948358.3858
2024/02/14 05:21:04.00,458703.846,5633385.4589,2948359.8789
2024/02/14 05:21:05.00,458705.4946,5633384.6894,2948361.2855
2024/02/14 05:21:06.00,458706.7891,5633384.0956,2948362.3755
2024/02/14 05:21:07.00,458707.6317,5633383.7291,2948363.0355
2024/02/14 05:21:08.00,458708.1955,5633383.4863,2948363.4783
2024/02/14 05:21:09.00,458708.8499,5633383.217,2948363.9638
2024/02/14 05:21:10.00,458709.3082,5633383.0344,2948364.3012
2024/02/14 05:21:11.00,458710.0581,5633382.7231,2948364.8787
2024/02/14 05:21:12.00,458711.114,5633382.2727,2948365.685
2024/02/14 05:21:13.00,458712.3086,5633381.768,2948366.6149
2024/02/14 05:21:14.00,458713.7132,5633381.1665,2948367.6729
2024/02/14 05:21:15.00,458715.4027,5633380.4826,2948368.9294
2024/02/14 05:21:16.00,458717.4064,5633379.6503,2948370.425
2024/02/14 05:21:17.00,458719.2212,5633378.867,2948371.8013
2024/02/14 05:21:18.00,458720.7403,5633378.2176,2948372.9877
2024/02/14 05:21:19.00,458722.6216,5633377.3853,2948374.4731
2024/02/14 05:21:20.00,458725.0607,5633376.2913,2948376.4524
2024/02/14 05:21:21.00,458728.0695,5633374.9108,2948378.972
2024/02/14 05:21:22.00,458731.3119,5633373.399,2948381.7495
2024/02/14 05:21:23.00,458734.5576,5633371.9463,2948384.4968
2024/02/14 05:21:24.00,458737.475,5633370.6677,2948386.9301
2024/02/14 05:21:25.00,458740.3452,5633369.406,2948389.3053
2024/02/14 05:21:26.00,458743.3354,5633368.1127,2948391.7837
2024/02/14 05:21:27.00,458746.5154,5633366.7105,2948394.3845
2024/02/14 05:21:28.00,458749.9753,5633365.1844,2948397.2017
2024/02/14 05:21:29.00,458753.8391,5633363.4855,2948400.3381
2024/02/14 05:21:30.00,458758.1291,5633361.5202,2948404.0053
2024/02/14 05:21:31.00,458762.777,5633359.2307,2948408.2988
2024/02/14 05:21:32.00,458767.7309,5633356.6829,2948413.0343
2024/02/14 05:21:33.00,458772.9763,5633354.0534,2948417.9516
2024/02/14 05:21:34.00,458778.528,5633351.4468,2948422.8534
2024/02/14 05:21:35.00,458784.2696,5633348.8413,2948427.7259
2024/02/14 05:21:36.00,458790.1541,5633346.2637,2948432.5251
2024/02/14 05:21:37.00,458796.1171,5633343.6918,2948437.3042
2024/02/14 05:21:38.00,458802.163,5633341.1706,2948441.9454
2024/02/14 05:21:39.00,458808.1077,5633338.7765,2948446.3143
2024/02/14 05:21:40.00,458813.8344,5633336.526,2948450.475
2024/02/14 05:21:41.00,458819.2564,5633334.434,2948454.2098
2024/02/14 05:21:42.00,458824.3476,5633332.5187,2948457.5208
2024/02/14 05:21:43.00,458829.2628,5633330.5622,2948461.0191
2024/02/14 05:21:44.00,458834.0482,5633328.364,2948464.7489
2024/02/14 05:21:45.00,458838.5787,5633325.9065,2948468.8517
2024/02/14 05:21:46.00,458842.589,5633323.3704,2948473.393
2024/02/14 05:21:47.00,458845.431,5633320.7644,2948478.2296
2024/02/14 05:21:48.00,458846.914,5633318.3284,2948483.0569
2024/02/14 05:21:49.00,458847.1607,5633316.1704,2948487.4474
2024/02/14 05:21:50.00,458849.2028,5633313.3939,2948490.8263
2024/02/14 05:21:51.00,458845.7791,5633310.0576,2948491.7544
2024/02/14 05:21:52.00,458845.3445,5633309.1689,2948493.6281
2024/02/14 05:21:53.00,458845.2601,5633311.5066,2948497.2717
2024/02/14 05:21:54.00,458847.001,5633309.4992,2948499.1982
2024/02/14 05:21:55.00,458843.4774,5633309.3526,2948502.0295
2024/02/14 05:21:56.00,458842.301,5633308.1154,2948504.7817
2024/02/14 05:21:57.00,458840.9649,5633306.871,2948507.6196
2024/02/14 05:21:58.00,458839.5449,5633305.6416,2948510.4952
2024/02/14 05:21:59.00,458838.1452,5633304.2647,2948513.4679
2024/02/14 05:22:00.00,458836.6779,5633302.9591,2948516.4849
2024/02/14 05:22:01.00,458835.2599,5633301.5779,2948519.5975
2024/02/14 05:22:02.00,458833.7638,5633300.1983,2948522.7113
2024/02/14 05:22:03.00,458832.0108,5633295.8312,2948523.6393
2024/02/14 05:22:04.00,458831.3163,5633297.9385,2948527.7632
2024/02/14 05:22:05.00,458830.3667,5633297.0727,2948529.6651
2024/02/14 05:22:06.00,458829.5875,5633296.3754,2948531.2322
2024/02/14 05:22:07.00,458828.9604,5633295.8337,2948532.4797
2024/02/14 05:22:08.00,458828.2804,5633295.2154,2948533.8556
2024/02/14 05:22:09.00,458826.9951,5633296.4765,2948535.4672
2024/02/14 05:22:10.00,458826.8982,5633294.4042,2948537.0521
2024/02/14 05:22:11.00,458826.8489,5633294.6451,2948537.6161
2024/02/14 05:22:12.00,458825.8326,5633292.9143,2948538.8646
2024/02/14 05:22:13.00,458825.5035,5633292.5935,2948539.5566
2024/02/14 05:22:14.00,458825.2311,5633292.3471,2948540.1425
2024/02/14 05:22:15.00,458824.7696,5633291.9384,2948541.0779
2024/02/14 05:22:16.00,458824.0631,5633291.294,2948542.4879
2024/02/14 05:22:17.00,458823.2684,5633290.5639,2948544.0376
2024/02/14 05:22:18.00,458822.5512,5633289.9072,2948545.5387
2024/02/14 05:22:19.00,458821.8711,5633289.2142,2948546.9414
2024/02/14 05:22:20.00,458821.2827,5633288.6331,2948548.2056
2024/02/14 05:22:21.00,458820.5838,5633287.9995,2948549.5905
2024/02/14 05:22:22.00,458819.7601,5633287.2217,2948551.2877
2024/02/14 05:22:23.00,458818.9379,5633286.4194,2948553.0449
2024/02/14 05:22:24.00,458817.6817,5633288.1467,2948555.0476
2024/02/14 05:22:25.00,458817.4523,5633284.959,2948556.2005
2024/02/14 05:22:26.00,458816.7061,5633284.2549,2948557.7369
2024/02/14 05:22:27.00,458816.05,5633283.7388,2948559.0257
2024/02/14 05:22:28.00,458815.4905,5633283.2906,2948560.0367
2024/02/14 05:22:29.00,458814.9813,5633282.9056,2948560.9013
2024/02/14 05:22:30.00,458814.3307,5633282.404,2948561.9642
2024/02/14 05:22:31.00,458813.5803,5633281.8836,2948563.1941
2024/02/14 05:22:32.00,458812.8623,5633281.3867,2948564.3497
2024/02/14 05:22:33.00,458812.1754,5633280.8869,2948565.4967
2024/02/14 05:22:34.00,458811.4855,5633280.3922,2948566.6097
2024/02/14 05:22:35.00,458810.8312,5633279.9251,2948567.6575
2024/02/14 05:22:36.00,458810.1075,5633279.4244,2948568.8095
2024/02/14 05:22:37.00,458809.3151,5633278.8398,2948570.1172
2024/02/14 05:22:38.00,458808.5928,5633278.3101,2948571.324
2024/02/14 05:22:39.00,458807.889,5633277.7717,2948572.4978
2024/02/14 05:22:40.00,458807.2019,5633277.2455,2948573.6954
2024/02/14 05:22:41.00,458806.5788,5633277.1822,2948575.0946
2024/02/14 05:22:42.00,458805.5751,5633276.7836,2948576.4354
2024/02/14 05:22:43.00,458806.9449,5633277.022,2948576.8091
2024/02/14 05:22:44.00,458804.8354,5633278.1734,2948578.7087
2024/02/14 05:22:45.00,458804.9213,5633275.4097,2948577.8799
2024/02/14 05:22:46.00,458803.973,5633276.216,2948579.5404
2024/02/14 05:22:47.00,458802.3508,5633276.0935,2948579.8742
2024/02/14 05:22:48.00,458801.0828,5633275.4499,2948581.8216
2024/02/14 05:22:49.00,458803.2609,5633274.1641,2948584.1783
2024/02/14 05:22:50.00,458802.9444,5633270.0635,2948586.1931
2024/02/14 05:22:51.00,458800.7448,5633272.2221,2948587.4089
2024/02/14 05:22:52.00,458802.3301,5633269.8196,2948589.1612
2024/02/14 05:22:53.00,458799.6207,5633268.0396,2948589.1494
2024/02/14 05:22:54.00,458799.1215,5633267.3211,2948590.69
2024/02/14 05:22:55.00,458799.0327,5633270.1337,2948594.3526
2024/02/14 05:22:57.00,458799.2027,5633268.5727,2948597.1217
2024/02/14 05:22:58.00,458797.6595,5633266.6557,2948596.8
2024/02/14 05:22:59.00,458798.6284,5633267.4977,2948599.8289
2024/02/14 05:23:00.00,458797.0256,5633265.5267,2948599.1441
2024/02/14 05:23:01.00,458796.67,5633264.8602,2948600.5818
2024/02/14 05:23:02.00,458796.3628,5633264.3244,2948601.7135
2024/02/14 05:23:03.00,458796.1166,5633263.9201,2948602.573
2024/02/14 05:23:04.00,458795.9132,5633263.5936,2948603.2914
2024/02/14 05:23:05.00,458795.635,5633263.1418,2948604.2202
2024/02/14 05:23:06.00,458795.261,5633262.5446,2948605.5043
2024/02/14 05:23:07.00,458794.9438,5633262.0145,2948606.5599
2024/02/14 05:23:08.00,458794.7481,5633261.6856,2948607.2613
2024/02/14 05:23:09.00,458794.7121,5633261.6297,2948607.3808
2024/02/14 05:23:10.00,458794.709,5633261.6291,2948607.3817
2024/02/14 05:23:11.00,458794.7095,5633261.6286,2948607.3829
2024/02/14 05:23:12.00,458794.7092,5633261.6319,2948607.3763
2024/02/14 05:23:13.00,458794.7134,5633261.6358,2948607.3757
2024/02/14 05:23:14.00,458794.7115,5633261.629,2948607.3705
2024/02/14 05:23:15.00,458794.7123,5633261.6352,2948607.3748
2024/02/14 05:23:16.00,458794.7111,5633261.6328,2948607.3711
2024/02/14 05:23:17.00,458794.7127,5633261.6346,2948607.3723
2024/02/14 05:23:18.00,458794.713,5633261.6338,2948607.3719
2024/02/14 05:23:19.00,458794.7133,5633261.6362,2948607.3743
2024/02/14 05:23:20.00,458794.7146,5633261.6403,2948607.3653
2024/02/14 05:23:21.00,458794.7017,5633261.6164,2948607.4027
2024/02/14 05:23:22.00,458794.6259,5633261.4996,2948607.6816
2024/02/14 05:23:23.00,458794.4772,5633261.2441,2948608.1991
2024/02/14 05:23:24.00,458794.3779,5633261.0681,2948608.5701
2024/02/14 05:23:25.00,458794.3391,5633260.9864,2948608.7218
2024/02/14 05:23:26.00,458794.34,5633260.985,2948608.7233
2024/02/14 05:23:27.00,458794.2966,5633260.9216,2948608.8616
2024/02/14 05:23:28.00,458794.1528,5633260.685,2948609.3657
2024/02/14 05:23:29.00,458794.0305,5633260.4618,2948609.8209
2024/02/14 05:23:30.00,458793.9883,5633260.3935,2948609.9768
2024/02/14 05:23:31.00,458793.9865,5633260.3904,2948609.9795
2024/02/14 05:23:32.00,458793.9867,5633260.3864,2948609.9787
2024/02/14 05:23:33.00,458793.9864,5633260.3843,2948609.977
2024/02/14 05:23:34.00,458793.9944,5633260.4,2948609.952
2024/02/14 05:23:35.00,458793.9717,5633260.355,2948610.0434
2024/02/14 05:23:36.00,458793.8339,5633260.1064,2948610.557
2024/02/14 05:23:37.00,458793.6061,5633259.7302,2948611.3462
2024/02/14 05:23:38.00,458793.391,5633259.3653,2948612.113
2024/02/14 05:23:39.00,458793.1501,5633258.9726,2948612.9111
2024/02/14 05:23:40.00,458792.8837,5633258.5861,2948613.7445
2024/02/14 05:23:41.00,458792.6129,5633258.1759,2948614.5894
2024/02/14 05:23:42.00,458792.3365,5633257.7677,2948615.4257
2024/02/14 05:23:43.00,458792.0599,5633257.3638,2948616.2544
2024/02/14 05:23:44.00,458791.8092,5633256.9888,2948617.0554
2024/02/14 05:23:45.00,458791.6186,5633256.6763,2948617.6816
2024/02/14 05:23:46.00,458791.5045,5633256.5104,2948618.0516
2024/02/14 05:23:47.00,458791.4942,5633256.5,2948618.0629
2024/02/14 05:23:48.00,458791.5074,5633256.5209,2948618.0335
2024/02/14 05:23:49.00,458791.4683,5633256.4517,2948618.155
2024/02/14 05:23:50.00,458791.2688,5633256.1278,2948618.8304
2024/02/14 05:23:51.00,458791.0265,5633255.7513,2948619.6139
2024/02/14 05:23:52.00,458790.8163,5633255.4214,2948620.2761
2024/02/14 05:23:53.00,458790.6235,5633255.108,2948620.9212
2024/02/14 05:23:54.00,458790.487,5633254.9062,2948621.3696
2024/02/14 05:23:55.00,458790.4506,5633254.8505,2948621.4843
2024/02/14 05:23:56.00,458790.4494,5633254.8455,2948621.4853
2024/02/14 05:23:57.00,458790.4501,5633254.8468,2948621.4858
2024/02/14 05:23:58.00,458790.4505,5633254.8487,2948621.4858
2024/02/14 05:23:59.00,458790.4483,5633254.8503,2948621.4862
2024/02/14 05:24:00.00,458790.4528,5633254.8546,2948621.4812
2024/02/14 05:24:01.00,458790.4256,5633254.811,2948621.5809
2024/02/14 05:24:02.00,458790.253,5633254.5547,2948622.087
2024/02/14 05:24:03.00,458790.0021,5633254.1748,2948622.8876
2024/02/14 05:24:04.00,458789.7756,5633253.8186,2948623.6106
2024/02/14 05:24:05.00,458789.559,5633253.4858,2948624.3088
2024/02/14 05:24:06.00,458789.3817,5633253.2437,2948624.8208
2024/02/14 05:24:07.00,458789.2767,5633253.0809,2948625.1489
2024/02/14 05:24:08.00,458789.2302,5633253.0085,2948625.3007
2024/02/14 05:24:09.00,458789.2123,5633252.9807,2948625.3484
2024/02/14 05:24:10.00,458789.1454,5633252.8767,2948625.5559
2024/02/14 05:24:11.00,458788.9593,5633252.5608,2948626.2017
2024/02/14 05:24:12.00,458788.7064,5633252.1388,2948627.0362
2024/02/14 05:24:13.00,458788.4641,5633251.7411,2948627.8844
2024/02/14 05:24:14.00,458788.1913,5633251.2578,2948628.8597
2024/02/14 05:24:15.00,458787.8247,5633250.6465,2948630.0907
2024/02/14 05:24:16.00,458787.4026,5633249.9737,2948631.4645
2024/02/14 05:24:17.00,458787.0092,5633249.3425,2948632.7223
2024/02/14 05:24:18.00,458786.7892,5633248.9693,2948633.4292
2024/02/14 05:24:19.00,458786.6984,5633248.8375,2948633.7156
2024/02/14 05:24:20.00,458786.6992,5633248.8413,2948633.7162
2024/02/14 05:24:21.00,458786.7008,5633248.8461,2948633.7158
2024/02/14 05:24:22.00,458786.6959,5633248.8377,2948633.7117
2024/02/14 05:24:23.00,458786.702,5633248.8435,2948633.7167
2024/02/14 05:24:24.00,458786.6986,5633248.8457,2948633.7145
2024/02/14 05:24:25.00,458786.6998,5633248.8463,2948633.717
2024/02/14 05:24:26.00,458786.7012,5633248.8431,2948633.7156
2024/02/14 05:24:27.00,458786.6998,5633248.8434,2948633.7174
2024/02/14 05:24:28.00,458786.6986,5633248.8419,2948633.7163
2024/02/14 05:24:29.00,458786.6988,5633248.8412,2948633.7157
2024/02/14 05:24:30.00,458786.6994,5633248.8405,2948633.7137
2024/02/14 05:24:31.00,458786.7019,5633248.8431,2948633.7209
2024/02/14 05:24:32.00,458786.6728,5633248.8003,2948633.8053
2024/02/14 05:24:33.00,458786.6155,5633248.7065,2948633.991
2024/02/14 05:24:34.00,458786.5854,5633248.6643,2948634.0876
2024/02/14 05:24:35.00,458786.5861,5633248.6628,2948634.088
2024/02/14 05:24:36.00,458786.5825,5633248.6579,2948634.0888
2024/02/14 05:24:37.00,458786.5839,5633248.66,2948634.0904
2024/02/14 05:24:38.00,458786.5828,5633248.6586,2948634.0884
2024/02/14 05:24:39.00,458786.5841,5633248.6635,2948634.0912
2024/02/14 05:24:40.00,458786.584,5633248.6619,2948634.0902
2024/02/14 05:24:41.00,458786.5833,5633248.6617,2948634.0889
2024/02/14 05:24:42.00,458786.5839,5633248.661,2948634.0896
2024/02/14 05:24:43.00,458786.5832,5633248.6624,2948634.0897
2024/02/14 05:24:44.00,458786.5586,5633248.6303,2948634.1607
2024/02/14 05:24:45.00,458786.4496,5633248.4528,2948634.5077
2024/02/14 05:24:46.00,458786.2766,5633248.1943,2948635.0086
2024/02/14 05:24:47.00,458786.1437,5633247.9905,2948635.4442
2024/02/14 05:24:48.00,458786.0328,5633247.8108,2948635.787
2024/02/14 05:24:49.00,458785.9522,5633247.682,2948636.0477
2024/02/14 05:24:50.00,458785.8924,5633247.5934,2948636.2222
2024/02/14 05:24:51.00,458785.8552,5633247.5313,2948636.3443
2024/02/14 05:24:52.00,458785.7932,5633247.431,2948636.5363
2024/02/14 05:24:53.00,458785.6646,5633247.2328,2948636.9502
2024/02/14 05:24:54.00,458785.5422,5633247.0276,2948637.332
2024/02/14 05:24:55.00,458785.4406,5633246.8636,2948637.6745
2024/02/14 05:24:56.00,458785.3506,5633246.7054,2948637.971
2024/02/14 05:24:57.00,458785.2693,5633246.5699,2948638.237
2024/02/14 05:24:58.00,458785.1935,5633246.4483,2948638.4776
2024/02/14 05:24:59.00,458785.1193,5633246.3332,2948638.7079
2024/02/14 05:25:00.00,458785.0296,5633246.1885,2948638.9898
2024/02/14 05:25:01.00,458784.9317,5633246.0265,2948639.3218
2024/02/14 05:25:02.00,458784.8165,5633245.8483,2948639.6905
2024/02/14 05:25:03.00,458784.6962,5633245.6621,2948640.0659
2024/02/14 05:25:04.00,458784.6234,5633245.5411,2948640.3026
2024/02/14 05:25:05.00,458784.6244,5633245.546,2948640.3007
2024/02/14 05:25:06.00,458784.6203,5633245.5329,2948640.3177
2024/02/14 05:25:07.00,458784.5937,5633245.4883,2948640.4006
2024/02/14 05:25:08.00,458784.5539,5633245.4106,2948640.5694
2024/02/14 05:25:09.00,458784.5172,5633245.3232,2948640.7296
2024/02/14 05:25:10.00,458784.4939,5633245.2645,2948640.8533
2024/02/14 05:25:11.00,458784.4844,5633245.2397,2948640.8819
2024/02/14 05:25:12.00,458784.4859,5633245.2459,2948640.8832
2024/02/14 05:25:13.00,458784.4837,5633245.2436,2948640.8825
2024/02/14 05:25:14.00,458784.4849,5633245.2462,2948640.8831
2024/02/14 05:25:15.00,458784.4829,5633245.2373,2948640.8889
2024/02/14 05:25:16.00,458784.4532,5633245.1727,2948641.0157
2024/02/14 05:25:17.00,458784.4014,5633245.0562,2948641.2534
2024/02/14 05:25:18.00,458784.3849,5633245.0171,2948641.3328
2024/02/14 05:25:19.00,458784.386,5633245.0206,2948641.333
2024/02/14 05:25:20.00,458784.3868,5633245.0196,2948641.3299
2024/02/14 05:25:21.00,458784.3873,5633245.022,2948641.3309
2024/02/14 05:25:22.00,458784.3858,5633245.0201,2948641.3311
2024/02/14 05:25:23.00,458784.3867,5633245.0208,2948641.3299
2024/02/14 05:25:24.00,458784.3886,5633245.022,2948641.331
2024/02/14 05:25:25.00,458784.3864,5633245.0209,2948641.332
2024/02/14 05:25:26.00,458784.3881,5633245.0208,2948641.3309
2024/02/14 05:25:27.00,458784.3866,5633245.0221,2948641.3299
2024/02/14 05:25:28.00,458784.3867,5633245.0232,2948641.3325
2024/02/14 05:25:29.00,458784.386,5633245.0221,2948641.3291
2024/02/14 05:25:30.00,458784.3862,5633245.0225,2948641.3295
2024/02/14 05:25:31.00,458784.385,5633245.0218,2948641.3293
2024/02/14 05:25:32.00,458784.3873,5633245.0214,2948641.3295
2024/02/14 05:25:33.00,458784.3854,5633245.0243,2948641.3296
2024/02/14 05:25:34.00,458784.3852,5633245.0204,2948641.3295
2024/02/14 05:25:35.00,458784.3857,5633245.0214,2948641.3299
2024/02/14 05:25:36.00,458784.3849,5633245.0221,2948641.3294
2024/02/14 05:25:37.00,458784.3833,5633245.0204,2948641.3291
2024/02/14 05:25:38.00,458784.3846,5633245.0209,2948641.3301
2024/02/14 05:25:39.00,458784.3638,5633244.9629,2948641.4309
2024/02/14 05:25:40.00,458784.2951,5633244.8163,2948641.7528
2024/02/14 05:25:41.00,458784.1472,5633244.4713,2948642.4296
2024/02/14 05:25:42.00,458783.9674,5633244.0718,2948643.1866
2024/02/14 05:25:43.00,458783.7871,5633243.7388,2948643.8665
2024/02/14 05:25:44.00,458783.5948,5633243.3999,2948644.5393
2024/02/14 05:25:45.00,458783.4088,5633243.0308,2948645.2437
2024/02/14 05:25:46.00,458783.2354,5633242.6892,2948645.9122
2024/02/14 05:25:47.00,458783.07,5633242.3818,2948646.514
2024/02/14 05:25:48.00,458782.9318,5633242.0793,2948647.0718
2024/02/14 05:25:49.00,458782.8296,5633241.844,2948647.5348
2024/02/14 05:25:50.00,458782.7591,5633241.6982,2948647.8145
2024/02/14 05:25:51.00,458782.7254,5633241.6337,2948647.9485
2024/02/14 05:25:52.00,458782.729,5633241.6318,2948647.9457
2024/02/14 05:25:53.00,458782.7279,5633241.6324,2948647.9479
2024/02/14 05:25:54.00,458782.725,5633241.6249,2948647.9611
2024/02/14 05:25:55.00,458782.6989,5633241.5649,2948648.0583
2024/02/14 05:25:56.00,458782.648,5633241.4679,2948648.2589
2024/02/14 05:25:57.00,458782.6261,5633241.4184,2948648.3463
2024/02/14 05:25:58.00,458782.6245,5633241.4131,2948648.346
2024/02/14 05:25:59.00,458782.6254,5633241.4166,2948648.3464
2024/02/14 05:26:00.00,458782.6253,5633241.4239,2948648.3487
2024/02/14 05:26:01.00,458782.6251,5633241.4159,2948648.3453
2024/02/14 05:26:02.00,458782.6274,5633241.4159,2948648.3456
2024/02/14 05:26:03.00,458782.6192,5633241.4014,2948648.3685
2024/02/14 05:26:04.00,458782.5864,5633241.3357,2948648.5058
2024/02/14 05:26:05.00,458782.4694,5633241.1098,2948648.9695
2024/02/14 05:26:06.00,458782.2778,5633240.7259,2948649.7248
2024/02/14 05:26:07.00,458782.0732,5633240.3657,2948650.4624
2024/02/14 05:26:08.00,458781.7977,5633239.9081,2948651.3496
2024/02/14 05:26:09.00,458781.5049,5633239.4629,2948652.2717
2024/02/14 05:26:10.00,458781.0618,5633237.3061,2948652.2338
2024/02/14 05:26:11.00,458780.939,5633238.569,2948654.01
2024/02/14 05:26:12.00,458780.6701,5633238.1485,2948654.8547
2024/02/14 05:26:13.00,458780.4858,5633237.8994,2948655.4103
2024/02/14 05:26:14.00,458780.3464,5633237.6834,2948655.8547
2024/02/14 05:26:15.00,458780.1941,5633237.4261,2948656.3073
2024/02/14 05:26:16.00,458780.057,5633237.2202,2948656.714
2024/02/14 05:26:17.00,458779.8855,5633236.9697,2948657.2388
2024/02/14 05:26:18.00,458779.6291,5633236.5955,2948657.9807
2024/02/14 05:26:19.00,458779.3918,5633236.255,2948658.6732
2024/02/14 05:26:20.00,458779.2236,5633236.0169,2948659.1479
2024/02/14 05:26:21.00,458779.1907,5633235.9689,2948659.2419
2024/02/14 05:26:22.00,458779.1967,5633235.9738,2948659.2242
2024/02/14 05:26:23.00,458779.2007,5633235.983,2948659.2163
2024/02/14 05:26:24.00,458779.1539,5633235.9155,2948659.3512
2024/02/14 05:26:25.00,458777.1885,5633235.2447,2948660.0575
2024/02/14 05:26:26.00,458778.9234,5633235.5406,2948660.048
2024/02/14 05:26:27.00,458778.8961,5633235.5012,2948660.1219
2024/02/14 05:26:28.00,458778.8969,5633235.5061,2948660.1245
2024/02/14 05:26:29.00,458778.7988,5633235.357,2948660.4147
2024/02/14 05:26:30.00,458778.5636,5633235.0171,2948661.144
2024/02/14 05:26:31.00,458778.3559,5633234.6232,2948661.9169
2024/02/14 05:26:32.00,458778.176,5633234.2306,2948662.6471
2024/02/14 05:26:33.00,458778.017,5633233.8716,2948663.3483
2024/02/14 05:26:34.00,458777.8769,5633233.5655,2948663.9255
2024/02/14 05:26:35.00,458777.8051,5633233.4058,2948664.2239
2024/02/14 05:26:36.00,458777.7973,5633233.381,2948664.2646
2024/02/14 05:26:37.00,458777.7849,5633233.3531,2948664.3173
2024/02/14 05:26:38.00,458777.7367,5633233.2467,2948664.5437
2024/02/14 05:26:39.00,458777.6783,5633233.0258,2948664.9329
2024/02/14 05:26:40.00,458777.6402,5633232.8936,2948665.1607
2024/02/14 05:26:41.00,458777.6408,5633232.8969,2948665.1559
2024/02/14 05:26:42.00,458777.6437,5633232.8986,2948665.1584
2024/02/14 05:26:43.00,458777.6413,5633232.8956,2948665.158
2024/02/14 05:26:44.00,458777.6433,5633232.8922,2948665.1577
2024/02/14 05:26:45.00,458777.6437,5633232.8933,2948665.1555
2024/02/14 05:26:46.00,458777.6439,5633232.892,2948665.1604
2024/02/14 05:26:47.00,458777.6308,5633232.8715,2948665.2182
2024/02/14 05:26:48.00,458777.5834,5633232.7704,2948665.4508
2024/02/14 05:26:49.00,458777.5261,5633232.5848,2948665.7826
2024/02/14 05:26:50.00,458777.4749,5633232.4467,2948666.0632
2024/02/14 05:26:51.00,458777.4693,5633232.4276,2948666.0895
2024/02/14 05:26:52.00,458777.4691,5633232.4256,2948666.0895
2024/02/14 05:26:53.00,458777.4691,5633232.4261,2948666.0879
2024/02/14 05:26:54.00,458777.4687,5633232.4266,2948666.089
2024/02/14 05:26:55.00,458777.4701,5633232.4252,2948666.0874
2024/02/14 05:26:56.00,458777.4692,5633232.4266,2948666.0888
2024/02/14 05:26:57.00,458777.4684,5633232.428,2948666.0897
2024/02/14 05:26:58.00,458777.469,5633232.4252,2948666.0883
2024/02/14 05:26:59.00,458777.47,5633232.4275,2948666.0893
2024/02/14 05:27:00.00,458777.4687,5633232.4256,2948666.088
2024/02/14 05:27:01.00,458777.4688,5633232.4269,2948666.0888
2024/02/14 05:27:02.00,458777.4693,5633232.4294,2948666.089
2024/02/14 05:27:03.00,458777.4699,5633232.4213,2948666.0863
2024/02/14 05:27:04.00,458777.4683,5633232.4251,2948666.0888
2024/02/14 05:27:05.00,458777.4682,5633232.4254,2948666.0886
2024/02/14 05:27:06.00,458777.4701,5633232.4255,2948666.09
2024/02/14 05:27:07.00,458777.4676,5633232.4204,2948666.0867
2024/02/14 05:27:08.00,458777.4692,5633232.4235,2948666.0887
2024/02/14 05:27:09.00,458777.4682,5633232.4199,2948666.0864
2024/02/14 05:27:10.00,458777.4704,5633232.4194,2948666.088
2024/02/14 05:27:11.00,458777.4699,5633232.4234,2948666.0883
2024/02/14 05:27:12.00,458777.4681,5633232.4245,2948666.0887
2024/02/14 05:27:13.00,458777.4695,5633232.4254,2948666.0894
2024/02/14 05:27:14.00,458777.469,5633232.4236,2948666.0887
2024/02/14 05:27:15.00,458777.4699,5633232.4212,2948666.0872
2024/02/14 05:27:16.00,458777.4688,5633232.4235,2948666.0894
2024/02/14 05:27:17.00,458777.4698,5633232.4225,2948666.0893
2024/02/14 05:27:18.00,458777.4703,5633232.424,2948666.0881
2024/02/14 05:27:19.00,458777.4706,5633232.4271,2948666.0893
2024/02/14 05:27:20.00,458777.4693,5633232.4202,2948666.0866
2024/02/14 05:27:21.00,458777.4697,5633232.4214,2948666.089
2024/02/14 05:27:22.00,458777.4694,5633232.4258,2948666.0883
2024/02/14 05:27:23.00,458777.4701,5633232.4178,2948666.087
2024/02/14 05:27:24.00,458777.4707,5633232.4201,2948666.0884
2024/02/14 05:27:25.00,458777.4693,5633232.4214,2948666.0884
2024/02/14 05:27:26.00,458777.4704,5633232.4223,2948666.0871
2024/02/14 05:27:27.00,458777.4706,5633232.4239,2948666.0884
2024/02/14 05:27:28.00,458777.471,5633232.4179,2948666.0875
2024/02/14 05:27:29.00,458777.4693,5633232.4236,2948666.0885
2024/02/14 05:27:30.00,458777.4695,5633232.4264,2948666.0899
2024/02/14 05:27:31.00,458777.4697,5633232.4237,2948666.0881
2024/02/14 05:27:32.00,458777.4686,5633232.4228,2948666.0889
2024/02/14 05:27:33.00,458777.4688,5633232.4247,2948666.0902
2024/02/14 05:27:34.00,458777.4702,5633232.424,2948666.0905
2024/02/14 05:27:35.00,458777.4707,5633232.4235,2948666.0881
2024/02/14 05:27:36.00,458777.4704,5633232.4255,2948666.0887
2024/02/14 05:27:37.00,458777.4691,5633232.4254,2948666.0866
2024/02/14 05:27:38.00,458777.469,5633232.4234,2948666.0894
2024/02/14 05:27:39.00,458777.4673,5633232.4222,2948666.0881
2024/02/14 05:27:40.00,458777.4697,5633232.4233,2948666.0888
2024/02/14 05:27:41.00,458777.4703,5633232.4236,2948666.0895
2024/02/14 05:27:42.00,458777.4687,5633232.4249,2948666.0893
2024/02/14 05:27:43.00,458777.4699,5633232.4221,2948666.0892
2024/02/14 05:27:44.00,458777.4703,5633232.4219,2948666.0899
2024/02/14 05:27:45.00,458777.4694,5633232.4215,2948666.0882
2024/02/14 05:27:46.00,458777.4701,5633232.4218,2948666.088
2024/02/14 05:27:47.00,458777.4712,5633232.4248,2948666.0907
2024/02/14 05:27:48.00,458777.4712,5633232.424,2948666.0912
2024/02/14 05:27:49.00,458777.4707,5633232.4202,2948666.0876
2024/02/14 05:27:50.00,458777.4707,5633232.4241,2948666.0901
2024/02/14 05:27:51.00,458777.4716,5633232.4206,2948666.0898
2024/02/14 05:27:52.00,458777.4719,5633232.4205,2948666.0897
2024/02/14 05:27:53.00,458777.471,5633232.4188,2948666.089
2024/02/14 05:27:54.00,458777.4709,5633232.4167,2948666.0896
2024/02/14 05:27:55.00,458777.471,5633232.4156,2948666.0885
2024/02/14 05:27:56.00,458777.4698,5633232.4228,2948666.0909
2024/02/14 05:27:57.00,458777.4711,5633232.4199,2948666.0901
2024/02/14 05:27:58.00,458777.4715,5633232.4185,2948666.0899
2024/02/14 05:27:59.00,458777.4709,5633232.4224,2948666.0909
2024/02/14 05:28:00.00,458777.4704,5633232.4216,2948666.0902
2024/02/14 05:28:01.00,458777.4718,5633232.4217,2948666.0913
2024/02/14 05:28:02.00,458777.4719,5633232.4189,2948666.0895
2024/02/14 05:28:03.00,458777.47,5633232.418,2948666.0884
2024/02/14 05:28:04.00,458777.471,5633232.4196,2948666.0901
2024/02/14 05:28:05.00,458777.4702,5633232.4221,2948666.0911
2024/02/14 05:28:06.00,458777.4697,5633232.4177,2948666.0917
2024/02/14 05:28:07.00,458777.4694,5633232.4201,2948666.0899
2024/02/14 05:28:08.00,458777.4711,5633232.4162,2948666.0909
2024/02/14 05:28:09.00,458777.4716,5633232.4168,2948666.0913
2024/02/14 05:28:10.00,458777.4713,5633232.4149,2948666.0896
2024/02/14 05:28:11.00,458777.4696,5633232.4128,2948666.0902
2024/02/14 05:28:12.00,458777.4708,5633232.42,2948666.091
2024/02/14 05:28:13.00,458777.4713,5633232.412,2948666.0918
2024/02/14 05:28:14.00,458777.4721,5633232.4133,2948666.0933
2024/02/14 05:28:15.00,458777.4707,5633232.4136,2948666.0937
2024/02/14 05:28:16.00,458777.4704,5633232.4146,2948666.0922
2024/02/14 05:28:17.00,458777.4719,5633232.4151,2948666.0928
2024/02/14 05:28:18.00,458777.4716,5633232.4096,2948666.0912
2024/02/14 05:28:19.00,458777.4709,5633232.4172,2948666.0986
2024/02/14 05:28:20.00,458777.4713,5633232.4186,2948666.098
2024/02/14 05:28:21.00,458777.472,5633232.4123,2948666.0958
2024/02/14 05:28:22.00,458777.4701,5633232.4223,2948666.1012
2024/02/14 05:28:23.00,458777.4698,5633232.4176,2948666.0964
2024/02/14 05:28:24.00,458777.4712,5633232.4165,2948666.0977
2024/02/14 05:28:25.00,458777.4697,5633232.4176,2948666.0976
2024/02/14 05:28:26.00,458777.4717,5633232.4196,2948666.0993
2024/02/14 05:28:27.00,458777.4706,5633232.4202,2948666.0987
2024/02/14 05:28:28.00,458777.4717,5633232.4186,2948666.1007
2024/02/14 05:28:29.00,458777.4712,5633232.4197,2948666.1004
2024/02/14 05:28:30.00,458777.4737,5633232.4205,2948666.1029
2024/02/14 05:28:31.00,458777.4727,5633232.4204,2948666.1013
2024/02/14 05:28:32.00,458777.4723,5633232.4235,2948666.1026
2024/02/14 05:28:33.00,458777.4706,5633232.4253,2948666.1026
2024/02/14 05:28:34.00,458777.4711,5633232.4205,2948666.0998
2024/02/14 05:28:35.00,458777.4716,5633232.4193,2948666.1026
2024/02/14 05:28:36.00,458777.4704,5633232.4204,2948666.1021
2024/02/14 05:28:37.00,458777.4723,5633232.4218,2948666.1028
2024/02/14 05:28:38.00,458777.4728,5633232.4209,2948666.1032
2024/02/14 05:28:39.00,458777.4726,5633232.4221,2948666.1021
2024/02/14 05:28:40.00,458777.472,5633232.4239,2948666.1015
2024/02/14 05:28:41.00,458777.4736,5633232.4257,2948666.102
2024/02/14 05:28:42.00,458777.4717,5633232.4208,2948666.1027
2024/02/14 05:28:43.00,458777.4737,5633232.4224,2948666.1026
2024/02/14 05:28:44.00,458777.4721,5633232.4181,2948666.1001
2024/02/14 05:28:45.00,458777.4728,5633232.4204,2948666.0993
2024/02/14 05:28:46.00,458777.4731,5633232.4237,2948666.1011
2024/02/14 05:28:47.00,458777.4739,5633232.4218,2948666.1024
2024/02/14 05:28:48.00,458777.4722,5633232.4222,2948666.1008
2024/02/14 05:28:49.00,458777.4732,5633232.4205,2948666.0997
2024/02/14 05:28:50.00,458777.4733,5633232.42,2948666.1016
2024/02/14 05:28:51.00,458777.4723,5633232.4203,2948666.103
2024/02/14 05:28:52.00,458777.4735,5633232.4202,2948666.1014
2024/02/14 05:28:53.00,458777.4726,5633232.4239,2948666.1023
2024/02/14 05:28:54.00,458777.4726,5633232.4236,2948666.102
2024/02/14 05:28:55.00,458777.4732,5633232.4242,2948666.103
2024/02/14 05:28:56.00,458777.4734,5633232.4285,2948666.1042
2024/02/14 05:28:57.00,458777.4734,5633232.4268,2948666.1046
2024/02/14 05:28:58.00,458777.4736,5633232.4275,2948666.1033
2024/02/14 05:28:59.00,458777.4739,5633232.4295,2948666.1047
2024/02/14 05:29:00.00,458777.472,5633232.428,2948666.1037
2024/02/14 05:29:01.00,458777.4718,5633232.4318,2948666.1063
2024/02/14 05:29:02.00,458777.4727,5633232.4296,2948666.1029
2024/02/14 05:29:03.00,458777.4732,5633232.4298,2948666.1053
2024/02/14 05:29:04.00,458777.4733,5633232.43,2948666.1028
2024/02/14 05:29:05.00,458777.4729,5633232.4339,2948666.1049
2024/02/14 05:29:06.00,458777.4711,5633232.4341,2948666.1032
2024/02/14 05:29:07.00,458777.4721,5633232.4294,2948666.1009
2024/02/14 05:29:08.00,458777.4724,5633232.4324,2948666.102
2024/02/14 05:29:09.00,458777.4692,5633232.4245,2948666.1174
2024/02/14 05:29:10.00,458777.4447,5633232.3791,2948666.2284
2024/02/14 05:29:11.00,458777.471,5633236.3724,2948669.5631
2024/02/14 05:29:12.00,458777.1879,5633231.7704,2948667.4211
2024/02/14 05:29:13.00,458776.8794,5633231.1025,2948668.7437
2024/02/14 05:29:14.00,458776.5261,5633230.4195,2948670.0987
2024/02/14 05:29:15.00,458776.2219,5633229.764,2948671.3505
2024/02/14 05:29:16.00,458775.9142,5633229.1889,2948672.5432
2024/02/14 05:29:17.00,458775.8144,5633227.8027,2948673.8006
2024/02/14 05:29:24.00,458772.7635,5633219.5901,2948684.6801
2024/02/14 05:29:25.00,458771.6535,5633221.4046,2948688.0997
2024/02/14 05:29:26.00,458771.0258,5633220.3087,2948690.3106
2024/02/14 05:29:27.00,458770.4432,5633219.3205,2948692.3069
2024/02/14 05:29:28.00,458769.8852,5633218.3415,2948694.2262
2024/02/14 05:29:29.00,458769.3323,5633217.3718,2948696.1504
2024/02/14 05:29:30.00,458768.7875,5633216.4477,2948698.0459
2024/02/14 05:29:31.00,458768.3,5633215.5454,2948699.8538
2024/02/14 05:29:32.00,458767.8406,5633214.6849,2948701.5983
2024/02/14 05:29:33.00,458767.3561,5633213.8191,2948703.3054
2024/02/14 05:29:34.00,458766.8359,5633212.8885,2948705.1447
2024/02/14 05:29:35.00,458766.2426,5633211.9047,2948707.1083
2024/02/14 05:29:36.00,458765.6872,5633211.0127,2948708.8981
2024/02/14 05:29:37.00,458765.1739,5633210.2026,2948710.489
2024/02/14 05:29:38.00,458764.6954,5633209.4713,2948711.9579
2024/02/14 05:29:39.00,458764.1463,5633208.71,2948713.5062
2024/02/14 05:29:40.00,458763.5794,5633207.8938,2948715.2119
2024/02/14 05:29:41.00,458762.9774,5633207.0527,2948716.9104
2024/02/14 05:29:42.00,458762.398,5633206.3247,2948718.4003
2024/02/14 05:29:43.00,458761.9955,5633205.6586,2948719.6884
2024/02/14 05:29:44.00,458761.6846,5633205.1281,2948720.8135
2024/02/14 05:29:45.00,458761.3213,5633204.5232,2948722.0647
2024/02/14 05:29:46.00,458760.8424,5633203.8354,2948723.5606
2024/02/14 05:29:47.00,458760.2637,5633203.0206,2948725.1662
2024/02/14 05:29:48.00,458759.708,5633202.3149,2948726.663
2024/02/14 05:29:49.00,458759.2307,5633201.6842,2948728.0071
2024/02/14 05:29:50.00,458758.7186,5633200.9579,2948729.5222
2024/02/14 05:29:51.00,458758.0581,5633200.1757,2948731.1311
2024/02/14 05:29:52.00,458757.4108,5633199.4063,2948732.8105
2024/02/14 05:29:53.00,458756.6532,5633198.5651,2948734.6552
2024/02/14 05:29:54.00,458755.8253,5633197.6645,2948736.6183
2024/02/14 05:29:55.00,458755.0509,5633196.8148,2948738.4156
2024/02/14 05:29:56.00,458754.3665,5633196.1146,2948739.978
2024/02/14 05:29:57.00,458753.7731,5633195.4606,2948741.3674
2024/02/14 05:29:58.00,458753.2813,5633194.9614,2948742.4431
2024/02/14 05:29:59.00,458752.7258,5633194.4709,2948743.5237
2024/02/14 05:30:00.00,458751.992,5633193.9489,2948744.7818
2024/02/14 05:30:01.00,458751.1159,5633193.2865,2948746.251
2024/02/14 05:30:02.00,458750.0452,5633192.5207,2948747.99
2024/02/14 05:30:03.00,458748.7654,5633191.6052,2948750.073
2024/02/14 05:30:04.00,458747.3169,5633190.6034,2948752.4255
2024/02/14 05:30:05.00,458745.7893,5633189.4115,2948755.1356
2024/02/14 05:30:06.00,458744.0008,5633187.9765,2948758.3855
2024/02/14 05:30:07.00,458742.2034,5633186.4806,2948761.8115
2024/02/14 05:30:08.00,458740.5641,5633185.0597,2948764.9613
2024/02/14 05:30:09.00,458738.932,5633183.7254,2948767.9485
2024/02/14 05:30:10.00,458737.1498,5633182.2823,2948771.1226
2024/02/14 05:30:11.00,458735.2091,5633180.7214,2948774.5663
2024/02/14 05:30:12.00,458733.1144,5633179.0332,2948778.3487
2024/02/14 05:30:13.00,458730.8801,5633177.2096,2948782.3576
2024/02/14 05:30:14.00,458728.5963,5633175.2878,2948786.5497
2024/02/14 05:30:15.00,458725.8275,5633172.3652,2948791.4087
2024/02/14 05:30:16.00,458723.7135,5633171.3157,2948795.2837
2024/02/14 05:30:17.00,458721.1799,5633169.2399,2948799.79
2024/02/14 05:30:18.00,458718.6586,5633167.1365,2948804.3216
2024/02/14 05:30:19.00,458716.2742,5633165.007,2948808.9371
2024/02/14 05:30:20.00,458713.8119,5633162.8002,2948813.725
2024/02/14 05:30:21.00,458711.2764,5633160.4677,2948818.6458
2024/02/14 05:30:22.00,458708.7333,5633158.0757,2948823.7276
2024/02/14 05:30:23.00,458706.238,5633155.6749,2948828.783
2024/02/14 05:30:24.00,458703.93,5633153.4264,2948833.5532
2024/02/14 05:30:25.00,458701.9257,5633151.5228,2948837.619
2024/02/14 05:30:26.00,458700.2708,5633150.0316,2948840.8247
2024/02/14 05:30:27.00,458698.7983,5633148.7426,2948843.5738
2024/02/14 05:30:28.00,458697.34,5633147.5248,2948846.172
2024/02/14 05:30:29.00,458695.9094,5633146.283,2948848.7553
2024/02/14 05:30:30.00,458694.3466,5633145.0305,2948851.4004
2024/02/14 05:30:31.00,458692.6471,5633143.7064,2948854.2576
2024/02/14 05:30:32.00,458690.9065,5633142.2285,2948857.376
2024/02/14 05:30:33.00,458689.0536,5633140.547,2948860.8899
2024/02/14 05:30:34.00,458687.0204,5633138.6152,2948864.9061
2024/02/14 05:30:35.00,458684.747,5633136.3834,2948869.5368
2024/02/14 05:30:36.00,458682.3976,5633134.0827,2948874.331
2024/02/14 05:30:37.00,458680.0367,5633131.9981,2948878.7861
2024/02/14 05:30:38.00,458678.0739,5633130.0926,2948882.7092
2024/02/14 05:30:39.00,458676.3309,5633128.3904,2948886.2204
2024/02/14 05:30:40.00,458675.019,5633127.1442,2948888.855
2024/02/14 05:30:41.00,458674.0054,5633126.2213,2948890.7607
2024/02/14 05:30:42.00,458673.2798,5633125.5722,2948892.1442
2024/02/14 05:30:43.00,458672.753,5633124.9755,2948893.332
2024/02/14 05:30:44.00,458672.12,5633124.2495,2948894.7914
2024/02/14 05:30:45.00,458671.3089,5633123.2592,2948896.835
2024/02/14 05:30:46.00,458670.5134,5633122.2233,2948898.9609
2024/02/14 05:30:47.00,458669.7165,5633121.0448,2948901.332
2024/02/14 05:30:48.00,458668.7476,5633119.6467,2948904.1281
2024/02/14 05:30:49.00,458667.645,5633118.0874,2948907.2787
2024/02/14 05:30:50.00,458666.5556,5633117.8601,2948911.0284
2024/02/14 05:30:51.00,458665.4681,5633115.2767,2948913.01
2024/02/14 05:30:52.00,458664.6005,5633114.1788,2948915.245
2024/02/14 05:30:53.00,458664.1292,5633113.3248,2948916.9885
2024/02/14 05:30:54.00,458663.8962,5633112.6732,2948918.2808
2024/02/14 05:30:55.00,458663.7241,5633112.0409,2948919.4621
2024/02/14 05:30:56.00,458663.4883,5633111.4551,2948920.5463
2024/02/14 05:30:57.00,458663.1067,5633111.0727,2948921.3729
2024/02/14 05:30:58.00,458661.7634,5633111.5193,2948921.163
2024/02/14 05:30:59.00,458661.6169,5633112.4124,2948920.8158
2024/02/14 05:31:00.00,458661.8094,5633114.8831,2948923.2139
2024/02/14 05:31:01.00,458661.8177,5633114.8883,2948923.2045
2024/02/14 05:31:02.00,458661.8211,5633114.9013,2948923.2146
2024/02/14 05:31:03.00,458662.5067,5633107.4329,2948919.8583
2024/02/14 05:31:04.00,458661.5452,5633108.4843,2948921.1076
2024/02/14 05:31:05.00,458661.8796,5633110.1198,2948923.87
2024/02/14 05:31:06.00,458662.4635,5633112.5793,2948924.7878
2024/02/14 05:31:07.00,458662.9118,5633117.9704,2948926.0039
2024/02/14 05:31:08.00,458661.6712,5633108.1147,2948923.3254
2024/02/14 05:31:09.00,458660.9763,5633109.5488,2948925.2633
2024/02/14 05:31:10.00,458660.8122,5633109.3839,2948925.5989
2024/02/14 05:31:11.00,458660.7815,5633109.3506,2948925.6595
2024/02/14 05:31:12.00,458664.1249,5633112.9516,2948928.2272
2024/02/14 05:31:13.00,458663.5652,5633111.796,2948929.4797
2024/02/14 05:31:14.00,458663.682,5633113.2582,2948928.9467
2024/02/14 05:31:15.00,458664.3857,5633116.1228,2948930.8895
2024/02/14 05:31:16.00,458664.389,5633116.1271,2948930.8933
2024/02/14 05:31:17.00,458664.3826,5633116.1237,2948930.8874
2024/02/14 05:31:18.00,458664.3858,5633116.1314,2948930.8775
2024/02/14 05:31:19.00,458664.5951,5633115.6062,2948928.535
2024/02/14 05:31:20.00,458664.5975,5633115.6051,2948928.5334
2024/02/14 05:31:21.00,458664.5984,5633115.6058,2948928.5291
2024/02/14 05:31:22.00,458661.4111,5633110.9794,2948926.1724
2024/02/14 05:31:23.00,458660.6797,5633110.7978,2948927.0545
2024/02/14 05:31:24.00,458660.6937,5633110.2396,2948926.3409
2024/02/14 05:31:25.00,458660.3932,5633109.8378,2948927.1325
2024/02/14 05:31:26.00,458660.2857,5633109.226,2948928.634
2024/02/14 05:31:27.00,458659.7879,5633108.658,2948929.7887
2024/02/14 05:31:28.00,458658.2927,5633110.1125,2948930.4735
2024/02/14 05:31:29.00,458658.3594,5633108.479,2948930.7341
2024/02/14 05:31:30.00,458656.2974,5633108.9063,2948930.8754
2024/02/14 05:31:31.00,458658.7924,5633106.3623,2948931.1599
2024/02/14 05:31:32.00,458661.677,5633107.3093,2948933.4152
2024/02/14 05:31:34.00,458660.4475,5633105.8234,2948931.6481
2024/02/14 05:31:35.00,458658.6514,5633106.1854,2948931.5282
2024/02/14 05:31:36.00,458658.1979,5633104.1878,2948931.3085
2024/02/14 05:31:37.00,458658.24,5633105.2708,2948933.7191
2024/02/14 05:31:38.00,458657.6621,5633104.5961,2948934.9968
2024/02/14 05:31:39.00,458657.0943,5633105.3116,2948936.3622
2024/02/14 05:31:40.00,458655.1475,5633104.2779,2948938.5663
2024/02/14 05:31:41.00,458654.2371,5633101.7675,2948940.6815
2024/02/14 05:31:42.00,458654.846,5633101.7368,2948944.4248
2024/02/14 05:31:43.00,458652.0567,5633098.1136,2948945.2729
2024/02/14 05:31:44.00,458649.6511,5633099.6923,2948947.7829
2024/02/14 05:31:45.00,458649.2817,5633097.0381,2948950.5359
2024/02/14 05:31:46.00,458648.0197,5633095.8369,2948953.076
2024/02/14 05:31:47.00,458646.7466,5633094.5437,2948955.7791
2024/02/14 05:31:48.00,458645.3006,5633093.1084,2948958.7751
2024/02/14 05:31:49.00,458643.7362,5633091.5858,2948961.9407
2024/02/14 05:31:50.00,458642.2228,5633090.057,2948965.0413
2024/02/14 05:31:51.00,458641.0313,5633088.9565,2948967.3903
2024/02/14 05:31:52.00,458639.3352,5633088.9299,2948968.6385
2024/02/14 05:31:53.00,458639.9937,5633087.3771,2948970.2512
2024/02/14 05:31:55.00,458640.2935,5633082.8542,2948975.2359
2024/02/14 05:31:56.00,458637.9092,5633085.3939,2948978.7862
2024/02/14 05:31:57.00,458635.6561,5633083.3648,2948979.0309
2024/02/14 05:31:58.00,458634.815,5633082.4398,2948980.9826
2024/02/14 05:31:59.00,458634.343,5633081.4808,2948981.6506
2024/02/14 05:32:00.00,458633.6656,5633081.1281,2948983.754
2024/02/14 05:32:01.00,458633.1538,5633080.5387,2948984.9819
2024/02/14 05:32:02.00,458632.4976,5633079.7097,2948986.6911
2024/02/14 05:32:03.00,458631.7623,5633078.7123,2948988.8016
2024/02/14 05:32:04.00,458630.9098,5633077.5161,2948991.3407
2024/02/14 05:32:05.00,458629.9058,5633076.1425,2948994.2737
2024/02/14 05:32:06.00,458628.8422,5633074.6053,2948997.4638
2024/02/14 05:32:07.00,458627.689,5633072.9724,2949001.0303
2024/02/14 05:32:08.00,458626.5803,5633072.9563,2949005.5495
2024/02/14 05:32:09.00,458624.2123,5633069.5396,2949007.8861
2024/02/14 05:32:10.00,458626.5498,5633070.7635,2949012.1164
2024/02/14 05:32:11.00,458623.9501,5633068.8394,2949015.7305
2024/02/14 05:32:12.00,458623.1374,5633064.8383,2949018.1226
2024/02/14 05:32:13.00,458622.4692,5633062.9978,2949021.8361
2024/02/14 05:32:14.00,458621.6387,5633058.7681,2949024.5156
2024/02/14 05:32:15.00,458620.9422,5633057.4787,2949028.4807
2024/02/14 05:32:16.00,458620.3483,5633057.6544,2949032.7362
2024/02/14 05:32:17.00,458619.7592,5633056.196,2949035.7505
2024/02/14 05:32:18.00,458619.2491,5633054.8768,2949038.4418
2024/02/14 05:32:19.00,458618.7987,5633053.6603,2949040.8835
2024/02/14 05:32:20.00,458619.8609,5633050.2986,2949042.3807
2024/02/14 05:32:21.00,458617.9389,5633051.3886,2949045.4043
2024/02/14 05:32:22.00,458618.6422,5633047.1133,2949047.3257
2024/02/14 05:32:23.00,458617.009,5633049.3425,2949049.6069
2024/02/14 05:32:24.00,458616.5207,5633046.6092,2949050.5615
2024/02/14 05:32:26.00,458615.9117,5633045.4779,2949054.8533
2024/02/14 05:32:27.00,458615.6162,5633046.3691,2949055.6928
2024/02/14 05:32:28.00,458616.8706,5633043.6709,2949055.9169
2024/02/14 05:32:29.00,458615.216,5633045.5756,2949057.3443
2024/02/14 05:32:30.00,458613.6625,5633046.186,2949058.7823
2024/02/14 05:32:31.00,458615.1268,5633045.3657,2949057.7363
2024/02/14 05:32:32.00,458615.0154,5633045.214,2949058.1074
2024/02/14 05:32:33.00,458614.7406,5633044.728,2949059.0862
2024/02/14 05:32:34.00,458614.3846,5633044.1152,2949060.3613
2024/02/14 05:32:35.00,458614.098,5633043.5815,2949061.4613
2024/02/14 05:32:36.00,458613.9141,5633043.188,2949062.267
2024/02/14 05:32:37.00,458615.1544,5633042.3568,2949063.3878
2024/02/14 05:32:38.00,458613.2831,5633047.2708,2949063.9679
2024/02/14 05:32:39.00,458613.7309,5633042.8417,2949062.9646
2024/02/14 05:32:40.00,458613.6393,5633042.6936,2949063.3145
2024/02/14 05:32:41.00,458613.5886,5633042.5519,2949063.5675
2024/02/14 05:32:42.00,458611.9011,5633046.3103,2949066.0013
2024/02/14 05:32:43.00,458613.7008,5633046.7824,2949065.7426
2024/02/14 05:32:44.00,458611.0312,5633046.0081,2949064.2902
2024/02/14 05:32:45.00,458613.2835,5633041.8868,2949064.905
2024/02/14 05:32:46.00,458613.044,5633041.422,2949065.906
2024/02/14 05:32:47.00,458612.9384,5633041.1752,2949066.4143
2024/02/14 05:32:48.00,458614.3054,5633040.4968,2949067.161
2024/02/14 05:32:49.00,458611.6201,5633042.2556,2949065.8947
2024/02/14 05:32:50.00,458612.9388,5633041.1698,2949066.4255
2024/02/14 05:32:51.00,458612.8071,5633036.8455,2949064.3829
2024/02/14 05:32:52.00,458612.4536,5633045.5199,2949067.5376
2024/02/14 05:32:53.00,458612.9158,5633041.1181,2949066.52
2024/02/14 05:32:54.00,458614.2225,5633039.915,2949065.9296
2024/02/14 05:32:55.00,458612.7229,5633040.5448,2949067.5955
2024/02/14 05:32:56.00,458612.6277,5633040.3047,2949068.0763
2024/02/14 05:32:57.00,458612.61,5633040.2589,2949068.1534
2024/02/14 05:32:58.00,458612.612,5633040.2617,2949068.1527
2024/02/14 05:32:59.00,458612.6129,5633040.2636,2949068.1512
2024/02/14 05:33:00.00,458612.6126,5633040.2626,2949068.1527
2024/02/14 05:33:01.00,458612.6118,5633040.2587,2949068.1506
2024/02/14 05:33:02.00,458612.6146,5633040.2633,2949068.1527
2024/02/14 05:33:03.00,458612.6126,5633040.2629,2949068.1522
2024/02/14 05:33:04.00,458612.6133,5633040.2647,2949068.1527
2024/02/14 05:33:05.00,458612.6134,5633040.2605,2949068.1507
2024/02/14 05:33:06.00,458612.6124,5633040.2619,2949068.1511
2024/02/14 05:33:07.00,458612.6141,5633040.2624,2949068.1507
2024/02/14 05:33:08.00,458612.6141,5633040.2654,2949068.1468
2024/02/14 05:33:09.00,458612.609,5633040.2572,2949068.172
2024/02/14 05:33:10.00,458612.5669,5633040.1625,2949068.3672
2024/02/14 05:33:11.00,458612.4973,5633040.0075,2949068.6738
2024/02/14 05:33:12.00,458612.4543,5633039.9055,2949068.8747
2024/02/14 05:33:13.00,458612.454,5633039.9027,2949068.8761
2024/02/14 05:33:14.00,458612.454,5633039.9038,2949068.876
2024/02/14 05:33:15.00,458612.4532,5633039.9047,2949068.8744
2024/02/14 05:33:16.00,458612.4545,5633039.9052,2949068.8752
2024/02/14 05:33:17.00,458612.4578,5633039.9137,2949068.8624
2024/02/14 05:33:18.00,458612.4151,5633039.8135,2949069.0501
2024/02/14 05:33:19.00,458612.2967,5633039.5408,2949069.5892
2024/02/14 05:33:20.00,458612.2213,5633039.3498,2949069.9626
2024/02/14 05:33:21.00,458612.2194,5633039.3579,2949069.9656
2024/02/14 05:33:22.00,458612.2219,5633039.356,2949069.9635
2024/02/14 05:33:23.00,458612.2189,5633039.3559,2949069.9638
2024/02/14 05:33:24.00,458612.22,5633039.3572,2949069.9621
2024/02/14 05:33:25.00,458612.2235,5633039.3652,2949069.9481
2024/02/14 05:33:26.00,458612.2109,5633039.3373,2949069.9949
2024/02/14 05:33:27.00,458612.1796,5633039.2711,2949070.1389
2024/02/14 05:33:28.00,458612.1361,5633039.1681,2949070.3366
2024/02/14 05:33:29.00,458612.1198,5633039.1238,2949070.4172
2024/02/14 05:33:30.00,458612.1193,5633039.1241,2949070.4148
2024/02/14 05:33:31.00,458612.1191,5633039.128,2949070.415
2024/02/14 05:33:32.00,458612.1175,5633039.1273,2949070.4144
2024/02/14 05:33:33.00,458612.1189,5633039.1262,2949070.4139
2024/02/14 05:33:34.00,458612.1185,5633039.1263,2949070.4147
2024/02/14 05:33:35.00,458612.1197,5633039.1253,2949070.4141
2024/02/14 05:33:36.00,458612.1186,5633039.1271,2949070.416
2024/02/14 05:33:37.00,458612.1179,5633039.1249,2949070.4137
2024/02/14 05:33:38.00,458612.1175,5633039.1276,2949070.4153
2024/02/14 05:33:39.00,458612.1186,5633039.126,2949070.4138
2024/02/14 05:33:40.00,458612.1182,5633039.1263,2949070.4147
2024/02/14 05:33:41.00,458612.1176,5633039.1248,2949070.4143
2024/02/14 05:33:42.00,458612.1162,5633039.1288,2949070.4162
2024/02/14 05:33:43.00,458612.1164,5633039.1279,2949070.4153
2024/02/14 05:33:44.00,458612.1176,5633039.1263,2949070.4158
2024/02/14 05:33:45.00,458612.1173,5633039.1273,2949070.4163
2024/02/14 05:33:46.00,458612.1159,5633039.1264,2949070.4152
2024/02/14 05:33:47.00,458612.1175,5633039.1264,2949070.4147
2024/02/14 05:33:48.00,458612.1241,5633039.14,2949070.3872
2024/02/14 05:33:49.00,458612.12,5633039.134,2949070.3996
2024/02/14 05:33:50.00,458612.0548,5633038.9863,2949070.7138
2024/02/14 05:33:51.00,458611.8854,5633038.5377,2949071.5631
2024/02/14 05:33:52.00,458611.6374,5633037.9423,2949072.7541
2024/02/14 05:33:53.00,458611.4239,5633037.3515,2949073.9331
2024/02/14 05:33:54.00,458611.1656,5633036.741,2949075.1606
2024/02/14 05:33:55.00,458610.9115,5633036.1334,2949076.3527
2024/02/14 05:33:56.00,458610.6467,5633035.5351,2949077.5224
2024/02/14 05:33:57.00,458610.3914,5633034.9615,2949078.7197
2024/02/14 05:33:58.00,458610.1493,5633034.4022,2949079.8217
2024/02/14 05:33:59.00,458610.0023,5633034.0811,2949080.4691
2024/02/14 05:34:00.00,458609.9023,5633033.8533,2949080.8895
2024/02/14 05:34:01.00,458609.838,5633033.6804,2949081.2231
2024/02/14 05:34:02.00,458609.7502,5633033.5008,2949081.5982
2024/02/14 05:34:03.00,458609.5937,5633033.1152,2949082.3379
2024/02/14 05:34:04.00,458609.3271,5633032.5051,2949083.6064
2024/02/14 05:34:05.00,458609.0348,5633031.7484,2949085.0581
2024/02/14 05:34:06.00,458608.7279,5633031.0201,2949086.5222
2024/02/14 05:34:07.00,458608.4184,5633030.2819,2949087.9661
2024/02/14 05:34:08.00,458608.0945,5633029.5669,2949089.4019
2024/02/14 05:34:09.00,458607.7707,5633028.8623,2949090.8209
2024/02/14 05:34:10.00,458607.4466,5633028.1717,2949092.2395
2024/02/14 05:34:11.00,458607.1243,5633027.5118,2949093.646
2024/02/14 05:34:12.00,458606.8163,5633026.7915,2949095.1011
2024/02/14 05:34:13.00,458606.5127,5633025.9808,2949096.644
2024/02/14 05:34:14.00,458606.2003,5633025.176,2949098.1895
2024/02/14 05:34:15.00,458605.9172,5633024.4403,2949099.6151
2024/02/14 05:34:16.00,458605.6548,5633023.7393,2949100.9598
2024/02/14 05:34:17.00,458605.4206,5633023.1041,2949102.1762
2024/02/14 05:34:18.00,458605.2303,5633022.5761,2949103.1723
2024/02/14 05:34:19.00,458605.094,5633022.2667,2949103.8039
2024/02/14 05:34:20.00,458605.0009,5633021.997,2949104.3088
2024/02/14 05:34:21.00,458604.9026,5633021.7546,2949104.7867
2024/02/14 05:34:22.00,458604.7843,5633021.5191,2949105.2619
2024/02/14 05:34:23.00,458604.5936,5633021.1161,2949106.0583
2024/02/14 05:34:24.00,458604.3155,5633020.5817,2949107.1338
2024/02/14 05:34:25.00,458604.0453,5633020.0211,2949108.2412
2024/02/14 05:34:26.00,458603.7778,5633019.4501,2949109.3347
2024/02/14 05:34:27.00,458603.4995,5633018.901,2949110.4218
2024/02/14 05:34:28.00,458603.2239,5633018.2881,2949111.6002
2024/02/14 05:34:29.00,458602.8763,5633017.6164,2949112.961
2024/02/14 05:34:30.00,458602.53,5633016.9198,2949114.3143
2024/02/14 05:34:31.00,458602.2599,5633016.3686,2949115.4121
2024/02/14 05:34:32.00,458602.0813,5633015.9837,2949116.165
2024/02/14 05:34:33.00,458601.9161,5633015.6479,2949116.7991
2024/02/14 05:34:34.00,458601.8044,5633015.4341,2949117.2345
2024/02/14 05:34:35.00,458601.732,5633015.8042,2949117.7668
2024/02/14 05:34:36.00,458601.6541,5633015.1709,2949117.7551
2024/02/14 05:34:37.00,458601.5769,5633015.0938,2949117.9517
2024/02/14 05:34:38.00,458601.4556,5633014.9809,2949118.1897
2024/02/14 05:34:39.00,458601.3466,5633014.8891,2949118.3862
2024/02/14 05:34:40.00,458601.2227,5633014.7578,2949118.6063
2024/02/14 05:34:41.00,458601.0496,5633014.5981,2949118.9925
2024/02/14 05:34:42.00,458600.7576,5633014.2609,2949119.704
2024/02/14 05:34:43.00,458600.3928,5633013.7143,2949120.833
2024/02/14 05:34:44.00,458600.061,5633013.1133,2949122.076
2024/02/14 05:34:45.00,458599.7181,5633012.344,2949123.5114
2024/02/14 05:34:46.00,458599.338,5633011.459,2949125.251
2024/02/14 05:34:47.00,458598.8135,5633010.9195,2949127.611
2024/02/14 05:34:48.00,458597.0096,5633011.5294,2949130.5196
2024/02/14 05:34:49.00,458597.7395,5633008.6996,2949131.9915
2024/02/14 05:34:50.00,458596.9572,5633006.042,2949134.3527
2024/02/14 05:34:51.00,458596.3698,5633004.9018,2949136.5786
2024/02/14 05:34:52.00,458595.9977,5633004.8119,2949138.2765
2024/02/14 05:34:53.00,458595.5087,5633003.7673,2949140.2708
2024/02/14 05:34:54.00,458595.0817,5633002.8445,2949142.1087
2024/02/14 05:34:55.00,458595.7466,5632999.9952,2949144.0149
2024/02/14 05:35:00.00,458593.1684,5632996.1279,2949157.2461
2024/02/14 05:35:01.00,458595.3805,5632992.4555,2949157.8785
2024/02/14 05:35:02.00,458594.3627,5632989.1236,2949160.759
2024/02/14 05:35:03.00,458592.4832,5632989.9727,2949163.8919
2024/02/14 05:35:04.00,458590.5832,5632990.8442,2949165.1967
2024/02/14 05:35:05.00,458589.8197,5632990.0262,2949167.7812
2024/02/14 05:35:06.00,458589.3045,5632988.6929,2949169.081
2024/02/14 05:35:07.00,458588.5869,5632988.4886,2949171.592
2024/02/14 05:35:08.00,458588.0826,5632987.799,2949172.9559
2024/02/14 05:35:09.00,458586.327,5632988.8965,2949174.841
2024/02/14 05:35:10.00,458587.073,5632986.5251,2949175.5514
2024/02/14 05:35:11.00,458585.2879,5632987.8733,2949176.389
2024/02/14 05:35:12.00,458585.3889,5632987.0147,2949176.8642
2024/02/14 05:35:13.00,458585.9858,5632984.3095,2949178.2858
2024/02/14 05:35:14.00,458585.652,5632983.8132,2949179.2707
2024/02/14 05:35:15.00,458585.5749,5632983.6949,2949179.4918
2024/02/14 05:35:16.00,458585.5624,5632984.1938,2949179.7255
2024/02/14 05:35:17.00,458585.5281,5632983.6172,2949179.6274
2024/02/14 05:35:18.00,458585.2477,5632983.2736,2949180.3706
2024/02/14 05:35:19.00,458583.2204,5632983.4173,2949182.8651
2024/02/14 05:35:20.00,458584.0488,5632981.7678,2949183.4688
2024/02/14 05:35:21.00,458583.3311,5632980.9037,2949185.2465
2024/02/14 05:35:22.00,458582.593,5632980.0158,2949187.0948
2024/02/14 05:35:23.00,458581.8264,5632979.0501,2949189.0339
2024/02/14 05:35:24.00,458580.9941,5632977.9894,2949191.1912
2024/02/14 05:35:25.00,458580.0515,5632976.8041,2949193.6384
2024/02/14 05:35:26.00,458578.0215,5632980.0574,2949197.3199
2024/02/14 05:35:27.00,458578.0307,5632974.2174,2949198.8978
2024/02/14 05:35:28.00,458576.6754,5632971.8231,2949202.3956
2024/02/14 05:35:29.00,458576.3112,5632972.1536,2949203.167
2024/02/14 05:35:30.00,458575.6472,5632971.3456,2949204.8301
2024/02/14 05:35:31.00,458575.2676,5632970.8538,2949205.7899
2024/02/14 05:35:32.00,458575.1715,5632970.7519,2949206.0098
2024/02/14 05:35:33.00,458575.1741,5632970.7522,2949206.0095
2024/02/14 05:35:34.00,458575.1763,5632970.7468,2949206.0073
2024/02/14 05:35:35.00,458575.1737,5632970.7486,2949206.0071
2024/02/14 05:35:36.00,458576.4821,5632973.2669,2949207.3443
2024/02/14 05:35:37.00,458575.1311,5632970.6811,2949206.1289
2024/02/14 05:35:38.00,458574.9258,5632970.4429,2949206.6333
2024/02/14 05:35:39.00,458574.5566,5632969.9526,2949207.6009
2024/02/14 05:35:40.00,458574.0968,5632969.3469,2949208.8242
2024/02/14 05:35:41.00,458573.6428,5632968.8495,2949209.9619
2024/02/14 05:35:42.00,458573.1726,5632968.3479,2949211.0457
2024/02/14 05:35:43.00,458572.736,5632965.7419,2949211.2453
2024/02/14 05:35:44.00,458571.9498,5632966.0771,2949214.004
2024/02/14 05:35:45.00,458571.423,5632965.3222,2949215.5256
2024/02/14 05:35:46.00,458570.8949,5632964.506,2949217.0936
2024/02/14 05:35:47.00,458570.2794,5632963.7514,2949218.7176
2024/02/14 05:35:48.00,458571.3043,5632960.5384,2949219.5286
2024/02/14 05:35:49.00,458568.3059,5632968.4728,2949222.488
2024/02/14 05:35:50.00,458569.0761,5632963.3967,2949222.0873
2024/02/14 05:35:51.00,458568.3762,5632962.4677,2949224.1523
2024/02/14 05:35:52.00,458566.6935,5632963.7933,2949225.7552
2024/02/14 05:35:53.00,458567.1745,5632958.4544,2949226.2189
2024/02/14 05:35:54.00,458565.6625,5632961.5202,2949228.0494
2024/02/14 05:35:55.00,458567.6055,5632953.6709,2949228.4777
2024/02/14 05:35:56.00,458564.4818,5632959.2095,2949230.4578
2024/02/14 05:35:57.00,458564.8952,5632957.7116,2949232.7291
2024/02/14 05:35:58.00,458563.1323,5632957.5671,2949233.6598
2024/02/14 05:35:59.00,458563.5224,5632954.0415,2949235.0735
2024/02/14 05:36:00.00,458562.6313,5632954.3117,2949238.0401
2024/02/14 05:36:01.00,458564.1678,5632950.9768,2949236.756
2024/02/14 05:36:02.00,458561.8587,5632953.9918,2949240.0719
2024/02/14 05:36:03.00,458561.3771,5632953.3837,2949241.3174
2024/02/14 05:36:04.00,458559.334,5632949.1896,2949241.7292
2024/02/14 05:36:05.00,458560.3722,5632952.1053,2949243.8294
2024/02/14 05:36:06.00,458559.8207,5632951.4359,2949245.1205
2024/02/14 05:36:07.00,458559.311,5632950.7749,2949246.3962
2024/02/14 05:36:08.00,458558.8221,5632950.1511,2949247.6134
2024/02/14 05:36:09.00,458558.3989,5632949.6126,2949248.6642
2024/02/14 05:36:10.00,458558.0045,5632949.6217,2949249.8634
2024/02/14 05:36:11.00,458556.1796,5632949.531,2949251.5112
2024/02/14 05:36:12.00,458557.5329,5632948.528,2949250.8278
2024/02/14 05:36:13.00,458555.8379,5632949.1009,2949252.371
2024/02/14 05:36:14.00,458557.1173,5632948.0036,2949251.7747
2024/02/14 05:36:15.00,458558.2904,5632948.5922,2949252.1904
2024/02/14 05:36:16.00,458558.0143,5632945.4835,2949252.09
2024/02/14 05:36:17.00,458557.8009,5632943.4631,2949251.6719
2024/02/14 05:36:18.00,458556.331,5632947.0593,2949253.5766
2024/02/14 05:36:19.00,458555.2567,5632955.2642,2949255.6229
2024/02/14 05:36:20.00,458554.8871,5632951.921,2949255.675
2024/02/14 05:36:21.00,458554.668,5632949.1185,2949255.1186
2024/02/14 05:36:22.00,458554.358,5632949.755,2949256.2908
2024/02/14 05:36:23.00,458553.5472,5632951.2454,2949258.2647
2024/02/14 05:36:24.00,458551.8049,5632947.4746,2949257.9682
2024/02/14 05:36:25.00,458554.1091,5632944.0914,2949259.3308
2024/02/14 05:36:26.00,458553.7371,5632943.5379,2949260.3589
2024/02/14 05:36:27.00,458553.5569,5632943.2877,2949260.8964
2024/02/14 05:36:28.00,458553.5479,5632943.281,2949260.9216
2024/02/14 05:36:29.00,458553.713,5632944.029,2949260.4877
2024/02/14 05:36:30.00,458553.5414,5632943.2686,2949260.9439
2024/02/14 05:36:31.00,458551.9904,5632945.9834,2949261.1805
2024/02/14 05:36:32.00,458551.9366,5632946.4542,2949261.679
2024/02/14 05:36:33.00,458553.2057,5632945.2051,2949262.8694
2024/02/14 05:36:34.00,458553.0315,5632944.9872,2949263.3047
2024/02/14 05:36:35.00,458552.9167,5632942.3974,2949262.5779
2024/02/14 05:36:36.00,458552.6999,5632942.1118,2949263.1532
2024/02/14 05:36:37.00,458552.4654,5632941.7978,2949263.811
2024/02/14 05:36:38.00,458552.1469,5632941.3793,2949264.5971
2024/02/14 05:36:39.00,458551.8928,5632941.6448,2949265.216
2024/02/14 05:36:40.00,458551.2391,5632940.2781,2949266.8001
2024/02/14 05:36:41.00,458550.8871,5632940.4305,2949267.6246
2024/02/14 05:36:42.00,458550.1508,5632938.9536,2949269.4027
2024/02/14 05:36:43.00,458549.6126,5632938.2493,2949270.7856
2024/02/14 05:36:44.00,458549.0238,5632937.4415,2949272.399
2024/02/14 05:36:45.00,458548.3822,5632936.5604,2949274.2089
2024/02/14 05:36:46.00,458547.6756,5632935.6459,2949276.1183
2024/02/14 05:36:47.00,458546.9318,5632934.6622,2949278.0637
2024/02/14 05:36:48.00,458546.1676,5632933.6657,2949280.0208
2024/02/14 05:36:49.00,458545.397,5632932.671,2949281.9837
2024/02/14 05:36:50.00,458544.7051,5632931.8135,2949283.6906
2024/02/14 05:36:51.00,458543.8488,5632930.0007,2949285.7529
2024/02/14 05:36:52.00,458541.9878,5632932.2923,2949288.2699
2024/02/14 05:36:53.00,458543.1319,5632929.4476,2949287.2293
2024/02/14 05:36:54.00,458542.4346,5632928.9317,2949289.4489
2024/02/14 05:36:55.00,458543.3972,5632927.4644,2949291.7784
2024/02/14 05:36:56.00,458542.937,5632925.5212,2949292.5203
2024/02/14 05:36:57.00,458541.2724,5632925.0742,2949291.759
2024/02/14 05:36:58.00,458540.8521,5632924.4053,2949292.9918
2024/02/14 05:36:59.00,458540.4706,5632923.8684,2949294.0788
2024/02/14 05:37:00.00,458540.0083,5632927.9822,2949297.372
2024/02/14 05:37:01.00,458538.7518,5632928.3473,2949297.0857
2024/02/14 05:37:02.00,458538.9358,5632928.1914,2949296.0682
2024/02/14 05:37:03.00,458539.7833,5632932.7406,2949300.0181
2024/02/14 05:37:04.00,458539.7834,5632932.7362,2949300.0178
2024/02/14 05:37:05.00,458539.7826,5632932.7389,2949300.0186
2024/02/14 05:37:06.00,458539.7783,5632932.7448,2949300.0186
2024/02/14 05:37:07.00,458539.5771,5632929.9645,2949299.7722
2024/02/14 05:37:08.00,458539.5698,5632929.9688,2949299.7889
2024/02/14 05:37:09.00,458538.45,5632929.4283,2949298.6823
2024/02/14 05:37:10.00,458539.492,5632926.5162,2949298.7077
2024/02/14 05:37:11.00,458540.8074,5632924.1657,2949299.3414
2024/02/14 05:37:12.00,458540.5185,5632923.8455,2949299.9739
2024/02/14 05:37:13.00,458538.7158,5632925.5885,2949300.4834
2024/02/14 05:37:14.00,458538.8034,5632923.7215,2949299.4251
2024/02/14 05:37:15.00,458538.5287,5632922.5871,2949300.09
2024/02/14 05:37:16.00,458538.5268,5632922.5862,2949300.0905
2024/02/14 05:37:17.00,458538.2736,5632925.7121,2949302.2289
2024/02/14 05:37:18.00,458535.9036,5632926.1052,2949299.4958
2024/02/14 05:37:19.00,458538.466,5632922.4658,2949300.2935
2024/02/14 05:37:20.00,458536.0029,5632930.4795,2949300.4517
2024/02/14 05:37:21.00,458537.5197,5632927.6905,2949300.3333
2024/02/14 05:37:22.00,458535.7897,5632927.027,2949299.9249
2024/02/14 05:37:23.00,458535.788,5632927.031,2949299.9247
2024/02/14 05:37:24.00,458535.7887,5632927.0275,2949299.9245
2024/02/14 05:37:25.00,458535.7876,5632927.0291,2949299.9229
2024/02/14 05:37:26.00,458535.7862,5632927.0289,2949299.9236
2024/02/14 05:37:27.00,458535.7853,5632927.0273,2949299.9217
2024/02/14 05:37:28.00,458535.7849,5632927.0341,2949299.9249
2024/02/14 05:37:29.00,458535.789,5632927.0288,2949299.9241
2024/02/14 05:37:30.00,458535.7871,5632927.0292,2949299.9235
2024/02/14 05:37:31.00,458535.7866,5632927.0307,2949299.9234
2024/02/14 05:37:32.00,458535.7878,5632927.0245,2949299.9217
2024/02/14 05:37:33.00,458535.7847,5632927.0369,2949299.9243
2024/02/14 05:37:34.00,458535.7856,5632927.0312,2949299.9245
2024/02/14 05:37:35.00,458535.7828,5632927.0327,2949299.9229
2024/02/14 05:37:36.00,458535.7847,5632927.0321,2949299.9242
2024/02/14 05:37:37.00,458535.7628,5632927.0047,2949299.9626
2024/02/14 05:37:38.00,458540.051,5632923.118,2949301.0379
2024/02/14 05:37:39.00,458538.5721,5632923.4099,2949300.0197
2024/02/14 05:37:40.00,458537.1502,5632928.0765,2949301.7819
2024/02/14 05:37:41.00,458538.5524,5632923.3817,2949300.0535
2024/02/14 05:37:42.00,458537.1474,5632928.0868,2949301.7839
2024/02/14 05:37:43.00,458537.1455,5632928.0887,2949301.7822
2024/02/14 05:37:44.00,458535.9152,5632925.7508,2949298.7646
2024/02/14 05:37:45.00,458535.9186,5632925.7437,2949298.7622
2024/02/14 05:37:46.00,458535.9176,5632925.7417,2949298.7614
2024/02/14 05:37:47.00,458534.5082,5632930.4557,2949300.4936
2024/02/14 05:37:48.00,458535.9171,5632925.7447,2949298.763
2024/02/14 05:37:49.00,458537.145,5632928.089,2949301.7866
2024/02/14 05:37:50.00,458534.8245,5632923.9611,2949297.0002
2024/02/14 05:37:51.00,458536.0362,5632928.1054,2949298.9899
2024/02/14 05:37:52.00,458536.0385,5632928.1017,2949298.991
2024/02/14 05:37:53.00,458534.8238,5632923.9623,2949297.003
2024/02/14 05:37:54.00,458535.7487,5632930.0704,2949300.5413
2024/02/14 05:37:55.00,458536.0377,5632928.1046,2949298.9919
2024/02/14 05:37:56.00,458536.0344,5632928.102,2949298.9893
2024/02/14 05:37:57.00,458536.035,5632928.0977,2949298.9872
2024/02/14 05:37:58.00,458536.3935,5632928.0567,2949299.0544
2024/02/14 05:37:59.00,458536.3915,5632928.0578,2949299.0526
2024/02/14 05:38:00.00,458534.8247,5632923.9526,2949296.9974
2024/02/14 05:38:01.00,458535.9926,5632929.4923,2949299.3495
2024/02/14 05:38:02.00,458535.7439,5632930.0686,2949300.5385
2024/02/14 05:38:03.00,458535.7417,5632930.068,2949300.5353
2024/02/14 05:38:04.00,458535.9839,5632929.4879,2949299.3458
2024/02/14 05:38:05.00,458535.5624,5632928.9456,2949301.0432
2024/02/14 05:38:06.00,458535.5633,5632928.95,2949301.0449
2024/02/14 05:38:07.00,458535.9846,5632929.4839,2949299.3439
2024/02/14 05:38:08.00,458535.9843,5632929.4843,2949299.3432
2024/02/14 05:38:09.00,458535.5611,5632928.9465,2949301.0438
2024/02/14 05:38:10.00,458535.5636,5632928.9459,2949301.043
2024/02/14 05:38:11.00,458535.5641,5632928.9438,2949301.0418
2024/02/14 05:38:12.00,458535.5605,5632928.9457,2949301.0395
2024/02/14 05:38:13.00,458537.4583,5632926.5817,2949299.6267
2024/02/14 05:38:14.00,458535.5572,5632928.9498,2949301.0426
2024/02/14 05:38:15.00,458535.5621,5632928.9448,2949301.0413
2024/02/14 05:38:16.00,458535.559,5632928.9492,2949301.0406
2024/02/14 05:38:17.00,458535.5596,5632928.9508,2949301.0434
2024/02/14 05:38:18.00,458537.449,5632926.5744,2949299.6135
2024/02/14 05:38:19.00,458537.4539,5632926.5668,2949299.612
2024/02/14 05:38:20.00,458537.4507,5632926.5591,2949299.6182
2024/02/14 05:38:21.00,458535.9315,5632928.3829,2949300.9326
2024/02/14 05:38:22.00,458538.8052,5632920.0803,2949299.8904
2024/02/14 05:38:23.00,458538.3125,5632922.1978,2949300.7676
2024/02/14 05:38:24.00,458540.1465,5632922.2991,2949300.2837
2024/02/14 05:38:25.00,458535.5636,5632927.0221,2949300.3791
2024/02/14 05:38:26.00,458533.8189,5632934.8626,2949304.3445
2024/02/14 05:38:27.00,458533.8187,5632934.8755,2949304.3553
2024/02/14 05:38:28.00,458534.2172,5632932.9015,2949301.798
2024/02/14 05:38:29.00,458537.006,5632926.6744,2949301.5606
2024/02/14 05:38:30.00,458538.2656,5632927.4659,2949302.2549
2024/02/14 05:38:31.00,458537.2287,5632930.5146,2949301.5364
2024/02/14 05:38:32.00,458537.2247,5632930.5182,2949301.5361
2024/02/14 05:38:33.00,458537.229,5632930.5153,2949301.5352
2024/02/14 05:38:34.00,458537.2289,5632930.5114,2949301.5325
2024/02/14 05:38:35.00,458537.2248,5632930.515,2949301.5346
2024/02/14 05:38:36.00,458537.2268,5632930.5187,2949301.5356
2024/02/14 05:38:37.00,458537.0287,5632929.4372,2949302.0466
2024/02/14 05:38:38.00,458537.026,5632925.1076,2949299.2612
2024/02/14 05:38:39.00,458537.0199,5632929.4483,2949302.0733
2024/02/14 05:38:40.00,458536.7333,5632928.1775,2949301.2493
2024/02/14 05:38:41.00,458538.7227,5632924.1187,2949299.1694
2024/02/14 05:38:42.00,458540.169,5632925.0499,2949300.8509
2024/02/14 05:38:43.00,458536.8643,5632929.3654,2949301.0091
2024/02/14 05:38:44.00,458536.65,5632929.5119,2949302.0173
2024/02/14 05:38:45.00,458538.1827,5632929.1077,2949302.9332
2024/02/14 05:38:46.00,458537.2517,5632924.3789,2949299.7756
2024/02/14 05:38:47.00,458538.1787,5632929.1041,2949302.923
2024/02/14 05:38:48.00,458538.1788,5632929.1024,2949302.9237
2024/02/14 05:38:49.00,458538.1786,5632929.1049,2949302.9255
2024/02/14 05:38:50.00,458538.1782,5632929.1053,2949302.9251
2024/02/14 05:38:51.00,458540.1705,5632925.0405,2949300.8472
2024/02/14 05:38:52.00,458538.1778,5632929.1044,2949302.9239
2024/02/14 05:38:53.00,458540.1731,5632925.0385,2949300.8492
2024/02/14 05:38:54.00,458538.6183,5632926.2462,2949300.0324
2024/02/14 05:38:55.00,458538.1819,5632929.1084,2949302.9297
2024/02/14 05:38:56.00,458538.4448,5632923.1619,2949300.5274
2024/02/14 05:38:57.00,458540.1704,5632925.0399,2949300.848
2024/02/14 05:38:58.00,458538.7282,5632924.1086,2949299.1735
2024/02/14 05:38:59.00,458540.1727,5632925.0357,2949300.8471
2024/02/14 05:39:00.00,458538.1703,5632929.1076,2949302.9207
2024/02/14 05:39:01.00,458540.1715,5632925.0396,2949300.8479
2024/02/14 05:39:02.00,458538.4437,5632923.1519,2949300.5198
2024/02/14 05:39:03.00,458538.521,5632924.1925,2949301.9568
2024/02/14 05:39:04.00,458538.5202,5632924.1932,2949301.9606
2024/02/14 05:39:05.00,458538.5194,5632924.1994,2949301.9609
2024/02/14 05:39:06.00,458537.1091,5632926.1196,2949300.6928
2024/02/14 05:39:07.00,458537.1064,5632926.1235,2949300.6931
2024/02/14 05:39:08.00,458540.1241,5632922.2049,2949300.4332
2024/02/14 05:39:09.00,458537.107,5632926.1287,2949300.6949
2024/02/14 05:39:10.00,458537.1061,5632926.1203,2949300.6898
2024/02/14 05:39:11.00,458538.4674,5632925.6121,2949300.505
2024/02/14 05:39:12.00,458538.4709,5632925.6031,2949300.5024
2024/02/14 05:39:13.00,458538.4693,5632925.611,2949300.5048
2024/02/14 05:39:14.00,458538.4691,5632925.6116,2949300.506
2024/02/14 05:39:15.00,458537.1006,5632926.1339,2949300.6961
2024/02/14 05:39:16.00,458537.1047,5632926.1245,2949300.692
2024/02/14 05:39:17.00,458538.4709,5632925.6092,2949300.505
2024/02/14 05:39:18.00,458538.4682,5632925.61,2949300.5029
2024/02/14 05:39:19.00,458538.4618,5632925.6139,2949300.502
2024/02/14 05:39:20.00,458538.4695,5632925.6015,2949300.501
2024/02/14 05:39:21.00,458536.7107,5632928.1563,2949301.2214
2024/02/14 05:39:22.00,458538.4638,5632925.613,2949300.5033
2024/02/14 05:39:23.00,458538.4643,5632925.6104,2949300.5017
2024/02/14 05:39:24.00,458538.4634,5632925.6099,2949300.5018
2024/02/14 05:39:25.00,458538.464,5632925.6149,2949300.504
2024/02/14 05:39:26.00,458538.4641,5632925.6143,2949300.5042
2024/02/14 05:39:27.00,458537.0966,5632926.131,2949300.6919
2024/02/14 05:39:28.00,458538.2532,5632922.0895,2949301.0354
2024/02/14 05:39:29.00,458538.2511,5632922.0808,2949301.0299
2024/02/14 05:39:30.00,458538.4621,5632925.6165,2949300.5044
2024/02/14 05:39:31.00,458538.461,5632925.6187,2949300.5046
2024/02/14 05:39:32.00,458538.4602,5632925.6114,2949300.5002
2024/02/14 05:39:33.00,458537.0952,5632926.131,2949300.6902
2024/02/14 05:39:34.00,458537.0967,5632926.1212,2949300.6884
2024/02/14 05:39:35.00,458537.0962,5632926.1321,2949300.6903
2024/02/14 05:39:36.00,458535.2386,5632929.6296,2949301.7451
2024/02/14 05:39:37.00,458535.2372,5632929.6376,2949301.7472
2024/02/14 05:39:39.00,458535.0587,5632927.3429,2949302.3409
2024/02/14 05:39:40.00,458535.0578,5632927.3485,2949302.3429
2024/02/14 05:39:41.00,458536.7715,5632929.2139,2949302.6495
2024/02/14 05:39:42.00,458538.2612,5632922.065,2949301.0282
2024/02/14 05:39:43.00,458535.0567,5632927.3545,2949302.3429
2024/02/14 05:39:44.00,458535.0571,5632927.3445,2949302.3393
2024/02/14 05:39:45.00,458535.0585,5632927.3421,2949302.3399
2024/02/14 05:39:46.00,458535.0567,5632927.3489,2949302.342
2024/02/14 05:39:47.00,458535.0568,5632927.3497,2949302.3394
2024/02/14 05:39:48.00,458535.3219,5632928.2954,2949300.9808
2024/02/14 05:39:49.00,458535.1092,5632928.4401,2949301.9836
2024/02/14 05:39:50.00,458535.1077,5632928.4374,2949301.9824
2024/02/14 05:39:51.00,458535.1109,5632928.4313,2949301.9777
2024/02/14 05:39:52.00,458535.1116,5632928.4284,2949301.981
2024/02/14 05:39:53.00,458535.1073,5632928.4327,2949301.979
2024/02/14 05:39:54.00,458535.1075,5632928.431,2949301.977
2024/02/14 05:39:55.00,458535.1073,5632928.4301,2949301.9779
2024/02/14 05:39:56.00,458535.1024,5632928.4329,2949301.9755
2024/02/14 05:39:57.00,458535.1066,5632928.425,2949301.9745
2024/02/14 05:39:58.00,458535.105,5632928.4316,2949301.9758
2024/02/14 05:39:59.00,458535.1044,5632928.4319,2949301.9763
2024/02/14 05:40:00.00,458535.1032,5632928.4279,2949301.9761
2024/02/14 05:40:01.00,458535.2121,5632929.9379,2949301.6128
2024/02/14 05:40:02.00,458535.1052,5632928.4265,2949301.9761
2024/02/14 05:40:03.00,458535.1052,5632928.4302,2949301.9768
2024/02/14 05:40:04.00,458535.1051,5632928.426,2949301.9744
2024/02/14 05:40:05.00,458535.1037,5632928.4261,2949301.9757
2024/02/14 05:40:06.00,458535.102,5632928.4287,2949301.9752
2024/02/14 05:40:07.00,458535.0997,5632928.4304,2949301.9759
2024/02/14 05:40:08.00,458535.1042,5632928.4274,2949301.9766
2024/02/14 05:40:09.00,458535.1008,5632928.4343,2949301.9755
2024/02/14 05:40:10.00,458535.2113,5632929.9243,2949301.609
2024/02/14 05:40:11.00,458535.2042,5632929.9386,2949301.6089
2024/02/14 05:40:12.00,458535.0973,5632928.4313,2949301.9717
2024/02/14 05:40:13.00,458535.0981,5632928.4303,2949301.9723
2024/02/14 05:40:14.00,458537.0016,5632926.5023,2949300.7828
2024/02/14 05:40:15.00,458536.998,5632926.5076,2949300.7826
2024/02/14 05:40:16.00,458537.0001,5632926.5016,2949300.7807
2024/02/14 05:40:17.00,458536.9988,5632926.5065,2949300.7812
2024/02/14 05:40:18.00,458536.635,5632928.047,2949302.8877
2024/02/14 05:40:19.00,458536.6299,5632928.047,2949302.8815
2024/02/14 05:40:20.00,458536.9963,5632926.5035,2949300.7802
2024/02/14 05:40:21.00,458536.6318,5632928.0428,2949302.884
2024/02/14 05:40:22.00,458537.0015,5632926.493,2949300.7802
2024/02/14 05:40:23.00,458537.0014,5632926.4888,2949300.778
2024/02/14 05:40:24.00,458538.2579,5632922.0851,2949301.0341
2024/02/14 05:40:25.00,458537.0022,5632926.4927,2949300.7815
2024/02/14 05:40:26.00,458537.0022,5632926.4786,2949300.7732
2024/02/14 05:40:27.00,458536.3452,5632924.0328,2949302.2228
2024/02/14 05:40:28.00,458538.2609,5632922.0739,2949301.036
2024/02/14 05:40:29.00,458536.3448,5632924.0397,2949302.2253
2024/02/14 05:40:30.00,458536.9994,5632926.4796,2949300.7724
2024/02/14 05:40:31.00,458536.9899,5632926.4761,2949300.8026
2024/02/14 05:40:32.00,458537.1604,5632926.2188,2949299.9048
2024/02/14 05:40:33.00,458537.767,5632927.3484,2949303.645
2024/02/14 05:40:34.00,458535.7796,5632926.7719,2949303.7384
2024/02/14 05:40:35.00,458537.3427,5632922.2976,2949302.7391
2024/02/14 05:40:36.00,458538.4434,5632918.6322,2949303.95
2024/02/14 05:40:37.00,458536.0954,5632919.9607,2949305.0263
2024/02/14 05:40:38.00,458535.3513,5632919.9994,2949306.9788
2024/02/14 05:40:39.00,458538.0668,5632913.903,2949307.14
2024/02/14 05:40:40.00,458534.0992,5632918.382,2949310.169
2024/02/14 05:40:41.00,458533.3975,5632917.5168,2949311.9558
2024/02/14 05:40:42.00,458532.6094,5632916.4762,2949314.0144
2024/02/14 05:40:43.00,458531.7683,5632915.4437,2949316.1493
2024/02/14 05:40:44.00,458532.8774,5632912.069,2949317.6731
2024/02/14 05:40:45.00,458530.3337,5632913.2264,2949320.3345
2024/02/14 05:40:46.00,458529.4504,5632912.0659,2949322.6624
2024/02/14 05:40:47.00,458528.4512,5632910.8324,2949325.1031
2024/02/14 05:40:48.00,458525.9035,5632914.3015,2949328.1773
2024/02/14 05:40:49.00,458526.416,5632908.6199,2949329.5715
2024/02/14 05:40:50.00,458525.5241,5632907.5623,2949331.7022
2024/02/14 05:40:51.00,458524.5207,5632906.363,2949334.1022
2024/02/14 05:40:52.00,458523.3674,5632904.9835,2949336.8433
2024/02/14 05:40:53.00,458522.0666,5632903.5609,2949339.8143
2024/02/14 05:40:54.00,458520.8369,5632901.937,2949342.1729
2024/02/14 05:40:55.00,458519.1853,5632900.4889,2949346.1977
2024/02/14 05:40:56.00,458517.5554,5632900.5827,2949350.2453
2024/02/14 05:40:57.00,458516.3482,5632897.5224,2949352.4143
2024/02/14 05:40:58.00,458516.454,5632894.8385,2949357.4493
2024/02/14 05:40:59.00,458513.6901,5632893.9779,2949359.4804
2024/02/14 05:41:00.00,458512.6587,5632892.7277,2949362.1408
2024/02/14 05:41:01.00,458511.6624,5632894.8053,2949364.8922
2024/02/14 05:41:02.00,458510.9783,5632893.1655,2949366.501
2024/02/14 05:41:09.00,458507.8462,5632886.2158,2949375.6728
2024/02/14 05:41:10.00,458508.7071,5632886.7243,2949375.804
2024/02/14 05:41:11.00,458507.8366,5632887.4192,2949375.6615
2024/02/14 05:41:12.00,458506.9379,5632886.5439,2949375.6093
2024/02/14 05:41:13.00,458507.8701,5632885.0436,2949375.7042
2024/02/14 05:41:14.00,458507.7311,5632888.1716,2949376.2959
2024/02/14 05:41:15.00,458507.6296,5632887.4347,2949376.6831
2024/02/14 05:41:18.00,458508.6939,5632887.8517,2949378.2168
2024/02/14 05:41:19.00,458508.1995,5632892.5817,2949380.7423
2024/02/14 05:41:20.00,458507.1259,5632895.7494,2949381.2191
2024/02/14 05:41:21.00,458507.2992,5632891.0445,2949378.1939
2024/02/14 05:41:22.00,458508.1972,5632892.5812,2949380.7401
2024/02/14 05:41:23.00,458508.1989,5632892.5724,2949380.7407
2024/02/14 05:41:24.00,458508.1916,5632892.5776,2949380.7364
2024/02/14 05:41:25.00,458508.1916,5632892.5832,2949380.733
2024/02/14 05:41:26.00,458508.1948,5632892.5849,2949380.7347
2024/02/14 05:41:27.00,458508.1908,5632892.5828,2949380.7303
2024/02/14 05:41:28.00,458507.2934,5632891.0651,2949378.1983
2024/02/14 05:41:29.00,458508.1931,5632892.5927,2949380.7354
2024/02/14 05:41:30.00,458508.1955,5632892.5934,2949380.7363
2024/02/14 05:41:31.00,458508.0765,5632894.2399,2949381.3536
2024/02/14 05:41:32.00,458507.2982,5632891.0634,2949378.1981
2024/02/14 05:41:33.00,458507.2999,5632891.0532,2949378.1996
2024/02/14 05:41:34.00,458508.1868,5632892.586,2949380.7265
2024/02/14 05:41:35.00,458508.1905,5632892.5908,2949380.733
2024/02/14 05:41:36.00,458508.1846,5632892.5901,2949380.7259
2024/02/14 05:41:37.00,458507.2974,5632891.0726,2949378.2024
2024/02/14 05:41:38.00,458507.3005,5632891.073,2949378.1944
2024/02/14 05:41:39.00,458507.299,5632891.0743,2949378.1939
2024/02/14 05:41:40.00,458508.2576,5632888.1727,2949380.7617
2024/02/14 05:41:41.00,458507.3021,5632891.0686,2949378.1933
2024/02/14 05:41:42.00,458505.8984,5632889.9656,2949378.4638
2024/02/14 05:41:43.00,458508.8595,5632888.7349,2949379.5651
2024/02/14 05:41:44.00,458507.2983,5632891.0718,2949378.1915
2024/02/14 05:41:45.00,458508.8591,5632888.7468,2949379.5681
2024/02/14 05:41:46.00,458507.8007,5632886.3406,2949375.6629
2024/02/14 05:41:47.00,458507.2976,5632891.0671,2949378.1866
2024/02/14 05:41:48.00,458508.8659,5632888.7526,2949379.5516
2024/02/14 05:41:49.00,458507.2851,5632891.0651,2949378.2291
2024/02/14 05:41:50.00,458507.5554,5632887.3256,2949376.9455
2024/02/14 05:41:51.00,458509.558,5632886.4685,2949375.5794
2024/02/14 05:41:52.00,458509.4004,5632886.5151,2949376.4194
2024/02/14 05:41:53.00,458507.9122,5632889.7764,2949376.7716
2024/02/14 05:41:54.00,458507.8523,5632884.0141,2949375.4704
2024/02/14 05:41:55.00,458507.4776,5632888.0526,2949377.0608
2024/02/14 05:41:56.00,458507.8552,5632889.6336,2949377.0758
2024/02/14 05:41:57.00,458510.0336,5632889.8785,2949380.1605
2024/02/14 05:41:58.00,458507.5916,5632886.1049,2949376.6728
2024/02/14 05:41:59.00,458507.5929,5632886.0868,2949376.6701
2024/02/14 05:42:00.00,458506.4744,5632885.55,2949375.2477
2024/02/14 05:42:01.00,458507.5855,5632886.0887,2949376.6685
2024/02/14 05:42:02.00,458507.5853,5632886.0974,2949376.6673
2024/02/14 05:42:03.00,458507.5863,5632886.1027,2949376.6705
2024/02/14 05:42:04.00,458505.4917,5632890.8463,2949377.853
2024/02/14 05:42:05.00,458507.5843,5632886.1068,2949376.6638
2024/02/14 05:42:06.00,458507.6614,5632885.9936,2949376.3888
2024/02/14 05:42:07.00,458507.9353,5632887.8892,2949376.6393
2024/02/14 05:42:08.00,458507.5709,5632885.7802,2949376.815
2024/02/14 05:42:09.00,458507.5248,5632885.6452,2949377.1124
2024/02/14 05:42:10.00,458506.3328,5632885.1606,2949376.1353
2024/02/14 05:42:11.00,458507.4971,5632888.1974,2949376.8114
2024/02/14 05:42:12.00,458507.4137,5632885.296,2949377.8394
2024/02/14 05:42:13.00,458507.3308,5632885.107,2949378.2112
2024/02/14 05:42:14.00,458507.2321,5632884.8055,2949378.8102
2024/02/14 05:42:15.00,458507.0319,5632884.4161,2949379.6196
2024/02/14 05:42:16.00,458506.8236,5632884.0158,2949380.4475
2024/02/14 05:42:17.00,458505.4589,5632880.963,2949380.3358
2024/02/14 05:42:18.00,458506.301,5632882.8369,2949382.7479
2024/02/14 05:42:19.00,458506.0619,5632882.1821,2949384.0465
2024/02/14 05:42:20.00,458505.8284,5632881.3649,2949385.5398
2024/02/14 05:42:21.00,458505.4698,5632880.4691,2949387.287
2024/02/14 05:42:22.00,458505.0794,5632879.2681,2949389.5004
2024/02/14 05:42:23.00,458504.6151,5632877.8237,2949392.1255
2024/02/14 05:42:24.00,458503.992,5632876.3029,2949394.8898
2024/02/14 05:42:25.00,458503.0917,5632874.5758,2949398.0951
2024/02/14 05:42:26.00,458501.7598,5632872.5753,2949401.7778
2024/02/14 05:42:27.00,458500.0007,5632870.3767,2949405.8307
2024/02/14 05:42:28.00,458497.9699,5632868.0309,2949410.1833
2024/02/14 05:42:29.00,458495.8541,5632865.5428,2949414.7721
2024/02/14 05:42:30.00,458493.7571,5632862.9481,2949419.4494
2024/02/14 05:42:31.00,458491.648,5632860.2793,2949424.1762
2024/02/14 05:42:32.00,458489.4258,5632857.5748,2949428.9723
2024/02/14 05:42:33.00,458487.2938,5632854.7906,2949433.8962
2024/02/14 05:42:34.00,458485.3208,5632851.9148,2949438.9871
2024/02/14 05:42:35.00,458483.3083,5632848.9887,2949444.1807
2024/02/14 05:42:36.00,458481.1567,5632846.0039,2949449.4319
2024/02/14 05:42:37.00,458478.9804,5632842.9986,2949454.798
2024/02/14 05:42:38.00,458476.7061,5632839.9521,2949460.2017
2024/02/14 05:42:39.00,458474.5555,5632836.9284,2949465.5296
2024/02/14 05:42:40.00,458472.4209,5632833.9068,2949470.8466
2024/02/14 05:42:41.00,458470.5479,5632831.1143,2949475.6801
2024/02/14 05:42:42.00,458468.9167,5632828.5035,2949480.3073
2024/02/14 05:42:43.00,458467.5157,5632825.8818,2949484.916
2024/02/14 05:42:44.00,458466.5597,5632823.4611,2949489.1019
2024/02/14 05:42:45.00,458465.9326,5632821.1847,2949493.0134
2024/02/14 05:42:46.00,458465.4298,5632818.8573,2949496.9407
2024/02/14 05:42:47.00,458465.1068,5632816.3982,2949501.145
2024/02/14 05:42:48.00,458465.0643,5632813.6703,2949505.7942
2024/02/14 05:42:49.00,458465.4144,5632810.6521,2949510.8256
2024/02/14 05:42:50.00,458466.1548,5632807.3925,2949516.2166
2024/02/14 05:42:51.00,458467.3439,5632803.8444,2949521.945
2024/02/14 05:42:52.00,458468.9462,5632800.1089,2949527.961
2024/02/14 05:42:53.00,458470.8899,5632796.2774,2949534.1484
2024/02/14 05:42:54.00,458472.8676,5632792.3194,2949540.5078
2024/02/14 05:42:55.00,458474.8949,5632788.2671,2949546.9885
2024/02/14 05:42:56.00,458476.908,5632784.1442,2949553.6039
2024/02/14 05:42:57.00,458478.8353,5632779.9887,2949560.2915
2024/02/14 05:42:58.00,458480.7315,5632775.843,2949567.0426
2024/02/14 05:42:59.00,458482.6261,5632771.7759,2949573.6347
2024/02/14 05:43:00.00,458484.61,5632767.734,2949580.1892
2024/02/14 05:43:01.00,458486.7769,5632763.7527,2949586.7554
2024/02/14 05:43:02.00,458489.1413,5632759.7129,2949593.2448
2024/02/14 05:43:03.00,458491.4341,5632755.6648,2949599.7813
2024/02/14 05:43:04.00,458493.6401,5632751.5475,2949606.3778
2024/02/14 05:43:05.00,458495.8383,5632747.4283,2949613.023
2024/02/14 05:43:06.00,458498.0607,5632743.229,2949619.7051
2024/02/14 05:43:07.00,458500.1329,5632739.1818,2949626.2395
2024/02/14 05:43:08.00,458501.9033,5632735.5357,2949632.1486
2024/02/14 05:43:09.00,458503.6401,5632732.3331,2949637.2757
2024/02/14 05:43:10.00,458505.1418,5632729.5897,2949641.759
2024/02/14 05:43:11.00,458507.6213,5632726.0862,2949645.3012
2024/02/14 05:43:12.00,458508.0291,5632724.0805,2949650.5444
2024/02/14 05:43:13.00,458509.3026,5632723.4646,2949656.0685
2024/02/14 05:43:14.00,458511.2204,5632718.3994,2949659.6617
2024/02/14 05:43:15.00,458512.9449,5632715.5011,2949664.3138
2024/02/14 05:43:16.00,458514.6302,5632713.1327,2949669.2978
2024/02/14 05:43:17.00,458516.3177,5632709.5927,2949673.9143
2024/02/14 05:43:18.00,458518.0854,5632706.5616,2949678.7929
2024/02/14 05:43:19.00,458519.7831,5632703.456,2949683.7875
2024/02/14 05:43:20.00,458521.4399,5632700.2751,2949688.9055
2024/02/14 05:43:21.00,458523.0574,5632697.2944,2949693.6641
2024/02/14 05:43:22.00,458524.4297,5632694.8037,2949697.619
2024/02/14 05:43:23.00,458525.6527,5632692.7312,2949700.9423
2024/02/14 05:43:24.00,458526.7448,5632691.1459,2949703.4441
2024/02/14 05:43:25.00,458529.315,5632689.7257,2949705.8843
2024/02/14 05:43:26.00,458528.3621,5632688.4462,2949707.728
2024/02/14 05:43:27.00,458529.2821,5632687.0643,2949709.5107
2024/02/14 05:43:28.00,458530.3066,5632685.8764,2949712.4124
2024/02/14 05:43:29.00,458531.6781,5632681.8015,2949715.4106
2024/02/14 05:43:30.00,458534.7738,5632677.704,2949718.4045
2024/02/14 05:43:31.00,458535.6801,5632677.5975,2949722.1696
2024/02/14 05:43:34.00,458537.9962,5632672.2795,2949734.7049
2024/02/14 05:43:35.00,458541.1538,5632672.28,2949739.837
2024/02/14 05:43:36.00,458541.4296,5632666.9012,2949743.8205
2024/02/14 05:43:37.00,458543.346,5632662.3282,2949749.5866
2024/02/14 05:43:38.00,458545.29,5632658.7899,2949755.2737
2024/02/14 05:43:39.00,458547.1422,5632655.3595,2949760.8038
2024/02/14 05:43:40.00,458548.7905,5632652.3454,2949765.6268
2024/02/14 05:43:41.00,458550.0069,5632649.9502,2949769.4945
2024/02/14 05:43:42.00,458550.8548,5632648.2079,2949772.4087
2024/02/14 05:43:43.00,458551.5979,5632646.8282,2949774.1102
2024/02/14 05:43:44.00,458552.0994,5632645.4493,2949777.0008
2024/02/14 05:43:45.00,458552.5304,5632644.5278,2949778.547
2024/02/14 05:43:46.00,458552.7951,5632643.9032,2949779.5501
2024/02/14 05:43:47.00,458553.1102,5632643.2991,2949780.5656
2024/02/14 05:43:48.00,458553.8036,5632643.5871,2949781.4823
2024/02/14 05:43:49.00,458553.8402,5632641.7268,2949783.1799
2024/02/14 05:43:50.00,458554.3801,5632640.7108,2949784.8272
2024/02/14 05:43:51.00,458554.8425,5632639.8748,2949786.1939
2024/02/14 05:43:52.00,458555.2494,5632639.1208,2949787.4983
2024/02/14 05:43:53.00,458555.7019,5632638.1966,2949789.0156
2024/02/14 05:43:54.00,458557.8562,5632639.493,2949790.959
2024/02/14 05:43:55.00,458556.6587,5632638.4398,2949792.5693
2024/02/14 05:43:56.00,458557.465,5632634.9761,2949794.4059
2024/02/14 05:43:57.00,458557.9631,5632634.9849,2949797.0019
2024/02/14 05:43:58.00,458558.8008,5632632.304,2949799.0667
2024/02/14 05:43:59.00,458559.4054,5632631.8891,2949802.1933
2024/02/14 05:44:00.00,458560.4744,5632630.4776,2949805.3447
2024/02/14 05:44:01.00,458561.1591,5632627.4602,2949807.4667
2024/02/14 05:44:02.00,458562.0705,5632625.6248,2949810.6658
2024/02/14 05:44:03.00,458563.3246,5632621.9242,2949813.1966
2024/02/14 05:44:04.00,458564.2153,5632621.4155,2949818.1425
2024/02/14 05:44:05.00,458565.5499,5632619.1009,2949822.3239
2024/02/14 05:44:06.00,458567.0285,5632616.6659,2949826.6741
2024/02/14 05:44:07.00,458568.4733,5632614.1477,2949831.0119
2024/02/14 05:44:08.00,458569.8405,5632611.8248,2949835.2241
2024/02/14 05:44:09.00,458571.2045,5632609.5034,2949839.2384
2024/02/14 05:44:10.00,458572.531,5632607.3787,2949843.0603
2024/02/14 05:44:11.00,458573.861,5632605.2682,2949846.9241
2024/02/14 05:44:12.00,458575.2712,5632603.0403,2949851.0192
2024/02/14 05:44:13.00,458576.7835,5632600.6382,2949855.3359
2024/02/14 05:44:14.00,458578.297,5632598.1993,2949859.71
2024/02/14 05:44:15.00,458579.7289,5632595.8722,2949863.9503
2024/02/14 05:44:16.00,458581.0924,5632593.6258,2949867.9755
2024/02/14 05:44:17.00,458582.3962,5632591.4635,2949871.8224
2024/02/14 05:44:18.00,458583.7533,5632589.2817,2949875.7411
2024/02/14 05:44:19.00,458585.1094,5632587.0356,2949879.8382
2024/02/14 05:44:20.00,458586.4283,5632584.7185,2949884.0452
2024/02/14 05:44:21.00,458587.7163,5632582.3689,2949888.2553
2024/02/14 05:44:22.00,458589.0471,5632580.0677,2949892.4021
2024/02/14 05:44:23.00,458590.3665,5632577.9142,2949896.3341
2024/02/14 05:44:24.00,458591.6423,5632575.8874,2949900.0097
2024/02/14 05:44:25.00,458592.907,5632573.9795,2949903.4172
2024/02/14 05:44:26.00,458594.0747,5632572.1923,2949906.5989
2024/02/14 05:44:27.00,458595.1377,5632570.4734,2949909.731
2024/02/14 05:44:28.00,458596.2372,5632568.5856,2949913.1136
2024/02/14 05:44:29.00,458597.4485,5632566.528,2949916.8404
2024/02/14 05:44:30.00,458598.8295,5632564.2589,2949920.9155
2024/02/14 05:44:31.00,458600.3599,5632561.8234,2949925.298
2024/02/14 05:44:32.00,458601.9016,5632559.2463,2949929.9776
2024/02/14 05:44:33.00,458603.4891,5632556.5277,2949934.8614
2024/02/14 05:44:34.00,458605.1528,5632553.7024,2949939.9112
2024/02/14 05:44:35.00,458606.9197,5632550.6985,2949945.3278
2024/02/14 05:44:36.00,458608.6841,5632547.5304,2949951.0554
2024/02/14 05:44:37.00,458610.4277,5632544.3662,2949956.7396
2024/02/14 05:44:38.00,458612.1465,5632541.217,2949962.4788
2024/02/14 05:44:39.00,458613.9336,5632538.008,2949968.284
2024/02/14 05:44:40.00,458615.7784,5632534.8482,2949974.0201
2024/02/14 05:44:41.00,458617.6068,5632531.7439,2949979.6735
2024/02/14 05:44:42.00,458619.4796,5632528.6219,2949985.3941
2024/02/14 05:44:43.00,458621.4142,5632525.4115,2949991.2082
2024/02/14 05:44:44.00,458623.3932,5632522.1752,2949997.0534
2024/02/14 05:44:45.00,458625.3356,5632518.961,2950002.8661
2024/02/14 05:44:46.00,458627.221,5632515.8366,2950008.5358
2024/02/14 05:44:47.00,458629.0844,5632512.8216,2950014.0206
2024/02/14 05:44:48.00,458630.8146,5632509.9048,2950019.3398
2024/02/14 05:44:49.00,458632.3582,5632507.034,2950024.5791
2024/02/14 05:44:50.00,458633.824,5632504.1143,2950029.9858
2024/02/14 05:44:51.00,458635.2646,5632501.0813,2950035.6005
2024/02/14 05:44:52.00,458636.749,5632497.9491,2950041.3968
2024/02/14 05:44:53.00,458638.2702,5632494.7583,2950047.386
2024/02/14 05:44:54.00,458639.736,5632491.5167,2950053.6284
2024/02/14 05:44:55.00,458641.1343,5632488.1063,2950060.1004
2024/02/14 05:44:56.00,458642.2946,5632484.5283,2950066.747
2024/02/14 05:44:57.00,458643.0817,5632481.0222,2950073.4003
2024/02/14 05:44:58.00,458643.5477,5632477.596,2950079.9339
2024/02/14 05:44:59.00,458643.7592,5632474.3252,2950086.2565
2024/02/14 05:45:00.00,458643.7745,5632471.1647,2950092.3074
2024/02/14 05:45:01.00,458643.6912,5632468.4399,2950097.5674
2024/02/14 05:45:02.00,458643.5524,5632466.3077,2950101.7342
2024/02/14 05:45:03.00,458643.3688,5632464.5713,2950105.1256
2024/02/14 05:45:04.00,458643.1547,5632463.0135,2950108.159
2024/02/14 05:45:05.00,458642.8774,5632461.488,2950111.1451
2024/02/14 05:45:06.00,458642.4994,5632459.8237,2950114.4404
2024/02/14 05:45:07.00,458642.0127,5632457.9859,2950118.1096
2024/02/14 05:45:08.00,458641.3932,5632455.9553,2950122.1469
2024/02/14 05:45:09.00,458640.6848,5632453.7743,2950126.5207
2024/02/14 05:45:10.00,458639.9236,5632451.4376,2950131.2202
2024/02/14 05:45:11.00,458639.1093,5632448.9283,2950136.2908
2024/02/14 05:45:12.00,458638.0853,5632446.2394,2950141.8261
2024/02/14 05:45:13.00,458636.8303,5632443.4392,2950147.6237
2024/02/14 05:45:14.00,458635.537,5632440.7874,2950153.1857
2024/02/14 05:45:15.00,458634.1532,5632438.2306,2950158.558
2024/02/14 05:45:16.00,458632.7097,5632435.6246,2950163.9869
2024/02/14 05:45:17.00,458631.1691,5632432.9911,2950169.5042
2024/02/14 05:45:18.00,458629.5231,5632430.3228,2950175.1479
2024/02/14 05:45:19.00,458627.8043,5632427.5663,2950180.9277
2024/02/14 05:45:20.00,458625.975,5632424.7134,2950186.8852
2024/02/14 05:45:21.00,458624.0294,5632421.7728,2950193.0799
2024/02/14 05:45:22.00,458621.9724,5632418.6548,2950199.5264
2024/02/14 05:45:23.00,458619.75,5632415.4202,2950206.2221
2024/02/14 05:45:24.00,458617.3943,5632412.2068,2950213.0878
2024/02/14 05:45:25.00,458614.9465,5632408.9984,2950219.9117
2024/02/14 05:45:26.00,458612.5741,5632405.8796,2950226.5668
2024/02/14 05:45:27.00,458610.2015,5632402.8116,2950233.1054
2024/02/14 05:45:28.00,458607.8207,5632399.8551,2950239.5048
2024/02/14 05:45:29.00,458605.4978,5632396.9721,2950245.6665
2024/02/14 05:45:30.00,458603.2115,5632394.0414,2950251.859
2024/02/14 05:45:31.00,458600.8722,5632391.1161,2950258.1921
2024/02/14 05:45:32.00,458598.4544,5632388.1084,2950264.6835
2024/02/14 05:45:33.00,458595.9038,5632385.0058,2950271.3182
2024/02/14 05:45:34.00,458593.231,5632381.767,2950278.1328
2024/02/14 05:45:35.00,458590.5303,5632378.4597,2950285.1952
2024/02/14 05:45:36.00,458587.7552,5632375.0625,2950292.5616
2024/02/14 05:45:37.00,458584.9033,5632371.4937,2950300.2381
2024/02/14 05:45:38.00,458581.9948,5632367.7504,2950308.2119
2024/02/14 05:45:39.00,458579.068,5632363.9041,2950316.4063
2024/02/14 05:45:40.00,458576.2555,5632360.0891,2950324.4979
2024/02/14 05:45:41.00,458573.4956,5632356.3637,2950332.4378
2024/02/14 05:45:42.00,458570.7568,5632352.7017,2950340.2062
2024/02/14 05:45:43.00,458568.1087,5632349.1636,2950347.7646
2024/02/14 05:45:44.00,458565.7232,5632345.9072,2950354.7003
2024/02/14 05:45:45.00,458563.8584,5632343.2843,2950360.3153
2024/02/14 05:45:46.00,458562.1527,5632341.1041,2950365.0534
2024/02/14 05:45:47.00,458560.4404,5632339.0186,2950369.4885
2024/02/14 05:45:48.00,458558.733,5632336.8857,2950374.0351
2024/02/14 05:45:49.00,458557.039,5632334.5943,2950378.9034
2024/02/14 05:45:50.00,458555.3271,5632332.2705,2950383.8659
2024/02/14 05:45:51.00,458553.6259,5632329.9007,2950388.885
2024/02/14 05:45:52.00,458551.9534,5632327.4483,2950394.0664
2024/02/14 05:45:53.00,458550.2573,5632324.9498,2950399.378
2024/02/14 05:45:54.00,458548.5254,5632322.3997,2950404.7629
2024/02/14 05:45:55.00,458546.8132,5632319.8337,2950410.2045
2024/02/14 05:45:56.00,458545.1315,5632317.2361,2950415.6241
2024/02/14 05:45:57.00,458543.4067,5632314.7544,2950420.9024
2024/02/14 05:45:58.00,458541.6949,5632312.3897,2950425.8752
2024/02/14 05:45:59.00,458539.9151,5632310.1022,2950430.7606
2024/02/14 05:46:00.00,458538.4331,5632306.1338,2950434.4443
2024/02/14 05:46:01.00,458536.2923,5632305.4596,2950440.7594
2024/02/14 05:46:02.00,458534.5087,5632303.0415,2950445.8821
2024/02/14 05:46:03.00,458532.8372,5632300.5829,2950451.0863
2024/02/14 05:46:04.00,458531.3041,5632298.0626,2950456.3634
2024/02/14 05:46:05.00,458529.7198,5632295.5301,2950461.6519
2024/02/14 05:46:06.00,458528.1008,5632292.9707,2950467.0569
2024/02/14 05:46:07.00,458526.3048,5632290.1851,2950472.9121
2024/02/14 05:46:08.00,458524.3468,5632287.2206,2950479.1619
2024/02/14 05:46:09.00,458522.4102,5632284.245,2950485.4952
2024/02/14 05:46:10.00,458520.578,5632281.1791,2950491.8178
2024/02/14 05:46:11.00,458519.0783,5632278.0117,2950498.1876
2024/02/14 05:46:12.00,458517.8027,5632274.9114,2950504.6287
2024/02/14 05:46:13.00,458516.8908,5632271.7952,2950511.0397
2024/02/14 05:46:14.00,458516.2075,5632268.7283,2950517.3759
2024/02/14 05:46:15.00,458515.874,5632265.6118,2950523.6348
2024/02/14 05:46:16.00,458515.7759,5632262.4953,2950529.8605
2024/02/14 05:46:17.00,458515.9056,5632259.3658,2950536.0474
2024/02/14 05:46:18.00,458516.3561,5632256.2401,2950542.2048
2024/02/14 05:46:19.00,458517.0476,5632253.1411,2950548.3126
2024/02/14 05:46:20.00,458518.0553,5632250.0445,2950554.364
2024/02/14 05:46:21.00,458519.1958,5632246.9366,2950560.3917
2024/02/14 05:46:22.00,458520.4126,5632243.8233,2950566.3976
2024/02/14 05:46:23.00,458521.8197,5632240.7073,2950572.3308
2024/02/14 05:46:24.00,458523.4961,5632237.6098,2950578.2265
2024/02/14 05:46:25.00,458525.5105,5632234.605,2950584.0446
2024/02/14 05:46:26.00,458527.8162,5632231.5785,2950589.7398
2024/02/14 05:46:27.00,458530.3354,5632228.5458,2950595.3495
2024/02/14 05:46:28.00,458533.1981,5632225.4282,2950601.0569
2024/02/14 05:46:29.00,458536.5261,5632222.1819,2950607.0165
2024/02/14 05:46:30.00,458539.8585,5632219.0138,2950612.9857
2024/02/14 05:46:31.00,458542.8942,5632215.9174,2950618.7634
2024/02/14 05:46:32.00,458545.8852,5632212.9216,2950624.4161
2024/02/14 05:46:33.00,458549.0087,5632209.9003,2950630.0834
2024/02/14 05:46:34.00,458552.1956,5632206.8508,2950635.8175
2024/02/14 05:46:35.00,458555.3941,5632203.7143,2950641.6803
2024/02/14 05:46:36.00,458558.6892,5632200.491,2950647.619
2024/02/14 05:46:37.00,458562.1713,5632197.2117,2950653.6274
2024/02/14 05:46:38.00,458565.755,5632193.8683,2950659.745
2024/02/14 05:46:39.00,458569.5423,5632190.4873,2950665.9142
2024/02/14 05:46:40.00,458573.3758,5632187.0769,2950672.233
2024/02/14 05:46:41.00,458577.1692,5632183.5762,2950678.689
2024/02/14 05:46:42.00,458581.0365,5632179.9971,2950685.2243
2024/02/14 05:46:43.00,458584.9003,5632176.3663,2950691.8532
2024/02/14 05:46:44.00,458588.7167,5632172.7791,2950698.4594
2024/02/14 05:46:45.00,458592.4622,5632169.2507,2950704.957
2024/02/14 05:46:46.00,458596.1674,5632165.8409,2950711.2909
2024/02/14 05:46:47.00,458599.8006,5632162.5089,2950717.3884
2024/02/14 05:46:48.00,458603.3464,5632159.295,2950723.2929
2024/02/14 05:46:49.00,458606.7912,5632156.0902,2950729.1759
2024/02/14 05:46:50.00,458610.0747,5632152.9954,2950734.8789
2024/02/14 05:46:51.00,458613.2044,5632150.0966,2950740.2466
2024/02/14 05:46:52.00,458616.1231,5632147.4968,2950745.0409
2024/02/14 05:46:53.00,458618.7087,5632145.2916,2950749.0529
2024/02/14 05:46:54.00,458620.8298,5632143.5036,2950752.3513
2024/02/14 05:46:55.00,458622.541,5632141.9749,2950755.132
2024/02/14 05:46:56.00,458624.0806,5632140.5985,2950757.7265
2024/02/14 05:46:57.00,458625.6229,5632139.1874,2950760.3661
2024/02/14 05:46:58.00,458627.2826,5632137.7108,2950763.1483
2024/02/14 05:46:59.00,458628.9363,5632136.178,2950765.9335
2024/02/14 05:47:00.00,458630.3502,5632134.7664,2950768.5534
2024/02/14 05:47:01.00,458631.6144,5632133.5044,2950770.924
2024/02/14 05:47:02.00,458632.723,5632132.4006,2950772.9618
2024/02/14 05:47:03.00,458633.6826,5632131.4587,2950774.6721
2024/02/14 05:47:04.00,458634.3695,5632130.8162,2950775.8823
2024/02/14 05:47:05.00,458634.9793,5632130.219,2950776.9858
2024/02/14 05:47:06.00,458635.7873,5632129.4008,2950778.504
2024/02/14 05:47:07.00,458636.7719,5632128.4298,2950780.3343
2024/02/14 05:47:08.00,458637.9355,5632127.3527,2950782.3219
2024/02/14 05:47:09.00,458639.1305,5632126.3234,2950784.2295
2024/02/14 05:47:10.00,458640.2416,5632125.4084,2950785.9377
2024/02/14 05:47:11.00,458641.0096,5632124.7675,2950787.0648
2024/02/14 05:47:12.00,458641.351,5632124.4955,2950787.5724
2024/02/14 05:47:13.00,458641.5939,5632124.3021,2950787.9297
2024/02/14 05:47:14.00,458642.0339,5632123.9295,2950788.579
2024/02/14 05:47:15.00,458642.7475,5632123.3419,2950789.6167
2024/02/14 05:47:16.00,458643.4329,5632122.7835,2950790.6474
2024/02/14 05:47:17.00,458644.1299,5632122.1653,2950791.7672
2024/02/14 05:47:18.00,458644.9112,5632121.4658,2950793.0591
2024/02/14 05:47:19.00,458645.5787,5632120.8711,2950794.1811
2024/02/14 05:47:20.00,458646.2452,5632120.2716,2950795.3123
2024/02/14 05:47:21.00,458647.02,5632119.5583,2950796.6635
2024/02/14 05:47:22.00,458647.9606,5632118.7304,2950798.2626
2024/02/14 05:47:23.00,458648.8715,5632117.8791,2950799.8887
2024/02/14 05:47:24.00,458649.733,5632117.112,2950801.3413
2024/02/14 05:47:25.00,458650.7886,5632116.1444,2950803.1115
2024/02/14 05:47:26.00,458652.1092,5632114.9377,2950805.2386
2024/02/14 05:47:27.00,458653.6259,5632113.5702,2950807.676
2024/02/14 05:47:28.00,458655.3266,5632112.0835,2950810.2243
2024/02/14 05:47:29.00,458657.1546,5632110.5157,2950812.9666
2024/02/14 05:47:30.00,458658.8231,5632108.9694,2950815.7743
2024/02/14 05:47:31.00,458660.4697,5632107.386,2950818.6724
2024/02/14 05:47:32.00,458662.2913,5632105.6449,2950821.8331
2024/02/14 05:47:33.00,458664.2748,5632103.6621,2950825.4202
2024/02/14 05:47:34.00,458666.3604,5632101.6095,2950829.1707
2024/02/14 05:47:35.00,458668.4346,5632099.6359,2950832.8672
2024/02/14 05:47:36.00,458670.4688,5632097.7483,2950836.2997
2024/02/14 05:47:37.00,458672.4881,5632095.8584,2950839.7486
2024/02/14 05:47:38.00,458674.5977,5632093.7318,2950843.5915
2024/02/14 05:47:39.00,458676.9298,5632091.4035,2950847.8762
2024/02/14 05:47:40.00,458679.5779,5632088.8319,2950852.5092
2024/02/14 05:47:41.00,458682.4196,5632086.1465,2950857.4275
2024/02/14 05:47:42.00,458685.4681,5632083.3026,2950862.5655
2024/02/14 05:47:43.00,458688.6999,5632080.4165,2950867.9399
2024/02/14 05:47:44.00,458692.0447,5632077.4883,2950873.4748
2024/02/14 05:47:45.00,458695.4273,5632074.4579,2950879.0697
2024/02/14 05:47:46.00,458698.7883,5632071.4147,2950884.7433
2024/02/14 05:47:47.00,458702.1417,5632068.2844,2950890.6231
2024/02/14 05:47:48.00,458705.4969,5632065.0632,2950896.5788
2024/02/14 05:47:49.00,458708.7256,5632061.9752,2950902.2783
2024/02/14 05:47:50.00,458711.8174,5632058.9814,2950907.8047
2024/02/14 05:47:51.00,458715.0112,5632056.006,2950913.3471
2024/02/14 05:47:52.00,458718.3382,5632052.9506,2950918.9387
2024/02/14 05:47:53.00,458721.7284,5632049.8282,2950924.6274
2024/02/14 05:47:54.00,458725.2784,5632046.6788,2950930.4092
2024/02/14 05:47:55.00,458728.7569,5632043.4734,2950936.3333
2024/02/14 05:47:56.00,458732.2152,5632040.2862,2950942.1538
2024/02/14 05:47:57.00,458735.6968,5632037.1099,2950947.8809
2024/02/14 05:47:58.00,458739.1321,5632033.9223,2950953.7155
2024/02/14 05:47:59.00,458742.5073,5632030.6781,2950959.6562
2024/02/14 05:48:00.00,458745.7874,5632027.4566,2950965.5767
2024/02/14 05:48:01.00,458749.0503,5632024.2867,2950971.3349
2024/02/14 05:48:02.00,458752.3339,5632021.1525,2950977.0698
2024/02/14 05:48:03.00,458755.618,5632018.007,2950982.8717
2024/02/14 05:48:04.00,458758.9701,5632014.8192,2950988.6741
2024/02/14 05:48:05.00,458762.3709,5632011.646,2950994.4311
2024/02/14 05:48:06.00,458765.7578,5632008.529,2951000.0863
2024/02/14 05:48:07.00,458769.0233,5632005.3966,2951005.7447
2024/02/14 05:48:08.00,458772.2707,5632002.2113,2951011.503
2024/02/14 05:48:09.00,458775.5717,5631998.9786,2951017.373
2024/02/14 05:48:10.00,458778.9621,5631995.678,2951023.3192
2024/02/14 05:48:11.00,458782.4796,5631992.3505,2951029.3346
2024/02/14 05:48:12.00,458786.1027,5631988.9994,2951035.3764
2024/02/14 05:48:13.00,458789.7978,5631985.6906,2951041.2923
2024/02/14 05:48:14.00,458793.3329,5631982.4598,2951047.111
2024/02/14 05:48:15.00,458796.7653,5631979.3109,2951052.7831
2024/02/14 05:48:16.00,458800.0343,5631976.1939,2951058.3578
2024/02/14 05:48:17.00,458803.2497,5631973.1391,2951063.9267
2024/02/14 05:48:18.00,458806.4017,5631970.1418,2951069.4323
2024/02/14 05:48:19.00,458809.515,5631967.1687,2951074.7756
2024/02/14 05:48:20.00,458812.5468,5631964.2295,2951080.0956
2024/02/14 05:48:21.00,458815.454,5631961.3622,2951085.3852
2024/02/14 05:48:22.00,458818.1986,5631958.5703,2951090.4372
2024/02/14 05:48:23.00,458820.7068,5631955.9526,2951095.2163
2024/02/14 05:48:24.00,458822.9387,5631953.5464,2951099.6174
2024/02/14 05:48:25.00,458824.708,5631951.6563,2951103.0764
2024/02/14 05:48:26.00,458826.1838,5631949.9818,2951106.0203
2024/02/14 05:48:27.00,458827.7413,5631948.3485,2951108.9061
2024/02/14 05:48:28.00,458829.4295,5631946.5843,2951112.1175
2024/02/14 05:48:29.00,458831.2411,5631944.6544,2951115.7182
2024/02/14 05:48:30.00,458833.1348,5631942.471,2951119.7635
2024/02/14 05:48:31.00,458835.2766,5631940.1399,2951124.0784
2024/02/14 05:48:32.00,458837.5926,5631937.8379,2951128.3208
2024/02/14 05:48:33.00,458840.1195,5631935.5558,2951132.4834
2024/02/14 05:48:34.00,458842.8111,5631933.1664,2951136.7838
2024/02/14 05:48:35.00,458845.4891,5631930.7522,2951141.1405
2024/02/14 05:48:36.00,458848.2285,5631928.3488,2951145.4345
2024/02/14 05:48:37.00,458851.1343,5631925.9243,2951149.74
2024/02/14 05:48:38.00,458854.3151,5631923.381,2951154.2302
2024/02/14 05:48:39.00,458857.6496,5631920.7734,2951158.8467
2024/02/14 05:48:40.00,458860.9311,5631918.144,2951163.5249
2024/02/14 05:48:41.00,458864.0686,5631915.5747,2951168.1008
2024/02/14 05:48:42.00,458866.8312,5631913.1589,2951172.4584
2024/02/14 05:48:43.00,458869.1579,5631910.8451,2951176.6876
2024/02/14 05:48:44.00,458871.3687,5631908.467,2951181.0794
2024/02/14 05:48:45.00,458873.6311,5631905.9314,2951185.7295
2024/02/14 05:48:46.00,458875.7676,5631903.3328,2951190.5646
2024/02/14 05:48:47.00,458878.0359,5631900.5442,2951195.7013
2024/02/14 05:48:48.00,458880.842,5631897.4347,2951201.3962
2024/02/14 05:48:49.00,458884.1774,5631894.1379,2951207.316
2024/02/14 05:48:50.00,458887.7181,5631890.9678,2951212.9698
2024/02/14 05:48:51.00,458891.3089,5631887.8717,2951218.5189
2024/02/14 05:48:52.00,458895.0127,5631884.6605,2951224.228
2024/02/14 05:48:53.00,458898.84,5631881.3433,2951230.2144
2024/02/14 05:48:54.00,458902.9093,5631877.8192,2951236.4909
2024/02/14 05:48:55.00,458907.1346,5631874.109,2951243.1638
2024/02/14 05:48:56.00,458911.5123,5631870.1859,2951250.1817
2024/02/14 05:48:57.00,458915.9964,5631866.0975,2951257.5306
2024/02/14 05:48:58.00,458920.6379,5631861.8596,2951265.1374
2024/02/14 05:48:59.00,458925.3893,5631857.5054,2951272.9893
2024/02/14 05:49:00.00,458930.3019,5631853.0698,2951281.0003
2024/02/14 05:49:01.00,458935.2608,5631848.501,2951289.2188
2024/02/14 05:49:02.00,458940.3245,5631843.893,2951297.5528
2024/02/14 05:49:03.00,458945.5098,5631839.1996,2951305.9993
2024/02/14 05:49:04.00,458950.7235,5631834.4523,2951314.5683
2024/02/14 05:49:05.00,458955.9983,5631829.6849,2951323.2157
2024/02/14 05:49:06.00,458961.2698,5631824.8643,2951331.9649
2024/02/14 05:49:07.00,458966.5325,5631819.9911,2951340.7539
2024/02/14 05:49:08.00,458971.8237,5631815.1789,2951349.45
2024/02/14 05:49:09.00,458976.9662,5631810.4337,2951357.9897
2024/02/14 05:49:10.00,458982.0391,5631805.8375,2951366.1648
2024/02/14 05:49:11.00,458986.9849,5631801.4424,2951374.0662
2024/02/14 05:49:12.00,458991.7303,5631797.196,2951381.6746
2024/02/14 05:49:13.00,458995.7333,5631795.2811,2951388.6555
2024/02/14 05:49:14.00,459000.2379,5631790.0099,2951395.7964
2024/02/14 05:49:15.00,459004.3149,5631785.9285,2951402.1549
2024/02/14 05:49:16.00,459007.8105,5631784.5828,2951408.1406
2024/02/14 05:49:17.00,459011.9356,5631781.3551,2951413.922
2024/02/14 05:49:18.00,459016.8112,5631776.1296,2951419.7282
2024/02/14 05:49:19.00,459021.5508,5631772.9272,2951425.2903
2024/02/14 05:49:20.00,459026.357,5631769.6891,2951430.9247
2024/02/14 05:49:21.00,459031.2982,5631766.4464,2951436.5636
2024/02/14 05:49:22.00,459036.4091,5631763.2197,2951442.1175
2024/02/14 05:49:23.00,459041.4141,5631759.9605,2951447.8374
2024/02/14 05:49:24.00,459046.606,5631756.6732,2951453.498
2024/02/14 05:49:25.00,459051.7357,5631755.8475,2951460.2092
2024/02/14 05:49:26.00,459057.3073,5631750.0504,2951464.9042
2024/02/14 05:49:27.00,459062.3412,5631750.8781,2951471.562
2024/02/14 05:49:28.00,459068.3611,5631743.847,2951475.5884
2024/02/14 05:49:29.00,459073.6724,5631741.0001,2951480.5052
2024/02/14 05:49:30.00,459078.7333,5631738.2333,2951485.2251
2024/02/14 05:49:31.00,459083.6798,5631735.6803,2951489.5642
2024/02/14 05:49:32.00,459088.0598,5631735.3054,2951493.4757
2024/02/14 05:49:33.00,459092.9708,5631733.3647,2951498.6075
2024/02/14 05:49:34.00,459097.6674,5631731.021,2951502.5515
2024/02/14 05:49:35.00,459102.2061,5631728.2918,2951505.1946
2024/02/14 05:49:36.00,459107.4513,5631724.0925,2951508.8657
2024/02/14 05:49:37.00,459112.2301,5631722.0844,2951512.1689
2024/02/14 05:49:38.00,459116.8008,5631720.0884,2951515.4148
2024/02/14 05:49:39.00,459121.1022,5631718.1733,2951518.6187
2024/02/14 05:49:40.00,459125.0873,5631716.2506,2951521.8058
2024/02/14 05:49:41.00,459128.9309,5631714.3624,2951524.9463
2024/02/14 05:49:42.00,459132.8296,5631712.4859,2951528.0242
2024/02/14 05:49:43.00,459136.9401,5631710.6772,2951530.9854
2024/02/14 05:49:44.00,459139.6809,5631703.2026,2951532.6162
2024/02/14 05:49:45.00,459145.8279,5631707.2182,2951536.4124
2024/02/14 05:49:46.00,459150.4685,5631705.7871,2951538.5254
2024/02/14 05:49:47.00,459155.0162,5631704.4867,2951540.3192
2024/02/14 05:49:48.00,459158.8261,5631707.2794,2951543.2306
2024/02/14 05:49:49.00,459163.401,5631702.0657,2951543.7919
2024/02/14 05:49:50.00,459166.5079,5631703.0091,2951545.1945
2024/02/14 05:49:51.00,459169.8335,5631700.0335,2951546.7879
2024/02/14 05:49:52.00,459172.4688,5631699.1928,2951548.1011
2024/02/14 05:49:53.00,459174.7125,5631698.4542,2951549.2089
2024/02/14 05:49:54.00,459176.2714,5631697.9949,2951549.9136
2024/02/14 05:49:55.00,459177.5378,5631697.626,2951550.4345
2024/02/14 05:49:56.00,459178.6027,5631697.3461,2951550.8504
2024/02/14 05:49:57.00,459179.0634,5631701.1097,2951552.3517
2024/02/14 05:49:58.00,459180.6293,5631696.8323,2951551.6346
2024/02/14 05:49:59.00,459183.1539,5631700.083,2951551.806
2024/02/14 05:50:00.00,459184.8094,5631699.7568,2951552.1419
2024/02/14 05:50:01.00,459185.3529,5631695.7265,2951552.9599
2024/02/14 05:50:02.00,459187.0561,5631695.3121,2951553.5399
2024/02/14 05:50:03.00,459189.0514,5631694.8432,2951554.0764
2024/02/14 05:50:04.00,459191.1337,5631694.34,2951554.643
2024/02/14 05:50:05.00,459194.0893,5631697.4573,2951555.0763
2024/02/14 05:50:06.00,459195.7905,5631697.0107,2951555.7238
2024/02/14 05:50:07.00,459196.285,5631692.9634,2951556.6176
2024/02/14 05:50:08.00,459197.9883,5631692.428,2951557.4652
2024/02/14 05:50:09.00,459200.4764,5631689.7115,2951557.1078
2024/02/14 05:50:10.00,459202.9444,5631694.7271,2951559.0611
2024/02/14 05:50:11.00,459204.7779,5631694.0663,2951560.0459
2024/02/14 05:50:12.00,459205.8667,5631687.7887,2951560.9655
2024/02/14 05:50:13.00,459207.3737,5631687.3502,2951561.7041
2024/02/14 05:50:14.00,459208.34,5631688.9254,2951562.7204
2024/02/14 05:50:15.00,459209.5169,5631690.9061,2951564.3695
2024/02/14 05:50:16.00,459212.0649,5631691.6874,2951563.7724
2024/02/14 05:50:17.00,459213.3738,5631691.2949,2951564.24
2024/02/14 05:50:18.00,459213.5552,5631687.3591,2951564.2261
2024/02/14 05:50:19.00,459214.537,5631687.1236,2951564.6147
2024/02/14 05:50:20.00,459216.122,5631685.1436,2951564.8087
2024/02/14 05:50:21.00,459217.2806,5631686.2532,2951565.9684
2024/02/14 05:50:22.00,459219.0916,5631685.6576,2951566.8799
2024/02/14 05:50:23.00,459221.5313,5631683.4038,2951567.4774
2024/02/14 05:50:24.00,459223.2447,5631684.3857,2951569.7462
2024/02/14 05:50:25.00,459225.8758,5631682.0575,2951569.5959
2024/02/14 05:50:26.00,459228.5688,5631686.5773,2951573.0707
2024/02/14 05:50:27.00,459230.7488,5631685.8757,2951574.1742
2024/02/14 05:50:35.00,459244.4202,5631676.5873,2951580.5138
2024/02/14 05:50:37.00,459248.6397,5631675.7484,2951582.7825
2024/02/14 05:50:38.00,459252.0938,5631676.7203,2951583.6588
2024/02/14 05:50:39.00,459252.587,5631674.3636,2951584.7781
2024/02/14 05:50:40.00,459254.681,5631673.6517,2951585.8625
2024/02/14 05:50:41.00,459257.7891,5631676.5139,2951586.6605
2024/02/14 05:50:42.00,459258.5794,5631672.2094,2951588.0134
2024/02/14 05:50:43.00,459260.1445,5631671.6215,2951588.941
2024/02/14 05:50:44.00,459262.4991,5631674.7249,2951589.4314
2024/02/14 05:50:45.00,459262.0547,5631672.6383,2951592.5438
2024/02/14 05:50:46.00,459263.8191,5631670.2253,2951591.0347
2024/02/14 05:50:47.00,459264.8376,5631669.8455,2951591.6239
2024/02/14 05:50:48.00,459265.7319,5631669.5085,2951592.1582
2024/02/14 05:50:49.00,459267.5445,5631672.7802,2951592.2893
2024/02/14 05:50:50.00,459266.6093,5631670.9182,2951595.1949
2024/02/14 05:50:51.00,459268.9369,5631672.2736,2951593.0714
2024/02/14 05:50:52.00,459268.533,5631668.4148,2951593.7011
2024/02/14 05:50:53.00,459269.2019,5631668.164,2951594.0334
2024/02/14 05:50:54.00,459270.0795,5631667.9054,2951594.4285
2024/02/14 05:50:55.00,459270.983,5631667.6213,2951594.8478
2024/02/14 05:50:56.00,459271.7912,5631667.338,2951595.2361
2024/02/14 05:50:57.00,459273.5193,5631670.7117,2951595.2931
2024/02/14 05:50:58.00,459273.1134,5631666.8907,2951595.9566
2024/02/14 05:50:59.00,459273.6328,5631666.6786,2951596.2432
2024/02/14 05:51:00.00,459274.5305,5631671.6717,2951598.222
2024/02/14 05:51:01.00,459274.8942,5631671.5241,2951598.4658
2024/02/14 05:51:02.00,459274.7191,5631666.2191,2951596.9541
2024/02/14 05:51:03.00,459274.9606,5631666.1161,2951597.1006
2024/02/14 05:51:04.00,459275.6175,5631671.2241,2951598.9191
2024/02/14 05:51:05.00,459275.8659,5631671.1303,2951599.0661
2024/02/14 05:51:06.00,459276.3624,5631670.9289,2951599.3532
2024/02/14 05:51:07.00,459276.6605,5631665.4853,2951598.1081
2024/02/14 05:51:08.00,459277.489,5631665.113,2951598.5933
2024/02/14 05:51:09.00,459279.6626,5631666.4347,2951598.9628
2024/02/14 05:51:10.00,459279.0387,5631664.4833,2951599.5796
2024/02/14 05:51:11.00,459280.0232,5631664.0787,2951600.2257
2024/02/14 05:51:12.00,459282.1371,5631667.2277,2951600.5964
2024/02/14 05:51:13.00,459282.2948,5631663.1392,2951601.6502
2024/02/14 05:51:14.00,459283.9506,5631660.713,2951602.6184
2024/02/14 05:51:15.00,459284.7353,5631662.214,2951603.0505
2024/02/14 05:51:16.00,459286.9428,5631665.3968,2951603.3699
2024/02/14 05:51:17.00,459287.1334,5631661.3531,2951604.2955
2024/02/14 05:51:18.00,459288.4458,5631660.9058,2951604.9639
2024/02/14 05:51:19.00,459290.0522,5631660.3159,2951605.8347
2024/02/14 05:51:20.00,459291.9336,5631659.5677,2951606.9767
2024/02/14 05:51:21.00,459293.8438,5631658.8055,2951608.1313
2024/02/14 05:51:22.00,459295.6846,5631658.0897,2951609.2184
2024/02/14 05:51:23.00,459297.655,5631657.3304,2951610.3763
2024/02/14 05:51:24.00,459299.9767,5631656.4635,2951611.6694
2024/02/14 05:51:25.00,459302.4929,5631655.5379,2951613.0664
2024/02/14 05:51:26.00,459305.1747,5631654.5607,2951614.5299
2024/02/14 05:51:27.00,459307.9824,5631653.5315,2951616.0988
2024/02/14 05:51:28.00,459310.8428,5631652.5513,2951617.5292
2024/02/14 05:51:29.00,459314.2746,5631650.4072,2951618.6723
2024/02/14 05:51:30.00,459316.4887,5631650.6202,2951620.531
2024/02/14 05:51:31.00,459319.6215,5631649.4575,2951622.3022
2024/02/14 05:51:32.00,459322.96,5631648.2932,2951624.0594
2024/02/14 05:51:33.00,459326.3152,5631647.2267,2951625.572
2024/02/14 05:51:34.00,459329.9252,5631646.7535,2951627.1454
2024/02/14 05:51:35.00,459334.3927,5631647.2857,2951627.3971
2024/02/14 05:51:36.00,459336.0991,5631647.8366,2951627.8577
2024/02/14 05:51:37.00,459339.1352,5631648.1755,2951628.0035
2024/02/14 05:51:38.00,459343.505,5631648.1661,2951625.5638
2024/02/14 05:51:39.00,459345.838,5631642.7258,2951621.1611
2024/02/14 05:51:40.00,459347.4505,5631647.2659,2951619.1739
2024/02/14 05:51:43.00,459355.7894,5631653.123,2951610.0844
2024/02/14 05:51:44.00,459360.1125,5631652.2661,2951605.2473
2024/02/14 05:51:45.00,459363.7049,5631654.9525,2951601.9109
2024/02/14 05:51:46.00,459367.4601,5631657.9103,2951598.2888
2024/02/14 05:51:47.00,459371.4899,5631659.7187,2951593.9723
2024/02/14 05:51:48.00,459375.4557,5631661.551,2951589.6891
2024/02/14 05:51:49.00,459380.3136,5631667.0776,2951586.6547
2024/02/14 05:51:50.00,459383.4424,5631665.3825,2951580.9412
2024/02/14 05:51:51.00,459389.1143,5631667.7403,2951577.2699
2024/02/14 05:51:52.00,459391.1794,5631668.9649,2951572.6944
2024/02/14 05:51:53.00,459394.4224,5631670.6491,2951568.9306
2024/02/14 05:51:54.00,459397.4887,5631672.2293,2951565.3944
2024/02/14 05:51:55.00,459400.7121,5631673.9419,2951561.5554
2024/02/14 05:51:56.00,459403.8961,5631678.0659,2951557.9576
2024/02/14 05:51:57.00,459408.9026,5631677.672,2951552.8367
2024/02/14 05:51:58.00,459414.5145,5631682.5439,2951549.4546
2024/02/14 05:51:59.00,459418.1881,5631681.4915,2951543.9
2024/02/14 05:52:00.00,459423.1321,5631683.8189,2951538.8876
2024/02/14 05:52:01.00,459428.6715,5631685.2123,2951534.9646
2024/02/14 05:52:02.00,459434.3236,5631687.0665,2951530.1528
2024/02/14 05:52:03.00,459440.3518,5631688.9937,2951525.3669
2024/02/14 05:52:04.00,459445.2915,5631690.1824,2951520.8185
2024/02/14 05:52:05.00,459451.5227,5631692.1984,2951515.7672
2024/02/14 05:52:06.00,459458.9718,5631694.9471,2951510.2029
2024/02/14 05:52:07.00,459465.1242,5631696.9101,2951505.1284
2024/02/14 05:52:10.00,459482.8523,5631704.8905,2951491.1954
2024/02/14 05:52:11.00,459488.4116,5631706.6075,2951486.7274
2024/02/14 05:52:12.00,459493.9103,5631708.2609,2951482.3736
2024/02/14 05:52:13.00,459500.4545,5631707.54,2951477.7812
2024/02/14 05:52:14.00,459506.4119,5631712.2684,2951474.1823
2024/02/14 05:52:15.00,459511.7564,5631713.977,2951469.7755
2024/02/14 05:52:16.00,459517.1485,5631715.6806,2951465.4653
2024/02/14 05:52:17.00,459522.5798,5631717.3009,2951461.1955
2024/02/14 05:52:18.00,459527.8379,5631718.8766,2951457.1482
2024/02/14 05:52:19.00,459532.8153,5631720.9199,2951452.709
2024/02/14 05:52:20.00,459537.0072,5631718.8154,2951448.2923
2024/02/14 05:52:21.00,459542.0541,5631719.9102,2951444.3193
2024/02/14 05:52:22.00,459547.082,5631721.8106,2951440.6006
2024/02/14 05:52:23.00,459552.512,5631723.1435,2951436.9039
2024/02/14 05:52:24.00,459557.9954,5631724.4074,2951433.3657
2024/02/14 05:52:25.00,459563.3503,5631725.8128,2951429.5913
2024/02/14 05:52:26.00,459568.5785,5631727.4919,2951425.1959
2024/02/14 05:52:27.00,459573.8892,5631729.4365,2951420.3005
2024/02/14 05:52:28.00,459579.3903,5631731.5512,2951415.085
2024/02/14 05:52:29.00,459586.0763,5631736.6451,2951410.8348
2024/02/14 05:52:30.00,459592.6028,5631736.3154,2951405.1403
2024/02/14 05:52:31.00,459595.6848,5631741.9039,2951400.5857
2024/02/14 05:52:32.00,459602.8619,5631739.4598,2951394.8183
2024/02/14 05:52:33.00,459608.887,5631741.1085,2951390.4609
2024/02/14 05:52:34.00,459614.674,5631742.8267,2951385.9093
2024/02/14 05:52:35.00,459620.323,5631745.1811,2951381.2365
2024/02/14 05:52:36.00,459627.0241,5631744.2099,2951375.4458
2024/02/14 05:52:38.00,459640.7589,5631749.3856,2951365.4019
2024/02/14 05:52:40.00,459652.4561,5631757.4839,2951355.7808
2024/02/14 05:52:41.00,459657.6843,5631756.9679,2951349.4142
2024/02/14 05:52:42.00,459665.1048,5631761.9744,2951345.3171
2024/02/14 05:52:43.00,459671.3414,5631764.6845,2951339.3778
2024/02/14 05:52:44.00,459677.9023,5631765.9852,2951334.9543
2024/02/14 05:52:45.00,459683.4015,5631764.8788,2951328.7108
2024/02/14 05:52:46.00,459689.7874,5631766.8511,2951323.5505
2024/02/14 05:52:47.00,459697.1462,5631771.9067,2951319.5952
2024/02/14 05:52:48.00,459703.5031,5631773.8844,2951314.5608
2024/02/14 05:52:49.00,459708.8638,5631772.8053,2951308.529
2024/02/14 05:52:50.00,459715.1075,5631774.7291,2951303.6743
2024/02/14 05:52:51.00,459721.3568,5631776.6537,2951298.7328
2024/02/14 05:52:52.00,459727.5691,5631778.6362,2951293.7918
2024/02/14 05:52:53.00,459733.7036,5631780.6071,2951288.9785
2024/02/14 05:52:54.00,459739.8013,5631782.4578,2951284.2948
2024/02/14 05:52:55.00,459745.792,5631784.3055,2951279.7036
2024/02/14 05:52:56.00,459751.8701,5631786.1908,2951275.0856
2024/02/14 05:52:57.00,459758.0124,5631788.1226,2951270.3063
2024/02/14 05:52:58.00,459764.2285,5631790.0875,2951265.4018
2024/02/14 05:52:59.00,459770.4851,5631792.0896,2951260.3826
2024/02/14 05:53:00.00,459776.7918,5631794.1449,2951255.3381
2024/02/14 05:53:01.00,459783.1003,5631796.2316,2951250.2683
2024/02/14 05:53:02.00,459789.3822,5631798.2593,2951245.3204
2024/02/14 05:53:03.00,459795.5789,5631800.2081,2951240.4984
2024/02/14 05:53:04.00,459801.6839,5631802.103,2951235.7774
2024/02/14 05:53:05.00,459807.6202,5631804.0207,2951231.0778
2024/02/14 05:53:06.00,459813.4608,5631805.8963,2951226.476
2024/02/14 05:53:07.00,459818.9571,5631814.7023,2951223.9191
2024/02/14 05:53:08.00,459825.3942,5631807.8974,2951215.462
2024/02/14 05:53:11.00,459842.7982,5631815.5375,2951206.185
2024/02/14 05:53:12.00,459847.4982,5631818.9064,2951201.3402
2024/02/14 05:53:13.00,459852.8002,5631820.1111,2951197.1701
2024/02/14 05:53:14.00,459857.6379,5631821.1537,2951193.9047
2024/02/14 05:53:15.00,459859.6318,5631817.9438,2951188.0314
2024/02/14 05:53:17.00,459866.6429,5631819.7519,2951182.5993
2024/02/14 05:53:18.00,459869.9495,5631820.7704,2951179.8454
2024/02/14 05:53:22.00,459883.281,5631829.0938,2951168.2359
2024/02/14 05:53:24.00,459893.3286,5631829.999,2951163.6855
2024/02/14 05:53:25.00,459897.4031,5631830.5544,2951160.4696
2024/02/14 05:53:26.00,459900.6463,5631833.5253,2951157.1097
2024/02/14 05:53:27.00,459904.0941,5631834.5537,2951155.0474
2024/02/14 05:53:28.00,459908.1926,5631837.6075,2951153.5691
2024/02/14 05:53:29.00,459910.4035,5631840.2387,2951149.2309
2024/02/14 05:53:35.00,459930.7824,5631842.2046,2951136.1629
2024/02/14 05:53:36.00,459934.2405,5631845.283,2951132.6546
2024/02/14 05:53:37.00,459935.6646,5631844.2046,2951127.4572
2024/02/14 05:53:38.00,459940.5884,5631846.7687,2951125.5498
2024/02/14 05:53:39.00,459944.2536,5631848.0613,2951122.4494
2024/02/14 05:53:40.00,459947.8097,5631849.2718,2951119.5024
2024/02/14 05:53:41.00,459951.5453,5631850.4389,2951116.7078
2024/02/14 05:53:42.00,459955.479,5631851.6239,2951113.7987
2024/02/14 05:53:43.00,459959.4938,5631852.884,2951110.7698
2024/02/14 05:53:44.00,459963.5838,5631854.1269,2951107.764
2024/02/14 05:53:45.00,459967.5414,5631855.259,2951104.9121
2024/02/14 05:53:46.00,459971.3239,5631856.4349,2951102.0348
2024/02/14 05:53:47.00,459974.9147,5631857.6087,2951099.205
2024/02/14 05:53:48.00,459978.4159,5631858.7894,2951096.4852
2024/02/14 05:53:49.00,459981.8566,5631859.9154,2951093.7614
2024/02/14 05:53:50.00,459985.2827,5631861.0096,2951091.0617
2024/02/14 05:53:51.00,459988.6818,5631862.0512,2951088.4586
2024/02/14 05:53:52.00,459991.9528,5631863.0493,2951086.1052
2024/02/14 05:53:53.00,459994.9888,5631863.9751,2951083.8604
2024/02/14 05:53:54.00,459997.6241,5631864.8094,2951081.8254
2024/02/14 05:53:55.00,459999.9636,5631865.5451,2951079.2497
2024/02/14 05:53:56.00,460001.7746,5631866.2156,2951078.4489
2024/02/14 05:53:57.00,460004.8281,5631866.7589,2951077.9827
2024/02/14 05:53:58.00,460003.5258,5631866.7789,2951077.1057
2024/02/14 05:53:59.00,460003.6376,5631866.8129,2951077.027
2024/02/14 05:54:00.00,460003.635,5631866.8091,2951077.0262
2024/02/14 05:54:01.00,460003.6406,5631866.8128,2951077.0273
2024/02/14 05:54:02.00,460003.6401,5631866.8129,2951077.028
2024/02/14 05:54:03.00,460003.6665,5631866.8246,2951077.0068
2024/02/14 05:54:04.00,460003.8288,5631866.8822,2951076.8778
2024/02/14 05:54:05.00,460004.2686,5631867.0406,2951076.5562
2024/02/14 05:54:06.00,460004.9826,5631866.6042,2951076.7451
2024/02/14 05:54:07.00,460005.486,5631867.3079,2951075.7139
2024/02/14 05:54:08.00,460006.6624,5631866.3386,2951074.0326
2024/02/14 05:54:09.00,460006.9173,5631867.7252,2951074.7629
2024/02/14 05:54:10.00,460005.7959,5631872.2545,2951075.408
2024/02/14 05:54:11.00,460007.7635,5631873.026,2951075.7785
2024/02/14 05:54:12.00,460006.4852,5631878.0867,2951075.8298
2024/02/14 05:54:13.00,460008.6207,5631873.2898,2951075.1208
2024/02/14 05:54:14.00,460008.8698,5631869.8383,2951073.2212
2024/02/14 05:54:15.00,460010.6779,5631873.8972,2951073.5705
2024/02/14 05:54:16.00,460011.8847,5631874.3221,2951072.6318
2024/02/14 05:54:17.00,460012.9846,5631870.9747,2951071.4103
2024/02/14 05:54:18.00,460014.3097,5631870.0654,2951069.0533
2024/02/14 05:54:19.00,460015.8558,5631870.5111,2951067.8327
2024/02/14 05:54:20.00,460018.0798,5631875.4728,2951066.2605
2024/02/14 05:54:21.00,460019.8348,5631876.0932,2951064.8189
2024/02/14 05:54:22.00,460021.0195,5631872.9778,2951062.1796
2024/02/14 05:54:23.00,460023.0117,5631873.022,2951062.131
2024/02/14 05:54:24.00,460024.9952,5631873.6104,2951060.6869
2024/02/14 05:54:25.00,460027.1133,5631874.3577,2951058.9384
2024/02/14 05:54:26.00,460029.3953,5631875.1368,2951057.1205
2024/02/14 05:54:27.00,460031.8204,5631875.9809,2951055.1304
2024/02/14 05:54:28.00,460034.4166,5631876.8683,2951052.9844
2024/02/14 05:54:29.00,460036.8677,5631877.7246,2951050.9656
2024/02/14 05:54:30.00,460038.8831,5631878.4088,2951049.232
2024/02/14 05:54:31.00,460040.3255,5631878.9012,2951048.0666
2024/02/14 05:54:32.00,460041.4903,5631879.4045,2951047.0301
2024/02/14 05:54:33.00,460042.6532,5631879.8978,2951045.8141
2024/02/14 05:54:34.00,460044.0181,5631880.4472,2951044.6008
2024/02/14 05:54:35.00,460045.7971,5631881.1133,2951043.0379
2024/02/14 05:54:36.00,460047.891,5631881.8703,2951041.1658
2024/02/14 05:54:37.00,460049.8011,5631882.5743,2951039.5938
2024/02/14 05:54:38.00,460051.4899,5631883.1687,2951038.1795
2024/02/14 05:54:39.00,460053.2729,5631883.7732,2951036.7777
2024/02/14 05:54:40.00,460055.1254,5631884.4012,2951035.2617
2024/02/14 05:54:41.00,460057.3395,5631885.0934,2951033.5862
2024/02/14 05:54:42.00,460059.8631,5631885.9638,2951031.4841
2024/02/14 05:54:43.00,460062.7031,5631886.8326,2951029.3699
2024/02/14 05:54:44.00,460065.5062,5631887.6769,2951027.2785
2024/02/14 05:54:45.00,460068.2851,5631888.5666,2951025.2209
2024/02/14 05:54:46.00,460071.3162,5631889.4673,2951022.94
2024/02/14 05:54:47.00,460074.6503,5631890.4299,2951020.6025
2024/02/14 05:54:48.00,460078.1585,5631891.4583,2951018.1117
2024/02/14 05:54:49.00,460081.7963,5631892.5422,2951015.4793
2024/02/14 05:54:50.00,460085.5335,5631893.717,2951012.6579
2024/02/14 05:54:51.00,460089.324,5631894.9822,2951009.692
2024/02/14 05:54:52.00,460093.2121,5631896.2731,2951006.6138
2024/02/14 05:54:53.00,460097.2233,5631897.5299,2951003.5243
2024/02/14 05:54:54.00,460101.2321,5631898.8845,2951000.344
2024/02/14 05:54:55.00,460105.2508,5631900.2665,2950997.0702
2024/02/14 05:54:56.00,460109.3834,5631901.6076,2950993.7985
2024/02/14 05:54:57.00,460113.5379,5631902.9556,2950990.6098
2024/02/14 05:54:58.00,460117.5025,5631904.2135,2950987.5152
2024/02/14 05:54:59.00,460121.1496,5631905.4764,2950984.5956
2024/02/14 05:55:00.00,460124.4385,5631906.5231,2950982.0565
2024/02/14 05:55:01.00,460127.4074,5631907.4879,2950979.7142
2024/02/14 05:55:02.00,460130.1666,5631908.4375,2950977.4677
2024/02/14 05:55:03.00,460132.8376,5631909.2866,2950975.3912
2024/02/14 05:55:04.00,460135.3563,5631910.0988,2950973.4337
2024/02/14 05:55:05.00,460137.6576,5631910.8689,2950971.5621
2024/02/14 05:55:06.00,460139.7104,5631911.5857,2950969.8247
2024/02/14 05:55:07.00,460141.4183,5631912.2166,2950968.3689
2024/02/14 05:55:08.00,460142.5389,5631912.5965,2950967.4727
2024/02/14 05:55:09.00,460142.8679,5631912.7275,2950967.1848
2024/02/14 05:55:10.00,460142.9055,5631912.7426,2950967.1593
2024/02/14 05:55:11.00,460142.911,5631912.7423,2950967.1588
2024/02/14 05:55:12.00,460142.9248,5631912.752,2950967.1463
2024/02/14 05:55:13.00,460142.9668,5631912.7586,2950967.108
2024/02/14 05:55:14.00,460143.0832,5631912.7888,2950967.0048
2024/02/14 05:55:15.00,460143.2766,5631912.8689,2950966.8397
2024/02/14 05:55:16.00,460143.5168,5631912.9471,2950966.6408
2024/02/14 05:55:17.00,460143.9101,5631913.0945,2950966.3039
2024/02/14 05:55:18.00,460144.746,5631913.4146,2950965.5607
2024/02/14 05:55:19.00,460145.9256,5631913.8639,2950964.5163
2024/02/14 05:55:20.00,460147.2709,5631914.3742,2950963.2922
2024/02/14 05:55:21.00,460148.7061,5631914.9617,2950961.9054
2024/02/14 05:55:22.00,460150.2324,5631915.5806,2950960.5046
2024/02/14 05:55:23.00,460151.7444,5631916.2361,2950958.9558
2024/02/14 05:55:24.00,460153.2782,5631916.8363,2950957.5586
2024/02/14 05:55:25.00,460154.6011,5631917.3738,2950956.3554
2024/02/14 05:55:26.00,460155.7524,5631917.8264,2950955.3189
2024/02/14 05:55:27.00,460156.5156,5631918.0986,2950954.6165
2024/02/14 05:55:28.00,460156.9206,5631918.2535,2950954.2574
2024/02/14 05:55:29.00,460157.2814,5631918.3805,2950953.9428
2024/02/14 05:55:30.00,460157.6487,5631918.5348,2950953.6106
2024/02/14 05:55:31.00,460158.0944,5631918.6918,2950953.2169
2024/02/14 05:55:32.00,460158.8723,5631919.0096,2950952.5641
2024/02/14 05:55:33.00,460159.9166,5631919.4308,2950951.6035
2024/02/14 05:55:34.00,460161.008,5631919.8396,2950950.6452
2024/02/14 05:55:35.00,460162.1882,5631920.2763,2950949.5951
2024/02/14 05:55:36.00,460163.4639,5631920.7327,2950948.4378
2024/02/14 05:55:37.00,460164.7259,5631921.2205,2950947.3187
2024/02/14 05:55:38.00,460165.9578,5631921.7093,2950946.1914
2024/02/14 05:55:39.00,460167.2102,5631922.2017,2950945.008
2024/02/14 05:55:40.00,460168.41,5631922.7212,2950943.802
2024/02/14 05:55:41.00,460169.6081,5631923.2174,2950942.7113
2024/02/14 05:55:42.00,460170.9226,5631923.6958,2950941.605
2024/02/14 05:55:43.00,460172.1661,5631924.2551,2950940.3309
2024/02/14 05:55:44.00,460173.5098,5631924.7977,2950939.0896
2024/02/14 05:55:45.00,460174.8888,5631925.315,2950937.8036
2024/02/14 05:55:46.00,460176.3576,5631925.7988,2950936.6963
2024/02/14 05:55:47.00,460177.7757,5631926.2208,2950935.6182
2024/02/14 05:55:48.00,460179.1857,5631926.6489,2950934.5469
2024/02/14 05:55:49.00,460180.4466,5631927.0227,2950933.5977
2024/02/14 05:55:50.00,460181.5877,5631927.3985,2950932.6568
2024/02/14 05:55:51.00,460182.7938,5631927.8045,2950931.7164
2024/02/14 05:55:52.00,460184.0465,5631928.229,2950930.7018
2024/02/14 05:55:53.00,460185.4123,5631928.7299,2950929.6014
2024/02/14 05:55:54.00,460186.7977,5631929.1584,2950928.5643
2024/02/14 05:55:55.00,460188.0354,5631929.5883,2950927.5925
2024/02/14 05:55:56.00,460189.19,5631930.0,2950926.6534
2024/02/14 05:55:57.00,460190.4176,5631930.3846,2950925.7169
2024/02/14 05:55:58.00,460191.7165,5631930.7964,2950924.7464
2024/02/14 05:55:59.00,460193.2753,5631931.2536,2950923.6175
2024/02/14 05:56:00.00,460195.3336,5631931.7727,2950922.2859
2024/02/14 05:56:01.00,460197.9556,5631932.3796,2950920.7254
2024/02/14 05:56:02.00,460201.0006,5631933.1274,2950918.8307
2024/02/14 05:56:03.00,460204.1426,5631934.0063,2950916.6399
2024/02/14 05:56:04.00,460207.2315,5631934.9078,2950914.4327
2024/02/14 05:56:05.00,460210.382,5631935.8547,2950912.1617
2024/02/14 05:56:06.00,460213.9334,5631936.9217,2950909.5492
2024/02/14 05:56:07.00,460217.9456,5631938.1255,2950906.6411
2024/02/14 05:56:08.00,460222.3468,5631939.4534,2950903.4161
2024/02/14 05:56:09.00,460226.9898,5631940.8795,2950899.9779
2024/02/14 05:56:10.00,460231.7339,5631942.3235,2950896.4122
2024/02/14 05:56:11.00,460236.5837,5631943.7882,2950892.8262
2024/02/14 05:56:12.00,460241.3262,5631945.1834,2950889.267
2024/02/14 05:56:13.00,460245.9817,5631946.5399,2950885.8131
2024/02/14 05:56:14.00,460250.7541,5631948.0128,2950882.2061
2024/02/14 05:56:15.00,460255.7182,5631949.5211,2950878.4501
2024/02/14 05:56:16.00,460260.7002,5631951.1371,2950874.3847
2024/02/14 05:56:17.00,460265.7239,5631952.928,2950870.1722
2024/02/14 05:56:18.00,460270.7147,5631954.5819,2950866.134
2024/02/14 05:56:19.00,460275.5464,5631956.1337,2950862.3282
2024/02/14 05:56:20.00,460280.0359,5631957.6035,2950858.841
2024/02/14 05:56:21.00,460283.9272,5631958.7923,2950855.9057
2024/02/14 05:56:22.00,460287.0843,5631959.7953,2950853.4916
2024/02/14 05:56:23.00,460291.5151,5631965.7816,2950854.2464
2024/02/14 05:56:24.00,460291.7149,5631961.2775,2950849.8634
2024/02/14 05:56:25.00,460293.4894,5631961.8743,2950848.4189
2024/02/14 05:56:26.00,460295.2501,5631962.4452,2950847.0671
2024/02/14 05:56:27.00,460297.1379,5631963.0575,2950845.601
2024/02/14 05:56:28.00,460298.1133,5631962.9479,2950843.3709
2024/02/14 05:56:29.00,460302.2296,5631968.0118,2950842.9731
2024/02/14 05:56:30.00,460304.643,5631968.8694,2950840.8736
2024/02/14 05:56:31.00,460306.5827,5631966.3421,2950837.7209
2024/02/14 05:56:32.00,460309.4137,5631967.2022,2950835.4782
2024/02/14 05:56:33.00,460312.5128,5631968.1775,2950833.0947
2024/02/14 05:56:34.00,460315.4202,5631969.1623,2950830.7319
2024/02/14 05:56:35.00,460318.126,5631970.1004,2950828.4435
2024/02/14 05:56:36.00,460320.5732,5631971.0085,2950826.3313
2024/02/14 05:56:37.00,460322.5412,5631971.7284,2950824.6413
2024/02/14 05:56:38.00,460324.3743,5631972.4061,2950823.0565
2024/02/14 05:56:39.00,460326.0828,5631972.9855,2950821.6004
2024/02/14 05:56:40.00,460327.883,5631973.5514,2950820.1563
2024/02/14 05:56:41.00,460329.9775,5631974.2508,2950818.5128
2024/02/14 05:56:42.00,460332.2543,5631974.9687,2950816.8279
2024/02/14 05:56:43.00,460334.4554,5631975.593,2950815.1938
2024/02/14 05:56:44.00,460336.5561,5631976.2727,2950813.5832
2024/02/14 05:56:45.00,460338.941,5631977.0254,2950811.7371
2024/02/14 05:56:46.00,460342.257,5631981.3991,2950810.8065
2024/02/14 05:56:47.00,460344.6943,5631978.9878,2950807.0254
2024/02/14 05:56:48.00,460348.0603,5631980.1535,2950804.2403
2024/02/14 05:56:49.00,460352.2812,5631984.9227,2950803.2324
2024/02/14 05:56:50.00,460356.8834,5631984.2694,2950798.8854
2024/02/14 05:56:51.00,460359.7074,5631983.9926,2950795.0404
2024/02/14 05:56:54.00,460372.094,5631989.4383,2950785.7187
2024/02/14 05:56:55.00,460373.9352,5632002.0323,2950785.6713
2024/02/14 05:56:56.00,460383.2534,5631990.5015,2950780.0395
2024/02/14 05:56:58.00,460391.6204,5631995.1134,2950773.0179
2024/02/14 05:56:59.00,460394.916,5631995.5063,2950767.7045
2024/02/14 05:57:00.00,460397.9274,5631998.0828,2950762.9542
2024/02/14 05:57:06.00,460431.8038,5632007.4183,2950739.042
2024/02/14 05:57:07.00,460437.2771,5632009.74,2950734.7118
2024/02/14 05:57:08.00,460443.0672,5632011.112,2950730.3396
2024/02/14 05:57:09.00,460449.414,5632015.9363,2950727.8372
2024/02/14 05:57:10.00,460454.2252,5632014.6913,2950721.5814
2024/02/14 05:57:11.00,460459.6644,5632016.563,2950718.2379
2024/02/14 05:57:12.00,460464.9472,5632018.2299,2950712.9825
2024/02/14 05:57:13.00,460470.1229,5632019.9395,2950708.7938
2024/02/14 05:57:14.00,460475.2834,5632021.6522,2950704.5257
2024/02/14 05:57:15.00,460480.5245,5632023.4689,2950700.1696
2024/02/14 05:57:16.00,460485.7912,5632025.2829,2950695.7044
2024/02/14 05:57:17.00,460490.718,5632027.0212,2950691.5034
2024/02/14 05:57:18.00,460494.9946,5632028.5353,2950687.8363
2024/02/14 05:57:19.00,460498.8228,5632029.9445,2950684.44
2024/02/14 05:57:20.00,460502.5203,5632031.2889,2950681.119
2024/02/14 05:57:21.00,460506.9148,5632036.0433,2950679.0812
2024/02/14 05:57:22.00,460510.3074,5632033.9564,2950674.5419
2024/02/14 05:57:23.00,460514.8451,5632033.9721,2950670.8882
2024/02/14 05:57:24.00,460518.2269,5632037.4604,2950667.7545
2024/02/14 05:57:25.00,460522.7941,5632038.1513,2950664.1656
2024/02/14 05:57:26.00,460527.4227,5632039.5197,2950660.7053
2024/02/14 05:57:27.00,460532.4683,5632040.9367,2950657.0222
2024/02/14 05:57:28.00,460539.1372,5632044.0501,2950653.7656
2024/02/14 05:57:29.00,460542.4897,5632045.8607,2950649.2811
2024/02/14 05:57:30.00,460544.9797,5632059.5995,2950647.4293
2024/02/14 05:57:32.00,460561.9271,5632049.3851,2950636.5011
2024/02/14 05:57:33.00,460566.9752,5632052.5145,2950630.686
2024/02/14 05:57:34.00,460572.4943,5632053.2068,2950625.9826
2024/02/14 05:57:38.00,460573.6505,5632065.6081,2950599.5131
2024/02/14 05:57:39.00,460577.0966,5632072.25,2950593.635
2024/02/14 05:57:41.00,460575.4646,5632078.2381,2950579.195
2024/02/14 05:57:43.00,460572.9559,5632082.914,2950565.9491
2024/02/14 05:57:44.00,460575.6691,5632093.2568,2950561.9152
2024/02/14 05:57:45.00,460571.6425,5632089.7025,2950552.6252
2024/02/14 05:57:46.00,460571.2316,5632092.9833,2950545.9332
2024/02/14 05:57:47.00,460570.9976,5632096.3695,2950539.2982
2024/02/14 05:57:48.00,460570.9022,5632099.6675,2950532.6567
2024/02/14 05:57:49.00,460572.5198,5632107.8718,2950527.711
2024/02/14 05:57:50.00,460563.2173,5632097.1867,2950515.256
2024/02/14 05:57:53.00,460576.3142,5632118.596,2950499.6776
2024/02/14 05:57:54.00,460576.0007,5632115.4958,2950490.574
2024/02/14 05:57:55.00,460581.3929,5632121.8562,2950485.5897
2024/02/14 05:57:56.00,460586.5112,5632123.6174,2950479.3133
2024/02/14 05:57:58.00,460599.4503,5632126.8653,2950472.3053
2024/02/14 05:57:59.00,460607.8496,5632128.0939,2950470.7933
2024/02/14 05:58:00.00,460614.299,5632127.0825,2950467.8504
2024/02/14 05:58:01.00,460621.93,5632127.0962,2950466.5114
2024/02/14 05:58:02.00,460630.4523,5632128.2686,2950466.5477
2024/02/14 05:58:03.00,460636.8658,5632126.6391,2950464.7323
2024/02/14 05:58:04.00,460643.4922,5632126.5298,2950464.4136
2024/02/14 05:58:05.00,460650.0528,5632128.8861,2950464.0977
2024/02/14 05:58:06.00,460654.0172,5632129.0684,2950461.4502
2024/02/14 05:58:07.00,460660.3681,5632129.1681,2950457.0004
2024/02/14 05:58:08.00,460664.3144,5632130.7366,2950455.2256
2024/02/14 05:58:09.00,460667.6203,5632132.3789,2950451.1599
2024/02/14 05:58:10.00,460670.3838,5632134.2939,2950446.6274
2024/02/14 05:58:11.00,460672.7718,5632136.1027,2950442.3007
2024/02/14 05:58:12.00,460674.8682,5632137.6458,2950438.5094
2024/02/14 05:58:13.00,460676.6466,5632138.9027,2950435.5354
2024/02/14 05:58:14.00,460678.4659,5632140.157,2950432.5148
2024/02/14 05:58:15.00,460680.4674,5632141.54,2950429.2423
2024/02/14 05:58:16.00,460682.6868,5632143.1143,2950425.4833
2024/02/14 05:58:17.00,460684.9476,5632144.9542,2950421.0717
2024/02/14 05:58:18.00,460687.5118,5632147.0198,2950416.1063
2024/02/14 05:58:19.00,460690.412,5632149.3321,2950410.5178
2024/02/14 05:58:20.00,460693.5479,5632151.9173,2950404.2415
2024/02/14 05:58:21.00,460697.1368,5632154.664,2950397.4155
2024/02/14 05:58:22.00,460700.7661,5632157.4937,2950390.1963
2024/02/14 05:58:23.00,460704.5964,5632160.365,2950382.5946
2024/02/14 05:58:24.00,460708.4771,5632163.4289,2950374.5832
2024/02/14 05:58:25.00,460712.2044,5632166.5063,2950366.4141
2024/02/14 05:58:26.00,460715.7865,5632169.4264,2950358.5452
2024/02/14 05:58:27.00,460719.458,5632172.4685,2950350.6478
2024/02/14 05:58:28.00,460722.8941,5632175.2809,2950343.3252
2024/02/14 05:58:29.00,460725.8546,5632177.813,2950336.7921
2024/02/14 05:58:30.00,460728.8617,5632180.4241,2950330.2175
2024/02/14 05:58:31.00,460731.9465,5632183.1955,2950323.2287
2024/02/14 05:58:32.00,460735.309,5632186.0784,2950316.0535
2024/02/14 05:58:33.00,460738.7097,5632188.8141,2950309.3627
2024/02/14 05:58:34.00,460741.7629,5632191.3339,2950303.2543
2024/02/14 05:58:35.00,460744.6759,5632193.9185,2950297.2268
2024/02/14 05:58:36.00,460745.3598,5632198.3551,2950290.2135
2024/02/14 05:58:38.00,460754.1113,5632205.8992,2950279.077
2024/02/14 05:58:39.00,460756.9566,5632204.3117,2950273.0003
2024/02/14 05:58:41.00,460762.6249,5632209.0391,2950262.3009
2024/02/14 05:58:42.00,460765.4902,5632211.4798,2950256.9876
2024/02/14 05:58:43.00,460768.2655,5632213.9075,2950251.6444
2024/02/14 05:58:44.00,460771.0438,5632216.2356,2950246.422
2024/02/14 05:58:45.00,460773.6786,5632218.6193,2950241.179
2024/02/14 05:58:46.00,460775.0251,5632223.607,2950235.566
2024/02/14 05:58:47.00,460778.546,5632223.4752,2950230.5872
2024/02/14 05:58:48.00,460780.8196,5632225.9548,2950225.2945
2024/02/14 05:58:49.00,460783.2529,5632228.3985,2950220.0633
2024/02/14 05:58:50.00,460785.6064,5632230.8156,2950214.9025
2024/02/14 05:58:51.00,460787.8349,5632233.2185,2950209.8107
2024/02/14 05:58:52.00,460789.6447,5632235.3679,2950205.2673
2024/02/14 05:58:53.00,460791.3785,5632237.2247,2950201.3113
2024/02/14 05:58:54.00,460792.9024,5632238.7448,2950198.0959
2024/02/14 05:58:55.00,460794.569,5632240.2024,2950194.9181
2024/02/14 05:58:56.00,460796.4384,5632241.8877,2950191.4934
2024/02/14 05:58:57.00,460798.4963,5632243.7177,2950187.5912
2024/02/14 05:58:58.00,460800.7354,5632245.6946,2950183.4648
2024/02/14 05:58:59.00,460802.9347,5632247.5834,2950179.3838
2024/02/14 05:59:00.00,460804.9987,5632249.4413,2950175.5146
2024/02/14 05:59:01.00,460806.922,5632251.1569,2950171.8808
2024/02/14 05:59:02.00,460808.4567,5632252.6042,2950168.8967
2024/02/14 05:59:03.00,460809.7312,5632253.7354,2950166.4147
2024/02/14 05:59:04.00,460810.8092,5632254.6714,2950164.5593
2024/02/14 05:59:05.00,460811.4233,5632254.5367,2950163.0844
2024/02/14 05:59:06.00,460812.065,5632255.7639,2950162.3968
2024/02/14 05:59:07.00,460812.5249,5632256.1539,2950161.5682
2024/02/14 05:59:08.00,460812.9105,5632256.4769,2950160.7906
2024/02/14 05:59:09.00,460813.1983,5632256.7185,2950160.3
2024/02/14 05:59:10.00,460812.2447,5632255.4376,2950159.1523
2024/02/14 05:59:11.00,460813.8958,5632257.2933,2950159.0512
2024/02/14 05:59:12.00,460814.5356,5632257.8153,2950157.9336
2024/02/14 05:59:13.00,460815.1474,5632258.3483,2950156.8585
2024/02/14 05:59:14.00,460815.6321,5632258.7377,2950155.9617
2024/02/14 05:59:16.00,460816.4619,5632259.4646,2950154.5153
2024/02/14 05:59:17.00,460816.912,5632259.8214,2950153.7607
2024/02/14 05:59:18.00,460817.5045,5632260.3088,2950152.6943
2024/02/14 05:59:19.00,460818.2754,5632260.9529,2950151.3426
2024/02/14 05:59:20.00,460819.1269,5632261.6963,2950149.785
2024/02/14 05:59:21.00,460820.1161,5632262.5782,2950147.9234
2024/02/14 05:59:23.00,460822.7091,5632264.9882,2950142.8553
2024/02/14 05:59:24.00,460824.2335,5632266.3448,2950139.978
2024/02/14 05:59:25.00,460825.8753,5632267.7995,2950136.9008
2024/02/14 05:59:26.00,460827.6418,5632269.3929,2950133.5621
2024/02/14 05:59:27.00,460829.36,5632270.8886,2950130.3585
2024/02/14 05:59:28.00,460830.9526,5632272.2982,2950127.3509
2024/02/14 05:59:29.00,460832.6828,5632273.8025,2950124.2682
2024/02/14 05:59:30.00,460834.5365,5632275.3626,2950120.9632
2024/02/14 05:59:31.00,460836.3885,5632277.0365,2950117.584
2024/02/14 05:59:32.00,460838.0473,5632278.6481,2950114.2334
2024/02/14 05:59:33.00,460839.6346,5632280.2531,2950110.9699
2024/02/14 05:59:34.00,460841.3418,5632281.9264,2950107.4841
2024/02/14 05:59:35.00,460843.3473,5632283.7237,2950103.6276
2024/02/14 05:59:36.00,460845.5202,5632285.7352,2950099.3671
2024/02/14 05:59:37.00,460847.8814,5632287.9058,2950094.7331
2024/02/14 05:59:38.00,460850.5108,5632290.1587,2950089.8936
2024/02/14 05:59:39.00,460853.2642,5632292.4325,2950084.8469
2024/02/14 05:59:40.00,460856.1705,5632294.8249,2950079.6967
2024/02/14 05:59:41.00,460859.3456,5632297.253,2950074.4623
2024/02/14 05:59:42.00,460862.5712,5632299.6677,2950069.1414
2024/02/14 05:59:43.00,460865.8679,5632302.0799,2950063.8211
2024/02/14 05:59:44.00,460867.0539,5632309.2207,2950059.2005
2024/02/14 05:59:45.00,460872.7823,5632306.621,2950053.546
2024/02/14 05:59:46.00,460876.2653,5632308.7835,2950048.7066
2024/02/14 05:59:47.00,460880.4823,5632313.3568,2950045.9106
2024/02/14 05:59:48.00,460882.8287,5632316.0935,2950041.439
2024/02/14 05:59:49.00,460885.1171,5632313.7537,2950037.3981
2024/02/14 05:59:50.00,460887.7121,5632317.8443,2950035.4165
2024/02/14 05:59:51.00,460889.8339,5632316.0755,2950032.1453
2024/02/14 05:59:52.00,460892.3018,5632317.2208,2950029.5119
2024/02/14 05:59:53.00,460895.1944,5632318.4547,2950026.5479
2024/02/14 05:59:54.00,460898.5258,5632319.8552,2950023.2857
2024/02/14 05:59:55.00,460902.1639,5632321.3425,2950019.7544
2024/02/14 05:59:56.00,460905.681,5632323.0938,2950015.7988
2024/02/14 05:59:57.00,460908.993,5632325.1023,2950011.3374
2024/02/14 05:59:58.00,460912.2651,5632327.1128,2950006.8241
2024/02/14 05:59:59.00,460917.2761,5632329.495,2950004.1408
2024/02/14 06:00:00.00,460920.3101,5632331.1609,2950000.4021
2024/02/14 06:00:04.00,460931.2502,5632342.1099,2949983.101
2024/02/14 06:00:05.00,460934.3029,5632340.6769,2949977.2615
2024/02/14 06:00:06.00,460936.8274,5632349.2345,2949972.8022
2024/02/14 06:00:07.00,460943.0502,5632346.3804,2949967.8823
2024/02/14 06:00:08.00,460946.4729,5632345.4539,2949961.2509
2024/02/14 06:00:09.00,460950.5169,5632350.9841,2949957.6262
2024/02/14 06:00:10.00,460953.4286,5632352.6695,2949952.074
2024/02/14 06:00:11.00,460957.7988,5632358.5596,2949947.1262
2024/02/14 06:00:13.00,460966.838,5632360.7028,2949937.78
2024/02/14 06:00:14.00,460969.2783,5632362.0232,2949932.3901
2024/02/14 06:00:15.00,460973.393,5632364.2442,2949927.5714
2024/02/14 06:00:16.00,460977.6392,5632366.4933,2949922.7334
2024/02/14 06:00:17.00,460982.3866,5632372.6254,2949918.5377
2024/02/14 06:00:18.00,460988.5819,5632375.225,2949913.6096
2024/02/14 06:00:19.00,460991.6602,5632377.2922,2949907.0888
2024/02/14 06:00:20.00,460996.3677,5632379.0228,2949902.9478
2024/02/14 06:00:21.00,460999.8644,5632379.2009,2949895.1414
2024/02/14 06:00:22.00,461003.5474,5632384.275,2949888.9623
2024/02/14 06:00:23.00,461011.5008,5632385.8098,2949883.4582
2024/02/14 06:00:24.00,461015.387,5632392.0589,2949875.1126
2024/02/14 06:00:25.00,461022.376,5632396.2366,2949868.3777
2024/02/14 06:00:26.00,461026.8996,5632395.5604,2949860.3403
2024/02/14 06:00:27.00,461032.8776,5632399.2515,2949852.804
2024/02/14 06:00:28.00,461038.6677,5632402.9489,2949845.3973
2024/02/14 06:00:29.00,461044.2534,5632406.4593,2949838.3112
2024/02/14 06:00:30.00,461049.5171,5632409.7987,2949831.4361
2024/02/14 06:00:31.00,461054.7601,5632413.0283,2949824.7172
2024/02/14 06:00:32.00,461059.8852,5632416.338,2949818.0722
2024/02/14 06:00:33.00,461066.3689,5632420.619,2949811.9923
2024/02/14 06:00:34.00,461073.036,5632420.5767,2949805.9958
2024/02/14 06:00:35.00,461076.4243,5632426.7841,2949799.2018
2024/02/14 06:00:36.00,461079.7641,5632428.6392,2949792.5697
2024/02/14 06:00:37.00,461084.5323,5632431.4386,2949786.6626
2024/02/14 06:00:38.00,461090.0958,5632436.9778,2949782.3667
2024/02/14 06:00:41.00,461106.0012,5632444.9521,2949762.7241
2024/02/14 06:00:42.00,461113.2526,5632444.8487,2949757.1752
2024/02/14 06:00:43.00,461118.2536,5632449.1072,2949751.0433
2024/02/14 06:00:44.00,461124.0244,5632451.6223,2949745.4348
2024/02/14 06:00:45.00,461128.422,5632456.3228,2949740.1688
2024/02/14 06:00:46.00,461133.7039,5632459.0983,2949733.9979
2024/02/14 06:00:47.00,461139.2527,5632461.585,2949728.4462
2024/02/14 06:00:48.00,461143.5075,5632462.6427,2949723.1208
2024/02/14 06:00:49.00,461149.8594,5632462.9111,2949717.7023
2024/02/14 06:00:50.00,461154.9762,5632465.228,2949712.6986
2024/02/14 06:00:51.00,461160.6207,5632470.1251,2949709.5579
2024/02/14 06:00:52.00,461163.7241,5632471.7299,2949703.2676
2024/02/14 06:00:53.00,461170.0096,5632475.0465,2949698.7556
2024/02/14 06:00:54.00,461173.2691,5632476.3009,2949693.0934
2024/02/14 06:00:55.00,461180.6551,5632476.9907,2949689.5492
2024/02/14 06:00:57.00,461185.4801,5632485.7409,2949681.7008
2024/02/14 06:00:58.00,461190.973,5632485.3236,2949679.5392
2024/02/14 06:00:59.00,461193.7952,5632485.7938,2949677.0973
2024/02/14 06:01:00.00,461194.2535,5632483.4832,2949672.527
2024/02/14 06:01:01.00,461196.4184,5632484.4699,2949670.2872
2024/02/14 06:01:02.00,461198.7615,5632488.6105,2949669.0605
2024/02/14 06:01:03.00,461200.2348,5632486.2727,2949666.2725
2024/02/14 06:01:04.00,461202.2737,5632487.2299,2949664.1932
2024/02/14 06:01:05.00,461204.5568,5632488.2934,2949661.798
2024/02/14 06:01:06.00,461207.0442,5632489.434,2949659.2895
2024/02/14 06:01:07.00,461209.6256,5632490.5636,2949656.6694
2024/02/14 06:01:08.00,461212.0426,5632491.7034,2949654.2202
2024/02/14 06:01:09.00,461214.3221,5632492.7144,2949651.9392
2024/02/14 06:01:10.00,461215.3369,5632492.1016,2949649.1416
2024/02/14 06:01:11.00,461218.8625,5632494.6831,2949647.5283
2024/02/14 06:01:12.00,461221.2831,5632495.7932,2949645.0646
2024/02/14 06:01:13.00,461223.9038,5632497.045,2949642.2734
2024/02/14 06:01:14.00,461225.7173,5632500.6333,2949639.2792
2024/02/14 06:01:15.00,461230.0899,5632500.0894,2949635.4595
2024/02/14 06:01:16.00,461234.0278,5632505.069,2949632.3463
2024/02/14 06:01:17.00,461237.8961,5632506.9163,2949628.1629
2024/02/14 06:01:18.00,461241.9461,5632508.8626,2949623.7835
2024/02/14 06:01:19.00,461246.1783,5632510.9014,2949619.3125
2024/02/14 06:01:20.00,461250.8513,5632512.4858,2949615.5719
2024/02/14 06:01:21.00,461255.0178,5632514.953,2949610.0163
2024/02/14 06:01:22.00,461259.1556,5632513.89,2949604.4144
2024/02/14 06:01:23.00,461262.7242,5632515.2739,2949599.0965
2024/02/14 06:01:24.00,461270.1104,5632522.3196,2949595.8629
2024/02/14 06:01:25.00,461272.3701,5632526.5813,2949590.6632
2024/02/14 06:01:26.00,461277.1186,5632525.0235,2949584.7367
2024/02/14 06:01:27.00,461283.1923,5632528.294,2949580.479
2024/02/14 06:01:28.00,461287.6659,5632530.3345,2949575.8881
2024/02/14 06:01:29.00,461291.8416,5632532.3193,2949571.4574
2024/02/14 06:01:30.00,461295.8083,5632534.1775,2949567.1488
2024/02/14 06:01:31.00,461299.1001,5632532.6736,2949562.4687
2024/02/14 06:01:32.00,461302.3061,5632534.1893,2949559.1522
2024/02/14 06:01:33.00,461306.4134,5632536.8679,2949556.1617
2024/02/14 06:01:34.00,461308.0465,5632539.2594,2949554.9163
2024/02/14 06:01:35.00,461310.1592,5632540.177,2949552.7723
2024/02/14 06:01:36.00,461311.8355,5632537.6498,2949550.3558
2024/02/14 06:01:37.00,461312.1396,5632538.3385,2949548.3321
2024/02/14 06:01:38.00,461313.1495,5632545.3569,2949550.6251
2024/02/14 06:01:39.00,461310.2259,5632544.4853,2949547.56
2024/02/14 06:01:40.00,461313.3378,5632542.3783,2949548.7474
2024/02/14 06:01:41.00,461312.7982,5632542.5445,2949547.6821
2024/02/14 06:01:42.00,461314.1882,5632539.1823,2949548.3348
2024/02/14 06:01:43.00,461315.0678,5632539.2672,2949546.0574
2024/02/14 06:01:44.00,461316.3388,5632540.5846,2949544.4679
2024/02/14 06:01:45.00,461318.2225,5632541.4559,2949542.5714
2024/02/14 06:01:46.00,461319.9602,5632545.7698,2949540.2891
2024/02/14 06:01:47.00,461322.9144,5632543.1329,2949539.2947
2024/02/14 06:01:48.00,461324.1795,5632544.1704,2949536.2732
2024/02/14 06:01:49.00,461326.1587,5632548.2583,2949535.2704
2024/02/14 06:01:50.00,461327.3708,5632545.6566,2949532.8662
2024/02/14 06:01:51.00,461328.8796,5632546.3731,2949531.2175
2024/02/14 06:01:52.00,461330.5961,5632547.3093,2949529.11
2024/02/14 06:01:53.00,461332.2817,5632548.271,2949526.9469
2024/02/14 06:01:54.00,461333.8214,5632549.1402,2949525.0246
2024/02/14 06:01:55.00,461335.3047,5632553.1026,2949523.765
2024/02/14 06:01:56.00,461336.9539,5632550.8946,2949521.2376
2024/02/14 06:01:57.00,461338.7543,5632551.6966,2949519.4729
2024/02/14 06:01:58.00,461340.6674,5632552.3566,2949517.9687
2024/02/14 06:01:59.00,461342.3473,5632552.866,2949516.7341
2024/02/14 06:02:00.00,461344.3473,5632556.1855,2949517.4291
2024/02/14 06:02:01.00,461344.9108,5632553.6916,2949514.8305
2024/02/14 06:02:02.00,461345.8855,5632554.0857,2949513.9695
2024/02/14 06:02:03.00,461346.4672,5632554.2971,2949513.443
2024/02/14 06:02:04.00,461346.7215,5632554.3728,2949513.2107
2024/02/14 06:02:05.00,461346.9222,5632554.4616,2949513.0369
2024/02/14 06:02:06.00,461347.0818,5632554.5411,2949512.8911
2024/02/14 06:02:07.00,461347.2402,5632554.6114,2949512.7524
2024/02/14 06:02:08.00,461347.4902,5632554.6779,2949512.4912
2024/02/14 06:02:09.00,461347.936,5632554.9155,2949512.1341
2024/02/14 06:02:10.00,461348.054,5632551.8892,2949510.8484
2024/02/14 06:02:11.00,461349.0423,5632558.3967,2949512.1773
2024/02/14 06:02:12.00,461353.3191,5632563.8139,2949514.6078
2024/02/14 06:02:13.00,461349.9495,5632559.6477,2949513.3848
2024/02/14 06:02:14.00,461349.9554,5632559.6474,2949513.3777
2024/02/14 06:02:15.00,461349.1232,5632558.4277,2949512.0817
2024/02/14 06:02:16.00,461349.119,5632555.4109,2949510.9799
2024/02/14 06:02:17.00,461349.5458,5632555.5805,2949510.4677
2024/02/14 06:02:18.00,461349.9616,5632555.7686,2949510.0535
2024/02/14 06:02:19.00,461350.3021,5632555.9103,2949509.716
2024/02/14 06:02:20.00,461350.4653,5632555.9903,2949509.5574
2024/02/14 06:02:21.00,461350.4595,5632555.975,2949509.5495
2024/02/14 06:02:22.00,461350.4598,5632555.9748,2949509.5514
2024/02/14 06:02:23.00,461350.4584,5632555.9721,2949509.5495
2024/02/14 06:02:24.00,461350.4588,5632555.9711,2949509.5491
2024/02/14 06:02:25.00,461350.4585,5632555.9765,2949509.5502
2024/02/14 06:02:26.00,461350.4597,5632555.9769,2949509.5519
2024/02/14 06:02:27.00,461350.4645,5632555.9886,2949509.5587
2024/02/14 06:02:28.00,461350.459,5632555.9728,2949509.5503
2024/02/14 06:02:29.00,461350.4611,5632555.9712,2949509.5503
2024/02/14 06:02:30.00,461350.4618,5632555.9715,2949509.5488
2024/02/14 06:02:31.00,461350.4629,5632555.9751,2949509.5473
2024/02/14 06:02:32.00,461350.4851,5632555.9823,2949509.5231
2024/02/14 06:02:33.00,461350.6344,5632556.0487,2949509.3615
2024/02/14 06:02:34.00,461351.12,5632556.2748,2949508.8783
2024/02/14 06:02:35.00,461352.0844,5632556.6668,2949507.8857
2024/02/14 06:02:36.00,461353.3594,5632557.1976,2949506.6366
2024/02/14 06:02:37.00,461354.8111,5632557.7396,2949505.4303
2024/02/14 06:02:38.00,461356.0663,5632558.2485,2949504.1758
2024/02/14 06:02:39.00,461357.1515,5632558.7256,2949503.0556
2024/02/14 06:02:40.00,461358.211,5632559.1547,2949502.1248
2024/02/14 06:02:41.00,461358.9603,5632559.4851,2949501.3783
2024/02/14 06:02:42.00,461359.4837,5632559.7252,2949500.826
2024/02/14 06:02:43.00,461359.8372,5632559.9012,2949500.3438
2024/02/14 06:02:44.00,461359.8612,5632556.9394,2949499.1955
2024/02/14 06:02:45.00,461360.5733,5632560.308,2949499.5634
2024/02/14 06:02:46.00,461361.0027,5632560.4974,2949499.1181
2024/02/14 06:02:47.00,461361.4427,5632560.6718,2949498.6354
2024/02/14 06:02:48.00,461361.878,5632560.8691,2949498.167
2024/02/14 06:02:49.00,461362.3394,5632561.0805,2949497.6832
2024/02/14 06:02:50.00,461362.8237,5632561.3202,2949497.1597
2024/02/14 06:02:51.00,461363.2689,5632561.541,2949496.634
2024/02/14 06:02:52.00,461363.6707,5632561.7396,2949496.1609
2024/02/14 06:02:53.00,461364.2065,5632562.0425,2949495.5598
2024/02/14 06:02:54.00,461365.1901,5632562.4886,2949494.4968
2024/02/14 06:02:55.00,461366.6121,5632563.1206,2949493.0241
2024/02/14 06:02:56.00,461368.3008,5632563.8372,2949491.2912
2024/02/14 06:02:57.00,461370.1884,5632564.5917,2949489.5399
2024/02/14 06:02:58.00,461371.9082,5632565.2771,2949487.9369
2024/02/14 06:02:59.00,461373.5423,5632565.878,2949486.4947
2024/02/14 06:03:00.00,461375.4418,5632566.3813,2949485.5937
2024/02/14 06:03:01.00,461376.8239,5632567.2154,2949483.3894
2024/02/14 06:03:02.00,461378.3161,5632567.8504,2949481.9628
2024/02/14 06:03:03.00,461379.9755,5632568.5693,2949480.3395
2024/02/14 06:03:04.00,461381.8373,5632569.4028,2949478.4222
2024/02/14 06:03:05.00,461383.8504,5632570.2999,2949476.4072
2024/02/14 06:03:06.00,461385.7931,5632571.1849,2949474.3886
2024/02/14 06:03:07.00,461387.7304,5632572.1195,2949472.3719
2024/02/14 06:03:08.00,461389.8788,5632573.1549,2949469.9554
2024/02/14 06:03:09.00,461392.4252,5632574.3309,2949467.2821
2024/02/14 06:03:10.00,461395.2702,5632575.6363,2949464.3231
2024/02/14 06:03:11.00,461398.3229,5632577.0029,2949461.1851
2024/02/14 06:03:12.00,461401.4813,5632578.358,2949458.0257
2024/02/14 06:03:13.00,461404.6474,5632579.7573,2949454.9347
2024/02/14 06:03:14.00,461408.0046,5632581.2375,2949451.6247
2024/02/14 06:03:15.00,461411.619,5632582.7813,2949448.0997
2024/02/14 06:03:16.00,461415.2497,5632584.3415,2949444.4777
2024/02/14 06:03:17.00,461418.8462,5632585.8997,2949440.9101
2024/02/14 06:03:18.00,461422.42,5632587.4781,2949437.2847
2024/02/14 06:03:19.00,461426.1087,5632589.1771,2949433.4548
2024/02/14 06:03:20.00,461429.8767,5632590.9517,2949429.3902
2024/02/14 06:03:21.00,461433.9336,5632592.7463,2949425.2455
2024/02/14 06:03:22.00,461438.2648,5632594.6064,2949420.9359
2024/02/14 06:03:23.00,461442.9298,5632596.5457,2949416.4691
2024/02/14 06:03:24.00,461447.8411,5632598.532,2949411.8797
2024/02/14 06:03:25.00,461452.8986,5632600.5739,2949407.1309
2024/02/14 06:03:26.00,461458.1029,5632602.69,2949402.246
2024/02/14 06:03:27.00,461463.433,5632604.8422,2949397.2185
2024/02/14 06:03:28.00,461468.8181,5632606.995,2949392.2189
2024/02/14 06:03:29.00,461473.9775,5632609.1115,2949387.3641
2024/02/14 06:03:30.00,461478.9243,5632611.1175,2949382.5987
2024/02/14 06:03:31.00,461483.5725,5632613.0684,2949377.8964
2024/02/14 06:03:32.00,461487.8089,5632615.0938,2949373.0967
2024/02/14 06:03:33.00,461491.2485,5632617.3028,2949367.991
2024/02/14 06:03:34.00,461493.7331,5632619.7262,2949362.5551
2024/02/14 06:03:35.00,461495.702,5632622.4463,2949356.7192
2024/02/14 06:03:36.00,461497.4789,5632625.4204,2949350.4246
2024/02/14 06:03:37.00,461499.2344,5632628.5694,2949343.7591
2024/02/14 06:03:38.00,461500.9519,5632632.0556,2949336.9755
2024/02/14 06:03:39.00,461503.6546,5632639.7363,2949331.2167
2024/02/14 06:03:40.00,461504.0268,5632638.9857,2949322.6896
2024/02/14 06:03:41.00,461505.3236,5632645.1389,2949316.226
2024/02/14 06:03:42.00,461507.6476,5632646.5941,2949306.8111
2024/02/14 06:03:43.00,461509.7247,5632650.6995,2949298.4102
2024/02/14 06:03:44.00,461511.8054,5632654.9554,2949289.7812
2024/02/14 06:03:45.00,461513.8824,5632659.3897,2949281.0182
2024/02/14 06:03:46.00,461515.1706,5632663.2374,2949271.7448
2024/02/14 06:03:47.00,461517.8271,5632667.9154,2949262.914
2024/02/14 06:03:48.00,461519.9484,5632673.3098,2949254.0796
2024/02/14 06:03:49.00,461522.7401,5632677.1425,2949245.1351
2024/02/14 06:03:51.00,461530.7276,5632689.5437,2949229.5704
2024/02/14 06:03:55.00,461539.0415,5632708.0212,2949194.62
2024/02/14 06:03:56.00,461543.3935,5632715.0114,2949187.2016
2024/02/14 06:03:57.00,461546.1371,5632720.3254,2949179.2679
2024/02/14 06:03:59.00,461542.3739,5632722.1972,2949160.4844
2024/02/14 06:04:00.00,461546.0192,5632725.6347,2949151.6372
2024/02/14 06:04:01.00,461546.7824,5632727.3311,2949142.8882
2024/02/14 06:04:02.00,461547.3638,5632729.9069,2949135.1045
2024/02/14 06:04:03.00,461550.1545,5632735.0792,2949127.3716
2024/02/14 06:04:04.00,461551.6137,5632738.4518,2949119.6343
2024/02/14 06:04:05.00,461553.2432,5632744.6188,2949114.093
2024/02/14 06:04:06.00,461554.2148,5632744.6136,2949108.2279
2024/02/14 06:04:07.00,461555.4156,5632747.467,2949102.5081
2024/02/14 06:04:08.00,461556.545,5632749.992,2949097.5534
2024/02/14 06:04:09.00,461557.5551,5632751.7621,2949092.609
2024/02/14 06:04:10.00,461558.1604,5632753.4463,2949090.6955
2024/02/14 06:04:11.00,461558.5173,5632754.3344,2949088.9934
2024/02/14 06:04:12.00,461558.7729,5632757.9166,2949089.0844
2024/02/14 06:04:13.00,461558.9937,5632755.5368,2949086.514
2024/02/14 06:04:14.00,461559.0737,5632755.7275,2949086.1538
2024/02/14 06:04:15.00,461559.0712,5632755.7137,2949086.1529
2024/02/14 06:04:16.00,461559.0712,5632755.7179,2949086.156
2024/02/14 06:04:17.00,461559.0706,5632755.7119,2949086.1513
2024/02/14 06:04:18.00,461559.0699,5632755.7178,2949086.1539
2024/02/14 06:04:19.00,461559.0716,5632755.7154,2949086.1522
2024/02/14 06:04:20.00,461559.0686,5632755.724,2949086.1559
2024/02/14 06:04:21.00,461559.0701,5632755.7106,2949086.1523
2024/02/14 06:04:22.00,461559.0701,5632755.7138,2949086.1519
2024/02/14 06:04:23.00,461559.0673,5632755.7214,2949086.1547
2024/02/14 06:04:24.00,461559.0684,5632755.7191,2949086.155
2024/02/14 06:04:25.00,461559.0666,5632755.721,2949086.1542
2024/02/14 06:04:26.00,461559.0673,5632755.7175,2949086.1531
2024/02/14 06:04:27.00,461559.0671,5632755.7225,2949086.155
2024/02/14 06:04:28.00,461559.0677,5632755.7246,2949086.1544
2024/02/14 06:04:29.00,461559.0664,5632755.7228,2949086.1533
2024/02/14 06:04:30.00,461559.0672,5632755.7179,2949086.1525
2024/02/14 06:04:31.00,461559.0677,5632755.7172,2949086.1525
2024/02/14 06:04:32.00,461559.0664,5632755.7208,2949086.1545
2024/02/14 06:04:33.00,461559.0671,5632755.7202,2949086.1539
2024/02/14 06:04:34.00,461559.067,5632755.724,2949086.1543
2024/02/14 06:04:35.00,461559.0667,5632755.724,2949086.1559
2024/02/14 06:04:36.00,461559.0683,5632755.7227,2949086.1546
2024/02/14 06:04:37.00,461559.0681,5632755.7306,2949086.1576
2024/02/14 06:04:38.00,461559.0668,5632755.723,2949086.1553
2024/02/14 06:04:39.00,461559.0666,5632755.7289,2949086.1576
2024/02/14 06:04:40.00,461559.0675,5632755.7288,2949086.1573
2024/02/14 06:04:41.00,461559.0677,5632755.7332,2949086.1592
2024/02/14 06:04:42.00,461559.2366,5632758.4486,2949088.3149
2024/02/14 06:04:43.00,461559.2374,5632758.4517,2949088.3177
2024/02/14 06:04:44.00,461559.237,5632758.4533,2949088.3153
2024/02/14 06:04:45.00,461559.237,5632758.453,2949088.316
2024/02/14 06:04:46.00,461559.0707,5632755.7389,2949086.1603
2024/02/14 06:04:47.00,461559.238,5632758.4564,2949088.3179
2024/02/14 06:04:48.00,461559.2382,5632758.4608,2949088.3194
2024/02/14 06:04:49.00,461559.0699,5632755.7369,2949086.16
2024/02/14 06:04:50.00,461559.0687,5632755.7296,2949086.1571
2024/02/14 06:04:51.00,461559.0696,5632755.7425,2949086.1626
2024/02/14 06:04:52.00,461559.0712,5632755.7368,2949086.1614
2024/02/14 06:04:53.00,461559.0696,5632755.739,2949086.1599
2024/02/14 06:04:54.00,461559.0702,5632755.742,2949086.1634
2024/02/14 06:04:55.00,461559.2319,5632758.4822,2949088.3258
2024/02/14 06:04:56.00,461559.0707,5632755.7416,2949086.1624
2024/02/14 06:04:57.00,461559.0704,5632755.7437,2949086.1625
2024/02/14 06:04:58.00,461559.0724,5632755.7411,2949086.163
2024/02/14 06:04:59.00,461559.0703,5632755.746,2949086.1634
2024/02/14 06:05:00.00,461559.0698,5632755.7336,2949086.1577
2024/02/14 06:05:01.00,461559.232,5632758.4861,2949088.3252
2024/02/14 06:05:02.00,461559.0721,5632755.7478,2949086.1652
2024/02/14 06:05:03.00,461559.6448,5632763.3876,2949087.7985
2024/02/14 06:05:04.00,461559.644,5632763.3853,2949087.7978
2024/02/14 06:05:05.00,461557.8231,5632761.5263,2949088.5716
2024/02/14 06:05:06.00,461559.2391,5632758.4726,2949088.3229
2024/02/14 06:05:07.00,461559.236,5632758.4746,2949088.323
2024/02/14 06:05:08.00,461559.0734,5632755.7457,2949086.1638
2024/02/14 06:05:09.00,461559.6494,5632763.3916,2949087.8044
2024/02/14 06:05:10.00,461559.0744,5632755.7393,2949086.163
2024/02/14 06:05:11.00,461559.0731,5632755.7317,2949086.1582
2024/02/14 06:05:12.00,461559.0696,5632755.7384,2949086.1588
2024/02/14 06:05:13.00,461559.0701,5632755.7352,2949086.157
2024/02/14 06:05:14.00,461559.0714,5632755.7362,2949086.1582
2024/02/14 06:05:15.00,461559.0704,5632755.7342,2949086.1573
2024/02/14 06:05:16.00,461559.0717,5632755.7327,2949086.1563
2024/02/14 06:05:17.00,461559.0711,5632755.723,2949086.154
2024/02/14 06:05:18.00,461559.069,5632755.7285,2949086.1545
2024/02/14 06:05:19.00,461559.072,5632755.7328,2949086.1563
2024/02/14 06:05:20.00,461559.0747,5632755.7284,2949086.1549
2024/02/14 06:05:21.00,461559.0718,5632755.7201,2949086.1521
2024/02/14 06:05:22.00,461559.0715,5632755.7213,2949086.1523
2024/02/14 06:05:23.00,461559.071,5632755.7207,2949086.1513
2024/02/14 06:05:24.00,461559.0717,5632755.723,2949086.1532
2024/02/14 06:05:25.00,461559.0711,5632755.7213,2949086.1522
2024/02/14 06:05:26.00,461559.071,5632755.7211,2949086.1527
2024/02/14 06:05:27.00,461559.0728,5632755.714,2949086.1514
2024/02/14 06:05:28.00,461559.0708,5632755.7168,2949086.1511
2024/02/14 06:05:29.00,461559.0712,5632755.7146,2949086.1498
2024/02/14 06:05:30.00,461559.0718,5632755.7138,2949086.1507
2024/02/14 06:05:33.00,461559.072,5632755.712,2949086.1509
2024/02/14 06:05:34.00,461559.0715,5632755.7101,2949086.1504
2024/02/14 06:05:35.00,461559.0717,5632755.7129,2949086.1501
2024/02/14 06:05:36.00,461559.0694,5632755.7155,2949086.1492
2024/02/14 06:05:37.00,461559.0701,5632755.7123,2949086.151
2024/02/14 06:05:38.00,461559.0726,5632755.7061,2949086.1481
2024/02/14 06:05:39.00,461559.0716,5632755.7099,2949086.1495
2024/02/14 06:05:40.00,461559.0714,5632755.7081,2949086.1473
2024/02/14 06:05:41.00,461559.0723,5632755.7052,2949086.1477
2024/02/14 06:05:42.00,461556.9057,5632762.301,2949085.9853
2024/02/14 06:05:43.00,461559.0715,5632755.7078,2949086.1487
2024/02/14 06:05:44.00,461556.8994,5632762.3,2949085.9826
2024/02/14 06:05:45.00,461556.9085,5632762.3133,2949085.9497
2024/02/14 06:05:46.00,461559.1336,5632755.8683,2949085.8386
2024/02/14 06:05:47.00,461556.8964,5632760.1253,2949085.1227
2024/02/14 06:05:48.00,461559.5774,5632757.012,2949083.5922
2024/02/14 06:05:49.00,461560.0769,5632761.0565,2949083.4478
2024/02/14 06:05:50.00,461560.327,5632758.8574,2949079.9202
2024/02/14 06:05:51.00,461561.0193,5632759.871,2949078.3384
2024/02/14 06:05:52.00,461561.3792,5632761.192,2949075.2222
2024/02/14 06:05:53.00,461561.913,5632762.4155,2949072.7766
2024/02/14 06:05:54.00,461562.7092,5632763.6018,2949070.838
2024/02/14 06:05:55.00,461563.4001,5632765.0895,2949067.8198
2024/02/14 06:05:56.00,461563.896,5632766.712,2949064.1354
2024/02/14 06:05:57.00,461564.2097,5632768.1981,2949060.5356
2024/02/14 06:05:58.00,461565.1684,5632769.1776,2949059.7851
2024/02/14 06:05:59.00,461565.662,5632770.5694,2949057.0459
2024/02/14 06:06:00.00,461565.9787,5632772.3174,2949053.0684
2024/02/14 06:06:01.00,461566.4763,5632773.9767,2949049.7782
2024/02/14 06:06:02.00,461567.0231,5632775.6114,2949046.4851
2024/02/14 06:06:03.00,461567.6282,5632777.2787,2949043.104
2024/02/14 06:06:04.00,461568.4134,5632779.2218,2949039.357
2024/02/14 06:06:05.00,461569.4757,5632781.3425,2949035.1757
2024/02/14 06:06:06.00,461570.7991,5632783.5847,2949030.6928
2024/02/14 06:06:07.00,461572.3536,5632785.9653,2949025.9634
2024/02/14 06:06:08.00,461573.9605,5632788.4175,2949020.9967
2024/02/14 06:06:09.00,461575.4258,5632791.0112,2949015.8719
2024/02/14 06:06:10.00,461577.038,5632796.9256,2949011.8407
2024/02/14 06:06:11.00,461577.6494,5632795.246,2949003.3052
2024/02/14 06:06:12.00,461579.1359,5632798.2649,2948997.2282
2024/02/14 06:06:13.00,461580.6558,5632801.3529,2948991.0484
2024/02/14 06:06:14.00,461583.8856,5632802.1329,2948985.4281
2024/02/14 06:06:15.00,461584.8719,5632808.8693,2948980.297
2024/02/14 06:06:16.00,461586.1997,5632812.1611,2948973.2172
2024/02/14 06:06:17.00,461588.7201,5632816.7391,2948967.301
2024/02/14 06:06:18.00,461589.1166,5632818.4713,2948960.3671
2024/02/14 06:06:19.00,461590.6055,5632821.6431,2948953.977
2024/02/14 06:06:20.00,461592.0316,5632824.678,2948947.6533
2024/02/14 06:06:21.00,461593.4804,5632827.7959,2948941.2892
2024/02/14 06:06:22.00,461594.8325,5632830.9893,2948934.8315
2024/02/14 06:06:23.00,461596.2188,5632834.2277,2948928.272
2024/02/14 06:06:24.00,461597.6049,5632837.5164,2948921.6963
2024/02/14 06:06:25.00,461598.9768,5632840.8037,2948915.0761
2024/02/14 06:06:26.00,461600.3736,5632844.0595,2948908.4606
2024/02/14 06:06:27.00,461601.9229,5632847.2905,2948901.9152
2024/02/14 06:06:28.00,461603.3122,5632850.5024,2948895.4068
2024/02/14 06:06:29.00,461604.6384,5632853.5339,2948889.0919
2024/02/14 06:06:30.00,461605.8634,5632856.3996,2948883.2602
2024/02/14 06:06:31.00,461606.996,5632859.2036,2948877.5551
2024/02/14 06:06:32.00,461608.0818,5632861.9495,2948872.0282
2024/02/14 06:06:33.00,461609.3034,5632864.6626,2948866.5915
2024/02/14 06:06:34.00,461610.5559,5632867.4584,2948861.0344
2024/02/14 06:06:35.00,461611.7195,5632870.2666,2948855.3261
2024/02/14 06:06:36.00,461612.8218,5632873.1803,2948849.3756
2024/02/14 06:06:37.00,461613.9642,5632876.2318,2948843.2002
2024/02/14 06:06:38.00,461615.1933,5632879.3564,2948836.7598
2024/02/14 06:06:39.00,461616.5742,5632882.6458,2948830.1374
2024/02/14 06:06:40.00,461617.9408,5632885.9822,2948823.2815
2024/02/14 06:06:41.00,461619.2495,5632889.4023,2948816.2543
2024/02/14 06:06:42.00,461620.6077,5632892.8776,2948809.2198
2024/02/14 06:06:43.00,461621.9508,5632896.3812,2948802.1164
2024/02/14 06:06:44.00,461623.3476,5632899.87,2948795.0625
2024/02/14 06:06:45.00,461625.6574,5632904.557,2948788.2937
2024/02/14 06:06:46.00,461626.2724,5632907.1374,2948780.4549
2024/02/14 06:06:47.00,461627.8818,5632910.9592,2948772.8104
2024/02/14 06:06:48.00,461631.4295,5632915.4543,2948766.4815
2024/02/14 06:06:49.00,461631.3415,5632918.9322,2948757.2527
2024/02/14 06:06:50.00,461633.0171,5632922.856,2948749.5008
2024/02/14 06:06:51.00,461634.6397,5632926.7089,2948741.9783
2024/02/14 06:06:52.00,461637.1532,5632931.8932,2948735.1618
2024/02/14 06:06:53.00,461637.4284,5632934.1074,2948727.4434
2024/02/14 06:06:55.00,461640.315,5632941.129,2948713.6829
2024/02/14 06:06:57.00,461642.8147,5632947.7894,2948700.5792
2024/02/14 06:06:58.00,461645.9562,5632951.4301,2948694.5088
2024/02/14 06:06:59.00,461647.2438,5632955.1109,2948688.7357
2024/02/14 06:07:00.00,461648.9048,5632963.7207,2948683.0069
2024/02/14 06:07:01.00,461648.2167,5632961.7387,2948673.3122
2024/02/14 06:07:02.00,461650.5916,5632966.0346,2948667.9703
2024/02/14 06:07:03.00,461651.8767,5632969.2711,2948661.5991
2024/02/14 06:07:04.00,461654.1522,5632972.0185,2948656.1686
2024/02/14 06:07:05.00,461654.498,5632975.9282,2948648.4581
2024/02/14 06:07:06.00,461652.6713,5632975.1185,2948639.4962
2024/02/14 06:07:07.00,461655.8649,5632981.2859,2948634.582
2024/02/14 06:07:08.00,461657.2168,5632984.7471,2948627.7833
2024/02/14 06:07:09.00,461659.7298,5632989.7855,2948621.2531
2024/02/14 06:07:10.00,461660.0851,5632992.0529,2948613.411
2024/02/14 06:07:11.00,461661.5091,5632995.8156,2948606.0897
2024/02/14 06:07:12.00,461663.0712,5632999.5107,2948598.8431
2024/02/14 06:07:13.00,461664.3983,5633003.1148,2948591.8048
2024/02/14 06:07:14.00,461665.7695,5633006.6627,2948584.997
2024/02/14 06:07:15.00,461667.0596,5633010.0452,2948578.3604
2024/02/14 06:07:16.00,461669.2448,5633014.664,2948572.6431
2024/02/14 06:07:17.00,461668.6247,5633016.1953,2948566.4964
2024/02/14 06:07:18.00,461668.0355,5633018.6528,2948561.8984
2024/02/14 06:07:19.00,461667.246,5633019.7004,2948558.1103
2024/02/14 06:07:22.00,461658.2988,5633025.4194,2948551.3527
2024/02/14 06:07:23.00,461655.9755,5633025.9287,2948550.7142
2024/02/14 06:07:24.00,461653.8279,5633025.75,2948550.9115
2024/02/14 06:07:25.00,461651.6698,5633026.0983,2948550.6291
2024/02/14 06:07:26.00,461649.151,5633026.4237,2948550.3789
2024/02/14 06:07:27.00,461646.3719,5633026.703,2948550.272
2024/02/14 06:07:28.00,461643.3624,5633026.9475,2948550.2287
2024/02/14 06:07:29.00,461640.0966,5633027.1728,2948550.2396
2024/02/14 06:07:30.00,461636.6595,5633027.3927,2948550.3088
2024/02/14 06:07:31.00,461632.8436,5633027.5786,2948550.5577
2024/02/14 06:07:32.00,461628.619,5633027.754,2948550.9873
2024/02/14 06:07:33.00,461623.9936,5633027.7785,2948551.6395
2024/02/14 06:07:34.00,461618.9214,5633027.6744,2948552.5321
2024/02/14 06:07:35.00,461613.339,5633027.545,2948553.6351
2024/02/14 06:07:36.00,461607.2328,5633027.3621,2948554.8681
2024/02/14 06:07:37.00,461601.0961,5633027.1808,2948556.1612
2024/02/14 06:07:38.00,461594.9752,5633026.9075,2948557.499
2024/02/14 06:07:39.00,461588.7137,5633026.6311,2948558.9221
2024/02/14 06:07:40.00,461581.3996,5633024.8509,2948559.3407
2024/02/14 06:07:43.00,461559.6426,5633024.8076,2948567.0915
2024/02/14 06:07:44.00,461552.4568,5633023.3394,2948568.0923
2024/02/14 06:07:45.00,461544.4607,5633022.8997,2948570.7452
2024/02/14 06:07:46.00,461537.0066,5633026.1737,2948573.3325
2024/02/14 06:07:47.00,461527.5569,5633021.4944,2948575.9069
2024/02/14 06:07:48.00,461519.6397,5633021.4599,2948577.3142
2024/02/14 06:07:49.00,461510.3391,5633019.2622,2948581.1781
2024/02/14 06:07:50.00,461502.424,5633019.4803,2948585.4493
2024/02/14 06:07:51.00,461493.5581,5633018.503,2948588.7305
2024/02/14 06:07:52.00,461484.7818,5633017.5727,2948591.9749
2024/02/14 06:07:53.00,461476.1727,5633016.7032,2948595.0194
2024/02/14 06:07:54.00,461467.8368,5633015.9069,2948597.8302
2024/02/14 06:07:55.00,461460.2703,5633015.3133,2948600.2443
2024/02/14 06:07:56.00,461453.4181,5633015.0136,2948601.8115
2024/02/14 06:07:57.00,461446.7786,5633015.3239,2948602.141
2024/02/14 06:07:58.00,461440.4953,5633016.4716,2948600.8914
2024/02/14 06:07:59.00,461434.9549,5633018.9541,2948597.5525
2024/02/14 06:08:00.00,461432.0583,5633021.9976,2948593.6237
2024/02/14 06:08:01.00,461430.3048,5633025.4281,2948589.1571
2024/02/14 06:08:02.00,461428.858,5633026.7054,2948582.9635
2024/02/14 06:08:03.00,461429.6567,5633029.7734,2948577.053
2024/02/14 06:08:04.00,461431.2486,5633032.7754,2948570.9622
2024/02/14 06:08:05.00,461433.187,5633035.8637,2948564.6328
2024/02/14 06:08:06.00,461435.724,5633041.6896,2948558.5356
2024/02/14 06:08:07.00,461437.8651,5633044.9724,2948550.768
2024/02/14 06:08:08.00,461439.7829,5633046.3101,2948543.4378
2024/02/14 06:08:09.00,461440.7878,5633055.4241,2948536.022
2024/02/14 06:08:10.00,461445.3501,5633053.958,2948527.2157
2024/02/14 06:08:15.00,461458.9915,5633078.9504,2948482.4295
2024/02/14 06:08:16.00,461460.6584,5633083.5101,2948474.1095
2024/02/14 06:08:18.00,461469.1319,5633085.3231,2948459.7478
2024/02/14 06:08:19.00,461469.0348,5633091.0249,2948452.7495
2024/02/14 06:08:20.00,461471.2939,5633094.2796,2948446.1468
2024/02/14 06:08:21.00,461473.5921,5633097.6217,2948439.3543
2024/02/14 06:08:22.00,461477.0343,5633102.4871,2948432.9334
2024/02/14 06:08:25.00,461482.5677,5633112.6893,2948410.1707
2024/02/14 06:08:29.00,461493.7995,5633130.3933,2948378.3891
2024/02/14 06:08:30.00,461494.8423,5633133.8639,2948369.4224
2024/02/14 06:08:31.00,461499.4763,5633135.1418,2948361.0153
2024/02/14 06:08:32.00,461501.2072,5633140.3225,2948352.6771
2024/02/14 06:08:33.00,461503.7189,5633144.3525,2948344.508
2024/02/14 06:08:34.00,461506.3785,5633148.3053,2948336.5504
2024/02/14 06:08:35.00,461508.396,5633155.8583,2948328.5473
2024/02/14 06:08:36.00,461512.6261,5633157.2931,2948321.9837
2024/02/14 06:08:37.00,461514.7273,5633160.5658,2948315.3661
2024/02/14 06:08:38.00,461515.5339,5633162.0887,2948308.772
2024/02/14 06:08:40.00,461520.5203,5633170.2144,2948297.5256
2024/02/14 06:08:41.00,461521.0639,5633171.1585,2948291.8123
2024/02/14 06:08:42.00,461522.5037,5633169.9812,2948284.7182
2024/02/14 06:08:43.00,461524.1392,5633174.7324,2948282.6014
2024/02/14 06:08:44.00,461524.9973,5633176.8339,2948278.3194
2024/02/14 06:08:47.00,461525.8544,5633184.7576,2948265.9924
2024/02/14 06:08:48.00,461526.938,5633185.2685,2948261.7961
2024/02/14 06:08:49.00,461526.0451,5633187.0852,2948258.1137
2024/02/14 06:08:50.00,461525.9346,5633189.1641,2948254.1367
2024/02/14 06:08:51.00,461525.8238,5633191.3713,2948249.885
2024/02/14 06:08:52.00,461525.7621,5633193.7252,2948245.3896
2024/02/14 06:08:53.00,461525.736,5633196.182,2948240.5778
2024/02/14 06:08:54.00,461525.6302,5633198.802,2948235.5184
2024/02/14 06:08:55.00,461525.4218,5633201.5842,2948230.17
2024/02/14 06:08:56.00,461525.2316,5633204.5458,2948224.5186
2024/02/14 06:08:57.00,461525.0462,5633207.6562,2948218.5907
2024/02/14 06:08:58.00,461524.2801,5633209.2726,2948211.2555
2024/02/14 06:09:00.00,461524.0506,5633216.0122,2948198.2072
2024/02/14 06:09:01.00,461524.4458,5633221.263,2948192.5788
2024/02/14 06:09:02.00,461524.1877,5633224.6795,2948185.9514
2024/02/14 06:09:03.00,461523.9643,5633228.0796,2948179.4909
2024/02/14 06:09:04.00,461523.7121,5633229.2655,2948172.9657
2024/02/14 06:09:05.00,461523.2446,5633232.2033,2948166.233
2024/02/14 06:09:06.00,461523.4343,5633238.2192,2948160.2336
2024/02/14 06:09:07.00,461523.2964,5633241.6284,2948153.7388
2024/02/14 06:09:08.00,461523.1874,5633245.0952,2948147.142
2024/02/14 06:09:09.00,461523.0896,5633248.6805,2948140.3138
2024/02/14 06:09:10.00,461522.9733,5633252.3854,2948133.3088
2024/02/14 06:09:11.00,461522.9071,5633256.2012,2948126.0994
2024/02/14 06:09:12.00,461522.7482,5633260.0303,2948118.8394
2024/02/14 06:09:13.00,461522.5379,5633263.9184,2948111.5057
2024/02/14 06:09:15.00,461522.5976,5633268.9905,2948095.095
2024/02/14 06:09:16.00,461521.7524,5633274.0402,2948087.2494
2024/02/14 06:09:17.00,461521.4857,5633279.366,2948079.8387
2024/02/14 06:09:18.00,461520.635,5633284.46,2948071.5218
2024/02/14 06:09:19.00,461520.8135,5633289.5248,2948063.3003
2024/02/14 06:09:20.00,461520.5407,5633293.8297,2948055.2299
2024/02/14 06:09:21.00,461520.41,5633298.0311,2948047.2149
2024/02/14 06:09:22.00,461520.5083,5633299.9191,2948038.7262
2024/02/14 06:09:23.00,461520.4258,5633306.6646,2948030.8284
2024/02/14 06:09:24.00,461520.3033,5633311.1259,2948022.4055
2024/02/14 06:09:25.00,461520.123,5633315.6692,2948013.8177
2024/02/14 06:09:26.00,461519.9118,5633320.2808,2948005.1003
2024/02/14 06:09:27.00,461519.8108,5633324.9471,2947996.2573
2024/02/14 06:09:28.00,461519.6533,5633329.6415,2947987.3014
2024/02/14 06:09:29.00,461519.4846,5633334.3848,2947978.3316
2024/02/14 06:09:30.00,461519.3026,5633339.0627,2947969.4942
2024/02/14 06:09:31.00,461519.1022,5633343.6255,2947960.8493
2024/02/14 06:09:32.00,461518.8654,5633348.0984,2947952.4193
2024/02/14 06:09:33.00,461518.6776,5633352.4792,2947944.1916
2024/02/14 06:09:34.00,461518.5415,5633356.7311,2947936.1207
2024/02/14 06:09:35.00,461518.5399,5633360.8007,2947928.3302
2024/02/14 06:09:36.00,461518.5675,5633364.6534,2947921.0768
2024/02/14 06:09:37.00,461518.5237,5633368.4071,2947913.9969
2024/02/14 06:09:38.00,461518.4178,5633372.1201,2947906.9428
2024/02/14 06:09:39.00,461518.273,5633375.8614,2947899.8613
2024/02/14 06:09:40.00,461518.0848,5633379.5637,2947892.8323
2024/02/14 06:09:41.00,461517.8197,5633383.2048,2947885.9686
2024/02/14 06:09:42.00,461517.5802,5633386.8703,2947879.0395
2024/02/14 06:09:43.00,461517.3438,5633390.6234,2947871.973
2024/02/14 06:09:44.00,461517.2241,5633394.3672,2947864.9197
2024/02/14 06:09:45.00,461517.187,5633397.9906,2947857.9964
2024/02/14 06:09:46.00,461517.1969,5633401.5414,2947851.196
2024/02/14 06:09:47.00,461517.1855,5633405.1215,2947844.4207
2024/02/14 06:09:48.00,461517.0709,5633408.725,2947837.6116
2024/02/14 06:09:49.00,461516.8571,5633412.3108,2947830.8859
2024/02/14 06:09:50.00,461516.5891,5633415.7962,2947824.3623
2024/02/14 06:09:51.00,461516.3288,5633419.2205,2947817.9799
2024/02/14 06:09:52.00,461516.1216,5633422.6839,2947811.4513
2024/02/14 06:09:53.00,461516.0117,5633426.2636,2947804.7624
2024/02/14 06:09:54.00,461515.8604,5633429.8381,2947798.1134
2024/02/14 06:09:55.00,461515.6719,5633433.2908,2947791.6585
2024/02/14 06:09:56.00,461515.4754,5633436.7353,2947785.2459
2024/02/14 06:09:57.00,461515.2591,5633440.2279,2947778.7526
2024/02/14 06:09:58.00,461515.0693,5633443.7535,2947772.1522
2024/02/14 06:09:59.00,461514.9646,5633444.9932,2947764.2907
2024/02/14 06:10:00.00,461514.8206,5633451.2477,2947759.2231
2024/02/14 06:10:01.00,461514.6981,5633454.7336,2947751.6399
2024/02/14 06:10:02.00,461514.5593,5633458.382,2947744.7513
2024/02/14 06:10:03.00,461513.9907,5633462.7044,2947737.8303
2024/02/14 06:10:04.00,461513.9,5633466.3327,2947730.9379
2024/02/14 06:10:05.00,461514.175,5633469.2942,2947724.1463
2024/02/14 06:10:06.00,461513.7115,5633473.2244,2947717.4386
2024/02/14 06:10:07.00,461513.8183,5633474.0651,2947710.4238
2024/02/14 06:10:08.00,461512.2932,5633479.6679,2947705.5834
2024/02/14 06:10:09.00,461513.7201,5633480.4906,2947698.0711
2024/02/14 06:10:12.00,461514.0213,5633492.7515,2947681.1411
2024/02/14 06:10:13.00,461516.4245,5633494.6975,2947675.6109
2024/02/14 06:10:14.00,461519.2069,5633496.9989,2947670.8509
2024/02/14 06:10:15.00,461522.4507,5633498.8361,2947666.9803
2024/02/14 06:10:16.00,461525.5735,5633500.3804,2947663.6002
2024/02/14 06:10:17.00,461528.3604,5633504.6124,2947660.4291
2024/02/14 06:10:18.00,461529.8375,5633504.1801,2947654.3835
2024/02/14 06:10:19.00,461533.1231,5633505.3908,2947653.198
2024/02/14 06:10:20.00,461537.4179,5633510.3763,2947650.9574
2024/02/14 06:10:21.00,461540.3973,5633513.1646,2947647.1047
2024/02/14 06:10:23.00,461541.7301,5633516.2232,2947636.3757
2024/02/14 06:10:24.00,461548.0736,5633515.9908,2947633.7662
2024/02/14 06:10:25.00,461553.4033,5633515.2698,2947630.7395
2024/02/14 06:10:26.00,461559.1896,5633515.3617,2947629.6885
2024/02/14 06:10:27.00,461566.2123,5633516.5773,2947630.8498
2024/02/14 06:10:28.00,461571.2116,5633514.2194,2947630.0634
2024/02/14 06:10:29.00,461577.4345,5633513.3869,2947630.7764
2024/02/14 06:10:30.00,461583.8477,5633512.4419,2947631.6143
2024/02/14 06:10:31.00,461590.467,5633511.4622,2947632.531
2024/02/14 06:10:32.00,461597.3087,5633510.4664,2947633.4876
2024/02/14 06:10:33.00,461604.3725,5633509.3807,2947634.5162
2024/02/14 06:10:34.00,461611.6214,5633508.2617,2947635.5943
2024/02/14 06:10:35.00,461618.9726,5633507.1353,2947636.6896
2024/02/14 06:10:36.00,461626.3061,5633506.0911,2947637.6567
2024/02/14 06:10:37.00,461633.5735,5633505.094,2947638.4463
2024/02/14 06:10:38.00,461640.7625,5633504.3838,2947638.7302
2024/02/14 06:10:39.00,461647.8316,5633504.073,2947638.3337
2024/02/14 06:10:40.00,461654.5904,5633504.1543,2947637.3118
2024/02/14 06:10:41.00,461660.9609,5633504.5335,2947635.8396
2024/02/14 06:10:42.00,461667.2886,5633505.1538,2947634.533
2024/02/14 06:10:43.00,461673.2411,5633504.7212,2947633.7767
2024/02/14 06:10:44.00,461679.3013,5633503.982,2947634.2689
2024/02/14 06:10:45.00,461684.901,5633502.5699,2947636.1865
2024/02/14 06:10:46.00,461689.8378,5633500.6403,2947639.2209
2024/02/14 06:10:47.00,461694.2417,5633498.4355,2947642.8151
2024/02/14 06:10:48.00,461698.2909,5633496.2608,2947646.3956
2024/02/14 06:10:49.00,461702.5533,5633494.274,2947649.5497
2024/02/14 06:10:50.00,461707.2356,5633492.495,2947652.3383
2024/02/14 06:10:51.00,461712.3745,5633490.9088,2947654.7451
2024/02/14 06:10:52.00,461717.9392,5633489.4651,2947656.7391
2024/02/14 06:10:53.00,461723.8517,5633488.1265,2947658.4544
2024/02/14 06:10:54.00,461730.1258,5633486.9087,2947659.9061
2024/02/14 06:10:55.00,461736.7446,5633485.798,2947661.1397
2024/02/14 06:10:56.00,461743.6093,5633484.6679,2947662.3509
2024/02/14 06:10:57.00,461750.4042,5633483.4794,2947663.6013
2024/02/14 06:10:58.00,461756.9484,5633482.3307,2947664.8521
2024/02/14 06:10:59.00,461763.1841,5633481.2507,2947666.0591
2024/02/14 06:11:00.00,461768.5438,5633480.2967,2947667.1212
2024/02/14 06:11:01.00,461772.9661,5633479.5333,2947667.9794
2024/02/14 06:11:02.00,461777.1448,5633478.7995,2947668.8045
2024/02/14 06:11:03.00,461781.1025,5633478.0711,2947669.6413
2024/02/14 06:11:04.00,461784.4766,5633477.428,2947670.4261
2024/02/14 06:11:05.00,461787.3304,5633476.9026,2947671.0671
2024/02/14 06:11:06.00,461789.7924,5633476.4555,2947671.5694
2024/02/14 06:11:07.00,461791.972,5633476.1162,2947671.9351
2024/02/14 06:11:08.00,461794.3661,5633475.7916,2947672.2116
2024/02/14 06:11:09.00,461797.0975,5633475.4573,2947672.4464
2024/02/14 06:11:10.00,461800.0632,5633475.224,2947672.469
2024/02/14 06:11:11.00,461803.1391,5633475.1355,2947672.1682
2024/02/14 06:11:12.00,461806.4402,5633475.2258,2947671.5606
2024/02/14 06:11:13.00,461809.8823,5633475.6173,2947670.3956
2024/02/14 06:11:14.00,461813.2232,5633476.3787,2947668.5551
2024/02/14 06:11:15.00,461816.2688,5633477.4914,2947666.0817
2024/02/14 06:11:16.00,461818.7084,5633479.0587,2947662.8524
2024/02/14 06:11:19.00,461823.4605,5633489.7691,2947652.0811
2024/02/14 06:11:20.00,461820.0969,5633483.3476,2947641.7283
2024/02/14 06:11:21.00,461822.8023,5633489.8459,2947636.0575
2024/02/14 06:11:26.00,461824.7989,5633503.1955,2947600.6545
2024/02/14 06:11:27.00,461839.8234,5633539.5253,2947605.4964
2024/02/14 06:11:28.00,461829.9189,5633514.9768,2947588.584
2024/02/14 06:11:29.00,461826.2134,5633510.7692,2947580.3159
2024/02/14 06:11:30.00,461832.2548,5633525.5101,2947578.1797
2024/02/14 06:11:31.00,461832.5701,5633526.111,2947570.9811
2024/02/14 06:11:32.00,461833.4603,5633529.0902,2947565.0954
2024/02/14 06:11:33.00,461834.364,5633532.083,2947559.1154
2024/02/14 06:11:34.00,461835.1746,5633535.1127,2947553.053
2024/02/14 06:11:35.00,461835.9262,5633538.0918,2947547.0045
2024/02/14 06:11:36.00,461836.7878,5633541.1369,2947541.2598
2024/02/14 06:11:37.00,461837.5427,5633543.9497,2947535.7114
2024/02/14 06:11:38.00,461838.196,5633546.6374,2947530.3228
2024/02/14 06:11:39.00,461837.6956,5633547.8866,2947524.6582
2024/02/14 06:11:40.00,461839.6682,5633550.2715,2947519.3622
2024/02/14 06:11:41.00,461837.9369,5633552.4836,2947514.1479
2024/02/14 06:11:43.00,461838.5806,5633557.1752,2947506.0476
2024/02/14 06:11:44.00,461836.8241,5633560.8353,2947502.4381
2024/02/14 06:11:45.00,461836.2851,5633561.8546,2947497.2916
2024/02/14 06:11:46.00,461834.1861,5633566.3351,2947492.6785
2024/02/14 06:11:47.00,461832.5346,5633568.5818,2947488.3089
2024/02/14 06:11:48.00,461830.448,5633573.8882,2947484.3211
2024/02/14 06:11:49.00,461828.4783,5633576.4277,2947479.1414
2024/02/14 06:11:50.00,461827.337,5633576.7784,2947473.1264
2024/02/14 06:11:51.00,461825.7379,5633579.3357,2947468.2677
2024/02/14 06:11:52.00,461825.2414,5633583.5328,2947464.8714
2024/02/14 06:11:53.00,461822.6553,5633584.1085,2947458.834
2024/02/14 06:11:54.00,461821.4268,5633586.4323,2947454.6961
2024/02/14 06:11:55.00,461820.1792,5633588.7452,2947450.6415
2024/02/14 06:11:56.00,461818.7656,5633591.0388,2947446.4205
2024/02/14 06:11:57.00,461817.1875,5633593.3771,2947442.0677
2024/02/14 06:11:58.00,461815.5448,5633595.7173,2947437.6856
2024/02/14 06:11:59.00,461813.8808,5633600.9091,2947434.0734
2024/02/14 06:12:00.00,461812.3082,5633600.4178,2947428.7502
2024/02/14 06:12:01.00,461810.7596,5633600.8283,2947423.8323
2024/02/14 06:12:02.00,461810.2608,5633606.7841,2947419.9913
2024/02/14 06:12:03.00,461800.5121,5633595.431,2947410.5888
2024/02/14 06:12:04.00,461806.028,5633609.4614,2947410.1103
2024/02/14 06:12:05.00,461807.2132,5633612.5181,2947405.3102
2024/02/14 06:12:06.00,461804.3124,5633614.4588,2947400.6196
2024/02/14 06:12:07.00,461804.2777,5633617.5904,2947396.2656
2024/02/14 06:12:08.00,461804.9195,5633621.5778,2947392.9292
2024/02/14 06:12:09.00,461803.6068,5633622.5058,2947386.6566
2024/02/14 06:12:10.00,461803.3514,5633624.7019,2947382.3065
2024/02/14 06:12:11.00,461803.0122,5633626.8495,2947378.0266
2024/02/14 06:12:12.00,461802.6592,5633628.9722,2947373.794
2024/02/14 06:12:13.00,461802.2405,5633630.6832,2947370.2116
2024/02/14 06:12:14.00,461801.9123,5633632.7725,2947365.9967
2024/02/14 06:12:15.00,461801.5106,5633634.8746,2947361.8087
2024/02/14 06:12:16.00,461801.0763,5633636.9541,2947357.6104
2024/02/14 06:12:17.00,461800.6387,5633639.3921,2947352.7917
2024/02/14 06:12:18.00,461800.1992,5633641.1107,2947349.2165
2024/02/14 06:12:19.00,461799.7486,5633643.0343,2947344.998
2024/02/14 06:12:20.00,461801.791,5633647.9255,2947341.4877
2024/02/14 06:12:21.00,461799.1181,5633646.7976,2947337.4841
2024/02/14 06:12:22.00,461798.8631,5633648.6243,2947333.788
2024/02/14 06:12:23.00,461798.5649,5633650.4237,2947330.0275
2024/02/14 06:12:24.00,461798.2608,5633652.3589,2947325.9999
2024/02/14 06:12:25.00,461797.8835,5633654.5585,2947321.611
2024/02/14 06:12:26.00,461797.4772,5633656.8696,2947316.8671
2024/02/14 06:12:27.00,461797.0132,5633659.1751,2947311.7422
2024/02/14 06:12:28.00,461796.6121,5633661.8017,2947306.3171
2024/02/14 06:12:29.00,461796.1868,5633664.5928,2947300.8178
2024/02/14 06:12:30.00,461796.6912,5633669.2995,2947295.7871
2024/02/14 06:12:31.00,461795.0809,5633669.8658,2947289.8119
2024/02/14 06:12:32.00,461794.5879,5633672.2227,2947284.8129
2024/02/14 06:12:33.00,461794.154,5633674.6334,2947280.0015
2024/02/14 06:12:34.00,461793.7252,5633676.9779,2947275.094
2024/02/14 06:12:35.00,461793.1235,5633678.9872,2947270.3956
2024/02/14 06:12:36.00,461792.7181,5633681.3524,2947265.8428
2024/02/14 06:12:37.00,461793.0315,5633684.7043,2947261.5148
2024/02/14 06:12:38.00,461791.7263,5633685.9599,2947256.3866
2024/02/14 06:12:39.00,461791.1759,5633688.3516,2947251.5673
2024/02/14 06:12:40.00,461790.4016,5633690.7309,2947245.9286
2024/02/14 06:12:41.00,461790.0843,5633693.1361,2947241.7844
2024/02/14 06:12:42.00,461789.5506,5633695.6071,2947236.9025
2024/02/14 06:12:43.00,461788.9511,5633698.0862,2947231.8657
2024/02/14 06:12:44.00,461788.2443,5633700.5831,2947226.8509
2024/02/14 06:12:45.00,461787.6203,5633703.0762,2947221.8302
2024/02/14 06:12:46.00,461786.9969,5633705.5603,2947216.7985
2024/02/14 06:12:47.00,461786.7237,5633708.4441,2947212.3416
2024/02/14 06:12:48.00,461784.7965,5633708.4332,2947207.2099
2024/02/14 06:12:50.00,461779.9947,5633703.9248,2947197.5619
2024/02/14 06:12:51.00,461781.3131,5633709.8604,2947196.7488
2024/02/14 06:12:52.00,461784.5504,5633715.7433,2947195.991
2024/02/14 06:12:53.00,461779.3069,5633707.4152,2947190.7836
2024/02/14 06:12:54.00,461784.1789,5633717.4461,2947192.7208
2024/02/14 06:12:55.00,461784.1587,5633717.9475,2947192.0537
2024/02/14 06:12:56.00,461779.5441,5633711.7636,2947189.7769
2024/02/14 06:12:57.00,461782.9214,5633716.2662,2947190.3555
2024/02/14 06:12:58.00,461782.9066,5633716.2935,2947190.2929
2024/02/14 06:12:59.00,461777.9764,5633712.0931,2947187.7357
2024/02/14 06:13:00.00,461777.0841,5633708.3363,2947186.1013
2024/02/14 06:13:01.00,461775.2372,5633707.6302,2947184.6438
2024/02/14 06:13:02.00,461775.239,5633707.632,2947184.6435
2024/02/14 06:13:03.00,461777.9794,5633712.0871,2947187.7397
2024/02/14 06:13:04.00,461782.4666,5633713.5484,2947189.804
2024/02/14 06:13:05.00,461782.4671,5633713.5456,2947189.8053
2024/02/14 06:13:06.00,461782.464,5633713.5426,2947189.8052
2024/02/14 06:13:07.00,461777.9755,5633712.0849,2947187.743
2024/02/14 06:13:08.00,461777.9729,5633712.0773,2947187.7381
2024/02/14 06:13:09.00,461777.4639,5633705.0805,2947184.8936
2024/02/14 06:13:10.00,461777.9715,5633712.0749,2947187.7395
2024/02/14 06:13:11.00,461777.9785,5633712.0811,2947187.74
2024/02/14 06:13:12.00,461782.4713,5633713.5489,2947189.8129
2024/02/14 06:13:13.00,461780.1936,5633711.8481,2947187.2293
2024/02/14 06:13:14.00,461781.3652,5633718.5021,2947193.9605
2024/02/14 06:13:15.00,461782.4707,5633713.5465,2947189.8112
2024/02/14 06:13:16.00,461780.1907,5633711.8426,2947187.2274
2024/02/14 06:13:17.00,461782.4748,5633713.5532,2947189.8134
2024/02/14 06:13:18.00,461782.4744,5633713.5516,2947189.8149
2024/02/14 06:13:19.00,461783.6022,5633715.9904,2947194.2025
2024/02/14 06:13:20.00,461782.4759,5633713.5558,2947189.8172
2024/02/14 06:13:21.00,461785.552,5633717.0344,2947190.908
2024/02/14 06:13:22.00,461782.4766,5633713.5548,2947189.8173
2024/02/14 06:13:23.00,461782.4773,5633713.5599,2947189.8199
2024/02/14 06:13:24.00,461782.4795,5633713.5575,2947189.8213
2024/02/14 06:13:25.00,461785.2176,5633719.1224,2947190.4365
2024/02/14 06:13:26.00,461785.5497,5633717.024,2947190.9047
2024/02/14 06:13:27.00,461785.214,5633719.1328,2947190.4136
2024/02/14 06:13:28.00,461779.8586,5633714.0187,2947186.6157
2024/02/14 06:13:29.00,461785.1856,5633719.3369,2947190.0966
2024/02/14 06:13:30.00,461783.8252,5633718.2272,2947190.8883
2024/02/14 06:13:31.00,461783.7911,5633718.338,2947190.6738
2024/02/14 06:13:32.00,461788.8373,5633725.9713,2947193.2217
2024/02/14 06:13:33.00,461788.1408,5633721.9088,2947193.1655
2024/02/14 06:13:34.00,461786.9094,5633726.0616,2947194.0683
2024/02/14 06:13:35.00,461786.9041,5633726.0577,2947194.0654
2024/02/14 06:13:36.00,461788.8359,5633725.9718,2947193.2162
2024/02/14 06:13:37.00,461790.0383,5633727.9584,2947194.483
2024/02/14 06:13:38.00,461790.0353,5633727.9502,2947194.4794
2024/02/14 06:13:39.00,461785.9085,5633724.4265,2947192.9039
2024/02/14 06:13:40.00,461786.9035,5633726.0644,2947194.0623
2024/02/14 06:13:41.00,461785.9074,5633724.42,2947192.8999
2024/02/14 06:13:42.00,461786.9045,5633726.0668,2947194.0599
2024/02/14 06:13:43.00,461786.9069,5633726.0709,2947194.0604
2024/02/14 06:13:44.00,461786.9024,5633726.0597,2947194.0564
2024/02/14 06:13:45.00,461785.9059,5633724.4238,2947192.8987
2024/02/14 06:13:46.00,461785.9089,5633724.4251,2947192.899
2024/02/14 06:13:47.00,461785.9049,5633724.4217,2947192.8966
2024/02/14 06:13:48.00,461785.9085,5633724.4275,2947192.8985
2024/02/14 06:13:49.00,461785.9017,5633724.4172,2947192.8937
2024/02/14 06:13:50.00,461785.9025,5633724.4154,2947192.8899
2024/02/14 06:14:03.00,461787.0733,5633726.4342,2947194.0377
2024/02/14 06:14:04.00,461784.9575,5633720.5277,2947191.616
2024/02/14 06:14:05.00,461785.5514,5633724.0349,2947191.2262
2024/02/14 06:14:06.00,461785.7231,5633724.9482,2947191.8323
2024/02/14 06:14:07.00,461785.642,5633725.2335,2947191.3031
2024/02/14 06:14:08.00,461775.2699,5633708.3879,2947184.7457
2024/02/14 06:14:09.00,461779.7248,5633715.3785,2947185.6709
2024/02/14 06:14:11.00,461778.338,5633715.5586,2947182.2085
2024/02/14 06:14:12.00,461773.9962,5633708.4986,2947178.463
2024/02/14 06:14:13.00,461774.2652,5633712.4764,2947176.8269
2024/02/14 06:14:14.00,461782.2055,5633725.225,2947177.826
2024/02/14 06:14:18.00,461780.0198,5633731.0897,2947164.2329
2024/02/14 06:14:19.00,461780.6439,5633734.4572,2947160.7246
2024/02/14 06:14:20.00,461779.2662,5633735.3267,2947155.9372
2024/02/14 06:14:21.00,461779.1969,5633741.402,2947152.7253
2024/02/14 06:14:22.00,461779.7429,5633739.8014,2947146.0176
2024/02/14 06:14:23.00,461778.3989,5633743.3314,2947140.9039
2024/02/14 06:14:24.00,461778.2772,5633746.4571,2947136.8568
2024/02/14 06:14:25.00,461777.6754,5633748.8682,2947132.9082
2024/02/14 06:14:26.00,461777.6853,5633751.3098,2947127.6015
2024/02/14 06:14:27.00,461777.391,5633753.6346,2947123.0893
2024/02/14 06:14:28.00,461776.9995,5633755.8757,2947118.7845
2024/02/14 06:14:29.00,461776.5218,5633758.0149,2947114.5724
2024/02/14 06:14:30.00,461775.9461,5633760.0966,2947110.6382
2024/02/14 06:14:31.00,461775.1728,5633762.0882,2947106.9149
2024/02/14 06:14:32.00,461774.2671,5633764.0208,2947103.4463
2024/02/14 06:14:33.00,461773.3319,5633765.9526,2947099.9819
2024/02/14 06:14:34.00,461772.3754,5633767.841,2947096.5119
2024/02/14 06:14:35.00,461771.5221,5633769.6833,2947093.0627
2024/02/14 06:14:36.00,461770.7488,5633771.4579,2947089.7654
2024/02/14 06:14:37.00,461770.1629,5633773.0012,2947086.9024
2024/02/14 06:14:38.00,461769.8467,5633774.4012,2947084.3517
2024/02/14 06:14:39.00,461769.7111,5633775.6439,2947081.9607
2024/02/14 06:14:40.00,461769.9276,5633776.9385,2947079.4604
2024/02/14 06:14:41.00,461770.8837,5633778.2504,2947076.8428
2024/02/14 06:14:42.00,461772.6583,5633779.3363,2947074.5781
2024/02/14 06:14:43.00,461775.1212,5633780.065,2947072.6979
2024/02/14 06:14:44.00,461778.4294,5633780.4083,2947071.2979
2024/02/14 06:14:45.00,461782.3905,5633780.2704,2947070.8342
2024/02/14 06:14:46.00,461786.6991,5633779.6674,2947071.2582
2024/02/14 06:14:47.00,461791.1297,5633778.7811,2947072.2279
2024/02/14 06:14:48.00,461795.8229,5633777.4879,2947073.8942
2024/02/14 06:14:49.00,461800.6517,5633776.1176,2947075.7814
2024/02/14 06:14:50.00,461805.3488,5633774.7842,2947077.4937
2024/02/14 06:14:51.00,461809.034,5633773.7572,2947078.6735
2024/02/14 06:14:52.00,461810.9171,5633773.3153,2947079.2373
2024/02/14 06:14:53.00,461812.1433,5633773.0016,2947079.5703
2024/02/14 06:14:54.00,461812.7886,5633772.8522,2947079.7269
2024/02/14 06:14:55.00,461813.3649,5633772.7301,2947079.8805
2024/02/14 06:14:56.00,461813.9443,5633772.5957,2947080.0462
2024/02/14 06:14:57.00,461814.5798,5633772.47,2947080.179
2024/02/14 06:14:58.00,461815.4232,5633772.2953,2947080.4025
2024/02/14 06:14:59.00,461817.329,5633772.8148,2947081.3041
2024/02/14 06:15:00.00,461818.8477,5633770.3769,2947083.7471
2024/02/14 06:15:01.00,461821.7822,5633770.9523,2947082.0285
2024/02/14 06:15:02.00,461824.0549,5633771.6022,2947084.6325
2024/02/14 06:15:03.00,461828.8887,5633769.5191,2947083.7182
2024/02/14 06:15:04.00,461832.4983,5633768.8158,2947084.4862
2024/02/14 06:15:05.00,461836.5154,5633768.8827,2947085.7744
2024/02/14 06:15:06.00,461840.5477,5633768.4194,2947086.6305
2024/02/14 06:15:07.00,461843.7363,5633763.6331,2947086.326
2024/02/14 06:15:08.00,461849.1305,5633765.6317,2947087.8807
2024/02/14 06:15:09.00,461854.3796,5633764.594,2947089.0482
2024/02/14 06:15:10.00,461860.0482,5633763.4738,2947090.3148
2024/02/14 06:15:11.00,461866.0218,5633762.2871,2947091.6738
2024/02/14 06:15:12.00,461872.2405,5633761.0381,2947093.0641
2024/02/14 06:15:13.00,461878.6345,5633759.7925,2947094.4834
2024/02/14 06:15:14.00,461885.2197,5633758.4601,2947095.8997
2024/02/14 06:15:15.00,461891.7902,5633757.1659,2947097.3352
2024/02/14 06:15:16.00,461897.9152,5633755.8598,2947098.8894
2024/02/14 06:15:17.00,461903.0901,5633754.7319,2947100.2295
2024/02/14 06:15:18.00,461907.372,5633753.7842,2947101.2815
2024/02/14 06:15:19.00,461911.3364,5633752.9811,2947102.1406
2024/02/14 06:15:20.00,461915.1342,5633752.2446,2947102.8493
2024/02/14 06:15:21.00,461918.6451,5633751.6283,2947103.4551
2024/02/14 06:15:22.00,461921.4242,5633751.0915,2947103.9703
2024/02/14 06:15:23.00,461924.0816,5633750.5823,2947104.5144
2024/02/14 06:15:24.00,461927.155,5633750.141,2947105.2872
2024/02/14 06:15:25.00,461930.102,5633749.2877,2947105.8029
2024/02/14 06:15:26.00,461932.2099,5633745.7853,2947105.9088
2024/02/14 06:15:27.00,461934.7459,5633745.2119,2947106.5769
2024/02/14 06:15:28.00,461938.5178,5633750.6032,2947108.1425
2024/02/14 06:15:29.00,461941.3549,5633748.9581,2947108.6015
2024/02/14 06:15:30.00,461945.7545,5633746.436,2947110.8824
2024/02/14 06:15:31.00,461949.451,5633744.3704,2947111.9348
2024/02/14 06:15:32.00,461954.0562,5633742.9372,2947113.874
2024/02/14 06:15:33.00,461959.0862,5633741.3784,2947115.9656
2024/02/14 06:15:34.00,461964.4387,5633739.7236,2947118.207
2024/02/14 06:15:35.00,461970.6483,5633739.0533,2947121.2167
2024/02/14 06:15:36.00,461975.8725,5633736.2691,2947122.8427
2024/02/14 06:15:37.00,461981.9542,5633734.48,2947125.1795
2024/02/14 06:15:38.00,461988.2164,5633732.6365,2947127.6124
2024/02/14 06:15:39.00,461994.6856,5633730.7499,2947130.1177
2024/02/14 06:15:40.00,462001.3128,5633728.7915,2947132.6527
2024/02/14 06:15:41.00,462007.9883,5633726.8867,2947135.1043
2024/02/14 06:15:42.00,462014.882,5633725.3661,2947137.8762
2024/02/14 06:15:43.00,462021.7261,5633723.3688,2947140.547
2024/02/14 06:15:44.00,462028.6391,5633720.8922,2947143.0047
2024/02/14 06:15:45.00,462035.9999,5633718.7247,2947145.9443
2024/02/14 06:15:46.00,462043.5948,5633716.4705,2947149.0028
2024/02/14 06:15:47.00,462051.4411,5633714.2194,2947151.9959
2024/02/14 06:15:48.00,462059.5313,5633711.9724,2947154.9647
2024/02/14 06:15:49.00,462067.8692,5633709.7101,2947157.9444
2024/02/14 06:15:50.00,462076.3274,5633707.2744,2947161.1227
2024/02/14 06:15:51.00,462084.8654,5633704.7285,2947164.4513
2024/02/14 06:15:52.00,462093.4245,5633702.2122,2947167.8369
2024/02/14 06:15:53.00,462101.8766,5633699.7048,2947171.2297
2024/02/14 06:15:54.00,462110.2258,5633697.2261,2947174.6447
2024/02/14 06:15:55.00,462118.9896,5633695.3864,2947178.4523
2024/02/14 06:15:56.00,462127.2042,5633692.6987,2947181.5512
2024/02/14 06:15:57.00,462135.2971,5633690.1386,2947184.5075
2024/02/14 06:15:58.00,462143.0704,5633687.9492,2947187.548
2024/02/14 06:15:59.00,462150.4275,5633685.8328,2947190.4142
2024/02/14 06:16:00.00,462157.6808,5633683.9423,2947193.4194
2024/02/14 06:16:01.00,462164.5965,5633681.9024,2947196.2681
2024/02/14 06:16:02.00,462171.1538,5633679.9122,2947198.9552
2024/02/14 06:16:03.00,462176.7907,5633677.8072,2947200.9508
2024/02/14 06:16:04.00,462181.7789,5633676.802,2947203.0832
2024/02/14 06:16:05.00,462184.9382,5633675.4514,2947204.0792
2024/02/14 06:16:06.00,462187.5164,5633674.7167,2947205.1205
2024/02/14 06:16:07.00,462189.9664,5633673.9994,2947206.1022
2024/02/14 06:16:08.00,462192.1636,5633675.6529,2947206.5262
2024/02/14 06:16:09.00,462194.9841,5633672.5977,2947207.943
2024/02/14 06:16:10.00,462197.9969,5633671.6668,2947209.1671
2024/02/14 06:16:11.00,462201.3428,5633670.6402,2947210.6385
2024/02/14 06:16:12.00,462204.9293,5633669.4382,2947212.3491
2024/02/14 06:16:13.00,462208.8708,5633668.1562,2947214.2599
2024/02/14 06:16:14.00,462213.1446,5633666.7533,2947216.2379
2024/02/14 06:16:15.00,462217.7923,5633665.2383,2947218.3905
2024/02/14 06:16:16.00,462222.7794,5633663.6109,2947220.728
2024/02/14 06:16:17.00,462228.2386,5633661.859,2947223.2177
2024/02/14 06:16:18.00,462234.1403,5633659.9819,2947225.8519
2024/02/14 06:16:19.00,462240.3604,5633658.0672,2947228.568
2024/02/14 06:16:20.00,462246.7539,5633656.0489,2947231.3907
2024/02/14 06:16:21.00,462253.2985,5633653.9713,2947234.2701
2024/02/14 06:16:22.00,462259.974,5633651.8507,2947237.2515
2024/02/14 06:16:23.00,462266.7606,5633649.6789,2947240.2496
2024/02/14 06:16:24.00,462273.5796,5633647.5525,2947243.2546
2024/02/14 06:16:25.00,462280.4594,5633645.4673,2947246.1768
2024/02/14 06:16:26.00,462287.3873,5633643.3186,2947249.0446
2024/02/14 06:16:27.00,462294.2768,5633641.2278,2947251.8954
2024/02/14 06:16:28.00,462301.0404,5633639.089,2947254.8097
2024/02/14 06:16:29.00,462310.1433,5633642.5427,2947256.9612
2024/02/14 06:16:30.00,462313.9102,5633635.1834,2947260.2252
2024/02/14 06:16:31.00,462320.1281,5633633.3427,2947262.8057
2024/02/14 06:16:32.00,462326.3618,5633631.4829,2947265.5493
2024/02/14 06:16:33.00,462332.6284,5633629.6194,2947268.3169
2024/02/14 06:16:34.00,462338.9481,5633627.7271,2947271.0664
2024/02/14 06:16:35.00,462345.3753,5633625.7523,2947273.823
2024/02/14 06:16:36.00,462351.9589,5633621.7353,2947276.4365
2024/02/14 06:16:37.00,462358.2242,5633621.7682,2947279.9341
2024/02/14 06:16:39.00,462371.4248,5633617.7597,2947285.9335
2024/02/14 06:16:40.00,462378.1259,5633615.8555,2947288.8516
2024/02/14 06:16:41.00,462384.1428,5633611.1231,2947291.1746
2024/02/14 06:16:42.00,462391.0395,5633612.4829,2947294.1817
2024/02/14 06:16:43.00,462397.0256,5633611.2082,2947296.6046
2024/02/14 06:16:44.00,462402.3287,5633609.7261,2947298.4853
2024/02/14 06:16:45.00,462407.8555,5633609.1583,2947300.7094
2024/02/14 06:16:46.00,462412.5831,5633607.8292,2947302.1373
2024/02/14 06:16:47.00,462416.6707,5633608.831,2947302.6973
2024/02/14 06:16:48.00,462420.8179,5633605.7999,2947304.2077
2024/02/14 06:16:49.00,462423.8876,5633605.1782,2947305.0897
2024/02/14 06:16:50.00,462425.7741,5633604.807,2947305.6461
2024/02/14 06:16:51.00,462427.3353,5633604.5076,2947306.0803
2024/02/14 06:16:52.00,462429.2325,5633604.1291,2947306.6283
2024/02/14 06:16:53.00,462431.6611,5633603.6282,2947307.3214
2024/02/14 06:16:54.00,462434.5478,5633603.056,2947308.1465
2024/02/14 06:16:55.00,462437.6974,5633602.4338,2947309.0381
2024/02/14 06:16:56.00,462440.9776,5633601.7782,2947309.9648
2024/02/14 06:16:57.00,462444.3642,5633601.0986,2947310.8912
2024/02/14 06:16:58.00,462447.7929,5633600.4408,2947311.8502
2024/02/14 06:16:59.00,462451.2064,5633599.694,2947312.9388
2024/02/14 06:17:00.00,462454.3263,5633601.1896,2947313.6717
2024/02/14 06:17:01.00,462457.8389,5633598.2121,2947315.0541
2024/02/14 06:17:02.00,462461.2048,5633597.6197,2947315.9519
2024/02/14 06:17:03.00,462465.0185,5633596.9434,2947316.8265
2024/02/14 06:17:04.00,462469.0779,5633596.2631,2947317.7193
2024/02/14 06:17:05.00,462472.8608,5633595.5547,2947318.6537
2024/02/14 06:17:06.00,462476.1067,5633594.9834,2947319.4532
2024/02/14 06:17:07.00,462479.439,5633594.3713,2947320.2386
2024/02/14 06:17:08.00,462483.3868,5633593.6876,2947321.0769
2024/02/14 06:17:09.00,462487.7814,5633592.8965,2947322.0648
2024/02/14 06:17:10.00,462492.2487,5633592.0635,2947323.1205
2024/02/14 06:17:11.00,462496.4972,5633591.268,2947324.134
2024/02/14 06:17:12.00,462500.4883,5633590.4954,2947325.1363
2024/02/14 06:17:13.00,462504.5365,5633589.7073,2947326.1944
2024/02/14 06:17:14.00,462508.8939,5633588.7895,2947327.4408
2024/02/14 06:17:15.00,462513.6381,5633587.7569,2947328.8515
2024/02/14 06:17:16.00,462518.7343,5633586.6128,2947330.4062
2024/02/14 06:17:17.00,462524.1202,5633585.3346,2947332.0692
2024/02/14 06:17:18.00,462529.5097,5633584.0552,2947333.8124
2024/02/14 06:17:19.00,462534.9118,5633582.7653,2947335.5966
2024/02/14 06:17:20.00,462540.3404,5633581.4774,2947337.3565
2024/02/14 06:17:21.00,462545.8134,5633580.1491,2947339.0555
2024/02/14 06:17:22.00,462551.4196,5633578.8192,2947340.7178
2024/02/14 06:17:23.00,462557.0829,5633577.3306,2947342.2464
2024/02/14 06:17:24.00,462563.0906,5633576.1959,2947344.0801
2024/02/14 06:17:25.00,462568.7675,5633572.4815,2947345.8205
2024/02/14 06:17:26.00,462574.7331,5633573.3603,2947347.6208
2024/02/14 06:17:28.00,462585.4536,5633570.4479,2947351.2694
2024/02/14 06:17:29.00,462590.4809,5633568.9755,2947353.1262
2024/02/14 06:17:30.00,462595.0242,5633567.6504,2947354.8204
2024/02/14 06:17:31.00,462598.6905,5633566.5148,2947356.2655
2024/02/14 06:17:32.00,462601.4832,5633565.6269,2947357.3924
2024/02/14 06:17:33.00,462603.6581,5633564.9549,2947358.254
2024/02/14 06:17:34.00,462605.2666,5633564.4833,2947358.854
2024/02/14 06:17:36.00,462608.5679,5633563.3638,2947360.2475
2024/02/14 06:17:37.00,462610.3136,5633562.7512,2947361.1197
2024/02/14 06:17:38.00,462612.1549,5633562.0677,2947362.0025
2024/02/14 06:17:39.00,462614.6906,5633560.4349,2947363.7595
2024/02/14 06:17:40.00,462615.6366,5633559.8171,2947363.3341
2024/02/14 06:17:41.00,462618.6955,5633560.5269,2947365.383
2024/02/14 06:17:42.00,462620.4501,5633558.8905,2947365.8865
2024/02/14 06:17:43.00,462622.838,5633558.2175,2947367.1517
2024/02/14 06:17:44.00,462624.8588,5633557.4652,2947368.1506
2024/02/14 06:17:45.00,462626.7642,5633556.765,2947369.0483
2024/02/14 06:17:46.00,462628.8789,5633557.8654,2947370.6468
2024/02/14 06:17:47.00,462629.4913,5633557.642,2947370.9251
2024/02/14 06:17:48.00,462629.6593,5633557.5813,2947371.0026
2024/02/14 06:17:50.00,462628.8599,5633556.0175,2947370.0049
2024/02/14 06:17:51.00,462629.0757,5633555.9615,2947370.1047
2024/02/14 06:17:58.00,462629.5672,5633555.7616,2947370.3282
2024/02/14 06:18:05.00,462625.7018,5633549.1628,2947366.2061
2024/02/14 06:18:06.00,462625.704,5633549.1691,2947366.2103
2024/02/14 06:18:07.00,462625.7042,5633549.1619,2947366.2065
2024/02/14 06:18:08.00,462627.6227,5633556.1438,2947370.5018
2024/02/14 06:18:09.00,462627.6215,5633556.147,2947370.5034
2024/02/14 06:18:10.00,462627.6222,5633556.1415,2947370.4988
2024/02/14 06:18:11.00,462629.5682,5633555.7568,2947370.3295
2024/02/14 06:18:12.00,462629.5691,5633555.7526,2947370.3261
2024/02/14 06:18:13.00,462629.5715,5633555.7568,2947370.3308
2024/02/14 06:18:14.00,462629.5702,5633555.7582,2947370.3301
2024/02/14 06:18:15.00,462629.5703,5633555.7543,2947370.3281
2024/02/14 06:18:16.00,462629.5698,5633555.7646,2947370.3282
2024/02/14 06:18:17.00,462629.6154,5633555.7289,2947370.3472
2024/02/14 06:18:18.00,462629.7803,5633555.6764,2947370.4247
2024/02/14 06:18:19.00,462629.5688,5633552.7515,2947370.3424
2024/02/14 06:18:20.00,462631.1593,5633559.1002,2947371.1327
2024/02/14 06:18:21.00,462632.1422,5633554.6049,2947372.5003
2024/02/14 06:18:22.00,462632.9541,5633553.6546,2947369.6427
2024/02/14 06:18:23.00,462633.6724,5633553.4015,2947369.9921
2024/02/14 06:18:24.00,462634.1469,5633553.2203,2947370.2178
2024/02/14 06:18:25.00,462633.0135,5633554.5254,2947371.9796
2024/02/14 06:18:26.00,462633.0155,5633554.5221,2947371.9732
2024/02/14 06:18:27.00,462633.0168,5633554.5226,2947371.9778
2024/02/14 06:18:28.00,462633.0351,5633554.509,2947371.9903
2024/02/14 06:18:29.00,462633.5613,5633553.6121,2947369.181
2024/02/14 06:18:30.00,462633.392,5633554.3879,2947372.1687
2024/02/14 06:18:31.00,462633.7141,5633554.2358,2947372.3655
2024/02/14 06:18:32.00,462634.1479,5633554.0734,2947372.579
2024/02/14 06:18:33.00,462634.6591,5633553.8697,2947372.888
2024/02/14 06:18:34.00,462635.9324,5633555.0093,2947373.1121
2024/02/14 06:18:35.00,462635.9311,5633553.3456,2947373.6433
2024/02/14 06:18:36.00,462636.8228,5633552.9893,2947374.1509
2024/02/14 06:18:37.00,462638.0913,5633552.4495,2947374.8929
2024/02/14 06:18:38.00,462639.4439,5633551.8975,2947375.6781
2024/02/14 06:18:39.00,462640.7572,5633551.3427,2947376.4322
2024/02/14 06:18:40.00,462642.0598,5633550.8002,2947377.1728
2024/02/14 06:18:41.00,462643.3546,5633550.2575,2947377.929
2024/02/14 06:18:42.00,462644.66,5633549.7361,2947378.6548
2024/02/14 06:18:43.00,462645.9679,5633549.2337,2947379.3921
2024/02/14 06:18:44.00,462647.4758,5633549.0993,2947380.4803
2024/02/14 06:18:45.00,462650.5697,5633552.1832,2947379.3946
2024/02/14 06:18:46.00,462651.4942,5633548.2211,2947381.2167
2024/02/14 06:18:47.00,462655.3346,5633546.9428,2947380.3081
2024/02/14 06:18:48.00,462651.9181,5633544.9979,2947386.5682
2024/02/14 06:18:49.00,462657.7811,5633545.3905,2947381.5957
2024/02/14 06:18:50.00,462654.5429,5633547.1957,2947387.5153
2024/02/14 06:18:51.00,462655.2983,5633546.8644,2947387.9707
2024/02/14 06:18:52.00,462656.9829,5633544.3524,2947387.5065
2024/02/14 06:18:53.00,462658.0298,5633544.8815,2947389.6648
2024/02/14 06:18:54.00,462658.8122,5633544.6174,2947388.918
2024/02/14 06:18:55.00,462658.4316,5633542.7275,2947387.8288
2024/02/14 06:19:00.00,462669.7127,5633543.9372,2947393.1801
2024/02/14 06:19:01.00,462671.8402,5633538.505,2947394.3178
2024/02/14 06:19:02.00,462675.0258,5633537.185,2947396.1471
2024/02/14 06:19:03.00,462678.2655,5633535.9112,2947397.9632
2024/02/14 06:19:04.00,462681.8175,5633534.4964,2947399.8827
2024/02/14 06:19:05.00,462685.8283,5633532.8521,2947402.1048
2024/02/14 06:19:06.00,462690.2582,5633531.0185,2947404.6413
2024/02/14 06:19:07.00,462695.0658,5633529.0927,2947407.2541
2024/02/14 06:19:08.00,462700.05,5633527.1844,2947409.8454
2024/02/14 06:19:09.00,462704.934,5633525.3147,2947412.5162
2024/02/14 06:19:10.00,462709.7478,5633523.5326,2947415.0084
2024/02/14 06:19:11.00,462714.4384,5633521.7314,2947417.438
2024/02/14 06:19:12.00,462718.9628,5633519.9538,2947419.9193
2024/02/14 06:19:13.00,462723.5146,5633518.168,2947422.565
2024/02/14 06:19:14.00,462728.2062,5633516.3078,2947425.1413
2024/02/14 06:19:15.00,462732.8104,5633514.6101,2947427.5737
2024/02/14 06:19:16.00,462737.2771,5633512.9814,2947429.9243
2024/02/14 06:19:17.00,462741.5595,5633511.4324,2947432.1649
2024/02/14 06:19:18.00,462745.6868,5633510.0067,2947434.2909
2024/02/14 06:19:19.00,462749.5169,5633508.5951,2947436.2411
2024/02/14 06:19:20.00,462752.965,5633507.3443,2947438.0291
2024/02/14 06:19:21.00,462756.2069,5633506.1865,2947439.6872
2024/02/14 06:19:22.00,462759.5021,5633505.0318,2947441.3215
2024/02/14 06:19:23.00,462762.9657,5633503.803,2947443.0047
2024/02/14 06:19:24.00,462766.4273,5633502.65,2947444.6255
2024/02/14 06:19:25.00,462769.1053,5633501.7456,2947445.8775
2024/02/14 06:19:26.00,462771.2711,5633500.9962,2947446.9517
2024/02/14 06:19:27.00,462773.1543,5633500.3158,2947447.9555
2024/02/14 06:19:28.00,462774.9962,5633499.6482,2947448.9377
2024/02/14 06:19:29.00,462776.7965,5633498.9771,2947449.9032
2024/02/14 06:19:30.00,462778.7049,5633498.2951,2947450.8694
2024/02/14 06:19:31.00,462780.9047,5633497.5427,2947451.9245
2024/02/14 06:19:32.00,462783.4127,5633496.7088,2947453.0957
2024/02/14 06:19:33.00,462786.1347,5633495.8358,2947454.3057
2024/02/14 06:19:34.00,462788.987,5633494.915,2947455.549
2024/02/14 06:19:35.00,462791.8999,5633494.0011,2947456.7761
2024/02/14 06:19:36.00,462794.6203,5633493.1917,2947457.8528
2024/02/14 06:19:37.00,462796.7471,5633492.545,2947458.6534
2024/02/14 06:19:38.00,462798.3495,5633492.0339,2947459.3594
2024/02/14 06:19:39.00,462799.8462,5633491.5623,2947460.0207
2024/02/14 06:19:40.00,462801.3317,5633491.0695,2947460.6997
2024/02/14 06:19:41.00,462803.0789,5633490.5303,2947461.4648
2024/02/14 06:19:42.00,462805.4837,5633489.7747,2947462.4374
2024/02/14 06:19:43.00,462810.2638,5633488.6983,2947462.5974
2024/02/14 06:19:44.00,462811.4605,5633487.9368,2947464.8288
2024/02/14 06:19:45.00,462814.8975,5633486.9681,2947466.0563
2024/02/14 06:19:46.00,462818.5087,5633486.0011,2947467.2811
2024/02/14 06:19:47.00,462822.1419,5633485.0694,2947468.4123
2024/02/14 06:19:48.00,462825.7208,5633484.1596,2947469.4956
2024/02/14 06:19:49.00,462829.2472,5633483.243,2947470.5446
2024/02/14 06:19:50.00,462832.5819,5633482.3645,2947471.5157
2024/02/14 06:19:51.00,462835.6721,5633481.5687,2947472.4117
2024/02/14 06:19:52.00,462838.5423,5633480.8558,2947473.2251
2024/02/14 06:19:53.00,462841.1704,5633480.1783,2947474.0155
2024/02/14 06:19:54.00,462843.54,5633479.5682,2947474.725
2024/02/14 06:19:55.00,462845.5378,5633479.0077,2947475.3865
2024/02/14 06:19:56.00,462846.9051,5633478.5982,2947475.9135
2024/02/14 06:19:57.00,462847.9256,5633478.2751,2947476.3201
2024/02/14 06:19:58.00,462849.0245,5633477.9642,2947476.7119
2024/02/14 06:19:59.00,462850.365,5633477.6035,2947477.1629
2024/02/14 06:20:00.00,462852.2619,5633477.0695,2947477.8438
2024/02/14 06:20:01.00,462854.5942,5633476.4229,2947478.6077
2024/02/14 06:20:02.00,462856.7694,5633475.9245,2947479.1626
2024/02/14 06:20:03.00,462858.6889,5633475.4622,2947479.7165
2024/02/14 06:20:04.00,462860.8619,5633474.9529,2947480.3023
2024/02/14 06:20:05.00,462863.1691,5633474.4015,2947480.8861
2024/02/14 06:20:06.00,462865.2002,5633473.941,2947481.4253
2024/02/14 06:20:07.00,462867.01,5633473.5482,2947481.8613
2024/02/14 06:20:08.00,462868.7354,5633473.1701,2947482.2573
2024/02/14 06:20:09.00,462870.4697,5633472.7882,2947482.6652
2024/02/14 06:20:10.00,462872.2413,5633472.3797,2947483.0889
2024/02/14 06:20:11.00,462874.0385,5633471.9599,2947483.5327
2024/02/14 06:20:12.00,462875.8681,5633471.5335,2947483.9948
2024/02/14 06:20:13.00,462877.7834,5633471.0878,2947484.472
2024/02/14 06:20:14.00,462878.9509,5633469.0534,2947484.4238
2024/02/14 06:20:15.00,462880.4304,5633470.4829,2947485.1023
2024/02/14 06:20:16.00,462880.4594,5633470.471,2947485.1015
2024/02/14 06:20:17.00,462880.5759,5633470.4446,2947485.1296
2024/02/14 06:20:18.00,462881.0881,5633470.3297,2947485.2409
2024/02/14 06:20:19.00,462881.7339,5633470.1846,2947485.4186
2024/02/14 06:20:20.00,462884.2456,5633473.2197,2947486.5611
2024/02/14 06:20:21.00,462883.009,5633469.9257,2947485.6263
2024/02/14 06:20:22.00,462883.0112,5633469.9276,2947485.6311
2024/02/14 06:20:23.00,462883.0126,5633469.9258,2947485.6266
2024/02/14 06:20:24.00,462883.0116,5633469.929,2947485.6301
2024/02/14 06:20:25.00,462883.012,5633469.9257,2947485.637
2024/02/14 06:20:26.00,462883.0103,5633469.924,2947485.6349
2024/02/14 06:20:27.00,462883.0104,5633469.9237,2947485.6338
2024/02/14 06:20:28.00,462883.0114,5633469.9252,2947485.6339
2024/02/14 06:20:29.00,462883.011,5633469.9228,2947485.6361
2024/02/14 06:20:30.00,462883.0104,5633469.925,2947485.6356
2024/02/14 06:20:31.00,462883.0104,5633469.9236,2947485.6338
2024/02/14 06:20:32.00,462883.0111,5633469.9276,2947485.6352
2024/02/14 06:20:33.00,462883.0105,5633469.9247,2947485.6351
2024/02/14 06:20:34.00,462883.0236,5633469.9219,2947485.6406
2024/02/14 06:20:35.00,462883.1656,5633469.9004,2947485.6595
2024/02/14 06:20:36.00,462883.5102,5633469.8195,2947485.7388
2024/02/14 06:20:37.00,462884.3236,5633470.0119,2947485.9513
2024/02/14 06:20:38.00,462885.0591,5633469.5432,2947486.0029
2024/02/14 06:20:39.00,462886.013,5633469.3609,2947486.1656
2024/02/14 06:20:40.00,462886.3532,5633469.2995,2947486.2328
2024/02/14 06:20:41.00,462886.3551,5633469.296,2947486.2272
2024/02/14 06:20:42.00,462886.3589,5633469.2995,2947486.2309
2024/02/14 06:20:43.00,462886.3572,5633469.2954,2947486.2269
2024/02/14 06:20:44.00,462886.3574,5633469.2939,2947486.2282
2024/02/14 06:20:45.00,462886.3578,5633469.2957,2947486.2291
2024/02/14 06:20:46.00,462886.3577,5633469.2959,2947486.2277
2024/02/14 06:20:47.00,462886.3577,5633469.2986,2947486.2295
2024/02/14 06:20:48.00,462886.3579,5633469.2985,2947486.2299
2024/02/14 06:20:49.00,462886.3582,5633469.2956,2947486.2279
2024/02/14 06:20:50.00,462886.3579,5633469.2981,2947486.2283
2024/02/14 06:20:51.00,462886.3585,5633469.295,2947486.2286
2024/02/14 06:20:52.00,462886.3587,5633469.2953,2947486.2286
2024/02/14 06:20:53.00,462886.3574,5633469.3009,2947486.2294
2024/02/14 06:20:54.00,462886.3569,5633469.2964,2947486.2281
2024/02/14 06:20:55.00,462886.358,5633469.2975,2947486.2285
2024/02/14 06:20:56.00,462886.3601,5633469.2993,2947486.2281
2024/02/14 06:20:57.00,462886.3591,5633469.3013,2947486.2299
2024/02/14 06:20:58.00,462886.3588,5633469.3014,2947486.2282
2024/02/14 06:20:59.00,462886.358,5633469.2993,2947486.2291
2024/02/14 06:21:00.00,462886.3608,5633469.3056,2947486.2298
2024/02/14 06:21:01.00,462886.3595,5633469.3015,2947486.2293
2024/02/14 06:21:02.00,462886.3595,5633469.3024,2947486.2321
2024/02/14 06:21:03.00,462886.3594,5633469.3002,2947486.2297
2024/02/14 06:21:04.00,462886.3596,5633469.2989,2947486.2293
2024/02/14 06:21:05.00,462886.3603,5633469.2989,2947486.2285
2024/02/14 06:21:06.00,462886.3589,5633469.301,2947486.2296
2024/02/14 06:21:07.00,462886.36,5633469.2997,2947486.2291
2024/02/14 06:21:08.00,462886.3589,5633469.2958,2947486.2293
2024/02/14 06:21:09.00,462886.3604,5633469.2999,2947486.2301
2024/02/14 06:21:10.00,462886.3599,5633469.3023,2947486.2311
2024/02/14 06:21:11.00,462886.36,5633469.3009,2947486.2305
2024/02/14 06:21:12.00,462886.3619,5633469.2999,2947486.2301
2024/02/14 06:21:13.00,462886.3615,5633469.2991,2947486.2299
2024/02/14 06:21:14.00,462886.3594,5633469.2935,2947486.2269
2024/02/14 06:21:15.00,462886.3569,5633469.2956,2947486.2284
2024/02/14 06:21:16.00,462886.3875,5633469.2981,2947486.2358
2024/02/14 06:21:17.00,462886.6648,5633469.2386,2947486.2939
2024/02/14 06:21:18.00,462887.5348,5633469.0599,2947486.4854
2024/02/14 06:21:19.00,462888.5056,5633471.7901,2947488.5564
2024/02/14 06:21:20.00,462891.4523,5633469.6771,2947487.2693
2024/02/14 06:21:21.00,462892.2749,5633468.1924,2947487.4601
2024/02/14 06:21:22.00,462894.3743,5633467.7817,2947487.8889
2024/02/14 06:21:23.00,462896.7706,5633467.3434,2947488.4029
2024/02/14 06:21:24.00,462899.3895,5633466.8543,2947488.9337
2024/02/14 06:21:25.00,462901.8997,5633466.4141,2947489.4389
2024/02/14 06:21:26.00,462904.2064,5633466.0287,2947489.8688
2024/02/14 06:21:27.00,462906.4595,5633465.7169,2947490.2182
2024/02/14 06:21:28.00,462908.9669,5633465.3416,2947490.6286
2024/02/14 06:21:29.00,462911.793,5633464.8391,2947491.2084
2024/02/14 06:21:30.00,462914.7029,5633464.2881,2947491.8717
2024/02/14 06:21:31.00,462917.6901,5633463.6783,2947492.6178
2024/02/14 06:21:32.00,462920.8412,5633463.0205,2947493.4357
2024/02/14 06:21:33.00,462924.137,5633462.3438,2947494.2858
2024/02/14 06:21:34.00,462927.5155,5633461.6514,2947495.1503
2024/02/14 06:21:35.00,462930.9864,5633460.9187,2947496.0028
2024/02/14 06:21:36.00,462934.6442,5633460.1872,2947496.8462
2024/02/14 06:21:37.00,462938.3858,5633459.456,2947497.6771
2024/02/14 06:21:38.00,462942.064,5633458.7141,2947498.4845
2024/02/14 06:21:39.00,462945.5421,5633458.0448,2947499.1903
2024/02/14 06:21:40.00,462948.7346,5633457.428,2947499.8487
2024/02/14 06:21:41.00,462951.581,5633456.8673,2947500.4567
2024/02/14 06:21:42.00,462954.1187,5633456.3544,2947500.9784
2024/02/14 06:21:43.00,462956.376,5633455.9055,2947501.4384
2024/02/14 06:21:44.00,462958.3793,5633455.5222,2947501.799
2024/02/14 06:21:45.00,462960.1746,5633455.1558,2947502.172
2024/02/14 06:21:46.00,462961.8932,5633454.8034,2947502.5511
2024/02/14 06:21:47.00,462963.6128,5633454.4417,2947502.9364
2024/02/14 06:21:48.00,462965.3028,5633454.0775,2947503.3278
2024/02/14 06:21:49.00,462966.9573,5633453.7214,2947503.7164
2024/02/14 06:21:50.00,462968.6034,5633453.3532,2947504.0757
2024/02/14 06:21:51.00,462970.007,5633453.0667,2947504.3515
2024/02/14 06:21:52.00,462971.1208,5633452.8401,2947504.5705
2024/02/14 06:21:53.00,462972.1356,5633452.6272,2947504.7707
2024/02/14 06:21:54.00,462972.9585,5633452.476,2947504.9226
2024/02/14 06:21:55.00,462973.7419,5633452.3254,2947505.0568
2024/02/14 06:21:56.00,462974.624,5633452.1635,2947505.2266
2024/02/14 06:21:57.00,462975.5658,5633451.9936,2947505.3924
2024/02/14 06:21:58.00,462976.3763,5633451.8424,2947505.5298
2024/02/14 06:21:59.00,462977.1156,5633451.7091,2947505.6583
2024/02/14 06:22:00.00,462977.9052,5633451.5398,2947505.8317
2024/02/14 06:22:01.00,462978.6797,5633451.3652,2947506.0011
2024/02/14 06:22:02.00,462979.3319,5633451.2052,2947506.1553
2024/02/14 06:22:03.00,462979.9682,5633451.0717,2947506.3253
2024/02/14 06:22:04.00,462980.4671,5633450.9484,2947506.4618
2024/02/14 06:22:05.00,462980.9462,5633450.8219,2947506.595
2024/02/14 06:22:06.00,462981.3967,5633450.6789,2947506.7437
2024/02/14 06:22:07.00,462981.8325,5633450.5561,2947506.9007
2024/02/14 06:22:08.00,462982.2009,5633450.4616,2947507.0358
2024/02/14 06:22:09.00,462982.4705,5633450.372,2947507.1355
2024/02/14 06:22:10.00,462982.8345,5633450.2538,2947507.2628
2024/02/14 06:22:11.00,462983.3144,5633450.1065,2947507.4525
2024/02/14 06:22:12.00,462983.7689,5633449.9793,2947507.6212
2024/02/14 06:22:13.00,462984.0617,5633449.8662,2947507.7223
2024/02/14 06:22:14.00,462984.4606,5633449.7578,2947507.839
2024/02/14 06:22:15.00,462984.7659,5633449.6913,2947507.9252
2024/02/14 06:22:16.00,462984.8575,5633449.6565,2947507.9459
2024/02/14 06:22:17.00,462984.8572,5633449.6554,2947507.9431
2024/02/14 06:22:18.00,462984.8585,5633449.6559,2947507.9438
2024/02/14 06:22:19.00,462984.858,5633449.6564,2947507.9434
2024/02/14 06:22:20.00,462984.8579,5633449.6519,2947507.9415
2024/02/14 06:22:21.00,462984.854,5633449.6531,2947507.9444
2024/02/14 06:22:22.00,462984.8582,5633449.6535,2947507.9436
2024/02/14 06:22:23.00,462984.8573,5633449.6546,2947507.9439
2024/02/14 06:22:24.00,462984.8566,5633449.6535,2947507.9434
2024/02/14 06:22:25.00,462984.8919,5633449.6475,2947507.9581
2024/02/14 06:22:26.00,462984.9683,5633449.6317,2947507.9763
2024/02/14 06:22:27.00,462984.9703,5633449.6317,2947507.9763
2024/02/14 06:22:28.00,462984.9685,5633449.6286,2947507.9751
2024/02/14 06:22:29.00,462984.9769,5633449.6329,2947507.9792
2024/02/14 06:22:30.00,462985.1323,5633449.5812,2947508.0115
2024/02/14 06:22:31.00,462985.5377,5633449.4959,2947508.0714
2024/02/14 06:22:32.00,462986.2475,5633449.3845,2947508.1565
2024/02/14 06:22:33.00,462987.4017,5633449.1964,2947508.3333
2024/02/14 06:22:34.00,462989.3061,5633448.8161,2947508.6604
2024/02/14 06:22:35.00,462991.9026,5633448.0419,2947509.0318
2024/02/14 06:22:36.00,462995.4841,5633447.6902,2947509.6516
2024/02/14 06:22:37.00,462999.0871,5633447.0303,2947510.2318
2024/02/14 06:22:38.00,463002.7427,5633446.3201,2947510.9094
2024/02/14 06:22:39.00,463006.8923,5633445.4801,2947511.6764
2024/02/14 06:22:40.00,463011.6661,5633444.4686,2947512.6791
2024/02/14 06:22:41.00,463017.0844,5633443.272,2947513.9352
2024/02/14 06:22:42.00,463022.0933,5633439.8779,2947517.7512
2024/02/14 06:22:43.00,463029.2783,5633440.4548,2947517.0049
2024/02/14 06:22:44.00,463035.7782,5633438.9855,2947518.64
2024/02/14 06:22:45.00,463042.3611,5633437.4975,2947520.3691
2024/02/14 06:22:46.00,463048.9331,5633435.9864,2947522.0873
2024/02/14 06:22:47.00,463054.4782,5633432.5479,2947525.9409
2024/02/14 06:22:48.00,463061.6809,5633433.2639,2947524.9609
2024/02/14 06:22:49.00,463067.6752,5633432.0654,2947526.2457
2024/02/14 06:22:50.00,463072.6783,5633431.0486,2947527.3134
2024/02/14 06:22:51.00,463076.9167,5633430.1836,2947528.2601
2024/02/14 06:22:52.00,463079.9749,5633427.3398,2947531.5445
2024/02/14 06:22:53.00,463084.6298,5633428.581,2947530.079
2024/02/14 06:22:54.00,463086.8087,5633425.9226,2947533.1742
2024/02/14 06:22:55.00,463090.1414,5633427.3875,2947531.4976
2024/02/14 06:22:56.00,463091.2793,5633424.8145,2947534.5383
2024/02/14 06:22:57.00,463094.3026,5633427.8029,2947533.1123
2024/02/14 06:22:58.00,463095.3352,5633428.9416,2947533.097
2024/02/14 06:22:59.00,463098.1573,5633430.5173,2947532.1018
2024/02/14 06:23:00.00,463096.1126,5633425.4832,2947534.1536
2024/02/14 06:23:01.00,463096.3147,5633425.4175,2947534.2688
2024/02/14 06:23:02.00,463096.4959,5633425.3267,2947534.3985
2024/02/14 06:23:03.00,463095.2912,5633424.2743,2947536.7098
2024/02/14 06:23:04.00,463097.4627,5633423.5356,2947535.8539
2024/02/14 06:23:05.00,463097.7831,5633423.3363,2947536.1636
2024/02/14 06:23:06.00,463097.8568,5633424.5588,2947535.654
2024/02/14 06:23:07.00,463097.9686,5633424.5174,2947535.7635
2024/02/14 06:23:08.00,463097.9656,5633424.505,2947535.7647
2024/02/14 06:23:09.00,463097.9656,5633424.5104,2947535.7629
2024/02/14 06:23:10.00,463097.9902,5633424.4954,2947535.7941
2024/02/14 06:23:11.00,463098.16,5633424.3826,2947535.9263
2024/02/14 06:23:12.00,463098.4023,5633424.2526,2947536.1616
2024/02/14 06:23:13.00,463098.6251,5633424.1116,2947536.3808
2024/02/14 06:23:14.00,463098.905,5633423.9263,2947536.702
2024/02/14 06:23:15.00,463099.375,5633423.4913,2947537.4091
2024/02/14 06:23:16.00,463100.0363,5633422.7922,2947538.6366
2024/02/14 06:23:17.00,463100.8638,5633424.9424,2947539.7961
2024/02/14 06:23:18.00,463100.6846,5633421.0259,2947541.6702
2024/02/14 06:23:19.00,463100.8322,5633420.1496,2947543.1333
2024/02/14 06:23:20.00,463100.7016,5633419.3399,2947544.6119
2024/02/14 06:23:21.00,463100.1648,5633418.5417,2947546.148
2024/02/14 06:23:22.00,463099.8754,5633417.7408,2947547.5618
2024/02/14 06:23:23.00,463099.4857,5633417.0078,2947548.9451
2024/02/14 06:23:24.00,463099.2478,5633416.6604,2947550.7647
2024/02/14 06:23:25.00,463099.0981,5633415.8552,2947551.1102
2024/02/14 06:23:27.00,463097.7335,5633414.118,2947554.4419
2024/02/14 06:23:28.00,463096.9466,5633413.0209,2947556.5563
2024/02/14 06:23:29.00,463095.2649,5633410.6618,2947558.4947
2024/02/14 06:23:30.00,463094.8219,5633408.3155,2947561.3103
2024/02/14 06:23:31.00,463092.7466,5633408.9272,2947565.1448
2024/02/14 06:23:43.00,463054.4869,5633391.6821,2947605.0491
2024/02/14 06:23:48.00,463045.0681,5633392.6477,2947608.2952
2024/02/14 06:23:49.00,463044.525,5633388.7814,2947609.8781
2024/02/14 06:23:59.00,463008.6431,5633373.2588,2947641.0133
2024/02/14 06:24:00.00,463004.5755,5633370.7944,2947647.0129
2024/02/14 06:24:03.00,462983.047,5633368.3044,2947657.5083
2024/02/14 06:24:04.00,462979.8579,5633365.0112,2947663.3497
2024/02/14 06:24:16.00,462940.0228,5633345.8676,2947706.8636
2024/02/14 06:24:18.00,462932.5881,5633343.6321,2947715.1967
2024/02/14 06:24:19.00,462936.6332,5633336.9248,2947720.3697
2024/02/14 06:24:20.00,462934.9903,5633338.3846,2947726.0669
2024/02/14 06:24:21.00,462933.5925,5633336.3505,2947731.9965
2024/02/14 06:24:22.00,462933.3016,5633331.1658,2947735.6541
2024/02/14 06:24:23.00,462932.3001,5633330.8383,2947740.7363
2024/02/14 06:24:24.00,462930.8254,5633328.5679,2947746.7648
2024/02/14 06:24:25.00,462929.7799,5633324.6159,2947750.0942
2024/02/14 06:24:26.00,462929.3331,5633322.521,2947754.2426
2024/02/14 06:24:27.00,462929.0668,5633320.5453,2947758.0805
2024/02/14 06:24:28.00,462928.9523,5633318.7883,2947761.4466
2024/02/14 06:24:29.00,462930.2643,5633315.9325,2947764.0879
2024/02/14 06:24:30.00,462928.9888,5633315.7776,2947767.189
2024/02/14 06:24:31.00,462929.2049,5633314.4827,2947769.6398
2024/02/14 06:24:32.00,462929.4388,5633313.5919,2947771.2902
2024/02/14 06:24:33.00,462929.5574,5633313.1578,2947772.1176
2024/02/14 06:24:34.00,462929.6972,5633312.7818,2947772.7642
2024/02/14 06:24:35.00,462930.6195,5633313.6818,2947773.6617
2024/02/14 06:24:36.00,462929.9533,5633312.0155,2947774.2287
2024/02/14 06:24:37.00,462930.1925,5633311.3976,2947775.4139
2024/02/14 06:24:38.00,462931.2864,5633311.9587,2947776.8932
2024/02/14 06:24:39.00,462930.8226,5633310.1083,2947777.7677
2024/02/14 06:24:40.00,462931.2154,5633309.4839,2947778.8798
2024/02/14 06:24:41.00,462931.5691,5633308.9427,2947779.9052
2024/02/14 06:24:42.00,462932.709,5633309.6842,2947781.0323
2024/02/14 06:24:43.00,462932.2181,5633308.0558,2947781.4834
2024/02/14 06:24:44.00,462932.6997,5633307.4817,2947782.5637
2024/02/14 06:24:45.00,462932.5261,5633306.4779,2947785.0422
2024/02/14 06:24:46.00,462934.133,5633305.8549,2947785.4116
2024/02/14 06:24:47.00,462935.0442,5633304.9592,2947787.022
2024/02/14 06:24:48.00,462935.7843,5633304.1962,2947788.4166
2024/02/14 06:24:49.00,462936.4864,5633303.5026,2947789.5962
2024/02/14 06:24:50.00,462937.0399,5633302.9671,2947790.5926
2024/02/14 06:24:51.00,462934.1884,5633307.6126,2947796.978
2024/02/14 06:24:52.00,462936.935,5633303.7747,2947792.8003
2024/02/14 06:24:53.00,462937.9741,5633304.0617,2947791.0181
2024/02/14 06:24:54.00,462936.2435,5633303.031,2947793.0004
2024/02/14 06:24:55.00,462936.2447,5633303.0326,2947792.9995
2024/02/14 06:24:56.00,462936.2454,5633303.0287,2947792.9992
2024/02/14 06:24:57.00,462936.2458,5633303.0337,2947793.0012
2024/02/14 06:24:58.00,462940.7314,5633300.2087,2947786.8076
2024/02/14 06:24:59.00,462940.7318,5633300.214,2947786.8112
2024/02/14 06:25:00.00,462938.2864,5633301.3828,2947789.2954
2024/02/14 06:25:01.00,462936.3209,5633302.9832,2947793.1717
2024/02/14 06:25:02.00,462936.8174,5633302.5071,2947793.951
2024/02/14 06:25:03.00,462937.8052,5633305.0913,2947796.2144
2024/02/14 06:25:04.00,462939.6742,5633300.4854,2947795.1415
2024/02/14 06:25:05.00,462938.7336,5633298.3109,2947801.1138
2024/02/14 06:25:06.00,462943.0668,5633298.118,2947800.0009
2024/02/14 06:25:07.00,462943.4561,5633295.2035,2947803.5121
2024/02/14 06:25:11.00,462952.0311,5633289.9141,2947814.9809
2024/02/14 06:25:12.00,462953.4546,5633288.4547,2947818.4593
2024/02/14 06:25:13.00,462954.8237,5633287.203,2947822.338
2024/02/14 06:25:14.00,462955.0185,5633284.2296,2947825.5574
2024/02/14 06:25:15.00,462958.4302,5633284.0423,2947826.0045
2024/02/14 06:25:16.00,462958.7038,5633282.5042,2947829.7065
2024/02/14 06:25:17.00,462959.0247,5633281.1399,2947832.4391
2024/02/14 06:25:18.00,462960.1287,5633280.6527,2947834.0299
2024/02/14 06:25:19.00,462960.6278,5633279.7743,2947835.8009
2024/02/14 06:25:20.00,462961.586,5633277.4123,2947837.4245
2024/02/14 06:25:21.00,462961.7794,5633277.9097,2947838.0501
2024/02/14 06:25:22.00,462961.123,5633276.6624,2947841.0245
2024/02/14 06:25:23.00,462962.2917,5633275.8272,2947840.5527
2024/02/14 06:25:24.00,462963.7037,5633274.9433,2947841.7478
2024/02/14 06:25:25.00,462962.2582,5633273.7759,2947844.0014
2024/02/14 06:25:26.00,462963.3174,5633275.2327,2947841.5198
2024/02/14 06:25:27.00,462962.6892,5633274.8107,2947843.4767
2024/02/14 06:25:28.00,462963.0714,5633274.737,2947843.5939
2024/02/14 06:25:29.00,462963.3627,5633274.6599,2947843.6886
2024/02/14 06:25:30.00,462963.7595,5633274.5685,2947843.8198
2024/02/14 06:25:31.00,462965.0359,5633275.8598,2947844.5542
2024/02/14 06:25:32.00,462964.7524,5633274.3916,2947843.9334
2024/02/14 06:25:33.00,462965.1986,5633274.2924,2947844.0863
2024/02/14 06:25:34.00,462965.721,5633274.182,2947844.201
2024/02/14 06:25:35.00,462966.7061,5633272.6512,2947845.163
2024/02/14 06:25:36.00,462967.033,5633273.8066,2947844.4713
2024/02/14 06:25:37.00,462967.5783,5633273.6352,2947844.6909
2024/02/14 06:25:38.00,462967.7651,5633273.6207,2947844.7967
2024/02/14 06:25:39.00,462967.6125,5633270.8603,2947844.4552
2024/02/14 06:25:40.00,462968.4923,5633272.1598,2947845.841
2024/02/14 06:25:41.00,462968.8111,5633273.2743,2947845.0968
2024/02/14 06:25:42.00,462968.4013,5633271.8677,2947843.8408
2024/02/14 06:25:43.00,462968.8061,5633273.2785,2947845.1098
2024/02/14 06:25:44.00,462968.9411,5633273.2663,2947845.1117
2024/02/14 06:25:45.00,462968.7004,5633270.2881,2947844.623
2024/02/14 06:25:46.00,462969.3753,5633273.2102,2947845.1247
2024/02/14 06:25:47.00,462971.0346,5633275.0094,2947845.1901
2024/02/14 06:25:48.00,462970.4802,5633270.217,2947845.0924
2024/02/14 06:25:49.00,462972.1475,5633273.9197,2947845.758
2024/02/14 06:25:51.00,462975.3466,5633275.8394,2947844.4631
2024/02/14 06:25:52.00,462976.39,5633272.9875,2947845.4856
2024/02/14 06:25:55.00,462981.2379,5633273.2311,2947845.7731
2024/02/14 06:25:56.00,462982.9284,5633272.8541,2947845.6265
2024/02/14 06:25:59.00,462988.6312,5633272.2936,2947845.3702
2024/02/14 06:26:00.00,462989.7271,5633269.9281,2947847.9461
2024/02/14 06:26:01.00,462992.8199,5633272.7468,2947844.4909
2024/02/14 06:26:02.00,462995.5512,5633275.9884,2947841.5113
2024/02/14 06:26:03.00,462996.7979,5633272.4098,2947844.0393
2024/02/14 06:26:04.00,462998.1139,5633271.6054,2947844.1167
2024/02/14 06:26:05.00,462999.8038,5633269.9277,2947842.7262
2024/02/14 06:26:06.00,463001.607,5633271.1282,2947845.5911
2024/02/14 06:26:07.00,463003.0947,5633269.4556,2947847.1548
2024/02/14 06:26:08.00,463005.0257,5633268.8773,2947847.9721
2024/02/14 06:26:09.00,463006.2214,5633267.7148,2947846.5605
2024/02/14 06:26:10.00,463009.1351,5633268.5791,2947845.1375
2024/02/14 06:26:11.00,463010.0766,5633269.9889,2947844.4678
2024/02/14 06:26:12.00,463010.1834,5633270.5979,2947846.8147
2024/02/14 06:26:13.00,463010.3978,5633270.7379,2947846.6037
2024/02/14 06:26:14.00,463011.29,5633267.3286,2947844.3258
2024/02/14 06:26:15.00,463011.3708,5633268.5534,2947844.1607
2024/02/14 06:26:16.00,463012.941,5633269.8197,2947844.9593
2024/02/14 06:26:17.00,463013.7809,5633269.993,2947845.1574
2024/02/14 06:26:18.00,463014.0901,5633266.9327,2947844.7944
2024/02/14 06:26:19.00,463015.381,5633269.7799,2947845.3418
2024/02/14 06:26:20.00,463016.1602,5633269.4652,2947845.2825
2024/02/14 06:26:21.00,463017.3104,5633266.6049,2947845.0172
2024/02/14 06:26:22.00,463020.277,5633272.3693,2947845.4618
2024/02/14 06:26:23.00,463022.4233,5633269.515,2947845.0551
2024/02/14 06:26:24.00,463025.1658,5633270.3319,2947844.9448
2024/02/14 06:26:26.00,463031.4259,5633269.3108,2947845.192
2024/02/14 06:26:27.00,463035.2559,5633271.0476,2947842.5467
2024/02/14 06:26:28.00,463037.567,5633264.7162,2947850.6936
2024/02/14 06:26:29.00,463043.0098,5633269.6432,2947843.6686
2024/02/14 06:26:30.00,463046.6616,5633268.1343,2947847.0938
2024/02/14 06:26:31.00,463049.962,5633266.545,2947848.6125
2024/02/14 06:26:33.00,463059.3066,5633268.7975,2947846.0696
2024/02/14 06:26:34.00,463062.2759,5633267.2109,2947845.3639
2024/02/14 06:26:35.00,463065.7043,5633266.8386,2947845.379
2024/02/14 06:26:37.00,463073.0252,5633267.1474,2947845.8492
2024/02/14 06:26:38.00,463075.0091,5633265.3338,2947848.472
2024/02/14 06:26:39.00,463079.1235,5633266.9517,2947845.8815
2024/02/14 06:26:40.00,463081.813,5633266.5406,2947846.072
2024/02/14 06:26:41.00,463085.9784,5633270.2602,2947844.6198
2024/02/14 06:26:42.00,463087.0137,5633266.2111,2947846.5019
2024/02/14 06:26:43.00,463089.7227,5633265.6792,2947847.3179
2024/02/14 06:26:44.00,463092.2511,5633264.818,2947848.7567
2024/02/14 06:26:45.00,463094.0837,5633263.5273,2947851.137
2024/02/14 06:26:46.00,463095.1227,5633261.9636,2947854.0454
2024/02/14 06:26:47.00,463096.5072,5633261.4801,2947857.5033
2024/02/14 06:26:48.00,463095.7352,5633258.3926,2947860.9331
2024/02/14 06:26:49.00,463095.511,5633256.2288,2947864.8999
2024/02/14 06:26:50.00,463095.2023,5633253.8975,2947868.672
2024/02/14 06:26:51.00,463095.1225,5633252.1725,2947872.6182
2024/02/14 06:26:52.00,463094.6824,5633250.1478,2947876.4536
2024/02/14 06:26:53.00,463092.3828,5633245.5746,2947880.0777
2024/02/14 06:26:54.00,463089.8561,5633241.0652,2947883.949
2024/02/14 06:26:55.00,463092.1455,5633243.7146,2947889.2137
2024/02/14 06:26:56.00,463091.2633,5633241.7918,2947893.1023
2024/02/14 06:26:57.00,463090.4566,5633239.8313,2947896.9506
2024/02/14 06:26:58.00,463089.6638,5633237.7808,2947901.1908
2024/02/14 06:26:59.00,463088.4035,5633232.8328,2947905.5733
2024/02/14 06:27:00.00,463087.8616,5633232.8983,2947910.6389
2024/02/14 06:27:01.00,463088.1081,5633232.0049,2947916.4059
2024/02/14 06:27:03.00,463084.9674,5633225.4566,2947928.6841
2024/02/14 06:27:04.00,463082.322,5633219.2382,2947932.6845
2024/02/14 06:27:06.00,463079.5637,5633216.2563,2947944.96
2024/02/14 06:27:13.00,463085.7511,5633197.1622,2947979.1134
2024/02/14 06:27:14.00,463088.5712,5633195.3847,2947981.6859
2024/02/14 06:27:15.00,463093.3033,5633195.5013,2947983.638
2024/02/14 06:27:16.00,463098.0221,5633194.9596,2947984.0523
2024/02/14 06:27:17.00,463103.4383,5633194.1615,2947984.3643
2024/02/14 06:27:18.00,463109.7051,5633194.937,2947982.8097
2024/02/14 06:27:19.00,463116.2999,5633194.9768,2947982.0633
2024/02/14 06:27:20.00,463123.267,5633195.0907,2947981.2196
2024/02/14 06:27:21.00,463130.4532,5633195.1721,2947980.5983
2024/02/14 06:27:22.00,463137.719,5633195.2545,2947980.0568
2024/02/14 06:27:23.00,463145.0362,5633195.2686,2947979.5322
2024/02/14 06:27:24.00,463152.4157,5633195.1719,2947979.1247
2024/02/14 06:27:25.00,463159.8743,5633194.9004,2947979.0604
2024/02/14 06:27:26.00,463167.3291,5633194.5565,2947979.1554
2024/02/14 06:27:27.00,463174.6503,5633193.9606,2947979.71
2024/02/14 06:27:28.00,463181.7044,5633193.1811,2947980.7609
2024/02/14 06:27:29.00,463188.5243,5633192.1217,2947982.4506
2024/02/14 06:27:30.00,463195.2386,5633190.9145,2947984.531
2024/02/14 06:27:31.00,463201.8736,5633189.7041,2947986.8364
2024/02/14 06:27:32.00,463208.441,5633188.5248,2947989.2754
2024/02/14 06:27:33.00,463214.964,5633187.2585,2947991.8645
2024/02/14 06:27:34.00,463221.4164,5633185.9708,2947994.6161
2024/02/14 06:27:35.00,463227.8697,5633184.6168,2947997.3323
2024/02/14 06:27:36.00,463233.7263,5633180.5863,2948000.4606
2024/02/14 06:27:37.00,463241.761,5633182.1802,2948000.9465
2024/02/14 06:27:38.00,463246.9767,5633180.7632,2948005.7145
2024/02/14 06:27:39.00,463253.3318,5633179.7711,2948008.6609
2024/02/14 06:27:40.00,463259.4314,5633178.2442,2948011.2215
2024/02/14 06:27:41.00,463265.6627,5633176.9159,2948013.9731
2024/02/14 06:27:42.00,463271.4894,5633172.9773,2948016.9146
2024/02/14 06:27:43.00,463278.6189,5633174.5737,2948019.3246
2024/02/14 06:27:44.00,463285.2075,5633173.3042,2948021.807
2024/02/14 06:27:45.00,463291.9711,5633172.1337,2948023.9333
2024/02/14 06:27:46.00,463298.5435,5633171.0269,2948025.7686
2024/02/14 06:27:47.00,463304.4385,5633169.8307,2948027.1128
2024/02/14 06:27:48.00,463309.9923,5633168.8554,2948028.4423
2024/02/14 06:27:49.00,463315.5984,5633167.8908,2948029.7842
2024/02/14 06:27:50.00,463321.0438,5633166.9463,2948031.025
2024/02/14 06:27:51.00,463326.0456,5633166.1209,2948032.1074
2024/02/14 06:27:52.00,463331.0329,5633165.2695,2948033.185
2024/02/14 06:27:53.00,463336.1886,5633164.1203,2948034.837
2024/02/14 06:27:54.00,463340.2942,5633160.9534,2948036.6076
2024/02/14 06:27:55.00,463346.5429,5633163.3848,2948038.6694
2024/02/14 06:27:56.00,463352.3137,5633160.0295,2948041.4592
2024/02/14 06:27:57.00,463358.7084,5633159.0194,2948042.6641
2024/02/14 06:27:58.00,463365.829,5633157.9981,2948043.5204
2024/02/14 06:27:59.00,463373.2563,5633156.8571,2948044.6076
2024/02/14 06:28:00.00,463380.5015,5633155.6052,2948045.922
2024/02/14 06:28:01.00,463387.6449,5633154.2547,2948047.3937
2024/02/14 06:28:02.00,463394.9366,5633152.7099,2948049.267
2024/02/14 06:28:03.00,463402.6015,5633151.1933,2948051.0844
2024/02/14 06:28:04.00,463410.7639,5633149.6362,2948052.9274
2024/02/14 06:28:05.00,463419.3316,5633147.8884,2948054.9531
2024/02/14 06:28:06.00,463428.282,5633145.9819,2948057.2431
2024/02/14 06:28:07.00,463437.4436,5633144.0963,2948059.4148
2024/02/14 06:28:08.00,463447.4942,5633146.0804,2948061.2959
2024/02/14 06:28:09.00,463455.3834,5633140.3407,2948063.7724
2024/02/14 06:28:10.00,463463.9018,5633138.4876,2948066.1403
2024/02/14 06:28:11.00,463472.0805,5633136.6288,2948068.5683
2024/02/14 06:28:12.00,463480.1679,5633134.6787,2948071.1322
2024/02/14 06:28:13.00,463488.3923,5633132.7142,2948073.7147
2024/02/14 06:28:14.00,463496.894,5633130.7751,2948076.0718
2024/02/14 06:28:15.00,463505.647,5633128.8868,2948078.3116
2024/02/14 06:28:16.00,463514.6296,5633127.0493,2948080.4542
2024/02/14 06:28:17.00,463523.7348,5633125.1339,2948082.6825
2024/02/14 06:28:18.00,463532.8459,5633123.0798,2948085.2299
2024/02/14 06:28:19.00,463541.9657,5633120.975,2948088.0101
2024/02/14 06:28:20.00,463551.0194,5633118.8052,2948090.9348
2024/02/14 06:28:21.00,463559.7633,5633116.6562,2948093.8166
2024/02/14 06:28:22.00,463568.3459,5633114.821,2948096.1874
2024/02/14 06:28:23.00,463576.3025,5633113.26,2948098.0509
2024/02/14 06:28:24.00,463583.1914,5633111.9991,2948099.5624
2024/02/14 06:28:25.00,463589.9533,5633110.7933,2948100.9159
2024/02/14 06:28:26.00,463596.8348,5633109.4881,2948102.4033
2024/02/14 06:28:27.00,463603.9307,5633108.1816,2948103.8609
2024/02/14 06:28:28.00,463611.2392,5633106.8276,2948105.3468
2024/02/14 06:28:29.00,463618.7786,5633105.4202,2948107.0392
2024/02/14 06:28:30.00,463626.5795,5633103.8079,2948109.0187
2024/02/14 06:28:31.00,463634.6302,5633102.0783,2948111.1756
2024/02/14 06:28:32.00,463642.8746,5633100.1604,2948113.6494
2024/02/14 06:28:33.00,463651.2935,5633098.1233,2948116.4004
2024/02/14 06:28:34.00,463659.7865,5633095.9007,2948119.551
2024/02/14 06:28:35.00,463668.3768,5633093.5921,2948122.9112
2024/02/14 06:28:36.00,463677.1718,5633091.3287,2948126.1486
2024/02/14 06:28:37.00,463686.3555,5633089.2462,2948128.8373
2024/02/14 06:28:38.00,463695.6454,5633087.0746,2948131.7342
2024/02/14 06:28:39.00,463705.0386,5633084.823,2948134.7628
2024/02/14 06:28:40.00,463714.6492,5633082.5817,2948137.6961
2024/02/14 06:28:41.00,463724.4165,5633080.2731,2948140.7062
2024/02/14 06:28:42.00,463734.2666,5633077.9061,2948143.9214
2024/02/14 06:28:43.00,463744.2901,5633075.5306,2948146.9907
2024/02/14 06:28:44.00,463754.4347,5633073.0999,2948150.1009
2024/02/14 06:28:45.00,463764.6145,5633070.5929,2948153.4084
2024/02/14 06:28:46.00,463774.7904,5633068.0497,2948156.8709
2024/02/14 06:28:47.00,463785.1111,5633065.5364,2948160.1133
2024/02/14 06:28:48.00,463795.5284,5633063.0798,2948163.2405
2024/02/14 06:28:49.00,463806.0565,5633060.7288,2948166.2163
2024/02/14 06:28:50.00,463815.5284,5633058.2156,2948171.2583
2024/02/14 06:28:51.00,463827.0088,5633059.5793,2948174.1638
2024/02/14 06:28:52.00,463837.5742,5633053.3792,2948175.67
2024/02/14 06:28:53.00,463847.8573,5633050.9422,2948178.8367
2024/02/14 06:28:54.00,463857.9039,5633048.5355,2948182.0246
2024/02/14 06:28:55.00,463867.7664,5633046.2043,2948185.0682
2024/02/14 06:28:56.00,463877.3938,5633043.9733,2948188.011
2024/02/14 06:28:57.00,463885.7705,5633041.7402,2948192.844
2024/02/14 06:28:58.00,463896.2913,5633039.7646,2948193.6523
2024/02/14 06:28:59.00,463905.6797,5633037.6759,2948196.4541
2024/02/14 06:29:00.00,463914.9616,5633035.5312,2948199.4241
2024/02/14 06:29:01.00,463923.4732,5633029.7108,2948201.6953
2024/02/14 06:29:02.00,463933.7652,5633032.9098,2948207.7839
2024/02/14 06:29:03.00,463942.7613,5633025.6482,2948207.0825
2024/02/14 06:29:04.00,463953.4049,5633027.2672,2948210.4226
2024/02/14 06:29:05.00,463963.2657,5633025.1529,2948213.2079
2024/02/14 06:29:06.00,463973.1127,5633022.9701,2948216.2002
2024/02/14 06:29:07.00,463983.0171,5633020.7875,2948219.2195
2024/02/14 06:29:08.00,463993.0222,5633018.5842,2948222.1067
2024/02/14 06:29:09.00,464003.0344,5633016.3549,2948225.1241
2024/02/14 06:29:10.00,464013.0217,5633014.0902,2948228.317
2024/02/14 06:29:11.00,464023.0156,5633011.7891,2948231.4985
2024/02/14 06:29:12.00,464033.0316,5633009.4908,2948234.6702
2024/02/14 06:29:13.00,464042.9852,5633007.1192,2948238.0329
2024/02/14 06:29:14.00,464053.0075,5633004.7841,2948241.2487
2024/02/14 06:29:15.00,464063.1001,5633002.5783,2948244.2404
2024/02/14 06:29:16.00,464073.053,5633000.355,2948247.158
2024/02/14 06:29:17.00,464082.3416,5632997.9215,2948250.1111
2024/02/14 06:29:18.00,464091.5925,5632995.9944,2948253.4015
2024/02/14 06:29:19.00,464100.4684,5632993.7128,2948256.6849
2024/02/14 06:29:20.00,464109.1443,5632991.3963,2948260.1214
2024/02/14 06:29:21.00,464117.6329,5632989.0407,2948263.6815
2024/02/14 06:29:22.00,464125.9954,5632986.6477,2948267.2245
2024/02/14 06:29:23.00,464134.3717,5632984.371,2948270.5448
2024/02/14 06:29:24.00,464142.7122,5632982.1549,2948273.7824
2024/02/14 06:29:25.00,464151.2431,5632980.1459,2948276.56
2024/02/14 06:29:26.00,464159.9721,5632978.2725,2948279.0182
2024/02/14 06:29:27.00,464168.7552,5632976.2988,2948281.6101
2024/02/14 06:29:28.00,464177.5469,5632973.4999,2948284.308
2024/02/14 06:29:29.00,464185.7239,5632971.1749,2948287.5799
2024/02/14 06:29:30.00,464193.7035,5632969.0736,2948290.5209
2024/02/14 06:29:31.00,464201.0082,5632967.9226,2948293.6036
2024/02/14 06:29:32.00,464207.883,5632966.1286,2948296.2417
2024/02/14 06:29:33.00,464214.1946,5632964.2501,2948299.097
2024/02/14 06:29:34.00,464219.9283,5632962.2909,2948302.2364
2024/02/14 06:29:35.00,464224.9581,5632960.0603,2948305.9682
2024/02/14 06:29:36.00,464229.2064,5632957.5172,2948310.4135
2024/02/14 06:29:37.00,464232.6199,5632954.3173,2948316.1456
2024/02/14 06:29:39.00,464237.243,5632948.0037,2948326.5267
2024/02/14 06:29:40.00,464239.1452,5632946.9291,2948330.9423
2024/02/14 06:29:41.00,464239.5478,5632944.2668,2948334.7167
2024/02/14 06:29:42.00,464239.6035,5632942.108,2948338.8462
2024/02/14 06:29:43.00,464239.072,5632939.8365,2948343.3674
2024/02/14 06:29:44.00,464237.9449,5632937.3351,2948348.4371
2024/02/14 06:29:45.00,464236.2721,5632934.571,2948354.1495
2024/02/14 06:29:46.00,464234.2146,5632931.5052,2948360.3913
2024/02/14 06:29:47.00,464231.9066,5632928.4769,2948366.6745
2024/02/14 06:29:48.00,464229.5059,5632925.4857,2948372.82
2024/02/14 06:29:49.00,464227.0821,5632922.3532,2948379.162
2024/02/14 06:29:50.00,464224.6364,5632919.0794,2948385.8285
2024/02/14 06:29:51.00,464222.2103,5632915.563,2948392.8492
2024/02/14 06:29:52.00,464219.5077,5632911.896,2948400.199
2024/02/14 06:29:53.00,464216.6354,5632908.105,2948407.8678
2024/02/14 06:29:54.00,464213.6464,5632904.1234,2948415.8494
2024/02/14 06:29:55.00,464210.432,5632900.0661,2948424.0547
2024/02/14 06:29:56.00,464207.2579,5632895.8453,2948432.5377
2024/02/14 06:29:57.00,464203.9377,5632891.6473,2948441.0277
2024/02/14 06:29:58.00,464200.6284,5632887.6538,2948449.1176
2024/02/14 06:29:59.00,464197.4194,5632883.8172,2948456.9681
2024/02/14 06:30:00.00,464193.8949,5632880.0115,2948464.918
2024/02/14 06:30:01.00,464190.4059,5632875.96,2948473.0726
2024/02/14 06:30:02.00,464186.9832,5632871.7228,2948481.4974
2024/02/14 06:30:03.00,464183.5053,5632867.396,2948490.1789
2024/02/14 06:30:04.00,464180.0553,5632862.975,2948499.094
2024/02/14 06:30:05.00,464176.5028,5632858.454,2948508.1721
2024/02/14 06:30:06.00,464172.8136,5632853.8809,2948517.3411
2024/02/14 06:30:07.00,464168.9429,5632849.3336,2948526.6021
2024/02/14 06:30:08.00,464165.042,5632844.6733,2948535.955
2024/02/14 06:30:09.00,464161.082,5632840.0273,2948545.3889
2024/02/14 06:30:10.00,464157.109,5632835.4125,2948554.8669
2024/02/14 06:30:11.00,464153.3133,5632830.7864,2948564.145
2024/02/14 06:30:12.00,464149.7505,5632826.1969,2948573.2688
2024/02/14 06:30:13.00,464146.2889,5632821.7726,2948582.2751
2024/02/14 06:30:14.00,464143.1552,5632817.3325,2948591.1303
2024/02/14 06:30:15.00,464140.203,5632812.9134,2948599.8047
2024/02/14 06:30:16.00,464137.4887,5632810.1792,2948608.3933
2024/02/14 06:30:17.00,464134.6198,5632805.9775,2948616.7607
2024/02/14 06:30:18.00,464130.6984,5632800.7988,2948624.7749
2024/02/14 06:30:19.00,464128.3475,5632795.9901,2948633.3564
2024/02/14 06:30:20.00,464124.4167,5632791.9535,2948641.5756
2024/02/14 06:30:21.00,464120.4515,5632788.1271,2948649.5998
2024/02/14 06:30:22.00,464117.0066,5632784.6002,2948656.7836
2024/02/14 06:30:23.00,464113.9559,5632781.3579,2948663.42
2024/02/14 06:30:24.00,464111.4159,5632778.3511,2948669.5794
2024/02/14 06:30:25.00,464109.0921,5632775.3602,2948675.7432
2024/02/14 06:30:26.00,464106.8743,5632772.1925,2948682.0137
2024/02/14 06:30:27.00,464104.7829,5632769.296,2948688.007
2024/02/14 06:30:28.00,464103.1685,5632766.4981,2948693.686
2024/02/14 06:30:29.00,464101.8796,5632763.8855,2948699.0756
2024/02/14 06:30:30.00,464101.2726,5632761.7205,2948703.4782
2024/02/14 06:30:31.00,464101.6641,5632760.0179,2948706.7846
2024/02/14 06:30:32.00,464103.3668,5632759.769,2948710.0437
2024/02/14 06:30:36.00,464109.2008,5632754.2722,2948717.9506
2024/02/14 06:30:37.00,464110.4941,5632752.6414,2948720.0931
2024/02/14 06:30:38.00,464113.8036,5632753.409,2948721.5902
2024/02/14 06:30:39.00,464112.3781,5632751.9333,2948721.2182
2024/02/14 06:30:40.00,464113.2919,5632751.5756,2948721.8241
2024/02/14 06:30:41.00,464115.8788,5632750.5023,2948722.9109
2024/02/14 06:30:42.00,464116.3341,5632748.3869,2948724.2741
2024/02/14 06:30:43.00,464117.9956,5632749.7178,2948725.1525
2024/02/14 06:30:44.00,464119.6084,5632749.209,2948726.0783
2024/02/14 06:30:45.00,464121.4544,5632748.6401,2948727.2511
2024/02/14 06:30:46.00,464123.6418,5632747.8979,2948728.7424
2024/02/14 06:30:47.00,464127.1147,5632748.7047,2948731.357
2024/02/14 06:30:48.00,464130.0297,5632748.6847,2948733.2602
2024/02/14 06:30:49.00,464131.5582,5632745.0862,2948734.5267
2024/02/14 06:30:50.00,464134.2086,5632744.1296,2948736.5876
2024/02/14 06:30:51.00,464136.9132,5632745.4022,2948739.2012
2024/02/14 06:30:52.00,464138.4085,5632741.8622,2948741.6928
2024/02/14 06:30:53.00,464139.6621,5632740.5563,2948744.6859
2024/02/14 06:30:54.00,464140.3123,5632739.118,2948747.9022
2024/02/14 06:30:55.00,464140.4244,5632737.705,2948751.2079
2024/02/14 06:30:56.00,464140.3689,5632735.8493,2948753.9132
2024/02/14 06:30:57.00,464139.5346,5632734.8356,2948757.8295
2024/02/14 06:30:58.00,464139.9898,5632735.6918,2948762.2863
2024/02/14 06:30:59.00,464138.939,5632734.1032,2948766.0081
2024/02/14 06:31:00.00,464137.7863,5632732.1254,2948769.2607
2024/02/14 06:31:01.00,464135.1148,5632728.4649,2948772.8094
2024/02/14 06:31:02.00,464133.7051,5632726.7735,2948776.7357
2024/02/14 06:31:03.00,464132.2699,5632725.0702,2948780.6355
2024/02/14 06:31:04.00,464130.8263,5632723.3799,2948784.5488
2024/02/14 06:31:05.00,464129.4408,5632721.6043,2948788.4974
2024/02/14 06:31:06.00,464128.019,5632719.7702,2948792.5249
2024/02/14 06:31:07.00,464126.619,5632717.8895,2948796.4761
2024/02/14 06:31:08.00,464125.2702,5632716.122,2948800.1686
2024/02/14 06:31:09.00,464123.9645,5632714.3009,2948803.9092
2024/02/14 06:31:10.00,464122.7549,5632712.1926,2948808.0996
2024/02/14 06:31:11.00,464122.1736,5632715.2235,2948812.9595
2024/02/14 06:31:12.00,464121.4381,5632706.9097,2948818.0861
2024/02/14 06:31:13.00,464121.262,5632703.8851,2948823.5333
2024/02/14 06:31:14.00,464120.9686,5632700.7781,2948829.1546
2024/02/14 06:31:15.00,464120.9005,5632697.7736,2948834.2819
2024/02/14 06:31:16.00,464119.9975,5632694.5476,2948840.4172
2024/02/14 06:31:17.00,464120.9488,5632693.5916,2948845.2155
2024/02/14 06:31:18.00,464119.613,5632691.0238,2948851.1367
2024/02/14 06:31:19.00,464118.305,5632687.2103,2948854.4881
2024/02/14 06:31:20.00,464117.5725,5632685.0532,2948858.6641
2024/02/14 06:31:21.00,464116.726,5632682.9378,2948862.8299
2024/02/14 06:31:22.00,464115.7029,5632680.7807,2948867.0296
2024/02/14 06:31:23.00,464114.7728,5632678.7814,2948870.8492
2024/02/14 06:31:24.00,464113.8525,5632677.0366,2948874.3727
2024/02/14 06:31:25.00,464113.0211,5632675.3381,2948877.7835
2024/02/14 06:31:26.00,464112.245,5632673.7013,2948881.0612
2024/02/14 06:31:27.00,464111.5639,5632672.3928,2948883.6267
2024/02/14 06:31:28.00,464110.6563,5632671.125,2948886.2061
2024/02/14 06:31:29.00,464109.6144,5632669.7047,2948889.1293
2024/02/14 06:31:30.00,464108.4422,5632668.0972,2948892.397
2024/02/14 06:31:31.00,464107.1139,5632666.2808,2948896.0781
2024/02/14 06:31:32.00,464105.5829,5632664.2236,2948900.2386
2024/02/14 06:31:33.00,464103.9603,5632662.0452,2948904.7419
2024/02/14 06:31:34.00,464102.1519,5632658.6933,2948908.2479
2024/02/14 06:31:35.00,464101.1437,5632657.6247,2948913.8577
2024/02/14 06:31:36.00,464099.311,5632654.7604,2948917.8465
2024/02/14 06:31:37.00,464098.5755,5632653.8015,2948921.8279
2024/02/14 06:31:38.00,464099.0269,5632651.024,2948925.7827
2024/02/14 06:31:39.00,464096.1413,5632652.5672,2948927.851
2024/02/14 06:31:40.00,464095.32,5632651.7286,2948929.6531
2024/02/14 06:31:41.00,464093.1309,5632651.652,2948930.2167
2024/02/14 06:31:42.00,464093.4836,5632650.1527,2948933.2657
2024/02/14 06:31:43.00,464092.614,5632648.639,2948935.0217
2024/02/14 06:31:44.00,464090.6075,5632646.6289,2948938.007
2024/02/14 06:31:45.00,464089.0082,5632645.6024,2948940.5843
2024/02/14 06:31:46.00,464087.3539,5632644.4578,2948943.5105
2024/02/14 06:31:47.00,464085.8816,5632643.2362,2948946.6765
2024/02/14 06:31:48.00,464084.8011,5632641.9977,2948949.8685
2024/02/14 06:31:49.00,464084.1377,5632640.8834,2948952.6465
2024/02/14 06:31:50.00,464083.8363,5632640.0403,2948954.6526
2024/02/14 06:31:51.00,464083.7687,5632639.5372,2948955.9639
2024/02/14 06:31:52.00,464083.814,5632638.9037,2948957.5892
2024/02/14 06:31:53.00,464084.2106,5632638.2098,2948959.3648
2024/02/14 06:31:54.00,464085.0612,5632637.5259,2948961.1218
2024/02/14 06:31:55.00,464086.2861,5632636.7801,2948963.0076
2024/02/14 06:31:56.00,464087.9667,5632636.1472,2948964.653
2024/02/14 06:31:57.00,464089.9179,5632635.6356,2948966.0152
2024/02/14 06:31:58.00,464091.9305,5632635.1758,2948967.3011
2024/02/14 06:31:59.00,464094.036,5632634.7416,2948968.4579
2024/02/14 06:32:00.00,464096.1902,5632634.3707,2948969.5404
2024/02/14 06:32:01.00,464098.3384,5632633.983,2948970.6096
2024/02/14 06:32:02.00,464100.53,5632633.6485,2948971.6218
2024/02/14 06:32:03.00,464102.6471,5632633.2292,2948972.8036
2024/02/14 06:32:04.00,464104.7272,5632632.7473,2948974.0616
2024/02/14 06:32:05.00,464106.7089,5632632.2815,2948975.3805
2024/02/14 06:32:06.00,464108.6222,5632631.6977,2948976.8771
2024/02/14 06:32:07.00,464110.3996,5632631.246,2948978.7974
2024/02/14 06:32:08.00,464111.8602,5632630.5361,2948980.5598
2024/02/14 06:32:09.00,464113.0038,5632627.6822,2948982.3921
2024/02/14 06:32:10.00,464113.8044,5632628.8495,2948983.886
2024/02/14 06:32:11.00,464114.4692,5632627.991,2948985.9319
2024/02/14 06:32:12.00,464114.8663,5632627.2212,2948988.0706
2024/02/14 06:32:13.00,464115.1571,5632626.4784,2948990.1462
2024/02/14 06:32:14.00,464115.5788,5632625.7632,2948992.1539
2024/02/14 06:32:15.00,464115.9491,5632625.1356,2948994.162
2024/02/14 06:32:16.00,464116.6201,5632624.4467,2948996.0585
2024/02/14 06:32:17.00,464117.606,5632623.7743,2948997.8496
2024/02/14 06:32:18.00,464118.0438,5632625.8415,2949000.7142
2024/02/14 06:32:19.00,464119.9962,5632622.4377,2949001.3463
2024/02/14 06:32:20.00,464120.9966,5632623.0919,2949005.583
