GPST,x_y,y_y,z_y
2024/02/14 04:19:28.00,461329.7312,5634437.3436,2945930.4972
2024/02/14 04:19:29.00,461329.7306,5634437.3439,2945930.4982
2024/02/14 04:19:30.00,461329.7314,5634437.3448,2945930.4986
2024/02/14 04:19:31.00,461329.732,5634437.3434,2945930.4957
2024/02/14 04:19:32.00,461329.7305,5634437.3434,2945930.4974
2024/02/14 04:19:33.00,461329.7305,5634437.3418,2945930.4962
2024/02/14 04:19:34.00,461329.7303,5634437.3447,2945930.4969
2024/02/14 04:19:35.00,461329.7305,5634437.3455,2945930.4972
2024/02/14 04:19:36.00,461329.7312,5634437.344,2945930.4972
2024/02/14 04:19:37.00,461329.7303,5634437.3456,2945930.4975
2024/02/14 04:19:38.00,461329.7305,5634437.345,2945930.4965
2024/02/14 04:19:39.00,461329.7303,5634437.3453,2945930.4977
2024/02/14 04:19:40.00,461329.7309,5634437.3432,2945930.4963
2024/02/14 04:19:41.00,461329.7309,5634437.3429,2945930.4961
2024/02/14 04:19:42.00,461329.7302,5634437.3435,2945930.4975
2024/02/14 04:19:43.00,461329.7306,5634437.3458,2945930.4986
2024/02/14 04:19:44.00,461329.7304,5634437.3436,2945930.4974
2024/02/14 04:19:45.00,461329.7311,5634437.3434,2945930.4983
2024/02/14 04:19:46.00,461329.7325,5634437.354,2945930.5025
2024/02/14 04:19:47.00,461329.7309,5634437.3456,2945930.4975
2024/02/14 04:19:48.00,461329.7314,5634437.3448,2945930.4977
2024/02/14 04:19:49.00,461329.7307,5634437.3461,2945930.4978
2024/02/14 04:19:50.00,461329.7787,5634437.1625,2945930.4904
2024/02/14 04:19:51.00,461329.7309,5634437.3456,2945930.4977
2024/02/14 04:19:52.00,461329.7301,5634437.3465,2945930.4978
2024/02/14 04:19:53.00,461329.7303,5634437.3469,2945930.4998
2024/02/14 04:19:54.00,461329.7779,5634437.1598,2945930.488
2024/02/14 04:19:55.00,461329.7769,5634437.1585,2945930.4892
2024/02/14 04:19:56.00,461329.7308,5634437.3468,2945930.4985
2024/02/14 04:19:57.00,461329.7294,5634437.3467,2945930.4991
2024/02/14 04:19:58.00,461329.7782,5634437.1628,2945930.4913
2024/02/14 04:19:59.00,461329.7309,5634437.3467,2945930.499
2024/02/14 04:20:00.00,461329.7305,5634437.3455,2945930.4989
2024/02/14 04:20:01.00,461329.7308,5634437.3469,2945930.5001
2024/02/14 04:20:02.00,461329.7473,5634437.2464,2945930.4942
2024/02/14 04:20:03.00,461329.7468,5634437.2434,2945930.4912
2024/02/14 04:20:04.00,461329.7475,5634437.2453,2945930.4933
2024/02/14 04:20:05.00,461329.7302,5634437.3442,2945930.4995
2024/02/14 04:20:06.00,461329.7466,5634437.2442,2945930.491
2024/02/14 04:20:07.00,461329.7473,5634437.2417,2945930.491
2024/02/14 04:20:08.00,461329.7288,5634437.3426,2945930.4984
2024/02/14 04:20:09.00,461329.7293,5634437.3425,2945930.4996
2024/02/14 04:20:10.00,461329.7459,5634437.2394,2945930.4905
2024/02/14 04:20:11.00,461329.7469,5634437.2386,2945930.4897
2024/02/14 04:20:12.00,461329.7469,5634437.2379,2945930.4896
2024/02/14 04:20:13.00,461329.7465,5634437.2366,2945930.4877
2024/02/14 04:20:14.00,461329.7461,5634437.2398,2945930.4915
2024/02/14 04:20:15.00,461329.746,5634437.234,2945930.4887
2024/02/14 04:20:16.00,461329.7464,5634437.2365,2945930.4905
2024/02/14 04:20:17.00,461329.7465,5634437.2331,2945930.4884
2024/02/14 04:20:18.00,461329.7463,5634437.2339,2945930.4886
2024/02/14 04:20:19.00,461329.7463,5634437.2348,2945930.4884
2024/02/14 04:20:20.00,461329.7461,5634437.2346,2945930.4883
2024/02/14 04:20:21.00,461329.7455,5634437.2331,2945930.4878
2024/02/14 04:20:22.00,461329.7464,5634437.2331,2945930.4879
2024/02/14 04:20:23.00,461329.7465,5634437.233,2945930.4882
2024/02/14 04:20:24.00,461329.7461,5634437.2312,2945930.487
2024/02/14 04:20:25.00,461329.746,5634437.2308,2945930.4868
2024/02/14 04:20:26.00,461329.7451,5634437.2307,2945930.4859
2024/02/14 04:20:27.00,461329.7454,5634437.2316,2945930.4871
2024/02/14 04:20:28.00,461329.7447,5634437.2288,2945930.4853
2024/02/14 04:20:29.00,461329.7455,5634437.2295,2945930.4862
2024/02/14 04:20:30.00,461329.7452,5634437.2312,2945930.4861
2024/02/14 04:20:31.00,461329.7452,5634437.2315,2945930.4869
2024/02/14 04:20:32.00,461329.7465,5634437.2307,2945930.4869
2024/02/14 04:20:33.00,461329.7462,5634437.2324,2945930.4872
2024/02/14 04:20:34.00,461329.7465,5634437.232,2945930.4862
2024/02/14 04:20:35.00,461329.7464,5634437.2339,2945930.487
2024/02/14 04:20:36.00,461329.7466,5634437.2294,2945930.4871
2024/02/14 04:20:37.00,461329.7454,5634437.2306,2945930.4853
2024/02/14 04:20:38.00,461329.7461,5634437.2315,2945930.4882
2024/02/14 04:20:39.00,461329.7461,5634437.2344,2945930.4891
2024/02/14 04:20:40.00,461329.7468,5634437.2314,2945930.489
2024/02/14 04:20:41.00,461329.7467,5634437.2347,2945930.4898
2024/02/14 04:20:42.00,461329.747,5634437.2346,2945930.4896
2024/02/14 04:20:43.00,461329.7462,5634437.2303,2945930.4869
2024/02/14 04:20:44.00,461329.7512,5634437.2559,2945930.4944
2024/02/14 04:20:45.00,461329.751,5634437.2559,2945930.4936
2024/02/14 04:20:46.00,461329.751,5634437.2585,2945930.495
2024/02/14 04:20:47.00,461329.7528,5634437.2597,2945930.4954
2024/02/14 04:20:48.00,461329.7512,5634437.2601,2945930.495
2024/02/14 04:20:49.00,461329.7523,5634437.2608,2945930.4954
2024/02/14 04:20:50.00,461329.7526,5634437.2603,2945930.4958
2024/02/14 04:20:51.00,461329.7475,5634437.229,2945930.4894
2024/02/14 04:20:52.00,461329.7465,5634437.2312,2945930.4895
2024/02/14 04:20:53.00,461329.7924,5634436.9915,2945930.2831
2024/02/14 04:20:54.00,461329.7729,5634437.1261,2945930.4783
2024/02/14 04:20:55.00,461329.7734,5634437.1273,2945930.4819
2024/02/14 04:20:56.00,461329.7737,5634437.1272,2945930.4804
2024/02/14 04:20:57.00,461329.7738,5634437.124,2945930.4805
2024/02/14 04:20:58.00,461329.7736,5634437.1265,2945930.4816
2024/02/14 04:20:59.00,461329.7733,5634437.1234,2945930.4811
2024/02/14 04:21:00.00,461329.7739,5634437.1219,2945930.4803
2024/02/14 04:21:01.00,461329.7733,5634437.1209,2945930.4813
2024/02/14 04:21:02.00,461329.774,5634437.1233,2945930.4825
2024/02/14 04:21:03.00,461329.7741,5634437.124,2945930.4816
2024/02/14 04:21:04.00,461329.7736,5634437.1233,2945930.4822
2024/02/14 04:21:05.00,461329.7766,5634437.1369,2945930.4856
2024/02/14 04:21:06.00,461329.7771,5634437.1387,2945930.4856
2024/02/14 04:21:07.00,461329.7769,5634437.1372,2945930.4845
2024/02/14 04:21:08.00,461329.7981,5634437.0134,2945930.2901
2024/02/14 04:21:09.00,461329.7771,5634437.1376,2945930.486
2024/02/14 04:21:10.00,461329.7762,5634437.1381,2945930.4862
2024/02/14 04:21:11.00,461329.7774,5634437.1351,2945930.4854
2024/02/14 04:21:12.00,461329.7781,5634437.1373,2945930.4859
2024/02/14 04:21:13.00,461329.7773,5634437.1369,2945930.4857
2024/02/14 04:21:14.00,461329.7775,5634437.136,2945930.4851
2024/02/14 04:21:15.00,461329.7775,5634437.1371,2945930.4852
2024/02/14 04:21:16.00,461329.7776,5634437.1379,2945930.4852
2024/02/14 04:21:17.00,461329.777,5634437.1335,2945930.4839
2024/02/14 04:21:18.00,461329.7778,5634437.1377,2945930.4859
2024/02/14 04:21:19.00,461329.7781,5634437.1345,2945930.484
2024/02/14 04:21:20.00,461329.7762,5634437.1323,2945930.4825
2024/02/14 04:21:21.00,461329.7789,5634437.1361,2945930.4844
2024/02/14 04:21:22.00,461329.7776,5634437.135,2945930.4845
2024/02/14 04:21:23.00,461329.7775,5634437.1329,2945930.4845
2024/02/14 04:21:24.00,461329.7778,5634437.1357,2945930.4827
2024/02/14 04:21:25.00,461329.7782,5634437.1366,2945930.4844
2024/02/14 04:21:26.00,461329.7776,5634437.1345,2945930.4842
2024/02/14 04:21:27.00,461329.7778,5634437.1386,2945930.485
2024/02/14 04:21:28.00,461329.7779,5634437.1381,2945930.4852
2024/02/14 04:21:29.00,461329.7771,5634437.1369,2945930.4821
2024/02/14 04:21:30.00,461329.7774,5634437.1396,2945930.4859
2024/02/14 04:21:31.00,461329.7776,5634437.1379,2945930.4848
2024/02/14 04:21:32.00,461329.7776,5634437.1382,2945930.483
2024/02/14 04:21:33.00,461329.7474,5634437.2244,2945930.486
2024/02/14 04:21:34.00,461329.7779,5634437.1403,2945930.4845
2024/02/14 04:21:35.00,461329.7761,5634437.142,2945930.4823
2024/02/14 04:21:36.00,461329.7763,5634437.1421,2945930.484
2024/02/14 04:21:37.00,461329.7764,5634437.141,2945930.4819
2024/02/14 04:21:38.00,461329.7772,5634437.1432,2945930.483
2024/02/14 04:21:39.00,461329.7765,5634437.1419,2945930.4832
2024/02/14 04:21:40.00,461329.7451,5634437.2246,2945930.4855
2024/02/14 04:21:41.00,461329.745,5634437.2246,2945930.483
2024/02/14 04:21:42.00,461329.7461,5634437.2286,2945930.4864
2024/02/14 04:21:43.00,461329.7458,5634437.2265,2945930.4869
2024/02/14 04:21:44.00,461329.7768,5634437.1412,2945930.4823
2024/02/14 04:21:45.00,461329.7602,5634437.1176,2945930.4261
2024/02/14 04:21:46.00,461329.7592,5634437.1136,2945930.4241
2024/02/14 04:21:47.00,461329.7597,5634437.1139,2945930.4243
2024/02/14 04:21:48.00,461329.7599,5634437.1168,2945930.4269
2024/02/14 04:21:49.00,461329.7609,5634437.1021,2945930.4192
2024/02/14 04:21:50.00,461329.7604,5634437.1031,2945930.4205
2024/02/14 04:21:51.00,461329.7773,5634437.144,2945930.4832
2024/02/14 04:21:52.00,461329.7761,5634437.1466,2945930.4847
2024/02/14 04:21:53.00,461329.7459,5634437.2322,2945930.487
2024/02/14 04:21:54.00,461329.7762,5634437.1444,2945930.4836
2024/02/14 04:21:55.00,461329.7774,5634437.1469,2945930.4854
2024/02/14 04:21:56.00,461329.776,5634437.1456,2945930.4835
2024/02/14 04:21:57.00,461329.7455,5634437.2327,2945930.4881
2024/02/14 04:21:58.00,461329.747,5634437.2348,2945930.4875
2024/02/14 04:21:59.00,461329.7769,5634437.1464,2945930.4834
2024/02/14 04:22:00.00,461329.7774,5634437.1487,2945930.4846
2024/02/14 04:22:01.00,461329.7466,5634437.2315,2945930.4864
2024/02/14 04:22:02.00,461329.7775,5634437.1461,2945930.4842
2024/02/14 04:22:03.00,461329.778,5634437.1515,2945930.4857
2024/02/14 04:22:04.00,461329.7467,5634437.2374,2945930.4883
2024/02/14 04:22:05.00,461329.7783,5634437.1503,2945930.4854
2024/02/14 04:22:06.00,461329.778,5634437.1481,2945930.4829
2024/02/14 04:22:07.00,461329.7783,5634437.1501,2945930.4836
2024/02/14 04:22:08.00,461329.7791,5634437.1484,2945930.4832
2024/02/14 04:22:09.00,461329.778,5634437.147,2945930.4827
2024/02/14 04:22:10.00,461329.779,5634437.1488,2945930.4841
2024/02/14 04:22:11.00,461329.7478,5634437.23,2945930.4839
2024/02/14 04:22:12.00,461329.7786,5634437.1452,2945930.4832
2024/02/14 04:22:13.00,461329.7788,5634437.1471,2945930.4839
2024/02/14 04:22:14.00,461329.778,5634437.1453,2945930.4824
2024/02/14 04:22:15.00,461329.7792,5634437.1473,2945930.4823
2024/02/14 04:22:16.00,461329.7788,5634437.1467,2945930.4822
2024/02/14 04:22:17.00,461329.7788,5634437.146,2945930.4828
2024/02/14 04:22:18.00,461329.78,5634437.1483,2945930.4849
2024/02/14 04:22:19.00,461329.7775,5634437.1389,2945930.4813
2024/02/14 04:22:20.00,461329.7784,5634437.1364,2945930.4803
2024/02/14 04:22:21.00,461329.7781,5634437.1429,2945930.4837
2024/02/14 04:22:22.00,461329.7488,5634437.2306,2945930.486
2024/02/14 04:22:23.00,461329.7776,5634437.139,2945930.481
2024/02/14 04:22:24.00,461329.7464,5634437.229,2945930.4859
2024/02/14 04:22:25.00,461329.7482,5634437.2297,2945930.485
2024/02/14 04:22:26.00,461329.7778,5634437.1387,2945930.4817
2024/02/14 04:22:27.00,461329.7775,5634437.1382,2945930.4812
2024/02/14 04:22:28.00,461329.7778,5634437.1391,2945930.4827
2024/02/14 04:22:29.00,461329.7786,5634437.1395,2945930.4826
2024/02/14 04:22:30.00,461329.7769,5634437.1385,2945930.4814
2024/02/14 04:22:31.00,461329.7781,5634437.1405,2945930.4816
2024/02/14 04:22:32.00,461329.7472,5634437.2261,2945930.4849
2024/02/14 04:22:33.00,461329.7467,5634437.2239,2945930.4838
2024/02/14 04:22:34.00,461329.7785,5634437.1383,2945930.4808
2024/02/14 04:22:35.00,461329.7472,5634437.2229,2945930.4839
2024/02/14 04:22:36.00,461329.7478,5634437.2237,2945930.4837
2024/02/14 04:22:37.00,461329.7476,5634437.2238,2945930.4845
2024/02/14 04:22:38.00,461329.7473,5634437.2209,2945930.4831
2024/02/14 04:22:39.00,461329.7475,5634437.2216,2945930.483
2024/02/14 04:22:40.00,461329.747,5634437.2219,2945930.4844
2024/02/14 04:22:41.00,461329.7469,5634437.221,2945930.4832
2024/02/14 04:22:42.00,461329.7465,5634437.2221,2945930.4825
2024/02/14 04:22:43.00,461329.7467,5634437.2257,2945930.4837
2024/02/14 04:22:44.00,461329.7467,5634437.2197,2945930.4834
2024/02/14 04:22:45.00,461329.7462,5634437.22,2945930.4813
2024/02/14 04:22:46.00,461329.7461,5634437.2211,2945930.4837
2024/02/14 04:22:47.00,461329.7461,5634437.2219,2945930.4841
2024/02/14 04:22:48.00,461329.7469,5634437.2231,2945930.4835
2024/02/14 04:22:49.00,461329.7463,5634437.2231,2945930.4847
2024/02/14 04:22:50.00,461329.747,5634437.2252,2945930.4839
2024/02/14 04:22:51.00,461329.7461,5634437.2228,2945930.4836
2024/02/14 04:22:52.00,461329.7468,5634437.2259,2945930.4858
2024/02/14 04:22:53.00,461329.7461,5634437.2235,2945930.4832
2024/02/14 04:22:54.00,461329.7467,5634437.2243,2945930.4837
2024/02/14 04:22:55.00,461329.7466,5634437.224,2945930.484
2024/02/14 04:22:56.00,461329.7454,5634437.2242,2945930.4858
2024/02/14 04:22:57.00,461329.7462,5634437.2251,2945930.4849
2024/02/14 04:22:58.00,461329.7456,5634437.2232,2945930.4842
2024/02/14 04:22:59.00,461329.7454,5634437.2241,2945930.4861
2024/02/14 04:23:00.00,461329.7457,5634437.2216,2945930.4825
2024/02/14 04:23:01.00,461329.7454,5634437.2263,2945930.4852
2024/02/14 04:23:02.00,461329.7469,5634437.2239,2945930.4838
2024/02/14 04:23:03.00,461329.8156,5634436.8934,2945930.092
2024/02/14 04:23:04.00,461329.7453,5634437.2263,2945930.4853
2024/02/14 04:23:05.00,461329.7457,5634437.2243,2945930.4847
2024/02/14 04:23:06.00,461329.7452,5634437.2271,2945930.4847
2024/02/14 04:23:07.00,461329.8156,5634436.8935,2945930.0919
2024/02/14 04:23:08.00,461329.8163,5634436.8935,2945930.0917
2024/02/14 04:23:09.00,461329.7461,5634437.2257,2945930.4851
2024/02/14 04:23:10.00,461329.8158,5634436.8967,2945930.0938
2024/02/14 04:23:11.00,461329.8155,5634436.8959,2945930.093
2024/02/14 04:23:12.00,461329.8157,5634436.8948,2945930.0931
2024/02/14 04:23:13.00,461329.8157,5634436.8928,2945930.0922
2024/02/14 04:23:14.00,461329.8152,5634436.8942,2945930.0931
2024/02/14 04:23:15.00,461329.8153,5634436.895,2945930.0925
2024/02/14 04:23:16.00,461329.8152,5634436.8953,2945930.0926
2024/02/14 04:23:17.00,461329.8025,5634437.0278,2945930.2896
2024/02/14 04:23:18.00,461329.8157,5634436.8942,2945930.0942
2024/02/14 04:23:19.00,461329.8154,5634436.8937,2945930.0929
2024/02/14 04:23:20.00,461329.8147,5634436.8919,2945930.0911
2024/02/14 04:23:21.00,461329.8142,5634436.8913,2945930.0907
2024/02/14 04:23:22.00,461329.8141,5634436.8876,2945930.0905
2024/02/14 04:23:23.00,461329.8147,5634436.8907,2945930.0914
2024/02/14 04:23:24.00,461329.8139,5634436.8881,2945930.0889
2024/02/14 04:23:25.00,461329.8143,5634436.8889,2945930.0901
2024/02/14 04:23:26.00,461329.8153,5634436.8909,2945930.0907
2024/02/14 04:23:27.00,461329.8145,5634436.8907,2945930.091
2024/02/14 04:23:28.00,461329.8143,5634436.89,2945930.0907
2024/02/14 04:23:29.00,461329.8132,5634436.8869,2945930.0887
2024/02/14 04:23:30.00,461329.8147,5634436.8906,2945930.0938
2024/02/14 04:23:31.00,461329.8151,5634436.8918,2945930.0921
2024/02/14 04:23:32.00,461329.8142,5634436.8917,2945930.0937
2024/02/14 04:23:33.00,461329.8141,5634436.8902,2945930.0924
2024/02/14 04:23:34.00,461329.8135,5634436.8939,2945930.0935
2024/02/14 04:23:35.00,461329.8136,5634436.8917,2945930.0923
2024/02/14 04:23:36.00,461329.8135,5634436.894,2945930.0956
2024/02/14 04:23:37.00,461329.8142,5634436.893,2945930.0946
2024/02/14 04:23:38.00,461329.8146,5634436.8915,2945930.0951
2024/02/14 04:23:39.00,461329.8144,5634436.8932,2945930.0966
2024/02/14 04:23:40.00,461329.8138,5634436.8915,2945930.0958
2024/02/14 04:23:41.00,461329.8133,5634436.8904,2945930.094
2024/02/14 04:23:42.00,461329.8996,5634436.7641,2945930.1566
2024/02/14 04:23:43.00,461329.8145,5634436.8924,2945930.095
2024/02/14 04:23:44.00,461329.8143,5634436.8771,2945930.09
2024/02/14 04:23:45.00,461329.8146,5634436.877,2945930.0889
2024/02/14 04:23:46.00,461329.844,5634436.8145,2945930.0952
2024/02/14 04:23:47.00,461329.8153,5634436.8773,2945930.0889
2024/02/14 04:23:48.00,461329.8155,5634436.8791,2945930.0897
2024/02/14 04:23:49.00,461329.8448,5634436.8132,2945930.0923
2024/02/14 04:23:50.00,461329.8151,5634436.8784,2945930.0896
2024/02/14 04:23:51.00,461329.816,5634436.8776,2945930.0899
2024/02/14 04:23:52.00,461329.8444,5634436.8141,2945930.0929
2024/02/14 04:23:53.00,461329.8156,5634436.8766,2945930.0896
2024/02/14 04:23:54.00,461329.816,5634436.8808,2945930.0904
2024/02/14 04:23:55.00,461329.8436,5634436.8169,2945930.0937
2024/02/14 04:23:56.00,461329.8163,5634436.8809,2945930.0913
2024/02/14 04:23:57.00,461329.816,5634436.8815,2945930.0895
2024/02/14 04:23:58.00,461329.8158,5634436.8821,2945930.0903
2024/02/14 04:23:59.00,461329.8162,5634436.8824,2945930.0907
2024/02/14 04:24:00.00,461329.8165,5634436.8801,2945930.0897
2024/02/14 04:24:01.00,461329.8451,5634436.8143,2945930.0932
2024/02/14 04:24:02.00,461329.8444,5634436.8154,2945930.095
2024/02/14 04:24:03.00,461329.8449,5634436.8152,2945930.093
2024/02/14 04:24:04.00,461329.8161,5634436.8808,2945930.0893
2024/02/14 04:24:05.00,461329.8162,5634436.8784,2945930.0894
2024/02/14 04:24:06.00,461329.845,5634436.8134,2945930.0942
2024/02/14 04:24:07.00,461329.8161,5634436.8794,2945930.0896
2024/02/14 04:24:08.00,461329.8162,5634436.8782,2945930.089
2024/02/14 04:24:09.00,461329.816,5634436.8811,2945930.0905
2024/02/14 04:24:10.00,461329.8165,5634436.8804,2945930.0902
2024/02/14 04:24:11.00,461329.8165,5634436.8819,2945930.0904
2024/02/14 04:24:12.00,461329.8163,5634436.8804,2945930.09
2024/02/14 04:24:13.00,461329.8162,5634436.881,2945930.0902
2024/02/14 04:24:14.00,461329.8163,5634436.8775,2945930.0904
2024/02/14 04:24:15.00,461329.8157,5634436.8802,2945930.0903
2024/02/14 04:24:16.00,461329.8171,5634436.8813,2945930.0886
2024/02/14 04:24:17.00,461329.8168,5634436.8803,2945930.0904
2024/02/14 04:24:18.00,461329.816,5634436.8795,2945930.0904
2024/02/14 04:24:19.00,461329.8155,5634436.879,2945930.0898
2024/02/14 04:24:20.00,461329.8161,5634436.88,2945930.0903
2024/02/14 04:24:21.00,461329.8159,5634436.8778,2945930.0897
2024/02/14 04:24:22.00,461329.8166,5634436.8765,2945930.0889
2024/02/14 04:24:23.00,461329.8168,5634436.8772,2945930.0889
2024/02/14 04:24:24.00,461329.8161,5634436.8756,2945930.0872
2024/02/14 04:24:25.00,461329.8162,5634436.8757,2945930.0887
2024/02/14 04:24:26.00,461329.8174,5634436.8769,2945930.09
2024/02/14 04:24:27.00,461329.8166,5634436.8776,2945930.09
2024/02/14 04:24:28.00,461329.8159,5634436.8741,2945930.0891
2024/02/14 04:24:29.00,461329.8164,5634436.8744,2945930.0875
2024/02/14 04:24:30.00,461329.8171,5634436.8739,2945930.0882
2024/02/14 04:24:31.00,461329.8166,5634436.876,2945930.0889
2024/02/14 04:24:32.00,461329.8452,5634436.8091,2945930.0909
2024/02/14 04:24:33.00,461329.8174,5634436.8755,2945930.089
2024/02/14 04:24:34.00,461329.8163,5634436.8757,2945930.0884
2024/02/14 04:24:35.00,461329.8455,5634436.8123,2945930.0919
2024/02/14 04:24:36.00,461329.8167,5634436.876,2945930.089
2024/02/14 04:24:37.00,461329.8457,5634436.8091,2945930.0914
2024/02/14 04:24:38.00,461329.8178,5634436.8761,2945930.0893
2024/02/14 04:24:39.00,461329.8161,5634436.8767,2945930.0898
2024/02/14 04:24:40.00,461329.8169,5634436.8753,2945930.0891
2024/02/14 04:24:41.00,461329.8446,5634436.8111,2945930.0913
2024/02/14 04:24:42.00,461329.8157,5634436.8736,2945930.088
2024/02/14 04:24:43.00,461329.8157,5634436.8707,2945930.0862
2024/02/14 04:24:44.00,461329.8449,5634436.8101,2945930.0908
2024/02/14 04:24:45.00,461329.8449,5634436.8115,2945930.0924
2024/02/14 04:24:46.00,461329.8154,5634436.8737,2945930.0883
2024/02/14 04:24:47.00,461329.8444,5634436.8111,2945930.0906
2024/02/14 04:24:48.00,461329.8444,5634436.8078,2945930.0896
2024/02/14 04:24:49.00,461329.8439,5634436.8104,2945930.0904
2024/02/14 04:24:50.00,461329.8439,5634436.8105,2945930.091
2024/02/14 04:24:51.00,461329.8437,5634436.8101,2945930.0897
2024/02/14 04:24:52.00,461329.8138,5634436.873,2945930.0865
2024/02/14 04:24:53.00,461329.814,5634436.8748,2945930.0865
2024/02/14 04:24:54.00,461329.8439,5634436.811,2945930.0911
2024/02/14 04:24:55.00,461329.8436,5634436.8094,2945930.091
2024/02/14 04:24:56.00,461329.8137,5634436.8738,2945930.0867
2024/02/14 04:24:57.00,461329.8436,5634436.8115,2945930.091
2024/02/14 04:24:58.00,461329.8436,5634436.8115,2945930.0918
2024/02/14 04:24:59.00,461329.8436,5634436.8132,2945930.0911
2024/02/14 04:25:00.00,461329.8152,5634436.8737,2945930.0875
2024/02/14 04:25:01.00,461329.8143,5634436.875,2945930.0863
2024/02/14 04:25:02.00,461329.7448,5634437.2274,2945930.4855
2024/02/14 04:25:03.00,461329.8139,5634436.874,2945930.0879
2024/02/14 04:25:04.00,461329.7455,5634437.2283,2945930.4861
2024/02/14 04:25:05.00,461329.7449,5634437.2256,2945930.4839
2024/02/14 04:25:06.00,461329.8144,5634436.8724,2945930.0876
2024/02/14 04:25:07.00,461329.8142,5634436.8751,2945930.0876
2024/02/14 04:25:08.00,461329.8145,5634436.8767,2945930.0885
2024/02/14 04:25:09.00,461329.7458,5634437.2292,2945930.485
2024/02/14 04:25:10.00,461329.8142,5634436.8771,2945930.0897
2024/02/14 04:25:11.00,461329.8159,5634436.8751,2945930.0889
2024/02/14 04:25:12.00,461329.8156,5634436.8741,2945930.0886
2024/02/14 04:25:13.00,461329.8149,5634436.8784,2945930.0902
2024/02/14 04:25:14.00,461329.8141,5634436.8785,2945930.0896
2024/02/14 04:25:15.00,461329.8147,5634436.8763,2945930.0889
2024/02/14 04:25:16.00,461331.1106,5634442.0786,2945932.5785
2024/02/14 04:25:17.00,461329.8147,5634436.8737,2945930.09
2024/02/14 04:25:18.00,461329.8149,5634436.8732,2945930.0885
2024/02/14 04:25:19.00,461331.1097,5634442.0794,2945932.5764
2024/02/14 04:25:20.00,461329.8152,5634436.8757,2945930.092
2024/02/14 04:25:21.00,461329.8139,5634436.8754,2945930.0885
2024/02/14 04:25:22.00,461329.8139,5634436.8751,2945930.09
2024/02/14 04:25:23.00,461329.8145,5634436.8755,2945930.0885
2024/02/14 04:25:24.00,461329.8132,5634436.8732,2945930.0874
2024/02/14 04:25:25.00,461329.8142,5634436.8747,2945930.0888
2024/02/14 04:25:26.00,461329.8139,5634436.8753,2945930.0877
2024/02/14 04:25:27.00,461329.8138,5634436.8701,2945930.0861
2024/02/14 04:25:28.00,461329.8136,5634436.8701,2945930.0842
2024/02/14 04:25:29.00,461329.8144,5634436.8737,2945930.0858
2024/02/14 04:25:30.00,461329.7457,5634437.2258,2945930.4823
2024/02/14 04:25:31.00,461329.7452,5634437.2269,2945930.4804
2024/02/14 04:25:32.00,461329.8143,5634436.8724,2945930.0854
2024/02/14 04:25:33.00,461329.7453,5634437.2258,2945930.4824
2024/02/14 04:25:34.00,461329.7447,5634437.2251,2945930.4803
2024/02/14 04:25:35.00,461329.7446,5634437.2243,2945930.4807
2024/02/14 04:25:36.00,461329.8986,5634436.7666,2945930.1762
2024/02/14 04:25:37.00,461329.7455,5634437.2217,2945930.4792
2024/02/14 04:25:38.00,461329.7445,5634437.2236,2945930.4804
2024/02/14 04:25:39.00,461329.8137,5634436.8704,2945930.0865
2024/02/14 04:25:40.00,461329.7456,5634437.2229,2945930.4803
2024/02/14 04:25:41.00,461329.8985,5634436.7644,2945930.1758
2024/02/14 04:25:42.00,461329.7448,5634437.2247,2945930.4811
2024/02/14 04:25:43.00,461329.7445,5634437.2231,2945930.48
2024/02/14 04:25:44.00,461329.7444,5634437.2221,2945930.4794
2024/02/14 04:25:45.00,461329.7443,5634437.2231,2945930.481
2024/02/14 04:25:46.00,461329.7444,5634437.222,2945930.4789
2024/02/14 04:25:47.00,461329.7455,5634437.2248,2945930.4803
2024/02/14 04:25:48.00,461329.7835,5634437.0806,2945930.5163
2024/02/14 04:25:49.00,461329.7449,5634437.2213,2945930.4782
2024/02/14 04:25:50.00,461329.7843,5634437.0812,2945930.5156
2024/02/14 04:25:51.00,461329.7439,5634437.2219,2945930.4784
2024/02/14 04:25:52.00,461329.7445,5634437.2221,2945930.4791
2024/02/14 04:25:53.00,461329.7439,5634437.225,2945930.4789
2024/02/14 04:25:54.00,461329.7836,5634437.0806,2945930.5148
2024/02/14 04:25:55.00,461329.7834,5634437.0769,2945930.5142
2024/02/14 04:25:56.00,461329.7832,5634437.08,2945930.5146
2024/02/14 04:25:57.00,461329.7839,5634437.0819,2945930.5156
2024/02/14 04:25:58.00,461329.7833,5634437.0801,2945930.5157
2024/02/14 04:25:59.00,461329.7842,5634437.0809,2945930.5143
2024/02/14 04:26:00.00,461329.7843,5634437.0833,2945930.5172
2024/02/14 04:26:01.00,461329.7854,5634437.0791,2945930.5139
2024/02/14 04:26:02.00,461329.7836,5634437.0806,2945930.5148
2024/02/14 04:26:03.00,461329.7848,5634437.0788,2945930.5146
2024/02/14 04:26:04.00,461329.7841,5634437.0801,2945930.5148
2024/02/14 04:26:05.00,461329.7836,5634437.0796,2945930.5145
2024/02/14 04:26:06.00,461329.7833,5634437.0836,2945930.5155
2024/02/14 04:26:07.00,461329.7844,5634437.0839,2945930.5173
2024/02/14 04:26:08.00,461329.7841,5634437.0817,2945930.5158
2024/02/14 04:26:09.00,461329.7834,5634437.0812,2945930.5163
2024/02/14 04:26:10.00,461329.7842,5634437.0829,2945930.5168
2024/02/14 04:26:11.00,461329.7845,5634437.0807,2945930.5163
2024/02/14 04:26:12.00,461329.7841,5634437.0835,2945930.5164
2024/02/14 04:26:13.00,461329.7845,5634437.0825,2945930.5152
2024/02/14 04:26:14.00,461329.7855,5634437.0838,2945930.5168
2024/02/14 04:26:15.00,461329.7854,5634437.0831,2945930.5165
2024/02/14 04:26:16.00,461329.7845,5634437.0775,2945930.514
2024/02/14 04:26:17.00,461329.7853,5634437.0824,2945930.5165
2024/02/14 04:26:18.00,461329.844,5634437.0675,2945930.275
2024/02/14 04:26:19.00,461329.898,5634436.7627,2945930.1742
2024/02/14 04:26:20.00,461329.7844,5634437.0843,2945930.5183
2024/02/14 04:26:21.00,461329.7847,5634437.0819,2945930.517
2024/02/14 04:26:22.00,461329.7848,5634437.0832,2945930.5162
2024/02/14 04:26:23.00,461329.7844,5634437.0826,2945930.517
2024/02/14 04:26:24.00,461329.7857,5634437.0822,2945930.517
2024/02/14 04:26:25.00,461329.786,5634437.0833,2945930.5177
2024/02/14 04:26:26.00,461329.7855,5634437.0841,2945930.5176
2024/02/14 04:26:27.00,461329.8442,5634437.0693,2945930.2774
2024/02/14 04:26:28.00,461329.8443,5634437.0695,2945930.2775
2024/02/14 04:26:29.00,461329.7864,5634437.0838,2945930.5166
2024/02/14 04:26:30.00,461329.7862,5634437.0846,2945930.5186
2024/02/14 04:26:31.00,461329.786,5634437.0868,2945930.52
2024/02/14 04:26:32.00,461329.7857,5634437.0854,2945930.5167
2024/02/14 04:26:33.00,461329.8992,5634436.7661,2945930.1771
2024/02/14 04:26:34.00,461329.8433,5634437.0728,2945930.2789
2024/02/14 04:26:35.00,461329.7848,5634437.0837,2945930.5165
2024/02/14 04:26:36.00,461329.8439,5634437.0742,2945930.2773
2024/02/14 04:26:37.00,461329.7852,5634437.0859,2945930.5181
2024/02/14 04:26:38.00,461329.8994,5634436.775,2945930.1791
2024/02/14 04:26:39.00,461329.7818,5634437.0718,2945930.5163
2024/02/14 04:26:40.00,461329.7818,5634437.0715,2945930.5162
2024/02/14 04:26:41.00,461329.8414,5634437.0707,2945930.2774
2024/02/14 04:26:42.00,461329.8432,5634437.0732,2945930.2781
2024/02/14 04:26:43.00,461329.8427,5634437.0732,2945930.28
2024/02/14 04:26:44.00,461329.8435,5634437.071,2945930.2777
2024/02/14 04:26:45.00,461329.8433,5634437.0728,2945930.2793
2024/02/14 04:26:46.00,461329.8425,5634437.0695,2945930.2784
2024/02/14 04:26:47.00,461329.7848,5634437.0835,2945930.5176
2024/02/14 04:26:48.00,461329.8419,5634437.0702,2945930.2762
2024/02/14 04:26:49.00,461329.786,5634437.0872,2945930.5186
2024/02/14 04:26:50.00,461329.8426,5634437.0685,2945930.2767
2024/02/14 04:26:51.00,461329.7862,5634437.0865,2945930.5186
2024/02/14 04:26:52.00,461329.8429,5634437.0695,2945930.2775
2024/02/14 04:26:53.00,461329.8433,5634437.072,2945930.2774
2024/02/14 04:26:54.00,461329.842,5634437.0725,2945930.2772
2024/02/14 04:26:55.00,461329.7848,5634437.0841,2945930.5181
2024/02/14 04:26:56.00,461329.8407,5634437.0694,2945930.2766
2024/02/14 04:26:57.00,461329.7856,5634437.0856,2945930.5165
2024/02/14 04:26:58.00,461329.7836,5634437.0863,2945930.5178
2024/02/14 04:26:59.00,461329.7847,5634437.0838,2945930.5164
2024/02/14 04:27:00.00,461329.7835,5634437.08,2945930.5151
2024/02/14 04:27:01.00,461329.7845,5634437.0815,2945930.5161
2024/02/14 04:27:02.00,461329.7843,5634437.0805,2945930.5146
2024/02/14 04:27:03.00,461329.7856,5634437.083,2945930.5145
2024/02/14 04:27:04.00,461329.7851,5634437.0827,2945930.5149
2024/02/14 04:27:05.00,461329.8402,5634437.0786,2945930.2817
2024/02/14 04:27:06.00,461329.7854,5634437.081,2945930.5148
2024/02/14 04:27:07.00,461329.7839,5634437.0801,2945930.5141
2024/02/14 04:27:08.00,461329.7836,5634437.0831,2945930.5165
2024/02/14 04:27:09.00,461329.7844,5634437.0789,2945930.5133
2024/02/14 04:27:10.00,461329.7844,5634437.0805,2945930.5161
2024/02/14 04:27:11.00,461329.7842,5634437.0805,2945930.5134
2024/02/14 04:27:12.00,461329.7842,5634437.0784,2945930.5133
2024/02/14 04:27:13.00,461329.7846,5634437.0812,2945930.5144
2024/02/14 04:27:14.00,461329.7841,5634437.0802,2945930.5145
2024/02/14 04:27:15.00,461329.7838,5634437.0797,2945930.515
2024/02/14 04:27:16.00,461329.7843,5634437.077,2945930.5133
2024/02/14 04:27:17.00,461329.7844,5634437.0797,2945930.5134
2024/02/14 04:27:18.00,461329.7846,5634437.077,2945930.5114
2024/02/14 04:27:19.00,461329.7857,5634437.08,2945930.5131
2024/02/14 04:27:20.00,461329.7836,5634437.0763,2945930.5126
2024/02/14 04:27:21.00,461329.7856,5634437.0796,2945930.5122
2024/02/14 04:27:22.00,461329.7844,5634437.0834,2945930.5151
2024/02/14 04:27:23.00,461329.7849,5634437.0812,2945930.5149
2024/02/14 04:27:24.00,461329.7841,5634437.0806,2945930.5149
2024/02/14 04:27:25.00,461329.7838,5634437.0805,2945930.5146
2024/02/14 04:27:26.00,461329.7842,5634437.0821,2945930.5153
2024/02/14 04:27:27.00,461329.7846,5634437.0821,2945930.5148
2024/02/14 04:27:28.00,461329.7855,5634437.0817,2945930.5153
2024/02/14 04:27:29.00,461329.7844,5634437.0819,2945930.5133
2024/02/14 04:27:30.00,461329.7847,5634437.0801,2945930.5126
2024/02/14 04:27:31.00,461329.7839,5634437.0804,2945930.5127
2024/02/14 04:27:32.00,461329.7846,5634437.0829,2945930.5134
2024/02/14 04:27:33.00,461329.7858,5634437.0825,2945930.5125
2024/02/14 04:27:34.00,461329.7845,5634437.0834,2945930.5121
2024/02/14 04:27:35.00,461329.7841,5634437.0842,2945930.514
2024/02/14 04:27:36.00,461329.7852,5634437.0858,2945930.5139
2024/02/14 04:27:37.00,461329.7845,5634437.0822,2945930.5131
2024/02/14 04:27:38.00,461329.7859,5634437.0849,2945930.5117
2024/02/14 04:27:39.00,461329.785,5634437.0823,2945930.5132
2024/02/14 04:27:40.00,461329.786,5634437.0837,2945930.5128
2024/02/14 04:27:41.00,461329.7856,5634437.0821,2945930.5134
2024/02/14 04:27:42.00,461329.7862,5634437.0819,2945930.5133
2024/02/14 04:27:43.00,461329.7866,5634437.0827,2945930.5117
2024/02/14 04:27:44.00,461329.7853,5634437.087,2945930.5146
2024/02/14 04:27:45.00,461329.7851,5634437.0825,2945930.5114
2024/02/14 04:27:46.00,461329.7853,5634437.0835,2945930.5122
2024/02/14 04:27:47.00,461329.7862,5634437.0836,2945930.5125
2024/02/14 04:27:48.00,461329.7852,5634437.083,2945930.5119
2024/02/14 04:27:49.00,461329.7852,5634437.0834,2945930.5135
2024/02/14 04:27:50.00,461329.7854,5634437.087,2945930.5143
2024/02/14 04:27:51.00,461329.7856,5634437.085,2945930.5129
2024/02/14 04:27:52.00,461329.7862,5634437.0841,2945930.5126
2024/02/14 04:27:53.00,461329.7853,5634437.0839,2945930.5111
2024/02/14 04:27:54.00,461329.7853,5634437.0819,2945930.5095
2024/02/14 04:27:55.00,461329.7858,5634437.0824,2945930.5109
2024/02/14 04:27:56.00,461329.786,5634437.0825,2945930.5099
2024/02/14 04:27:57.00,461329.7845,5634437.0803,2945930.5092
2024/02/14 04:27:58.00,461329.784,5634437.0821,2945930.5102
2024/02/14 04:27:59.00,461329.7833,5634437.0814,2945930.5109
2024/02/14 04:28:00.00,461329.7839,5634437.0791,2945930.5089
2024/02/14 04:28:01.00,461329.7839,5634437.0792,2945930.508
2024/02/14 04:28:02.00,461329.784,5634437.0802,2945930.507
2024/02/14 04:28:03.00,461329.785,5634437.0812,2945930.5088
2024/02/14 04:28:04.00,461329.7842,5634437.0795,2945930.5071
2024/02/14 04:28:05.00,461329.7845,5634437.0804,2945930.5065
2024/02/14 04:28:06.00,461329.7852,5634437.0805,2945930.5065
2024/02/14 04:28:07.00,461329.7843,5634437.083,2945930.5083
2024/02/14 04:28:08.00,461329.7846,5634437.0806,2945930.5074
2024/02/14 04:28:09.00,461329.784,5634437.0761,2945930.5053
2024/02/14 04:28:10.00,461329.7838,5634437.0785,2945930.506
2024/02/14 04:28:11.00,461329.7855,5634437.0787,2945930.5061
2024/02/14 04:28:12.00,461329.785,5634437.0779,2945930.5054
2024/02/14 04:28:13.00,461329.7842,5634437.0785,2945930.5066
2024/02/14 04:28:14.00,461329.7849,5634437.0785,2945930.5058
2024/02/14 04:28:15.00,461329.7848,5634437.0788,2945930.5058
2024/02/14 04:28:16.00,461329.7857,5634437.0799,2945930.5066
2024/02/14 04:28:17.00,461329.7842,5634437.0768,2945930.5046
2024/02/14 04:28:18.00,461329.7857,5634437.0781,2945930.5063
2024/02/14 04:28:19.00,461329.7846,5634437.0777,2945930.506
2024/02/14 04:28:20.00,461329.7857,5634437.0783,2945930.5042
2024/02/14 04:28:21.00,461329.7856,5634437.0828,2945930.5072
2024/02/14 04:28:22.00,461329.7845,5634437.0833,2945930.5074
2024/02/14 04:28:23.00,461329.7848,5634437.088,2945930.5119
2024/02/14 04:28:24.00,461329.7852,5634437.0805,2945930.5044
2024/02/14 04:28:25.00,461329.7858,5634437.0819,2945930.5065
2024/02/14 04:28:26.00,461329.785,5634437.0879,2945930.511
2024/02/14 04:28:27.00,461329.7863,5634437.0825,2945930.5071
2024/02/14 04:28:28.00,461329.7851,5634437.0788,2945930.5058
2024/02/14 04:28:29.00,461329.7858,5634437.0847,2945930.5076
2024/02/14 04:28:30.00,461329.7854,5634437.0814,2945930.5079
2024/02/14 04:28:31.00,461329.7852,5634437.0834,2945930.5071
2024/02/14 04:28:32.00,461329.7853,5634437.0838,2945930.5084
2024/02/14 04:28:33.00,461329.785,5634437.0819,2945930.5069
2024/02/14 04:28:34.00,461329.7862,5634437.0827,2945930.5073
2024/02/14 04:28:35.00,461329.7872,5634437.0836,2945930.509
2024/02/14 04:28:36.00,461329.787,5634437.0841,2945930.5095
2024/02/14 04:28:37.00,461329.7863,5634437.0832,2945930.5078
2024/02/14 04:28:38.00,461329.7875,5634437.0815,2945930.506
2024/02/14 04:28:39.00,461329.7869,5634437.08,2945930.5056
2024/02/14 04:28:40.00,461329.7868,5634437.0792,2945930.5057
2024/02/14 04:28:41.00,461329.787,5634437.0812,2945930.5069
2024/02/14 04:28:42.00,461329.7872,5634437.0826,2945930.5053
2024/02/14 04:28:43.00,461329.7877,5634437.0825,2945930.5068
2024/02/14 04:28:44.00,461329.787,5634437.0808,2945930.5055
2024/02/14 04:28:45.00,461329.7875,5634437.0815,2945930.5053
2024/02/14 04:28:46.00,461329.7866,5634437.0805,2945930.5066
2024/02/14 04:28:47.00,461329.8429,5634437.0592,2945930.2624
2024/02/14 04:28:48.00,461329.7873,5634437.0792,2945930.5036
2024/02/14 04:28:49.00,461329.7884,5634437.0809,2945930.5041
2024/02/14 04:28:50.00,461329.7881,5634437.0793,2945930.5044
2024/02/14 04:28:51.00,461329.8426,5634437.0604,2945930.2632
2024/02/14 04:28:52.00,461329.7881,5634437.0795,2945930.5049
2024/02/14 04:28:53.00,461329.8436,5634437.0608,2945930.2634
2024/02/14 04:28:54.00,461329.789,5634437.0799,2945930.5039
2024/02/14 04:28:55.00,461329.8434,5634437.0623,2945930.2648
2024/02/14 04:28:56.00,461329.8436,5634437.0583,2945930.2635
2024/02/14 04:28:57.00,461329.8435,5634437.059,2945930.2622
2024/02/14 04:28:58.00,461329.8431,5634437.058,2945930.262
2024/02/14 04:28:59.00,461329.8432,5634437.0587,2945930.2637
2024/02/14 04:29:00.00,461329.8424,5634437.0581,2945930.2638
2024/02/14 04:29:01.00,461329.8431,5634437.0572,2945930.2632
2024/02/14 04:29:02.00,461328.8286,5634435.9313,2945929.8022
2024/02/14 04:29:03.00,461329.8433,5634437.0553,2945930.2623
2024/02/14 04:29:04.00,461329.8422,5634437.056,2945930.2633
2024/02/14 04:29:05.00,461329.8436,5634437.0584,2945930.2636
2024/02/14 04:29:06.00,461329.843,5634437.0595,2945930.2643
2024/02/14 04:29:07.00,461329.8415,5634437.0567,2945930.2619
2024/02/14 04:29:08.00,461329.8428,5634437.0562,2945930.2644
2024/02/14 04:29:09.00,461329.843,5634437.0592,2945930.2634
2024/02/14 04:29:10.00,461329.8419,5634437.0558,2945930.2627
2024/02/14 04:29:11.00,461329.8413,5634437.0599,2945930.2648
2024/02/14 04:29:12.00,461328.8276,5634435.9322,2945929.8047
2024/02/14 04:29:13.00,461329.8409,5634437.0688,2945930.2724
2024/02/14 04:29:14.00,461328.8254,5634435.9465,2945929.8145
2024/02/14 04:29:15.00,461329.8401,5634437.0695,2945930.2711
2024/02/14 04:29:16.00,461328.8255,5634435.948,2945929.8168
2024/02/14 04:29:17.00,461328.826,5634435.9479,2945929.8157
2024/02/14 04:29:18.00,461329.8411,5634437.0712,2945930.2732
2024/02/14 04:29:19.00,461328.826,5634435.9473,2945929.8148
2024/02/14 04:29:20.00,461329.8401,5634437.0713,2945930.272
2024/02/14 04:29:21.00,461328.8264,5634435.9506,2945929.8168
2024/02/14 04:29:22.00,461328.8263,5634435.9506,2945929.8155
2024/02/14 04:29:23.00,461328.8277,5634435.9364,2945929.8083
2024/02/14 04:29:24.00,461328.8253,5634435.9476,2945929.8153
2024/02/14 04:29:25.00,461328.8257,5634435.9441,2945929.8127
2024/02/14 04:29:26.00,461328.8251,5634435.9471,2945929.8138
2024/02/14 04:29:27.00,461328.8259,5634435.946,2945929.8152
2024/02/14 04:29:28.00,461328.8264,5634435.9464,2945929.8128
2024/02/14 04:29:29.00,461328.8258,5634435.9464,2945929.8129
2024/02/14 04:29:30.00,461328.8269,5634435.9454,2945929.8137
2024/02/14 04:29:31.00,461328.8252,5634435.9443,2945929.813
2024/02/14 04:29:32.00,461328.8262,5634435.9438,2945929.8129
2024/02/14 04:29:33.00,461328.8262,5634435.9436,2945929.8127
2024/02/14 04:29:34.00,461328.8259,5634435.9421,2945929.8117
2024/02/14 04:29:35.00,461328.8254,5634435.9409,2945929.8127
2024/02/14 04:29:36.00,461328.8258,5634435.9406,2945929.8131
2024/02/14 04:29:37.00,461328.826,5634435.9262,2945929.8043
2024/02/14 04:29:38.00,461328.8269,5634435.9311,2945929.8061
2024/02/14 04:29:39.00,461328.8268,5634435.9313,2945929.8064
2024/02/14 04:29:40.00,461328.8271,5634435.9294,2945929.8062
2024/02/14 04:29:41.00,461328.8277,5634435.9301,2945929.8056
2024/02/14 04:29:42.00,461328.8267,5634435.9286,2945929.8056
2024/02/14 04:29:43.00,461328.8276,5634435.9289,2945929.8044
2024/02/14 04:29:44.00,461328.8274,5634435.9266,2945929.8052
2024/02/14 04:29:45.00,461328.8273,5634435.9253,2945929.8045
2024/02/14 04:29:46.00,461328.8271,5634435.924,2945929.8037
2024/02/14 04:29:47.00,461328.8279,5634435.9243,2945929.8052
2024/02/14 04:29:48.00,461328.8268,5634435.9251,2945929.8047
2024/02/14 04:29:49.00,461328.8283,5634435.9254,2945929.8057
2024/02/14 04:29:50.00,461328.8275,5634435.9253,2945929.8048
2024/02/14 04:29:51.00,461328.8271,5634435.9285,2945929.8066
2024/02/14 04:29:52.00,461328.8274,5634435.9229,2945929.8051
2024/02/14 04:29:53.00,461328.827,5634435.9245,2945929.8049
2024/02/14 04:29:54.00,461328.8275,5634435.9233,2945929.8038
2024/02/14 04:29:55.00,461328.8271,5634435.9241,2945929.8048
2024/02/14 04:29:56.00,461328.8264,5634435.9231,2945929.804
2024/02/14 04:29:57.00,461328.8269,5634435.9233,2945929.8032
2024/02/14 04:29:58.00,461328.8264,5634435.9248,2945929.8058
2024/02/14 04:29:59.00,461328.8259,5634435.9227,2945929.8022
2024/02/14 04:30:00.00,461328.8273,5634435.9249,2945929.8036
2024/02/14 04:30:01.00,461328.8266,5634435.9243,2945929.803
2024/02/14 04:30:02.00,461328.8262,5634435.9255,2945929.8058
2024/02/14 04:30:03.00,461328.8276,5634435.925,2945929.8063
2024/02/14 04:30:04.00,461328.826,5634435.923,2945929.8043
2024/02/14 04:30:05.00,461328.8268,5634435.9233,2945929.8044
2024/02/14 04:30:06.00,461328.8272,5634435.9248,2945929.8056
2024/02/14 04:30:07.00,461328.8266,5634435.9224,2945929.8046
2024/02/14 04:30:08.00,461328.8268,5634435.9239,2945929.8053
2024/02/14 04:30:09.00,461328.8263,5634435.9212,2945929.8043
2024/02/14 04:30:10.00,461328.8263,5634435.9218,2945929.8043
2024/02/14 04:30:11.00,461328.8269,5634435.9226,2945929.8045
2024/02/14 04:30:12.00,461328.8268,5634435.9233,2945929.8054
2024/02/14 04:30:13.00,461328.8261,5634435.923,2945929.8037
2024/02/14 04:30:14.00,461328.8264,5634435.9219,2945929.8047
2024/02/14 04:30:15.00,461328.8267,5634435.9196,2945929.8027
2024/02/14 04:30:16.00,461328.8263,5634435.9221,2945929.8058
2024/02/14 04:30:17.00,461328.8267,5634435.923,2945929.8057
2024/02/14 04:30:18.00,461328.8264,5634435.9207,2945929.8039
2024/02/14 04:30:19.00,461328.8273,5634435.9245,2945929.8071
2024/02/14 04:30:20.00,461328.8268,5634435.9241,2945929.807
2024/02/14 04:30:21.00,461328.827,5634435.9225,2945929.8059
2024/02/14 04:30:22.00,461328.8274,5634435.9221,2945929.8057
2024/02/14 04:30:23.00,461328.8271,5634435.9217,2945929.8054
2024/02/14 04:30:24.00,461328.827,5634435.9197,2945929.8044
2024/02/14 04:30:25.00,461328.8277,5634435.9237,2945929.8074
2024/02/14 04:30:26.00,461328.827,5634435.9216,2945929.8074
2024/02/14 04:30:27.00,461328.8281,5634435.9227,2945929.8083
2024/02/14 04:30:28.00,461328.8275,5634435.9244,2945929.8079
2024/02/14 04:30:29.00,461328.828,5634435.9246,2945929.8085
2024/02/14 04:30:30.00,461328.8267,5634435.9217,2945929.8079
2024/02/14 04:30:31.00,461328.8283,5634435.9238,2945929.8089
2024/02/14 04:30:32.00,461328.8281,5634435.9237,2945929.8083
2024/02/14 04:30:33.00,461328.829,5634435.9242,2945929.8087
2024/02/14 04:30:34.00,461328.8267,5634435.9276,2945929.809
2024/02/14 04:30:35.00,461328.8281,5634435.9246,2945929.8068
2024/02/14 04:30:36.00,461328.8285,5634435.9252,2945929.8101
2024/02/14 04:30:37.00,461328.8283,5634435.9248,2945929.8086
2024/02/14 04:30:38.00,461328.8281,5634435.925,2945929.8087
2024/02/14 04:30:39.00,461328.8289,5634435.9257,2945929.81
2024/02/14 04:30:40.00,461328.8285,5634435.9268,2945929.8104
2024/02/14 04:30:41.00,461328.8279,5634435.9258,2945929.8098
2024/02/14 04:30:42.00,461328.8282,5634435.927,2945929.8084
2024/02/14 04:30:43.00,461328.8291,5634435.9262,2945929.8094
2024/02/14 04:30:44.00,461328.8269,5634435.9264,2945929.8102
2024/02/14 04:30:45.00,461328.8288,5634435.9253,2945929.8082
2024/02/14 04:30:46.00,461328.8299,5634435.9283,2945929.8095
2024/02/14 04:30:47.00,461328.8291,5634435.9265,2945929.8083
2024/02/14 04:30:48.00,461328.8295,5634435.927,2945929.8064
2024/02/14 04:30:49.00,461328.8299,5634435.9277,2945929.8069
2024/02/14 04:30:50.00,461328.8286,5634435.9256,2945929.8064
2024/02/14 04:30:51.00,461328.8298,5634435.9257,2945929.8084
2024/02/14 04:30:52.00,461328.8294,5634435.9276,2945929.8076
2024/02/14 04:30:53.00,461328.8296,5634435.9267,2945929.8087
2024/02/14 04:30:54.00,461328.8295,5634435.9272,2945929.8086
2024/02/14 04:30:55.00,461328.8282,5634435.9262,2945929.8068
2024/02/14 04:30:56.00,461328.8271,5634435.9378,2945929.8165
2024/02/14 04:30:57.00,461328.8284,5634435.9399,2945929.8171
2024/02/14 04:30:58.00,461328.8277,5634435.9391,2945929.8174
2024/02/14 04:30:59.00,461328.83,5634435.927,2945929.8092
2024/02/14 04:31:00.00,461328.975,5634435.4448,2945929.7328
2024/02/14 04:31:01.00,461328.9767,5634435.4476,2945929.7336
2024/02/14 04:31:02.00,461328.9762,5634435.4464,2945929.7349
2024/02/14 04:31:03.00,461328.9754,5634435.4457,2945929.7336
2024/02/14 04:31:04.00,461328.9764,5634435.4458,2945929.7339
2024/02/14 04:31:05.00,461328.9761,5634435.4443,2945929.7342
2024/02/14 04:31:06.00,461328.9762,5634435.4449,2945929.7337
2024/02/14 04:31:07.00,461328.9761,5634435.4474,2945929.735
2024/02/14 04:31:08.00,461328.9753,5634435.4449,2945929.735
2024/02/14 04:31:09.00,461328.9758,5634435.4429,2945929.7338
2024/02/14 04:31:10.00,461328.9759,5634435.4435,2945929.7328
2024/02/14 04:31:11.00,461328.9767,5634435.4422,2945929.734
2024/02/14 04:31:12.00,461328.977,5634435.4451,2945929.7342
2024/02/14 04:31:13.00,461328.9762,5634435.4417,2945929.7337
2024/02/14 04:31:14.00,461328.9772,5634435.4446,2945929.737
2024/02/14 04:31:15.00,461328.9767,5634435.442,2945929.7347
2024/02/14 04:31:16.00,461328.9774,5634435.4439,2945929.7351
2024/02/14 04:31:17.00,461328.9765,5634435.4441,2945929.7341
2024/02/14 04:31:18.00,461328.9767,5634435.4435,2945929.7355
2024/02/14 04:31:19.00,461328.9763,5634435.4435,2945929.7352
2024/02/14 04:31:20.00,461328.9764,5634435.442,2945929.7345
2024/02/14 04:31:21.00,461328.9773,5634435.4401,2945929.7352
2024/02/14 04:31:22.00,461328.9768,5634435.4425,2945929.7354
2024/02/14 04:31:23.00,461328.9769,5634435.4422,2945929.7344
2024/02/14 04:31:24.00,461328.9769,5634435.4412,2945929.7344
2024/02/14 04:31:25.00,461328.9781,5634435.4395,2945929.7344
2024/02/14 04:31:26.00,461328.9787,5634435.4414,2945929.7342
2024/02/14 04:31:27.00,461328.9777,5634435.44,2945929.7336
2024/02/14 04:31:28.00,461328.9775,5634435.4408,2945929.7342
2024/02/14 04:31:29.00,461328.9778,5634435.4409,2945929.7321
2024/02/14 04:31:30.00,461328.9773,5634435.4417,2945929.7339
2024/02/14 04:31:31.00,461328.9776,5634435.4374,2945929.7321
2024/02/14 04:31:32.00,461328.978,5634435.4373,2945929.732
2024/02/14 04:31:33.00,461328.9774,5634435.4406,2945929.7346
2024/02/14 04:31:34.00,461328.9779,5634435.4399,2945929.733
2024/02/14 04:31:35.00,461328.9827,5634435.3948,2945929.7181
2024/02/14 04:31:36.00,461328.9777,5634435.4391,2945929.7331
2024/02/14 04:31:37.00,461328.9811,5634435.4028,2945929.7264
2024/02/14 04:31:38.00,461328.9816,5634435.4032,2945929.7242
2024/02/14 04:31:39.00,461328.9789,5634435.4408,2945929.7342
2024/02/14 04:31:40.00,461328.9779,5634435.4367,2945929.7341
2024/02/14 04:31:41.00,461328.9812,5634435.4052,2945929.7267
2024/02/14 04:31:42.00,461328.9834,5634435.3943,2945929.7207
2024/02/14 04:31:43.00,461328.9814,5634435.4043,2945929.7267
2024/02/14 04:31:44.00,461328.9824,5634435.4037,2945929.727
2024/02/14 04:31:45.00,461328.9815,5634435.4054,2945929.7285
2024/02/14 04:31:46.00,461328.9815,5634435.4056,2945929.7274
2024/02/14 04:31:47.00,461328.982,5634435.3908,2945929.7182
2024/02/14 04:31:48.00,461328.982,5634435.3924,2945929.7178
2024/02/14 04:31:49.00,461328.9823,5634435.3911,2945929.7174
2024/02/14 04:31:50.00,461328.9832,5634435.3907,2945929.7169
2024/02/14 04:31:51.00,461328.9831,5634435.3943,2945929.7204
2024/02/14 04:31:52.00,461328.9822,5634435.3908,2945929.7172
2024/02/14 04:31:53.00,461328.9839,5634435.3948,2945929.7224
2024/02/14 04:31:54.00,461328.9835,5634435.3924,2945929.7202
2024/02/14 04:31:55.00,461328.9837,5634435.3933,2945929.7202
2024/02/14 04:31:56.00,461328.9823,5634435.3914,2945929.7198
2024/02/14 04:31:57.00,461328.9828,5634435.3926,2945929.7205
2024/02/14 04:31:58.00,461328.9828,5634435.3944,2945929.7192
2024/02/14 04:31:59.00,461328.9834,5634435.3905,2945929.7186
2024/02/14 04:32:00.00,461328.9826,5634435.3916,2945929.7213
2024/02/14 04:32:01.00,461328.9833,5634435.3931,2945929.7188
2024/02/14 04:32:02.00,461328.9832,5634435.3946,2945929.722
2024/02/14 04:32:03.00,461328.9818,5634435.3926,2945929.7178
2024/02/14 04:32:04.00,461328.9838,5634435.3906,2945929.7201
2024/02/14 04:32:05.00,461328.9825,5634435.3942,2945929.7196
2024/02/14 04:32:06.00,461328.9824,5634435.3924,2945929.7203
2024/02/14 04:32:07.00,461328.9812,5634435.4055,2945929.7287
2024/02/14 04:32:08.00,461328.9833,5634435.3932,2945929.7204
2024/02/14 04:32:09.00,461328.9806,5634435.4079,2945929.7306
2024/02/14 04:32:10.00,461328.9808,5634435.4083,2945929.7282
2024/02/14 04:32:11.00,461328.9813,5634435.4065,2945929.7287
2024/02/14 04:32:12.00,461328.9818,5634435.4049,2945929.7292
2024/02/14 04:32:13.00,461329.6767,5634437.1717,2945930.4167
2024/02/14 04:32:14.00,461329.6764,5634437.1725,2945930.415
2024/02/14 04:32:15.00,461328.9805,5634435.408,2945929.7302
2024/02/14 04:32:16.00,461328.98,5634435.4055,2945929.7289
2024/02/14 04:32:17.00,461328.9813,5634435.4065,2945929.7303
2024/02/14 04:32:18.00,461328.9812,5634435.4066,2945929.7293
2024/02/14 04:32:19.00,461329.6755,5634437.1708,2945930.4168
2024/02/14 04:32:20.00,461328.9811,5634435.4067,2945929.7298
2024/02/14 04:32:21.00,461329.6756,5634437.1753,2945930.418
2024/02/14 04:32:22.00,461329.6768,5634437.1727,2945930.4161
2024/02/14 04:32:23.00,461329.6766,5634437.1757,2945930.4198
2024/02/14 04:32:24.00,461329.6759,5634437.1705,2945930.4164
2024/02/14 04:32:25.00,461329.6776,5634437.1624,2945930.4106
2024/02/14 04:32:26.00,461329.6764,5634437.1734,2945930.4189
2024/02/14 04:32:27.00,461328.9816,5634435.404,2945929.7304
2024/02/14 04:32:28.00,461329.8563,5634435.7286,2945928.3937
2024/02/14 04:32:29.00,461328.9832,5634435.3915,2945929.7227
2024/02/14 04:32:30.00,461328.9811,5634435.4045,2945929.731
2024/02/14 04:32:31.00,461328.9816,5634435.4048,2945929.7312
2024/02/14 04:32:32.00,461329.6757,5634437.1681,2945930.4168
2024/02/14 04:32:33.00,461329.6768,5634437.1697,2945930.4172
2024/02/14 04:32:34.00,461329.6764,5634437.1704,2945930.4176
2024/02/14 04:32:35.00,461329.8749,5634436.1884,2945928.5166
2024/02/14 04:32:36.00,461328.9822,5634435.4016,2945929.7323
2024/02/14 04:32:37.00,461329.8747,5634436.1887,2945928.516
2024/02/14 04:32:38.00,461329.876,5634437.5387,2945930.6296
2024/02/14 04:32:39.00,461329.876,5634436.1882,2945928.5162
2024/02/14 04:32:40.00,461329.8752,5634437.5368,2945930.629
2024/02/14 04:32:41.00,461329.8759,5634437.5361,2945930.6295
2024/02/14 04:32:42.00,461329.8769,5634437.5374,2945930.6286
2024/02/14 04:32:43.00,461329.8559,5634435.7095,2945928.3866
2024/02/14 04:32:44.00,461329.8237,5634436.178,2945928.5372
2024/02/14 04:32:45.00,461329.7797,5634436.1714,2945928.5547
2024/02/14 04:32:46.00,461329.7667,5634436.1707,2945928.5613
2024/02/14 04:32:47.00,461329.7674,5634437.5207,2945930.6723
2024/02/14 04:32:48.00,461329.7655,5634437.5223,2945930.6747
2024/02/14 04:32:49.00,461328.8718,5634435.3846,2945929.7779
2024/02/14 04:32:50.00,461329.7629,5634437.5221,2945930.677
2024/02/14 04:32:51.00,461329.7592,5634437.52,2945930.6774
2024/02/14 04:32:52.00,461329.749,5634437.5221,2945930.683
2024/02/14 04:32:53.00,461329.6673,5634436.1564,2945928.6057
2024/02/14 04:32:54.00,461329.3447,5634436.1214,2945928.7199
2024/02/14 04:32:55.00,461328.6334,5634436.0526,2945928.927
2024/02/14 04:32:56.00,461327.5475,5634435.9967,2945929.1833
2024/02/14 04:32:57.00,461325.5188,5634435.1632,2945930.6146
2024/02/14 04:32:58.00,461325.3215,5634435.9334,2945929.626
2024/02/14 04:32:59.00,461323.3936,5634435.0976,2945931.0479
2024/02/14 04:33:00.00,461322.3314,5634435.0494,2945931.2773
2024/02/14 04:33:01.00,461321.2785,5634435.0274,2945931.5448
2024/02/14 04:33:02.00,461320.2487,5634434.9857,2945931.7969
2024/02/14 04:33:03.00,461319.3169,5634434.9302,2945932.0342
2024/02/14 04:33:04.00,461318.4183,5634434.8769,2945932.2687
2024/02/14 04:33:05.00,461318.1048,5634436.8453,2945933.216
2024/02/14 04:33:06.00,461317.5895,5634435.6583,2945933.1289
2024/02/14 04:33:07.00,461315.5321,5634434.7124,2945932.976
2024/02/14 04:33:08.00,461314.5498,5634434.6721,2945933.2157
2024/02/14 04:33:09.00,461314.3595,5634435.5231,2945934.1796
2024/02/14 04:33:10.00,461313.3933,5634435.4602,2945934.4132
2024/02/14 04:33:11.00,461312.5533,5634435.3587,2945932.7321
2024/02/14 04:33:12.00,461311.6114,5634435.2929,2945932.9835
2024/02/14 04:33:13.00,461309.7667,5634434.4124,2945934.4958
2024/02/14 04:33:14.00,461309.7237,5634435.1472,2945933.5906
2024/02/14 04:33:15.00,461308.8659,5634435.0323,2945933.8964
2024/02/14 04:33:16.00,461308.041,5634434.9455,2945934.2418
2024/02/14 04:33:17.00,461306.4704,5634434.0177,2945935.7602
2024/02/14 04:33:18.00,461305.9993,5634433.9655,2945935.973
2024/02/14 04:33:19.00,461305.5091,5634433.8652,2945936.1872
2024/02/14 04:33:20.00,461304.9255,5634433.7788,2945936.4786
2024/02/14 04:33:21.00,461304.3681,5634433.6265,2945936.8018
2024/02/14 04:33:22.00,461303.9064,5634433.5076,2945937.1331
2024/02/14 04:33:23.00,461303.5387,5634433.3734,2945937.4195
2024/02/14 04:33:24.00,461303.2349,5634433.2653,2945937.6892
2024/02/14 04:33:25.00,461303.0324,5634433.18,2945937.8926
2024/02/14 04:33:26.00,461302.8756,5634433.087,2945938.0541
2024/02/14 04:33:27.00,461302.7302,5634433.0198,2945938.2427
2024/02/14 04:33:28.00,461302.5007,5634432.9399,2945938.5253
2024/02/14 04:33:29.00,461303.3341,5634433.6695,2945939.2332
2024/02/14 04:33:30.00,461302.0716,5634432.7566,2945939.0681
2024/02/14 04:33:31.00,461302.4659,5634434.3359,2945940.1585
2024/02/14 04:33:32.00,461302.2602,5634433.0715,2945940.8431
2024/02/14 04:33:33.00,461302.0032,5634432.7556,2945941.4637
2024/02/14 04:33:34.00,461301.0437,5634431.721,2945941.2223
2024/02/14 04:33:35.00,461300.9375,5634431.535,2945941.6076
2024/02/14 04:33:36.00,461300.8427,5634431.355,2945941.9866
2024/02/14 04:33:37.00,461300.7742,5634431.0944,2945942.4709
2024/02/14 04:33:38.00,461301.6702,5634433.0258,2945943.7145
2024/02/14 04:33:39.00,461300.8096,5634430.7035,2945943.1639
2024/02/14 04:33:40.00,461301.2435,5634429.8557,2945943.7235
2024/02/14 04:33:41.00,461301.7181,5634432.0358,2945944.8458
2024/02/14 04:33:42.00,461302.9755,5634429.9087,2945947.1097
2024/02/14 04:33:43.00,461303.8092,5634436.0006,2945948.4022
2024/02/14 04:33:44.00,461302.9757,5634429.6059,2945944.9763
2024/02/14 04:33:45.00,461303.5132,5634428.8903,2945949.7607
2024/02/14 04:33:46.00,461303.689,5634427.2116,2945946.005
2024/02/14 04:33:47.00,461303.962,5634428.1588,2945948.3805
2024/02/14 04:33:48.00,461304.9482,5634427.9325,2945951.2152
2024/02/14 04:33:49.00,461305.3823,5634428.085,2945949.5506
2024/02/14 04:33:50.00,461305.2025,5634426.3129,2945947.584
2024/02/14 04:33:51.00,461308.4379,5634420.6703,2945950.2602
2024/02/14 04:33:52.00,461308.9587,5634420.8671,2945949.353
2024/02/14 04:33:53.00,461308.3057,5634424.9592,2945950.4933
2024/02/14 04:33:54.00,461310.5272,5634426.3651,2945952.4868
2024/02/14 04:33:55.00,461313.7312,5634424.5254,2945953.6471
2024/02/14 04:33:56.00,461314.5635,5634424.2908,2945954.6802
2024/02/14 04:33:57.00,461314.7637,5634422.9429,2945958.9928
2024/02/14 04:33:58.00,461316.2795,5634421.5022,2945961.2561
2024/02/14 04:33:59.00,461317.7613,5634420.0085,2945963.7576
2024/02/14 04:34:00.00,461320.9294,5634417.5172,2945964.7237
2024/02/14 04:34:01.00,461322.367,5634415.7453,2945967.5681
2024/02/14 04:34:02.00,461320.6305,5634409.6901,2945970.0956
2024/02/14 04:34:03.00,461324.9734,5634412.1476,2945973.3964
2024/02/14 04:34:04.00,461324.5949,5634411.0873,2945977.9985
2024/02/14 04:34:05.00,461325.889,5634409.2295,2945980.9774
2024/02/14 04:34:06.00,461327.1353,5634407.3243,2945983.9896
2024/02/14 04:34:07.00,461326.4166,5634407.4656,2945989.2858
2024/02/14 04:34:08.00,461329.1191,5634405.0266,2945990.7222
2024/02/14 04:34:09.00,461328.3615,5634404.5765,2945993.1945
2024/02/14 04:34:10.00,461331.4519,5634397.2213,2945996.6751
2024/02/14 04:34:11.00,461331.7192,5634399.327,2946002.0731
2024/02/14 04:34:12.00,461333.0221,5634397.304,2946005.1492
2024/02/14 04:34:13.00,461335.0472,5634391.616,2946003.656
2024/02/14 04:34:14.00,461336.4243,5634390.8417,2946010.0977
2024/02/14 04:34:16.00,461340.9161,5634388.1475,2946012.8054
2024/02/14 04:34:17.00,461341.6173,5634387.5933,2946017.4802
2024/02/14 04:34:18.00,461345.5575,5634384.2512,2946018.3339
2024/02/14 04:34:19.00,461348.3705,5634383.8729,2946020.3543
2024/02/14 04:34:20.00,461351.0171,5634380.551,2946021.5096
2024/02/14 04:34:21.00,461355.1812,5634381.2962,2946023.7341
2024/02/14 04:34:22.00,461359.5221,5634378.789,2946026.8335
2024/02/14 04:34:23.00,461361.6298,5634377.6584,2946023.2432
2024/02/14 04:34:24.00,461365.3698,5634376.0975,2946025.4989
2024/02/14 04:34:25.00,461369.6803,5634378.8219,2946027.0197
2024/02/14 04:34:26.00,461372.2595,5634375.276,2946024.4961
2024/02/14 04:34:27.00,461373.2345,5634375.6792,2946026.1463
2024/02/14 04:34:28.00,461376.5358,5634377.1452,2946025.7123
2024/02/14 04:34:29.00,461378.4378,5634376.1566,2946025.6551
2024/02/14 04:34:30.00,461380.868,5634375.8272,2946023.803
2024/02/14 04:34:31.00,461383.2544,5634376.8418,2946022.6344
2024/02/14 04:34:32.00,461387.0798,5634380.794,2946022.2671
2024/02/14 04:34:33.00,461386.9584,5634381.0872,2946019.9388
2024/02/14 04:34:34.00,461389.129,5634387.1641,2946020.049
2024/02/14 04:34:35.00,461390.9991,5634380.3392,2946016.7694
2024/02/14 04:34:36.00,461393.5919,5634384.7449,2946016.7805
2024/02/14 04:34:37.00,461395.7507,5634385.6194,2946012.0506
2024/02/14 04:34:38.00,461397.9469,5634387.4583,2946010.8497
2024/02/14 04:34:39.00,461400.3335,5634387.483,2946006.2497
2024/02/14 04:34:40.00,461403.0455,5634390.848,2946004.9615
2024/02/14 04:34:41.00,461405.4199,5634392.3816,2946002.0261
2024/02/14 04:34:42.00,461407.5879,5634393.7414,2945999.3972
2024/02/14 04:34:43.00,461408.9577,5634392.4863,2945994.1051
2024/02/14 04:34:44.00,461411.3481,5634393.9219,2945991.4107
2024/02/14 04:34:45.00,461413.7823,5634395.4099,2945988.5043
2024/02/14 04:34:46.00,461416.4271,5634396.9454,2945985.4667
2024/02/14 04:34:47.00,461419.2121,5634398.5898,2945982.2971
2024/02/14 04:34:48.00,461422.1058,5634400.3053,2945978.9768
2024/02/14 04:34:49.00,461425.7125,5634404.0587,2945976.1733
2024/02/14 04:34:50.00,461427.8657,5634403.9881,2945971.8559
2024/02/14 04:34:51.00,461429.1212,5634411.2927,2945968.745
2024/02/14 04:34:52.00,461433.09,5634408.1518,2945963.9498
2024/02/14 04:34:53.00,461436.0678,5634409.8135,2945959.8191
2024/02/14 04:34:54.00,461438.7621,5634412.7118,2945955.9745
2024/02/14 04:34:55.00,461441.3209,5634415.0956,2945951.4764
2024/02/14 04:34:56.00,461443.7433,5634417.4381,2945946.7981
2024/02/14 04:34:57.00,461446.0774,5634419.8108,2945942.0165
2024/02/14 04:34:58.00,461448.3878,5634422.2568,2945937.2004
2024/02/14 04:34:59.00,461450.2783,5634424.6575,2945931.811
2024/02/14 04:35:00.00,461452.5312,5634427.0696,2945927.1033
2024/02/14 04:35:01.00,461455.3486,5634431.4758,2945923.1734
2024/02/14 04:35:02.00,461456.804,5634431.8529,2945917.8194
2024/02/14 04:35:03.00,461459.7286,5634436.2513,2945913.7404
2024/02/14 04:35:04.00,461461.3693,5634436.6995,2945908.2244
2024/02/14 04:35:05.00,461463.6556,5634439.1824,2945903.2984
2024/02/14 04:35:06.00,461465.9457,5634441.7131,2945898.3273
2024/02/14 04:35:07.00,461468.2116,5634444.2363,2945893.2755
2024/02/14 04:35:08.00,461471.142,5634448.8108,2945888.8818
2024/02/14 04:35:09.00,461472.7449,5634449.3933,2945883.0469
2024/02/14 04:35:10.00,461475.059,5634452.0355,2945877.84
2024/02/14 04:35:11.00,461477.4093,5634454.6881,2945872.5941
2024/02/14 04:35:12.00,461479.7992,5634457.3808,2945867.3459
2024/02/14 04:35:13.00,461482.1982,5634460.0895,2945862.0618
2024/02/14 04:35:14.00,461484.5145,5634462.8028,2945856.7344
2024/02/14 04:35:15.00,461486.8015,5634465.5283,2945851.383
2024/02/14 04:35:16.00,461489.0526,5634468.1973,2945846.1366
2024/02/14 04:35:17.00,461492.7241,5634474.0888,2945843.555
2024/02/14 04:35:18.00,461493.6153,5634473.2213,2945837.1221
2024/02/14 04:35:19.00,461495.8458,5634475.6755,2945830.8951
2024/02/14 04:35:20.00,461497.5707,5634477.7697,2945828.2879
2024/02/14 04:35:21.00,461499.1904,5634479.9005,2945823.1672
2024/02/14 04:35:22.00,461501.3389,5634482.2243,2945818.6791
2024/02/14 04:35:23.00,461503.4907,5634484.5966,2945814.1053
2024/02/14 04:35:24.00,461505.6335,5634486.9891,2945809.5218
2024/02/14 04:35:25.00,461507.7786,5634489.3557,2945804.9633
2024/02/14 04:35:26.00,461509.8735,5634491.6544,2945800.4659
2024/02/14 04:35:27.00,461511.9002,5634493.9263,2945796.0713
2024/02/14 04:35:28.00,461514.7719,5634497.0017,2945792.3107
2024/02/14 04:35:29.00,461516.7176,5634500.4808,2945787.8968
2024/02/14 04:35:30.00,461518.0256,5634500.7417,2945783.0746
2024/02/14 04:35:31.00,461519.8568,5634502.8588,2945779.0808
2024/02/14 04:35:32.00,461521.498,5634504.8041,2945775.5231
2024/02/14 04:35:33.00,461523.0635,5634506.6757,2945771.9593
2024/02/14 04:35:34.00,461525.2799,5634510.652,2945768.9099
2024/02/14 04:35:35.00,461526.1991,5634510.7407,2945764.4528
2024/02/14 04:35:36.00,461529.7844,5634515.0375,2945761.7349
2024/02/14 04:35:37.00,461530.2683,5634519.0781,2945760.2665
2024/02/14 04:35:38.00,461534.941,5634522.3937,2945755.1997
2024/02/14 04:35:39.00,461534.5803,5634521.0065,2945751.2753
2024/02/14 04:35:40.00,461536.8214,5634523.8917,2945746.1362
2024/02/14 04:35:41.00,461537.6515,5634523.0825,2945741.0397
2024/02/14 04:35:42.00,461539.9752,5634526.8965,2945737.6647
2024/02/14 04:35:43.00,461541.6097,5634529.0368,2945734.76
2024/02/14 04:35:44.00,461541.2507,5634533.285,2945731.2529
2024/02/14 04:35:45.00,461544.8871,5634532.3957,2945727.824
2024/02/14 04:35:46.00,461545.9991,5634532.1319,2945723.8549
2024/02/14 04:35:47.00,461547.7177,5634533.7422,2945720.8034
2024/02/14 04:35:48.00,461549.3625,5634535.2021,2945717.9362
2024/02/14 04:35:49.00,461551.5108,5634536.9191,2945714.2423
2024/02/14 04:35:50.00,461554.0554,5634540.7591,2945713.9139
2024/02/14 04:35:51.00,461555.4151,5634542.2089,2945711.1445
2024/02/14 04:35:52.00,461556.6623,5634543.7317,2945708.3433
2024/02/14 04:35:53.00,461555.7444,5634542.1654,2945704.4945
2024/02/14 04:35:54.00,461558.4878,5634546.4067,2945703.3045
2024/02/14 04:35:55.00,461557.8772,5634546.603,2945700.5528
2024/02/14 04:35:56.00,461558.6137,5634546.1892,2945696.5373
2024/02/14 04:35:57.00,461558.4316,5634546.9351,2945695.4748
2024/02/14 04:35:58.00,461559.1552,5634548.0617,2945693.3152
2024/02/14 04:35:59.00,461560.8582,5634549.6799,2945689.954
2024/02/14 04:36:00.00,461562.0287,5634550.9479,2945687.5901
2024/02/14 04:36:01.00,461564.0107,5634557.0494,2945691.7431
2024/02/14 04:36:02.00,461565.5196,5634556.5848,2945685.745
2024/02/14 04:36:03.00,461566.8124,5634557.7171,2945684.7155
2024/02/14 04:36:04.00,461568.3539,5634559.3814,2945679.685
2024/02/14 04:36:05.00,461569.8478,5634560.8344,2945675.2756
2024/02/14 04:36:06.00,461572.2043,5634564.5055,2945671.8875
2024/02/14 04:36:07.00,461573.6209,5634566.6888,2945668.6172
2024/02/14 04:36:08.00,461574.1538,5634562.4079,2945662.0078
2024/02/14 04:36:12.00,461582.3247,5634573.9625,2945646.6173
2024/02/14 04:36:13.00,461583.9888,5634576.8836,2945643.0885
2024/02/14 04:36:14.00,461585.4757,5634577.1875,2945637.7791
2024/02/14 04:36:15.00,461586.3144,5634578.4028,2945635.4674
2024/02/14 04:36:16.00,461587.8902,5634578.8164,2945632.2493
2024/02/14 04:36:17.00,461591.7394,5634587.5707,2945631.3382
2024/02/14 04:36:18.00,461592.184,5634584.5204,2945624.9781
2024/02/14 04:36:19.00,461594.1412,5634586.6734,2945620.7729
2024/02/14 04:36:20.00,461596.1448,5634589.0488,2945616.366
2024/02/14 04:36:21.00,461597.7445,5634590.7367,2945611.0759
2024/02/14 04:36:22.00,461602.8177,5634600.858,2945609.9593
2024/02/14 04:36:23.00,461602.6956,5634596.4434,2945602.1562
2024/02/14 04:36:24.00,461602.5048,5634601.1264,2945594.0404
2024/02/14 04:36:25.00,461608.5378,5634602.7316,2945589.3704
2024/02/14 04:36:26.00,461611.4173,5634605.6413,2945583.8038
2024/02/14 04:36:27.00,461614.2238,5634608.6108,2945580.108
2024/02/14 04:36:28.00,461616.8831,5634611.5067,2945574.6619
2024/02/14 04:36:29.00,461619.4229,5634614.3751,2945569.1835
2024/02/14 04:36:30.00,461621.8386,5634617.2646,2945563.7295
2024/02/14 04:36:31.00,461625.1867,5634622.2861,2945558.7653
2024/02/14 04:36:32.00,461625.9763,5634622.9415,2945551.216
2024/02/14 04:36:33.00,461629.0043,5634628.0961,2945548.1182
2024/02/14 04:36:34.00,461629.4505,5634630.0237,2945542.3008
2024/02/14 04:36:35.00,461632.3923,5634633.9163,2945537.4223
2024/02/14 04:36:36.00,461633.8404,5634636.8662,2945532.3204
2024/02/14 04:36:37.00,461633.1392,5634636.7702,2945526.3374
2024/02/14 04:36:38.00,461634.1105,5634639.3592,2945521.6871
2024/02/14 04:36:39.00,461635.6041,5634642.2228,2945516.0971
2024/02/14 04:36:40.00,461636.1,5634644.6599,2945511.7503
2024/02/14 04:36:41.00,461636.7236,5634652.2232,2945510.3664
2024/02/14 04:36:44.00,461636.2809,5634653.0881,2945499.9679
2024/02/14 04:36:45.00,461636.2349,5634654.2555,2945497.3216
2024/02/14 04:36:46.00,461636.1966,5634655.1096,2945495.8552
2024/02/14 04:36:47.00,461635.3188,5634654.9726,2945494.1512
2024/02/14 04:36:48.00,461635.3163,5634655.329,2945493.5266
2024/02/14 04:36:49.00,461637.3445,5634658.3346,2945494.4013
2024/02/14 04:36:50.00,461636.1392,5634656.1773,2945493.8117
2024/02/14 04:36:51.00,461635.364,5634655.4481,2945493.0195
2024/02/14 04:36:52.00,461635.3553,5634655.6422,2945492.6958
2024/02/14 04:36:53.00,461635.3467,5634655.9392,2945492.2369
2024/02/14 04:36:54.00,461635.3297,5634656.2699,2945491.6618
2024/02/14 04:36:55.00,461635.3146,5634656.875,2945490.5576
2024/02/14 04:36:56.00,461636.0449,5634658.1646,2945488.024
2024/02/14 04:36:57.00,461635.2464,5634658.8642,2945487.2413
2024/02/14 04:36:58.00,461635.9024,5634662.1873,2945485.6113
2024/02/14 04:36:59.00,461635.8577,5634663.6744,2945483.0686
2024/02/14 04:37:00.00,461637.0294,5634667.217,2945483.2475
2024/02/14 04:37:01.00,461637.232,5634668.8423,2945480.4501
2024/02/14 04:37:02.00,461635.7736,5634666.7344,2945473.6007
2024/02/14 04:37:03.00,461637.0266,5634669.1394,2945468.8842
2024/02/14 04:37:04.00,461638.6234,5634674.6845,2945470.2286
2024/02/14 04:37:05.00,461639.2031,5634676.2822,2945467.2778
2024/02/14 04:37:06.00,461639.8134,5634677.8902,2945464.3986
2024/02/14 04:37:07.00,461640.5885,5634679.5283,2945461.3813
2024/02/14 04:37:08.00,461641.6505,5634681.2023,2945458.2083
2024/02/14 04:37:09.00,461641.7578,5634680.9332,2945452.0059
2024/02/14 04:37:10.00,461643.45,5634681.1472,2945446.8907
2024/02/14 04:37:11.00,461644.4579,5634682.5548,2945444.5145
2024/02/14 04:37:12.00,461646.2276,5634684.4122,2945440.876
2024/02/14 04:37:13.00,461647.9207,5634685.7502,2945436.5355
2024/02/14 04:37:14.00,461650.9723,5634688.5405,2945432.3798
2024/02/14 04:37:15.00,461652.3928,5634689.9354,2945429.7893
2024/02/14 04:37:16.00,461655.4806,5634692.5679,2945426.6137
2024/02/14 04:37:17.00,461658.5647,5634697.2221,2945424.6189
2024/02/14 04:37:18.00,461661.1795,5634698.1839,2945418.4181
2024/02/14 04:37:19.00,461662.4572,5634698.4765,2945413.3346
2024/02/14 04:37:20.00,461664.9087,5634700.9621,2945408.1434
2024/02/14 04:37:21.00,461667.4411,5634703.5325,2945402.6349
2024/02/14 04:37:22.00,461670.0247,5634706.2899,2945396.9623
2024/02/14 04:37:23.00,461672.7071,5634709.131,2945391.1135
2024/02/14 04:37:24.00,461675.4326,5634712.0368,2945385.1569
2024/02/14 04:37:25.00,461678.1474,5634715.0482,2945379.0289
2024/02/14 04:37:26.00,461680.9945,5634718.0729,2945372.8447
2024/02/14 04:37:27.00,461683.8036,5634721.1806,2945366.604
2024/02/14 04:37:28.00,461686.8331,5634719.1972,2945357.5871
2024/02/14 04:37:29.00,461690.5801,5634730.9438,2945357.5404
2024/02/14 04:37:30.00,461691.859,5634730.1674,2945349.6889
2024/02/14 04:37:31.00,461693.8762,5634732.2625,2945345.5071
2024/02/14 04:37:32.00,461695.6601,5634734.1179,2945341.7954
2024/02/14 04:37:33.00,461698.3378,5634739.1346,2945341.2536
2024/02/14 04:37:34.00,461698.8887,5634737.4008,2945335.1628
2024/02/14 04:37:35.00,461700.5217,5634738.3201,2945331.9192
2024/02/14 04:37:36.00,461702.5646,5634743.4576,2945332.4684
2024/02/14 04:37:37.00,461702.9928,5634740.8047,2945329.0049
2024/02/14 04:37:38.00,461702.6036,5634741.9469,2945323.9086
2024/02/14 04:37:39.00,461703.7381,5634743.272,2945321.3255
2024/02/14 04:37:40.00,461704.3933,5634747.4111,2945318.9984
2024/02/14 04:37:41.00,461707.927,5634749.1452,2945318.3479
2024/02/14 04:37:42.00,461709.1909,5634747.6128,2945315.5287
2024/02/14 04:37:43.00,461711.051,5634749.1196,2945312.4806
2024/02/14 04:37:44.00,461713.6304,5634753.8406,2945309.2496
2024/02/14 04:37:45.00,461715.3869,5634752.3733,2945303.872
2024/02/14 04:37:46.00,461719.3976,5634754.2458,2945301.8436
2024/02/14 04:37:47.00,461722.7518,5634757.5076,2945298.2247
2024/02/14 04:37:48.00,461727.2428,5634755.1154,2945295.7398
2024/02/14 04:37:49.00,461729.5645,5634760.8978,2945291.1406
2024/02/14 04:37:50.00,461732.7976,5634762.6621,2945287.0694
2024/02/14 04:37:51.00,461736.502,5634764.3603,2945283.5693
2024/02/14 04:37:52.00,461739.4467,5634764.6767,2945279.6251
2024/02/14 04:37:53.00,461745.8425,5634765.8897,2945276.6894
2024/02/14 04:37:54.00,461750.2408,5634767.6487,2945272.9982
2024/02/14 04:37:55.00,461752.9721,5634769.9805,2945267.3463
2024/02/14 04:37:56.00,461757.2057,5634771.245,2945264.546
2024/02/14 04:37:57.00,461761.2343,5634776.5007,2945260.6607
2024/02/14 04:37:58.00,461767.4699,5634778.3434,2945257.778
2024/02/14 04:37:59.00,461770.6499,5634778.9114,2945252.1097
2024/02/14 04:38:00.00,461774.0404,5634778.732,2945247.9131
2024/02/14 04:38:01.00,461780.6742,5634782.8651,2945245.5303
2024/02/14 04:38:02.00,461785.1009,5634784.7525,2945241.5344
2024/02/14 04:38:03.00,461789.2961,5634787.4307,2945238.8518
2024/02/14 04:38:04.00,461793.4612,5634789.2408,2945235.0653
2024/02/14 04:38:05.00,461797.4735,5634791.0095,2945231.3786
2024/02/14 04:38:06.00,461802.591,5634795.3364,2945230.5162
2024/02/14 04:38:07.00,461804.0068,5634791.1674,2945223.3922
2024/02/14 04:38:08.00,461807.9204,5634793.4424,2945218.3788
2024/02/14 04:38:09.00,461811.2384,5634795.2294,2945214.5877
2024/02/14 04:38:10.00,461815.3866,5634798.9433,2945211.298
2024/02/14 04:38:11.00,461818.1532,5634800.7028,2945207.4952
2024/02/14 04:38:12.00,461821.0145,5634802.601,2945203.5175
2024/02/14 04:38:13.00,461822.8181,5634803.1523,2945197.2395
2024/02/14 04:38:14.00,461824.6844,5634804.4925,2945193.7143
2024/02/14 04:38:15.00,461827.3609,5634806.571,2945189.2284
2024/02/14 04:38:16.00,461830.4215,5634808.9976,2945185.0932
2024/02/14 04:38:17.00,461835.4415,5634813.9862,2945180.1589
2024/02/14 04:38:18.00,461835.3154,5634814.3442,2945173.1583
2024/02/14 04:38:19.00,461837.0051,5634816.1599,2945169.6294
2024/02/14 04:38:20.00,461840.5008,5634822.4243,2945167.5759
2024/02/14 04:38:21.00,461841.5767,5634821.1104,2945159.2962
2024/02/14 04:38:23.00,461845.7854,5634826.1941,2945148.5874
2024/02/14 04:38:24.00,461846.5747,5634828.5696,2945142.6935
2024/02/14 04:38:25.00,461847.9903,5634834.0689,2945137.5751
2024/02/14 04:38:26.00,461848.9888,5634838.8159,2945132.2815
2024/02/14 04:38:27.00,461854.4741,5634840.3672,2945128.9356
2024/02/14 04:38:28.00,461858.0292,5634842.405,2945120.9356
2024/02/14 04:38:29.00,461855.6151,5634847.0073,2945115.1193
2024/02/14 04:38:30.00,461861.172,5634847.0228,2945110.0621
2024/02/14 04:38:31.00,461862.1975,5634847.4534,2945104.3422
2024/02/14 04:38:32.00,461864.6575,5634849.714,2945099.2481
2024/02/14 04:38:33.00,461866.9108,5634851.8698,2945093.578
2024/02/14 04:38:34.00,461870.1858,5634853.9752,2945088.7262
2024/02/14 04:38:35.00,461873.9651,5634855.5178,2945083.9879
2024/02/14 04:38:36.00,461877.7619,5634858.918,2945079.6273
2024/02/14 04:38:37.00,461881.1575,5634859.5768,2945074.8847
2024/02/14 04:38:38.00,461885.9714,5634855.8048,2945070.4208
2024/02/14 04:38:39.00,461887.1235,5634864.4837,2945065.2728
2024/02/14 04:38:40.00,461890.6176,5634867.7305,2945060.7662
2024/02/14 04:38:41.00,461892.8016,5634870.3876,2945055.2548
2024/02/14 04:38:42.00,461894.1862,5634873.0305,2945049.0861
2024/02/14 04:38:43.00,461898.4239,5634876.5004,2945044.1777
2024/02/14 04:38:44.00,461897.961,5634879.5135,2945037.2503
2024/02/14 04:38:45.00,461898.7236,5634881.7308,2945034.2355
2024/02/14 04:38:46.00,461896.1435,5634884.5806,2945030.2929
2024/02/14 04:38:47.00,461899.3503,5634886.3632,2945027.3415
2024/02/14 04:38:48.00,461897.7991,5634885.5937,2945024.0741
2024/02/14 04:38:49.00,461894.936,5634886.6627,2945021.4583
2024/02/14 04:38:50.00,461894.0622,5634888.2549,2945019.7913
2024/02/14 04:38:51.00,461890.0935,5634891.9467,2945017.7876
2024/02/14 04:38:52.00,461887.1699,5634890.2323,2945016.011
2024/02/14 04:38:53.00,461881.9413,5634895.9679,2945015.234
2024/02/14 04:38:54.00,461877.7962,5634897.2156,2945013.7072
2024/02/14 04:38:55.00,461876.7107,5634897.3504,2945015.0028
2024/02/14 04:38:56.00,461868.6523,5634899.6865,2945010.7096
2024/02/14 04:38:57.00,461863.6918,5634901.2194,2945009.2962
2024/02/14 04:38:58.00,461860.0521,5634897.6907,2945007.1642
2024/02/14 04:38:59.00,461854.8401,5634899.3803,2945005.7
2024/02/14 04:39:00.00,461849.7795,5634900.393,2945003.974
2024/02/14 04:39:01.00,461844.5006,5634901.656,2945002.5173
2024/02/14 04:39:02.00,461840.9928,5634906.7376,2945004.5035
2024/02/14 04:39:03.00,461833.2633,5634904.3829,2944999.3528
2024/02/14 04:39:04.00,461828.8597,5634909.1021,2945001.0976
2024/02/14 04:39:05.00,461822.4322,5634913.2812,2944997.0414
2024/02/14 04:39:06.00,461815.379,5634912.3749,2944997.8473
2024/02/14 04:39:07.00,461808.9724,5634913.5831,2944996.1635
2024/02/14 04:39:08.00,461800.3942,5634911.9224,2944990.9375
2024/02/14 04:39:09.00,461795.5103,5634917.194,2944992.7907
2024/02/14 04:39:10.00,461786.8249,5634914.8947,2944987.5387
2024/02/14 04:39:11.00,461780.2218,5634916.3569,2944985.8393
2024/02/14 04:39:12.00,461775.5598,5634920.9987,2944987.573
2024/02/14 04:39:13.00,461766.7416,5634919.2703,2944982.4908
2024/02/14 04:39:14.00,461759.8596,5634920.7185,2944980.8223
2024/02/14 04:39:15.00,461752.8173,5634922.2626,2944979.0847
2024/02/14 04:39:16.00,461745.6313,5634923.8651,2944977.3858
2024/02/14 04:39:17.00,461738.3698,5634925.5365,2944975.6805
2024/02/14 04:39:18.00,461731.3527,5634927.2003,2944974.0806
2024/02/14 04:39:19.00,461724.6771,5634928.5718,2944972.6669
2024/02/14 04:39:20.00,461718.7488,5634929.7237,2944971.4377
2024/02/14 04:39:21.00,461713.5344,5634930.6516,2944970.458
2024/02/14 04:39:22.00,461708.4729,5634931.4225,2944969.6571
2024/02/14 04:39:23.00,461705.4773,5634936.0129,2944972.515
2024/02/14 04:39:24.00,461698.7293,5634932.808,2944968.3264
2024/02/14 04:39:25.00,461694.3287,5634932.34,2944968.0939
2024/02/14 04:39:26.00,461688.721,5634934.4983,2944966.4775
2024/02/14 04:39:27.00,461683.5724,5634935.43,2944965.3785
2024/02/14 04:39:28.00,461677.8976,5634939.02,2944964.8271
2024/02/14 04:39:29.00,461673.2186,5634937.0851,2944963.4714
2024/02/14 04:39:30.00,461668.0656,5634937.8827,2944962.5854
2024/02/14 04:39:31.00,461662.6414,5634938.6747,2944961.7627
2024/02/14 04:39:32.00,461656.7939,5634939.3923,2944961.0022
2024/02/14 04:39:33.00,461650.5033,5634940.1544,2944960.2088
2024/02/14 04:39:34.00,461643.3218,5634943.8237,2944959.7277
2024/02/14 04:39:35.00,461637.1252,5634940.7536,2944959.1192
2024/02/14 04:39:36.00,461629.1404,5634943.0089,2944957.588
2024/02/14 04:39:37.00,461621.5324,5634944.091,2944956.5962
2024/02/14 04:39:38.00,461614.4386,5634943.9404,2944956.1059
2024/02/14 04:39:39.00,461606.4205,5634946.3061,2944954.4931
2024/02/14 04:39:40.00,461599.3004,5634947.4044,2944953.5196
2024/02/14 04:39:41.00,461593.2471,5634948.4349,2944952.5165
2024/02/14 04:39:42.00,461587.7892,5634949.0944,2944951.483
2024/02/14 04:39:43.00,461582.3778,5634949.7584,2944950.5956
2024/02/14 04:39:44.00,461576.5235,5634950.9029,2944949.2272
2024/02/14 04:39:45.00,461569.7737,5634954.8296,2944948.2511
2024/02/14 04:39:46.00,461563.6086,5634953.3663,2944946.3331
2024/02/14 04:39:47.00,461556.6587,5634954.7777,2944944.6371
2024/02/14 04:39:48.00,461549.3876,5634956.1483,2944942.8413
2024/02/14 04:39:49.00,461541.7947,5634957.5938,2944941.0632
2024/02/14 04:39:50.00,461533.9776,5634959.1208,2944939.1891
2024/02/14 04:39:51.00,461526.0535,5634960.6274,2944937.2526
2024/02/14 04:39:52.00,461518.2271,5634962.0733,2944935.2905
2024/02/14 04:39:53.00,461510.5579,5634963.69,2944933.1879
2024/02/14 04:39:54.00,461504.2458,5634965.4608,2944931.5218
2024/02/14 04:39:55.00,461499.7593,5634973.6118,2944930.3029
2024/02/14 04:39:56.00,461489.2066,5634971.1549,2944927.4045
2024/02/14 04:39:57.00,461485.1648,5634972.9162,2944928.4212
2024/02/14 04:39:58.00,461477.8497,5634971.434,2944923.522
2024/02/14 04:39:59.00,461474.3157,5634979.4097,2944922.4868
2024/02/14 04:40:00.00,461468.6004,5634980.7459,2944920.6482
2024/02/14 04:40:01.00,461462.9301,5634981.9988,2944918.8557
2024/02/14 04:40:02.00,461455.8058,5634979.8164,2944919.0698
2024/02/14 04:40:03.00,461451.3778,5634984.8079,2944914.8167
2024/02/14 04:40:04.00,461444.0361,5634982.8288,2944914.6102
2024/02/14 04:40:05.00,461438.3541,5634984.5801,2944912.0302
2024/02/14 04:40:06.00,461432.9019,5634986.3824,2944909.4155
2024/02/14 04:40:07.00,461425.5231,5634984.9629,2944903.5282
2024/02/14 04:40:08.00,461420.2493,5634986.5717,2944901.1548
2024/02/14 04:40:09.00,461418.4027,5634994.8895,2944900.0973
2024/02/14 04:40:10.00,461413.0025,5634996.5481,2944897.642
2024/02/14 04:40:11.00,461404.0685,5634991.5534,2944893.7739
2024/02/14 04:40:12.00,461398.5677,5634993.3756,2944890.9957
2024/02/14 04:40:13.00,461393.1916,5634995.2336,2944888.2481
2024/02/14 04:40:14.00,461388.0038,5634997.0314,2944885.5272
2024/02/14 04:40:15.00,461382.9319,5634998.7546,2944882.8183
2024/02/14 04:40:16.00,461377.8784,5635000.4902,2944880.0652
2024/02/14 04:40:17.00,461372.5506,5635002.2597,2944877.2274
2024/02/14 04:40:18.00,461366.9737,5635004.1984,2944874.286
2024/02/14 04:40:19.00,461361.1062,5635006.2789,2944871.2292
2024/02/14 04:40:20.00,461355.0394,5635008.3345,2944868.1995
2024/02/14 04:40:21.00,461351.0766,5635013.0573,2944866.9388
2024/02/14 04:40:22.00,461342.9576,5635012.3305,2944862.2382
2024/02/14 04:40:23.00,461337.1184,5635014.2986,2944859.3185
2024/02/14 04:40:24.00,461333.3254,5635019.1677,2944860.087
2024/02/14 04:40:25.00,461328.9747,5635024.6745,2944855.346
2024/02/14 04:40:26.00,461319.8204,5635019.8307,2944851.233
2024/02/14 04:40:27.00,461316.3226,5635024.7999,2944851.7848
2024/02/14 04:40:28.00,461308.9536,5635023.6098,2944845.6225
2024/02/14 04:40:29.00,461303.7681,5635025.4351,2944842.9531
2024/02/14 04:40:30.00,461302.1358,5635033.8885,2944841.6738
2024/02/14 04:40:31.00,461295.7425,5635031.8049,2944841.4556
2024/02/14 04:40:32.00,461288.8515,5635030.2815,2944835.845
2024/02/14 04:40:33.00,461286.1006,5635034.8164,2944837.1143
2024/02/14 04:40:34.00,461279.4025,5635033.2848,2944831.5492
2024/02/14 04:40:35.00,461274.8354,5635034.8009,2944829.3652
2024/02/14 04:40:37.00,461265.8847,5635037.9288,2944824.7748
2024/02/14 04:40:38.00,461261.6597,5635039.4385,2944822.4879
2024/02/14 04:40:39.00,461257.8889,5635040.7936,2944820.4262
2024/02/14 04:40:40.00,461258.2155,5635048.6325,2944820.0285
2024/02/14 04:40:41.00,461251.8129,5635042.8169,2944817.3401
2024/02/14 04:40:42.00,461248.6326,5635043.7656,2944815.9117
2024/02/14 04:40:43.00,461245.2279,5635044.8637,2944814.1853
2024/02/14 04:40:44.00,461245.0377,5635052.895,2944813.4231
2024/02/14 04:40:45.00,461237.6899,5635047.5263,2944809.9909
2024/02/14 04:40:46.00,461233.4367,5635049.0367,2944807.5856
2024/02/14 04:40:47.00,461228.8484,5635050.6586,2944804.9969
2024/02/14 04:40:48.00,461223.9468,5635052.4161,2944802.24
2024/02/14 04:40:49.00,461218.9024,5635054.2238,2944799.4249
2024/02/14 04:40:50.00,461213.9195,5635056.0162,2944796.6613
2024/02/14 04:40:51.00,461208.8887,5635057.6227,2944793.7459
2024/02/14 04:40:52.00,461205.0859,5635059.6177,2944791.419
2024/02/14 04:40:53.00,461199.0764,5635061.3371,2944788.1374
2024/02/14 04:40:54.00,461197.3814,5635070.0587,2944786.4042
2024/02/14 04:40:55.00,461188.5439,5635065.328,2944782.1226
2024/02/14 04:40:56.00,461186.3562,5635074.1777,2944780.1744
2024/02/14 04:40:57.00,461176.6794,5635072.4175,2944776.0714
2024/02/14 04:40:58.00,461173.2527,5635075.8003,2944776.0675
2024/02/14 04:40:59.00,461165.4743,5635076.0662,2944769.5202
2024/02/14 04:41:00.00,461164.5861,5635082.7538,2944767.8194
2024/02/14 04:41:01.00,461156.5091,5635078.0119,2944763.8351
2024/02/14 04:41:02.00,461152.0174,5635079.933,2944761.0708
2024/02/14 04:41:03.00,461151.0374,5635088.5769,2944759.5188
2024/02/14 04:41:04.00,461146.8658,5635090.4295,2944756.8549
2024/02/14 04:41:05.00,461143.0215,5635092.2117,2944754.3408
2024/02/14 04:41:06.00,461136.1731,5635087.1687,2944750.5619
2024/02/14 04:41:07.00,461136.5715,5635095.7153,2944749.0957
2024/02/14 04:41:08.00,461130.4324,5635090.8752,2944744.8225
2024/02/14 04:41:09.00,461129.8564,5635095.8974,2944744.9762
2024/02/14 04:41:10.00,461125.449,5635094.8766,2944738.1734
2024/02/14 04:41:11.00,461123.2846,5635097.079,2944734.4911
2024/02/14 04:41:12.00,461121.2061,5635099.3397,2944730.6195
2024/02/14 04:41:13.00,461122.1008,5635099.8602,2944724.6721
2024/02/14 04:41:14.00,461117.3163,5635104.1546,2944722.2422
2024/02/14 04:41:15.00,461115.4022,5635106.7207,2944717.8128
2024/02/14 04:41:16.00,461113.5098,5635109.4176,2944713.1847
2024/02/14 04:41:17.00,461111.9034,5635112.2174,2944708.3416
2024/02/14 04:41:18.00,461114.0636,5635121.8956,2944704.4934
2024/02/14 04:41:19.00,461110.8183,5635119.9949,2944698.6332
2024/02/14 04:41:20.00,461111.0299,5635120.6378,2944691.3242
2024/02/14 04:41:21.00,461110.885,5635121.4005,2944684.7682
2024/02/14 04:41:22.00,461113.8212,5635126.4977,2944679.9348
2024/02/14 04:41:23.00,461114.9558,5635127.0919,2944673.2532
2024/02/14 04:41:24.00,461117.5693,5635130.0046,2944667.2811
2024/02/14 04:41:25.00,461120.4089,5635133.1954,2944661.0137
2024/02/14 04:41:26.00,461123.1886,5635141.6611,2944656.6791
2024/02/14 04:41:27.00,461126.1181,5635145.0294,2944649.6497
2024/02/14 04:41:28.00,461129.0284,5635148.4963,2944642.6352
2024/02/14 04:41:29.00,461131.6811,5635151.8794,2944635.695
2024/02/14 04:41:30.00,461134.2376,5635155.253,2944628.9842
2024/02/14 04:41:31.00,461136.5379,5635158.3006,2944622.9117
2024/02/14 04:41:32.00,461138.3557,5635160.9791,2944617.5613
2024/02/14 04:41:33.00,461140.2374,5635160.8117,2944612.0961
2024/02/14 04:41:34.00,461141.4514,5635163.504,2944606.9241
2024/02/14 04:41:35.00,461142.6144,5635166.296,2944601.6338
2024/02/14 04:41:36.00,461143.6088,5635169.1971,2944596.207
2024/02/14 04:41:37.00,461144.2431,5635172.2693,2944590.6974
2024/02/14 04:41:38.00,461144.3234,5635175.3571,2944585.2163
2024/02/14 04:41:39.00,461143.8447,5635178.3729,2944579.9048
2024/02/14 04:41:40.00,461142.7633,5635181.2331,2944574.7772
2024/02/14 04:41:41.00,461140.9368,5635184.1206,2944569.7646
2024/02/14 04:41:42.00,461138.5207,5635187.0422,2944564.8067
2024/02/14 04:41:43.00,461135.7399,5635190.0164,2944559.8005
2024/02/14 04:41:44.00,461132.7195,5635193.0799,2944554.739
2024/02/14 04:41:45.00,461129.4702,5635196.177,2944549.5617
2024/02/14 04:41:46.00,461126.1079,5635199.3446,2944544.2084
2024/02/14 04:41:47.00,461122.7224,5635202.5495,2944538.7793
2024/02/14 04:41:48.00,461119.4358,5635205.6681,2944533.4682
2024/02/14 04:41:49.00,461116.1928,5635208.6486,2944528.4156
2024/02/14 04:41:50.00,461113.0562,5635211.4751,2944523.5639
2024/02/14 04:41:51.00,461109.912,5635214.1804,2944518.9683
2024/02/14 04:41:52.00,461106.7804,5635216.6701,2944514.7688
2024/02/14 04:41:53.00,461103.9281,5635218.9242,2944510.9152
2024/02/14 04:41:54.00,461101.2129,5635221.0953,2944507.2576
2024/02/14 04:41:55.00,461098.7142,5635223.2122,2944503.6522
2024/02/14 04:41:56.00,461096.1697,5635225.3071,2944500.0188
2024/02/14 04:41:57.00,461093.518,5635227.4876,2944496.2864
2024/02/14 04:41:58.00,461090.8958,5635229.7742,2944492.3952
2024/02/14 04:41:59.00,461087.9784,5635232.0727,2944488.6578
2024/02/14 04:42:00.00,461084.6442,5635234.2594,2944485.1168
2024/02/14 04:42:01.00,461080.9876,5635236.3394,2944481.7802
2024/02/14 04:42:02.00,461077.0192,5635238.3492,2944478.6105
2024/02/14 04:42:03.00,461072.8243,5635240.1595,2944475.8027
2024/02/14 04:42:04.00,461068.4505,5635241.6896,2944473.5394
2024/02/14 04:42:05.00,461063.9415,5635243.0339,2944471.6727
2024/02/14 04:42:06.00,461059.2317,5635244.2682,2944469.8487
2024/02/14 04:42:07.00,461054.286,5635245.5394,2944468.0351
2024/02/14 04:42:08.00,461049.6322,5635244.6044,2944465.1987
2024/02/14 04:42:09.00,461043.3037,5635248.489,2944463.7285
2024/02/14 04:42:10.00,461037.3699,5635250.108,2944461.3669
2024/02/14 04:42:11.00,461031.2713,5635251.6805,2944459.0751
2024/02/14 04:42:12.00,461025.183,5635253.2516,2944456.8902
2024/02/14 04:42:13.00,461019.4185,5635254.65,2944454.839
2024/02/14 04:42:14.00,461014.3147,5635255.9274,2944453.0127
2024/02/14 04:42:15.00,461009.9317,5635257.0012,2944451.5116
2024/02/14 04:42:16.00,461006.1372,5635257.8763,2944450.3337
2024/02/14 04:42:17.00,461002.7158,5635258.6385,2944449.2787
2024/02/14 04:42:18.00,460999.5026,5635259.4103,2944448.21
2024/02/14 04:42:19.00,460996.2117,5635260.2253,2944447.0836
2024/02/14 04:42:20.00,460992.833,5635261.1358,2944445.8787
2024/02/14 04:42:21.00,460989.6779,5635262.0593,2944444.6166
2024/02/14 04:42:22.00,460986.6806,5635263.1446,2944443.0261
2024/02/14 04:42:23.00,460983.6923,5635264.538,2944440.8549
2024/02/14 04:42:24.00,460980.7602,5635266.2329,2944438.2109
2024/02/14 04:42:25.00,460977.7476,5635268.0146,2944435.2295
2024/02/14 04:42:26.00,460974.8498,5635269.9801,2944432.0041
2024/02/14 04:42:27.00,460972.4063,5635271.8955,2944428.7616
2024/02/14 04:42:28.00,460970.5561,5635273.7554,2944425.5501
2024/02/14 04:42:29.00,460969.4771,5635275.3436,2944422.7199
2024/02/14 04:42:30.00,460969.1089,5635276.5987,2944420.3657
2024/02/14 04:42:31.00,460969.0191,5635277.9304,2944417.8671
2024/02/14 04:42:32.00,460968.6922,5635279.4131,2944415.0751
2024/02/14 04:42:33.00,460968.1125,5635281.0744,2944412.0205
2024/02/14 04:42:34.00,460967.3094,5635282.8788,2944408.7034
2024/02/14 04:42:35.00,460966.3299,5635284.8775,2944405.0677
2024/02/14 04:42:36.00,460965.2921,5635287.0859,2944401.0369
2024/02/14 04:42:37.00,460966.2978,5635292.3343,2944399.7329
2024/02/14 04:42:38.00,460963.0223,5635292.0837,2944391.936
2024/02/14 04:42:39.00,460961.7283,5635294.9131,2944386.7615
2024/02/14 04:42:40.00,460960.2902,5635297.9618,2944381.2211
2024/02/14 04:42:41.00,460958.8369,5635301.0005,2944375.6614
2024/02/14 04:42:42.00,460957.4021,5635304.0324,2944370.1984
2024/02/14 04:42:43.00,460955.8665,5635307.133,2944364.5286
2024/02/14 04:42:44.00,460954.3393,5635310.3993,2944358.6786
2024/02/14 04:42:45.00,460952.7316,5635313.7312,2944352.6758
2024/02/14 04:42:46.00,460950.9332,5635317.049,2944346.6195
2024/02/14 04:42:47.00,460949.2236,5635320.3306,2944340.5887
2024/02/14 04:42:48.00,460947.5991,5635323.6365,2944334.5794
2024/02/14 04:42:49.00,460945.9,5635327.0118,2944328.5473
2024/02/14 04:42:50.00,460944.1156,5635330.3148,2944322.5444
2024/02/14 04:42:51.00,460944.6142,5635336.6157,2944319.9827
2024/02/14 04:42:52.00,460942.4089,5635339.607,2944311.3462
2024/02/14 04:42:53.00,460942.5166,5635342.8636,2944308.5564
2024/02/14 04:42:54.00,460941.9245,5635345.6428,2944303.4563
2024/02/14 04:42:55.00,460941.6036,5635348.3667,2944298.6083
2024/02/14 04:42:56.00,460940.1675,5635349.8695,2944290.9521
2024/02/14 04:42:57.00,460939.2969,5635350.6722,2944285.1739
2024/02/14 04:42:58.00,460939.2125,5635353.4639,2944279.9538
2024/02/14 04:42:59.00,460939.0851,5635356.3666,2944274.6276
2024/02/14 04:43:00.00,460938.9059,5635359.3715,2944269.1636
2024/02/14 04:43:01.00,460938.7897,5635362.4633,2944263.5603
2024/02/14 04:43:02.00,460938.6967,5635365.6226,2944257.8057
2024/02/14 04:43:03.00,460938.6136,5635368.8548,2944251.9509
2024/02/14 04:43:04.00,460939.375,5635375.7845,2944247.0025
2024/02/14 04:43:05.00,460938.3417,5635375.477,2944239.8454
2024/02/14 04:43:06.00,460937.9551,5635378.9218,2944233.6123
2024/02/14 04:43:07.00,460937.5275,5635382.431,2944227.2565
2024/02/14 04:43:08.00,460936.7549,5635385.9948,2944220.8626
2024/02/14 04:43:09.00,460935.0082,5635389.6738,2944214.583
2024/02/14 04:43:10.00,460932.424,5635393.2364,2944208.4258
2024/02/14 04:43:11.00,460928.8934,5635396.7841,2944202.5534
2024/02/14 04:43:12.00,460924.5987,5635400.2861,2944196.8624
2024/02/14 04:43:13.00,460920.0644,5635403.8826,2944191.0352
2024/02/14 04:43:14.00,460915.5352,5635407.5245,2944184.9778
2024/02/14 04:43:15.00,460911.2036,5635411.3119,2944178.6761
2024/02/14 04:43:16.00,460907.3756,5635415.2036,2944171.9393
2024/02/14 04:43:17.00,460904.8853,5635419.3522,2944164.6167
2024/02/14 04:43:18.00,460904.1364,5635423.5489,2944156.7484
2024/02/14 04:43:19.00,460905.1579,5635427.7692,2944148.5813
2024/02/14 04:43:20.00,460907.3648,5635431.986,2944140.2927
2024/02/14 04:43:21.00,460909.9774,5635436.2596,2944131.8262
2024/02/14 04:43:22.00,460912.7375,5635440.656,2944123.1333
2024/02/14 04:43:23.00,460915.6052,5635445.1784,2944114.2617
2024/02/14 04:43:24.00,460918.5342,5635449.7868,2944105.21
2024/02/14 04:43:25.00,460922.4441,5635456.1468,2944096.3952
2024/02/14 04:43:26.00,460925.6337,5635459.9117,2944087.5333
2024/02/14 04:43:27.00,460928.8388,5635463.9126,2944078.0917
2024/02/14 04:43:28.00,460932.0341,5635471.6004,2944070.4592
2024/02/14 04:43:29.00,460934.9183,5635476.1612,2944061.5231
2024/02/14 04:43:30.00,460937.0835,5635477.4057,2944050.7302
2024/02/14 04:43:31.00,460940.463,5635481.7243,2944042.9374
2024/02/14 04:43:32.00,460943.6673,5635488.8689,2944036.6454
2024/02/14 04:43:33.00,460945.4055,5635489.757,2944026.751
2024/02/14 04:43:34.00,460948.0248,5635493.4955,2944019.2753
2024/02/14 04:43:35.00,460950.7246,5635497.2542,2944011.8627
2024/02/14 04:43:36.00,460953.4212,5635501.0659,2944004.3569
2024/02/14 04:43:37.00,460956.0963,5635504.9379,2943996.7895
2024/02/14 04:43:38.00,460958.7159,5635508.8698,2943989.1337
2024/02/14 04:43:39.00,460961.2299,5635512.8428,2943981.3578
2024/02/14 04:43:40.00,460963.6571,5635516.8528,2943973.5248
2024/02/14 04:43:41.00,460965.9664,5635520.8738,2943965.6732
2024/02/14 04:43:42.00,460968.1282,5635524.7917,2943958.0423
2024/02/14 04:43:43.00,460969.6893,5635528.6208,2943950.633
2024/02/14 04:43:44.00,460970.4185,5635532.4205,2943943.4672
2024/02/14 04:43:45.00,460970.1581,5635536.1618,2943936.6386
2024/02/14 04:43:46.00,460969.3106,5635539.7824,2943930.1774
2024/02/14 04:43:47.00,460968.4116,5635543.2037,2943923.8794
2024/02/14 04:43:48.00,460967.5464,5635546.6546,2943917.6878
2024/02/14 04:43:49.00,460966.6319,5635550.1108,2943911.3496
2024/02/14 04:43:50.00,460965.6187,5635553.676,2943904.8817
2024/02/14 04:43:51.00,460964.4072,5635557.3126,2943898.2369
2024/02/14 04:43:52.00,460962.9235,5635561.0365,2943891.3548
2024/02/14 04:43:53.00,460963.6439,5635567.3155,2943887.2064
2024/02/14 04:43:54.00,460959.6385,5635571.7364,2943877.391
2024/02/14 04:43:55.00,460959.6719,5635572.8973,2943870.2098
2024/02/14 04:43:56.00,460958.6453,5635577.6234,2943862.7377
2024/02/14 04:43:57.00,460956.2609,5635581.4631,2943854.4515
2024/02/14 04:43:58.00,460955.7833,5635585.5213,2943847.4021
2024/02/14 04:43:59.00,460954.89,5635590.3973,2943839.7323
2024/02/14 04:44:00.00,460953.8344,5635594.7479,2943831.9844
2024/02/14 04:44:01.00,460952.4432,5635603.0038,2943824.8305
2024/02/14 04:44:02.00,460951.3629,5635602.7126,2943816.2863
2024/02/14 04:44:03.00,460950.5659,5635606.8023,2943808.9013
2024/02/14 04:44:04.00,460949.8292,5635612.2391,2943801.942
2024/02/14 04:44:05.00,460948.5775,5635612.5047,2943794.1976
2024/02/14 04:44:06.00,460948.2622,5635615.887,2943788.0304
2024/02/14 04:44:07.00,460948.7677,5635622.7471,2943783.3047
2024/02/14 04:44:08.00,460948.3101,5635625.7646,2943777.9572
2024/02/14 04:44:09.00,460947.238,5635626.6578,2943772.3153
2024/02/14 04:44:10.00,460948.61,5635631.9832,2943771.425
2024/02/14 04:44:11.00,460944.7678,5635635.8112,2943765.041
2024/02/14 04:44:12.00,460944.1311,5635637.7992,2943761.4269
2024/02/14 04:44:13.00,460944.6578,5635635.0854,2943757.2128
2024/02/14 04:44:14.00,460942.319,5635641.4659,2943754.352
2024/02/14 04:44:15.00,460943.4194,5635639.4295,2943752.8164
2024/02/14 04:44:16.00,460939.8764,5635645.071,2943748.0045
2024/02/14 04:44:17.00,460939.8539,5635642.4249,2943744.1814
2024/02/14 04:44:18.00,460939.6733,5635644.7141,2943741.5567
2024/02/14 04:44:19.00,460937.0238,5635644.136,2943737.1365
2024/02/14 04:44:20.00,460936.9686,5635648.6846,2943734.8078
2024/02/14 04:44:21.00,460935.8902,5635649.5993,2943731.581
2024/02/14 04:44:22.00,460934.6541,5635653.2974,2943729.4544
2024/02/14 04:44:23.00,460934.2974,5635656.7549,2943727.7071
2024/02/14 04:44:24.00,460933.8376,5635657.4729,2943726.3182
2024/02/14 04:44:25.00,460933.2766,5635658.0863,2943725.1719
2024/02/14 04:44:26.00,460933.3603,5635653.7552,2943724.2883
2024/02/14 04:44:27.00,460935.6947,5635660.296,2943722.9458
2024/02/14 04:44:28.00,460933.2274,5635655.0518,2943723.0493
2024/02/14 04:44:29.00,460932.4659,5635655.22,2943721.7066
2024/02/14 04:44:30.00,460932.0097,5635655.9221,2943720.4919
2024/02/14 04:44:31.00,460931.6255,5635656.5479,2943719.3296
2024/02/14 04:44:32.00,460931.0622,5635661.6924,2943718.8001
2024/02/14 04:44:33.00,460931.0522,5635657.4952,2943717.6635
2024/02/14 04:44:34.00,460929.9257,5635664.8824,2943719.6062
2024/02/14 04:44:35.00,460930.9137,5635657.7075,2943717.281
2024/02/14 04:44:36.00,460933.9671,5635662.2225,2943717.6695
2024/02/14 04:44:37.00,460933.4577,5635665.6822,2943718.3941
2024/02/14 04:44:38.00,460933.9649,5635662.2274,2943717.6696
2024/02/14 04:44:39.00,460933.4687,5635665.7002,2943718.4007
2024/02/14 04:44:40.00,460933.4713,5635665.6981,2943718.405
2024/02/14 04:44:41.00,460933.9894,5635662.2303,2943717.6863
2024/02/14 04:44:42.00,460933.9515,5635662.2963,2943717.5907
2024/02/14 04:44:43.00,460931.1079,5635658.4434,2943717.0802
2024/02/14 04:44:44.00,460931.0152,5635658.5966,2943716.8364
2024/02/14 04:44:45.00,460929.8053,5635665.4902,2943719.0852
2024/02/14 04:44:46.00,460929.8056,5635665.4817,2943719.0839
2024/02/14 04:44:47.00,460931.0,5635658.612,2943716.7738
2024/02/14 04:44:48.00,460930.9984,5635658.6061,2943716.7714
2024/02/14 04:44:49.00,460933.2147,5635664.1103,2943717.4068
2024/02/14 04:44:50.00,460930.6715,5635658.0489,2943716.6166
2024/02/14 04:44:51.00,460933.2126,5635664.1023,2943717.404
2024/02/14 04:44:52.00,460933.2129,5635664.1083,2943717.405
2024/02/14 04:44:53.00,460931.0033,5635658.6373,2943716.7893
2024/02/14 04:44:54.00,460931.0045,5635658.6074,2943716.8125
2024/02/14 04:44:55.00,460931.988,5635661.2101,2943719.0384
2024/02/14 04:44:56.00,460930.5811,5635659.2529,2943715.6871
2024/02/14 04:44:57.00,460930.2524,5635659.7098,2943714.8878
2024/02/14 04:44:58.00,460929.5091,5635659.6903,2943713.8023
2024/02/14 04:44:59.00,460930.0092,5635663.1152,2943713.5093
2024/02/14 04:45:00.00,460928.2128,5635661.2367,2943711.1979
2024/02/14 04:45:01.00,460927.2715,5635662.1339,2943709.6825
2024/02/14 04:45:02.00,460926.2403,5635663.0879,2943708.0633
2024/02/14 04:45:03.00,460923.8491,5635664.1975,2943704.6175
2024/02/14 04:45:04.00,460924.3519,5635664.8381,2943705.1979
2024/02/14 04:45:05.00,460923.2279,5635665.8012,2943703.5317
2024/02/14 04:45:06.00,460922.2305,5635667.358,2943701.8403
2024/02/14 04:45:07.00,460919.4857,5635673.5912,2943700.8549
2024/02/14 04:45:08.00,460919.9195,5635669.361,2943698.4946
2024/02/14 04:45:09.00,460918.4921,5635671.4809,2943697.2173
2024/02/14 04:45:10.00,460919.1336,5635673.4156,2943698.501
2024/02/14 04:45:11.00,460915.9857,5635671.495,2943694.5107
2024/02/14 04:45:12.00,460917.5286,5635674.4082,2943695.5995
2024/02/14 04:45:13.00,460916.3143,5635675.9273,2943694.4917
2024/02/14 04:45:14.00,460913.3386,5635673.8667,2943689.6543
2024/02/14 04:45:15.00,460914.0188,5635678.0271,2943691.0131
2024/02/14 04:45:16.00,460911.908,5635677.0192,2943686.4307
2024/02/14 04:45:17.00,460909.0075,5635677.5532,2943683.8945
2024/02/14 04:45:18.00,460908.3124,5635680.521,2943682.1641
2024/02/14 04:45:19.00,460908.1211,5635682.989,2943682.6551
2024/02/14 04:45:20.00,460906.6808,5635683.9804,2943680.9914
2024/02/14 04:45:21.00,460905.3091,5635684.8447,2943679.4558
2024/02/14 04:45:22.00,460901.9876,5635682.7842,2943674.8728
2024/02/14 04:45:23.00,460900.5651,5635683.6087,2943673.5956
2024/02/14 04:45:24.00,460901.014,5635686.7293,2943675.159
2024/02/14 04:45:25.00,460898.882,5635688.1501,2943674.3167
2024/02/14 04:45:26.00,460896.9182,5635688.2626,2943673.0487
2024/02/14 04:45:27.00,460891.9898,5635687.7437,2943670.2697
2024/02/14 04:45:28.00,460892.7148,5635689.0489,2943672.3035
2024/02/14 04:45:29.00,460890.5989,5635689.1469,2943672.4203
2024/02/14 04:45:30.00,460887.3121,5635688.397,2943670.8274
2024/02/14 04:45:31.00,460885.845,5635688.6203,2943673.9159
2024/02/14 04:45:32.00,460882.9381,5635688.0294,2943675.3766
2024/02/14 04:45:33.00,460879.5153,5635687.3123,2943677.1327
2024/02/14 04:45:34.00,460875.7041,5635686.5112,2943679.0659
2024/02/14 04:45:35.00,460871.825,5635685.6515,2943681.1361
2024/02/14 04:45:36.00,460865.6859,5635682.3907,2943680.4166
2024/02/14 04:45:37.00,460861.2318,5635681.4006,2943682.8189
2024/02/14 04:45:38.00,460858.4523,5635682.6666,2943688.3278
2024/02/14 04:45:39.00,460853.1944,5635681.4503,2943691.1953
2024/02/14 04:45:40.00,460847.6565,5635680.1595,2943694.2375
2024/02/14 04:45:41.00,460841.8265,5635678.813,2943697.4168
2024/02/14 04:45:42.00,460835.7501,5635677.4036,2943700.7218
2024/02/14 04:45:43.00,460827.3515,5635673.5583,2943701.2047
2024/02/14 04:45:44.00,460823.2981,5635674.5231,2943707.4784
2024/02/14 04:45:45.00,460817.357,5635673.1445,2943710.6797
2024/02/14 04:45:46.00,460812.3793,5635672.0004,2943713.3634
2024/02/14 04:45:47.00,460806.0441,5635668.647,2943712.7298
2024/02/14 04:45:48.00,460801.873,5635667.6955,2943714.9971
2024/02/14 04:45:49.00,460797.3318,5635666.6557,2943717.4594
2024/02/14 04:45:50.00,460792.3594,5635665.4405,2943720.3062
2024/02/14 04:45:51.00,460786.8283,5635663.9824,2943723.6533
2024/02/14 04:45:52.00,460782.88,5635664.7139,2943730.344
2024/02/14 04:45:53.00,460776.6566,5635663.01,2943734.2447
2024/02/14 04:45:54.00,460770.1105,5635661.2167,2943738.3474
2024/02/14 04:45:55.00,460763.0841,5635659.2773,2943742.8046
2024/02/14 04:45:56.00,460755.4695,5635657.1202,2943747.696
2024/02/14 04:45:57.00,460747.3495,5635654.6859,2943753.1572
2024/02/14 04:45:58.00,460738.9025,5635651.9411,2943759.2224
2024/02/14 04:45:59.00,460730.4875,5635649.017,2943765.6366
2024/02/14 04:46:00.00,460722.0516,5635645.9049,2943772.3788
2024/02/14 04:46:01.00,460713.5336,5635642.6056,2943779.5006
2024/02/14 04:46:02.00,460703.8238,5635638.4568,2943784.8416
2024/02/14 04:46:03.00,460696.227,5635635.4138,2943794.8867
2024/02/14 04:46:04.00,460687.4985,5635631.4749,2943803.1556
2024/02/14 04:46:05.00,460678.8033,5635627.2996,2943811.8628
2024/02/14 04:46:06.00,460670.1139,5635622.9094,2943820.9731
2024/02/14 04:46:07.00,460661.2774,5635618.4191,2943830.6271
2024/02/14 04:46:08.00,460652.5862,5635613.632,2943840.4713
2024/02/14 04:46:09.00,460643.8306,5635608.8073,2943850.4536
2024/02/14 04:46:10.00,460633.1223,5635601.5319,2943857.3915
2024/02/14 04:46:11.00,460624.4562,5635596.6664,2943867.2956
2024/02/14 04:46:12.00,460616.7943,5635595.1712,2943878.1525
2024/02/14 04:46:13.00,460606.9442,5635587.0981,2943887.0518
2024/02/14 04:46:14.00,460600.0017,5635584.7655,2943900.0537
2024/02/14 04:46:15.00,460591.2599,5635579.8247,2943909.9191
2024/02/14 04:46:16.00,460583.0155,5635572.2831,2943915.7194
2024/02/14 04:46:17.00,460573.4485,5635570.2278,2943930.1324
2024/02/14 04:46:18.00,460564.5761,5635565.32,2943940.2157
2024/02/14 04:46:19.00,460555.7127,5635560.4228,2943950.2982
2024/02/14 04:46:20.00,460547.0569,5635555.6736,2943960.1051
2024/02/14 04:46:21.00,460538.7948,5635551.0839,2943969.5219
2024/02/14 04:46:22.00,460530.7246,5635546.6287,2943978.7122
2024/02/14 04:46:23.00,460522.6549,5635542.1076,2943987.8784
2024/02/14 04:46:24.00,460514.7968,5635537.59,2943996.9014
2024/02/14 04:46:25.00,460507.406,5635533.2548,2944005.4325
2024/02/14 04:46:26.00,460500.7413,5635529.3682,2944013.0722
2024/02/14 04:46:27.00,460494.5848,5635525.8021,2944020.066
2024/02/14 04:46:28.00,460488.6812,5635522.3807,2944026.6684
2024/02/14 04:46:29.00,460482.8912,5635519.0457,2944033.0975
2024/02/14 04:46:30.00,460477.0546,5635515.6737,2944039.519
2024/02/14 04:46:31.00,460471.1883,5635512.2678,2944046.0118
2024/02/14 04:46:32.00,460465.2466,5635508.7066,2944052.7266
2024/02/14 04:46:33.00,460459.1192,5635505.0894,2944059.602
2024/02/14 04:46:34.00,460452.819,5635501.3853,2944066.6017
2024/02/14 04:46:35.00,460446.5137,5635497.6959,2944073.6112
2024/02/14 04:46:36.00,460438.2354,5635491.5132,2944077.5618
2024/02/14 04:46:37.00,460433.7679,5635490.2272,2944087.7734
2024/02/14 04:46:38.00,460427.1349,5635486.3631,2944095.0935
2024/02/14 04:46:39.00,460420.3662,5635482.4197,2944102.5905
2024/02/14 04:46:40.00,460411.4895,5635475.8699,2944107.2204
2024/02/14 04:46:41.00,460406.4548,5635474.2108,2944118.1313
2024/02/14 04:46:42.00,460399.2819,5635469.9548,2944126.1694
2024/02/14 04:46:43.00,460391.9171,5635465.6161,2944134.3329
2024/02/14 04:46:44.00,460384.5455,5635461.2699,2944142.5312
2024/02/14 04:46:45.00,460377.365,5635456.982,2944150.6099
2024/02/14 04:46:46.00,460370.3036,5635452.7318,2944158.5935
2024/02/14 04:46:47.00,460361.0672,5635445.9452,2944163.6058
2024/02/14 04:46:48.00,460355.8794,5635444.2121,2944174.5556
2024/02/14 04:46:49.00,460346.8995,5635437.6978,2944179.2758
2024/02/14 04:46:50.00,460344.4113,5635442.935,2944185.606
2024/02/14 04:46:51.00,460334.5623,5635431.9797,2944193.3754
2024/02/14 04:46:52.00,460326.5435,5635428.4635,2944203.4275
2024/02/14 04:46:53.00,460320.0666,5635424.3548,2944210.3163
2024/02/14 04:46:54.00,460313.2097,5635418.0311,2944217.391
2024/02/14 04:46:55.00,460305.5144,5635417.2299,2944227.8576
2024/02/14 04:46:56.00,460298.6143,5635408.9255,2944234.1999
2024/02/14 04:46:57.00,460290.6779,5635405.3691,2944242.1537
2024/02/14 04:46:58.00,460284.0545,5635401.6113,2944249.7446
2024/02/14 04:46:59.00,460278.3983,5635401.0282,2944257.746
2024/02/14 04:47:00.00,460271.6069,5635397.4004,2944265.3076
2024/02/14 04:47:01.00,460264.6967,5635392.0053,2944272.7816
2024/02/14 04:47:02.00,460258.0147,5635388.3806,2944280.3571
2024/02/14 04:47:03.00,460251.3955,5635384.784,2944287.9436
2024/02/14 04:47:04.00,460245.0152,5635381.2914,2944295.2926
2024/02/14 04:47:05.00,460239.101,5635378.0213,2944302.1899
2024/02/14 04:47:06.00,460232.8779,5635373.1276,2944308.0724
2024/02/14 04:47:07.00,460227.6604,5635371.7862,2944315.3944
2024/02/14 04:47:08.00,460221.6044,5635367.1996,2944320.711
2024/02/14 04:47:09.00,460218.586,5635367.0312,2944329.3468
2024/02/14 04:47:10.00,460214.1443,5635364.6004,2944334.445
2024/02/14 04:47:11.00,460210.1922,5635362.4081,2944339.0441
2024/02/14 04:47:12.00,460206.347,5635360.3098,2944343.4653
2024/02/14 04:47:13.00,460201.072,5635359.6833,2944345.7373
2024/02/14 04:47:14.00,460196.7356,5635353.7524,2944349.0444
2024/02/14 04:47:15.00,460195.0026,5635354.3104,2944356.2075
2024/02/14 04:47:16.00,460190.3674,5635347.8984,2944356.0305
2024/02/14 04:47:17.00,460187.4628,5635350.3156,2944360.8796
2024/02/14 04:47:18.00,460185.2659,5635349.0751,2944363.4744
2024/02/14 04:47:19.00,460183.4502,5635348.0675,2944365.593
2024/02/14 04:47:20.00,460181.6183,5635347.061,2944367.7109
2024/02/14 04:47:21.00,460179.8794,5635346.135,2944369.682
2024/02/14 04:47:22.00,460178.8946,5635347.292,2944371.1445
2024/02/14 04:47:23.00,460178.2103,5635345.225,2944371.6077
2024/02/14 04:47:24.00,460177.8355,5635345.0091,2944372.0435
2024/02/14 04:47:25.00,460177.4317,5635344.7908,2944372.511
2024/02/14 04:47:26.00,460176.9988,5635344.5633,2944372.9942
2024/02/14 04:47:27.00,460176.6329,5635344.3679,2944373.4075
2024/02/14 04:47:28.00,460176.5322,5635344.3164,2944373.523
2024/02/14 04:47:29.00,460176.5306,5635344.3124,2944373.5246
2024/02/14 04:47:30.00,460176.6965,5635346.0516,2944373.6353
2024/02/14 04:47:31.00,460176.4911,5635344.2902,2944373.5712
2024/02/14 04:47:32.00,460176.4606,5635344.2718,2944373.6019
2024/02/14 04:47:33.00,460176.4628,5635344.271,2944373.6031
2024/02/14 04:47:34.00,460176.4494,5635344.2676,2944373.6164
2024/02/14 04:47:35.00,460176.3888,5635344.2359,2944373.682
2024/02/14 04:47:36.00,460176.1524,5635344.1109,2944373.9533
2024/02/14 04:47:37.00,460175.6532,5635345.4942,2944374.8186
2024/02/14 04:47:38.00,460174.437,5635343.1903,2944375.8998
2024/02/14 04:47:39.00,460173.1012,5635342.4854,2944377.4096
2024/02/14 04:47:40.00,460171.4061,5635341.5635,2944379.351
2024/02/14 04:47:41.00,460169.4257,5635340.492,2944381.6557
2024/02/14 04:47:42.00,460167.3657,5635339.3222,2944384.1178
2024/02/14 04:47:43.00,460165.3033,5635338.1496,2944386.5989
2024/02/14 04:47:44.00,460163.1336,5635336.9264,2944389.199
2024/02/14 04:47:45.00,460160.7489,5635335.5791,2944392.0259
2024/02/14 04:47:46.00,460158.4578,5635334.2948,2944394.7311
2024/02/14 04:47:47.00,460156.4461,5635335.3825,2944397.2482
2024/02/14 04:47:48.00,460156.0865,5635332.9233,2944401.4188
2024/02/14 04:47:49.00,460153.2724,5635333.0434,2944401.0742
2024/02/14 04:47:50.00,460152.1957,5635332.4429,2944402.3502
2024/02/14 04:47:51.00,460151.3259,5635330.3227,2944403.1125
2024/02/14 04:47:52.00,460151.3561,5635330.04,2944403.7597
2024/02/14 04:47:53.00,460150.4546,5635331.4161,2944404.5441
2024/02/14 04:47:54.00,460149.9426,5635325.1191,2944403.4233
2024/02/14 04:47:55.00,460149.1563,5635329.019,2944405.8195
2024/02/14 04:47:56.00,460148.6362,5635328.7238,2944406.4721
2024/02/14 04:47:57.00,460148.2958,5635328.5244,2944406.8894
2024/02/14 04:47:58.00,460145.9785,5635333.3761,2944407.0483
2024/02/14 04:47:59.00,460145.982,5635333.3558,2944407.0392
2024/02/14 04:48:00.00,460145.9816,5635333.3586,2944407.0395
2024/02/14 04:48:01.00,460145.9803,5635333.3556,2944407.0384
2024/02/14 04:48:02.00,460145.982,5635333.36,2944407.0416
2024/02/14 04:48:03.00,460145.9812,5635333.3557,2944407.0399
2024/02/14 04:48:04.00,460145.9809,5635333.3596,2944407.0415
2024/02/14 04:48:05.00,460145.9801,5635333.3571,2944407.04
2024/02/14 04:48:06.00,460148.4469,5635330.24,2944407.0117
2024/02/14 04:48:07.00,460148.442,5635330.2585,2944407.0195
2024/02/14 04:48:08.00,460149.5626,5635329.741,2944409.2901
2024/02/14 04:48:09.00,460148.4513,5635330.2276,2944407.0052
2024/02/14 04:48:10.00,460148.4498,5635330.2248,2944407.0045
2024/02/14 04:48:11.00,460149.5606,5635329.7363,2944409.2863
2024/02/14 04:48:12.00,460149.5618,5635329.7395,2944409.2881
2024/02/14 04:48:13.00,460149.5624,5635329.7406,2944409.2866
2024/02/14 04:48:14.00,460148.4514,5635330.2235,2944407.0035
2024/02/14 04:48:15.00,460147.7458,5635326.7761,2944406.1196
2024/02/14 04:48:16.00,460148.4504,5635330.223,2944407.0015
2024/02/14 04:48:17.00,460149.5613,5635329.7379,2944409.2871
2024/02/14 04:48:18.00,460147.746,5635326.774,2944406.1176
2024/02/14 04:48:19.00,460148.4514,5635330.2202,2944407.0012
2024/02/14 04:48:20.00,460148.4527,5635330.2222,2944407.0004
2024/02/14 04:48:21.00,460148.4513,5635330.2235,2944407.0007
2024/02/14 04:48:22.00,460147.7462,5635326.7752,2944406.1181
2024/02/14 04:48:23.00,460147.7474,5635326.7746,2944406.1183
2024/02/14 04:48:24.00,460148.4513,5635330.2242,2944407.0015
2024/02/14 04:48:25.00,460149.573,5635329.7068,2944409.2674
2024/02/14 04:48:26.00,460149.5745,5635329.7048,2944409.268
2024/02/14 04:48:27.00,460147.7497,5635326.7754,2944406.1177
2024/02/14 04:48:28.00,460147.7498,5635326.7713,2944406.1183
2024/02/14 04:48:29.00,460149.5758,5635329.7063,2944409.2682
2024/02/14 04:48:30.00,460149.5726,5635329.7128,2944409.2719
2024/02/14 04:48:31.00,460149.5759,5635329.706,2944409.2688
2024/02/14 04:48:32.00,460149.5728,5635329.7135,2944409.2733
2024/02/14 04:48:33.00,460149.5761,5635329.7055,2944409.2671
2024/02/14 04:48:34.00,460148.8267,5635327.4341,2944406.876
2024/02/14 04:48:35.00,460149.5744,5635329.7148,2944409.2703
2024/02/14 04:48:36.00,460149.5764,5635329.7022,2944409.2664
2024/02/14 04:48:37.00,460149.5771,5635329.7014,2944409.2648
2024/02/14 04:48:38.00,460149.5785,5635329.6998,2944409.2645
2024/02/14 04:48:39.00,460148.8282,5635327.432,2944406.8751
2024/02/14 04:48:40.00,460149.5775,5635329.7029,2944409.2644
2024/02/14 04:48:41.00,460149.5767,5635329.6972,2944409.2633
2024/02/14 04:48:42.00,460149.5779,5635329.7011,2944409.2623
2024/02/14 04:48:43.00,460149.5772,5635329.7038,2944409.2647
2024/02/14 04:48:44.00,460146.0169,5635333.5124,2944407.1535
2024/02/14 04:48:45.00,460146.0183,5635333.5136,2944407.1549
2024/02/14 04:48:46.00,460149.5797,5635329.6974,2944409.2624
2024/02/14 04:48:47.00,460149.5803,5635329.6992,2944409.2617
2024/02/14 04:48:48.00,460149.5789,5635329.7015,2944409.2636
2024/02/14 04:48:49.00,460149.578,5635329.6948,2944409.2619
2024/02/14 04:48:50.00,460149.5792,5635329.7014,2944409.2617
2024/02/14 04:48:51.00,460147.4701,5635334.1034,2944409.0768
2024/02/14 04:48:52.00,460149.58,5635329.7012,2944409.2612
2024/02/14 04:48:53.00,460147.4694,5635334.1061,2944409.0748
2024/02/14 04:48:54.00,460149.578,5635329.6962,2944409.2599
2024/02/14 04:48:55.00,460149.5808,5635329.6954,2944409.26
2024/02/14 04:48:56.00,460149.5802,5635329.6982,2944409.2582
2024/02/14 04:48:57.00,460149.5795,5635329.6955,2944409.259
2024/02/14 04:48:58.00,460149.5799,5635329.6954,2944409.258
2024/02/14 04:48:59.00,460149.5774,5635329.708,2944409.2628
2024/02/14 04:49:00.00,460149.5819,5635329.6977,2944409.2581
2024/02/14 04:49:01.00,460149.5796,5635329.6975,2944409.2564
2024/02/14 04:49:02.00,460149.5772,5635329.7128,2944409.2656
2024/02/14 04:49:03.00,460149.5816,5635329.6928,2944409.2567
2024/02/14 04:49:04.00,460149.5779,5635329.7109,2944409.2653
2024/02/14 04:49:05.00,460149.5865,5635329.6799,2944409.2536
2024/02/14 04:49:06.00,460149.4227,5635332.9207,2944408.2901
2024/02/14 04:49:07.00,460146.0085,5635333.456,2944407.1357
2024/02/14 04:49:08.00,460149.5771,5635329.7113,2944409.2633
2024/02/14 04:49:09.00,460149.5876,5635329.6793,2944409.2492
2024/02/14 04:49:10.00,460149.4239,5635332.9179,2944408.2871
2024/02/14 04:49:11.00,460148.4143,5635330.9156,2944407.4243
2024/02/14 04:49:12.00,460146.0087,5635333.4597,2944407.1335
2024/02/14 04:49:13.00,460146.0197,5635333.4968,2944407.1419
2024/02/14 04:49:14.00,460146.01,5635333.4519,2944407.1335
2024/02/14 04:49:15.00,460146.0143,5635333.5037,2944407.1477
2024/02/14 04:49:16.00,460149.5847,5635329.686,2944409.2508
2024/02/14 04:49:17.00,460146.0098,5635333.4474,2944407.1307
2024/02/14 04:49:18.00,460146.0184,5635333.4954,2944407.1417
2024/02/14 04:49:19.00,460146.0073,5635333.4549,2944407.134
2024/02/14 04:49:20.00,460146.0162,5635333.4951,2944407.1431
2024/02/14 04:49:21.00,460146.0162,5635333.4912,2944407.1394
2024/02/14 04:49:22.00,460146.0166,5635333.4926,2944407.1396
2024/02/14 04:49:23.00,460146.0166,5635333.4934,2944407.1385
2024/02/14 04:49:24.00,460146.017,5635333.4984,2944407.1411
2024/02/14 04:49:25.00,460147.9844,5635326.4371,2944404.4925
2024/02/14 04:49:26.00,460146.0167,5635333.4942,2944407.1402
2024/02/14 04:49:27.00,460146.0178,5635333.4903,2944407.1381
2024/02/14 04:49:28.00,460149.5886,5635329.6674,2944409.241
2024/02/14 04:49:29.00,460146.0135,5635333.4912,2944407.1383
2024/02/14 04:49:30.00,460146.014,5635333.4911,2944407.1383
2024/02/14 04:49:31.00,460146.015,5635333.4918,2944407.1397
2024/02/14 04:49:32.00,460149.5906,5635329.6645,2944409.2403
2024/02/14 04:49:33.00,460146.0124,5635333.498,2944407.144
2024/02/14 04:49:34.00,460149.5916,5635329.664,2944409.2387
2024/02/14 04:49:35.00,460149.5903,5635329.6596,2944409.2368
2024/02/14 04:49:36.00,460149.5948,5635329.6521,2944409.2364
2024/02/14 04:49:37.00,460149.5926,5635329.6625,2944409.2384
2024/02/14 04:49:38.00,460147.9842,5635326.428,2944404.4915
2024/02/14 04:49:39.00,460147.9859,5635326.4268,2944404.4925
2024/02/14 04:49:40.00,460147.9842,5635326.4247,2944404.4909
2024/02/14 04:49:41.00,460147.9857,5635326.4283,2944404.493
2024/02/14 04:49:42.00,460147.9856,5635326.4254,2944404.4921
2024/02/14 04:49:43.00,460147.986,5635326.4239,2944404.4932
2024/02/14 04:49:44.00,460147.985,5635326.4218,2944404.4926
2024/02/14 04:49:45.00,460147.9858,5635326.4225,2944404.4929
2024/02/14 04:49:46.00,460147.9856,5635326.4246,2944404.4918
2024/02/14 04:49:47.00,460147.9855,5635326.4252,2944404.4921
2024/02/14 04:49:48.00,460147.9859,5635326.4208,2944404.4928
2024/02/14 04:49:49.00,460147.9851,5635326.4202,2944404.4927
2024/02/14 04:49:50.00,460147.9858,5635326.4204,2944404.4924
2024/02/14 04:49:51.00,460147.9853,5635326.4207,2944404.4923
2024/02/14 04:49:52.00,460147.9844,5635326.4184,2944404.4903
2024/02/14 04:49:53.00,460147.9838,5635326.4176,2944404.4916
2024/02/14 04:49:54.00,460147.9834,5635326.4189,2944404.4918
2024/02/14 04:49:55.00,460147.985,5635326.4232,2944404.4933
2024/02/14 04:49:56.00,460147.9852,5635326.4181,2944404.4922
2024/02/14 04:49:57.00,460147.9843,5635326.4202,2944404.4942
2024/02/14 04:49:58.00,460147.9865,5635326.4201,2944404.4934
2024/02/14 04:49:59.00,460149.6821,5635329.3397,2944409.1385
2024/02/14 04:50:00.00,460149.6816,5635329.3353,2944409.136
2024/02/14 04:50:01.00,460149.6825,5635329.333,2944409.1365
2024/02/14 04:50:02.00,460149.6835,5635329.3344,2944409.1358
2024/02/14 04:50:03.00,460149.6833,5635329.3333,2944409.1384
2024/02/14 04:50:04.00,460149.6822,5635329.333,2944409.1356
2024/02/14 04:50:05.00,460149.6829,5635329.333,2944409.1353
2024/02/14 04:50:06.00,460147.9847,5635326.4207,2944404.4964
2024/02/14 04:50:07.00,460149.6825,5635329.3325,2944409.1364
2024/02/14 04:50:08.00,460147.986,5635326.4195,2944404.4942
2024/02/14 04:50:09.00,460147.9869,5635326.4218,2944404.4977
2024/02/14 04:50:10.00,460149.6837,5635329.3336,2944409.1351
2024/02/14 04:50:11.00,460149.6841,5635329.3345,2944409.1357
2024/02/14 04:50:12.00,460149.6846,5635329.3337,2944409.1347
2024/02/14 04:50:13.00,460149.6843,5635329.3339,2944409.1351
2024/02/14 04:50:14.00,460149.6846,5635329.3326,2944409.134
2024/02/14 04:50:15.00,460149.6849,5635329.3388,2944409.1364
2024/02/14 04:50:16.00,460147.9867,5635326.4272,2944404.4987
2024/02/14 04:50:17.00,460147.9857,5635326.4284,2944404.4981
2024/02/14 04:50:18.00,460149.6875,5635329.3345,2944409.1338
2024/02/14 04:50:19.00,460149.6869,5635329.336,2944409.1342
2024/02/14 04:50:20.00,460149.6873,5635329.3328,2944409.1321
2024/02/14 04:50:21.00,460149.6862,5635329.3313,2944409.1302
2024/02/14 04:50:22.00,460149.687,5635329.3323,2944409.1312
2024/02/14 04:50:23.00,460149.6872,5635329.3315,2944409.13
2024/02/14 04:50:24.00,460149.6843,5635329.334,2944409.1297
2024/02/14 04:50:25.00,460149.6869,5635329.3359,2944409.1309
2024/02/14 04:50:26.00,460149.687,5635329.3323,2944409.1305
2024/02/14 04:50:27.00,460149.686,5635329.3326,2944409.1295
2024/02/14 04:50:28.00,460149.6875,5635329.3329,2944409.1301
2024/02/14 04:50:29.00,460149.6863,5635329.332,2944409.1274
2024/02/14 04:50:30.00,460149.6954,5635329.3745,2944409.1369
2024/02/14 04:50:31.00,460149.687,5635329.3301,2944409.125
2024/02/14 04:50:32.00,460149.6886,5635329.3276,2944409.1264
2024/02/14 04:50:33.00,460147.9849,5635326.4215,2944404.4963
2024/02/14 04:50:34.00,460149.6884,5635329.3275,2944409.1242
2024/02/14 04:50:35.00,460149.6899,5635329.3255,2944409.1244
2024/02/14 04:50:36.00,460149.6885,5635329.3277,2944409.1246
2024/02/14 04:50:37.00,460149.69,5635329.328,2944409.126
2024/02/14 04:50:38.00,460149.6886,5635329.3257,2944409.1237
2024/02/14 04:50:39.00,460148.3387,5635331.0969,2944407.4897
2024/02/14 04:50:40.00,460149.6898,5635329.3263,2944409.124
2024/02/14 04:50:41.00,460149.6872,5635329.3375,2944409.1301
2024/02/14 04:50:42.00,460149.6962,5635329.3806,2944409.1365
2024/02/14 04:50:43.00,460149.6879,5635329.3412,2944409.1296
2024/02/14 04:50:44.00,460148.3415,5635331.0873,2944407.4853
2024/02/14 04:50:45.00,460148.3324,5635331.0648,2944407.4637
2024/02/14 04:50:46.00,460148.3414,5635331.0859,2944407.486
2024/02/14 04:50:47.00,460148.3431,5635331.0897,2944407.4867
2024/02/14 04:50:48.00,460148.3307,5635331.0627,2944407.4638
2024/02/14 04:50:49.00,460148.3327,5635331.0651,2944407.4657
2024/02/14 04:50:50.00,460148.3318,5635331.0628,2944407.4643
2024/02/14 04:50:51.00,460148.3325,5635331.0651,2944407.4651
2024/02/14 04:50:52.00,460148.3318,5635331.0635,2944407.4619
2024/02/14 04:50:53.00,460148.3316,5635331.0615,2944407.4651
2024/02/14 04:50:54.00,460148.3328,5635331.063,2944407.464
2024/02/14 04:50:55.00,460148.3336,5635331.0605,2944407.4635
2024/02/14 04:50:56.00,460148.3321,5635331.0625,2944407.4647
2024/02/14 04:50:57.00,460148.3337,5635331.0621,2944407.4651
2024/02/14 04:50:58.00,460148.3313,5635331.0593,2944407.4625
2024/02/14 04:50:59.00,460148.3344,5635331.0613,2944407.4644
2024/02/14 04:51:00.00,460148.3335,5635331.0597,2944407.4622
2024/02/14 04:51:01.00,460148.3318,5635331.0659,2944407.4658
2024/02/14 04:51:02.00,460148.331,5635331.0636,2944407.4646
2024/02/14 04:51:03.00,460148.3327,5635331.0589,2944407.4617
2024/02/14 04:51:04.00,460148.3314,5635331.059,2944407.4632
2024/02/14 04:51:05.00,460148.3342,5635331.0606,2944407.4645
2024/02/14 04:51:06.00,460148.3327,5635331.0634,2944407.4633
2024/02/14 04:51:07.00,460148.3333,5635331.0596,2944407.4655
2024/02/14 04:51:08.00,460148.3316,5635331.0626,2944407.4642
2024/02/14 04:51:09.00,460148.332,5635331.0617,2944407.466
2024/02/14 04:51:10.00,460148.3323,5635331.0622,2944407.4655
2024/02/14 04:51:11.00,460148.3329,5635331.0613,2944407.4651
2024/02/14 04:51:12.00,460148.332,5635331.0607,2944407.4655
2024/02/14 04:51:13.00,460148.3329,5635331.0614,2944407.4661
2024/02/14 04:51:14.00,460148.3298,5635331.0735,2944407.4667
2024/02/14 04:51:15.00,460148.3292,5635331.0712,2944407.4661
2024/02/14 04:51:16.00,460148.3286,5635331.0705,2944407.4638
2024/02/14 04:51:17.00,460148.3295,5635331.0705,2944407.4626
2024/02/14 04:51:18.00,460148.3326,5635331.0566,2944407.463
2024/02/14 04:51:19.00,460148.3281,5635331.0657,2944407.4644
2024/02/14 04:51:20.00,460148.3282,5635331.0708,2944407.4656
2024/02/14 04:51:21.00,460148.3301,5635331.0698,2944407.4659
2024/02/14 04:51:22.00,460148.3291,5635331.065,2944407.4659
2024/02/14 04:51:23.00,460148.3283,5635331.0652,2944407.4656
2024/02/14 04:51:24.00,460148.3292,5635331.0646,2944407.4642
2024/02/14 04:51:25.00,460148.3279,5635331.0704,2944407.4671
2024/02/14 04:51:26.00,460148.3271,5635331.067,2944407.4655
2024/02/14 04:51:27.00,460148.326,5635331.0683,2944407.4662
2024/02/14 04:51:28.00,460148.3273,5635331.0653,2944407.4663
2024/02/14 04:51:29.00,460148.328,5635331.0696,2944407.4679
2024/02/14 04:51:30.00,460148.3274,5635331.074,2944407.471
2024/02/14 04:51:31.00,460148.3274,5635331.0744,2944407.4687
2024/02/14 04:51:32.00,460148.3272,5635331.0736,2944407.4695
2024/02/14 04:51:33.00,460148.3252,5635331.0705,2944407.4683
2024/02/14 04:51:34.00,460148.3261,5635331.0698,2944407.4672
2024/02/14 04:51:35.00,460148.3238,5635331.0739,2944407.4695
2024/02/14 04:51:36.00,460148.3266,5635331.0713,2944407.4672
2024/02/14 04:51:37.00,460148.3262,5635331.0711,2944407.4686
2024/02/14 04:51:38.00,460148.3318,5635331.0501,2944407.4632
2024/02/14 04:51:39.00,460148.3284,5635331.0659,2944407.4641
2024/02/14 04:51:40.00,460148.3287,5635331.067,2944407.4662
2024/02/14 04:51:41.00,460148.3288,5635331.0693,2944407.466
2024/02/14 04:51:42.00,460148.3298,5635331.0653,2944407.4648
2024/02/14 04:51:43.00,460148.3285,5635331.0653,2944407.4654
2024/02/14 04:51:44.00,460148.3281,5635331.0647,2944407.4632
2024/02/14 04:51:45.00,460148.3292,5635331.0659,2944407.4647
2024/02/14 04:51:46.00,460148.3287,5635331.0644,2944407.4648
2024/02/14 04:51:47.00,460148.3281,5635331.0676,2944407.4638
2024/02/14 04:51:48.00,460148.3282,5635331.0671,2944407.4659
2024/02/14 04:51:49.00,460148.3283,5635331.0621,2944407.4634
2024/02/14 04:51:50.00,460148.3282,5635331.0656,2944407.4626
2024/02/14 04:51:51.00,460148.3283,5635331.0679,2944407.4656
2024/02/14 04:51:52.00,460148.3282,5635331.0645,2944407.4633
2024/02/14 04:51:53.00,460148.3279,5635331.0676,2944407.465
2024/02/14 04:51:54.00,460148.3278,5635331.0662,2944407.4644
2024/02/14 04:51:55.00,460148.3279,5635331.0641,2944407.4633
2024/02/14 04:51:56.00,460148.3337,5635331.0507,2944407.4621
2024/02/14 04:51:57.00,460148.3322,5635331.0503,2944407.4636
2024/02/14 04:51:58.00,460148.3297,5635331.0573,2944407.4663
2024/02/14 04:51:59.00,460148.3253,5635331.0721,2944407.467
2024/02/14 04:52:00.00,460148.3255,5635331.0772,2944407.4676
2024/02/14 04:52:01.00,460148.3307,5635331.0601,2944407.4656
2024/02/14 04:52:02.00,460148.3299,5635331.0655,2944407.4659
2024/02/14 04:52:03.00,460148.3292,5635331.0692,2944407.4642
2024/02/14 04:52:04.00,460148.3263,5635331.0766,2944407.4658
2024/02/14 04:52:05.00,460148.3266,5635331.0788,2944407.4672
2024/02/14 04:52:06.00,460148.3274,5635331.0751,2944407.4649
2024/02/14 04:52:07.00,460148.326,5635331.0776,2944407.4674
2024/02/14 04:52:08.00,460148.3278,5635331.0798,2944407.4673
2024/02/14 04:52:09.00,460148.3284,5635331.0694,2944407.4642
2024/02/14 04:52:10.00,460148.3293,5635331.0727,2944407.4636
2024/02/14 04:52:11.00,460148.3303,5635331.071,2944407.463
2024/02/14 04:52:12.00,460148.3304,5635331.0712,2944407.4629
2024/02/14 04:52:13.00,460148.3284,5635331.071,2944407.4623
2024/02/14 04:52:14.00,460148.3287,5635331.0695,2944407.4634
2024/02/14 04:52:15.00,460148.3296,5635331.0715,2944407.4618
2024/02/14 04:52:16.00,460148.3293,5635331.0707,2944407.4623
2024/02/14 04:52:17.00,460148.3381,5635331.0362,2944407.4598
2024/02/14 04:52:18.00,460148.3372,5635331.0308,2944407.4569
2024/02/14 04:52:19.00,460148.33,5635331.069,2944407.4627
2024/02/14 04:52:20.00,460148.3293,5635331.0723,2944407.4615
2024/02/14 04:52:21.00,460148.3374,5635331.035,2944407.4574
2024/02/14 04:52:22.00,460148.3356,5635331.0331,2944407.457
2024/02/14 04:52:23.00,460148.338,5635331.0345,2944407.4589
2024/02/14 04:52:24.00,460148.3357,5635331.0338,2944407.4563
2024/02/14 04:52:25.00,460148.3371,5635331.0323,2944407.4557
2024/02/14 04:52:26.00,460148.3371,5635331.0322,2944407.4559
2024/02/14 04:52:27.00,460148.3363,5635331.0327,2944407.4551
2024/02/14 04:52:28.00,460148.3366,5635331.032,2944407.4568
2024/02/14 04:52:29.00,460148.3375,5635331.0353,2944407.4558
2024/02/14 04:52:30.00,460148.3371,5635331.0361,2944407.4556
2024/02/14 04:52:31.00,460148.3365,5635331.036,2944407.4561
2024/02/14 04:52:32.00,460148.3413,5635331.0203,2944407.4495
2024/02/14 04:52:33.00,460148.3343,5635331.0345,2944407.4556
2024/02/14 04:52:34.00,460148.3412,5635331.0175,2944407.4487
2024/02/14 04:52:35.00,460148.3403,5635331.019,2944407.4472
2024/02/14 04:52:36.00,460148.3401,5635331.0161,2944407.4473
2024/02/14 04:52:37.00,460148.3372,5635331.0251,2944407.4497
2024/02/14 04:52:38.00,460148.3399,5635331.0171,2944407.4473
2024/02/14 04:52:39.00,460148.3414,5635331.0194,2944407.4467
2024/02/14 04:52:40.00,460148.3383,5635331.0217,2944407.4492
2024/02/14 04:52:41.00,460148.3385,5635331.0244,2944407.4485
2024/02/14 04:52:42.00,460148.3374,5635331.0281,2944407.4513
2024/02/14 04:52:43.00,460148.337,5635331.027,2944407.4518
2024/02/14 04:52:44.00,460148.3383,5635331.0245,2944407.4505
2024/02/14 04:52:45.00,460148.3387,5635331.0179,2944407.4468
2024/02/14 04:52:46.00,460148.3367,5635331.0245,2944407.4503
2024/02/14 04:52:47.00,460148.3374,5635331.0219,2944407.4489
2024/02/14 04:52:48.00,460148.3384,5635331.0166,2944407.4454
2024/02/14 04:52:49.00,460148.3386,5635331.0185,2944407.4461
2024/02/14 04:52:50.00,460148.3372,5635331.0182,2944407.445
2024/02/14 04:52:51.00,460148.3394,5635331.0175,2944407.4448
2024/02/14 04:52:52.00,460148.3383,5635331.0177,2944407.4467
2024/02/14 04:52:53.00,460148.3374,5635331.0223,2944407.4467
2024/02/14 04:52:54.00,460148.3389,5635331.0185,2944407.4464
2024/02/14 04:52:55.00,460148.3394,5635331.0182,2944407.4465
2024/02/14 04:52:56.00,460148.339,5635331.0172,2944407.4448
2024/02/14 04:52:57.00,460148.3384,5635331.0159,2944407.446
2024/02/14 04:52:58.00,460148.3387,5635331.018,2944407.4454
2024/02/14 04:52:59.00,460148.3378,5635331.0147,2944407.4443
2024/02/14 04:53:00.00,460148.3383,5635331.015,2944407.4446
2024/02/14 04:53:01.00,460148.3391,5635331.0123,2944407.4444
2024/02/14 04:53:02.00,460148.3383,5635331.0145,2944407.4436
2024/02/14 04:53:03.00,460148.337,5635331.0155,2944407.4445
2024/02/14 04:53:04.00,460148.338,5635331.0135,2944407.4438
2024/02/14 04:53:05.00,460148.3383,5635331.015,2944407.4453
2024/02/14 04:53:06.00,460148.3386,5635331.0126,2944407.4453
2024/02/14 04:53:07.00,460148.3378,5635331.0134,2944407.4452
2024/02/14 04:53:08.00,460148.3375,5635331.0107,2944407.4438
2024/02/14 04:53:09.00,460148.3378,5635331.0126,2944407.4452
2024/02/14 04:53:10.00,460148.3365,5635331.0097,2944407.4458
2024/02/14 04:53:11.00,460148.3379,5635331.0093,2944407.4446
2024/02/14 04:53:12.00,460148.3373,5635331.0093,2944407.444
2024/02/14 04:53:13.00,460148.3366,5635331.008,2944407.4446
2024/02/14 04:53:14.00,460148.3371,5635331.0096,2944407.4437
2024/02/14 04:53:15.00,460148.3379,5635331.0093,2944407.4445
2024/02/14 04:53:16.00,460148.3368,5635331.0131,2944407.4446
2024/02/14 04:53:17.00,460148.3366,5635331.0113,2944407.4447
2024/02/14 04:53:18.00,460148.337,5635331.0103,2944407.4444
2024/02/14 04:53:19.00,460148.3368,5635331.0116,2944407.4454
2024/02/14 04:53:20.00,460148.3377,5635331.0077,2944407.4425
2024/02/14 04:53:21.00,460148.3376,5635331.0081,2944407.4422
2024/02/14 04:53:22.00,460148.3376,5635331.0135,2944407.4458
2024/02/14 04:53:23.00,460148.3362,5635331.0103,2944407.4443
2024/02/14 04:53:24.00,460148.3373,5635331.0098,2944407.4422
2024/02/14 04:53:25.00,460148.3354,5635331.0121,2944407.4454
2024/02/14 04:53:26.00,460148.3386,5635331.0101,2944407.4463
2024/02/14 04:53:27.00,460148.338,5635331.0097,2944407.4451
2024/02/14 04:53:28.00,460148.3368,5635331.0088,2944407.446
2024/02/14 04:53:29.00,460148.3354,5635331.002,2944407.4404
2024/02/14 04:53:30.00,460148.3367,5635331.0115,2944407.4448
2024/02/14 04:53:31.00,460148.337,5635331.0105,2944407.4452
2024/02/14 04:53:32.00,460148.3358,5635331.01,2944407.4417
2024/02/14 04:53:33.00,460148.3383,5635331.012,2944407.4477
2024/02/14 04:53:34.00,460148.3438,5635330.987,2944407.4356
2024/02/14 04:53:35.00,460148.3441,5635330.9904,2944407.4389
2024/02/14 04:53:36.00,460148.3425,5635330.9872,2944407.4344
2024/02/14 04:53:37.00,460148.3416,5635330.9866,2944407.4335
2024/02/14 04:53:38.00,460148.3425,5635330.9844,2944407.4337
2024/02/14 04:53:39.00,460148.3427,5635330.9869,2944407.436
2024/02/14 04:53:40.00,460148.3409,5635330.9876,2944407.4349
2024/02/14 04:53:41.00,460148.3412,5635330.9965,2944407.4367
2024/02/14 04:53:42.00,460148.3408,5635330.9931,2944407.4367
2024/02/14 04:53:43.00,460148.34,5635330.9915,2944407.4368
2024/02/14 04:53:44.00,460148.3416,5635330.9957,2944407.4377
2024/02/14 04:53:45.00,460148.3392,5635330.9946,2944407.4364
2024/02/14 04:53:46.00,460148.34,5635330.995,2944407.436
2024/02/14 04:53:47.00,460148.3418,5635330.9936,2944407.4384
2024/02/14 04:53:48.00,460148.3429,5635330.9962,2944407.4386
2024/02/14 04:53:49.00,460148.34,5635330.9923,2944407.4384
2024/02/14 04:53:50.00,460148.3419,5635330.9931,2944407.4377
2024/02/14 04:53:51.00,460148.3445,5635331.0042,2944407.444
2024/02/14 04:53:52.00,460148.343,5635331.0027,2944407.4455
2024/02/14 04:53:53.00,460148.3419,5635331.004,2944407.4456
2024/02/14 04:53:54.00,460148.3421,5635331.005,2944407.4461
2024/02/14 04:53:55.00,460148.7101,5635328.6273,2944408.4291
2024/02/14 04:53:56.00,460148.3432,5635331.0037,2944407.4451
2024/02/14 04:53:57.00,460148.3424,5635331.0043,2944407.4451
2024/02/14 04:53:58.00,460148.3438,5635331.0026,2944407.4469
2024/02/14 04:53:59.00,460148.3423,5635331.0023,2944407.4471
2024/02/14 04:54:00.00,460148.3428,5635331.0035,2944407.4461
2024/02/14 04:54:01.00,460148.3415,5635331.0041,2944407.4483
2024/02/14 04:54:10.00,460148.3432,5635331.0047,2944407.4482
2024/02/14 04:54:11.00,460148.3415,5635331.0018,2944407.4481
2024/02/14 04:54:12.00,460148.3414,5635331.0033,2944407.4498
2024/02/14 04:54:13.00,460148.3422,5635331.0056,2944407.4493
2024/02/14 04:54:14.00,460148.3432,5635331.0053,2944407.4495
2024/02/14 04:54:15.00,460148.7309,5635328.6839,2944408.4623
2024/02/14 04:54:16.00,460148.3327,5635331.0384,2944407.479
2024/02/14 04:54:17.00,460148.723,5635328.6666,2944408.4446
2024/02/14 04:54:18.00,460148.3355,5635331.0374,2944407.4784
2024/02/14 04:54:19.00,460148.7251,5635328.6661,2944408.4438
2024/02/14 04:54:20.00,460148.7221,5635328.6235,2944408.4362
2024/02/14 04:54:21.00,460148.2181,5635331.5474,2944407.6228
2024/02/14 04:54:22.00,460148.2202,5635331.5513,2944407.6247
2024/02/14 04:54:23.00,460148.7203,5635328.6292,2944408.4377
2024/02/14 04:54:24.00,460148.2192,5635331.5521,2944407.6256
2024/02/14 04:54:25.00,460148.7214,5635328.6277,2944408.4361
2024/02/14 04:54:26.00,460148.7256,5635328.6708,2944408.4451
2024/02/14 04:54:27.00,460148.7255,5635328.6728,2944408.4443
2024/02/14 04:54:28.00,460148.7265,5635328.6692,2944408.4458
2024/02/14 04:54:29.00,460148.486,5635330.8331,2944407.3092
2024/02/14 04:54:30.00,460148.7207,5635328.641,2944408.441
2024/02/14 04:54:31.00,460148.7208,5635328.6409,2944408.4378
2024/02/14 04:54:32.00,460148.7268,5635328.6728,2944408.4463
2024/02/14 04:54:33.00,460148.7207,5635328.6394,2944408.4388
2024/02/14 04:54:34.00,460148.7208,5635328.6414,2944408.4412
2024/02/14 04:54:35.00,460148.7211,5635328.6412,2944408.4386
2024/02/14 04:54:36.00,460148.2285,5635331.4741,2944407.6149
2024/02/14 04:54:37.00,460148.2283,5635331.4746,2944407.6132
2024/02/14 04:54:38.00,460148.2284,5635331.4733,2944407.6107
2024/02/14 04:54:39.00,460148.7243,5635328.6326,2944408.4356
2024/02/14 04:54:40.00,460148.7239,5635328.6346,2944408.4353
2024/02/14 04:54:41.00,460148.4821,5635330.8077,2944407.2879
2024/02/14 04:54:42.00,460148.4794,5635330.8078,2944407.2878
2024/02/14 04:54:43.00,460148.2264,5635331.4736,2944407.6123
2024/02/14 04:54:44.00,460148.2267,5635331.4773,2944407.6122
2024/02/14 04:54:45.00,460148.4818,5635330.8086,2944407.2885
2024/02/14 04:54:46.00,460148.4857,5635330.843,2944407.3083
2024/02/14 04:54:47.00,460148.2227,5635331.4929,2944407.6134
2024/02/14 04:54:48.00,460148.4817,5635330.8077,2944407.2876
2024/02/14 04:54:49.00,460148.4813,5635330.8107,2944407.2868
2024/02/14 04:54:50.00,460148.4816,5635330.8062,2944407.2858
2024/02/14 04:54:51.00,460148.4815,5635330.8104,2944407.2889
2024/02/14 04:54:52.00,460148.4819,5635330.8075,2944407.2881
2024/02/14 04:54:53.00,460148.4814,5635330.8088,2944407.2876
2024/02/14 04:54:54.00,460148.481,5635330.8089,2944407.2877
2024/02/14 04:54:55.00,460148.4816,5635330.8096,2944407.2859
2024/02/14 04:54:56.00,460148.4811,5635330.8109,2944407.287
2024/02/14 04:54:57.00,460148.2269,5635331.4835,2944407.613
2024/02/14 04:54:58.00,460148.2257,5635331.4792,2944407.6112
2024/02/14 04:54:59.00,460148.4807,5635330.8105,2944407.2851
2024/02/14 04:55:00.00,460148.48,5635330.8103,2944407.2853
2024/02/14 04:55:01.00,460148.4807,5635330.8101,2944407.2856
2024/02/14 04:55:02.00,460148.2266,5635331.4768,2944407.6108
2024/02/14 04:55:03.00,460148.2237,5635331.4948,2944407.6128
2024/02/14 04:55:04.00,460148.2244,5635331.4805,2944407.6106
2024/02/14 04:55:05.00,460148.2251,5635331.4809,2944407.6121
2024/02/14 04:55:06.00,460148.2267,5635331.4742,2944407.6105
2024/02/14 04:55:07.00,460148.2235,5635331.4768,2944407.6111
2024/02/14 04:55:08.00,460148.2252,5635331.4763,2944407.6102
2024/02/14 04:55:09.00,460148.4801,5635330.808,2944407.2867
2024/02/14 04:55:10.00,460148.2246,5635331.48,2944407.611
2024/02/14 04:55:11.00,460148.4804,5635330.8095,2944407.2873
2024/02/14 04:55:12.00,460148.2238,5635331.4763,2944407.6098
2024/02/14 04:55:13.00,460148.2223,5635331.4896,2944407.6114
2024/02/14 04:55:14.00,460148.4786,5635330.8136,2944407.2862
2024/02/14 04:55:17.00,460148.0298,5635331.3741,2944407.8429
2024/02/14 04:55:18.00,460147.5497,5635331.0827,2944408.4274
2024/02/14 04:55:19.00,460147.4079,5635327.8124,2944410.034
2024/02/14 04:55:20.00,460146.3082,5635330.3507,2944409.9602
2024/02/14 04:55:21.00,460146.2294,5635327.1133,2944411.4907
2024/02/14 04:55:22.00,460145.3157,5635328.9491,2944411.2061
2024/02/14 04:55:23.00,460144.3341,5635329.1919,2944412.428
2024/02/14 04:55:24.00,460143.5711,5635328.7321,2944413.3736
2024/02/14 04:55:25.00,460142.7676,5635328.2496,2944414.3502
2024/02/14 04:55:26.00,460142.3001,5635324.7892,2944416.3674
2024/02/14 04:55:27.00,460140.6665,5635327.0792,2944416.8198
2024/02/14 04:55:28.00,460139.5186,5635326.5164,2944418.1013
2024/02/14 04:55:29.00,460138.4024,5635325.9094,2944419.364
2024/02/14 04:55:30.00,460137.7414,5635322.4241,2944421.4805
2024/02/14 04:55:31.00,460135.9353,5635324.6445,2944422.1011
2024/02/14 04:55:32.00,460135.0743,5635321.0205,2944424.5354
2024/02/14 04:55:33.00,460133.4922,5635320.227,2944426.2956
2024/02/14 04:55:34.00,460131.8206,5635319.3281,2944428.2121
2024/02/14 04:55:35.00,460129.4917,5635321.2515,2944429.4192
2024/02/14 04:55:36.00,460127.558,5635320.2212,2944431.5879
2024/02/14 04:55:37.00,460125.8455,5635318.5078,2944433.4699
2024/02/14 04:55:38.00,460123.501,5635318.0582,2944436.1455
2024/02/14 04:55:39.00,460121.2703,5635316.0827,2944438.5206
2024/02/14 04:55:40.00,460118.1411,5635315.3528,2944441.8414
2024/02/14 04:55:41.00,460115.4841,5635310.9428,2944445.9334
2024/02/14 04:55:42.00,460111.4646,5635312.2208,2944448.6417
2024/02/14 04:55:43.00,460107.4703,5635310.4234,2944452.5592
2024/02/14 04:55:44.00,460103.0339,5635308.4643,2944456.814
2024/02/14 04:55:45.00,460098.5658,5635306.5166,2944461.0933
2024/02/14 04:55:46.00,460094.4178,5635301.5932,2944466.3344
2024/02/14 04:55:47.00,460089.447,5635299.4664,2944470.9996
2024/02/14 04:55:48.00,460084.0822,5635297.2564,2944475.8663
2024/02/14 04:55:49.00,460078.1917,5635297.289,2944479.5831
2024/02/14 04:55:50.00,460074.3767,5635291.3257,2944484.3151
2024/02/14 04:55:51.00,460067.3173,5635291.1394,2944489.6412
2024/02/14 04:55:52.00,460061.9009,5635289.3464,2944493.7166
2024/02/14 04:55:53.00,460056.5116,5635287.6348,2944497.6513
2024/02/14 04:55:54.00,460050.8978,5635288.1897,2944500.3387
2024/02/14 04:55:55.00,460045.7196,5635284.3225,2944505.2727
2024/02/14 04:55:56.00,460040.1397,5635282.6788,2944509.1498
2024/02/14 04:55:57.00,460034.3504,5635281.0147,2944513.069
2024/02/14 04:55:58.00,460028.3326,5635279.3685,2944516.972
2024/02/14 04:55:59.00,460022.0751,5635277.6789,2944520.9474
2024/02/14 04:56:00.00,460015.4944,5635275.9871,2944525.0106
2024/02/14 04:56:01.00,460008.0011,5635277.2365,2944528.2783
2024/02/14 04:56:02.00,460001.193,5635272.6652,2944533.1277
2024/02/14 04:56:03.00,459993.0537,5635273.9262,2944536.4194
2024/02/14 04:56:04.00,459985.7044,5635269.3922,2944541.3645
2024/02/14 04:56:05.00,459977.5806,5635267.782,2944545.5239
2024/02/14 04:56:06.00,459968.7481,5635269.0211,2944548.9305
2024/02/14 04:56:07.00,459960.8536,5635264.4035,2944554.0938
2024/02/14 04:56:08.00,459952.3265,5635262.649,2944558.5538
2024/02/14 04:56:09.00,459943.6878,5635260.8705,2944563.0907
2024/02/14 04:56:10.00,459934.9002,5635259.0905,2944567.6534
2024/02/14 04:56:11.00,459925.944,5635257.3511,2944572.188
2024/02/14 04:56:12.00,459916.8805,5635255.6076,2944576.7388
2024/02/14 04:56:13.00,459907.7184,5635253.8036,2944581.3731
2024/02/14 04:56:14.00,459898.5376,5635251.9425,2944586.1833
2024/02/14 04:56:15.00,459889.2542,5635249.9982,2944591.0851
2024/02/14 04:56:16.00,459879.8313,5635248.0679,2944595.9938
2024/02/14 04:56:17.00,459870.2645,5635246.1703,2944600.8958
2024/02/14 04:56:18.00,459860.6094,5635244.2792,2944605.7813
2024/02/14 04:56:19.00,459850.869,5635242.3869,2944610.6582
2024/02/14 04:56:20.00,459841.0327,5635240.5064,2944615.6007
2024/02/14 04:56:21.00,459831.1866,5635238.598,2944620.5297
2024/02/14 04:56:22.00,459821.4582,5635236.6824,2944625.4702
2024/02/14 04:56:23.00,459811.9245,5635234.7709,2944630.3973
2024/02/14 04:56:24.00,459802.4355,5635232.8144,2944635.3851
2024/02/14 04:56:25.00,459792.8506,5635230.8555,2944640.4197
2024/02/14 04:56:26.00,459783.1834,5635228.9078,2944645.5037
2024/02/14 04:56:27.00,459773.4402,5635226.972,2944650.6142
2024/02/14 04:56:28.00,459763.647,5635225.0499,2944655.7593
2024/02/14 04:56:29.00,459753.8725,5635223.1386,2944660.8868
2024/02/14 04:56:30.00,459744.1175,5635221.2683,2944665.9002
2024/02/14 04:56:31.00,459734.4942,5635219.4425,2944670.7985
2024/02/14 04:56:32.00,459725.0552,5635217.6528,2944675.6242
2024/02/14 04:56:33.00,459715.6711,5635215.8576,2944680.4792
2024/02/14 04:56:34.00,459706.2733,5635214.0121,2944685.3654
2024/02/14 04:56:35.00,459696.9122,5635212.1593,2944690.3289
2024/02/14 04:56:36.00,459687.646,5635210.325,2944695.2595
2024/02/14 04:56:37.00,459678.4254,5635208.4919,2944700.1063
2024/02/14 04:56:38.00,459669.1678,5635206.6768,2944704.937
2024/02/14 04:56:39.00,459659.8986,5635204.9038,2944709.7007
2024/02/14 04:56:40.00,459650.7755,5635203.154,2944714.4004
2024/02/14 04:56:41.00,459641.8664,5635201.456,2944718.993
2024/02/14 04:56:42.00,459633.1621,5635199.7852,2944723.4787
2024/02/14 04:56:43.00,459624.6836,5635198.1343,2944727.8851
2024/02/14 04:56:44.00,459616.3849,5635196.5242,2944732.163
2024/02/14 04:56:45.00,459608.3067,5635194.9984,2944736.3441
2024/02/14 04:56:46.00,459600.4448,5635193.466,2944740.4388
2024/02/14 04:56:47.00,459592.8091,5635191.9738,2944744.4377
2024/02/14 04:56:48.00,459585.4629,5635190.5074,2944748.2976
2024/02/14 04:56:49.00,459578.8951,5635189.1877,2944751.8106
2024/02/14 04:56:50.00,459573.2965,5635188.0426,2944754.8212
2024/02/14 04:56:51.00,459568.0982,5635187.0191,2944757.5139
2024/02/14 04:56:52.00,459563.2722,5635186.1795,2944759.8572
2024/02/14 04:56:53.00,459558.9601,5635185.5292,2944761.7431
2024/02/14 04:56:54.00,459555.4977,5635187.7774,2944761.8301
2024/02/14 04:56:55.00,459553.6094,5635187.6583,2944762.3481
2024/02/14 04:56:56.00,459552.2814,5635187.6098,2944762.697
2024/02/14 04:56:57.00,459551.269,5635187.5824,2944762.9835
2024/02/14 04:56:58.00,459550.4514,5635184.9704,2944764.2917
2024/02/14 04:56:59.00,459548.7013,5635184.9546,2944764.6104
2024/02/14 04:57:00.00,459546.2859,5635187.6126,2944763.9592
2024/02/14 04:57:01.00,459544.212,5635184.9536,2944765.5681
2024/02/14 04:57:02.00,459541.4427,5635185.1011,2944765.9369
2024/02/14 04:57:03.00,459538.142,5635184.9944,2944766.7564
2024/02/14 04:57:04.00,459534.2391,5635187.1856,2944767.1704
2024/02/14 04:57:05.00,459530.5712,5635186.6376,2944768.7705
2024/02/14 04:57:06.00,459527.356,5635183.5239,2944771.3815
2024/02/14 04:57:07.00,459523.3867,5635185.5242,2944772.0337
2024/02/14 04:57:08.00,459519.2864,5635184.7907,2944774.0088
2024/02/14 04:57:09.00,459514.6609,5635183.8963,2944776.3865
2024/02/14 04:57:10.00,459509.4077,5635182.8349,2944779.1783
2024/02/14 04:57:11.00,459503.6626,5635181.6514,2944782.2908
2024/02/14 04:57:12.00,459497.6618,5635180.0691,2944785.6178
2024/02/14 04:57:13.00,459491.8827,5635176.4949,2944790.0101
2024/02/14 04:57:14.00,459485.5052,5635177.8215,2944792.2617
2024/02/14 04:57:15.00,459479.1631,5635176.5559,2944795.6577
2024/02/14 04:57:16.00,459472.5105,5635175.2382,2944799.1775
2024/02/14 04:57:17.00,459465.5759,5635173.8943,2944802.8468
2024/02/14 04:57:19.00,459449.9441,5635170.3633,2944812.1776
2024/02/14 04:57:20.00,459443.1102,5635166.0186,2944813.9387
2024/02/14 04:57:21.00,459434.69,5635164.6428,2944819.1121
2024/02/14 04:57:22.00,459423.6013,5635164.201,2944823.4206
2024/02/14 04:57:23.00,459414.0887,5635162.3321,2944828.4217
2024/02/14 04:57:24.00,459406.2659,5635159.4604,2944835.3647
2024/02/14 04:57:25.00,459396.7097,5635157.4843,2944840.4737
2024/02/14 04:57:26.00,459387.075,5635155.4584,2944845.7732
2024/02/14 04:57:27.00,459377.3886,5635153.3254,2944851.3208
2024/02/14 04:57:28.00,459367.7409,5635151.0262,2944857.1623
2024/02/14 04:57:29.00,459358.1858,5635148.5824,2944863.3016
2024/02/14 04:57:30.00,459348.7727,5635146.0103,2944869.5992
2024/02/14 04:57:31.00,459339.1852,5635145.7015,2944874.8945
2024/02/14 04:57:32.00,459330.2781,5635140.7711,2944882.3621
2024/02/14 04:57:33.00,459321.0386,5635140.3642,2944887.721
2024/02/14 04:57:34.00,459312.2944,5635137.6162,2944894.3075
2024/02/14 04:57:35.00,459304.012,5635132.4501,2944902.1065
2024/02/14 04:57:36.00,459295.627,5635129.5032,2944908.9789
2024/02/14 04:57:37.00,459287.129,5635128.7705,2944914.9108
2024/02/14 04:57:38.00,459279.0341,5635125.6211,2944922.1063
2024/02/14 04:57:39.00,459270.9972,5635122.3459,2944929.5342
2024/02/14 04:57:40.00,459262.9426,5635118.9634,2944937.1347
2024/02/14 04:57:41.00,459254.8596,5635115.5768,2944944.8628
2024/02/14 04:57:42.00,459246.7974,5635112.1672,2944952.571
2024/02/14 04:57:43.00,459238.8319,5635108.7621,2944960.2677
2024/02/14 04:57:44.00,459231.2377,5635101.855,2944967.4205
2024/02/14 04:57:45.00,459223.3593,5635098.4266,2944975.1194
2024/02/14 04:57:46.00,459215.1312,5635098.4954,2944983.3784
2024/02/14 04:57:47.00,459207.1515,5635095.0599,2944991.1709
2024/02/14 04:57:48.00,459199.2271,5635091.7026,2944998.8637
2024/02/14 04:57:49.00,459191.4749,5635088.4527,2945006.4384
2024/02/14 04:57:50.00,459184.1997,5635081.7143,2945013.3548
2024/02/14 04:57:51.00,459176.8047,5635078.5066,2945020.65
2024/02/14 04:57:52.00,459169.4647,5635075.3118,2945027.912
2024/02/14 04:57:53.00,459162.172,5635072.1585,2945035.0818
2024/02/14 04:57:54.00,459154.9677,5635069.059,2945042.1027
2024/02/14 04:57:55.00,459147.8873,5635066.0063,2945048.9975
2024/02/14 04:57:56.00,459140.9391,5635063.0336,2945055.7506
2024/02/14 04:57:57.00,459134.2028,5635060.1016,2945062.2912
2024/02/14 04:57:58.00,459127.7279,5635057.2714,2945068.6406
2024/02/14 04:57:59.00,459121.4024,5635054.4419,2945074.9092
2024/02/14 04:58:00.00,459115.1135,5635051.6664,2945081.0646
2024/02/14 04:58:01.00,459108.8669,5635048.9435,2945087.0828
2024/02/14 04:58:02.00,459102.733,5635046.3439,2945093.0509
2024/02/14 04:58:03.00,459096.5821,5635043.7314,2945099.0196
2024/02/14 04:58:04.00,459090.3938,5635041.1808,2945105.0256
2024/02/14 04:58:05.00,459084.2276,5635038.6366,2945111.0929
2024/02/14 04:58:06.00,459078.0756,5635036.1122,2945117.1885
2024/02/14 04:58:07.00,459071.9313,5635033.6476,2945123.274
2024/02/14 04:58:08.00,459065.5186,5635034.6776,2945129.8281
2024/02/14 04:58:09.00,459059.8401,5635028.8016,2945135.3901
2024/02/14 04:58:10.00,459053.9846,5635026.4189,2945141.4299
2024/02/14 04:58:11.00,459047.9559,5635027.5649,2945147.9221
2024/02/14 04:58:12.00,459042.4162,5635025.2855,2945153.7645
2024/02/14 04:58:13.00,459037.0168,5635023.1554,2945159.2805
2024/02/14 04:58:14.00,459031.5902,5635021.0934,2945164.7021
2024/02/14 04:58:15.00,459026.0912,5635019.0249,2945170.1649
2024/02/14 04:58:16.00,459020.5098,5635016.9247,2945175.685
2024/02/14 04:58:17.00,459014.8379,5635014.8215,2945181.2729
2024/02/14 04:58:18.00,459008.2945,5635016.2552,2945187.6539
2024/02/14 04:58:19.00,459003.2671,5635010.4495,2945192.6633
2024/02/14 04:58:20.00,458997.3664,5635008.2036,2945198.4861
2024/02/14 04:58:21.00,458991.4033,5635005.9209,2945204.3854
2024/02/14 04:58:22.00,458984.5709,5635007.2419,2945211.0946
2024/02/14 04:58:23.00,458978.407,5635004.9517,2945217.0907
2024/02/14 04:58:24.00,458972.1058,5635002.6815,2945223.069
2024/02/14 04:58:25.00,458966.783,5634993.329,2945227.7882
2024/02/14 04:58:26.00,458959.1723,5634998.2371,2945234.968
2024/02/14 04:58:27.00,458952.516,5634996.0621,2945240.859
2024/02/14 04:58:28.00,458945.7093,5634993.9167,2945246.7089
2024/02/14 04:58:29.00,458938.7599,5634991.8197,2945252.5284
2024/02/14 04:58:30.00,458932.8426,5634982.594,2945257.1251
2024/02/14 04:58:31.00,458924.597,5634987.675,2945264.1384
2024/02/14 04:58:32.00,458917.3404,5634985.6509,2945269.8799
2024/02/14 04:58:33.00,458909.9384,5634983.7029,2945275.5151
2024/02/14 04:58:34.00,458903.8614,5634972.5464,2945280.9883
2024/02/14 04:58:35.00,458895.8159,5634972.9168,2945285.1979
2024/02/14 04:58:36.00,458886.9835,5634978.2817,2945291.7975
2024/02/14 04:58:37.00,458879.2403,5634976.5006,2945297.1689
2024/02/14 04:58:38.00,458871.4531,5634974.7526,2945302.5223
2024/02/14 04:58:39.00,458864.3883,5634969.4236,2945307.0529
2024/02/14 04:58:40.00,458856.952,5634964.2757,2945311.61
2024/02/14 04:58:41.00,458849.6599,5634960.5378,2945317.7237
2024/02/14 04:58:42.00,458841.6069,5634961.1348,2945321.4348
2024/02/14 04:58:43.00,458833.918,5634959.5274,2945326.3656
2024/02/14 04:58:44.00,458826.2526,5634957.8618,2945331.3965
2024/02/14 04:58:45.00,458817.5222,5634963.2203,2945337.8008
2024/02/14 04:58:46.00,458809.9412,5634961.3609,2945343.1089
2024/02/14 04:58:47.00,458803.3674,5634952.3478,2945347.2022
2024/02/14 04:58:48.00,458795.5464,5634950.4654,2945352.502
2024/02/14 04:58:49.00,458786.4535,5634955.7331,2945358.9823
2024/02/14 04:58:50.00,458778.3363,5634953.8437,2945364.2292
2024/02/14 04:58:51.00,458770.1292,5634951.9355,2945369.5385
2024/02/14 04:58:52.00,458762.9616,5634942.8489,2945373.7023
2024/02/14 04:58:53.00,458754.5794,5634940.8418,2945379.1451
2024/02/14 04:58:54.00,458746.062,5634938.8171,2945384.6052
2024/02/14 04:58:55.00,458737.4299,5634936.7844,2945390.095
2024/02/14 04:58:56.00,458729.1546,5634932.5858,2945396.8058
2024/02/14 04:58:57.00,458720.1727,5634932.6345,2945401.0737
2024/02/14 04:58:58.00,458711.6172,5634930.4498,2945406.6121
2024/02/14 04:58:59.00,458702.9863,5634928.3287,2945412.0965
2024/02/14 04:59:00.00,458694.2937,5634926.2278,2945417.5027
2024/02/14 04:59:01.00,458685.615,5634924.113,2945422.9084
2024/02/14 04:59:02.00,458676.9552,5634921.9911,2945428.3437
2024/02/14 04:59:03.00,458668.3618,5634919.8465,2945433.7744
2024/02/14 04:59:04.00,458659.9589,5634917.734,2945439.1241
2024/02/14 04:59:05.00,458651.7555,5634915.6741,2945444.3325
2024/02/14 04:59:06.00,458643.7162,5634913.6454,2945449.4591
2024/02/14 04:59:07.00,458635.7291,5634911.5724,2945454.6012
2024/02/14 04:59:08.00,458626.6697,5634916.6646,2945461.0357
2024/02/14 04:59:09.00,458619.9146,5634907.4827,2945465.0079
2024/02/14 04:59:10.00,458612.1453,5634905.4296,2945470.1776
2024/02/14 04:59:11.00,458604.4848,5634903.4239,2945475.2152
2024/02/14 04:59:12.00,458596.9019,5634901.4821,2945480.0623
2024/02/14 04:59:13.00,458589.3853,5634899.6283,2945484.8556
2024/02/14 04:59:14.00,458583.4355,5634896.8684,2945491.5043
2024/02/14 04:59:15.00,458574.4178,5634896.0165,2945494.1999
2024/02/14 04:59:16.00,458568.7343,5634893.314,2945500.6615
2024/02/14 04:59:17.00,458561.6551,5634891.6164,2945505.0364
2024/02/14 04:59:18.00,458553.2139,5634890.8466,2945507.369
2024/02/14 04:59:20.00,458540.9126,5634889.2407,2945516.2041
2024/02/14 04:59:21.00,458534.7537,5634887.4337,2945521.7686
2024/02/14 04:59:22.00,458529.8845,5634883.3559,2945526.0003
2024/02/14 04:59:23.00,458521.5657,5634881.7454,2945526.7463
2024/02/14 04:59:24.00,458515.2527,5634883.5437,2945531.0453
2024/02/14 04:59:25.00,458512.0351,5634880.8274,2945536.0183
2024/02/14 04:59:26.00,458507.5515,5634878.9718,2945537.4019
2024/02/14 04:59:27.00,458505.2875,5634877.0707,2945541.8192
2024/02/14 04:59:28.00,458502.0188,5634876.2452,2945543.945
2024/02/14 04:59:29.00,458497.6941,5634876.4999,2945543.7931
2024/02/14 04:59:30.00,458495.2275,5634875.8704,2945545.3986
2024/02/14 04:59:31.00,458492.9875,5634875.3002,2945546.8636
2024/02/14 04:59:32.00,458490.9948,5634874.7597,2945548.2236
2024/02/14 04:59:33.00,458489.2534,5634874.2602,2945549.4831
2024/02/14 04:59:34.00,458487.7711,5634873.8465,2945550.5168
2024/02/14 04:59:35.00,458486.6942,5634873.5617,2945551.2267
2024/02/14 04:59:36.00,458486.0467,5634873.4011,2945551.6457
2024/02/14 04:59:37.00,458485.9663,5634873.3786,2945551.6902
2024/02/14 04:59:38.00,458485.9685,5634873.3768,2945551.6853
2024/02/14 04:59:39.00,458485.9684,5634873.3731,2945551.6861
2024/02/14 04:59:40.00,458485.9688,5634873.3757,2945551.6888
2024/02/14 04:59:41.00,458485.9705,5634873.3794,2945551.6892
2024/02/14 04:59:42.00,458485.9694,5634873.3804,2945551.6888
2024/02/14 04:59:43.00,458485.9704,5634873.3772,2945551.688
2024/02/14 04:59:44.00,458485.9702,5634873.3805,2945551.6872
2024/02/14 04:59:45.00,458485.9691,5634873.3769,2945551.6891
2024/02/14 04:59:46.00,458485.9693,5634873.3781,2945551.6866
2024/02/14 04:59:47.00,458485.968,5634873.3763,2945551.6865
2024/02/14 04:59:48.00,458485.9706,5634873.3751,2945551.6876
2024/02/14 04:59:49.00,458485.9707,5634873.3808,2945551.6897
2024/02/14 04:59:50.00,458485.9701,5634873.3766,2945551.6873
2024/02/14 04:59:51.00,458485.9697,5634873.3766,2945551.6886
2024/02/14 04:59:52.00,458485.9688,5634873.3745,2945551.6878
2024/02/14 04:59:53.00,458485.9694,5634873.3753,2945551.688
2024/02/14 04:59:54.00,458485.9694,5634873.3758,2945551.685
2024/02/14 04:59:55.00,458485.9699,5634873.3774,2945551.6884
2024/02/14 04:59:56.00,458485.9702,5634873.376,2945551.6876
2024/02/14 04:59:57.00,458485.971,5634873.3744,2945551.6869
2024/02/14 04:59:58.00,458485.9688,5634873.3757,2945551.6877
2024/02/14 04:59:59.00,458485.9699,5634873.376,2945551.6887
2024/02/14 05:00:00.00,458485.97,5634873.375,2945551.6877
2024/02/14 05:00:01.00,458485.9701,5634873.3728,2945551.6895
2024/02/14 05:00:02.00,458485.9718,5634873.3798,2945551.6899
2024/02/14 05:00:03.00,458485.9697,5634873.3774,2945551.6882
2024/02/14 05:00:04.00,458485.9706,5634873.3772,2945551.6883
2024/02/14 05:00:05.00,458485.9709,5634873.3777,2945551.6883
2024/02/14 05:00:06.00,458485.9688,5634873.3765,2945551.6869
2024/02/14 05:00:07.00,458485.97,5634873.3787,2945551.6875
2024/02/14 05:00:08.00,458485.9703,5634873.3763,2945551.6871
2024/02/14 05:00:09.00,458485.9707,5634873.3755,2945551.6866
2024/02/14 05:00:10.00,458485.9709,5634873.3754,2945551.6864
2024/02/14 05:00:11.00,458485.97,5634873.3764,2945551.6852
2024/02/14 05:00:12.00,458485.9724,5634873.3719,2945551.687
2024/02/14 05:00:13.00,458485.971,5634873.3752,2945551.6863
2024/02/14 05:00:14.00,458485.9713,5634873.3725,2945551.6859
2024/02/14 05:00:15.00,458485.9711,5634873.3771,2945551.6884
2024/02/14 05:00:16.00,458485.9689,5634873.3762,2945551.6858
2024/02/14 05:00:17.00,458485.9721,5634873.3755,2945551.6867
2024/02/14 05:00:18.00,458485.9716,5634873.3767,2945551.6868
2024/02/14 05:00:19.00,458485.9723,5634873.376,2945551.6875
2024/02/14 05:00:20.00,458485.9714,5634873.374,2945551.6846
2024/02/14 05:00:21.00,458485.9735,5634873.3799,2945551.6877
2024/02/14 05:00:22.00,458485.9722,5634873.3754,2945551.6851
2024/02/14 05:00:23.00,458485.9719,5634873.3772,2945551.6849
2024/02/14 05:00:24.00,458485.9724,5634873.3724,2945551.6856
2024/02/14 05:00:25.00,458485.9737,5634873.3773,2945551.6872
2024/02/14 05:00:26.00,458485.9773,5634873.3853,2945551.692
2024/02/14 05:00:27.00,458485.9742,5634873.3744,2945551.6843
2024/02/14 05:00:28.00,458485.9741,5634873.3725,2945551.6837
2024/02/14 05:00:29.00,458485.9732,5634873.3735,2945551.6828
2024/02/14 05:00:30.00,458485.9745,5634873.3747,2945551.6837
2024/02/14 05:00:31.00,458485.9731,5634873.3776,2945551.6842
2024/02/14 05:00:32.00,458485.9757,5634873.3771,2945551.6856
2024/02/14 05:00:33.00,458485.9734,5634873.3765,2945551.6841
2024/02/14 05:00:34.00,458485.974,5634873.3763,2945551.6835
2024/02/14 05:00:35.00,458485.9781,5634873.3832,2945551.6905
2024/02/14 05:00:36.00,458485.9769,5634873.3802,2945551.6883
2024/02/14 05:00:37.00,458485.9758,5634873.3812,2945551.6899
2024/02/14 05:00:38.00,458485.9771,5634873.3842,2945551.6897
2024/02/14 05:00:39.00,458485.9759,5634873.3809,2945551.6871
2024/02/14 05:00:40.00,458485.9773,5634873.3789,2945551.689
2024/02/14 05:00:41.00,458485.9747,5634873.3783,2945551.685
2024/02/14 05:00:42.00,458485.9745,5634873.3763,2945551.6842
2024/02/14 05:00:43.00,458485.9749,5634873.3755,2945551.6832
2024/02/14 05:00:44.00,458485.9773,5634873.3817,2945551.6898
2024/02/14 05:00:45.00,458485.9746,5634873.3782,2945551.6888
2024/02/14 05:00:46.00,458485.9768,5634873.3826,2945551.6897
2024/02/14 05:00:47.00,458485.9774,5634873.3794,2945551.6874
2024/02/14 05:00:48.00,458485.9774,5634873.3789,2945551.6887
2024/02/14 05:00:49.00,458485.9757,5634873.3765,2945551.6846
2024/02/14 05:00:50.00,458485.9744,5634873.3738,2945551.6841
2024/02/14 05:00:51.00,458485.975,5634873.3722,2945551.6834
2024/02/14 05:00:52.00,458485.9766,5634873.3818,2945551.69
2024/02/14 05:00:53.00,458485.9781,5634873.3807,2945551.689
2024/02/14 05:00:54.00,458485.9747,5634873.3745,2945551.6845
2024/02/14 05:00:55.00,458485.9757,5634873.3769,2945551.686
2024/02/14 05:00:56.00,458485.9764,5634873.3786,2945551.6855
2024/02/14 05:00:57.00,458485.9768,5634873.3778,2945551.6885
2024/02/14 05:00:58.00,458485.9768,5634873.3732,2945551.6858
2024/02/14 05:00:59.00,458485.9782,5634873.3818,2945551.6911
2024/02/14 05:01:00.00,458485.9785,5634873.3825,2945551.6912
2024/02/14 05:01:01.00,458485.9772,5634873.3801,2945551.689
2024/02/14 05:01:02.00,458485.9775,5634873.3835,2945551.6897
2024/02/14 05:01:13.00,458485.9752,5634873.3822,2945551.6854
2024/02/14 05:01:14.00,458485.9758,5634873.3839,2945551.687
2024/02/14 05:01:15.00,458485.9752,5634873.3839,2945551.6855
2024/02/14 05:01:16.00,458485.9769,5634873.3853,2945551.685
2024/02/14 05:01:17.00,458485.9759,5634873.3832,2945551.6847
2024/02/14 05:01:18.00,458485.9766,5634873.3813,2945551.6843
2024/02/14 05:01:19.00,458485.9785,5634873.3847,2945551.6877
2024/02/14 05:01:20.00,458485.9771,5634873.3847,2945551.6886
2024/02/14 05:01:21.00,458485.9773,5634873.3826,2945551.6874
2024/02/14 05:01:22.00,458485.9768,5634873.3826,2945551.684
2024/02/14 05:01:23.00,458485.9769,5634873.3786,2945551.6839
2024/02/14 05:01:24.00,458485.9788,5634873.3864,2945551.689
2024/02/14 05:01:25.00,458485.9815,5634873.3914,2945551.6889
2024/02/14 05:01:37.00,458485.9801,5634873.3835,2945551.6885
2024/02/14 05:01:53.00,458485.9801,5634873.387,2945551.6883
2024/02/14 05:01:54.00,458485.9784,5634873.3816,2945551.6851
2024/02/14 05:01:55.00,458485.9786,5634873.3822,2945551.6866
2024/02/14 05:01:56.00,458485.9779,5634873.3838,2945551.687
2024/02/14 05:01:57.00,458485.9805,5634873.3834,2945551.6858
2024/02/14 05:01:58.00,458485.9785,5634873.3806,2945551.6839
2024/02/14 05:01:59.00,458485.9797,5634873.3828,2945551.6845
2024/02/14 05:02:00.00,458485.9793,5634873.3788,2945551.684
2024/02/14 05:02:01.00,458485.9803,5634873.3822,2945551.6871
2024/02/14 05:02:02.00,458485.9796,5634873.3803,2945551.6842
2024/02/14 05:02:03.00,458485.9785,5634873.3788,2945551.6846
2024/02/14 05:02:04.00,458485.9798,5634873.38,2945551.6835
2024/02/14 05:02:05.00,458485.9798,5634873.3803,2945551.6842
2024/02/14 05:02:06.00,458485.9804,5634873.3822,2945551.6833
2024/02/14 05:02:07.00,458485.9795,5634873.3802,2945551.6842
2024/02/14 05:02:08.00,458485.98,5634873.3773,2945551.6836
2024/02/14 05:02:09.00,458485.9812,5634873.3819,2945551.6862
2024/02/14 05:02:10.00,458485.98,5634873.3787,2945551.6837
2024/02/14 05:02:11.00,458485.9803,5634873.3812,2945551.6842
2024/02/14 05:02:12.00,458485.9802,5634873.3775,2945551.6845
2024/02/14 05:02:13.00,458485.9807,5634873.3777,2945551.6837
2024/02/14 05:02:14.00,458485.9799,5634873.3754,2945551.6829
2024/02/14 05:02:15.00,458485.9801,5634873.373,2945551.6814
2024/02/14 05:02:16.00,458485.98,5634873.3735,2945551.6814
2024/02/14 05:02:17.00,458485.981,5634873.3757,2945551.6817
2024/02/14 05:02:18.00,458485.9791,5634873.3734,2945551.6814
2024/02/14 05:02:19.00,458485.98,5634873.3759,2945551.6826
2024/02/14 05:02:20.00,458485.9799,5634873.376,2945551.6804
2024/02/14 05:02:21.00,458485.9801,5634873.3764,2945551.68
2024/02/14 05:02:22.00,458485.9787,5634873.3726,2945551.6792
2024/02/14 05:02:23.00,458485.9792,5634873.3726,2945551.6796
2024/02/14 05:02:24.00,458485.9791,5634873.3736,2945551.6809
2024/02/14 05:02:25.00,458485.9802,5634873.3732,2945551.6795
2024/02/14 05:02:26.00,458485.9791,5634873.372,2945551.6793
2024/02/14 05:02:27.00,458485.9709,5634873.3553,2945551.6668
2024/02/14 05:02:28.00,458484.4464,5634873.5554,2945551.283
2024/02/14 05:02:29.00,458484.447,5634873.555,2945551.2832
2024/02/14 05:02:30.00,458485.1942,5634876.0123,2945553.9447
2024/02/14 05:02:31.00,458485.9685,5634873.3477,2945551.6604
2024/02/14 05:02:32.00,458485.967,5634873.344,2945551.6575
2024/02/14 05:02:33.00,458485.9686,5634873.347,2945551.6598
2024/02/14 05:02:34.00,458485.969,5634873.3466,2945551.6602
2024/02/14 05:02:35.00,458485.9682,5634873.3455,2945551.6598
2024/02/14 05:02:36.00,458485.9695,5634873.3472,2945551.6593
2024/02/14 05:02:37.00,458485.1961,5634876.0138,2945553.9439
2024/02/14 05:02:38.00,458485.1934,5634876.0112,2945553.942
2024/02/14 05:02:39.00,458485.9702,5634873.3484,2945551.662
2024/02/14 05:02:40.00,458485.9671,5634873.3397,2945551.6566
2024/02/14 05:02:41.00,458485.9691,5634873.344,2945551.656
2024/02/14 05:02:42.00,458485.9683,5634873.3448,2945551.6589
2024/02/14 05:02:43.00,458485.9702,5634873.3431,2945551.6605
2024/02/14 05:02:44.00,458485.9697,5634873.3428,2945551.6609
2024/02/14 05:02:45.00,458485.9692,5634873.3446,2945551.6627
2024/02/14 05:02:46.00,458485.9699,5634873.3446,2945551.6613
2024/02/14 05:02:47.00,458485.3425,5634877.1444,2945552.2097
2024/02/14 05:02:48.00,458485.9813,5634873.3693,2945551.6775
2024/02/14 05:02:49.00,458485.9797,5634873.3696,2945551.6774
2024/02/14 05:02:50.00,458485.981,5634873.3661,2945551.6766
2024/02/14 05:02:51.00,458485.98,5634873.3669,2945551.6762
2024/02/14 05:02:52.00,458485.9797,5634873.3717,2945551.6773
2024/02/14 05:02:53.00,458485.3421,5634877.1475,2945552.2103
2024/02/14 05:02:54.00,458485.1965,5634876.0205,2945553.9414
2024/02/14 05:02:55.00,458485.1977,5634876.0212,2945553.9415
2024/02/14 05:02:56.00,458485.1976,5634876.0188,2945553.9413
2024/02/14 05:02:57.00,458485.197,5634876.0195,2945553.9386
2024/02/14 05:02:58.00,458485.1961,5634876.0203,2945553.9413
2024/02/14 05:02:59.00,458485.1963,5634876.022,2945553.9391
2024/02/14 05:03:00.00,458485.3411,5634877.1491,2945552.208
2024/02/14 05:03:01.00,458485.3407,5634877.1487,2945552.2072
2024/02/14 05:03:02.00,458485.3393,5634877.1469,2945552.2048
2024/02/14 05:03:03.00,458485.1955,5634876.016,2945553.937
2024/02/14 05:03:04.00,458485.9792,5634873.363,2945551.6705
2024/02/14 05:03:05.00,458485.3381,5634877.1484,2945552.2061
2024/02/14 05:03:06.00,458485.1948,5634876.0184,2945553.9348
2024/02/14 05:03:07.00,458485.3338,5634877.1394,2945552.1991
2024/02/14 05:03:08.00,458485.3325,5634877.1393,2945552.198
2024/02/14 05:03:09.00,458485.3321,5634877.1372,2945552.1959
2024/02/14 05:03:10.00,458485.3395,5634877.1518,2945552.2057
2024/02/14 05:03:11.00,458485.3309,5634877.1368,2945552.1968
2024/02/14 05:03:12.00,458485.3309,5634877.1357,2945552.1952
2024/02/14 05:03:13.00,458485.3329,5634877.1374,2945552.1957
2024/02/14 05:03:14.00,458485.3305,5634877.135,2945552.196
2024/02/14 05:03:15.00,458485.331,5634877.1357,2945552.1952
2024/02/14 05:03:16.00,458485.3307,5634877.1408,2945552.1962
2024/02/14 05:03:17.00,458485.3314,5634877.1399,2945552.1956
2024/02/14 05:03:18.00,458485.3302,5634877.1397,2945552.1954
2024/02/14 05:03:19.00,458485.3307,5634877.138,2945552.1967
2024/02/14 05:03:20.00,458485.3311,5634877.1425,2945552.1969
2024/02/14 05:03:21.00,458485.3302,5634877.1406,2945552.1938
2024/02/14 05:03:22.00,458485.3328,5634877.1411,2945552.1966
2024/02/14 05:03:23.00,458485.3312,5634877.1375,2945552.1959
2024/02/14 05:03:24.00,458485.3304,5634877.1395,2945552.1952
2024/02/14 05:03:25.00,458485.3297,5634877.1421,2945552.1964
2024/02/14 05:03:26.00,458485.3306,5634877.1416,2945552.1975
2024/02/14 05:03:27.00,458485.3315,5634877.1448,2945552.1974
2024/02/14 05:03:28.00,458485.3303,5634877.1418,2945552.1957
2024/02/14 05:03:29.00,458485.3312,5634877.1415,2945552.1977
2024/02/14 05:03:30.00,458485.3293,5634877.1409,2945552.1962
2024/02/14 05:03:31.00,458485.3309,5634877.1362,2945552.1938
2024/02/14 05:03:32.00,458485.33,5634877.1368,2945552.1955
2024/02/14 05:03:33.00,458485.3297,5634877.1388,2945552.194
2024/02/14 05:03:34.00,458485.3318,5634877.1362,2945552.1948
2024/02/14 05:03:35.00,458485.3305,5634877.1422,2945552.1963
2024/02/14 05:03:36.00,458485.33,5634877.1363,2945552.1926
2024/02/14 05:03:37.00,458485.3313,5634877.1382,2945552.1945
2024/02/14 05:03:38.00,458485.3315,5634877.1436,2945552.1969
2024/02/14 05:03:39.00,458485.3311,5634877.137,2945552.1941
2024/02/14 05:03:40.00,458485.328,5634877.1367,2945552.1933
2024/02/14 05:03:41.00,458485.3292,5634877.1355,2945552.1943
2024/02/14 05:03:42.00,458485.3312,5634877.1383,2945552.1947
2024/02/14 05:03:43.00,458485.3288,5634877.1366,2945552.1929
2024/02/14 05:03:44.00,458485.3294,5634877.1344,2945552.1921
2024/02/14 05:03:45.00,458485.3287,5634877.1362,2945552.1925
2024/02/14 05:03:46.00,458485.3296,5634877.1387,2945552.1941
2024/02/14 05:03:47.00,458485.3285,5634877.1367,2945552.1938
2024/02/14 05:03:48.00,458485.3278,5634877.1377,2945552.1903
2024/02/14 05:03:49.00,458485.3302,5634877.1357,2945552.192
2024/02/14 05:03:50.00,458485.3296,5634877.1392,2945552.1948
2024/02/14 05:03:51.00,458485.3291,5634877.14,2945552.1936
2024/02/14 05:03:52.00,458485.3301,5634877.1416,2945552.194
2024/02/14 05:03:53.00,458485.3291,5634877.135,2945552.1918
2024/02/14 05:03:54.00,458485.3298,5634877.138,2945552.1932
2024/02/14 05:03:55.00,458485.3263,5634877.1329,2945552.1887
2024/02/14 05:03:56.00,458485.3279,5634877.1355,2945552.1908
2024/02/14 05:03:57.00,458485.3279,5634877.1348,2945552.1921
2024/02/14 05:03:58.00,458485.3276,5634877.1359,2945552.1912
2024/02/14 05:03:59.00,458485.3283,5634877.1414,2945552.1922
2024/02/14 05:04:00.00,458485.3285,5634877.14,2945552.1922
2024/02/14 05:04:01.00,458485.3271,5634877.1417,2945552.1938
2024/02/14 05:04:02.00,458485.3279,5634877.1424,2945552.1921
2024/02/14 05:04:03.00,458485.3272,5634877.1404,2945552.1926
2024/02/14 05:04:04.00,458485.3279,5634877.1458,2945552.1931
2024/02/14 05:04:05.00,458485.3273,5634877.1467,2945552.1934
2024/02/14 05:04:06.00,458485.3269,5634877.1451,2945552.1934
2024/02/14 05:04:07.00,458485.3082,5634877.1058,2945552.1614
2024/02/14 05:04:08.00,458485.3252,5634877.144,2945552.1943
2024/02/14 05:04:09.00,458485.3272,5634877.1489,2945552.1951
2024/02/14 05:04:10.00,458485.327,5634877.1508,2945552.1961
2024/02/14 05:04:11.00,458485.3256,5634877.148,2945552.1942
2024/02/14 05:04:12.00,458485.3265,5634877.1468,2945552.1957
2024/02/14 05:04:13.00,458485.3141,5634877.1278,2945552.1777
2024/02/14 05:04:14.00,458485.3149,5634877.1284,2945552.1779
2024/02/14 05:04:15.00,458485.3136,5634877.1282,2945552.1777
2024/02/14 05:04:16.00,458485.3066,5634877.1094,2945552.1628
2024/02/14 05:04:17.00,458485.3139,5634877.1249,2945552.1763
2024/02/14 05:04:18.00,458485.3121,5634877.1221,2945552.1762
2024/02/14 05:04:19.00,458485.3122,5634877.1245,2945552.1764
2024/02/14 05:04:20.00,458485.3075,5634877.1116,2945552.1675
2024/02/14 05:04:21.00,458485.3124,5634877.1227,2945552.1757
2024/02/14 05:04:22.00,458485.3124,5634877.1212,2945552.1738
2024/02/14 05:04:23.00,458485.3106,5634877.1146,2945552.1662
2024/02/14 05:04:24.00,458485.3092,5634877.1123,2945552.1641
2024/02/14 05:04:25.00,458485.3096,5634877.1134,2945552.1663
2024/02/14 05:04:26.00,458485.3077,5634877.1136,2945552.1654
2024/02/14 05:04:27.00,458485.3093,5634877.1126,2945552.1661
2024/02/14 05:04:28.00,458485.3102,5634877.1202,2945552.1707
2024/02/14 05:04:29.00,458485.3066,5634877.1169,2945552.1643
2024/02/14 05:04:30.00,458485.3066,5634877.1141,2945552.1647
2024/02/14 05:04:31.00,458485.3068,5634877.1157,2945552.1646
2024/02/14 05:04:32.00,458485.309,5634877.117,2945552.1655
2024/02/14 05:04:33.00,458485.3054,5634877.1113,2945552.1618
2024/02/14 05:04:34.00,458485.3064,5634877.11,2945552.1627
2024/02/14 05:04:35.00,458485.3052,5634877.1095,2945552.1596
2024/02/14 05:04:36.00,458485.3052,5634877.1102,2945552.1616
2024/02/14 05:04:37.00,458485.306,5634877.1083,2945552.1624
2024/02/14 05:04:38.00,458485.304,5634877.1085,2945552.1605
2024/02/14 05:04:39.00,458485.3042,5634877.1085,2945552.1595
2024/02/14 05:04:40.00,458485.305,5634877.1071,2945552.1601
2024/02/14 05:04:41.00,458485.3056,5634877.1056,2945552.1584
2024/02/14 05:04:42.00,458485.3042,5634877.1075,2945552.159
2024/02/14 05:04:43.00,458485.306,5634877.1051,2945552.1577
2024/02/14 05:04:44.00,458487.0266,5634877.7148,2945552.7134
2024/02/14 05:04:45.00,458487.0293,5634877.7158,2945552.7131
2024/02/14 05:04:46.00,458487.0267,5634877.7126,2945552.7132
2024/02/14 05:04:47.00,458484.1909,5634874.3875,2945551.6665
2024/02/14 05:04:48.00,458487.0273,5634877.7173,2945552.7141
2024/02/14 05:04:49.00,458487.0272,5634877.714,2945552.7143
2024/02/14 05:04:50.00,458487.0248,5634877.7101,2945552.7102
2024/02/14 05:04:51.00,458487.0233,5634877.7075,2945552.7075
2024/02/14 05:04:52.00,458484.1908,5634874.3856,2945551.6652
2024/02/14 05:04:53.00,458484.1924,5634874.386,2945551.6657
2024/02/14 05:04:54.00,458487.0234,5634877.7082,2945552.707
2024/02/14 05:04:55.00,458487.024,5634877.7067,2945552.7072
2024/02/14 05:04:56.00,458487.0226,5634877.7067,2945552.7066
2024/02/14 05:04:57.00,458487.0217,5634877.7027,2945552.7036
2024/02/14 05:04:58.00,458487.0221,5634877.7071,2945552.7039
2024/02/14 05:04:59.00,458487.0215,5634877.7034,2945552.7022
2024/02/14 05:05:00.00,458487.0212,5634877.7017,2945552.702
2024/02/14 05:05:01.00,458487.0196,5634877.7037,2945552.7024
2024/02/14 05:05:02.00,458484.1852,5634874.377,2945551.6551
2024/02/14 05:05:03.00,458484.1843,5634874.3729,2945551.6539
2024/02/14 05:05:04.00,458484.1849,5634874.3744,2945551.6551
2024/02/14 05:05:05.00,458484.1843,5634874.3789,2945551.656
2024/02/14 05:05:06.00,458487.0185,5634877.7038,2945552.7004
2024/02/14 05:05:07.00,458484.1832,5634874.3749,2945551.654
2024/02/14 05:05:08.00,458484.1828,5634874.3753,2945551.6529
2024/02/14 05:05:09.00,458487.0205,5634877.7097,2945552.7068
2024/02/14 05:05:10.00,458487.0208,5634877.7051,2945552.7049
2024/02/14 05:05:44.00,458484.1824,5634874.3694,2945551.6475
2024/02/14 05:05:45.00,458484.1819,5634874.3705,2945551.6504
2024/02/14 05:05:46.00,458484.1831,5634874.3728,2945551.6503
2024/02/14 05:05:47.00,458484.1829,5634874.3691,2945551.6491
2024/02/14 05:05:48.00,458484.1821,5634874.3677,2945551.6481
2024/02/14 05:05:49.00,458484.1822,5634874.3675,2945551.6481
2024/02/14 05:05:51.00,458484.185,5634874.3692,2945551.6482
2024/02/14 05:05:52.00,458484.184,5634874.3706,2945551.6466
2024/02/14 05:05:53.00,458484.1837,5634874.3676,2945551.6474
2024/02/14 05:05:54.00,458484.1831,5634874.3708,2945551.6487
2024/02/14 05:05:55.00,458484.184,5634874.3677,2945551.6468
2024/02/14 05:05:56.00,458484.1846,5634874.3686,2945551.6463
2024/02/14 05:05:57.00,458484.1837,5634874.3697,2945551.6469
2024/02/14 05:05:58.00,458484.1857,5634874.3729,2945551.6473
2024/02/14 05:05:59.00,458484.184,5634874.3732,2945551.6476
2024/02/14 05:06:00.00,458484.1838,5634874.3685,2945551.6483
2024/02/14 05:06:01.00,458484.1843,5634874.3714,2945551.6483
2024/02/14 05:06:02.00,458484.1839,5634874.3727,2945551.6478
2024/02/14 05:06:03.00,458484.1835,5634874.3715,2945551.6473
2024/02/14 05:06:04.00,458484.1855,5634874.3723,2945551.6469
2024/02/14 05:06:05.00,458484.1839,5634874.3751,2945551.6474
2024/02/14 05:06:06.00,458484.1842,5634874.3741,2945551.6505
2024/02/14 05:06:07.00,458484.1861,5634874.3747,2945551.6494
2024/02/14 05:06:08.00,458484.1864,5634874.3753,2945551.6512
2024/02/14 05:06:09.00,458484.1851,5634874.3744,2945551.65
2024/02/14 05:06:10.00,458484.185,5634874.3722,2945551.6486
2024/02/14 05:06:11.00,458484.1849,5634874.3713,2945551.648
2024/02/14 05:06:12.00,458484.1859,5634874.3748,2945551.6504
2024/02/14 05:06:13.00,458484.1862,5634874.3706,2945551.6485
2024/02/14 05:06:14.00,458484.1841,5634874.3707,2945551.6467
2024/02/14 05:06:15.00,458484.1845,5634874.372,2945551.6476
2024/02/14 05:06:25.00,458483.9857,5634874.3308,2945551.7782
2024/02/14 05:06:26.00,458483.2568,5634874.1526,2945552.2511
2024/02/14 05:06:27.00,458481.9385,5634873.8143,2945553.0939
2024/02/14 05:06:28.00,458480.5904,5634873.4881,2945553.9522
2024/02/14 05:06:29.00,458479.2258,5634873.1579,2945554.8181
2024/02/14 05:06:30.00,458477.4766,5634872.735,2945555.9221
2024/02/14 05:06:31.00,458475.3262,5634872.2017,2945557.2642
2024/02/14 05:06:32.00,458472.8929,5634871.6301,2945558.7693
2024/02/14 05:06:33.00,458470.36,5634871.02,2945560.3104
2024/02/14 05:06:34.00,458467.8891,5634870.4532,2945561.7891
2024/02/14 05:06:35.00,458465.3253,5634869.8708,2945563.2858
2024/02/14 05:06:36.00,458462.4508,5634869.2029,2945565.0217
2024/02/14 05:06:37.00,458459.2266,5634868.4161,2945567.0317
2024/02/14 05:06:38.00,458455.6552,5634867.5485,2945569.3221
2024/02/14 05:06:39.00,458451.7365,5634866.5233,2945571.8626
2024/02/14 05:06:40.00,458447.5789,5634865.4314,2945574.639
2024/02/14 05:06:41.00,458443.2993,5634864.3084,2945577.4976
2024/02/14 05:06:42.00,458439.0203,5634863.2422,2945580.2782
2024/02/14 05:06:43.00,458434.8488,5634862.2102,2945582.9567
2024/02/14 05:06:44.00,458430.7922,5634861.2108,2945585.5013
2024/02/14 05:06:45.00,458426.8561,5634860.2755,2945587.9671
2024/02/14 05:06:46.00,458423.1345,5634859.3888,2945590.2764
2024/02/14 05:06:47.00,458419.6398,5634858.5881,2945592.3822
2024/02/14 05:06:48.00,458416.1591,5634857.8292,2945594.4079
2024/02/14 05:06:49.00,458412.8542,5634857.146,2945596.2518
2024/02/14 05:06:50.00,458410.5481,5634856.6888,2945597.5186
2024/02/14 05:06:51.00,458408.8023,5634856.3426,2945598.4701
2024/02/14 05:06:52.00,458407.2299,5634856.0192,2945599.3622
2024/02/14 05:06:53.00,458405.7378,5634855.7296,2945600.1995
2024/02/14 05:06:54.00,458404.2461,5634855.424,2945601.0219
2024/02/14 05:06:55.00,458402.7503,5634855.1416,2945601.8264
2024/02/14 05:06:56.00,458401.122,5634854.8349,2945602.6961
2024/02/14 05:06:57.00,458399.2109,5634854.4916,2945603.6985
2024/02/14 05:06:58.00,458397.0772,5634854.103,2945604.8139
2024/02/14 05:06:59.00,458394.7047,5634853.6566,2945606.0754
2024/02/14 05:07:00.00,458391.9719,5634853.1525,2945607.5154
2024/02/14 05:07:01.00,458389.1049,5634852.5849,2945609.0842
2024/02/14 05:07:02.00,458386.3491,5634852.0375,2945610.6514
2024/02/14 05:07:03.00,458383.7326,5634851.4825,2945612.1479
2024/02/14 05:07:04.00,458381.2632,5634850.9836,2945613.6186
2024/02/14 05:07:05.00,458378.6697,5634850.3782,2945615.0994
2024/02/14 05:07:06.00,458375.9193,5634849.7392,2945616.8214
2024/02/14 05:07:07.00,458375.7504,5634847.3166,2945618.3472
2024/02/14 05:07:08.00,458370.09,5634852.2528,2945621.2744
2024/02/14 05:07:09.00,458367.7395,5634851.1925,2945623.7695
2024/02/14 05:07:10.00,458366.2575,5634845.7266,2945626.2632
2024/02/14 05:07:11.00,458364.7776,5634844.1787,2945629.5791
2024/02/14 05:07:12.00,458363.6485,5634842.2566,2945633.3386
2024/02/14 05:07:13.00,458362.9939,5634840.13,2945637.5659
2024/02/14 05:07:14.00,458362.6413,5634837.6718,2945642.3026
2024/02/14 05:07:15.00,458361.8953,5634838.9823,2945648.0159
2024/02/14 05:07:16.00,458362.5841,5634830.6555,2945653.573
2024/02/14 05:07:17.00,458362.6971,5634825.3028,2945659.1768
2024/02/14 05:07:18.00,458361.147,5634829.7118,2945665.8303
2024/02/14 05:07:19.00,458360.8627,5634826.5696,2945671.8597
2024/02/14 05:07:20.00,458360.6556,5634823.2253,2945678.1514
2024/02/14 05:07:21.00,458360.982,5634815.1618,2945684.35
2024/02/14 05:07:22.00,458360.6158,5634812.005,2945691.4225
2024/02/14 05:07:23.00,458360.4475,5634807.7056,2945698.5928
2024/02/14 05:07:24.00,458362.1661,5634803.4656,2945706.643
2024/02/14 05:07:25.00,458360.8572,5634796.7704,2945713.5215
2024/02/14 05:07:26.00,458360.7392,5634792.6748,2945721.3986
2024/02/14 05:07:27.00,458360.6464,5634788.5015,2945729.3034
2024/02/14 05:07:28.00,458360.5473,5634784.3775,2945737.1528
2024/02/14 05:07:29.00,458360.4855,5634780.2777,2945744.9817
2024/02/14 05:07:30.00,458360.7956,5634780.5824,2945753.9029
2024/02/14 05:07:31.00,458359.363,5634775.5694,2945760.9205
2024/02/14 05:07:32.00,458359.22,5634771.5519,2945768.5473
2024/02/14 05:07:33.00,458360.0766,5634764.0253,2945775.5752
2024/02/14 05:07:34.00,458359.4973,5634761.8611,2945783.2687
2024/02/14 05:07:35.00,458358.7361,5634763.4139,2945791.3356
2024/02/14 05:07:36.00,458361.1211,5634754.1309,2945799.1498
2024/02/14 05:07:37.00,458358.952,5634750.537,2945806.7113
2024/02/14 05:07:38.00,458358.5847,5634750.0914,2945815.2249
2024/02/14 05:07:39.00,458358.5609,5634745.4527,2945823.4635
2024/02/14 05:07:40.00,458358.5246,5634740.7883,2945831.714
2024/02/14 05:07:41.00,458358.9921,5634731.4439,2945839.5495
2024/02/14 05:07:42.00,458358.985,5634726.6548,2945847.8767
2024/02/14 05:07:43.00,458359.8435,5634718.8045,2945855.9323
2024/02/14 05:07:44.00,458359.9763,5634713.8856,2945864.4389
2024/02/14 05:07:45.00,458359.3457,5634712.1423,2945873.3901
2024/02/14 05:07:46.00,458359.6716,5634707.1855,2945881.4247
2024/02/14 05:07:47.00,458359.837,5634702.5373,2945889.5026
2024/02/14 05:07:48.00,458360.6456,5634694.8376,2945897.3168
2024/02/14 05:07:49.00,458359.8342,5634693.5203,2945905.9817
2024/02/14 05:07:50.00,458360.8091,5634685.5642,2945913.7468
2024/02/14 05:07:51.00,458360.0495,5634684.0929,2945922.3839
2024/02/14 05:07:52.00,458361.0037,5634675.9249,2945930.0119
2024/02/14 05:07:53.00,458361.5499,5634675.9134,2945938.8099
2024/02/14 05:07:54.00,458361.3109,5634667.3388,2945944.8643
2024/02/14 05:07:55.00,458360.6703,5634666.6474,2945952.501
2024/02/14 05:07:56.00,458361.0009,5634662.4078,2945959.7482
2024/02/14 05:07:57.00,458362.2946,5634654.7945,2945966.3088
2024/02/14 05:07:58.00,458362.8167,5634650.8692,2945972.9923
2024/02/14 05:07:59.00,458363.3627,5634647.154,2945979.354
2024/02/14 05:08:00.00,458363.8656,5634643.7244,2945985.2141
2024/02/14 05:08:01.00,458364.5027,5634640.4648,2945990.8903
2024/02/14 05:08:02.00,458365.1664,5634637.2284,2945996.3785
2024/02/14 05:08:03.00,458365.9046,5634634.1824,2946001.3574
2024/02/14 05:08:04.00,458365.8476,5634634.7157,2946006.2575
2024/02/14 05:08:05.00,458367.3703,5634629.0728,2946010.0067
2024/02/14 05:08:06.00,458368.0656,5634626.7465,2946013.9049
2024/02/14 05:08:07.00,458368.6648,5634624.7819,2946017.1867
2024/02/14 05:08:08.00,458369.0787,5634623.2844,2946019.6883
2024/02/14 05:08:09.00,458369.4256,5634622.0021,2946021.8327
2024/02/14 05:08:10.00,458369.7107,5634620.982,2946023.5787
2024/02/14 05:08:11.00,458369.8979,5634620.2902,2946024.7025
2024/02/14 05:08:12.00,458370.0299,5634619.7573,2946025.6007
2024/02/14 05:08:13.00,458370.1504,5634619.3313,2946026.3143
2024/02/14 05:08:14.00,458370.2024,5634619.1399,2946026.6334
2024/02/14 05:08:15.00,458370.2129,5634619.0749,2946026.6826
2024/02/14 05:08:16.00,458370.212,5634619.0759,2946026.6816
2024/02/14 05:08:17.00,458370.2129,5634619.0783,2946026.6794
2024/02/14 05:08:18.00,458370.2141,5634619.0807,2946026.6827
2024/02/14 05:08:19.00,458370.2129,5634619.0779,2946026.6827
2024/02/14 05:08:20.00,458370.2141,5634619.0781,2946026.683
2024/02/14 05:08:21.00,458370.2136,5634619.0787,2946026.6813
2024/02/14 05:08:22.00,458370.2128,5634619.0788,2946026.6809
2024/02/14 05:08:23.00,458370.2134,5634619.0782,2946026.6817
2024/02/14 05:08:24.00,458370.2155,5634619.0809,2946026.6833
2024/02/14 05:08:25.00,458370.2123,5634619.0746,2946026.6822
2024/02/14 05:08:26.00,458370.2148,5634619.0795,2946026.6807
2024/02/14 05:08:27.00,458370.2147,5634619.0771,2946026.6814
2024/02/14 05:08:28.00,458370.2152,5634619.0796,2946026.6833
2024/02/14 05:08:29.00,458370.214,5634619.0778,2946026.682
2024/02/14 05:08:30.00,458370.2143,5634619.0805,2946026.6811
2024/02/14 05:08:31.00,458370.2377,5634618.9729,2946026.8497
2024/02/14 05:08:32.00,458370.2718,5634618.8705,2946027.0265
2024/02/14 05:08:33.00,458370.2729,5634618.8699,2946027.0253
2024/02/14 05:08:34.00,458370.2784,5634618.8454,2946027.0622
2024/02/14 05:08:35.00,458370.3257,5634618.6934,2946027.3142
2024/02/14 05:08:36.00,458370.4306,5634618.3564,2946027.8654
2024/02/14 05:08:37.00,458370.5827,5634617.8822,2946028.6705
2024/02/14 05:08:38.00,458370.7847,5634617.2044,2946029.8347
2024/02/14 05:08:39.00,458371.1421,5634616.123,2946031.6151
2024/02/14 05:08:40.00,458371.5736,5634614.8444,2946033.7952
2024/02/14 05:08:41.00,458372.1007,5634613.3546,2946036.2606
2024/02/14 05:08:42.00,458372.8076,5634611.5136,2946039.3073
2024/02/14 05:08:43.00,458373.6982,5634609.3688,2946042.8173
2024/02/14 05:08:44.00,458374.7133,5634607.1279,2946046.4667
2024/02/14 05:08:45.00,458375.7273,5634605.0644,2946049.9487
2024/02/14 05:08:46.00,458376.7208,5634603.2091,2946053.032
2024/02/14 05:08:47.00,458377.8078,5634601.3014,2946056.0966
2024/02/14 05:08:48.00,458378.9335,5634599.3556,2946059.2511
2024/02/14 05:08:49.00,458380.1632,5634597.3778,2946062.4258
2024/02/14 05:08:50.00,458381.3116,5634595.5198,2946065.5009
2024/02/14 05:08:51.00,458382.4518,5634593.702,2946068.5045
2024/02/14 05:08:52.00,458383.5026,5634591.9597,2946071.2731
2024/02/14 05:08:53.00,458384.4448,5634590.4216,2946073.7496
2024/02/14 05:08:54.00,458385.2335,5634588.9764,2946076.1571
2024/02/14 05:08:55.00,458385.7311,5634587.4997,2946078.6318
2024/02/14 05:08:56.00,458385.3827,5634587.754,2946081.5588
2024/02/14 05:08:57.00,458385.8409,5634584.1965,2946084.2217
2024/02/14 05:08:58.00,458385.3638,5634582.3059,2946087.4663
2024/02/14 05:08:59.00,458384.539,5634580.4028,2946090.8131
2024/02/14 05:09:00.00,458383.3918,5634578.7226,2946093.8233
2024/02/14 05:09:01.00,458383.1198,5634580.2529,2946097.594
2024/02/14 05:09:02.00,458379.8699,5634580.6969,2946098.393
2024/02/14 05:09:03.00,458377.1966,5634578.0141,2946102.4016
2024/02/14 05:09:04.00,458375.5295,5634573.3111,2946104.6342
2024/02/14 05:09:05.00,458372.6867,5634572.011,2946107.4565
2024/02/14 05:09:06.00,458369.7307,5634570.7084,2946110.495
2024/02/14 05:09:07.00,458367.1412,5634569.1929,2946113.5141
2024/02/14 05:09:08.00,458365.1148,5634567.8675,2946116.4178
2024/02/14 05:09:09.00,458362.7117,5634569.7654,2946119.6861
2024/02/14 05:09:10.00,458362.4264,5634564.8227,2946122.0103
2024/02/14 05:09:11.00,458361.5588,5634563.4912,2946124.6188
2024/02/14 05:09:12.00,458360.916,5634561.9639,2946127.1517
2024/02/14 05:09:13.00,458360.3749,5634560.5198,2946129.7376
2024/02/14 05:09:14.00,458359.9017,5634559.1044,2946132.4736
2024/02/14 05:09:15.00,458359.5145,5634557.2403,2946135.6125
2024/02/14 05:09:16.00,458359.0772,5634555.247,2946139.1868
2024/02/14 05:09:17.00,458358.6868,5634553.0046,2946143.1722
2024/02/14 05:09:18.00,458358.2196,5634550.6055,2946147.6646
2024/02/14 05:09:19.00,458357.7715,5634547.8754,2946152.5744
2024/02/14 05:09:20.00,458356.4557,5634548.5941,2946158.3168
2024/02/14 05:09:21.00,458355.9225,5634545.5666,2946163.8119
2024/02/14 05:09:22.00,458355.301,5634542.2695,2946169.5065
2024/02/14 05:09:23.00,458355.3534,5634535.6063,2946175.0655
2024/02/14 05:09:24.00,458354.4636,5634532.391,2946181.1156
2024/02/14 05:09:25.00,458354.693,5634532.2453,2946188.1209
2024/02/14 05:09:26.00,458352.5704,5634525.9984,2946193.3623
2024/02/14 05:09:27.00,458351.449,5634522.6922,2946199.7802
2024/02/14 05:09:28.00,458350.1916,5634519.2758,2946206.4547
2024/02/14 05:09:29.00,458348.6679,5634515.9027,2946213.3488
2024/02/14 05:09:30.00,458346.8997,5634512.3811,2946220.3719
2024/02/14 05:09:31.00,458344.9867,5634508.6895,2946227.4841
2024/02/14 05:09:32.00,458342.8992,5634505.063,2946234.7015
2024/02/14 05:09:33.00,458340.604,5634501.432,2946241.9874
2024/02/14 05:09:34.00,458338.1408,5634497.8622,2946249.1925
2024/02/14 05:09:35.00,458335.6482,5634494.4062,2946256.1685
2024/02/14 05:09:36.00,458333.1135,5634491.0415,2946262.9263
2024/02/14 05:09:37.00,458329.7341,5634491.5252,2946270.0043
2024/02/14 05:09:38.00,458328.079,5634484.6415,2946275.796
2024/02/14 05:09:39.00,458324.6941,5634485.4198,2946282.3055
2024/02/14 05:09:40.00,458323.2101,5634479.0639,2946287.2209
2024/02/14 05:09:41.00,458321.1148,5634476.7584,2946292.0344
2024/02/14 05:09:42.00,458319.2182,5634474.7203,2946296.2838
2024/02/14 05:09:43.00,458317.4497,5634472.8576,2946300.1511
2024/02/14 05:09:44.00,458315.882,5634471.2711,2946303.4656
2024/02/14 05:09:45.00,458314.5388,5634469.9179,2946306.2684
2024/02/14 05:09:46.00,458313.2774,5634468.6249,2946308.9341
2024/02/14 05:09:47.00,458312.0285,5634467.3897,2946311.4926
2024/02/14 05:09:48.00,458310.8361,5634466.1832,2946313.9701
2024/02/14 05:09:49.00,458309.7907,5634465.1186,2946316.1738
2024/02/14 05:09:50.00,458308.8193,5634464.1304,2946318.21
2024/02/14 05:09:51.00,458307.8949,5634463.2,2946320.1454
2024/02/14 05:09:52.00,458307.0284,5634462.3583,2946321.8869
2024/02/14 05:09:53.00,458306.1208,5634461.5309,2946323.5232
2024/02/14 05:09:54.00,458305.2458,5634460.8359,2946325.0724
2024/02/14 05:09:55.00,458304.6892,5634460.3591,2946326.0655
2024/02/14 05:09:56.00,458304.2856,5634460.0168,2946326.7735
2024/02/14 05:09:57.00,458303.9134,5634459.7102,2946327.4173
2024/02/14 05:09:58.00,458303.5742,5634459.4083,2946327.976
2024/02/14 05:09:59.00,458303.2631,5634459.1878,2946328.5146
2024/02/14 05:10:00.00,458302.9862,5634458.9356,2946328.9597
2024/02/14 05:10:01.00,458302.7372,5634458.7417,2946329.3792
2024/02/14 05:10:02.00,458302.547,5634458.5976,2946329.6846
2024/02/14 05:10:03.00,458302.5381,5634458.5939,2946329.6975
2024/02/14 05:10:04.00,458302.5362,5634458.5895,2946329.6951
2024/02/14 05:10:05.00,458302.5477,5634458.5988,2946329.6827
2024/02/14 05:10:06.00,458302.504,5634458.5658,2946329.754
2024/02/14 05:10:07.00,458301.4706,5634461.9845,2946330.4456
2024/02/14 05:10:08.00,458301.1666,5634461.7513,2946330.9353
2024/02/14 05:10:09.00,458300.8298,5634461.4927,2946331.5056
2024/02/14 05:10:10.00,458301.4674,5634457.7568,2946331.4624
2024/02/14 05:10:11.00,458300.5654,5634461.2865,2946331.946
2024/02/14 05:10:12.00,458300.5644,5634461.2828,2946331.9499
2024/02/14 05:10:13.00,458301.4615,5634457.752,2946331.4792
2024/02/14 05:10:14.00,458301.4593,5634457.7517,2946331.48
2024/02/14 05:10:15.00,458301.461,5634457.7508,2946331.4786
2024/02/14 05:10:16.00,458301.4604,5634457.7523,2946331.4789
2024/02/14 05:10:17.00,458301.4607,5634457.752,2946331.4788
2024/02/14 05:10:18.00,458301.4653,5634457.7577,2946331.4693
2024/02/14 05:10:19.00,458301.3783,5634457.6915,2946331.6121
2024/02/14 05:10:20.00,458301.0141,5634457.4032,2946332.2186
2024/02/14 05:10:21.00,458299.4957,5634460.4358,2946333.7143
2024/02/14 05:10:22.00,458298.9894,5634460.0402,2946334.553
2024/02/14 05:10:23.00,458298.826,5634459.9102,2946334.818
2024/02/14 05:10:24.00,458299.7244,5634456.386,2946334.3454
2024/02/14 05:10:25.00,458299.725,5634456.3838,2946334.344
2024/02/14 05:10:26.00,458299.4169,5634461.4694,2946333.3278
2024/02/14 05:10:27.00,458298.8258,5634459.9158,2946334.8161
2024/02/14 05:10:28.00,458298.828,5634459.9128,2946334.8164
2024/02/14 05:10:29.00,458298.8281,5634459.9156,2946334.815
2024/02/14 05:10:30.00,458298.828,5634459.9166,2946334.8122
2024/02/14 05:10:31.00,458298.8263,5634459.9169,2946334.813
2024/02/14 05:10:32.00,458298.8271,5634459.9169,2946334.8128
2024/02/14 05:10:33.00,458299.734,5634456.3629,2946334.3329
2024/02/14 05:10:34.00,458298.8262,5634459.9173,2946334.8134
2024/02/14 05:10:35.00,458300.6699,5634459.9624,2946334.8765
2024/02/14 05:10:36.00,458299.7257,5634456.38,2946334.342
2024/02/14 05:10:37.00,458300.6859,5634459.8646,2946334.8283
2024/02/14 05:10:38.00,458300.6983,5634459.9041,2946334.8365
2024/02/14 05:10:39.00,458299.7281,5634456.3803,2946334.3374
2024/02/14 05:10:40.00,458298.8069,5634459.9048,2946334.8464
2024/02/14 05:10:41.00,458300.3188,5634459.8002,2946335.3391
2024/02/14 05:10:42.00,458297.9145,5634459.2327,2946336.2866
2024/02/14 05:10:43.00,458297.043,5634458.5681,2946337.6856
2024/02/14 05:10:44.00,458296.1024,5634457.8528,2946339.199
2024/02/14 05:10:45.00,458295.191,5634457.1761,2946340.6465
2024/02/14 05:10:46.00,458294.4327,5634456.5889,2946341.8838
2024/02/14 05:10:47.00,458293.757,5634456.0784,2946342.9874
2024/02/14 05:10:48.00,458293.1149,5634455.6011,2946343.9923
2024/02/14 05:10:49.00,458292.5052,5634455.1693,2946344.9049
2024/02/14 05:10:50.00,458291.9677,5634454.7771,2946345.7439
2024/02/14 05:10:51.00,458291.4356,5634454.3885,2946346.5824
2024/02/14 05:10:52.00,458292.568,5634454.0165,2946347.6407
2024/02/14 05:10:53.00,458290.0935,5634453.4489,2946348.6566
2024/02/14 05:10:54.00,458289.4101,5634452.9717,2946349.6835
2024/02/14 05:10:55.00,458288.7622,5634452.5418,2946350.6196
2024/02/14 05:10:56.00,458288.1953,5634452.185,2946351.4426
2024/02/14 05:10:57.00,458287.7105,5634451.872,2946352.106
2024/02/14 05:10:58.00,458287.3703,5634451.642,2946352.5822
2024/02/14 05:10:59.00,458287.1747,5634451.5249,2946352.8423
2024/02/14 05:11:00.00,458286.9764,5634451.3984,2946353.1149
2024/02/14 05:11:01.00,458286.6914,5634451.221,2946353.5202
2024/02/14 05:11:02.00,458286.3774,5634451.0198,2946353.9649
2024/02/14 05:11:03.00,458285.8582,5634450.6857,2946354.6892
2024/02/14 05:11:04.00,458285.1027,5634450.1997,2946355.7555
2024/02/14 05:11:05.00,458284.3344,5634449.6953,2946356.8648
2024/02/14 05:11:06.00,458283.5296,5634449.1706,2946358.0017
2024/02/14 05:11:07.00,458282.6618,5634448.5964,2946359.2058
2024/02/14 05:11:08.00,458281.8881,5634448.0959,2946360.3136
2024/02/14 05:11:09.00,458281.2482,5634447.6612,2946361.2354
2024/02/14 05:11:10.00,458280.7235,5634447.4312,2946362.0985
2024/02/14 05:11:11.00,458280.1827,5634447.0347,2946362.9044
2024/02/14 05:11:12.00,458279.4587,5634446.5293,2946364.0022
2024/02/14 05:11:13.00,458278.5751,5634445.7767,2946365.3197
2024/02/14 05:11:14.00,458277.684,5634445.0956,2946366.7817
2024/02/14 05:11:15.00,458276.7884,5634444.3901,2946368.2954
2024/02/14 05:11:16.00,458276.4964,5634445.2266,2946368.3564
2024/02/14 05:11:17.00,458275.0914,5634442.9049,2946371.4581
2024/02/14 05:11:18.00,458274.297,5634442.0029,2946373.3158
2024/02/14 05:11:19.00,458275.2459,5634441.0336,2946375.2526
2024/02/14 05:11:20.00,458274.2926,5634439.8078,2946377.9369
2024/02/14 05:11:21.00,458273.0012,5634438.2665,2946381.0383
2024/02/14 05:11:22.00,458271.5266,5634436.7563,2946384.301
2024/02/14 05:11:23.00,458268.1635,5634435.1587,2946387.7216
2024/02/14 05:11:24.00,458267.0896,5634435.1198,2946389.2568
2024/02/14 05:11:25.00,458266.4536,5634432.1841,2946393.6564
2024/02/14 05:11:26.00,458265.8922,5634432.6855,2946396.1115
2024/02/14 05:11:27.00,458262.5733,5634425.1131,2946400.8499
2024/02/14 05:11:28.00,458259.9274,5634423.1546,2946405.0169
2024/02/14 05:11:29.00,458256.4386,5634424.7301,2946409.6982
2024/02/14 05:11:30.00,458253.9914,5634418.7733,2946414.3177
2024/02/14 05:11:31.00,458248.3018,5634419.9409,2946419.6013
2024/02/14 05:11:32.00,458246.8049,5634417.6525,2946424.5591
2024/02/14 05:11:33.00,458244.0685,5634411.6046,2946429.5086
2024/02/14 05:11:34.00,458240.5724,5634409.1945,2946434.7104
2024/02/14 05:11:35.00,458237.084,5634406.7852,2946439.9064
2024/02/14 05:11:36.00,458233.5263,5634404.4343,2946445.0256
2024/02/14 05:11:37.00,458229.9267,5634402.1164,2946450.0468
2024/02/14 05:11:38.00,458226.477,5634399.8647,2946454.7945
2024/02/14 05:11:39.00,458223.1882,5634397.7408,2946459.2777
2024/02/14 05:11:40.00,458220.3596,5634396.0182,2946463.0176
2024/02/14 05:11:41.00,458218.2051,5634394.8133,2946465.8254
2024/02/14 05:11:42.00,458213.8598,5634397.4348,2946468.5865
2024/02/14 05:11:43.00,458214.5274,5634392.8576,2946470.3887
2024/02/14 05:11:44.00,458212.7482,5634391.8288,2946472.7125
2024/02/14 05:11:45.00,458210.8349,5634390.6594,2946475.2935
2024/02/14 05:11:46.00,458208.7862,5634389.3544,2946478.1672
2024/02/14 05:11:47.00,458206.747,5634387.8743,2946481.4091
2024/02/14 05:11:48.00,458204.6051,5634386.2373,2946484.9501
2024/02/14 05:11:49.00,458202.3754,5634384.426,2946488.7348
2024/02/14 05:11:50.00,458200.1241,5634382.4792,2946492.8016
2024/02/14 05:11:51.00,458197.7955,5634380.4339,2946497.118
2024/02/14 05:11:52.00,458195.2095,5634378.2925,2946501.6821
2024/02/14 05:11:53.00,458192.4822,5634376.0513,2946506.4424
2024/02/14 05:11:54.00,458189.6689,5634373.8107,2946511.3388
2024/02/14 05:11:55.00,458186.7571,5634371.5335,2946516.2857
2024/02/14 05:11:56.00,458182.05,5634378.0378,2946522.5929
2024/02/14 05:11:57.00,458178.1312,5634371.9436,2946526.8593
2024/02/14 05:11:58.00,458176.9713,5634364.1839,2946532.2764
2024/02/14 05:11:59.00,458171.001,5634364.4779,2946538.4086
2024/02/14 05:12:00.00,458169.7294,5634358.8286,2946543.8863
2024/02/14 05:12:01.00,458166.273,5634356.2321,2946549.506
2024/02/14 05:12:02.00,458162.8555,5634353.5092,2946555.1595
2024/02/14 05:12:03.00,458159.3647,5634350.7766,2946561.0218
2024/02/14 05:12:04.00,458155.7501,5634347.9305,2946567.1003
2024/02/14 05:12:05.00,458151.9727,5634345.0421,2946573.3869
2024/02/14 05:12:06.00,458148.0862,5634341.9988,2946579.8558
2024/02/14 05:12:07.00,458144.0417,5634338.9187,2946586.4988
2024/02/14 05:12:08.00,458139.879,5634335.7576,2946593.3097
2024/02/14 05:12:09.00,458135.5203,5634332.531,2946600.2347
2024/02/14 05:12:10.00,458131.0696,5634329.268,2946607.3063
2024/02/14 05:12:11.00,458126.5884,5634325.861,2946614.5651
2024/02/14 05:12:12.00,458122.0587,5634322.3538,2946621.9941
2024/02/14 05:12:13.00,458115.6292,5634327.8552,2946631.0982
2024/02/14 05:12:14.00,458112.705,5634315.3002,2946637.2048
2024/02/14 05:12:15.00,458107.9386,5634311.743,2946644.9097
2024/02/14 05:12:16.00,458103.1932,5634308.23,2946652.5895
2024/02/14 05:12:17.00,458098.4084,5634304.7501,2946660.2576
2024/02/14 05:12:18.00,458093.6184,5634301.2832,2946667.9405
2024/02/14 05:12:19.00,458088.8901,5634297.7887,2946675.661
2024/02/14 05:12:20.00,458084.2151,5634294.3029,2946683.4135
2024/02/14 05:12:21.00,458079.0433,5634294.7213,2946691.7852
2024/02/14 05:12:22.00,458074.8944,5634287.4987,2946698.8693
2024/02/14 05:12:23.00,458070.1905,5634284.1933,2946706.5086
2024/02/14 05:12:24.00,458065.5155,5634280.9088,2946714.1471
2024/02/14 05:12:25.00,458060.8444,5634277.6163,2946721.8987
2024/02/14 05:12:26.00,458056.2299,5634274.2923,2946729.7862
2024/02/14 05:12:27.00,458051.5799,5634271.0317,2946737.7023
2024/02/14 05:12:28.00,458046.945,5634267.7492,2946745.6474
2024/02/14 05:12:29.00,458042.3238,5634264.5308,2946753.5776
2024/02/14 05:12:30.00,458037.6271,5634261.2967,2946761.4585
2024/02/14 05:12:31.00,458030.7807,5634262.2125,2946769.4214
2024/02/14 05:12:32.00,458028.2726,5634254.8536,2946777.1598
2024/02/14 05:12:33.00,458023.6629,5634251.6773,2946784.9495
2024/02/14 05:12:34.00,458017.983,5634255.3127,2946793.4214
2024/02/14 05:12:35.00,458015.1477,5634245.7483,2946799.4844
2024/02/14 05:12:36.00,458011.4952,5634243.24,2946805.6084
2024/02/14 05:12:37.00,458008.4075,5634241.1478,2946810.7719
2024/02/14 05:12:38.00,458005.6623,5634239.2912,2946815.3502
2024/02/14 05:12:39.00,458003.1499,5634237.6176,2946819.4669
2024/02/14 05:12:40.00,458000.6621,5634235.9848,2946823.5153
2024/02/14 05:12:41.00,457998.1371,5634234.3399,2946827.5945
2024/02/14 05:12:42.00,457995.5693,5634232.6871,2946831.7436
2024/02/14 05:12:43.00,457992.9121,5634231.0524,2946835.9462
2024/02/14 05:12:44.00,457990.2324,5634229.3279,2946840.2387
2024/02/14 05:12:45.00,457987.4908,5634227.4848,2946844.7027
2024/02/14 05:12:46.00,457984.9396,5634225.6407,2946849.3761
2024/02/14 05:12:47.00,457982.3798,5634223.6498,2946854.1976
2024/02/14 05:12:48.00,457979.7424,5634221.6746,2946859.0954
2024/02/14 05:12:49.00,457976.9443,5634219.5517,2946864.2225
2024/02/14 05:12:50.00,457973.892,5634217.3844,2946869.4899
2024/02/14 05:12:51.00,457970.7143,5634215.1922,2946874.8912
2024/02/14 05:12:52.00,457967.5414,5634212.9067,2946880.4766
2024/02/14 05:12:53.00,457964.2149,5634210.5664,2946886.2494
2024/02/14 05:12:54.00,457960.7776,5634208.1291,2946892.1422
2024/02/14 05:12:55.00,457957.2634,5634205.6673,2946898.1345
2024/02/14 05:12:56.00,457953.6815,5634203.1771,2946904.1581
2024/02/14 05:12:57.00,457950.0478,5634200.7306,2946910.2295
2024/02/14 05:12:58.00,457946.4102,5634198.2148,2946916.3006
2024/02/14 05:12:59.00,457942.7758,5634195.7399,2946922.3994
2024/02/14 05:13:00.00,457939.0706,5634193.2751,2946928.482
2024/02/14 05:13:01.00,457935.4212,5634190.704,2946934.598
2024/02/14 05:13:02.00,457931.8149,5634188.1242,2946940.7491
2024/02/14 05:13:03.00,457928.2241,5634185.5153,2946946.9496
2024/02/14 05:13:04.00,457924.5783,5634182.9372,2946953.1385
2024/02/14 05:13:05.00,457920.8784,5634180.3042,2946959.325
2024/02/14 05:13:06.00,457917.1374,5634177.6358,2946965.5195
2024/02/14 05:13:07.00,457913.3492,5634175.0156,2946971.7309
2024/02/14 05:13:08.00,457909.5493,5634172.3345,2946977.9531
2024/02/14 05:13:09.00,457905.7822,5634169.6095,2946984.2085
2024/02/14 05:13:10.00,457901.916,5634166.8313,2946990.5721
2024/02/14 05:13:11.00,457897.9554,5634164.0048,2946997.0937
2024/02/14 05:13:12.00,457893.9342,5634161.1586,2947003.6783
2024/02/14 05:13:13.00,457890.1649,5634158.3065,2947010.0758
2024/02/14 05:13:14.00,457886.5914,5634155.542,2947016.2435
2024/02/14 05:13:15.00,457882.9273,5634152.7733,2947022.4095
2024/02/14 05:13:16.00,457879.0709,5634149.9716,2947028.723
2024/02/14 05:13:17.00,457875.1585,5634147.0099,2947035.3087
2024/02/14 05:13:18.00,457871.0567,5634143.9034,2947042.1063
2024/02/14 05:13:19.00,457865.4297,5634147.2926,2947050.1189
2024/02/14 05:13:20.00,457859.9731,5634141.367,2947056.7021
2024/02/14 05:13:21.00,457855.9372,5634133.9927,2947064.4272
2024/02/14 05:13:22.00,457850.2552,5634134.0769,2947072.4764
2024/02/14 05:13:23.00,457847.6254,5634129.1277,2947083.2655
2024/02/14 05:13:24.00,457842.1576,5634122.0828,2947089.3041
2024/02/14 05:13:25.00,457834.4392,5634120.9622,2947098.3797
2024/02/14 05:13:26.00,457828.8916,5634116.7109,2947107.3473
2024/02/14 05:13:27.00,457823.2254,5634112.3635,2947116.4617
2024/02/14 05:13:28.00,457817.6581,5634109.2319,2947125.6159
2024/02/14 05:13:29.00,457814.1623,5634099.5519,2947134.74
2024/02/14 05:13:30.00,457806.1633,5634099.9762,2947144.6157
2024/02/14 05:13:31.00,457802.7358,5634091.4823,2947153.8417
2024/02/14 05:13:32.00,457797.1653,5634087.4171,2947162.8444
2024/02/14 05:13:33.00,457791.7864,5634083.5026,2947171.5321
2024/02/14 05:13:34.00,457786.7537,5634079.664,2947179.9203
2024/02/14 05:13:35.00,457782.2399,5634076.1134,2947187.7706
2024/02/14 05:13:36.00,457778.3238,5634072.7778,2947195.0127
2024/02/14 05:13:37.00,457774.8917,5634069.5427,2947201.8023
2024/02/14 05:13:38.00,457772.1223,5634066.3157,2947208.5097
2024/02/14 05:13:39.00,457769.6376,5634064.364,2947215.5626
2024/02/14 05:13:40.00,457769.0463,5634057.2391,2947220.6454
2024/02/14 05:13:41.00,457767.5811,5634056.8951,2947226.989
2024/02/14 05:13:42.00,457764.4008,5634058.7342,2947232.6958
2024/02/14 05:13:43.00,457766.1072,5634057.5702,2947238.898
2024/02/14 05:13:46.00,457758.6385,5634045.9769,2947254.8166
2024/02/14 05:13:47.00,457756.9456,5634042.5525,2947261.0945
2024/02/14 05:13:48.00,457754.9671,5634037.8079,2947267.3669
2024/02/14 05:13:49.00,457753.7093,5634035.0294,2947275.0067
2024/02/14 05:13:50.00,457752.0513,5634029.9507,2947281.9331
2024/02/14 05:13:51.00,457751.0321,5634027.6097,2947290.0837
2024/02/14 05:13:52.00,457752.1179,5634018.2168,2947297.6066
2024/02/14 05:13:53.00,457748.9533,5634023.3146,2947307.3195
2024/02/14 05:13:54.00,457747.2533,5634014.4269,2947313.9696
2024/02/14 05:13:55.00,457747.9704,5634005.4419,2947322.1641
2024/02/14 05:13:56.00,457744.7857,5634009.589,2947331.9744
2024/02/14 05:13:57.00,457743.2618,5634004.7571,2947340.7043
2024/02/14 05:13:58.00,457741.59,5633999.8373,2947349.6573
2024/02/14 05:13:59.00,457743.3431,5633994.0337,2947358.8976
2024/02/14 05:14:00.00,457737.247,5633981.976,2947365.2287
2024/02/14 05:14:01.00,457736.2756,5633978.7897,2947375.5344
2024/02/14 05:14:02.00,457735.5402,5633977.1907,2947387.3431
2024/02/14 05:14:03.00,457735.508,5633964.5977,2947396.1367
2024/02/14 05:14:04.00,457733.8755,5633959.8771,2947406.3886
2024/02/14 05:14:05.00,457732.2987,5633954.6048,2947416.5186
2024/02/14 05:14:06.00,457730.9467,5633949.1671,2947426.6725
2024/02/14 05:14:07.00,457729.703,5633943.2131,2947436.6586
2024/02/14 05:14:08.00,457728.6351,5633937.9355,2947446.946
2024/02/14 05:14:09.00,457727.8907,5633933.1353,2947457.25
2024/02/14 05:14:10.00,457727.5598,5633927.693,2947467.2155
2024/02/14 05:14:11.00,457727.2898,5633922.9574,2947476.9052
2024/02/14 05:14:12.00,457727.2566,5633918.2359,2947486.2335
2024/02/14 05:14:13.00,457725.8785,5633923.1721,2947496.7844
2024/02/14 05:14:14.00,457726.4872,5633918.8153,2947505.3941
2024/02/14 05:14:15.00,457727.3096,5633914.7803,2947513.4138
2024/02/14 05:14:16.00,457728.249,5633910.9969,2947520.9831
2024/02/14 05:14:17.00,457729.3944,5633907.3317,2947528.1861
2024/02/14 05:14:18.00,457730.3177,5633899.0778,2947534.1072
2024/02/14 05:14:19.00,457731.9361,5633895.4235,2947541.2131
2024/02/14 05:14:20.00,457734.3226,5633896.3563,2947549.5066
2024/02/14 05:14:21.00,457736.4545,5633892.6425,2947556.616
2024/02/14 05:14:22.00,457738.2981,5633884.2777,2947562.5478
2024/02/14 05:14:23.00,457741.5906,5633876.6329,2947569.6928
2024/02/14 05:14:24.00,457743.9872,5633881.3359,2947578.0534
2024/02/14 05:14:25.00,457748.6555,5633868.6686,2947583.8803
2024/02/14 05:14:26.00,457750.1725,5633873.6432,2947592.2535
2024/02/14 05:14:27.00,457753.3713,5633869.9415,2947599.0406
2024/02/14 05:14:28.00,457756.1791,5633862.0963,2947604.2576
2024/02/14 05:14:29.00,457759.5065,5633858.6369,2947610.5442
2024/02/14 05:14:30.00,457762.8133,5633855.2662,2947616.7333
2024/02/14 05:14:31.00,457768.2267,5633846.9875,2947622.4128
2024/02/14 05:14:32.00,457769.5027,5633853.5278,2947629.2806
2024/02/14 05:14:33.00,457773.9421,5633842.0635,2947632.4863
2024/02/14 05:14:34.00,457777.3795,5633835.547,2947636.0324
2024/02/14 05:14:35.00,457777.5845,5633846.4657,2947642.3626
2024/02/14 05:14:36.00,457781.8415,5633835.4123,2947644.935
2024/02/14 05:14:37.00,457784.0453,5633833.5842,2947648.0075
2024/02/14 05:14:38.00,457786.4512,5633829.8588,2947650.2356
2024/02/14 05:14:39.00,457788.3241,5633828.3935,2947652.8946
2024/02/14 05:14:40.00,457787.4604,5633833.6109,2947655.8034
2024/02/14 05:14:41.00,457788.9724,5633832.4092,2947657.9374
2024/02/14 05:14:42.00,457790.3529,5633831.3475,2947659.8608
2024/02/14 05:14:43.00,457794.0974,5633825.2037,2947661.5809
2024/02/14 05:14:44.00,457793.9939,5633833.3177,2947665.3803
2024/02/14 05:14:45.00,457795.7171,5633831.7984,2947668.1832
2024/02/14 05:14:46.00,457799.5031,5633821.4235,2947669.3008
2024/02/14 05:14:47.00,457800.2403,5633820.0193,2947672.1587
2024/02/14 05:14:48.00,457804.3893,5633815.4772,2947674.5615
2024/02/14 05:14:49.00,457806.6904,5633815.8349,2947678.4893
2024/02/14 05:14:50.00,457809.8997,5633811.4042,2947681.7005
2024/02/14 05:14:51.00,457812.8481,5633809.1109,2947685.7514
2024/02/14 05:14:52.00,457815.8806,5633806.8116,2947689.8532
2024/02/14 05:14:53.00,457818.7511,5633804.5447,2947693.7577
2024/02/14 05:14:54.00,457818.838,5633809.1078,2947697.7953
2024/02/14 05:14:55.00,457823.1933,5633803.0116,2947700.6018
2024/02/14 05:14:56.00,457825.1682,5633801.394,2947703.3708
2024/02/14 05:14:57.00,457827.0219,5633799.8908,2947705.9379
2024/02/14 05:14:58.00,457828.8093,5633798.4645,2947708.436
2024/02/14 05:14:59.00,457830.7372,5633796.9114,2947710.9626
2024/02/14 05:15:00.00,457832.7901,5633795.2051,2947713.8188
2024/02/14 05:15:01.00,457835.0794,5633792.8944,2947716.7338
2024/02/14 05:15:02.00,457837.1941,5633791.1133,2947719.6756
2024/02/14 05:15:03.00,457836.9949,5633794.2508,2947722.7738
2024/02/14 05:15:04.00,457841.0566,5633788.5296,2947725.3284
2024/02/14 05:15:05.00,457842.3273,5633786.8845,2947725.5697
2024/02/14 05:15:06.00,457844.3452,5633785.9386,2947730.1681
2024/02/14 05:15:07.00,457845.9192,5633784.084,2947732.2578
2024/02/14 05:15:08.00,457845.7516,5633791.8228,2947735.7877
2024/02/14 05:15:09.00,457847.2396,5633790.5131,2947737.9051
2024/02/14 05:15:10.00,457850.6506,5633779.6339,2947738.7077
2024/02/14 05:15:11.00,457850.0593,5633782.9914,2947741.4044
2024/02/14 05:15:12.00,457851.7198,5633781.8831,2947743.6831
2024/02/14 05:15:13.00,457855.6843,5633775.271,2947745.901
2024/02/14 05:15:14.00,457857.6185,5633773.5761,2947748.8862
2024/02/14 05:15:15.00,457857.6263,5633776.4431,2947752.5188
2024/02/14 05:15:16.00,457860.9912,5633770.4147,2947756.0212
2024/02/14 05:15:17.00,457865.3184,5633767.4157,2947759.2282
2024/02/14 05:15:18.00,457866.5522,5633774.6168,2947764.4475
2024/02/14 05:15:19.00,457870.1742,5633770.4095,2947768.5122
2024/02/14 05:15:20.00,457874.9583,5633758.3433,2947770.7832
2024/02/14 05:15:21.00,457878.1631,5633755.7508,2947775.1525
2024/02/14 05:15:22.00,457879.3977,5633762.5775,2947781.442
2024/02/14 05:15:23.00,457881.7482,5633757.2126,2947784.7279
2024/02/14 05:15:24.00,457887.4197,5633747.4418,2947788.4611
2024/02/14 05:15:25.00,457889.9543,5633747.4105,2947793.792
2024/02/14 05:15:26.00,457893.5448,5633742.2084,2947798.2417
2024/02/14 05:15:27.00,457894.8975,5633748.6314,2947805.1941
2024/02/14 05:15:28.00,457898.2493,5633745.5556,2947810.3609
2024/02/14 05:15:29.00,457903.3071,5633735.117,2947814.0507
2024/02/14 05:15:30.00,457904.7532,5633736.595,2947819.4709
2024/02/14 05:15:31.00,457910.6542,5633728.9372,2947824.2738
2024/02/14 05:15:32.00,457914.4693,5633725.783,2947829.4301
2024/02/14 05:15:33.00,457918.364,5633722.548,2947834.6276
2024/02/14 05:15:34.00,457922.4787,5633717.2885,2947839.5194
2024/02/14 05:15:35.00,457925.8723,5633716.17,2947845.1152
2024/02/14 05:15:36.00,457929.6907,5633712.9663,2947850.1893
2024/02/14 05:15:37.00,457933.5364,5633709.8267,2947855.2648
2024/02/14 05:15:38.00,457937.5514,5633706.559,2947860.3833
2024/02/14 05:15:39.00,457941.6443,5633703.2631,2947865.5913
2024/02/14 05:15:40.00,457945.99,5633699.7464,2947870.9666
2024/02/14 05:15:41.00,457950.5431,5633696.0316,2947876.658
2024/02/14 05:15:42.00,457955.2475,5633692.1024,2947882.77
2024/02/14 05:15:43.00,457957.7561,5633692.4713,2947889.5908
2024/02/14 05:15:44.00,457962.4782,5633688.5839,2947896.3737
2024/02/14 05:15:45.00,457969.3071,5633679.5301,2947902.9721
2024/02/14 05:15:46.00,457973.8517,5633675.4655,2947909.5752
2024/02/14 05:15:47.00,457978.1506,5633671.6698,2947915.7259
2024/02/14 05:15:48.00,457982.4719,5633667.8621,2947921.9375
2024/02/14 05:15:49.00,457984.6394,5633668.7223,2947928.752
2024/02/14 05:15:50.00,457988.8941,5633664.5839,2947935.6386
2024/02/14 05:15:51.00,457993.0438,5633660.3018,2947942.8648
2024/02/14 05:15:52.00,457999.1362,5633651.0825,2947950.1266
2024/02/14 05:15:53.00,458002.983,5633646.5231,2947957.8597
2024/02/14 05:15:54.00,458004.2684,5633646.8396,2947966.2271
2024/02/14 05:15:55.00,458009.4221,5633637.3676,2947974.2494
2024/02/14 05:15:56.00,458011.7828,5633632.6276,2947982.7913
2024/02/14 05:15:57.00,458011.4813,5633632.8865,2947991.7801
2024/02/14 05:15:58.00,458012.9759,5633628.2247,2948000.4979
2024/02/14 05:15:59.00,458014.2513,5633623.6754,2948009.2715
2024/02/14 05:16:00.00,458015.1838,5633619.108,2948018.0984
2024/02/14 05:16:01.00,458015.787,5633614.5116,2948026.9363
2024/02/14 05:16:02.00,458016.0827,5633609.9323,2948035.8579
2024/02/14 05:16:03.00,458016.2817,5633605.3627,2948044.8014
2024/02/14 05:16:04.00,458016.5154,5633600.8096,2948053.7641
2024/02/14 05:16:05.00,458018.9475,5633591.3094,2948062.445
2024/02/14 05:16:06.00,458016.9884,5633591.7566,2948071.7289
2024/02/14 05:16:07.00,458019.4568,5633582.4655,2948080.4572
2024/02/14 05:16:08.00,458019.2302,5633579.6232,2948090.099
2024/02/14 05:16:09.00,458017.587,5633578.0045,2948098.6969
2024/02/14 05:16:10.00,458019.5273,5633570.4628,2948108.1875
2024/02/14 05:16:11.00,458018.2962,5633573.4102,2948118.4027
2024/02/14 05:16:12.00,458020.4394,5633559.1082,2948125.6313
2024/02/14 05:16:13.00,458020.7568,5633554.3509,2948134.7605
2024/02/14 05:16:14.00,458020.8519,5633549.637,2948143.9555
2024/02/14 05:16:15.00,458018.6357,5633549.9015,2948153.4929
2024/02/14 05:16:16.00,458020.8629,5633540.1802,2948162.4261
2024/02/14 05:16:17.00,458020.9623,5633535.3655,2948171.6692
2024/02/14 05:16:18.00,458021.3693,5633530.472,2948180.9207
2024/02/14 05:16:19.00,458022.0989,5633525.4522,2948190.1039
2024/02/14 05:16:20.00,458023.2476,5633520.5408,2948199.0754
2024/02/14 05:16:21.00,458024.9944,5633515.5992,2948207.8098
2024/02/14 05:16:22.00,458027.1739,5633510.6829,2948216.3758
2024/02/14 05:16:23.00,458029.893,5633505.7546,2948224.7494
2024/02/14 05:16:24.00,458033.4528,5633498.7485,2948232.5606
2024/02/14 05:16:25.00,458037.2207,5633493.9202,2948240.5294
2024/02/14 05:16:26.00,458041.4522,5633491.3225,2948248.5379
2024/02/14 05:16:27.00,458046.9943,5633486.4575,2948255.6764
2024/02/14 05:16:28.00,458053.0849,5633481.6688,2948262.6286
2024/02/14 05:16:29.00,458059.9401,5633476.9986,2948269.2698
2024/02/14 05:16:30.00,458067.3816,5633472.4912,2948275.5951
2024/02/14 05:16:31.00,458075.1346,5633468.5276,2948281.2244
2024/02/14 05:16:32.00,458083.0519,5633464.6188,2948286.1226
2024/02/14 05:16:33.00,458091.3197,5633461.0966,2948290.5805
2024/02/14 05:16:34.00,458100.0307,5633457.7597,2948294.6539
2024/02/14 05:16:35.00,458108.9332,5633454.8412,2948298.2999
2024/02/14 05:16:36.00,458117.6812,5633452.0286,2948301.1064
2024/02/14 05:16:37.00,458125.9459,5633449.8159,2948303.294
2024/02/14 05:16:38.00,458133.9843,5633447.9215,2948304.8512
2024/02/14 05:16:39.00,458142.3079,5633446.223,2948305.9691
2024/02/14 05:16:40.00,458150.7679,5633444.7725,2948306.5927
2024/02/14 05:16:41.00,458158.964,5633443.6993,2948306.7222
2024/02/14 05:16:42.00,458167.0529,5633442.8211,2948306.3915
2024/02/14 05:16:43.00,458174.5069,5633442.2447,2948305.6393
2024/02/14 05:16:44.00,458181.3025,5633441.8215,2948304.7839
2024/02/14 05:16:45.00,458187.5335,5633441.4825,2948303.8887
2024/02/14 05:16:46.00,458193.4733,5633441.167,2948303.0516
2024/02/14 05:16:47.00,458198.3955,5633440.9477,2948302.5088
2024/02/14 05:16:48.00,458202.0251,5633442.3985,2948302.0422
2024/02/14 05:16:49.00,458205.27,5633447.6536,2948303.5114
2024/02/14 05:16:50.00,458211.3298,5633446.438,2948303.2699
2024/02/14 05:16:51.00,458215.5976,5633445.6282,2948302.3854
2024/02/14 05:16:52.00,458219.0279,5633448.9121,2948302.324
2024/02/14 05:16:53.00,458223.9371,5633440.4013,2948298.527
2024/02/14 05:16:54.00,458228.0679,5633440.3603,2948297.9144
2024/02/14 05:16:55.00,458231.9991,5633440.2967,2948297.3794
2024/02/14 05:16:56.00,458235.7264,5633440.2317,2948296.8339
2024/02/14 05:16:57.00,458238.8956,5633440.2558,2948296.3393
2024/02/14 05:16:58.00,458241.061,5633440.27,2948295.9702
2024/02/14 05:16:59.00,458242.4439,5633440.279,2948295.7221
2024/02/14 05:17:00.00,458243.1637,5633440.2859,2948295.5919
2024/02/14 05:17:01.00,458243.8,5633440.2931,2948295.477
2024/02/14 05:17:02.00,458244.3476,5633440.2998,2948295.3867
2024/02/14 05:17:03.00,458244.7245,5633440.3088,2948295.3288
2024/02/14 05:17:04.00,458242.8702,5633445.2938,2948295.5874
2024/02/14 05:17:05.00,458245.379,5633440.3104,2948295.2193
2024/02/14 05:17:06.00,458245.9237,5633440.314,2948295.1332
2024/02/14 05:17:07.00,458244.8631,5633445.3098,2948295.2869
2024/02/14 05:17:08.00,458248.6208,5633440.2972,2948294.7255
2024/02/14 05:17:09.00,458250.3599,5633440.2676,2948294.4601
2024/02/14 05:17:10.00,458252.329,5633440.2862,2948294.1324
2024/02/14 05:17:11.00,458252.7055,5633445.2914,2948294.012
2024/02/14 05:17:12.00,458258.1606,5633440.2854,2948293.1525
2024/02/14 05:17:13.00,458259.7446,5633445.2784,2948292.8689
2024/02/14 05:17:14.00,458263.6613,5633445.3064,2948292.2435
2024/02/14 05:17:15.00,458269.6927,5633440.3481,2948291.2516
2024/02/14 05:17:16.00,458273.7365,5633440.4059,2948290.4716
2024/02/14 05:17:17.00,458278.2445,5633440.4557,2948289.7196
2024/02/14 05:17:18.00,458283.2,5633440.5189,2948288.9536
2024/02/14 05:17:19.00,458288.4972,5633440.4694,2948288.1224
2024/02/14 05:17:20.00,458293.7958,5633440.455,2948287.3032
2024/02/14 05:17:21.00,458298.8132,5633440.4987,2948286.4847
2024/02/14 05:17:22.00,458303.1343,5633440.4793,2948285.7023
2024/02/14 05:17:23.00,458306.3395,5633440.4559,2948285.1326
2024/02/14 05:17:24.00,458308.5806,5633440.4484,2948284.7244
2024/02/14 05:17:25.00,458309.7186,5633440.4555,2948284.5195
2024/02/14 05:17:26.00,458310.2873,5633440.4553,2948284.4083
2024/02/14 05:17:27.00,458310.8988,5633440.4812,2948284.2885
2024/02/14 05:17:28.00,458311.8327,5633440.5206,2948284.0792
2024/02/14 05:17:29.00,458313.1989,5633440.6061,2948283.7029
2024/02/14 05:17:30.00,458314.8277,5633440.7013,2948283.2583
2024/02/14 05:17:31.00,458317.1114,5633440.8239,2948282.63
2024/02/14 05:17:32.00,458320.2418,5633440.8742,2948282.0756
2024/02/14 05:17:33.00,458324.0238,5633440.8754,2948281.4757
2024/02/14 05:17:34.00,458327.844,5633440.8359,2948280.9861
2024/02/14 05:17:35.00,458331.5279,5633440.7793,2948280.629
2024/02/14 05:17:36.00,458335.3106,5633440.636,2948280.267
2024/02/14 05:17:37.00,458339.2882,5633440.6127,2948279.8471
2024/02/14 05:17:38.00,458343.2828,5633440.5968,2948279.3211
2024/02/14 05:17:39.00,458347.1571,5633440.5794,2948278.7675
2024/02/14 05:17:40.00,458351.0526,5633440.5617,2948278.2131
2024/02/14 05:17:41.00,458355.3027,5633440.5358,2948277.6507
2024/02/14 05:17:42.00,458360.0082,5633440.4652,2948277.0821
2024/02/14 05:17:43.00,458365.1004,5633440.3946,2948276.4539
2024/02/14 05:17:44.00,458370.3431,5633440.3828,2948275.705
2024/02/14 05:17:45.00,458375.5615,5633440.3323,2948274.8838
2024/02/14 05:17:46.00,458380.5714,5633440.3811,2948274.1298
2024/02/14 05:17:47.00,458385.319,5633440.3911,2948273.2881
2024/02/14 05:17:48.00,458389.763,5633440.505,2948272.5166
2024/02/14 05:17:49.00,458393.9834,5633440.5381,2948271.7901
2024/02/14 05:17:50.00,458398.0584,5633440.5517,2948271.0851
2024/02/14 05:17:51.00,458402.0767,5633440.4734,2948270.5261
2024/02/14 05:17:52.00,458406.1571,5633440.4622,2948270.012
2024/02/14 05:17:53.00,458410.1867,5633440.4084,2948269.4968
2024/02/14 05:17:54.00,458413.9529,5633440.4008,2948268.9552
2024/02/14 05:17:55.00,458417.3588,5633440.4052,2948268.4137
2024/02/14 05:17:56.00,458420.2979,5633440.3682,2948267.8925
2024/02/14 05:17:57.00,458422.9979,5633440.406,2948267.5282
2024/02/14 05:17:58.00,458425.4783,5633440.3559,2948267.2328
2024/02/14 05:17:59.00,458427.5728,5633440.3031,2948266.9679
2024/02/14 05:18:00.00,458428.9504,5633440.2929,2948266.7948
2024/02/14 05:18:01.00,458429.7296,5633440.2903,2948266.6827
2024/02/14 05:18:02.00,458430.4533,5633440.2808,2948266.5844
2024/02/14 05:18:03.00,458431.1491,5633440.2585,2948266.4864
2024/02/14 05:18:04.00,458432.0775,5633440.2524,2948266.3762
2024/02/14 05:18:05.00,458433.3701,5633440.1781,2948266.1817
2024/02/14 05:18:06.00,458434.6275,5633440.2336,2948266.0121
2024/02/14 05:18:07.00,458435.6626,5633440.2357,2948265.8561
2024/02/14 05:18:08.00,458436.0237,5633440.2226,2948265.7974
2024/02/14 05:18:09.00,458436.0199,5633440.223,2948265.7983
2024/02/14 05:18:10.00,458436.02,5633440.2207,2948265.8007
2024/02/14 05:18:11.00,458436.0225,5633440.2192,2948265.7975
2024/02/14 05:18:12.00,458436.0544,5633440.2205,2948265.793
2024/02/14 05:18:13.00,458436.3684,5633440.2203,2948265.7429
2024/02/14 05:18:14.00,458437.2227,5633440.228,2948265.601
2024/02/14 05:18:15.00,458437.8277,5633440.2294,2948265.5027
2024/02/14 05:18:16.00,458438.0346,5633440.231,2948265.4648
2024/02/14 05:18:17.00,458438.0389,5633440.234,2948265.4654
2024/02/14 05:18:18.00,458438.0775,5633440.2356,2948265.457
2024/02/14 05:18:19.00,458438.2626,5633440.2354,2948265.4286
2024/02/14 05:18:20.00,458438.6767,5633440.2306,2948265.3449
2024/02/14 05:18:21.00,458439.0964,5633440.2291,2948265.271
2024/02/14 05:18:22.00,458439.4545,5633440.2447,2948265.2151
2024/02/14 05:18:23.00,458439.5858,5633440.2363,2948265.183
2024/02/14 05:18:24.00,458439.7032,5633440.2309,2948265.163
2024/02/14 05:18:25.00,458439.939,5633440.2409,2948265.123
2024/02/14 05:18:26.00,458440.563,5633440.2445,2948265.0212
2024/02/14 05:18:27.00,458441.7525,5633440.2564,2948264.8158
2024/02/14 05:18:28.00,458443.1999,5633440.2715,2948264.5792
2024/02/14 05:18:29.00,458444.6172,5633440.263,2948264.338
2024/02/14 05:18:30.00,458445.9106,5633440.2756,2948264.138
2024/02/14 05:18:31.00,458447.0933,5633440.2909,2948263.9602
2024/02/14 05:18:32.00,458448.1653,5633440.2966,2948263.7882
2024/02/14 05:18:33.00,458448.9983,5633440.3134,2948263.6756
2024/02/14 05:18:34.00,458449.75,5633440.3067,2948263.556
2024/02/14 05:18:35.00,458450.7146,5633440.3231,2948263.4284
2024/02/14 05:18:36.00,458451.9582,5633440.3105,2948263.2387
2024/02/14 05:18:37.00,458453.0355,5633440.3245,2948263.0951
2024/02/14 05:18:38.00,458453.7129,5633440.3067,2948262.9969
2024/02/14 05:18:39.00,458454.3013,5633440.3192,2948262.926
2024/02/14 05:18:40.00,458454.8446,5633440.3124,2948262.8612
2024/02/14 05:18:41.00,458455.3217,5633440.3032,2948262.8008
2024/02/14 05:18:42.00,458455.7698,5633440.2969,2948262.7579
2024/02/14 05:18:43.00,458456.4163,5633440.2965,2948262.676
2024/02/14 05:18:44.00,458457.5118,5633440.2705,2948262.5146
2024/02/14 05:18:45.00,458458.985,5633440.268,2948262.3455
2024/02/14 05:18:46.00,458460.4968,5633440.2391,2948262.1541
2024/02/14 05:18:47.00,458462.2217,5633440.2197,2948261.967
2024/02/14 05:18:48.00,458464.0646,5633440.2142,2948261.7347
2024/02/14 05:18:49.00,458464.7089,5633447.9983,2948263.1121
2024/02/14 05:18:50.00,458467.4385,5633443.1122,2948261.732
2024/02/14 05:18:51.00,458470.0885,5633440.2313,2948260.8382
2024/02/14 05:18:52.00,458471.531,5633441.7773,2948260.7121
2024/02/14 05:18:53.00,458472.1575,5633448.0601,2948261.9623
2024/02/14 05:18:54.00,458472.9796,5633448.0855,2948261.8336
2024/02/14 05:18:55.00,458473.3221,5633449.519,2948262.0283
2024/02/14 05:18:56.00,458474.6978,5633442.5948,2948260.7563
2024/02/14 05:18:57.00,458475.822,5633440.0823,2948260.2279
2024/02/14 05:18:58.00,458476.9662,5633442.5919,2948260.4762
2024/02/14 05:18:59.00,458478.7892,5633443.2045,2948260.1218
2024/02/14 05:19:00.00,458480.7137,5633442.436,2948260.1195
2024/02/14 05:19:01.00,458483.7091,5633440.0387,2948259.0871
2024/02/14 05:19:02.00,458486.618,5633440.0092,2948258.8539
2024/02/14 05:19:03.00,458489.7269,5633442.2771,2948259.2988
2024/02/14 05:19:04.00,458494.392,5633442.8176,2948258.1147
2024/02/14 05:19:05.00,458498.6595,5633439.6218,2948258.4135
2024/02/14 05:19:06.00,458502.2325,5633441.7338,2948258.8709
2024/02/14 05:19:07.00,458506.7863,5633439.5584,2948258.5348
2024/02/14 05:19:08.00,458511.4281,5633439.4017,2948258.4718
2024/02/14 05:19:09.00,458515.8723,5633440.2354,2948258.648
2024/02/14 05:19:10.00,458521.0385,5633439.8863,2948258.8286
2024/02/14 05:19:11.00,458526.6242,5633440.7118,2948258.8527
2024/02/14 05:19:12.00,458531.2531,5633439.5001,2948260.3628
2024/02/14 05:19:13.00,458535.9281,5633438.3123,2948260.4783
2024/02/14 05:19:14.00,458540.2809,5633437.6955,2948261.3071
2024/02/14 05:19:15.00,458545.0821,5633435.1402,2948261.9145
2024/02/14 05:19:16.00,458549.362,5633434.5517,2948262.7376
2024/02/14 05:19:17.00,458553.4894,5633433.9202,2948263.6293
2024/02/14 05:19:18.00,458556.7056,5633435.189,2948264.7813
2024/02/14 05:19:19.00,458560.7486,5633433.4627,2948265.5855
2024/02/14 05:19:20.00,458563.8826,5633434.6837,2948267.2331
2024/02/14 05:19:21.00,458567.322,5633433.287,2948267.6823
2024/02/14 05:19:22.00,458570.5799,5633433.2625,2948269.2557
2024/02/14 05:19:23.00,458573.6754,5633432.7398,2948270.1792
2024/02/14 05:19:24.00,458576.763,5633431.4613,2948270.5372
2024/02/14 05:19:25.00,458579.5737,5633430.8428,2948271.4899
2024/02/14 05:19:26.00,458581.9059,5633430.3599,2948272.3316
2024/02/14 05:19:27.00,458584.1248,5633429.8689,2948273.1653
2024/02/14 05:19:28.00,458586.7808,5633429.6631,2948274.6689
2024/02/14 05:19:29.00,458589.3634,5633428.7226,2948275.3093
2024/02/14 05:19:30.00,458591.7312,5633429.0567,2948276.5771
2024/02/14 05:19:31.00,458594.3166,5633427.3326,2948277.5519
2024/02/14 05:19:32.00,458596.6398,5633426.6842,2948278.7044
2024/02/14 05:19:33.00,458598.9671,5633426.0374,2948279.7786
2024/02/14 05:19:34.00,458600.4538,5633431.6935,2948282.3239
2024/02/14 05:19:35.00,458603.1346,5633424.8439,2948281.9084
2024/02/14 05:19:36.00,458605.0181,5633424.2455,2948282.9443
2024/02/14 05:19:37.00,458607.7035,5633432.1277,2948284.2305
2024/02/14 05:19:38.00,458608.7256,5633428.2008,2948286.6698
2024/02/14 05:19:39.00,458611.9422,5633430.7281,2948286.7518
2024/02/14 05:19:40.00,458612.5837,5633426.9129,2948289.0295
2024/02/14 05:19:41.00,458615.3889,5633429.5737,2948288.8872
2024/02/14 05:19:42.00,458616.3179,5633420.8292,2948290.1318
2024/02/14 05:19:43.00,458617.7855,5633420.3079,2948291.0747
2024/02/14 05:19:44.00,458619.8076,5633427.9691,2948291.7501
2024/02/14 05:19:45.00,458620.7845,5633419.1621,2948293.1351
2024/02/14 05:19:46.00,458623.042,5633426.7307,2948293.978
2024/02/14 05:19:47.00,458624.5184,5633426.1699,2948295.0067
2024/02/14 05:19:48.00,458625.6055,5633425.7374,2948295.7913
2024/02/14 05:19:49.00,458626.3246,5633425.4542,2948296.2927
2024/02/14 05:19:50.00,458625.6071,5633422.0741,2948297.7819
2024/02/14 05:19:51.00,458626.4839,5633421.709,2948298.4277
2024/02/14 05:19:52.00,458628.9587,5633424.3757,2948298.2642
2024/02/14 05:19:53.00,458630.4931,5633423.7352,2948299.4381
2024/02/14 05:19:54.00,458631.6266,5633415.3018,2948301.1014
2024/02/14 05:19:55.00,458633.8688,5633422.3637,2948302.0077
2024/02/14 05:19:56.00,458635.6243,5633421.6564,2948303.3168
2024/02/14 05:19:57.00,458636.7789,5633412.7424,2948304.9315
2024/02/14 05:19:58.00,458638.5709,5633412.0232,2948306.2606
2024/02/14 05:19:59.00,458639.7929,5633416.2704,2948308.5072
2024/02/14 05:20:00.00,458642.2162,5633410.6285,2948308.9937
2024/02/14 05:20:01.00,458643.987,5633409.7428,2948310.4691
2024/02/14 05:20:02.00,458645.1372,5633413.9955,2948312.7208
2024/02/14 05:20:03.00,458647.3272,5633408.3749,2948313.1739
2024/02/14 05:20:04.00,458648.2216,5633412.6452,2948315.2077
2024/02/14 05:20:05.00,458650.2415,5633407.1149,2948315.4855
2024/02/14 05:20:06.00,458651.1625,5633406.7312,2948316.196
2024/02/14 05:20:07.00,458651.9484,5633406.4122,2948316.7948
2024/02/14 05:20:08.00,458652.6958,5633406.1008,2948317.3728
2024/02/14 05:20:09.00,458653.5211,5633405.7515,2948318.0275
2024/02/14 05:20:10.00,458654.3956,5633405.2933,2948318.7104
2024/02/14 05:20:11.00,458655.2675,5633404.9915,2948319.4476
2024/02/14 05:20:12.00,458656.0657,5633404.6406,2948320.1122
2024/02/14 05:20:13.00,458656.9359,5633404.2738,2948320.8234
2024/02/14 05:20:14.00,458657.6827,5633403.8765,2948321.4113
2024/02/14 05:20:15.00,458658.4865,5633403.5977,2948322.1084
2024/02/14 05:20:16.00,458659.3062,5633403.2341,2948322.7983
2024/02/14 05:20:17.00,458660.2774,5633402.8225,2948323.5678
2024/02/14 05:20:18.00,458661.3296,5633402.3766,2948324.4131
2024/02/14 05:20:19.00,458662.4199,5633401.9171,2948325.2822
2024/02/14 05:20:20.00,458663.5089,5633401.4528,2948326.1894
2024/02/14 05:20:21.00,458664.6296,5633400.997,2948327.0692
2024/02/14 05:20:22.00,458665.7525,5633400.5403,2948327.9569
2024/02/14 05:20:23.00,458666.8267,5633400.0938,2948328.7859
2024/02/14 05:20:24.00,458667.8132,5633399.6859,2948329.5641
2024/02/14 05:20:25.00,458668.9023,5633399.1942,2948330.4583
2024/02/14 05:20:26.00,458670.1019,5633398.6628,2948331.4129
2024/02/14 05:20:27.00,458671.2234,5633398.1615,2948332.3506
2024/02/14 05:20:28.00,458672.1524,5633397.6715,2948333.0954
2024/02/14 05:20:29.00,458673.0459,5633397.3591,2948333.8529
2024/02/14 05:20:30.00,458673.7842,5633397.0357,2948334.4844
2024/02/14 05:20:31.00,458674.4734,5633396.6979,2948335.113
2024/02/14 05:20:32.00,458675.1743,5633396.3664,2948335.7305
2024/02/14 05:20:33.00,458675.8845,5633396.047,2948336.3461
2024/02/14 05:20:34.00,458676.5544,5633395.7405,2948336.9476
2024/02/14 05:20:35.00,458677.2433,5633395.4269,2948337.5465
2024/02/14 05:20:36.00,458678.0706,5633395.0427,2948338.2456
2024/02/14 05:20:37.00,458679.0914,5633394.5825,2948339.089
2024/02/14 05:20:38.00,458680.0664,5633394.1559,2948339.8801
2024/02/14 05:20:39.00,458680.8834,5633393.7987,2948340.5345
2024/02/14 05:20:40.00,458681.8625,5633393.3874,2948341.275
2024/02/14 05:20:41.00,458682.9198,5633392.9557,2948342.0878
2024/02/14 05:20:42.00,458683.8533,5633392.5729,2948342.8027
2024/02/14 05:20:43.00,458684.6224,5633392.2359,2948343.4132
2024/02/14 05:20:44.00,458685.3066,5633391.933,2948343.967
2024/02/14 05:20:45.00,458685.8804,5633391.6806,2948344.4348
2024/02/14 05:20:46.00,458686.158,5633391.557,2948344.6692
2024/02/14 05:20:47.00,458686.6312,5633391.3456,2948345.0753
2024/02/14 05:20:48.00,458687.4978,5633390.948,2948345.7978
2024/02/14 05:20:49.00,458688.4457,5633390.5079,2948346.6264
2024/02/14 05:20:50.00,458689.4403,5633390.0505,2948347.478
2024/02/14 05:20:51.00,458690.5223,5633389.5282,2948348.4335
2024/02/14 05:20:52.00,458691.512,5633389.0558,2948349.2968
2024/02/14 05:20:53.00,458692.1982,5633388.7595,2948349.8628
2024/02/14 05:20:54.00,458692.5344,5633388.6226,2948350.1354
2024/02/14 05:20:55.00,458692.9075,5633388.4513,2948350.4499
2024/02/14 05:20:56.00,458693.7448,5633388.0722,2948351.14
2024/02/14 05:20:57.00,458694.5736,5633387.7003,2948351.8498
2024/02/14 05:20:58.00,458695.4987,5633387.2573,2948352.6429
2024/02/14 05:20:59.00,458696.4961,5633386.7971,2948353.5161
2024/02/14 05:21:00.00,458697.7018,5633386.2466,2948354.5525
2024/02/14 05:21:01.00,458699.112,5633385.6006,2948355.7359
2024/02/14 05:21:02.00,458700.7314,5633384.871,2948357.0876
2024/02/14 05:21:03.00,458702.4952,5633384.0728,2948358.5186
2024/02/14 05:21:04.00,458704.222,5633383.2778,2948360.0163
2024/02/14 05:21:05.00,458705.8694,5633382.5043,2948361.4251
2024/02/14 05:21:06.00,458707.1572,5633381.9059,2948362.513
2024/02/14 05:21:07.00,458708.0059,5633381.5486,2948363.1716
2024/02/14 05:21:08.00,458708.5696,5633381.3041,2948363.6173
2024/02/14 05:21:09.00,458709.2246,5633381.0359,2948364.0988
2024/02/14 05:21:10.00,458709.6837,5633380.8545,2948364.4408
2024/02/14 05:21:11.00,458710.4318,5633380.5338,2948365.0169
2024/02/14 05:21:12.00,458711.4868,5633380.0815,2948365.8191
2024/02/14 05:21:13.00,458712.6837,5633379.5772,2948366.7511
2024/02/14 05:21:14.00,458714.0866,5633378.9763,2948367.8092
2024/02/14 05:21:15.00,458715.7785,5633378.2918,2948369.0626
2024/02/14 05:21:16.00,458717.7812,5633377.4553,2948370.5587
2024/02/14 05:21:17.00,458719.5992,5633376.6767,2948371.9356
2024/02/14 05:21:18.00,458721.1129,5633376.0285,2948373.1195
2024/02/14 05:21:19.00,458722.9944,5633375.1961,2948374.6078
2024/02/14 05:21:20.00,458725.4342,5633374.0866,2948376.5858
2024/02/14 05:21:21.00,458728.4541,5633372.6965,2948379.0966
2024/02/14 05:21:22.00,458731.9115,5633368.4851,2948380.9947
2024/02/14 05:21:23.00,458735.1596,5633367.0719,2948383.7477
2024/02/14 05:21:24.00,458737.8536,5633368.4762,2948387.063
2024/02/14 05:21:25.00,458740.9491,5633364.5177,2948388.5525
2024/02/14 05:21:26.00,458743.4625,5633366.6317,2948391.6087
2024/02/14 05:21:27.00,458746.898,5633364.527,2948394.5216
2024/02/14 05:21:28.00,458750.3548,5633362.997,2948397.3354
2024/02/14 05:21:29.00,458754.2169,5633361.295,2948400.4749
2024/02/14 05:21:30.00,458758.2607,5633360.0355,2948403.8236
2024/02/14 05:21:31.00,458763.154,5633357.032,2948408.433
2024/02/14 05:21:32.00,458767.8608,5633355.179,2948412.8531
2024/02/14 05:21:33.00,458773.3514,5633351.8596,2948418.0857
2024/02/14 05:21:34.00,458778.908,5633349.2501,2948422.9876
2024/02/14 05:21:35.00,458784.6474,5633346.6428,2948427.8607
2024/02/14 05:21:36.00,458790.5392,5633344.0419,2948432.653
2024/02/14 05:21:37.00,458796.7282,5633338.7589,2948436.5403
2024/02/14 05:21:38.00,458802.5018,5633338.8617,2948442.0084
2024/02/14 05:21:39.00,458807.5049,5633343.7057,2948447.7353
2024/02/14 05:21:40.00,458814.4398,5633331.6461,2948449.7244
2024/02/14 05:21:41.00,458819.8656,5633329.5498,2948453.4583
2024/02/14 05:21:42.00,458824.9575,5633327.6398,2948456.7706
2024/02/14 05:21:43.00,458828.6583,5633335.4507,2948462.3998
2024/02/14 05:21:44.00,458833.4416,5633333.2495,2948466.13
2024/02/14 05:21:45.00,458838.9554,5633323.7034,2948468.9872
2024/02/14 05:21:46.00,458842.7244,5633321.8621,2948473.2071
2024/02/14 05:21:47.00,458845.5636,5633319.2566,2948478.0507
2024/02/14 05:21:48.00,458847.2453,5633316.0407,2948483.125
2024/02/14 05:21:49.00,458847.489,5633313.8394,2948487.508
2024/02/14 05:21:50.00,458847.0848,5633312.1588,2948491.2121
2024/02/14 05:21:51.00,458846.5664,5633310.8108,2948493.681
2024/02/14 05:21:52.00,458846.1326,5633309.9219,2948495.5559
2024/02/14 05:21:53.00,458845.8837,5633306.5172,2948496.5098
2024/02/14 05:21:54.00,458844.8802,5633308.1401,2948499.5536
2024/02/14 05:21:55.00,458844.0933,5633304.3623,2948501.2648
2024/02/14 05:21:56.00,458842.6509,5633305.7337,2948504.8403
2024/02/14 05:21:57.00,458841.3153,5633304.447,2948507.658
2024/02/14 05:21:58.00,458839.8925,5633303.2419,2948510.5416
2024/02/14 05:21:59.00,458837.5348,5633309.2799,2948514.9034
2024/02/14 05:22:00.00,458837.0609,5633300.7209,2948516.6031
2024/02/14 05:22:01.00,458835.6083,5633299.2021,2948519.655
2024/02/14 05:22:02.00,458833.1599,5633305.2261,2948524.1587
2024/02/14 05:22:03.00,458832.7914,5633296.5701,2948525.5511
2024/02/14 05:22:04.00,458831.6594,5633295.5782,2948527.8245
2024/02/14 05:22:05.00,458830.7065,5633294.7074,2948529.7238
2024/02/14 05:22:06.00,458829.9287,5633294.0169,2948531.2942
2024/02/14 05:22:07.00,458829.2996,5633293.467,2948532.5359
2024/02/14 05:22:08.00,458828.6212,5633292.8513,2948533.917
2024/02/14 05:22:09.00,458827.9065,5633292.2197,2948535.3789
2024/02/14 05:22:10.00,458827.2014,5633291.565,2948536.8356
2024/02/14 05:22:11.00,458826.6235,5633291.0429,2948538.0152
2024/02/14 05:22:12.00,458826.2217,5633290.6754,2948538.9965
2024/02/14 05:22:13.00,458825.8554,5633290.3119,2948539.6354
2024/02/14 05:22:14.00,458825.5981,5633290.1399,2948540.2691
2024/02/14 05:22:15.00,458825.1412,5633289.7277,2948541.2057
2024/02/14 05:22:16.00,458824.4264,5633289.0766,2948542.6097
2024/02/14 05:22:17.00,458823.6479,5633288.3434,2948544.1685
2024/02/14 05:22:18.00,458822.8832,5633287.6185,2948545.6119
2024/02/14 05:22:19.00,458822.2561,5633287.0054,2948547.0744
2024/02/14 05:22:20.00,458821.6228,5633286.3749,2948548.2902
2024/02/14 05:22:21.00,458820.9636,5633285.8031,2948549.7307
2024/02/14 05:22:22.00,458820.1425,5633285.0294,2948551.4264
2024/02/14 05:22:23.00,458819.3235,5633284.2198,2948553.1838
2024/02/14 05:22:24.00,458818.5835,5633283.4985,2948554.7414
2024/02/14 05:22:25.00,458817.8368,5633282.7644,2948556.3391
2024/02/14 05:22:26.00,458817.0929,5633282.0596,2948557.8751
2024/02/14 05:22:27.00,458816.3389,5633281.7033,2948559.1186
2024/02/14 05:22:28.00,458815.7748,5633281.2474,2948560.1329
2024/02/14 05:22:29.00,458815.2765,5633280.8698,2948560.9983
2024/02/14 05:22:30.00,458814.63,5633280.3752,2948562.0681
2024/02/14 05:22:31.00,458813.9574,5633279.6793,2948563.3307
2024/02/14 05:22:32.00,458813.149,5633279.3257,2948564.438
2024/02/14 05:22:33.00,458812.5468,5633278.6881,2948565.6288
2024/02/14 05:22:34.00,458811.8618,5633278.1931,2948566.7421
2024/02/14 05:22:35.00,458811.1246,5633278.0084,2948567.7731
2024/02/14 05:22:36.00,458810.4044,5633277.3546,2948568.9022
2024/02/14 05:22:37.00,458809.6973,5633276.6415,2948570.253
2024/02/14 05:22:38.00,458807.9724,5633283.3848,2948572.7714
2024/02/14 05:22:39.00,458808.1227,5633275.124,2948572.1648
2024/02/14 05:22:40.00,458807.3403,5633275.6991,2948573.5164
2024/02/14 05:22:41.00,458806.925,5633274.3949,2948574.9322
2024/02/14 05:22:42.00,458805.4922,5633281.4447,2948577.0962
2024/02/14 05:22:43.00,458806.1064,5633273.8486,2948576.3068
2024/02/14 05:22:44.00,458805.8654,5633273.6648,2948576.9937
2024/02/14 05:22:45.00,458804.5934,5633278.1082,2948580.1989
2024/02/14 05:22:46.00,458803.8958,5633277.4641,2948581.5166
2024/02/14 05:22:47.00,458802.2811,5633273.9105,2948579.2433
2024/02/14 05:22:48.00,458803.2904,5633271.3318,2948582.0403
2024/02/14 05:22:49.00,458803.7038,5633275.6252,2948582.5713
2024/02/14 05:22:50.00,458801.8926,5633269.5982,2948585.4224
2024/02/14 05:22:51.00,458798.6763,5633273.4933,2948586.1801
2024/02/14 05:22:52.00,458800.6031,5633267.8624,2948586.9257
2024/02/14 05:22:53.00,458800.2325,5633266.7993,2948589.672
2024/02/14 05:22:54.00,458799.6344,5633266.9211,2948591.7427
2024/02/14 05:22:55.00,458799.1957,5633265.4037,2948592.8095
2024/02/14 05:22:56.00,458798.7221,5633264.7505,2948594.1609
2024/02/14 05:22:57.00,458798.5922,5633266.1204,2948595.7074
2024/02/14 05:22:58.00,458798.0084,5633264.2264,2948596.7977
2024/02/14 05:22:59.00,458796.7339,5633271.3087,2948599.2276
2024/02/14 05:23:00.00,458797.3101,5633263.3811,2948599.1725
2024/02/14 05:23:01.00,458796.9418,5633262.716,2948600.5995
2024/02/14 05:23:02.00,458795.7497,5633269.3353,2948603.1365
2024/02/14 05:23:03.00,458795.4965,5633268.957,2948603.9972
2024/02/14 05:23:04.00,458796.189,5633261.4521,2948603.3132
2024/02/14 05:23:05.00,458795.8647,5633260.7683,2948603.8669
2024/02/14 05:23:06.00,458795.5336,5633260.3993,2948605.529
2024/02/14 05:23:07.00,458795.2209,5633259.8674,2948606.5875
2024/02/14 05:23:08.00,458795.0108,5633259.5811,2948607.3045
2024/02/14 05:23:09.00,458794.9758,5633259.5226,2948607.4217
2024/02/14 05:23:10.00,458794.9727,5633259.5266,2948607.4237
2024/02/14 05:23:11.00,458794.9749,5633259.521,2948607.4214
2024/02/14 05:23:12.00,458794.9765,5633259.5282,2948607.4221
2024/02/14 05:23:13.00,458794.9802,5633259.5324,2948607.4294
2024/02/14 05:23:14.00,458795.0077,5633259.6993,2948607.4729
2024/02/14 05:23:15.00,458795.0089,5633259.5739,2948607.4611
2024/02/14 05:23:16.00,458795.0071,5633259.7019,2948607.4758
2024/02/14 05:23:17.00,458794.9833,5633259.5296,2948607.4304
2024/02/14 05:23:18.00,458794.9825,5633259.5314,2948607.4279
2024/02/14 05:23:19.00,458794.984,5633259.5272,2948607.4291
2024/02/14 05:23:20.00,458794.9838,5633259.5324,2948607.4199
2024/02/14 05:23:21.00,458794.9741,5633259.5093,2948607.4572
2024/02/14 05:23:22.00,458794.0127,5633266.4953,2948609.1016
2024/02/14 05:23:23.00,458794.7424,5633259.1415,2948608.2385
2024/02/14 05:23:24.00,458794.6459,5633258.9565,2948608.6057
2024/02/14 05:23:25.00,458793.7074,5633266.0303,2948610.1472
2024/02/14 05:23:26.00,458794.6043,5633258.8917,2948608.7679
2024/02/14 05:23:27.00,458794.5638,5633258.8318,2948608.9099
2024/02/14 05:23:28.00,458794.4251,5633258.5736,2948609.4052
2024/02/14 05:23:29.00,458794.2972,5633258.3521,2948609.862
2024/02/14 05:23:30.00,458794.2582,5633258.2839,2948610.0155
2024/02/14 05:23:31.00,458794.2565,5633258.278,2948610.018
2024/02/14 05:23:32.00,458794.2557,5633258.2759,2948610.0195
2024/02/14 05:23:33.00,458794.2564,5633258.2778,2948610.0191
2024/02/14 05:23:34.00,458794.2629,5633258.2933,2948609.9927
2024/02/14 05:23:35.00,458794.2395,5633258.2469,2948610.0841
2024/02/14 05:23:36.00,458794.1015,5633258.0005,2948610.5939
2024/02/14 05:23:37.00,458793.8756,5633257.6162,2948611.3823
2024/02/14 05:23:38.00,458793.656,5633257.2538,2948612.1501
2024/02/14 05:23:39.00,458793.417,5633256.8681,2948612.9522
2024/02/14 05:23:40.00,458793.1529,5633256.4735,2948613.7814
2024/02/14 05:23:41.00,458792.8808,5633256.0674,2948614.6306
2024/02/14 05:23:42.00,458792.6063,5633255.6562,2948615.4688
2024/02/14 05:23:43.00,458792.3275,5633255.2562,2948616.3033
2024/02/14 05:23:44.00,458792.1042,5633254.9249,2948617.1442
2024/02/14 05:23:45.00,458791.9147,5633254.6168,2948617.7743
2024/02/14 05:23:46.00,458791.7751,5633254.4189,2948618.1141
2024/02/14 05:23:47.00,458791.7785,5633254.43,2948618.1396
2024/02/14 05:23:48.00,458791.7789,5633254.4303,2948618.0959
2024/02/14 05:23:49.00,458791.7388,5633254.365,2948618.2239
2024/02/14 05:23:50.00,458791.5541,5633254.0504,2948618.9093
2024/02/14 05:23:51.00,458791.3139,5633253.6714,2948619.6944
2024/02/14 05:23:52.00,458791.106,5633253.3464,2948620.3587
2024/02/14 05:23:53.00,458790.9061,5633253.0267,2948620.999
2024/02/14 05:23:54.00,458790.772,5633252.8227,2948621.4476
2024/02/14 05:23:55.00,458790.7346,5633252.7677,2948621.563
2024/02/14 05:23:56.00,458790.7347,5633252.7638,2948621.5661
2024/02/14 05:23:57.00,458790.7347,5633252.7631,2948621.565
2024/02/14 05:23:58.00,458790.7356,5633252.7629,2948621.5628
2024/02/14 05:23:59.00,458790.7334,5633252.7617,2948621.5605
2024/02/14 05:24:00.00,458790.7366,5633252.7733,2948621.5586
2024/02/14 05:24:01.00,458790.6951,5633252.7145,2948621.643
2024/02/14 05:24:02.00,458790.553,5633252.482,2948622.1747
2024/02/14 05:24:03.00,458790.303,5633252.11,2948622.9799
2024/02/14 05:24:04.00,458790.073,5633251.7599,2948623.7027
2024/02/14 05:24:05.00,458789.8318,5633251.3898,2948624.3704
2024/02/14 05:24:06.00,458789.6564,5633251.1444,2948624.8837
2024/02/14 05:24:07.00,458789.5523,5633250.9772,2948625.2098
2024/02/14 05:24:08.00,458789.5303,5633250.9444,2948625.391
2024/02/14 05:24:09.00,458789.5134,5633250.9148,2948625.4419
2024/02/14 05:24:10.00,458789.4464,5633250.8238,2948625.6518
2024/02/14 05:24:11.00,458789.2648,5633250.5069,2948626.2978
2024/02/14 05:24:12.00,458789.0017,5633250.0661,2948627.1206
2024/02/14 05:24:13.00,458788.7378,5633249.6461,2948627.9425
2024/02/14 05:24:14.00,458788.4623,5633249.16,2948628.9212
2024/02/14 05:24:15.00,458788.0993,5633248.5434,2948630.1486
2024/02/14 05:24:16.00,458787.677,5633247.8715,2948631.5243
2024/02/14 05:24:17.00,458787.2843,5633247.2455,2948632.7838
2024/02/14 05:24:18.00,458787.0793,5633246.8903,2948633.5091
2024/02/14 05:24:19.00,458786.9899,5633246.7534,2948633.7886
2024/02/14 05:24:20.00,458786.9901,5633246.7539,2948633.7911
2024/02/14 05:24:21.00,458786.9924,5633246.7587,2948633.7888
2024/02/14 05:24:22.00,458786.9889,5633246.7518,2948633.7845
2024/02/14 05:24:23.00,458786.9932,5633246.7582,2948633.7875
2024/02/14 05:24:24.00,458786.9897,5633246.7573,2948633.7864
2024/02/14 05:24:25.00,458786.9915,5633246.7576,2948633.7876
2024/02/14 05:24:26.00,458786.9914,5633246.758,2948633.7878
2024/02/14 05:24:27.00,458786.9911,5633246.7568,2948633.7876
2024/02/14 05:24:28.00,458786.9921,5633246.7567,2948633.7872
2024/02/14 05:24:29.00,458786.9908,5633246.7563,2948633.7873
2024/02/14 05:24:30.00,458786.9894,5633246.7547,2948633.784
2024/02/14 05:24:31.00,458786.98,5633246.7437,2948633.7772
2024/02/14 05:24:32.00,458786.9471,5633246.6966,2948633.8617
2024/02/14 05:24:33.00,458786.8907,5633246.6052,2948634.0495
2024/02/14 05:24:34.00,458786.8592,5633246.5569,2948634.1428
2024/02/14 05:24:35.00,458786.8607,5633246.5568,2948634.145
2024/02/14 05:24:36.00,458786.8583,5633246.5491,2948634.1453
2024/02/14 05:24:37.00,458786.8588,5633246.5557,2948634.1464
2024/02/14 05:24:38.00,458786.857,5633246.5545,2948634.1455
2024/02/14 05:24:39.00,458786.8588,5633246.5552,2948634.1454
2024/02/14 05:24:40.00,458786.8572,5633246.5547,2948634.1459
2024/02/14 05:24:41.00,458786.8567,5633246.5552,2948634.1452
2024/02/14 05:24:42.00,458786.8571,5633246.5537,2948634.1451
2024/02/14 05:24:43.00,458786.8564,5633246.5545,2948634.1439
2024/02/14 05:24:44.00,458786.8316,5633246.5191,2948634.2143
2024/02/14 05:24:45.00,458786.7239,5633246.3468,2948634.5586
2024/02/14 05:24:46.00,458786.5517,5633246.0984,2948635.0694
2024/02/14 05:24:47.00,458786.4444,5633245.9162,2948635.5264
2024/02/14 05:24:48.00,458786.3057,5633245.7013,2948635.8386
2024/02/14 05:24:49.00,458786.2253,5633245.5735,2948636.0992
2024/02/14 05:24:50.00,458786.1664,5633245.4892,2948636.2757
2024/02/14 05:24:51.00,458786.1547,5633245.4626,2948636.4259
2024/02/14 05:24:52.00,458786.0919,5633245.3589,2948636.6168
2024/02/14 05:24:53.00,458785.9698,5633245.157,2948637.0316
2024/02/14 05:24:54.00,458785.8448,5633244.959,2948637.4169
2024/02/14 05:24:55.00,458785.7175,5633244.7529,2948637.7274
2024/02/14 05:24:56.00,458785.6233,5633244.5999,2948638.0259
2024/02/14 05:24:57.00,458785.5685,5633244.4961,2948638.3198
2024/02/14 05:24:58.00,458785.4675,5633244.3362,2948638.5285
2024/02/14 05:24:59.00,458785.3911,5633244.2189,2948638.7592
2024/02/14 05:25:00.00,458785.3051,5633244.0846,2948639.0437
2024/02/14 05:25:01.00,458785.2313,5633243.955,2948639.4028
2024/02/14 05:25:02.00,458785.0893,5633243.7393,2948639.7416
2024/02/14 05:25:03.00,458784.9697,5633243.5544,2948640.121
2024/02/14 05:25:04.00,458784.8984,5633243.4298,2948640.3547
2024/02/14 05:25:05.00,458784.8995,5633243.4345,2948640.3508
2024/02/14 05:25:06.00,458784.8925,5633243.4209,2948640.3672
2024/02/14 05:25:07.00,458784.8668,5633243.3816,2948640.4548
2024/02/14 05:25:08.00,458784.8274,5633243.2976,2948640.6194
2024/02/14 05:25:09.00,458784.7914,5633243.2087,2948640.7804
2024/02/14 05:25:10.00,458784.7953,5633243.1861,2948640.9318
2024/02/14 05:25:11.00,458784.786,5633243.1687,2948640.9646
2024/02/14 05:25:12.00,458784.789,5633243.1701,2948640.963
2024/02/14 05:25:13.00,458784.7874,5633243.1732,2948640.9639
2024/02/14 05:25:14.00,458784.7877,5633243.171,2948640.9623
2024/02/14 05:25:15.00,458784.7858,5633243.1715,2948640.9707
2024/02/14 05:25:16.00,458784.7542,5633243.0994,2948641.0963
2024/02/14 05:25:17.00,458784.7043,5633242.9765,2948641.3311
2024/02/14 05:25:18.00,458784.6903,5633242.9387,2948641.4086
2024/02/14 05:25:19.00,458784.6904,5633242.9429,2948641.4099
2024/02/14 05:25:20.00,458784.6923,5633242.9447,2948641.4068
2024/02/14 05:25:21.00,458784.6908,5633242.9436,2948641.4073
2024/02/14 05:25:22.00,458784.6895,5633242.939,2948641.4068
2024/02/14 05:25:23.00,458784.6924,5633242.944,2948641.4073
2024/02/14 05:25:24.00,458784.6936,5633242.9454,2948641.4093
2024/02/14 05:25:25.00,458784.6913,5633242.9425,2948641.4079
2024/02/14 05:25:26.00,458784.693,5633242.9417,2948641.407
2024/02/14 05:25:27.00,458784.6909,5633242.9456,2948641.4069
2024/02/14 05:25:28.00,458784.6913,5633242.9437,2948641.4086
2024/02/14 05:25:29.00,458784.692,5633242.9445,2948641.4078
2024/02/14 05:25:30.00,458784.6908,5633242.9458,2948641.4087
2024/02/14 05:25:31.00,458784.6897,5633242.9432,2948641.4079
2024/02/14 05:25:32.00,458784.6919,5633242.9471,2948641.4096
2024/02/14 05:25:33.00,458784.6892,5633242.9458,2948641.4065
2024/02/14 05:25:34.00,458784.6909,5633242.9422,2948641.4069
2024/02/14 05:25:35.00,458784.6898,5633242.9441,2948641.4076
2024/02/14 05:25:36.00,458784.6901,5633242.9437,2948641.4069
2024/02/14 05:25:37.00,458784.6893,5633242.9445,2948641.4088
2024/02/14 05:25:38.00,458784.6905,5633242.9442,2948641.4088
2024/02/14 05:25:39.00,458784.6678,5633242.8883,2948641.5111
2024/02/14 05:25:40.00,458784.5718,5633242.6999,2948641.8016
2024/02/14 05:25:41.00,458784.4499,5633242.3889,2948642.5062
2024/02/14 05:25:42.00,458784.2565,5633242.0595,2948643.2642
2024/02/14 05:25:43.00,458784.0672,5633241.6311,2948643.9146
2024/02/14 05:25:44.00,458783.8761,5633241.2768,2948644.5831
2024/02/14 05:25:45.00,458783.7161,5633240.9539,2948645.322
2024/02/14 05:25:46.00,458783.5384,5633240.6065,2948645.9866
2024/02/14 05:25:47.00,458783.3753,5633240.3037,2948646.5866
2024/02/14 05:25:48.00,458783.2147,5633239.9627,2948647.1169
2024/02/14 05:25:49.00,458783.1316,5633239.765,2948647.6131
2024/02/14 05:25:50.00,458783.0385,5633239.5816,2948647.8616
2024/02/14 05:25:51.00,458783.0086,5633239.5038,2948647.9902
2024/02/14 05:25:52.00,458783.0118,5633239.5072,2948647.991
2024/02/14 05:25:53.00,458783.0105,5633239.5071,2948647.9909
2024/02/14 05:25:54.00,458783.0064,5633239.4953,2948648.004
2024/02/14 05:25:55.00,458782.9794,5633239.4442,2948648.1063
2024/02/14 05:25:56.00,458782.9292,5633239.3398,2948648.3008
2024/02/14 05:25:57.00,458782.9075,5633239.2925,2948648.3878
2024/02/14 05:25:58.00,458782.9054,5633239.2865,2948648.3882
2024/02/14 05:25:59.00,458782.9071,5633239.2936,2948648.389
2024/02/14 05:26:00.00,458782.9056,5633239.2947,2948648.3882
2024/02/14 05:26:01.00,458782.9069,5633239.296,2948648.3895
2024/02/14 05:26:02.00,458782.8388,5633238.6111,2948647.9176
2024/02/14 05:26:03.00,458782.9007,5633239.2778,2948648.4115
2024/02/14 05:26:04.00,458782.7986,5633238.5217,2948648.0788
2024/02/14 05:26:05.00,458782.6839,5633238.3059,2948648.5406
2024/02/14 05:26:06.00,458782.5605,5633238.6025,2948649.7727
2024/02/14 05:26:07.00,458782.354,5633238.2557,2948650.504
2024/02/14 05:26:08.00,458782.1065,5633237.8208,2948651.4266
2024/02/14 05:26:09.00,458781.7861,5633237.3343,2948652.3138
2024/02/14 05:26:10.00,458781.5039,5633236.9156,2948653.1976
2024/02/14 05:26:11.00,458781.2112,5633236.4786,2948654.0542
2024/02/14 05:26:12.00,458780.9687,5633236.103,2948654.9297
2024/02/14 05:26:13.00,458780.8004,5633235.8029,2948655.479
2024/02/14 05:26:14.00,458780.6235,5633235.5727,2948655.8989
2024/02/14 05:26:15.00,458780.4066,5633234.6003,2948655.8781
2024/02/14 05:26:16.00,458780.3602,5633235.163,2948656.787
2024/02/14 05:26:17.00,458780.1869,5633234.9066,2948657.3118
2024/02/14 05:26:18.00,458779.9071,5633234.4902,2948658.0229
2024/02/14 05:26:19.00,458780.6586,5633241.8651,2948658.8424
2024/02/14 05:26:20.00,458779.526,5633233.9509,2948659.2177
2024/02/14 05:26:21.00,458779.4096,5633233.1275,2948658.8095
2024/02/14 05:26:22.00,458779.4128,5633233.1333,2948658.792
2024/02/14 05:26:23.00,458779.4787,5633233.8754,2948659.255
2024/02/14 05:26:24.00,458779.4577,5633233.8529,2948659.4205
2024/02/14 05:26:25.00,458779.253,5633232.8847,2948659.2782
2024/02/14 05:26:26.00,458779.2179,5633233.4961,2948660.1199
2024/02/14 05:26:27.00,458779.1061,5633232.6742,2948659.6854
2024/02/14 05:26:28.00,458779.1073,5633232.6805,2948659.6881
2024/02/14 05:26:29.00,458779.0732,5633233.2722,2948660.4566
2024/02/14 05:26:30.00,458778.8678,5633232.954,2948661.2118
2024/02/14 05:26:31.00,458778.6296,5633234.7562,2948662.2815
2024/02/14 05:26:32.00,458778.4586,5633232.1197,2948662.6878
2024/02/14 05:26:33.00,458778.2941,5633231.7742,2948663.3902
2024/02/14 05:26:34.00,458778.1562,5633231.4631,2948663.9656
2024/02/14 05:26:35.00,458778.0817,5633231.303,2948664.2647
2024/02/14 05:26:36.00,458778.0714,5633231.2819,2948664.3028
2024/02/14 05:26:37.00,458778.002,5633230.5192,2948663.8885
2024/02/14 05:26:38.00,458778.0416,5633231.1967,2948664.6146
2024/02/14 05:26:39.00,458777.9548,5633230.9348,2948664.9745
2024/02/14 05:26:40.00,458777.9175,5633230.7977,2948665.2049
2024/02/14 05:26:41.00,458777.9458,5633230.8461,2948665.2303
2024/02/14 05:26:42.00,458777.921,5633230.8073,2948665.2038
2024/02/14 05:26:43.00,458777.9389,5633230.8752,2948665.2318
2024/02/14 05:26:44.00,458777.9426,5633230.8766,2948665.2341
2024/02/14 05:26:45.00,458777.9409,5633230.8726,2948665.2316
2024/02/14 05:26:46.00,458777.9097,5633233.0374,2948665.5263
2024/02/14 05:26:47.00,458777.8979,5633233.0197,2948665.5848
2024/02/14 05:26:48.00,458777.807,5633229.9369,2948665.0154
2024/02/14 05:26:49.00,458777.7877,5633232.7538,2948666.1515
2024/02/14 05:26:50.00,458777.6925,5633229.622,2948665.6314
2024/02/14 05:26:51.00,458777.7394,5633232.5681,2948666.4556
2024/02/14 05:26:52.00,458777.7384,5633232.5705,2948666.4566
2024/02/14 05:26:53.00,458777.7365,5633232.574,2948666.4567
2024/02/14 05:26:54.00,458777.7377,5633232.5651,2948666.4565
2024/02/14 05:26:55.00,458777.7393,5633232.5708,2948666.4557
2024/02/14 05:26:56.00,458777.7377,5633232.5715,2948666.4567
2024/02/14 05:26:57.00,458777.7378,5633232.5713,2948666.4568
2024/02/14 05:26:58.00,458777.7371,5633232.5696,2948666.4556
2024/02/14 05:26:59.00,458777.7381,5633232.567,2948666.4557
2024/02/14 05:27:00.00,458777.7378,5633232.5689,2948666.456
2024/02/14 05:27:01.00,458777.7368,5633232.5711,2948666.4551
2024/02/14 05:27:02.00,458777.7396,5633232.5712,2948666.4549
2024/02/14 05:27:03.00,458777.738,5633232.5694,2948666.4548
2024/02/14 05:27:04.00,458777.7386,5633232.5707,2948666.4564
2024/02/14 05:27:05.00,458777.7374,5633232.5738,2948666.4558
2024/02/14 05:27:06.00,458777.7395,5633232.5684,2948666.4561
2024/02/14 05:27:07.00,458777.7372,5633232.5665,2948666.4557
2024/02/14 05:27:08.00,458777.7373,5633232.5674,2948666.4556
2024/02/14 05:27:09.00,458777.7403,5633232.5691,2948666.4563
2024/02/14 05:27:10.00,458777.7379,5633232.5689,2948666.4557
2024/02/14 05:27:11.00,458777.7387,5633232.5755,2948666.4573
2024/02/14 05:27:12.00,458777.7388,5633232.5699,2948666.456
2024/02/14 05:27:13.00,458777.7397,5633232.5759,2948666.458
2024/02/14 05:27:14.00,458777.7388,5633232.5784,2948666.459
2024/02/14 05:27:15.00,458777.7396,5633232.5706,2948666.4571
2024/02/14 05:27:16.00,458777.7385,5633232.5714,2948666.457
2024/02/14 05:27:17.00,458777.7393,5633232.5723,2948666.4575
2024/02/14 05:27:18.00,458777.7388,5633232.5755,2948666.4583
2024/02/14 05:27:19.00,458777.7398,5633232.5753,2948666.4579
2024/02/14 05:27:20.00,458777.7375,5633232.5725,2948666.455
2024/02/14 05:27:21.00,458777.7387,5633232.5691,2948666.4564
2024/02/14 05:27:22.00,458777.737,5633232.5721,2948666.4574
2024/02/14 05:27:23.00,458777.7388,5633232.572,2948666.4577
2024/02/14 05:27:24.00,458777.7385,5633232.5696,2948666.456
2024/02/14 05:27:25.00,458777.7377,5633232.5683,2948666.4554
2024/02/14 05:27:26.00,458777.738,5633232.5771,2948666.4581
2024/02/14 05:27:27.00,458777.7394,5633232.5731,2948666.4564
2024/02/14 05:27:28.00,458777.7388,5633232.5685,2948666.4566
2024/02/14 05:27:29.00,458777.7389,5633232.571,2948666.4559
2024/02/14 05:27:30.00,458777.7392,5633232.5741,2948666.4571
2024/02/14 05:27:31.00,458777.7377,5633232.5756,2948666.4565
2024/02/14 05:27:32.00,458777.7384,5633232.575,2948666.4558
2024/02/14 05:27:33.00,458777.7382,5633232.5767,2948666.4575
2024/02/14 05:27:34.00,458777.7389,5633232.5751,2948666.4568
2024/02/14 05:27:35.00,458777.7389,5633232.5756,2948666.4553
2024/02/14 05:27:36.00,458777.7388,5633232.5777,2948666.4562
2024/02/14 05:27:37.00,458777.7386,5633232.5773,2948666.4543
2024/02/14 05:27:38.00,458777.7387,5633232.5773,2948666.4571
2024/02/14 05:27:39.00,458777.7381,5633232.5772,2948666.4552
2024/02/14 05:27:40.00,458777.7389,5633232.5759,2948666.457
2024/02/14 05:27:41.00,458777.7391,5633232.5799,2948666.4575
2024/02/14 05:27:42.00,458777.7388,5633232.5821,2948666.4558
2024/02/14 05:27:43.00,458777.7384,5633232.5796,2948666.4578
2024/02/14 05:27:44.00,458777.7383,5633232.5781,2948666.4585
2024/02/14 05:27:45.00,458777.7384,5633232.5764,2948666.4576
2024/02/14 05:27:46.00,458777.7398,5633232.5764,2948666.4562
2024/02/14 05:27:47.00,458777.7405,5633232.5778,2948666.4565
2024/02/14 05:27:48.00,458777.7413,5633232.5771,2948666.4581
2024/02/14 05:27:49.00,458777.7381,5633232.5784,2948666.4561
2024/02/14 05:27:50.00,458777.7389,5633232.5811,2948666.457
2024/02/14 05:27:51.00,458777.74,5633232.5741,2948666.4563
2024/02/14 05:27:52.00,458777.7389,5633232.5741,2948666.4553
2024/02/14 05:27:53.00,458777.7399,5633232.5739,2948666.4548
2024/02/14 05:27:54.00,458777.7377,5633232.5749,2948666.4567
2024/02/14 05:27:55.00,458777.7383,5633232.5758,2948666.4541
2024/02/14 05:27:56.00,458777.7398,5633232.5807,2948666.4573
2024/02/14 05:27:57.00,458777.7378,5633232.5774,2948666.4574
2024/02/14 05:27:58.00,458777.7383,5633232.5815,2948666.4563
2024/02/14 05:27:59.00,458777.7374,5633232.5788,2948666.4565
2024/02/14 05:28:00.00,458777.7363,5633232.5814,2948666.456
2024/02/14 05:28:01.00,458777.7378,5633232.5799,2948666.4575
2024/02/14 05:28:02.00,458777.7378,5633232.5782,2948666.4547
2024/02/14 05:28:03.00,458777.7379,5633232.5809,2948666.4551
2024/02/14 05:28:04.00,458777.7378,5633232.5799,2948666.4563
2024/02/14 05:28:05.00,458777.7373,5633232.5789,2948666.4562
2024/02/14 05:28:06.00,458777.7375,5633232.5792,2948666.4563
2024/02/14 05:28:07.00,458777.7363,5633232.5795,2948666.4561
2024/02/14 05:28:08.00,458777.7374,5633232.5763,2948666.4573
2024/02/14 05:28:09.00,458777.7377,5633232.5833,2948666.4598
2024/02/14 05:28:10.00,458777.7373,5633232.5773,2948666.4547
2024/02/14 05:28:11.00,458777.7366,5633232.5771,2948666.4565
2024/02/14 05:28:12.00,458777.7381,5633232.5809,2948666.4569
2024/02/14 05:28:13.00,458777.7349,5633232.5822,2948666.4578
2024/02/14 05:28:14.00,458777.7359,5633232.5873,2948666.4601
2024/02/14 05:28:15.00,458777.7352,5633232.58,2948666.4579
2024/02/14 05:28:16.00,458777.7352,5633232.5896,2948666.4598
2024/02/14 05:28:17.00,458777.7352,5633232.5871,2948666.4585
2024/02/14 05:28:18.00,458777.7345,5633232.5849,2948666.458
2024/02/14 05:28:19.00,458777.7334,5633232.594,2948666.4635
2024/02/14 05:28:20.00,458777.7342,5633232.5903,2948666.462
2024/02/14 05:28:21.00,458777.7346,5633232.5892,2948666.4618
2024/02/14 05:28:22.00,458777.7345,5633232.5934,2948666.4649
2024/02/14 05:28:23.00,458777.7334,5633232.5912,2948666.4609
2024/02/14 05:28:24.00,458777.7341,5633232.5955,2948666.4631
2024/02/14 05:28:25.00,458777.7329,5633232.5887,2948666.4614
2024/02/14 05:28:26.00,458777.7336,5633232.5916,2948666.4628
2024/02/14 05:28:27.00,458777.7319,5633232.5941,2948666.4626
2024/02/14 05:28:28.00,458777.7335,5633232.5911,2948666.4646
2024/02/14 05:28:29.00,458777.7326,5633232.5898,2948666.463
2024/02/14 05:28:30.00,458777.7348,5633232.595,2948666.4655
2024/02/14 05:28:31.00,458777.7347,5633232.5947,2948666.4651
2024/02/14 05:28:32.00,458777.7349,5633232.5999,2948666.4663
2024/02/14 05:28:33.00,458777.734,5633232.597,2948666.4661
2024/02/14 05:28:34.00,458777.7349,5633232.5907,2948666.4642
2024/02/14 05:28:35.00,458777.7346,5633232.5926,2948666.4654
2024/02/14 05:28:36.00,458777.7363,5633232.5891,2948666.4649
2024/02/14 05:28:37.00,458777.7351,5633232.5936,2948666.4662
2024/02/14 05:28:38.00,458778.011,5633232.1084,2948666.1202
2024/02/14 05:28:39.00,458777.736,5633232.5986,2948666.4667
2024/02/14 05:28:40.00,458777.7351,5633232.5996,2948666.465
2024/02/14 05:28:41.00,458777.738,5633232.6001,2948666.4669
2024/02/14 05:28:42.00,458778.0097,5633232.1109,2948666.1206
2024/02/14 05:28:43.00,458777.7366,5633232.5979,2948666.4672
2024/02/14 05:28:44.00,458778.0117,5633232.1069,2948666.1197
2024/02/14 05:28:45.00,458777.7316,5633232.5951,2948666.4611
2024/02/14 05:28:46.00,458778.0129,5633232.1149,2948666.1202
2024/02/14 05:28:47.00,458778.0112,5633232.1138,2948666.1204
2024/02/14 05:28:48.00,458778.01,5633232.112,2948666.1194
2024/02/14 05:28:49.00,458777.7353,5633232.6014,2948666.4665
2024/02/14 05:28:50.00,458778.0103,5633232.108,2948666.1199
2024/02/14 05:28:51.00,458778.0103,5633232.1088,2948666.1193
2024/02/14 05:28:52.00,458778.0096,5633232.1101,2948666.119
2024/02/14 05:28:53.00,458778.0104,5633232.112,2948666.1197
2024/02/14 05:28:54.00,458778.0109,5633232.1108,2948666.1199
2024/02/14 05:28:55.00,458778.009,5633232.1147,2948666.1206
2024/02/14 05:28:56.00,458778.0111,5633232.116,2948666.1213
2024/02/14 05:28:57.00,458778.0111,5633232.1192,2948666.1223
2024/02/14 05:28:58.00,458778.0117,5633232.1172,2948666.1208
2024/02/14 05:28:59.00,458778.0114,5633232.1175,2948666.1213
2024/02/14 05:29:00.00,458778.0112,5633232.1142,2948666.1198
2024/02/14 05:29:01.00,458778.0106,5633232.1172,2948666.1209
2024/02/14 05:29:02.00,458778.0111,5633232.1187,2948666.1208
2024/02/14 05:29:03.00,458778.0108,5633232.1183,2948666.1218
2024/02/14 05:29:04.00,458778.0126,5633232.1162,2948666.1202
2024/02/14 05:29:05.00,458778.0114,5633232.122,2948666.1226
2024/02/14 05:29:06.00,458778.0123,5633232.1189,2948666.1211
2024/02/14 05:29:07.00,458778.0102,5633232.1195,2948666.1192
2024/02/14 05:29:08.00,458778.0126,5633232.115,2948666.1204
2024/02/14 05:29:09.00,458778.0068,5633232.1124,2948666.1376
2024/02/14 05:29:10.00,458777.7153,5633232.3035,2948666.5037
2024/02/14 05:29:11.00,458777.6579,5633232.1865,2948666.8729
2024/02/14 05:29:12.00,458777.4618,5633231.8097,2948667.7281
2024/02/14 05:29:13.00,458777.4208,5633230.7829,2948668.7531
2024/02/14 05:29:14.00,458776.8229,5633230.4958,2948670.4512
2024/02/14 05:29:15.00,458776.4045,5633226.9888,2948670.8765
2024/02/14 05:29:16.00,458776.1476,5633227.5936,2948672.7039
2024/02/14 05:29:17.00,458775.8788,5633228.4342,2948674.1491
2024/02/14 05:29:18.00,458775.4403,5633225.1254,2948674.8168
2024/02/14 05:29:19.00,458774.6416,5633230.2145,2948677.5961
2024/02/14 05:29:22.00,458773.8585,5633220.0225,2948681.2252
2024/02/14 05:29:23.00,458773.2695,5633222.4971,2948684.4934
2024/02/14 05:29:24.00,458772.6119,5633221.3823,2948686.6756
2024/02/14 05:29:25.00,458771.5144,5633223.5333,2948688.1315
2024/02/14 05:29:26.00,458771.6133,5633219.7537,2948692.0728
2024/02/14 05:29:27.00,458770.9873,5633218.9983,2948692.3202
2024/02/14 05:29:28.00,458770.428,5633218.019,2948694.2424
2024/02/14 05:29:29.00,458769.5951,5633217.5363,2948696.5136
2024/02/14 05:29:30.00,458769.334,5633216.1158,2948698.0605
2024/02/14 05:29:31.00,458768.8468,5633215.2154,2948699.8625
2024/02/14 05:29:32.00,458768.0053,5633211.9775,2948701.1391
2024/02/14 05:29:33.00,458767.5432,5633211.1154,2948702.8642
2024/02/14 05:29:34.00,458767.3804,5633212.5629,2948705.1627
2024/02/14 05:29:35.00,458766.7877,5633211.5818,2948707.1262
2024/02/14 05:29:36.00,458766.2319,5633210.6759,2948708.9135
2024/02/14 05:29:37.00,458765.7149,5633209.8813,2948710.5083
2024/02/14 05:29:38.00,458764.9792,5633209.5582,2948712.3068
2024/02/14 05:29:39.00,458764.4387,5633208.775,2948713.8492
2024/02/14 05:29:40.00,458763.7942,5633206.4746,2948715.418
2024/02/14 05:29:41.00,458763.2422,5633207.0049,2948717.1998
2024/02/14 05:29:42.00,458762.6597,5633206.49,2948718.7668
2024/02/14 05:29:43.00,458762.2508,5633205.8329,2948720.0572
2024/02/14 05:29:44.00,458761.9608,5633205.2628,2948721.1725
2024/02/14 05:29:45.00,458761.5049,5633201.8096,2948721.6174
2024/02/14 05:29:46.00,458761.0184,5633201.0988,2948723.0972
2024/02/14 05:29:47.00,458760.5494,5633202.9212,2948725.4414
2024/02/14 05:29:48.00,458759.9795,5633202.2543,2948726.9506
2024/02/14 05:29:49.00,458759.4993,5633201.6407,2948728.2989
2024/02/14 05:29:50.00,458758.9838,5633200.9094,2948729.8136
2024/02/14 05:29:51.00,458758.3207,5633200.3652,2948731.5032
2024/02/14 05:29:52.00,458757.6807,5633199.3511,2948733.0982
2024/02/14 05:29:53.00,458756.0748,5633196.3351,2948735.4517
2024/02/14 05:29:54.00,458756.0012,5633194.9396,2948736.153
2024/02/14 05:29:55.00,458755.3419,5633196.9173,2948738.7737
2024/02/14 05:29:56.00,458754.6548,5633196.2116,2948740.3342
2024/02/14 05:29:57.00,458754.0595,5633195.5644,2948741.7238
2024/02/14 05:29:58.00,458753.568,5633195.069,2948742.7994
2024/02/14 05:29:59.00,458753.0112,5633194.5862,2948743.8832
2024/02/14 05:30:00.00,458752.2865,5633194.0419,2948745.1356
2024/02/14 05:30:01.00,458751.395,5633193.4178,2948746.6117
2024/02/14 05:30:02.00,458750.2361,5633189.7879,2948747.538
2024/02/14 05:30:03.00,458749.0489,5633191.7423,2948750.4382
2024/02/14 05:30:04.00,458747.6002,5633190.727,2948752.7779
2024/02/14 05:30:05.00,458746.0837,5633189.5487,2948755.5002
2024/02/14 05:30:06.00,458744.2,5633185.2786,2948757.95
2024/02/14 05:30:07.00,458742.0766,5633188.4909,2948762.5668
2024/02/14 05:30:08.00,458740.7614,5633182.3672,2948764.5256
2024/02/14 05:30:09.00,458739.2017,5633183.6598,2948768.2301
2024/02/14 05:30:10.00,458737.445,5633182.4347,2948771.4974
2024/02/14 05:30:11.00,458735.7581,5633180.3948,2948774.5834
2024/02/14 05:30:12.00,458733.3893,5633178.9789,2948778.6364
2024/02/14 05:30:13.00,458731.1727,5633177.3512,2948782.7275
2024/02/14 05:30:14.00,458728.7886,5633172.5937,2948786.1147
2024/02/14 05:30:15.00,458726.4727,5633173.5055,2948791.2403
2024/02/14 05:30:16.00,458724.0095,5633171.4344,2948795.6446
2024/02/14 05:30:17.00,458721.4618,5633169.4298,2948800.1761
2024/02/14 05:30:18.00,458719.1948,5633166.7136,2948804.3198
2024/02/14 05:30:19.00,458716.5537,5633164.938,2948809.2207
2024/02/14 05:30:20.00,458714.1112,5633162.9269,2948814.0913
2024/02/14 05:30:21.00,458711.5615,5633160.6255,2948819.0158
2024/02/14 05:30:22.00,458708.1586,5633155.8031,2948824.5
2024/02/14 05:30:23.00,458706.5258,5633155.8151,2948829.1465
2024/02/14 05:30:24.00,458704.2173,5633153.2729,2948833.8111
2024/02/14 05:30:25.00,458702.1972,5633151.4699,2948837.9082
2024/02/14 05:30:26.00,458700.813,5633149.714,2948840.8402
2024/02/14 05:30:27.00,458699.3374,5633148.4393,2948843.5982
2024/02/14 05:30:28.00,458697.6277,5633147.4183,2948846.4409
2024/02/14 05:30:29.00,458696.1917,5633146.1624,2948849.0185
2024/02/14 05:30:30.00,458694.6323,5633144.9413,2948851.6781
2024/02/14 05:30:31.00,458692.9221,5633143.6335,2948854.5374
2024/02/14 05:30:32.00,458691.1835,5633142.1541,2948857.6629
2024/02/14 05:30:33.00,458689.5902,5633140.237,2948860.9101
2024/02/14 05:30:34.00,458687.2873,5633138.558,2948865.1864
2024/02/14 05:30:35.00,458685.2915,5633136.0669,2948869.557
2024/02/14 05:30:36.00,458682.9407,5633133.7743,2948874.3561
2024/02/14 05:30:37.00,458680.3128,5633131.949,2948879.0749
2024/02/14 05:30:38.00,458678.3661,5633130.1586,2948883.0624
2024/02/14 05:30:39.00,458676.6238,5633128.4558,2948886.5708
2024/02/14 05:30:40.00,458675.3104,5633127.2104,2948889.2068
2024/02/14 05:30:41.00,458674.2949,5633126.3678,2948891.1268
2024/02/14 05:30:42.00,458673.5497,5633125.5133,2948892.4289
2024/02/14 05:30:43.00,458673.2947,5633124.6506,2948893.3527
2024/02/14 05:30:44.00,458672.4111,5633124.4114,2948895.1592
2024/02/14 05:30:45.00,458671.609,5633123.3366,2948897.1915
2024/02/14 05:30:46.00,458669.9393,5633119.9681,2948899.7384
2024/02/14 05:30:47.00,458670.0234,5633121.1465,2948901.695
2024/02/14 05:30:48.00,458669.048,5633119.7523,2948904.4825
2024/02/14 05:30:49.00,458667.072,5633115.8398,2948908.0561
2024/02/14 05:30:50.00,458666.3338,5633118.7348,2948911.1663
2024/02/14 05:30:51.00,458664.8922,5633113.0329,2948913.7929
2024/02/14 05:30:52.00,458664.8057,5633111.458,2948914.803
2024/02/14 05:30:53.00,458663.9795,5633115.5467,2948917.7921
2024/02/14 05:30:54.00,458664.1812,5633112.8279,2948918.6503
2024/02/14 05:30:55.00,458664.0082,5633111.954,2948919.7338
2024/02/14 05:30:56.00,458663.752,5633111.6633,2948920.9284
2024/02/14 05:30:57.00,458662.9636,5633113.3129,2948922.2003
2024/02/14 05:30:58.00,458662.6456,5633113.0568,2948922.67
2024/02/14 05:30:59.00,458662.4748,5633112.9756,2948922.9243
2024/02/14 05:31:00.00,458662.4493,5633112.9646,2948922.9703
2024/02/14 05:31:01.00,458662.4776,5633112.7203,2948922.8929
2024/02/14 05:31:02.00,458662.4813,5633112.7296,2948922.9023
2024/02/14 05:31:03.00,458662.3736,5633112.8837,2948923.1135
2024/02/14 05:31:04.00,458662.6399,5633110.2763,2948923.0312
2024/02/14 05:31:05.00,458662.0266,5633112.4401,2948923.9861
2024/02/14 05:31:06.00,458661.4488,5633108.0583,2948924.3817
2024/02/14 05:31:07.00,458661.7957,5633112.1371,2948924.6361
2024/02/14 05:31:08.00,458661.6738,5633111.973,2948924.9928
2024/02/14 05:31:09.00,458661.9464,5633109.4469,2948924.9206
2024/02/14 05:31:10.00,458661.8203,5633109.1848,2948925.2401
2024/02/14 05:31:11.00,458661.7908,5633109.1547,2948925.3075
2024/02/14 05:31:12.00,458661.7748,5633109.4674,2948925.4088
2024/02/14 05:31:13.00,458663.6822,5633109.0047,2948927.0897
2024/02/14 05:31:14.00,458662.8325,5633116.5566,2948925.2126
2024/02/14 05:31:15.00,458660.8754,5633107.3647,2948925.8771
2024/02/14 05:31:16.00,458662.8309,5633116.5625,2948925.2125
2024/02/14 05:31:17.00,458662.8302,5633116.559,2948925.212
2024/02/14 05:31:18.00,458660.8763,5633107.3702,2948925.8666
2024/02/14 05:31:19.00,458660.8759,5633107.3676,2948925.8682
2024/02/14 05:31:20.00,458661.3315,5633111.5005,2948925.8057
2024/02/14 05:31:21.00,458660.8791,5633107.3691,2948925.8627
2024/02/14 05:31:22.00,458659.6575,5633112.2086,2948926.0656
2024/02/14 05:31:23.00,458661.0996,5633110.9284,2948925.9771
2024/02/14 05:31:24.00,458661.3197,5633108.9345,2948926.4041
2024/02/14 05:31:25.00,458660.9746,5633108.3911,2948927.1144
2024/02/14 05:31:26.00,458659.6484,5633105.6405,2948928.7493
2024/02/14 05:31:27.00,458659.1314,5633105.124,2948929.9137
2024/02/14 05:31:28.00,458658.7301,5633104.6488,2948930.839
2024/02/14 05:31:29.00,458659.352,5633106.7367,2948930.9542
2024/02/14 05:31:30.00,458656.2179,5633110.485,2948930.8098
2024/02/14 05:31:31.00,458659.7507,5633101.485,2948930.5652
2024/02/14 05:31:32.00,458658.2489,5633104.1112,2948931.9507
2024/02/14 05:31:33.00,458658.2561,5633104.1142,2948931.9515
2024/02/14 05:31:34.00,458659.6331,5633102.1208,2948930.8048
2024/02/14 05:31:35.00,458658.097,5633103.9494,2948932.3194
2024/02/14 05:31:36.00,458657.8037,5633103.6029,2948932.9853
2024/02/14 05:31:37.00,458657.3081,5633103.0771,2948934.1487
2024/02/14 05:31:38.00,458659.678,5633101.7967,2948935.8032
2024/02/14 05:31:39.00,458657.3997,5633099.4355,2948935.6959
2024/02/14 05:31:40.00,458652.7614,5633113.8147,2948940.4823
2024/02/14 05:31:41.00,458651.5396,5633112.6837,2948942.8929
2024/02/14 05:31:42.00,458653.8752,5633096.3773,2948942.7068
2024/02/14 05:31:43.00,458649.0818,5633110.4145,2948947.7946
2024/02/14 05:31:44.00,458648.1175,5633101.4202,2948947.3534
2024/02/14 05:31:45.00,458646.5593,5633108.1139,2948952.7685
2024/02/14 05:31:46.00,458645.3002,5633106.911,2948955.3074
2024/02/14 05:31:47.00,458644.5412,5633103.2943,2948957.7425
2024/02/14 05:31:48.00,458647.5534,5633088.4822,2948958.3074
2024/02/14 05:31:49.00,458646.7439,5633082.3874,2948960.1924
2024/02/14 05:31:50.00,458645.0729,5633082.8403,2948963.9971
2024/02/14 05:31:51.00,458640.6862,5633087.0069,2948966.7548
2024/02/14 05:31:52.00,458637.5204,5633098.9763,2948971.3394
2024/02/14 05:31:53.00,458640.4476,5633091.9405,2948973.0196
2024/02/14 05:31:54.00,458638.0588,5633092.8998,2948974.0533
2024/02/14 05:31:55.00,458640.2915,5633085.0045,2948975.2793
2024/02/14 05:31:56.00,458636.673,5633087.5555,2948978.6175
2024/02/14 05:31:57.00,458635.0484,5633081.3935,2948979.8782
2024/02/14 05:31:58.00,458634.205,5633080.5064,2948981.8373
2024/02/14 05:31:59.00,458633.5647,5633079.7174,2948983.4072
2024/02/14 05:32:00.00,458633.0522,5633079.1774,2948984.6051
2024/02/14 05:32:01.00,458630.9344,5633089.2748,2948986.9358
2024/02/14 05:32:02.00,458635.3722,5633072.4818,2948985.6525
2024/02/14 05:32:03.00,458634.65,5633071.4385,2948987.7394
2024/02/14 05:32:04.00,458630.3142,5633075.2601,2948992.0876
2024/02/14 05:32:05.00,458629.3152,5633073.8422,2948995.0067
2024/02/14 05:32:06.00,458629.3164,5633074.7053,2948997.622
2024/02/14 05:32:07.00,458627.982,5633072.844,2949001.3006
2024/02/14 05:32:08.00,458625.8929,5633069.2909,2949005.5511
2024/02/14 05:32:09.00,458624.8527,5633067.6652,2949008.9941
2024/02/14 05:32:10.00,458624.4702,5633070.2238,2949012.1074
2024/02/14 05:32:11.00,458623.6843,5633068.7241,2949015.4046
2024/02/14 05:32:12.00,458622.5651,5633062.5488,2949018.8615
2024/02/14 05:32:13.00,458621.9169,5633060.7852,2949022.6085
2024/02/14 05:32:14.00,458621.1734,5633058.8703,2949026.4107
2024/02/14 05:32:15.00,458621.3055,5633059.3194,2949029.664
2024/02/14 05:32:16.00,458619.7756,5633055.4371,2949033.5069
2024/02/14 05:32:17.00,458619.6186,5633058.3746,2949036.5418
2024/02/14 05:32:18.00,458619.114,5633057.0377,2949039.2276
2024/02/14 05:32:19.00,458618.2238,5633051.3883,2949041.6276
2024/02/14 05:32:20.00,458618.2216,5633054.6598,2949043.9445
2024/02/14 05:32:21.00,458617.775,5633053.556,2949046.1801
2024/02/14 05:32:22.00,458617.3083,5633052.4885,2949048.3568
2024/02/14 05:32:23.00,458616.4455,5633047.1388,2949050.3881
2024/02/14 05:32:24.00,458616.0143,5633046.3019,2949052.2356
2024/02/14 05:32:25.00,458615.6451,5633045.4781,2949053.862
2024/02/14 05:32:26.00,458615.3135,5633044.7861,2949055.2671
2024/02/14 05:32:27.00,458615.4602,5633048.5705,2949056.4887
2024/02/14 05:32:28.00,458614.8074,5633043.6649,2949057.4727
2024/02/14 05:32:29.00,458615.5023,5633045.4697,2949057.6155
2024/02/14 05:32:30.00,458615.427,5633045.3349,2949057.8919
2024/02/14 05:32:31.00,458615.4109,5633045.272,2949058.0093
2024/02/14 05:32:32.00,458615.3091,5633045.1202,2949058.3789
2024/02/14 05:32:33.00,458614.1612,5633042.591,2949059.8791
2024/02/14 05:32:34.00,458613.7787,5633041.9031,2949061.1123
2024/02/14 05:32:35.00,458614.3828,5633043.4942,2949061.7365
2024/02/14 05:32:36.00,458614.1929,5633043.1032,2949062.5392
2024/02/14 05:32:37.00,458614.11,5633042.8952,2949062.9027
2024/02/14 05:32:38.00,458614.0666,5633042.8142,2949063.0885
2024/02/14 05:32:39.00,458614.0223,5633042.7414,2949063.2361
2024/02/14 05:32:40.00,458613.0795,5633040.5293,2949064.1023
2024/02/14 05:32:41.00,458613.8827,5633042.4527,2949063.8383
2024/02/14 05:32:42.00,458613.4374,5633044.4634,2949064.3963
2024/02/14 05:32:43.00,458613.4216,5633044.448,2949064.4458
2024/02/14 05:32:44.00,458612.8634,5633040.443,2949064.9047
2024/02/14 05:32:45.00,458613.8324,5633041.5687,2949064.9306
2024/02/14 05:32:46.00,458613.3523,5633041.2899,2949066.1671
2024/02/14 05:32:47.00,458613.2078,5633041.3312,2949066.7613
2024/02/14 05:32:48.00,458612.7757,5633043.3452,2949067.201
2024/02/14 05:32:49.00,458613.2027,5633041.3329,2949066.7763
2024/02/14 05:32:50.00,458612.773,5633043.3511,2949067.206
2024/02/14 05:32:51.00,458613.2041,5633041.3302,2949066.7736
2024/02/14 05:32:52.00,458613.2072,5633041.339,2949066.7525
2024/02/14 05:32:53.00,458612.7537,5633043.297,2949067.3042
2024/02/14 05:32:54.00,458613.1291,5633040.7551,2949067.2222
2024/02/14 05:32:55.00,458612.9626,5633040.7689,2949067.9719
2024/02/14 05:32:56.00,458612.8775,5633040.5037,2949068.4425
2024/02/14 05:32:57.00,458612.4748,5633042.2266,2949068.8897
2024/02/14 05:32:58.00,458612.4769,5633042.228,2949068.8874
2024/02/14 05:32:59.00,458612.4785,5633042.2271,2949068.8869
2024/02/14 05:33:00.00,458612.9022,5633040.1824,2949068.4283
2024/02/14 05:33:01.00,458612.9054,5633040.18,2949068.4265
2024/02/14 05:33:02.00,458612.9049,5633040.1858,2949068.4278
2024/02/14 05:33:03.00,458612.9055,5633040.1758,2949068.4264
2024/02/14 05:33:04.00,458612.9048,5633040.1796,2949068.4275
2024/02/14 05:33:05.00,458612.9038,5633040.1822,2949068.4267
2024/02/14 05:33:06.00,458612.9056,5633040.1822,2949068.4276
2024/02/14 05:33:07.00,458612.904,5633040.1839,2949068.4281
2024/02/14 05:33:08.00,458612.9087,5633040.18,2949068.4217
2024/02/14 05:33:09.00,458612.9011,5633040.1748,2949068.4473
2024/02/14 05:33:10.00,458612.8564,5633040.0905,2949068.6456
2024/02/14 05:33:11.00,458612.7976,5633040.0077,2949068.9652
2024/02/14 05:33:12.00,458612.7423,5633039.8292,2949069.1517
2024/02/14 05:33:13.00,458612.7409,5633039.8274,2949069.1526
2024/02/14 05:33:14.00,458612.7439,5633039.8304,2949069.1525
2024/02/14 05:33:15.00,458612.7433,5633039.8289,2949069.1508
2024/02/14 05:33:16.00,458612.7421,5633039.8304,2949069.1512
2024/02/14 05:33:17.00,458612.747,5633039.8393,2949069.139
2024/02/14 05:33:18.00,458612.7061,5633039.7413,2949069.3282
2024/02/14 05:33:19.00,458612.5885,5633039.4369,2949069.8626
2024/02/14 05:33:20.00,458612.5059,5633039.2566,2949070.2354
2024/02/14 05:33:21.00,458612.5042,5633039.2681,2949070.2365
2024/02/14 05:33:22.00,458612.5055,5633039.2619,2949070.2338
2024/02/14 05:33:23.00,458612.5048,5633039.2627,2949070.2332
2024/02/14 05:33:24.00,458612.5043,5633039.2692,2949070.2353
2024/02/14 05:33:25.00,458612.5064,5633039.2779,2949070.2212
2024/02/14 05:33:26.00,458612.501,5633039.2439,2949070.2668
2024/02/14 05:33:27.00,458612.4692,5633039.1748,2949070.4083
2024/02/14 05:33:28.00,458612.4257,5633039.0633,2949070.6049
2024/02/14 05:33:29.00,458612.4075,5633039.0252,2949070.6899
2024/02/14 05:33:30.00,458612.4067,5633039.0352,2949070.6908
2024/02/14 05:33:31.00,458612.4063,5633039.0365,2949070.6904
2024/02/14 05:33:32.00,458611.5968,5633041.4233,2949072.4494
2024/02/14 05:33:33.00,458612.4085,5633039.0305,2949070.6884
2024/02/14 05:33:34.00,458612.4063,5633039.0342,2949070.6899
2024/02/14 05:33:35.00,458612.4079,5633039.0238,2949070.6853
2024/02/14 05:33:36.00,458612.4077,5633039.0315,2949070.6881
2024/02/14 05:33:37.00,458612.4084,5633039.0299,2949070.6878
2024/02/14 05:33:38.00,458612.4107,5633039.0232,2949070.6862
2024/02/14 05:33:39.00,458612.4096,5633039.0243,2949070.6859
2024/02/14 05:33:40.00,458612.4104,5633039.0275,2949070.6872
2024/02/14 05:33:41.00,458612.4073,5633039.0339,2949070.6899
2024/02/14 05:33:42.00,458612.4071,5633039.0304,2949070.6877
2024/02/14 05:33:43.00,458612.4095,5633039.029,2949070.6865
2024/02/14 05:33:44.00,458612.4109,5633039.029,2949070.6874
2024/02/14 05:33:45.00,458612.4093,5633039.0311,2949070.6876
2024/02/14 05:33:46.00,458612.4093,5633039.0309,2949070.6866
2024/02/14 05:33:47.00,458611.601,5633041.4238,2949072.4469
2024/02/14 05:33:48.00,458612.4169,5633039.034,2949070.6577
2024/02/14 05:33:49.00,458612.4128,5633039.0338,2949070.6697
2024/02/14 05:33:50.00,458612.3467,5633038.8891,2949070.981
2024/02/14 05:33:51.00,458612.1751,5633038.443,2949071.8324
2024/02/14 05:33:52.00,458611.9306,5633037.8589,2949073.0272
2024/02/14 05:33:53.00,458611.7113,5633037.2534,2949074.2055
2024/02/14 05:33:54.00,458611.4582,5633036.6437,2949075.434
2024/02/14 05:33:55.00,458611.2013,5633036.0295,2949076.6242
2024/02/14 05:33:56.00,458610.9424,5633035.4457,2949077.7968
2024/02/14 05:33:57.00,458609.8464,5633037.4881,2949080.8012
2024/02/14 05:33:58.00,458610.4509,5633034.2682,2949080.0823
2024/02/14 05:33:59.00,458610.2979,5633033.9719,2949080.7365
2024/02/14 05:34:00.00,458610.1978,5633033.7493,2949081.1616
2024/02/14 05:34:01.00,458610.1294,5633033.5813,2949081.4932
2024/02/14 05:34:02.00,458610.0423,5633033.4206,2949081.872
2024/02/14 05:34:03.00,458609.4121,5633035.3405,2949083.1335
2024/02/14 05:34:04.00,458609.6287,5633032.4763,2949083.8892
2024/02/14 05:34:05.00,458609.3273,5633031.6472,2949085.3282
2024/02/14 05:34:06.00,458608.5687,5633033.1942,2949087.2978
2024/02/14 05:34:07.00,458608.7073,5633030.1967,2949088.2433
2024/02/14 05:34:08.00,458608.3811,5633029.4887,2949089.6808
2024/02/14 05:34:09.00,458608.0636,5633028.8601,2949091.1189
2024/02/14 05:34:10.00,458607.2394,5633030.9391,2949093.2357
2024/02/14 05:34:11.00,458607.4111,5633027.4389,2949093.9284
2024/02/14 05:34:12.00,458606.6487,5633028.9614,2949095.8721
2024/02/14 05:34:13.00,458606.8103,5633025.9631,2949096.9329
2024/02/14 05:34:14.00,458606.491,5633025.1825,2949098.484
2024/02/14 05:34:15.00,458606.1802,5633024.556,2949099.9385
2024/02/14 05:34:16.00,458605.9446,5633023.7477,2949101.2565
2024/02/14 05:34:17.00,458605.7131,5633023.0971,2949102.4729
2024/02/14 05:34:18.00,458605.5133,5633022.5862,2949103.4699
2024/02/14 05:34:19.00,458605.3772,5633022.2919,2949104.1042
2024/02/14 05:34:20.00,458605.2849,5633022.0174,2949104.6047
2024/02/14 05:34:21.00,458605.1836,5633021.7782,2949105.0898
2024/02/14 05:34:22.00,458605.0689,5633021.541,2949105.5632
2024/02/14 05:34:23.00,458604.8759,5633021.1372,2949106.3523
2024/02/14 05:34:24.00,458604.6041,5633020.6002,2949107.4345
2024/02/14 05:34:25.00,458604.3306,5633020.0451,2949108.54
2024/02/14 05:34:26.00,458604.0639,5633019.4705,2949109.631
2024/02/14 05:34:27.00,458603.7876,5633018.9355,2949110.7364
2024/02/14 05:34:28.00,458603.5057,5633018.3294,2949111.9103
2024/02/14 05:34:29.00,458603.1939,5633017.4567,2949113.2128
2024/02/14 05:34:30.00,458602.828,5633016.9528,2949114.6191
2024/02/14 05:34:31.00,458602.5595,5633016.3653,2949115.7109
2024/02/14 05:34:32.00,458602.3782,5633015.8637,2949116.4302
2024/02/14 05:34:33.00,458602.2033,5633015.6724,2949117.1088
2024/02/14 05:34:34.00,458602.0911,5633015.485,2949117.5542
2024/02/14 05:34:35.00,458601.9941,5633015.4241,2949117.8555
2024/02/14 05:34:36.00,458601.9334,5633015.224,2949118.0747
2024/02/14 05:34:37.00,458601.8398,5633015.222,2949118.2795
2024/02/14 05:34:38.00,458601.7156,5633015.1128,2949118.52
2024/02/14 05:34:39.00,458601.6116,5633015.0133,2949118.714
2024/02/14 05:34:40.00,458601.4883,5633014.9048,2949118.9438
2024/02/14 05:34:41.00,458601.3277,5633014.6324,2949119.3081
2024/02/14 05:34:42.00,458601.0467,5633014.2947,2949120.0087
2024/02/14 05:34:43.00,458601.0133,5633009.0235,2949120.1356
2024/02/14 05:34:44.00,458600.3408,5633013.1458,2949122.3789
2024/02/14 05:34:45.00,458599.9997,5633012.41,2949123.828
2024/02/14 05:34:46.00,458600.023,5633007.9588,2949124.6193
2024/02/14 05:34:47.00,458599.093,5633010.4089,2949127.6723
2024/02/14 05:34:48.00,458598.5206,5633009.2172,2949129.982
2024/02/14 05:34:49.00,458598.0147,5633008.2195,2949132.0606
2024/02/14 05:34:50.00,458597.0573,5633009.2546,2949134.6129
2024/02/14 05:34:51.00,458596.4771,5633008.0869,2949136.824
2024/02/14 05:34:52.00,458596.2955,5633004.8153,2949138.5726
2024/02/14 05:34:53.00,458594.3991,5633014.4715,2949142.0809
2024/02/14 05:34:54.00,458593.4922,5633005.2508,2949142.9261
2024/02/14 05:34:55.00,458595.1179,5633001.6969,2949144.222
2024/02/14 05:34:56.00,458594.7256,5633000.7864,2949146.1367
2024/02/14 05:34:57.00,458596.0877,5633001.8111,2949149.6298
2024/02/14 05:35:00.00,458593.6297,5632995.9118,2949153.829
2024/02/14 05:35:01.00,458593.3692,5632996.7301,2949159.9356
2024/02/14 05:35:02.00,458592.5915,5632988.6855,2949160.7471
2024/02/14 05:35:03.00,458591.787,5632987.1459,2949162.5203
2024/02/14 05:35:04.00,458591.189,5632986.2973,2949164.5783
2024/02/14 05:35:05.00,458589.72,5632992.531,2949168.1308
2024/02/14 05:35:06.00,458589.1545,5632991.5784,2949169.8652
2024/02/14 05:35:07.00,458589.6846,5632984.0579,2949170.0274
2024/02/14 05:35:08.00,458590.3634,5632985.5927,2949173.3992
2024/02/14 05:35:09.00,458587.5787,5632989.4499,2949174.0808
2024/02/14 05:35:10.00,458586.8024,5632988.487,2949176.4333
2024/02/14 05:35:11.00,458587.4767,5632980.9739,2949174.9664
2024/02/14 05:35:12.00,458586.2198,5632987.6146,2949177.8832
2024/02/14 05:35:13.00,458586.5987,5632979.7151,2949177.6194
2024/02/14 05:35:14.00,458586.261,5632979.1781,2949178.592
2024/02/14 05:35:15.00,458586.1789,5632979.0709,2949178.8176
2024/02/14 05:35:16.00,458585.8565,5632983.7609,2949179.8188
2024/02/14 05:35:17.00,458586.1343,5632978.9866,2949178.9492
2024/02/14 05:35:18.00,458585.5295,5632983.2084,2949180.6625
2024/02/14 05:35:19.00,458585.0136,5632982.6227,2949182.0425
2024/02/14 05:35:20.00,458584.3275,5632981.7971,2949183.7796
2024/02/14 05:35:21.00,458583.6104,5632980.9385,2949185.5649
2024/02/14 05:35:22.00,458582.8742,5632980.0421,2949187.4072
2024/02/14 05:35:23.00,458582.1174,5632979.0806,2949189.3519
2024/02/14 05:35:24.00,458581.2829,5632978.0166,2949191.5008
2024/02/14 05:35:25.00,458579.7773,5632979.3121,2949194.4911
2024/02/14 05:35:26.00,458578.5452,5632977.9243,2949198.3177
2024/02/14 05:35:27.00,458578.6345,5632969.7689,2949198.2606
2024/02/14 05:35:28.00,458577.7173,5632968.4014,2949200.512
2024/02/14 05:35:29.00,458574.6747,5632974.5868,2949203.9743
2024/02/14 05:35:30.00,458574.0319,5632973.7156,2949205.6193
2024/02/14 05:35:31.00,458575.5663,5632970.8633,2949206.0897
2024/02/14 05:35:32.00,458575.7973,5632966.0693,2949205.3187
2024/02/14 05:35:33.00,458575.8008,5632966.0764,2949205.3206
2024/02/14 05:35:34.00,458575.7987,5632966.0727,2949205.3188
2024/02/14 05:35:35.00,458575.4708,5632970.7681,2949206.3153
2024/02/14 05:35:36.00,458575.8075,5632966.0943,2949205.2997
2024/02/14 05:35:37.00,458575.7612,5632965.9805,2949205.4327
2024/02/14 05:35:38.00,458575.554,5632965.7667,2949205.9501
2024/02/14 05:35:39.00,458574.841,5632970.0038,2949207.9201
2024/02/14 05:35:40.00,458576.117,5632967.2527,2949210.3214
2024/02/14 05:35:41.00,458573.9171,5632968.8787,2949210.26
2024/02/14 05:35:42.00,458575.226,5632966.1835,2949212.5198
2024/02/14 05:35:43.00,458573.3494,5632963.1291,2949211.4511
2024/02/14 05:35:44.00,458572.8038,5632962.4984,2949212.793
2024/02/14 05:35:45.00,458572.2617,5632961.7779,2949214.3142
2024/02/14 05:35:46.00,458571.7133,5632960.9899,2949215.8963
2024/02/14 05:35:47.00,458571.1105,5632960.2478,2949217.5285
2024/02/14 05:35:48.00,458570.5158,5632959.4701,2949219.114
2024/02/14 05:35:49.00,458569.6592,5632963.2886,2949221.4822
2024/02/14 05:35:50.00,458567.2227,5632965.2283,2949223.3594
2024/02/14 05:35:51.00,458566.7026,5632964.6082,2949224.7824
2024/02/14 05:35:52.00,458568.3559,5632956.6578,2949224.9277
2024/02/14 05:35:53.00,458566.1014,5632971.1325,2949228.9692
2024/02/14 05:35:54.00,458568.8011,5632957.6888,2949229.781
2024/02/14 05:35:55.00,458565.126,5632969.8516,2949231.4959
2024/02/14 05:35:56.00,458565.8523,5632958.4756,2949231.4309
2024/02/14 05:35:57.00,458565.5197,5632953.0988,2949232.0541
2024/02/14 05:35:58.00,458564.5094,5632956.8427,2949234.64
2024/02/14 05:35:59.00,458564.137,5632951.5226,2949235.2964
2024/02/14 05:36:00.00,458563.4934,5632950.7717,2949236.845
2024/02/14 05:36:01.00,458564.3885,5632952.512,2949240.3191
2024/02/14 05:36:02.00,458562.4759,5632949.3498,2949239.39
2024/02/14 05:36:03.00,458561.1405,5632956.1953,2949242.3029
2024/02/14 05:36:04.00,458561.1569,5632952.7773,2949242.8745
2024/02/14 05:36:05.00,458560.6556,5632952.1288,2949244.1346
2024/02/14 05:36:06.00,458559.5646,5632950.5926,2949245.7318
2024/02/14 05:36:07.00,458559.5943,5632950.8035,2949246.7077
2024/02/14 05:36:08.00,458559.1013,5632950.2015,2949247.9359
2024/02/14 05:36:09.00,458558.6521,5632949.5737,2949248.9535
2024/02/14 05:36:10.00,458558.2751,5632949.1389,2949249.9386
2024/02/14 05:36:11.00,458558.307,5632944.0432,2949249.6897
2024/02/14 05:36:12.00,458558.1441,5632943.8561,2949250.1169
2024/02/14 05:36:13.00,458557.2251,5632950.2323,2949252.0259
2024/02/14 05:36:14.00,458556.867,5632950.952,2949252.7893
2024/02/14 05:36:15.00,458557.4951,5632943.0017,2949251.6415
2024/02/14 05:36:16.00,458557.4361,5632942.8088,2949251.8401
2024/02/14 05:36:17.00,458557.2669,5632942.5985,2949252.248
2024/02/14 05:36:18.00,458556.6159,5632947.093,2949253.8866
2024/02/14 05:36:19.00,458555.0941,5632957.5757,2949255.8339
2024/02/14 05:36:20.00,458555.7536,5632949.4832,2949255.3557
2024/02/14 05:36:21.00,458554.6794,5632957.0617,2949256.7889
2024/02/14 05:36:22.00,458554.3927,5632956.6958,2949257.5325
2024/02/14 05:36:23.00,458555.6663,5632940.7871,2949256.1098
2024/02/14 05:36:24.00,458553.4609,5632955.4749,2949259.9774
2024/02/14 05:36:25.00,458553.863,5632946.8321,2949260.287
2024/02/14 05:36:26.00,458554.3004,5632939.2021,2949259.7522
2024/02/14 05:36:27.00,458553.8382,5632943.3127,2949261.2046
2024/02/14 05:36:28.00,458553.8296,5632943.3057,2949261.2296
2024/02/14 05:36:29.00,458553.8265,5632943.3011,2949261.231
2024/02/14 05:36:30.00,458553.8207,5632943.292,2949261.2512
2024/02/14 05:36:31.00,458553.1609,5632946.1894,2949262.2861
2024/02/14 05:36:32.00,458553.6909,5632943.1678,2949261.6231
2024/02/14 05:36:33.00,458553.5442,5632942.8699,2949261.9315
2024/02/14 05:36:34.00,458553.3849,5632942.6841,2949262.3723
2024/02/14 05:36:35.00,458553.1984,5632942.4408,2949262.8969
2024/02/14 05:36:36.00,458552.9839,5632942.1249,2949263.4557
2024/02/14 05:36:37.00,458552.7436,5632941.7836,2949264.1037
2024/02/14 05:36:38.00,458552.4215,5632941.3934,2949264.8997
2024/02/14 05:36:39.00,458552.0072,5632940.8804,2949265.94
2024/02/14 05:36:40.00,458551.5068,5632940.2743,2949267.0894
2024/02/14 05:36:41.00,458550.9933,5632939.6517,2949268.336
2024/02/14 05:36:42.00,458550.4317,5632938.9506,2949269.6948
2024/02/14 05:36:43.00,458550.2437,5632933.6089,2949270.1019
2024/02/14 05:36:44.00,458549.2984,5632937.4594,2949272.6936
2024/02/14 05:36:45.00,458548.674,5632936.5739,2949274.5099
2024/02/14 05:36:46.00,458547.3019,5632938.7711,2949277.4111
2024/02/14 05:36:47.00,458547.2116,5632934.6533,2949278.3532
2024/02/14 05:36:48.00,458546.4461,5632933.6711,2949280.3156
2024/02/14 05:36:49.00,458545.6726,5632932.671,2949282.2723
2024/02/14 05:36:50.00,458544.9932,5632931.8331,2949283.9969
2024/02/14 05:36:51.00,458543.7441,5632933.9408,2949286.4419
2024/02/14 05:36:52.00,458543.2103,5632932.8575,2949287.5371
2024/02/14 05:36:53.00,458545.0054,5632927.5168,2949289.5591
2024/02/14 05:36:54.00,458544.4861,5632926.7698,2949290.9156
2024/02/14 05:36:55.00,458543.2512,5632923.3776,2949288.9631
2024/02/14 05:36:56.00,458540.9671,5632929.9381,2949294.1268
2024/02/14 05:36:57.00,458541.8115,5632922.072,2949292.3774
2024/02/14 05:36:58.00,458540.3878,5632928.7308,2949295.3983
2024/02/14 05:36:59.00,458541.0062,5632920.8954,2949294.7121
2024/02/14 05:37:00.00,458539.7679,5632927.9074,2949297.1222
2024/02/14 05:37:01.00,458538.0401,5632927.6884,2949296.4243
2024/02/14 05:37:02.00,458539.5778,5632927.6831,2949297.5933
2024/02/14 05:37:03.00,458539.578,5632927.6624,2949297.5864
2024/02/14 05:37:04.00,458539.5778,5632927.6691,2949297.5914
2024/02/14 05:37:05.00,458539.5765,5632927.67,2949297.5915
2024/02/14 05:37:06.00,458538.1276,5632928.1589,2949297.712
2024/02/14 05:37:07.00,458538.1288,5632928.1471,2949297.7096
2024/02/14 05:37:08.00,458539.5756,5632927.6633,2949297.6043
2024/02/14 05:37:09.00,458539.561,5632927.5211,2949297.6839
2024/02/14 05:37:10.00,458539.4536,5632927.7019,2949297.995
2024/02/14 05:37:11.00,458539.8361,5632924.6786,2949297.8083
2024/02/14 05:37:12.00,458541.2752,5632922.272,2949299.6258
2024/02/14 05:37:13.00,458539.2719,5632923.9906,2949299.1297
2024/02/14 05:37:14.00,458540.8241,5632921.6168,2949300.9003
2024/02/14 05:37:15.00,458540.7821,5632921.5953,2949301.0748
2024/02/14 05:37:16.00,458540.7822,5632921.5929,2949301.0768
2024/02/14 05:37:17.00,458537.0528,5632926.2284,2949300.4538
2024/02/14 05:37:18.00,458538.4356,5632926.2671,2949300.6474
2024/02/14 05:37:19.00,458536.7914,5632926.0855,2949299.4763
2024/02/14 05:37:20.00,458536.7907,5632926.0831,2949299.4773
2024/02/14 05:37:21.00,458536.7912,5632926.0781,2949299.4788
2024/02/14 05:37:29.00,458536.7922,5632926.0725,2949299.4784
2024/02/14 05:37:30.00,458536.7908,5632926.0768,2949299.4783
2024/02/14 05:37:31.00,458536.7934,5632926.0769,2949299.4807
2024/02/14 05:37:38.00,458538.9056,5632923.4863,2949300.218
2024/02/14 05:37:39.00,458538.8635,5632923.4155,2949300.3254
2024/02/14 05:37:40.00,458538.4344,5632925.4729,2949300.8665
2024/02/14 05:37:41.00,458538.4339,5632925.4661,2949300.8626
2024/02/14 05:37:42.00,458538.4368,5632925.4681,2949300.8632
2024/02/14 05:37:43.00,458538.4361,5632925.465,2949300.8633
2024/02/14 05:37:44.00,458538.4348,5632925.4704,2949300.8649
2024/02/14 05:37:45.00,458536.7177,5632925.9439,2949299.8025
2024/02/14 05:37:46.00,458536.7178,5632925.9431,2949299.8017
2024/02/14 05:37:47.00,458536.696,5632925.8839,2949299.7539
2024/02/14 05:37:48.00,458536.694,5632925.8785,2949299.7522
2024/02/14 05:37:49.00,458538.4421,5632925.4252,2949300.8532
2024/02/14 05:37:50.00,458536.7149,5632925.9485,2949299.802
2024/02/14 05:37:51.00,458536.7154,5632925.9548,2949299.8061
2024/02/14 05:37:52.00,458536.6865,5632925.9074,2949299.7573
2024/02/14 05:37:53.00,458536.713,5632925.9517,2949299.8047
2024/02/14 05:37:54.00,458536.713,5632925.9505,2949299.8037
2024/02/14 05:37:55.00,458538.4426,5632925.4138,2949300.8503
2024/02/14 05:37:56.00,458539.6541,5632929.6569,2949301.0894
2024/02/14 05:37:57.00,458536.7127,5632925.9556,2949299.8044
2024/02/14 05:37:58.00,458538.444,5632925.4101,2949300.8504
2024/02/14 05:37:59.00,458538.4441,5632925.4108,2949300.8511
2024/02/14 05:38:00.00,458538.4426,5632925.4163,2949300.8556
2024/02/14 05:38:01.00,458536.7138,5632925.9651,2949299.8122
2024/02/14 05:38:02.00,458538.4427,5632925.4157,2949300.8524
2024/02/14 05:38:03.00,458538.443,5632925.4122,2949300.8509
2024/02/14 05:38:04.00,458536.8344,5632927.5897,2949301.327
2024/02/14 05:38:05.00,458536.8352,5632927.5878,2949301.3254
2024/02/14 05:38:06.00,458538.4527,5632925.4259,2949300.8611
2024/02/14 05:38:07.00,458538.4535,5632925.4234,2949300.8606
2024/02/14 05:38:08.00,458538.452,5632925.4273,2949300.8618
2024/02/14 05:38:09.00,458538.4501,5632925.4234,2949300.8597
2024/02/14 05:38:10.00,458538.4541,5632925.4174,2949300.8585
2024/02/14 05:38:11.00,458538.4553,5632925.4128,2949300.8572
2024/02/14 05:38:12.00,458538.4533,5632925.4192,2949300.8583
2024/02/14 05:38:13.00,458538.4566,5632925.4207,2949300.8639
2024/02/14 05:38:14.00,458538.4523,5632925.418,2949300.859
2024/02/14 05:38:15.00,458538.4534,5632925.4155,2949300.8552
2024/02/14 05:38:16.00,458538.4512,5632925.4307,2949300.8617
2024/02/14 05:38:17.00,458538.4522,5632925.4205,2949300.8607
2024/02/14 05:38:18.00,458538.452,5632925.4276,2949300.8607
2024/02/14 05:38:19.00,458538.4528,5632925.4234,2949300.8597
2024/02/14 05:38:20.00,458538.4495,5632925.4171,2949300.8669
2024/02/14 05:38:21.00,458536.3439,5632929.6807,2949301.7658
2024/02/14 05:38:22.00,458538.4094,5632925.3114,2949300.9603
2024/02/14 05:38:23.00,458538.3852,5632925.2436,2949301.0215
2024/02/14 05:38:24.00,458538.3449,5632925.2309,2949301.142
2024/02/14 05:38:25.00,458536.8635,5632923.4162,2949299.1432
2024/02/14 05:38:26.00,458536.6033,5632927.9536,2949300.1982
2024/02/14 05:38:27.00,458535.6868,5632928.1491,2949300.1313
2024/02/14 05:38:28.00,458535.685,5632928.1556,2949300.1331
2024/02/14 05:38:29.00,458538.3275,5632925.2178,2949301.1902
2024/02/14 05:38:30.00,458538.315,5632925.1201,2949301.2559
2024/02/14 05:38:31.00,458538.3828,5632930.6625,2949300.8285
2024/02/14 05:38:32.00,458538.3829,5632930.6636,2949300.8288
2024/02/14 05:38:33.00,458538.3859,5632930.6629,2949300.8293
2024/02/14 05:38:34.00,458538.3864,5632930.6544,2949300.8268
2024/02/14 05:38:35.00,458538.3841,5632930.6551,2949300.8296
2024/02/14 05:38:36.00,458538.3874,5632930.6618,2949300.8341
2024/02/14 05:38:37.00,458538.404,5632930.5723,2949300.8155
2024/02/14 05:38:38.00,458538.3898,5632930.5975,2949300.8433
2024/02/14 05:38:39.00,458538.3893,5632930.6003,2949300.8431
2024/02/14 05:38:40.00,458538.3948,5632930.5926,2949300.8413
2024/02/14 05:38:41.00,458538.3914,5632930.5988,2949300.8433
2024/02/14 05:38:42.00,458538.3903,5632930.5953,2949300.8434
2024/02/14 05:38:43.00,458538.3891,5632930.5928,2949300.8408
2024/02/14 05:38:44.00,458538.3904,5632930.5857,2949300.8388
2024/02/14 05:38:45.00,458538.3859,5632930.5839,2949300.836
2024/02/14 05:38:46.00,458538.3897,5632930.5893,2949300.84
2024/02/14 05:38:47.00,458538.3886,5632930.6049,2949300.8506
2024/02/14 05:38:48.00,458538.2507,5632925.7002,2949301.4773
2024/02/14 05:38:49.00,458538.3262,5632925.0297,2949301.2597
2024/02/14 05:38:50.00,458538.2519,5632925.7021,2949301.4786
2024/02/14 05:38:51.00,458538.3293,5632925.0298,2949301.2597
2024/02/14 05:38:52.00,458538.2552,5632925.697,2949301.4786
2024/02/14 05:38:53.00,458538.3295,5632925.0307,2949301.2649
2024/02/14 05:38:54.00,458538.2536,5632925.6977,2949301.4799
2024/02/14 05:38:55.00,458538.2534,5632925.69,2949301.4747
2024/02/14 05:38:56.00,458538.253,5632925.6994,2949301.4806
2024/02/14 05:38:57.00,458538.3274,5632925.0344,2949301.2648
2024/02/14 05:38:58.00,458538.3238,5632925.0334,2949301.2622
2024/02/14 05:38:59.00,458538.3302,5632925.0311,2949301.2666
2024/02/14 05:39:00.00,458538.329,5632925.0212,2949301.2596
2024/02/14 05:39:01.00,458538.3269,5632925.0355,2949301.2666
2024/02/14 05:39:02.00,458538.3325,5632925.0284,2949301.2643
2024/02/14 05:39:03.00,458538.3273,5632925.0149,2949301.255
2024/02/14 05:39:04.00,458538.3258,5632925.0138,2949301.2582
2024/02/14 05:39:05.00,458538.2521,5632925.698,2949301.4796
2024/02/14 05:39:06.00,458538.3278,5632925.0037,2949301.254
2024/02/14 05:39:07.00,458538.2589,5632925.6917,2949301.4817
2024/02/14 05:39:08.00,458538.2407,5632925.7283,2949301.4867
2024/02/14 05:39:09.00,458538.3252,5632925.0177,2949301.2572
2024/02/14 05:39:10.00,458538.3251,5632925.0148,2949301.256
2024/02/14 05:39:11.00,458538.2565,5632925.6819,2949301.4758
2024/02/14 05:39:12.00,458538.2602,5632925.6748,2949301.4745
2024/02/14 05:39:13.00,458538.2419,5632925.7244,2949301.4876
2024/02/14 05:39:14.00,458538.2576,5632925.6778,2949301.4761
2024/02/14 05:39:15.00,458538.322,5632925.0228,2949301.2575
2024/02/14 05:39:16.00,458538.3262,5632925.0275,2949301.2621
2024/02/14 05:39:17.00,458538.2432,5632925.7288,2949301.4894
2024/02/14 05:39:18.00,458538.2605,5632925.6815,2949301.4792
2024/02/14 05:39:19.00,458538.2554,5632925.6832,2949301.4773
2024/02/14 05:39:20.00,458538.258,5632925.669,2949301.4726
2024/02/14 05:39:21.00,458538.2485,5632925.6992,2949301.4811
2024/02/14 05:39:22.00,458538.2404,5632925.7274,2949301.4898
2024/02/14 05:39:23.00,458538.2395,5632925.728,2949301.4881
2024/02/14 05:39:24.00,458538.2542,5632925.6777,2949301.4758
2024/02/14 05:39:25.00,458538.2404,5632925.7309,2949301.49
2024/02/14 05:39:26.00,458538.2565,5632925.6817,2949301.4772
2024/02/14 05:39:27.00,458538.3202,5632925.0251,2949301.2594
2024/02/14 05:39:28.00,458538.2632,5632925.6451,2949301.4711
2024/02/14 05:39:29.00,458538.2633,5632925.6428,2949301.4708
2024/02/14 05:39:30.00,458538.2558,5632925.6869,2949301.4794
2024/02/14 05:39:31.00,458538.3211,5632925.0287,2949301.2602
2024/02/14 05:39:32.00,458538.2526,5632925.6886,2949301.4779
2024/02/14 05:39:33.00,458538.3209,5632925.0288,2949301.2611
2024/02/14 05:39:34.00,458538.3139,5632925.0512,2949301.2652
2024/02/14 05:39:35.00,458538.3208,5632925.031,2949301.2608
2024/02/14 05:39:36.00,458538.3162,5632925.0462,2949301.2638
2024/02/14 05:39:37.00,458538.3153,5632925.0485,2949301.2635
2024/02/14 05:39:38.00,458538.3163,5632925.0502,2949301.263
2024/02/14 05:39:39.00,458538.3165,5632925.031,2949301.2589
2024/02/14 05:39:40.00,458538.3162,5632925.0365,2949301.2617
2024/02/14 05:39:41.00,458538.3172,5632925.0337,2949301.2622
2024/02/14 05:39:42.00,458538.3191,5632925.0309,2949301.2577
2024/02/14 05:39:43.00,458538.3146,5632925.0397,2949301.2621
2024/02/14 05:39:44.00,458538.3177,5632925.0319,2949301.2602
2024/02/14 05:39:45.00,458536.1908,5632931.4172,2949302.2633
2024/02/14 05:39:46.00,458538.3169,5632925.0417,2949301.2648
2024/02/14 05:39:50.00,458538.3173,5632925.0366,2949301.2599
2024/02/14 05:39:51.00,458538.3168,5632925.0341,2949301.2584
2024/02/14 05:39:56.00,458536.1868,5632931.4216,2949302.2604
2024/02/14 05:39:57.00,458536.1774,5632931.4025,2949302.2439
2024/02/14 05:39:58.00,458536.1745,5632931.4051,2949302.2433
2024/02/14 05:39:59.00,458536.1748,5632931.4047,2949302.2444
2024/02/14 05:40:00.00,458536.174,5632931.4019,2949302.2429
2024/02/14 05:40:01.00,458536.1754,5632931.4047,2949302.2466
2024/02/14 05:40:02.00,458536.1782,5632931.399,2949302.2438
2024/02/14 05:40:03.00,458536.1762,5632931.4017,2949302.2443
2024/02/14 05:40:04.00,458536.1779,5632931.4011,2949302.2442
2024/02/14 05:40:05.00,458536.1756,5632931.3981,2949302.2438
2024/02/14 05:40:06.00,458536.1735,5632931.406,2949302.2452
2024/02/14 05:40:07.00,458538.2917,5632925.5368,2949301.4503
2024/02/14 05:40:08.00,458536.1714,5632931.3757,2949302.2421
2024/02/14 05:40:09.00,458536.1731,5632931.4077,2949302.2455
2024/02/14 05:40:10.00,458538.2863,5632925.5708,2949301.4511
2024/02/14 05:40:11.00,458536.1657,5632931.3825,2949302.2419
2024/02/14 05:40:12.00,458536.3079,5632924.6608,2949299.6818
2024/02/14 05:40:13.00,458538.2932,5632925.532,2949301.4479
2024/02/14 05:40:14.00,458536.3079,5632924.6612,2949299.6831
2024/02/14 05:40:15.00,458538.2923,5632925.538,2949301.4507
2024/02/14 05:40:16.00,458538.2936,5632925.5332,2949301.4493
2024/02/14 05:40:17.00,458538.2943,5632925.5343,2949301.4477
2024/02/14 05:40:18.00,458536.309,5632924.6601,2949299.6824
2024/02/14 05:40:19.00,458538.2918,5632925.5324,2949301.445
2024/02/14 05:40:20.00,458538.2947,5632925.5267,2949301.4457
2024/02/14 05:40:21.00,458538.2934,5632925.5256,2949301.4475
2024/02/14 05:40:22.00,458538.2836,5632925.5766,2949301.4527
2024/02/14 05:40:23.00,458538.2851,5632925.5712,2949301.4533
2024/02/14 05:40:24.00,458538.2749,5632925.6108,2949301.4632
2024/02/14 05:40:25.00,458538.2878,5632925.566,2949301.4519
2024/02/14 05:40:26.00,458535.6031,5632934.1896,2949303.2217
2024/02/14 05:40:27.00,458538.2833,5632925.5663,2949301.4485
2024/02/14 05:40:28.00,458538.2381,5632922.0622,2949299.1028
2024/02/14 05:40:29.00,458538.3042,5632921.7155,2949298.9992
2024/02/14 05:40:30.00,458538.2828,5632925.558,2949301.4455
2024/02/14 05:40:31.00,458538.2762,5632925.5543,2949301.4761
2024/02/14 05:40:32.00,458538.2329,5632925.4777,2949301.5966
2024/02/14 05:40:33.00,458538.0995,5632921.4627,2949299.4298
2024/02/14 05:40:34.00,458535.7828,5632931.4437,2949303.6667
2024/02/14 05:40:35.00,458537.2283,5632924.6378,2949303.4269
2024/02/14 05:40:36.00,458534.6111,5632930.333,2949305.928
2024/02/14 05:40:37.00,458535.9768,5632919.631,2949305.7373
2024/02/14 05:40:38.00,458535.1939,5632922.4069,2949307.9011
2024/02/14 05:40:39.00,458534.5572,5632921.6058,2949309.5114
2024/02/14 05:40:40.00,458533.9108,5632921.0435,2949311.0658
2024/02/14 05:40:41.00,458531.253,5632920.2871,2949311.6442
2024/02/14 05:40:42.00,458532.4481,5632918.899,2949314.942
2024/02/14 05:40:43.00,458531.5065,5632917.969,2949317.2807
2024/02/14 05:40:44.00,458530.8407,5632917.0262,2949319.1052
2024/02/14 05:40:45.00,458530.1573,5632915.6909,2949321.2813
2024/02/14 05:40:46.00,458529.2741,5632914.5222,2949323.6076
2024/02/14 05:40:47.00,458528.1793,5632913.3587,2949326.2375
2024/02/14 05:40:48.00,458525.2554,5632918.4546,2949329.5382
2024/02/14 05:40:49.00,458526.2547,5632911.0337,2949330.4973
2024/02/14 05:40:50.00,458525.3651,5632909.9743,2949332.6262
2024/02/14 05:40:51.00,458524.4324,5632908.5003,2949334.8527
2024/02/14 05:40:52.00,458523.2715,5632907.1284,2949337.5986
2024/02/14 05:40:53.00,458520.0728,5632908.2253,2949341.1217
2024/02/14 05:40:54.00,458518.5201,5632904.8549,2949342.6457
2024/02/14 05:40:55.00,458518.9232,5632903.3257,2949347.3418
2024/02/14 05:40:56.00,458515.6349,5632903.7052,2949350.9411
2024/02/14 05:40:57.00,458514.104,5632900.1055,2949352.7834
2024/02/14 05:40:58.00,458514.7395,5632897.8908,2949357.3276
2024/02/14 05:40:59.00,458511.642,5632898.9047,2949360.8544
2024/02/14 05:41:00.00,458512.5166,5632891.5482,2949360.7067
2024/02/14 05:41:01.00,458509.9694,5632894.1601,2949362.5646
2024/02/14 05:41:02.00,458508.9862,5632895.6291,2949367.7013
2024/02/14 05:41:03.00,458510.3033,5632892.0956,2949368.7813
2024/02/14 05:41:04.00,458509.8299,5632891.1972,2949370.1709
2024/02/14 05:41:05.00,458507.1782,5632896.0005,2949373.2261
2024/02/14 05:41:08.00,458507.6573,5632899.3391,2949378.7041
2024/02/14 05:41:09.00,458507.8415,5632888.572,2949376.0811
2024/02/14 05:41:10.00,458507.7775,5632889.2525,2949376.2306
2024/02/14 05:41:11.00,458507.7765,5632889.2574,2949376.2377
2024/02/14 05:41:12.00,458507.7691,5632888.9581,2949376.1893
2024/02/14 05:41:13.00,458507.7719,5632889.1708,2949376.2023
2024/02/14 05:41:14.00,458507.8048,5632884.9738,2949373.8997
2024/02/14 05:41:15.00,458507.6871,5632888.8277,2949376.4763
2024/02/14 05:41:17.00,458507.6457,5632888.9805,2949376.5746
2024/02/14 05:41:18.00,458507.6459,5632888.9768,2949376.5721
2024/02/14 05:41:19.00,458507.6446,5632888.9888,2949376.5768
2024/02/14 05:41:20.00,458507.6489,5632888.9536,2949376.5685
2024/02/14 05:41:21.00,458507.6507,5632888.9578,2949376.5715
2024/02/14 05:41:22.00,458507.6437,5632888.9932,2949376.5759
2024/02/14 05:41:23.00,458507.6423,5632888.9801,2949376.5768
2024/02/14 05:41:24.00,458507.6422,5632888.9779,2949376.5699
2024/02/14 05:41:25.00,458507.6644,5632889.0302,2949376.6031
2024/02/14 05:41:26.00,458508.8843,5632884.0766,2949377.796
2024/02/14 05:41:27.00,458508.8892,5632884.0784,2949377.7965
2024/02/14 05:41:28.00,458507.6673,5632889.0222,2949376.6025
2024/02/14 05:41:29.00,458507.6409,5632888.9605,2949376.5539
2024/02/14 05:41:30.00,458507.6462,5632888.9627,2949376.5564
2024/02/14 05:41:31.00,458507.6419,5632888.9541,2949376.5508
2024/02/14 05:41:32.00,458507.6381,5632888.9557,2949376.5489
2024/02/14 05:41:33.00,458507.7173,5632888.5964,2949376.4467
2024/02/14 05:41:34.00,458508.8883,5632884.0793,2949377.798
2024/02/14 05:41:35.00,458507.6405,5632888.9472,2949376.5493
2024/02/14 05:41:36.00,458508.8874,5632884.0844,2949377.7983
2024/02/14 05:41:37.00,458507.6358,5632888.9513,2949376.55
2024/02/14 05:41:38.00,458507.639,5632888.9489,2949376.5389
2024/02/14 05:41:39.00,458507.6403,5632888.9473,2949376.5398
2024/02/14 05:41:40.00,458508.8937,5632884.0794,2949377.7901
2024/02/14 05:41:41.00,458507.6423,5632888.9393,2949376.5362
2024/02/14 05:41:42.00,458507.6395,5632888.9241,2949376.534
2024/02/14 05:41:43.00,458507.6422,5632888.9289,2949376.5389
2024/02/14 05:41:44.00,458507.642,5632888.9432,2949376.5421
2024/02/14 05:41:45.00,458507.6409,5632888.9305,2949376.5395
2024/02/14 05:41:46.00,458507.6471,5632888.9364,2949376.5419
2024/02/14 05:41:47.00,458507.6382,5632888.937,2949376.5345
2024/02/14 05:41:48.00,458507.6525,5632888.7086,2949376.5433
2024/02/14 05:41:49.00,458507.6299,5632888.9434,2949376.5958
2024/02/14 05:41:50.00,458507.6036,5632888.8648,2949376.6743
2024/02/14 05:41:51.00,458507.577,5632888.5929,2949376.7865
2024/02/14 05:41:52.00,458507.6919,5632884.9674,2949376.3222
2024/02/14 05:41:53.00,458507.5505,5632888.4556,2949376.9599
2024/02/14 05:41:54.00,458507.4201,5632888.232,2949377.0208
2024/02/14 05:41:55.00,458507.4923,5632888.3669,2949377.2009
2024/02/14 05:41:56.00,458507.4839,5632888.3306,2949377.2721
2024/02/14 05:41:57.00,458507.5955,5632884.702,2949376.7632
2024/02/14 05:41:58.00,458505.5059,5632888.6149,2949376.0685
2024/02/14 05:41:59.00,458507.5971,5632884.7058,2949376.7598
2024/02/14 05:42:00.00,458505.5005,5632888.5942,2949376.0585
2024/02/14 05:42:01.00,458507.4884,5632888.2787,2949377.291
2024/02/14 05:42:02.00,458505.51,5632888.6419,2949376.0736
2024/02/14 05:42:03.00,458505.4869,5632888.9624,2949376.1768
2024/02/14 05:42:04.00,458505.4832,5632888.9723,2949376.1797
2024/02/14 05:42:05.00,458505.5095,5632888.6514,2949376.0645
2024/02/14 05:42:06.00,458507.4917,5632888.2998,2949377.2523
2024/02/14 05:42:07.00,458507.4454,5632888.2234,2949377.4505
2024/02/14 05:42:08.00,458507.4089,5632888.1001,2949377.7035
2024/02/14 05:42:09.00,458505.9244,5632885.5505,2949375.8053
2024/02/14 05:42:10.00,458507.3348,5632887.8817,2949378.1599
2024/02/14 05:42:11.00,458507.3033,5632887.7721,2949378.3768
2024/02/14 05:42:12.00,458507.251,5632887.6326,2949378.7283
2024/02/14 05:42:13.00,458507.1742,5632887.431,2949379.0952
2024/02/14 05:42:14.00,458507.0592,5632887.1442,2949379.6921
2024/02/14 05:42:15.00,458505.4392,5632884.3193,2949378.3131
2024/02/14 05:42:16.00,458504.6765,5632886.9423,2949380.1786
2024/02/14 05:42:17.00,458504.4171,5632886.3828,2949381.2543
2024/02/14 05:42:18.00,458506.0163,5632885.3496,2949383.8668
2024/02/14 05:42:19.00,458505.7874,5632884.6803,2949385.1596
2024/02/14 05:42:20.00,458505.533,5632883.9676,2949386.6761
2024/02/14 05:42:21.00,458503.3207,5632883.1518,2949386.9633
2024/02/14 05:42:22.00,458502.8941,5632882.1855,2949389.2232
2024/02/14 05:42:23.00,458504.3139,5632880.4453,2949393.2658
2024/02/14 05:42:24.00,458503.6912,5632878.9154,2949396.0263
2024/02/14 05:42:25.00,458500.9084,5632877.5008,2949397.8157
2024/02/14 05:42:26.00,458501.7092,5632871.4175,2949402.1431
2024/02/14 05:42:27.00,458497.8041,5632873.3548,2949405.5708
2024/02/14 05:42:28.00,458495.7721,5632871.0132,2949409.9252
2024/02/14 05:42:29.00,458493.6826,5632868.5528,2949414.5363
2024/02/14 05:42:30.00,458493.6678,5632861.4626,2949417.9536
2024/02/14 05:42:31.00,458489.4753,5632863.2861,2949423.9433
2024/02/14 05:42:32.00,458487.2281,5632860.5551,2949428.7162
2024/02/14 05:42:33.00,458485.1232,5632857.7946,2949433.6577
2024/02/14 05:42:34.00,458483.1485,5632854.9121,2949438.7469
2024/02/14 05:42:35.00,458483.2489,5632847.8043,2949444.5454
2024/02/14 05:42:36.00,458478.9675,5632848.9533,2949449.1676
2024/02/14 05:42:37.00,458476.7878,5632845.9545,2949454.5359
2024/02/14 05:42:38.00,458474.5453,5632842.9165,2949459.9515
2024/02/14 05:42:39.00,458472.3936,5632839.8965,2949465.2835
2024/02/14 05:42:40.00,458470.2436,5632836.8526,2949470.587
2024/02/14 05:42:41.00,458468.3784,5632834.0637,2949475.4243
2024/02/14 05:42:42.00,458466.7455,5632831.447,2949480.0477
2024/02/14 05:42:43.00,458467.2235,5632828.4795,2949486.0575
2024/02/14 05:42:44.00,458464.3741,5632826.4421,2949488.8481
2024/02/14 05:42:45.00,458463.7479,5632824.1804,2949492.7634
2024/02/14 05:42:46.00,458465.3885,5632817.7092,2949497.3163
2024/02/14 05:42:47.00,458465.0597,5632815.22,2949501.513
2024/02/14 05:42:48.00,458462.8854,5632816.6731,2949505.549
2024/02/14 05:42:49.00,458465.1236,5632813.3652,2949511.9993
2024/02/14 05:42:50.00,458466.1079,5632806.2113,2949516.5856
2024/02/14 05:42:51.00,458465.1718,5632806.8456,2949521.7087
2024/02/14 05:42:52.00,458468.9007,5632798.9337,2949528.3311
2024/02/14 05:42:53.00,458470.8125,5632794.8016,2949532.6525
2024/02/14 05:42:54.00,458472.8142,5632791.1458,2949540.8706
2024/02/14 05:42:55.00,458474.796,5632790.2209,2949547.7631
2024/02/14 05:42:56.00,458476.7924,5632786.0769,2949554.3677
2024/02/14 05:42:57.00,458478.783,5632778.8165,2949560.6589
2024/02/14 05:42:58.00,458480.6134,5632777.7672,2949567.7949
2024/02/14 05:42:59.00,458482.5712,5632770.5829,2949573.9883
2024/02/14 05:43:00.00,458484.5226,5632766.2501,2949578.6874
2024/02/14 05:43:01.00,458486.6613,5632765.6652,2949587.5
2024/02/14 05:43:02.00,458489.0284,5632761.6272,2949594.0042
2024/02/14 05:43:03.00,458491.0874,5632758.8492,2949601.1214
2024/02/14 05:43:04.00,458493.5868,5632750.377,2949606.7489
2024/02/14 05:43:05.00,458495.7857,5632746.2471,2949613.3865
2024/02/14 05:43:06.00,458497.7156,5632746.4115,2949621.0464
2024/02/14 05:43:07.00,458500.0777,5632737.992,2949626.5907
2024/02/14 05:43:08.00,458501.8411,5632734.3567,2949632.507
2024/02/14 05:43:09.00,458503.5287,5632734.2911,2949638.0401
2024/02/14 05:43:10.00,458505.0326,5632731.5072,2949642.5112
2024/02/14 05:43:11.00,458506.3475,5632729.4922,2949647.0843
2024/02/14 05:43:12.00,458505.8404,5632727.0381,2949650.2801
2024/02/14 05:43:13.00,458509.4981,5632723.1835,2949655.8303
2024/02/14 05:43:14.00,458511.1605,5632720.3176,2949660.4067
2024/02/14 05:43:15.00,458512.7831,5632717.3125,2949664.9925
2024/02/14 05:43:16.00,458514.5205,5632714.5398,2949669.8613
2024/02/14 05:43:17.00,458516.1287,5632712.2906,2949674.8979
2024/02/14 05:43:18.00,458518.0007,5632708.4864,2949679.5507
2024/02/14 05:43:19.00,458519.6638,5632705.3889,2949684.5455
2024/02/14 05:43:20.00,458521.3287,5632702.2017,2949689.6646
2024/02/14 05:43:21.00,458523.0068,5632696.1036,2949694.0202
2024/02/14 05:43:22.00,458522.2542,5632697.7913,2949697.37
2024/02/14 05:43:23.00,458523.4805,5632695.6971,2949700.6865
2024/02/14 05:43:24.00,458526.6605,5632693.0642,2949704.2015
2024/02/14 05:43:25.00,458527.5154,5632691.7036,2949706.3028
2024/02/14 05:43:26.00,458528.2973,5632687.3168,2949708.0988
2024/02/14 05:43:27.00,458529.0991,5632688.364,2949710.483
2024/02/14 05:43:28.00,458529.9746,5632687.691,2949714.2455
2024/02/14 05:43:29.00,458529.2962,5632685.6843,2949715.7221
2024/02/14 05:43:30.00,458530.4416,5632683.973,2949719.2263
2024/02/14 05:43:31.00,458533.6513,5632681.1999,2949723.3909
2024/02/14 05:43:32.00,458534.9046,5632676.1398,2949726.5585
2024/02/14 05:43:33.00,458537.4388,5632677.0261,2949730.125
2024/02/14 05:43:34.00,458537.9139,5632669.9962,2949734.2302
2024/02/14 05:43:35.00,458539.6038,5632670.9594,2949739.8165
2024/02/14 05:43:36.00,458541.3389,5632667.712,2949744.9189
2024/02/14 05:43:37.00,458543.2469,5632664.2225,2949750.3227
2024/02/14 05:43:38.00,458544.9946,5632661.4769,2949756.4236
2024/02/14 05:43:39.00,458546.8493,5632658.0183,2949761.94
2024/02/14 05:43:40.00,458548.6785,5632654.2559,2949766.3697
2024/02/14 05:43:41.00,458547.8375,5632652.9561,2949769.2565
2024/02/14 05:43:42.00,458550.5551,5632650.8828,2949773.554
2024/02/14 05:43:43.00,458551.2189,5632649.4127,2949775.9705
2024/02/14 05:43:44.00,458551.7933,5632648.125,2949778.1461
2024/02/14 05:43:45.00,458552.2378,5632647.1759,2949779.6815
2024/02/14 05:43:46.00,458552.6162,5632645.6879,2949780.2198
2024/02/14 05:43:47.00,458552.8094,5632645.9742,2949781.7108
2024/02/14 05:43:48.00,458553.3634,5632644.2123,2949782.4449
2024/02/14 05:43:49.00,458553.7512,5632643.6421,2949783.9335
2024/02/14 05:43:50.00,458554.0725,5632643.3911,2949785.9736
2024/02/14 05:43:51.00,458554.5349,5632642.5445,2949787.3436
2024/02/14 05:43:52.00,458554.9343,5632641.8101,2949788.6503
2024/02/14 05:43:53.00,458555.5912,5632640.1421,2949789.7651
2024/02/14 05:43:54.00,458556.1437,5632639.0999,2949791.4739
2024/02/14 05:43:55.00,458556.7222,5632638.0521,2949793.2615
2024/02/14 05:43:56.00,458557.3907,5632633.8918,2949794.7872
2024/02/14 05:43:57.00,458557.811,5632636.3902,2949797.711
2024/02/14 05:43:58.00,458558.5461,5632634.5731,2949799.8897
2024/02/14 05:43:59.00,458559.3657,5632629.6039,2949802.1812
2024/02/14 05:44:00.00,458560.0162,5632631.6366,2949805.7028
2024/02/14 05:44:01.00,458560.992,5632626.3399,2949807.8748
2024/02/14 05:44:02.00,458561.8757,5632624.5021,2949811.0918
2024/02/14 05:44:03.00,458562.9753,5632622.5451,2949814.6212
2024/02/14 05:44:04.00,458564.1149,5632623.3472,2949818.8891
2024/02/14 05:44:05.00,458565.4549,5632621.0119,2949823.0712
2024/02/14 05:44:06.00,458566.9363,5632618.5187,2949827.396
2024/02/14 05:44:07.00,458568.3764,5632616.0678,2949831.7613
2024/02/14 05:44:08.00,458569.7195,5632613.8511,2949836.0041
2024/02/14 05:44:09.00,458571.1158,5632611.4111,2949839.9828
2024/02/14 05:44:10.00,458572.3859,5632605.6813,2949843.034
2024/02/14 05:44:11.00,458573.5665,5632607.9672,2949848.0797
2024/02/14 05:44:12.00,458575.12,5632601.3363,2949850.9904
2024/02/14 05:44:13.00,458576.6366,5632598.9501,2949855.3156
2024/02/14 05:44:14.00,458578.1493,5632596.5186,2949859.6953
2024/02/14 05:44:15.00,458579.5741,5632594.2181,2949863.9479
2024/02/14 05:44:16.00,458580.9373,5632591.9737,2949867.973
2024/02/14 05:44:17.00,458582.2863,5632593.3656,2949872.5591
2024/02/14 05:44:18.00,458583.602,5632587.6286,2949875.7353
2024/02/14 05:44:19.00,458584.9666,5632585.3234,2949879.8108
2024/02/14 05:44:20.00,458586.2729,5632583.0673,2949884.0407
2024/02/14 05:44:21.00,458587.5621,5632580.7181,2949888.2516
2024/02/14 05:44:22.00,458588.8913,5632578.4203,2949892.399
2024/02/14 05:44:23.00,458590.2146,5632576.2644,2949896.3292
2024/02/14 05:44:24.00,458591.4991,5632574.1746,2949899.9836
2024/02/14 05:44:25.00,458592.7553,5632572.3332,2949903.4141
2024/02/14 05:44:26.00,458593.9298,5632570.5685,2949906.6006
2024/02/14 05:44:27.00,458594.9916,5632568.8527,2949909.7319
2024/02/14 05:44:28.00,458596.049,5632570.3486,2949913.7668
2024/02/14 05:44:29.00,458597.3007,5632564.8969,2949916.8393
2024/02/14 05:44:30.00,458598.6143,5632565.9877,2949921.5498
2024/02/14 05:44:31.00,458600.2196,5632560.1298,2949925.2735
2024/02/14 05:44:32.00,458601.7556,5632557.63,2949929.9783
2024/02/14 05:44:33.00,458603.3419,5632554.9088,2949934.8608
2024/02/14 05:44:34.00,458605.0143,5632551.9989,2949939.8848
2024/02/14 05:44:35.00,458606.7715,5632549.0675,2949945.3259
2024/02/14 05:44:36.00,458608.5447,5632545.8235,2949951.0271
2024/02/14 05:44:37.00,458610.2358,5632546.1522,2949957.4003
2024/02/14 05:44:38.00,458612.0062,5632539.5225,2949962.4565
2024/02/14 05:44:39.00,458613.7948,5632536.3097,2949968.2595
2024/02/14 05:44:40.00,458615.6395,5632533.1444,2949973.991
2024/02/14 05:44:41.00,458617.4545,5632530.1204,2949979.6775
2024/02/14 05:44:42.00,458619.3591,5632530.5435,2949986.1404
2024/02/14 05:44:43.00,458621.2625,5632523.7555,2949991.2015
2024/02/14 05:44:44.00,458623.2507,5632520.467,2949997.0255
2024/02/14 05:44:45.00,458625.1931,5632517.2472,2950002.8363
2024/02/14 05:44:46.00,458627.0768,5632514.1234,2950008.5069
2024/02/14 05:44:47.00,458628.9403,5632511.1092,2950013.9902
2024/02/14 05:44:48.00,458630.6728,5632508.1952,2950019.3123
2024/02/14 05:44:49.00,458632.1409,5632508.7651,2950025.2145
2024/02/14 05:44:50.00,458633.6332,5632505.8789,2950030.6408
2024/02/14 05:44:51.00,458635.1148,5632499.4634,2950035.6009
2024/02/14 05:44:52.00,458636.5581,5632499.7231,2950042.0536
2024/02/14 05:44:53.00,458638.1196,5632493.1258,2950047.3824
2024/02/14 05:44:54.00,458639.5948,5632489.8219,2950053.6012
2024/02/14 05:44:55.00,458640.9911,5632486.4129,2950060.0737
2024/02/14 05:44:56.00,458644.6416,5632488.6643,2950068.0403
2024/02/14 05:44:57.00,458642.8631,5632482.7259,2950074.0242
2024/02/14 05:44:58.00,458643.3267,5632479.3005,2950080.5576
2024/02/14 05:44:59.00,458643.5373,5632476.0318,2950086.8833
2024/02/14 05:45:00.00,458643.6552,5632473.0828,2950093.06
2024/02/14 05:45:01.00,458643.5724,5632470.3784,2950098.3227
2024/02/14 05:45:02.00,458643.4315,5632468.2353,2950102.489
2024/02/14 05:45:03.00,458643.2482,5632466.4973,2950105.8784
2024/02/14 05:45:04.00,458643.0106,5632461.29,2950108.1233
2024/02/14 05:45:05.00,458642.7342,5632459.7655,2950111.1084
2024/02/14 05:45:06.00,458642.3567,5632458.0989,2950114.4038
2024/02/14 05:45:07.00,458641.8707,5632456.2646,2950118.074
2024/02/14 05:45:08.00,458641.2515,5632454.2359,2950122.1145
2024/02/14 05:45:09.00,458640.5317,5632452.1158,2950126.5116
2024/02/14 05:45:10.00,458639.781,5632449.717,2950131.1865
2024/02/14 05:45:11.00,458638.958,5632447.275,2950136.2844
2024/02/14 05:45:12.00,458637.9425,5632444.5212,2950141.7922
2024/02/14 05:45:13.00,458636.6876,5632441.7178,2950147.5915
2024/02/14 05:45:14.00,458635.3928,5632439.0652,2950153.1525
2024/02/14 05:45:15.00,458634.0079,5632436.5034,2950158.5234
2024/02/14 05:45:16.00,458632.5624,5632433.8994,2950163.952
2024/02/14 05:45:17.00,458631.0236,5632431.2694,2950169.4713
2024/02/14 05:45:18.00,458629.379,5632428.6002,2950175.1147
2024/02/14 05:45:19.00,458627.6485,5632425.9016,2950180.9169
2024/02/14 05:45:20.00,458625.8202,5632427.8311,2950187.8407
2024/02/14 05:45:21.00,458623.8822,5632420.0552,2950193.0475
2024/02/14 05:45:22.00,458621.8276,5632416.9391,2950199.4921
2024/02/14 05:45:23.00,458619.6035,5632413.7045,2950206.1898
2024/02/14 05:45:24.00,458617.2496,5632410.4915,2950213.0561
2024/02/14 05:45:25.00,458614.8027,5632407.2842,2950219.8786
2024/02/14 05:45:26.00,458612.4314,5632404.1688,2950226.5343
2024/02/14 05:45:27.00,458610.0602,5632401.1042,2950233.0754
2024/02/14 05:45:28.00,458607.679,5632398.1448,2950239.4724
2024/02/14 05:45:29.00,458605.3572,5632395.2538,2950245.6329
2024/02/14 05:45:30.00,458603.0691,5632392.334,2950251.8287
2024/02/14 05:45:31.00,458600.7314,5632389.4057,2950258.1593
2024/02/14 05:45:32.00,458598.3086,5632386.4013,2950264.6545
2024/02/14 05:45:33.00,458595.7398,5632383.2588,2950271.2645
2024/02/14 05:45:34.00,458593.0927,5632380.053,2950278.1012
2024/02/14 05:45:35.00,458590.3895,5632376.7407,2950285.1619
2024/02/14 05:45:36.00,458587.6174,5632373.3447,2950292.528
2024/02/14 05:45:37.00,458584.762,5632369.772,2950300.2056
2024/02/14 05:45:38.00,458581.8547,5632366.0338,2950308.1796
2024/02/14 05:45:39.00,458578.9285,5632362.1829,2950316.3719
2024/02/14 05:45:40.00,458576.117,5632358.3733,2950324.4649
2024/02/14 05:45:41.00,458573.3556,5632354.6371,2950332.4048
2024/02/14 05:45:42.00,458570.6167,5632350.9792,2950340.1713
2024/02/14 05:45:43.00,458567.9668,5632347.4431,2950347.7301
2024/02/14 05:45:44.00,458565.5825,5632344.1949,2950354.668
2024/02/14 05:45:45.00,458563.7172,5632341.5748,2950360.2853
2024/02/14 05:45:46.00,458562.0163,5632339.3835,2950365.0178
2024/02/14 05:45:47.00,458560.304,5632337.3003,2950369.4551
2024/02/14 05:45:48.00,458558.5956,5632335.1576,2950374.0021
2024/02/14 05:45:49.00,458556.8996,5632332.8599,2950378.8677
2024/02/14 05:45:50.00,458555.2665,5632334.3813,2950384.6465
2024/02/14 05:45:51.00,458553.5637,5632332.0136,2950389.6673
2024/02/14 05:45:52.00,458551.8987,5632329.5489,2950394.8445
2024/02/14 05:45:53.00,458550.1941,5632327.0591,2950400.1587
2024/02/14 05:45:54.00,458548.4596,5632324.5115,2950405.5452
2024/02/14 05:45:55.00,458546.7511,5632321.9407,2950410.9822
2024/02/14 05:45:56.00,458545.0697,5632319.3548,2950416.4038
2024/02/14 05:45:57.00,458543.0921,5632317.5069,2950422.076
2024/02/14 05:45:58.00,458541.5742,5632310.6128,2950425.8317
2024/02/14 05:45:59.00,458539.8564,5632312.2061,2950431.5472
2024/02/14 05:46:00.00,458539.9592,5632306.0703,2950437.2216
2024/02/14 05:46:01.00,458538.1337,5632303.7391,2950442.2656
2024/02/14 05:46:02.00,458534.375,5632301.3261,2950445.8526
2024/02/14 05:46:03.00,458532.7022,5632298.8537,2950451.0518
2024/02/14 05:46:04.00,458531.1684,5632296.3479,2950456.3319
2024/02/14 05:46:05.00,458529.5829,5632293.8284,2950461.627
2024/02/14 05:46:06.00,458527.9635,5632291.2576,2950467.0279
2024/02/14 05:46:07.00,458526.1678,5632288.4794,2950472.8837
2024/02/14 05:46:08.00,458524.2103,5632285.5158,2950479.1352
2024/02/14 05:46:09.00,458522.3353,5632286.397,2950486.2856
2024/02/14 05:46:10.00,458520.4315,5632279.4619,2950491.7796
2024/02/14 05:46:11.00,458518.9343,5632276.2863,2950498.1473
2024/02/14 05:46:12.00,458517.7335,5632277.0799,2950505.4313
2024/02/14 05:46:13.00,458516.7457,5632270.0751,2950511.0047
2024/02/14 05:46:14.00,458516.059,5632267.0214,2950517.3418
2024/02/14 05:46:15.00,458515.7314,5632263.8955,2950523.5992
2024/02/14 05:46:16.00,458515.628,5632260.7874,2950529.823
2024/02/14 05:46:17.00,458515.7386,5632257.6263,2950535.9928
2024/02/14 05:46:18.00,458516.2932,5632258.3976,2950543.0022
2024/02/14 05:46:19.00,458516.8829,5632251.3986,2950548.2588
2024/02/14 05:46:20.00,458517.9082,5632248.331,2950554.3264
2024/02/14 05:46:21.00,458519.025,5632245.2074,2950560.3389
2024/02/14 05:46:22.00,458520.3481,5632245.9989,2950567.2037
2024/02/14 05:46:23.00,458521.7589,5632242.8755,2950573.1357
2024/02/14 05:46:24.00,458523.3463,5632235.9142,2950578.1995
2024/02/14 05:46:25.00,458525.3648,5632232.9087,2950584.0159
2024/02/14 05:46:26.00,458527.7574,5632233.75,2950590.5451
2024/02/14 05:46:27.00,458530.2717,5632230.7095,2950596.1518
2024/02/14 05:46:28.00,458533.05,5632223.7353,2950601.0274
2024/02/14 05:46:29.00,458536.4644,5632224.3536,2950607.8191
2024/02/14 05:46:30.00,458539.7973,5632221.1926,2950613.7896
2024/02/14 05:46:31.00,458542.8304,5632218.0827,2950619.5512
2024/02/14 05:46:32.00,458545.8255,5632215.0938,2950625.218
2024/02/14 05:46:33.00,458548.9479,5632212.0761,2950630.8851
2024/02/14 05:46:34.00,458552.1353,5632209.0267,2950636.6182
2024/02/14 05:46:35.00,458555.3367,5632205.8757,2950642.4787
2024/02/14 05:46:36.00,458558.6266,5632202.6683,2950648.4251
2024/02/14 05:46:37.00,458562.1071,5632199.3819,2950654.4303
2024/02/14 05:46:38.00,458563.7348,5632186.0115,2950658.3355
2024/02/14 05:46:39.00,458567.5255,5632182.6314,2950664.5114
2024/02/14 05:46:40.00,458573.3211,5632189.2733,2950673.037
2024/02/14 05:46:41.00,458577.1121,5632185.774,2950679.4953
2024/02/14 05:46:42.00,458580.9797,5632182.1881,2950686.0299
2024/02/14 05:46:43.00,458584.7379,5632174.6302,2950691.7991
2024/02/14 05:46:44.00,458588.6614,5632174.9807,2950699.2679
2024/02/14 05:46:45.00,458590.4641,5632161.3975,2950703.5575
2024/02/14 05:46:46.00,458596.1109,5632168.0382,2950712.0983
2024/02/14 05:46:47.00,458597.7987,5632154.6531,2950715.9876
2024/02/14 05:46:48.00,458601.3453,5632151.4462,2950721.8956
2024/02/14 05:46:49.00,458606.7367,5632158.3047,2950729.988
2024/02/14 05:46:50.00,458608.0749,5632145.1537,2950733.4842
2024/02/14 05:46:51.00,458613.15,5632152.3139,2950741.0608
2024/02/14 05:46:52.00,458614.1188,5632139.6465,2950743.6439
2024/02/14 05:46:53.00,458616.7091,5632137.4286,2950747.653
2024/02/14 05:46:54.00,458620.7718,5632145.7065,2950753.1597
2024/02/14 05:46:55.00,458620.539,5632134.1221,2950753.7335
2024/02/14 05:46:56.00,458624.0266,5632142.7901,2950758.5312
2024/02/14 05:46:57.00,458625.5683,5632141.3819,2950761.1695
2024/02/14 05:46:58.00,458627.2258,5632139.9193,2950763.9624
2024/02/14 05:46:59.00,458628.8796,5632138.3906,2950766.7452
2024/02/14 05:47:00.00,458628.3514,5632126.917,2950767.1526
2024/02/14 05:47:01.00,458631.5631,5632135.7168,2950771.7356
2024/02/14 05:47:02.00,458630.7256,5632124.5481,2950771.5571
2024/02/14 05:47:03.00,458633.6256,5632133.6703,2950775.4829
2024/02/14 05:47:04.00,458634.3115,5632133.0209,2950776.6885
2024/02/14 05:47:05.00,458634.9259,5632132.4347,2950777.798
2024/02/14 05:47:06.00,458635.7319,5632131.6179,2950779.3156
2024/02/14 05:47:07.00,458636.7205,5632130.6425,2950781.1412
2024/02/14 05:47:08.00,458637.8817,5632129.5546,2950783.1286
2024/02/14 05:47:09.00,458638.9681,5632124.6069,2950784.1805
2024/02/14 05:47:10.00,458640.1831,5632127.577,2950786.7357
2024/02/14 05:47:11.00,458640.9545,5632126.9456,2950787.8672
2024/02/14 05:47:12.00,458641.2963,5632126.6711,2950788.3742
2024/02/14 05:47:13.00,458641.5376,5632126.4755,2950788.729
2024/02/14 05:47:14.00,458641.9789,5632126.1263,2950789.3755
2024/02/14 05:47:15.00,458642.6975,5632125.5426,2950790.4235
2024/02/14 05:47:16.00,458643.3777,5632124.9798,2950791.4554
2024/02/14 05:47:17.00,458643.9708,5632120.4551,2950791.7219
2024/02/14 05:47:18.00,458644.857,5632123.6686,2950793.8709
2024/02/14 05:47:19.00,458645.5248,5632123.0619,2950794.9877
2024/02/14 05:47:20.00,458646.188,5632122.4737,2950796.113
2024/02/14 05:47:21.00,458646.9653,5632121.7525,2950797.4731
2024/02/14 05:47:22.00,458647.9045,5632120.9351,2950799.0719
2024/02/14 05:47:23.00,458648.8146,5632120.0784,2950800.6954
2024/02/14 05:47:24.00,458649.6752,5632119.3136,2950802.1507
2024/02/14 05:47:25.00,458648.7912,5632108.2743,2950801.7055
2024/02/14 05:47:26.00,458652.046,5632117.1278,2950806.0453
2024/02/14 05:47:27.00,458653.5657,5632115.7637,2950808.4823
2024/02/14 05:47:28.00,458655.27,5632114.2825,2950811.0323
2024/02/14 05:47:29.00,458657.0956,5632112.6931,2950813.7692
2024/02/14 05:47:30.00,458658.7651,5632111.1517,2950816.5795
2024/02/14 05:47:31.00,458660.4149,5632109.586,2950819.4802
2024/02/14 05:47:32.00,458662.2335,5632107.8571,2950822.6443
2024/02/14 05:47:33.00,458664.2165,5632105.876,2950826.2328
2024/02/14 05:47:34.00,458666.3012,5632103.8217,2950829.9823
2024/02/14 05:47:35.00,458668.3697,5632101.8308,2950833.6743
2024/02/14 05:47:36.00,458670.407,5632099.9472,2950837.1093
2024/02/14 05:47:37.00,458672.4275,5632098.0546,2950840.5562
2024/02/14 05:47:38.00,458674.5387,5632095.9476,2950844.3999
2024/02/14 05:47:39.00,458676.8702,5632093.5973,2950848.6832
2024/02/14 05:47:40.00,458679.5219,5632091.0521,2950853.3233
2024/02/14 05:47:41.00,458682.3617,5632088.3543,2950858.2383
2024/02/14 05:47:42.00,458685.4109,5632085.5104,2950863.3736
2024/02/14 05:47:43.00,458688.641,5632082.6319,2950868.7529
2024/02/14 05:47:44.00,458691.9828,5632079.6749,2950874.2818
2024/02/14 05:47:45.00,458695.3716,5632076.6739,2950879.8847
2024/02/14 05:47:46.00,458698.7004,5632073.2641,2950885.4941
2024/02/14 05:47:47.00,458702.0512,5632070.144,2950891.3775
2024/02/14 05:47:48.00,458705.4372,5632067.2821,2950897.3939
2024/02/14 05:47:49.00,458708.6676,5632064.1966,2950903.0927
2024/02/14 05:47:50.00,458711.7594,5632061.2021,2950908.6182
2024/02/14 05:47:51.00,458714.9447,5632058.1961,2950914.1535
2024/02/14 05:47:52.00,458718.2812,5632055.1628,2950919.7453
2024/02/14 05:47:53.00,458721.6386,5632051.6878,2950925.3813
2024/02/14 05:47:54.00,458725.2204,5632048.8926,2950931.2191
2024/02/14 05:47:55.00,458728.6634,5632045.3146,2950937.0865
2024/02/14 05:47:56.00,458732.1493,5632042.4806,2950942.9588
2024/02/14 05:47:57.00,458735.6229,5632038.9998,2950948.6645
2024/02/14 05:47:58.00,458739.0686,5632036.1187,2950954.5234
2024/02/14 05:47:59.00,458742.4415,5632032.8875,2950960.468
2024/02/14 05:48:00.00,458745.6944,5632029.2914,2950966.3286
2024/02/14 05:48:01.00,458748.9713,5632026.1851,2950972.1233
2024/02/14 05:48:02.00,458752.2715,5632023.349,2950977.8797
2024/02/14 05:48:03.00,458755.5213,5632019.8391,2950983.6179
2024/02/14 05:48:04.00,458758.8794,5632016.6601,2950989.4294
2024/02/14 05:48:05.00,458762.2778,5632013.4932,2950995.1877
2024/02/14 05:48:06.00,458765.6818,5632010.4233,2951000.8725
2024/02/14 05:48:07.00,458768.9461,5632007.3078,2951006.5333
2024/02/14 05:48:08.00,458772.1691,5632004.0738,2951012.259
2024/02/14 05:48:09.00,458775.4743,5632000.8417,2951018.1388
2024/02/14 05:48:10.00,458778.8826,5631997.5832,2951024.1099
2024/02/14 05:48:11.00,458782.3986,5631994.256,2951030.1247
2024/02/14 05:48:12.00,458786.0222,5631990.9038,2951036.1643
2024/02/14 05:48:13.00,458789.7025,5631987.5663,2951042.0592
2024/02/14 05:48:14.00,458793.2416,5631984.3013,2951047.869
2024/02/14 05:48:15.00,458796.6847,5631981.1986,2951053.5695
2024/02/14 05:48:16.00,458799.9421,5631978.0615,2951059.1127
2024/02/14 05:48:17.00,458803.1775,5631975.0652,2951064.7201
2024/02/14 05:48:18.00,458806.3295,5631972.0579,2951070.2214
2024/02/14 05:48:19.00,458809.4429,5631969.107,2951075.5703
2024/02/14 05:48:20.00,458812.4768,5631966.1695,2951080.8934
2024/02/14 05:48:21.00,458815.3919,5631963.2597,2951086.1681
2024/02/14 05:48:22.00,458818.1069,5631960.4189,2951091.1966
2024/02/14 05:48:23.00,458820.6156,5631957.803,2951095.9778
2024/02/14 05:48:24.00,458822.8411,5631955.3936,2951100.3673
2024/02/14 05:48:25.00,458824.615,5631953.5009,2951103.8358
2024/02/14 05:48:26.00,458826.0911,5631951.8275,2951106.7769
2024/02/14 05:48:27.00,458827.6677,5631950.2466,2951109.6945
2024/02/14 05:48:28.00,458829.3545,5631948.4908,2951112.9031
2024/02/14 05:48:29.00,458831.146,5631946.4985,2951116.4767
2024/02/14 05:48:30.00,458833.0424,5631944.3207,2951120.5252
2024/02/14 05:48:31.00,458835.2004,5631942.0352,2951124.865
2024/02/14 05:48:32.00,458837.5155,5631939.7199,2951129.0988
2024/02/14 05:48:33.00,458840.0236,5631937.3973,2951133.2284
2024/02/14 05:48:34.00,458842.7313,5631935.0544,2951137.5637
2024/02/14 05:48:35.00,458845.392,5631932.5885,2951141.8817
2024/02/14 05:48:36.00,458848.1336,5631930.1859,2951146.1825
2024/02/14 05:48:37.00,458851.0525,5631927.834,2951150.5316
2024/02/14 05:48:38.00,458854.2356,5631925.2833,2951155.0172
2024/02/14 05:48:39.00,458857.5693,5631922.6776,2951159.6365
2024/02/14 05:48:40.00,458860.8522,5631920.0516,2951164.3152
2024/02/14 05:48:41.00,458863.991,5631917.4872,2951168.8949
2024/02/14 05:48:42.00,458866.7279,5631915.0182,2951173.2122
2024/02/14 05:48:43.00,458869.0768,5631912.7609,2951177.4806
2024/02/14 05:48:44.00,458871.2706,5631910.3404,2951181.8476
2024/02/14 05:48:45.00,458873.5506,5631907.8434,2951186.5209
2024/02/14 05:48:46.00,458875.6885,5631905.2499,2951191.3585
2024/02/14 05:48:47.00,458877.9649,5631902.493,2951196.4999
2024/02/14 05:48:48.00,458880.7666,5631899.3782,2951202.1938
2024/02/14 05:48:49.00,458884.103,5631896.0811,2951208.1117
2024/02/14 05:48:50.00,458887.6238,5631892.8378,2951213.725
2024/02/14 05:48:51.00,458891.2392,5631889.7928,2951219.3119
2024/02/14 05:48:52.00,458894.939,5631886.6132,2951225.0306
2024/02/14 05:48:53.00,458898.7671,5631883.2868,2951231.0126
2024/02/14 05:48:54.00,458902.8366,5631879.7668,2951237.2895
2024/02/14 05:48:55.00,458907.0602,5631876.055,2951243.9616
2024/02/14 05:48:56.00,458911.4352,5631872.1194,2951250.9795
2024/02/14 05:48:57.00,458915.8962,5631867.9699,2951258.2898
2024/02/14 05:48:58.00,458920.558,5631863.7899,2951265.9366
2024/02/14 05:48:59.00,458925.2886,5631859.382,2951273.7496
2024/02/14 05:49:00.00,458930.2247,5631855.0015,2951281.7994
2024/02/14 05:49:01.00,458935.1581,5631850.3748,2951289.9765
2024/02/14 05:49:02.00,458940.2241,5631845.7649,2951298.3121
2024/02/14 05:49:03.00,458945.4127,5631841.0998,2951306.7643
2024/02/14 05:49:04.00,458950.6469,5631836.4004,2951315.3691
2024/02/14 05:49:05.00,458955.9024,5631831.5821,2951323.9804
2024/02/14 05:49:06.00,458961.1698,5631826.7619,2951332.7304
2024/02/14 05:49:07.00,458966.4567,5631821.9424,2951341.5549
2024/02/14 05:49:08.00,458971.7212,5631817.0575,2951350.2107
2024/02/14 05:49:09.00,458976.8952,5631812.3621,2951358.7834
2024/02/14 05:49:10.00,458981.8733,5631807.6059,2951366.8788
2024/02/14 05:49:11.00,458986.8895,5631803.3171,2951374.827
2024/02/14 05:49:12.00,458991.5626,5631798.959,2951382.3886
2024/02/14 05:49:13.00,458996.0523,5631795.1,2951389.5691
2024/02/14 05:49:14.00,459000.2532,5631791.6307,2951396.489
2024/02/14 05:49:15.00,459004.224,5631787.8007,2951402.9128
2024/02/14 05:49:16.00,459008.0562,5631784.289,2951409.0056
2024/02/14 05:49:17.00,459012.2505,5631781.1643,2951414.8323
2024/02/14 05:49:18.00,459016.7139,5631777.9591,2951420.4677
2024/02/14 05:49:19.00,459021.4369,5631775.1023,2951426.1454
2024/02/14 05:49:20.00,459026.2118,5631771.4688,2951431.6543
2024/02/14 05:49:21.00,459031.1334,5631768.2008,2951437.2691
2024/02/14 05:49:22.00,459036.2455,5631764.9837,2951442.8227
2024/02/14 05:49:23.00,459041.251,5631761.7263,2951448.5457
2024/02/14 05:49:24.00,459046.4449,5631758.4313,2951454.1991
2024/02/14 05:49:25.00,459051.7374,5631755.1388,2951459.9204
2024/02/14 05:49:26.00,459057.1421,5631751.8174,2951465.6074
2024/02/14 05:49:27.00,459062.7904,5631748.838,2951471.1943
2024/02/14 05:49:28.00,459068.2873,5631745.7936,2951476.3969
2024/02/14 05:49:29.00,459073.5978,5631742.9352,2951481.3127
2024/02/14 05:49:30.00,459078.6544,5631740.1748,2951486.0341
2024/02/14 05:49:31.00,459083.6093,5631737.6464,2951490.3811
2024/02/14 05:49:32.00,459088.3052,5631735.0115,2951494.3366
2024/02/14 05:49:33.00,459093.0655,5631732.8591,2951498.428
2024/02/14 05:49:34.00,459097.7632,5631730.5086,2951502.3736
2024/02/14 05:49:35.00,459102.4483,5631728.0003,2951506.0585
2024/02/14 05:49:36.00,459107.3058,5631725.8784,2951509.5944
2024/02/14 05:49:37.00,459112.1479,5631724.0206,2951512.9574
2024/02/14 05:49:38.00,459116.7193,5631722.0266,2951516.205
2024/02/14 05:49:39.00,459121.0187,5631720.1163,2951519.4112
2024/02/14 05:49:40.00,459125.0012,5631718.1976,2951522.5954
2024/02/14 05:49:41.00,459128.8453,5631716.3104,2951525.7367
2024/02/14 05:49:42.00,459132.7489,5631714.4368,2951528.8233
2024/02/14 05:49:43.00,459136.8654,5631712.6484,2951531.8018
2024/02/14 05:49:44.00,459141.1854,5631710.8778,2951534.6437
2024/02/14 05:49:45.00,459145.7563,5631709.188,2951537.2285
2024/02/14 05:49:46.00,459150.3963,5631707.7585,2951539.3362
2024/02/14 05:49:47.00,459154.9027,5631706.2971,2951541.0517
2024/02/14 05:49:48.00,459159.2407,5631705.0667,2951542.7783
2024/02/14 05:49:49.00,459163.3274,5631704.0322,2951544.6054
2024/02/14 05:49:50.00,459166.8442,5631702.9607,2951546.181
2024/02/14 05:49:51.00,459169.7578,5631702.0014,2951547.603
2024/02/14 05:49:52.00,459172.3865,5631701.1375,2951548.896
2024/02/14 05:49:53.00,459174.632,5631700.4121,2951550.0116
2024/02/14 05:49:54.00,459176.1983,5631699.9697,2951550.731
2024/02/14 05:49:55.00,459177.4619,5631699.594,2951551.2473
2024/02/14 05:49:56.00,459178.5285,5631699.3159,2951551.6655
2024/02/14 05:49:57.00,459179.5158,5631699.0519,2951551.9835
2024/02/14 05:49:58.00,459180.5528,5631698.7918,2951552.4477
2024/02/14 05:49:59.00,459182.0417,5631698.4178,2951552.9156
2024/02/14 05:50:00.00,459183.6958,5631698.0977,2951553.2526
2024/02/14 05:50:01.00,459185.28,5631697.6954,2951553.7646
2024/02/14 05:50:02.00,459186.974,5631697.2614,2951554.3289
2024/02/14 05:50:03.00,459188.9672,5631696.7895,2951554.8641
2024/02/14 05:50:04.00,459191.0581,5631696.3093,2951555.4453
2024/02/14 05:50:05.00,459192.9812,5631695.7975,2951556.1861
2024/02/14 05:50:06.00,459194.6813,5631695.3408,2951556.8351
2024/02/14 05:50:07.00,459196.2111,5631694.9399,2951557.4313
2024/02/14 05:50:08.00,459197.903,5631694.491,2951558.2841
2024/02/14 05:50:09.00,459199.8345,5631693.6049,2951559.1049
2024/02/14 05:50:10.00,459201.7833,5631689.6129,2951559.3985
2024/02/14 05:50:11.00,459203.6268,5631692.6139,2951561.2042
2024/02/14 05:50:12.00,459205.0421,5631690.6062,2951562.1189
2024/02/14 05:50:13.00,459206.8586,5631691.3216,2951562.7917
2024/02/14 05:50:14.00,459208.2134,5631691.0965,2951563.5462
2024/02/14 05:50:15.00,459209.6215,5631690.4229,2951564.1802
2024/02/14 05:50:16.00,459210.9515,5631689.97,2951564.8543
2024/02/14 05:50:17.00,459212.2528,5631689.5341,2951565.2998
2024/02/14 05:50:18.00,459214.9436,5631681.2049,2951564.4591
2024/02/14 05:50:19.00,459215.928,5631680.9917,2951564.8462
2024/02/14 05:50:20.00,459215.6003,5631688.8825,2951566.7854
2024/02/14 05:50:21.00,459217.1291,5631688.3862,2951567.5146
2024/02/14 05:50:22.00,459218.942,5631687.8041,2951568.4382
2024/02/14 05:50:23.00,459221.0116,5631687.1349,2951569.4584
2024/02/14 05:50:24.00,459223.1247,5631686.5151,2951570.5661
2024/02/14 05:50:25.00,459225.3409,5631685.8394,2951571.6003
2024/02/14 05:50:26.00,459228.9462,5631677.1352,2951571.5298
2024/02/14 05:50:27.00,459231.2175,5631676.0789,2951572.5051
2024/02/14 05:50:35.00,459245.234,5631678.6659,2951577.8199
2024/02/14 05:50:37.00,459248.3319,5631676.1864,2951583.5255
2024/02/14 05:50:38.00,459250.5589,5631677.0054,2951584.5517
2024/02/14 05:50:39.00,459252.5052,5631676.2999,2951585.5542
2024/02/14 05:50:40.00,459254.6014,5631675.5893,2951586.6363
2024/02/14 05:50:41.00,459256.6901,5631674.827,2951587.7638
2024/02/14 05:50:42.00,459258.4616,5631674.403,2951588.8371
2024/02/14 05:50:43.00,459260.0176,5631673.79,2951589.7789
2024/02/14 05:50:44.00,459261.3834,5631673.1689,2951590.5526
2024/02/14 05:50:45.00,459262.6102,5631672.5787,2951591.1813
2024/02/14 05:50:46.00,459263.7247,5631672.167,2951591.8172
2024/02/14 05:50:47.00,459264.7162,5631671.6623,2951592.3468
2024/02/14 05:50:48.00,459265.6418,5631671.3895,2951592.9251
2024/02/14 05:50:49.00,459266.3652,5631670.9256,2951593.3139
2024/02/14 05:50:50.00,459267.1351,5631670.7436,2951593.7719
2024/02/14 05:50:51.00,459267.8024,5631670.5048,2951594.1261
2024/02/14 05:50:52.00,459268.4639,5631670.3775,2951594.5083
2024/02/14 05:50:53.00,459269.1374,5631670.1244,2951594.8415
2024/02/14 05:50:54.00,459270.0077,5631669.858,2951595.2321
2024/02/14 05:50:55.00,459270.8583,5631669.4768,2951595.5849
2024/02/14 05:50:56.00,459271.7125,5631669.3247,2951596.0524
2024/02/14 05:50:57.00,459272.4165,5631669.0733,2951596.4161
2024/02/14 05:50:58.00,459273.0196,5631668.8475,2951596.7432
2024/02/14 05:50:59.00,459273.5493,5631668.6622,2951597.0552
2024/02/14 05:51:00.00,459273.9398,5631668.6662,2951597.3653
2024/02/14 05:51:01.00,459274.3451,5631668.3256,2951597.5775
2024/02/14 05:51:02.00,459274.6404,5631668.1959,2951597.7675
2024/02/14 05:51:03.00,459274.8627,5631668.1998,2951597.925
2024/02/14 05:51:04.00,459275.0685,5631668.0216,2951598.029
2024/02/14 05:51:05.00,459275.3171,5631667.9215,2951598.1787
2024/02/14 05:51:06.00,459275.7724,5631667.9163,2951598.4978
2024/02/14 05:51:07.00,459276.5536,5631667.5353,2951598.9204
2024/02/14 05:51:08.00,459277.3551,5631667.3674,2951599.4812
2024/02/14 05:51:09.00,459278.146,5631666.7445,2951599.839
2024/02/14 05:51:10.00,459278.948,5631666.5509,2951600.4022
2024/02/14 05:51:11.00,459279.929,5631666.0323,2951601.0179
2024/02/14 05:51:12.00,459281.0443,5631665.5865,2951601.7202
2024/02/14 05:51:13.00,459282.1963,5631665.212,2951602.4626
2024/02/14 05:51:14.00,459283.4147,5631664.74,2951603.196
2024/02/14 05:51:15.00,459284.6413,5631664.287,2951603.858
2024/02/14 05:51:16.00,459285.8429,5631663.8604,2951604.5042
2024/02/14 05:51:17.00,459287.0419,5631663.4473,2951605.1223
2024/02/14 05:51:18.00,459288.3598,5631662.9948,2951605.7883
2024/02/14 05:51:19.00,459289.9622,5631662.3993,2951606.6581
2024/02/14 05:51:20.00,459291.8432,5631661.6514,2951607.7968
2024/02/14 05:51:21.00,459293.7564,5631660.8987,2951608.9565
2024/02/14 05:51:22.00,459295.5964,5631660.1742,2951610.0409
2024/02/14 05:51:23.00,459297.5663,5631659.4194,2951611.199
2024/02/14 05:51:24.00,459299.8881,5631658.5458,2951612.491
2024/02/14 05:51:25.00,459302.406,5631657.6232,2951613.8883
2024/02/14 05:51:26.00,459305.0838,5631656.6626,2951615.356
2024/02/14 05:51:27.00,459307.8939,5631655.6228,2951616.9224
2024/02/14 05:51:28.00,459310.1935,5631650.6882,2951618.3082
2024/02/14 05:51:29.00,459313.4903,5631653.7275,2951619.7208
2024/02/14 05:51:30.00,459316.3592,5631652.7993,2951621.3709
2024/02/14 05:51:31.00,459319.52,5631651.5025,2951623.0924
2024/02/14 05:51:32.00,459322.8273,5631650.4784,2951624.8943
2024/02/14 05:51:33.00,459326.2128,5631649.2726,2951626.3627
2024/02/14 05:51:34.00,459329.5192,5631648.4327,2951627.5486
2024/02/14 05:51:35.00,459333.2463,5631643.1676,2951627.1677
2024/02/14 05:51:36.00,459336.6058,5631645.5447,2951627.7197
2024/02/14 05:51:37.00,459339.317,5631647.94,2951627.2294
2024/02/14 05:51:38.00,459341.9929,5631648.6212,2951625.542
2024/02/14 05:51:39.00,459342.7205,5631651.3422,2951623.2335
2024/02/14 05:51:40.00,459346.995,5631650.7466,2951620.3267
2024/02/14 05:51:41.00,459350.0981,5631659.7989,2951618.6815
2024/02/14 05:51:42.00,459353.4706,5631648.1155,2951611.3053
2024/02/14 05:51:43.00,459357.7725,5631657.0663,2951610.2745
2024/02/14 05:51:44.00,459358.4818,5631650.7631,2951602.5757
2024/02/14 05:51:45.00,459361.8854,5631660.6366,2951602.4645
2024/02/14 05:51:46.00,459365.9774,5631662.3482,2951598.5351
2024/02/14 05:51:47.00,459373.5382,5631663.3953,2951594.823
2024/02/14 05:51:48.00,459375.2189,5631659.7128,2951589.2832
2024/02/14 05:51:49.00,459379.0136,5631662.0792,2951584.8222
2024/02/14 05:51:50.00,459383.0335,5631663.9692,2951580.4122
2024/02/14 05:51:51.00,459387.6823,5631676.9785,2951578.9696
2024/02/14 05:51:52.00,459389.7037,5631673.4541,2951572.9538
2024/02/14 05:51:53.00,459396.4645,5631674.3135,2951569.7611
2024/02/14 05:51:54.00,459397.1407,5631677.1991,2951567.7265
2024/02/14 05:51:55.00,459402.7234,5631677.5076,2951562.3571
2024/02/14 05:51:56.00,459404.5199,5631675.8802,2951557.4365
2024/02/14 05:51:57.00,459410.9354,5631681.2758,2951553.657
2024/02/14 05:51:58.00,459411.9752,5631684.0797,2951548.5798
2024/02/14 05:51:59.00,459416.8188,5631681.453,2951542.6859
2024/02/14 05:52:00.00,459423.586,5631681.8928,2951538.3578
2024/02/14 05:52:01.00,459427.1841,5631689.6304,2951535.212
2024/02/14 05:52:02.00,459433.9039,5631685.668,2951529.6193
2024/02/14 05:52:03.00,459440.2585,5631690.94,2951526.1455
2024/02/14 05:52:04.00,459446.4652,5631692.9023,2951521.1713
2024/02/14 05:52:05.00,459452.6844,5631695.0246,2951516.1368
2024/02/14 05:52:06.00,459458.884,5631697.0334,2951511.0196
2024/02/14 05:52:07.00,459465.0469,5631699.029,2951505.9552
2024/02/14 05:52:10.00,459483.4197,5631704.6282,2951491.4521
2024/02/14 05:52:11.00,459488.9647,5631706.3377,2951486.971
2024/02/14 05:52:12.00,459494.4778,5631707.9985,2951482.6327
2024/02/14 05:52:13.00,459499.9369,5631709.671,2951478.2962
2024/02/14 05:52:14.00,459505.319,5631711.3911,2951473.886
2024/02/14 05:52:15.00,459510.6628,5631713.0897,2951469.4728
2024/02/14 05:52:16.00,459516.0568,5631714.7773,2951465.1607
2024/02/14 05:52:17.00,459521.5009,5631716.3756,2951460.886
2024/02/14 05:52:18.00,459526.7543,5631717.9388,2951456.839
2024/02/14 05:52:19.00,459531.8529,5631719.4691,2951452.993
2024/02/14 05:52:20.00,459536.8917,5631721.0375,2951449.1453
2024/02/14 05:52:21.00,459541.8557,5631722.4279,2951445.2296
2024/02/14 05:52:22.00,459546.962,5631724.002,2951441.4341
2024/02/14 05:52:23.00,459552.4093,5631725.2313,2951437.7006
2024/02/14 05:52:24.00,459557.8916,5631726.5077,2951434.1764
2024/02/14 05:52:25.00,459563.2431,5631727.8687,2951430.3834
2024/02/14 05:52:26.00,459568.4785,5631729.574,2951425.997
2024/02/14 05:52:27.00,459573.7818,5631731.5612,2951421.1171
2024/02/14 05:52:28.00,459579.283,5631733.6625,2951415.9033
2024/02/14 05:52:29.00,459585.4394,5631733.7191,2951410.0341
2024/02/14 05:52:30.00,459591.2884,5631734.2825,2951403.4634
2024/02/14 05:52:31.00,459596.739,5631739.5483,2951400.3352
2024/02/14 05:52:32.00,459602.8005,5631739.5822,2951394.8334
2024/02/14 05:52:33.00,459608.7807,5631743.1357,2951391.2485
2024/02/14 05:52:34.00,459614.5653,5631744.8707,2951386.7028
2024/02/14 05:52:35.00,459620.3532,5631746.7757,2951381.9233
2024/02/14 05:52:36.00,459626.2189,5631748.7624,2951376.8157
2024/02/14 05:52:37.00,459631.4152,5631750.6676,2951372.0537
2024/02/14 05:52:38.00,459636.6913,5631755.8781,2951366.5674
2024/02/14 05:52:39.00,459644.8504,5631754.8927,2951360.8158
2024/02/14 05:52:40.00,459651.3451,5631752.7419,2951354.3272
2024/02/14 05:52:41.00,459658.0574,5631755.6352,2951348.3426
2024/02/14 05:52:42.00,459662.7764,5631758.7983,2951342.9651
2024/02/14 05:52:43.00,459671.3863,5631757.0349,2951337.1793
2024/02/14 05:52:44.00,459677.7836,5631759.0228,2951331.9946
2024/02/14 05:52:45.00,459683.3016,5631766.9695,2951329.531
2024/02/14 05:52:46.00,459689.6887,5631768.9315,2951324.3633
2024/02/14 05:52:47.00,459696.0794,5631770.9375,2951319.2865
2024/02/14 05:52:48.00,459702.4364,5631772.9037,2951314.2447
2024/02/14 05:52:49.00,459708.757,5631774.8389,2951309.316
2024/02/14 05:52:50.00,459715.0087,5631776.7575,2951304.463
2024/02/14 05:52:51.00,459721.2514,5631778.7206,2951299.5323
2024/02/14 05:52:52.00,459727.4665,5631780.6991,2951294.5892
2024/02/14 05:52:53.00,459733.6015,5631782.6669,2951289.7719
2024/02/14 05:52:54.00,459739.708,5631784.5218,2951285.0999
2024/02/14 05:52:55.00,459745.6882,5631786.3665,2951280.4937
2024/02/14 05:52:56.00,459751.7616,5631788.2444,2951275.8757
2024/02/14 05:52:57.00,459757.9053,5631790.1752,2951271.1019
2024/02/14 05:52:58.00,459764.1219,5631792.1442,2951266.1958
2024/02/14 05:52:59.00,459770.3811,5631794.1571,2951261.1784
2024/02/14 05:53:00.00,459776.6783,5631796.2109,2951256.1322
2024/02/14 05:53:01.00,459782.9846,5631798.2791,2951251.056
2024/02/14 05:53:02.00,459789.2578,5631800.3014,2951246.1064
2024/02/14 05:53:03.00,459795.4614,5631802.2458,2951241.2833
2024/02/14 05:53:04.00,459801.567,5631804.1059,2951236.5534
2024/02/14 05:53:05.00,459807.5074,5631806.0619,2951231.8673
2024/02/14 05:53:06.00,459812.5146,5631807.8679,2951227.79
2024/02/14 05:53:07.00,459818.2631,5631809.6537,2951223.2378
2024/02/14 05:53:08.00,459825.9228,5631805.9134,2951218.0984
2024/02/14 05:53:09.00,459829.4139,5631813.1437,2951214.4037
2024/02/14 05:53:10.00,459835.4988,5631817.5523,2951210.8377
2024/02/14 05:53:11.00,459842.9044,5631812.6509,2951205.626
2024/02/14 05:53:12.00,459846.2475,5631814.5403,2951200.0078
2024/02/14 05:53:13.00,459851.4354,5631816.2911,2951195.9539
2024/02/14 05:53:14.00,459856.6724,5631818.1768,2951191.38
2024/02/14 05:53:15.00,459860.5855,5631819.4539,2951188.1676
2024/02/14 05:53:16.00,459863.6386,5631820.1435,2951185.9696
2024/02/14 05:53:17.00,459867.3311,5631821.0546,2951183.6437
2024/02/14 05:53:18.00,459870.2744,5631822.2315,2951180.8188
2024/02/14 05:53:19.00,459873.5549,5631823.1661,2951178.2821
2024/02/14 05:53:20.00,459875.8118,5631829.787,2951175.7908
2024/02/14 05:53:21.00,459880.7856,5631825.4842,2951172.7712
2024/02/14 05:53:22.00,459884.119,5631829.8608,2951169.3201
2024/02/14 05:53:23.00,459887.6637,5631834.0102,2951167.1829
2024/02/14 05:53:24.00,459892.9216,5631829.2392,2951163.5928
2024/02/14 05:53:25.00,459897.2625,5631830.8677,2951159.7632
2024/02/14 05:53:26.00,459900.5305,5631831.7382,2951157.4935
2024/02/14 05:53:27.00,459904.4426,5631833.2306,2951153.9721
2024/02/14 05:53:28.00,459907.3365,5631834.1659,2951151.5923
2024/02/14 05:53:29.00,459909.5113,5631834.7283,2951150.1687
2024/02/14 05:53:35.00,459928.6234,5631840.9658,2951134.8287
2024/02/14 05:53:36.00,459932.6055,5631842.2493,2951131.6257
2024/02/14 05:53:37.00,459937.0625,5631844.0333,2951127.6718
2024/02/14 05:53:38.00,459940.8252,5631845.2186,2951124.391
2024/02/14 05:53:39.00,459944.5716,5631846.6522,2951121.3443
2024/02/14 05:53:40.00,459946.851,5631851.262,2951120.8129
2024/02/14 05:53:41.00,459950.5904,5631852.4037,2951118.0183
2024/02/14 05:53:42.00,459955.945,5631851.3949,2951113.8633
2024/02/14 05:53:43.00,459959.3805,5631854.9286,2951111.5649
2024/02/14 05:53:44.00,459962.923,5631851.5227,2951107.9985
2024/02/14 05:53:45.00,459967.9569,5631855.2633,2951105.0352
2024/02/14 05:53:46.00,459971.2094,5631858.4939,2951102.8255
2024/02/14 05:53:47.00,459974.2478,5631855.9984,2951100.0068
2024/02/14 05:53:48.00,459977.742,5631857.1846,2951097.2942
2024/02/14 05:53:49.00,459981.7383,5631861.9688,2951094.5549
2024/02/14 05:53:50.00,459985.4482,5631862.6924,2951091.5644
2024/02/14 05:53:51.00,459988.569,5631864.129,2951089.2584
2024/02/14 05:53:52.00,459992.0709,5631863.2182,2951086.2118
2024/02/14 05:53:53.00,459994.8721,5631866.1056,2951084.6751
2024/02/14 05:53:54.00,459997.7208,5631865.039,2951081.9429
2024/02/14 05:53:55.00,460000.3838,5631865.3701,2951080.0479
2024/02/14 05:53:56.00,460001.6633,5631868.3431,2951079.2676
2024/02/14 05:53:57.00,460003.0956,5631866.8446,2951077.6461
2024/02/14 05:53:58.00,460003.6227,5631867.0347,2951077.2414
2024/02/14 05:53:59.00,460003.7373,5631867.0674,2951077.1643
2024/02/14 05:54:00.00,460003.7338,5631867.0603,2951077.165
2024/02/14 05:54:01.00,460003.7303,5631867.0641,2951077.1615
2024/02/14 05:54:02.00,460003.0033,5631864.2425,2951077.2859
2024/02/14 05:54:03.00,460003.7572,5631867.0741,2951077.1388
2024/02/14 05:54:04.00,460003.1929,5631864.315,2951077.1404
2024/02/14 05:54:05.00,460003.6063,5631865.3917,2951077.3473
2024/02/14 05:54:06.00,460005.2732,5631867.0065,2951076.2524
2024/02/14 05:54:07.00,460006.2524,5631873.0691,2951075.9074
2024/02/14 05:54:08.00,460003.931,5631873.8425,2951077.0209
2024/02/14 05:54:09.00,460007.3463,5631867.5804,2951074.8552
2024/02/14 05:54:10.00,460006.4732,5631873.6579,2951075.0378
2024/02/14 05:54:11.00,460007.9832,5631867.7978,2951074.3856
2024/02/14 05:54:12.00,460006.9273,5631870.1267,2951075.3845
2024/02/14 05:54:13.00,460009.1936,5631873.9112,2951073.8158
2024/02/14 05:54:14.00,460010.1057,5631874.179,2951073.1259
2024/02/14 05:54:15.00,460011.247,5631874.5439,2951072.2712
2024/02/14 05:54:16.00,460010.9112,5631875.03,2951071.689
2024/02/14 05:54:17.00,460013.463,5631869.4451,2951070.1936
2024/02/14 05:54:18.00,460013.647,5631868.3597,2951069.8312
2024/02/14 05:54:19.00,460014.8897,5631872.6097,2951069.1811
2024/02/14 05:54:20.00,460018.0352,5631870.984,2951066.6539
2024/02/14 05:54:21.00,460018.4131,5631873.7151,2951066.419
2024/02/14 05:54:22.00,460021.6608,5631872.1437,2951063.7673
2024/02/14 05:54:23.00,460022.3793,5631870.4567,2951062.3849
2024/02/14 05:54:24.00,460024.3565,5631871.0527,2951060.9469
2024/02/14 05:54:25.00,460027.0468,5631872.6712,2951058.666
2024/02/14 05:54:26.00,460028.7486,5631872.6341,2951057.3858
2024/02/14 05:54:27.00,460031.175,5631873.4753,2951055.3973
2024/02/14 05:54:28.00,460033.7698,5631874.3717,2951053.2497
2024/02/14 05:54:29.00,460036.2235,5631875.223,2951051.2287
2024/02/14 05:54:30.00,460038.2343,5631875.9206,2951049.5006
2024/02/14 05:54:31.00,460039.6818,5631876.4065,2951048.3322
2024/02/14 05:54:32.00,460041.3755,5631881.4473,2951047.8156
2024/02/14 05:54:33.00,460042.8326,5631881.5724,2951046.3023
2024/02/14 05:54:34.00,460044.4482,5631880.4282,2951044.7065
2024/02/14 05:54:35.00,460045.691,5631883.2255,2951043.8539
2024/02/14 05:54:36.00,460048.0715,5631883.5451,2951041.6578
2024/02/14 05:54:37.00,460049.1627,5631880.042,2951039.8555
2024/02/14 05:54:38.00,460051.5949,5631883.3443,2951038.2819
2024/02/14 05:54:39.00,460052.5023,5631889.5118,2951037.3091
2024/02/14 05:54:40.00,460054.4835,5631881.879,2951035.5329
2024/02/14 05:54:41.00,460057.5158,5631886.7626,2951034.0792
2024/02/14 05:54:42.00,460059.9603,5631886.137,2951031.5829
2024/02/14 05:54:43.00,460062.8697,5631888.5075,2951029.8577
2024/02/14 05:54:44.00,460065.9327,5631887.6846,2951027.3989
2024/02/14 05:54:45.00,460067.6406,5631886.0023,2951025.4625
2024/02/14 05:54:46.00,460072.0066,5631890.5349,2951025.8755
2024/02/14 05:54:47.00,460075.0789,5631890.4331,2951020.7232
2024/02/14 05:54:48.00,460078.3317,5631893.1059,2951018.5944
2024/02/14 05:54:49.00,460081.1601,5631889.9684,2951015.7334
2024/02/14 05:54:50.00,460085.9361,5631893.6726,2951012.7758
2024/02/14 05:54:51.00,460088.9237,5631894.6047,2951010.3495
2024/02/14 05:54:52.00,460093.1285,5631894.7456,2951006.3744
2024/02/14 05:54:53.00,460099.9389,5631902.8567,2951004.8865
2024/02/14 05:54:54.00,460100.7295,5631897.2969,2950999.742
2024/02/14 05:54:55.00,460104.7871,5631899.1124,2950996.5928
2024/02/14 05:54:56.00,460108.8198,5631897.839,2950992.734
2024/02/14 05:54:57.00,460112.8972,5631900.4164,2950990.8663
2024/02/14 05:54:58.00,460116.8639,5631901.6918,2950987.7805
2024/02/14 05:54:59.00,460120.5063,5631902.9387,2950984.8477
2024/02/14 05:55:00.00,460125.4892,5631902.7801,2950982.3638
2024/02/14 05:55:01.00,460128.4519,5631903.7525,2950980.0239
2024/02/14 05:55:02.00,460131.212,5631904.7104,2950977.7761
2024/02/14 05:55:03.00,460133.8885,5631905.5805,2950975.7177
2024/02/14 05:55:04.00,460135.5315,5631911.7634,2950973.9155
2024/02/14 05:55:05.00,460138.0891,5631910.8655,2950971.6692
2024/02/14 05:55:06.00,460140.1406,5631911.5736,2950969.9297
2024/02/14 05:55:07.00,460140.773,5631909.6441,2950968.6023
2024/02/14 05:55:08.00,460143.5821,5631908.8485,2950967.7767
2024/02/14 05:55:09.00,460143.9073,5631908.9924,2950967.492
2024/02/14 05:55:10.00,460143.074,5631914.3841,2950967.6344
2024/02/14 05:55:11.00,460143.0784,5631914.3883,2950967.6336
2024/02/14 05:55:12.00,460143.0918,5631914.3907,2950967.6213
2024/02/14 05:55:13.00,460143.133,5631914.3982,2950967.5812
2024/02/14 05:55:14.00,460143.2538,5631914.4416,2950967.4817
2024/02/14 05:55:15.00,460144.3288,5631909.1519,2950967.1545
2024/02/14 05:55:16.00,460144.5617,5631909.2177,2950966.9478
2024/02/14 05:55:17.00,460144.9559,5631909.3593,2950966.6079
2024/02/14 05:55:18.00,460145.8038,5631909.7093,2950965.8892
2024/02/14 05:55:19.00,460146.9219,5631910.064,2950964.7765
2024/02/14 05:55:20.00,460148.3197,5631910.6464,2950963.6045
2024/02/14 05:55:21.00,460148.877,5631916.6402,2950962.391
2024/02/14 05:55:22.00,460150.307,5631915.8247,2950960.6103
2024/02/14 05:55:23.00,460152.79,5631912.4741,2950959.2523
2024/02/14 05:55:24.00,460154.3124,5631913.1051,2950957.8664
2024/02/14 05:55:25.00,460155.6358,5631913.6037,2950956.6449
2024/02/14 05:55:26.00,460155.6158,5631916.2745,2950955.0211
2024/02/14 05:55:27.00,460156.413,5631916.5923,2950954.3583
2024/02/14 05:55:28.00,460157.9865,5631914.5491,2950954.5879
2024/02/14 05:55:29.00,460157.1618,5631916.8532,2950953.6766
2024/02/14 05:55:30.00,460155.2743,5631910.7468,2950951.8006
2024/02/14 05:55:31.00,460157.9744,5631917.1702,2950952.9399
2024/02/14 05:55:32.00,460156.4194,5631915.7041,2950952.1418
2024/02/14 05:55:33.00,460160.9178,5631915.5802,2950951.8254
2024/02/14 05:55:34.00,460162.0255,5631916.0697,2950950.9127
2024/02/14 05:55:35.00,460163.2293,5631916.5312,2950949.8938
2024/02/14 05:55:36.00,460164.5184,5631917.004,2950948.753
2024/02/14 05:55:37.00,460165.7856,5631917.5226,2950947.6571
2024/02/14 05:55:38.00,460166.1409,5631923.3889,2950946.6896
2024/02/14 05:55:39.00,460168.2662,5631918.5252,2950945.3432
2024/02/14 05:55:40.00,460169.4682,5631919.0302,2950944.1322
2024/02/14 05:55:41.00,460170.6556,5631919.5161,2950943.0283
2024/02/14 05:55:42.00,460171.9751,5631919.9882,2950941.9248
2024/02/14 05:55:43.00,460173.2081,5631920.5356,2950940.6428
2024/02/14 05:55:44.00,460174.5469,5631921.0709,2950939.3934
2024/02/14 05:55:45.00,460175.937,5631921.6125,2950938.1237
2024/02/14 05:55:46.00,460177.4054,5631922.0976,2950937.0114
2024/02/14 05:55:47.00,460178.8316,5631922.5056,2950935.9254
2024/02/14 05:55:48.00,460180.2323,5631922.9302,2950934.8582
2024/02/14 05:55:49.00,460181.5093,5631923.2462,2950933.8918
2024/02/14 05:55:50.00,460182.0312,5631927.4257,2950932.7861
2024/02/14 05:55:51.00,460183.8506,5631924.1173,2950932.0476
2024/02/14 05:55:52.00,460185.1086,5631924.5697,2950931.042
2024/02/14 05:55:53.00,460185.5861,5631930.3968,2950930.0912
2024/02/14 05:55:54.00,460187.8567,5631925.4571,2950928.8882
2024/02/14 05:55:55.00,460189.0835,5631925.8757,2950927.8966
2024/02/14 05:55:56.00,460190.1702,5631935.5828,2950926.7208
2024/02/14 05:55:57.00,460191.4619,5631926.6574,2950926.0181
2024/02/14 05:55:58.00,460192.7566,5631927.0547,2950925.0472
2024/02/14 05:55:59.00,460194.3156,5631927.5381,2950923.9228
2024/02/14 05:56:00.00,460196.3769,5631928.0536,2950922.59
2024/02/14 05:56:01.00,460199.0077,5631928.6747,2950921.0404
2024/02/14 05:56:02.00,460202.0552,5631929.4241,2950919.1467
2024/02/14 05:56:03.00,460205.1927,5631930.3072,2950916.9534
2024/02/14 05:56:04.00,460207.404,5631936.5587,2950914.9096
2024/02/14 05:56:05.00,460210.5529,5631937.5163,2950912.6377
2024/02/14 05:56:06.00,460214.1067,5631938.5954,2950910.039
2024/02/14 05:56:07.00,460218.9971,5631934.4204,2950906.9604
2024/02/14 05:56:08.00,460223.3966,5631935.7453,2950903.7295
2024/02/14 05:56:09.00,460227.1713,5631942.5433,2950900.4703
2024/02/14 05:56:10.00,460232.7946,5631938.626,2950896.7356
2024/02/14 05:56:11.00,460237.6291,5631940.0666,2950893.1284
2024/02/14 05:56:12.00,460242.3901,5631941.4264,2950889.5624
2024/02/14 05:56:13.00,460245.8687,5631945.0337,2950885.5579
2024/02/14 05:56:14.00,460250.6766,5631947.4952,2950882.2172
2024/02/14 05:56:15.00,460256.7694,5631945.7281,2950878.7094
2024/02/14 05:56:16.00,460261.7134,5631947.5537,2950874.9228
2024/02/14 05:56:17.00,460264.9337,5631953.3066,2950868.2705
2024/02/14 05:56:18.00,460271.7594,5631950.8358,2950866.4281
2024/02/14 05:56:19.00,460276.6005,5631952.4212,2950862.6384
2024/02/14 05:56:20.00,460281.0961,5631953.8606,2950859.1422
2024/02/14 05:56:21.00,460284.9909,5631955.0685,2950856.2126
2024/02/14 05:56:22.00,460288.1388,5631956.0771,2950853.8059
2024/02/14 05:56:23.00,460289.497,5631959.126,2950851.251
2024/02/14 05:56:24.00,460294.3848,5631966.5658,2950851.1849
2024/02/14 05:56:25.00,460294.5257,5631958.1468,2950848.7184
2024/02/14 05:56:26.00,460295.1424,5631960.9497,2950846.8247
2024/02/14 05:56:27.00,460298.1624,5631959.2509,2950845.8522
2024/02/14 05:56:28.00,460299.1844,5631962.2747,2950843.6135
2024/02/14 05:56:29.00,460301.6097,5631962.5742,2950841.5148
2024/02/14 05:56:30.00,460305.0778,5631961.6764,2950840.0978
2024/02/14 05:56:31.00,460307.6398,5631962.578,2950838.0252
2024/02/14 05:56:32.00,460310.3251,5631972.9682,2950835.7774
2024/02/14 05:56:33.00,460312.3815,5631966.6544,2950832.8161
2024/02/14 05:56:34.00,460316.4848,5631965.4617,2950831.0589
2024/02/14 05:56:35.00,460315.6889,5631966.804,2950828.0327
2024/02/14 05:56:36.00,460321.6365,5631967.2721,2950826.6382
2024/02/14 05:56:37.00,460320.0985,5631968.4527,2950824.2331
2024/02/14 05:56:38.00,460321.9328,5631969.1014,2950822.6414
2024/02/14 05:56:39.00,460327.0565,5631978.5491,2950821.6629
2024/02/14 05:56:40.00,460328.0366,5631975.2297,2950820.6412
2024/02/14 05:56:41.00,460330.5917,5631974.8594,2950821.3466
2024/02/14 05:56:42.00,460332.1602,5631973.4744,2950816.5803
2024/02/14 05:56:43.00,460334.628,5631977.2783,2950815.6883
2024/02/14 05:56:44.00,460336.4645,5631974.777,2950813.3375
2024/02/14 05:56:45.00,460340.0605,5631973.3394,2950812.0846
2024/02/14 05:56:46.00,460341.8206,5631979.5949,2950810.0171
2024/02/14 05:56:47.00,460344.6029,5631977.5069,2950806.79
2024/02/14 05:56:48.00,460349.122,5631976.4186,2950804.5358
2024/02/14 05:56:49.00,460352.793,5631977.7147,2950801.6068
2024/02/14 05:56:50.00,460353.2664,5631988.8648,2950799.963
2024/02/14 05:56:51.00,460359.6018,5631982.4712,2950794.7708
2024/02/14 05:56:52.00,460363.925,5631983.7423,2950791.6894
2024/02/14 05:56:53.00,460368.2252,5631985.0901,2950788.4846
2024/02/14 05:56:54.00,460373.7296,5631984.2847,2950785.7942
2024/02/14 05:56:55.00,460377.8307,5631995.2055,2950782.4747
2024/02/14 05:56:56.00,460381.0729,5631989.3597,2950778.4769
2024/02/14 05:56:57.00,460385.5061,5631990.8355,2950774.9124
2024/02/14 05:56:58.00,460391.1587,5631990.512,2950772.0283
2024/02/14 05:56:59.00,460394.8082,5631994.0983,2950767.4918
2024/02/14 05:57:00.00,460399.6999,5631995.709,2950763.6432
2024/02/14 05:57:01.00,460404.6959,5631997.3586,2950759.6812
2024/02/14 05:57:02.00,460409.85,5631999.0499,2950755.7247
2024/02/14 05:57:03.00,460415.1493,5632000.6969,2950751.6782
2024/02/14 05:57:04.00,460420.5265,5632002.4639,2950747.499
2024/02/14 05:57:05.00,460425.9515,5632004.2617,2950743.1209
2024/02/14 05:57:06.00,460431.6325,5632006.0485,2950738.8015
2024/02/14 05:57:07.00,460437.2997,5632007.9079,2950734.4024
2024/02/14 05:57:08.00,460444.141,5632007.4183,2950730.6567
2024/02/14 05:57:09.00,460447.2333,5632019.3876,2950727.3018
2024/02/14 05:57:10.00,460454.1326,5632013.1686,2950721.3197
2024/02/14 05:57:11.00,460459.6073,5632014.9367,2950717.0541
2024/02/14 05:57:12.00,460465.2581,5632016.7645,2950711.8917
2024/02/14 05:57:13.00,460469.4615,5632016.0365,2950707.6346
2024/02/14 05:57:14.00,460474.6281,5632017.756,2950703.3717
2024/02/14 05:57:15.00,460480.6826,5632025.1044,2950700.6354
2024/02/14 05:57:16.00,460486.8878,5632021.6202,2950696.0431
2024/02/14 05:57:17.00,460490.8897,5632028.6933,2950691.9947
2024/02/14 05:57:18.00,460495.162,5632030.2025,2950688.3156
2024/02/14 05:57:19.00,460498.9949,5632031.5703,2950684.9187
2024/02/14 05:57:20.00,460503.5493,5632027.9316,2950681.7278
2024/02/14 05:57:21.00,460507.4195,5632028.9713,2950678.1878
2024/02/14 05:57:22.00,460511.4034,5632030.3064,2950674.8917
2024/02/14 05:57:23.00,460515.3798,5632031.7029,2950671.4526
2024/02/14 05:57:24.00,460518.4351,5632035.1686,2950667.3659
2024/02/14 05:57:25.00,460522.6985,5632036.6158,2950663.8945
2024/02/14 05:57:26.00,460528.5399,5632035.8707,2950661.0646
2024/02/14 05:57:27.00,460533.5725,5632037.2623,2950657.3583
2024/02/14 05:57:28.00,460537.7525,5632040.8893,2950652.7642
2024/02/14 05:57:29.00,460543.1443,5632042.4375,2950648.7201
2024/02/14 05:57:30.00,460548.4939,5632044.3157,2950644.4868
2024/02/14 05:57:31.00,460554.0513,5632046.2228,2950639.8778
2024/02/14 05:57:32.00,460559.7325,5632048.2108,2950634.9237
2024/02/14 05:57:33.00,460565.6565,5632050.3099,2950629.0416
2024/02/14 05:57:34.00,460569.6158,5632054.0187,2950624.7587
2024/02/14 05:57:35.00,460575.5356,5632054.9413,2950619.9134
2024/02/14 05:57:36.00,460574.263,5632066.9284,2950614.3374
2024/02/14 05:57:37.00,460576.1637,5632061.4324,2950605.7658
2024/02/14 05:57:38.00,460575.8514,5632064.7475,2950599.0555
2024/02/14 05:57:39.00,460575.441,5632068.1778,2950592.163
2024/02/14 05:57:40.00,460573.255,5632075.1105,2950585.108
2024/02/14 05:57:41.00,460573.8472,5632074.9467,2950578.6281
2024/02/14 05:57:42.00,460573.5463,5632077.9616,2950572.2646
2024/02/14 05:57:43.00,460573.0215,5632084.4119,2950566.3862
2024/02/14 05:57:44.00,460572.5278,5632086.1671,2950559.3768
2024/02/14 05:57:45.00,460571.4727,5632091.6579,2950553.4136
2024/02/14 05:57:46.00,460571.041,5632091.3034,2950545.5994
2024/02/14 05:57:47.00,460570.9391,5632098.398,2950540.1334
2024/02/14 05:57:48.00,460569.6305,5632099.6657,2950531.5762
2024/02/14 05:57:49.00,460571.0119,5632102.8207,2950526.0696
2024/02/14 05:57:50.00,460566.5123,5632099.8793,2950515.2547
2024/02/14 05:57:51.00,460573.7105,5632109.942,2950511.5354
2024/02/14 05:57:52.00,460572.1984,5632111.5074,2950505.2983
2024/02/14 05:57:55.00,460582.06,5632120.6407,2950485.5978
2024/02/14 05:57:56.00,460587.4264,5632122.7774,2950480.179
2024/02/14 05:57:57.00,460593.8204,5632124.8037,2950476.0342
2024/02/14 05:57:58.00,460599.9515,5632127.7705,2950471.2896
2024/02/14 05:58:00.00,460613.6083,5632128.2837,2950467.4407
2024/02/14 05:58:01.00,460620.5161,5632120.8086,2950465.7855
2024/02/14 05:58:02.00,460628.0534,5632120.6712,2950464.6985
2024/02/14 05:58:03.00,460637.9243,5632129.7648,2950466.3928
2024/02/14 05:58:04.00,460644.577,5632129.5195,2950465.5921
2024/02/14 05:58:05.00,460649.9966,5632127.6217,2950464.2602
2024/02/14 05:58:06.00,460655.4669,5632133.0896,2950463.6591
2024/02/14 05:58:07.00,460661.2526,5632125.4766,2950456.6548
2024/02/14 05:58:08.00,460664.1643,5632129.4146,2950455.0311
2024/02/14 05:58:09.00,460665.2299,5632124.7706,2950449.3252
2024/02/14 05:58:10.00,460668.0015,5632126.7126,2950444.7993
2024/02/14 05:58:11.00,460673.8147,5632132.3061,2950442.5502
2024/02/14 05:58:12.00,460675.8894,5632133.884,2950438.7761
2024/02/14 05:58:13.00,460676.0424,5632135.0714,2950434.4135
2024/02/14 05:58:14.00,460677.8627,5632136.3563,2950431.4064
2024/02/14 05:58:15.00,460681.495,5632137.7973,2950429.4827
2024/02/14 05:58:16.00,460682.5358,5632141.8388,2950425.2764
2024/02/14 05:58:17.00,460684.7889,5632143.6598,2950420.8578
2024/02/14 05:58:18.00,460688.5338,5632143.2817,2950416.351
2024/02/14 05:58:19.00,460689.9863,5632147.866,2950409.9872
2024/02/14 05:58:20.00,460692.8922,5632147.9871,2950403.0703
2024/02/14 05:58:21.00,460696.984,5632153.3925,2950397.2125
2024/02/14 05:58:22.00,460697.0707,5632152.112,2950387.7707
2024/02/14 05:58:23.00,460705.5955,5632156.6084,2950382.8247
2024/02/14 05:58:24.00,460708.2756,5632161.6349,2950374.2259
2024/02/14 05:58:25.00,460713.2535,5632162.7283,2950366.6579
2024/02/14 05:58:26.00,460716.8254,5632165.6323,2950358.7805
2024/02/14 05:58:27.00,460720.5289,5632168.7175,2950350.916
2024/02/14 05:58:28.00,460723.9265,5632171.5617,2950343.5762
2024/02/14 05:58:29.00,460724.6934,5632178.1983,2950338.0601
2024/02/14 05:58:30.00,460729.8545,5632176.6479,2950330.4294
2024/02/14 05:58:31.00,460732.9435,5632179.4459,2950323.4551
2024/02/14 05:58:32.00,460736.3801,5632182.2902,2950316.3042
2024/02/14 05:58:33.00,460739.7867,5632185.0549,2950309.6308
2024/02/14 05:58:34.00,460742.8354,5632187.5946,2950303.5234
2024/02/14 05:58:35.00,460744.5856,5632192.4111,2950296.9677
2024/02/14 05:58:41.00,460762.5032,5632207.5722,2950262.041
2024/02/14 05:58:42.00,460765.246,5632209.7618,2950256.6313
2024/02/14 05:58:43.00,460768.048,5632212.1716,2950251.2946
2024/02/14 05:58:44.00,460772.0774,5632212.4366,2950246.6466
2024/02/14 05:58:45.00,460774.7099,5632214.8481,2950241.416
2024/02/14 05:58:46.00,460776.046,5632219.5381,2950235.6542
2024/02/14 05:58:47.00,460778.4283,5632221.969,2950230.319
2024/02/14 05:58:48.00,460780.6348,5632224.0577,2950224.898
2024/02/14 05:58:49.00,460784.2722,5632224.6334,2950220.3012
2024/02/14 05:58:50.00,460786.6432,5632227.0347,2950215.1401
2024/02/14 05:58:51.00,460788.9119,5632229.4348,2950210.0718
2024/02/14 05:58:52.00,460790.7192,5632231.5966,2950205.527
2024/02/14 05:58:53.00,460792.4382,5632233.5134,2950201.5872
2024/02/14 05:58:54.00,460793.984,5632234.9658,2950198.3545
2024/02/14 05:58:55.00,460794.723,5632241.7538,2950195.4162
2024/02/14 05:58:56.00,460797.5041,5632238.0995,2950191.7485
2024/02/14 05:58:57.00,460799.572,5632239.9304,2950187.8446
2024/02/14 05:58:58.00,460800.6095,5632244.3187,2950183.2103
2024/02/14 05:58:59.00,460802.3524,5632249.2345,2950179.0154
2024/02/14 05:59:00.00,460805.3632,5632249.274,2950175.5742
2024/02/14 05:59:01.00,460807.9535,5632247.3792,2950172.1192
2024/02/14 05:59:02.00,460807.4365,5632253.4793,2950169.0769
2024/02/14 05:59:03.00,460810.8238,5632249.9804,2950166.6945
2024/02/14 05:59:04.00,460811.8857,5632250.9425,2950164.8347
2024/02/14 05:59:05.00,460812.585,5632251.5043,2950163.5567
2024/02/14 05:59:06.00,460813.1113,5632251.9572,2950162.6346
2024/02/14 05:59:07.00,460813.553,5632252.4316,2950161.8337
2024/02/14 05:59:08.00,460813.9893,5632252.7459,2950161.0679
2024/02/14 05:59:09.00,460814.2813,5632252.9517,2950160.5654
2024/02/14 05:59:10.00,460814.5419,5632253.213,2950160.0791
2024/02/14 05:59:11.00,460814.9672,5632253.5536,2950159.3226
2024/02/14 05:59:12.00,460815.6157,5632254.0755,2950158.1973
2024/02/14 05:59:13.00,460816.2214,5632254.5984,2950157.1184
2024/02/14 05:59:14.00,460816.7124,5632255.0098,2950156.2378
2024/02/14 05:59:15.00,460817.1212,5632255.3679,2950155.5052
2024/02/14 05:59:16.00,460817.5415,5632255.7031,2950154.7772
2024/02/14 05:59:17.00,460817.9761,5632256.0495,2950154.016
2024/02/14 05:59:18.00,460818.577,5632256.575,2950152.9605
2024/02/14 05:59:19.00,460819.3415,5632257.2002,2950151.5985
2024/02/14 05:59:20.00,460820.1883,5632257.977,2950150.0576
2024/02/14 05:59:21.00,460821.184,5632258.8352,2950148.1898
2024/02/14 05:59:22.00,460822.3998,5632259.9449,2950145.7987
2024/02/14 05:59:23.00,460823.7903,5632261.2464,2950143.1254
2024/02/14 05:59:24.00,460825.3155,5632262.5781,2950140.2363
2024/02/14 05:59:25.00,460826.9364,5632264.0828,2950137.1655
2024/02/14 05:59:26.00,460828.7218,5632265.6189,2950133.8162
2024/02/14 05:59:27.00,460830.4432,5632267.122,2950130.6123
2024/02/14 05:59:28.00,460832.0294,5632268.5414,2950127.607
2024/02/14 05:59:29.00,460833.7539,5632270.0241,2950124.5177
2024/02/14 05:59:30.00,460835.6187,5632271.6277,2950121.2322
2024/02/14 05:59:31.00,460837.4613,5632273.2903,2950117.8479
2024/02/14 05:59:32.00,460839.1111,5632274.9146,2950114.4981
2024/02/14 05:59:33.00,460840.7049,5632276.5295,2950111.2313
2024/02/14 05:59:34.00,460842.3832,5632278.1589,2950107.7252
2024/02/14 05:59:35.00,460843.1984,5632282.3436,2950103.3722
2024/02/14 05:59:36.00,460846.5375,5632281.9919,2950099.6028
2024/02/14 05:59:37.00,460848.929,5632284.1192,2950094.9676
2024/02/14 05:59:38.00,460851.5478,5632286.3944,2950090.1311
2024/02/14 05:59:39.00,460854.1688,5632288.3949,2950084.9543
2024/02/14 05:59:40.00,460857.2501,5632291.1044,2950079.9593
2024/02/14 05:59:41.00,460860.4168,5632293.5328,2950074.7139
2024/02/14 05:59:42.00,460863.6091,5632295.9176,2950069.3794
2024/02/14 05:59:43.00,460866.933,5632298.3581,2950064.0863
2024/02/14 05:59:44.00,460870.3167,5632300.707,2950058.8373
2024/02/14 05:59:45.00,460873.3294,5632315.8343,2950055.8656
2024/02/14 05:59:46.00,460876.1559,5632307.327,2950048.4489
2024/02/14 05:59:47.00,460879.4281,5632309.0698,2950043.8465
2024/02/14 05:59:48.00,460882.1674,5632316.0058,2950041.4387
2024/02/14 05:59:49.00,460884.0887,5632314.489,2950037.3281
2024/02/14 05:59:50.00,460887.0037,5632313.6378,2950034.1498
2024/02/14 05:59:51.00,460890.8923,5632312.3265,2950032.387
2024/02/14 05:59:52.00,460892.131,5632315.4746,2950029.179
2024/02/14 05:59:53.00,460894.9905,5632316.731,2950026.2097
2024/02/14 05:59:54.00,460898.3157,5632318.1212,2950022.9465
2024/02/14 05:59:55.00,460903.2287,5632317.5601,2950019.9996
2024/02/14 05:59:56.00,460903.2361,5632319.6754,2950015.3075
2024/02/14 05:59:57.00,460908.7553,5632323.3632,2950010.993
2024/02/14 05:59:58.00,460913.1886,5632323.0658,2950006.9483
2024/02/14 05:59:59.00,460915.2703,5632327.2971,2950002.3521
2024/02/14 06:00:04.00,460930.8219,5632336.676,2949981.8306
2024/02/14 06:00:05.00,460934.8333,5632349.8101,2949979.5681
2024/02/14 06:00:06.00,460938.8867,5632339.3115,2949972.5519
2024/02/14 06:00:07.00,460941.378,5632343.6432,2949966.9605
2024/02/14 06:00:08.00,460945.2484,5632346.0865,2949961.9431
2024/02/14 06:00:09.00,460949.1347,5632348.4655,2949956.8204
2024/02/14 06:00:10.00,460954.5262,5632348.952,2949952.3509
2024/02/14 06:00:11.00,460957.2899,5632353.293,2949946.5811
2024/02/14 06:00:13.00,460965.1512,5632357.9812,2949936.8534
2024/02/14 06:00:14.00,460969.0761,5632360.33,2949932.0535
2024/02/14 06:00:15.00,460973.314,5632362.75,2949927.3209
2024/02/14 06:00:16.00,460977.3947,5632364.7643,2949922.377
2024/02/14 06:00:17.00,460983.238,5632365.2511,2949917.8803
2024/02/14 06:00:18.00,460987.9737,5632367.6692,2949912.5565
2024/02/14 06:00:19.00,460992.4383,5632370.1229,2949907.1624
2024/02/14 06:00:20.00,460996.6382,5632372.762,2949901.514
2024/02/14 06:00:21.00,461000.8055,5632375.1535,2949895.2703
2024/02/14 06:00:22.00,461004.3321,5632380.402,2949888.3622
2024/02/14 06:00:23.00,461009.4721,5632383.5393,2949881.6438
2024/02/14 06:00:24.00,461014.8983,5632386.8059,2949874.5863
2024/02/14 06:00:25.00,461022.0434,5632388.269,2949868.0201
2024/02/14 06:00:26.00,461027.8254,5632391.5597,2949860.4728
2024/02/14 06:00:27.00,461033.96,5632395.5607,2949853.0776
2024/02/14 06:00:28.00,461039.7538,5632399.2365,2949845.6633
2024/02/14 06:00:29.00,461045.3265,5632402.7537,2949838.5792
2024/02/14 06:00:30.00,461050.4317,5632405.7644,2949831.5463
2024/02/14 06:00:31.00,461055.8412,5632409.3818,2949825.0049
2024/02/14 06:00:32.00,461059.6409,5632414.609,2949817.717
2024/02/14 06:00:33.00,461064.6658,5632417.8682,2949811.0552
2024/02/14 06:00:34.00,461070.0518,5632424.4413,2949805.3973
2024/02/14 06:00:35.00,461074.4974,5632424.5704,2949798.355
2024/02/14 06:00:36.00,461079.576,5632426.9705,2949792.2606
2024/02/14 06:00:37.00,461084.3326,5632429.7483,2949786.34
2024/02/14 06:00:38.00,461089.1979,5632432.5571,2949780.3441
2024/02/14 06:00:39.00,461094.1686,5632435.3927,2949774.2515
2024/02/14 06:00:40.00,461099.4582,5632438.1799,2949768.1684
2024/02/14 06:00:41.00,461104.9598,5632440.9785,2949762.0159
2024/02/14 06:00:42.00,461110.7853,5632443.6905,2949755.9839
2024/02/14 06:00:43.00,461116.6137,5632446.3401,2949750.1291
2024/02/14 06:00:44.00,461122.3757,5632448.8585,2949744.5127
2024/02/14 06:00:45.00,461127.8245,5632451.4228,2949739.0129
2024/02/14 06:00:46.00,461133.2943,5632453.8996,2949733.5091
2024/02/14 06:00:47.00,461138.8318,5632456.4033,2949727.957
2024/02/14 06:00:48.00,461144.3113,5632458.8354,2949722.5335
2024/02/14 06:00:49.00,461150.8372,5632459.0437,2949717.9107
2024/02/14 06:00:50.00,461155.9771,5632461.3439,2949712.921
2024/02/14 06:00:51.00,461159.7645,5632465.7338,2949707.5645
2024/02/14 06:00:52.00,461164.5617,5632467.8073,2949702.6754
2024/02/14 06:00:53.00,461169.4012,5632470.1822,2949697.597
2024/02/14 06:00:54.00,461174.1505,5632472.416,2949692.531
2024/02/14 06:00:55.00,461178.7223,5632474.5904,2949687.74
2024/02/14 06:00:56.00,461182.7032,5632476.4085,2949683.7334
2024/02/14 06:00:57.00,461186.1887,5632478.0553,2949680.205
2024/02/14 06:00:58.00,461189.1855,5632479.4455,2949677.1337
2024/02/14 06:00:59.00,461191.8996,5632484.2014,2949675.5306
2024/02/14 06:01:00.00,461194.2337,5632479.2399,2949670.8767
2024/02/14 06:01:01.00,461196.2715,5632482.8505,2949669.9912
2024/02/14 06:01:02.00,461197.9591,5632484.2084,2949667.9847
2024/02/14 06:01:03.00,461199.9789,5632484.5865,2949665.924
2024/02/14 06:01:04.00,461199.8567,5632483.8574,2949663.7166
2024/02/14 06:01:05.00,461202.1493,5632484.9719,2949661.3476
2024/02/14 06:01:06.00,461204.6377,5632486.0913,2949658.8317
2024/02/14 06:01:07.00,461207.2281,5632487.2309,2949656.2246
2024/02/14 06:01:08.00,461211.2965,5632488.0731,2949653.1715
2024/02/14 06:01:09.00,461215.321,5632488.8547,2949652.182
2024/02/14 06:01:10.00,461216.6718,5632495.2425,2949650.2913
2024/02/14 06:01:11.00,461216.4436,5632491.3707,2949647.0725
2024/02/14 06:01:12.00,461222.3484,5632492.2129,2949645.3538
2024/02/14 06:01:13.00,461224.9128,5632493.1577,2949642.509
2024/02/14 06:01:14.00,461227.8612,5632494.9118,2949639.3381
2024/02/14 06:01:15.00,461231.0817,5632496.2481,2949635.6992
2024/02/14 06:01:16.00,461234.6426,5632498.015,2949631.763
2024/02/14 06:01:17.00,461237.8438,5632503.2968,2949627.3401
2024/02/14 06:01:18.00,461242.5642,5632501.7963,2949623.1905
2024/02/14 06:01:19.00,461246.1613,5632507.2149,2949618.4841
2024/02/14 06:01:20.00,461251.1664,5632505.8678,2949614.1075
2024/02/14 06:01:21.00,461255.6291,5632507.9104,2949609.4288
2024/02/14 06:01:22.00,461260.1558,5632510.0482,2949604.6486
2024/02/14 06:01:23.00,461264.208,5632515.6291,2949599.5505
2024/02/14 06:01:24.00,461269.5792,5632514.4536,2949594.8048
2024/02/14 06:01:25.00,461274.3986,5632516.7466,2949589.7937
2024/02/14 06:01:26.00,461279.2072,5632519.0126,2949584.7502
2024/02/14 06:01:27.00,461283.8326,5632521.2102,2949579.8945
2024/02/14 06:01:28.00,461288.2966,5632523.2619,2949575.3001
2024/02/14 06:01:29.00,461292.4687,5632525.2244,2949570.853
2024/02/14 06:01:30.00,461296.4497,5632527.0991,2949566.5627
2024/02/14 06:01:31.00,461300.1177,5632528.7736,2949562.6886
2024/02/14 06:01:32.00,461303.3074,5632530.2502,2949559.3442
2024/02/14 06:01:33.00,461306.1735,5632531.6018,2949556.4651
2024/02/14 06:01:34.00,461308.7581,5632532.7907,2949553.7805
2024/02/14 06:01:35.00,461310.861,5632533.6872,2949551.6334
2024/02/14 06:01:36.00,461312.1139,5632534.3248,2949550.3237
2024/02/14 06:01:37.00,461312.1722,5632540.0815,2949549.533
2024/02/14 06:01:38.00,461313.7792,5632535.1243,2949548.4309
2024/02/14 06:01:39.00,461314.0536,5632535.2245,2949548.1725
2024/02/14 06:01:40.00,461311.3696,5632543.5933,2949549.1753
2024/02/14 06:01:41.00,461314.1002,5632535.2595,2949548.121
2024/02/14 06:01:42.00,461314.6015,5632535.5156,2949547.5758
2024/02/14 06:01:43.00,461315.7674,5632536.0615,2949546.3676
2024/02/14 06:01:44.00,461317.3515,5632536.7444,2949544.7117
2024/02/14 06:01:45.00,461319.2383,5632537.5875,2949542.8066
2024/02/14 06:01:46.00,461321.2549,5632538.4899,2949540.7314
2024/02/14 06:01:47.00,461323.3322,5632539.4658,2949538.5399
2024/02/14 06:01:48.00,461325.1947,5632540.3453,2949536.5171
2024/02/14 06:01:49.00,461325.1787,5632542.9425,2949534.8806
2024/02/14 06:01:50.00,461328.3824,5632541.8434,2949533.1202
2024/02/14 06:01:51.00,461328.9906,5632547.9585,2949531.7093
2024/02/14 06:01:52.00,461330.581,5632549.3838,2949530.0639
2024/02/14 06:01:53.00,461332.6123,5632547.5594,2949526.8918
2024/02/14 06:01:54.00,461334.8308,5632545.2989,2949525.2645
2024/02/14 06:01:55.00,461335.594,5632548.2945,2949523.1011
2024/02/14 06:01:56.00,461337.9648,5632546.9759,2949521.4379
2024/02/14 06:01:57.00,461339.811,5632547.8723,2949519.7033
2024/02/14 06:01:58.00,461341.6796,5632548.4682,2949518.1883
2024/02/14 06:01:59.00,461343.3548,5632548.9847,2949516.9628
2024/02/14 06:02:00.00,461344.7848,5632549.4816,2949516.0069
2024/02/14 06:02:01.00,461345.9144,5632549.8255,2949515.058
2024/02/14 06:02:02.00,461346.8936,5632550.1663,2949514.156
2024/02/14 06:02:03.00,461346.4311,5632556.2966,2949514.0669
2024/02/14 06:02:04.00,461346.6977,5632556.3886,2949513.8386
2024/02/14 06:02:05.00,461347.6405,5632555.1584,2949514.4323
2024/02/14 06:02:06.00,461347.06,5632556.5345,2949513.5115
2024/02/14 06:02:07.00,461347.2145,5632556.5981,2949513.3691
2024/02/14 06:02:08.00,461345.0983,5632551.369,2949512.0495
2024/02/14 06:02:09.00,461348.9191,5632550.955,2949512.3007
2024/02/14 06:02:10.00,461348.3816,5632557.0709,2949512.2777
2024/02/14 06:02:11.00,461349.699,5632551.3757,2949511.6097
2024/02/14 06:02:12.00,461349.7073,5632551.3276,2949511.5957
2024/02/14 06:02:13.00,461349.6854,5632551.3062,2949511.6064
2024/02/14 06:02:14.00,461349.685,5632551.2945,2949511.5955
2024/02/14 06:02:15.00,461348.7501,5632557.2266,2949511.9015
2024/02/14 06:02:16.00,461349.1326,5632557.1891,2949511.5295
2024/02/14 06:02:17.00,461349.5215,5632557.5693,2949511.0832
2024/02/14 06:02:18.00,461350.9779,5632551.9716,2949510.3029
2024/02/14 06:02:19.00,461350.2833,5632557.9003,2949510.3382
2024/02/14 06:02:20.00,461350.446,5632557.9868,2949510.178
2024/02/14 06:02:21.00,461350.4446,5632557.988,2949510.1788
2024/02/14 06:02:22.00,461350.4415,5632557.9867,2949510.1802
2024/02/14 06:02:23.00,461350.441,5632557.9869,2949510.1814
2024/02/14 06:02:24.00,461350.4436,5632557.9857,2949510.1809
2024/02/14 06:02:25.00,461350.4454,5632557.9856,2949510.1799
2024/02/14 06:02:26.00,461350.4456,5632557.9862,2949510.1818
2024/02/14 06:02:27.00,461350.445,5632557.9843,2949510.1814
2024/02/14 06:02:28.00,461350.4447,5632557.9819,2949510.1816
2024/02/14 06:02:29.00,461350.4458,5632557.9782,2949510.178
2024/02/14 06:02:30.00,461350.4459,5632557.9807,2949510.1795
2024/02/14 06:02:31.00,461350.4479,5632557.988,2949510.1773
2024/02/14 06:02:32.00,461350.4691,5632557.9926,2949510.1527
2024/02/14 06:02:33.00,461350.6133,5632558.0454,2949509.9904
2024/02/14 06:02:34.00,461352.0337,5632552.7384,2949509.2086
2024/02/14 06:02:35.00,461352.0563,5632558.6893,2949508.5189
2024/02/14 06:02:36.00,461354.43,5632553.4025,2949506.8676
2024/02/14 06:02:37.00,461354.7841,5632559.7304,2949506.0498
2024/02/14 06:02:38.00,461356.0374,5632560.2494,2949504.8018
2024/02/14 06:02:39.00,461357.1242,5632560.7105,2949503.6776
2024/02/14 06:02:40.00,461358.1828,5632561.1261,2949502.7357
2024/02/14 06:02:41.00,461359.0551,5632561.1005,2949501.8659
2024/02/14 06:02:42.00,461359.4595,5632561.7016,2949501.4341
2024/02/14 06:02:43.00,461359.8721,5632561.6921,2949500.9143
2024/02/14 06:02:44.00,461360.167,5632562.0914,2949500.6097
2024/02/14 06:02:45.00,461360.552,5632562.2901,2949500.1744
2024/02/14 06:02:46.00,461361.0315,5632562.2646,2949499.6691
2024/02/14 06:02:47.00,461361.4726,5632562.458,2949499.2107
2024/02/14 06:02:48.00,461361.9959,5632562.5218,2949498.6771
2024/02/14 06:02:49.00,461362.3759,5632562.87,2949498.2515
2024/02/14 06:02:50.00,461362.8568,5632563.1249,2949497.7329
2024/02/14 06:02:51.00,461363.3072,5632563.3364,2949497.2117
2024/02/14 06:02:52.00,461363.7135,5632563.5326,2949496.7334
2024/02/14 06:02:53.00,461364.2452,5632563.843,2949496.1348
2024/02/14 06:02:54.00,461365.224,5632564.2874,2949495.0703
2024/02/14 06:02:55.00,461366.6447,5632564.9178,2949493.5958
2024/02/14 06:02:56.00,461368.4196,5632565.4941,2949491.8046
2024/02/14 06:02:57.00,461370.2258,5632566.3853,2949490.1178
2024/02/14 06:02:58.00,461371.8917,5632567.3085,2949488.5778
2024/02/14 06:02:59.00,461373.5743,5632567.6768,2949487.0767
2024/02/14 06:03:00.00,461375.2988,5632568.3664,2949485.475
2024/02/14 06:03:01.00,461376.8558,5632568.9986,2949483.9626
2024/02/14 06:03:02.00,461378.342,5632569.622,2949482.5225
2024/02/14 06:03:03.00,461380.0041,5632570.3515,2949480.902
2024/02/14 06:03:04.00,461381.8662,5632571.1637,2949478.9875
2024/02/14 06:03:05.00,461383.8772,5632572.0659,2949476.969
2024/02/14 06:03:06.00,461385.8239,5632572.9654,2949474.9529
2024/02/14 06:03:07.00,461387.7597,5632573.8864,2949472.9294
2024/02/14 06:03:08.00,461389.9089,5632574.932,2949470.518
2024/02/14 06:03:09.00,461392.4552,5632576.1138,2949467.8478
2024/02/14 06:03:10.00,461395.3012,5632577.4212,2949464.8861
2024/02/14 06:03:11.00,461398.3553,5632578.796,2949461.7592
2024/02/14 06:03:12.00,461401.5196,5632580.1641,2949458.6025
2024/02/14 06:03:13.00,461404.6777,5632581.5346,2949455.4935
2024/02/14 06:03:14.00,461408.0307,5632583.0089,2949452.1844
2024/02/14 06:03:15.00,461411.6503,5632584.5532,2949448.6622
2024/02/14 06:03:16.00,461415.525,5632579.4034,2949442.1793
2024/02/14 06:03:17.00,461418.6405,5632585.0988,2949440.7874
2024/02/14 06:03:18.00,461422.2258,5632586.672,2949437.1664
2024/02/14 06:03:19.00,461426.1073,5632590.9265,2949433.9966
2024/02/14 06:03:20.00,461429.6967,5632590.1609,2949429.2909
2024/02/14 06:03:21.00,461434.1857,5632587.7881,2949422.9231
2024/02/14 06:03:22.00,461438.2755,5632596.3626,2949421.4903
2024/02/14 06:03:23.00,461442.7597,5632595.7487,2949416.3681
2024/02/14 06:03:24.00,461447.6446,5632597.7218,2949411.7654
2024/02/14 06:03:25.00,461451.6758,5632600.8449,2949406.1501
2024/02/14 06:03:26.00,461456.8789,5632602.9493,2949401.2577
2024/02/14 06:03:27.00,461463.4424,5632606.584,2949397.7651
2024/02/14 06:03:28.00,461468.8274,5632608.7511,2949392.769
2024/02/14 06:03:29.00,461473.9853,5632610.864,2949387.9115
2024/02/14 06:03:30.00,461478.9344,5632612.869,2949383.1477
2024/02/14 06:03:31.00,461483.6016,5632614.8663,2949378.4649
2024/02/14 06:03:32.00,461487.3032,5632613.2322,2949370.2323
2024/02/14 06:03:33.00,461491.2727,5632619.0847,2949368.5547
2024/02/14 06:03:34.00,461493.7503,5632621.5005,2949363.1163
2024/02/14 06:03:35.00,461495.7045,5632624.2001,2949357.267
2024/02/14 06:03:36.00,461496.3125,5632625.4606,2949349.3795
2024/02/14 06:03:37.00,461498.8349,5632627.4567,2949343.5548
2024/02/14 06:03:38.00,461500.429,5632630.7432,2949336.6986
2024/02/14 06:03:39.00,461501.9603,5632633.7749,2949329.6422
2024/02/14 06:03:40.00,461503.4001,5632637.4442,2949322.0901
2024/02/14 06:03:41.00,461505.1316,5632641.2323,2949314.3559
2024/02/14 06:03:42.00,461508.0418,5632646.4412,2949306.8693
2024/02/14 06:03:43.00,461508.4237,5632650.995,2949297.5379
2024/02/14 06:03:44.00,461512.2206,5632654.8583,2949289.9302
2024/02/14 06:03:45.00,461513.4119,5632658.168,2949280.7653
2024/02/14 06:03:46.00,461516.0858,5632664.9373,2949272.4539
2024/02/14 06:03:47.00,461518.0545,5632666.4028,2949262.7475
2024/02/14 06:03:48.00,461520.8256,5632672.436,2949254.1065
2024/02/14 06:03:49.00,461521.995,5632678.0352,2949244.3859
2024/02/14 06:03:50.00,461527.2038,5632684.3067,2949238.2116
2024/02/14 06:03:51.00,461526.2228,5632683.046,2949226.7727
2024/02/14 06:03:52.00,461527.4154,5632690.2169,2949217.4978
2024/02/14 06:03:55.00,461532.8975,5632699.7468,2949192.2125
2024/02/14 06:03:56.00,461537.228,5632711.5696,2949185.7903
2024/02/14 06:03:57.00,461536.5944,5632708.2418,2949175.2301
2024/02/14 06:03:59.00,461542.8883,5632723.9144,2949161.3833
2024/02/14 06:04:00.00,461544.6793,5632726.2169,2949152.0234
2024/02/14 06:04:01.00,461546.1427,5632724.0253,2949142.8845
2024/02/14 06:04:02.00,461547.9013,5632727.9937,2949135.0036
2024/02/14 06:04:03.00,461550.1532,5632736.8072,2949127.9032
2024/02/14 06:04:04.00,461549.8426,5632743.4165,2949121.707
2024/02/14 06:04:05.00,461551.1974,5632746.518,2949115.4626
2024/02/14 06:04:06.00,461554.2107,5632747.0023,2949109.2274
2024/02/14 06:04:07.00,461555.4741,5632749.1598,2949103.0438
2024/02/14 06:04:08.00,461556.604,5632751.6899,2949098.0868
2024/02/14 06:04:09.00,461557.5799,5632753.671,2949094.0697
2024/02/14 06:04:10.00,461556.3941,5632758.2294,2949092.0265
2024/02/14 06:04:11.00,461556.7497,5632759.1207,2949090.3251
2024/02/14 06:04:12.00,461557.0125,5632759.8217,2949088.9598
2024/02/14 06:04:13.00,461557.2285,5632760.3233,2949087.8454
2024/02/14 06:04:14.00,461557.2991,5632760.5206,2949087.4904
2024/02/14 06:04:15.00,461557.2988,5632760.5233,2949087.4983
2024/02/14 06:04:16.00,461557.2974,5632760.5262,2949087.4991
2024/02/14 06:04:17.00,461557.3006,5632760.5142,2949087.4944
2024/02/14 06:04:18.00,461557.3007,5632760.5201,2949087.4971
2024/02/14 06:04:19.00,461557.2989,5632760.5257,2949087.4998
2024/02/14 06:04:20.00,461557.3035,5632760.494,2949087.4892
2024/02/14 06:04:21.00,461557.3001,5632760.5178,2949087.4981
2024/02/14 06:04:22.00,461557.2966,5632760.5234,2949087.4995
2024/02/14 06:04:23.00,461557.3039,5632760.4863,2949087.4895
2024/02/14 06:04:24.00,461557.3034,5632760.4926,2949087.4912
2024/02/14 06:04:25.00,461557.3026,5632760.4911,2949087.489
2024/02/14 06:04:26.00,461557.3034,5632760.4878,2949087.4908
2024/02/14 06:04:27.00,461557.3029,5632760.4941,2949087.4917
2024/02/14 06:04:28.00,461557.3033,5632760.4915,2949087.4912
2024/02/14 06:04:29.00,461557.3024,5632760.4912,2949087.49
2024/02/14 06:04:30.00,461557.3001,5632760.4893,2949087.4893
2024/02/14 06:04:31.00,461557.3015,5632760.4932,2949087.4912
2024/02/14 06:04:32.00,461557.2996,5632760.4899,2949087.4918
2024/02/14 06:04:33.00,461557.299,5632760.4889,2949087.4897
2024/02/14 06:04:34.00,461557.3015,5632760.49,2949087.4895
2024/02/14 06:04:35.00,461557.2993,5632760.4878,2949087.4893
2024/02/14 06:04:36.00,461557.3015,5632760.489,2949087.4889
2024/02/14 06:04:37.00,461557.2984,5632760.4934,2949087.4892
2024/02/14 06:04:38.00,461557.2993,5632760.4912,2949087.4886
2024/02/14 06:04:39.00,461557.2985,5632760.4898,2949087.4904
2024/02/14 06:04:40.00,461557.301,5632760.4941,2949087.489
2024/02/14 06:04:41.00,461557.2988,5632760.4961,2949087.4908
2024/02/14 06:04:42.00,461557.2967,5632760.4924,2949087.4895
2024/02/14 06:04:43.00,461557.296,5632760.4964,2949087.4906
2024/02/14 06:04:44.00,461557.295,5632760.4923,2949087.4895
2024/02/14 06:04:45.00,461557.2947,5632760.4963,2949087.4911
2024/02/14 06:04:46.00,461557.298,5632760.4862,2949087.4879
2024/02/14 06:04:47.00,461557.2953,5632760.4902,2949087.4879
2024/02/14 06:04:48.00,461557.2957,5632760.4973,2949087.4893
2024/02/14 06:04:49.00,461557.2968,5632760.4854,2949087.488
2024/02/14 06:04:50.00,461557.2971,5632760.4879,2949087.4915
2024/02/14 06:04:51.00,461557.2956,5632760.4854,2949087.4891
2024/02/14 06:04:52.00,461557.2962,5632760.4825,2949087.4889
2024/02/14 06:04:53.00,461557.296,5632760.4786,2949087.4856
2024/02/14 06:04:54.00,461557.2961,5632760.483,2949087.487
2024/02/14 06:04:55.00,461557.2945,5632760.4845,2949087.4873
2024/02/14 06:04:56.00,461557.2972,5632760.4771,2949087.4872
2024/02/14 06:04:57.00,461557.2965,5632760.4779,2949087.4855
2024/02/14 06:04:58.00,461557.2965,5632760.4634,2949087.4798
2024/02/14 06:04:59.00,461557.2931,5632760.4596,2949087.4748
2024/02/14 06:05:00.00,461557.2938,5632760.4538,2949087.4733
2024/02/14 06:05:01.00,461557.2957,5632760.4593,2949087.4756
2024/02/14 06:05:02.00,461557.2945,5632760.4545,2949087.4758
2024/02/14 06:05:03.00,461557.2889,5632760.4665,2949087.4765
2024/02/14 06:05:04.00,461557.2903,5632760.4595,2949087.4751
2024/02/14 06:05:05.00,461557.2909,5632760.4645,2949087.4764
2024/02/14 06:05:06.00,461557.2911,5632760.4599,2949087.4754
2024/02/14 06:05:07.00,461557.2904,5632760.4543,2949087.4715
2024/02/14 06:05:08.00,461557.2947,5632760.4424,2949087.4715
2024/02/14 06:05:09.00,461557.2922,5632760.4622,2949087.4777
2024/02/14 06:05:10.00,461557.2961,5632760.4428,2949087.4719
2024/02/14 06:05:11.00,461557.2946,5632760.4389,2949087.4712
2024/02/14 06:05:12.00,461557.2939,5632760.4412,2949087.4716
2024/02/14 06:05:13.00,461557.2942,5632760.4412,2949087.4712
2024/02/14 06:05:14.00,461557.2937,5632760.4387,2949087.4683
2024/02/14 06:05:15.00,461557.2949,5632760.436,2949087.47
2024/02/14 06:05:16.00,461557.2953,5632760.439,2949087.4717
2024/02/14 06:05:17.00,461557.294,5632760.43,2949087.4668
2024/02/14 06:05:18.00,461557.2907,5632760.4366,2949087.4689
2024/02/14 06:05:19.00,461557.2932,5632760.436,2949087.4699
2024/02/14 06:05:20.00,461557.2951,5632760.4352,2949087.4678
2024/02/14 06:05:21.00,461557.2936,5632760.4264,2949087.4639
2024/02/14 06:05:22.00,461557.2916,5632760.428,2949087.4658
2024/02/14 06:05:23.00,461557.2916,5632760.426,2949087.4647
2024/02/14 06:05:24.00,461557.2925,5632760.423,2949087.4634
2024/02/14 06:05:25.00,461557.2937,5632760.4331,2949087.4685
2024/02/14 06:05:26.00,461557.2953,5632760.4318,2949087.4698
2024/02/14 06:05:27.00,461557.2943,5632760.4156,2949087.4619
2024/02/14 06:05:28.00,461557.2911,5632760.4213,2949087.4633
2024/02/14 06:05:29.00,461557.3252,5632760.2712,2949087.4403
2024/02/14 06:05:30.00,461557.2903,5632760.4195,2949087.4637
2024/02/14 06:05:31.00,461557.3311,5632760.2511,2949087.4363
2024/02/14 06:05:32.00,461557.2917,5632760.4161,2949087.4618
2024/02/14 06:05:33.00,461557.3295,5632760.2538,2949087.4373
2024/02/14 06:05:34.00,461557.3283,5632760.2468,2949087.4335
2024/02/14 06:05:35.00,461557.3254,5632760.2699,2949087.4421
2024/02/14 06:05:36.00,461557.3226,5632760.2695,2949087.4396
2024/02/14 06:05:37.00,461557.3237,5632760.273,2949087.4424
2024/02/14 06:05:38.00,461557.3267,5632760.2386,2949087.4321
2024/02/14 06:05:39.00,461557.3263,5632760.2382,2949087.4311
2024/02/14 06:05:40.00,461557.3284,5632760.2363,2949087.4304
2024/02/14 06:05:41.00,461557.3268,5632760.2367,2949087.4308
2024/02/14 06:05:42.00,461557.3253,5632760.2467,2949087.4325
2024/02/14 06:05:43.00,461557.3281,5632760.2359,2949087.431
2024/02/14 06:05:44.00,461557.3118,5632760.3031,2949087.448
2024/02/14 06:05:45.00,461557.3205,5632760.3063,2949087.4146
2024/02/14 06:05:46.00,461557.3835,5632760.4205,2949087.1283
2024/02/14 06:05:47.00,461557.5464,5632760.8157,2949086.2725
2024/02/14 06:05:48.00,461557.8286,5632761.5202,2949084.8682
2024/02/14 06:05:49.00,461558.1597,5632762.3678,2949083.1769
2024/02/14 06:05:50.00,461558.5707,5632763.4278,2949081.212
2024/02/14 06:05:51.00,461560.7202,5632762.4352,2949078.7082
2024/02/14 06:05:52.00,461561.2535,5632763.6426,2949076.2912
2024/02/14 06:05:53.00,461561.7933,5632764.8392,2949073.8474
2024/02/14 06:05:54.00,461562.4458,5632766.1632,2949071.2225
2024/02/14 06:05:55.00,461561.467,5632769.7807,2949068.4
2024/02/14 06:05:56.00,461563.8079,5632762.0851,2949061.7202
2024/02/14 06:05:57.00,461564.3415,5632770.4776,2949062.5224
2024/02/14 06:05:58.00,461565.4007,5632770.0321,2949059.2314
2024/02/14 06:05:59.00,461565.9126,5632771.4029,2949056.4956
2024/02/14 06:06:00.00,461565.8912,5632774.7362,2949054.1517
2024/02/14 06:06:01.00,461564.7344,5632778.4775,2949051.0467
2024/02/14 06:06:02.00,461567.2848,5632775.4816,2949046.644
2024/02/14 06:06:03.00,461567.896,5632777.1566,2949043.2654
2024/02/14 06:06:04.00,461566.6721,5632783.7257,2949040.631
2024/02/14 06:06:05.00,461567.7317,5632785.8356,2949036.4458
2024/02/14 06:06:06.00,461569.0614,5632788.0708,2949031.9609
2024/02/14 06:06:07.00,461570.6095,5632790.4482,2949027.2279
2024/02/14 06:06:08.00,461572.2133,5632792.9105,2949022.2614
2024/02/14 06:06:09.00,461573.6845,5632795.4939,2949017.1316
2024/02/14 06:06:10.00,461575.1274,5632798.2383,2949011.5685
2024/02/14 06:06:11.00,461576.7491,5632801.1461,2949005.7718
2024/02/14 06:06:12.00,461578.2332,5632804.1785,2948999.6974
2024/02/14 06:06:13.00,461579.7502,5632807.258,2948993.5102
2024/02/14 06:06:14.00,461583.0229,5632808.2171,2948987.0197
2024/02/14 06:06:15.00,461584.6174,5632811.4104,2948980.6769
2024/02/14 06:06:16.00,461584.4452,5632816.6657,2948974.4854
2024/02/14 06:06:17.00,461585.8696,5632819.8316,2948968.059
2024/02/14 06:06:18.00,461587.3641,5632822.9968,2948961.6458
2024/02/14 06:06:19.00,461590.5076,5632823.9488,2948955.0203
2024/02/14 06:06:20.00,461590.2859,5632829.179,2948948.9243
2024/02/14 06:06:21.00,461594.4508,5632826.5209,2948942.107
2024/02/14 06:06:22.00,461593.0834,5632835.4638,2948936.0878
2024/02/14 06:06:23.00,461594.4767,5632838.7136,2948929.5366
2024/02/14 06:06:24.00,461595.8576,5632841.9951,2948922.9573
2024/02/14 06:06:25.00,461597.2291,5632845.2814,2948916.332
2024/02/14 06:06:26.00,461598.6357,5632848.5279,2948909.7029
2024/02/14 06:06:27.00,461600.1771,5632851.7818,2948903.1855
2024/02/14 06:06:28.00,461601.5678,5632854.9872,2948896.6677
2024/02/14 06:06:29.00,461602.8995,5632858.0082,2948890.3362
2024/02/14 06:06:30.00,461604.1361,5632860.9056,2948884.5246
2024/02/14 06:06:31.00,461607.2719,5632859.1043,2948877.7265
2024/02/14 06:06:32.00,461608.1207,5632863.6245,2948872.6074
2024/02/14 06:06:33.00,461607.5718,5632869.16,2948867.8485
2024/02/14 06:06:34.00,461611.0471,5632868.1294,2948861.3864
2024/02/14 06:06:35.00,461609.9766,5632874.797,2948856.6104
2024/02/14 06:06:36.00,461611.0874,5632877.6752,2948850.6275
2024/02/14 06:06:37.00,461614.4191,5632876.4171,2948843.4662
2024/02/14 06:06:38.00,461613.4566,5632883.8409,2948838.0102
2024/02/14 06:06:39.00,461614.8234,5632887.1537,2948831.4136
2024/02/14 06:06:40.00,461616.2007,5632890.465,2948824.5262
2024/02/14 06:06:41.00,461617.502,5632893.8871,2948817.5008
2024/02/14 06:06:42.00,461618.8622,5632897.391,2948810.4915
2024/02/14 06:06:43.00,461622.0304,5632898.1929,2948802.7116
2024/02/14 06:06:44.00,461623.0833,5632898.5457,2948794.8427
2024/02/14 06:06:45.00,461624.5451,5632902.1044,2948787.662
2024/02/14 06:06:46.00,461626.05,5632905.8089,2948780.236
2024/02/14 06:06:47.00,461628.4302,5632911.63,2948773.1746
2024/02/14 06:06:48.00,461627.6403,5632920.0151,2948766.2502
2024/02/14 06:06:49.00,461631.8709,5632919.6056,2948757.6052
2024/02/14 06:06:50.00,461631.2104,5632927.1725,2948750.7754
2024/02/14 06:06:51.00,461632.8733,5632931.4943,2948743.3244
2024/02/14 06:06:52.00,461635.9547,5632932.7886,2948735.6887
2024/02/14 06:06:53.00,461635.6799,5632938.5719,2948728.6797
2024/02/14 06:06:54.00,461637.1208,5632942.4795,2948721.811
2024/02/14 06:06:55.00,461638.5697,5632945.6084,2948714.9225
2024/02/14 06:06:56.00,461641.6868,5632946.1665,2948707.668
2024/02/14 06:06:57.00,461642.6172,5632946.5938,2948700.4115
2024/02/14 06:06:58.00,461643.8378,5632949.7901,2948693.7702
2024/02/14 06:06:59.00,461645.1881,5632953.2121,2948687.0697
2024/02/14 06:07:00.00,461646.5664,5632956.6415,2948680.3173
2024/02/14 06:07:01.00,461647.9185,5632959.9783,2948673.688
2024/02/14 06:07:02.00,461650.6878,5632970.2167,2948667.9954
2024/02/14 06:07:03.00,461651.0464,5632967.6181,2948661.1734
2024/02/14 06:07:04.00,461652.0023,5632973.4087,2948655.6496
2024/02/14 06:07:05.00,461651.63,5632979.3001,2948649.294
2024/02/14 06:07:06.00,461652.8692,5632982.7032,2948642.5583
2024/02/14 06:07:07.00,461654.1053,5632986.0916,2948635.9399
2024/02/14 06:07:08.00,461655.4559,5632989.5571,2948629.1441
2024/02/14 06:07:09.00,461656.8787,5632993.1882,2948622.0946
2024/02/14 06:07:10.00,461658.3284,5632996.8422,2948614.7557
2024/02/14 06:07:11.00,461659.7632,5633000.6161,2948607.4447
2024/02/14 06:07:12.00,461663.5669,5633000.1922,2948599.1851
2024/02/14 06:07:13.00,461662.6465,5633007.905,2948593.1544
2024/02/14 06:07:14.00,461663.9851,5633010.9805,2948586.2817
2024/02/14 06:07:15.00,461665.2929,5633014.5254,2948579.6531
2024/02/14 06:07:16.00,461666.3859,5633018.0453,2948573.4787
2024/02/14 06:07:17.00,461666.8363,5633020.5019,2948567.7743
2024/02/14 06:07:18.00,461667.9638,5633020.9924,2948562.9652
2024/02/14 06:07:19.00,461666.294,5633019.5969,2948557.9197
2024/02/14 06:07:21.00,461661.3596,5633024.7683,2948555.5827
2024/02/14 06:07:22.00,461658.5408,5633021.7788,2948551.1222
2024/02/14 06:07:23.00,461657.0187,5633023.3415,2948550.6559
2024/02/14 06:07:24.00,461654.2855,5633027.3662,2948551.9123
2024/02/14 06:07:25.00,461652.7269,5633023.964,2948549.777
2024/02/14 06:07:26.00,461649.2477,5633030.805,2948551.2951
2024/02/14 06:07:27.00,461646.8529,5633027.3748,2948550.6405
2024/02/14 06:07:28.00,461643.8417,5633027.6265,2948550.595
2024/02/14 06:07:29.00,461640.1335,5633028.8347,2948550.8033
2024/02/14 06:07:30.00,461637.0893,5633027.5161,2948550.538
2024/02/14 06:07:31.00,461633.2735,5633027.6895,2948550.7749
2024/02/14 06:07:32.00,461626.8477,5633032.1486,2948552.2603
2024/02/14 06:07:33.00,461622.1995,5633032.035,2948552.9126
2024/02/14 06:07:34.00,461619.3316,5633027.7724,2948552.7666
2024/02/14 06:07:35.00,461613.7333,5633027.61,2948553.8529
2024/02/14 06:07:36.00,461605.5044,5633032.1194,2948556.2351
2024/02/14 06:07:37.00,461599.3682,5633031.9079,2948557.5219
2024/02/14 06:07:38.00,461594.7957,5633025.7525,2948557.3511
2024/02/14 06:07:39.00,461588.459,5633025.348,2948558.7231
2024/02/14 06:07:40.00,461580.4207,5633031.0381,2948561.8513
2024/02/14 06:07:41.00,461575.5627,5633027.0454,2948562.3643
2024/02/14 06:07:42.00,461567.2809,5633023.7774,2948564.4471
2024/02/14 06:07:44.00,461553.1388,5633026.9408,2948569.2592
2024/02/14 06:07:45.00,461543.5053,5633028.7708,2948571.8762
2024/02/14 06:07:46.00,461536.8396,5633025.6904,2948574.0769
2024/02/14 06:07:47.00,461528.4396,5633021.8082,2948576.9368
2024/02/14 06:07:48.00,461519.1606,5633018.6772,2948576.4965
2024/02/14 06:07:49.00,461510.2613,5633020.7662,2948581.6555
2024/02/14 06:07:50.00,461502.5287,5633021.3058,2948586.1082
2024/02/14 06:07:51.00,461491.8072,5633023.2899,2948590.1147
2024/02/14 06:07:52.00,461484.7412,5633019.8713,2948593.0145
2024/02/14 06:07:53.00,461476.1289,5633018.9992,2948596.041
2024/02/14 06:07:54.00,461467.8009,5633018.2235,2948598.8565
2024/02/14 06:07:55.00,461458.5164,5633020.0711,2948601.5916
2024/02/14 06:07:56.00,461451.6807,5633019.7712,2948603.1802
2024/02/14 06:07:57.00,461446.7423,5633017.6297,2948603.1701
2024/02/14 06:07:58.00,461440.4243,5633018.7483,2948601.8892
2024/02/14 06:07:59.00,461434.6368,5633015.8397,2948597.3474
2024/02/14 06:08:00.00,461432.0752,5633021.5826,2948594.1422
2024/02/14 06:08:01.00,461429.4298,5633025.3769,2948589.2253
2024/02/14 06:08:02.00,461428.5355,5633026.4558,2948583.8211
2024/02/14 06:08:03.00,461430.0837,5633029.9212,2948577.2857
2024/02/14 06:08:04.00,461431.1773,5633035.0769,2948572.0082
2024/02/14 06:08:05.00,461433.1414,5633038.1217,2948565.6622
2024/02/14 06:08:06.00,461433.6859,5633043.6963,2948559.3184
2024/02/14 06:08:07.00,461435.7823,5633047.3038,2948552.2937
2024/02/14 06:08:08.00,461438.0122,5633051.0532,2948544.7854
2024/02/14 06:08:09.00,461440.5347,5633054.9472,2948536.8387
2024/02/14 06:08:10.00,461443.3357,5633058.985,2948528.5379
2024/02/14 06:08:11.00,461446.1799,5633063.2855,2948519.9362
2024/02/14 06:08:12.00,461449.2456,5633069.8162,2948511.4782
2024/02/14 06:08:13.00,461452.013,5633074.2288,2948502.1628
2024/02/14 06:08:14.00,461454.3502,5633077.075,2948492.4416
2024/02/14 06:08:15.00,461457.5286,5633079.5906,2948482.9545
2024/02/14 06:08:16.00,461460.3391,5633085.3793,2948475.119
2024/02/14 06:08:17.00,461462.8957,5633087.5339,2948466.8272
2024/02/14 06:08:18.00,461465.1196,5633092.4397,2948460.7109
2024/02/14 06:08:19.00,461468.9795,5633093.3846,2948453.8272
2024/02/14 06:08:20.00,461471.7536,5633094.495,2948446.4258
2024/02/14 06:08:21.00,461472.4754,5633094.6577,2948436.2177
2024/02/14 06:08:22.00,461476.0585,5633102.8814,2948433.0378
2024/02/14 06:08:23.00,461476.5102,5633109.2946,2948426.5408
2024/02/14 06:08:24.00,461478.8292,5633112.345,2948418.9982
2024/02/14 06:08:25.00,461483.1308,5633113.8689,2948410.8147
2024/02/14 06:08:26.00,461485.6752,5633117.7075,2948403.0068
2024/02/14 06:08:27.00,461486.434,5633124.4715,2948395.7336
2024/02/14 06:08:28.00,461489.0408,5633128.4812,2948387.5436
2024/02/14 06:08:29.00,461491.711,5633132.6106,2948379.2269
2024/02/14 06:08:30.00,461494.4098,5633136.6267,2948370.7534
2024/02/14 06:08:31.00,461496.9694,5633140.8906,2948362.3471
2024/02/14 06:08:32.00,461499.4538,5633145.0237,2948354.0247
2024/02/14 06:08:33.00,461501.9525,5633149.0507,2948345.8512
2024/02/14 06:08:34.00,461504.6264,5633152.9803,2948337.8851
2024/02/14 06:08:35.00,461507.3028,5633156.8294,2948330.1062
2024/02/14 06:08:36.00,461509.8019,5633160.5261,2948322.7985
2024/02/14 06:08:37.00,461511.8912,5633163.8287,2948316.1819
2024/02/14 06:08:38.00,461515.6479,5633163.9307,2948309.5105
2024/02/14 06:08:40.00,461518.966,5633165.5292,2948296.8713
2024/02/14 06:08:41.00,461520.8795,5633167.9509,2948292.6625
2024/02/14 06:08:42.00,461522.3569,5633170.2021,2948285.6959
2024/02/14 06:08:43.00,461524.0725,5633178.4852,2948283.8138
2024/02/14 06:08:44.00,461525.3707,5633176.9819,2948279.0137
2024/02/14 06:08:45.00,461526.008,5633178.9696,2948274.2384
2024/02/14 06:08:46.00,461524.194,5633185.1024,2948271.2204
2024/02/14 06:08:47.00,461524.3068,5633187.6513,2948267.3044
2024/02/14 06:08:48.00,461526.5184,5633185.167,2948262.2231
2024/02/14 06:08:49.00,461524.2957,5633191.7004,2948259.4351
2024/02/14 06:08:50.00,461526.3674,5633189.3121,2948254.3612
2024/02/14 06:08:51.00,461524.0827,5633195.9678,2948251.1949
2024/02/14 06:08:52.00,461524.0255,5633198.3002,2948246.6911
2024/02/14 06:08:53.00,461523.9926,5633200.7787,2948241.8848
2024/02/14 06:08:54.00,461525.5391,5633201.1093,2948236.5549
2024/02/14 06:08:55.00,461523.6738,5633206.2186,2948231.4922
2024/02/14 06:08:56.00,461525.6609,5633204.6808,2948224.7405
2024/02/14 06:08:57.00,461525.0639,5633209.7516,2948219.2761
2024/02/14 06:08:58.00,461523.2174,5633214.8497,2948213.5618
2024/02/14 06:08:59.00,461523.0295,5633218.838,2948207.2451
2024/02/14 06:09:00.00,461522.8802,5633222.2894,2948200.6447
2024/02/14 06:09:01.00,461524.7881,5633221.5374,2948192.8203
2024/02/14 06:09:02.00,461524.5887,5633224.7843,2948186.1802
2024/02/14 06:09:03.00,461524.4299,5633228.6949,2948179.8366
2024/02/14 06:09:04.00,461524.1113,5633231.3643,2948173.3187
2024/02/14 06:09:05.00,461523.9322,5633234.8068,2948166.9461
2024/02/14 06:09:06.00,461523.7651,5633238.2107,2948160.4312
2024/02/14 06:09:07.00,461523.6839,5633241.6919,2948153.9514
2024/02/14 06:09:08.00,461523.5712,5633245.1616,2948147.3596
2024/02/14 06:09:09.00,461523.498,5633248.7705,2948140.5369
2024/02/14 06:09:10.00,461523.3809,5633252.5052,2948133.5271
2024/02/14 06:09:11.00,461523.3251,5633256.2829,2948126.3198
2024/02/14 06:09:12.00,461523.1762,5633260.0767,2948119.0414
2024/02/14 06:09:13.00,461520.8006,5633268.4904,2948112.8161
2024/02/14 06:09:15.00,461522.4971,5633272.1566,2948096.3697
2024/02/14 06:09:16.00,461522.1679,5633276.4339,2948088.3132
2024/02/14 06:09:17.00,461521.9167,5633280.8329,2948080.0862
2024/02/14 06:09:18.00,461519.5203,5633289.0044,2948072.7606
2024/02/14 06:09:19.00,461519.7037,5633290.7123,2948064.8883
2024/02/14 06:09:20.00,461519.4297,5633294.9956,2948056.8094
2024/02/14 06:09:21.00,461520.3643,5633300.3076,2948048.2464
2024/02/14 06:09:22.00,461518.7165,5633306.2824,2948040.2828
2024/02/14 06:09:23.00,461518.7605,5633310.5524,2948031.9835
2024/02/14 06:09:24.00,461518.6425,5633315.0115,2948023.5585
2024/02/14 06:09:25.00,461520.4469,5633315.5573,2948013.9743
2024/02/14 06:09:26.00,461520.3563,5633320.4294,2948005.328
2024/02/14 06:09:27.00,461520.2451,5633325.108,2947996.4899
2024/02/14 06:09:28.00,461519.719,5633331.4322,2947987.8857
2024/02/14 06:09:29.00,461519.5396,5633336.1952,2947978.9242
2024/02/14 06:09:30.00,461517.6084,5633343.0393,2947970.6649
2024/02/14 06:09:31.00,461519.4917,5633343.9363,2947961.1052
2024/02/14 06:09:32.00,461519.3209,5633348.2183,2947952.6311
2024/02/14 06:09:33.00,461519.108,5633352.6518,2947944.4255
2024/02/14 06:09:34.00,461518.9776,5633356.8766,2947936.3471
2024/02/14 06:09:35.00,461518.9739,5633360.9507,2947928.5545
2024/02/14 06:09:36.00,461519.0012,5633364.8048,2947921.2956
2024/02/14 06:09:37.00,461518.904,5633368.747,2947914.266
2024/02/14 06:09:38.00,461518.7961,5633372.4598,2947907.211
2024/02/14 06:09:39.00,461518.6668,5633376.178,2947900.1148
2024/02/14 06:09:40.00,461518.4708,5633379.895,2947893.0897
2024/02/14 06:09:41.00,461518.2536,5633383.3593,2947886.1957
2024/02/14 06:09:42.00,461517.9702,5633387.199,2947879.2936
2024/02/14 06:09:43.00,461517.7291,5633390.9621,2947872.2276
2024/02/14 06:09:44.00,461517.6002,5633394.6923,2947865.1664
2024/02/14 06:09:45.00,461517.5762,5633398.3235,2947858.2465
2024/02/14 06:09:46.00,461517.5896,5633401.8849,2947851.4551
2024/02/14 06:09:47.00,461517.5717,5633405.4671,2947844.6878
2024/02/14 06:09:48.00,461517.5367,5633409.3659,2947837.9241
2024/02/14 06:09:49.00,461517.3163,5633412.9458,2947831.1984
2024/02/14 06:09:50.00,461517.0506,5633416.439,2947824.6791
2024/02/14 06:09:51.00,461516.7966,5633419.8548,2947818.2962
2024/02/14 06:09:52.00,461516.5857,5633423.3247,2947811.7658
2024/02/14 06:09:53.00,461516.3999,5633426.5962,2947805.0156
2024/02/14 06:09:54.00,461516.2505,5633430.1677,2947798.3697
2024/02/14 06:09:55.00,461516.0603,5633433.6351,2947791.916
2024/02/14 06:09:56.00,461515.9436,5633437.3615,2947785.5563
2024/02/14 06:09:57.00,461515.698,5633440.3923,2947778.9829
2024/02/14 06:09:58.00,461515.4534,5633444.0952,2947772.4048
2024/02/14 06:09:59.00,461513.206,5633451.9273,2947766.6487
2024/02/14 06:10:00.00,461514.6885,5633455.8427,2947761.22
2024/02/14 06:10:01.00,461515.1618,5633454.8292,2947751.8382
2024/02/14 06:10:02.00,461515.0346,5633458.4832,2947744.9587
2024/02/14 06:10:03.00,461512.83,5633465.8911,2947739.0023
2024/02/14 06:10:04.00,461512.7276,5633469.5557,2947732.1195
2024/02/14 06:10:05.00,461512.4914,5633473.2051,2947725.2927
2024/02/14 06:10:06.00,461512.3209,5633476.6897,2947718.5849
2024/02/14 06:10:07.00,461513.7524,5633478.5631,2947711.9627
2024/02/14 06:10:08.00,461512.0065,5633483.5383,2947705.7861
2024/02/14 06:10:09.00,461511.9046,5633486.7356,2947699.6001
2024/02/14 06:10:11.00,461512.8735,5633496.4187,2947689.0013
2024/02/14 06:10:12.00,461513.8736,5633489.4859,2947681.363
2024/02/14 06:10:13.00,461515.2902,5633495.6293,2947676.4778
2024/02/14 06:10:14.00,461518.0769,5633497.9287,2947671.7172
2024/02/14 06:10:15.00,461522.0978,5633498.5957,2947667.8277
2024/02/14 06:10:16.00,461525.4971,5633502.7194,2947664.6881
2024/02/14 06:10:17.00,461528.2578,5633504.2003,2947661.3911
2024/02/14 06:10:18.00,461530.6675,5633505.8198,2947657.8732
2024/02/14 06:10:19.00,461532.0301,5633505.3609,2947652.4361
2024/02/14 06:10:20.00,461531.9906,5633503.0109,2947648.2383
2024/02/14 06:10:21.00,461537.9962,5633509.2437,2947645.2938
2024/02/14 06:10:22.00,461540.7135,5633511.3191,2947641.0119
2024/02/14 06:10:23.00,461544.9114,5633507.6887,2947636.158
2024/02/14 06:10:24.00,461547.8521,5633513.0828,2947632.8704
2024/02/14 06:10:25.00,461553.8567,5633515.4427,2947630.9832
2024/02/14 06:10:26.00,461559.6394,5633515.5339,2947629.9267
2024/02/14 06:10:27.00,461565.072,5633517.2449,2947630.7371
2024/02/14 06:10:28.00,461571.6585,5633514.3829,2947630.2997
2024/02/14 06:10:29.00,461577.8353,5633513.7216,2947631.0362
2024/02/14 06:10:30.00,461584.2406,5633512.7743,2947631.8712
2024/02/14 06:10:31.00,461590.8517,5633511.8007,2947632.7919
2024/02/14 06:10:32.00,461597.6992,5633510.8035,2947633.7454
2024/02/14 06:10:33.00,461604.7602,5633509.7263,2947634.7763
2024/02/14 06:10:34.00,461612.0623,5633508.4379,2947635.8315
2024/02/14 06:10:35.00,461619.3616,5633507.4827,2947636.9512
2024/02/14 06:10:36.00,461626.6917,5633506.4231,2947637.914
2024/02/14 06:10:37.00,461633.9656,5633505.4316,2947638.7052
2024/02/14 06:10:38.00,461641.1519,5633504.7074,2947638.9853
2024/02/14 06:10:39.00,461647.821,5633506.1129,2947639.0453
2024/02/14 06:10:40.00,461654.8888,5633504.0609,2947637.5123
2024/02/14 06:10:41.00,461660.6667,5633503.3082,2947635.6007
2024/02/14 06:10:42.00,461667.5279,5633504.9969,2947634.6732
2024/02/14 06:10:43.00,461673.5325,5633504.6162,2947633.9475
2024/02/14 06:10:44.00,461679.6844,5633504.316,2947634.5238
2024/02/14 06:10:45.00,461685.2952,5633502.9114,2947636.4434
2024/02/14 06:10:46.00,461690.2277,5633500.966,2947639.4722
2024/02/14 06:10:47.00,461694.6348,5633498.7528,2947643.0671
2024/02/14 06:10:48.00,461698.6771,5633496.5797,2947646.6491
2024/02/14 06:10:49.00,461702.9401,5633494.5979,2947649.7995
2024/02/14 06:10:50.00,461707.6246,5633492.8282,2947652.5965
2024/02/14 06:10:51.00,461712.829,5633491.0536,2947654.9648
2024/02/14 06:10:52.00,461718.2379,5633489.3829,2947656.9346
2024/02/14 06:10:53.00,461723.7739,5633490.3782,2947659.4708
2024/02/14 06:10:54.00,461730.5138,5633487.2637,2947660.1642
2024/02/14 06:10:55.00,461737.1406,5633486.1592,2947661.4065
2024/02/14 06:10:56.00,461743.998,5633485.0087,2947662.6044
2024/02/14 06:10:57.00,461750.7916,5633483.831,2947663.8593
2024/02/14 06:10:58.00,461757.3357,5633482.665,2947665.1142
2024/02/14 06:10:59.00,461763.5562,5633481.6003,2947666.3379
2024/02/14 06:11:00.00,461768.9303,5633480.6462,2947667.3898
2024/02/14 06:11:01.00,461773.3463,5633479.8839,2947668.2521
2024/02/14 06:11:02.00,461777.0583,5633481.0575,2947669.8227
2024/02/14 06:11:03.00,461781.4875,5633478.4228,2947669.9033
2024/02/14 06:11:04.00,461784.9199,5633477.5995,2947670.6452
2024/02/14 06:11:05.00,461787.7117,5633477.2483,2947671.3399
2024/02/14 06:11:06.00,461790.1734,5633476.7975,2947671.8409
2024/02/14 06:11:07.00,461792.3512,5633476.4492,2947672.1914
2024/02/14 06:11:08.00,461794.7503,5633476.1276,2947672.4741
2024/02/14 06:11:09.00,461797.5439,5633475.6284,2947672.6863
2024/02/14 06:11:10.00,461800.4593,5633475.5767,2947672.7367
2024/02/14 06:11:11.00,461803.5356,5633475.4921,2947672.4353
2024/02/14 06:11:12.00,461806.8383,5633475.5704,2947671.8298
2024/02/14 06:11:13.00,461810.2798,5633475.9633,2947670.6596
2024/02/14 06:11:14.00,461813.6177,5633476.7363,2947668.8249
2024/02/14 06:11:15.00,461816.6593,5633477.8211,2947666.3435
2024/02/14 06:11:16.00,461819.0223,5633478.9713,2947663.0164
2024/02/14 06:11:19.00,461823.0519,5633490.7504,2947652.4443
2024/02/14 06:11:20.00,461823.262,5633487.1305,2947643.6696
2024/02/14 06:11:21.00,461824.1123,5633490.8164,2947636.842
2024/02/14 06:11:22.00,461825.1237,5633495.0362,2947631.4024
2024/02/14 06:11:23.00,461825.8059,5633501.4035,2947632.401
2024/02/14 06:11:26.00,461826.4145,5633505.5783,2947601.9782
2024/02/14 06:11:27.00,461838.104,5633536.9363,2947604.8727
2024/02/14 06:11:28.00,461829.6897,5633514.74,2947590.3243
2024/02/14 06:11:29.00,461831.4047,5633520.048,2947582.9454
2024/02/14 06:11:30.00,461832.1331,5633523.1633,2947577.0288
2024/02/14 06:11:31.00,461832.9291,5633526.4195,2947571.2465
2024/02/14 06:11:32.00,461833.8419,5633529.1399,2947565.3189
2024/02/14 06:11:33.00,461834.0939,5633530.8604,2947558.9171
2024/02/14 06:11:34.00,461835.4502,5633535.3395,2947553.2621
2024/02/14 06:11:35.00,461838.1618,5633538.9586,2947549.536
2024/02/14 06:11:36.00,461837.1943,5633541.5743,2947541.5395
2024/02/14 06:11:37.00,461837.889,5633544.288,2947535.9766
2024/02/14 06:11:38.00,461838.6089,5633546.6929,2947530.5424
2024/02/14 06:11:39.00,461838.4587,5633548.1185,2947524.9678
2024/02/14 06:11:40.00,461839.4367,5633551.909,2947520.3371
2024/02/14 06:11:41.00,461839.4862,5633554.3117,2947515.6023
2024/02/14 06:11:42.00,461839.0821,5633556.5502,2947511.2051
2024/02/14 06:11:43.00,461838.3641,5633558.7658,2947507.0066
2024/02/14 06:11:46.00,461834.5745,5633565.9995,2947493.501
2024/02/14 06:11:47.00,461832.9607,5633568.6428,2947488.5143
2024/02/14 06:11:48.00,461831.2459,5633571.6582,2947483.453
2024/02/14 06:11:49.00,461829.487,5633574.2183,2947478.3188
2024/02/14 06:11:50.00,461827.7329,5633577.0775,2947473.3779
2024/02/14 06:11:51.00,461826.1291,5633579.6349,2947468.5231
2024/02/14 06:11:52.00,461824.6244,5633582.1482,2947463.7487
2024/02/14 06:11:53.00,461823.1937,5633584.609,2947459.1596
2024/02/14 06:11:54.00,461821.8907,5633586.8136,2947454.9808
2024/02/14 06:11:55.00,461820.5486,5633589.0416,2947450.9056
2024/02/14 06:11:56.00,461818.713,5633592.5552,2947446.9537
2024/02/14 06:11:57.00,461817.5622,5633593.7134,2947442.3439
2024/02/14 06:11:58.00,461815.9259,5633596.0627,2947437.9509
2024/02/14 06:11:59.00,461814.9908,5633603.4385,2947433.4964
2024/02/14 06:12:00.00,461813.3645,5633605.7965,2947428.9958
2024/02/14 06:12:01.00,461811.7452,5633608.3237,2947424.403
2024/02/14 06:12:02.00,461809.5406,5633605.2861,2947419.6947
2024/02/14 06:12:03.00,461808.2075,5633608.1409,2947415.2726
2024/02/14 06:12:04.00,461806.9332,5633610.1586,2947410.5666
2024/02/14 06:12:05.00,461805.9345,5633612.7031,2947405.7933
2024/02/14 06:12:06.00,461805.2257,5633615.2438,2947401.077
2024/02/14 06:12:07.00,461804.6611,5633617.9171,2947396.5292
2024/02/14 06:12:08.00,461804.2168,5633619.7997,2947391.9186
2024/02/14 06:12:09.00,461803.9538,5633622.4632,2947387.5423
2024/02/14 06:12:10.00,461803.6891,5633624.6573,2947383.1908
2024/02/14 06:12:11.00,461803.357,5633626.8192,2947378.9136
2024/02/14 06:12:12.00,461802.9666,5633628.485,2947374.5978
2024/02/14 06:12:13.00,461802.6279,5633630.9964,2947370.4649
2024/02/14 06:12:14.00,461802.2923,5633633.1024,2947366.2579
2024/02/14 06:12:15.00,461801.8964,5633635.1971,2947362.0655
2024/02/14 06:12:16.00,461801.4599,5633637.2758,2947357.8703
2024/02/14 06:12:17.00,461801.0103,5633639.3613,2947353.6855
2024/02/14 06:12:18.00,461800.5743,5633641.431,2947349.4701
2024/02/14 06:12:19.00,461800.1793,5633643.4441,2947345.2837
2024/02/14 06:12:20.00,461799.7776,5633645.0099,2947341.3391
2024/02/14 06:12:21.00,461799.5208,5633647.1936,2947337.7642
2024/02/14 06:12:22.00,461799.226,5633648.9246,2947334.0487
2024/02/14 06:12:23.00,461798.9661,5633650.8285,2947330.3123
2024/02/14 06:12:24.00,461798.657,5633652.7537,2947326.2843
2024/02/14 06:12:25.00,461798.2653,5633654.8766,2947321.8677
2024/02/14 06:12:26.00,461797.8573,5633657.2381,2947317.1352
2024/02/14 06:12:27.00,461797.4756,5633659.6497,2947312.0494
2024/02/14 06:12:28.00,461797.0716,5633662.2719,2947306.6286
2024/02/14 06:12:29.00,461796.5762,5633664.9365,2947301.0844
2024/02/14 06:12:30.00,461796.0032,5633667.5737,2947295.492
2024/02/14 06:12:31.00,461795.4801,5633670.24,2947290.0833
2024/02/14 06:12:32.00,461794.9326,5633672.474,2947285.0642
2024/02/14 06:12:33.00,461794.5148,5633674.9132,2947280.2608
2024/02/14 06:12:34.00,461794.0917,5633677.2631,2947275.3431
2024/02/14 06:12:35.00,461793.633,5633679.5185,2947270.7378
2024/02/14 06:12:36.00,461793.0847,5633681.6956,2947266.1215
2024/02/14 06:12:37.00,461792.6041,5633683.9708,2947261.4406
2024/02/14 06:12:38.00,461792.0893,5633686.2772,2947256.6678
2024/02/14 06:12:39.00,461791.5692,5633688.5537,2947251.806
2024/02/14 06:12:40.00,461791.0232,5633690.9245,2947246.9167
2024/02/14 06:12:41.00,461790.4651,5633693.3892,2947242.033
2024/02/14 06:12:42.00,461789.9353,5633695.859,2947237.1469
2024/02/14 06:12:43.00,461789.3381,5633698.4022,2947232.1236
2024/02/14 06:12:44.00,461788.6373,5633700.9075,2947227.1139
2024/02/14 06:12:45.00,461788.0089,5633703.4033,2947222.0965
2024/02/14 06:12:46.00,461787.3751,5633705.8949,2947217.0769
2024/02/14 06:12:47.00,461786.7967,5633707.9538,2947212.2014
2024/02/14 06:12:48.00,461786.3616,5633710.3556,2947208.0363
2024/02/14 06:12:49.00,461785.9877,5633711.8998,2947204.3458
2024/02/14 06:12:50.00,461785.6034,5633713.5465,2947201.1923
2024/02/14 06:12:51.00,461785.3328,5633714.865,2947198.6254
2024/02/14 06:12:52.00,461785.0603,5633716.2967,2947196.3444
2024/02/14 06:12:53.00,461784.8628,5633717.2655,2947194.4378
2024/02/14 06:12:54.00,461784.7093,5633717.8625,2947193.0246
2024/02/14 06:12:55.00,461784.5791,5633718.3547,2947192.3536
2024/02/14 06:12:56.00,461784.5279,5633718.4382,2947192.1717
2024/02/14 06:12:57.00,461784.5375,5633718.4252,2947191.8664
2024/02/14 06:12:58.00,461784.5274,5633718.4534,2947191.804
2024/02/14 06:12:59.00,461780.5852,5633711.8656,2947187.6194
2024/02/14 06:13:00.00,461780.5861,5633711.8616,2947187.6172
2024/02/14 06:13:01.00,461780.5905,5633711.8755,2947187.6183
2024/02/14 06:13:02.00,461779.3343,5633719.0845,2947191.8882
2024/02/14 06:13:03.00,461779.2867,5633719.2283,2947191.9368
2024/02/14 06:13:04.00,461781.4124,5633716.8626,2947191.5966
2024/02/14 06:13:05.00,461782.6611,5633723.5675,2947192.8444
2024/02/14 06:13:06.00,461781.4137,5633716.8563,2947191.5945
2024/02/14 06:13:07.00,461780.6108,5633711.8742,2947187.6233
2024/02/14 06:13:08.00,461780.6112,5633711.8764,2947187.6225
2024/02/14 06:13:09.00,461779.3481,5633719.0977,2947191.8872
2024/02/14 06:13:10.00,461780.607,5633711.8651,2947187.6235
2024/02/14 06:13:11.00,461782.659,5633723.54,2947192.8408
2024/02/14 06:13:12.00,461784.5432,5633718.4515,2947191.8072
2024/02/14 06:13:13.00,461782.6609,5633723.5365,2947192.8394
2024/02/14 06:13:14.00,461784.7401,5633720.5137,2947194.6868
2024/02/14 06:13:15.00,461784.5731,5633718.4945,2947191.8089
2024/02/14 06:13:16.00,461782.6608,5633723.5239,2947192.8357
2024/02/14 06:13:17.00,461782.6714,5633723.5476,2947192.8356
2024/02/14 06:13:18.00,461782.6682,5633723.54,2947192.8342
2024/02/14 06:13:19.00,461784.5374,5633718.7293,2947191.9453
2024/02/14 06:13:20.00,461784.5765,5633718.4923,2947191.8088
2024/02/14 06:13:21.00,461784.5413,5633718.7228,2947191.9382
2024/02/14 06:13:22.00,461784.5739,5633718.4836,2947191.808
2024/02/14 06:13:23.00,461784.5261,5633719.1065,2947191.9962
2024/02/14 06:13:24.00,461784.5247,5633719.1029,2947191.997
2024/02/14 06:13:25.00,461784.5426,5633718.7224,2947191.9362
2024/02/14 06:13:26.00,461784.5443,5633718.7187,2947191.9371
2024/02/14 06:13:27.00,461784.5407,5633718.731,2947191.9178
2024/02/14 06:13:28.00,461782.6387,5633723.58,2947192.6752
2024/02/14 06:13:29.00,461784.4895,5633718.9091,2947191.6006
2024/02/14 06:13:30.00,461784.4528,5633719.0099,2947191.3639
2024/02/14 06:13:31.00,461784.3763,5633719.4812,2947191.2019
2024/02/14 06:13:32.00,461787.1541,5633722.5914,2947191.7248
2024/02/14 06:13:33.00,461787.1396,5633722.649,2947191.7468
2024/02/14 06:13:34.00,461787.1374,5633722.6477,2947191.7435
2024/02/14 06:13:35.00,461787.134,5633722.6479,2947191.7439
2024/02/14 06:13:36.00,461787.1339,5633722.6497,2947191.7445
2024/02/14 06:13:37.00,461787.1336,5633722.5782,2947191.7191
2024/02/14 06:13:38.00,461787.1321,5633722.5759,2947191.7167
2024/02/14 06:13:39.00,461784.3704,5633719.5051,2947191.1868
2024/02/14 06:13:40.00,461784.3699,5633719.5059,2947191.185
2024/02/14 06:13:41.00,461784.3701,5633719.4985,2947191.1823
2024/02/14 06:13:42.00,461787.1138,5633722.6348,2947191.738
2024/02/14 06:13:43.00,461787.1065,5633722.6386,2947191.7375
2024/02/14 06:13:44.00,461787.1065,5633722.6286,2947191.7339
2024/02/14 06:13:45.00,461784.3651,5633719.4986,2947191.1834
2024/02/14 06:13:46.00,461784.3683,5633719.4921,2947191.1804
2024/02/14 06:13:47.00,461784.3652,5633719.5012,2947191.1823
2024/02/14 06:13:48.00,461784.3695,5633719.4998,2947191.1826
2024/02/14 06:13:49.00,461784.3731,5633719.5094,2947191.1867
2024/02/14 06:13:50.00,461784.3739,5633719.499,2947191.1832
2024/02/14 06:13:51.00,461784.3738,5633719.5023,2947191.1835
2024/02/14 06:13:52.00,461787.1056,5633722.6256,2947191.733
2024/02/14 06:14:03.00,461784.2835,5633718.9587,2947190.9661
2024/02/14 06:14:04.00,461784.2566,5633719.082,2947190.7556
2024/02/14 06:14:05.00,461784.2,5633719.2109,2947190.4317
2024/02/14 06:14:06.00,461784.2039,5633720.0354,2947190.1305
2024/02/14 06:14:07.00,461784.1128,5633720.34,2947189.6069
2024/02/14 06:14:08.00,461784.0007,5633720.2625,2947188.8156
2024/02/14 06:14:11.00,461783.3801,5633722.3433,2947184.608
2024/02/14 06:14:12.00,461783.1452,5633723.0509,2947182.9865
2024/02/14 06:14:13.00,461782.9777,5633724.3068,2947180.8809
2024/02/14 06:14:14.00,461782.617,5633725.6309,2947178.1572
2024/02/14 06:14:15.00,461782.3005,5633727.1145,2947174.9882
2024/02/14 06:14:16.00,461781.9186,5633728.7864,2947171.6567
2024/02/14 06:14:17.00,461781.5272,5633730.5623,2947168.2969
2024/02/14 06:14:18.00,461781.1527,5633732.3203,2947164.804
2024/02/14 06:14:19.00,461780.7909,5633734.3239,2947160.8532
2024/02/14 06:14:20.00,461780.41,5633736.5586,2947156.5119
2024/02/14 06:14:21.00,461780.0274,5633739.2293,2947151.9814
2024/02/14 06:14:22.00,461779.4761,5633741.5608,2947146.9622
2024/02/14 06:14:23.00,461779.007,5633744.1379,2947141.9592
2024/02/14 06:14:24.00,461778.6628,5633746.6743,2947137.0974
2024/02/14 06:14:25.00,461778.3586,5633749.1005,2947132.3623
2024/02/14 06:14:26.00,461778.1029,5633751.6261,2947127.9108
2024/02/14 06:14:27.00,461777.7997,5633753.8979,2947123.3384
2024/02/14 06:14:28.00,461777.3529,5633755.702,2947118.9433
2024/02/14 06:14:29.00,461776.9262,5633758.2857,2947114.8234
2024/02/14 06:14:30.00,461776.3154,5633759.9629,2947110.8114
2024/02/14 06:14:31.00,461775.5436,5633761.9436,2947107.083
2024/02/14 06:14:32.00,461774.6877,5633764.3677,2947103.7632
2024/02/14 06:14:33.00,461773.6939,5633765.7955,2947100.1521
2024/02/14 06:14:34.00,461772.7678,5633768.1481,2947096.7706
2024/02/14 06:14:35.00,461771.9199,5633769.972,2947093.3153
2024/02/14 06:14:36.00,461771.1492,5633771.7508,2947090.0148
2024/02/14 06:14:37.00,461770.5327,5633773.8909,2947087.3418
2024/02/14 06:14:38.00,461770.2526,5633774.7706,2947084.676
2024/02/14 06:14:39.00,461770.1213,5633776.0202,2947082.2846
2024/02/14 06:14:40.00,461770.3654,5633777.1582,2947079.6769
2024/02/14 06:14:41.00,461771.317,5633778.4614,2947077.0592
2024/02/14 06:14:42.00,461773.0947,5633779.5288,2947074.7899
2024/02/14 06:14:43.00,461775.5385,5633780.4404,2947073.0194
2024/02/14 06:14:44.00,461778.8474,5633780.7861,2947071.6228
2024/02/14 06:14:45.00,461782.8263,5633780.4689,2947071.0421
2024/02/14 06:14:46.00,461787.1164,5633780.0331,2947071.5839
2024/02/14 06:14:47.00,461791.5546,5633778.9861,2947072.4516
2024/02/14 06:14:48.00,461796.2284,5633777.8665,2947074.2323
2024/02/14 06:14:49.00,461801.0861,5633776.3336,2947076.0004
2024/02/14 06:14:50.00,461805.7333,5633775.1303,2947077.7756
2024/02/14 06:14:51.00,461809.4411,5633774.1661,2947078.9956
2024/02/14 06:14:52.00,461810.914,5633775.2642,2947079.9585
2024/02/14 06:14:53.00,461812.531,5633773.3687,2947079.8568
2024/02/14 06:14:54.00,461813.208,5633773.2587,2947080.0566
2024/02/14 06:14:55.00,461813.7784,5633773.1199,2947080.2179
2024/02/14 06:14:56.00,461813.9822,5633774.2199,2947080.5684
2024/02/14 06:14:57.00,461814.9842,5633772.8813,2947080.5196
2024/02/14 06:14:58.00,461815.8108,5633772.7144,2947080.719
2024/02/14 06:14:59.00,461817.2624,5633772.4605,2947081.0339
2024/02/14 06:15:00.00,461819.3339,5633771.8804,2947081.5502
2024/02/14 06:15:01.00,461822.1915,5633771.1529,2947082.2544
2024/02/14 06:15:02.00,461825.6236,5633770.5885,2947083.1557
2024/02/14 06:15:03.00,461829.2902,5633769.8921,2947084.0544
2024/02/14 06:15:04.00,461832.8997,5633769.2194,2947084.8291
2024/02/14 06:15:05.00,461836.457,5633768.5273,2947085.4991
2024/02/14 06:15:06.00,461840.335,5633767.8093,2947086.2565
2024/02/14 06:15:07.00,461844.6991,5633766.9658,2947087.1871
2024/02/14 06:15:08.00,461849.5375,5633766.0082,2947088.2143
2024/02/14 06:15:09.00,461854.7881,5633764.9874,2947089.3836
2024/02/14 06:15:10.00,461860.4599,5633763.8566,2947090.6387
2024/02/14 06:15:11.00,461866.4339,5633762.6783,2947092.0002
2024/02/14 06:15:12.00,461872.6467,5633761.4302,2947093.3927
2024/02/14 06:15:13.00,461879.0142,5633760.0952,2947094.7431
2024/02/14 06:15:14.00,461885.6281,5633758.8363,2947096.2283
2024/02/14 06:15:15.00,461892.1602,5633757.0881,2947097.5097
2024/02/14 06:15:16.00,461898.331,5633756.2358,2947099.2158
2024/02/14 06:15:17.00,461903.5007,5633755.0989,2947100.5485
2024/02/14 06:15:18.00,461907.7457,5633753.7066,2947101.4599
2024/02/14 06:15:19.00,461911.7448,5633753.3493,2947102.4661
2024/02/14 06:15:20.00,461915.5177,5633752.5462,2947103.0991
2024/02/14 06:15:21.00,461919.0512,5633752.0055,2947103.7873
2024/02/14 06:15:22.00,461921.8312,5633751.5142,2947104.3285
2024/02/14 06:15:23.00,461924.4721,5633750.967,2947104.868
2024/02/14 06:15:24.00,461927.298,5633750.1163,2947105.4326
2024/02/14 06:15:25.00,461929.4996,5633753.6349,2947107.3933
2024/02/14 06:15:26.00,461934.808,5633752.8381,2947105.7575
2024/02/14 06:15:27.00,461936.7919,5633751.5985,2947106.7425
2024/02/14 06:15:28.00,461939.6777,5633750.891,2947107.6203
2024/02/14 06:15:29.00,461941.7635,5633746.8531,2947109.3786
2024/02/14 06:15:30.00,461945.6522,5633743.4168,2947111.1017
2024/02/14 06:15:32.00,461952.8813,5633742.7535,2947112.6421
2024/02/14 06:15:33.00,461959.1352,5633742.9942,2947116.497
2024/02/14 06:15:34.00,461964.8226,5633740.1109,2947118.5602
2024/02/14 06:15:35.00,461970.4241,5633738.4237,2947120.8469
2024/02/14 06:15:36.00,461977.3155,5633739.6481,2947122.5308
2024/02/14 06:15:37.00,461982.3722,5633734.8977,2947125.4952
2024/02/14 06:15:38.00,461988.6158,5633733.0029,2947127.9118
2024/02/14 06:15:39.00,461995.0853,5633731.1014,2947130.4056
2024/02/14 06:15:40.00,462002.9406,5633731.9509,2947132.1626
2024/02/14 06:15:41.00,462008.3814,5633727.2314,2947135.3848
2024/02/14 06:15:42.00,462014.6506,5633727.0007,2947138.3157
2024/02/14 06:15:43.00,462021.4985,5633724.9925,2947140.9773
2024/02/14 06:15:44.00,462030.1073,5633724.2963,2947142.6746
2024/02/14 06:15:45.00,462035.9603,5633721.0914,2947147.0232
2024/02/14 06:15:46.00,462041.715,5633714.7549,2947150.8114
2024/02/14 06:15:47.00,462051.4534,5633716.278,2947152.7345
2024/02/14 06:15:48.00,462059.5435,5633714.0409,2947155.7153
2024/02/14 06:15:49.00,462066.4162,5633714.9569,2947159.2032
2024/02/14 06:15:50.00,462074.8703,5633712.493,2947162.3713
2024/02/14 06:15:51.00,462084.9212,5633706.3872,2947165.0169
2024/02/14 06:15:52.00,462093.462,5633703.8693,2947168.4227
2024/02/14 06:15:53.00,462103.3554,5633703.0497,2947170.9102
2024/02/14 06:15:54.00,462112.2387,5633701.2536,2947174.023
2024/02/14 06:15:55.00,462120.6324,5633698.7981,2947177.4063
2024/02/14 06:15:56.00,462127.2359,5633692.4773,2947181.5581
2024/02/14 06:15:57.00,462137.2003,5633693.9802,2947183.7267
2024/02/14 06:15:58.00,462144.54,5633690.8706,2947186.9457
2024/02/14 06:15:59.00,462150.6922,5633685.9789,2947190.5619
2024/02/14 06:16:00.00,462157.826,5633683.888,2947193.4171
2024/02/14 06:16:01.00,462166.3488,5633685.5144,2947195.3747
2024/02/14 06:16:02.00,462172.4199,5633682.9212,2947198.3043
2024/02/14 06:16:03.00,462178.4008,5633680.9645,2947200.4821
2024/02/14 06:16:04.00,462179.7341,5633674.7079,2947204.5451
2024/02/14 06:16:05.00,462184.9876,5633677.0946,2947204.6411
2024/02/14 06:16:06.00,462187.554,5633676.3808,2947205.724
2024/02/14 06:16:07.00,462190.0137,5633675.6462,2947206.6926
2024/02/14 06:16:08.00,462192.3826,5633675.0115,2947207.5361
2024/02/14 06:16:09.00,462195.0353,5633674.2416,2947208.5246
2024/02/14 06:16:10.00,462198.0311,5633673.7221,2947209.8857
2024/02/14 06:16:11.00,462201.7097,5633670.9596,2947210.9322
2024/02/14 06:16:12.00,462204.9756,5633671.0564,2947212.9249
2024/02/14 06:16:13.00,462209.2555,5633668.5032,2947214.5419
2024/02/14 06:16:14.00,462213.6088,5633667.2566,2947216.6275
2024/02/14 06:16:15.00,462218.2111,5633665.6931,2947218.7378
2024/02/14 06:16:16.00,462223.197,5633663.7992,2947220.9651
2024/02/14 06:16:17.00,462228.6598,5633662.0516,2947223.4538
2024/02/14 06:16:18.00,462234.5192,5633660.3132,2947226.1283
2024/02/14 06:16:19.00,462240.7539,5633658.4128,2947228.8527
2024/02/14 06:16:20.00,462247.1559,5633656.3472,2947231.6586
2024/02/14 06:16:21.00,462253.7048,5633654.8324,2947234.7335
2024/02/14 06:16:22.00,462261.5895,5633654.9967,2947236.7756
2024/02/14 06:16:23.00,462268.3746,5633652.8327,2947239.7894
2024/02/14 06:16:24.00,462273.9543,5633647.479,2947243.4438
2024/02/14 06:16:25.00,462280.8752,5633645.8731,2947246.5158
2024/02/14 06:16:26.00,462287.7798,5633643.6819,2947249.3089
2024/02/14 06:16:27.00,462294.6554,5633641.5646,2947252.1819
2024/02/14 06:16:28.00,462301.0729,5633641.1103,2947255.5227
2024/02/14 06:16:29.00,462309.1965,5633640.2386,2947257.1252
2024/02/14 06:16:30.00,462313.9339,5633637.1747,2947260.9393
2024/02/14 06:16:31.00,462320.1474,5633635.3135,2947263.517
2024/02/14 06:16:32.00,462326.7732,5633631.7785,2947265.8032
2024/02/14 06:16:33.00,462333.0268,5633629.9313,2947268.5901
2024/02/14 06:16:34.00,462340.5696,5633630.8598,2947270.5851
2024/02/14 06:16:35.00,462346.9721,5633628.8959,2947273.3621
2024/02/14 06:16:36.00,462350.1636,5633627.2252,2947277.6736
2024/02/14 06:16:37.00,462359.8388,5633624.8782,2947279.4627
2024/02/14 06:16:39.00,462371.8137,5633618.0933,2947286.2092
2024/02/14 06:16:40.00,462376.4415,5633619.1364,2947289.6217
2024/02/14 06:16:41.00,462384.7704,5633616.1567,2947292.3423
2024/02/14 06:16:42.00,462391.0726,5633614.5058,2947294.9034
2024/02/14 06:16:43.00,462397.1907,5633611.1775,2947296.7454
2024/02/14 06:16:44.00,462402.7139,5633610.0666,2947298.7692
2024/02/14 06:16:45.00,462407.8689,5633608.8518,2947300.5499
2024/02/14 06:16:46.00,462413.9796,5633610.6001,2947301.3313
2024/02/14 06:16:47.00,462418.4704,5633609.7204,2947302.6441
2024/02/14 06:16:48.00,462422.4359,5633608.9394,2947303.7262
2024/02/14 06:16:49.00,462425.4976,5633608.3073,2947304.613
2024/02/14 06:16:50.00,462427.3905,5633607.9477,2947305.1676
2024/02/14 06:16:51.00,462428.9509,5633607.6048,2947305.588
2024/02/14 06:16:52.00,462429.2724,5633605.7548,2947307.1989
2024/02/14 06:16:53.00,462431.6964,5633605.2502,2947307.89
2024/02/14 06:16:54.00,462436.0037,5633606.38,2947307.8219
2024/02/14 06:16:55.00,462439.1677,5633605.7512,2947308.6886
2024/02/14 06:16:56.00,462442.5867,5633604.8904,2947309.4835
2024/02/14 06:16:57.00,462445.9731,5633604.2207,2947310.4072
2024/02/14 06:16:58.00,462446.1785,5633603.8506,2947312.6836
2024/02/14 06:16:59.00,462451.2392,5633601.7266,2947313.6797
2024/02/14 06:17:00.00,462454.5323,5633600.9694,2947314.8214
2024/02/14 06:17:01.00,462458.2471,5633598.52,2947315.3206
2024/02/14 06:17:02.00,462459.6068,5633601.0347,2947316.78
2024/02/14 06:17:03.00,462465.1227,5633598.7375,2947317.465
2024/02/14 06:17:04.00,462467.4858,5633599.6857,2947318.5191
2024/02/14 06:17:05.00,462472.0033,5633597.0457,2947319.9137
2024/02/14 06:17:06.00,462475.7925,5633599.9546,2947322.3175
2024/02/14 06:17:07.00,462479.8561,5633595.2441,2947320.6938
2024/02/14 06:17:08.00,462483.8037,5633594.0779,2947321.3991
2024/02/14 06:17:09.00,462488.1891,5633593.2103,2947322.3227
2024/02/14 06:17:10.00,462492.6611,5633592.3814,2947323.3929
2024/02/14 06:17:11.00,462496.9041,5633591.5743,2947324.4027
2024/02/14 06:17:12.00,462500.907,5633590.8137,2947325.4002
2024/02/14 06:17:13.00,462504.9491,5633590.0198,2947326.4671
2024/02/14 06:17:14.00,462509.3152,5633589.1226,2947327.6929
2024/02/14 06:17:15.00,462514.0448,5633588.6281,2947329.3111
2024/02/14 06:17:16.00,462519.1432,5633587.4826,2947330.8588
2024/02/14 06:17:17.00,462524.1364,5633587.3427,2947332.7945
2024/02/14 06:17:18.00,462529.9279,5633584.4818,2947334.1369
2024/02/14 06:17:19.00,462534.9416,5633584.7846,2947336.3145
2024/02/14 06:17:20.00,462539.4939,5633582.94,2947338.603
2024/02/14 06:17:21.00,462546.2073,5633580.4252,2947339.307
2024/02/14 06:17:22.00,462551.7458,5633578.9746,2947340.9106
2024/02/14 06:17:23.00,462557.639,5633577.9538,2947342.6989
2024/02/14 06:17:24.00,462561.4327,5633579.5295,2947344.8475
2024/02/14 06:17:25.00,462569.4133,5633575.7039,2947346.2516
2024/02/14 06:17:26.00,462574.8498,5633575.1159,2947348.2344
2024/02/14 06:17:28.00,462584.5328,5633572.2814,2947352.3728
2024/02/14 06:17:29.00,462590.4843,5633571.278,2947354.1535
2024/02/14 06:17:30.00,462595.0714,5633569.3321,2947355.407
2024/02/14 06:17:31.00,462598.732,5633568.1626,2947356.8423
2024/02/14 06:17:32.00,462603.0687,5633568.6916,2947356.9455
2024/02/14 06:17:33.00,462602.0584,5633568.3592,2947359.06
2024/02/14 06:17:34.00,462606.879,5633567.543,2947358.3687
2024/02/14 06:17:35.00,462608.5058,5633567.0136,2947359.002
2024/02/14 06:17:36.00,462610.1643,5633566.4461,2947359.8014
2024/02/14 06:17:37.00,462610.3717,5633564.4279,2947361.7149
2024/02/14 06:17:38.00,462611.9053,5633564.7974,2947363.2866
2024/02/14 06:17:39.00,462613.1686,5633563.2148,2947364.022
2024/02/14 06:17:40.00,462616.3718,5633560.7739,2947364.2021
2024/02/14 06:17:41.00,462620.1029,5633564.9191,2947367.2532
2024/02/14 06:17:42.00,462620.9535,5633559.4062,2947366.2953
2024/02/14 06:17:43.00,462621.2333,5633561.6073,2947367.9693
2024/02/14 06:17:44.00,462623.2565,5633560.8913,2947368.9706
2024/02/14 06:17:45.00,462625.1614,5633560.156,2947369.8566
2024/02/14 06:17:46.00,462626.3439,5633559.704,2947370.4061
2024/02/14 06:17:47.00,462626.9831,5633559.5001,2947370.7097
2024/02/14 06:17:48.00,462628.8364,5633557.7358,2947370.6023
2024/02/14 06:17:49.00,462628.8109,5633557.7283,2947370.5912
2024/02/14 06:17:50.00,462627.246,5633559.3959,2947370.8342
2024/02/14 06:17:51.00,462627.4653,5633559.3199,2947370.9218
2024/02/14 06:17:53.00,462627.9682,5633559.1717,2947371.1608
2024/02/14 06:17:54.00,462627.9668,5633559.155,2947371.1555
2024/02/14 06:17:55.00,462627.9662,5633559.1552,2947371.155
2024/02/14 06:17:56.00,462627.9639,5633559.162,2947371.1566
2024/02/14 06:17:57.00,462627.9663,5633559.154,2947371.1529
2024/02/14 06:17:58.00,462627.9647,5633559.1517,2947371.1534
2024/02/14 06:17:59.00,462627.9639,5633559.1514,2947371.1536
2024/02/14 06:18:00.00,462627.9662,5633559.1594,2947371.1546
2024/02/14 06:18:01.00,462627.9645,5633559.1549,2947371.1511
2024/02/14 06:18:02.00,462627.9638,5633559.1455,2947371.1499
2024/02/14 06:18:03.00,462627.9668,5633559.1477,2947371.1507
2024/02/14 06:18:04.00,462627.9619,5633559.1454,2947371.1495
2024/02/14 06:18:05.00,462627.9629,5633559.1446,2947371.1479
2024/02/14 06:18:06.00,462627.9609,5633559.1439,2947371.1503
2024/02/14 06:18:07.00,462627.9434,5633559.1369,2947371.14
2024/02/14 06:18:08.00,462627.9427,5633559.14,2947371.1407
2024/02/14 06:18:09.00,462627.9432,5633559.1439,2947371.1411
2024/02/14 06:18:10.00,462627.9445,5633559.1357,2947371.1398
2024/02/14 06:18:11.00,462627.9461,5633559.1362,2947371.1401
2024/02/14 06:18:12.00,462627.9413,5633559.1339,2947371.1397
2024/02/14 06:18:13.00,462627.9443,5633559.1353,2947371.1387
2024/02/14 06:18:14.00,462627.9423,5633559.1335,2947371.1401
2024/02/14 06:18:15.00,462627.9454,5633559.1319,2947371.1383
2024/02/14 06:18:16.00,462627.9457,5633559.1392,2947371.1385
2024/02/14 06:18:17.00,462628.0316,5633559.1419,2947371.1795
2024/02/14 06:18:18.00,462628.1814,5633559.0643,2947371.2519
2024/02/14 06:18:19.00,462628.4385,5633558.9551,2947371.369
2024/02/14 06:18:20.00,462628.8914,5633558.8495,2947371.574
2024/02/14 06:18:21.00,462631.3351,5633558.8737,2947374.27
2024/02/14 06:18:22.00,462630.0815,5633557.9873,2947372.0427
2024/02/14 06:18:23.00,462632.7103,5633558.3837,2947374.9376
2024/02/14 06:18:24.00,462631.3117,5633557.6113,2947372.5975
2024/02/14 06:18:25.00,462633.3022,5633558.1643,2947375.2329
2024/02/14 06:18:26.00,462633.3032,5633558.1603,2947375.2297
2024/02/14 06:18:27.00,462633.3029,5633558.1418,2947375.2205
2024/02/14 06:18:28.00,462633.3242,5633558.1307,2947375.2311
2024/02/14 06:18:29.00,462633.453,5633558.0913,2947375.2893
2024/02/14 06:18:30.00,462633.6858,5633557.9939,2947375.4079
2024/02/14 06:18:31.00,462637.4847,5633553.6109,2947371.0013
2024/02/14 06:18:32.00,462634.4313,5633557.6875,2947375.8181
2024/02/14 06:18:33.00,462633.0371,5633556.821,2947373.5714
2024/02/14 06:18:34.00,462633.6351,5633556.5843,2947373.911
2024/02/14 06:18:35.00,462634.3234,5633556.2997,2947374.3039
2024/02/14 06:18:36.00,462635.2544,5633555.9685,2947374.7937
2024/02/14 06:18:37.00,462636.5102,5633555.8486,2947375.6985
2024/02/14 06:18:38.00,462641.0726,5633554.9216,2947375.1951
2024/02/14 06:18:39.00,462642.3832,5633554.3588,2947375.945
2024/02/14 06:18:40.00,462643.6781,5633553.8174,2947376.7098
2024/02/14 06:18:41.00,462644.9793,5633553.2995,2947377.466
2024/02/14 06:18:42.00,462643.1193,5633552.7673,2947379.2929
2024/02/14 06:18:43.00,462647.5752,5633552.2329,2947378.933
2024/02/14 06:18:44.00,462645.326,5633546.9402,2947381.9139
2024/02/14 06:18:45.00,462649.0486,5633548.2821,2947381.3224
2024/02/14 06:18:46.00,462648.4223,5633552.6281,2947383.422
2024/02/14 06:18:47.00,462650.2325,5633551.9061,2947384.4448
2024/02/14 06:18:49.00,462652.8975,5633550.7565,2947386.0565
2024/02/14 06:18:50.00,462654.4319,5633548.0132,2947385.7163
2024/02/14 06:18:51.00,462654.6112,5633550.0172,2947387.0551
2024/02/14 06:18:52.00,462656.7259,5633548.2531,2947386.9016
2024/02/14 06:18:53.00,462658.1057,5633549.628,2947389.9526
2024/02/14 06:18:54.00,462656.8811,5633549.0199,2947388.3073
2024/02/14 06:18:55.00,462658.632,5633545.0398,2947388.3289
2024/02/14 06:18:56.00,462659.3885,5633545.1595,2947388.6566
2024/02/14 06:18:57.00,462663.4964,5633543.6409,2947386.8829
2024/02/14 06:18:58.00,462664.5538,5633542.329,2947389.2225
2024/02/14 06:18:59.00,462666.9931,5633539.2719,2947389.3669
2024/02/14 06:19:00.00,462668.738,5633538.9431,2947391.2845
2024/02/14 06:19:01.00,462671.8058,5633537.6179,2947393.0779
2024/02/14 06:19:02.00,462674.7161,5633536.8256,2947396.9208
2024/02/14 06:19:03.00,462678.6795,5633536.2363,2947398.2249
2024/02/14 06:19:04.00,462680.1318,5633538.0995,2947400.9981
2024/02/14 06:19:05.00,462686.2455,5633533.722,2947402.5557
2024/02/14 06:19:06.00,462688.6755,5633534.0398,2947405.324
2024/02/14 06:19:07.00,462693.5166,5633532.0881,2947407.903
2024/02/14 06:19:08.00,462698.3762,5633530.8118,2947410.9852
2024/02/14 06:19:09.00,462706.4442,5633528.4495,2947412.1907
2024/02/14 06:19:10.00,462708.0594,5633527.1596,2947416.131
2024/02/14 06:19:11.00,462714.8541,5633522.5865,2947417.8857
2024/02/14 06:19:12.00,462719.3807,5633520.2522,2947420.1686
2024/02/14 06:19:13.00,462723.9273,5633519.0375,2947423.019
2024/02/14 06:19:14.00,462728.7213,5633516.969,2947425.5209
2024/02/14 06:19:15.00,462733.3241,5633515.2787,2947427.9553
2024/02/14 06:19:16.00,462737.7866,5633513.6558,2947430.3086
2024/02/14 06:19:17.00,462742.0717,5633512.093,2947432.5477
2024/02/14 06:19:18.00,462746.1474,5633510.4324,2947434.644
2024/02/14 06:19:19.00,462749.7669,5633508.5911,2947436.3521
2024/02/14 06:19:20.00,462753.2164,5633507.3491,2947438.1443
2024/02/14 06:19:21.00,462756.4602,5633506.1844,2947439.8003
2024/02/14 06:19:22.00,462759.7551,5633505.0272,2947441.4365
2024/02/14 06:19:23.00,462763.219,5633503.797,2947443.1179
2024/02/14 06:19:24.00,462766.679,5633502.6509,2947444.7368
2024/02/14 06:19:25.00,462769.3607,5633501.7392,2947445.9867
2024/02/14 06:19:26.00,462771.5279,5633500.9913,2947447.0619
2024/02/14 06:19:27.00,462773.4076,5633500.3142,2947448.0669
2024/02/14 06:19:28.00,462775.252,5633499.639,2947449.0544
2024/02/14 06:19:29.00,462777.0493,5633498.9655,2947450.0154
2024/02/14 06:19:30.00,462778.9642,5633498.2946,2947450.9813
2024/02/14 06:19:31.00,462781.4189,5633498.2161,2947452.3078
2024/02/14 06:19:32.00,462783.8841,5633497.1531,2947453.4543
2024/02/14 06:19:33.00,462786.6422,5633496.4946,2947454.6864
2024/02/14 06:19:34.00,462789.4985,5633495.5731,2947455.9253
2024/02/14 06:19:35.00,462792.1791,5633494.069,2947456.8923
2024/02/14 06:19:36.00,462795.1261,5633493.8573,2947458.2276
2024/02/14 06:19:37.00,462797.0246,5633492.5968,2947458.7706
2024/02/14 06:19:38.00,462798.8137,5633492.4829,2947459.7166
2024/02/14 06:19:39.00,462800.3243,5633491.965,2947460.3674
2024/02/14 06:19:40.00,462801.8002,5633491.5215,2947461.0609
2024/02/14 06:19:41.00,462803.5859,5633491.1896,2947461.8439
2024/02/14 06:19:42.00,462805.8912,5633490.6407,2947462.8957
2024/02/14 06:19:43.00,462808.7382,5633489.7472,2947464.0522
2024/02/14 06:19:44.00,462809.8849,5633490.9027,2947465.4728
2024/02/14 06:19:45.00,462815.3155,5633487.2836,2947466.311
2024/02/14 06:19:46.00,462818.9259,5633486.8642,2947467.7282
2024/02/14 06:19:47.00,462822.5561,5633485.9293,2947468.861
2024/02/14 06:19:48.00,462826.1333,5633485.0144,2947469.9395
2024/02/14 06:19:49.00,462828.2919,5633485.355,2947472.2465
2024/02/14 06:19:50.00,462832.8594,5633482.4166,2947471.6383
2024/02/14 06:19:51.00,462836.1828,5633482.2408,2947472.7914
2024/02/14 06:19:52.00,462839.0505,5633481.5154,2947473.6015
2024/02/14 06:19:53.00,462841.6771,5633480.848,2947474.3926
2024/02/14 06:19:54.00,462844.0064,5633480.0169,2947475.0821
2024/02/14 06:19:55.00,462846.0492,5633479.68,2947475.7658
2024/02/14 06:19:56.00,462847.3742,5633479.0521,2947476.2691
2024/02/14 06:19:57.00,462848.4443,5633478.9533,2947476.7007
2024/02/14 06:19:58.00,462849.5078,5633478.3707,2947477.0637
2024/02/14 06:19:59.00,462850.875,5633478.2749,2947477.541
2024/02/14 06:20:00.00,462852.7685,5633477.7474,2947478.2258
2024/02/14 06:20:01.00,462855.103,5633477.0916,2947478.9836
2024/02/14 06:20:02.00,462857.2362,5633476.368,2947479.5194
2024/02/14 06:20:03.00,462858.9645,5633475.5163,2947479.8331
2024/02/14 06:20:04.00,462861.1337,5633474.993,2947480.4176
2024/02/14 06:20:05.00,462863.6736,5633475.0577,2947481.263
2024/02/14 06:20:06.00,462865.4754,5633474.0001,2947481.5364
2024/02/14 06:20:07.00,462867.5172,5633474.2103,2947482.2306
2024/02/14 06:20:08.00,462869.2434,5633473.825,2947482.6356
2024/02/14 06:20:09.00,462870.9301,5633473.2539,2947483.0248
2024/02/14 06:20:10.00,462872.7082,5633472.8321,2947483.4411
2024/02/14 06:20:11.00,462874.5471,5633472.6198,2947483.9081
2024/02/14 06:20:12.00,462876.3418,5633471.9978,2947484.3571
2024/02/14 06:20:13.00,462878.2932,5633471.734,2947484.8448
2024/02/14 06:20:14.00,462879.9833,5633470.957,2947485.1572
2024/02/14 06:20:15.00,462880.892,5633470.9199,2947485.4671
2024/02/14 06:20:16.00,462880.732,5633470.5217,2947485.2374
2024/02/14 06:20:17.00,462881.0385,5633470.8902,2947485.4978
2024/02/14 06:20:18.00,462881.3636,5633470.3937,2947485.3689
2024/02/14 06:20:19.00,462880.4463,5633471.099,2947486.875
2024/02/14 06:20:20.00,462883.6519,5633477.5005,2947487.4995
2024/02/14 06:20:21.00,462883.3537,5633470.7622,2947485.7826
2024/02/14 06:20:22.00,462883.5232,5633470.5855,2947485.9925
2024/02/14 06:20:23.00,462883.3582,5633470.7577,2947485.7838
2024/02/14 06:20:24.00,462883.4795,5633470.3776,2947485.9785
2024/02/14 06:20:25.00,462883.4788,5633470.3797,2947485.9919
2024/02/14 06:20:26.00,462883.4779,5633470.3851,2947485.9918
2024/02/14 06:20:27.00,462883.4785,5633470.3795,2947485.9895
2024/02/14 06:20:28.00,462883.4773,5633470.3803,2947485.9885
2024/02/14 06:20:29.00,462883.4782,5633470.3839,2947485.9908
2024/02/14 06:20:30.00,462883.4212,5633470.7818,2947486.0738
2024/02/14 06:20:31.00,462883.4785,5633470.3863,2947485.991
2024/02/14 06:20:32.00,462883.4811,5633470.3857,2947485.9901
2024/02/14 06:20:33.00,462883.3584,5633470.7628,2947485.7774
2024/02/14 06:20:34.00,462883.4351,5633470.2412,2947485.8847
2024/02/14 06:20:35.00,462883.6315,5633470.3524,2947486.0163
2024/02/14 06:20:36.00,462883.8566,5633470.6622,2947485.8767
2024/02/14 06:20:37.00,462884.5627,5633470.0336,2947486.0972
2024/02/14 06:20:38.00,462885.5679,5633471.1665,2947488.6205
2024/02/14 06:20:39.00,462886.4778,5633469.8103,2947486.5263
2024/02/14 06:20:40.00,462886.8202,5633469.747,2947486.5937
2024/02/14 06:20:41.00,462886.825,5633469.7534,2947486.5898
2024/02/14 06:20:42.00,462886.827,5633469.7495,2947486.5932
2024/02/14 06:20:43.00,462886.8261,5633469.7484,2947486.5923
2024/02/14 06:20:44.00,462886.8237,5633469.7479,2947486.5944
2024/02/14 06:20:45.00,462886.8236,5633469.7487,2947486.593
2024/02/14 06:20:46.00,462886.8248,5633469.7462,2947486.5937
2024/02/14 06:20:47.00,462886.8241,5633469.7497,2947486.5946
2024/02/14 06:20:48.00,462886.8237,5633469.7502,2947486.5939
2024/02/14 06:20:49.00,462886.8243,5633469.7515,2947486.5943
2024/02/14 06:20:50.00,462886.8243,5633469.7492,2947486.5936
2024/02/14 06:20:51.00,462886.8254,5633469.7487,2947486.5941
2024/02/14 06:20:52.00,462886.8259,5633469.7479,2947486.5938
2024/02/14 06:20:53.00,462886.8226,5633469.7503,2947486.5954
2024/02/14 06:20:54.00,462886.8229,5633469.7505,2947486.5948
2024/02/14 06:20:55.00,462886.824,5633469.7546,2947486.5935
2024/02/14 06:20:56.00,462886.8259,5633469.7514,2947486.5951
2024/02/14 06:20:57.00,462886.8227,5633469.7525,2947486.5954
2024/02/14 06:20:58.00,462886.8242,5633469.7539,2947486.5937
2024/02/14 06:20:59.00,462886.8235,5633469.7533,2947486.5947
2024/02/14 06:21:00.00,462886.8247,5633469.7563,2947486.594
2024/02/14 06:21:01.00,462886.8243,5633469.7587,2947486.5982
2024/02/14 06:21:02.00,462886.8229,5633469.7587,2947486.5974
2024/02/14 06:21:03.00,462886.822,5633469.7557,2947486.5955
2024/02/14 06:21:04.00,462886.8215,5633469.7549,2947486.5953
2024/02/14 06:21:05.00,462886.8236,5633469.756,2947486.5961
2024/02/14 06:21:06.00,462886.8211,5633469.7576,2947486.5941
2024/02/14 06:21:07.00,462886.824,5633469.7528,2947486.5951
2024/02/14 06:21:08.00,462886.8238,5633469.7568,2947486.5964
2024/02/14 06:21:09.00,462886.8215,5633469.758,2947486.5975
2024/02/14 06:21:10.00,462886.8225,5633469.758,2947486.5963
2024/02/14 06:21:11.00,462886.8238,5633469.7578,2947486.5958
2024/02/14 06:21:12.00,462886.824,5633469.7537,2947486.5954
2024/02/14 06:21:13.00,462886.8217,5633469.7541,2947486.5945
2024/02/14 06:21:14.00,462886.8222,5633469.7511,2947486.5938
2024/02/14 06:21:15.00,462886.819,5633469.7533,2947486.5938
2024/02/14 06:21:16.00,462886.8501,5633469.7509,2947486.5992
2024/02/14 06:21:17.00,462887.1307,5633469.7023,2947486.6665
2024/02/14 06:21:18.00,462887.9948,5633469.528,2947486.8496
2024/02/14 06:21:19.00,462889.4393,5633469.2525,2947487.135
2024/02/14 06:21:20.00,462890.9588,5633469.3584,2947487.548
2024/02/14 06:21:21.00,462893.3576,5633475.6464,2947489.4498
2024/02/14 06:21:22.00,462895.4539,5633475.2512,2947489.8903
2024/02/14 06:21:23.00,462897.2242,5633467.8002,2947488.7701
2024/02/14 06:21:24.00,462900.468,5633474.3171,2947490.916
2024/02/14 06:21:25.00,462902.3684,5633466.8814,2947489.7931
2024/02/14 06:21:26.00,462904.6735,5633466.5084,2947490.229
2024/02/14 06:21:27.00,462906.9255,5633466.1906,2947490.5726
2024/02/14 06:21:28.00,462909.4317,5633465.8074,2947490.9857
2024/02/14 06:21:29.00,462912.2589,5633465.3127,2947491.5659
2024/02/14 06:21:30.00,462915.1674,5633464.7588,2947492.2317
2024/02/14 06:21:31.00,462918.1517,5633464.1405,2947492.9781
2024/02/14 06:21:32.00,462921.3043,5633463.4812,2947493.7954
2024/02/14 06:21:33.00,462924.6019,5633462.8102,2947494.6455
2024/02/14 06:21:34.00,462927.9793,5633462.1111,2947495.5084
2024/02/14 06:21:35.00,462931.4496,5633461.382,2947496.3615
2024/02/14 06:21:36.00,462935.1064,5633460.6502,2947497.2018
2024/02/14 06:21:37.00,462938.85,5633459.9235,2947498.0366
2024/02/14 06:21:38.00,462942.527,5633459.179,2947498.8419
2024/02/14 06:21:39.00,462946.0036,5633458.5122,2947499.5503
2024/02/14 06:21:40.00,462949.2009,5633457.8885,2947500.2056
2024/02/14 06:21:41.00,462952.0436,5633457.3344,2947500.8148
2024/02/14 06:21:42.00,462954.5822,5633456.8246,2947501.3379
2024/02/14 06:21:43.00,462956.8402,5633456.3679,2947501.7964
2024/02/14 06:21:44.00,462958.8434,5633455.9921,2947502.1603
2024/02/14 06:21:45.00,462960.6407,5633455.6201,2947502.528
2024/02/14 06:21:46.00,462962.3571,5633455.2719,2947502.9102
2024/02/14 06:21:47.00,462964.0776,5633454.9056,2947503.2937
2024/02/14 06:21:48.00,462965.7807,5633454.4952,2947503.6703
2024/02/14 06:21:49.00,462967.4204,5633454.1888,2947504.0776
2024/02/14 06:21:50.00,462969.0703,5633453.8209,2947504.4316
2024/02/14 06:21:51.00,462970.4716,5633453.5295,2947504.7107
2024/02/14 06:21:52.00,462971.5853,5633453.3063,2947504.9284
2024/02/14 06:21:53.00,462972.6026,5633453.1036,2947505.1319
2024/02/14 06:21:54.00,462973.4354,5633452.893,2947505.2673
2024/02/14 06:21:55.00,462974.2165,5633452.7443,2947505.4035
2024/02/14 06:21:56.00,462975.0895,5633452.6279,2947505.5806
2024/02/14 06:21:57.00,462976.0254,5633452.4424,2947505.7437
2024/02/14 06:21:58.00,462976.8427,5633452.3088,2947505.8887
2024/02/14 06:21:59.00,462977.5759,5633452.1657,2947506.0098
2024/02/14 06:22:00.00,462978.373,5633451.9859,2947506.1847
2024/02/14 06:22:01.00,462979.1488,5633451.8068,2947506.3494
2024/02/14 06:22:02.00,462979.8059,5633451.6502,2947506.5096
2024/02/14 06:22:03.00,462980.4392,5633451.5083,2947506.6845
2024/02/14 06:22:04.00,462980.944,5633451.3596,2947506.8084
2024/02/14 06:22:05.00,462981.4158,5633451.2519,2947506.9365
2024/02/14 06:22:06.00,462981.8544,5633451.1157,2947507.0825
2024/02/14 06:22:07.00,462982.3113,5633450.9891,2947507.2396
2024/02/14 06:22:08.00,462982.6763,5633450.901,2947507.3829
2024/02/14 06:22:09.00,462982.9428,5633450.8213,2947507.4883
2024/02/14 06:22:10.00,462983.3048,5633450.6981,2947507.6288
2024/02/14 06:22:11.00,462983.7753,5633450.5139,2947507.7913
2024/02/14 06:22:12.00,462984.2296,5633450.3919,2947507.9654
2024/02/14 06:22:13.00,462984.5302,5633450.2785,2947508.0601
2024/02/14 06:22:14.00,462984.9318,5633450.233,2947508.215
2024/02/14 06:22:15.00,462985.2213,5633450.1513,2947508.2801
2024/02/14 06:22:16.00,462985.3213,5633450.1291,2947508.3101
2024/02/14 06:22:17.00,462985.3241,5633450.123,2947508.3091
2024/02/14 06:22:18.00,462985.3245,5633450.1216,2947508.3087
2024/02/14 06:22:19.00,462985.3233,5633450.1233,2947508.3083
2024/02/14 06:22:20.00,462985.3223,5633450.1191,2947508.3084
2024/02/14 06:22:21.00,462985.3217,5633450.1225,2947508.3091
2024/02/14 06:22:22.00,462985.335,5633450.0741,2947508.2927
2024/02/14 06:22:23.00,462985.3348,5633450.0761,2947508.2952
2024/02/14 06:22:24.00,462985.3198,5633450.1202,2947508.3085
2024/02/14 06:22:25.00,462985.3752,5633450.0757,2947508.3003
2024/02/14 06:22:26.00,462985.4439,5633450.0603,2947508.309
2024/02/14 06:22:27.00,462985.4452,5633450.0485,2947508.3057
2024/02/14 06:22:28.00,462985.444,5633450.0523,2947508.3051
2024/02/14 06:22:29.00,462985.4497,5633450.0561,2947508.3074
2024/02/14 06:22:30.00,462985.5972,5633450.054,2947508.3745
2024/02/14 06:22:31.00,462985.9906,5633449.9578,2947508.436
2024/02/14 06:22:32.00,462986.7055,5633449.845,2947508.5283
2024/02/14 06:22:33.00,462987.8769,5633449.6073,2947508.6698
2024/02/14 06:22:34.00,462989.6985,5633449.6917,2947509.1156
2024/02/14 06:22:35.00,462992.5232,5633448.6926,2947509.4526
2024/02/14 06:22:36.00,462995.9422,5633448.1575,2947510.0137
2024/02/14 06:22:37.00,462999.5544,5633447.441,2947510.5782
2024/02/14 06:22:38.00,463003.2028,5633446.8091,2947511.2837
2024/02/14 06:22:39.00,463007.3454,5633445.9421,2947512.0489
2024/02/14 06:22:40.00,463010.7028,5633448.6466,2947513.3837
2024/02/14 06:22:41.00,463016.1264,5633445.0698,2947515.0515
2024/02/14 06:22:42.00,463022.045,5633446.0892,2947516.1242
2024/02/14 06:22:43.00,463028.3099,5633444.6283,2947517.7202
2024/02/14 06:22:44.00,463035.7913,5633440.7584,2947519.3207
2024/02/14 06:22:45.00,463042.4414,5633439.0932,2947520.9732
2024/02/14 06:22:46.00,463047.3382,5633438.9858,2947522.7926
2024/02/14 06:22:47.00,463055.8351,5633435.0442,2947523.9901
2024/02/14 06:22:48.00,463060.7185,5633435.0404,2947526.0661
2024/02/14 06:22:49.00,463067.6894,5633433.8364,2947526.9356
2024/02/14 06:22:50.00,463072.9258,5633431.0712,2947527.4503
2024/02/14 06:22:51.00,463077.974,5633437.8622,2947530.5729
2024/02/14 06:22:52.00,463079.2988,5633432.383,2947529.9141
2024/02/14 06:22:53.00,463084.7146,5633430.2069,2947530.6744
2024/02/14 06:22:54.00,463086.1292,5633430.9565,2947531.547
2024/02/14 06:22:55.00,463090.2164,5633428.973,2947532.1089
2024/02/14 06:22:56.00,463092.4325,5633426.8691,2947532.3392
2024/02/14 06:22:57.00,463092.7367,5633430.7168,2947533.616
2024/02/14 06:22:58.00,463094.0202,5633430.1425,2947534.1008
2024/02/14 06:22:59.00,463094.6563,5633430.0085,2947534.6398
2024/02/14 06:23:00.00,463095.0601,5633429.8131,2947534.9467
2024/02/14 06:23:01.00,463095.3307,5633429.5569,2947534.9813
2024/02/14 06:23:02.00,463096.9242,5633425.7842,2947534.8037
2024/02/14 06:23:03.00,463095.8687,5633429.2847,2947535.4465
2024/02/14 06:23:04.00,463096.2158,5633429.0746,2947535.7881
2024/02/14 06:23:05.00,463096.5399,5633428.8827,2947536.0914
2024/02/14 06:23:06.00,463096.9183,5633426.4349,2947536.7694
2024/02/14 06:23:07.00,463096.9744,5633428.6395,2947536.4807
2024/02/14 06:23:08.00,463096.9751,5633428.6251,2947536.4813
2024/02/14 06:23:09.00,463096.9719,5633428.6293,2947536.4794
2024/02/14 06:23:10.00,463096.03,5633420.6405,2947537.9066
2024/02/14 06:23:11.00,463097.0809,5633428.6592,2947536.7508
2024/02/14 06:23:12.00,463097.4199,5633428.3804,2947536.8837
2024/02/14 06:23:13.00,463097.6349,5633428.2417,2947537.0925
2024/02/14 06:23:14.00,463097.9262,5633428.059,2947537.4118
2024/02/14 06:23:15.00,463098.3685,5633427.6641,2947538.152
2024/02/14 06:23:16.00,463098.9842,5633427.0907,2947539.4485
2024/02/14 06:23:17.00,463099.4499,5633426.2469,2947540.9313
2024/02/14 06:23:18.00,463099.6178,5633425.2702,2947542.4757
2024/02/14 06:23:19.00,463101.3032,5633420.5504,2947543.4785
2024/02/14 06:23:20.00,463101.1641,5633419.7498,2947544.9813
2024/02/14 06:23:21.00,463100.6377,5633418.9518,2947546.4946
2024/02/14 06:23:22.00,463100.3495,5633418.1695,2947547.9138
2024/02/14 06:23:23.00,463099.9556,5633417.4052,2947549.2934
2024/02/14 06:23:24.00,463099.4993,5633416.71,2947550.7552
2024/02/14 06:23:25.00,463098.6696,5633417.334,2947552.1752
2024/02/14 06:23:26.00,463098.2917,5633417.1937,2947553.8258
2024/02/14 06:23:27.00,463098.1914,5633414.5472,2947554.8057
2024/02/14 06:23:28.00,463097.4038,5633413.4565,2947556.9141
2024/02/14 06:23:29.00,463096.3547,5633412.1491,2947559.3563
2024/02/14 06:23:30.00,463095.5035,5633417.8739,2947564.1149
2024/02/14 06:23:31.00,463093.2327,5633409.1704,2947565.1
2024/02/14 06:23:32.00,463090.6447,5633405.7212,2947565.0838
2024/02/14 06:23:33.00,463088.19,5633404.6716,2947570.6424
2024/02/14 06:23:34.00,463085.7554,5633404.1787,2947574.2071
2024/02/14 06:23:35.00,463081.5701,5633401.2345,2947576.5376
2024/02/14 06:23:36.00,463076.754,5633400.6098,2947578.8423
2024/02/14 06:23:37.00,463074.6551,5633398.3661,2947584.4346
2024/02/14 06:23:38.00,463070.3905,5633396.6564,2947588.3562
2024/02/14 06:23:39.00,463066.1021,5633394.8443,2947592.4846
2024/02/14 06:23:40.00,463061.7404,5633393.1738,2947596.3556
2024/02/14 06:23:41.00,463057.7903,5633391.6578,2947599.9775
2024/02/14 06:23:42.00,463053.4033,5633391.0684,2947601.9554
2024/02/14 06:23:43.00,463053.49,5633389.6963,2947604.3169
2024/02/14 06:23:44.00,463050.9612,5633390.0399,2947604.4027
2024/02/14 06:23:45.00,463047.5943,5633393.1632,2947602.5412
2024/02/14 06:23:46.00,463050.7375,5633388.6304,2947606.894
2024/02/14 06:23:48.00,463046.4395,5633388.3814,2947608.2448
2024/02/14 06:23:49.00,463044.4327,5633387.7081,2947609.899
2024/02/14 06:23:50.00,463043.6762,5633386.0788,2947612.8329
2024/02/14 06:23:51.00,463040.8818,5633384.9017,2947615.4835
2024/02/14 06:23:52.00,463037.8419,5633383.6562,2947618.3741
2024/02/14 06:23:53.00,463033.2433,5633383.1154,2947620.432
2024/02/14 06:23:54.00,463031.7465,5633381.3066,2947623.955
2024/02/14 06:23:55.00,463028.3338,5633380.0248,2947626.9234
2024/02/14 06:23:56.00,463024.5474,5633378.5206,2947630.2895
2024/02/14 06:23:57.00,463020.1744,5633376.9826,2947634.0087
2024/02/14 06:23:58.00,463015.1546,5633375.2384,2947638.0767
2024/02/14 06:23:59.00,463008.2014,5633374.1381,2947641.5866
2024/02/14 06:24:00.00,463004.8053,5633367.5054,2947644.6624
2024/02/14 06:24:01.00,462997.5334,5633370.2084,2947650.6565
2024/02/14 06:24:02.00,462992.8909,5633369.102,2947655.6215
2024/02/14 06:24:03.00,462988.165,5633365.5924,2947660.577
2024/02/14 06:24:04.00,462983.1015,5633363.5345,2947665.2775
2024/02/14 06:24:05.00,462977.7365,5633361.723,2947669.5418
2024/02/14 06:24:06.00,462970.9789,5633360.7254,2947672.7589
2024/02/14 06:24:07.00,462967.6196,5633358.3117,2947677.4255
2024/02/14 06:24:08.00,462963.3047,5633356.5611,2947681.4269
2024/02/14 06:24:09.00,462957.5636,5633355.5501,2947684.4477
2024/02/14 06:24:10.00,462955.2229,5633353.2274,2947688.9375
2024/02/14 06:24:11.00,462950.8546,5633350.2869,2947691.8274
2024/02/14 06:24:12.00,462945.8411,5633352.4271,2947693.8329
2024/02/14 06:24:13.00,462946.2184,5633348.8436,2947698.6487
2024/02/14 06:24:14.00,462944.2418,5633347.3716,2947701.7216
2024/02/14 06:24:15.00,462940.2791,5633347.0527,2947702.7263
2024/02/14 06:24:16.00,462940.1595,5633346.7327,2947708.8099
2024/02/14 06:24:17.00,462938.049,5633342.7677,2947711.9226
2024/02/14 06:24:18.00,462935.5572,5633344.5987,2947717.1556
2024/02/14 06:24:19.00,462935.4448,5633338.4076,2947720.8361
2024/02/14 06:24:20.00,462934.2368,5633335.9566,2947725.7758
2024/02/14 06:24:21.00,462931.5816,5633339.2036,2947732.3112
2024/02/14 06:24:22.00,462930.4944,5633336.6468,2947737.4159
2024/02/14 06:24:23.00,462929.4626,5633334.1706,2947742.3598
2024/02/14 06:24:24.00,462930.5343,5633328.26,2947746.242
2024/02/14 06:24:25.00,462930.2464,5633325.0337,2947750.4555
2024/02/14 06:24:26.00,462929.759,5633322.7957,2947754.4776
2024/02/14 06:24:27.00,462929.5447,5633320.9474,2947758.4319
2024/02/14 06:24:28.00,462929.4234,5633319.1993,2947761.8091
2024/02/14 06:24:29.00,462929.3817,5633317.6535,2947764.8133
2024/02/14 06:24:30.00,462929.4211,5633316.0458,2947767.4303
2024/02/14 06:24:31.00,462929.6438,5633314.716,2947769.8517
2024/02/14 06:24:32.00,462929.9029,5633314.0087,2947771.6461
2024/02/14 06:24:33.00,462930.0193,5633313.6014,2947772.494
2024/02/14 06:24:34.00,462930.1607,5633313.2263,2947773.1364
2024/02/14 06:24:35.00,462930.3517,5633314.3126,2947776.0901
2024/02/14 06:24:36.00,462930.4199,5633312.4429,2947774.5986
2024/02/14 06:24:37.00,462928.2664,5633316.3612,2947776.742
2024/02/14 06:24:38.00,462930.8822,5633311.0477,2947776.8536
2024/02/14 06:24:39.00,462931.3775,5633311.9086,2947780.4767
2024/02/14 06:24:40.00,462929.2843,5633314.4537,2947780.2042
2024/02/14 06:24:41.00,462929.6185,5633313.9182,2947781.2144
2024/02/14 06:24:42.00,462929.9623,5633313.4537,2947782.0586
2024/02/14 06:24:43.00,462932.6821,5633308.4968,2947781.8578
2024/02/14 06:24:44.00,462930.7752,5633312.4551,2947783.8831
2024/02/14 06:24:45.00,462931.3856,5633311.7444,2947785.1387
2024/02/14 06:24:46.00,462934.5257,5633306.1746,2947785.7018
2024/02/14 06:24:47.00,462934.9599,5633307.3054,2947788.1046
2024/02/14 06:24:48.00,462936.248,5633304.594,2947788.7681
2024/02/14 06:24:49.00,462937.0174,5633305.354,2947792.3341
2024/02/14 06:24:50.00,462937.4598,5633303.2649,2947790.8209
2024/02/14 06:24:51.00,462935.4038,5633306.4238,2947791.858
2024/02/14 06:24:52.00,462937.3075,5633303.5606,2947791.3398
2024/02/14 06:24:53.00,462937.3078,5633303.5502,2947791.3347
2024/02/14 06:24:54.00,462937.3052,5633303.5464,2947791.3313
2024/02/14 06:24:55.00,462937.306,5633303.5526,2947791.3337
2024/02/14 06:24:56.00,462935.4076,5633306.4104,2947791.8555
2024/02/14 06:24:57.00,462935.4061,5633306.4201,2947791.8588
2024/02/14 06:24:58.00,462941.0589,5633301.7572,2947789.2765
2024/02/14 06:24:59.00,462937.321,5633303.5288,2947791.3246
2024/02/14 06:25:00.00,462937.2969,5633303.5582,2947791.2989
2024/02/14 06:25:01.00,462935.5869,5633305.8493,2947791.6448
2024/02/14 06:25:02.00,462936.769,5633304.4285,2947793.3892
2024/02/14 06:25:03.00,462938.9654,5633301.8729,2947793.4309
2024/02/14 06:25:04.00,462940.0805,5633300.8383,2947795.408
2024/02/14 06:25:05.00,462939.3141,5633302.688,2947798.6417
2024/02/14 06:25:06.00,462940.7848,5633301.2254,2947801.4562
2024/02/14 06:25:07.00,462942.3985,5633299.5368,2947804.462
2024/02/14 06:25:08.00,462944.1002,5633297.813,2947807.6722
2024/02/14 06:25:09.00,462945.7732,5633295.9619,2947811.0225
2024/02/14 06:25:10.00,462947.2664,5633295.635,2947814.4619
2024/02/14 06:25:11.00,462948.9867,5633292.574,2947817.3257
2024/02/14 06:25:12.00,462950.4356,5633290.9587,2947820.4664
2024/02/14 06:25:13.00,462951.8682,5633289.372,2947823.5957
2024/02/14 06:25:14.00,462953.3823,5633287.2336,2947826.2843
2024/02/14 06:25:15.00,462954.5426,5633286.3825,2947829.6071
2024/02/14 06:25:16.00,462955.5523,5633285.0826,2947832.1484
2024/02/14 06:25:17.00,462956.3457,5633284.0074,2947834.3252
2024/02/14 06:25:18.00,462956.9066,5633283.0364,2947836.2466
2024/02/14 06:25:19.00,462957.4129,5633282.1408,2947837.9964
2024/02/14 06:25:20.00,462960.0082,5633278.0224,2947838.797
2024/02/14 06:25:21.00,462958.3065,5633280.4997,2947841.1903
2024/02/14 06:25:22.00,462958.8368,5633279.7668,2947842.48
2024/02/14 06:25:23.00,462961.1899,5633277.9536,2947843.4575
2024/02/14 06:25:24.00,462962.1158,5633275.5898,2947843.1855
2024/02/14 06:25:25.00,462960.374,5633278.05,2947843.843
2024/02/14 06:25:26.00,462962.7204,5633275.408,2947843.7095
2024/02/14 06:25:27.00,462963.1388,5633275.2767,2947843.8721
2024/02/14 06:25:28.00,462963.2377,5633278.5562,2947846.9076
2024/02/14 06:25:29.00,462961.7476,5633277.6263,2947844.3991
2024/02/14 06:25:30.00,462964.0624,5633274.7173,2947844.0222
2024/02/14 06:25:31.00,462962.6597,5633277.4559,2947844.5888
2024/02/14 06:25:32.00,462965.1633,5633274.7933,2947844.3203
2024/02/14 06:25:33.00,462965.05,5633277.6425,2947846.2371
2024/02/14 06:25:34.00,462965.4668,5633277.6737,2947846.4525
2024/02/14 06:25:35.00,462965.4915,5633275.8224,2947845.418
2024/02/14 06:25:36.00,462966.2094,5633275.9746,2947846.1033
2024/02/14 06:25:38.00,462966.8128,5633275.4243,2947845.8871
2024/02/14 06:25:40.00,462967.1284,5633277.7236,2947845.7884
2024/02/14 06:25:42.00,462965.9272,5633272.699,2947847.4436
2024/02/14 06:25:43.00,462967.8562,5633275.095,2947846.1894
2024/02/14 06:25:44.00,462969.2946,5633270.9188,2947845.6634
2024/02/14 06:25:45.00,462968.1581,5633275.087,2947846.2031
2024/02/14 06:25:46.00,462968.2665,5633272.7474,2947843.4267
2024/02/14 06:25:47.00,462970.1334,5633273.565,2947845.3577
2024/02/14 06:25:48.00,462970.2249,5633271.652,2947844.8607
2024/02/14 06:25:52.00,462975.7986,5633272.3198,2947846.2755
2024/02/14 06:25:53.00,462977.9078,5633272.4109,2947847.3148
2024/02/14 06:25:54.00,462977.7689,5633275.1978,2947845.5126
2024/02/14 06:25:55.00,462980.4995,5633271.3455,2947844.8806
2024/02/14 06:25:56.00,462983.1544,5633272.6372,2947845.5225
2024/02/14 06:25:57.00,462984.5889,5633272.212,2947846.0941
2024/02/14 06:25:58.00,462986.5847,5633271.2628,2947844.8787
2024/02/14 06:25:59.00,462988.2709,5633270.3039,2947843.2724
2024/02/14 06:26:00.00,462989.8997,5633269.5419,2947841.8895
2024/02/14 06:26:01.00,462992.2531,5633273.5717,2947844.325
2024/02/14 06:26:02.00,462993.9628,5633270.8825,2947844.0343
2024/02/14 06:26:03.00,462998.0181,5633274.3535,2947843.805
2024/02/14 06:26:04.00,462995.7734,5633269.1779,2947847.4808
2024/02/14 06:26:05.00,462996.9762,5633266.2342,2947844.2164
2024/02/14 06:26:06.00,462999.6684,5633267.7329,2947844.9157
2024/02/14 06:26:07.00,463003.8441,5633272.211,2947847.1909
2024/02/14 06:26:08.00,463005.6024,5633269.713,2947844.1757
2024/02/14 06:26:09.00,463007.8068,5633270.6987,2947844.2975
2024/02/14 06:26:10.00,463009.2424,5633270.6104,2947844.3811
2024/02/14 06:26:11.00,463011.3233,5633277.9604,2947846.8516
2024/02/14 06:26:12.00,463011.9451,5633277.8688,2947846.927
2024/02/14 06:26:13.00,463012.333,5633277.8253,2947846.9827
2024/02/14 06:26:14.00,463011.3955,5633274.1743,2947847.0605
2024/02/14 06:26:15.00,463012.2703,5633270.2346,2947844.7536
2024/02/14 06:26:16.00,463013.0326,5633270.0993,2947844.9055
2024/02/14 06:26:17.00,463013.7187,5633269.9797,2947845.0004
2024/02/14 06:26:18.00,463014.4666,5633269.89,2947845.0821
2024/02/14 06:26:19.00,463015.3323,5633269.7751,2947845.1408
2024/02/14 06:26:20.00,463016.5461,5633269.7207,2947845.5395
2024/02/14 06:26:21.00,463017.9578,5633269.5764,2947845.6445
2024/02/14 06:26:22.00,463019.348,5633271.4952,2947846.5262
2024/02/14 06:26:23.00,463022.1187,5633269.1455,2947845.6901
2024/02/14 06:26:24.00,463024.2832,5633267.8839,2947845.2375
2024/02/14 06:26:26.00,463030.8447,5633266.5452,2947842.4249
2024/02/14 06:26:27.00,463034.4135,5633271.3884,2947847.1844
2024/02/14 06:26:28.00,463038.1021,5633266.7606,2947845.0712
2024/02/14 06:26:29.00,463042.0091,5633266.7299,2947845.3291
2024/02/14 06:26:30.00,463046.0491,5633266.7567,2947845.5285
2024/02/14 06:26:31.00,463050.6241,5633265.7122,2947846.4761
2024/02/14 06:26:32.00,463052.5463,5633263.9011,2947848.0337
2024/02/14 06:26:33.00,463058.9214,5633267.6756,2947845.612
2024/02/14 06:26:34.00,463062.6942,5633267.5207,2947845.6213
2024/02/14 06:26:35.00,463066.258,5633267.3595,2947845.6859
2024/02/14 06:26:36.00,463067.2189,5633272.063,2947846.7899
2024/02/14 06:26:37.00,463072.5103,5633268.5163,2947846.091
2024/02/14 06:26:38.00,463074.7589,5633271.1073,2947846.4297
2024/02/14 06:26:39.00,463078.0069,5633268.5482,2947846.8638
2024/02/14 06:26:40.00,463081.8185,5633264.5106,2947843.2413
2024/02/14 06:26:41.00,463084.0015,5633265.4869,2947846.0727
2024/02/14 06:26:42.00,463086.6426,5633265.2132,2947846.3646
2024/02/14 06:26:43.00,463089.3673,5633264.7217,2947847.1427
2024/02/14 06:26:44.00,463091.8959,5633263.8862,2947848.6088
2024/02/14 06:26:45.00,463094.4849,5633263.8262,2947851.3902
2024/02/14 06:26:46.00,463095.5409,5633262.2347,2947854.3033
2024/02/14 06:26:47.00,463096.0972,5633260.5698,2947857.481
2024/02/14 06:26:48.00,463096.1504,5633258.6435,2947861.1759
2024/02/14 06:26:49.00,463095.8293,5633256.9992,2947865.0769
2024/02/14 06:26:50.00,463095.7358,5633254.4751,2947869.0766
2024/02/14 06:26:51.00,463095.5084,5633252.3609,2947872.8401
2024/02/14 06:26:52.00,463095.0995,5633250.4465,2947876.6965
2024/02/14 06:26:53.00,463094.4507,5633248.2121,2947880.8635
2024/02/14 06:26:54.00,463093.5052,5633245.9934,2947885.2675
2024/02/14 06:26:55.00,463093.2183,5633251.4672,2947891.5621
2024/02/14 06:26:56.00,463091.475,5633241.8737,2947893.3072
2024/02/14 06:26:57.00,463090.5871,5633240.1454,2947896.9484
2024/02/14 06:26:58.00,463090.707,5633245.4889,2947903.5294
2024/02/14 06:26:59.00,463089.7381,5633243.1709,2947908.0759
2024/02/14 06:27:00.00,463088.2814,5633233.0889,2947910.8508
2024/02/14 06:27:01.00,463087.2931,5633230.4285,2947916.2175
2024/02/14 06:27:02.00,463086.1861,5633227.5845,2947921.9293
2024/02/14 06:27:03.00,463085.735,5633232.2306,2947930.0539
2024/02/14 06:27:04.00,463083.9579,5633221.6513,2947934.0036
2024/02/14 06:27:05.00,463082.7631,5633218.5452,2947940.1085
2024/02/14 06:27:06.00,463079.2325,5633220.1699,2947947.2841
2024/02/14 06:27:07.00,463080.0469,5633210.8159,2947951.5677
2024/02/14 06:27:08.00,463079.4793,5633207.8112,2947957.3039
2024/02/14 06:27:09.00,463079.1855,5633205.8147,2947963.2697
2024/02/14 06:27:10.00,463079.5659,5633203.1285,2947968.4071
2024/02/14 06:27:11.00,463081.495,5633201.8791,2947973.4154
2024/02/14 06:27:12.00,463081.1922,5633204.4189,2947978.3661
2024/02/14 06:27:13.00,463086.195,5633198.1159,2947980.3375
2024/02/14 06:27:14.00,463089.5167,5633196.7678,2947982.4845
2024/02/14 06:27:15.00,463095.3092,5633197.5587,2947982.8128
2024/02/14 06:27:16.00,463098.5677,5633195.1791,2947984.086
2024/02/14 06:27:17.00,463103.9573,5633195.5186,2947983.783
2024/02/14 06:27:18.00,463110.1225,5633195.2496,2947983.0715
2024/02/14 06:27:19.00,463116.6917,5633195.2586,2947982.3117
2024/02/14 06:27:20.00,463123.6028,5633195.4924,2947981.5538
2024/02/14 06:27:21.00,463130.8543,5633195.447,2947980.8209
2024/02/14 06:27:22.00,463138.1152,5633195.5275,2947980.2881
2024/02/14 06:27:23.00,463145.4321,5633195.5343,2947979.7563
2024/02/14 06:27:24.00,463152.8134,5633195.4449,2947979.3488
2024/02/14 06:27:25.00,463160.2839,5633195.1986,2947979.2982
2024/02/14 06:27:26.00,463167.7412,5633194.8539,2947979.3907
2024/02/14 06:27:27.00,463175.0553,5633194.2701,2947979.9545
2024/02/14 06:27:28.00,463182.1073,5633193.4831,2947981.002
2024/02/14 06:27:29.00,463188.9269,5633192.4258,2947982.6999
2024/02/14 06:27:30.00,463195.6035,5633191.3339,2947984.8634
2024/02/14 06:27:31.00,463202.2742,5633190.0335,2947987.0894
2024/02/14 06:27:32.00,463208.8095,5633189.3164,2947989.6863
2024/02/14 06:27:33.00,463215.3519,5633187.5376,2947992.111
2024/02/14 06:27:34.00,463221.8059,5633186.2455,2947994.8553
2024/02/14 06:27:35.00,463228.2149,5633184.9486,2947997.6481
2024/02/14 06:27:36.00,463234.6561,5633183.6157,2948000.3881
2024/02/14 06:27:37.00,463239.5628,5633186.1806,2948003.6841
2024/02/14 06:27:38.00,463246.9697,5633182.5331,2948006.4188
2024/02/14 06:27:39.00,463253.2122,5633177.4017,2948005.6444
2024/02/14 06:27:40.00,463259.4377,5633176.1724,2948008.3848
2024/02/14 06:27:41.00,463265.3131,5633175.997,2948013.8155
2024/02/14 06:27:42.00,463272.0465,5633173.5965,2948013.7448
2024/02/14 06:27:43.00,463278.1324,5633173.4067,2948019.0088
2024/02/14 06:27:44.00,463284.5709,5633171.4619,2948020.7658
2024/02/14 06:27:45.00,463292.1793,5633172.2782,2948024.1048
2024/02/14 06:27:46.00,463298.8125,5633171.1084,2948025.8761
2024/02/14 06:27:47.00,463304.8271,5633170.1104,2948027.3656
2024/02/14 06:27:48.00,463310.3797,5633169.1454,2948028.6987
2024/02/14 06:27:49.00,463315.9862,5633168.1646,2948030.0401
2024/02/14 06:27:50.00,463321.38,5633167.662,2948031.1594
2024/02/14 06:27:51.00,463326.444,5633166.3911,2948032.329
2024/02/14 06:27:52.00,463331.4605,5633165.4234,2948033.3917
2024/02/14 06:27:53.00,463336.5835,5633164.4068,2948035.0686
2024/02/14 06:27:54.00,463341.6059,5633162.9344,2948037.6514
2024/02/14 06:27:55.00,463346.3231,5633160.9297,2948040.2052
2024/02/14 06:27:56.00,463352.6951,5633160.2998,2948041.7159
2024/02/14 06:27:57.00,463359.096,5633159.2983,2948042.9124
2024/02/14 06:27:58.00,463366.2198,5633158.2816,2948043.7564
2024/02/14 06:27:59.00,463373.6506,5633157.1435,2948044.8434
2024/02/14 06:28:00.00,463380.8944,5633155.885,2948046.1629
2024/02/14 06:28:01.00,463388.0392,5633154.5346,2948047.6304
2024/02/14 06:28:02.00,463395.3367,5633152.9812,2948049.4858
2024/02/14 06:28:03.00,463402.9986,5633151.4729,2948051.3145
2024/02/14 06:28:04.00,463411.1559,5633149.8954,2948053.1485
2024/02/14 06:28:05.00,463419.7308,5633148.1668,2948055.1784
2024/02/14 06:28:06.00,463428.7053,5633146.1061,2948057.4303
2024/02/14 06:28:07.00,463437.842,5633144.3744,2948059.6411
2024/02/14 06:28:08.00,463446.8766,5633142.6067,2948061.8906
2024/02/14 06:28:09.00,463455.7702,5633140.6426,2948064.0027
2024/02/14 06:28:10.00,463464.2874,5633138.7626,2948066.3878
2024/02/14 06:28:11.00,463472.4718,5633136.9073,2948068.8112
2024/02/14 06:28:12.00,463480.5553,5633134.9532,2948071.3699
2024/02/14 06:28:13.00,463488.7804,5633132.9972,2948073.9482
2024/02/14 06:28:14.00,463497.2918,5633131.0682,2948076.3084
2024/02/14 06:28:15.00,463506.044,5633129.1874,2948078.544
2024/02/14 06:28:16.00,463515.0206,5633127.3304,2948080.6944
2024/02/14 06:28:17.00,463524.1251,5633125.4045,2948082.9098
2024/02/14 06:28:18.00,463533.2352,5633123.3545,2948085.4686
2024/02/14 06:28:19.00,463542.3654,5633121.2462,2948088.2302
2024/02/14 06:28:20.00,463551.4203,5633119.0936,2948091.1636
2024/02/14 06:28:21.00,463560.163,5633116.942,2948094.0379
2024/02/14 06:28:22.00,463568.7487,5633115.1206,2948096.413
2024/02/14 06:28:23.00,463576.6855,5633113.5985,2948098.3097
2024/02/14 06:28:24.00,463583.5833,5633112.3099,2948099.8097
2024/02/14 06:28:25.00,463590.3584,5633111.0971,2948101.1502
2024/02/14 06:28:26.00,463597.2351,5633109.802,2948102.6419
2024/02/14 06:28:27.00,463604.3448,5633108.5067,2948104.0969
2024/02/14 06:28:28.00,463611.6786,5633107.7943,2948105.8106
2024/02/14 06:28:29.00,463619.1729,5633105.6804,2948107.2832
2024/02/14 06:28:30.00,463626.9508,5633104.1231,2948109.2886
2024/02/14 06:28:31.00,463635.0738,5633103.0109,2948111.6246
2024/02/14 06:28:32.00,463643.2684,5633100.4546,2948113.8968
2024/02/14 06:28:33.00,463651.7199,5633099.0515,2948116.8473
2024/02/14 06:28:34.00,463660.1782,5633096.1944,2948119.7892
2024/02/14 06:28:35.00,463668.8128,5633094.5396,2948123.3396
2024/02/14 06:28:36.00,463677.5675,5633091.6197,2948126.375
2024/02/14 06:28:37.00,463686.7919,5633090.1963,2948129.2715
2024/02/14 06:28:38.00,463696.0701,5633088.0013,2948132.1806
2024/02/14 06:28:39.00,463705.4227,5633085.1102,2948135.0061
2024/02/14 06:28:40.00,463715.0409,5633082.8682,2948137.9382
2024/02/14 06:28:41.00,463724.8005,5633080.5718,2948140.9456
2024/02/14 06:28:42.00,463734.6563,5633078.1879,2948144.1524
2024/02/14 06:28:43.00,463744.6863,5633075.8076,2948147.2106
2024/02/14 06:28:44.00,463754.8298,5633073.3714,2948150.3224
2024/02/14 06:28:45.00,463765.0206,5633070.917,2948153.6361
2024/02/14 06:28:46.00,463775.1862,5633068.3362,2948157.0943
2024/02/14 06:28:47.00,463785.5193,5633065.6504,2948160.2989
2024/02/14 06:28:48.00,463795.9259,5633063.3565,2948163.4671
2024/02/14 06:28:49.00,463806.45,5633061.0091,2948166.4384
2024/02/14 06:28:50.00,463817.0115,5633058.6653,2948169.4756
2024/02/14 06:28:51.00,463827.5641,5633056.7181,2948172.8552
2024/02/14 06:28:52.00,463837.8812,5633053.6034,2948175.9287
2024/02/14 06:28:53.00,463848.275,5633051.8321,2948179.2776
2024/02/14 06:28:54.00,463858.3217,5633049.4303,2948182.4705
2024/02/14 06:28:55.00,463868.1535,5633046.275,2948185.2433
2024/02/14 06:28:56.00,463877.7861,5633044.0316,2948188.1789
2024/02/14 06:28:57.00,463887.2668,5633042.176,2948191.0417
2024/02/14 06:28:58.00,463896.6416,5633040.1127,2948193.9466
2024/02/14 06:28:59.00,463906.0671,5633037.955,2948196.6942
2024/02/14 06:29:00.00,463915.3876,5633036.4492,2948199.8626
2024/02/14 06:29:01.00,463924.7362,5633033.689,2948202.4904
2024/02/14 06:29:02.00,463934.3142,5633031.6308,2948205.1954
2024/02/14 06:29:03.00,463944.0563,5633030.2688,2948208.0882
2024/02/14 06:29:04.00,463953.8356,5633028.1917,2948210.8639
2024/02/14 06:29:05.00,463963.6566,5633025.4362,2948213.4449
2024/02/14 06:29:06.00,463973.5029,5633023.2487,2948216.4377
2024/02/14 06:29:07.00,463983.4134,5633021.0633,2948219.4387
2024/02/14 06:29:08.00,463993.4194,5633018.8662,2948222.3341
2024/02/14 06:29:09.00,464003.4369,5633016.6458,2948225.3514
2024/02/14 06:29:10.00,464013.4191,5633014.3721,2948228.5408
2024/02/14 06:29:11.00,464023.413,5633012.0702,2948231.7223
2024/02/14 06:29:12.00,464033.4319,5633009.7753,2948234.8954
2024/02/14 06:29:13.00,464043.4272,5633008.0759,2948238.466
2024/02/14 06:29:14.00,464053.4147,5633005.0977,2948241.4806
2024/02/14 06:29:15.00,464063.4998,5633002.8681,2948244.4659
2024/02/14 06:29:16.00,464073.4539,5633000.6408,2948247.3802
2024/02/14 06:29:17.00,464082.9075,5632998.4926,2948250.4315
2024/02/14 06:29:18.00,464091.9856,5632996.2817,2948253.6449
2024/02/14 06:29:19.00,464100.8672,5632993.9918,2948256.9044
2024/02/14 06:29:20.00,464109.5418,5632991.6713,2948260.343
2024/02/14 06:29:21.00,464118.0312,5632989.3242,2948263.9046
2024/02/14 06:29:22.00,464126.3909,5632986.931,2948267.4453
2024/02/14 06:29:23.00,464134.7683,5632984.6586,2948270.7689
2024/02/14 06:29:24.00,464143.107,5632982.4366,2948274.0005
2024/02/14 06:29:25.00,464151.685,5632981.0999,2948276.9863
2024/02/14 06:29:26.00,464160.3937,5632978.5437,2948279.2526
2024/02/14 06:29:27.00,464169.1803,5632976.353,2948281.8123
2024/02/14 06:29:28.00,464177.2847,5632978.6736,2948284.8245
2024/02/14 06:29:29.00,464185.8547,5632972.683,2948288.3806
2024/02/14 06:29:30.00,464193.831,5632970.5767,2948291.3202
2024/02/14 06:29:31.00,464201.417,5632968.255,2948293.8294
2024/02/14 06:29:32.00,464208.2885,5632966.4572,2948296.4626
2024/02/14 06:29:33.00,464214.5895,5632964.5457,2948299.3227
2024/02/14 06:29:34.00,464220.3323,5632962.6006,2948302.4644
2024/02/14 06:29:35.00,464225.3533,5632960.3631,2948306.197
2024/02/14 06:29:36.00,464229.6565,5632958.4555,2948310.8525
2024/02/14 06:29:37.00,464232.9832,5632954.7389,2948315.7973
2024/02/14 06:29:39.00,464236.6408,5632949.9013,2948327.2085
2024/02/14 06:29:40.00,464238.9332,5632947.7475,2948331.1439
2024/02/14 06:29:41.00,464239.9561,5632944.5293,2948334.9593
2024/02/14 06:29:42.00,464240.0272,5632943.0867,2948339.3148
2024/02/14 06:29:43.00,464239.5132,5632940.7688,2948343.8031
2024/02/14 06:29:44.00,464238.3546,5632937.6432,2948348.6727
2024/02/14 06:29:45.00,464236.711,5632935.5116,2948354.5828
2024/02/14 06:29:46.00,464234.6503,5632932.4502,2948360.8217
2024/02/14 06:29:47.00,464232.3472,5632929.4198,2948367.1098
2024/02/14 06:29:48.00,464229.9533,5632926.4153,2948373.2575
2024/02/14 06:29:49.00,464227.5267,5632923.304,2948379.5955
2024/02/14 06:29:50.00,464225.0724,5632920.0187,2948386.2603
2024/02/14 06:29:51.00,464222.6515,5632916.4896,2948393.2796
2024/02/14 06:29:52.00,464219.9504,5632912.8382,2948400.631
2024/02/14 06:29:53.00,464217.0448,5632908.4004,2948408.0997
2024/02/14 06:29:54.00,464214.085,5632905.0626,2948416.2797
2024/02/14 06:29:55.00,464210.8667,5632901.0122,2948424.4874
2024/02/14 06:29:56.00,464207.6946,5632896.7904,2948432.9713
2024/02/14 06:29:57.00,464204.3731,5632892.6095,2948441.4656
2024/02/14 06:29:58.00,464201.0738,5632888.5875,2948449.5473
2024/02/14 06:29:59.00,464197.8312,5632884.1225,2948457.2021
2024/02/14 06:30:00.00,464194.3308,5632880.9599,2948465.3584
2024/02/14 06:30:01.00,464190.8278,5632876.2346,2948473.2986
2024/02/14 06:30:02.00,464187.4025,5632872.0038,2948481.7267
2024/02/14 06:30:03.00,464183.8998,5632867.5296,2948490.3655
2024/02/14 06:30:04.00,464180.4663,5632863.232,2948499.3123
2024/02/14 06:30:05.00,464176.9247,5632858.7125,2948508.3952
2024/02/14 06:30:06.00,464173.2314,5632854.1539,2948517.575
2024/02/14 06:30:07.00,464169.3696,5632849.5948,2948526.8242
2024/02/14 06:30:08.00,464165.4598,5632844.9342,2948536.1745
2024/02/14 06:30:09.00,464161.4975,5632840.3063,2948545.6134
2024/02/14 06:30:10.00,464157.5254,5632835.6922,2948555.1046
2024/02/14 06:30:11.00,464153.7338,5632831.0599,2948564.3688
2024/02/14 06:30:12.00,464150.1651,5632826.4716,2948573.4971
2024/02/14 06:30:13.00,464146.733,5632822.7289,2948582.7076
2024/02/14 06:30:14.00,464143.5849,5632817.6106,2948591.3667
2024/02/14 06:30:15.00,464140.6121,5632813.1768,2948600.0223
2024/02/14 06:30:16.00,464137.7293,5632809.0982,2948608.687
2024/02/14 06:30:17.00,464134.9273,5632804.5321,2948616.9126
2024/02/14 06:30:18.00,464131.9717,5632800.6439,2948625.3676
2024/02/14 06:30:19.00,464128.7549,5632796.2868,2948633.5907
2024/02/14 06:30:20.00,464124.8415,5632792.2352,2948641.808
2024/02/14 06:30:21.00,464120.8756,5632788.3962,2948649.8262
2024/02/14 06:30:22.00,464117.4104,5632784.8864,2948657.0094
2024/02/14 06:30:23.00,464114.3751,5632781.6276,2948663.6484
2024/02/14 06:30:24.00,464111.839,5632778.625,2948669.8058
2024/02/14 06:30:25.00,464109.5186,5632775.6526,2948675.9788
2024/02/14 06:30:26.00,464107.2972,5632772.4755,2948682.2444
2024/02/14 06:30:27.00,464105.1981,5632769.5694,2948688.2306
2024/02/14 06:30:28.00,464103.6059,5632767.4613,2948694.1306
2024/02/14 06:30:29.00,464102.2784,5632763.9593,2948699.254
2024/02/14 06:30:30.00,464101.6959,5632761.9634,2948703.7106
2024/02/14 06:30:31.00,464102.0945,5632760.2713,2948707.0119
2024/02/14 06:30:32.00,464102.8813,5632758.7685,2948709.6405
2024/02/14 06:30:33.00,464103.8925,5632757.3827,2948712.3415
2024/02/14 06:30:34.00,464104.5138,5632756.6173,2948714.7797
2024/02/14 06:30:35.00,464096.7579,5632769.036,2948730.9568
2024/02/14 06:30:36.00,464107.6654,5632752.8875,2948718.5911
2024/02/14 06:30:37.00,464110.4129,5632753.1883,2948720.8101
2024/02/14 06:30:38.00,464111.5876,5632749.6661,2948720.7949
2024/02/14 06:30:39.00,464112.0374,5632751.0623,2948721.0659
2024/02/14 06:30:40.00,464113.9582,5632747.4431,2948721.6802
2024/02/14 06:30:41.00,464114.2487,5632749.9682,2948722.5644
2024/02/14 06:30:42.00,464116.0238,5632754.5166,2948726.3977
2024/02/14 06:30:43.00,464118.3792,5632750.0602,2948725.4009
2024/02/14 06:30:44.00,464119.9955,5632749.5543,2948726.3253
2024/02/14 06:30:45.00,464121.7651,5632748.8587,2948727.4928
2024/02/14 06:30:46.00,464124.0315,5632747.9637,2948728.8923
2024/02/14 06:30:47.00,464126.5404,5632747.3858,2948730.8176
2024/02/14 06:30:48.00,464129.2893,5632747.0414,2948732.9462
2024/02/14 06:30:49.00,464131.9701,5632745.4092,2948734.7756
2024/02/14 06:30:50.00,464134.6091,5632744.1713,2948736.7525
2024/02/14 06:30:51.00,464136.9567,5632743.3346,2948739.1876
2024/02/14 06:30:52.00,464138.7887,5632741.9569,2948741.8647
2024/02/14 06:30:53.00,464140.5716,5632748.3495,2948746.8818
2024/02/14 06:30:54.00,464140.6591,5632739.2672,2948748.1037
2024/02/14 06:30:55.00,464140.8282,5632737.9828,2948751.4265
2024/02/14 06:30:56.00,464140.5096,5632736.4053,2948754.7343
2024/02/14 06:30:57.00,464139.9042,5632734.9989,2948758.0316
2024/02/14 06:30:58.00,464139.1271,5632733.6868,2948761.4761
2024/02/14 06:30:59.00,464138.0549,5632731.9581,2948765.1671
2024/02/14 06:31:00.00,464136.82,5632730.2882,2948769.0618
2024/02/14 06:31:01.00,464135.5192,5632728.7556,2948773.0451
2024/02/14 06:31:02.00,464134.1225,5632727.0421,2948776.9589
2024/02/14 06:31:03.00,464132.6961,5632725.3421,2948780.8638
2024/02/14 06:31:04.00,464131.2078,5632723.5171,2948784.7453
2024/02/14 06:31:05.00,464129.8245,5632721.7508,2948788.6939
2024/02/14 06:31:06.00,464128.4098,5632719.9004,2948792.7142
2024/02/14 06:31:07.00,464127.0392,5632718.1724,2948796.7025
2024/02/14 06:31:08.00,464125.696,5632716.4047,2948800.4006
2024/02/14 06:31:09.00,464124.3159,5632714.5168,2948804.1456
2024/02/14 06:31:10.00,464123.0843,5632712.4177,2948808.3386
2024/02/14 06:31:11.00,464122.2726,5632709.8288,2948813.0431
2024/02/14 06:31:12.00,464121.8182,5632707.0379,2948818.2718
2024/02/14 06:31:13.00,464121.671,5632704.1554,2948823.7615
2024/02/14 06:31:14.00,464121.3256,5632700.9212,2948829.3678
2024/02/14 06:31:15.00,464120.8482,5632697.7841,2948835.0407
2024/02/14 06:31:16.00,464120.3069,5632694.7868,2948840.6604
2024/02/14 06:31:17.00,464119.8947,5632692.0552,2948845.6648
2024/02/14 06:31:18.00,464119.3518,5632689.6603,2948850.2988
2024/02/14 06:31:19.00,464118.6872,5632687.3278,2948854.6749
2024/02/14 06:31:20.00,464117.95,5632685.1805,2948858.8525
2024/02/14 06:31:21.00,464117.1134,5632683.0771,2948863.0184
2024/02/14 06:31:22.00,464116.1006,5632680.9291,2948867.2335
2024/02/14 06:31:23.00,464115.1768,5632678.9963,2948871.0693
2024/02/14 06:31:24.00,464114.2558,5632677.3003,2948874.6008
2024/02/14 06:31:25.00,464113.4033,5632675.4855,2948877.9782
2024/02/14 06:31:26.00,464112.629,5632673.8264,2948881.2551
2024/02/14 06:31:27.00,464111.9415,5632672.545,2948883.8235
2024/02/14 06:31:28.00,464111.0688,5632671.3773,2948886.4295
2024/02/14 06:31:29.00,464110.005,5632669.8449,2948889.3219
2024/02/14 06:31:30.00,464108.8675,5632668.3792,2948892.6252
2024/02/14 06:31:31.00,464107.5398,5632666.5567,2948896.3085
2024/02/14 06:31:32.00,464106.0174,5632664.4927,2948900.4731
2024/02/14 06:31:33.00,464104.3927,5632662.3308,2948904.9658
2024/02/14 06:31:34.00,464102.8667,5632660.0914,2948909.5744
2024/02/14 06:31:35.00,464101.5502,5632657.8312,2948914.0546
2024/02/14 06:31:36.00,464100.2936,5632655.7912,2948918.229
2024/02/14 06:31:37.00,464098.9869,5632654.0775,2948922.049
2024/02/14 06:31:38.00,464097.4949,5632652.6505,2948925.5851
2024/02/14 06:31:39.00,464096.3887,5632651.5018,2948928.1524
2024/02/14 06:31:40.00,464095.5637,5632650.6699,2948929.9568
2024/02/14 06:31:41.00,464094.7868,5632649.9739,2948931.5997
2024/02/14 06:31:42.00,464093.849,5632648.8999,2948933.4879
2024/02/14 06:31:43.00,464092.3782,5632648.0954,2948935.8438
2024/02/14 06:31:44.00,464090.9816,5632646.7583,2948938.216
2024/02/14 06:31:45.00,464089.3951,5632645.7203,2948940.7813
2024/02/14 06:31:46.00,464087.7209,5632644.6173,2948943.7136
2024/02/14 06:31:47.00,464086.2214,5632643.4237,2948946.9213
2024/02/14 06:31:48.00,464085.2217,5632642.2658,2948950.1038
2024/02/14 06:31:49.00,464084.5536,5632641.1485,2948952.8708
2024/02/14 06:31:50.00,464084.2621,5632640.3193,2948954.8811
2024/02/14 06:31:51.00,464084.184,5632639.7982,2948956.178
2024/02/14 06:31:52.00,464084.2323,5632639.2326,2948957.8243
2024/02/14 06:31:53.00,464084.6168,5632638.5067,2948959.5941
2024/02/14 06:31:54.00,464085.4715,5632637.8234,2948961.3429
2024/02/14 06:31:55.00,464086.6877,5632637.1156,2948963.2443
2024/02/14 06:31:56.00,464088.3015,5632636.5867,2948964.9867
2024/02/14 06:31:57.00,464090.3247,5632635.9562,2948966.2525
2024/02/14 06:31:58.00,464092.3532,5632636.0826,2948967.7186
2024/02/14 06:31:59.00,464094.4322,5632635.6275,2948968.8541
2024/02/14 06:32:00.00,464096.4956,5632634.6158,2948969.7899
2024/02/14 06:32:01.00,464098.6637,5632634.2758,2948970.8493
2024/02/14 06:32:02.00,464100.8202,5632633.9423,2948971.9046
2024/02/14 06:32:03.00,464102.9487,5632633.4921,2948973.0691
2024/02/14 06:32:04.00,464105.0353,5632633.0056,2948974.3288
2024/02/14 06:32:05.00,464107.0084,5632632.5536,2948975.6549
2024/02/14 06:32:06.00,464108.9197,5632631.9605,2948977.151
2024/02/14 06:32:07.00,464110.6224,5632631.2316,2948978.8713
2024/02/14 06:32:08.00,464112.0802,5632630.5623,2948980.6284
2024/02/14 06:32:09.00,464113.2953,5632629.9103,2948982.3233
2024/02/14 06:32:10.00,464114.1658,5632629.1897,2948984.1465
2024/02/14 06:32:11.00,464114.8004,5632628.2763,2948986.1981
2024/02/14 06:32:12.00,464115.1862,5632627.5292,2948988.3493
2024/02/14 06:32:13.00,464115.5555,5632626.808,2948990.3873
2024/02/14 06:32:14.00,464115.9525,5632625.946,2948992.3494
2024/02/14 06:32:15.00,464116.3298,5632625.2692,2948994.3561
2024/02/14 06:32:16.00,464117.0328,5632624.661,2948996.2579
2024/02/14 06:32:17.00,464117.9949,5632624.054,2948998.0791
2024/02/14 06:32:18.00,464119.0951,5632623.4241,2948999.8627
2024/02/14 06:32:19.00,464120.3951,5632622.7542,2949001.5296
2024/02/14 06:32:20.00,464121.748,5632622.0182,2949003.1598
