GPST,x_y,y_y,z_y
2024/02/14 04:19:28.00,461329.7861,5634437.1059,2945930.5084
2024/02/14 04:19:29.00,461329.7854,5634437.1045,2945930.5096
2024/02/14 04:19:30.00,461329.7862,5634437.1089,2945930.5096
2024/02/14 04:19:31.00,461329.7872,5634437.1038,2945930.5067
2024/02/14 04:19:32.00,461329.7857,5634437.1058,2945930.5093
2024/02/14 04:19:33.00,461329.7855,5634437.1026,2945930.5077
2024/02/14 04:19:34.00,461329.7854,5634437.105,2945930.5088
2024/02/14 04:19:35.00,461329.7861,5634437.1087,2945930.5094
2024/02/14 04:19:36.00,461329.7864,5634437.1069,2945930.5096
2024/02/14 04:19:37.00,461329.7853,5634437.1069,2945930.5098
2024/02/14 04:19:38.00,461329.7856,5634437.1071,2945930.5087
2024/02/14 04:19:39.00,461329.7852,5634437.1085,2945930.51
2024/02/14 04:19:40.00,461329.7861,5634437.1061,2945930.5081
2024/02/14 04:19:41.00,461329.7866,5634437.1063,2945930.5084
2024/02/14 04:19:42.00,461329.7855,5634437.1047,2945930.5094
2024/02/14 04:19:43.00,461329.7859,5634437.106,2945930.5108
2024/02/14 04:19:44.00,461329.7854,5634437.1041,2945930.5089
2024/02/14 04:19:45.00,461329.7864,5634437.105,2945930.5106
2024/02/14 04:19:46.00,461329.7878,5634437.1114,2945930.5121
2024/02/14 04:19:47.00,461329.7867,5634437.108,2945930.5098
2024/02/14 04:19:48.00,461329.7873,5634437.1079,2945930.5102
2024/02/14 04:19:49.00,461329.7863,5634437.1089,2945930.5097
2024/02/14 04:19:50.00,461329.7865,5634437.1085,2945930.5107
2024/02/14 04:19:51.00,461329.787,5634437.1067,2945930.5099
2024/02/14 04:19:52.00,461329.7861,5634437.1096,2945930.5098
2024/02/14 04:19:53.00,461329.7853,5634437.1103,2945930.5115
2024/02/14 04:19:54.00,461329.7857,5634437.1068,2945930.5085
2024/02/14 04:19:55.00,461329.7843,5634437.1079,2945930.5093
2024/02/14 04:19:56.00,461329.7862,5634437.1068,2945930.509
2024/02/14 04:19:57.00,461329.7843,5634437.1073,2945930.5094
2024/02/14 04:19:58.00,461329.7858,5634437.1075,2945930.5097
2024/02/14 04:19:59.00,461329.7861,5634437.1073,2945930.5093
2024/02/14 04:20:00.00,461329.7852,5634437.1041,2945930.5083
2024/02/14 04:20:01.00,461329.7855,5634437.1073,2945930.5097
2024/02/14 04:20:02.00,461329.7849,5634437.1061,2945930.5103
2024/02/14 04:20:03.00,461329.7844,5634437.1013,2945930.5073
2024/02/14 04:20:04.00,461329.7849,5634437.1039,2945930.5089
2024/02/14 04:20:05.00,461329.786,5634437.1042,2945930.5096
2024/02/14 04:20:06.00,461329.7845,5634437.1048,2945930.5076
2024/02/14 04:20:07.00,461329.7849,5634437.1022,2945930.5075
2024/02/14 04:20:08.00,461329.7847,5634437.1046,2945930.5089
2024/02/14 04:20:09.00,461329.7854,5634437.1042,2945930.5099
2024/02/14 04:20:10.00,461329.7841,5634437.1031,2945930.5077
2024/02/14 04:20:11.00,461329.7851,5634437.1016,2945930.5068
2024/02/14 04:20:12.00,461329.7855,5634437.1008,2945930.5077
2024/02/14 04:20:13.00,461329.7851,5634437.1018,2945930.5057
2024/02/14 04:20:14.00,461329.785,5634437.1047,2945930.5101
2024/02/14 04:20:15.00,461329.7848,5634437.1007,2945930.5077
2024/02/14 04:20:16.00,461329.7851,5634437.1025,2945930.5098
2024/02/14 04:20:17.00,461329.7851,5634437.1002,2945930.5073
2024/02/14 04:20:18.00,461329.7852,5634437.1017,2945930.5077
2024/02/14 04:20:19.00,461329.785,5634437.1044,2945930.5076
2024/02/14 04:20:20.00,461329.7844,5634437.1039,2945930.508
2024/02/14 04:20:21.00,461329.7842,5634437.1015,2945930.5077
2024/02/14 04:20:22.00,461329.785,5634437.1042,2945930.5074
2024/02/14 04:20:23.00,461329.7852,5634437.1035,2945930.508
2024/02/14 04:20:24.00,461329.7848,5634437.1009,2945930.507
2024/02/14 04:20:25.00,461329.784,5634437.0994,2945930.5065
2024/02/14 04:20:26.00,461329.7835,5634437.1006,2945930.5062
2024/02/14 04:20:27.00,461329.784,5634437.103,2945930.5073
2024/02/14 04:20:28.00,461329.7838,5634437.1014,2945930.5059
2024/02/14 04:20:29.00,461329.7844,5634437.1012,2945930.5068
2024/02/14 04:20:30.00,461329.784,5634437.1028,2945930.5071
2024/02/14 04:20:31.00,461329.7841,5634437.1022,2945930.5068
2024/02/14 04:20:32.00,461329.7851,5634437.1032,2945930.507
2024/02/14 04:20:33.00,461329.7842,5634437.1041,2945930.5065
2024/02/14 04:20:34.00,461329.785,5634437.1031,2945930.5058
2024/02/14 04:20:35.00,461329.7849,5634437.1037,2945930.5066
2024/02/14 04:20:36.00,461329.785,5634437.0992,2945930.5061
2024/02/14 04:20:37.00,461329.7833,5634437.0992,2945930.5045
2024/02/14 04:20:38.00,461329.7842,5634437.1024,2945930.5072
2024/02/14 04:20:39.00,461329.7836,5634437.1042,2945930.5072
2024/02/14 04:20:40.00,461329.7848,5634437.1002,2945930.5071
2024/02/14 04:20:41.00,461329.7844,5634437.1027,2945930.5075
2024/02/14 04:20:42.00,461329.7331,5634437.2893,2945930.4927
2024/02/14 04:20:43.00,461329.7834,5634437.0975,2945930.5038
2024/02/14 04:20:44.00,461329.7332,5634437.289,2945930.4923
2024/02/14 04:20:45.00,461329.7838,5634437.0999,2945930.5053
2024/02/14 04:20:46.00,461329.784,5634437.1015,2945930.5063
2024/02/14 04:20:47.00,461329.7856,5634437.1029,2945930.5066
2024/02/14 04:20:48.00,461329.7841,5634437.1,2945930.506
2024/02/14 04:20:49.00,461328.8117,5634434.0124,2945927.4902
2024/02/14 04:20:50.00,461328.8119,5634434.016,2945927.4907
2024/02/14 04:20:51.00,461329.7854,5634437.0998,2945930.5072
2024/02/14 04:20:52.00,461329.7329,5634437.2902,2945930.4929
2024/02/14 04:20:53.00,461329.8019,5634437.0357,2945930.2857
2024/02/14 04:20:54.00,461328.7524,5634440.4748,2945931.7593
2024/02/14 04:20:55.00,461329.7329,5634437.2884,2945930.4923
2024/02/14 04:20:56.00,461329.7331,5634437.2892,2945930.4907
2024/02/14 04:20:57.00,461329.7851,5634437.1023,2945930.5054
2024/02/14 04:20:58.00,461329.7848,5634437.1032,2945930.5057
2024/02/14 04:20:59.00,461328.8099,5634434.0154,2945927.4902
2024/02/14 04:21:00.00,461328.8106,5634434.0152,2945927.4896
2024/02/14 04:21:01.00,461328.8095,5634434.0129,2945927.4907
2024/02/14 04:21:02.00,461328.8107,5634434.0175,2945927.4926
2024/02/14 04:21:03.00,461328.6083,5634434.7455,2945927.5822
2024/02/14 04:21:04.00,461329.7851,5634437.1041,2945930.5075
2024/02/14 04:21:05.00,461329.7854,5634437.1022,2945930.5073
2024/02/14 04:21:06.00,461328.81,5634434.0215,2945927.492
2024/02/14 04:21:07.00,461329.7339,5634437.29,2945930.4921
2024/02/14 04:21:08.00,461329.8023,5634437.0382,2945930.288
2024/02/14 04:21:09.00,461329.7341,5634437.2886,2945930.4935
2024/02/14 04:21:10.00,461329.7334,5634437.2926,2945930.4934
2024/02/14 04:21:11.00,461329.7345,5634437.2904,2945930.4926
2024/02/14 04:21:12.00,461329.7872,5634437.1048,2945930.5081
2024/02/14 04:21:13.00,461329.7347,5634437.2903,2945930.4936
2024/02/14 04:21:14.00,461329.786,5634437.1019,2945930.5068
2024/02/14 04:21:15.00,461329.7347,5634437.2928,2945930.493
2024/02/14 04:21:16.00,461329.7344,5634437.2924,2945930.493
2024/02/14 04:21:17.00,461329.7858,5634437.0998,2945930.5065
2024/02/14 04:21:18.00,461329.7345,5634437.295,2945930.4937
2024/02/14 04:21:19.00,461328.608,5634434.7486,2945927.5843
2024/02/14 04:21:20.00,461328.6056,5634434.7417,2945927.5825
2024/02/14 04:21:21.00,461328.6077,5634434.7494,2945927.5844
2024/02/14 04:21:22.00,461328.6065,5634434.7497,2945927.5849
2024/02/14 04:21:23.00,461329.7341,5634437.2877,2945930.492
2024/02/14 04:21:24.00,461329.7349,5634437.2882,2945930.4917
2024/02/14 04:21:25.00,461328.8087,5634434.0252,2945927.4938
2024/02/14 04:21:26.00,461329.7343,5634437.2884,2945930.4923
2024/02/14 04:21:27.00,461328.6065,5634434.7526,2945927.5855
2024/02/14 04:21:28.00,461328.6063,5634434.7535,2945927.586
2024/02/14 04:21:29.00,461328.6057,5634434.7479,2945927.5837
2024/02/14 04:21:30.00,461329.7344,5634437.2924,2945930.4942
2024/02/14 04:21:31.00,461329.7343,5634437.2914,2945930.4934
2024/02/14 04:21:32.00,461329.7348,5634437.29,2945930.4917
2024/02/14 04:21:33.00,461329.7352,5634437.2912,2945930.4926
2024/02/14 04:21:34.00,461329.7352,5634437.2921,2945930.4937
2024/02/14 04:21:35.00,461329.7339,5634437.2949,2945930.4916
2024/02/14 04:21:36.00,461329.7851,5634437.1035,2945930.5076
2024/02/14 04:21:37.00,461329.7338,5634437.2931,2945930.4904
2024/02/14 04:21:38.00,461329.786,5634437.1057,2945930.5071
2024/02/14 04:21:39.00,461329.7344,5634437.2933,2945930.4932
2024/02/14 04:21:40.00,461329.7334,5634437.2907,2945930.4928
2024/02/14 04:21:41.00,461329.7336,5634437.2923,2945930.4903
2024/02/14 04:21:42.00,461329.7351,5634437.2964,2945930.4941
2024/02/14 04:21:43.00,461329.7344,5634437.2933,2945930.4941
2024/02/14 04:21:44.00,461329.7865,5634437.1061,2945930.5067
2024/02/14 04:21:45.00,461329.7728,5634437.0567,2945930.4422
2024/02/14 04:21:46.00,461329.7706,5634437.0564,2945930.4391
2024/02/14 04:21:47.00,461329.7714,5634437.0562,2945930.4395
2024/02/14 04:21:48.00,461329.7712,5634437.0609,2945930.4419
2024/02/14 04:21:49.00,461329.7721,5634437.0472,2945930.4369
2024/02/14 04:21:50.00,461329.769,5634437.0531,2945930.4359
2024/02/14 04:21:51.00,461329.7356,5634437.296,2945930.492
2024/02/14 04:21:52.00,461329.7351,5634437.2991,2945930.4946
2024/02/14 04:21:53.00,461329.7345,5634437.2996,2945930.4932
2024/02/14 04:21:54.00,461329.7344,5634437.2956,2945930.4914
2024/02/14 04:21:55.00,461328.6044,5634434.7682,2945927.5887
2024/02/14 04:21:56.00,461328.6027,5634434.7654,2945927.5867
2024/02/14 04:21:57.00,461328.6027,5634434.7676,2945927.588
2024/02/14 04:21:58.00,461328.6042,5634434.7695,2945927.5877
2024/02/14 04:21:59.00,461328.6029,5634434.7663,2945927.586
2024/02/14 04:22:00.00,461328.6033,5634434.77,2945927.5873
2024/02/14 04:22:01.00,461328.6032,5634434.7675,2945927.5869
2024/02/14 04:22:02.00,461328.6032,5634434.767,2945927.5868
2024/02/14 04:22:03.00,461328.6036,5634434.7731,2945927.5885
2024/02/14 04:22:04.00,461328.6027,5634434.7727,2945927.5892
2024/02/14 04:22:05.00,461328.6036,5634434.7719,2945927.5885
2024/02/14 04:22:06.00,461328.6031,5634434.7706,2945927.5856
2024/02/14 04:22:07.00,461328.6028,5634434.7714,2945927.5869
2024/02/14 04:22:08.00,461328.6034,5634434.7696,2945927.5861
2024/02/14 04:22:09.00,461328.6024,5634434.7701,2945927.5861
2024/02/14 04:22:10.00,461328.6028,5634434.7735,2945927.5876
2024/02/14 04:22:11.00,461328.6024,5634434.7679,2945927.5851
2024/02/14 04:22:12.00,461328.6022,5634434.7706,2945927.5862
2024/02/14 04:22:13.00,461328.6021,5634434.7741,2945927.5873
2024/02/14 04:22:14.00,461328.6011,5634434.7697,2945927.5865
2024/02/14 04:22:15.00,461328.6026,5634434.7727,2945927.5868
2024/02/14 04:22:16.00,461328.602,5634434.773,2945927.587
2024/02/14 04:22:17.00,461328.6021,5634434.7718,2945927.5873
2024/02/14 04:22:18.00,461328.6027,5634434.7767,2945927.5893
2024/02/14 04:22:19.00,461328.6026,5634434.7753,2945927.5893
2024/02/14 04:22:20.00,461328.6031,5634434.7733,2945927.5873
2024/02/14 04:22:21.00,461328.602,5634434.7767,2945927.5907
2024/02/14 04:22:22.00,461329.7368,5634437.2961,2945930.4905
2024/02/14 04:22:23.00,461328.6019,5634434.7768,2945927.5885
2024/02/14 04:22:24.00,461328.6003,5634434.776,2945927.59
2024/02/14 04:22:25.00,461328.6023,5634434.7782,2945927.5888
2024/02/14 04:22:26.00,461328.6029,5634434.7764,2945927.5902
2024/02/14 04:22:27.00,461328.6019,5634434.7761,2945927.5895
2024/02/14 04:22:28.00,461328.6027,5634434.7773,2945927.5914
2024/02/14 04:22:29.00,461328.6031,5634434.7785,2945927.5907
2024/02/14 04:22:30.00,461328.601,5634434.7779,2945927.5893
2024/02/14 04:22:31.00,461328.6021,5634434.7807,2945927.59
2024/02/14 04:22:32.00,461328.6025,5634434.7801,2945927.5914
2024/02/14 04:22:33.00,461328.6016,5634434.7783,2945927.5907
2024/02/14 04:22:34.00,461328.6018,5634434.781,2945927.5898
2024/02/14 04:22:35.00,461328.6014,5634434.7819,2945927.5903
2024/02/14 04:22:36.00,461328.6027,5634434.779,2945927.5919
2024/02/14 04:22:37.00,461328.7769,5634434.335,2945927.5334
2024/02/14 04:22:38.00,461329.8116,5634436.9736,2945930.067
2024/02/14 04:22:39.00,461329.8117,5634436.9729,2945930.0668
2024/02/14 04:22:40.00,461329.8107,5634436.975,2945930.0676
2024/02/14 04:22:41.00,461329.8108,5634436.9746,2945930.0671
2024/02/14 04:22:42.00,461328.7759,5634434.3332,2945927.5338
2024/02/14 04:22:43.00,461328.7762,5634434.3377,2945927.5351
2024/02/14 04:22:44.00,461328.7758,5634434.3314,2945927.5338
2024/02/14 04:22:45.00,461328.7749,5634434.3312,2945927.5327
2024/02/14 04:22:46.00,461328.5999,5634434.7849,2945927.5936
2024/02/14 04:22:47.00,461328.7743,5634434.3362,2945927.5347
2024/02/14 04:22:48.00,461329.8106,5634436.9757,2945930.0678
2024/02/14 04:22:49.00,461329.8101,5634436.9732,2945930.0681
2024/02/14 04:22:50.00,461328.7749,5634434.3385,2945927.5349
2024/02/14 04:22:51.00,461328.7736,5634434.3362,2945927.5349
2024/02/14 04:22:52.00,461331.1154,5634430.8407,2945930.4291
2024/02/14 04:22:53.00,461331.1152,5634430.835,2945930.4269
2024/02/14 04:22:54.00,461328.7739,5634434.3388,2945927.5352
2024/02/14 04:22:55.00,461328.7737,5634434.338,2945927.5361
2024/02/14 04:22:56.00,461328.7718,5634434.3402,2945927.5363
2024/02/14 04:22:57.00,461329.8092,5634436.977,2945930.0682
2024/02/14 04:22:58.00,461329.8085,5634436.9776,2945930.0678
2024/02/14 04:22:59.00,461329.8085,5634436.9759,2945930.07
2024/02/14 04:23:00.00,461329.8088,5634436.9736,2945930.0664
2024/02/14 04:23:01.00,461328.7716,5634434.3417,2945927.5372
2024/02/14 04:23:02.00,461328.7726,5634434.3431,2945927.5356
2024/02/14 04:23:03.00,461328.7723,5634434.3438,2945927.5386
2024/02/14 04:23:04.00,461328.771,5634434.3406,2945927.5367
2024/02/14 04:23:05.00,461328.7709,5634434.3419,2945927.5364
2024/02/14 04:23:06.00,461328.7702,5634434.3423,2945927.5368
2024/02/14 04:23:07.00,461329.8086,5634436.9789,2945930.0693
2024/02/14 04:23:08.00,461329.809,5634436.9785,2945930.0687
2024/02/14 04:23:09.00,461328.7705,5634434.3447,2945927.5365
2024/02/14 04:23:10.00,461328.7702,5634434.3478,2945927.5392
2024/02/14 04:23:11.00,461328.7708,5634434.3468,2945927.5395
2024/02/14 04:23:12.00,461328.7696,5634434.3466,2945927.5381
2024/02/14 04:23:13.00,461328.7704,5634434.3439,2945927.5383
2024/02/14 04:23:14.00,461328.7696,5634434.3469,2945927.5387
2024/02/14 04:23:15.00,461328.7694,5634434.3454,2945927.5386
2024/02/14 04:23:16.00,461328.7692,5634434.3468,2945927.5388
2024/02/14 04:23:17.00,461329.9876,5634436.6248,2945930.2081
2024/02/14 04:23:18.00,461328.7693,5634434.348,2945927.5397
2024/02/14 04:23:19.00,461329.8075,5634436.9782,2945930.0687
2024/02/14 04:23:20.00,461329.8067,5634436.9769,2945930.0676
2024/02/14 04:23:21.00,461329.8057,5634436.9759,2945930.0671
2024/02/14 04:23:22.00,461329.8067,5634436.9757,2945930.0696
2024/02/14 04:23:23.00,461329.8074,5634436.9801,2945930.0708
2024/02/14 04:23:24.00,461329.8069,5634436.9772,2945930.0688
2024/02/14 04:23:25.00,461329.807,5634436.9783,2945930.0687
2024/02/14 04:23:26.00,461329.8076,5634436.977,2945930.0681
2024/02/14 04:23:27.00,461329.8063,5634436.9768,2945930.0684
2024/02/14 04:23:28.00,461329.8067,5634436.9786,2945930.0696
2024/02/14 04:23:29.00,461329.806,5634436.9747,2945930.0676
2024/02/14 04:23:30.00,461329.807,5634436.9834,2945930.0715
2024/02/14 04:23:31.00,461329.8068,5634436.9813,2945930.0692
2024/02/14 04:23:32.00,461329.8064,5634436.9787,2945930.0715
2024/02/14 04:23:33.00,461329.806,5634436.9772,2945930.0695
2024/02/14 04:23:34.00,461329.8058,5634436.9812,2945930.0712
2024/02/14 04:23:35.00,461329.8056,5634436.9786,2945930.0702
2024/02/14 04:23:36.00,461329.8051,5634436.981,2945930.0717
2024/02/14 04:23:37.00,461329.806,5634436.9832,2945930.0714
2024/02/14 04:23:38.00,461329.8063,5634436.9801,2945930.0716
2024/02/14 04:23:39.00,461331.1086,5634430.8037,2945930.4261
2024/02/14 04:23:40.00,461331.1071,5634430.7992,2945930.4248
2024/02/14 04:23:41.00,461329.8052,5634436.9795,2945930.0709
2024/02/14 04:23:42.00,461329.9842,5634436.6256,2945930.1877
2024/02/14 04:23:43.00,461329.8065,5634436.9829,2945930.0731
2024/02/14 04:23:44.00,461329.8048,5634436.9837,2945930.0723
2024/02/14 04:23:45.00,461329.8061,5634436.9792,2945930.0714
2024/02/14 04:23:46.00,461328.917,5634435.8502,2945929.8498
2024/02/14 04:23:47.00,461329.8065,5634436.9808,2945930.0725
2024/02/14 04:23:48.00,461329.8063,5634436.9803,2945930.0718
2024/02/14 04:23:49.00,461329.8068,5634436.9806,2945930.0712
2024/02/14 04:23:50.00,461329.8061,5634436.9815,2945930.0724
2024/02/14 04:23:51.00,461329.8066,5634436.983,2945930.0729
2024/02/14 04:23:52.00,461329.8061,5634436.9841,2945930.0731
2024/02/14 04:23:53.00,461329.8064,5634436.9826,2945930.0734
2024/02/14 04:23:54.00,461329.8068,5634436.9841,2945930.0733
2024/02/14 04:23:55.00,461329.8053,5634436.9839,2945930.0724
2024/02/14 04:23:56.00,461329.807,5634436.9844,2945930.073
2024/02/14 04:23:57.00,461329.8064,5634436.9841,2945930.0719
2024/02/14 04:23:58.00,461328.9178,5634435.8484,2945929.8495
2024/02/14 04:23:59.00,461328.9177,5634435.8505,2945929.8497
2024/02/14 04:24:00.00,461329.807,5634436.9833,2945930.0713
2024/02/14 04:24:01.00,461331.1073,5634430.7831,2945930.4213
2024/02/14 04:24:02.00,461331.1058,5634430.7818,2945930.4232
2024/02/14 04:24:03.00,461331.1065,5634430.7819,2945930.4207
2024/02/14 04:24:04.00,461331.1068,5634430.7813,2945930.4208
2024/02/14 04:24:05.00,461329.8069,5634436.9852,2945930.0723
2024/02/14 04:24:06.00,461328.9169,5634435.848,2945929.8496
2024/02/14 04:24:07.00,461331.1065,5634430.7796,2945930.4222
2024/02/14 04:24:08.00,461331.1064,5634430.7798,2945930.4203
2024/02/14 04:24:09.00,461329.8061,5634436.9895,2945930.0735
2024/02/14 04:24:10.00,461328.9179,5634435.8496,2945929.8504
2024/02/14 04:24:11.00,461331.1072,5634430.7804,2945930.4222
2024/02/14 04:24:12.00,461328.9177,5634435.8516,2945929.8504
2024/02/14 04:24:13.00,461328.9179,5634435.8512,2945929.8507
2024/02/14 04:24:14.00,461331.1062,5634430.7729,2945930.4211
2024/02/14 04:24:15.00,461328.9172,5634435.8492,2945929.8495
2024/02/14 04:24:16.00,461328.9184,5634435.8502,2945929.8483
2024/02/14 04:24:17.00,461328.9184,5634435.8491,2945929.8494
2024/02/14 04:24:18.00,461328.9169,5634435.8478,2945929.8501
2024/02/14 04:24:19.00,461328.9171,5634435.8485,2945929.8494
2024/02/14 04:24:20.00,461328.918,5634435.8472,2945929.8489
2024/02/14 04:24:21.00,461328.917,5634435.8487,2945929.8489
2024/02/14 04:24:22.00,461328.9178,5634435.8479,2945929.8477
2024/02/14 04:24:23.00,461328.9183,5634435.8475,2945929.8501
2024/02/14 04:24:24.00,461328.9173,5634435.846,2945929.847
2024/02/14 04:24:25.00,461328.9177,5634435.846,2945929.8491
2024/02/14 04:24:26.00,461328.9187,5634435.8503,2945929.8504
2024/02/14 04:24:27.00,461328.9178,5634435.8504,2945929.8504
2024/02/14 04:24:28.00,461328.9174,5634435.8454,2945929.8494
2024/02/14 04:24:29.00,461328.9176,5634435.848,2945929.8482
2024/02/14 04:24:30.00,461328.9192,5634435.8501,2945929.8505
2024/02/14 04:24:31.00,461328.918,5634435.8513,2945929.8504
2024/02/14 04:24:32.00,461329.8076,5634436.9873,2945930.0724
2024/02/14 04:24:33.00,461328.9197,5634435.8485,2945929.8513
2024/02/14 04:24:34.00,461328.918,5634435.8516,2945929.8505
2024/02/14 04:24:35.00,461328.918,5634435.8504,2945929.8497
2024/02/14 04:24:36.00,461328.9184,5634435.852,2945929.8509
2024/02/14 04:24:37.00,461328.9183,5634435.8504,2945929.8495
2024/02/14 04:24:38.00,461328.9208,5634435.85,2945929.8508
2024/02/14 04:24:39.00,461328.9188,5634435.8503,2945929.8517
2024/02/14 04:24:40.00,461328.9184,5634435.8504,2945929.8497
2024/02/14 04:24:41.00,461328.9176,5634435.8476,2945929.849
2024/02/14 04:24:42.00,461328.9177,5634435.8488,2945929.8491
2024/02/14 04:24:43.00,461328.9178,5634435.8444,2945929.8476
2024/02/14 04:24:44.00,461328.9182,5634435.8503,2945929.8491
2024/02/14 04:24:45.00,461328.9184,5634435.8505,2945929.851
2024/02/14 04:24:46.00,461328.9177,5634435.8484,2945929.8494
2024/02/14 04:24:47.00,461328.918,5634435.8484,2945929.8486
2024/02/14 04:24:48.00,461328.918,5634435.8459,2945929.8481
2024/02/14 04:24:49.00,461329.8062,5634436.9886,2945930.0707
2024/02/14 04:24:50.00,461328.917,5634435.849,2945929.8492
2024/02/14 04:24:51.00,461328.9167,5634435.8485,2945929.8478
2024/02/14 04:24:52.00,461328.9153,5634435.8483,2945929.8475
2024/02/14 04:24:53.00,461329.8057,5634436.9878,2945930.0698
2024/02/14 04:24:54.00,461328.7898,5634434.4412,2945927.6183
2024/02/14 04:24:55.00,461328.9162,5634435.8466,2945929.8479
2024/02/14 04:24:56.00,461328.7878,5634434.4413,2945927.6173
2024/02/14 04:24:57.00,461328.9164,5634435.8509,2945929.8484
2024/02/14 04:24:58.00,461328.9164,5634435.8508,2945929.8498
2024/02/14 04:24:59.00,461328.9163,5634435.8518,2945929.8487
2024/02/14 04:25:00.00,461328.7893,5634434.4449,2945927.6189
2024/02/14 04:25:01.00,461329.8061,5634436.9894,2945930.0696
2024/02/14 04:25:02.00,461328.9159,5634435.8497,2945929.8505
2024/02/14 04:25:03.00,461328.9151,5634435.8496,2945929.8501
2024/02/14 04:25:04.00,461328.9164,5634435.8518,2945929.8514
2024/02/14 04:25:05.00,461328.9159,5634435.8463,2945929.8494
2024/02/14 04:25:06.00,461328.9156,5634435.8461,2945929.8481
2024/02/14 04:25:07.00,461328.9163,5634435.8477,2945929.8491
2024/02/14 04:25:08.00,461328.9166,5634435.8487,2945929.85
2024/02/14 04:25:09.00,461328.7879,5634434.4475,2945927.6207
2024/02/14 04:25:10.00,461328.7882,5634434.4488,2945927.6229
2024/02/14 04:25:11.00,461328.7892,5634434.4459,2945927.6211
2024/02/14 04:25:12.00,461328.7886,5634434.445,2945927.62
2024/02/14 04:25:13.00,461328.7884,5634434.4515,2945927.6242
2024/02/14 04:25:14.00,461328.7873,5634434.4501,2945927.6229
2024/02/14 04:25:15.00,461328.7876,5634434.4492,2945927.6212
2024/02/14 04:25:16.00,461328.7877,5634434.4492,2945927.6229
2024/02/14 04:25:17.00,461328.788,5634434.4478,2945927.624
2024/02/14 04:25:18.00,461328.7876,5634434.4481,2945927.6223
2024/02/14 04:25:19.00,461328.7876,5634434.4511,2945927.6212
2024/02/14 04:25:20.00,461328.7881,5634434.4538,2945927.6263
2024/02/14 04:25:21.00,461328.787,5634434.4509,2945927.6236
2024/02/14 04:25:22.00,461328.7865,5634434.4516,2945927.6231
2024/02/14 04:25:23.00,461328.7873,5634434.4498,2945927.6231
2024/02/14 04:25:24.00,461328.7861,5634434.4499,2945927.6222
2024/02/14 04:25:25.00,461328.7867,5634434.4529,2945927.6238
2024/02/14 04:25:26.00,461328.7869,5634434.4544,2945927.624
2024/02/14 04:25:27.00,461328.787,5634434.4525,2945927.6239
2024/02/14 04:25:28.00,461328.7864,5634434.4515,2945927.6212
2024/02/14 04:25:29.00,461328.7873,5634434.4559,2945927.6236
2024/02/14 04:25:30.00,461328.7863,5634434.4548,2945927.6234
2024/02/14 04:25:31.00,461328.7866,5634434.4566,2945927.6218
2024/02/14 04:25:32.00,461328.7866,5634434.4561,2945927.6225
2024/02/14 04:25:33.00,461328.7861,5634434.4577,2945927.6242
2024/02/14 04:25:34.00,461328.7853,5634434.4578,2945927.6221
2024/02/14 04:25:35.00,461328.7856,5634434.4563,2945927.6236
2024/02/14 04:25:36.00,461328.7848,5634434.4569,2945927.6213
2024/02/14 04:25:37.00,461328.7857,5634434.4553,2945927.6218
2024/02/14 04:25:38.00,461328.7843,5634434.4546,2945927.6229
2024/02/14 04:25:39.00,461328.7855,5634434.4581,2945927.6236
2024/02/14 04:25:40.00,461328.7853,5634434.4574,2945927.6224
2024/02/14 04:25:41.00,461328.7851,5634434.4578,2945927.6221
2024/02/14 04:25:42.00,461328.7847,5634434.4588,2945927.6234
2024/02/14 04:25:43.00,461328.7841,5634434.4581,2945927.6225
2024/02/14 04:25:44.00,461328.7843,5634434.4565,2945927.6222
2024/02/14 04:25:45.00,461328.7839,5634434.4603,2945927.6243
2024/02/14 04:25:46.00,461328.7838,5634434.4585,2945927.6218
2024/02/14 04:25:47.00,461328.7854,5634434.4635,2945927.6236
2024/02/14 04:25:48.00,461328.7844,5634434.4579,2945927.6231
2024/02/14 04:25:49.00,461328.785,5634434.4625,2945927.6225
2024/02/14 04:25:50.00,461328.7846,5634434.461,2945927.6225
2024/02/14 04:25:51.00,461328.7839,5634434.4597,2945927.6218
2024/02/14 04:25:52.00,461328.7841,5634434.4614,2945927.6221
2024/02/14 04:25:53.00,461328.7839,5634434.4652,2945927.623
2024/02/14 04:25:54.00,461328.7839,5634434.4593,2945927.6218
2024/02/14 04:25:55.00,461328.7833,5634434.4594,2945927.6213
2024/02/14 04:25:56.00,461328.7836,5634434.4609,2945927.6216
2024/02/14 04:25:57.00,461328.7844,5634434.4643,2945927.6233
2024/02/14 04:25:58.00,461328.7835,5634434.4621,2945927.6229
2024/02/14 04:25:59.00,461328.7843,5634434.464,2945927.6222
2024/02/14 04:26:00.00,461328.7843,5634434.4669,2945927.6248
2024/02/14 04:26:01.00,461328.7857,5634434.4622,2945927.6219
2024/02/14 04:26:02.00,461328.7835,5634434.4626,2945927.6221
2024/02/14 04:26:03.00,461328.3764,5634437.4723,2945931.9516
2024/02/14 04:26:04.00,461328.7845,5634434.4635,2945927.6226
2024/02/14 04:26:05.00,461328.7827,5634434.4655,2945927.6212
2024/02/14 04:26:06.00,461329.736,5634437.3047,2945930.4895
2024/02/14 04:26:07.00,461329.737,5634437.3086,2945930.491
2024/02/14 04:26:08.00,461329.5266,5634441.1525,2945930.1707
2024/02/14 04:26:09.00,461328.7827,5634434.4665,2945927.6242
2024/02/14 04:26:10.00,461329.736,5634437.3065,2945930.4907
2024/02/14 04:26:11.00,461328.7834,5634434.4677,2945927.6242
2024/02/14 04:26:12.00,461328.7831,5634434.4708,2945927.6244
2024/02/14 04:26:13.00,461328.7837,5634434.4676,2945927.6236
2024/02/14 04:26:14.00,461328.7846,5634434.4721,2945927.625
2024/02/14 04:26:15.00,461328.7839,5634434.4673,2945927.6236
2024/02/14 04:26:16.00,461328.7834,5634434.4688,2945927.6239
2024/02/14 04:26:17.00,461328.7836,5634434.4722,2945927.6257
2024/02/14 04:26:18.00,461328.7848,5634434.47,2945927.624
2024/02/14 04:26:19.00,461328.3769,5634437.4669,2945931.9503
2024/02/14 04:26:20.00,461328.7826,5634434.4702,2945927.6276
2024/02/14 04:26:21.00,461328.7821,5634434.4707,2945927.6254
2024/02/14 04:26:22.00,461328.7821,5634434.4729,2945927.6244
2024/02/14 04:26:23.00,461328.7819,5634434.4716,2945927.626
2024/02/14 04:26:24.00,461328.7831,5634434.4738,2945927.6257
2024/02/14 04:26:25.00,461328.7831,5634434.4729,2945927.627
2024/02/14 04:26:26.00,461328.7824,5634434.4772,2945927.6267
2024/02/14 04:26:27.00,461328.7832,5634434.4755,2945927.6265
2024/02/14 04:26:28.00,461328.7827,5634434.4774,2945927.6264
2024/02/14 04:26:29.00,461328.7829,5634434.4746,2945927.6255
2024/02/14 04:26:30.00,461328.7826,5634434.4788,2945927.6274
2024/02/14 04:26:31.00,461328.782,5634434.4777,2945927.6286
2024/02/14 04:26:32.00,461328.7818,5634434.4809,2945927.626
2024/02/14 04:26:33.00,461328.7819,5634434.4786,2945927.6261
2024/02/14 04:26:34.00,461328.781,5634434.4819,2945927.6278
2024/02/14 04:26:35.00,461328.7804,5634434.4786,2945927.6256
2024/02/14 04:26:36.00,461328.7815,5634434.4815,2945927.6262
2024/02/14 04:26:37.00,461328.7805,5634434.481,2945927.6271
2024/02/14 04:26:38.00,461328.7806,5634434.4818,2945927.6272
2024/02/14 04:26:39.00,461328.7807,5634434.4802,2945927.6297
2024/02/14 04:26:40.00,461328.7807,5634434.4834,2945927.6296
2024/02/14 04:26:41.00,461328.7792,5634434.4817,2945927.6273
2024/02/14 04:26:42.00,461328.7809,5634434.4843,2945927.6278
2024/02/14 04:26:43.00,461328.7802,5634434.4849,2945927.6307
2024/02/14 04:26:44.00,461328.7815,5634434.4834,2945927.6273
2024/02/14 04:26:45.00,461328.781,5634434.4863,2945927.6294
2024/02/14 04:26:46.00,461328.7798,5634434.4825,2945927.6284
2024/02/14 04:26:47.00,461328.7794,5634434.4816,2945927.6283
2024/02/14 04:26:48.00,461328.7792,5634434.4841,2945927.6272
2024/02/14 04:26:49.00,461328.7802,5634434.4858,2945927.6291
2024/02/14 04:26:50.00,461330.0061,5634436.6147,2945930.179
2024/02/14 04:26:51.00,461331.1662,5634433.3183,2945929.533
2024/02/14 04:26:52.00,461330.0066,5634436.6129,2945930.1796
2024/02/14 04:26:53.00,461331.1655,5634433.3187,2945929.5326
2024/02/14 04:26:54.00,461331.1637,5634433.3169,2945929.5313
2024/02/14 04:26:55.00,461331.1638,5634433.3146,2945929.5332
2024/02/14 04:26:56.00,461331.163,5634433.3128,2945929.5312
2024/02/14 04:26:57.00,461331.1646,5634433.3158,2945929.5319
2024/02/14 04:26:58.00,461330.0051,5634436.6123,2945930.181
2024/02/14 04:26:59.00,461331.1639,5634433.3132,2945929.5319
2024/02/14 04:27:00.00,461331.1625,5634433.3086,2945929.53
2024/02/14 04:27:01.00,461328.6349,5634434.9128,2945927.6398
2024/02/14 04:27:02.00,461331.1633,5634433.3106,2945929.5304
2024/02/14 04:27:03.00,461328.6364,5634434.9176,2945927.6401
2024/02/14 04:27:04.00,461328.6355,5634434.917,2945927.6392
2024/02/14 04:27:05.00,461328.6342,5634434.9176,2945927.6397
2024/02/14 04:27:06.00,461328.635,5634434.9168,2945927.6395
2024/02/14 04:27:07.00,461328.6335,5634434.9139,2945927.639
2024/02/14 04:27:08.00,461328.6332,5634434.9134,2945927.6406
2024/02/14 04:27:09.00,461328.6337,5634434.9126,2945927.639
2024/02/14 04:27:10.00,461328.6342,5634434.9185,2945927.643
2024/02/14 04:27:11.00,461328.6335,5634434.9174,2945927.6403
2024/02/14 04:27:12.00,461328.6335,5634434.9161,2945927.6406
2024/02/14 04:27:13.00,461328.634,5634434.921,2945927.6418
2024/02/14 04:27:14.00,461328.633,5634434.9194,2945927.6422
2024/02/14 04:27:15.00,461328.6326,5634434.9183,2945927.6441
2024/02/14 04:27:16.00,461328.6333,5634434.9179,2945927.6417
2024/02/14 04:27:17.00,461328.6334,5634434.919,2945927.6424
2024/02/14 04:27:18.00,461328.633,5634434.9207,2945927.6409
2024/02/14 04:27:19.00,461328.6345,5634434.922,2945927.6429
2024/02/14 04:27:20.00,461328.6325,5634434.9165,2945927.6431
2024/02/14 04:27:21.00,461328.6338,5634434.9206,2945927.6421
2024/02/14 04:27:22.00,461328.6325,5634434.9252,2945927.6451
2024/02/14 04:27:23.00,461328.6331,5634434.9237,2945927.6453
2024/02/14 04:27:24.00,461328.6317,5634434.9215,2945927.6446
2024/02/14 04:27:25.00,461328.6313,5634434.922,2945927.6449
2024/02/14 04:27:26.00,461328.6317,5634434.9267,2945927.6459
2024/02/14 04:27:27.00,461328.6314,5634434.9261,2945927.6455
2024/02/14 04:27:28.00,461328.6321,5634434.9274,2945927.6457
2024/02/14 04:27:29.00,461328.6318,5634434.9266,2945927.645
2024/02/14 04:27:30.00,461328.6319,5634434.9236,2945927.6443
2024/02/14 04:27:31.00,461328.6308,5634434.9218,2945927.6437
2024/02/14 04:27:32.00,461328.6316,5634434.9279,2945927.6453
2024/02/14 04:27:33.00,461328.6325,5634434.9274,2945927.6442
2024/02/14 04:27:34.00,461328.6307,5634434.9294,2945927.6437
2024/02/14 04:27:35.00,461328.6303,5634434.9293,2945927.6456
2024/02/14 04:27:36.00,461328.6542,5634435.0211,2945927.6886
2024/02/14 04:27:37.00,461328.6305,5634434.9273,2945927.6448
2024/02/14 04:27:38.00,461328.6322,5634434.9332,2945927.644
2024/02/14 04:27:39.00,461328.654,5634435.0208,2945927.6888
2024/02/14 04:27:40.00,461328.6315,5634434.9297,2945927.6447
2024/02/14 04:27:41.00,461328.6313,5634434.9294,2945927.646
2024/02/14 04:27:42.00,461328.6314,5634434.9284,2945927.6455
2024/02/14 04:27:43.00,461328.6318,5634434.9348,2945927.6445
2024/02/14 04:27:44.00,461328.6537,5634435.027,2945927.6897
2024/02/14 04:27:45.00,461328.6299,5634434.9295,2945927.6434
2024/02/14 04:27:46.00,461328.631,5634434.9321,2945927.6455
2024/02/14 04:27:47.00,461328.6315,5634434.9339,2945927.6452
2024/02/14 04:27:48.00,461328.6301,5634434.9303,2945927.6451
2024/02/14 04:27:49.00,461328.6302,5634434.9305,2945927.6469
2024/02/14 04:27:50.00,461328.8604,5634436.0392,2945929.8402
2024/02/14 04:27:51.00,461328.6309,5634434.9352,2945927.6464
2024/02/14 04:27:52.00,461328.6541,5634435.0245,2945927.6896
2024/02/14 04:27:53.00,461328.6538,5634435.0288,2945927.6895
2024/02/14 04:27:54.00,461328.8599,5634436.038,2945929.8374
2024/02/14 04:27:55.00,461328.6541,5634435.0247,2945927.689
2024/02/14 04:27:56.00,461328.6536,5634435.0257,2945927.6879
2024/02/14 04:27:57.00,461328.6523,5634435.0249,2945927.688
2024/02/14 04:27:58.00,461328.6519,5634435.028,2945927.6892
2024/02/14 04:27:59.00,461328.6506,5634435.0277,2945927.6896
2024/02/14 04:28:00.00,461328.6509,5634435.0238,2945927.6871
2024/02/14 04:28:01.00,461328.6516,5634435.0266,2945927.6875
2024/02/14 04:28:02.00,461328.6282,5634434.9405,2945927.6444
2024/02/14 04:28:03.00,461328.8596,5634436.0368,2945929.8376
2024/02/14 04:28:04.00,461328.6515,5634435.0289,2945927.6866
2024/02/14 04:28:05.00,461328.8589,5634436.0357,2945929.8359
2024/02/14 04:28:06.00,461328.8604,5634436.0389,2945929.8364
2024/02/14 04:28:07.00,461328.6515,5634435.0332,2945927.6892
2024/02/14 04:28:08.00,461328.8594,5634436.0376,2945929.8381
2024/02/14 04:28:09.00,461328.6508,5634435.0292,2945927.6866
2024/02/14 04:28:10.00,461328.6508,5634435.0289,2945927.6871
2024/02/14 04:28:11.00,461328.8602,5634436.0371,2945929.8364
2024/02/14 04:28:12.00,461328.6515,5634435.03,2945927.6872
2024/02/14 04:28:13.00,461328.8587,5634436.0351,2945929.8375
2024/02/14 04:28:14.00,461328.8595,5634436.0334,2945929.8361
2024/02/14 04:28:15.00,461328.86,5634436.0318,2945929.836
2024/02/14 04:28:16.00,461328.86,5634436.0341,2945929.8368
2024/02/14 04:28:17.00,461328.8588,5634436.0323,2945929.835
2024/02/14 04:28:18.00,461328.6513,5634435.03,2945927.6884
2024/02/14 04:28:19.00,461328.6509,5634435.0307,2945927.6886
2024/02/14 04:28:20.00,461328.8604,5634436.0326,2945929.8354
2024/02/14 04:28:21.00,461328.8595,5634436.0344,2945929.8363
2024/02/14 04:28:22.00,461328.6494,5634435.035,2945927.6882
2024/02/14 04:28:23.00,461328.8596,5634436.0312,2945929.8371
2024/02/14 04:28:24.00,461328.8588,5634436.0293,2945929.8336
2024/02/14 04:28:25.00,461328.859,5634436.0317,2945929.8356
2024/02/14 04:28:26.00,461328.859,5634436.0331,2945929.8371
2024/02/14 04:28:27.00,461328.8593,5634436.0307,2945929.8363
2024/02/14 04:28:28.00,461328.8586,5634436.0293,2945929.8369
2024/02/14 04:28:29.00,461328.8598,5634436.0323,2945929.8353
2024/02/14 04:28:30.00,461328.8585,5634436.0268,2945929.8359
2024/02/14 04:28:31.00,461328.8587,5634436.0298,2945929.8345
2024/02/14 04:28:32.00,461328.859,5634436.0288,2945929.836
2024/02/14 04:28:33.00,461328.8587,5634436.0268,2945929.8355
2024/02/14 04:28:34.00,461328.8591,5634436.0301,2945929.8363
2024/02/14 04:28:35.00,461328.8601,5634436.0307,2945929.838
2024/02/14 04:28:36.00,461328.8596,5634436.0326,2945929.8389
2024/02/14 04:28:37.00,461328.8589,5634436.0349,2945929.8382
2024/02/14 04:28:38.00,461328.8593,5634436.0341,2945929.8362
2024/02/14 04:28:39.00,461328.8595,5634436.0302,2945929.8354
2024/02/14 04:28:40.00,461328.8587,5634436.0304,2945929.8368
2024/02/14 04:28:41.00,461328.8592,5634436.033,2945929.8386
2024/02/14 04:28:42.00,461328.8589,5634436.0332,2945929.8354
2024/02/14 04:28:43.00,461328.86,5634436.0335,2945929.8381
2024/02/14 04:28:44.00,461328.8585,5634436.0337,2945929.8377
2024/02/14 04:28:45.00,461328.8596,5634436.0332,2945929.8375
2024/02/14 04:28:46.00,461328.8583,5634436.03,2945929.8382
2024/02/14 04:28:47.00,461328.8586,5634436.0321,2945929.8376
2024/02/14 04:28:48.00,461328.8579,5634436.0336,2945929.8376
2024/02/14 04:28:49.00,461328.8601,5634436.0359,2945929.8382
2024/02/14 04:28:50.00,461328.8591,5634436.0321,2945929.8379
2024/02/14 04:28:51.00,461328.8578,5634436.0353,2945929.8379
2024/02/14 04:28:52.00,461328.8579,5634436.0329,2945929.839
2024/02/14 04:28:53.00,461328.8595,5634436.0334,2945929.8389
2024/02/14 04:28:54.00,461328.8598,5634436.032,2945929.8379
2024/02/14 04:28:55.00,461328.859,5634436.0364,2945929.84
2024/02/14 04:28:56.00,461328.8591,5634436.0337,2945929.8395
2024/02/14 04:28:57.00,461328.8597,5634436.035,2945929.8396
2024/02/14 04:28:58.00,461328.8587,5634436.0334,2945929.8383
2024/02/14 04:28:59.00,461328.8589,5634436.0357,2945929.8413
2024/02/14 04:29:00.00,461328.8583,5634436.0327,2945929.8413
2024/02/14 04:29:01.00,461328.8588,5634436.0357,2945929.8404
2024/02/14 04:29:02.00,461328.8587,5634436.032,2945929.8381
2024/02/14 04:29:03.00,461328.8593,5634436.0294,2945929.8395
2024/02/14 04:29:04.00,461328.8576,5634436.0316,2945929.8395
2024/02/14 04:29:05.00,461328.8592,5634436.0346,2945929.8403
2024/02/14 04:29:06.00,461328.8589,5634436.0335,2945929.841
2024/02/14 04:29:07.00,461328.8572,5634436.0301,2945929.8387
2024/02/14 04:29:08.00,461328.8585,5634436.0315,2945929.8415
2024/02/14 04:29:09.00,461328.8588,5634436.0323,2945929.8409
2024/02/14 04:29:10.00,461328.8575,5634436.0298,2945929.8391
2024/02/14 04:29:11.00,461328.8563,5634436.034,2945929.8412
2024/02/14 04:29:12.00,461328.8569,5634436.0292,2945929.8399
2024/02/14 04:29:13.00,461328.8578,5634436.0311,2945929.8403
2024/02/14 04:29:14.00,461328.8573,5634436.0277,2945929.839
2024/02/14 04:29:15.00,461328.8571,5634436.0287,2945929.8388
2024/02/14 04:29:16.00,461328.857,5634436.029,2945929.8417
2024/02/14 04:29:17.00,461328.857,5634436.0296,2945929.84
2024/02/14 04:29:18.00,461328.8581,5634436.0293,2945929.8411
2024/02/14 04:29:19.00,461328.8575,5634436.0274,2945929.8393
2024/02/14 04:29:20.00,461328.8572,5634436.0293,2945929.8398
2024/02/14 04:29:21.00,461328.8579,5634436.029,2945929.8406
2024/02/14 04:29:22.00,461328.8572,5634436.03,2945929.8398
2024/02/14 04:29:23.00,461328.8572,5634436.0322,2945929.8425
2024/02/14 04:29:24.00,461328.8564,5634436.0287,2945929.8406
2024/02/14 04:29:25.00,461328.8561,5634436.0249,2945929.8382
2024/02/14 04:29:26.00,461328.8562,5634436.0282,2945929.8406
2024/02/14 04:29:27.00,461328.8571,5634436.0271,2945929.8417
2024/02/14 04:29:28.00,461328.857,5634436.0297,2945929.8398
2024/02/14 04:29:29.00,461328.8557,5634436.031,2945929.8393
2024/02/14 04:29:30.00,461328.8575,5634436.0281,2945929.8398
2024/02/14 04:29:31.00,461328.8549,5634436.0253,2945929.8391
2024/02/14 04:29:32.00,461328.8559,5634436.0287,2945929.8394
2024/02/14 04:29:33.00,461328.8558,5634436.029,2945929.8404
2024/02/14 04:29:34.00,461328.8556,5634436.0258,2945929.8395
2024/02/14 04:29:35.00,461328.8553,5634436.0298,2945929.8414
2024/02/14 04:29:36.00,461328.8558,5634436.0272,2945929.842
2024/02/14 04:29:37.00,461328.8543,5634436.0209,2945929.8392
2024/02/14 04:29:38.00,461328.8558,5634436.0261,2945929.8416
2024/02/14 04:29:39.00,461328.855,5634436.0276,2945929.8419
2024/02/14 04:29:40.00,461328.8554,5634436.0263,2945929.8409
2024/02/14 04:29:41.00,461328.8565,5634436.0267,2945929.8407
2024/02/14 04:29:42.00,461328.8552,5634436.0266,2945929.8407
2024/02/14 04:29:43.00,461328.8567,5634436.0265,2945929.8398
2024/02/14 04:29:44.00,461328.8559,5634436.0256,2945929.8412
2024/02/14 04:29:45.00,461328.8563,5634436.0245,2945929.8407
2024/02/14 04:29:46.00,461328.8554,5634436.0223,2945929.8392
2024/02/14 04:29:47.00,461328.8571,5634436.0254,2945929.8408
2024/02/14 04:29:48.00,461328.8554,5634436.0246,2945929.8401
2024/02/14 04:29:49.00,461328.8565,5634436.0259,2945929.8415
2024/02/14 04:29:50.00,461328.8563,5634436.0236,2945929.8399
2024/02/14 04:29:51.00,461328.8559,5634436.0255,2945929.8417
2024/02/14 04:29:52.00,461328.8559,5634436.021,2945929.8401
2024/02/14 04:29:53.00,461328.8558,5634436.0232,2945929.8404
2024/02/14 04:29:54.00,461328.8562,5634436.0229,2945929.8387
2024/02/14 04:29:55.00,461328.8559,5634436.022,2945929.8392
2024/02/14 04:29:56.00,461328.8556,5634436.0244,2945929.8405
2024/02/14 04:29:57.00,461328.8562,5634436.0214,2945929.8387
2024/02/14 04:29:58.00,461328.8551,5634436.0241,2945929.8423
2024/02/14 04:29:59.00,461328.8546,5634436.0209,2945929.8374
2024/02/14 04:30:00.00,461328.8563,5634436.0238,2945929.8391
2024/02/14 04:30:01.00,461328.8557,5634436.0198,2945929.8389
2024/02/14 04:30:02.00,461328.8548,5634436.0251,2945929.8413
2024/02/14 04:30:03.00,461328.8566,5634436.0272,2945929.8422
2024/02/14 04:30:04.00,461328.8545,5634436.0205,2945929.839
2024/02/14 04:30:05.00,461328.8563,5634436.022,2945929.8397
2024/02/14 04:30:06.00,461328.8558,5634436.0254,2945929.8411
2024/02/14 04:30:07.00,461328.8548,5634436.0228,2945929.8391
2024/02/14 04:30:08.00,461328.8557,5634436.0242,2945929.8411
2024/02/14 04:30:09.00,461328.8553,5634436.0186,2945929.84
2024/02/14 04:30:10.00,461328.8554,5634436.0216,2945929.8397
2024/02/14 04:30:11.00,461328.8564,5634436.0246,2945929.8408
2024/02/14 04:30:12.00,461328.856,5634436.025,2945929.8404
2024/02/14 04:30:13.00,461328.855,5634436.0232,2945929.8389
2024/02/14 04:30:14.00,461328.8555,5634436.0207,2945929.8395
2024/02/14 04:30:15.00,461328.8554,5634436.0208,2945929.8369
2024/02/14 04:30:16.00,461328.8545,5634436.0234,2945929.8399
2024/02/14 04:30:17.00,461328.8548,5634436.0219,2945929.8399
2024/02/14 04:30:18.00,461328.8546,5634436.0205,2945929.8384
2024/02/14 04:30:19.00,461328.8561,5634436.026,2945929.8422
2024/02/14 04:30:20.00,461328.8561,5634436.0246,2945929.8424
2024/02/14 04:30:21.00,461328.8557,5634436.0234,2945929.8402
2024/02/14 04:30:22.00,461328.8564,5634436.0221,2945929.8405
2024/02/14 04:30:23.00,461328.8557,5634436.0222,2945929.8398
2024/02/14 04:30:24.00,461328.8554,5634436.0195,2945929.8377
2024/02/14 04:30:25.00,461328.8565,5634436.0259,2945929.8419
2024/02/14 04:30:26.00,461328.8558,5634436.0201,2945929.8412
2024/02/14 04:30:27.00,461328.8574,5634436.0231,2945929.8423
2024/02/14 04:30:28.00,461328.8554,5634436.0238,2945929.8418
2024/02/14 04:30:29.00,461328.8558,5634436.022,2945929.8419
2024/02/14 04:30:30.00,461328.8551,5634436.0205,2945929.8418
2024/02/14 04:30:31.00,461328.8567,5634436.0231,2945929.8421
2024/02/14 04:30:32.00,461328.8565,5634436.0234,2945929.842
2024/02/14 04:30:33.00,461328.8574,5634436.0242,2945929.8425
2024/02/14 04:30:34.00,461328.8548,5634436.0218,2945929.8417
2024/02/14 04:30:35.00,461328.8558,5634436.0224,2945929.84
2024/02/14 04:30:36.00,461328.8567,5634436.0237,2945929.8442
2024/02/14 04:30:37.00,461328.8564,5634436.024,2945929.8421
2024/02/14 04:30:38.00,461328.8564,5634436.0218,2945929.8427
2024/02/14 04:30:39.00,461328.8572,5634436.0269,2945929.8435
2024/02/14 04:30:40.00,461328.8568,5634436.0242,2945929.8448
2024/02/14 04:30:41.00,461328.8554,5634436.0239,2945929.8434
2024/02/14 04:30:42.00,461328.856,5634436.0256,2945929.8427
2024/02/14 04:30:43.00,461328.8568,5634436.0234,2945929.8433
2024/02/14 04:30:44.00,461328.8546,5634436.0241,2945929.8445
2024/02/14 04:30:45.00,461328.8562,5634436.0228,2945929.842
2024/02/14 04:30:46.00,461328.8575,5634436.0257,2945929.8431
2024/02/14 04:30:47.00,461328.8573,5634436.0236,2945929.842
2024/02/14 04:30:48.00,461328.8574,5634436.025,2945929.8403
2024/02/14 04:30:49.00,461329.003,5634435.4581,2945929.7352
2024/02/14 04:30:50.00,461328.856,5634436.0224,2945929.8393
2024/02/14 04:30:51.00,461328.8571,5634436.0251,2945929.8407
2024/02/14 04:30:52.00,461329.0023,5634435.4605,2945929.7363
2024/02/14 04:30:53.00,461328.8567,5634436.0227,2945929.841
2024/02/14 04:30:54.00,461328.8569,5634436.0229,2945929.8416
2024/02/14 04:30:55.00,461328.8553,5634436.0251,2945929.8395
2024/02/14 04:30:56.00,461328.8564,5634436.0235,2945929.842
2024/02/14 04:30:57.00,461329.0029,5634435.4573,2945929.7357
2024/02/14 04:30:58.00,461329.1434,5634431.4431,2945931.4227
2024/02/14 04:30:59.00,461329.0018,5634435.4584,2945929.7367
2024/02/14 04:31:00.00,461329.1432,5634431.4395,2945931.4219
2024/02/14 04:31:01.00,461328.8571,5634436.0283,2945929.8409
2024/02/14 04:31:02.00,461329.0013,5634435.4552,2945929.7352
2024/02/14 04:31:03.00,461329.1434,5634431.4365,2945931.422
2024/02/14 04:31:04.00,461329.1442,5634431.4381,2945931.4224
2024/02/14 04:31:05.00,461329.0014,5634435.4564,2945929.7357
2024/02/14 04:31:06.00,461329.1439,5634431.4342,2945931.4209
2024/02/14 04:31:07.00,461329.144,5634431.4346,2945931.4221
2024/02/14 04:31:08.00,461329.1419,5634431.4318,2945931.421
2024/02/14 04:31:09.00,461329.0008,5634435.4563,2945929.7354
2024/02/14 04:31:10.00,461329.143,5634431.4283,2945931.4188
2024/02/14 04:31:11.00,461331.4082,5634435.8005,2945928.8691
2024/02/14 04:31:12.00,461329.0014,5634435.4587,2945929.7356
2024/02/14 04:31:13.00,461331.4079,5634435.8005,2945928.869
2024/02/14 04:31:14.00,461331.4088,5634435.8091,2945928.8731
2024/02/14 04:31:15.00,461331.4084,5634435.8044,2945928.87
2024/02/14 04:31:16.00,461329.0022,5634435.4608,2945929.7371
2024/02/14 04:31:17.00,461329.1432,5634431.4262,2945931.4208
2024/02/14 04:31:18.00,461329.143,5634431.4255,2945931.4212
2024/02/14 04:31:19.00,461329.143,5634431.4243,2945931.4213
2024/02/14 04:31:20.00,461329.1426,5634431.4193,2945931.4195
2024/02/14 04:31:21.00,461329.1441,5634431.4178,2945931.4205
2024/02/14 04:31:22.00,461329.1431,5634431.42,2945931.421
2024/02/14 04:31:23.00,461329.1432,5634431.4178,2945931.4202
2024/02/14 04:31:24.00,461329.8066,5634436.4676,2945930.5403
2024/02/14 04:31:25.00,461329.8074,5634436.4676,2945930.5397
2024/02/14 04:31:26.00,461329.808,5634436.4708,2945930.5411
2024/02/14 04:31:27.00,461329.8076,5634436.4653,2945930.5391
2024/02/14 04:31:28.00,461329.807,5634436.4672,2945930.54
2024/02/14 04:31:29.00,461329.8076,5634436.4664,2945930.5382
2024/02/14 04:31:30.00,461329.8071,5634436.4667,2945930.5392
2024/02/14 04:31:31.00,461329.8075,5634436.4639,2945930.5375
2024/02/14 04:31:32.00,461329.808,5634436.4636,2945930.5382
2024/02/14 04:31:33.00,461329.0021,5634435.4588,2945929.7392
2024/02/14 04:31:34.00,461329.8086,5634436.466,2945930.5396
2024/02/14 04:31:35.00,461329.8084,5634436.4663,2945930.5397
2024/02/14 04:31:36.00,461329.0029,5634435.4537,2945929.7367
2024/02/14 04:31:37.00,461329.8085,5634436.4615,2945930.5401
2024/02/14 04:31:38.00,461329.809,5634436.4658,2945930.539
2024/02/14 04:31:39.00,461329.8095,5634436.4677,2945930.5407
2024/02/14 04:31:40.00,461329.808,5634436.4631,2945930.5406
2024/02/14 04:31:41.00,461329.8089,5634436.4672,2945930.5424
2024/02/14 04:31:42.00,461329.8089,5634436.466,2945930.543
2024/02/14 04:31:43.00,461329.8086,5634436.4656,2945930.5403
2024/02/14 04:31:44.00,461329.8098,5634436.463,2945930.5422
2024/02/14 04:31:45.00,461329.8084,5634436.4672,2945930.5413
2024/02/14 04:31:46.00,461329.8089,5634436.4656,2945930.5418
2024/02/14 04:31:47.00,461329.8074,5634436.4624,2945930.5402
2024/02/14 04:31:48.00,461329.8086,5634436.4624,2945930.5409
2024/02/14 04:31:49.00,461329.8083,5634436.4613,2945930.54
2024/02/14 04:31:50.00,461329.7867,5634436.3743,2945930.4995
2024/02/14 04:31:51.00,461329.8093,5634436.467,2945930.5434
2024/02/14 04:31:52.00,461329.8084,5634436.4621,2945930.5398
2024/02/14 04:31:53.00,461329.8094,5634436.4678,2945930.5438
2024/02/14 04:31:54.00,461329.8097,5634436.4626,2945930.5426
2024/02/14 04:31:55.00,461329.8096,5634436.4637,2945930.5424
2024/02/14 04:31:56.00,461329.8076,5634436.4601,2945930.5414
2024/02/14 04:31:57.00,461329.8082,5634436.46,2945930.5421
2024/02/14 04:31:58.00,461329.8082,5634436.4635,2945930.5407
2024/02/14 04:31:59.00,461329.8091,5634436.4607,2945930.5399
2024/02/14 04:32:00.00,461329.8085,5634436.4579,2945930.5429
2024/02/14 04:32:01.00,461329.809,5634436.4641,2945930.54
2024/02/14 04:32:02.00,461329.8087,5634436.4675,2945930.5422
2024/02/14 04:32:03.00,461329.807,5634436.4633,2945930.5384
2024/02/14 04:32:04.00,461329.809,5634436.4617,2945930.5401
2024/02/14 04:32:05.00,461329.8082,5634436.4642,2945930.5403
2024/02/14 04:32:06.00,461329.808,5634436.4644,2945930.5401
2024/02/14 04:32:07.00,461329.8082,5634436.4635,2945930.54
2024/02/14 04:32:08.00,461329.8085,5634436.4638,2945930.5403
2024/02/14 04:32:09.00,461329.807,5634436.4636,2945930.5427
2024/02/14 04:32:10.00,461329.8076,5634436.4644,2945930.5394
2024/02/14 04:32:11.00,461329.8085,5634436.4628,2945930.5396
2024/02/14 04:32:12.00,461329.809,5634436.4608,2945930.54
2024/02/14 04:32:13.00,461329.8069,5634436.4647,2945930.5403
2024/02/14 04:32:14.00,461329.8075,5634436.4644,2945930.5385
2024/02/14 04:32:15.00,461329.807,5634436.4663,2945930.5413
2024/02/14 04:32:16.00,461329.807,5634436.4632,2945930.5399
2024/02/14 04:32:17.00,461329.8076,5634436.4638,2945930.5409
2024/02/14 04:32:18.00,461329.8079,5634436.4677,2945930.5406
2024/02/14 04:32:19.00,461329.8065,5634436.4631,2945930.5409
2024/02/14 04:32:20.00,461329.8077,5634436.4654,2945930.5402
2024/02/14 04:32:21.00,461329.8066,5634436.4677,2945930.5416
2024/02/14 04:32:22.00,461329.808,5634436.4627,2945930.5398
2024/02/14 04:32:23.00,461329.8072,5634436.4679,2945930.5425
2024/02/14 04:32:24.00,461329.8061,5634436.4624,2945930.5384
2024/02/14 04:32:25.00,461329.8074,5634436.467,2945930.5427
2024/02/14 04:32:26.00,461329.807,5634436.4677,2945930.5429
2024/02/14 04:32:27.00,461329.8076,5634436.4672,2945930.5403
2024/02/14 04:32:28.00,461329.8077,5634436.4641,2945930.5409
2024/02/14 04:32:29.00,461329.8075,5634436.4628,2945930.5403
2024/02/14 04:32:30.00,461329.8077,5634436.4622,2945930.5388
2024/02/14 04:32:31.00,461329.807,5634436.4651,2945930.5407
2024/02/14 04:32:32.00,461329.8065,5634436.4594,2945930.5382
2024/02/14 04:32:33.00,461329.8072,5634436.4624,2945930.54
2024/02/14 04:32:34.00,461329.8065,5634436.4612,2945930.5394
2024/02/14 04:32:35.00,461329.8069,5634436.4612,2945930.5391
2024/02/14 04:32:36.00,461329.8073,5634436.4624,2945930.543
2024/02/14 04:32:37.00,461329.8069,5634436.4599,2945930.5399
2024/02/14 04:32:38.00,461329.808,5634436.4634,2945930.5391
2024/02/14 04:32:39.00,461329.8081,5634436.4601,2945930.5375
2024/02/14 04:32:40.00,461329.8074,5634436.4628,2945930.539
2024/02/14 04:32:41.00,461329.8077,5634436.4608,2945930.5389
2024/02/14 04:32:42.00,461329.8084,5634436.4633,2945930.5381
2024/02/14 04:32:43.00,461329.8056,5634436.4617,2945930.5399
2024/02/14 04:32:44.00,461329.7559,5634436.4516,2945930.5604
2024/02/14 04:32:45.00,461329.7134,5634436.4451,2945930.579
2024/02/14 04:32:46.00,461329.7004,5634436.4426,2945930.5861
2024/02/14 04:32:47.00,461329.7005,5634436.4441,2945930.5854
2024/02/14 04:32:48.00,461329.6987,5634436.4431,2945930.5876
2024/02/14 04:32:49.00,461329.6974,5634436.4414,2945930.5883
2024/02/14 04:32:50.00,461329.6957,5634436.4428,2945930.5895
2024/02/14 04:32:51.00,461329.6921,5634436.4383,2945930.59
2024/02/14 04:32:52.00,461329.6815,5634436.4409,2945930.5953
2024/02/14 04:32:53.00,461329.5985,5634436.4248,2945930.628
2024/02/14 04:32:54.00,461329.2777,5634436.3903,2945930.742
2024/02/14 04:32:55.00,461328.5655,5634436.3186,2945930.945
2024/02/14 04:32:56.00,461327.4831,5634436.2626,2945931.2063
2024/02/14 04:32:57.00,461326.3423,5634436.2356,2945931.4328
2024/02/14 04:32:58.00,461325.255,5634436.1995,2945931.6471
2024/02/14 04:32:59.00,461324.2171,5634436.1663,2945931.8637
2024/02/14 04:33:00.00,461323.1552,5634436.1254,2945932.094
2024/02/14 04:33:01.00,461322.1033,5634436.0778,2945932.3543
2024/02/14 04:33:02.00,461321.0757,5634436.0225,2945932.6057
2024/02/14 04:33:03.00,461320.1394,5634435.9768,2945932.8412
2024/02/14 04:33:04.00,461318.4222,5634434.4314,2945930.4395
2024/02/14 04:33:05.00,461318.5581,5634435.7535,2945932.9097
2024/02/14 04:33:06.00,461316.6583,5634434.7355,2945932.9228
2024/02/14 04:33:07.00,461316.355,5634435.7705,2945933.7842
2024/02/14 04:33:08.00,461315.3735,5634435.7278,2945934.024
2024/02/14 04:33:09.00,461314.4088,5634435.6637,2945934.2559
2024/02/14 04:33:10.00,461313.4407,5634435.62,2945934.495
2024/02/14 04:33:11.00,461312.4949,5634435.5813,2945934.7607
2024/02/14 04:33:12.00,461311.5522,5634435.5254,2945935.0079
2024/02/14 04:33:13.00,461310.5904,5634435.4446,2945935.2937
2024/02/14 04:33:14.00,461309.6665,5634435.3603,2945935.6105
2024/02/14 04:33:15.00,461308.8064,5634435.2587,2945935.9223
2024/02/14 04:33:16.00,461307.985,5634435.1584,2945936.2627
2024/02/14 04:33:17.00,461307.2924,5634435.0655,2945936.5658
2024/02/14 04:33:18.00,461306.8206,5634435.0236,2945936.78
2024/02/14 04:33:19.00,461306.3302,5634434.9259,2945936.9942
2024/02/14 04:33:20.00,461305.7445,5634434.8327,2945937.2816
2024/02/14 04:33:21.00,461305.189,5634434.6803,2945937.606
2024/02/14 04:33:22.00,461304.7348,5634434.5286,2945937.9382
2024/02/14 04:33:23.00,461304.3674,5634434.3962,2945938.2189
2024/02/14 04:33:24.00,461304.0522,5634434.1535,2945938.4523
2024/02/14 04:33:25.00,461302.9167,5634442.7587,2945940.6603
2024/02/14 04:33:26.00,461303.7046,5634434.0972,2945938.8513
2024/02/14 04:33:27.00,461303.5556,5634434.0394,2945939.0419
2024/02/14 04:33:28.00,461303.3263,5634433.9615,2945939.3243
2024/02/14 04:33:29.00,461303.0814,5634433.7966,2945939.6661
2024/02/14 04:33:30.00,461302.0875,5634432.7825,2945939.0787
2024/02/14 04:33:31.00,461302.5934,5634433.6094,2945940.2809
2024/02/14 04:33:32.00,461302.2982,5634433.274,2945940.915
2024/02/14 04:33:33.00,461303.6017,5634432.8856,2945941.7241
2024/02/14 04:33:34.00,461300.9397,5634441.3115,2945943.9989
2024/02/14 04:33:35.00,461300.9589,5634431.5359,2945941.612
2024/02/14 04:33:36.00,461300.8548,5634431.3725,2945941.9902
2024/02/14 04:33:37.00,461301.5952,5634431.969,2945943.2352
2024/02/14 04:33:38.00,461302.6186,5634434.52,2945944.1471
2024/02/14 04:33:39.00,461300.8222,5634430.3924,2945941.3693
2024/02/14 04:33:40.00,461300.793,5634440.0367,2945946.374
2024/02/14 04:33:41.00,461301.8438,5634431.1247,2945944.9611
2024/02/14 04:33:42.00,461301.2963,5634429.8092,2945944.8984
2024/02/14 04:33:43.00,461301.5453,5634438.9257,2945948.3427
2024/02/14 04:33:44.00,461302.9184,5634429.8283,2945947.0062
2024/02/14 04:33:45.00,461303.3848,5634429.5839,2945947.5651
2024/02/14 04:33:46.00,461303.8372,5634429.139,2945948.0703
2024/02/14 04:33:47.00,461304.3087,5634428.9468,2945948.5253
2024/02/14 04:33:48.00,461303.9923,5634427.2559,2945946.3856
2024/02/14 04:33:49.00,461305.4304,5634428.1339,2945949.5927
2024/02/14 04:33:50.00,461305.2909,5634426.3791,2945947.6613
2024/02/14 04:33:51.00,461306.1871,5634426.296,2945950.2951
2024/02/14 04:33:52.00,461308.2043,5634428.5292,2945951.7651
2024/02/14 04:33:53.00,461308.327,5634422.4765,2945952.6856
2024/02/14 04:33:54.00,461306.9995,5634446.179,2945955.5153
2024/02/14 04:33:55.00,461310.5094,5634430.5352,2945955.9735
2024/02/14 04:33:56.00,461310.8825,5634426.3594,2945956.6721
2024/02/14 04:33:57.00,461307.6369,5634430.7871,2945956.5461
2024/02/14 04:33:58.00,461312.5715,5634421.7843,2945958.7386
2024/02/14 04:33:59.00,461311.9341,5634421.2725,2945960.9908
2024/02/14 04:34:00.00,461316.5233,5634431.303,2945967.5644
2024/02/14 04:34:01.00,461320.0788,5634428.0643,2945970.618
2024/02/14 04:34:02.00,461319.3085,5634427.6474,2945973.3135
2024/02/14 04:34:04.00,461315.9101,5634423.938,2945975.7626
2024/02/14 04:34:05.00,461321.1135,5634403.1196,2945977.743
2024/02/14 04:34:07.00,461323.614,5634419.3826,2945989.815
2024/02/14 04:34:08.00,461328.2158,5634408.5205,2945992.7447
2024/02/14 04:34:09.00,461329.4069,5634407.5603,2945995.9744
2024/02/14 04:34:10.00,461325.2013,5634394.635,2945993.0699
2024/02/14 04:34:11.00,461331.2798,5634399.8087,2946000.1145
2024/02/14 04:34:12.00,461330.6468,5634402.2979,2946002.8005
2024/02/14 04:34:13.00,461337.3265,5634386.7747,2946005.5171
2024/02/14 04:34:14.00,461335.1894,5634393.0304,2946009.5584
2024/02/14 04:34:16.00,461340.0519,5634384.8048,2946019.0056
2024/02/14 04:34:17.00,461342.3107,5634385.0227,2946015.4819
2024/02/14 04:34:18.00,461345.6062,5634384.3337,2946018.4005
2024/02/14 04:34:19.00,461348.5082,5634382.8532,2946020.4483
2024/02/14 04:34:20.00,461351.0435,5634380.5881,2946021.5275
2024/02/14 04:34:21.00,461355.3453,5634380.3888,2946023.8528
2024/02/14 04:34:22.00,461358.0403,5634378.9784,2946024.6043
2024/02/14 04:34:23.00,461361.5682,5634378.4162,2946025.4571
2024/02/14 04:34:24.00,461365.0909,5634376.4338,2946026.7202
2024/02/14 04:34:25.00,461369.5394,5634379.3502,2946027.2515
2024/02/14 04:34:26.00,461369.9499,5634371.8334,2946027.3299
2024/02/14 04:34:27.00,461373.304,5634375.4716,2946026.1609
2024/02/14 04:34:28.00,461375.9102,5634375.3366,2946026.0838
2024/02/14 04:34:29.00,461379.0771,5634378.0456,2946025.3227
2024/02/14 04:34:30.00,461382.5696,5634382.234,2946028.7887
2024/02/14 04:34:31.00,461385.4767,5634384.4588,2946024.9775
2024/02/14 04:34:32.00,461382.6311,5634389.1949,2946017.7115
2024/02/14 04:34:33.00,461389.4916,5634388.6494,2946021.2094
2024/02/14 04:34:34.00,461389.1254,5634387.2901,2946020.041
2024/02/14 04:34:35.00,461391.688,5634390.6762,2946018.4883
2024/02/14 04:34:36.00,461397.9773,5634392.2669,2946020.077
2024/02/14 04:34:37.00,461395.2611,5634384.3854,2946012.2983
2024/02/14 04:34:38.00,461397.7757,5634385.8819,2946009.4446
2024/02/14 04:34:39.00,461400.365,5634387.5507,2946006.2993
2024/02/14 04:34:40.00,461402.9513,5634389.2855,2946003.0857
2024/02/14 04:34:41.00,461405.3261,5634390.8315,2946000.1504
2024/02/14 04:34:42.00,461407.4938,5634392.1912,2945997.5217
2024/02/14 04:34:43.00,461409.758,5634393.4347,2945994.8654
2024/02/14 04:34:44.00,461411.3687,5634393.9735,2945991.4285
2024/02/14 04:34:45.00,461414.5909,5634396.3816,2945989.2736
2024/02/14 04:34:46.00,461417.237,5634397.909,2945986.2342
2024/02/14 04:34:47.00,461420.0295,5634399.5221,2945983.0632
2024/02/14 04:34:48.00,461422.9162,5634401.2555,2945979.7429
2024/02/14 04:34:49.00,461425.8574,5634403.1009,2945976.2976
2024/02/14 04:34:50.00,461428.687,5634405.0265,2945972.6474
2024/02/14 04:34:51.00,461430.5203,5634406.1955,2945968.0065
2024/02/14 04:34:52.00,461433.126,5634408.1964,2945963.9807
2024/02/14 04:34:53.00,461436.0082,5634409.8414,2945959.7536
2024/02/14 04:34:54.00,461438.6571,5634413.3045,2945955.4955
2024/02/14 04:34:55.00,461441.7017,5634415.8491,2945951.6401
2024/02/14 04:34:56.00,461443.6471,5634418.033,2945946.3351
2024/02/14 04:34:57.00,461445.6627,5634419.7388,2945941.4286
2024/02/14 04:34:58.00,461447.9969,5634422.239,2945936.6241
2024/02/14 04:34:59.00,461450.3056,5634424.7186,2945931.8406
2024/02/14 04:35:00.00,461453.354,5634428.0869,2945927.8806
2024/02/14 04:35:01.00,461455.4853,5634430.4613,2945923.2627
2024/02/14 04:35:02.00,461457.6277,5634432.8559,2945918.6007
2024/02/14 04:35:03.00,461459.8663,5634435.2327,2945913.8385
2024/02/14 04:35:04.00,461462.1767,5634437.6712,2945908.9904
2024/02/14 04:35:05.00,461464.4637,5634440.1528,2945904.064
2024/02/14 04:35:06.00,461466.7427,5634442.6672,2945899.0744
2024/02/14 04:35:07.00,461469.0202,5634445.2061,2945894.0414
2024/02/14 04:35:08.00,461471.2689,5634447.7634,2945888.958
2024/02/14 04:35:09.00,461473.5498,5634450.3524,2945883.8108
2024/02/14 04:35:10.00,461475.8677,5634452.9954,2945878.605
2024/02/14 04:35:11.00,461478.2181,5634455.6512,2945873.36
2024/02/14 04:35:12.00,461480.6062,5634458.3509,2945868.1103
2024/02/14 04:35:13.00,461482.2151,5634460.1479,2945862.074
2024/02/14 04:35:14.00,461485.3185,5634463.7665,2945857.4971
2024/02/14 04:35:15.00,461487.6011,5634466.4774,2945852.1342
2024/02/14 04:35:16.00,461489.0832,5634468.2459,2945846.1669
2024/02/14 04:35:17.00,461491.9734,5634471.6879,2945841.9042
2024/02/14 04:35:18.00,461493.224,5634473.1655,2945836.5566
2024/02/14 04:35:19.00,461495.443,5634475.773,2945830.351
2024/02/14 04:35:20.00,461497.4443,5634478.4737,2945827.8193
2024/02/14 04:35:21.00,461500.0153,5634480.9051,2945823.951
2024/02/14 04:35:22.00,461502.1681,5634483.2436,2945819.4645
2024/02/14 04:35:23.00,461504.3152,5634485.6025,2945814.8887
2024/02/14 04:35:24.00,461505.6476,5634487.04,2945809.531
2024/02/14 04:35:25.00,461508.609,5634490.3739,2945805.7513
2024/02/14 04:35:26.00,461510.6984,5634492.6614,2945801.2472
2024/02/14 04:35:27.00,461512.7026,5634494.8802,2945796.8315
2024/02/14 04:35:28.00,461514.8014,5634497.1856,2945792.3607
2024/02/14 04:35:29.00,461516.0696,5634498.5626,2945787.2435
2024/02/14 04:35:30.00,461518.042,5634500.7941,2945783.0905
2024/02/14 04:35:31.00,461520.681,5634503.8649,2945779.8568
2024/02/14 04:35:32.00,461522.2931,5634505.7337,2945776.263
2024/02/14 04:35:33.00,461523.8656,5634507.6305,2945772.7177
2024/02/14 04:35:34.00,461525.4069,5634509.6167,2945768.9851
2024/02/14 04:35:35.00,461526.215,5634510.794,2945764.459
2024/02/14 04:35:36.00,461528.2248,5634511.3846,2945761.4258
2024/02/14 04:35:37.00,461531.6289,5634513.8126,2945759.4694
2024/02/14 04:35:38.00,461531.3141,5634515.4444,2945752.7704
2024/02/14 04:35:39.00,461534.5295,5634520.9617,2945751.2498
2024/02/14 04:35:40.00,461535.8907,5634521.4447,2945745.7029
2024/02/14 04:35:41.00,461537.695,5634523.2352,2945741.046
2024/02/14 04:35:42.00,461539.7485,5634526.0879,2945738.13
2024/02/14 04:35:43.00,461541.5294,5634527.9324,2945734.7071
2024/02/14 04:35:44.00,461542.2592,5634526.9186,2945730.8812
2024/02/14 04:35:45.00,461545.0187,5634531.3606,2945727.9181
2024/02/14 04:35:46.00,461546.0046,5634532.2305,2945723.8638
2024/02/14 04:35:47.00,461548.5257,5634534.6464,2945721.5511
2024/02/14 04:35:48.00,461550.1763,5634536.1272,2945718.6941
2024/02/14 04:35:49.00,461551.5534,5634537.4774,2945716.1043
2024/02/14 04:35:50.00,461552.8879,5634538.8112,2945713.5013
2024/02/14 04:35:51.00,461554.2472,5634540.2689,2945710.7306
2024/02/14 04:35:52.00,461555.5033,5634541.7525,2945707.9251
2024/02/14 04:35:53.00,461555.7558,5634542.2202,2945704.5008
2024/02/14 04:35:54.00,461557.3273,5634544.3783,2945702.8793
2024/02/14 04:35:55.00,461558.0136,5634545.578,2945700.6491
2024/02/14 04:35:56.00,461558.6584,5634546.7384,2945698.3969
2024/02/14 04:35:57.00,461559.2386,5634547.9108,2945696.2357
2024/02/14 04:35:58.00,461559.1754,5634548.1291,2945693.3392
2024/02/14 04:35:59.00,461560.121,5634549.3556,2945691.0602
2024/02/14 04:36:00.00,461562.0757,5634551.4968,2945689.4393
2024/02/14 04:36:01.00,461562.5255,5634551.5793,2945687.4188
2024/02/14 04:36:02.00,461563.8907,5634553.4229,2945683.59
2024/02/14 04:36:03.00,461567.0412,5634558.3409,2945684.7061
2024/02/14 04:36:04.00,461569.0037,5634561.1395,2945681.4866
2024/02/14 04:36:05.00,461569.5603,5634560.0717,2945675.5001
2024/02/14 04:36:06.00,461571.603,5634562.7124,2945671.0571
2024/02/14 04:36:07.00,461573.5597,5634566.5875,2945668.2512
2024/02/14 04:36:12.00,461582.352,5634574.0096,2945646.8152
2024/02/14 04:36:13.00,461582.8909,5634573.0523,2945642.0956
2024/02/14 04:36:14.00,461584.4871,5634574.7764,2945638.4887
2024/02/14 04:36:15.00,461586.3228,5634578.4757,2945635.4722
2024/02/14 04:36:16.00,461587.9147,5634578.8059,2945632.2604
2024/02/14 04:36:17.00,461589.6304,5634580.6768,2945628.513
2024/02/14 04:36:18.00,461589.6176,5634577.4742,2945621.5477
2024/02/14 04:36:19.00,461593.5154,5634584.9548,2945620.4681
2024/02/14 04:36:20.00,461595.4812,5634587.2177,2945616.0165
2024/02/14 04:36:21.00,461597.5994,5634591.2711,2945611.1704
2024/02/14 04:36:22.00,461599.5329,5634592.0999,2945606.7635
2024/02/14 04:36:23.00,461602.0509,5634594.6833,2945601.8393
2024/02/14 04:36:24.00,461604.7188,5634597.4608,2945596.4009
2024/02/14 04:36:25.00,461607.568,5634600.4017,2945590.725
2024/02/14 04:36:26.00,461610.4522,5634603.3155,2945585.1619
2024/02/14 04:36:27.00,461613.4531,5634607.886,2945579.4121
2024/02/14 04:36:28.00,461616.9235,5634611.6006,2945574.7162
2024/02/14 04:36:29.00,461621.2025,5634614.1911,2945571.1456
2024/02/14 04:36:30.00,461621.0616,5634616.5306,2945563.0356
2024/02/14 04:36:31.00,461624.0454,5634620.3027,2945558.3742
2024/02/14 04:36:32.00,461626.0336,5634623.222,2945553.0497
2024/02/14 04:36:33.00,461627.8467,5634626.0656,2945547.6995
2024/02/14 04:36:34.00,461628.8056,5634628.0708,2945541.6523
2024/02/14 04:36:35.00,461632.9739,5634631.1451,2945535.3378
2024/02/14 04:36:36.00,461632.6748,5634634.8214,2945531.8916
2024/02/14 04:36:37.00,461633.9118,5634637.6393,2945527.0304
2024/02/14 04:36:38.00,461634.8813,5634640.2526,2945522.3802
2024/02/14 04:36:39.00,461635.6501,5634642.749,2945517.9507
2024/02/14 04:36:40.00,461636.1485,5634645.1722,2945513.6051
2024/02/14 04:36:41.00,461638.3748,5634647.1677,2945509.8386
2024/02/14 04:36:44.00,461634.8723,5634659.3384,2945501.167
2024/02/14 04:36:45.00,461636.2583,5634654.3715,2945497.3538
2024/02/14 04:36:46.00,461636.2193,5634655.23,2945495.8882
2024/02/14 04:36:47.00,461636.191,5634655.775,2945494.932
2024/02/14 04:36:48.00,461636.1871,5634656.137,2945494.305
2024/02/14 04:36:49.00,461636.1828,5634656.3089,2945493.9796
2024/02/14 04:36:50.00,461636.1717,5634656.3628,2945493.8582
2024/02/14 04:36:51.00,461636.1691,5634656.41,2945493.7751
2024/02/14 04:36:52.00,461636.1607,5634656.6013,2945493.4522
2024/02/14 04:36:53.00,461635.3608,5634655.9855,2945492.2429
2024/02/14 04:36:54.00,461636.1293,5634657.2103,2945492.412
2024/02/14 04:36:55.00,461636.1183,5634657.8165,2945491.3097
2024/02/14 04:36:56.00,461636.0908,5634658.6918,2945489.8705
2024/02/14 04:36:57.00,461636.0358,5634659.7758,2945487.9674
2024/02/14 04:36:58.00,461636.0269,5634661.115,2945485.6829
2024/02/14 04:36:59.00,461635.979,5634662.6064,2945483.1342
2024/02/14 04:37:00.00,461636.0406,5634664.1741,2945480.4506
2024/02/14 04:37:01.00,461636.2454,5634665.8037,2945477.6567
2024/02/14 04:37:02.00,461635.7771,5634666.7395,2945473.5996
2024/02/14 04:37:03.00,461637.0951,5634669.7045,2945470.744
2024/02/14 04:37:04.00,461637.6235,5634671.6,2945467.4139
2024/02/14 04:37:05.00,461638.2075,5634673.231,2945464.4724
2024/02/14 04:37:06.00,461638.8143,5634674.8156,2945461.592
2024/02/14 04:37:07.00,461639.5863,5634676.4597,2945458.5699
2024/02/14 04:37:08.00,461640.66,5634678.1587,2945455.4079
2024/02/14 04:37:09.00,461641.8922,5634679.8864,2945452.0976
2024/02/14 04:37:10.00,461643.4941,5634681.6685,2945448.7373
2024/02/14 04:37:11.00,461647.2018,5634683.1331,2945445.5526
2024/02/14 04:37:12.00,461647.0291,5634685.3459,2945441.6263
2024/02/14 04:37:13.00,461648.9566,5634687.2338,2945437.8899
2024/02/14 04:37:14.00,461651.019,5634689.0574,2945434.2231
2024/02/14 04:37:15.00,461653.1971,5634690.872,2945430.5407
2024/02/14 04:37:16.00,461655.5173,5634692.7883,2945426.6606
2024/02/14 04:37:17.00,461657.4092,5634694.7257,2945421.9036
2024/02/14 04:37:18.00,461660.7312,5634698.2045,2945417.8291
2024/02/14 04:37:19.00,461663.1997,5634700.52,2945413.1579
2024/02/14 04:37:20.00,461663.0802,5634705.6517,2945405.9814
2024/02/14 04:37:21.00,461667.3194,5634704.3183,2945402.1755
2024/02/14 04:37:22.00,461670.8104,5634708.356,2945396.8151
2024/02/14 04:37:23.00,461673.5022,5634711.1229,2945390.9629
2024/02/14 04:37:24.00,461676.2117,5634714.0393,2945384.9977
2024/02/14 04:37:25.00,461678.938,5634717.0238,2945378.8726
2024/02/14 04:37:26.00,461680.8615,5634718.7834,2945372.3671
2024/02/14 04:37:27.00,461683.1571,5634719.3908,2945366.2784
2024/02/14 04:37:28.00,461686.9857,5634725.0205,2945360.5307
2024/02/14 04:37:29.00,461689.5999,5634727.9279,2945354.7697
2024/02/14 04:37:30.00,461691.9101,5634730.4078,2945349.7653
2024/02/14 04:37:31.00,461693.9285,5634732.4971,2945345.5848
2024/02/14 04:37:32.00,461695.7087,5634734.3452,2945341.8696
2024/02/14 04:37:33.00,461697.3065,5634736.0079,2945338.4246
2024/02/14 04:37:34.00,461698.9143,5634737.5682,2945335.2127
2024/02/14 04:37:35.00,461700.3918,5634738.9977,2945332.3228
2024/02/14 04:37:36.00,461703.4736,5634739.9859,2945329.9272
2024/02/14 04:37:37.00,461702.4875,5634741.579,2945327.1838
2024/02/14 04:37:38.00,461703.4007,5634742.8678,2945324.6476
2024/02/14 04:37:39.00,461703.7421,5634743.3107,2945321.3198
2024/02/14 04:37:40.00,461704.9622,5634744.6336,2945318.6672
2024/02/14 04:37:41.00,461707.9464,5634749.1881,2945318.3579
2024/02/14 04:37:42.00,461709.5288,5634750.6334,2945315.4416
2024/02/14 04:37:43.00,461710.9126,5634749.7427,2945312.5685
2024/02/14 04:37:44.00,461712.8747,5634751.4617,2945307.6129
2024/02/14 04:37:45.00,461716.0742,5634754.284,2945304.2059
2024/02/14 04:37:46.00,461719.4412,5634754.0226,2945300.093
2024/02/14 04:37:47.00,461722.3252,5634757.5399,2945297.6511
2024/02/14 04:37:48.00,461725.6105,5634759.214,2945294.1156
2024/02/14 04:37:49.00,461723.5771,5634755.9711,2945285.023
2024/02/14 04:37:50.00,461732.7363,5634762.6247,2945287.0099
2024/02/14 04:37:51.00,461736.4577,5634764.3591,2945283.526
2024/02/14 04:37:52.00,461738.9752,5634762.3018,2945279.7986
2024/02/14 04:37:53.00,461745.3202,5634769.2549,2945281.1156
2024/02/14 04:37:54.00,461748.5699,5634768.6093,2945274.7474
2024/02/14 04:37:55.00,461752.0171,5634767.656,2945268.6833
2024/02/14 04:37:56.00,461756.4413,5634769.4176,2945264.7066
2024/02/14 04:37:57.00,461761.195,5634772.9343,2945260.4791
2024/02/14 04:37:58.00,461766.6372,5634775.2742,2945256.8751
2024/02/14 04:37:59.00,461770.874,5634774.956,2945253.6865
2024/02/14 04:38:00.00,461774.4965,5634778.8395,2945248.5037
2024/02/14 04:38:01.00,461778.0703,5634775.7977,2945240.3555
2024/02/14 04:38:02.00,461783.2413,5634781.0167,2945240.7879
2024/02/14 04:38:03.00,461787.7443,5634784.4623,2945236.5412
2024/02/14 04:38:04.00,461791.9063,5634786.2669,2945232.7518
2024/02/14 04:38:05.00,461797.5223,5634791.1169,2945231.435
2024/02/14 04:38:06.00,461800.8663,5634790.5926,2945227.9376
2024/02/14 04:38:07.00,461803.9196,5634790.9934,2945221.5546
2024/02/14 04:38:08.00,461808.6468,5634795.4358,2945218.1903
2024/02/14 04:38:09.00,461811.9559,5634797.1927,2945214.3863
2024/02/14 04:38:10.00,461814.5062,5634797.7588,2945211.0157
2024/02/14 04:38:11.00,461817.2865,5634799.5475,2945207.2392
2024/02/14 04:38:12.00,461820.1351,5634801.4317,2945203.238
2024/02/14 04:38:13.00,461822.8765,5634803.4873,2945199.0545
2024/02/14 04:38:14.00,461825.6378,5634805.4448,2945194.5573
2024/02/14 04:38:15.00,461827.5119,5634806.5935,2945189.3458
2024/02/14 04:38:16.00,461830.1538,5634808.3696,2945184.4367
2024/02/14 04:38:17.00,461832.1369,5634809.6061,2945179.703
2024/02/14 04:38:18.00,461835.4351,5634814.6704,2945175.0102
2024/02/14 04:38:19.00,461836.7114,5634816.0646,2945169.1568
2024/02/14 04:38:20.00,461839.5242,5634819.4357,2945164.8322
2024/02/14 04:38:21.00,461840.6071,5634821.1027,2945158.9563
2024/02/14 04:38:22.00,461843.8177,5634823.7629,2945154.0681
2024/02/14 04:38:23.00,461844.8298,5634826.0954,2945148.2464
2024/02/14 04:38:24.00,461846.6736,5634828.7046,2945142.7753
2024/02/14 04:38:25.00,461848.5488,5634831.38,2945137.2556
2024/02/14 04:38:26.00,461850.5435,5634834.1127,2945131.6566
2024/02/14 04:38:27.00,461852.6256,5634836.8503,2945125.9266
2024/02/14 04:38:28.00,461855.9571,5634840.2649,2945122.6993
2024/02/14 04:38:29.00,461855.465,5634846.5254,2945114.5869
2024/02/14 04:38:30.00,461860.7233,5634847.0342,2945109.4788
2024/02/14 04:38:31.00,461862.9309,5634849.5025,2945104.1513
2024/02/14 04:38:32.00,461863.9743,5634848.0347,2945098.902
2024/02/14 04:38:33.00,461866.9621,5634851.95,2945093.6231
2024/02/14 04:38:34.00,461871.2075,5634854.272,2945089.098
2024/02/14 04:38:35.00,461874.9206,5634856.7918,2945086.5907
2024/02/14 04:38:36.00,461877.2801,5634856.544,2945079.7824
2024/02/14 04:38:37.00,461882.2062,5634862.3046,2945075.3868
2024/02/14 04:38:38.00,461885.0372,5634863.1978,2945071.0056
2024/02/14 04:38:39.00,461887.1793,5634864.5671,2945065.3175
2024/02/14 04:38:40.00,461890.6687,5634867.8366,2945060.808
2024/02/14 04:38:41.00,461891.8518,5634867.9625,2945054.836
2024/02/14 04:38:42.00,461893.7216,5634870.6862,2945049.2589
2024/02/14 04:38:43.00,461896.6317,5634877.1753,2945044.0419
2024/02/14 04:38:44.00,461897.904,5634879.7436,2945038.9513
2024/02/14 04:38:45.00,461898.8435,5634882.0201,2945034.3518
2024/02/14 04:38:46.00,461896.7511,5634887.2482,2945030.2376
2024/02/14 04:38:47.00,461897.5127,5634881.1914,2945024.3087
2024/02/14 04:38:48.00,461896.7993,5634882.8714,2945021.3317
2024/02/14 04:38:49.00,461896.6698,5634887.8547,2945021.8261
2024/02/14 04:38:50.00,461894.3634,5634889.0246,2945019.9053
2024/02/14 04:38:51.00,461890.6198,5634889.3483,2945017.456
2024/02/14 04:38:52.00,461887.2185,5634890.3743,2945016.0491
2024/02/14 04:38:53.00,461884.2828,5634892.3077,2945015.4312
2024/02/14 04:38:54.00,461879.3257,5634892.5085,2945013.0626
2024/02/14 04:38:55.00,461873.4632,5634897.677,2945012.3288
2024/02/14 04:38:56.00,461868.7676,5634898.943,2945010.8709
2024/02/14 04:38:57.00,461865.2521,5634896.2788,2945008.6232
2024/02/14 04:38:58.00,461860.1516,5634897.546,2945007.185
2024/02/14 04:38:59.00,461854.1177,5634901.9645,2945005.8987
2024/02/14 04:39:00.00,461851.3623,5634907.6312,2945004.9529
2024/02/14 04:39:01.00,461844.5998,5634901.5128,2945002.5384
2024/02/14 04:39:02.00,461840.0883,5634904.2681,2945003.6316
2024/02/14 04:39:03.00,461834.2629,5634905.6679,2945001.9828
2024/02/14 04:39:04.00,461827.8458,5634907.1829,2945000.3352
2024/02/14 04:39:05.00,461821.2111,5634908.2154,2944998.5379
2024/02/14 04:39:06.00,461813.5363,5634908.7609,2944994.3863
2024/02/14 04:39:07.00,461808.5487,5634917.6367,2944993.7311
2024/02/14 04:39:08.00,461801.9803,5634919.1794,2944991.9193
2024/02/14 04:39:09.00,461794.5325,5634914.2992,2944990.0915
2024/02/14 04:39:10.00,461787.8254,5634916.1528,2944990.1713
2024/02/14 04:39:11.00,461781.3712,5634917.0838,2944988.387
2024/02/14 04:39:12.00,461774.5512,5634919.0805,2944986.7938
2024/02/14 04:39:13.00,461767.7427,5634920.5432,2944985.1205
2024/02/14 04:39:14.00,461758.5519,5634924.5658,2944981.6489
2024/02/14 04:39:15.00,461751.5109,5634926.1155,2944979.9142
2024/02/14 04:39:16.00,461746.5594,5634924.762,2944978.2195
2024/02/14 04:39:17.00,461739.5229,5634926.2782,2944978.2271
2024/02/14 04:39:18.00,461732.3602,5634928.4933,2944976.7151
2024/02/14 04:39:19.00,461724.7314,5634928.7227,2944972.7052
2024/02/14 04:39:20.00,461720.336,5634937.0321,2944972.426
2024/02/14 04:39:21.00,461715.1204,5634937.9492,2944971.4453
2024/02/14 04:39:22.00,461710.0614,5634938.7289,2944970.6538
2024/02/14 04:39:23.00,461704.7207,5634932.9474,2944971.5634
2024/02/14 04:39:24.00,461699.7286,5634934.1423,2944970.9817
2024/02/14 04:39:25.00,461695.8642,5634936.8645,2944970.9721
2024/02/14 04:39:26.00,461689.8021,5634934.8564,2944966.906
2024/02/14 04:39:27.00,461683.676,5634935.3405,2944965.4002
2024/02/14 04:39:28.00,461679.5141,5634937.0384,2944967.0109
2024/02/14 04:39:29.00,461674.8088,5634944.3746,2944964.4623
2024/02/14 04:39:30.00,461669.6573,5634945.1803,2944963.5726
2024/02/14 04:39:31.00,461664.2334,5634945.9803,2944962.7569
2024/02/14 04:39:32.00,461658.3834,5634946.7057,2944961.9931
2024/02/14 04:39:33.00,461652.0939,5634947.4553,2944961.1979
2024/02/14 04:39:34.00,461645.3842,5634948.3652,2944960.3275
2024/02/14 04:39:35.00,461638.1954,5634949.2693,2944959.5396
2024/02/14 04:39:36.00,461630.7318,5634950.3206,2944958.5762
2024/02/14 04:39:37.00,461623.1231,5634951.3923,2944957.5834
2024/02/14 04:39:38.00,461615.5085,5634952.4631,2944956.5259
2024/02/14 04:39:39.00,461608.4803,5634949.5993,2944957.9358
2024/02/14 04:39:40.00,461601.362,5634950.7007,2944956.9644
2024/02/14 04:39:41.00,461595.3056,5634951.7236,2944955.9577
2024/02/14 04:39:42.00,461588.7875,5634950.3718,2944954.1048
2024/02/14 04:39:43.00,461584.4355,5634953.054,2944954.0354
2024/02/14 04:39:44.00,461578.5819,5634954.1928,2944952.6667
2024/02/14 04:39:45.00,461568.931,5634955.9133,2944948.6923
2024/02/14 04:39:46.00,461565.1496,5634960.9129,2944947.3306
2024/02/14 04:39:47.00,461557.7342,5634955.1198,2944945.0602
2024/02/14 04:39:48.00,461550.9765,5634963.4664,2944943.8346
2024/02/14 04:39:49.00,461543.3828,5634964.9118,2944942.053
2024/02/14 04:39:50.00,461535.5679,5634966.428,2944940.1816
2024/02/14 04:39:51.00,461526.9741,5634961.5202,2944937.7658
2024/02/14 04:39:52.00,461519.8172,5634969.4141,2944936.2877
2024/02/14 04:39:53.00,461512.1473,5634971.0006,2944934.1778
2024/02/14 04:39:54.00,461504.8015,5634972.5855,2944932.0884
2024/02/14 04:39:55.00,461497.9081,5634974.1718,2944930.033
2024/02/14 04:39:56.00,461491.2715,5634975.715,2944928.0116
2024/02/14 04:39:57.00,461485.2105,5634973.125,2944928.4672
2024/02/14 04:39:58.00,461475.505,5634975.108,2944923.9228
2024/02/14 04:39:59.00,461472.9383,5634975.9342,2944924.6631
2024/02/14 04:40:00.00,461467.2173,5634977.2654,2944922.8198
2024/02/14 04:40:01.00,461461.5524,5634978.543,2944921.0317
2024/02/14 04:40:02.00,461455.8456,5634979.8773,2944919.1104
2024/02/14 04:40:03.00,461449.5275,5634985.3814,2944914.5482
2024/02/14 04:40:04.00,461444.0801,5634982.9789,2944914.6626
2024/02/14 04:40:05.00,461437.9324,5634988.7759,2944909.6343
2024/02/14 04:40:06.00,461432.9452,5634986.5153,2944909.4623
2024/02/14 04:40:07.00,461424.2292,5634988.8243,2944904.3448
2024/02/14 04:40:08.00,461422.3114,5634989.8531,2944904.5903
2024/02/14 04:40:09.00,461416.0306,5634988.4702,2944899.2691
2024/02/14 04:40:10.00,461411.6213,5634993.0528,2944899.8237
2024/02/14 04:40:11.00,461406.1254,5634994.8378,2944897.2135
2024/02/14 04:40:12.00,461400.1608,5635000.727,2944891.9997
2024/02/14 04:40:13.00,461395.2544,5634998.5064,2944891.6802
2024/02/14 04:40:14.00,461390.0704,5635000.3119,2944888.9604
2024/02/14 04:40:15.00,461384.9923,5635002.0555,2944886.2642
2024/02/14 04:40:16.00,461379.9392,5635003.7775,2944883.5073
2024/02/14 04:40:17.00,461374.1446,5635009.6266,2944878.2258
2024/02/14 04:40:18.00,461369.0296,5635007.4785,2944877.7255
2024/02/14 04:40:19.00,461363.1654,5635009.5628,2944874.6732
2024/02/14 04:40:20.00,461357.095,5635011.6067,2944871.6356
2024/02/14 04:40:21.00,461351.0354,5635013.6185,2944868.6164
2024/02/14 04:40:22.00,461345.0148,5635015.5951,2944865.6751
2024/02/14 04:40:23.00,461338.7116,5635021.6411,2944860.315
2024/02/14 04:40:24.00,461333.3647,5635019.3642,2944860.1327
2024/02/14 04:40:25.00,461327.5958,5635021.1816,2944857.5268
2024/02/14 04:40:26.00,461319.8696,5635019.9592,2944851.2623
2024/02/14 04:40:27.00,461316.3625,5635024.9819,2944851.829
2024/02/14 04:40:28.00,461311.0116,5635026.8778,2944849.0616
2024/02/14 04:40:29.00,461305.8242,5635028.6925,2944846.3871
2024/02/14 04:40:30.00,461300.7569,5635030.393,2944843.8553
2024/02/14 04:40:31.00,461295.7809,5635031.9895,2944841.4993
2024/02/14 04:40:32.00,461290.4448,5635037.6285,2944836.8457
2024/02/14 04:40:33.00,461285.6766,5635039.0926,2944834.7274
2024/02/14 04:40:34.00,461280.9429,5635040.8908,2944832.5659
2024/02/14 04:40:35.00,461276.8978,5635038.0513,2944832.7918
2024/02/14 04:40:36.00,461272.3759,5635039.6182,2944830.5405
2024/02/14 04:40:37.00,461267.9395,5635041.1822,2944828.2059
2024/02/14 04:40:38.00,461263.713,5635042.7073,2944825.9168
2024/02/14 04:40:39.00,461259.9474,5635044.0602,2944823.861
2024/02/14 04:40:40.00,461256.8365,5635045.1426,2944822.2128
2024/02/14 04:40:41.00,461253.8716,5635046.066,2944820.7743
2024/02/14 04:40:42.00,461248.6788,5635043.8901,2944815.9373
2024/02/14 04:40:43.00,461247.2888,5635048.1091,2944817.6208
2024/02/14 04:40:44.00,461243.6576,5635049.3912,2944815.6009
2024/02/14 04:40:45.00,461239.2861,5635054.8945,2944810.9922
2024/02/14 04:40:46.00,461235.4953,5635052.3005,2944811.0205
2024/02/14 04:40:47.00,461230.9066,5635053.9204,2944808.4285
2024/02/14 04:40:48.00,461225.5423,5635059.7957,2944803.244
2024/02/14 04:40:49.00,461220.9608,5635057.4783,2944802.8576
2024/02/14 04:40:50.00,461214.8352,5635056.9065,2944797.166
2024/02/14 04:40:51.00,461210.945,5635060.8653,2944797.1742
2024/02/14 04:40:52.00,461206.1091,5635062.6919,2944794.437
2024/02/14 04:40:53.00,461200.6747,5635068.7143,2944789.1413
2024/02/14 04:40:54.00,461195.9868,5635066.5597,2944788.5953
2024/02/14 04:40:55.00,461190.6142,5635068.5728,2944785.5541
2024/02/14 04:40:56.00,461186.4497,5635074.0122,2944780.1582
2024/02/14 04:40:57.00,461179.2062,5635072.8816,2944779.113
2024/02/14 04:40:58.00,461171.8554,5635070.9743,2944772.2467
2024/02/14 04:40:59.00,461168.0986,5635077.1376,2944772.8277
2024/02/14 04:41:00.00,461163.1971,5635079.2415,2944770.0145
2024/02/14 04:41:01.00,461158.575,5635081.2506,2944767.2541
2024/02/14 04:41:02.00,461154.0859,5635083.161,2944764.4928
2024/02/14 04:41:03.00,461149.6594,5635085.054,2944761.6874
2024/02/14 04:41:04.00,461145.5048,5635086.8343,2944759.0285
2024/02/14 04:41:05.00,461141.66,5635088.6261,2944756.5143
2024/02/14 04:41:06.00,461138.2363,5635090.3696,2944753.975
2024/02/14 04:41:07.00,461135.2006,5635092.1342,2944751.2618
2024/02/14 04:41:08.00,461132.503,5635094.046,2944748.2355
2024/02/14 04:41:09.00,461129.8828,5635096.0381,2944745.0183
2024/02/14 04:41:10.00,461125.5389,5635094.7654,2944738.1937
2024/02/14 04:41:11.00,461125.3435,5635100.3137,2944737.9207
2024/02/14 04:41:12.00,461122.278,5635099.6635,2944731.0312
2024/02/14 04:41:13.00,461120.7861,5635109.3415,2944727.5566
2024/02/14 04:41:14.00,461116.4645,5635107.4303,2944722.5593
2024/02/14 04:41:15.00,461117.475,5635109.8989,2944721.2238
2024/02/14 04:41:16.00,461115.5828,5635112.6071,2944716.5988
2024/02/14 04:41:17.00,461111.9679,5635112.2981,2944708.3773
2024/02/14 04:41:18.00,461112.7027,5635118.2575,2944706.6556
2024/02/14 04:41:19.00,461110.9453,5635119.0632,2944698.7327
2024/02/14 04:41:20.00,461111.0534,5635120.7096,2944693.0369
2024/02/14 04:41:21.00,461112.0806,5635123.6692,2944687.3713
2024/02/14 04:41:22.00,461111.8499,5635132.3505,2944681.5401
2024/02/14 04:41:23.00,461114.1471,5635135.1992,2944675.7555
2024/02/14 04:41:24.00,461118.8519,5635133.5414,2944670.0638
2024/02/14 04:41:25.00,461121.686,5635136.6333,2944663.7817
2024/02/14 04:41:26.00,461124.5943,5635139.917,2944657.1231
2024/02/14 04:41:27.00,461127.5529,5635143.3305,2944650.1173
2024/02/14 04:41:28.00,461130.428,5635146.7548,2944643.0746
2024/02/14 04:41:29.00,461133.0844,5635150.1322,2944636.1377
2024/02/14 04:41:30.00,461135.6888,5635153.4922,2944629.4616
2024/02/14 04:41:31.00,461137.983,5635156.5735,2944623.3895
2024/02/14 04:41:32.00,461139.8011,5635159.236,2944618.0369
2024/02/14 04:41:33.00,461142.3098,5635163.9754,2944615.5027
2024/02/14 04:41:34.00,461143.5153,5635166.7042,2944610.3287
2024/02/14 04:41:35.00,461143.728,5635166.873,2944604.0966
2024/02/14 04:41:36.00,461144.7232,5635169.775,2944598.6647
2024/02/14 04:41:37.00,461146.295,5635175.4444,2944594.0873
2024/02/14 04:41:38.00,461146.3768,5635178.5328,2944588.6082
2024/02/14 04:41:39.00,461145.9079,5635181.5546,2944583.3074
2024/02/14 04:41:40.00,461144.3634,5635188.6392,2944575.7952
2024/02/14 04:41:41.00,461142.9982,5635187.3143,2944573.1655
2024/02/14 04:41:42.00,461140.1217,5635194.46,2944565.8197
2024/02/14 04:41:43.00,461137.3423,5635197.4349,2944560.816
2024/02/14 04:41:44.00,461134.7768,5635196.2988,2944558.1638
2024/02/14 04:41:46.00,461126.7426,5635200.8779,2944544.9614
2024/02/14 04:41:47.00,461123.3572,5635204.0788,2944539.5327
2024/02/14 04:41:48.00,461118.091,5635224.149,2944535.2111
2024/02/14 04:41:49.00,461114.8468,5635227.1314,2944530.1592
2024/02/14 04:41:50.00,461114.6459,5635218.9782,2944524.5915
2024/02/14 04:41:51.00,461111.5149,5635221.6102,2944519.988
2024/02/14 04:41:52.00,461108.3845,5635224.0944,2944515.7885
2024/02/14 04:41:53.00,461105.5333,5635226.3605,2944511.9349
2024/02/14 04:41:54.00,461102.8156,5635228.5251,2944508.2745
2024/02/14 04:41:55.00,461100.3179,5635230.6461,2944504.6719
2024/02/14 04:41:56.00,461097.7777,5635232.7499,2944501.0409
2024/02/14 04:41:57.00,461095.1234,5635234.9276,2944497.3035
2024/02/14 04:41:58.00,461092.5,5635237.2146,2944493.4203
2024/02/14 04:41:59.00,461090.0402,5635235.2503,2944492.0501
2024/02/14 04:42:00.00,461086.7,5635237.4339,2944488.5136
2024/02/14 04:42:01.00,461082.0833,5635236.8805,2944484.2107
2024/02/14 04:42:02.00,461078.6253,5635245.8138,2944479.6393
2024/02/14 04:42:03.00,461074.8835,5635243.3575,2944479.2053
2024/02/14 04:42:04.00,461070.5113,5635244.8883,2944476.9419
2024/02/14 04:42:05.00,461066.0054,5635246.2221,2944475.067
2024/02/14 04:42:06.00,461060.8368,5635251.7239,2944470.8733
2024/02/14 04:42:07.00,461055.8911,5635253.0049,2944469.0512
2024/02/14 04:42:08.00,461050.7245,5635249.7739,2944463.6241
2024/02/14 04:42:09.00,461043.9405,5635250.0271,2944464.4801
2024/02/14 04:42:10.00,461039.4276,5635253.311,2944464.7861
2024/02/14 04:42:11.00,461033.3297,5635254.8873,2944462.4954
2024/02/14 04:42:12.00,461027.2411,5635256.4576,2944460.3101
2024/02/14 04:42:13.00,461021.4739,5635257.8581,2944458.2586
2024/02/14 04:42:14.00,461016.3697,5635259.1382,2944456.4323
2024/02/14 04:42:15.00,461011.9921,5635260.1842,2944454.9043
2024/02/14 04:42:16.00,461008.1996,5635261.0597,2944453.7281
2024/02/14 04:42:17.00,461004.324,5635266.0983,2944450.3063
2024/02/14 04:42:18.00,461001.5637,5635262.5861,2944451.6033
2024/02/14 04:42:19.00,460997.8191,5635267.6955,2944448.1126
2024/02/14 04:42:20.00,460994.8923,5635264.3149,2944449.2721
2024/02/14 04:42:21.00,460991.2825,5635269.5215,2944445.6423
2024/02/14 04:42:22.00,460988.7395,5635266.3183,2944446.4161
2024/02/14 04:42:23.00,460984.7825,5635265.0527,2944443.2677
2024/02/14 04:42:24.00,460980.8005,5635266.3633,2944438.235
2024/02/14 04:42:25.00,460978.8377,5635268.5192,2944437.6407
2024/02/14 04:42:26.00,460975.9432,5635270.4965,2944434.4205
2024/02/14 04:42:27.00,460973.4979,5635272.4073,2944431.1765
2024/02/14 04:42:28.00,460971.6468,5635274.2696,2944427.9655
2024/02/14 04:42:29.00,460971.5395,5635278.5065,2944426.1039
2024/02/14 04:42:30.00,460970.1986,5635277.1124,2944422.7793
2024/02/14 04:42:31.00,460970.1087,5635278.4378,2944420.2797
2024/02/14 04:42:32.00,460969.7795,5635279.9133,2944417.4837
2024/02/14 04:42:33.00,460968.1553,5635281.2073,2944412.0406
2024/02/14 04:42:34.00,460968.4025,5635283.403,2944411.1165
2024/02/14 04:42:35.00,460967.4216,5635285.3798,2944407.479
2024/02/14 04:42:36.00,460966.3814,5635287.5938,2944403.4487
2024/02/14 04:42:37.00,460964.6873,5635293.7806,2944397.6267
2024/02/14 04:42:38.00,460964.11,5635292.5796,2944394.3446
2024/02/14 04:42:39.00,460962.82,5635295.4233,2944389.1728
2024/02/14 04:42:40.00,460961.3802,5635298.4579,2944383.6308
2024/02/14 04:42:41.00,460959.9268,5635301.5023,2944378.0706
2024/02/14 04:42:42.00,460958.4912,5635304.5215,2944372.6065
2024/02/14 04:42:43.00,460955.9633,5635306.974,2944364.4905
2024/02/14 04:42:44.00,460956.4022,5635313.5557,2944362.0595
2024/02/14 04:42:45.00,460953.8236,5635314.2259,2944355.0849
2024/02/14 04:42:46.00,460952.0226,5635317.5435,2944349.0268
2024/02/14 04:42:47.00,460950.3109,5635320.8469,2944343.0052
2024/02/14 04:42:48.00,460948.6892,5635324.167,2944336.9965
2024/02/14 04:42:49.00,460946.9901,5635327.5054,2944330.9557
2024/02/14 04:42:50.00,460945.2059,5635330.8121,2944324.9535
2024/02/14 04:42:51.00,460944.6091,5635336.7407,2944319.9614
2024/02/14 04:42:52.00,460942.2746,5635337.6943,2944311.5833
2024/02/14 04:42:53.00,460941.3779,5635340.7477,2944305.9813
2024/02/14 04:42:54.00,460940.7836,5635343.5214,2944300.8785
2024/02/14 04:42:55.00,460940.4528,5635346.1612,2944296.0153
2024/02/14 04:42:56.00,460940.316,5635348.8484,2944291.0648
2024/02/14 04:42:57.00,460940.3879,5635351.1631,2944287.5818
2024/02/14 04:42:58.00,460940.3004,5635353.9605,2944282.3718
2024/02/14 04:42:59.00,460940.1738,5635356.8549,2944277.0356
2024/02/14 04:43:00.00,460939.9955,5635359.8616,2944271.5717
2024/02/14 04:43:01.00,460939.8782,5635362.9482,2944265.9697
2024/02/14 04:43:02.00,460939.7799,5635366.1454,2944260.2414
2024/02/14 04:43:03.00,460939.3262,5635370.1295,2944252.6595
2024/02/14 04:43:04.00,460937.6137,5635375.7614,2944246.3502
2024/02/14 04:43:05.00,460939.4001,5635376.086,2944242.2897
2024/02/14 04:43:06.00,460939.0124,5635379.559,2944236.0586
2024/02/14 04:43:07.00,460937.5818,5635382.4102,2944227.2603
2024/02/14 04:43:08.00,460937.8112,5635386.6415,2944223.3085
2024/02/14 04:43:09.00,460935.4932,5635393.9511,2944215.5458
2024/02/14 04:43:10.00,460933.5116,5635393.7131,2944210.8264
2024/02/14 04:43:11.00,460929.9825,5635397.2565,2944204.9566
2024/02/14 04:43:12.00,460925.6877,5635400.761,2944199.2626
2024/02/14 04:43:13.00,460921.1532,5635404.3456,2944193.4359
2024/02/14 04:43:14.00,460916.6249,5635407.9942,2944187.3798
2024/02/14 04:43:15.00,460912.2963,5635411.7668,2944181.0754
2024/02/14 04:43:16.00,460908.4632,5635415.6994,2944174.3447
2024/02/14 04:43:17.00,460905.9735,5635419.8213,2944167.0149
2024/02/14 04:43:18.00,460905.2244,5635424.0262,2944159.1564
2024/02/14 04:43:19.00,460906.2453,5635428.2396,2944150.9837
2024/02/14 04:43:20.00,460908.4539,5635432.4615,2944142.7001
2024/02/14 04:43:21.00,460911.0688,5635436.7613,2944134.2341
2024/02/14 04:43:22.00,460913.8291,5635441.1448,2944125.5414
2024/02/14 04:43:23.00,460916.695,5635445.6623,2944116.6659
2024/02/14 04:43:24.00,460919.6245,5635450.2772,2944107.6158
2024/02/14 04:43:25.00,460923.6503,5635457.5575,2944099.366
2024/02/14 04:43:26.00,460925.6263,5635460.2869,2944087.5482
2024/02/14 04:43:27.00,460928.9119,5635464.0908,2944078.1345
2024/02/14 04:43:28.00,460932.0018,5635468.9417,2944068.9793
2024/02/14 04:43:29.00,460935.0528,5635475.3164,2944061.4342
2024/02/14 04:43:30.00,460937.1988,5635477.7373,2944050.7833
2024/02/14 04:43:31.00,460940.7043,5635482.1424,2944043.0974
2024/02/14 04:43:32.00,460943.2866,5635486.4469,2944035.097
2024/02/14 04:43:33.00,460946.4782,5635490.2247,2944029.1459
2024/02/14 04:43:34.00,460949.098,5635493.9756,2944021.6785
2024/02/14 04:43:35.00,460951.4861,5635498.2491,2944012.5262
2024/02/14 04:43:36.00,460954.4946,5635501.5383,2944006.7564
2024/02/14 04:43:37.00,460957.1805,5635505.3946,2943999.1816
2024/02/14 04:43:38.00,460959.7993,5635509.3217,2943991.5269
2024/02/14 04:43:39.00,460962.3144,5635513.2918,2943983.7541
2024/02/14 04:43:40.00,460964.7424,5635517.3087,2943975.9219
2024/02/14 04:43:41.00,460967.0508,5635521.3304,2943968.0683
2024/02/14 04:43:42.00,460969.2135,5635525.2434,2943960.4388
2024/02/14 04:43:43.00,460970.7718,5635529.0832,2943953.0311
2024/02/14 04:43:44.00,460971.503,5635532.8927,2943945.8693
2024/02/14 04:43:45.00,460971.2444,5635536.6043,2943939.0311
2024/02/14 04:43:46.00,460970.3986,5635540.2376,2943932.5699
2024/02/14 04:43:47.00,460969.4958,5635543.6548,2943926.2692
2024/02/14 04:43:48.00,460968.6305,5635547.1106,2943920.0796
2024/02/14 04:43:49.00,460967.7155,5635550.5884,2943913.7474
2024/02/14 04:43:50.00,460967.6359,5635556.7176,2943908.1763
2024/02/14 04:43:51.00,460965.1863,5635558.293,2943898.8948
2024/02/14 04:43:52.00,460963.696,5635562.0161,2943892.0052
2024/02/14 04:43:53.00,460964.8656,5635563.1124,2943886.7653
2024/02/14 04:43:54.00,460961.1196,5635569.938,2943877.8633
2024/02/14 04:43:55.00,460959.8742,5635574.0258,2943870.4345
2024/02/14 04:43:56.00,460958.5565,5635578.3694,2943862.8927
2024/02/14 04:43:57.00,460958.2906,5635584.5063,2943857.7599
2024/02/14 04:43:58.00,460955.8199,5635585.5212,2943847.4143
2024/02/14 04:43:59.00,460953.9206,5635587.5258,2943838.8828
2024/02/14 04:44:00.00,460953.7221,5635595.344,2943832.0706
2024/02/14 04:44:01.00,460951.6522,5635596.2293,2943823.1965
2024/02/14 04:44:02.00,460953.2907,5635612.09,2943817.5695
2024/02/14 04:44:03.00,460950.7709,5635607.9357,2943809.1299
2024/02/14 04:44:04.00,460949.883,5635612.3914,2943801.9599
2024/02/14 04:44:05.00,460949.7054,5635615.4657,2943795.1702
2024/02/14 04:44:06.00,460949.5493,5635619.1159,2943789.1876
2024/02/14 04:44:07.00,460948.7434,5635622.7507,2943783.2605
2024/02/14 04:44:08.00,460948.3386,5635625.8057,2943777.9364
2024/02/14 04:44:09.00,460947.2905,5635626.677,2943772.324
2024/02/14 04:44:10.00,460947.7415,5635629.616,2943770.6161
2024/02/14 04:44:11.00,460943.9455,5635643.0503,2943767.1355
2024/02/14 04:44:12.00,460943.3022,5635645.0553,2943763.5271
2024/02/14 04:44:13.00,460943.2548,5635640.1405,2943757.9927
2024/02/14 04:44:14.00,460943.0242,5635649.0662,2943756.9953
2024/02/14 04:44:15.00,460943.4356,5635639.5171,2943752.8083
2024/02/14 04:44:16.00,460941.5908,5635654.8342,2943747.7121
2024/02/14 04:44:17.00,460938.4761,5635647.4726,2943744.9499
2024/02/14 04:44:18.00,460939.6944,5635644.8328,2943741.5455
2024/02/14 04:44:19.00,460938.3524,5635647.2266,2943738.2671
2024/02/14 04:44:20.00,460936.9617,5635648.9783,2943734.7886
2024/02/14 04:44:21.00,460935.9126,5635650.7706,2943731.667
2024/02/14 04:44:22.00,460934.2121,5635648.8508,2943728.0979
2024/02/14 04:44:23.00,460932.6769,5635658.0303,2943727.3038
2024/02/14 04:44:24.00,460931.063,5635655.3066,2943723.2011
2024/02/14 04:44:25.00,460933.2647,5635658.0845,2943725.1487
2024/02/14 04:44:26.00,460933.5424,5635654.9665,2943724.5013
2024/02/14 04:44:27.00,460932.9568,5635658.5466,2943724.1506
2024/02/14 04:44:28.00,460934.8267,5635663.8825,2943724.1795
2024/02/14 04:44:29.00,460934.374,5635664.5846,2943722.9719
2024/02/14 04:44:30.00,460933.919,5635665.2866,2943721.7609
2024/02/14 04:44:31.00,460933.54,5635665.9018,2943720.6028
2024/02/14 04:44:32.00,460933.2234,5635666.469,2943719.6675
2024/02/14 04:44:33.00,460931.0879,5635657.4818,2943717.6718
2024/02/14 04:44:34.00,460930.9675,5635657.6765,2943717.3258
2024/02/14 04:44:35.00,460934.0034,5635662.3871,2943717.6954
2024/02/14 04:44:36.00,460934.0076,5635662.3965,2943717.6998
2024/02/14 04:44:37.00,460934.0073,5635662.3962,2943717.6987
2024/02/14 04:44:38.00,460934.0048,5635662.3958,2943717.6982
2024/02/14 04:44:39.00,460931.1039,5635658.8196,2943717.5008
2024/02/14 04:44:40.00,460931.0651,5635659.051,2943717.5111
2024/02/14 04:44:41.00,460934.0217,5635662.395,2943717.7082
2024/02/14 04:44:42.00,460933.9853,5635662.4665,2943717.6137
2024/02/14 04:44:43.00,460931.0988,5635658.6937,2943717.0833
2024/02/14 04:44:44.00,460931.0416,5635658.6176,2943716.8314
2024/02/14 04:44:45.00,460930.9933,5635658.9062,2943716.7817
2024/02/14 04:44:46.00,460929.9716,5635655.8269,2943715.8656
2024/02/14 04:44:47.00,460929.9751,5635655.8361,2943715.8685
2024/02/14 04:44:48.00,460929.9733,5635655.8264,2943715.8666
2024/02/14 04:44:49.00,460928.7385,5635663.8915,2943718.2471
2024/02/14 04:44:50.00,460928.7403,5635663.8945,2943718.2493
2024/02/14 04:44:51.00,460928.7349,5635663.8758,2943718.2436
2024/02/14 04:44:52.00,460928.7357,5635663.8837,2943718.2443
2024/02/14 04:44:53.00,460928.7392,5635663.8702,2943718.2539
2024/02/14 04:44:54.00,460929.9886,5635655.8063,2943715.9014
2024/02/14 04:44:55.00,460927.7474,5635660.5625,2943713.9861
2024/02/14 04:44:56.00,460927.4431,5635661.0192,2943713.2002
2024/02/14 04:44:57.00,460930.25,5635659.9822,2943714.893
2024/02/14 04:44:58.00,460928.8186,5635657.4677,2943713.054
2024/02/14 04:44:59.00,460930.8394,5635669.7968,2943713.8687
2024/02/14 04:45:00.00,460928.5124,5635662.0903,2943711.3566
2024/02/14 04:45:01.00,460928.0309,5635669.6261,2943708.4473
2024/02/14 04:45:02.00,460925.5596,5635670.1087,2943710.4489
2024/02/14 04:45:03.00,460926.0685,5635671.488,2943705.3584
2024/02/14 04:45:04.00,460925.122,5635672.3319,2943703.9735
2024/02/14 04:45:05.00,460923.5084,5635666.5651,2943703.6467
2024/02/14 04:45:06.00,460922.2195,5635667.6109,2943701.8398
2024/02/14 04:45:07.00,460921.0077,5635668.6828,2943700.0951
2024/02/14 04:45:08.00,460919.9148,5635669.6344,2943698.4945
2024/02/14 04:45:09.00,460918.6723,5635671.0058,2943697.1216
2024/02/14 04:45:10.00,460917.9679,5635671.5008,2943695.9737
2024/02/14 04:45:11.00,460916.3485,5635669.0039,2943693.9085
2024/02/14 04:45:12.00,460915.7487,5635665.2483,2943694.7082
2024/02/14 04:45:13.00,460915.1828,5635673.884,2943691.9262
2024/02/14 04:45:14.00,460914.1143,5635674.8471,2943690.3189
2024/02/14 04:45:15.00,460912.4626,5635668.1791,2943689.7779
2024/02/14 04:45:16.00,460911.5849,5635677.2265,2943686.2989
2024/02/14 04:45:17.00,460910.0096,5635678.8002,2943684.2183
2024/02/14 04:45:18.00,460908.3894,5635680.3791,2943682.138
2024/02/14 04:45:19.00,460908.9974,5635679.923,2943682.3427
2024/02/14 04:45:20.00,460905.5421,5635681.902,2943678.4186
2024/02/14 04:45:21.00,460906.1478,5635681.843,2943679.1485
2024/02/14 04:45:22.00,460904.7702,5635682.6936,2943677.7534
2024/02/14 04:45:23.00,460901.3329,5635684.5588,2943674.2407
2024/02/14 04:45:24.00,460901.6613,5635684.3136,2943675.1792
2024/02/14 04:45:25.00,460899.7178,5635685.1604,2943674.0101
2024/02/14 04:45:26.00,460897.5542,5635685.8302,2943673.0719
2024/02/14 04:45:27.00,460893.4054,5635687.3744,2943670.2578
2024/02/14 04:45:28.00,460893.9149,5635684.7981,2943671.8602
2024/02/14 04:45:29.00,460891.8042,5635684.908,2943671.9805
2024/02/14 04:45:30.00,460889.5668,5635684.7803,2943672.5045
2024/02/14 04:45:31.00,460886.4753,5635686.1989,2943673.9324
2024/02/14 04:45:32.00,460883.5684,5635685.5918,2943675.3882
2024/02/14 04:45:33.00,460880.145,5635684.8669,2943677.1437
2024/02/14 04:45:34.00,460876.3327,5635684.063,2943679.0746
2024/02/14 04:45:35.00,460873.0306,5635681.4108,2943680.7044
2024/02/14 04:45:36.00,460869.0376,5635680.5237,2943682.8582
2024/02/14 04:45:37.00,460864.0073,5635681.3167,2943685.7026
2024/02/14 04:45:38.00,460857.076,5635681.2811,2943686.1126
2024/02/14 04:45:39.00,460851.8154,5635680.0622,2943688.9799
2024/02/14 04:45:40.00,460848.2846,5635677.7114,2943694.2478
2024/02/14 04:45:41.00,460842.4537,5635676.3668,2943697.428
2024/02/14 04:45:42.00,460836.3779,5635674.9589,2943700.7337
2024/02/14 04:45:43.00,460830.1207,5635673.5235,2943704.1274
2024/02/14 04:45:44.00,460823.9249,5635672.0789,2943707.4922
2024/02/14 04:45:45.00,460817.9831,5635670.7008,2943710.692
2024/02/14 04:45:46.00,460810.9995,5635670.6219,2943711.1496
2024/02/14 04:45:47.00,460806.8065,5635669.6718,2943713.4265
2024/02/14 04:45:48.00,460802.6365,5635668.7168,2943715.6931
2024/02/14 04:45:49.00,460800.1,5635666.6066,2943720.3798
2024/02/14 04:45:50.00,460795.1271,5635665.3945,2943723.2242
2024/02/14 04:45:51.00,460789.5952,5635663.9347,2943726.5707
2024/02/14 04:45:52.00,460783.5064,5635662.2708,2943730.3548
2024/02/14 04:45:53.00,460777.2797,5635660.5666,2943734.2527
2024/02/14 04:45:54.00,460770.7378,5635658.7637,2943738.3573
2024/02/14 04:45:55.00,460763.7126,5635656.8183,2943742.8162
2024/02/14 04:45:56.00,460756.0977,5635654.6622,2943747.7049
2024/02/14 04:45:57.00,460747.9756,5635652.2164,2943753.1633
2024/02/14 04:45:58.00,460739.5284,5635649.4791,2943759.2302
2024/02/14 04:45:59.00,460731.687,5635644.7596,2943765.1994
2024/02/14 04:46:00.00,460722.6775,5635643.44,2943772.389
2024/02/14 04:46:01.00,460714.1588,5635640.1464,2943779.5104
2024/02/14 04:46:02.00,460705.5299,5635636.6408,2943786.9969
2024/02/14 04:46:03.00,460696.8497,5635632.9452,2943794.8868
2024/02/14 04:46:04.00,460688.1236,5635629.0091,2943803.1635
2024/02/14 04:46:05.00,460679.4288,5635624.8316,2943811.8693
2024/02/14 04:46:06.00,460670.7391,5635620.4355,2943820.9793
2024/02/14 04:46:07.00,460662.0656,5635615.8508,2943830.4859
2024/02/14 04:46:08.00,460653.375,5635611.0634,2943840.3278
2024/02/14 04:46:09.00,460644.6206,5635606.2272,2943850.3059
2024/02/14 04:46:10.00,460635.8974,5635601.404,2943860.258
2024/02/14 04:46:11.00,460627.2231,5635596.59,2943870.1996
2024/02/14 04:46:12.00,460618.4994,5635591.8071,2943880.0739
2024/02/14 04:46:13.00,460609.7071,5635587.0118,2943889.9548
2024/02/14 04:46:14.00,460600.7882,5635582.1973,2943899.9102
2024/02/14 04:46:15.00,460591.8898,5635577.3526,2943909.9338
2024/02/14 04:46:16.00,460583.0372,5635572.5073,2943919.9533
2024/02/14 04:46:17.00,460574.2371,5635567.6439,2943929.9878
2024/02/14 04:46:18.00,460565.365,5635562.7364,2943940.0689
2024/02/14 04:46:19.00,460556.4958,5635557.8321,2943950.1431
2024/02/14 04:46:20.00,460547.8406,5635553.0721,2943959.9479
2024/02/14 04:46:21.00,460539.5791,5635548.4923,2943969.3658
2024/02/14 04:46:22.00,460531.5099,5635544.017,2943978.5522
2024/02/14 04:46:23.00,460523.4397,5635539.5059,2943987.7205
2024/02/14 04:46:24.00,460515.5822,5635534.9977,2943996.7431
2024/02/14 04:46:25.00,460508.188,5635530.666,2944005.2788
2024/02/14 04:46:26.00,460501.5247,5635526.7784,2944012.9213
2024/02/14 04:46:27.00,460495.3694,5635523.1805,2944019.9084
2024/02/14 04:46:28.00,460489.4631,5635519.7786,2944026.5122
2024/02/14 04:46:29.00,460483.6736,5635516.4453,2944032.9412
2024/02/14 04:46:30.00,460477.8361,5635513.0731,2944039.3632
2024/02/14 04:46:31.00,460471.9737,5635509.6532,2944045.8565
2024/02/14 04:46:32.00,460466.0294,5635506.0888,2944052.5675
2024/02/14 04:46:33.00,460459.9043,5635502.4741,2944059.4424
2024/02/14 04:46:34.00,460453.6005,5635498.7793,2944066.4412
2024/02/14 04:46:35.00,460447.2951,5635495.0845,2944073.4551
2024/02/14 04:46:36.00,460441.0003,5635491.3998,2944080.4529
2024/02/14 04:46:37.00,460434.5505,5635487.6084,2944087.6163
2024/02/14 04:46:38.00,460427.9145,5635483.7582,2944094.9358
2024/02/14 04:46:39.00,460421.1475,5635479.8087,2944102.4309
2024/02/14 04:46:40.00,460414.2544,5635475.7514,2944110.1142
2024/02/14 04:46:41.00,460407.2367,5635471.5998,2944117.9764
2024/02/14 04:46:42.00,460400.0622,5635467.3435,2944126.0141
2024/02/14 04:46:43.00,460392.6955,5635463.0021,2944134.1769
2024/02/14 04:46:44.00,460385.3288,5635458.6463,2944142.371
2024/02/14 04:46:45.00,460378.1462,5635454.37,2944150.4518
2024/02/14 04:46:46.00,460371.0836,5635450.1277,2944158.4371
2024/02/14 04:46:47.00,460363.8318,5635445.8238,2944166.4947
2024/02/14 04:46:48.00,460356.659,5635441.604,2944174.4003
2024/02/14 04:46:49.00,460347.6725,5635438.639,2944179.9166
2024/02/14 04:46:50.00,460341.0551,5635439.37,2944184.3961
2024/02/14 04:46:51.00,460327.6852,5635455.8056,2944198.5374
2024/02/14 04:46:52.00,460326.4368,5635429.5196,2944203.7015
2024/02/14 04:46:53.00,460320.0733,5635424.3563,2944210.4896
2024/02/14 04:46:54.00,460312.7602,5635421.3287,2944217.9131
2024/02/14 04:46:55.00,460305.9918,5635413.9177,2944227.6775
2024/02/14 04:46:56.00,460298.897,5635409.7597,2944235.3001
2024/02/14 04:46:57.00,460293.7969,5635404.8965,2944244.5702
2024/02/14 04:46:58.00,460287.1755,5635401.1293,2944252.1552
2024/02/14 04:46:59.00,460280.4517,5635397.4161,2944259.7421
2024/02/14 04:47:00.00,460273.6601,5635393.7793,2944267.3018
2024/02/14 04:47:01.00,460266.9199,5635390.1405,2944274.8708
2024/02/14 04:47:02.00,460260.2397,5635386.5167,2944282.4492
2024/02/14 04:47:03.00,460253.62,5635382.9175,2944290.0343
2024/02/14 04:47:04.00,460247.238,5635379.4135,2944297.3793
2024/02/14 04:47:05.00,460241.3263,5635376.1367,2944304.2771
2024/02/14 04:47:06.00,460235.639,5635372.9878,2944310.9539
2024/02/14 04:47:07.00,460229.8832,5635369.9137,2944317.4816
2024/02/14 04:47:08.00,460224.366,5635367.0449,2944323.5914
2024/02/14 04:47:09.00,460219.36,5635364.4125,2944329.1912
2024/02/14 04:47:10.00,460214.9179,5635361.9692,2944334.2861
2024/02/14 04:47:11.00,460210.967,5635359.7767,2944338.8857
2024/02/14 04:47:12.00,460207.1233,5635357.6801,2944343.3072
2024/02/14 04:47:13.00,460203.2897,5635355.607,2944347.6524
2024/02/14 04:47:14.00,460199.4942,5635353.6002,2944351.9236
2024/02/14 04:47:15.00,460195.7757,5635351.683,2944356.0483
2024/02/14 04:47:16.00,460190.2424,5635354.2378,2944357.8807
2024/02/14 04:47:17.00,460189.6839,5635348.4343,2944362.9636
2024/02/14 04:47:18.00,460187.4884,5635347.1999,2944365.5569
2024/02/14 04:47:19.00,460185.6716,5635346.1833,2944367.6754
2024/02/14 04:47:20.00,460182.8291,5635342.793,2944367.2386
2024/02/14 04:47:21.00,460182.1004,5635344.2482,2944371.7637
2024/02/14 04:47:22.00,460178.747,5635347.9199,2944371.2186
2024/02/14 04:47:23.00,460180.432,5635343.3423,2944373.6905
2024/02/14 04:47:24.00,460180.0561,5635343.1173,2944374.1251
2024/02/14 04:47:25.00,460179.6523,5635342.9044,2944374.5932
2024/02/14 04:47:26.00,460179.2199,5635342.6745,2944375.0785
2024/02/14 04:47:27.00,460178.8524,5635342.4691,2944375.4879
2024/02/14 04:47:28.00,460178.7522,5635342.4159,2944375.6027
2024/02/14 04:47:29.00,460178.7508,5635342.4158,2944375.6051
2024/02/14 04:47:30.00,460178.747,5635342.4144,2944375.6089
2024/02/14 04:47:31.00,460178.7101,5635342.3898,2944375.6483
2024/02/14 04:47:32.00,460178.6787,5635342.3726,2944375.6789
2024/02/14 04:47:33.00,460178.6793,5635342.3707,2944375.6788
2024/02/14 04:47:34.00,460178.6672,5635342.3638,2944375.6926
2024/02/14 04:47:35.00,460178.6077,5635342.3334,2944375.7579
2024/02/14 04:47:36.00,460177.4735,5635345.4851,2944376.3608
2024/02/14 04:47:37.00,460177.7015,5635341.8463,2944376.7891
2024/02/14 04:47:38.00,460174.4715,5635345.6172,2944376.1
2024/02/14 04:47:39.00,460175.8446,5635338.7041,2944378.9759
2024/02/14 04:47:40.00,460172.7271,5635342.9258,2944381.756
2024/02/14 04:47:41.00,460171.6456,5635338.5778,2944383.7304
2024/02/14 04:47:42.00,460168.6862,5635340.6907,2944386.5225
2024/02/14 04:47:43.00,460167.5215,5635336.2311,2944388.6713
2024/02/14 04:47:44.00,460164.4547,5635338.289,2944391.6049
2024/02/14 04:47:45.00,460162.0715,5635336.9419,2944394.4315
2024/02/14 04:47:46.00,460159.7819,5635335.6704,2944397.1392
2024/02/14 04:47:47.00,460157.7709,5635334.5466,2944399.4887
2024/02/14 04:47:48.00,460155.9615,5635333.5388,2944401.5884
2024/02/14 04:47:49.00,460154.4252,5635332.6925,2944403.3849
2024/02/14 04:47:50.00,460152.0617,5635333.1566,2944402.4553
2024/02/14 04:47:51.00,460152.6514,5635331.6713,2944405.5127
2024/02/14 04:47:52.00,460152.1316,5635331.3637,2944406.1666
2024/02/14 04:47:53.00,460151.6118,5635331.0376,2944406.8481
2024/02/14 04:47:54.00,460151.0611,5635330.7252,2944407.5312
2024/02/14 04:47:55.00,460150.4785,5635330.3688,2944408.223
2024/02/14 04:47:56.00,460149.9599,5635330.082,2944408.8767
2024/02/14 04:47:57.00,460149.6187,5635329.8801,2944409.2932
2024/02/14 04:47:58.00,460149.6013,5635329.8724,2944409.3156
2024/02/14 04:47:59.00,460149.6006,5635329.8722,2944409.3154
2024/02/14 04:48:00.00,460149.5997,5635329.8708,2944409.3148
2024/02/14 04:48:01.00,460149.5986,5635329.8643,2944409.3123
2024/02/14 04:48:02.00,460149.6002,5635329.8654,2944409.3155
2024/02/14 04:48:03.00,460149.5995,5635329.8673,2944409.314
2024/02/14 04:48:04.00,460149.5985,5635329.8657,2944409.315
2024/02/14 04:48:05.00,460149.5978,5635329.8638,2944409.3121
2024/02/14 04:48:06.00,460149.5994,5635329.8605,2944409.3124
2024/02/14 04:48:07.00,460149.5998,5635329.8659,2944409.3137
2024/02/14 04:48:08.00,460149.5984,5635329.8537,2944409.3111
2024/02/14 04:48:09.00,460149.5992,5635329.8581,2944409.3104
2024/02/14 04:48:10.00,460149.5979,5635329.8558,2944409.3102
2024/02/14 04:48:11.00,460149.5953,5635329.8497,2944409.3064
2024/02/14 04:48:12.00,460149.5982,5635329.8559,2944409.3097
2024/02/14 04:48:13.00,460149.599,5635329.8548,2944409.3087
2024/02/14 04:48:14.00,460149.5992,5635329.8544,2944409.31
2024/02/14 04:48:15.00,460149.5569,5635330.0762,2944409.3167
2024/02/14 04:48:16.00,460149.5979,5635329.8509,2944409.3077
2024/02/14 04:48:17.00,460149.5965,5635329.8484,2944409.3084
2024/02/14 04:48:18.00,460149.5996,5635329.8553,2944409.3076
2024/02/14 04:48:19.00,460149.6009,5635329.8509,2944409.3078
2024/02/14 04:48:20.00,460149.6007,5635329.849,2944409.3063
2024/02/14 04:48:21.00,460149.5992,5635329.8466,2944409.3058
2024/02/14 04:48:22.00,460149.5967,5635329.8474,2944409.3052
2024/02/14 04:48:23.00,460149.5994,5635329.8504,2944409.3079
2024/02/14 04:48:24.00,460149.6002,5635329.8515,2944409.3081
2024/02/14 04:48:25.00,460149.5987,5635329.8461,2944409.3054
2024/02/14 04:48:26.00,460149.5998,5635329.8485,2944409.3063
2024/02/14 04:48:27.00,460149.6009,5635329.8488,2944409.3059
2024/02/14 04:48:28.00,460149.6011,5635329.8476,2944409.3065
2024/02/14 04:48:29.00,460149.6008,5635329.8457,2944409.3057
2024/02/14 04:48:30.00,460149.5996,5635329.8385,2944409.3042
2024/02/14 04:48:31.00,460149.598,5635329.8445,2944409.3058
2024/02/14 04:48:32.00,460149.6003,5635329.8462,2944409.307
2024/02/14 04:48:33.00,460149.5995,5635329.8462,2944409.3034
2024/02/14 04:48:34.00,460149.6,5635329.8402,2944409.3045
2024/02/14 04:48:35.00,460149.6,5635329.8438,2944409.3034
2024/02/14 04:48:36.00,460149.5984,5635329.8427,2944409.3037
2024/02/14 04:48:37.00,460149.5995,5635329.8416,2944409.303
2024/02/14 04:48:38.00,460149.6007,5635329.8365,2944409.3024
2024/02/14 04:48:39.00,460149.6019,5635329.8392,2944409.3043
2024/02/14 04:48:40.00,460149.5999,5635329.8416,2944409.3037
2024/02/14 04:48:41.00,460149.5996,5635329.8336,2944409.3014
2024/02/14 04:48:42.00,460149.6002,5635329.8379,2944409.2994
2024/02/14 04:48:43.00,460149.5999,5635329.8352,2944409.3008
2024/02/14 04:48:44.00,460149.6001,5635329.8329,2944409.3009
2024/02/14 04:48:45.00,460149.6027,5635329.8366,2944409.3024
2024/02/14 04:48:46.00,460149.5999,5635329.8302,2944409.3019
2024/02/14 04:48:47.00,460149.5998,5635329.8294,2944409.2995
2024/02/14 04:48:48.00,460149.5988,5635329.8273,2944409.2996
2024/02/14 04:48:49.00,460149.5976,5635329.8284,2944409.2996
2024/02/14 04:48:50.00,460149.6005,5635329.8308,2944409.3001
2024/02/14 04:48:51.00,460149.5999,5635329.8289,2944409.3007
2024/02/14 04:48:52.00,460149.6009,5635329.8315,2944409.3006
2024/02/14 04:48:53.00,460149.5581,5635330.0488,2944409.3042
2024/02/14 04:48:54.00,460149.5546,5635330.0449,2944409.3037
2024/02/14 04:48:55.00,460149.6012,5635329.8281,2944409.3
2024/02/14 04:48:56.00,460149.5574,5635330.048,2944409.3035
2024/02/14 04:48:57.00,460149.5994,5635329.8234,2944409.2992
2024/02/14 04:48:58.00,460149.5993,5635329.8238,2944409.2986
2024/02/14 04:48:59.00,460149.6004,5635329.8234,2944409.2963
2024/02/14 04:49:00.00,460149.6016,5635329.8223,2944409.2995
2024/02/14 04:49:01.00,460149.5981,5635329.8177,2944409.295
2024/02/14 04:49:02.00,460149.6009,5635329.825,2944409.2997
2024/02/14 04:49:03.00,460149.6001,5635329.8181,2944409.2953
2024/02/14 04:49:04.00,460149.6013,5635329.819,2944409.2975
2024/02/14 04:49:05.00,460149.6014,5635329.8169,2944409.2961
2024/02/14 04:49:06.00,460149.5987,5635329.8184,2944409.2952
2024/02/14 04:49:07.00,460149.6002,5635329.8194,2944409.2972
2024/02/14 04:49:08.00,460149.5991,5635329.8189,2944409.2965
2024/02/14 04:49:09.00,460149.6014,5635329.8189,2944409.2968
2024/02/14 04:49:10.00,460149.5579,5635330.0359,2944409.3008
2024/02/14 04:49:11.00,460149.6028,5635329.8213,2944409.2962
2024/02/14 04:49:12.00,460149.6021,5635329.8202,2944409.2955
2024/02/14 04:49:13.00,460149.6025,5635329.8186,2944409.295
2024/02/14 04:49:14.00,460149.6013,5635329.8179,2944409.2951
2024/02/14 04:49:15.00,460149.5991,5635329.8126,2944409.2954
2024/02/14 04:49:16.00,460149.5578,5635330.0306,2944409.2991
2024/02/14 04:49:17.00,460149.6008,5635329.806,2944409.2911
2024/02/14 04:49:18.00,460149.6008,5635329.8122,2944409.2938
2024/02/14 04:49:19.00,460149.5991,5635329.8074,2944409.2925
2024/02/14 04:49:20.00,460149.5996,5635329.8095,2944409.2955
2024/02/14 04:49:21.00,460149.5998,5635329.8071,2944409.2913
2024/02/14 04:49:22.00,460149.5588,5635330.0293,2944409.2981
2024/02/14 04:49:23.00,460146.7793,5635330.9173,2944405.3289
2024/02/14 04:49:24.00,460149.5993,5635329.8055,2944409.2908
2024/02/14 04:49:25.00,460149.6012,5635329.8091,2944409.2922
2024/02/14 04:49:26.00,460149.6012,5635329.8061,2944409.291
2024/02/14 04:49:27.00,460149.6024,5635329.8053,2944409.2899
2024/02/14 04:49:28.00,460149.5994,5635329.8057,2944409.2904
2024/02/14 04:49:29.00,460149.5576,5635330.0223,2944409.2955
2024/02/14 04:49:30.00,460149.5996,5635329.8007,2944409.2888
2024/02/14 04:49:31.00,460149.6,5635329.8006,2944409.2902
2024/02/14 04:49:32.00,460149.559,5635330.0193,2944409.2967
2024/02/14 04:49:33.00,460149.601,5635329.8015,2944409.2904
2024/02/14 04:49:34.00,460149.5576,5635330.02,2944409.2976
2024/02/14 04:49:35.00,460149.5571,5635330.0144,2944409.2957
2024/02/14 04:49:36.00,460149.6016,5635329.801,2944409.2907
2024/02/14 04:49:37.00,460149.6946,5635329.4435,2944409.202
2024/02/14 04:49:38.00,460149.5577,5635330.0196,2944409.296
2024/02/14 04:49:39.00,460149.6952,5635329.4477,2944409.2026
2024/02/14 04:49:40.00,460149.6921,5635329.4406,2944409.1987
2024/02/14 04:49:41.00,460149.6008,5635329.7954,2944409.2906
2024/02/14 04:49:42.00,460149.6946,5635329.447,2944409.2001
2024/02/14 04:49:43.00,460149.696,5635329.4436,2944409.2015
2024/02/14 04:49:44.00,460149.5579,5635330.0128,2944409.2948
2024/02/14 04:49:45.00,460149.6962,5635329.4394,2944409.1995
2024/02/14 04:49:46.00,460149.6946,5635329.4413,2944409.1968
2024/02/14 04:49:47.00,460149.6948,5635329.4404,2944409.198
2024/02/14 04:49:48.00,460149.6955,5635329.4395,2944409.1984
2024/02/14 04:49:49.00,460149.6929,5635329.4364,2944409.1977
2024/02/14 04:49:50.00,460149.6945,5635329.4374,2944409.1968
2024/02/14 04:49:51.00,460149.6948,5635329.4388,2944409.1971
2024/02/14 04:49:52.00,460149.6933,5635329.4316,2944409.1945
2024/02/14 04:49:53.00,460149.693,5635329.4317,2944409.1955
2024/02/14 04:49:54.00,460149.6931,5635329.4312,2944409.1948
2024/02/14 04:49:55.00,460149.6957,5635329.4359,2944409.1972
2024/02/14 04:49:56.00,460149.6964,5635329.4339,2944409.1962
2024/02/14 04:49:57.00,460149.6948,5635329.4324,2944409.1972
2024/02/14 04:49:58.00,460149.6967,5635329.4325,2944409.1945
2024/02/14 04:49:59.00,460149.695,5635329.4336,2944409.195
2024/02/14 04:50:00.00,460149.6954,5635329.4273,2944409.1932
2024/02/14 04:50:01.00,460149.696,5635329.428,2944409.1936
2024/02/14 04:50:02.00,460149.6966,5635329.4262,2944409.1942
2024/02/14 04:50:03.00,460149.6965,5635329.4266,2944409.1955
2024/02/14 04:50:04.00,460149.6945,5635329.4278,2944409.1921
2024/02/14 04:50:05.00,460149.6943,5635329.4264,2944409.1912
2024/02/14 04:50:06.00,460149.6945,5635329.4236,2944409.195
2024/02/14 04:50:07.00,460149.6942,5635329.4211,2944409.1936
2024/02/14 04:50:08.00,460149.6959,5635329.4266,2944409.1902
2024/02/14 04:50:09.00,460149.697,5635329.4303,2944409.1946
2024/02/14 04:50:10.00,460149.6957,5635329.4267,2944409.1921
2024/02/14 04:50:11.00,460149.6963,5635329.4244,2944409.1944
2024/02/14 04:50:12.00,460149.6955,5635329.4262,2944409.1912
2024/02/14 04:50:13.00,460149.6957,5635329.421,2944409.1924
2024/02/14 04:50:14.00,460149.6936,5635329.4147,2944409.1889
2024/02/14 04:50:15.00,460149.6946,5635329.4229,2944409.1925
2024/02/14 04:50:16.00,460149.6954,5635329.4147,2944409.1908
2024/02/14 04:50:17.00,460149.6951,5635329.4171,2944409.1892
2024/02/14 04:50:18.00,460149.6952,5635329.4126,2944409.1914
2024/02/14 04:50:19.00,460149.6945,5635329.4133,2944409.1915
2024/02/14 04:50:20.00,460149.6959,5635329.4175,2944409.191
2024/02/14 04:50:21.00,460149.6945,5635329.4129,2944409.1898
2024/02/14 04:50:22.00,460149.6948,5635329.4142,2944409.1897
2024/02/14 04:50:23.00,460149.695,5635329.4108,2944409.189
2024/02/14 04:50:24.00,460149.6924,5635329.4096,2944409.1883
2024/02/14 04:50:25.00,460149.6948,5635329.4155,2944409.1909
2024/02/14 04:50:26.00,460149.6949,5635329.4127,2944409.1904
2024/02/14 04:50:27.00,460149.6936,5635329.4066,2944409.1887
2024/02/14 04:50:28.00,460149.6962,5635329.4102,2944409.191
2024/02/14 04:50:29.00,460149.6954,5635329.4066,2944409.1875
2024/02/14 04:50:30.00,460149.6949,5635329.4109,2944409.1884
2024/02/14 04:50:31.00,460149.694,5635329.4113,2944409.1894
2024/02/14 04:50:32.00,460149.6966,5635329.4125,2944409.1915
2024/02/14 04:50:33.00,460149.6941,5635329.4005,2944409.1883
2024/02/14 04:50:34.00,460149.6941,5635329.4046,2944409.1894
2024/02/14 04:50:35.00,460149.6967,5635329.4075,2944409.1903
2024/02/14 04:50:36.00,460149.6957,5635329.4092,2944409.1913
2024/02/14 04:50:37.00,460149.6958,5635329.4094,2944409.1911
2024/02/14 04:50:38.00,460149.6951,5635329.4045,2944409.1888
2024/02/14 04:50:39.00,460149.6956,5635329.4031,2944409.1898
2024/02/14 04:50:40.00,460149.6948,5635329.4035,2944409.1887
2024/02/14 04:50:41.00,460149.6949,5635329.4014,2944409.1903
2024/02/14 04:50:42.00,460149.6958,5635329.4047,2944409.1881
2024/02/14 04:50:43.00,460149.6964,5635329.4041,2944409.189
2024/02/14 04:50:44.00,460149.6958,5635329.4039,2944409.1893
2024/02/14 04:50:45.00,460149.6957,5635329.403,2944409.1881
2024/02/14 04:50:46.00,460149.6943,5635329.398,2944409.1879
2024/02/14 04:50:47.00,460149.6972,5635329.4003,2944409.1905
2024/02/14 04:50:48.00,460149.6928,5635329.3967,2944409.1851
2024/02/14 04:50:49.00,460149.6959,5635329.3951,2944409.1879
2024/02/14 04:50:50.00,460149.6953,5635329.3945,2944409.1874
2024/02/14 04:50:51.00,460149.6962,5635329.3997,2944409.1879
2024/02/14 04:50:52.00,460149.6966,5635329.3989,2944409.1844
2024/02/14 04:50:53.00,460149.6952,5635329.3953,2944409.1881
2024/02/14 04:50:54.00,460149.6975,5635329.3959,2944409.1879
2024/02/14 04:50:55.00,460149.6966,5635329.3879,2944409.1853
2024/02/14 04:50:56.00,460149.6949,5635329.3941,2944409.1865
2024/02/14 04:50:57.00,460149.6974,5635329.3984,2944409.1888
2024/02/14 04:50:58.00,460149.6956,5635329.3946,2944409.1851
2024/02/14 04:50:59.00,460149.6995,5635329.3964,2944409.1872
2024/02/14 04:51:00.00,460149.6976,5635329.3926,2944409.1847
2024/02/14 04:51:01.00,460149.6967,5635329.3909,2944409.1866
2024/02/14 04:51:02.00,460149.6966,5635329.3916,2944409.1855
2024/02/14 04:51:03.00,460149.6971,5635329.3879,2944409.1832
2024/02/14 04:51:04.00,460149.6955,5635329.3898,2944409.1848
2024/02/14 04:51:05.00,460149.6988,5635329.3889,2944409.1862
2024/02/14 04:51:06.00,460149.6973,5635329.3901,2944409.1828
2024/02/14 04:51:07.00,460149.6977,5635329.3868,2944409.1851
2024/02/14 04:51:08.00,460149.6962,5635329.3815,2944409.1825
2024/02/14 04:51:09.00,460149.6988,5635329.3843,2944409.1861
2024/02/14 04:51:10.00,460149.6985,5635329.3886,2944409.1853
2024/02/14 04:51:11.00,460149.6981,5635329.3879,2944409.1841
2024/02/14 04:51:12.00,460149.6975,5635329.3863,2944409.1829
2024/02/14 04:51:13.00,460149.6977,5635329.3851,2944409.1862
2024/02/14 04:51:14.00,460149.6984,5635329.3834,2944409.1843
2024/02/14 04:51:15.00,460149.6989,5635329.3848,2944409.1845
2024/02/14 04:51:16.00,460149.6975,5635329.3826,2944409.18
2024/02/14 04:51:17.00,460149.6982,5635329.3806,2944409.1793
2024/02/14 04:51:18.00,460149.6985,5635329.3847,2944409.1812
2024/02/14 04:51:19.00,460149.6955,5635329.3773,2944409.18
2024/02/14 04:51:20.00,460149.6978,5635329.3826,2944409.182
2024/02/14 04:51:21.00,460149.7007,5635329.3812,2944409.1826
2024/02/14 04:51:22.00,460149.698,5635329.3776,2944409.1811
2024/02/14 04:51:23.00,460149.6977,5635329.377,2944409.1807
2024/02/14 04:51:24.00,460149.6981,5635329.3729,2944409.1799
2024/02/14 04:51:25.00,460149.6984,5635329.372,2944409.1808
2024/02/14 04:51:26.00,460149.6976,5635329.3739,2944409.1798
2024/02/14 04:51:27.00,460149.6949,5635329.376,2944409.1814
2024/02/14 04:51:28.00,460149.6973,5635329.3747,2944409.1799
2024/02/14 04:51:29.00,460149.697,5635329.3712,2944409.1796
2024/02/14 04:51:30.00,460149.6996,5635329.3757,2944409.1822
2024/02/14 04:51:31.00,460149.699,5635329.3734,2944409.1791
2024/02/14 04:51:32.00,460149.6986,5635329.3652,2944409.1769
2024/02/14 04:51:33.00,460149.6961,5635329.3623,2944409.1765
2024/02/14 04:51:34.00,460149.6969,5635329.3638,2944409.1746
2024/02/14 04:51:35.00,460149.6959,5635329.3646,2944409.1791
2024/02/14 04:51:36.00,460149.6993,5635329.3636,2944409.1757
2024/02/14 04:51:37.00,460149.6984,5635329.3636,2944409.1764
2024/02/14 04:51:38.00,460149.6967,5635329.3611,2944409.175
2024/02/14 04:51:39.00,460149.698,5635329.3676,2944409.1744
2024/02/14 04:51:40.00,460149.6973,5635329.3627,2944409.1764
2024/02/14 04:51:41.00,460149.6979,5635329.3682,2944409.1755
2024/02/14 04:51:42.00,460149.6984,5635329.3604,2944409.1742
2024/02/14 04:51:43.00,460149.6977,5635329.3618,2944409.1739
2024/02/14 04:51:44.00,460149.6973,5635329.3619,2944409.172
2024/02/14 04:51:45.00,460149.6981,5635329.3559,2944409.1726
2024/02/14 04:51:46.00,460149.6974,5635329.3569,2944409.1728
2024/02/14 04:51:47.00,460149.6971,5635329.3578,2944409.1722
2024/02/14 04:51:48.00,460149.6963,5635329.3575,2944409.1737
2024/02/14 04:51:49.00,460149.6974,5635329.3519,2944409.1698
2024/02/14 04:51:50.00,460149.6985,5635329.3565,2944409.1708
2024/02/14 04:51:51.00,460149.6974,5635329.354,2944409.1722
2024/02/14 04:51:52.00,460149.6979,5635329.3496,2944409.1705
2024/02/14 04:51:53.00,460149.6969,5635329.3521,2944409.1707
2024/02/14 04:51:54.00,460149.6966,5635329.3427,2944409.1707
2024/02/14 04:51:55.00,460149.6969,5635329.3449,2944409.1699
2024/02/14 04:51:56.00,460149.6992,5635329.3451,2944409.1701
2024/02/14 04:51:57.00,460149.6958,5635329.3455,2944409.1697
2024/02/14 04:51:58.00,460149.6973,5635329.3424,2944409.1683
2024/02/14 04:51:59.00,460149.6957,5635329.3422,2944409.1687
2024/02/14 04:52:00.00,460149.6974,5635329.3472,2944409.1712
2024/02/14 04:52:01.00,460149.6975,5635329.3481,2944409.1695
2024/02/14 04:52:02.00,460149.6979,5635329.3452,2944409.1679
2024/02/14 04:52:03.00,460149.6983,5635329.3421,2944409.169
2024/02/14 04:52:04.00,460149.6956,5635329.3428,2944409.1644
2024/02/14 04:52:05.00,460149.6976,5635329.3445,2944409.1676
2024/02/14 04:52:06.00,460149.696,5635329.3376,2944409.1651
2024/02/14 04:52:07.00,460149.6907,5635329.4227,2944409.2165
2024/02/14 04:52:08.00,460149.6915,5635329.4171,2944409.2146
2024/02/14 04:52:09.00,460149.6912,5635329.4174,2944409.217
2024/02/14 04:52:10.00,460149.6909,5635329.4143,2944409.2149
2024/02/14 04:52:11.00,460149.6916,5635329.4188,2944409.2146
2024/02/14 04:52:12.00,460149.6909,5635329.4133,2944409.214
2024/02/14 04:52:13.00,460149.6893,5635329.4121,2944409.2135
2024/02/14 04:52:14.00,460149.689,5635329.4073,2944409.2136
2024/02/14 04:52:15.00,460149.6909,5635329.4124,2944409.2119
2024/02/14 04:52:16.00,460149.6899,5635329.4127,2944409.2137
2024/02/14 04:52:17.00,460149.6914,5635329.411,2944409.2141
2024/02/14 04:52:18.00,460149.6898,5635329.4071,2944409.21
2024/02/14 04:52:19.00,460149.6914,5635329.4103,2944409.2129
2024/02/14 04:52:20.00,460149.691,5635329.4096,2944409.2121
2024/02/14 04:52:21.00,460149.691,5635329.4059,2944409.2121
2024/02/14 04:52:22.00,460149.6889,5635329.4039,2944409.2108
2024/02/14 04:52:23.00,460149.6931,5635329.4124,2944409.2142
2024/02/14 04:52:24.00,460149.6902,5635329.4072,2944409.2105
2024/02/14 04:52:25.00,460149.6918,5635329.4083,2944409.2104
2024/02/14 04:52:26.00,460149.6907,5635329.401,2944409.2089
2024/02/14 04:52:27.00,460149.6907,5635329.4024,2944409.2089
2024/02/14 04:52:28.00,460149.6903,5635329.4028,2944409.2099
2024/02/14 04:52:29.00,460149.6922,5635329.4114,2944409.2086
2024/02/14 04:52:30.00,460149.6911,5635329.4049,2944409.207
2024/02/14 04:52:31.00,460149.6903,5635329.4039,2944409.209
2024/02/14 04:52:32.00,460149.6905,5635329.3967,2944409.206
2024/02/14 04:52:33.00,460149.6879,5635329.3986,2944409.2076
2024/02/14 04:52:34.00,460149.6909,5635329.3961,2944409.2065
2024/02/14 04:52:35.00,460149.6904,5635329.4046,2944409.2061
2024/02/14 04:52:36.00,460149.6893,5635329.3965,2944409.2046
2024/02/14 04:52:37.00,460149.6891,5635329.3898,2944409.2045
2024/02/14 04:52:38.00,460149.6897,5635329.3912,2944409.2041
2024/02/14 04:52:39.00,460149.6911,5635329.3972,2944409.2036
2024/02/14 04:52:40.00,460149.6897,5635329.4004,2944409.2063
2024/02/14 04:52:41.00,460149.6918,5635329.3981,2944409.2038
2024/02/14 04:52:42.00,460149.6899,5635329.3972,2944409.2046
2024/02/14 04:52:43.00,460149.6898,5635329.395,2944409.2065
2024/02/14 04:52:44.00,460149.6895,5635329.393,2944409.2053
2024/02/14 04:52:45.00,460149.6889,5635329.3921,2944409.2017
2024/02/14 04:52:46.00,460149.6889,5635329.3941,2944409.2033
2024/02/14 04:52:47.00,460149.6892,5635329.3893,2944409.2014
2024/02/14 04:52:48.00,460149.6878,5635329.3909,2944409.2008
2024/02/14 04:52:49.00,460149.6901,5635329.3889,2944409.2012
2024/02/14 04:52:50.00,460149.6878,5635329.3882,2944409.2
2024/02/14 04:52:51.00,460149.6886,5635329.385,2944409.1973
2024/02/14 04:52:52.00,460149.6901,5635329.3845,2944409.2023
2024/02/14 04:52:53.00,460149.6895,5635329.3861,2944409.1998
2024/02/14 04:52:54.00,460149.69,5635329.3841,2944409.2005
2024/02/14 04:52:55.00,460149.6899,5635329.3813,2944409.2003
2024/02/14 04:52:56.00,460149.6896,5635329.3818,2944409.1961
2024/02/14 04:52:57.00,460149.6895,5635329.3814,2944409.1996
2024/02/14 04:52:58.00,460149.6905,5635329.3816,2944409.1999
2024/02/14 04:52:59.00,460149.6891,5635329.3792,2944409.1975
2024/02/14 04:53:00.00,460149.6888,5635329.3821,2944409.1965
2024/02/14 04:53:01.00,460149.6898,5635329.3782,2944409.1974
2024/02/14 04:53:02.00,460149.6905,5635329.3794,2944409.1978
2024/02/14 04:53:03.00,460149.6895,5635329.3795,2944409.1982
2024/02/14 04:53:04.00,460149.6902,5635329.3804,2944409.1967
2024/02/14 04:53:05.00,460149.6892,5635329.3792,2944409.1974
2024/02/14 04:53:06.00,460149.6898,5635329.3774,2944409.1969
2024/02/14 04:53:07.00,460149.6899,5635329.3789,2944409.1967
2024/02/14 04:53:08.00,460149.689,5635329.3695,2944409.1959
2024/02/14 04:53:09.00,460149.6888,5635329.3727,2944409.1952
2024/02/14 04:53:10.00,460149.688,5635329.371,2944409.1965
2024/02/14 04:53:11.00,460149.69,5635329.3694,2944409.196
2024/02/14 04:53:12.00,460149.6891,5635329.3705,2944409.1941
2024/02/14 04:53:13.00,460149.6876,5635329.3642,2944409.1944
2024/02/14 04:53:14.00,460149.688,5635329.3602,2944409.1918
2024/02/14 04:53:15.00,460149.6904,5635329.3634,2944409.1939
2024/02/14 04:53:16.00,460149.6882,5635329.3641,2944409.1938
2024/02/14 04:53:17.00,460149.6873,5635329.3609,2944409.1907
2024/02/14 04:53:18.00,460149.6877,5635329.3598,2944409.1918
2024/02/14 04:53:19.00,460149.6882,5635329.3586,2944409.191
2024/02/14 04:53:20.00,460149.6899,5635329.3603,2944409.19
2024/02/14 04:53:21.00,460149.6902,5635329.3553,2944409.1892
2024/02/14 04:53:22.00,460149.6897,5635329.3624,2944409.1922
2024/02/14 04:53:23.00,460149.6873,5635329.3573,2944409.1905
2024/02/14 04:53:24.00,460149.6887,5635329.3554,2944409.1875
2024/02/14 04:53:25.00,460149.6868,5635329.3556,2944409.1912
2024/02/14 04:53:26.00,460149.6909,5635329.3598,2944409.1929
2024/02/14 04:53:27.00,460149.6904,5635329.3523,2944409.1902
2024/02/14 04:53:28.00,460149.6888,5635329.3463,2944409.1899
2024/02/14 04:53:29.00,460149.688,5635329.3476,2944409.1888
2024/02/14 04:53:30.00,460149.6882,5635329.3541,2944409.1872
2024/02/14 04:53:31.00,460149.6891,5635329.3527,2944409.1884
2024/02/14 04:53:32.00,460149.6904,5635329.3515,2944409.1891
2024/02/14 04:53:33.00,460149.6916,5635329.3493,2944409.192
2024/02/14 04:53:34.00,460149.6929,5635329.355,2944409.19
2024/02/14 04:53:35.00,460151.1004,5635323.2208,2944408.0949
2024/02/14 04:53:36.00,460151.099,5635323.2215,2944408.0953
2024/02/14 04:53:37.00,460149.6904,5635329.3463,2944409.1877
2024/02/14 04:53:38.00,460151.1005,5635323.2204,2944408.0946
2024/02/14 04:53:39.00,460151.0988,5635323.2208,2944408.0945
2024/02/14 04:53:40.00,460151.0979,5635323.2166,2944408.0945
2024/02/14 04:53:41.00,460151.0998,5635323.2158,2944408.0929
2024/02/14 04:53:42.00,460151.0983,5635323.219,2944408.0924
2024/02/14 04:53:43.00,460151.0972,5635323.2178,2944408.0931
2024/02/14 04:53:44.00,460151.0984,5635323.219,2944408.0921
2024/02/14 04:53:45.00,460151.0975,5635323.2124,2944408.0918
2024/02/14 04:53:46.00,460151.0995,5635323.2175,2944408.0923
2024/02/14 04:53:47.00,460151.0986,5635323.2161,2944408.093
2024/02/14 04:53:48.00,460151.1011,5635323.2151,2944408.0938
2024/02/14 04:53:49.00,460151.0954,5635323.2074,2944408.0901
2024/02/14 04:53:50.00,460151.0982,5635323.2097,2944408.0893
2024/02/14 04:53:51.00,460151.0985,5635323.2095,2944408.089
2024/02/14 04:53:52.00,460151.0947,5635323.2013,2944408.0881
2024/02/14 04:53:53.00,460151.0959,5635323.2059,2944408.0899
2024/02/14 04:53:54.00,460151.0943,5635323.2003,2944408.0865
2024/02/14 04:53:55.00,460151.0971,5635323.2082,2944408.0882
2024/02/14 04:53:56.00,460151.097,5635323.2051,2944408.087
2024/02/14 04:53:57.00,460151.0949,5635323.1992,2944408.0855
2024/02/14 04:53:58.00,460151.0964,5635323.2015,2944408.0872
2024/02/14 04:53:59.00,460151.0953,5635323.2052,2944408.0877
2024/02/14 04:54:00.00,460151.0952,5635323.195,2944408.0852
2024/02/14 04:54:01.00,460151.0926,5635323.1886,2944408.0842
2024/02/14 04:54:02.00,460151.0938,5635323.196,2944408.0845
2024/02/14 04:54:03.00,460151.0925,5635323.1933,2944408.0832
2024/02/14 04:54:04.00,460151.0952,5635323.1977,2944408.084
2024/02/14 04:54:05.00,460151.0942,5635323.1907,2944408.0838
2024/02/14 04:54:06.00,460146.5104,5635330.8939,2944406.5765
2024/02/14 04:54:07.00,460151.0931,5635323.192,2944408.0817
2024/02/14 04:54:08.00,460151.0939,5635323.1907,2944408.0825
2024/02/14 04:54:09.00,460151.0943,5635323.1875,2944408.0821
2024/02/14 04:54:10.00,460151.0956,5635323.1895,2944408.0822
2024/02/14 04:54:11.00,460151.0928,5635323.184,2944408.0813
2024/02/14 04:54:12.00,460151.0925,5635323.1807,2944408.0825
2024/02/14 04:54:13.00,460151.093,5635323.1835,2944408.0806
2024/02/14 04:54:14.00,460151.0941,5635323.1823,2944408.0814
2024/02/14 04:54:15.00,460151.0916,5635323.1823,2944408.0795
2024/02/14 04:54:16.00,460151.0906,5635323.1766,2944408.08
2024/02/14 04:54:17.00,460151.0923,5635323.1789,2944408.0791
2024/02/14 04:54:18.00,460151.0939,5635323.176,2944408.0807
2024/02/14 04:54:19.00,460151.094,5635323.182,2944408.0786
2024/02/14 04:54:20.00,460151.0964,5635323.181,2944408.0782
2024/02/14 04:54:21.00,460151.0897,5635323.177,2944408.0764
2024/02/14 04:54:22.00,460151.0929,5635323.1754,2944408.0783
2024/02/14 04:54:23.00,460151.0913,5635323.1756,2944408.0763
2024/02/14 04:54:24.00,460151.09,5635323.1693,2944408.0756
2024/02/14 04:54:25.00,460151.0919,5635323.1707,2944408.0751
2024/02/14 04:54:26.00,460151.0911,5635323.1741,2944408.077
2024/02/14 04:54:27.00,460151.092,5635323.1768,2944408.076
2024/02/14 04:54:28.00,460151.0912,5635323.1725,2944408.074
2024/02/14 04:54:29.00,460151.091,5635323.1634,2944408.0746
2024/02/14 04:54:30.00,460151.0915,5635323.1684,2944408.0765
2024/02/14 04:54:31.00,460151.0903,5635323.1671,2944408.0721
2024/02/14 04:54:32.00,460151.0904,5635323.1657,2944408.075
2024/02/14 04:54:33.00,460151.0894,5635323.1606,2944408.0727
2024/02/14 04:54:34.00,460151.0893,5635323.1607,2944408.0744
2024/02/14 04:54:35.00,460151.0882,5635323.158,2944408.0708
2024/02/14 04:54:36.00,460151.0903,5635323.1594,2944408.0738
2024/02/14 04:54:37.00,460151.0879,5635323.1551,2944408.072
2024/02/14 04:54:38.00,460151.0895,5635323.1583,2944408.07
2024/02/14 04:54:39.00,460151.0882,5635323.1539,2944408.0711
2024/02/14 04:54:40.00,460151.0865,5635323.1499,2944408.0696
2024/02/14 04:54:41.00,460151.0878,5635323.1536,2944408.0701
2024/02/14 04:54:42.00,460151.085,5635323.1451,2944408.069
2024/02/14 04:54:43.00,460151.0874,5635323.1489,2944408.069
2024/02/14 04:54:44.00,460151.0864,5635323.1455,2944408.0676
2024/02/14 04:54:45.00,460151.0876,5635323.1504,2944408.07
2024/02/14 04:54:46.00,460151.0881,5635323.1451,2944408.068
2024/02/14 04:54:47.00,460151.0853,5635323.1452,2944408.0657
2024/02/14 04:54:48.00,460151.086,5635323.1442,2944408.0658
2024/02/14 04:54:49.00,460151.0871,5635323.1485,2944408.0674
2024/02/14 04:54:50.00,460151.0864,5635323.1392,2944408.0645
2024/02/14 04:54:51.00,460151.0863,5635323.136,2944408.0658
2024/02/14 04:54:52.00,460151.0868,5635323.1339,2944408.0657
2024/02/14 04:54:53.00,460151.085,5635323.1393,2944408.065
2024/02/14 04:54:54.00,460151.0856,5635323.1417,2944408.0652
2024/02/14 04:54:55.00,460151.0872,5635323.1378,2944408.064
2024/02/14 04:54:56.00,460151.0854,5635323.1334,2944408.064
2024/02/14 04:54:57.00,460151.0863,5635323.1384,2944408.0656
2024/02/14 04:54:58.00,460151.0841,5635323.1339,2944408.0627
2024/02/14 04:54:59.00,460151.0846,5635323.1324,2944408.0613
2024/02/14 04:55:00.00,460151.0842,5635323.1278,2944408.0607
2024/02/14 04:55:01.00,460151.0842,5635323.1277,2944408.0608
2024/02/14 04:55:02.00,460151.0833,5635323.1309,2944408.0607
2024/02/14 04:55:03.00,460151.0854,5635323.1284,2944408.0605
2024/02/14 04:55:04.00,460151.0825,5635323.1223,2944408.0587
2024/02/14 04:55:05.00,460151.0832,5635323.1279,2944408.0615
2024/02/14 04:55:06.00,460151.0835,5635323.1246,2944408.0595
2024/02/14 04:55:07.00,460151.0808,5635323.1234,2944408.0601
2024/02/14 04:55:08.00,460151.0816,5635323.1183,2944408.0576
2024/02/14 04:55:09.00,460151.0827,5635323.1205,2944408.0588
2024/02/14 04:55:10.00,460151.0823,5635323.1223,2944408.0601
2024/02/14 04:55:11.00,460151.0831,5635323.1244,2944408.0593
2024/02/14 04:55:12.00,460151.0801,5635323.1109,2944408.0551
2024/02/14 04:55:13.00,460151.0821,5635323.1162,2944408.0557
2024/02/14 04:55:14.00,460151.0837,5635323.1136,2944408.0553
2024/02/14 04:55:15.00,460151.0803,5635323.1181,2944408.0561
2024/02/14 04:55:16.00,460151.0527,5635323.0931,2944408.089
2024/02/14 04:55:17.00,460150.8912,5635323.0023,2944408.289
2024/02/14 04:55:18.00,460150.4137,5635322.721,2944408.8768
2024/02/14 04:55:19.00,460149.7615,5635322.3362,2944409.6732
2024/02/14 04:55:20.00,460149.1724,5635321.9888,2944410.4071
2024/02/14 04:55:21.00,460148.5871,5635321.6359,2944411.1374
2024/02/14 04:55:22.00,460147.9156,5635321.2384,2944411.9586
2024/02/14 04:55:23.00,460147.1921,5635320.8,2944412.8666
2024/02/14 04:55:24.00,460146.4315,5635320.358,2944413.8134
2024/02/14 04:55:25.00,460145.6304,5635319.8722,2944414.8014
2024/02/14 04:55:26.00,460144.6551,5635319.3123,2944416.0103
2024/02/14 04:55:27.00,460143.5322,5635318.7099,2944417.2724
2024/02/14 04:55:28.00,460142.3851,5635318.1394,2944418.5527
2024/02/14 04:55:29.00,460141.271,5635317.5356,2944419.8165
2024/02/14 04:55:30.00,460140.093,5635316.9344,2944421.1198
2024/02/14 04:55:31.00,460138.8004,5635316.275,2944422.5491
2024/02/14 04:55:32.00,460137.4263,5635315.533,2944424.1744
2024/02/14 04:55:33.00,460135.8451,5635314.7254,2944425.9337
2024/02/14 04:55:34.00,460134.1724,5635313.8356,2944427.8489
2024/02/14 04:55:35.00,460132.3552,5635312.8745,2944429.8663
2024/02/14 04:55:36.00,460130.421,5635311.8439,2944432.0346
2024/02/14 04:55:37.00,460128.4525,5635310.7941,2944434.2312
2024/02/14 04:55:38.00,460126.3595,5635309.6521,2944436.5813
2024/02/14 04:55:39.00,460123.8742,5635308.3616,2944439.2771
2024/02/14 04:55:40.00,460121.0028,5635306.9674,2944442.2869
2024/02/14 04:55:41.00,460117.8322,5635305.4362,2944445.5656
2024/02/14 04:55:42.00,460114.3278,5635303.8303,2944449.0891
2024/02/14 04:55:43.00,460110.3326,5635302.0332,2944453.003
2024/02/14 04:55:44.00,460105.8968,5635300.0692,2944457.2572
2024/02/14 04:55:45.00,460101.4279,5635298.1261,2944461.536
2024/02/14 04:55:46.00,460096.7664,5635296.0781,2944465.9659
2024/02/14 04:55:47.00,460091.7967,5635293.9667,2944470.6319
2024/02/14 04:55:48.00,460086.4307,5635291.7461,2944475.498
2024/02/14 04:55:49.00,460080.7933,5635289.5581,2944480.3401
2024/02/14 04:55:50.00,460075.1438,5635287.5042,2944484.9734
2024/02/14 04:55:51.00,460069.6645,5635285.6342,2944489.2736
2024/02/14 04:55:52.00,460064.2512,5635283.8343,2944493.3546
2024/02/14 04:55:53.00,460058.8628,5635282.1173,2944497.2852
2024/02/14 04:55:54.00,460053.4961,5635280.4621,2944501.0935
2024/02/14 04:55:55.00,460048.065,5635278.8074,2944504.8988
2024/02/14 04:55:56.00,460042.4856,5635277.1573,2944508.7741
2024/02/14 04:55:57.00,460036.694,5635275.4873,2944512.6923
2024/02/14 04:55:58.00,460030.6738,5635273.8294,2944516.5911
2024/02/14 04:55:59.00,460024.4161,5635272.1404,2944520.5677
2024/02/14 04:56:00.00,460017.8373,5635270.4561,2944524.6312
2024/02/14 04:56:01.00,460010.86,5635268.7929,2944528.6931
2024/02/14 04:56:02.00,460003.5384,5635267.1388,2944532.7573
2024/02/14 04:56:03.00,459995.9199,5635265.4971,2944536.8438
2024/02/14 04:56:04.00,459988.0521,5635263.8739,2944540.9914
2024/02/14 04:56:05.00,459975.3746,5635270.1387,2944543.722
2024/02/14 04:56:06.00,459971.6158,5635260.5927,2944549.3617
2024/02/14 04:56:07.00,459958.6513,5635266.7647,2944552.2944
2024/02/14 04:56:08.00,459950.1201,5635265.0135,2944556.7548
2024/02/14 04:56:09.00,459946.0309,5635255.3463,2944562.7161
2024/02/14 04:56:10.00,459932.6964,5635261.4592,2944565.8569
2024/02/14 04:56:11.00,459923.7393,5635259.707,2944570.3893
2024/02/14 04:56:12.00,459914.6768,5635257.9689,2944574.9414
2024/02/14 04:56:13.00,459905.5137,5635256.1731,2944579.5769
2024/02/14 04:56:14.00,459896.3357,5635254.3016,2944584.3877
2024/02/14 04:56:15.00,459887.0523,5635252.3748,2944589.2891
2024/02/14 04:56:16.00,459882.1731,5635242.5331,2944595.6177
2024/02/14 04:56:17.00,459868.0608,5635248.5339,2944599.0993
2024/02/14 04:56:18.00,459858.4053,5635246.6482,2944603.9874
2024/02/14 04:56:19.00,459848.6673,5635244.758,2944608.8668
2024/02/14 04:56:20.00,459838.8256,5635242.8564,2944613.8004
2024/02/14 04:56:21.00,459828.9809,5635240.9542,2944618.7316
2024/02/14 04:56:22.00,459819.2546,5635239.0492,2944623.6755
2024/02/14 04:56:23.00,459809.7206,5635237.1382,2944628.6038
2024/02/14 04:56:24.00,459800.2348,5635235.1768,2944633.5939
2024/02/14 04:56:25.00,459790.6495,5635233.2172,2944638.6307
2024/02/14 04:56:26.00,459780.9832,5635231.2881,2944643.7152
2024/02/14 04:56:27.00,459771.2381,5635229.3359,2944648.8245
2024/02/14 04:56:28.00,459761.4448,5635227.4192,2944653.9661
2024/02/14 04:56:29.00,459751.6699,5635225.508,2944659.095
2024/02/14 04:56:30.00,459741.914,5635223.6265,2944664.1096
2024/02/14 04:56:31.00,459732.2914,5635221.8203,2944669.0069
2024/02/14 04:56:32.00,459722.8581,5635220.0417,2944673.8477
2024/02/14 04:56:33.00,459713.4677,5635218.2328,2944678.6883
2024/02/14 04:56:34.00,459704.0745,5635216.4017,2944683.5849
2024/02/14 04:56:35.00,459694.709,5635214.533,2944688.5392
2024/02/14 04:56:36.00,459685.4443,5635212.6932,2944693.47
2024/02/14 04:56:37.00,459676.2266,5635210.8569,2944698.3235
2024/02/14 04:56:38.00,459666.9622,5635209.0584,2944703.1458
2024/02/14 04:56:39.00,459657.6964,5635207.2799,2944707.9118
2024/02/14 04:56:40.00,459648.57,5635205.5176,2944712.6075
2024/02/14 04:56:41.00,459639.6629,5635203.8292,2944717.2053
2024/02/14 04:56:42.00,459630.9606,5635202.1623,2944721.691
2024/02/14 04:56:43.00,459622.4814,5635200.5139,2944726.098
2024/02/14 04:56:44.00,459614.1845,5635198.9028,2944730.3801
2024/02/14 04:56:45.00,459606.1054,5635197.3741,2944734.5611
2024/02/14 04:56:46.00,459598.245,5635195.8424,2944738.6579
2024/02/14 04:56:47.00,459590.6084,5635194.3468,2944742.6567
2024/02/14 04:56:48.00,459583.2635,5635192.8875,2944746.517
2024/02/14 04:56:49.00,459576.6938,5635191.5558,2944750.0255
2024/02/14 04:56:50.00,459571.0975,5635190.424,2944753.0428
2024/02/14 04:56:51.00,459565.8935,5635189.4058,2944755.7324
2024/02/14 04:56:52.00,459561.0712,5635188.5706,2944758.0773
2024/02/14 04:56:53.00,459556.7573,5635187.9214,2944759.9621
2024/02/14 04:56:54.00,459553.6064,5635187.583,2944761.1061
2024/02/14 04:56:55.00,459551.7161,5635187.4637,2944761.6225
2024/02/14 04:56:56.00,459550.3906,5635187.4112,2944761.9746
2024/02/14 04:56:57.00,459549.378,5635187.38,2944762.2613
2024/02/14 04:56:58.00,459548.2552,5635187.3647,2944762.5268
2024/02/14 04:56:59.00,459546.5041,5635187.3497,2944762.8421
2024/02/14 04:57:00.00,459544.3913,5635187.4152,2944763.2329
2024/02/14 04:57:01.00,459545.1259,5635185.5152,2944766.266
2024/02/14 04:57:02.00,459539.2388,5635187.4828,2944764.1584
2024/02/14 04:57:03.00,459535.9445,5635187.3867,2944764.9889
2024/02/14 04:57:04.00,459532.3458,5635186.9823,2944766.4431
2024/02/14 04:57:05.00,459528.6774,5635186.4285,2944768.0441
2024/02/14 04:57:06.00,459525.1571,5635185.9217,2944769.6079
2024/02/14 04:57:07.00,459521.4935,5635185.3246,2944771.3075
2024/02/14 04:57:08.00,459517.3946,5635184.5923,2944773.2852
2024/02/14 04:57:09.00,459512.7691,5635183.6955,2944775.6611
2024/02/14 04:57:10.00,459507.5152,5635182.6378,2944778.4531
2024/02/14 04:57:11.00,459501.7716,5635181.4609,2944781.5676
2024/02/14 04:57:12.00,459495.7393,5635180.1718,2944784.9138
2024/02/14 04:57:13.00,459489.6824,5635178.8949,2944788.2371
2024/02/14 04:57:14.00,459483.6183,5635177.6344,2944791.5443
2024/02/14 04:57:15.00,459477.2748,5635176.372,2944794.9396
2024/02/14 04:57:16.00,459470.625,5635175.0495,2944798.4591
2024/02/14 04:57:17.00,459463.6792,5635173.6877,2944802.1262
2024/02/14 04:57:19.00,459449.8681,5635170.1139,2944811.5715
2024/02/14 04:57:20.00,459442.0419,5635168.8033,2944815.5831
2024/02/14 04:57:21.00,459432.1711,5635167.3852,2944818.8021
2024/02/14 04:57:22.00,459423.0651,5635165.6403,2944823.5534
2024/02/14 04:57:23.00,459413.5523,5635163.7902,2944828.5571
2024/02/14 04:57:24.00,459404.062,5635161.8828,2944833.5986
2024/02/14 04:57:25.00,459394.5151,5635159.9171,2944838.7096
2024/02/14 04:57:26.00,459384.8827,5635157.8844,2944844.0125
2024/02/14 04:57:27.00,459375.1968,5635155.752,2944849.5598
2024/02/14 04:57:28.00,459365.5477,5635153.4546,2944855.3996
2024/02/14 04:57:29.00,459355.993,5635150.9971,2944861.5387
2024/02/14 04:57:30.00,459346.5789,5635148.4278,2944867.8391
2024/02/14 04:57:31.00,459337.2616,5635145.7905,2944874.1886
2024/02/14 04:57:32.00,459328.0775,5635143.161,2944880.5941
2024/02/14 04:57:33.00,459319.1162,5635140.4609,2944887.0189
2024/02/14 04:57:34.00,459310.3728,5635137.7163,2944893.6066
2024/02/14 04:57:35.00,459301.8083,5635134.8346,2944900.3377
2024/02/14 04:57:36.00,459293.4246,5635131.8964,2944907.2144
2024/02/14 04:57:37.00,459285.2055,5635128.8692,2944914.2083
2024/02/14 04:57:38.00,459277.1096,5635125.7166,2944921.4052
2024/02/14 04:57:39.00,459269.0763,5635122.4477,2944928.8341
2024/02/14 04:57:40.00,459261.0216,5635119.0617,2944936.4358
2024/02/14 04:57:41.00,459252.9392,5635115.6783,2944944.1651
2024/02/14 04:57:42.00,459244.8759,5635112.258,2944951.8684
2024/02/14 04:57:43.00,459236.9084,5635108.8494,2944959.5611
2024/02/14 04:57:44.00,459229.0056,5635105.4684,2944967.2239
2024/02/14 04:57:45.00,459221.1248,5635102.0417,2944974.9214
2024/02/14 04:57:46.00,459213.2144,5635098.6075,2944982.6874
2024/02/14 04:57:47.00,459205.2347,5635095.1728,2944990.4817
2024/02/14 04:57:48.00,459197.3108,5635091.8113,2944998.1727
2024/02/14 04:57:49.00,459189.5513,5635088.5355,2945005.7298
2024/02/14 04:57:50.00,459181.9659,5635085.3274,2945013.1571
2024/02/14 04:57:51.00,459174.572,5635082.1232,2945020.4517
2024/02/14 04:57:52.00,459167.2298,5635078.9227,2945027.7126
2024/02/14 04:57:53.00,459159.9382,5635075.7732,2945034.8852
2024/02/14 04:57:54.00,459152.7337,5635072.6726,2945041.9048
2024/02/14 04:57:55.00,459145.6521,5635069.6231,2945048.7987
2024/02/14 04:57:56.00,459138.7045,5635066.6524,2945055.5533
2024/02/14 04:57:57.00,459131.9694,5635063.7175,2945062.0945
2024/02/14 04:57:58.00,459125.4934,5635060.8887,2945068.4432
2024/02/14 04:57:59.00,459119.1683,5635058.0567,2945074.7122
2024/02/14 04:58:00.00,459112.8799,5635055.2814,2945080.8686
2024/02/14 04:58:01.00,459106.6328,5635052.5627,2945086.8876
2024/02/14 04:58:02.00,459100.4996,5635049.9636,2945092.8562
2024/02/14 04:58:03.00,459094.348,5635047.3455,2945098.8226
2024/02/14 04:58:04.00,459088.1625,5635044.7995,2945104.8329
2024/02/14 04:58:05.00,459081.9942,5635042.2533,2945110.9003
2024/02/14 04:58:06.00,459075.8426,5635039.743,2945116.997
2024/02/14 04:58:07.00,459069.6982,5635037.2751,2945123.0819
2024/02/14 04:58:08.00,459063.6016,5635034.8315,2945129.1474
2024/02/14 04:58:09.00,459057.6071,5635032.4186,2945135.1964
2024/02/14 04:58:10.00,459051.751,5635030.0415,2945141.2348
2024/02/14 04:58:11.00,459046.0425,5635027.6865,2945147.2348
2024/02/14 04:58:12.00,459040.5026,5635025.4085,2945153.0775
2024/02/14 04:58:13.00,459035.1042,5635023.2704,2945158.5944
2024/02/14 04:58:14.00,459029.6762,5635021.2155,2945164.017
2024/02/14 04:58:15.00,459024.1787,5635019.1408,2945169.4809
2024/02/14 04:58:16.00,459018.5956,5635017.0381,2945174.9967
2024/02/14 04:58:17.00,459012.9245,5635014.9338,2945180.5855
2024/02/14 04:58:18.00,459007.1631,5635012.7677,2945186.2314
2024/02/14 04:58:19.00,459001.3525,5635010.5709,2945191.9764
2024/02/14 04:58:20.00,458995.4528,5635008.3192,2945197.7993
2024/02/14 04:58:21.00,458989.491,5635006.0383,2945203.7028
2024/02/14 04:58:22.00,458983.4393,5635003.7504,2945209.6744
2024/02/14 04:58:23.00,458977.276,5635001.4621,2945215.667
2024/02/14 04:58:24.00,458970.9758,5634999.189,2945221.6509
2024/02/14 04:58:25.00,458964.5481,5634996.9677,2945227.6051
2024/02/14 04:58:26.00,458958.0428,5634994.7603,2945233.555
2024/02/14 04:58:27.00,458951.3892,5634992.5895,2945239.4436
2024/02/14 04:58:28.00,458944.5813,5634990.4388,2945245.2903
2024/02/14 04:58:29.00,458937.6301,5634988.3301,2945251.112
2024/02/14 04:58:30.00,458930.6084,5634986.2479,2945256.9362
2024/02/14 04:58:31.00,458923.4687,5634984.1955,2945262.724
2024/02/14 04:58:32.00,458916.2113,5634982.1662,2945268.4596
2024/02/14 04:58:33.00,458908.8069,5634980.2187,2945274.0925
2024/02/14 04:58:34.00,458901.2517,5634978.3717,2945279.6017
2024/02/14 04:58:35.00,458893.5787,5634976.5614,2945285.0096
2024/02/14 04:58:36.00,458885.8565,5634974.7945,2945290.3793
2024/02/14 04:58:37.00,458878.1134,5634973.0162,2945295.7503
2024/02/14 04:58:38.00,458870.3258,5634971.2679,2945301.1055
2024/02/14 04:58:39.00,458862.4796,5634969.5506,2945306.3723
2024/02/14 04:58:40.00,458854.7165,5634967.9315,2945311.4239
2024/02/14 04:58:41.00,458847.0511,5634966.3605,2945316.3427
2024/02/14 04:58:42.00,458839.372,5634964.7847,2945321.2496
2024/02/14 04:58:43.00,458831.6853,5634963.1848,2945326.1823
2024/02/14 04:58:44.00,458824.0181,5634961.5134,2945331.2098
2024/02/14 04:58:45.00,458816.3983,5634959.7364,2945336.3875
2024/02/14 04:58:46.00,458808.8173,5634957.8941,2945341.6974
2024/02/14 04:58:47.00,458801.1334,5634956.0051,2945347.0199
2024/02/14 04:58:48.00,458793.3117,5634954.1225,2945352.3189
2024/02/14 04:58:49.00,458785.3308,5634952.2487,2945357.5697
2024/02/14 04:58:50.00,458777.2132,5634950.3712,2945362.818
2024/02/14 04:58:51.00,458769.0033,5634948.4597,2945368.1248
2024/02/14 04:58:52.00,458760.7241,5634946.5001,2945373.5176
2024/02/14 04:58:53.00,458752.3464,5634944.4961,2945378.9653
2024/02/14 04:58:54.00,458746.0834,5634939.6338,2945384.2812
2024/02/14 04:58:55.00,458738.4202,5634937.7611,2945392.3108
2024/02/14 04:58:56.00,458726.5519,5634938.3564,2945395.4121
2024/02/14 04:58:57.00,458721.6171,5634931.6028,2945402.6416
2024/02/14 04:58:58.00,458712.6063,5634931.4214,2945408.824
2024/02/14 04:58:59.00,458704.429,5634927.2953,2945413.6629
2024/02/14 04:59:00.00,458695.7355,5634925.1945,2945419.067
2024/02/14 04:59:01.00,458687.0583,5634923.0849,2945424.4779
2024/02/14 04:59:02.00,458678.3992,5634920.945,2945429.9093
2024/02/14 04:59:03.00,458669.8055,5634918.805,2945435.3388
2024/02/14 04:59:04.00,458660.9498,5634918.7003,2945441.3354
2024/02/14 04:59:05.00,458653.1998,5634914.6404,2945445.8975
2024/02/14 04:59:06.00,458643.7375,5634914.4412,2945449.1319
2024/02/14 04:59:07.00,458637.1712,5634910.5359,2945456.167
2024/02/14 04:59:08.00,458628.7736,5634910.5097,2945462.0213
2024/02/14 04:59:09.00,458620.9,5634908.4537,2945467.2176
2024/02/14 04:59:10.00,458613.5848,5634904.4002,2945471.7412
2024/02/14 04:59:11.00,458605.9227,5634902.3968,2945476.7775
2024/02/14 04:59:12.00,458597.8866,5634902.4536,2945482.2698
2024/02/14 04:59:13.00,458587.1507,5634903.2851,2945484.6753
2024/02/14 04:59:14.00,458583.2909,5634896.7704,2945491.1282
2024/02/14 04:59:15.00,458575.8571,5634894.9689,2945495.7602
2024/02/14 04:59:16.00,458568.1384,5634895.2217,2945500.9365
2024/02/14 04:59:17.00,458561.5111,5634891.5263,2945504.6605
2024/02/14 04:59:18.00,458554.6571,5634889.8259,2945508.9339
2024/02/14 04:59:20.00,458539.9217,5634894.4237,2945517.8345
2024/02/14 04:59:21.00,458535.7065,5634884.7764,2945521.5982
2024/02/14 04:59:22.00,458529.2946,5634885.1539,2945526.239
2024/02/14 04:59:23.00,458520.242,5634886.3215,2945527.6519
2024/02/14 04:59:24.00,458514.7356,5634884.9464,2945531.1828
2024/02/14 04:59:25.00,458509.7484,5634883.7061,2945534.3703
2024/02/14 04:59:26.00,458505.3255,5634882.5943,2945537.2098
2024/02/14 04:59:27.00,458505.1484,5634876.9246,2945541.4301
2024/02/14 04:59:28.00,458501.4289,5634878.1006,2945544.2029
2024/02/14 04:59:29.00,458499.1386,5634875.4104,2945545.335
2024/02/14 04:59:30.00,458496.6708,5634874.7852,2945546.9404
2024/02/14 04:59:31.00,458494.4303,5634874.2202,2945548.4048
2024/02/14 04:59:32.00,458492.4387,5634873.6696,2945549.7659
2024/02/14 04:59:33.00,458490.2464,5634875.1694,2945551.6702
2024/02/14 04:59:34.00,458489.2166,5634872.7591,2945552.0572
2024/02/14 04:59:35.00,458488.1362,5634872.4743,2945552.7674
2024/02/14 04:59:36.00,458487.4907,5634872.3128,2945553.1855
2024/02/14 04:59:37.00,458487.4144,5634872.2973,2945553.2374
2024/02/14 04:59:38.00,458487.4165,5634872.2957,2945553.2339
2024/02/14 04:59:39.00,458487.4171,5634872.2922,2945553.2341
2024/02/14 04:59:40.00,458487.4169,5634872.2915,2945553.2361
2024/02/14 04:59:41.00,458487.4188,5634872.2954,2945553.2353
2024/02/14 04:59:42.00,458487.4171,5634872.297,2945553.2359
2024/02/14 04:59:43.00,458487.4175,5634872.2946,2945553.2331
2024/02/14 04:59:44.00,458487.4173,5634872.2914,2945553.2316
2024/02/14 04:59:45.00,458487.4165,5634872.2878,2945553.2338
2024/02/14 04:59:46.00,458487.416,5634872.2893,2945553.2307
2024/02/14 04:59:47.00,458487.4162,5634872.293,2945553.2328
2024/02/14 04:59:48.00,458487.4182,5634872.2909,2945553.2321
2024/02/14 04:59:49.00,458487.4183,5634872.2918,2945553.2354
2024/02/14 04:59:50.00,458487.415,5634872.284,2945553.2299
2024/02/14 04:59:51.00,458487.4149,5634872.2852,2945553.2299
2024/02/14 04:59:52.00,458487.4148,5634872.2853,2945553.2294
2024/02/14 04:59:53.00,458487.415,5634872.278,2945553.2293
2024/02/14 04:59:54.00,458487.4157,5634872.2804,2945553.2264
2024/02/14 04:59:55.00,458487.4165,5634872.2871,2945553.2307
2024/02/14 04:59:56.00,458487.4159,5634872.2851,2945553.231
2024/02/14 04:59:57.00,458487.4172,5634872.2868,2945553.2273
2024/02/14 04:59:58.00,458487.4146,5634872.2777,2945553.2288
2024/02/14 04:59:59.00,458487.4145,5634872.2785,2945553.228
2024/02/14 05:00:00.00,458487.4143,5634872.2772,2945553.2269
2024/02/14 05:00:01.00,458487.4143,5634872.2721,2945553.2269
2024/02/14 05:00:02.00,458487.4168,5634872.2808,2945553.2287
2024/02/14 05:00:03.00,458487.4155,5634872.2803,2945553.2269
2024/02/14 05:00:04.00,458487.4155,5634872.2721,2945553.2272
2024/02/14 05:00:05.00,458487.4143,5634872.2734,2945553.2247
2024/02/14 05:00:06.00,458487.4133,5634872.2759,2945553.2247
2024/02/14 05:00:07.00,458487.4135,5634872.2703,2945553.2252
2024/02/14 05:00:08.00,458487.4129,5634872.2739,2945553.2234
2024/02/14 05:00:09.00,458487.4137,5634872.2741,2945553.2246
2024/02/14 05:00:10.00,458487.4155,5634872.2729,2945553.2228
2024/02/14 05:00:11.00,458487.4136,5634872.271,2945553.222
2024/02/14 05:00:12.00,458487.4161,5634872.2689,2945553.2248
2024/02/14 05:00:13.00,458487.4149,5634872.2698,2945553.2225
2024/02/14 05:00:14.00,458487.4149,5634872.2661,2945553.2232
2024/02/14 05:00:15.00,458487.4138,5634872.267,2945553.223
2024/02/14 05:00:16.00,458487.4115,5634872.2663,2945553.2208
2024/02/14 05:00:17.00,458487.4152,5634872.264,2945553.22
2024/02/14 05:00:18.00,458487.4136,5634872.262,2945553.2216
2024/02/14 05:00:19.00,458487.4139,5634872.2602,2945553.2209
2024/02/14 05:00:20.00,458487.4141,5634872.2604,2945553.2178
2024/02/14 05:00:21.00,458487.415,5634872.2646,2945553.2206
2024/02/14 05:00:22.00,458487.4128,5634872.2615,2945553.2177
2024/02/14 05:00:23.00,458487.4128,5634872.2591,2945553.2165
2024/02/14 05:00:24.00,458487.4127,5634872.2549,2945553.219
2024/02/14 05:00:25.00,458487.4156,5634872.2626,2945553.2207
2024/02/14 05:00:26.00,458487.4165,5634872.2624,2945553.2181
2024/02/14 05:00:27.00,458487.4157,5634872.2525,2945553.2157
2024/02/14 05:00:28.00,458487.4152,5634872.2535,2945553.2169
2024/02/14 05:00:29.00,458487.4147,5634872.2553,2945553.2144
2024/02/14 05:00:30.00,458487.4154,5634872.2563,2945553.2159
2024/02/14 05:00:31.00,458487.4141,5634872.2536,2945553.214
2024/02/14 05:00:32.00,458487.4174,5634872.2589,2945553.2174
2024/02/14 05:00:33.00,458487.415,5634872.248,2945553.2135
2024/02/14 05:00:34.00,458487.415,5634872.2543,2945553.2127
2024/02/14 05:00:35.00,458487.4171,5634872.2519,2945553.2132
2024/02/14 05:00:36.00,458487.4152,5634872.2461,2945553.2116
2024/02/14 05:00:37.00,458487.4145,5634872.2512,2945553.213
2024/02/14 05:00:38.00,458487.4148,5634872.2474,2945553.2127
2024/02/14 05:00:39.00,458487.4137,5634872.2495,2945553.2094
2024/02/14 05:00:40.00,458487.4138,5634872.2388,2945553.2119
2024/02/14 05:00:41.00,458487.4138,5634872.2452,2945553.2105
2024/02/14 05:00:42.00,458487.4138,5634872.2388,2945553.2111
2024/02/14 05:00:43.00,458487.4143,5634872.2398,2945553.2085
2024/02/14 05:00:44.00,458487.4155,5634872.2397,2945553.2112
2024/02/14 05:00:45.00,458487.4109,5634872.2373,2945553.209
2024/02/14 05:00:46.00,458487.4138,5634872.2434,2945553.2117
2024/02/14 05:00:47.00,458487.4152,5634872.2382,2945553.2089
2024/02/14 05:00:48.00,458487.4139,5634872.2361,2945553.2089
2024/02/14 05:00:49.00,458487.4153,5634872.2395,2945553.2091
2024/02/14 05:00:50.00,458487.4124,5634872.2319,2945553.2064
2024/02/14 05:00:51.00,458487.4128,5634872.2373,2945553.2064
2024/02/14 05:00:52.00,458487.413,5634872.2435,2945553.21
2024/02/14 05:00:53.00,458487.4144,5634872.2372,2945553.2081
2024/02/14 05:00:54.00,458487.4116,5634872.2299,2945553.2054
2024/02/14 05:00:55.00,458487.4129,5634872.2356,2945553.2079
2024/02/14 05:00:56.00,458487.4143,5634872.2292,2945553.2065
2024/02/14 05:00:57.00,458487.4115,5634872.2302,2945553.2046
2024/02/14 05:00:58.00,458487.415,5634872.2321,2945553.2081
2024/02/14 05:00:59.00,458487.4136,5634872.2268,2945553.2069
2024/02/14 05:01:00.00,458487.4132,5634872.2333,2945553.2064
2024/02/14 05:01:01.00,458487.4123,5634872.2275,2945553.2046
2024/02/14 05:01:02.00,458487.412,5634872.2211,2945553.2029
2024/02/14 05:01:03.00,458487.413,5634872.2234,2945553.2055
2024/02/14 05:01:04.00,458487.4145,5634872.2284,2945553.2028
2024/02/14 05:01:05.00,458487.4132,5634872.2271,2945553.2035
2024/02/14 05:01:06.00,458487.4095,5634872.2214,2945553.2023
2024/02/14 05:01:07.00,458487.4122,5634872.2185,2945553.2015
2024/02/14 05:01:08.00,458487.4111,5634872.2184,2945553.1998
2024/02/14 05:01:09.00,458487.4117,5634872.2252,2945553.2007
2024/02/14 05:01:10.00,458487.4129,5634872.2255,2945553.2036
2024/02/14 05:01:11.00,458487.4141,5634872.2257,2945553.2025
2024/02/14 05:01:12.00,458487.4119,5634872.2205,2945553.2017
2024/02/14 05:01:13.00,458486.4403,5634870.6838,2945550.9696
2024/02/14 05:01:14.00,458487.354,5634867.6886,2945550.5808
2024/02/14 05:01:15.00,458487.4113,5634872.2211,2945553.2006
2024/02/14 05:01:16.00,458487.4135,5634872.2286,2945553.1998
2024/02/14 05:01:17.00,458487.4122,5634872.2226,2945553.1991
2024/02/14 05:01:18.00,458487.4136,5634872.2217,2945553.2006
2024/02/14 05:01:19.00,458487.4133,5634872.2232,2945553.2002
2024/02/14 05:01:20.00,458487.4114,5634872.2195,2945553.2001
2024/02/14 05:01:21.00,458487.4122,5634872.2193,2945553.1995
2024/02/14 05:01:22.00,458487.4114,5634872.2137,2945553.1965
2024/02/14 05:01:23.00,458487.4112,5634872.2123,2945553.1958
2024/02/14 05:01:24.00,458487.4135,5634872.2202,2945553.2002
2024/02/14 05:01:25.00,458487.4164,5634872.2196,2945553.1993
2024/02/14 05:01:26.00,458487.4152,5634872.2143,2945553.196
2024/02/14 05:01:27.00,458487.4138,5634872.2136,2945553.1972
2024/02/14 05:01:28.00,458487.4131,5634872.2131,2945553.1988
2024/02/14 05:01:29.00,458487.4146,5634872.2168,2945553.1984
2024/02/14 05:01:30.00,458487.3757,5634872.4343,2945553.2119
2024/02/14 05:01:31.00,458487.4105,5634872.2103,2945553.1951
2024/02/14 05:01:32.00,458487.414,5634872.2122,2945553.1967
2024/02/14 05:01:33.00,458487.4123,5634872.2077,2945553.1958
2024/02/14 05:01:34.00,458487.4149,5634872.2118,2945553.195
2024/02/14 05:01:35.00,458487.3765,5634872.4282,2945553.2104
2024/02/14 05:01:36.00,458487.3749,5634872.423,2945553.2091
2024/02/14 05:01:37.00,458486.4412,5634870.6886,2945550.9699
2024/02/14 05:01:38.00,458487.4146,5634872.2113,2945553.1945
2024/02/14 05:01:39.00,458487.3536,5634867.6897,2945550.5725
2024/02/14 05:01:40.00,458487.3756,5634872.4266,2945553.2092
2024/02/14 05:01:41.00,458486.4373,5634870.6872,2945550.9675
2024/02/14 05:01:42.00,458486.4406,5634870.6889,2945550.9698
2024/02/14 05:01:43.00,458486.4409,5634870.695,2945550.9674
2024/02/14 05:01:44.00,458487.3508,5634867.6843,2945550.5734
2024/02/14 05:01:45.00,458487.3519,5634867.6902,2945550.5739
2024/02/14 05:01:46.00,458487.3509,5634867.685,2945550.573
2024/02/14 05:01:47.00,458487.3496,5634867.6846,2945550.5712
2024/02/14 05:01:48.00,458486.4404,5634870.6938,2945550.9668
2024/02/14 05:01:49.00,458486.4391,5634870.6864,2945550.9676
2024/02/14 05:01:50.00,458487.3504,5634867.6839,2945550.5728
2024/02/14 05:01:51.00,458487.3512,5634867.6804,2945550.5688
2024/02/14 05:01:52.00,458487.3489,5634867.6823,2945550.57
2024/02/14 05:01:53.00,458486.4403,5634870.6959,2945550.9693
2024/02/14 05:01:54.00,458486.4389,5634870.6883,2945550.966
2024/02/14 05:01:55.00,458486.4393,5634870.6872,2945550.9672
2024/02/14 05:01:56.00,458486.4375,5634870.6884,2945550.9662
2024/02/14 05:01:57.00,458486.4394,5634870.691,2945550.9661
2024/02/14 05:01:58.00,458486.4397,5634870.6859,2945550.9654
2024/02/14 05:01:59.00,458486.4404,5634870.6875,2945550.9659
2024/02/14 05:02:00.00,458486.4399,5634870.6881,2945550.9652
2024/02/14 05:02:01.00,458486.4404,5634870.6859,2945550.9673
2024/02/14 05:02:02.00,458486.4389,5634870.6871,2945550.9636
2024/02/14 05:02:03.00,458486.4371,5634870.6841,2945550.9634
2024/02/14 05:02:04.00,458487.3471,5634867.6751,2945550.5661
2024/02/14 05:02:05.00,458486.4383,5634870.6842,2945550.964
2024/02/14 05:02:06.00,458487.347,5634867.6802,2945550.5648
2024/02/14 05:02:07.00,458486.4374,5634870.6885,2945550.9631
2024/02/14 05:02:08.00,458486.4376,5634870.6846,2945550.9629
2024/02/14 05:02:09.00,458487.3466,5634867.677,2945550.5651
2024/02/14 05:02:10.00,458486.4363,5634870.6836,2945550.9616
2024/02/14 05:02:11.00,458486.4366,5634870.6801,2945550.9619
2024/02/14 05:02:12.00,458486.4367,5634870.6863,2945550.9641
2024/02/14 05:02:13.00,458486.4368,5634870.6935,2945550.9623
2024/02/14 05:02:14.00,458486.4363,5634870.6846,2945550.9628
2024/02/14 05:02:15.00,458486.435,5634870.6815,2945550.96
2024/02/14 05:02:16.00,458486.4364,5634870.68,2945550.9621
2024/02/14 05:02:17.00,458486.4362,5634870.6861,2945550.9617
2024/02/14 05:02:18.00,458486.4341,5634870.6812,2945550.9609
2024/02/14 05:02:19.00,458486.4359,5634870.6858,2945550.9637
2024/02/14 05:02:20.00,458486.435,5634870.6849,2945550.9598
2024/02/14 05:02:21.00,458486.436,5634870.6874,2945550.9615
2024/02/14 05:02:22.00,458486.4353,5634870.6813,2945550.9613
2024/02/14 05:02:23.00,458486.4347,5634870.6839,2945550.9604
2024/02/14 05:02:24.00,458486.4336,5634870.6808,2945550.9605
2024/02/14 05:02:25.00,458486.4363,5634870.6849,2945550.96
2024/02/14 05:02:26.00,458486.434,5634870.6807,2945550.96
2024/02/14 05:02:27.00,458487.3418,5634867.6727,2945550.5602
2024/02/14 05:02:28.00,458486.4323,5634870.6827,2945550.9592
2024/02/14 05:02:29.00,458486.4359,5634870.6919,2945550.9612
2024/02/14 05:02:30.00,458486.4352,5634870.6826,2945550.9609
2024/02/14 05:02:31.00,458486.4346,5634870.6785,2945550.9585
2024/02/14 05:02:32.00,458486.4344,5634870.6766,2945550.9587
2024/02/14 05:02:33.00,458486.4354,5634870.6807,2945550.9594
2024/02/14 05:02:34.00,458487.341,5634867.6679,2945550.5562
2024/02/14 05:02:35.00,458486.4355,5634870.6773,2945550.9588
2024/02/14 05:02:36.00,458486.4348,5634870.6724,2945550.9572
2024/02/14 05:02:37.00,458486.4355,5634870.6786,2945550.9592
2024/02/14 05:02:38.00,458486.4337,5634870.6741,2945550.9593
2024/02/14 05:02:39.00,458486.4357,5634870.6816,2945550.9593
2024/02/14 05:02:40.00,458486.4359,5634870.6777,2945550.96
2024/02/14 05:02:41.00,458487.3416,5634867.6663,2945550.5543
2024/02/14 05:02:42.00,458486.4337,5634870.6775,2945550.958
2024/02/14 05:02:43.00,458487.34,5634867.6614,2945550.5546
2024/02/14 05:02:44.00,458486.4352,5634870.6746,2945550.9601
2024/02/14 05:02:45.00,458486.4334,5634870.6727,2945550.9592
2024/02/14 05:02:46.00,458486.4349,5634870.6694,2945550.9577
2024/02/14 05:02:47.00,458486.4339,5634870.6754,2945550.9571
2024/02/14 05:02:48.00,458487.3392,5634867.6576,2945550.5534
2024/02/14 05:02:49.00,458486.4337,5634870.673,2945550.9579
2024/02/14 05:02:50.00,458486.4353,5634870.676,2945550.9566
2024/02/14 05:02:51.00,458486.4346,5634870.6732,2945550.9572
2024/02/14 05:02:52.00,458486.4338,5634870.6768,2945550.9582
2024/02/14 05:02:53.00,458486.4341,5634870.6727,2945550.9569
2024/02/14 05:02:54.00,458486.4344,5634870.6749,2945550.9561
2024/02/14 05:02:55.00,458486.4337,5634870.6733,2945550.956
2024/02/14 05:02:56.00,458486.4358,5634870.6805,2945550.9591
2024/02/14 05:02:57.00,458486.4345,5634870.6762,2945550.9554
2024/02/14 05:02:58.00,458486.4353,5634870.6759,2945550.959
2024/02/14 05:02:59.00,458486.4341,5634870.675,2945550.9575
2024/02/14 05:03:00.00,458486.4317,5634870.673,2945550.9548
2024/02/14 05:03:01.00,458486.4328,5634870.669,2945550.9559
2024/02/14 05:03:02.00,458486.4328,5634870.6742,2945550.9557
2024/02/14 05:03:03.00,458486.4326,5634870.6719,2945550.9562
2024/02/14 05:03:04.00,458486.4334,5634870.6706,2945550.9546
2024/02/14 05:03:05.00,458486.432,5634870.6724,2945550.957
2024/02/14 05:03:06.00,458486.4329,5634870.6674,2945550.9561
2024/02/14 05:03:07.00,458486.4332,5634870.673,2945550.9588
2024/02/14 05:03:08.00,458486.4342,5634870.6743,2945550.9579
2024/02/14 05:03:09.00,458486.4319,5634870.6743,2945550.9543
2024/02/14 05:03:10.00,458486.4347,5634870.6766,2945550.9556
2024/02/14 05:03:11.00,458486.4312,5634870.6714,2945550.955
2024/02/14 05:03:12.00,458486.4335,5634870.67,2945550.9552
2024/02/14 05:03:13.00,458486.4344,5634870.6735,2945550.9545
2024/02/14 05:03:14.00,458486.4307,5634870.67,2945550.9545
2024/02/14 05:03:15.00,458486.4328,5634870.6738,2945550.9543
2024/02/14 05:03:16.00,458486.4316,5634870.6756,2945550.9552
2024/02/14 05:03:17.00,458486.4319,5634870.6722,2945550.9542
2024/02/14 05:03:18.00,458486.4317,5634870.6714,2945550.9551
2024/02/14 05:03:19.00,458486.4316,5634870.6678,2945550.9539
2024/02/14 05:03:20.00,458486.4337,5634870.677,2945550.9566
2024/02/14 05:03:21.00,458486.4319,5634870.6769,2945550.9526
2024/02/14 05:03:22.00,458487.3345,5634867.6527,2945550.5461
2024/02/14 05:03:23.00,458486.433,5634870.6726,2945550.9536
2024/02/14 05:03:24.00,458486.432,5634870.6656,2945550.9534
2024/02/14 05:03:25.00,458486.4312,5634870.6698,2945550.9548
2024/02/14 05:03:26.00,458486.4334,5634870.6796,2945550.9564
2024/02/14 05:03:27.00,458487.3336,5634867.6489,2945550.5454
2024/02/14 05:03:28.00,458486.4325,5634870.6727,2945550.9538
2024/02/14 05:03:29.00,458486.4332,5634870.6754,2945550.9551
2024/02/14 05:03:30.00,458486.4301,5634870.6732,2945550.9524
2024/02/14 05:03:31.00,458486.4333,5634870.6768,2945550.9532
2024/02/14 05:03:32.00,458486.4312,5634870.6676,2945550.9527
2024/02/14 05:03:33.00,458486.4314,5634870.6669,2945550.9517
2024/02/14 05:03:34.00,458486.4334,5634870.6661,2945550.9522
2024/02/14 05:03:35.00,458486.4324,5634870.6712,2945550.9535
2024/02/14 05:03:36.00,458486.4339,5634870.6726,2945550.9528
2024/02/14 05:03:37.00,458486.4341,5634870.6735,2945550.9524
2024/02/14 05:03:38.00,458486.4336,5634870.6796,2945550.9556
2024/02/14 05:03:39.00,458486.4326,5634870.6709,2945550.9509
2024/02/14 05:03:40.00,458486.4309,5634870.6687,2945550.9517
2024/02/14 05:03:41.00,458486.4321,5634870.6698,2945550.9533
2024/02/14 05:03:42.00,458486.4347,5634870.6737,2945550.9539
2024/02/14 05:03:43.00,458486.431,5634870.6723,2945550.9506
2024/02/14 05:03:44.00,458486.432,5634870.6662,2945550.9495
2024/02/14 05:03:45.00,458486.4308,5634870.6706,2945550.9503
2024/02/14 05:03:46.00,458486.4307,5634870.6715,2945550.9525
2024/02/14 05:03:47.00,458486.4315,5634870.6644,2945550.9525
2024/02/14 05:03:48.00,458486.4294,5634870.6727,2945550.9497
2024/02/14 05:03:49.00,458486.4322,5634870.6702,2945550.9506
2024/02/14 05:03:50.00,458486.4317,5634870.6745,2945550.9537
2024/02/14 05:03:51.00,458486.4313,5634870.6719,2945550.9527
2024/02/14 05:03:52.00,458486.4335,5634870.6797,2945550.9532
2024/02/14 05:03:53.00,458486.4311,5634870.6652,2945550.9503
2024/02/14 05:03:54.00,458486.4321,5634870.6677,2945550.9513
2024/02/14 05:03:55.00,458486.4292,5634870.6683,2945550.9501
2024/02/14 05:03:56.00,458486.4309,5634870.6691,2945550.9498
2024/02/14 05:03:57.00,458486.4326,5634870.6689,2945550.9542
2024/02/14 05:03:58.00,458486.4304,5634870.6651,2945550.9493
2024/02/14 05:03:59.00,458486.4317,5634870.6716,2945550.9526
2024/02/14 05:04:00.00,458486.431,5634870.6679,2945550.9502
2024/02/14 05:04:01.00,458486.4301,5634870.6715,2945550.9515
2024/02/14 05:04:02.00,458486.4308,5634870.667,2945550.9493
2024/02/14 05:04:03.00,458486.431,5634870.6674,2945550.952
2024/02/14 05:04:04.00,458486.4303,5634870.6685,2945550.9494
2024/02/14 05:04:05.00,458486.4293,5634870.67,2945550.9502
2024/02/14 05:04:06.00,458486.4301,5634870.6629,2945550.9496
2024/02/14 05:04:07.00,458486.4287,5634870.6595,2945550.9479
2024/02/14 05:04:08.00,458486.4265,5634870.6669,2945550.9472
2024/02/14 05:04:09.00,458486.4298,5634870.6679,2945550.9478
2024/02/14 05:04:10.00,458486.43,5634870.6652,2945550.9494
2024/02/14 05:04:11.00,458486.428,5634870.6694,2945550.9479
2024/02/14 05:04:12.00,458486.4283,5634870.6591,2945550.946
2024/02/14 05:04:13.00,458486.4282,5634870.6632,2945550.9472
2024/02/14 05:04:14.00,458486.4278,5634870.6605,2945550.9476
2024/02/14 05:04:15.00,458486.4271,5634870.6579,2945550.9468
2024/02/14 05:04:16.00,458486.4268,5634870.6588,2945550.9479
2024/02/14 05:04:17.00,458486.4291,5634870.6614,2945550.9475
2024/02/14 05:04:18.00,458486.4259,5634870.6633,2945550.9467
2024/02/14 05:04:19.00,458486.4259,5634870.6604,2945550.9453
2024/02/14 05:04:20.00,458486.4247,5634870.6554,2945550.9459
2024/02/14 05:04:21.00,458486.4267,5634870.6591,2945550.947
2024/02/14 05:04:22.00,458486.4279,5634870.6593,2945550.9461
2024/02/14 05:04:23.00,458486.4284,5634870.658,2945550.9449
2024/02/14 05:04:24.00,458486.4273,5634870.6552,2945550.9429
2024/02/14 05:04:25.00,458486.4277,5634870.6607,2945550.9437
2024/02/14 05:04:26.00,458486.4265,5634870.6609,2945550.9446
2024/02/14 05:04:27.00,458486.4297,5634870.6593,2945550.9452
2024/02/14 05:04:28.00,458486.4271,5634870.6594,2945550.9447
2024/02/14 05:04:29.00,458486.4275,5634870.6665,2945550.9458
2024/02/14 05:04:30.00,458486.4265,5634870.6612,2945550.9464
2024/02/14 05:04:31.00,458486.427,5634870.6619,2945550.9464
2024/02/14 05:04:32.00,458486.4269,5634870.6597,2945550.9435
2024/02/14 05:04:33.00,458486.4277,5634870.6599,2945550.9456
2024/02/14 05:04:34.00,458486.4266,5634870.662,2945550.9461
2024/02/14 05:04:35.00,458486.4276,5634870.6586,2945550.9428
2024/02/14 05:04:36.00,458486.4257,5634870.6613,2945550.9446
2024/02/14 05:04:37.00,458486.4257,5634870.6556,2945550.945
2024/02/14 05:04:38.00,458486.4263,5634870.6606,2945550.944
2024/02/14 05:04:39.00,458486.4252,5634870.6593,2945550.9437
2024/02/14 05:04:40.00,458486.4256,5634870.6543,2945550.9441
2024/02/14 05:04:41.00,458486.4281,5634870.6549,2945550.9445
2024/02/14 05:04:42.00,458486.4268,5634870.6578,2945550.9444
2024/02/14 05:04:43.00,458486.4278,5634870.6594,2945550.9429
2024/02/14 05:04:44.00,458486.425,5634870.658,2945550.9432
2024/02/14 05:04:45.00,458486.4289,5634870.6638,2945550.9453
2024/02/14 05:04:46.00,458486.4247,5634870.6616,2945550.944
2024/02/14 05:04:47.00,458486.4232,5634870.6573,2945550.9436
2024/02/14 05:04:48.00,458486.4247,5634870.6526,2945550.9419
2024/02/14 05:04:49.00,458486.4255,5634870.6545,2945550.9428
2024/02/14 05:04:50.00,458486.4241,5634870.6567,2945550.9416
2024/02/14 05:04:51.00,458486.4234,5634870.6571,2945550.94
2024/02/14 05:04:52.00,458486.4252,5634870.6583,2945550.9422
2024/02/14 05:04:53.00,458486.4264,5634870.6593,2945550.9436
2024/02/14 05:04:54.00,458486.4243,5634870.6576,2945550.9407
2024/02/14 05:04:55.00,458486.4244,5634870.6537,2945550.9404
2024/02/14 05:04:56.00,458486.4245,5634870.6577,2945550.9428
2024/02/14 05:04:57.00,458486.4254,5634870.651,2945550.9417
2024/02/14 05:04:58.00,458486.425,5634870.6618,2945550.9411
2024/02/14 05:04:59.00,458486.4243,5634870.6558,2945550.9384
2024/02/14 05:05:00.00,458486.4248,5634870.6581,2945550.9399
2024/02/14 05:05:01.00,458486.4242,5634870.6577,2945550.9406
2024/02/14 05:05:02.00,458486.4253,5634870.6634,2945550.941
2024/02/14 05:05:03.00,458486.4238,5634870.6592,2945550.939
2024/02/14 05:05:04.00,458486.4249,5634870.6584,2945550.941
2024/02/14 05:05:05.00,458486.4237,5634870.6567,2945550.9395
2024/02/14 05:05:06.00,458486.4247,5634870.6574,2945550.9397
2024/02/14 05:05:07.00,458486.4231,5634870.6612,2945550.9387
2024/02/14 05:05:08.00,458486.4214,5634870.6564,2945550.9366
2024/02/14 05:05:09.00,458486.425,5634870.6566,2945550.9417
2024/02/14 05:05:10.00,458486.4242,5634870.6538,2945550.9396
2024/02/14 05:05:11.00,458486.4265,5634870.662,2945550.9396
2024/02/14 05:05:12.00,458486.4245,5634870.6621,2945550.9404
2024/02/14 05:05:13.00,458486.4235,5634870.665,2945550.938
2024/02/14 05:05:14.00,458486.4233,5634870.6561,2945550.9396
2024/02/14 05:05:15.00,458486.4263,5634870.6603,2945550.9384
2024/02/14 05:05:16.00,458486.4237,5634870.6625,2945550.9369
2024/02/14 05:05:17.00,458486.4243,5634870.6587,2945550.9404
2024/02/14 05:05:18.00,458486.4249,5634870.6653,2945550.9405
2024/02/14 05:05:19.00,458486.4239,5634870.6611,2945550.9373
2024/02/14 05:05:20.00,458486.4228,5634870.664,2945550.9357
2024/02/14 05:05:21.00,458486.4246,5634870.6646,2945550.9394
2024/02/14 05:05:22.00,458486.4217,5634870.658,2945550.9359
2024/02/14 05:05:23.00,458486.4227,5634870.657,2945550.9359
2024/02/14 05:05:24.00,458486.4253,5634870.6609,2945550.9354
2024/02/14 05:05:25.00,458486.425,5634870.6592,2945550.9352
2024/02/14 05:05:26.00,458486.4255,5634870.661,2945550.9376
2024/02/14 05:05:27.00,458486.4235,5634870.6578,2945550.9338
2024/02/14 05:05:28.00,458486.4248,5634870.6615,2945550.9368
2024/02/14 05:05:29.00,458486.4249,5634870.658,2945550.9359
2024/02/14 05:05:30.00,458486.4229,5634870.6629,2945550.9349
2024/02/14 05:05:31.00,458486.4246,5634870.659,2945550.937
2024/02/14 05:05:32.00,458486.4236,5634870.664,2945550.9356
2024/02/14 05:05:33.00,458486.4241,5634870.6638,2945550.9379
2024/02/14 05:05:34.00,458486.4246,5634870.6569,2945550.9361
2024/02/14 05:05:35.00,458486.4247,5634870.6601,2945550.9352
2024/02/14 05:05:36.00,458486.4212,5634870.6608,2945550.9336
2024/02/14 05:05:37.00,458486.4228,5634870.6608,2945550.935
2024/02/14 05:05:38.00,458486.4221,5634870.6613,2945550.934
2024/02/14 05:05:39.00,458486.4231,5634870.6622,2945550.9357
2024/02/14 05:05:40.00,458486.4227,5634870.6571,2945550.934
2024/02/14 05:05:41.00,458486.4243,5634870.6615,2945550.9344
2024/02/14 05:05:42.00,458486.421,5634870.6542,2945550.9318
2024/02/14 05:05:43.00,458486.4247,5634870.6624,2945550.9354
2024/02/14 05:05:44.00,458486.423,5634870.6655,2945550.9319
2024/02/14 05:05:45.00,458486.4237,5634870.6618,2945550.9365
2024/02/14 05:05:46.00,458486.4253,5634870.6659,2945550.9354
2024/02/14 05:05:47.00,458486.4245,5634870.6585,2945550.9342
2024/02/14 05:05:48.00,458486.4223,5634870.6616,2945550.9324
2024/02/14 05:05:49.00,458486.4226,5634870.6542,2945550.9321
2024/02/14 05:05:50.00,458486.423,5634870.657,2945550.9306
2024/02/14 05:05:51.00,458486.4251,5634870.6559,2945550.9321
2024/02/14 05:05:52.00,458486.4238,5634870.6592,2945550.9301
2024/02/14 05:05:53.00,458486.4223,5634870.6526,2945550.9303
2024/02/14 05:05:54.00,458486.4217,5634870.6595,2945550.9306
2024/02/14 05:05:55.00,458486.4232,5634870.6551,2945550.9308
2024/02/14 05:05:56.00,458486.4255,5634870.659,2945550.9309
2024/02/14 05:05:57.00,458486.4246,5634870.6578,2945550.9318
2024/02/14 05:05:58.00,458486.4237,5634870.6533,2945550.9285
2024/02/14 05:05:59.00,458486.4243,5634870.6579,2945550.9294
2024/02/14 05:06:00.00,458486.4214,5634870.6568,2945550.9303
2024/02/14 05:06:01.00,458486.4229,5634870.6572,2945550.9304
2024/02/14 05:06:02.00,458486.4237,5634870.6608,2945550.9307
2024/02/14 05:06:03.00,458486.423,5634870.6611,2945550.9295
2024/02/14 05:06:04.00,458486.4266,5634870.6635,2945550.9298
2024/02/14 05:06:05.00,458486.424,5634870.6658,2945550.9299
2024/02/14 05:06:06.00,458486.4234,5634870.6654,2945550.9314
2024/02/14 05:06:07.00,458486.4245,5634870.662,2945550.9289
2024/02/14 05:06:08.00,458486.4255,5634870.6594,2945550.9321
2024/02/14 05:06:09.00,458486.4251,5634870.662,2945550.9307
2024/02/14 05:06:10.00,458486.4235,5634870.6587,2945550.9293
2024/02/14 05:06:11.00,458486.4237,5634870.6582,2945550.9288
2024/02/14 05:06:12.00,458486.4249,5634870.6628,2945550.9303
2024/02/14 05:06:13.00,458486.4256,5634870.6584,2945550.9284
2024/02/14 05:06:14.00,458486.4221,5634870.6539,2945550.9272
2024/02/14 05:06:15.00,458486.4232,5634870.6604,2945550.9282
2024/02/14 05:06:16.00,458486.4232,5634870.6612,2945550.9277
2024/02/14 05:06:17.00,458486.4237,5634870.6618,2945550.9285
2024/02/14 05:06:18.00,458486.4233,5634870.6545,2945550.9277
2024/02/14 05:06:19.00,458486.4227,5634870.6557,2945550.9259
2024/02/14 05:06:20.00,458486.421,5634870.6557,2945550.9255
2024/02/14 05:06:21.00,458486.4218,5634870.6568,2945550.9269
2024/02/14 05:06:22.00,458486.4232,5634870.6578,2945550.9251
2024/02/14 05:06:23.00,458486.4437,5634870.6681,2945550.915
2024/02/14 05:06:24.00,458486.4342,5634870.6565,2945550.9168
2024/02/14 05:06:25.00,458486.2209,5634870.6219,2945551.0543
2024/02/14 05:06:26.00,458485.4968,5634870.4404,2945551.5306
2024/02/14 05:06:27.00,458484.1762,5634870.1057,2945552.3727
2024/02/14 05:06:28.00,458482.827,5634869.7759,2945553.2322
2024/02/14 05:06:29.00,458481.4627,5634869.4419,2945554.0988
2024/02/14 05:06:30.00,458479.7142,5634869.0254,2945555.2031
2024/02/14 05:06:31.00,458477.5628,5634868.4875,2945556.5449
2024/02/14 05:06:32.00,458475.1313,5634867.9137,2945558.0488
2024/02/14 05:06:33.00,458472.5968,5634867.3106,2945559.5922
2024/02/14 05:06:34.00,458470.1256,5634866.7422,2945561.066
2024/02/14 05:06:35.00,458467.5611,5634866.151,2945562.5644
2024/02/14 05:06:36.00,458464.6873,5634865.4992,2945564.3005
2024/02/14 05:06:37.00,458461.4623,5634864.7093,2945566.3112
2024/02/14 05:06:38.00,458457.8918,5634863.8377,2945568.5985
2024/02/14 05:06:39.00,458453.9723,5634862.8254,2945571.1424
2024/02/14 05:06:40.00,458449.8149,5634861.733,2945573.9178
2024/02/14 05:06:41.00,458445.5334,5634860.6027,2945576.775
2024/02/14 05:06:42.00,458441.2553,5634859.5291,2945579.5542
2024/02/14 05:06:43.00,458437.0845,5634858.4977,2945582.2341
2024/02/14 05:06:44.00,458433.0374,5634857.5208,2945584.7952
2024/02/14 05:06:45.00,458429.0992,5634856.5816,2945587.2569
2024/02/14 05:06:46.00,458425.3811,5634855.6968,2945589.5709
2024/02/14 05:06:47.00,458421.8852,5634854.9001,2945591.674
2024/02/14 05:06:48.00,458418.4053,5634854.1367,2945593.7013
2024/02/14 05:06:49.00,458415.0997,5634853.4552,2945595.5471
2024/02/14 05:06:50.00,458412.7936,5634852.9978,2945596.8102
2024/02/14 05:06:51.00,458411.0505,5634852.6583,2945597.7645
2024/02/14 05:06:52.00,458409.4753,5634852.3235,2945598.6572
2024/02/14 05:06:53.00,458407.9863,5634852.0355,2945599.4934
2024/02/14 05:06:54.00,458406.4913,5634851.7368,2945600.3132
2024/02/14 05:06:55.00,458404.9947,5634851.4554,2945601.1184
2024/02/14 05:06:56.00,458403.3692,5634851.1555,2945601.9904
2024/02/14 05:06:57.00,458401.4586,5634850.8069,2945602.9912
2024/02/14 05:06:58.00,458399.3232,5634850.4145,2945604.1055
2024/02/14 05:06:59.00,458396.9491,5634849.9759,2945605.3688
2024/02/14 05:07:00.00,458394.218,5634849.4681,2945606.8072
2024/02/14 05:07:01.00,458391.3525,5634848.894,2945608.3769
2024/02/14 05:07:02.00,458388.595,5634848.3493,2945609.9408
2024/02/14 05:07:03.00,458385.9752,5634847.7876,2945611.4387
2024/02/14 05:07:04.00,458383.489,5634847.2648,2945612.8773
2024/02/14 05:07:05.00,458380.9137,5634846.6975,2945614.3931
2024/02/14 05:07:06.00,458378.1637,5634846.0644,2945616.1149
2024/02/14 05:07:07.00,458375.5249,5634844.2434,2945617.9373
2024/02/14 05:07:08.00,458372.873,5634843.3481,2945620.097
2024/02/14 05:07:09.00,458370.3768,5634843.3626,2945622.6932
2024/02/14 05:07:10.00,458368.501,5634842.0376,2945625.5523
2024/02/14 05:07:11.00,458367.1548,5634839.3719,2945628.7433
2024/02/14 05:07:12.00,458366.0265,5634837.4626,2945632.5067
2024/02/14 05:07:13.00,458365.3685,5634835.3264,2945636.7307
2024/02/14 05:07:14.00,458365.0221,5634832.8578,2945641.4638
2024/02/14 05:07:15.00,458364.6801,5634830.0629,2945646.8359
2024/02/14 05:07:16.00,458364.4731,5634826.9733,2945652.7964
2024/02/14 05:07:17.00,458364.2178,5634823.8628,2945658.7701
2024/02/14 05:07:18.00,458363.9301,5634820.8008,2945664.6558
2024/02/14 05:07:19.00,458363.6436,5634817.63,2945670.6784
2024/02/14 05:07:20.00,458363.4362,5634814.336,2945676.9758
2024/02/14 05:07:21.00,458363.2455,5634810.8648,2945683.6127
2024/02/14 05:07:22.00,458362.9917,5634807.208,2945690.5813
2024/02/14 05:07:23.00,458362.7129,5634803.4014,2945697.8535
2024/02/14 05:07:24.00,458362.4719,5634799.5022,2945705.3965
2024/02/14 05:07:25.00,458362.3713,5634795.4485,2945713.138
2024/02/14 05:07:26.00,458362.2579,5634791.3619,2945721.0175
2024/02/14 05:07:27.00,458362.1588,5634787.171,2945728.9176
2024/02/14 05:07:28.00,458362.0629,5634783.0516,2945736.7684
2024/02/14 05:07:29.00,458362.0033,5634778.9595,2945744.5967
2024/02/14 05:07:30.00,458361.8843,5634774.8664,2945752.3816
2024/02/14 05:07:31.00,458361.7494,5634770.7888,2945760.1007
2024/02/14 05:07:32.00,458361.5966,5634766.7503,2945767.7099
2024/02/14 05:07:33.00,458361.592,5634762.7134,2945775.1947
2024/02/14 05:07:34.00,458361.5937,5634758.6468,2945782.5926
2024/02/14 05:07:35.00,458361.5203,5634754.4869,2945790.146
2024/02/14 05:07:36.00,458361.4253,5634750.1562,2945797.9063
2024/02/14 05:07:37.00,458361.322,5634745.749,2945805.8768
2024/02/14 05:07:38.00,458361.367,5634741.1774,2945814.0397
2024/02/14 05:07:39.00,458361.3444,5634736.5241,2945822.2707
2024/02/14 05:07:40.00,458361.3069,5634731.8554,2945830.5205
2024/02/14 05:07:41.00,458361.2545,5634727.1203,2945838.8054
2024/02/14 05:07:42.00,458361.2517,5634722.3541,2945847.1433
2024/02/14 05:07:43.00,458361.357,5634717.4726,2945855.5459
2024/02/14 05:07:44.00,458361.4886,5634712.5381,2945864.0495
2024/02/14 05:07:45.00,458361.6856,5634707.6028,2945872.5649
2024/02/14 05:07:46.00,458361.9364,5634702.8794,2945880.6861
2024/02/14 05:07:47.00,458362.1006,5634698.2273,2945888.7597
2024/02/14 05:07:48.00,458362.1608,5634693.5173,2945896.9329
2024/02/14 05:07:49.00,458362.2246,5634688.7286,2945905.1579
2024/02/14 05:07:50.00,458362.3382,5634684.0258,2945913.3202
2024/02/14 05:07:51.00,458362.4258,5634679.2661,2945921.5432
2024/02/14 05:07:52.00,458362.5132,5634674.597,2945929.6243
2024/02/14 05:07:53.00,458362.6397,5634670.1944,2945937.283
2024/02/14 05:07:54.00,458362.823,5634666.012,2945944.4785
2024/02/14 05:07:55.00,458363.0474,5634661.8308,2945951.6568
2024/02/14 05:07:56.00,458363.3788,5634657.5873,2945958.9001
2024/02/14 05:07:57.00,458363.8055,5634653.48,2945965.9198
2024/02/14 05:07:58.00,458364.3253,5634649.5447,2945972.6082
2024/02/14 05:07:59.00,458364.8748,5634645.8306,2945978.9679
2024/02/14 05:08:00.00,458365.3744,5634642.4041,2945984.8257
2024/02/14 05:08:01.00,458366.0507,5634639.0409,2945990.4816
2024/02/14 05:08:02.00,458366.7171,5634635.7839,2945995.9661
2024/02/14 05:08:03.00,458367.4159,5634632.8432,2946000.969
2024/02/14 05:08:04.00,458368.1845,5634630.1658,2946005.4335
2024/02/14 05:08:05.00,458368.8914,5634627.7192,2946009.6159
2024/02/14 05:08:06.00,458369.5868,5634625.3928,2946013.5128
2024/02/14 05:08:07.00,458370.1838,5634623.4295,2946016.7914
2024/02/14 05:08:08.00,458370.5999,5634621.9405,2946019.2977
2024/02/14 05:08:09.00,458370.9468,5634620.6453,2946021.4397
2024/02/14 05:08:10.00,458371.2308,5634619.6091,2946023.1814
2024/02/14 05:08:11.00,458371.4202,5634618.9472,2946024.3127
2024/02/14 05:08:12.00,458371.5499,5634618.3796,2946025.2035
2024/02/14 05:08:13.00,458371.6703,5634617.9685,2946025.92
2024/02/14 05:08:14.00,458371.7192,5634617.7872,2946026.241
2024/02/14 05:08:15.00,458371.7227,5634617.7511,2946026.2975
2024/02/14 05:08:16.00,458371.7208,5634617.7558,2946026.295
2024/02/14 05:08:17.00,458371.7208,5634617.75,2946026.2919
2024/02/14 05:08:18.00,458371.7223,5634617.7596,2946026.2952
2024/02/14 05:08:19.00,458371.7201,5634617.7528,2946026.2941
2024/02/14 05:08:20.00,458371.7201,5634617.7507,2946026.2933
2024/02/14 05:08:21.00,458371.7214,5634617.754,2946026.2925
2024/02/14 05:08:22.00,458371.7206,5634617.7653,2946026.2936
2024/02/14 05:08:23.00,458371.7194,5634617.7533,2946026.2914
2024/02/14 05:08:24.00,458371.7225,5634617.759,2946026.2936
2024/02/14 05:08:25.00,458371.718,5634617.7449,2946026.2904
2024/02/14 05:08:26.00,458371.7195,5634617.7518,2946026.2904
2024/02/14 05:08:27.00,458371.721,5634617.7535,2946026.2917
2024/02/14 05:08:28.00,458371.7205,5634617.754,2946026.2949
2024/02/14 05:08:29.00,458371.7188,5634617.7492,2946026.2892
2024/02/14 05:08:30.00,458371.7205,5634617.7558,2946026.2923
2024/02/14 05:08:31.00,458371.7411,5634617.6436,2946026.4563
2024/02/14 05:08:32.00,458371.7751,5634617.539,2946026.6331
2024/02/14 05:08:33.00,458371.7775,5634617.5445,2946026.633
2024/02/14 05:08:34.00,458371.7836,5634617.5227,2946026.6706
2024/02/14 05:08:35.00,458371.8288,5634617.3673,2946026.9225
2024/02/14 05:08:36.00,458371.938,5634617.0368,2946027.4807
2024/02/14 05:08:37.00,458372.0834,5634616.5499,2946028.2755
2024/02/14 05:08:38.00,458372.2839,5634615.8661,2946029.4413
2024/02/14 05:08:39.00,458372.6466,5634614.8061,2946031.2335
2024/02/14 05:08:40.00,458373.0749,5634613.5127,2946033.4079
2024/02/14 05:08:41.00,458373.6021,5634612.0192,2946035.8726
2024/02/14 05:08:42.00,458374.3083,5634610.1905,2946038.9281
2024/02/14 05:08:43.00,458375.1993,5634608.0545,2946042.4388
2024/02/14 05:08:44.00,458376.2052,5634605.8461,2946046.0955
2024/02/14 05:08:45.00,458377.2348,5634603.7388,2946049.5604
2024/02/14 05:08:46.00,458378.2271,5634601.9062,2946052.6414
2024/02/14 05:08:47.00,458379.3107,5634600.0297,2946055.7176
2024/02/14 05:08:48.00,458380.4369,5634598.0475,2946058.8688
2024/02/14 05:08:49.00,458381.6645,5634596.0804,2946062.0426
2024/02/14 05:08:50.00,458382.8133,5634594.2051,2946065.1124
2024/02/14 05:08:51.00,458383.9591,5634592.3893,2946068.1104
2024/02/14 05:08:52.00,458385.0028,5634590.6498,2946070.8823
2024/02/14 05:08:53.00,458385.9424,5634589.1392,2946073.3877
2024/02/14 05:08:54.00,458386.7316,5634587.6712,2946075.7775
2024/02/14 05:08:55.00,458387.2264,5634586.1803,2946078.2436
2024/02/14 05:08:56.00,458387.4514,5634584.5621,2946080.8904
2024/02/14 05:08:57.00,458387.3494,5634582.8527,2946083.8277
2024/02/14 05:08:58.00,458386.8685,5634580.9685,2946087.0677
2024/02/14 05:08:59.00,458386.0465,5634579.0715,2946090.4174
2024/02/14 05:09:00.00,458384.8944,5634577.392,2946093.4251
2024/02/14 05:09:01.00,458383.4964,5634575.8812,2946096.2655
2024/02/14 05:09:02.00,458381.6939,5634574.492,2946098.9885
2024/02/14 05:09:03.00,458379.5762,5634573.2267,2946101.564
2024/02/14 05:09:04.00,458377.0371,5634571.9745,2946104.2315
2024/02/14 05:09:05.00,458374.1957,5634570.6709,2946107.0519
2024/02/14 05:09:06.00,458371.2664,5634569.2652,2946110.0747
2024/02/14 05:09:07.00,458368.6444,5634567.8611,2946113.1102
2024/02/14 05:09:08.00,458366.6505,5634566.4234,2946115.9974
2024/02/14 05:09:09.00,458365.0898,5634564.9698,2946118.8472
2024/02/14 05:09:10.00,458363.9304,5634563.4908,2946121.6064
2024/02/14 05:09:11.00,458363.0933,5634562.0458,2946124.2017
2024/02/14 05:09:12.00,458362.4178,5634560.6277,2946126.7458
2024/02/14 05:09:13.00,458361.8783,5634559.1828,2946129.3343
2024/02/14 05:09:14.00,458361.4354,5634557.6616,2946132.0559
2024/02/14 05:09:15.00,458361.0168,5634555.9059,2946135.2066
2024/02/14 05:09:16.00,458360.58,5634553.9167,2946138.7847
2024/02/14 05:09:17.00,458360.1879,5634551.6647,2946142.7676
2024/02/14 05:09:18.00,458359.753,5634549.1589,2946147.2451
2024/02/14 05:09:19.00,458359.3025,5634546.4295,2946152.1522
2024/02/14 05:09:20.00,458358.812,5634543.5632,2946157.3901
2024/02/14 05:09:21.00,458358.2857,5634540.5539,2946162.9001
2024/02/14 05:09:22.00,458357.675,5634537.4686,2946168.6637
2024/02/14 05:09:23.00,458356.8556,5634534.2718,2946174.6627
2024/02/14 05:09:24.00,458355.9618,5634531.0536,2946180.7102
2024/02/14 05:09:25.00,458355.0674,5634527.8728,2946186.7901
2024/02/14 05:09:26.00,458354.0698,5634524.6606,2946192.9559
2024/02/14 05:09:27.00,458352.948,5634521.3652,2946199.3766
2024/02/14 05:09:28.00,458351.6947,5634517.9487,2946206.0542
2024/02/14 05:09:29.00,458350.1951,5634514.4636,2946212.9247
2024/02/14 05:09:30.00,458348.431,5634510.9479,2946219.9536
2024/02/14 05:09:31.00,458346.4868,5634507.3577,2946227.081
2024/02/14 05:09:32.00,458344.4007,5634503.7347,2946234.2996
2024/02/14 05:09:33.00,458342.1031,5634500.0967,2946241.584
2024/02/14 05:09:34.00,458339.6398,5634496.5201,2946248.7886
2024/02/14 05:09:35.00,458337.1476,5634493.0717,2946255.7659
2024/02/14 05:09:36.00,458334.6117,5634489.7045,2946262.5236
2024/02/14 05:09:37.00,458332.0864,5634486.486,2946269.0743
2024/02/14 05:09:38.00,458329.5616,5634483.3558,2946275.4173
2024/02/14 05:09:39.00,458327.0557,5634480.4101,2946281.3926
2024/02/14 05:09:40.00,458324.7094,5634477.7353,2946286.8169
2024/02/14 05:09:41.00,458322.6137,5634475.4221,2946291.6303
2024/02/14 05:09:42.00,458320.7148,5634473.3912,2946295.8783
2024/02/14 05:09:43.00,458318.95,5634471.5254,2946299.7488
2024/02/14 05:09:44.00,458317.3774,5634469.9385,2946303.0599
2024/02/14 05:09:45.00,458316.0357,5634468.591,2946305.8642
2024/02/14 05:09:46.00,458314.7764,5634467.2934,2946308.5289
2024/02/14 05:09:47.00,458313.5265,5634466.0582,2946311.087
2024/02/14 05:09:48.00,458312.3344,5634464.8504,2946313.5669
2024/02/14 05:09:49.00,458311.2913,5634463.7882,2946315.7713
2024/02/14 05:09:50.00,458310.3142,5634462.8092,2946317.8053
2024/02/14 05:09:51.00,458309.391,5634461.8748,2946319.741
2024/02/14 05:09:52.00,458308.5251,5634461.0288,2946321.4823
2024/02/14 05:09:53.00,458307.6134,5634460.2337,2946323.1365
2024/02/14 05:09:54.00,458306.7417,5634459.5086,2946324.6648
2024/02/14 05:09:55.00,458306.1835,5634459.0283,2946325.6578
2024/02/14 05:09:56.00,458305.78,5634458.6908,2946326.3644
2024/02/14 05:09:57.00,458305.4093,5634458.384,2946327.0103
2024/02/14 05:09:58.00,458304.4136,5634461.0863,2946328.274
2024/02/14 05:09:59.00,458304.7583,5634457.8617,2946328.1054
2024/02/14 05:10:00.00,458304.4766,5634457.6408,2946328.5722
2024/02/14 05:10:01.00,458303.5792,5634460.4222,2946329.6767
2024/02/14 05:10:02.00,458304.0362,5634457.3013,2946329.2964
2024/02/14 05:10:03.00,458304.0299,5634457.302,2946329.3108
2024/02/14 05:10:04.00,458303.378,5634460.2709,2946329.9944
2024/02/14 05:10:05.00,458304.039,5634457.3057,2946329.2966
2024/02/14 05:10:06.00,458303.9946,5634457.2729,2946329.3664
2024/02/14 05:10:07.00,458303.2027,5634460.1387,2946330.2758
2024/02/14 05:10:08.00,458302.9033,5634459.9009,2946330.7669
2024/02/14 05:10:09.00,458302.5626,5634459.6407,2946331.3324
2024/02/14 05:10:10.00,458302.3048,5634459.4339,2946331.7618
2024/02/14 05:10:11.00,458302.2969,5634459.4373,2946331.7727
2024/02/14 05:10:12.00,458302.2964,5634459.4277,2946331.7774
2024/02/14 05:10:13.00,458302.298,5634459.4276,2946331.7759
2024/02/14 05:10:14.00,458302.2946,5634459.4256,2946331.7771
2024/02/14 05:10:15.00,458302.2981,5634459.434,2946331.7767
2024/02/14 05:10:16.00,458302.2966,5634459.4283,2946331.7778
2024/02/14 05:10:17.00,458302.2952,5634459.4329,2946331.7765
2024/02/14 05:10:18.00,458302.2998,5634459.4374,2946331.7649
2024/02/14 05:10:19.00,458302.2163,5634459.3775,2946331.9118
2024/02/14 05:10:20.00,458301.8524,5634459.0843,2946332.5186
2024/02/14 05:10:21.00,458301.2303,5634458.5927,2946333.5449
2024/02/14 05:10:22.00,458300.7225,5634458.1899,2946334.3808
2024/02/14 05:10:23.00,458300.5618,5634458.0658,2946334.6493
2024/02/14 05:10:24.00,458300.5638,5634458.0684,2946334.6453
2024/02/14 05:10:25.00,458300.5635,5634458.0611,2946334.6429
2024/02/14 05:10:26.00,458300.5636,5634458.0679,2946334.6451
2024/02/14 05:10:27.00,458300.562,5634458.0661,2946334.6461
2024/02/14 05:10:28.00,458300.5613,5634458.06,2946334.6466
2024/02/14 05:10:29.00,458300.565,5634458.0791,2946334.6458
2024/02/14 05:10:30.00,458300.5627,5634458.0648,2946334.6416
2024/02/14 05:10:31.00,458300.5618,5634458.0699,2946334.6455
2024/02/14 05:10:32.00,458300.5617,5634458.0617,2946334.6435
2024/02/14 05:10:33.00,458300.5619,5634458.0642,2946334.6435
2024/02/14 05:10:34.00,458300.5609,5634458.0641,2946334.6437
2024/02/14 05:10:35.00,458300.561,5634458.061,2946334.6433
2024/02/14 05:10:36.00,458300.5641,5634458.0671,2946334.6447
2024/02/14 05:10:37.00,458300.5615,5634458.0677,2946334.6431
2024/02/14 05:10:38.00,458300.5617,5634458.0664,2946334.6424
2024/02/14 05:10:39.00,458300.564,5634458.0648,2946334.6396
2024/02/14 05:10:40.00,458300.5412,5634458.0508,2946334.6781
2024/02/14 05:10:41.00,458300.2833,5634457.859,2946335.094
2024/02/14 05:10:42.00,458299.6476,5634457.3725,2946336.1152
2024/02/14 05:10:43.00,458298.7754,5634456.7156,2946337.5137
2024/02/14 05:10:44.00,458297.8358,5634456.0038,2946339.0312
2024/02/14 05:10:45.00,458296.9233,5634455.3214,2946340.4759
2024/02/14 05:10:46.00,458296.1659,5634454.7294,2946341.7125
2024/02/14 05:10:47.00,458295.4892,5634454.2102,2946342.8143
2024/02/14 05:10:48.00,458294.8452,5634453.7434,2946343.817
2024/02/14 05:10:49.00,458294.2373,5634453.3165,2946344.7345
2024/02/14 05:10:50.00,458293.7021,5634452.9365,2946345.5743
2024/02/14 05:10:51.00,458293.1675,5634452.5325,2946346.411
2024/02/14 05:10:52.00,458292.5238,5634452.0712,2946347.4073
2024/02/14 05:10:53.00,458291.8238,5634451.5853,2946348.4823
2024/02/14 05:10:54.00,458291.1396,5634451.11,2946349.5087
2024/02/14 05:10:55.00,458290.4936,5634450.6868,2946350.4496
2024/02/14 05:10:56.00,458289.9286,5634450.3212,2946351.2705
2024/02/14 05:10:57.00,458289.4433,5634450.0157,2946351.9364
2024/02/14 05:10:58.00,458289.0995,5634449.7884,2946352.4116
2024/02/14 05:10:59.00,458288.9043,5634449.6703,2946352.6716
2024/02/14 05:11:00.00,458288.7037,5634449.5376,2946352.9368
2024/02/14 05:11:01.00,458288.4231,5634449.3685,2946353.347
2024/02/14 05:11:02.00,458288.1064,5634449.165,2946353.7913
2024/02/14 05:11:03.00,458287.5847,5634448.8213,2946354.5136
2024/02/14 05:11:04.00,458286.8322,5634448.3435,2946355.5791
2024/02/14 05:11:05.00,458286.0632,5634447.8308,2946356.6912
2024/02/14 05:11:06.00,458285.2556,5634447.2955,2946357.825
2024/02/14 05:11:07.00,458284.3923,5634446.7465,2946359.0326
2024/02/14 05:11:08.00,458283.6154,5634446.2293,2946360.1397
2024/02/14 05:11:09.00,458282.9768,5634445.8074,2946361.0611
2024/02/14 05:11:10.00,458282.4245,5634445.4171,2946361.8875
2024/02/14 05:11:11.00,458281.9001,5634445.0455,2946362.7117
2024/02/14 05:11:12.00,458281.1645,5634444.5171,2946363.8018
2024/02/14 05:11:13.00,458280.3017,5634443.9192,2946365.1452
2024/02/14 05:11:14.00,458279.417,5634443.245,2946366.6137
2024/02/14 05:11:15.00,458278.5183,5634442.5273,2946368.1267
2024/02/14 05:11:16.00,458277.6433,5634441.8214,2946369.666
2024/02/14 05:11:17.00,458276.8175,5634441.0512,2946371.2859
2024/02/14 05:11:18.00,458276.0238,5634440.1494,2946373.148
2024/02/14 05:11:19.00,458275.2351,5634439.0828,2946375.321
2024/02/14 05:11:20.00,458274.253,5634437.8022,2946377.9587
2024/02/14 05:11:21.00,458272.9968,5634436.2716,2946381.0901
2024/02/14 05:11:22.00,458271.4675,5634434.7025,2946384.363
2024/02/14 05:11:23.00,458269.8731,5634433.1604,2946387.5215
2024/02/14 05:11:24.00,458268.2281,5634431.6995,2946390.554
2024/02/14 05:11:25.00,458266.3652,5634430.1898,2946393.7225
2024/02/14 05:11:26.00,458264.2076,5634428.5641,2946397.1989
2024/02/14 05:11:27.00,458261.8404,5634426.7932,2946401.0196
2024/02/14 05:11:28.00,458259.1962,5634424.8318,2946405.1889
2024/02/14 05:11:29.00,458256.3229,5634422.6967,2946409.7082
2024/02/14 05:11:30.00,458253.2584,5634420.4468,2946414.4864
2024/02/14 05:11:31.00,458250.0297,5634418.0835,2946419.427
2024/02/14 05:11:32.00,458246.7438,5634415.6937,2946424.5071
2024/02/14 05:11:33.00,458243.3325,5634413.2855,2946429.6779
2024/02/14 05:11:34.00,458239.8366,5634410.8745,2946434.8798
2024/02/14 05:11:35.00,458236.3463,5634408.4568,2946440.0722
2024/02/14 05:11:36.00,458232.7892,5634406.1166,2946445.1948
2024/02/14 05:11:37.00,458229.1869,5634403.7799,2946450.2113
2024/02/14 05:11:38.00,458225.7527,5634401.5689,2946454.9836
2024/02/14 05:11:39.00,458222.4805,5634399.4505,2946459.4793
2024/02/14 05:11:40.00,458219.652,5634397.7318,2946463.2227
2024/02/14 05:11:41.00,458217.4769,5634396.5115,2946466.0066
2024/02/14 05:11:42.00,458215.5621,5634395.452,2946468.3848
2024/02/14 05:11:43.00,458213.8038,5634394.5117,2946470.5558
2024/02/14 05:11:44.00,458212.0226,5634393.4577,2946472.8783
2024/02/14 05:11:45.00,458210.1101,5634392.2908,2946475.4561
2024/02/14 05:11:46.00,458208.0593,5634390.9844,2946478.3307
2024/02/14 05:11:47.00,458206.0231,5634389.4931,2946481.57
2024/02/14 05:11:48.00,458203.8846,5634387.8636,2946485.1122
2024/02/14 05:11:49.00,458201.6489,5634386.0861,2946488.9118
2024/02/14 05:11:50.00,458199.398,5634384.1458,2946492.9804
2024/02/14 05:11:51.00,458197.0741,5634382.082,2946497.2912
2024/02/14 05:11:52.00,458194.4892,5634379.9676,2946501.855
2024/02/14 05:11:53.00,458191.7548,5634377.7334,2946506.6195
2024/02/14 05:11:54.00,458188.9444,5634375.488,2946511.518
2024/02/14 05:11:55.00,458186.6761,5634370.1079,2946515.7176
2024/02/14 05:11:56.00,458183.637,5634367.7369,2946520.7269
2024/02/14 05:11:57.00,458180.0835,5634367.3538,2946526.3523
2024/02/14 05:11:58.00,458176.591,5634364.6952,2946532.0149
2024/02/14 05:11:59.00,458172.5955,5634363.1307,2946538.3136
2024/02/14 05:12:00.00,458169.0051,5634360.4772,2946544.0593
2024/02/14 05:12:01.00,458165.5403,5634357.8893,2946549.6667
2024/02/14 05:12:02.00,458162.1047,5634355.2525,2946555.3366
2024/02/14 05:12:03.00,458158.6233,5634352.4738,2946561.1922
2024/02/14 05:12:04.00,458155.0203,5634349.6134,2946567.282
2024/02/14 05:12:05.00,458151.251,5634346.6973,2946573.5585
2024/02/14 05:12:06.00,458147.3502,5634343.6851,2946580.0269
2024/02/14 05:12:07.00,458143.2987,5634340.6082,2946586.668
2024/02/14 05:12:08.00,458139.1331,5634337.4532,2946593.4782
2024/02/14 05:12:09.00,458134.7787,5634334.22,2946600.4067
2024/02/14 05:12:10.00,458130.3429,5634330.927,2946607.4872
2024/02/14 05:12:11.00,458125.8608,5634327.5176,2946614.7402
2024/02/14 05:12:12.00,458121.3374,5634324.0042,2946622.1653
2024/02/14 05:12:13.00,458116.6968,5634320.4852,2946629.7093
2024/02/14 05:12:14.00,458111.9827,5634316.9561,2946637.378
2024/02/14 05:12:15.00,458107.2147,5634313.3961,2946645.0828
2024/02/14 05:12:16.00,458102.4718,5634309.8827,2946652.7619
2024/02/14 05:12:17.00,458097.6849,5634306.3908,2946660.4251
2024/02/14 05:12:18.00,458092.8961,5634302.9185,2946668.1101
2024/02/14 05:12:19.00,458088.1606,5634299.4548,2946675.8393
2024/02/14 05:12:20.00,458083.4784,5634296.0021,2946683.5955
2024/02/14 05:12:21.00,458078.8532,5634292.5633,2946691.3566
2024/02/14 05:12:22.00,458074.16,5634289.1953,2946699.0495
2024/02/14 05:12:23.00,458069.4547,5634285.8852,2946706.6905
2024/02/14 05:12:24.00,458064.7791,5634282.6011,2946714.3254
2024/02/14 05:12:25.00,458060.1007,5634279.313,2946722.0701
2024/02/14 05:12:26.00,458055.4855,5634275.9764,2946729.9526
2024/02/14 05:12:27.00,458050.8362,5634272.7213,2946737.8725
2024/02/14 05:12:28.00,458046.2023,5634269.435,2946745.8172
2024/02/14 05:12:29.00,458041.5793,5634266.2258,2946753.7491
2024/02/14 05:12:30.00,458036.8879,5634262.9634,2946761.6268
2024/02/14 05:12:31.00,458032.2021,5634259.7552,2946769.4876
2024/02/14 05:12:32.00,458027.5287,5634256.5433,2946777.3304
2024/02/14 05:12:33.00,458022.9177,5634253.3661,2946785.1218
2024/02/14 05:12:34.00,458018.5497,5634250.3173,2946792.6522
2024/02/14 05:12:35.00,458014.4046,5634247.434,2946799.6552
2024/02/14 05:12:36.00,458010.7492,5634244.9181,2946805.7768
2024/02/14 05:12:37.00,458007.6627,5634242.8416,2946810.9423
2024/02/14 05:12:38.00,458004.919,5634240.9837,2946815.5238
2024/02/14 05:12:39.00,458002.4109,5634239.3263,2946819.6461
2024/02/14 05:12:40.00,457999.9224,5634237.6874,2946823.6962
2024/02/14 05:12:41.00,457997.3965,5634236.04,2946827.7736
2024/02/14 05:12:42.00,457994.8276,5634234.3871,2946831.9226
2024/02/14 05:12:43.00,457992.1665,5634232.736,2946836.1158
2024/02/14 05:12:44.00,457989.49,5634231.0151,2946840.409
2024/02/14 05:12:45.00,457986.7506,5634229.1638,2946844.8725
2024/02/14 05:12:46.00,457984.1939,5634227.3375,2946849.5479
2024/02/14 05:12:47.00,457981.6356,5634225.3414,2946854.3678
2024/02/14 05:12:48.00,457978.9969,5634223.3737,2946859.2686
2024/02/14 05:12:49.00,457976.1982,5634221.237,2946864.3943
2024/02/14 05:12:50.00,457973.1499,5634219.0684,2946869.6627
2024/02/14 05:12:51.00,457969.9697,5634216.8726,2946875.0634
2024/02/14 05:12:52.00,457966.8058,5634214.5547,2946880.6438
2024/02/14 05:12:53.00,457963.4874,5634212.1952,2946886.4121
2024/02/14 05:12:54.00,457960.0402,5634209.776,2946892.3088
2024/02/14 05:12:55.00,457956.533,5634207.2923,2946898.2966
2024/02/14 05:12:56.00,457952.9403,5634204.8267,2946904.3254
2024/02/14 05:12:57.00,457949.3149,5634202.3789,2946910.3906
2024/02/14 05:12:58.00,457945.6719,5634199.8701,2946916.4675
2024/02/14 05:12:59.00,457942.04,5634197.3862,2946922.5651
2024/02/14 05:13:00.00,457938.3398,5634194.9093,2946928.6423
2024/02/14 05:13:01.00,457934.6919,5634192.3355,2946934.7641
2024/02/14 05:13:02.00,457931.0841,5634189.7574,2946940.9112
2024/02/14 05:13:03.00,457927.4898,5634187.1459,2946947.1089
2024/02/14 05:13:04.00,457923.8484,5634184.5736,2946953.3012
2024/02/14 05:13:05.00,457920.1508,5634181.9456,2946959.4903
2024/02/14 05:13:06.00,457916.4054,5634179.2818,2946965.6822
2024/02/14 05:13:07.00,457912.6212,5634176.6209,2946971.8968
2024/02/14 05:13:08.00,457908.8194,5634174.0039,2946978.1177
2024/02/14 05:13:09.00,457905.0502,5634171.2517,2946984.3734
2024/02/14 05:13:10.00,457901.1852,5634168.4723,2946990.7353
2024/02/14 05:13:11.00,457897.225,5634165.6413,2946997.2598
2024/02/14 05:13:12.00,457893.2021,5634162.8147,2947003.8435
2024/02/14 05:13:13.00,457889.4241,5634159.973,2947010.2449
2024/02/14 05:13:14.00,457885.8492,5634157.198,2947016.4109
2024/02/14 05:13:15.00,457882.186,5634154.444,2947022.5805
2024/02/14 05:13:16.00,457878.3272,5634151.6345,2947028.8904
2024/02/14 05:13:17.00,457874.4256,5634148.6512,2947035.4716
2024/02/14 05:13:18.00,457870.3239,5634145.5351,2947042.2645
2024/02/14 05:13:19.00,457865.9953,5634142.2929,2947049.3462
2024/02/14 05:13:20.00,457861.3949,5634138.9058,2947056.7621
2024/02/14 05:13:21.00,457856.5776,5634135.4056,2947064.4919
2024/02/14 05:13:22.00,457851.6785,5634131.6181,2947072.5353
2024/02/14 05:13:23.00,457846.655,5634127.7517,2947080.8859
2024/02/14 05:13:24.00,457841.5405,5634123.0326,2947089.3019
2024/02/14 05:13:25.00,457836.181,5634118.8717,2947098.095
2024/02/14 05:13:26.00,457830.6447,5634114.5839,2947107.0648
2024/02/14 05:13:27.00,457824.8202,5634111.0289,2947116.3681
2024/02/14 05:13:28.00,457819.0985,5634106.6253,2947125.6725
2024/02/14 05:13:29.00,457813.3288,5634102.0236,2947135.1308
2024/02/14 05:13:30.00,457807.5974,5634097.4974,2947144.6877
2024/02/14 05:13:31.00,457801.9891,5634093.1971,2947154.0114
2024/02/14 05:13:32.00,457796.418,5634089.1172,2947163.0129
2024/02/14 05:13:33.00,457791.0518,5634085.1581,2947171.6918
2024/02/14 05:13:34.00,457786.0194,5634081.3222,2947180.0843
2024/02/14 05:13:35.00,457781.5055,5634077.7533,2947187.9322
2024/02/14 05:13:36.00,457777.5845,5634074.4243,2947195.1701
2024/02/14 05:13:37.00,457774.1571,5634071.1629,2947201.9603
2024/02/14 05:13:38.00,457771.3715,5634068.009,2947208.6756
2024/02/14 05:13:39.00,457769.2608,5634064.7032,2947215.2332
2024/02/14 05:13:40.00,457771.2343,5634050.9261,2947219.8465
2024/02/14 05:13:41.00,457766.8563,5634058.5822,2947227.191
2024/02/14 05:13:42.00,457765.8359,5634055.7926,2947232.7443
2024/02/14 05:13:43.00,457762.3772,5634051.9832,2947236.1042
2024/02/14 05:13:46.00,457758.4763,5634045.5384,2947254.8271
2024/02/14 05:13:47.00,457757.3476,5634048.1574,2947261.4069
2024/02/14 05:13:48.00,457755.0892,5634038.4341,2947267.8646
2024/02/14 05:13:49.00,457753.391,5634033.1396,2947274.7703
2024/02/14 05:13:50.00,457751.9244,5634029.8999,2947281.9422
2024/02/14 05:13:51.00,457752.4604,5634024.8733,2947290.1643
2024/02/14 05:13:52.00,457751.2733,5634020.5447,2947297.9557
2024/02/14 05:13:53.00,457749.9734,5634016.1676,2947305.9224
2024/02/14 05:13:54.00,457748.679,5634011.7159,2947314.0539
2024/02/14 05:13:55.00,457747.2408,5634007.1308,2947322.3339
2024/02/14 05:13:56.00,457745.7129,5634002.5115,2947330.8332
2024/02/14 05:13:57.00,457744.187,5633997.693,2947339.5669
2024/02/14 05:13:58.00,457742.5151,5633992.7737,2947348.5206
2024/02/14 05:13:59.00,457740.9145,5633987.7558,2947357.7324
2024/02/14 05:14:00.00,457739.3772,5633982.6747,2947367.2122
2024/02/14 05:14:01.00,457737.684,5633977.4891,2947376.8096
2024/02/14 05:14:02.00,457736.1237,5633972.1855,2947386.5752
2024/02/14 05:14:03.00,457734.6963,5633966.8985,2947396.5051
2024/02/14 05:14:04.00,457733.1382,5633961.6031,2947406.5649
2024/02/14 05:14:05.00,457731.5617,5633956.3324,2947416.697
2024/02/14 05:14:06.00,457730.1968,5633950.9333,2947426.8522
2024/02/14 05:14:07.00,457728.8948,5633945.5223,2947437.0338
2024/02/14 05:14:08.00,457727.8154,5633940.2369,2947447.2996
2024/02/14 05:14:09.00,457727.1952,5633934.9984,2947457.5314
2024/02/14 05:14:10.00,457726.7474,5633930.002,2947467.5851
2024/02/14 05:14:11.00,457726.4679,5633925.2545,2947477.2584
2024/02/14 05:14:12.00,457726.4262,5633920.6627,2947486.6281
2024/02/14 05:14:13.00,457730.2139,5633905.3785,2947494.0631
2024/02/14 05:14:14.00,457727.4132,5633911.7339,2947504.2484
2024/02/14 05:14:15.00,457728.243,5633907.6558,2947512.2634
2024/02/14 05:14:16.00,457729.1805,5633903.8825,2947519.8322
2024/02/14 05:14:17.00,457730.3274,5633900.2119,2947527.0328
2024/02/14 05:14:18.00,457731.7413,5633896.5787,2947534.1457
2024/02/14 05:14:19.00,457733.3588,5633892.9186,2947541.2521
2024/02/14 05:14:20.00,457735.2599,5633889.2506,2947548.3546
2024/02/14 05:14:21.00,457737.3857,5633885.5698,2947555.4826
2024/02/14 05:14:22.00,457739.7207,5633881.8223,2947562.6018
2024/02/14 05:14:23.00,457742.2247,5633878.064,2947569.7583
2024/02/14 05:14:24.00,457744.9144,5633874.2755,2947576.9163
2024/02/14 05:14:25.00,457747.9031,5633870.4005,2947584.048
2024/02/14 05:14:26.00,457751.1014,5633866.5656,2947591.1152
2024/02/14 05:14:27.00,457754.4155,5633862.2043,2947597.746
2024/02/14 05:14:28.00,457757.578,5633859.3212,2947604.3323
2024/02/14 05:14:29.00,457760.9027,5633855.868,2947610.6167
2024/02/14 05:14:30.00,457764.2107,5633852.4946,2947616.8058
2024/02/14 05:14:31.00,457767.4047,5633849.2788,2947622.7661
2024/02/14 05:14:32.00,457770.4352,5633846.4809,2947628.1524
2024/02/14 05:14:33.00,457773.2208,5633843.9108,2947632.7586
2024/02/14 05:14:34.00,457775.8974,5633841.5802,2947637.0298
2024/02/14 05:14:35.00,457778.5212,5633839.3426,2947641.2082
2024/02/14 05:14:36.00,457781.0893,5633837.1005,2947645.0943
2024/02/14 05:14:37.00,457783.3281,5633835.0963,2947648.1218
2024/02/14 05:14:38.00,457785.3671,5633833.522,2947650.8583
2024/02/14 05:14:39.00,457790.5132,5633821.9857,2947652.0883
2024/02/14 05:14:40.00,457788.8746,5633830.9268,2947655.866
2024/02/14 05:14:41.00,457790.383,5633829.7131,2947657.9922
2024/02/14 05:14:42.00,457791.7665,5633828.6473,2947659.8983
2024/02/14 05:14:43.00,457793.2693,5633827.5084,2947661.9213
2024/02/14 05:14:44.00,457794.9323,5633826.1322,2947664.2124
2024/02/14 05:14:45.00,457796.7519,5633824.6708,2947666.8125
2024/02/14 05:14:46.00,457798.7644,5633823.1098,2947669.4604
2024/02/14 05:14:47.00,457800.8628,5633821.5516,2947672.2353
2024/02/14 05:14:48.00,457801.8533,5633822.9363,2947675.4486
2024/02/14 05:14:49.00,457805.9638,5633817.3728,2947678.6216
2024/02/14 05:14:50.00,457808.8772,5633814.873,2947682.2285
2024/02/14 05:14:51.00,457814.9829,5633802.9232,2947684.9994
2024/02/14 05:14:52.00,457814.8632,5633810.293,2947690.3585
2024/02/14 05:14:53.00,457817.6185,5633808.3886,2947694.4074
2024/02/14 05:14:54.00,457820.2432,5633806.4744,2947697.8617
2024/02/14 05:14:55.00,457822.4637,5633804.8019,2947700.8268
2024/02/14 05:14:56.00,457824.4325,5633803.2104,2947703.6018
2024/02/14 05:14:57.00,457826.2979,5633801.6884,2947706.1817
2024/02/14 05:14:58.00,457828.0855,5633800.2091,2947708.6507
2024/02/14 05:14:59.00,457830.0101,5633798.6967,2947711.1959
2024/02/14 05:15:00.00,457832.0657,5633797.0137,2947714.0626
2024/02/14 05:15:01.00,457834.2534,5633795.1999,2947717.0863
2024/02/14 05:15:02.00,457836.3648,5633793.4402,2947720.0364
2024/02/14 05:15:03.00,457838.4193,5633791.742,2947722.8054
2024/02/14 05:15:04.00,457840.3165,5633790.1428,2947725.5007
2024/02/14 05:15:05.00,457842.1689,5633788.1259,2947727.8183
2024/02/14 05:15:06.00,457843.6639,5633787.3157,2947730.3202
2024/02/14 05:15:07.00,457845.1936,5633786.0008,2947732.5416
2024/02/14 05:15:08.00,457846.6867,5633784.6738,2947734.621
2024/02/14 05:15:09.00,457848.1773,5633783.351,2947736.7383
2024/02/14 05:15:10.00,457849.8194,5633781.9033,2947739.0509
2024/02/14 05:15:11.00,457851.4792,5633780.4716,2947741.4299
2024/02/14 05:15:12.00,457853.1314,5633779.0714,2947743.7471
2024/02/14 05:15:13.00,457854.8547,5633777.5959,2947746.2582
2024/02/14 05:15:14.00,457856.7832,5633775.853,2947749.2255
2024/02/14 05:15:15.00,457859.1584,5633773.3067,2947752.4065
2024/02/14 05:15:16.00,457861.619,5633771.8415,2947756.0839
2024/02/14 05:15:17.00,457864.4818,5633769.7095,2947759.5727
2024/02/14 05:15:18.00,457867.5988,5633766.8456,2947763.1297
2024/02/14 05:15:19.00,457869.2659,5633768.1308,2947767.4081
2024/02/14 05:15:20.00,457873.9028,5633761.9538,2947771.3827
2024/02/14 05:15:21.00,457877.0534,5633759.5839,2947775.8059
2024/02/14 05:15:22.00,457880.093,5633757.3775,2947780.345
2024/02/14 05:15:23.00,457883.1556,5633754.745,2947784.768
2024/02/14 05:15:24.00,457886.2018,5633751.9882,2947789.2732
2024/02/14 05:15:25.00,457889.2201,5633749.3018,2947794.051
2024/02/14 05:15:26.00,457892.3393,5633746.4805,2947799.0083
2024/02/14 05:15:27.00,457895.6076,5633743.3321,2947804.0756
2024/02/14 05:15:28.00,457898.9443,5633740.3757,2947809.2648
2024/02/14 05:15:29.00,457902.5053,5633737.2364,2947814.3991
2024/02/14 05:15:30.00,457906.1567,5633734.1216,2947819.5052
2024/02/14 05:15:31.00,457909.8508,5633731.0626,2947824.6226
2024/02/14 05:15:32.00,457913.6625,5633727.9079,2947829.7798
2024/02/14 05:15:33.00,457917.5513,5633724.6944,2947834.9868
2024/02/14 05:15:34.00,457921.4196,5633720.8903,2947840.1116
2024/02/14 05:15:35.00,457925.0696,5633718.3105,2947845.4716
2024/02/14 05:15:36.00,457928.884,5633715.147,2947850.5474
2024/02/14 05:15:37.00,457932.7321,5633711.9529,2947855.6148
2024/02/14 05:15:38.00,457936.7485,5633708.6442,2947860.725
2024/02/14 05:15:39.00,457940.8694,5633705.2394,2947865.9174
2024/02/14 05:15:40.00,457945.2127,5633701.7255,2947871.2894
2024/02/14 05:15:41.00,457949.7683,5633698.0145,2947876.9824
2024/02/14 05:15:42.00,457954.47,5633694.0716,2947883.0923
2024/02/14 05:15:43.00,457959.1738,5633689.9609,2947889.6165
2024/02/14 05:15:44.00,457963.8663,5633685.7261,2947896.41
2024/02/14 05:15:45.00,457968.53,5633681.5217,2947903.3017
2024/02/14 05:15:46.00,457973.0759,5633677.4619,2947909.9046
2024/02/14 05:15:47.00,457977.3744,5633673.6626,2947916.0547
2024/02/14 05:15:48.00,457981.6958,5633669.8591,2947922.2683
2024/02/14 05:15:49.00,457986.0255,5633665.9023,2947928.8077
2024/02/14 05:15:50.00,457990.2857,5633661.8001,2947935.698
2024/02/14 05:15:51.00,457994.4344,5633657.503,2947942.9233
2024/02/14 05:15:52.00,457998.359,5633653.0791,2947950.4577
2024/02/14 05:15:53.00,458002.3185,5633647.8432,2947958.0257
2024/02/14 05:15:54.00,458005.6558,5633644.0086,2947966.2799
2024/02/14 05:15:55.00,458008.6393,5633639.3172,2947974.5701
2024/02/14 05:15:56.00,458010.9963,5633634.7277,2947983.1469
2024/02/14 05:15:57.00,458012.874,5633630.0947,2947991.8402
2024/02/14 05:15:58.00,458014.3874,5633625.4806,2948000.5827
2024/02/14 05:15:59.00,458015.6558,5633620.8212,2948009.3123
2024/02/14 05:16:00.00,458016.5834,5633616.3287,2948018.1645
2024/02/14 05:16:01.00,458017.3059,5633611.0746,2948026.8483
2024/02/14 05:16:02.00,458017.5995,5633606.4963,2948035.7702
2024/02/14 05:16:03.00,458017.7996,5633601.9297,2948044.7135
2024/02/14 05:16:04.00,458017.9197,5633598.0345,2948053.8382
2024/02/14 05:16:05.00,458018.2393,5633592.8441,2948062.6688
2024/02/14 05:16:06.00,458018.5061,5633588.3126,2948071.6397
2024/02/14 05:16:07.00,458018.672,5633584.4256,2948080.7748
2024/02/14 05:16:08.00,458018.824,5633579.8615,2948089.7595
2024/02/14 05:16:09.00,458019.1022,5633574.5671,2948098.6073
2024/02/14 05:16:10.00,458019.2391,5633569.9614,2948107.674
2024/02/14 05:16:11.00,458019.3338,5633565.9563,2948116.9053
2024/02/14 05:16:12.00,458019.6174,5633561.3368,2948126.01
2024/02/14 05:16:13.00,458020.0476,5633555.8782,2948134.9756
2024/02/14 05:16:14.00,458020.0297,5633551.8378,2948144.3339
2024/02/14 05:16:15.00,458020.1537,5633546.4546,2948153.3961
2024/02/14 05:16:16.00,458020.1588,5633541.7083,2948162.6405
2024/02/14 05:16:17.00,458020.2584,5633536.8872,2948171.8852
2024/02/14 05:16:18.00,458020.5543,5633532.6647,2948181.2982
2024/02/14 05:16:19.00,458021.2805,5633527.67,2948190.4891
2024/02/14 05:16:20.00,458022.4323,5633522.6905,2948199.4381
2024/02/14 05:16:21.00,458024.1815,5633517.7685,2948208.1846
2024/02/14 05:16:22.00,458026.357,5633512.9352,2948216.7613
2024/02/14 05:16:23.00,458029.1898,5633507.3139,2948224.9653
2024/02/14 05:16:24.00,458032.3254,5633502.7326,2948233.2536
2024/02/14 05:16:25.00,458036.094,5633497.8707,2948241.2156
2024/02/14 05:16:26.00,458040.7102,5633493.1557,2948248.8087
2024/02/14 05:16:27.00,458046.1801,5633488.6058,2948256.0368
2024/02/14 05:16:28.00,458052.2695,5633483.8317,2948262.987
2024/02/14 05:16:29.00,458059.1228,5633479.1554,2948269.63
2024/02/14 05:16:30.00,458066.5651,5633474.6402,2948275.9543
2024/02/14 05:16:31.00,458074.3443,5633470.5102,2948281.5412
2024/02/14 05:16:32.00,458082.2449,5633466.7585,2948286.4775
2024/02/14 05:16:33.00,458090.5123,5633463.2343,2948290.9343
2024/02/14 05:16:34.00,458099.2253,5633459.9161,2948295.0131
2024/02/14 05:16:35.00,458108.1508,5633456.824,2948298.6225
2024/02/14 05:16:36.00,458116.875,5633454.1727,2948301.4613
2024/02/14 05:16:37.00,458125.135,5633451.9546,2948303.6328
2024/02/14 05:16:38.00,458133.1809,5633450.0842,2948305.2065
2024/02/14 05:16:39.00,458141.6027,5633447.8179,2948306.1915
2024/02/14 05:16:40.00,458149.9501,5633446.9277,2948306.9374
2024/02/14 05:16:41.00,458158.1593,5633445.9209,2948307.0989
2024/02/14 05:16:42.00,458166.253,5633445.0463,2948306.7716
2024/02/14 05:16:43.00,458173.7001,5633444.4701,2948306.0162
2024/02/14 05:16:44.00,458180.6078,5633443.3712,2948304.9955
2024/02/14 05:16:45.00,458186.8408,5633443.0355,2948304.1007
2024/02/14 05:16:46.00,458192.778,5633442.7415,2948303.2673
2024/02/14 05:16:47.00,458197.5931,5633443.1151,2948302.8745
2024/02/14 05:16:48.00,458202.1141,5633442.9213,2948302.2351
2024/02/14 05:16:49.00,458206.2371,5633442.8015,2948301.5971
2024/02/14 05:16:50.00,458210.3678,5633442.7903,2948300.9029
2024/02/14 05:16:51.00,458214.5283,5633442.7911,2948300.2207
2024/02/14 05:16:52.00,458218.817,5633442.7314,2948299.5476
2024/02/14 05:16:53.00,458223.1115,5633442.6757,2948298.9002
2024/02/14 05:16:54.00,458227.2409,5633442.6329,2948298.2889
2024/02/14 05:16:55.00,458231.1781,5633442.5615,2948297.7732
2024/02/14 05:16:56.00,458234.9044,5633442.5056,2948297.2231
2024/02/14 05:16:57.00,458238.0901,5633442.4852,2948296.7151
2024/02/14 05:16:58.00,458240.3668,5633441.81,2948296.1848
2024/02/14 05:16:59.00,458241.6382,5633442.4936,2948296.0992
2024/02/14 05:17:00.00,458242.3512,5633442.4876,2948295.9641
2024/02/14 05:17:01.00,458242.993,5633442.5027,2948295.8522
2024/02/14 05:17:02.00,458243.6492,5633441.8322,2948295.5967
2024/02/14 05:17:03.00,458243.9149,5633442.5023,2948295.7006
2024/02/14 05:17:04.00,458244.2613,5633442.4979,2948295.6398
2024/02/14 05:17:05.00,458244.5659,5633442.4024,2948295.5514
2024/02/14 05:17:06.00,458245.1119,5633442.5132,2948295.5068
2024/02/14 05:17:07.00,458246.3636,5633441.8467,2948295.1714
2024/02/14 05:17:08.00,458247.8033,5633442.5087,2948295.0956
2024/02/14 05:17:09.00,458249.547,5633442.4841,2948294.8361
2024/02/14 05:17:10.00,458251.5173,5633442.4865,2948294.5086
2024/02/14 05:17:11.00,458254.0966,5633442.4918,2948294.0629
2024/02/14 05:17:12.00,458257.3486,5633442.484,2948293.5256
2024/02/14 05:17:13.00,458261.138,5633442.4738,2948292.9226
2024/02/14 05:17:14.00,458265.0533,5633442.5154,2948292.294
2024/02/14 05:17:15.00,458268.8833,5633442.5437,2948291.6281
2024/02/14 05:17:16.00,458272.9262,5633442.6228,2948290.8504
2024/02/14 05:17:17.00,458277.4319,5633442.6696,2948290.0969
2024/02/14 05:17:18.00,458282.3889,5633442.728,2948289.3289
2024/02/14 05:17:19.00,458287.6894,5633442.706,2948288.5005
2024/02/14 05:17:20.00,458292.9868,5633442.6733,2948287.6813
2024/02/14 05:17:21.00,458298.0037,5633442.7196,2948286.8616
2024/02/14 05:17:22.00,458302.3257,5633442.702,2948286.08
2024/02/14 05:17:23.00,458305.5297,5633442.5849,2948285.4722
2024/02/14 05:17:24.00,458307.7719,5633442.6757,2948285.1032
2024/02/14 05:17:25.00,458308.9097,5633442.6767,2948284.8968
2024/02/14 05:17:26.00,458309.4758,5633442.5712,2948284.7466
2024/02/14 05:17:27.00,458310.0931,5633442.7179,2948284.6688
2024/02/14 05:17:28.00,458311.0251,5633442.7504,2948284.4584
2024/02/14 05:17:29.00,458312.3882,5633442.8166,2948284.0768
2024/02/14 05:17:30.00,458314.0176,5633442.921,2948283.6354
2024/02/14 05:17:31.00,458316.3005,5633443.0402,2948283.0063
2024/02/14 05:17:32.00,458319.4296,5633443.0105,2948282.4118
2024/02/14 05:17:33.00,458323.211,5633443.0136,2948281.8132
2024/02/14 05:17:34.00,458327.0339,5633443.0691,2948281.367
2024/02/14 05:17:35.00,458330.7163,5633442.971,2948280.9923
2024/02/14 05:17:36.00,458334.4864,5633442.8686,2948280.6438
2024/02/14 05:17:37.00,458338.4753,5633442.8003,2948280.2056
2024/02/14 05:17:38.00,458342.4747,5633442.7795,2948279.6799
2024/02/14 05:17:39.00,458346.3477,5633442.7596,2948279.1298
2024/02/14 05:17:40.00,458350.2407,5633442.7383,2948278.5708
2024/02/14 05:17:41.00,458354.4923,5633442.7321,2948278.0101
2024/02/14 05:17:42.00,458359.1957,5633442.6395,2948277.4407
2024/02/14 05:17:43.00,458364.2891,5633442.5758,2948276.8145
2024/02/14 05:17:44.00,458369.5287,5633442.5559,2948276.0603
2024/02/14 05:17:45.00,458374.7374,5633442.6052,2948275.2778
2024/02/14 05:17:46.00,458379.7571,5633442.5326,2948274.4703
2024/02/14 05:17:47.00,458384.4944,5633442.6176,2948273.6636
2024/02/14 05:17:48.00,458388.9486,5633442.6796,2948272.8682
2024/02/14 05:17:49.00,458393.1711,5633442.7244,2948272.1527
2024/02/14 05:17:50.00,458397.2479,5633442.7345,2948271.4514
2024/02/14 05:17:51.00,458401.2448,5633442.7137,2948270.8974
2024/02/14 05:17:52.00,458405.3405,5633442.6298,2948270.3709
2024/02/14 05:17:53.00,458409.37,5633442.5827,2948269.8494
2024/02/14 05:17:54.00,458413.1357,5633442.5799,2948269.3103
2024/02/14 05:17:55.00,458416.5372,5633442.5946,2948268.7658
2024/02/14 05:17:56.00,458419.468,5633442.6192,2948268.2667
2024/02/14 05:17:57.00,458422.179,5633442.5819,2948267.8774
2024/02/14 05:17:58.00,458424.6565,5633442.5264,2948267.5803
2024/02/14 05:17:59.00,458426.7487,5633442.4827,2948267.3167
2024/02/14 05:18:00.00,458428.1254,5633442.4694,2948267.146
2024/02/14 05:18:01.00,458428.9054,5633442.4593,2948267.0256
2024/02/14 05:18:02.00,458429.625,5633442.4537,2948266.9263
2024/02/14 05:18:03.00,458430.3257,5633442.4259,2948266.8353
2024/02/14 05:18:04.00,458431.2541,5633442.419,2948266.7245
2024/02/14 05:18:05.00,458432.5345,5633442.4123,2948266.5539
2024/02/14 05:18:06.00,458433.807,5633442.4026,2948266.3598
2024/02/14 05:18:07.00,458434.8384,5633442.4154,2948266.2098
2024/02/14 05:18:08.00,458435.2007,5633442.4046,2948266.1478
2024/02/14 05:18:09.00,458435.1957,5633442.3983,2948266.1491
2024/02/14 05:18:10.00,458435.1955,5633442.3999,2948266.1512
2024/02/14 05:18:11.00,458435.198,5633442.4002,2948266.1473
2024/02/14 05:18:12.00,458435.2308,5633442.4082,2948266.1443
2024/02/14 05:18:13.00,458435.5445,5633442.4035,2948266.0964
2024/02/14 05:18:14.00,458436.3975,5633442.4333,2948265.9545
2024/02/14 05:18:15.00,458437.0036,5633442.4241,2948265.8549
2024/02/14 05:18:16.00,458437.2103,5633442.4187,2948265.8145
2024/02/14 05:18:17.00,458437.216,5633442.4181,2948265.8157
2024/02/14 05:18:18.00,458437.2522,5633442.4056,2948265.8054
2024/02/14 05:18:19.00,458437.4403,5633442.4246,2948265.7793
2024/02/14 05:18:20.00,458437.8549,5633442.4126,2948265.6988
2024/02/14 05:18:21.00,458438.2762,5633442.4165,2948265.6318
2024/02/14 05:18:22.00,458438.6376,5633442.4242,2948265.5739
2024/02/14 05:18:23.00,458438.7672,5633442.4177,2948265.5438
2024/02/14 05:18:24.00,458438.8804,5633442.4214,2948265.5205
2024/02/14 05:18:25.00,458439.1227,5633442.4288,2948265.4847
2024/02/14 05:18:26.00,458439.7432,5633442.4423,2948265.3795
2024/02/14 05:18:27.00,458440.9363,5633442.4663,2948265.1809
2024/02/14 05:18:28.00,458442.3815,5633442.4631,2948264.9449
2024/02/14 05:18:29.00,458443.8025,5633442.4695,2948264.7006
2024/02/14 05:18:30.00,458445.0936,5633442.4574,2948264.4985
2024/02/14 05:18:31.00,458446.2676,5633442.4659,2948264.3117
2024/02/14 05:18:32.00,458447.3426,5633442.4952,2948264.1397
2024/02/14 05:18:33.00,458448.1725,5633442.4466,2948264.0067
2024/02/14 05:18:34.00,458448.9259,5633442.4916,2948263.9074
2024/02/14 05:18:35.00,458448.5655,5633445.6099,2948263.9281
2024/02/14 05:18:36.00,458451.1275,5633442.4931,2948263.5888
2024/02/14 05:18:37.00,458452.2066,5633442.4971,2948263.4453
2024/02/14 05:18:38.00,458452.885,5633442.4817,2948263.3476
2024/02/14 05:18:39.00,458453.4753,5633442.5062,2948263.2754
2024/02/14 05:18:40.00,458454.0223,5633442.4753,2948263.2025
2024/02/14 05:18:41.00,458454.496,5633442.4676,2948263.1412
2024/02/14 05:18:42.00,458454.9433,5633442.4641,2948263.0999
2024/02/14 05:18:43.00,458455.5893,5633442.472,2948263.0185
2024/02/14 05:18:44.00,458456.6892,5633442.4531,2948262.8568
2024/02/14 05:18:45.00,458458.1573,5633442.4491,2948262.6917
2024/02/14 05:18:46.00,458459.6728,5633442.4151,2948262.4966
2024/02/14 05:18:47.00,458461.3971,5633442.3977,2948262.31
2024/02/14 05:18:48.00,458463.2377,5633442.3759,2948262.0793
2024/02/14 05:18:49.00,458465.1271,5633442.395,2948261.8032
2024/02/14 05:18:50.00,458467.1004,5633442.3858,2948261.5065
2024/02/14 05:18:51.00,458469.2554,5633442.3896,2948261.1706
2024/02/14 05:18:52.00,458471.2769,5633442.4199,2948260.8426
2024/02/14 05:18:53.00,458472.5722,5633442.4592,2948260.6539
2024/02/14 05:18:54.00,458473.4112,5633442.4741,2948260.5113
2024/02/14 05:18:55.00,458473.9636,5633442.4922,2948260.4337
2024/02/14 05:18:56.00,458474.3375,5633442.4945,2948260.3784
2024/02/14 05:18:57.00,458475.1282,5633442.4882,2948260.277
2024/02/14 05:18:58.00,458476.563,5633442.7558,2948260.152
2024/02/14 05:18:59.00,458478.4324,5633442.4552,2948259.8785
2024/02/14 05:19:00.00,458480.4596,5633442.5091,2948259.6463
2024/02/14 05:19:01.00,458482.9179,5633442.391,2948259.379
2024/02/14 05:19:02.00,458485.854,5633442.3924,2948259.0973
2024/02/14 05:19:03.00,458489.4704,5633442.3019,2948258.8545
2024/02/14 05:19:04.00,458493.7271,5633442.1809,2948258.6512
2024/02/14 05:19:05.00,458497.9086,5633442.2369,2948258.5713
2024/02/14 05:19:06.00,458501.9074,5633442.0253,2948258.5527
2024/02/14 05:19:07.00,458506.0554,5633442.0313,2948258.7076
2024/02/14 05:19:08.00,458510.719,5633441.1732,2948258.6878
2024/02/14 05:19:09.00,458515.5933,5633440.8721,2948258.804
2024/02/14 05:19:10.00,458520.7146,5633440.8452,2948259.0434
2024/02/14 05:19:11.00,458525.9643,5633440.0652,2948259.368
2024/02/14 05:19:12.00,458530.9838,5633439.4923,2948259.9187
2024/02/14 05:19:13.00,458535.6659,5633438.9582,2948260.6154
2024/02/14 05:19:14.00,458540.0225,5633438.3414,2948261.4407
2024/02/14 05:19:15.00,458544.2532,5633437.777,2948262.2577
2024/02/14 05:19:16.00,458548.5321,5633437.1822,2948263.0769
2024/02/14 05:19:17.00,458552.6587,5633436.557,2948263.9678
2024/02/14 05:19:18.00,458556.4321,5633435.929,2948264.931
2024/02/14 05:19:19.00,458560.0136,5633435.1409,2948265.844
2024/02/14 05:19:20.00,458563.543,5633434.5209,2948266.8339
2024/02/14 05:19:21.00,458566.9814,5633434.0815,2948267.8712
2024/02/14 05:19:22.00,458570.3643,5633433.2847,2948268.7269
2024/02/14 05:19:23.00,458573.4351,5633432.6876,2948269.6714
2024/02/14 05:19:24.00,458576.44,5633432.1634,2948270.728
2024/02/14 05:19:25.00,458579.27,5633431.6169,2948271.666
2024/02/14 05:19:26.00,458581.6329,5633430.9643,2948272.4589
2024/02/14 05:19:27.00,458583.8464,5633430.5159,2948273.3037
2024/02/14 05:19:28.00,458586.4301,5633429.9041,2948274.3195
2024/02/14 05:19:29.00,458589.0836,5633429.5453,2948275.4744
2024/02/14 05:19:30.00,458591.6286,5633428.633,2948276.5528
2024/02/14 05:19:31.00,458594.0438,5633428.0004,2948277.6828
2024/02/14 05:19:32.00,458596.3661,5633427.3459,2948278.8333
2024/02/14 05:19:33.00,458598.6925,5633426.689,2948279.9075
2024/02/14 05:19:34.00,458600.8734,5633426.0774,2948281.0043
2024/02/14 05:19:35.00,458602.8643,5633425.5005,2948282.0411
2024/02/14 05:19:36.00,458604.7478,5633424.9096,2948283.0794
2024/02/14 05:19:37.00,458606.8122,5633424.2655,2948284.2454
2024/02/14 05:19:38.00,458608.9992,5633423.5387,2948285.5237
2024/02/14 05:19:39.00,458611.048,5633422.8569,2948286.7667
2024/02/14 05:19:40.00,458612.8573,5633422.2521,2948287.8889
2024/02/14 05:19:41.00,458614.4971,5633421.6992,2948288.9026
2024/02/14 05:19:42.00,458616.0213,5633421.1668,2948289.8575
2024/02/14 05:19:43.00,458617.4858,5633420.6304,2948290.801
2024/02/14 05:19:44.00,458618.9138,5633420.092,2948291.7643
2024/02/14 05:19:45.00,458620.4831,5633419.4795,2948292.8568
2024/02/14 05:19:46.00,458622.1514,5633418.8438,2948293.9904
2024/02/14 05:19:47.00,458623.6278,5633418.2887,2948295.0211
2024/02/14 05:19:48.00,458624.7143,5633417.8624,2948295.805
2024/02/14 05:19:49.00,458625.433,5633417.5731,2948296.3058
2024/02/14 05:19:50.00,458625.88,5633417.4017,2948296.6338
2024/02/14 05:19:51.00,458626.7546,5633417.0358,2948297.2826
2024/02/14 05:19:52.00,458628.0652,5633416.4989,2948298.2761
2024/02/14 05:19:53.00,458629.6027,5633415.8607,2948299.4481
2024/02/14 05:19:54.00,458631.2562,5633415.1807,2948300.7109
2024/02/14 05:19:55.00,458632.9762,5633414.4908,2948302.0203
2024/02/14 05:19:56.00,458634.7296,5633413.7657,2948303.3252
2024/02/14 05:19:57.00,458636.4776,5633413.0512,2948304.6497
2024/02/14 05:19:58.00,458638.2669,5633412.3475,2948305.9803
2024/02/14 05:19:59.00,458640.063,5633411.5993,2948307.3589
2024/02/14 05:20:00.00,458641.8708,5633410.8354,2948308.7642
2024/02/14 05:20:01.00,458643.6831,5633410.0655,2948310.1883
2024/02/14 05:20:02.00,458645.4082,5633409.3166,2948311.5705
2024/02/14 05:20:03.00,458646.9783,5633408.6318,2948312.8305
2024/02/14 05:20:04.00,458648.4936,5633407.9686,2948314.0576
2024/02/14 05:20:05.00,458649.8931,5633407.3673,2948315.1422
2024/02/14 05:20:06.00,458650.8129,5633406.9888,2948315.8533
2024/02/14 05:20:07.00,458651.5998,5633406.6676,2948316.4515
2024/02/14 05:20:08.00,458652.3466,5633406.3601,2948317.0269
2024/02/14 05:20:09.00,458653.1734,5633406.0139,2948317.6816
2024/02/14 05:20:10.00,458654.0908,5633405.6073,2948318.4268
2024/02/14 05:20:11.00,458654.9196,5633405.2405,2948319.103
2024/02/14 05:20:12.00,458655.7171,5633404.9053,2948319.7677
2024/02/14 05:20:13.00,458656.5874,5633404.5327,2948320.4806
2024/02/14 05:20:14.00,458657.3769,5633404.198,2948321.1296
2024/02/14 05:20:15.00,458658.1402,5633403.8553,2948321.7661
2024/02/14 05:20:16.00,458658.9565,5633403.4848,2948322.4533
2024/02/14 05:20:17.00,458659.927,5633403.084,2948323.2254
2024/02/14 05:20:18.00,458660.9824,5633402.6511,2948324.0712
2024/02/14 05:20:19.00,458662.07,5633402.1845,2948324.9398
2024/02/14 05:20:20.00,458663.1584,5633401.7197,2948325.8456
2024/02/14 05:20:21.00,458664.2783,5633401.2494,2948326.7232
2024/02/14 05:20:22.00,458665.4037,5633400.8016,2948327.6158
2024/02/14 05:20:23.00,458666.4772,5633400.3679,2948328.4438
2024/02/14 05:20:24.00,458667.4641,5633399.951,2948329.2221
2024/02/14 05:20:25.00,458668.5539,5633399.4607,2948330.1157
2024/02/14 05:20:26.00,458669.7523,5633398.928,2948331.069
2024/02/14 05:20:27.00,458670.8714,5633398.421,2948332.0078
2024/02/14 05:20:28.00,458671.8446,5633397.9947,2948332.8152
2024/02/14 05:20:29.00,458672.6946,5633397.6221,2948333.51
2024/02/14 05:20:30.00,458673.4329,5633397.2973,2948334.1412
2024/02/14 05:20:31.00,458674.1235,5633396.9661,2948334.7684
2024/02/14 05:20:32.00,458674.8227,5633396.6348,2948335.3893
2024/02/14 05:20:33.00,458675.5325,5633396.3126,2948336.0049
2024/02/14 05:20:34.00,458676.2025,5633396.0085,2948336.606
2024/02/14 05:20:35.00,458676.8913,5633395.6918,2948337.2042
2024/02/14 05:20:36.00,458677.7172,5633395.3054,2948337.9021
2024/02/14 05:20:37.00,458678.7397,5633394.8522,2948338.7447
2024/02/14 05:20:38.00,458679.714,5633394.4213,2948339.5368
2024/02/14 05:20:39.00,458680.5315,5633394.0689,2948340.1933
2024/02/14 05:20:40.00,458681.5103,5633393.6534,2948340.9341
2024/02/14 05:20:41.00,458682.5674,5633393.2196,2948341.744
2024/02/14 05:20:42.00,458683.5024,5633392.8369,2948342.4596
2024/02/14 05:20:43.00,458684.2706,5633392.5072,2948343.0707
2024/02/14 05:20:44.00,458684.9532,5633392.1918,2948343.6239
2024/02/14 05:20:45.00,458685.5251,5633391.9531,2948344.0911
2024/02/14 05:20:46.00,458685.8043,5633391.8306,2948344.3273
2024/02/14 05:20:47.00,458686.2789,5633391.6187,2948344.7341
2024/02/14 05:20:48.00,458687.1435,5633391.2181,2948345.4539
2024/02/14 05:20:49.00,458688.0939,5633390.7842,2948346.2857
2024/02/14 05:20:50.00,458689.0864,5633390.3064,2948347.1355
2024/02/14 05:20:51.00,458690.1681,5633389.7855,2948348.0915
2024/02/14 05:20:52.00,458691.1582,5633389.3147,2948348.9524
2024/02/14 05:20:53.00,458691.8452,5633389.0209,2948349.5213
2024/02/14 05:20:54.00,458692.1809,5633388.8834,2948349.7895
2024/02/14 05:20:55.00,458692.5526,5633388.7086,2948350.1005
2024/02/14 05:20:56.00,458693.3912,5633388.3446,2948350.7991
2024/02/14 05:20:57.00,458694.2206,5633387.956,2948351.5044
2024/02/14 05:20:58.00,458695.1442,5633387.5148,2948352.2978
2024/02/14 05:20:59.00,458696.142,5633387.0663,2948353.1734
2024/02/14 05:21:00.00,458697.3452,5633386.5078,2948354.21
2024/02/14 05:21:01.00,458698.76,5633385.8758,2948355.3959
2024/02/14 05:21:02.00,458700.3764,5633385.1315,2948356.7448
2024/02/14 05:21:03.00,458702.1373,5633384.3386,2948358.1763
2024/02/14 05:21:04.00,458703.8691,5633383.5548,2948359.6755
2024/02/14 05:21:05.00,458705.5126,5633382.7695,2948361.0806
2024/02/14 05:21:06.00,458706.8008,5633382.1824,2948362.1715
2024/02/14 05:21:07.00,458707.6487,5633381.8075,2948362.8259
2024/02/14 05:21:08.00,458708.2139,5633381.5829,2948363.2778
2024/02/14 05:21:09.00,458708.8679,5633381.3121,2948363.7553
2024/02/14 05:21:10.00,458709.3279,5633381.1233,2948364.1004
2024/02/14 05:21:11.00,458710.0773,5633380.7939,2948364.6747
2024/02/14 05:21:12.00,458711.1298,5633380.3606,2948365.4768
2024/02/14 05:21:13.00,458712.3273,5633379.8436,2948366.4036
2024/02/14 05:21:14.00,458713.7265,5633379.2378,2948367.4635
2024/02/14 05:21:15.00,458715.4195,5633378.5463,2948368.7159
2024/02/14 05:21:16.00,458717.4234,5633377.7176,2948370.2128
2024/02/14 05:21:17.00,458719.2414,5633376.9428,2948371.5895
2024/02/14 05:21:18.00,458720.752,5633376.2901,2948372.7733
2024/02/14 05:21:19.00,458722.6353,5633375.457,2948374.2623
2024/02/14 05:21:20.00,458725.0797,5633374.3612,2948376.2435
2024/02/14 05:21:21.00,458728.0899,5633372.9781,2948378.7601
2024/02/14 05:21:22.00,458731.321,5633371.5962,2948381.5622
2024/02/14 05:21:23.00,458734.5647,5633370.1199,2948384.3085
2024/02/14 05:21:24.00,458737.4764,5633368.8414,2948386.7403
2024/02/14 05:21:25.00,458740.351,5633367.6006,2948389.1155
2024/02/14 05:21:26.00,458743.3482,5633366.2975,2948391.5968
2024/02/14 05:21:27.00,458746.5394,5633364.7909,2948394.1782
2024/02/14 05:21:28.00,458749.994,5633363.2569,2948396.9936
2024/02/14 05:21:29.00,458753.8579,5633361.5734,2948400.1361
2024/02/14 05:21:30.00,458758.1546,5633359.6119,2948403.7973
2024/02/14 05:21:31.00,458762.7961,5633357.3086,2948408.0917
2024/02/14 05:21:32.00,458767.7524,5633354.7777,2948412.8299
2024/02/14 05:21:33.00,458772.9956,5633352.1339,2948417.7452
2024/02/14 05:21:34.00,458778.5555,5633349.5311,2948422.6497
2024/02/14 05:21:35.00,458784.2905,5633346.9172,2948427.5189
2024/02/14 05:21:36.00,458790.1736,5633344.3476,2948432.3208
2024/02/14 05:21:37.00,458796.1295,5633341.769,2948437.0975
2024/02/14 05:21:38.00,458802.1845,5633339.2386,2948441.7401
2024/02/14 05:21:39.00,458808.1321,5633336.8534,2948446.1067
2024/02/14 05:21:40.00,458813.8443,5633334.6789,2948450.2806
2024/02/14 05:21:41.00,458819.2708,5633332.6002,2948454.0196
2024/02/14 05:21:42.00,458824.3636,5633330.6903,2948457.3307
2024/02/14 05:21:43.00,458829.2739,5633328.7208,2948460.8142
2024/02/14 05:21:44.00,458834.0553,5633326.5071,2948464.542
2024/02/14 05:21:45.00,458838.5961,5633323.9843,2948468.6452
2024/02/14 05:21:46.00,458842.6173,5633321.462,2948473.1869
2024/02/14 05:21:47.00,458845.4525,5633318.8473,2948478.0299
2024/02/14 05:21:48.00,458846.9378,5633316.4146,2948482.8574
2024/02/14 05:21:49.00,458847.1859,5633314.2532,2948487.2432
2024/02/14 05:21:50.00,458846.7234,5633312.468,2948490.8879
2024/02/14 05:21:51.00,458846.2448,5633311.2594,2948493.4229
2024/02/14 05:21:52.00,458845.811,5633310.3926,2948495.3013
2024/02/14 05:21:53.00,458845.2788,5633309.6366,2948497.0817
2024/02/14 05:21:54.00,458844.5092,5633308.657,2948499.2706
2024/02/14 05:21:55.00,458843.486,5633307.4886,2948501.8364
2024/02/14 05:21:56.00,458842.3101,5633306.2764,2948504.5975
2024/02/14 05:21:57.00,458840.9826,5633304.9964,2948507.4247
2024/02/14 05:21:58.00,458839.5553,5633303.8009,2948510.3042
2024/02/14 05:21:59.00,458838.1516,5633302.4203,2948513.2778
2024/02/14 05:22:00.00,458836.6916,5633301.1126,2948516.2937
2024/02/14 05:22:01.00,458835.2644,5633299.7412,2948519.4126
2024/02/14 05:22:02.00,458833.7749,5633298.3606,2948522.531
2024/02/14 05:22:03.00,458832.4529,5633297.1194,2948525.313
2024/02/14 05:22:04.00,458831.3191,5633296.1093,2948527.5796
2024/02/14 05:22:05.00,458830.3696,5633295.2518,2948529.4893
2024/02/14 05:22:06.00,458829.5883,5633294.5877,2948531.0604
2024/02/14 05:22:07.00,458828.9607,5633293.9833,2948532.2938
2024/02/14 05:22:08.00,458828.2841,5633293.393,2948533.678
2024/02/14 05:22:09.00,458827.5745,5633292.6274,2948535.1123
2024/02/14 05:22:10.00,458826.8738,5633291.9752,2948536.5686
2024/02/14 05:22:11.00,458826.2905,5633291.4414,2948537.7437
2024/02/14 05:22:12.00,458825.8582,5633291.0286,2948538.6806
2024/02/14 05:22:13.00,458825.5283,5633290.704,2948539.3674
2024/02/14 05:22:14.00,458825.2469,5633290.4409,2948539.9455
2024/02/14 05:22:15.00,458824.7869,5633290.0367,2948540.8806
2024/02/14 05:22:16.00,458824.072,5633289.3562,2948542.2771
2024/02/14 05:22:17.00,458823.2914,5633288.6214,2948543.8322
2024/02/14 05:22:18.00,458822.5674,5633287.9596,2948545.3297
2024/02/14 05:22:19.00,458821.9022,5633287.3129,2948546.7402
2024/02/14 05:22:20.00,458821.2966,5633286.7258,2948548.0064
2024/02/14 05:22:21.00,458820.6057,5633286.1016,2948549.3997
2024/02/14 05:22:22.00,458819.7866,5633285.326,2948551.0939
2024/02/14 05:22:23.00,458818.9644,5633284.5286,2948552.851
2024/02/14 05:22:24.00,458818.2284,5633283.8192,2948554.4135
2024/02/14 05:22:25.00,458817.4785,5633283.0614,2948556.0087
2024/02/14 05:22:26.00,458816.7379,5633282.3563,2948557.5424
2024/02/14 05:22:27.00,458816.0557,5633281.8302,2948558.8166
2024/02/14 05:22:28.00,458815.4897,5633281.3431,2948559.8302
2024/02/14 05:22:29.00,458814.9951,5633280.9777,2948560.6962
2024/02/14 05:22:30.00,458814.3499,5633280.5002,2948561.7694
2024/02/14 05:22:31.00,458813.5958,5633279.9521,2948562.9938
2024/02/14 05:22:32.00,458812.8725,5633279.4503,2948564.137
2024/02/14 05:22:33.00,458812.171,5633278.9409,2948565.2799
2024/02/14 05:22:34.00,458811.492,5633278.4521,2948566.3974
2024/02/14 05:22:35.00,458810.8369,5633277.9903,2948567.4463
2024/02/14 05:22:36.00,458810.1293,5633277.486,2948568.6136
2024/02/14 05:22:37.00,458809.3342,5633276.9146,2948569.9069
2024/02/14 05:22:38.00,458808.6001,5633276.3561,2948571.105
2024/02/14 05:22:39.00,458807.8926,5633275.8306,2948572.2932
2024/02/14 05:22:40.00,458807.2165,5633275.3242,2948573.4856
2024/02/14 05:22:41.00,458806.5659,5633274.7855,2948574.6248
2024/02/14 05:22:42.00,458806.1079,5633274.408,2948575.4354
2024/02/14 05:22:43.00,458805.7658,5633274.1208,2948576.0193
2024/02/14 05:22:44.00,458806.1865,5633271.1768,2948576.2026
2024/02/14 05:22:45.00,458804.9091,5633273.4395,2948577.6504
2024/02/14 05:22:46.00,458804.2063,5633272.7648,2948578.9606
2024/02/14 05:22:47.00,458803.5852,5633272.2296,2948580.2781
2024/02/14 05:22:48.00,458802.8722,5633271.5516,2948581.6824
2024/02/14 05:22:49.00,458802.1391,5633270.8751,2948583.307
2024/02/14 05:22:50.00,458801.9547,5633269.9431,2948585.5197
2024/02/14 05:22:51.00,458801.264,5633269.2383,2948587.2822
2024/02/14 05:22:52.00,458800.8912,5633267.4889,2948588.3351
2024/02/14 05:22:53.00,458801.1785,5633260.4656,2948587.2721
2024/02/14 05:22:54.00,458797.2608,5633267.732,2948588.5353
2024/02/14 05:22:55.00,458799.3142,5633265.4939,2948592.8963
2024/02/14 05:22:56.00,458796.2317,5633266.4315,2948591.4422
2024/02/14 05:22:57.00,458798.4381,5633264.299,2948595.4654
2024/02/14 05:22:58.00,458798.1783,5633263.5155,2948596.3816
2024/02/14 05:22:59.00,458797.3467,5633264.4533,2948597.6045
2024/02/14 05:23:00.00,458797.0075,5633263.6746,2948598.9291
2024/02/14 05:23:01.00,458796.6407,5633263.0667,2948600.379
2024/02/14 05:23:02.00,458796.353,5633262.5026,2948601.5089
2024/02/14 05:23:03.00,458796.102,5633262.168,2948602.3849
2024/02/14 05:23:04.00,458795.8828,5633261.8843,2948603.1062
2024/02/14 05:23:05.00,458796.1252,5633260.1378,2948603.8308
2024/02/14 05:23:06.00,458795.2344,5633260.8121,2948605.3187
2024/02/14 05:23:07.00,458794.9266,5633260.1966,2948606.3563
2024/02/14 05:23:08.00,458794.7186,5633259.9414,2948607.0758
2024/02/14 05:23:09.00,458794.6801,5633259.9241,2948607.201
2024/02/14 05:23:10.00,458794.6787,5633259.942,2948607.205
2024/02/14 05:23:11.00,458794.6808,5633259.9378,2948607.2017
2024/02/14 05:23:12.00,458794.6816,5633259.9413,2948607.2008
2024/02/14 05:23:13.00,458794.6819,5633259.9408,2948607.1968
2024/02/14 05:23:14.00,458794.6855,5633259.9358,2948607.1903
2024/02/14 05:23:15.00,458794.6865,5633259.9514,2948607.1959
2024/02/14 05:23:16.00,458794.6837,5633259.9429,2948607.1943
2024/02/14 05:23:17.00,458794.6845,5633259.9418,2948607.1947
2024/02/14 05:23:18.00,458794.6847,5633259.9437,2948607.1953
2024/02/14 05:23:19.00,458794.6862,5633259.9374,2948607.1934
2024/02/14 05:23:20.00,458794.6852,5633259.9398,2948607.1858
2024/02/14 05:23:21.00,458794.6734,5633259.9148,2948607.2222
2024/02/14 05:23:22.00,458794.5955,5633259.7995,2948607.4998
2024/02/14 05:23:23.00,458794.4516,5633259.5417,2948608.0166
2024/02/14 05:23:24.00,458794.3796,5633259.1301,2948608.3357
2024/02/14 05:23:25.00,458794.684,5633258.6929,2948608.5108
2024/02/14 05:23:26.00,458794.3094,5633259.3002,2948608.5397
2024/02/14 05:23:27.00,458794.2939,5633258.9933,2948608.6379
2024/02/14 05:23:28.00,458794.1601,5633258.7525,2948609.1394
2024/02/14 05:23:29.00,458794.0318,5633258.5195,2948609.596
2024/02/14 05:23:30.00,458793.9919,5633258.4566,2948609.7483
2024/02/14 05:23:31.00,458793.9891,5633258.4443,2948609.7504
2024/02/14 05:23:32.00,458793.9624,5633258.6773,2948609.8001
2024/02/14 05:23:33.00,458793.9613,5633258.6872,2948609.8002
2024/02/14 05:23:34.00,458793.996,5633258.4622,2948609.7278
2024/02/14 05:23:35.00,458793.9436,5633258.6546,2948609.8637
2024/02/14 05:23:36.00,458793.8339,5633258.1657,2948610.3267
2024/02/14 05:23:37.00,458793.6094,5633257.8064,2948611.1182
2024/02/14 05:23:38.00,458793.3858,5633257.4137,2948611.8822
2024/02/14 05:23:39.00,458793.1523,5633257.0373,2948612.6823
2024/02/14 05:23:40.00,458792.8879,5633256.6513,2948613.5109
2024/02/14 05:23:41.00,458792.608,5633256.2282,2948614.356
2024/02/14 05:23:42.00,458792.3363,5633255.8203,2948615.198
2024/02/14 05:23:43.00,458792.063,5633255.4091,2948616.0364
2024/02/14 05:23:44.00,458791.8048,5633255.0413,2948616.8267
2024/02/14 05:23:45.00,458791.62,5633254.7364,2948617.4599
2024/02/14 05:23:46.00,458791.5042,5633254.5766,2948617.8242
2024/02/14 05:23:47.00,458791.4977,5633254.5775,2948617.8379
2024/02/14 05:23:48.00,458791.5079,5633254.5851,2948617.8051
2024/02/14 05:23:49.00,458791.4702,5633254.5261,2948617.9384
2024/02/14 05:23:50.00,458791.6157,5633253.8131,2948618.6239
2024/02/14 05:23:51.00,458791.031,5633253.8007,2948619.3915
2024/02/14 05:23:52.00,458790.8261,5633253.4964,2948620.0593
2024/02/14 05:23:53.00,458790.6226,5633253.1728,2948620.7006
2024/02/14 05:23:54.00,458790.4898,5633252.9507,2948621.1458
2024/02/14 05:23:55.00,458790.452,5633252.8977,2948621.2597
2024/02/14 05:23:56.00,458790.452,5633252.8946,2948621.2633
2024/02/14 05:23:57.00,458790.4521,5633252.8932,2948621.2609
2024/02/14 05:23:58.00,458790.4526,5633252.8889,2948621.2582
2024/02/14 05:23:59.00,458790.4499,5633252.8885,2948621.2542
2024/02/14 05:24:00.00,458790.4544,5633252.8994,2948621.2532
2024/02/14 05:24:01.00,458790.4189,5633252.8495,2948621.349
2024/02/14 05:24:02.00,458790.2566,5633252.6099,2948621.8612
2024/02/14 05:24:03.00,458790.0053,5633252.2177,2948622.6614
2024/02/14 05:24:04.00,458789.7799,5633251.8743,2948623.3841
2024/02/14 05:24:05.00,458789.5599,5633251.5612,2948624.0811
2024/02/14 05:24:06.00,458789.3858,5633251.3033,2948624.5927
2024/02/14 05:24:07.00,458789.2801,5633251.1266,2948624.9177
2024/02/14 05:24:08.00,458789.2307,5633251.0603,2948625.0732
2024/02/14 05:24:09.00,458789.2174,5633251.0392,2948625.1267
2024/02/14 05:24:10.00,458789.1477,5633250.9449,2948625.3354
2024/02/14 05:24:11.00,458789.3101,5633250.2547,2948625.9962
2024/02/14 05:24:12.00,458788.7161,5633250.1977,2948626.8207
2024/02/14 05:24:13.00,458788.4692,5633249.8007,2948627.6563
2024/02/14 05:24:14.00,458788.1905,5633249.3214,2948628.6345
2024/02/14 05:24:15.00,458787.8263,5633248.6936,2948629.8603
2024/02/14 05:24:16.00,458787.4057,5633248.0328,2948631.2356
2024/02/14 05:24:17.00,458787.0085,5633247.4334,2948632.4986
2024/02/14 05:24:18.00,458786.7653,5633247.2532,2948633.2541
2024/02/14 05:24:19.00,458786.7057,5633246.8919,2948633.4834
2024/02/14 05:24:20.00,458786.7076,5633246.8956,2948633.4883
2024/02/14 05:24:21.00,458786.7072,5633246.9001,2948633.4843
2024/02/14 05:24:22.00,458786.7037,5633246.8893,2948633.4803
2024/02/14 05:24:23.00,458786.7078,5633246.9008,2948633.4829
2024/02/14 05:24:24.00,458786.7045,5633246.8942,2948633.4819
2024/02/14 05:24:25.00,458786.7068,5633246.9049,2948633.4839
2024/02/14 05:24:26.00,458786.7058,5633246.8998,2948633.4847
2024/02/14 05:24:27.00,458786.7035,5633246.8983,2948633.4817
2024/02/14 05:24:28.00,458786.7058,5633246.9005,2948633.4818
2024/02/14 05:24:29.00,458786.705,5633246.8948,2948633.4828
2024/02/14 05:24:30.00,458786.7027,5633246.8853,2948633.4783
2024/02/14 05:24:31.00,458787.0485,5633246.5226,2948633.5024
2024/02/14 05:24:32.00,458787.0168,5633246.4785,2948633.5878
2024/02/14 05:24:33.00,458786.613,5633246.7664,2948633.7601
2024/02/14 05:24:34.00,458786.5789,5633246.7162,2948633.8505
2024/02/14 05:24:35.00,458786.581,5633246.7206,2948633.8523
2024/02/14 05:24:36.00,458786.9234,5633246.3351,2948633.8689
2024/02/14 05:24:37.00,458786.9226,5633246.3398,2948633.8703
2024/02/14 05:24:38.00,458786.9236,5633246.3419,2948633.8709
2024/02/14 05:24:39.00,458786.9222,5633246.3347,2948633.8658
2024/02/14 05:24:40.00,458786.5761,5633246.7101,2948633.8513
2024/02/14 05:24:41.00,458786.5769,5633246.7127,2948633.8538
2024/02/14 05:24:42.00,458786.5749,5633246.7047,2948633.8506
2024/02/14 05:24:43.00,458786.9205,5633246.3314,2948633.8648
2024/02/14 05:24:44.00,458786.5544,5633246.6703,2948633.9196
2024/02/14 05:24:45.00,458786.7893,5633246.1239,2948634.2819
2024/02/14 05:24:46.00,458786.6165,5633245.8825,2948634.7981
2024/02/14 05:24:47.00,458786.4822,5633245.6613,2948635.2214
2024/02/14 05:24:48.00,458786.3717,5633245.4841,2948635.5639
2024/02/14 05:24:49.00,458786.2903,5633245.3478,2948635.8227
2024/02/14 05:24:50.00,458786.2331,5633245.2813,2948636.0028
2024/02/14 05:24:51.00,458786.1937,5633245.2047,2948636.1211
2024/02/14 05:24:52.00,458786.1276,5633245.1029,2948636.315
2024/02/14 05:24:53.00,458786.0055,5633244.8968,2948636.7256
2024/02/14 05:24:54.00,458785.8815,5633244.7099,2948637.1139
2024/02/14 05:24:55.00,458785.7813,5633244.5334,2948637.4517
2024/02/14 05:24:56.00,458785.6903,5633244.3826,2948637.7513
2024/02/14 05:24:57.00,458785.6078,5633244.2378,2948638.0177
2024/02/14 05:24:58.00,458785.5317,5633244.1199,2948638.2538
2024/02/14 05:24:59.00,458785.4532,5633243.9985,2948638.4828
2024/02/14 05:25:00.00,458785.3708,5633243.8585,2948638.7673
2024/02/14 05:25:01.00,458785.2688,5633243.6892,2948639.0974
2024/02/14 05:25:02.00,458785.1513,5633243.5142,2948639.4652
2024/02/14 05:25:03.00,458785.0329,5633243.313,2948639.8433
2024/02/14 05:25:04.00,458784.9595,5633243.2021,2948640.0739
2024/02/14 05:25:05.00,458784.9617,5633243.2068,2948640.0729
2024/02/14 05:25:06.00,458784.9526,5633243.1962,2948640.0882
2024/02/14 05:25:07.00,458784.928,5633243.1471,2948640.1751
2024/02/14 05:25:08.00,458784.8894,5633243.0731,2948640.3417
2024/02/14 05:25:09.00,458784.8525,5633242.9793,2948640.5014
2024/02/14 05:25:10.00,458784.8296,5633242.9175,2948640.625
2024/02/14 05:25:11.00,458784.8206,5633242.8999,2948640.659
2024/02/14 05:25:12.00,458784.8235,5633242.9013,2948640.6558
2024/02/14 05:25:13.00,458784.8233,5633242.9043,2948640.6584
2024/02/14 05:25:14.00,458784.8211,5633242.8994,2948640.6542
2024/02/14 05:25:15.00,458784.8207,5633242.904,2948640.6653
2024/02/14 05:25:16.00,458784.7882,5633242.8238,2948640.788
2024/02/14 05:25:17.00,458784.737,5633242.6983,2948641.0234
2024/02/14 05:25:18.00,458784.7242,5633242.6713,2948641.1039
2024/02/14 05:25:19.00,458784.7243,5633242.6801,2948641.1048
2024/02/14 05:25:20.00,458784.727,5633242.6825,2948641.101
2024/02/14 05:25:21.00,458784.7218,5633242.6778,2948641.1007
2024/02/14 05:25:22.00,458784.7214,5633242.6783,2948641.1015
2024/02/14 05:25:23.00,458784.7249,5633242.6807,2948641.1021
2024/02/14 05:25:24.00,458784.7255,5633242.6805,2948641.1039
2024/02/14 05:25:25.00,458784.7227,5633242.6785,2948641.1024
2024/02/14 05:25:26.00,458784.7248,5633242.6771,2948641.1013
2024/02/14 05:25:27.00,458784.7242,5633242.6837,2948641.1037
2024/02/14 05:25:28.00,458784.7225,5633242.671,2948641.1003
2024/02/14 05:25:29.00,458784.7257,5633242.6793,2948641.102
2024/02/14 05:25:30.00,458784.7224,5633242.6836,2948641.1027
2024/02/14 05:25:31.00,458784.7226,5633242.6806,2948641.1033
2024/02/14 05:25:32.00,458784.7238,5633242.6804,2948641.1029
2024/02/14 05:25:33.00,458784.7208,5633242.6709,2948641.0972
2024/02/14 05:25:34.00,458784.7227,5633242.677,2948641.1007
2024/02/14 05:25:35.00,458784.7222,5633242.6767,2948641.0995
2024/02/14 05:25:36.00,458784.7226,5633242.6718,2948641.1
2024/02/14 05:25:37.00,458784.723,5633242.6768,2948641.1029
2024/02/14 05:25:38.00,458784.7238,5633242.6741,2948641.1004
2024/02/14 05:25:39.00,458784.7009,5633242.6259,2948641.2064
2024/02/14 05:25:40.00,458784.6291,5633242.4648,2948641.5217
2024/02/14 05:25:41.00,458784.4793,5633242.1223,2948642.2011
2024/02/14 05:25:42.00,458784.2936,5633241.7405,2948642.9575
2024/02/14 05:25:43.00,458784.1216,5633241.3821,2948643.6307
2024/02/14 05:25:44.00,458783.9297,5633241.0511,2948644.3076
2024/02/14 05:25:45.00,458783.7457,5633240.7111,2948645.0205
2024/02/14 05:25:46.00,458783.5652,5633240.3572,2948645.6847
2024/02/14 05:25:47.00,458783.4045,5633240.0344,2948646.2811
2024/02/14 05:25:48.00,458783.2684,5633239.7472,2948646.8438
2024/02/14 05:25:49.00,458783.1611,5633239.507,2948647.3108
2024/02/14 05:25:50.00,458783.095,5633239.3693,2948647.5893
2024/02/14 05:25:51.00,458783.064,5633239.2948,2948647.7194
2024/02/14 05:25:52.00,458783.0662,5633239.2935,2948647.7214
2024/02/14 05:25:53.00,458783.0653,5633239.2891,2948647.718
2024/02/14 05:25:54.00,458783.0612,5633239.2853,2948647.7348
2024/02/14 05:25:55.00,458783.0349,5633239.228,2948647.8327
2024/02/14 05:25:56.00,458782.9835,5633239.1182,2948648.026
2024/02/14 05:25:57.00,458782.9613,5633239.0633,2948648.1105
2024/02/14 05:25:58.00,458782.9591,5633239.0635,2948648.113
2024/02/14 05:25:59.00,458782.9603,5633239.0595,2948648.1119
2024/02/14 05:26:00.00,458782.9586,5633239.0688,2948648.1114
2024/02/14 05:26:01.00,458782.9609,5633239.0661,2948648.1147
2024/02/14 05:26:02.00,458782.9595,5633239.0614,2948648.1118
2024/02/14 05:26:03.00,458782.954,5633239.0537,2948648.1381
2024/02/14 05:26:04.00,458782.9203,5633238.9824,2948648.2767
2024/02/14 05:26:05.00,458782.809,5633238.786,2948648.7401
2024/02/14 05:26:06.00,458782.614,5633238.4007,2948649.5008
2024/02/14 05:26:07.00,458782.4095,5633237.9916,2948650.2255
2024/02/14 05:26:08.00,458782.136,5633237.5495,2948651.1267
2024/02/14 05:26:09.00,458781.8394,5633237.0903,2948652.0345
2024/02/14 05:26:10.00,458781.5621,5633236.6278,2948652.912
2024/02/14 05:26:11.00,458781.2693,5633236.2097,2948653.7729
2024/02/14 05:26:12.00,458781.0074,5633235.8004,2948654.626
2024/02/14 05:26:13.00,458780.8333,5633235.5247,2948655.1775
2024/02/14 05:26:14.00,458780.6794,5633235.3042,2948655.6181
2024/02/14 05:26:15.00,458780.5238,5633235.0652,2948656.0715
2024/02/14 05:26:16.00,458780.393,5633234.8775,2948656.4814
2024/02/14 05:26:17.00,458780.2211,5633234.6173,2948657.0079
2024/02/14 05:26:18.00,458779.9643,5633234.2428,2948657.747
2024/02/14 05:26:19.00,458779.7279,5633233.8919,2948658.4406
2024/02/14 05:26:20.00,458779.5571,5633233.6419,2948658.9067
2024/02/14 05:26:21.00,458779.5272,5633233.5951,2948659.0045
2024/02/14 05:26:22.00,458779.5302,5633233.6014,2948658.985
2024/02/14 05:26:23.00,458779.5366,5633233.6109,2948658.9734
2024/02/14 05:26:24.00,458779.4918,5633233.5466,2948659.1108
2024/02/14 05:26:25.00,458779.371,5633233.3468,2948659.4674
2024/02/14 05:26:26.00,458779.253,5633233.1967,2948659.812
2024/02/14 05:26:27.00,458779.2236,5633233.1507,2948659.8802
2024/02/14 05:26:28.00,458779.2234,5633233.1458,2948659.8814
2024/02/14 05:26:29.00,458779.1318,5633232.9974,2948660.1751
2024/02/14 05:26:30.00,458778.9,5633232.6389,2948660.9019
2024/02/14 05:26:31.00,458778.7011,5633232.2717,2948661.6883
2024/02/14 05:26:32.00,458778.5177,5633231.8682,2948662.4125
2024/02/14 05:26:33.00,458778.3453,5633231.4917,2948663.1063
2024/02/14 05:26:34.00,458778.2098,5633231.2141,2948663.6815
2024/02/14 05:26:35.00,458778.1351,5633231.0517,2948663.9886
2024/02/14 05:26:36.00,458778.1256,5633231.0328,2948664.0253
2024/02/14 05:26:37.00,458778.1207,5633231.0078,2948664.0879
2024/02/14 05:26:38.00,458778.076,5633230.8998,2948664.3052
2024/02/14 05:26:39.00,458778.0145,5633230.6963,2948664.7039
2024/02/14 05:26:40.00,458777.9712,5633230.5486,2948664.93
2024/02/14 05:26:41.00,458777.9768,5633230.5591,2948664.9295
2024/02/14 05:26:42.00,458777.9743,5633230.5525,2948664.9292
2024/02/14 05:26:43.00,458777.9742,5633230.5586,2948664.9283
2024/02/14 05:26:44.00,458777.9774,5633230.5606,2948664.9295
2024/02/14 05:26:45.00,458777.9736,5633230.5537,2948664.9259
2024/02/14 05:26:46.00,458777.9745,5633230.5593,2948664.9322
2024/02/14 05:26:47.00,458777.9609,5633230.5218,2948664.982
2024/02/14 05:26:48.00,458777.9195,5633230.3966,2948665.206
2024/02/14 05:26:49.00,458777.8565,5633230.2295,2948665.5463
2024/02/14 05:26:50.00,458777.8064,5633230.0758,2948665.8203
2024/02/14 05:26:51.00,458777.8058,5633230.0692,2948665.8528
2024/02/14 05:26:52.00,458777.8055,5633230.0706,2948665.8541
2024/02/14 05:26:53.00,458777.8043,5633230.0779,2948665.8537
2024/02/14 05:26:54.00,458777.8033,5633230.0692,2948665.8533
2024/02/14 05:26:55.00,458777.806,5633230.0784,2948665.8544
2024/02/14 05:26:56.00,458777.8038,5633230.0786,2948665.8537
2024/02/14 05:26:57.00,458777.8041,5633230.0732,2948665.852
2024/02/14 05:26:58.00,458777.801,5633230.0713,2948665.8519
2024/02/14 05:26:59.00,458777.8018,5633230.0666,2948665.8502
2024/02/14 05:27:00.00,458777.8031,5633230.0699,2948665.8518
2024/02/14 05:27:01.00,458777.801,5633230.079,2948665.8509
2024/02/14 05:27:02.00,458777.8034,5633230.0795,2948665.8511
2024/02/14 05:27:03.00,458777.8023,5633230.0661,2948665.8492
2024/02/14 05:27:04.00,458777.8046,5633230.0785,2948665.8537
2024/02/14 05:27:05.00,458777.8015,5633230.0745,2948665.851
2024/02/14 05:27:06.00,458777.8029,5633230.0705,2948665.8498
2024/02/14 05:27:07.00,458777.8015,5633230.0759,2948665.8517
2024/02/14 05:27:08.00,458777.8015,5633230.0699,2948665.8508
2024/02/14 05:27:09.00,458777.8046,5633230.0822,2948665.8519
2024/02/14 05:27:10.00,458777.8005,5633230.0734,2948665.8495
2024/02/14 05:27:11.00,458777.8017,5633230.0788,2948665.8503
2024/02/14 05:27:12.00,458777.8029,5633230.0699,2948665.8497
2024/02/14 05:27:13.00,458777.804,5633230.0769,2948665.8523
2024/02/14 05:27:14.00,458777.8035,5633230.0784,2948665.8514
2024/02/14 05:27:15.00,458777.8046,5633230.0761,2948665.8526
2024/02/14 05:27:16.00,458777.8023,5633230.0783,2948665.8497
2024/02/14 05:27:17.00,458777.8037,5633230.0805,2948665.85
2024/02/14 05:27:18.00,458777.8021,5633230.0737,2948665.8495
2024/02/14 05:27:19.00,458777.8048,5633230.0836,2948665.8513
2024/02/14 05:27:20.00,458777.8022,5633230.0815,2948665.8464
2024/02/14 05:27:21.00,458777.8034,5633230.0736,2948665.8482
2024/02/14 05:27:22.00,458777.8019,5633230.075,2948665.8487
2024/02/14 05:27:23.00,458777.8044,5633230.0818,2948665.8512
2024/02/14 05:27:24.00,458777.8023,5633230.0757,2948665.8476
2024/02/14 05:27:25.00,458777.801,5633230.069,2948665.8463
2024/02/14 05:27:26.00,458777.8027,5633230.0805,2948665.8495
2024/02/14 05:27:27.00,458777.8055,5633230.0816,2948665.8481
2024/02/14 05:27:28.00,458777.8023,5633230.0756,2948665.848
2024/02/14 05:27:29.00,458777.8032,5633230.0762,2948665.8467
2024/02/14 05:27:30.00,458777.8045,5633230.0776,2948665.8474
2024/02/14 05:27:31.00,458777.8025,5633230.0707,2948665.8477
2024/02/14 05:27:32.00,458777.8036,5633230.0772,2948665.8454
2024/02/14 05:27:33.00,458777.8042,5633230.072,2948665.8476
2024/02/14 05:27:34.00,458777.8036,5633230.0756,2948665.8457
2024/02/14 05:27:35.00,458777.8024,5633230.0718,2948665.8447
2024/02/14 05:27:36.00,458777.8038,5633230.0744,2948665.8455
2024/02/14 05:27:37.00,458777.804,5633230.0796,2948665.846
2024/02/14 05:27:38.00,458777.8037,5633230.0737,2948665.8472
2024/02/14 05:27:39.00,458777.804,5633230.0766,2948665.8449
2024/02/14 05:27:40.00,458777.8044,5633230.0716,2948665.8458
2024/02/14 05:27:41.00,458777.8041,5633230.0757,2948665.8468
2024/02/14 05:27:42.00,458777.8057,5633230.0729,2948665.8439
2024/02/14 05:27:43.00,458777.8035,5633230.0779,2948665.8473
2024/02/14 05:27:44.00,458777.8028,5633230.0718,2948665.8469
2024/02/14 05:27:45.00,458777.8035,5633230.0726,2948665.8464
2024/02/14 05:27:46.00,458777.8049,5633230.0756,2948665.8458
2024/02/14 05:27:47.00,458777.8038,5633230.0747,2948665.8446
2024/02/14 05:27:48.00,458777.8046,5633230.0748,2948665.8469
2024/02/14 05:27:49.00,458777.8003,5633230.068,2948665.8431
2024/02/14 05:27:50.00,458777.8018,5633230.0798,2948665.8451
2024/02/14 05:27:51.00,458777.8027,5633230.0727,2948665.8447
2024/02/14 05:27:52.00,458777.8014,5633230.0684,2948665.8427
2024/02/14 05:27:53.00,458777.805,5633230.0652,2948665.8425
2024/02/14 05:27:54.00,458777.8004,5633230.0649,2948665.8437
2024/02/14 05:27:55.00,458777.8024,5633230.0717,2948665.8394
2024/02/14 05:27:56.00,458777.8055,5633230.0753,2948665.8444
2024/02/14 05:27:57.00,458777.8007,5633230.0593,2948665.8429
2024/02/14 05:27:58.00,458777.8026,5633230.0678,2948665.8405
2024/02/14 05:27:59.00,458777.8007,5633230.067,2948665.8422
2024/02/14 05:28:00.00,458777.8,5633230.0665,2948665.8395
2024/02/14 05:28:01.00,458777.8023,5633230.0718,2948665.844
2024/02/14 05:28:02.00,458777.8018,5633230.058,2948665.8386
2024/02/14 05:28:03.00,458777.8023,5633230.0633,2948665.8395
2024/02/14 05:28:04.00,458777.8011,5633230.0656,2948665.8401
2024/02/14 05:28:05.00,458777.8002,5633230.0698,2948665.8401
2024/02/14 05:28:06.00,458777.801,5633230.0607,2948665.8387
2024/02/14 05:28:07.00,458777.8004,5633230.0659,2948665.839
2024/02/14 05:28:08.00,458777.8012,5633230.0633,2948665.8409
2024/02/14 05:28:09.00,458777.8021,5633230.0652,2948665.8417
2024/02/14 05:28:10.00,458777.8004,5633230.0632,2948665.8365
2024/02/14 05:28:11.00,458777.8029,5633230.0636,2948665.839
2024/02/14 05:28:12.00,458777.8024,5633230.0565,2948665.838
2024/02/14 05:28:13.00,458777.7989,5633230.0633,2948665.8374
2024/02/14 05:28:14.00,458777.7999,5633230.0705,2948665.841
2024/02/14 05:28:15.00,458777.7991,5633230.0639,2948665.838
2024/02/14 05:28:16.00,458777.8005,5633230.067,2948665.8407
2024/02/14 05:28:17.00,458777.7997,5633230.0634,2948665.8389
2024/02/14 05:28:18.00,458777.7992,5633230.0642,2948665.8383
2024/02/14 05:28:19.00,458777.7981,5633230.068,2948665.8407
2024/02/14 05:28:20.00,458777.7989,5633230.0624,2948665.8374
2024/02/14 05:28:21.00,458777.8005,5633230.0617,2948665.8394
2024/02/14 05:28:22.00,458777.8005,5633230.0654,2948665.8405
2024/02/14 05:28:23.00,458777.798,5633230.0587,2948665.8357
2024/02/14 05:28:24.00,458777.7993,5633230.0639,2948665.8375
2024/02/14 05:28:25.00,458777.7979,5633230.0585,2948665.8356
2024/02/14 05:28:26.00,458777.7973,5633230.0639,2948665.8363
2024/02/14 05:28:27.00,458777.7958,5633230.0578,2948665.8349
2024/02/14 05:28:28.00,458777.7977,5633230.0663,2948665.8392
2024/02/14 05:28:29.00,458777.7962,5633230.0592,2948665.8355
2024/02/14 05:28:30.00,458777.7985,5633230.0634,2948665.8384
2024/02/14 05:28:31.00,458777.7983,5633230.0685,2948665.8381
2024/02/14 05:28:32.00,458777.7992,5633230.0721,2948665.8385
2024/02/14 05:28:33.00,458777.7981,5633230.0697,2948665.839
2024/02/14 05:28:34.00,458777.7982,5633230.0647,2948665.8376
2024/02/14 05:28:35.00,458777.7974,5633230.0679,2948665.8376
2024/02/14 05:28:36.00,458777.7994,5633230.0686,2948665.8388
2024/02/14 05:28:37.00,458777.7975,5633230.0701,2948665.8403
2024/02/14 05:28:38.00,458777.7984,5633230.07,2948665.838
2024/02/14 05:28:39.00,458777.7993,5633230.0741,2948665.841
2024/02/14 05:28:40.00,458777.798,5633230.0796,2948665.8397
2024/02/14 05:28:41.00,458777.8004,5633230.0788,2948665.8421
2024/02/14 05:28:42.00,458777.7967,5633230.0705,2948665.8395
2024/02/14 05:28:43.00,458777.7981,5633230.0769,2948665.8423
2024/02/14 05:28:44.00,458777.8002,5633230.076,2948665.8413
2024/02/14 05:28:45.00,458777.7993,5633230.0771,2948665.8419
2024/02/14 05:28:46.00,458777.8007,5633230.0811,2948665.8412
2024/02/14 05:28:47.00,458777.7978,5633230.0772,2948665.8385
2024/02/14 05:28:48.00,458777.7967,5633230.0699,2948665.8389
2024/02/14 05:28:49.00,458777.7995,5633230.0802,2948665.8443
2024/02/14 05:28:50.00,458777.7982,5633230.077,2948665.8407
2024/02/14 05:28:51.00,458777.798,5633230.0731,2948665.8386
2024/02/14 05:28:52.00,458777.7974,5633230.0718,2948665.8377
2024/02/14 05:28:53.00,458777.7973,5633230.0759,2948665.8394
2024/02/14 05:28:54.00,458777.7991,5633230.076,2948665.8401
2024/02/14 05:28:55.00,458777.7976,5633230.0716,2948665.8396
2024/02/14 05:28:56.00,458777.7973,5633230.0777,2948665.8399
2024/02/14 05:28:57.00,458777.8004,5633230.0828,2948665.842
2024/02/14 05:28:58.00,458777.7986,5633230.0798,2948665.8389
2024/02/14 05:28:59.00,458777.7988,5633230.0861,2948665.8391
2024/02/14 05:29:00.00,458777.7996,5633230.0832,2948665.8396
2024/02/14 05:29:01.00,458777.7971,5633230.0869,2948665.8391
2024/02/14 05:29:02.00,458777.7986,5633230.0822,2948665.84
2024/02/14 05:29:03.00,458777.7975,5633230.0797,2948665.8387
2024/02/14 05:29:04.00,458777.8003,5633230.0895,2948665.839
2024/02/14 05:29:05.00,458777.7988,5633230.0937,2948665.8414
2024/02/14 05:29:06.00,458777.8021,5633230.0867,2948665.841
2024/02/14 05:29:07.00,458777.7991,5633230.0833,2948665.8399
2024/02/14 05:29:08.00,458777.8022,5633230.0796,2948665.8411
2024/02/14 05:29:09.00,458777.795,5633230.0703,2948665.8581
2024/02/14 05:29:10.00,458777.7698,5633229.9898,2948665.9601
2024/02/14 05:29:11.00,458777.6912,5633229.8449,2948666.3157
2024/02/14 05:29:12.00,458777.5105,5633229.3893,2948667.1489
2024/02/14 05:29:13.00,458777.2003,5633228.7639,2948668.4692
2024/02/14 05:29:14.00,458776.8512,5633228.0896,2948669.8399
2024/02/14 05:29:15.00,458776.548,5633227.4402,2948671.0914
2024/02/14 05:29:16.00,458776.2326,5633226.8587,2948672.2838
2024/02/14 05:29:17.00,458775.9162,5633226.1897,2948673.6177
2024/02/14 05:29:18.00,458775.5723,5633225.481,2948674.9839
2024/02/14 05:29:19.00,458775.3634,5633223.3653,2948676.0223
2024/02/14 05:29:22.00,458773.6998,5633219.5422,2948680.9898
2024/02/14 05:29:23.00,458773.1376,5633222.1743,2948684.2819
2024/02/14 05:29:24.00,458771.3966,5633228.1557,2948687.5139
2024/02/14 05:29:25.00,458770.7562,5633226.9891,2948689.3429
2024/02/14 05:29:26.00,458771.2358,5633218.8649,2948690.5596
2024/02/14 05:29:27.00,458770.7631,5633217.032,2948692.0574
2024/02/14 05:29:28.00,458770.2068,5633216.0303,2948693.9722
2024/02/14 05:29:29.00,458769.6397,5633215.0733,2948695.8981
2024/02/14 05:29:30.00,458769.1095,5633214.1275,2948697.7898
2024/02/14 05:29:31.00,458768.6219,5633213.227,2948699.5912
2024/02/14 05:29:32.00,458768.1581,5633212.344,2948701.3308
2024/02/14 05:29:33.00,458767.6838,5633211.474,2948703.0439
2024/02/14 05:29:34.00,458767.1607,5633210.5479,2948704.8888
2024/02/14 05:29:35.00,458766.5665,5633209.578,2948706.8498
2024/02/14 05:29:36.00,458766.0077,5633208.679,2948708.6373
2024/02/14 05:29:37.00,458765.496,5633207.8938,2948710.2342
2024/02/14 05:29:38.00,458765.0054,5633207.1621,2948711.7058
2024/02/14 05:29:39.00,458764.4704,5633206.3646,2948713.2518
2024/02/14 05:29:40.00,458763.8966,5633205.5443,2948714.9469
2024/02/14 05:29:41.00,458763.2904,5633204.7162,2948716.6464
2024/02/14 05:29:42.00,458762.7139,5633204.0006,2948718.1439
2024/02/14 05:29:43.00,458762.3011,5633203.3483,2948719.4346
2024/02/14 05:29:44.00,458762.0042,5633202.8071,2948720.5565
2024/02/14 05:29:45.00,458761.6389,5633202.1923,2948721.8081
2024/02/14 05:29:46.00,458761.1621,5633201.5067,2948723.3026
2024/02/14 05:29:47.00,458760.5862,5633200.7165,2948724.914
2024/02/14 05:29:48.00,458760.0288,5633199.9861,2948726.402
2024/02/14 05:29:49.00,458759.554,5633199.3528,2948727.749
2024/02/14 05:29:50.00,458759.0365,5633198.6209,2948729.2599
2024/02/14 05:29:51.00,458758.3789,5633197.8507,2948730.8785
2024/02/14 05:29:52.00,458757.7331,5633197.0568,2948732.5461
2024/02/14 05:29:53.00,458756.9727,5633196.2326,2948734.395
2024/02/14 05:29:54.00,458756.1448,5633195.3427,2948736.3506
2024/02/14 05:29:55.00,458755.3708,5633194.525,2948738.1654
2024/02/14 05:29:56.00,458754.6892,5633193.7937,2948739.7228
2024/02/14 05:29:57.00,458754.0866,5633193.1385,2948741.1095
2024/02/14 05:29:58.00,458753.5978,5633192.661,2948742.1905
2024/02/14 05:29:59.00,458753.0401,5633192.1749,2948743.27
2024/02/14 05:30:00.00,458752.315,5633191.6167,2948744.5236
2024/02/14 05:30:01.00,458751.4307,5633190.9713,2948745.9945
2024/02/14 05:30:02.00,458750.3693,5633190.1977,2948747.7316
2024/02/14 05:30:03.00,458749.0895,5633189.2942,2948749.824
2024/02/14 05:30:04.00,458747.6397,5633188.2763,2948752.1614
2024/02/14 05:30:05.00,458746.1153,5633187.0914,2948754.8768
2024/02/14 05:30:06.00,458744.3205,5633185.6593,2948758.1285
2024/02/14 05:30:07.00,458742.5283,5633184.1495,2948761.5486
2024/02/14 05:30:08.00,458740.8828,5633182.7343,2948764.7016
2024/02/14 05:30:09.00,458739.2533,5633181.3853,2948767.6852
2024/02/14 05:30:10.00,458737.4823,5633179.9689,2948770.8734
2024/02/14 05:30:11.00,458735.535,5633178.4255,2948774.3146
2024/02/14 05:30:12.00,458733.4399,5633176.7084,2948778.091
2024/02/14 05:30:13.00,458731.2109,5633174.8811,2948782.1008
2024/02/14 05:30:14.00,458728.9167,5633172.979,2948786.2949
2024/02/14 05:30:15.00,458726.5186,5633171.0221,2948790.6112
2024/02/14 05:30:16.00,458724.0427,5633169.0168,2948795.0355
2024/02/14 05:30:17.00,458721.5008,5633166.9822,2948799.5567
2024/02/14 05:30:18.00,458718.9796,5633164.8619,2948804.0802
2024/02/14 05:30:19.00,458716.5947,5633162.75,2948808.7001
2024/02/14 05:30:20.00,458714.147,5633160.5102,2948813.477
2024/02/14 05:30:21.00,458711.6011,5633158.1964,2948818.4025
2024/02/14 05:30:22.00,458709.0551,5633155.7546,2948823.4686
2024/02/14 05:30:23.00,458706.5602,5633153.372,2948828.5304
2024/02/14 05:30:24.00,458704.2472,5633151.1146,2948833.2973
2024/02/14 05:30:25.00,458702.247,5633149.1987,2948837.3584
2024/02/14 05:30:26.00,458700.5976,5633147.7082,2948840.5584
2024/02/14 05:30:27.00,458699.1145,5633146.4754,2948843.3199
2024/02/14 05:30:28.00,458697.6565,5633145.2361,2948845.9076
2024/02/14 05:30:29.00,458696.2255,5633143.9964,2948848.4979
2024/02/14 05:30:30.00,458694.6747,5633142.7586,2948851.1569
2024/02/14 05:30:31.00,458692.9651,5633141.4163,2948854.0138
2024/02/14 05:30:32.00,458691.2243,5633139.9612,2948857.1308
2024/02/14 05:30:33.00,458689.3777,5633138.2461,2948860.6341
2024/02/14 05:30:34.00,458687.3415,5633136.3007,2948864.6442
2024/02/14 05:30:35.00,458685.0812,5633134.0721,2948869.2781
2024/02/14 05:30:36.00,458682.7235,5633131.7721,2948874.0757
2024/02/14 05:30:37.00,458680.3595,5633129.6729,2948878.5256
2024/02/14 05:30:38.00,458678.3955,5633127.7737,2948882.4531
2024/02/14 05:30:39.00,458676.6526,5633126.0741,2948885.9625
2024/02/14 05:30:40.00,458675.3406,5633124.8155,2948888.595
2024/02/14 05:30:41.00,458674.3297,5633123.9158,2948890.5112
2024/02/14 05:30:42.00,458673.6048,5633123.2449,2948891.8854
2024/02/14 05:30:43.00,458673.0844,5633122.6579,2948893.079
2024/02/14 05:30:44.00,458672.4485,5633121.9597,2948894.5464
2024/02/14 05:30:45.00,458671.6351,5633120.9411,2948896.5824
2024/02/14 05:30:46.00,458670.8432,5633119.8796,2948898.7036
2024/02/14 05:30:47.00,458670.0546,5633118.7118,2948901.0756
2024/02/14 05:30:48.00,458669.0826,5633117.3142,2948903.8673
2024/02/14 05:30:49.00,458667.9722,5633115.7608,2948907.0239
2024/02/14 05:30:50.00,458666.7975,5633114.2289,2948910.1128
2024/02/14 05:30:51.00,458665.7878,5633113.009,2948912.7691
2024/02/14 05:30:52.00,458664.9324,5633111.8761,2948914.9945
2024/02/14 05:30:53.00,458664.4526,5633111.0112,2948916.7241
2024/02/14 05:30:54.00,458664.2166,5633110.3865,2948918.0312
2024/02/14 05:30:55.00,458664.0456,5633109.7403,2948919.2061
2024/02/14 05:30:56.00,458663.7944,5633109.2198,2948920.3143
2024/02/14 05:30:57.00,458663.4398,5633108.7772,2948921.1376
2024/02/14 05:30:58.00,458663.1137,5633108.5703,2948921.6235
2024/02/14 05:30:59.00,458662.9609,5633108.4325,2948921.8745
2024/02/14 05:31:00.00,458662.9352,5633108.404,2948921.9131
2024/02/14 05:31:01.00,458662.9394,5633108.4019,2948921.9
2024/02/14 05:31:02.00,458662.9414,5633108.4032,2948921.902
2024/02/14 05:31:03.00,458662.8592,5633108.3258,2948922.053
2024/02/14 05:31:04.00,458662.6523,5633108.1375,2948922.4944
2024/02/14 05:31:05.00,458662.5101,5633107.8989,2948922.93
2024/02/14 05:31:06.00,458662.3761,5633107.7306,2948923.2865
2024/02/14 05:31:07.00,458662.2769,5633107.5623,2948923.5722
2024/02/14 05:31:08.00,458662.1589,5633107.3697,2948923.9288
2024/02/14 05:31:09.00,458661.8842,5633107.7706,2948924.5167
2024/02/14 05:31:10.00,458661.836,5633107.0357,2948924.7109
2024/02/14 05:31:11.00,458661.8076,5633106.9946,2948924.777
2024/02/14 05:31:12.00,458661.8107,5633107.0142,2948924.775
2024/02/14 05:31:13.00,458661.8083,5633107.0043,2948924.7764
2024/02/14 05:31:14.00,458661.8086,5633106.9987,2948924.7775
2024/02/14 05:31:15.00,458661.8086,5633107.0075,2948924.7766
2024/02/14 05:31:16.00,458661.8097,5633107.0107,2948924.7791
2024/02/14 05:31:17.00,458661.8084,5633107.0014,2948924.7766
2024/02/14 05:31:18.00,458661.8105,5633107.0112,2948924.7663
2024/02/14 05:31:19.00,458661.8121,5633107.0139,2948924.7702
2024/02/14 05:31:20.00,458661.8127,5633107.009,2948924.7675
2024/02/14 05:31:21.00,458661.8133,5633107.0136,2948924.7653
2024/02/14 05:31:22.00,458661.6504,5633107.4852,2948925.0448
2024/02/14 05:31:23.00,458661.5773,5633106.7328,2948925.2759
2024/02/14 05:31:24.00,458661.3469,5633106.5073,2948925.7737
2024/02/14 05:31:25.00,458661.0232,5633106.1172,2948926.553
2024/02/14 05:31:26.00,458658.7955,5633097.4712,2948926.0874
2024/02/14 05:31:27.00,458660.0229,5633105.1153,2948928.8769
2024/02/14 05:31:28.00,458659.5225,5633105.1223,2948929.9408
2024/02/14 05:31:29.00,458658.5253,5633107.6463,2948931.2043
2024/02/14 05:31:30.00,458659.11,5633104.6481,2948930.8978
2024/02/14 05:31:31.00,458659.1422,5633104.0273,2948930.8987
2024/02/14 05:31:32.00,458659.1401,5633104.0343,2948930.896
2024/02/14 05:31:33.00,458659.1463,5633104.0555,2948930.8971
2024/02/14 05:31:34.00,458659.1162,5633104.0134,2948930.9615
2024/02/14 05:31:35.00,458658.989,5633103.8873,2948931.2763
2024/02/14 05:31:36.00,458657.8329,5633106.8545,2948932.8167
2024/02/14 05:31:37.00,458658.2504,5633102.8384,2948933.0544
2024/02/14 05:31:38.00,458657.6051,5633102.4327,2948934.3754
2024/02/14 05:31:39.00,458656.8289,5633101.6835,2948935.9371
2024/02/14 05:31:40.00,458655.8015,5633100.6556,2948938.0322
2024/02/14 05:31:41.00,458654.5865,5633099.4701,2948940.4315
2024/02/14 05:31:42.00,458653.3437,5633098.3799,2948942.8939
2024/02/14 05:31:43.00,458652.1242,5633097.2126,2948945.3403
2024/02/14 05:31:44.00,458650.8701,5633095.9275,2948947.7791
2024/02/14 05:31:45.00,458649.6049,5633094.8769,2948950.3219
2024/02/14 05:31:46.00,458648.3464,5633093.641,2948952.8467
2024/02/14 05:31:47.00,458647.0803,5633092.3222,2948955.5382
2024/02/14 05:31:48.00,458645.0054,5633093.218,2948958.9279
2024/02/14 05:31:49.00,458643.4428,5633091.6582,2948962.081
2024/02/14 05:31:50.00,458642.5105,5633083.6617,2948962.2509
2024/02/14 05:31:51.00,458641.9616,5633080.3386,2948964.2511
2024/02/14 05:31:52.00,458641.1508,5633079.4016,2948965.969
2024/02/14 05:31:53.00,458639.2387,5633084.2965,2948970.8908
2024/02/14 05:31:54.00,458638.2889,5633083.4999,2948972.8865
2024/02/14 05:31:55.00,458637.2404,5633082.4268,2948975.0893
2024/02/14 05:31:56.00,458637.9313,5633080.693,2948976.0868
2024/02/14 05:31:57.00,458635.36,5633083.4733,2948979.1783
2024/02/14 05:31:58.00,458635.8665,5633082.9245,2948984.0945
2024/02/14 05:31:59.00,458634.4912,5633079.4062,2948982.2944
2024/02/14 05:32:00.00,458633.3727,5633081.125,2948983.8698
2024/02/14 05:32:01.00,458633.4665,5633078.3278,2948984.7395
2024/02/14 05:32:02.00,458637.651,5633039.324,2948977.2898
2024/02/14 05:32:03.00,458637.1843,5633062.4284,2948987.4449
2024/02/14 05:32:04.00,458633.0847,5633078.1128,2948989.9741
2024/02/14 05:32:05.00,458632.0876,5633076.7014,2948992.8888
2024/02/14 05:32:06.00,458629.1686,5633072.3515,2948997.2181
2024/02/14 05:32:07.00,458627.8993,5633071.195,2949000.8953
2024/02/14 05:32:08.00,458626.8227,5633069.0313,2949004.465
2024/02/14 05:32:09.00,458625.7989,5633067.3053,2949007.8777
2024/02/14 05:32:10.00,458626.7986,5633068.7007,2949009.9728
2024/02/14 05:32:11.00,458624.0682,5633064.764,2949014.4931
2024/02/14 05:32:12.00,458623.4644,5633062.4849,2949017.8414
2024/02/14 05:32:13.00,458622.7052,5633061.2388,2949021.7177
2024/02/14 05:32:14.00,458621.9749,5633059.3262,2949025.5331
2024/02/14 05:32:15.00,458621.2564,5633057.5729,2949029.2546
2024/02/14 05:32:16.00,458620.6756,5633055.3189,2949032.4672
2024/02/14 05:32:17.00,458620.0906,5633053.8771,2949035.4868
2024/02/14 05:32:18.00,458619.4921,5633053.0559,2949038.3153
2024/02/14 05:32:19.00,458618.9913,5633051.6904,2949040.7249
2024/02/14 05:32:20.00,458618.6979,5633050.1702,2949042.8968
2024/02/14 05:32:21.00,458618.155,5633049.5963,2949045.2828
2024/02/14 05:32:22.00,458617.6856,5633048.5349,2949047.4538
2024/02/14 05:32:23.00,458617.2435,5633047.5452,2949049.4839
2024/02/14 05:32:24.00,458616.814,5633046.6784,2949051.3345
2024/02/14 05:32:25.00,458614.599,5633036.8944,2949050.9756
2024/02/14 05:32:26.00,458616.2151,5633044.6582,2949054.2283
2024/02/14 05:32:27.00,458615.8391,5633044.5421,2949055.5716
2024/02/14 05:32:28.00,458615.7025,5633043.5413,2949056.4317
2024/02/14 05:32:29.00,458615.4005,5633043.6382,2949057.1956
2024/02/14 05:32:30.00,458615.3701,5633043.6728,2949057.5033
2024/02/14 05:32:31.00,458615.3408,5633043.6052,2949057.619
2024/02/14 05:32:32.00,458615.245,5633043.436,2949057.9895
2024/02/14 05:32:33.00,458614.9604,5633042.9527,2949058.9762
2024/02/14 05:32:34.00,458612.7418,5633033.3299,2949058.2528
2024/02/14 05:32:35.00,458614.319,5633041.8312,2949061.3495
2024/02/14 05:32:36.00,458614.1272,5633041.4036,2949062.1447
2024/02/14 05:32:37.00,458614.0388,5633041.2032,2949062.5044
2024/02/14 05:32:38.00,458614.0003,5633041.1333,2949062.6983
2024/02/14 05:32:39.00,458613.96,5633041.0355,2949062.8435
2024/02/14 05:32:40.00,458613.8758,5633040.8962,2949063.1921
2024/02/14 05:32:41.00,458613.8202,5633040.752,2949063.4409
2024/02/14 05:32:42.00,458613.8031,5633040.6858,2949063.5312
2024/02/14 05:32:43.00,458613.7904,5633040.6651,2949063.5802
2024/02/14 05:32:44.00,458611.1612,5633045.1203,2949063.1169
2024/02/14 05:32:45.00,458613.5977,5633039.6029,2949064.6435
2024/02/14 05:32:46.00,458613.3652,5633039.1377,2949065.6343
2024/02/14 05:32:47.00,458613.249,5633038.9056,2949066.1501
2024/02/14 05:32:48.00,458613.2532,5633038.8808,2949066.152
2024/02/14 05:32:49.00,458613.2401,5633038.9251,2949066.1664
2024/02/14 05:32:50.00,458613.2465,5633038.9,2949066.1615
2024/02/14 05:32:51.00,458613.2447,5633038.9026,2949066.1589
2024/02/14 05:32:52.00,458613.244,5633038.9244,2949066.144
2024/02/14 05:32:53.00,458613.2259,5633038.8543,2949066.2607
2024/02/14 05:32:54.00,458613.1384,5633038.6984,2949066.718
2024/02/14 05:32:55.00,458613.0272,5633038.3802,2949067.367
2024/02/14 05:32:56.00,458612.882,5633038.3706,2949067.909
2024/02/14 05:32:57.00,458612.836,5633038.4203,2949068.0218
2024/02/14 05:32:58.00,458612.8367,5633038.4381,2949068.0197
2024/02/14 05:32:59.00,458612.8398,5633038.4282,2949068.0198
2024/02/14 05:33:00.00,458612.8323,5633038.4412,2949068.0228
2024/02/14 05:33:01.00,458612.8366,5633038.4441,2949068.0218
2024/02/14 05:33:02.00,458612.8359,5633038.4464,2949068.022
2024/02/14 05:33:03.00,458612.8356,5633038.4215,2949068.0172
2024/02/14 05:33:04.00,458612.8345,5633038.4327,2949068.021
2024/02/14 05:33:05.00,458612.8334,5633038.4316,2949068.0185
2024/02/14 05:33:06.00,458612.8365,5633038.4333,2949068.0203
2024/02/14 05:33:07.00,458612.8341,5633038.4382,2949068.0233
2024/02/14 05:33:08.00,458612.8408,5633038.4213,2949068.0138
2024/02/14 05:33:09.00,458612.8303,5633038.4406,2949068.0429
2024/02/14 05:33:10.00,458612.7941,5633038.3306,2949068.2323
2024/02/14 05:33:11.00,458612.724,5633038.1821,2949068.5359
2024/02/14 05:33:12.00,458612.631,5633037.9425,2949068.7114
2024/02/14 05:33:13.00,458612.6284,5633037.9423,2949068.7131
2024/02/14 05:33:14.00,458612.6346,5633037.9428,2949068.7126
2024/02/14 05:33:15.00,458612.6312,5633037.9433,2949068.7097
2024/02/14 05:33:16.00,458612.6302,5633037.9475,2949068.7105
2024/02/14 05:33:17.00,458612.6348,5633037.9542,2949068.6974
2024/02/14 05:33:18.00,458612.6412,5633037.9942,2949068.9154
2024/02/14 05:33:19.00,458612.4694,5633037.5974,2949069.4347
2024/02/14 05:33:20.00,458612.3875,5633037.4214,2949069.8065
2024/02/14 05:33:21.00,458609.9092,5633042.1124,2949069.0238
2024/02/14 05:33:22.00,458612.3874,5633037.4301,2949069.8052
2024/02/14 05:33:23.00,458612.3875,5633037.4231,2949069.8021
2024/02/14 05:33:24.00,458612.3859,5633037.446,2949069.808
2024/02/14 05:33:25.00,458612.3872,5633037.438,2949069.7889
2024/02/14 05:33:26.00,458612.3859,5633037.4004,2949069.8364
2024/02/14 05:33:27.00,458612.3595,5633037.2719,2949069.9642
2024/02/14 05:33:28.00,458609.8313,5633041.9179,2949069.3925
2024/02/14 05:33:29.00,458612.333,5633037.3558,2949070.2937
2024/02/14 05:33:30.00,458612.2985,5633037.1682,2949070.2541
2024/02/14 05:33:31.00,458612.2975,5633037.1649,2949070.2526
2024/02/14 05:33:32.00,458609.8155,5633041.8831,2949069.4811
2024/02/14 05:33:33.00,458612.2948,5633037.2157,2949070.2638
2024/02/14 05:33:34.00,458609.8151,5633041.8954,2949069.4846
2024/02/14 05:33:35.00,458612.2916,5633037.1976,2949070.2587
2024/02/14 05:33:36.00,458609.8162,5633041.8892,2949069.4805
2024/02/14 05:33:37.00,458612.292,5633037.2177,2949070.2624
2024/02/14 05:33:38.00,458612.2963,5633037.2083,2949070.26
2024/02/14 05:33:39.00,458612.2927,5633037.2131,2949070.2611
2024/02/14 05:33:40.00,458612.2939,5633037.2064,2949070.2606
2024/02/14 05:33:41.00,458612.2965,5633037.158,2949070.2509
2024/02/14 05:33:42.00,458609.8174,5633041.8498,2949069.4757
2024/02/14 05:33:43.00,458609.8217,5633041.8512,2949069.4738
2024/02/14 05:33:44.00,458609.8222,5633041.8503,2949069.4755
2024/02/14 05:33:45.00,458609.8206,5633041.8491,2949069.4745
2024/02/14 05:33:46.00,458610.4682,5633028.4146,2949068.2894
2024/02/14 05:33:47.00,458609.821,5633041.8457,2949069.4743
2024/02/14 05:33:48.00,458612.2998,5633037.2096,2949070.2302
2024/02/14 05:33:49.00,458612.2941,5633037.2059,2949070.2399
2024/02/14 05:33:50.00,458612.2792,5633037.1883,2949070.5785
2024/02/14 05:33:51.00,458612.06,5633036.5756,2949071.3977
2024/02/14 05:33:52.00,458611.8149,5633036.0023,2949072.593
2024/02/14 05:33:53.00,458611.5933,5633035.4122,2949073.7724
2024/02/14 05:33:54.00,458611.3848,5633034.9735,2949075.0358
2024/02/14 05:33:55.00,458610.3673,5633037.0992,2949076.9574
2024/02/14 05:33:56.00,458610.8663,5633033.7901,2949077.4025
2024/02/14 05:33:57.01,458608.1028,5633037.5891,2949077.754
2024/02/14 05:33:58.01,458610.3671,5633032.6615,2949079.7024
2024/02/14 05:33:59.01,458610.1826,5633032.0534,2949080.2851
2024/02/14 05:34:00.01,458610.1099,5633032.1957,2949080.7887
2024/02/14 05:34:01.00,458610.0646,5633031.7909,2949081.0686
2024/02/14 05:34:02.01,458609.932,5633031.5246,2949081.4237
2024/02/14 05:34:03.01,458609.7957,5633031.3573,2949082.2119
2024/02/14 05:34:04.01,458609.5485,5633030.6895,2949083.4651
2024/02/14 05:34:05.01,458611.2335,5633032.2443,2949083.6927
2024/02/14 05:34:06.01,458608.9532,5633029.2389,2949086.3905
2024/02/14 05:34:07.01,458608.6334,5633028.499,2949087.8404
2024/02/14 05:34:08.01,458608.2646,5633027.6478,2949089.2436
2024/02/14 05:34:09.01,458607.9852,5633027.0759,2949090.6959
2024/02/14 05:34:10.01,458606.9053,5633029.1477,2949092.8559
2024/02/14 05:34:11.01,458607.3418,5633025.724,2949093.5221
2024/02/14 05:34:12.01,458607.0344,5633024.9815,2949094.9601
2024/02/14 05:34:13.01,458606.7328,5633024.1978,2949096.5104
2024/02/14 05:34:14.01,458606.4128,5633023.425,2949098.0651
2024/02/14 05:34:15.01,458605.3674,5633025.3982,2949100.218
2024/02/14 05:34:16.01,458605.1091,5633024.7171,2949101.5638
2024/02/14 05:34:17.01,458605.6405,5633021.3245,2949102.0512
2024/02/14 05:34:18.01,458605.4396,5633020.8185,2949103.0445
2024/02/14 05:34:19.01,458605.2553,5633020.3853,2949103.6546
2024/02/14 05:34:20.01,458605.2115,5633020.2333,2949104.178
2024/02/14 05:34:21.01,458605.1077,5633019.9867,2949104.6583
2024/02/14 05:34:22.01,458605.0005,5633019.7527,2949105.1352
2024/02/14 05:34:23.01,458604.7555,5633019.2286,2949105.8976
2024/02/14 05:34:24.01,458604.5337,5633018.8361,2949107.0142
2024/02/14 05:34:25.01,458604.2607,5633018.2705,2949108.112
2024/02/14 05:34:26.01,458603.9854,5633017.6948,2949109.2005
2024/02/14 05:34:27.01,458603.7209,5633017.1514,2949110.3061
2024/02/14 05:34:28.01,458603.4385,5633016.5383,2949111.4736
2024/02/14 05:34:29.01,458603.0944,5633015.862,2949112.8302
2024/02/14 05:34:30.01,458602.7579,5633015.19,2949114.1952
2024/02/14 05:34:31.01,458604.4652,5633016.9132,2949114.0704
2024/02/14 05:34:32.01,458604.2871,5633016.4572,2949114.7997
2024/02/14 05:34:33.01,458602.1366,5633013.9119,2949116.6782
2024/02/14 05:34:34.01,458602.0189,5633013.6777,2949117.1168
2024/02/14 05:34:35.01,458601.9325,5633013.5725,2949117.418
2024/02/14 05:34:36.01,458601.8642,5633013.4604,2949117.6472
2024/02/14 05:34:37.01,458601.7805,5633013.3601,2949117.834
2024/02/14 05:34:38.01,458601.6519,5633013.2616,2949118.0765
2024/02/14 05:34:39.01,458601.5517,5633013.1566,2949118.2724
2024/02/14 05:34:40.01,458601.4305,5633013.0506,2949118.5036
2024/02/14 05:34:41.01,458601.2549,5633012.8689,2949118.877
2024/02/14 05:34:42.01,458600.9784,5633012.5011,2949119.5802
2024/02/14 05:34:43.01,458600.6076,5633011.948,2949120.7008
2024/02/14 05:34:44.01,458600.2706,5633011.3388,2949121.95
2024/02/14 05:34:45.01,458599.9381,5633010.5992,2949123.3916
2024/02/14 05:34:46.01,458599.5531,5633009.7086,2949125.1273
2024/02/14 05:34:47.01,458599.0244,5633008.6364,2949127.2414
2024/02/14 05:34:48.01,458598.4508,5633007.4681,2949129.558
2024/02/14 05:34:49.01,458597.1949,5633009.1889,2949132.366
2024/02/14 05:34:50.01,458597.4346,5633005.3316,2949133.7144
2024/02/14 05:34:51.01,458596.8551,5633004.157,2949135.9176
2024/02/14 05:34:52.01,458596.2251,5633003.0123,2949138.1405
2024/02/14 05:34:53.01,458595.7288,5633001.9688,2949140.1352
2024/02/14 05:34:54.01,458595.362,5633000.9804,2949141.9834
2024/02/14 05:34:55.01,458595.0352,5633000.0594,2949143.8116
2024/02/14 05:34:56.01,458596.6204,5633001.2737,2949144.474
2024/02/14 05:34:57.01,458594.9349,5633006.6455,2949150.1963
2024/02/14 05:35:01.00,458591.5071,5633008.0281,2949162.9028
2024/02/14 05:35:02.01,458592.6531,5632998.9363,2949162.8739
2024/02/14 05:35:03.01,458593.3991,5632992.3924,2949161.8595
2024/02/14 05:35:04.01,458592.7932,5632991.3991,2949163.879
2024/02/14 05:35:05.01,458590.1663,5632988.1083,2949167.0881
2024/02/14 05:35:06.01,458589.5887,5632987.192,2949168.8331
2024/02/14 05:35:07.01,458589.0723,5632986.4486,2949170.361
2024/02/14 05:35:08.01,458588.498,5632985.5769,2949171.6812
2024/02/14 05:35:09.01,458588.0314,5632985.073,2949173.0312
2024/02/14 05:35:10.01,458587.5524,5632984.4424,2949174.2974
2024/02/14 05:35:11.01,458587.0451,5632983.7127,2949175.4997
2024/02/14 05:35:12.01,458586.6632,5632983.18,2949176.8126
2024/02/14 05:35:13.01,458588.1947,5632984.8196,2949176.944
2024/02/14 05:35:14.01,458587.8639,5632984.3227,2949177.9289
2024/02/14 05:35:15.01,458585.7868,5632981.9931,2949179.3884
2024/02/14 05:35:16.01,458585.7894,5632982.0076,2949179.3879
2024/02/14 05:35:17.01,458585.7415,5632981.9112,2949179.5197
2024/02/14 05:35:18.01,458584.7068,5632984.2774,2949181.0001
2024/02/14 05:35:19.01,458584.9393,5632980.8814,2949181.6116
2024/02/14 05:35:20.01,458583.509,5632982.7402,2949184.0769
2024/02/14 05:35:21.01,458583.5435,5632979.1737,2949185.1348
2024/02/14 05:35:22.01,458582.8011,5632978.2692,2949186.9761
2024/02/14 05:35:23.01,458581.9997,5632977.18,2949188.8985
2024/02/14 05:35:24.01,458581.2158,5632976.2391,2949191.0728
2024/02/14 05:35:25.01,458579.5251,5632977.7537,2949194.2457
2024/02/14 05:35:26.01,458579.2934,5632973.7594,2949196.1453
2024/02/14 05:35:27.01,458580.2302,5632974.7795,2949197.5652
2024/02/14 05:35:28.01,458579.3126,5632973.5982,2949199.8676
2024/02/14 05:35:29.01,458576.5357,5632970.3912,2949203.0508
2024/02/14 05:35:30.01,458577.8563,5632971.908,2949203.5082
2024/02/14 05:35:31.01,458575.4566,5632968.93,2949205.6301
2024/02/14 05:35:32.01,458577.398,5632971.2557,2949204.6688
2024/02/14 05:35:33.01,458577.4014,5632971.2761,2949204.6739
2024/02/14 05:35:34.01,458577.3999,5632971.2704,2949204.6727
2024/02/14 05:35:35.01,458577.398,5632971.2736,2949204.6771
2024/02/14 05:35:36.01,458577.4071,5632971.2858,2949204.6549
2024/02/14 05:35:37.01,458577.3548,5632971.1811,2949204.7905
2024/02/14 05:35:38.01,458575.1519,5632968.689,2949206.5163
2024/02/14 05:35:39.01,458574.7722,5632968.2386,2949207.4885
2024/02/14 05:35:40.01,458574.2528,5632967.4989,2949208.6791
2024/02/14 05:35:41.01,458573.8518,5632967.0701,2949209.8182
2024/02/14 05:35:42.01,458572.6536,5632969.263,2949211.6332
2024/02/14 05:35:43.01,458572.1882,5632968.7279,2949212.75
2024/02/14 05:35:44.01,458574.398,5632967.6019,2949212.1227
2024/02/14 05:35:45.01,458571.8245,5632964.4412,2949214.8194
2024/02/14 05:35:46.01,458570.5596,5632966.5201,2949217.1736
2024/02/14 05:35:47.01,458570.6695,5632962.8872,2949218.0353
2024/02/14 05:35:48.01,458572.114,5632964.5207,2949218.4345
2024/02/14 05:35:49.01,458571.6029,5632963.7349,2949219.8241
2024/02/14 05:35:50.01,458571.1217,5632962.9949,2949221.1292
2024/02/14 05:35:51.01,458570.5962,5632962.4258,2949222.5618
2024/02/14 05:35:52.01,458567.4485,5632961.2703,2949225.7379
2024/02/14 05:35:53.01,458569.4101,5632960.8873,2949225.7288
2024/02/14 05:35:54.01,458568.9459,5632960.3689,2949226.9707
2024/02/14 05:35:55.01,458565.424,5632971.1201,2949230.9236
2024/02/14 05:35:56.01,458565.7787,5632956.3699,2949230.9159
2024/02/14 05:35:57.01,458567.124,5632958.1133,2949231.3737
2024/02/14 05:35:58.01,458563.6795,5632957.826,2949234.9576
2024/02/14 05:35:59.01,458564.2484,5632951.8154,2949235.4584
2024/02/14 05:36:00.01,458565.0978,5632955.8318,2949236.1705
2024/02/14 05:36:01.00,458561.8111,5632955.6317,2949239.45
2024/02/14 05:36:02.01,458564.0817,5632954.4603,2949238.7299
2024/02/14 05:36:03.01,458561.5961,5632951.637,2949241.1886
2024/02/14 05:36:04.01,458563.091,5632953.2821,2949241.2278
2024/02/14 05:36:05.01,458560.5912,5632950.3684,2949243.7084
2024/02/14 05:36:06.01,458559.96,5632949.4921,2949244.9903
2024/02/14 05:36:07.01,458559.4716,5632948.9152,2949246.2488
2024/02/14 05:36:08.01,458558.9792,5632948.2987,2949247.4731
2024/02/14 05:36:09.01,458557.84,5632950.5878,2949249.2755
2024/02/14 05:36:10.01,458560.21,5632949.5602,2949248.2782
2024/02/14 05:36:11.01,458557.8847,5632946.9345,2949250.2501
2024/02/14 05:36:12.01,458556.9775,5632949.4687,2949251.4191
2024/02/14 05:36:13.01,458556.7977,5632949.229,2949251.8603
2024/02/14 05:36:14.01,458556.5855,5632948.9846,2949252.3935
2024/02/14 05:36:15.01,458556.3282,5632948.6779,2949252.9574
2024/02/14 05:36:16.01,458556.9202,5632945.7805,2949252.5991
2024/02/14 05:36:17.01,458555.9916,5632948.2796,2949253.7365
2024/02/14 05:36:18.01,458556.5057,5632945.1891,2949253.4316
2024/02/14 05:36:19.01,458556.3523,5632945.0494,2949253.8114
2024/02/14 05:36:20.01,458555.4587,5632947.612,2949254.9721
2024/02/14 05:36:21.01,458557.9858,5632946.8772,2949253.5783
2024/02/14 05:36:22.01,458554.947,5632947.0,2949256.2716
2024/02/14 05:36:23.01,458554.5087,5632946.3767,2949257.3958
2024/02/14 05:36:24.01,458554.0239,5632945.6913,2949258.7012
2024/02/14 05:36:25.01,458554.2854,5632942.1596,2949259.156
2024/02/14 05:36:26.01,458553.4212,5632943.7138,2949260.542
2024/02/14 05:36:27.01,458553.7563,5632941.5491,2949260.7688
2024/02/14 05:36:28.01,458553.0003,5632944.2435,2949261.5315
2024/02/14 05:36:29.01,458552.9964,5632944.2428,2949261.5344
2024/02/14 05:36:30.01,458552.9931,5632944.236,2949261.5534
2024/02/14 05:36:31.01,458552.953,5632944.2008,2949261.6742
2024/02/14 05:36:32.01,458552.8657,5632944.0664,2949261.9064
2024/02/14 05:36:33.01,458552.7323,5632943.8547,2949262.2581
2024/02/14 05:36:34.01,458552.5664,5632943.6471,2949262.6811
2024/02/14 05:36:35.01,458552.3802,5632943.3946,2949263.2036
2024/02/14 05:36:36.01,458552.1664,5632943.1134,2949263.7772
2024/02/14 05:36:37.01,458551.923,5632942.7604,2949264.4195
2024/02/14 05:36:38.01,458551.5991,5632942.3839,2949265.215
2024/02/14 05:36:39.01,458551.1796,5632941.8416,2949266.2498
2024/02/14 05:36:40.01,458550.6916,5632941.2475,2949267.407
2024/02/14 05:36:41.01,458550.1739,5632940.6394,2949268.6515
2024/02/14 05:36:42.01,458549.6079,5632939.9475,2949270.0133
2024/02/14 05:36:43.01,458549.0709,5632939.2372,2949271.4074
2024/02/14 05:36:44.01,458548.4804,5632938.4396,2949273.0115
2024/02/14 05:36:45.01,458547.8517,5632937.5242,2949274.823
2024/02/14 05:36:46.01,458547.1247,5632936.605,2949276.7325
2024/02/14 05:36:47.01,458546.3827,5632935.6441,2949278.674
2024/02/14 05:36:48.01,458545.6161,5632934.623,2949280.6328
2024/02/14 05:36:49.01,458544.8378,5632933.58,2949282.5753
2024/02/14 05:36:50.01,458544.8734,5632929.9009,2949283.5221
2024/02/14 05:36:51.01,458543.5324,5632932.0048,2949285.8436
2024/02/14 05:36:52.01,458543.716,5632928.4674,2949286.5162
2024/02/14 05:36:53.01,458542.4276,5632930.5693,2949288.6763
2024/02/14 05:36:54.01,458541.9162,5632929.8076,2949290.0374
2024/02/14 05:36:55.01,458542.138,5632926.1724,2949290.6069
2024/02/14 05:36:56.01,458541.6554,5632925.5801,2949291.9095
2024/02/14 05:36:57.01,458541.1383,5632925.0529,2949293.3345
2024/02/14 05:36:58.01,458540.1415,5632927.179,2949295.1559
2024/02/14 05:36:59.01,458539.7386,5632926.6065,2949296.2171
2024/02/14 05:37:00.01,458539.5242,5632926.3183,2949296.8612
2024/02/14 05:37:01.00,458539.3416,5632926.1104,2949297.3075
2024/02/14 05:37:02.01,458539.3352,5632926.0815,2949297.3397
2024/02/14 05:37:03.01,458539.3285,5632926.1077,2949297.344
2024/02/14 05:37:04.01,458539.3296,5632926.1143,2949297.3478
2024/02/14 05:37:05.01,458539.3271,5632926.1141,2949297.3487
2024/02/14 05:37:06.01,458539.3276,5632926.1086,2949297.3457
2024/02/14 05:37:07.01,458539.3286,5632926.1038,2949297.3462
2024/02/14 05:37:08.01,458539.3271,5632926.1041,2949297.3618
2024/02/14 05:37:09.01,458539.3002,5632926.0411,2949297.4448
2024/02/14 05:37:10.01,458539.204,5632925.9209,2949297.6721
2024/02/14 05:37:11.01,458539.7053,5632922.804,2949297.3525
2024/02/14 05:37:12.01,458541.4531,5632924.8305,2949296.8125
2024/02/14 05:37:13.01,458539.1392,5632922.0861,2949298.6704
2024/02/14 05:37:14.01,458538.1907,5632921.4475,2949299.9023
2024/02/14 05:37:15.01,458538.1931,5632924.5972,2949300.1658
2024/02/14 05:37:16.01,458538.9,5632921.7168,2949299.3958
2024/02/14 05:37:17.01,458538.1812,5632924.5616,2949300.2127
2024/02/14 05:37:18.01,458538.1438,5632924.5022,2949300.2992
2024/02/14 05:37:19.01,458539.3707,5632919.3076,2949299.2658
2024/02/14 05:37:20.01,458539.366,5632919.2998,2949299.2645
2024/02/14 05:37:21.01,458538.1173,5632924.4892,2949300.3868
2024/02/14 05:37:22.01,458538.1164,5632924.4905,2949300.388
2024/02/14 05:37:23.01,458538.1185,5632924.4994,2949300.3891
2024/02/14 05:37:24.01,458539.3672,5632919.2973,2949299.2675
2024/02/14 05:37:25.01,458538.8247,5632921.6109,2949299.615
2024/02/14 05:37:26.01,458538.1159,5632924.4965,2949300.387
2024/02/14 05:37:27.01,458538.1183,5632924.5006,2949300.3884
2024/02/14 05:37:28.01,458538.1157,5632924.494,2949300.3859
2024/02/14 05:37:29.01,458539.3692,5632919.3041,2949299.2676
2024/02/14 05:37:30.01,458538.1181,5632924.5022,2949300.3903
2024/02/14 05:37:31.01,458538.8275,5632921.6178,2949299.6168
2024/02/14 05:37:32.01,458538.8239,5632921.6153,2949299.6131
2024/02/14 05:37:33.01,458539.369,5632919.3048,2949299.2697
2024/02/14 05:37:34.01,458538.8249,5632921.6277,2949299.618
2024/02/14 05:37:38.01,458538.7747,5632921.5487,2949299.742
2024/02/14 05:37:39.01,458538.7333,5632921.5075,2949299.862
2024/02/14 05:37:40.01,458536.6946,5632927.4395,2949300.7379
2024/02/14 05:37:41.01,458538.0165,5632924.3565,2949300.6742
2024/02/14 05:37:42.01,458538.0192,5632924.3611,2949300.6753
2024/02/14 05:37:43.01,458536.6986,5632927.4083,2949300.7324
2024/02/14 05:37:44.01,458538.0185,5632924.3392,2949300.6713
2024/02/14 05:37:45.01,458538.0199,5632924.3302,2949300.6698
2024/02/14 05:37:46.01,458538.0205,5632924.335,2949300.669
2024/02/14 05:37:47.01,458538.7216,5632921.5088,2949299.9057
2024/02/14 05:37:48.01,458538.0179,5632924.3239,2949300.6663
2024/02/14 05:37:49.01,458538.0181,5632924.3402,2949300.67
2024/02/14 05:37:50.01,458538.7188,5632921.5035,2949299.9019
2024/02/14 05:37:51.01,458538.722,5632921.4988,2949299.9056
2024/02/14 05:37:52.01,458538.7167,5632921.5037,2949299.9008
2024/02/14 05:37:53.01,458538.7171,5632921.497,2949299.9016
2024/02/14 05:37:54.01,458538.7177,5632921.5058,2949299.9043
2024/02/14 05:37:55.01,458538.7156,5632921.5026,2949299.897
2024/02/14 05:37:56.01,458538.7176,5632921.5089,2949299.9002
2024/02/14 05:37:57.01,458538.7179,5632921.5099,2949299.9047
2024/02/14 05:37:58.01,458538.7177,5632921.507,2949299.9007
2024/02/14 05:37:59.01,458537.9226,5632920.9507,2949300.5041
2024/02/14 05:38:00.01,458538.0167,5632924.3282,2949300.6685
2024/02/14 05:38:01.00,458538.7192,5632921.5029,2949299.9026
2024/02/14 05:38:02.01,458538.7159,5632921.5079,2949299.9019
2024/02/14 05:38:03.01,458538.7174,5632921.4888,2949299.8982
2024/02/14 05:38:04.01,458538.7172,5632921.4951,2949299.8987
2024/02/14 05:38:05.01,458538.7197,5632921.4981,2949299.899
2024/02/14 05:38:06.01,458538.7179,5632921.5065,2949299.8971
2024/02/14 05:38:07.01,458538.7179,5632921.5002,2949299.8994
2024/02/14 05:38:08.01,458538.7163,5632921.5046,2949299.9003
2024/02/14 05:38:09.01,458538.7135,5632921.4913,2949299.8941
2024/02/14 05:38:10.01,458538.7156,5632921.4931,2949299.8962
2024/02/14 05:38:11.01,458540.0451,5632921.0147,2949302.1506
2024/02/14 05:38:12.01,458538.716,5632921.493,2949299.8944
2024/02/14 05:38:13.01,458537.9202,5632920.9483,2949300.4974
2024/02/14 05:38:14.01,458537.92,5632920.9428,2949300.499
2024/02/14 05:38:15.01,458537.9168,5632920.9496,2949300.4967
2024/02/14 05:38:16.01,458537.9185,5632920.9596,2949300.5014
2024/02/14 05:38:17.01,458538.7096,5632921.5,2949299.8955
2024/02/14 05:38:18.01,458537.9195,5632920.9613,2949300.5009
2024/02/14 05:38:19.01,458538.7129,5632921.5061,2949299.8959
2024/02/14 05:38:20.01,458538.0112,5632924.3272,2949300.6712
2024/02/14 05:38:21.01,458538.6996,5632921.4729,2949299.9515
2024/02/14 05:38:22.01,458537.9799,5632924.2849,2949300.7849
2024/02/14 05:38:23.01,458537.9487,5632924.2241,2949300.8532
2024/02/14 05:38:24.01,458538.6253,5632921.283,2949300.1758
2024/02/14 05:38:25.01,458537.9125,5632924.1986,2949300.9738
2024/02/14 05:38:26.01,458538.6206,5632921.2725,2949300.182
2024/02/14 05:38:27.01,458537.9134,5632924.1912,2949300.9724
2024/02/14 05:38:28.01,458538.6197,5632921.2704,2949300.1827
2024/02/14 05:38:29.01,458537.9068,5632924.1117,2949300.9917
2024/02/14 05:38:30.01,458537.89,5632924.0287,2949301.0677
2024/02/14 05:38:31.01,458537.8882,5632924.0249,2949301.0697
2024/02/14 05:38:32.01,458538.2124,5632921.4273,2949299.9634
2024/02/14 05:38:33.01,458537.8898,5632924.039,2949301.0741
2024/02/14 05:38:34.01,458537.891,5632924.0406,2949301.0765
2024/02/14 05:38:35.01,458537.8893,5632924.0371,2949301.076
2024/02/14 05:38:36.01,458537.8925,5632924.0396,2949301.0766
2024/02/14 05:38:37.01,458538.2163,5632921.4237,2949299.9656
2024/02/14 05:38:38.01,458537.8767,5632924.0642,2949301.1024
2024/02/14 05:38:39.01,458537.8788,5632924.0704,2949301.1043
2024/02/14 05:38:40.01,458537.8847,5632924.0628,2949301.1025
2024/02/14 05:38:41.01,458537.8797,5632924.0707,2949301.1036
2024/02/14 05:38:42.01,458537.8763,5632924.0688,2949301.1044
2024/02/14 05:38:43.01,458537.8766,5632924.0631,2949301.0993
2024/02/14 05:38:44.01,458537.876,5632924.0715,2949301.1021
2024/02/14 05:38:45.01,458537.8805,5632924.0791,2949301.1054
2024/02/14 05:38:46.01,458537.8751,5632924.0644,2949301.0972
2024/02/14 05:38:47.01,458537.9118,5632933.0477,2949301.4338
2024/02/14 05:38:48.01,458537.8753,5632924.0776,2949301.1045
2024/02/14 05:38:49.01,458537.9105,5632933.0412,2949301.4329
2024/02/14 05:38:50.01,458537.9125,5632933.0505,2949301.4356
2024/02/14 05:38:51.01,458537.9163,5632933.0474,2949301.4366
2024/02/14 05:38:52.01,458537.9156,5632933.0441,2949301.4382
2024/02/14 05:38:53.01,458537.9166,5632933.0358,2949301.4351
2024/02/14 05:38:54.01,458537.9147,5632933.0469,2949301.4385
2024/02/14 05:38:55.01,458537.9162,5632933.0371,2949301.4359
2024/02/14 05:38:56.01,458537.9163,5632933.0468,2949301.4405
2024/02/14 05:38:57.01,458538.2107,5632921.4039,2949299.9777
2024/02/14 05:38:58.01,458538.5875,5632921.1591,2949300.3146
2024/02/14 05:38:59.01,458538.5936,5632921.1487,2949300.3151
2024/02/14 05:39:00.01,458538.5907,5632921.15,2949300.3127
2024/02/14 05:39:01.00,458538.5878,5632921.1701,2949300.3171
2024/02/14 05:39:02.01,458538.5937,5632921.1639,2949300.3137
2024/02/14 05:39:03.01,458538.5887,5632921.1516,2949300.3095
2024/02/14 05:39:04.01,458538.59,5632921.1459,2949300.3111
2024/02/14 05:39:05.01,458538.5869,5632921.1594,2949300.3121
2024/02/14 05:39:06.01,458538.5875,5632921.1429,2949300.3108
2024/02/14 05:39:07.01,458538.4767,5632921.2867,2949300.5214
2024/02/14 05:39:08.01,458538.589,5632921.1464,2949300.309
2024/02/14 05:39:09.01,458538.5895,5632921.1413,2949300.307
2024/02/14 05:39:10.01,458538.5902,5632921.1563,2949300.3129
2024/02/14 05:39:11.01,458538.5859,5632921.1597,2949300.3111
2024/02/14 05:39:12.01,458538.5906,5632921.1516,2949300.3109
2024/02/14 05:39:13.01,458538.5877,5632921.1475,2949300.3095
2024/02/14 05:39:14.01,458538.5892,5632921.1494,2949300.3106
2024/02/14 05:39:15.01,458538.588,5632921.1577,2949300.3099
2024/02/14 05:39:16.01,458538.5892,5632921.1619,2949300.3117
2024/02/14 05:39:17.01,458538.5889,5632921.1679,2949300.3136
2024/02/14 05:39:18.01,458538.4744,5632921.2757,2949300.5178
2024/02/14 05:39:19.01,458538.5911,5632921.1682,2949300.3172
2024/02/14 05:39:20.01,458538.5899,5632921.1516,2949300.3095
2024/02/14 05:39:21.01,458538.5892,5632921.1654,2949300.3162
2024/02/14 05:39:22.01,458538.5895,5632921.1563,2949300.315
2024/02/14 05:39:23.01,458538.5875,5632921.1636,2949300.3132
2024/02/14 05:39:24.01,458538.589,5632921.1657,2949300.3142
2024/02/14 05:39:25.01,458538.5893,5632921.1647,2949300.3151
2024/02/14 05:39:26.01,458538.5908,5632921.1593,2949300.3121
2024/02/14 05:39:27.01,458538.5876,5632921.1643,2949300.3131
2024/02/14 05:39:28.01,458539.2412,5632923.2463,2949303.152
2024/02/14 05:39:29.01,458538.5884,5632921.1695,2949300.3167
2024/02/14 05:39:30.01,458538.5909,5632921.1635,2949300.3158
2024/02/14 05:39:31.01,458538.5917,5632921.1632,2949300.3119
2024/02/14 05:39:32.01,458537.6699,5632934.5906,2949301.5004
2024/02/14 05:39:33.01,458538.591,5632921.1661,2949300.3157
2024/02/14 05:39:34.01,458537.6714,5632934.596,2949301.5062
2024/02/14 05:39:35.01,458537.6738,5632934.5796,2949301.4978
2024/02/14 05:39:36.01,458537.6725,5632934.5854,2949301.5031
2024/02/14 05:39:37.01,458538.5888,5632921.1645,2949300.3136
2024/02/14 05:39:38.01,458538.5896,5632921.1655,2949300.3121
2024/02/14 05:39:39.01,458537.6747,5632934.5756,2949301.4999
2024/02/14 05:39:40.01,458538.5913,5632921.1676,2949300.3141
2024/02/14 05:39:41.01,458537.678,5632934.5735,2949301.505
2024/02/14 05:39:42.01,458537.6777,5632934.5735,2949301.5019
2024/02/14 05:39:43.01,458537.6748,5632934.568,2949301.5031
2024/02/14 05:39:44.01,458537.6781,5632934.5753,2949301.5064
2024/02/14 05:39:45.01,458537.6784,5632934.5844,2949301.5081
2024/02/14 05:39:46.01,458537.6789,5632934.5764,2949301.5108
2024/02/14 05:39:47.01,458537.6782,5632934.582,2949301.512
2024/02/14 05:39:48.01,458537.6774,5632934.585,2949301.5142
2024/02/14 05:39:49.01,458537.6817,5632934.5941,2949301.5196
2024/02/14 05:39:50.01,458537.6794,5632934.5694,2949301.5073
2024/02/14 05:39:51.01,458537.6774,5632934.5602,2949301.5062
2024/02/14 05:39:52.01,458537.6803,5632934.5864,2949301.5171
2024/02/14 05:39:53.01,458537.6818,5632934.573,2949301.5169
2024/02/14 05:39:54.01,458537.6811,5632934.5717,2949301.5154
2024/02/14 05:39:55.01,458537.6783,5632934.5714,2949301.5176
2024/02/14 05:39:56.01,458537.6809,5632934.5641,2949301.5128
2024/02/14 05:39:57.01,458537.6868,5632934.5584,2949301.5133
2024/02/14 05:39:58.01,458537.6808,5632934.5603,2949301.5122
2024/02/14 05:39:59.01,458537.6825,5632934.5773,2949301.5176
2024/02/14 05:40:00.01,458537.6817,5632934.56,2949301.5127
2024/02/14 05:40:01.00,458537.6825,5632934.5692,2949301.5195
2024/02/14 05:40:02.01,458537.6857,5632934.5694,2949301.5186
2024/02/14 05:40:03.01,458537.6853,5632934.5632,2949301.5167
2024/02/14 05:40:04.01,458537.6886,5632934.5652,2949301.5199
2024/02/14 05:40:05.01,458537.6855,5632934.5649,2949301.5192
2024/02/14 05:40:06.01,458537.6856,5632934.5607,2949301.5176
2024/02/14 05:40:07.01,458537.6867,5632934.5633,2949301.5221
2024/02/14 05:40:08.01,458537.6875,5632934.5506,2949301.5207
2024/02/14 05:40:09.01,458537.6852,5632934.5562,2949301.5203
2024/02/14 05:40:10.01,458537.6862,5632934.5477,2949301.5168
2024/02/14 05:40:11.01,458537.6847,5632934.5499,2949301.5193
2024/02/14 05:40:12.01,458537.6885,5632934.5447,2949301.5233
2024/02/14 05:40:13.01,458537.6905,5632934.5384,2949301.5205
2024/02/14 05:40:14.01,458537.688,5632934.5513,2949301.5234
2024/02/14 05:40:15.01,458537.6928,5632934.5361,2949301.5229
2024/02/14 05:40:16.01,458537.6912,5632934.5334,2949301.5218
2024/02/14 05:40:17.01,458537.6925,5632934.5391,2949301.521
2024/02/14 05:40:18.01,458537.6908,5632934.5494,2949301.5242
2024/02/14 05:40:19.01,458537.6905,5632934.5226,2949301.517
2024/02/14 05:40:20.01,458537.6937,5632934.5366,2949301.5218
2024/02/14 05:40:21.01,458537.6899,5632934.5315,2949301.5239
2024/02/14 05:40:22.01,458537.691,5632934.5302,2949301.5197
2024/02/14 05:40:23.01,458537.6921,5632934.5277,2949301.5241
2024/02/14 05:40:24.01,458537.6958,5632934.5304,2949301.526
2024/02/14 05:40:25.01,458537.6934,5632934.5209,2949301.5218
2024/02/14 05:40:26.01,458537.7115,5632962.3589,2949306.2734
2024/02/14 05:40:27.01,458537.6937,5632934.5099,2949301.5175
2024/02/14 05:40:28.01,458537.6929,5632934.522,2949301.525
2024/02/14 05:40:29.01,458537.6955,5632934.5109,2949301.5212
2024/02/14 05:40:30.01,458537.6963,5632934.5212,2949301.5256
2024/02/14 05:40:31.01,458537.691,5632934.5006,2949301.5547
2024/02/14 05:40:32.01,458537.6443,5632934.4389,2949301.6806
2024/02/14 05:40:33.01,458537.492,5632934.2824,2949301.9682
2024/02/14 05:40:34.01,458537.2575,5632920.2818,2949301.945
2024/02/14 05:40:35.01,458537.5611,5632920.2555,2949302.2993
2024/02/14 05:40:36.01,458536.0972,5632919.104,2949304.191
2024/02/14 05:40:37.01,458536.0416,5632918.9631,2949305.3356
2024/02/14 05:40:38.01,458535.5196,5632918.0089,2949306.7717
2024/02/14 05:40:39.01,458534.8821,5632917.2117,2949308.3842
2024/02/14 05:40:40.01,458534.2613,5632916.3375,2949309.9377
2024/02/14 05:40:41.01,458533.5665,5632915.5266,2949311.7491
2024/02/14 05:40:42.01,458531.9635,5632914.036,2949314.4234
2024/02/14 05:40:43.01,458531.1282,5632912.9505,2949316.5345
2024/02/14 05:40:44.01,458531.1891,5632912.4195,2949318.0075
2024/02/14 05:40:45.01,458530.4871,5632911.2693,2949320.1372
2024/02/14 05:40:46.01,458529.6042,5632910.0997,2949322.4642
2024/02/14 05:40:47.01,458528.5988,5632908.8699,2949324.9046
2024/02/14 05:40:48.01,458526.7398,5632907.2698,2949327.8198
2024/02/14 05:40:49.01,458525.7703,5632906.1745,2949329.9827
2024/02/14 05:40:50.01,458524.8782,5632905.1272,2949332.1076
2024/02/14 05:40:51.01,458524.6815,5632904.4155,2949333.907
2024/02/14 05:40:52.01,458523.5185,5632903.0377,2949336.6489
2024/02/14 05:40:53.01,458522.2223,5632901.62,2949339.6191
2024/02/14 05:40:54.01,458520.8313,5632900.0832,2949342.7423
2024/02/14 05:40:55.01,458519.2111,5632898.6741,2949346.1862
2024/02/14 05:40:56.01,458517.8619,5632896.8532,2949349.3601
2024/02/14 05:40:57.01,458516.4051,5632895.2491,2949352.8485
2024/02/14 05:40:58.01,458515.0664,5632893.5711,2949356.2282
2024/02/14 05:40:59.01,458513.8832,5632891.9572,2949359.238
2024/02/14 05:41:00.01,458512.4658,5632901.9034,2949362.7512
2024/02/14 05:41:01.00,458511.9552,5632889.5602,2949364.1761
2024/02/14 05:41:02.01,458511.2354,5632888.6483,2949366.0896
2024/02/14 05:41:03.01,458510.6219,5632887.8328,2949367.708
2024/02/14 05:41:04.01,458510.1937,5632886.8074,2949369.0762
2024/02/14 05:41:05.01,458509.784,5632885.0647,2949369.8568
2024/02/14 05:41:08.01,458507.5008,5632898.9953,2949378.5078
2024/02/14 05:41:09.01,458507.932,5632888.4136,2949375.8169
2024/02/14 05:41:10.01,458507.2869,5632884.0792,2949375.6969
2024/02/14 05:41:11.01,458507.2851,5632884.0948,2949375.7048
2024/02/14 05:41:12.01,458507.2866,5632884.0987,2949375.6826
2024/02/14 05:41:13.01,458507.2869,5632884.0968,2949375.6775
2024/02/14 05:41:14.01,458507.2494,5632883.9834,2949375.7829
2024/02/14 05:41:15.01,458507.8716,5632884.509,2949375.5291
2024/02/14 05:41:16.01,458507.8406,5632884.4671,2949375.6357
2024/02/14 05:41:17.01,458507.8467,5632884.4746,2949375.6405
2024/02/14 05:41:18.01,458507.9831,5632884.3817,2949375.4675
2024/02/14 05:41:19.01,458507.8434,5632884.5131,2949375.6571
2024/02/14 05:41:20.01,458507.8417,5632884.5055,2949375.6518
2024/02/14 05:41:21.01,458507.8447,5632884.5122,2949375.6566
2024/02/14 05:41:22.01,458507.8404,5632884.5214,2949375.6579
2024/02/14 05:41:23.01,458507.8383,5632884.4944,2949375.6563
2024/02/14 05:41:24.01,458507.8442,5632884.4846,2949375.6451
2024/02/14 05:41:25.01,458507.837,5632884.4744,2949375.6442
2024/02/14 05:41:26.01,458507.9732,5632884.3741,2949375.4644
2024/02/14 05:41:27.01,458507.9804,5632884.3769,2949375.4653
2024/02/14 05:41:28.01,458507.8354,5632884.4772,2949375.6427
2024/02/14 05:41:29.01,458507.9751,5632884.3917,2949375.4693
2024/02/14 05:41:30.01,458507.1657,5632883.9337,2949376.0775
2024/02/14 05:41:31.01,458507.8387,5632884.4926,2949375.6458
2024/02/14 05:41:32.01,458507.9756,5632884.3928,2949375.4661
2024/02/14 05:41:33.01,458507.9738,5632884.4114,2949375.4709
2024/02/14 05:41:34.01,458507.8374,5632884.4968,2949375.6454
2024/02/14 05:41:35.01,458507.9735,5632884.3863,2949375.4644
2024/02/14 05:41:36.01,458507.1626,5632883.9331,2949376.0725
2024/02/14 05:41:37.01,458507.1591,5632883.9485,2949376.0766
2024/02/14 05:41:38.01,458507.8364,5632884.4765,2949375.6287
2024/02/14 05:41:39.01,458507.1644,5632883.9315,2949376.0659
2024/02/14 05:41:40.01,458507.8419,5632884.4684,2949375.6295
2024/02/14 05:41:41.01,458507.164,5632883.941,2949376.064
2024/02/14 05:41:42.01,458507.8367,5632884.4846,2949375.631
2024/02/14 05:41:43.01,458507.1633,5632883.9095,2949376.0554
2024/02/14 05:41:44.01,458507.1605,5632883.9556,2949376.0672
2024/02/14 05:41:45.01,458507.8382,5632884.4614,2949375.6273
2024/02/14 05:41:46.01,458507.8379,5632884.4783,2949375.6312
2024/02/14 05:41:47.01,458507.832,5632884.4973,2949375.6302
2024/02/14 05:41:48.01,458507.8376,5632884.4721,2949375.6095
2024/02/14 05:41:49.01,458507.8208,5632884.5167,2949375.6866
2024/02/14 05:41:50.01,458507.9273,5632884.3294,2949375.594
2024/02/14 05:41:51.01,458507.9024,5632884.2631,2949375.6881
2024/02/14 05:41:52.01,458507.8862,5632884.2172,2949375.7598
2024/02/14 05:41:53.01,458507.8695,5632884.1463,2949375.8663
2024/02/14 05:41:54.01,458507.018,5632883.6464,2949376.6222
2024/02/14 05:41:55.01,458507.6741,5632884.1612,2949376.2815
2024/02/14 05:41:56.01,458507.6654,5632884.1537,2949376.3577
2024/02/14 05:41:57.01,458507.6615,5632884.1257,2949376.3918
2024/02/14 05:41:58.01,458507.6566,5632884.1615,2949376.3975
2024/02/14 05:41:59.01,458507.6633,5632884.1194,2949376.3844
2024/02/14 05:42:00.01,458507.6584,5632884.1607,2949376.3954
2024/02/14 05:42:01.00,458506.9907,5632883.6098,2949376.8284
2024/02/14 05:42:02.01,458507.6602,5632884.1529,2949376.3967
2024/02/14 05:42:03.01,458506.9854,5632883.6083,2949376.8245
2024/02/14 05:42:04.01,458506.9831,5632883.6016,2949376.8246
2024/02/14 05:42:05.01,458507.6628,5632884.1758,2949376.3873
2024/02/14 05:42:06.01,458506.988,5632883.624,2949376.7833
2024/02/14 05:42:07.01,458506.9515,5632883.4905,2949376.9604
2024/02/14 05:42:08.01,458507.7218,5632883.8121,2949376.607
2024/02/14 05:42:09.01,458507.6627,5632883.6652,2949376.8807
2024/02/14 05:42:10.01,458507.6467,5632883.5574,2949377.0448
2024/02/14 05:42:11.01,458507.6265,5632883.4895,2949377.2775
2024/02/14 05:42:12.01,458506.7494,5632882.9084,2949378.2358
2024/02/14 05:42:13.01,458507.4845,5632883.123,2949377.9958
2024/02/14 05:42:14.01,458506.5568,5632882.3826,2949379.1913
2024/02/14 05:42:15.01,458506.3609,5632881.984,2949379.9975
2024/02/14 05:42:16.01,458506.9727,5632882.0269,2949380.2142
2024/02/14 05:42:17.01,458506.5766,5632881.6102,2949381.4841
2024/02/14 05:42:18.01,458506.4393,5632880.9047,2949382.5493
2024/02/14 05:42:19.01,458506.2207,5632880.2188,2949383.8361
2024/02/14 05:42:20.01,458505.9774,5632879.4313,2949385.3471
2024/02/14 05:42:21.01,458505.6264,5632878.5022,2949387.0786
2024/02/14 05:42:22.01,458505.2274,5632877.3272,2949389.2996
2024/02/14 05:42:23.01,458504.7583,5632875.9042,2949391.9351
2024/02/14 05:42:24.01,458504.1361,5632874.3595,2949394.6864
2024/02/14 05:42:25.01,458503.2389,5632872.6236,2949397.8853
2024/02/14 05:42:26.01,458501.7719,5632870.732,2949401.7519
2024/02/14 05:42:27.01,458499.3277,5632868.0293,2949406.2452
2024/02/14 05:42:28.01,458497.2993,5632865.675,2949410.5947
2024/02/14 05:42:29.01,458495.1858,5632863.1867,2949415.1862
2024/02/14 05:42:30.01,458493.0852,5632860.5966,2949419.8642
2024/02/14 05:42:31.01,458490.9778,5632857.9343,2949424.5931
2024/02/14 05:42:32.01,458488.7538,5632855.2241,2949429.3866
2024/02/14 05:42:33.01,458486.6261,5632852.4462,2949434.3097
2024/02/14 05:42:34.01,458484.6493,5632849.5719,2949439.3996
2024/02/14 05:42:35.01,458482.6369,5632846.6431,2949444.5937
2024/02/14 05:42:36.01,458480.4825,5632843.6569,2949449.8471
2024/02/14 05:42:37.01,458478.979,5632841.2115,2949454.7881
2024/02/14 05:42:38.01,458476.0405,5632837.5825,2949460.6087
2024/02/14 05:42:39.01,458473.8855,5632834.5794,2949465.9448
2024/02/14 05:42:40.01,458471.7449,5632831.5653,2949471.2621
2024/02/14 05:42:41.01,458469.882,5632828.7687,2949476.0989
2024/02/14 05:42:42.01,458468.25,5632826.1497,2949480.7212
2024/02/14 05:42:43.01,458467.6585,5632823.9453,2949484.7139
2024/02/14 05:42:44.01,458466.7061,5632821.5521,2949488.9044
2024/02/14 05:42:45.01,458466.083,5632819.2041,2949492.7912
2024/02/14 05:42:46.01,458465.5932,5632816.8819,2949496.7287
2024/02/14 05:42:47.01,458465.1191,5632814.6126,2949501.1319
2024/02/14 05:42:48.01,458465.2254,5632811.6919,2949505.5773
2024/02/14 05:42:49.01,458465.5711,5632808.6928,2949510.6218
2024/02/14 05:42:50.01,458466.1678,5632805.609,2949516.2091
2024/02/14 05:42:51.01,458466.6867,5632801.5108,2949522.3679
2024/02/14 05:42:52.01,458468.9605,5632798.332,2949527.9511
2024/02/14 05:42:53.01,458470.2282,5632793.9372,2949534.5597
2024/02/14 05:42:54.01,458473.0272,5632790.3572,2949540.2949
2024/02/14 05:42:55.01,458474.2291,5632785.9374,2949547.4053
2024/02/14 05:42:56.01,458476.9096,5632782.3542,2949553.5881
2024/02/14 05:42:57.01,458478.9962,5632778.0229,2949560.0822
2024/02/14 05:42:58.01,458480.8883,5632773.8808,2949566.8343
2024/02/14 05:42:59.01,458481.9574,5632769.4389,2949574.0419
2024/02/14 05:43:00.01,458484.7654,5632765.7685,2949579.9739
2024/02/14 05:43:01.00,458486.929,5632761.7535,2949586.5247
2024/02/14 05:43:02.01,458489.2968,5632757.7204,2949593.0292
2024/02/14 05:43:03.01,458490.7631,5632753.3422,2949600.1956
2024/02/14 05:43:04.01,458493.7976,5632749.5845,2949606.1721
2024/02/14 05:43:05.01,458495.9961,5632745.4556,2949612.8071
2024/02/14 05:43:06.01,458498.2208,5632741.2499,2949619.4926
2024/02/14 05:43:07.01,458499.4655,5632736.8425,2949626.6428
2024/02/14 05:43:08.01,458501.9078,5632733.7669,2949632.1355
2024/02/14 05:43:09.01,458503.7903,5632730.3553,2949637.0548
2024/02/14 05:43:10.01,458505.2841,5632727.592,2949641.5312
2024/02/14 05:43:11.01,458506.6757,5632724.8499,2949645.9065
2024/02/14 05:43:12.01,458507.332,5632721.7954,2949650.9534
2024/02/14 05:43:13.01,458510.5964,5632714.2293,2949651.2739
2024/02/14 05:43:14.01,458511.4085,5632716.4092,2949659.4408
2024/02/14 05:43:15.01,458514.8709,5632724.0761,2949666.3509
2024/02/14 05:43:16.01,458514.7899,5632710.735,2949668.9103
2024/02/14 05:43:17.01,458516.4805,5632707.737,2949673.7326
2024/02/14 05:43:18.01,458518.2547,5632704.6716,2949678.6007
2024/02/14 05:43:19.01,458519.9313,5632701.5975,2949683.595
2024/02/14 05:43:20.01,458521.6009,5632698.3921,2949688.7116
2024/02/14 05:43:21.01,458523.2137,5632695.3185,2949693.4443
2024/02/14 05:43:22.01,458524.5855,5632692.8623,2949697.4066
2024/02/14 05:43:23.01,458525.803,5632690.8545,2949700.7491
2024/02/14 05:43:24.01,458526.9116,5632689.1852,2949703.2343
2024/02/14 05:43:25.01,458527.7667,5632687.8259,2949705.3327
2024/02/14 05:43:26.01,458528.5326,5632686.4866,2949707.5007
2024/02/14 05:43:27.01,458529.3666,5632684.9247,2949709.919
2024/02/14 05:43:28.01,458530.406,5632683.1254,2949712.8891
2024/02/14 05:43:29.01,458531.6194,5632681.1042,2949716.1278
2024/02/14 05:43:30.01,458532.7897,5632679.0654,2949719.2669
2024/02/14 05:43:31.01,458533.0608,5632676.9475,2949723.0627
2024/02/14 05:43:32.01,458534.4456,5632674.9335,2949726.4678
2024/02/14 05:43:33.01,458535.9415,5632672.1866,2949730.2753
2024/02/14 05:43:34.01,458538.0551,5632670.336,2949734.3967
2024/02/14 05:43:35.01,458539.8947,5632666.871,2949738.7932
2024/02/14 05:43:36.01,458541.6395,5632663.6516,2949743.8919
2024/02/14 05:43:37.01,458543.5246,5632660.2988,2949749.3334
2024/02/14 05:43:38.01,458545.4413,5632656.8944,2949755.0702
2024/02/14 05:43:39.01,458547.2958,5632653.4496,2949760.5893
2024/02/14 05:43:40.01,458548.0691,5632650.2559,2949766.0959
2024/02/14 05:43:41.01,458550.1463,5632648.1117,2949769.3056
2024/02/14 05:43:42.01,458550.1748,5632645.8932,2949772.8118
2024/02/14 05:43:43.01,458551.6622,5632644.8467,2949774.6205
2024/02/14 05:43:44.01,458552.2391,5632643.5614,2949776.8043
2024/02/14 05:43:45.01,458552.6855,5632642.6048,2949778.3339
2024/02/14 05:43:46.01,458552.9501,5632642.012,2949779.3476
2024/02/14 05:43:47.01,458553.2505,5632641.4393,2949780.3671
2024/02/14 05:43:48.01,458553.5905,5632640.5857,2949781.551
2024/02/14 05:43:49.01,458554.0069,5632639.7439,2949782.956
2024/02/14 05:43:50.01,458554.5522,5632638.7167,2949784.5833
2024/02/14 05:43:51.01,458554.8305,5632638.1325,2949786.1938
2024/02/14 05:43:52.01,458555.4029,5632637.1757,2949787.2756
2024/02/14 05:43:53.01,458555.8739,5632636.1862,2949788.7696
2024/02/14 05:43:54.01,458556.4305,5632635.1182,2949790.4754
2024/02/14 05:43:55.01,458557.004,5632634.0523,2949792.2426
2024/02/14 05:43:56.01,458557.6481,5632633.0323,2949794.1774
2024/02/14 05:43:57.01,458558.2807,5632631.7371,2949796.3305
2024/02/14 05:43:58.01,458558.9643,5632630.3661,2949798.8499
2024/02/14 05:43:59.01,458559.6833,5632628.7584,2949801.5559
2024/02/14 05:44:00.01,458560.4726,5632627.0805,2949804.3441
2024/02/14 05:44:01.00,458561.3038,5632625.5159,2949807.2542
2024/02/14 05:44:02.01,458563.3844,5632620.918,2949810.5015
2024/02/14 05:44:03.01,458563.0369,5632621.8988,2949814.2284
2024/02/14 05:44:04.01,458564.382,5632619.375,2949817.8861
2024/02/14 05:44:05.01,458565.7275,5632617.0253,2949822.0636
2024/02/14 05:44:06.01,458567.1855,5632614.6734,2949826.4274
2024/02/14 05:44:07.01,458568.6448,5632612.1422,2949830.7677
2024/02/14 05:44:08.01,458570.0318,5632609.7064,2949834.951
2024/02/14 05:44:09.01,458571.3695,5632607.5631,2949839.0221
2024/02/14 05:44:10.01,458572.6828,5632605.4643,2949842.8538
2024/02/14 05:44:11.01,458574.0036,5632603.3672,2949846.7207
2024/02/14 05:44:12.01,458575.413,5632601.1317,2949850.8104
2024/02/14 05:44:13.01,458576.9283,5632598.7362,2949855.1269
2024/02/14 05:44:14.01,458578.4436,5632596.3002,2949859.5073
2024/02/14 05:44:15.01,458579.8799,5632593.8825,2949863.7225
2024/02/14 05:44:16.01,458581.2418,5632591.6456,2949867.7518
2024/02/14 05:44:17.01,458582.5492,5632589.4791,2949871.5944
2024/02/14 05:44:18.01,458583.907,5632587.2892,2949875.5114
2024/02/14 05:44:19.01,458585.2614,5632585.0552,2949879.6132
2024/02/14 05:44:20.01,458586.5762,5632582.7302,2949883.8156
2024/02/14 05:44:21.01,458587.8667,5632580.3821,2949888.029
2024/02/14 05:44:22.01,458589.194,5632578.0872,2949892.1745
2024/02/14 05:44:23.01,458590.5193,5632575.9367,2949896.1071
2024/02/14 05:44:24.01,458591.7959,5632573.8993,2949899.7796
2024/02/14 05:44:25.01,458593.0596,5632572.0008,2949903.1927
2024/02/14 05:44:26.01,458594.2297,5632570.2209,2949906.3725
2024/02/14 05:44:27.01,458595.2916,5632568.4987,2949909.5054
2024/02/14 05:44:28.01,458596.389,5632566.6141,2949912.8875
2024/02/14 05:44:29.01,458597.6006,5632564.5459,2949916.6127
2024/02/14 05:44:30.01,458598.9797,5632562.2908,2949920.6891
2024/02/14 05:44:31.01,458600.5103,5632559.8522,2949925.0735
2024/02/14 05:44:32.01,458602.0549,5632557.2815,2949929.7526
2024/02/14 05:44:33.01,458603.6416,5632554.5591,2949934.6337
2024/02/14 05:44:34.01,458605.3058,5632551.7321,2949939.687
2024/02/14 05:44:35.01,458607.0719,5632548.7294,2949945.1031
2024/02/14 05:44:36.01,458608.8343,5632545.5507,2949950.828
2024/02/14 05:44:37.01,458610.5774,5632542.3974,2949956.5135
2024/02/14 05:44:38.01,458612.2957,5632539.2583,2949962.2584
2024/02/14 05:44:39.01,458614.0837,5632536.0432,2949968.0617
2024/02/14 05:44:40.01,458615.9276,5632532.8799,2949973.7919
2024/02/14 05:44:41.01,458617.7554,5632529.7728,2949979.4465
2024/02/14 05:44:42.01,458619.6321,5632526.6495,2949985.169
2024/02/14 05:44:43.01,458621.565,5632523.4332,2949990.98
2024/02/14 05:44:44.01,458623.5446,5632520.2064,2949996.8259
2024/02/14 05:44:45.01,458625.4871,5632516.9845,2950002.6371
2024/02/14 05:44:46.01,458627.3688,5632513.8607,2950008.3092
2024/02/14 05:44:47.01,458629.2315,5632510.8421,2950013.7872
2024/02/14 05:44:48.01,458630.9626,5632507.924,2950019.1098
2024/02/14 05:44:49.01,458632.507,5632505.076,2950024.3553
2024/02/14 05:44:50.01,458633.9547,5632502.3329,2950029.8114
2024/02/14 05:44:51.01,458635.3941,5632499.3065,2950035.4259
2024/02/14 05:44:52.01,458636.8976,5632495.9874,2950041.1735
2024/02/14 05:44:53.01,458638.3987,5632492.9786,2950047.2088
2024/02/14 05:44:54.01,458639.8853,5632489.5483,2950053.3992
2024/02/14 05:44:55.01,458641.2794,5632486.1425,2950059.8725
2024/02/14 05:44:56.01,458642.4441,5632482.5789,2950066.5194
2024/02/14 05:44:57.01,458643.2134,5632479.2494,2950073.2199
2024/02/14 05:44:58.01,458643.6962,5632475.6322,2950079.6999
2024/02/14 05:44:59.01,458643.8866,5632472.5415,2950086.0751
2024/02/14 05:45:00.01,458643.9223,5632469.1829,2950092.0766
2024/02/14 05:45:01.00,458643.8348,5632466.4631,2950097.3363
2024/02/14 05:45:02.01,458643.6737,5632464.4976,2950101.5503
2024/02/14 05:45:03.01,458643.491,5632462.7621,2950104.9392
2024/02/14 05:45:04.01,458643.2784,5632461.208,2950107.9736
2024/02/14 05:45:05.01,458643.0038,5632459.6875,2950110.9577
2024/02/14 05:45:06.01,458642.6457,5632457.8396,2950114.2034
2024/02/14 05:45:07.01,458642.1584,5632456.0104,2950117.875
2024/02/14 05:45:08.01,458641.5397,5632453.9858,2950121.9164
2024/02/14 05:45:09.01,458640.8108,5632451.9668,2950126.3389
2024/02/14 05:45:10.01,458640.0495,5632449.6503,2950131.0374
2024/02/14 05:45:11.01,458639.2398,5632447.1331,2950136.1123
2024/02/14 05:45:12.01,458638.21,5632444.4575,2950141.6452
2024/02/14 05:45:13.01,458636.957,5632441.6538,2950147.445
2024/02/14 05:45:14.01,458635.6602,5632438.9999,2950153.0046
2024/02/14 05:45:15.01,458634.2746,5632436.4325,2950158.3744
2024/02/14 05:45:16.01,458632.8486,5632433.6364,2950163.7513
2024/02/14 05:45:17.01,458631.2908,5632431.2045,2950169.3221
2024/02/14 05:45:18.01,458629.6656,5632428.3455,2950174.9155
2024/02/14 05:45:19.01,458627.9279,5632425.7577,2950180.7431
2024/02/14 05:45:20.01,458626.1185,5632422.7375,2950186.6518
2024/02/14 05:45:21.01,458624.1511,5632419.9707,2950192.8944
2024/02/14 05:45:22.01,458622.1196,5632416.6763,2950199.2909
2024/02/14 05:45:23.01,458619.8918,5632413.4418,2950205.9897
2024/02/14 05:45:24.01,458617.5201,5632410.4174,2950212.9055
2024/02/14 05:45:25.01,458615.0935,5632407.0249,2950219.6766
2024/02/14 05:45:26.01,458612.7011,5632404.0884,2950226.3832
2024/02/14 05:45:27.01,458610.3506,5632400.8491,2950232.8759
2024/02/14 05:45:28.01,458607.9697,5632397.8793,2950239.2712
2024/02/14 05:45:29.01,458605.6479,5632394.9856,2950245.4305
2024/02/14 05:45:30.01,458603.3588,5632392.0676,2950251.6258
2024/02/14 05:45:31.01,458600.9996,5632389.3267,2950258.0073
2024/02/14 05:45:32.01,458598.5941,5632386.141,2950264.4543
2024/02/14 05:45:33.01,458596.0474,5632383.0265,2950271.0805
2024/02/14 05:45:34.01,458593.3596,5632379.9817,2950277.9527
2024/02/14 05:45:35.01,458590.6737,5632376.4873,2950284.9617
2024/02/14 05:45:36.01,458587.8995,5632373.0888,2950292.3263
2024/02/14 05:45:37.01,458585.0264,5632369.696,2950300.0547
2024/02/14 05:45:38.01,458582.141,5632365.7899,2950307.9821
2024/02/14 05:45:39.01,458579.195,5632362.1194,2950316.2245
2024/02/14 05:45:40.01,458576.3864,5632358.3084,2950324.3168
2024/02/14 05:45:41.01,458573.6225,5632354.5655,2950332.255
2024/02/14 05:45:42.01,458570.8839,5632350.9117,2950340.02
2024/02/14 05:45:43.01,458568.2342,5632347.3735,2950347.5798
2024/02/14 05:45:44.01,458565.8518,5632344.1183,2950354.5158
2024/02/14 05:45:45.01,458564.0025,5632341.3409,2950360.0919
2024/02/14 05:45:46.01,458562.2839,5632339.3181,2950364.8691
2024/02/14 05:45:47.01,458560.59,5632337.0443,2950369.2564
2024/02/14 05:45:48.01,458558.8813,5632334.8992,2950373.8033
2024/02/14 05:45:49.01,458557.1649,5632332.7905,2950378.7171
2024/02/14 05:45:50.01,458555.4569,5632330.4866,2950383.6794
2024/02/14 05:45:51.01,458553.7543,5632328.1073,2950388.6972
2024/02/14 05:45:52.01,458552.0885,5632325.6587,2950393.8799
2024/02/14 05:45:53.01,458550.3863,5632323.1624,2950399.1886
2024/02/14 05:45:54.01,458548.6513,5632320.5979,2950404.5766
2024/02/14 05:45:55.01,458546.9455,5632318.0366,2950410.0201
2024/02/14 05:45:56.01,458545.2859,5632315.2769,2950415.3887
2024/02/14 05:45:57.01,458543.5342,5632312.9693,2950420.7235
2024/02/14 05:45:58.01,458541.8276,5632310.6001,2950425.6887
2024/02/14 05:45:59.01,458539.2343,5632307.7867,2950431.1443
2024/02/14 05:46:00.01,458538.2541,5632305.8938,2950435.4979
2024/02/14 05:46:01.00,458536.4219,5632303.5901,2950440.5512
2024/02/14 05:46:02.01,458534.6464,5632301.1619,2950445.6749
2024/02/14 05:46:03.01,458532.974,5632298.6805,2950450.8696
2024/02/14 05:46:04.01,458531.4402,5632296.187,2950456.1546
2024/02/14 05:46:05.01,458529.8565,5632293.6759,2950461.4543
2024/02/14 05:46:06.01,458528.234,5632291.109,2950466.8517
2024/02/14 05:46:07.01,458526.4411,5632288.3253,2950472.705
2024/02/14 05:46:08.01,458524.4805,5632285.3703,2950478.9576
2024/02/14 05:46:09.01,458522.0146,5632286.8504,2950486.1491
2024/02/14 05:46:10.01,458520.1811,5632283.8198,2950492.4858
2024/02/14 05:46:11.01,458519.2055,5632276.0994,2950497.9631
2024/02/14 05:46:12.01,458517.9278,5632272.9945,2950504.4031
2024/02/14 05:46:13.01,458517.0173,5632269.8912,2950510.8185
2024/02/14 05:46:14.01,458515.8186,5632271.3598,2950518.0413
2024/02/14 05:46:15.01,458516.0091,5632263.7003,2950523.4095
2024/02/14 05:46:16.01,458515.9051,5632260.5734,2950529.6287
2024/02/14 05:46:17.01,458516.0382,5632257.4383,2950535.8144
2024/02/14 05:46:18.01,458516.4871,5632254.3243,2950541.9732
2024/02/14 05:46:19.01,458517.1805,5632251.2287,2950548.0864
2024/02/14 05:46:20.01,458518.183,5632248.1484,2950554.1378
2024/02/14 05:46:21.01,458519.3229,5632245.0305,2950560.1627
2024/02/14 05:46:22.01,458520.5433,5632241.905,2950566.17
2024/02/14 05:46:23.01,458521.9537,5632238.7864,2950572.1045
2024/02/14 05:46:24.01,458523.6236,5632235.709,2950578.0046
2024/02/14 05:46:25.01,458525.6462,5632232.6912,2950583.8159
2024/02/14 05:46:26.01,458527.9526,5632229.6692,2950589.5143
2024/02/14 05:46:27.01,458530.463,5632226.6468,2950595.124
2024/02/14 05:46:28.01,458533.3279,5632223.5348,2950600.831
2024/02/14 05:46:29.01,458536.6598,5632220.2811,2950606.7905
2024/02/14 05:46:30.01,458539.9946,5632217.1114,2950612.7577
2024/02/14 05:46:31.01,458543.0247,5632214.0207,2950618.5304
2024/02/14 05:46:32.01,458546.0194,5632211.0371,2950624.1958
2024/02/14 05:46:33.01,458549.1426,5632208.0108,2950629.8609
2024/02/14 05:46:34.01,458552.3252,5632204.9567,2950635.5919
2024/02/14 05:46:35.01,458555.5329,5632201.8095,2950641.4536
2024/02/14 05:46:36.01,458558.8206,5632198.6086,2950647.4024
2024/02/14 05:46:37.01,458562.3002,5632195.3179,2950653.4054
2024/02/14 05:46:38.01,458565.8913,5632191.9819,2950659.5198
2024/02/14 05:46:39.01,458569.6784,5632188.6068,2950665.7005
2024/02/14 05:46:40.01,458573.5139,5632185.1789,2950672.0005
2024/02/14 05:46:41.01,458576.7882,5632186.198,2950679.3487
2024/02/14 05:46:42.01,458581.1697,5632178.1028,2950684.9966
2024/02/14 05:46:43.01,458585.0335,5632174.4895,2950691.6302
2024/02/14 05:46:44.01,458588.3361,5632175.4095,2950699.1264
2024/02/14 05:46:45.01,458592.0875,5632171.8903,2950705.6262
2024/02/14 05:46:46.01,458596.3033,5632163.9531,2950711.0661
2024/02/14 05:46:47.01,458599.9359,5632160.6205,2950717.1637
2024/02/14 05:46:48.01,458603.4846,5632157.4076,2950723.0696
2024/02/14 05:46:49.01,458606.4138,5632158.7262,2950729.8424
2024/02/14 05:46:50.01,458609.6974,5632155.6445,2950735.5527
2024/02/14 05:46:51.01,458612.8266,5632152.7452,2950740.9196
2024/02/14 05:46:52.01,458616.2571,5632145.6163,2950744.8213
2024/02/14 05:46:53.01,458618.8474,5632143.3978,2950748.8296
2024/02/14 05:46:54.01,458620.9666,5632141.6022,2950752.1193
2024/02/14 05:46:55.01,458622.6769,5632140.102,2950754.9113
2024/02/14 05:46:56.01,458624.2187,5632138.7025,2950757.4998
2024/02/14 05:46:57.01,458625.7612,5632137.282,2950760.1313
2024/02/14 05:46:58.01,458627.4207,5632135.8258,2950762.9265
2024/02/14 05:46:59.01,458629.0769,5632134.2869,2950765.7075
2024/02/14 05:47:00.01,458630.4871,5632132.898,2950768.3311
2024/02/14 05:47:01.00,458631.7538,5632131.6349,2950770.7063
2024/02/14 05:47:02.01,458632.8655,5632130.5249,2950772.7338
2024/02/14 05:47:03.01,458633.8163,5632129.5953,2950774.4522
2024/02/14 05:47:04.01,458634.5069,5632128.9213,2950775.6522
2024/02/14 05:47:05.01,458635.1227,5632128.3576,2950776.7675
2024/02/14 05:47:06.01,458635.4104,5632132.06,2950779.1798
2024/02/14 05:47:07.01,458636.9156,5632126.5606,2950780.107
2024/02/14 05:47:08.01,458638.0763,5632125.4773,2950782.0978
2024/02/14 05:47:09.01,458639.2666,5632124.4452,2950784.0041
2024/02/14 05:47:10.01,458640.3794,5632123.5105,2950785.7051
2024/02/14 05:47:11.01,458641.1505,5632122.8687,2950786.8355
2024/02/14 05:47:12.01,458641.4914,5632122.6034,2950787.3461
2024/02/14 05:47:13.01,458641.731,5632122.4154,2950787.6996
2024/02/14 05:47:14.01,458642.1742,5632122.0673,2950788.359
2024/02/14 05:47:15.01,458642.8952,5632121.4609,2950789.3924
2024/02/14 05:47:16.01,458643.5702,5632120.9098,2950790.4249
2024/02/14 05:47:17.01,458644.27,5632120.2943,2950791.5424
2024/02/14 05:47:18.01,458645.0508,5632119.6036,2950792.8421
2024/02/14 05:47:19.01,458645.7202,5632118.9751,2950793.9503
2024/02/14 05:47:20.01,458646.3905,5632118.3998,2950795.0912
2024/02/14 05:47:21.01,458647.1563,5632117.6939,2950796.4464
2024/02/14 05:47:22.01,458648.0986,5632116.8597,2950798.0388
2024/02/14 05:47:23.01,458649.0063,5632116.0176,2950799.6649
2024/02/14 05:47:24.01,458649.8669,5632115.2453,2950801.1217
2024/02/14 05:47:25.01,458650.9222,5632114.266,2950802.8854
2024/02/14 05:47:26.01,458652.2388,5632113.056,2950805.0136
2024/02/14 05:47:27.01,458653.2448,5632116.1888,2950808.3428
2024/02/14 05:47:28.01,458655.463,5632110.2068,2950810.0007
2024/02/14 05:47:29.01,458657.292,5632108.6271,2950812.7402
2024/02/14 05:47:30.01,458658.9621,5632107.0922,2950815.5517
2024/02/14 05:47:31.01,458660.6071,5632105.5312,2950818.4546
2024/02/14 05:47:32.01,458662.4295,5632103.7746,2950821.6132
2024/02/14 05:47:33.01,458664.4145,5632101.7981,2950825.1989
2024/02/14 05:47:34.01,458666.4975,5632099.734,2950828.947
2024/02/14 05:47:35.01,458668.5652,5632097.7821,2950832.6473
2024/02/14 05:47:36.01,458670.6015,5632095.8881,2950836.0818
2024/02/14 05:47:37.01,458672.6233,5632093.9957,2950839.5306
2024/02/14 05:47:38.01,458674.7345,5632091.8647,2950843.364
2024/02/14 05:47:39.01,458677.0698,5632089.5244,2950847.6518
2024/02/14 05:47:40.01,458679.7188,5632086.9811,2950852.2911
2024/02/14 05:47:41.01,458682.556,5632084.2747,2950857.2052
2024/02/14 05:47:42.01,458685.6065,5632081.4246,2950862.3374
2024/02/14 05:47:43.01,458688.8369,5632078.5631,2950867.722
2024/02/14 05:47:44.01,458692.1789,5632075.6187,2950873.2536
2024/02/14 05:47:45.01,458695.5668,5632072.6128,2950878.8576
2024/02/14 05:47:46.01,458698.9273,5632069.5611,2950884.5274
2024/02/14 05:47:47.01,458702.2776,5632066.4448,2950890.413
2024/02/14 05:47:48.01,458705.6325,5632063.2063,2950896.3623
2024/02/14 05:47:49.01,458708.8644,5632060.114,2950902.059
2024/02/14 05:47:50.01,458711.9555,5632057.1229,2950907.5854
2024/02/14 05:47:51.01,458714.6276,5632058.6058,2950914.0144
2024/02/14 05:47:52.01,458717.9649,5632055.5632,2950919.6029
2024/02/14 05:47:53.01,458721.8643,5632047.9915,2950924.4178
2024/02/14 05:47:54.01,458725.4164,5632044.8148,2950930.185
2024/02/14 05:47:55.01,458728.8856,5632041.6086,2950936.1096
2024/02/14 05:47:56.01,458731.8302,5632042.9004,2950942.8213
2024/02/14 05:47:57.01,458735.83,5632035.2191,2950947.6528
2024/02/14 05:47:58.01,458739.268,5632032.0504,2950953.4908
2024/02/14 05:47:59.01,458742.6409,5632028.8076,2950959.4345
2024/02/14 05:48:00.01,458745.9163,5632025.5903,2950965.3523
2024/02/14 05:48:01.00,458749.1751,5632022.4384,2950971.1188
2024/02/14 05:48:02.01,458752.4699,5632019.296,2950976.8508
2024/02/14 05:48:03.01,458755.7487,5632016.1444,2950982.6537
2024/02/14 05:48:04.01,458759.1025,5632012.9515,2950988.4532
2024/02/14 05:48:05.01,458762.5038,5632009.7756,2950994.2056
2024/02/14 05:48:06.01,458765.8883,5632006.661,2950999.8639
2024/02/14 05:48:07.01,458769.1577,5632003.5178,2951005.5183
2024/02/14 05:48:08.01,458772.4005,5632000.346,2951011.2861
2024/02/14 05:48:09.01,458775.7033,5631997.1126,2951017.1559
2024/02/14 05:48:10.01,458779.0929,5631993.8053,2951023.0988
2024/02/14 05:48:11.01,458782.6076,5631990.4803,2951029.1127
2024/02/14 05:48:12.01,458785.7186,5631991.59,2951036.0479
2024/02/14 05:48:13.01,458789.9318,5631983.8195,2951041.0709
2024/02/14 05:48:14.01,458793.4644,5631980.5857,2951046.89
2024/02/14 05:48:15.01,458796.3772,5631981.9061,2951053.4591
2024/02/14 05:48:16.01,458800.1669,5631974.3486,2951058.144
2024/02/14 05:48:17.01,458803.3796,5631971.3149,2951063.7179
2024/02/14 05:48:18.01,458806.0211,5631972.7511,2951070.1062
2024/02/14 05:48:19.01,458809.6505,5631965.3131,2951074.5548
2024/02/14 05:48:20.01,458812.6857,5631962.3803,2951079.881
2024/02/14 05:48:21.01,458815.5948,5631959.51,2951085.1653
2024/02/14 05:48:22.01,458818.3332,5631956.707,2951090.2187
2024/02/14 05:48:23.01,458820.8396,5631954.0943,2951094.9997
2024/02/14 05:48:24.01,458823.0727,5631951.686,2951099.3969
2024/02/14 05:48:25.01,458824.8398,5631949.793,2951102.8569
2024/02/14 05:48:26.01,458826.3132,5631948.1274,2951105.8
2024/02/14 05:48:27.01,458827.8728,5631946.4923,2951108.6908
2024/02/14 05:48:28.01,458829.5615,5631944.7336,2951111.8972
2024/02/14 05:48:29.01,458831.3688,5631942.788,2951115.4965
2024/02/14 05:48:30.01,458833.2651,5631940.62,2951119.5489
2024/02/14 05:48:31.01,458835.4073,5631938.2783,2951123.8586
2024/02/14 05:48:32.01,458837.7244,5631935.9651,2951128.0905
2024/02/14 05:48:33.01,458840.2524,5631933.68,2951132.2587
2024/02/14 05:48:34.01,458842.9387,5631931.2853,2951136.5524
2024/02/14 05:48:35.01,458845.6178,5631928.8716,2951140.9091
2024/02/14 05:48:36.01,458848.362,5631926.4764,2951145.2121
2024/02/14 05:48:37.01,458851.2623,5631924.0472,2951149.5146
2024/02/14 05:48:38.01,458854.4473,5631921.4833,2951154.0001
2024/02/14 05:48:39.01,458857.7775,5631918.8935,2951158.6229
2024/02/14 05:48:40.01,458861.0634,5631916.2713,2951163.3036
2024/02/14 05:48:41.01,458864.2022,5631913.7103,2951167.8843
2024/02/14 05:48:42.01,458866.9598,5631911.2753,2951172.2346
2024/02/14 05:48:43.01,458869.2873,5631908.9881,2951176.4719
2024/02/14 05:48:44.01,458871.4973,5631906.6005,2951180.8604
2024/02/14 05:48:45.01,458873.7587,5631904.0822,2951185.5133
2024/02/14 05:48:46.01,458875.8967,5631901.4784,2951190.3497
2024/02/14 05:48:47.01,458878.1735,5631898.7159,2951195.4886
2024/02/14 05:48:48.01,458880.975,5631895.5987,2951201.1795
2024/02/14 05:48:49.01,458884.3118,5631892.2921,2951207.0964
2024/02/14 05:48:50.01,458887.3374,5631893.6145,2951213.6555
2024/02/14 05:48:51.01,458891.4488,5631886.0119,2951218.3008
2024/02/14 05:48:52.01,458894.6394,5631887.2706,2951224.9116
2024/02/14 05:48:53.01,458898.9758,5631879.498,2951229.9986
2024/02/14 05:48:54.01,458902.5368,5631880.4212,2951237.1647
2024/02/14 05:48:55.01,458907.2702,5631872.2581,2951242.9414
2024/02/14 05:48:56.01,458911.1393,5631872.784,2951250.8606
2024/02/14 05:48:57.01,458916.1312,5631864.2439,2951257.3137
2024/02/14 05:48:58.01,458920.7721,5631860.0071,2951264.9218
2024/02/14 05:48:59.01,458925.522,5631855.6727,2951272.7781
2024/02/14 05:49:00.01,458930.4362,5631851.2288,2951280.7875
2024/02/14 05:49:01.00,458935.3922,5631846.6517,2951289.0014
2024/02/14 05:49:02.01,458940.459,5631842.0349,2951297.3376
2024/02/14 05:49:03.01,458945.6421,5631837.372,2951305.7888
2024/02/14 05:49:04.01,458950.3467,5631837.0579,2951315.2531
2024/02/14 05:49:05.01,458956.1335,5631827.8615,2951323.0065
2024/02/14 05:49:06.01,458961.4002,5631823.0391,2951331.7571
2024/02/14 05:49:07.01,458966.6631,5631818.165,2951340.5434
2024/02/14 05:49:08.01,458971.9554,5631813.3391,2951349.237
2024/02/14 05:49:09.01,458977.0999,5631808.6052,2951357.7784
2024/02/14 05:49:10.01,458981.6644,5631808.4537,2951366.8545
2024/02/14 05:49:11.01,458986.6097,5631804.0514,2951374.7561
2024/02/14 05:49:12.01,458991.3551,5631799.7984,2951382.3622
2024/02/14 05:49:13.01,458996.2777,5631791.4138,2951388.6055
2024/02/14 05:49:14.01,459000.4651,5631787.688,2951395.4241
2024/02/14 05:49:15.01,459003.9483,5631788.5029,2951402.8339
2024/02/14 05:49:16.01,459008.357,5631780.7062,2951408.0857
2024/02/14 05:49:17.01,459012.4789,5631777.4561,2951413.8621
2024/02/14 05:49:18.01,459016.4353,5631778.6858,2951420.394
2024/02/14 05:49:19.01,459021.6791,5631771.1029,2951425.0726
2024/02/14 05:49:20.01,459026.4826,5631767.869,2951430.7128
2024/02/14 05:49:21.01,459031.4343,5631764.6079,2951436.3472
2024/02/14 05:49:22.01,459036.5446,5631761.3921,2951441.9011
2024/02/14 05:49:23.01,459041.5534,5631758.144,2951447.625
2024/02/14 05:49:24.01,459046.745,5631754.8592,2951453.2819
2024/02/14 05:49:25.01,459052.0388,5631751.5593,2951459.0004
2024/02/14 05:49:26.01,459057.4435,5631748.2286,2951464.6876
2024/02/14 05:49:27.01,459062.9939,5631745.0563,2951470.1681
2024/02/14 05:49:28.01,459068.4926,5631742.0102,2951475.3704
2024/02/14 05:49:29.01,459073.8014,5631739.1633,2951480.2896
2024/02/14 05:49:30.01,459078.8574,5631736.4006,2951485.0083
2024/02/14 05:49:31.01,459083.8117,5631733.8752,2951489.3581
2024/02/14 05:49:32.01,459088.6037,5631731.4436,2951493.4206
2024/02/14 05:49:33.01,459093.2711,5631729.0671,2951497.396
2024/02/14 05:49:34.01,459097.9678,5631726.7327,2951501.3448
2024/02/14 05:49:35.01,459102.7433,5631724.4348,2951505.1412
2024/02/14 05:49:36.01,459107.5782,5631722.267,2951508.6457
2024/02/14 05:49:37.01,459112.3576,5631720.2327,2951511.9359
2024/02/14 05:49:38.01,459116.9244,5631718.2651,2951515.1936
2024/02/14 05:49:39.01,459121.225,5631716.3423,2951518.3981
2024/02/14 05:49:40.01,459125.2064,5631714.4198,2951521.5813
2024/02/14 05:49:41.01,459129.0512,5631712.5403,2951524.7218
2024/02/14 05:49:42.01,459132.4493,5631715.0834,2951528.7039
2024/02/14 05:49:43.01,459137.0708,5631708.8644,2951530.7732
2024/02/14 05:49:44.01,459141.3881,5631707.0824,2951533.6142
2024/02/14 05:49:45.01,459145.9598,5631705.416,2951536.2051
2024/02/14 05:49:46.01,459150.5996,5631703.9612,2951538.3044
2024/02/14 05:49:47.01,459155.1427,5631702.6828,2951540.1096
2024/02/14 05:49:48.01,459159.4817,5631701.4459,2951541.8362
2024/02/14 05:49:49.01,459163.5313,5631700.2395,2951543.5722
2024/02/14 05:49:50.01,459166.5414,5631703.5834,2951546.0469
2024/02/14 05:49:51.01,459169.4574,5631702.6181,2951547.4649
2024/02/14 05:49:52.01,459172.0894,5631701.7733,2951548.7725
2024/02/14 05:49:53.01,459174.8391,5631696.6448,2951548.9933
2024/02/14 05:49:54.01,459175.8986,5631700.5892,2951550.5952
2024/02/14 05:49:55.01,459177.6648,5631695.8131,2951550.2184
2024/02/14 05:49:56.01,459178.2259,5631699.9197,2951551.5302
2024/02/14 05:49:57.01,459179.7188,5631695.2733,2951550.954
2024/02/14 05:49:58.01,459180.7509,5631695.0267,2951551.4275
2024/02/14 05:49:59.01,459181.7401,5631699.0478,2951552.7897
2024/02/14 05:50:00.01,459183.8982,5631694.3002,2951552.2218
2024/02/14 05:50:01.00,459185.4842,5631693.8897,2951552.7308
2024/02/14 05:50:02.01,459187.1799,5631693.4751,2951553.3088
2024/02/14 05:50:03.01,459189.1763,5631693.0112,2951553.8443
2024/02/14 05:50:04.01,459191.2699,5631692.5236,2951554.4244
2024/02/14 05:50:05.01,459193.1815,5631692.0153,2951555.1596
2024/02/14 05:50:06.01,459194.8829,5631691.5415,2951555.8044
2024/02/14 05:50:07.01,459196.4134,5631691.1566,2951556.3985
2024/02/14 05:50:08.01,459197.615,5631695.0004,2951558.1388
2024/02/14 05:50:09.01,459199.579,5631694.314,2951559.0319
2024/02/14 05:50:10.01,459201.5282,5631693.7025,2951560.0429
2024/02/14 05:50:11.01,459203.8684,5631688.6236,2951560.13
2024/02/14 05:50:12.01,459205.547,5631687.9654,2951561.0185
2024/02/14 05:50:13.01,459207.064,5631687.5117,2951561.7712
2024/02/14 05:50:14.01,459207.9441,5631691.5334,2951563.3987
2024/02/14 05:50:15.01,459209.3205,5631691.052,2951564.0628
2024/02/14 05:50:16.01,459211.1536,5631686.1909,2951563.8374
2024/02/14 05:50:17.01,459212.4758,5631685.83,2951564.3216
2024/02/14 05:50:18.01,459213.6518,5631685.5724,2951564.7205
2024/02/14 05:50:19.01,459214.6282,5631685.3127,2951565.1034
2024/02/14 05:50:20.01,459215.3312,5631689.3281,2951566.6254
2024/02/14 05:50:21.01,459217.3648,5631684.4511,2951566.4585
2024/02/14 05:50:22.01,459219.1764,5631683.8602,2951567.3836
2024/02/14 05:50:23.01,459221.2516,5631683.1659,2951568.396
2024/02/14 05:50:24.01,459221.0888,5631688.4608,2951570.4205
2024/02/14 05:50:25.01,459223.2907,5631687.8239,2951571.4727
2024/02/14 05:50:26.01,459229.1364,5631676.5815,2951571.1661
2024/02/14 05:50:27.01,459231.3297,5631675.7072,2951572.222
2024/02/14 05:50:28.01,459235.0937,5631682.1375,2951572.2162
2024/02/14 05:50:29.01,459237.4256,5631681.229,2951573.5234
2024/02/14 05:50:30.01,459234.1551,5631685.9511,2951578.3256
2024/02/14 05:50:31.01,459239.7355,5631672.6947,2951576.9864
2024/02/14 05:50:32.01,459241.218,5631672.268,2951577.7454
2024/02/14 05:50:33.01,459241.0272,5631676.5895,2951578.9184
2024/02/14 05:50:34.01,459247.0896,5631673.3854,2951577.0619
2024/02/14 05:50:35.01,459247.6445,5631684.2728,2951578.8443
2024/02/14 05:50:36.01,459246.3309,5631675.4145,2951581.9017
2024/02/14 05:50:37.01,459248.7551,5631673.9099,2951582.5444
2024/02/14 05:50:38.01,459250.7598,5631673.2544,2951583.5405
2024/02/14 05:50:39.01,459252.7077,5631672.5408,2951584.543
2024/02/14 05:50:40.01,459254.8075,5631671.8108,2951585.6175
2024/02/14 05:50:41.01,459256.8908,5631671.0753,2951586.7544
2024/02/14 05:50:42.01,459258.7024,5631670.415,2951587.7716
2024/02/14 05:50:43.01,459260.2591,5631669.8299,2951588.7192
2024/02/14 05:50:44.01,459261.607,5631669.2876,2951589.5121
2024/02/14 05:50:45.01,459262.8209,5631668.8107,2951590.1584
2024/02/14 05:50:46.01,459263.9334,5631668.3951,2951590.795
2024/02/14 05:50:47.01,459264.9576,5631668.0413,2951591.3912
2024/02/14 05:50:48.01,459265.8467,5631667.6059,2951591.9018
2024/02/14 05:50:49.01,459266.4989,5631667.9514,2951592.7596
2024/02/14 05:50:50.01,459267.3735,5631667.1184,2951592.8065
2024/02/14 05:50:51.01,459268.0528,5631666.8505,2951593.1604
2024/02/14 05:50:52.01,459268.6706,5631666.6137,2951593.4848
2024/02/14 05:50:53.01,459269.3402,5631666.3709,2951593.8205
2024/02/14 05:50:54.01,459270.2169,5631666.0791,2951594.2099
2024/02/14 05:50:55.01,459271.1125,5631665.7801,2951594.6113
2024/02/14 05:50:56.01,459271.9185,5631665.5499,2951595.0236
2024/02/14 05:50:57.01,459272.6249,5631665.2803,2951595.3824
2024/02/14 05:50:58.01,459273.2258,5631665.0913,2951595.7259
2024/02/14 05:50:59.01,459273.7526,5631664.8769,2951596.0225
2024/02/14 05:51:00.01,459274.1783,5631664.718,2951596.3091
2024/02/14 05:51:01.00,459274.5458,5631664.5581,2951596.5497
2024/02/14 05:51:02.01,459274.8458,5631664.4109,2951596.7356
2024/02/14 05:51:03.01,459275.0783,5631664.3353,2951596.8857
2024/02/14 05:51:04.01,459275.2695,5631664.2521,2951597.0024
2024/02/14 05:51:05.01,459275.5169,5631664.137,2951597.1479
2024/02/14 05:51:06.01,459276.013,5631663.9538,2951597.4384
2024/02/14 05:51:07.01,459276.2625,5631668.0569,2951598.7919
2024/02/14 05:51:08.01,459277.6035,5631663.392,2951598.3966
2024/02/14 05:51:09.01,459277.3501,5631663.0674,2951599.5793
2024/02/14 05:51:10.01,459278.6653,5631667.068,2951600.2671
2024/02/14 05:51:11.01,459280.137,5631662.2686,2951600.0061
2024/02/14 05:51:12.01,459280.7448,5631666.156,2951601.587
2024/02/14 05:51:13.01,459282.4121,5631661.3507,2951601.4284
2024/02/14 05:51:14.01,459283.628,5631660.8925,2951602.1627
2024/02/14 05:51:15.01,459284.3579,5631664.79,2951603.7223
2024/02/14 05:51:16.01,459286.0618,5631659.9899,2951603.4669
2024/02/14 05:51:17.01,459287.2588,5631659.5818,2951604.0817
2024/02/14 05:51:18.01,459288.5761,5631659.1456,2951604.7513
2024/02/14 05:51:19.01,459290.1802,5631658.5305,2951605.6177
2024/02/14 05:51:20.01,459292.0614,5631657.7706,2951606.7514
2024/02/14 05:51:21.01,459293.9773,5631657.0414,2951607.9144
2024/02/14 05:51:22.01,459295.8159,5631656.3006,2951608.997
2024/02/14 05:51:23.01,459297.7855,5631655.5552,2951610.1605
2024/02/14 05:51:24.01,459300.1048,5631654.6957,2951611.4525
2024/02/14 05:51:25.01,459302.6254,5631653.7576,2951612.8485
2024/02/14 05:51:26.01,459305.3022,5631652.7829,2951614.3115
2024/02/14 05:51:27.01,459308.1123,5631651.7482,2951615.8762
2024/02/14 05:51:28.01,459310.9679,5631650.7785,2951617.3126
2024/02/14 05:51:29.01,459313.7064,5631649.8703,2951618.6805
2024/02/14 05:51:30.01,459316.6029,5631648.8315,2951620.3021
2024/02/14 05:51:31.01,459319.7362,5631647.6542,2951622.0591
2024/02/14 05:51:32.01,459323.0743,5631646.5066,2951623.8236
2024/02/14 05:51:33.01,459326.4309,5631645.413,2951625.33
2024/02/14 05:51:34.01,459329.7484,5631644.5754,2951626.509
2024/02/14 05:51:35.01,459330.8205,5631651.8903,2951629.0361
2024/02/14 05:51:36.01,459336.4354,5631643.7803,2951627.2173
2024/02/14 05:51:37.01,459339.5519,5631644.0208,2951626.167
2024/02/14 05:51:38.01,459342.235,5631644.7118,2951624.4961
2024/02/14 05:51:39.01,459344.2122,5631650.0681,2951623.0095
2024/02/14 05:51:40.01,459347.2298,5631646.8964,2951619.2931
2024/02/14 05:51:41.01,459349.4517,5631648.2046,2951615.7713
2024/02/14 05:51:42.01,459352.3109,5631649.7521,2951612.3099
2024/02/14 05:51:43.01,459355.5269,5631651.3755,2951608.7609
2024/02/14 05:51:44.01,459359.1718,5631652.9264,2951605.2236
2024/02/14 05:51:45.01,459363.0671,5631654.4413,2951601.6186
2024/02/14 05:51:46.01,459367.0987,5631656.0717,2951597.6495
2024/02/14 05:51:47.01,459371.1367,5631657.9048,2951593.3441
2024/02/14 05:51:48.01,459375.0338,5631660.1894,2951589.2057
2024/02/14 05:51:49.01,459379.1561,5631661.7543,2951584.7753
2024/02/14 05:51:50.01,459383.1341,5631663.6213,2951580.3384
2024/02/14 05:51:51.01,459385.3549,5631655.9549,2951572.7607
2024/02/14 05:51:52.01,459390.7335,5631671.4727,2951574.8196
2024/02/14 05:51:53.01,459394.0867,5631668.8446,2951568.3021
2024/02/14 05:51:54.01,459397.1536,5631670.4915,2951564.786
2024/02/14 05:51:55.01,459400.7254,5631676.3148,2951562.5306
2024/02/14 05:51:56.01,459404.2366,5631674.0006,2951556.8063
2024/02/14 05:51:57.01,459408.5997,5631676.0153,2951552.2715
2024/02/14 05:51:58.01,459413.1504,5631677.9241,2951547.7408
2024/02/14 05:51:59.01,459417.8474,5631679.7057,2951543.2764
2024/02/14 05:52:00.01,459422.8895,5631681.4774,2951538.836
2024/02/14 05:52:01.00,459428.3145,5631683.3609,2951534.3267
2024/02/14 05:52:02.01,459433.9623,5631685.2416,2951529.5123
2024/02/14 05:52:03.01,459440.4839,5631687.2637,2951525.159
2024/02/14 05:52:04.01,459446.6764,5631689.1572,2951520.1557
2024/02/14 05:52:05.01,459452.9088,5631691.188,2951515.1091
2024/02/14 05:52:06.01,459459.1108,5631693.1848,2951509.9876
2024/02/14 05:52:07.01,459465.2747,5631695.1816,2951504.9255
2024/02/14 05:52:08.01,459471.3789,5631697.1443,2951499.8971
2024/02/14 05:52:09.01,459477.6919,5631698.9989,2951495.1434
2024/02/14 05:52:10.01,459483.6515,5631700.8097,2951490.429
2024/02/14 05:52:11.01,459489.1934,5631702.5038,2951485.9409
2024/02/14 05:52:12.01,459494.7114,5631704.1667,2951481.6061
2024/02/14 05:52:13.01,459500.1623,5631705.8345,2951477.2625
2024/02/14 05:52:14.01,459505.546,5631707.5501,2951472.8518
2024/02/14 05:52:15.01,459510.8871,5631709.2529,2951468.4392
2024/02/14 05:52:16.01,459516.2816,5631710.9194,2951464.1228
2024/02/14 05:52:17.01,459521.7216,5631712.5506,2951459.8544
2024/02/14 05:52:18.01,459526.9737,5631714.1271,2951455.8086
2024/02/14 05:52:19.01,459532.0787,5631715.6155,2951451.9567
2024/02/14 05:52:20.01,459537.135,5631717.0807,2951448.0757
2024/02/14 05:52:21.01,459542.0731,5631718.5886,2951444.1881
2024/02/14 05:52:22.01,459547.2108,5631720.0273,2951440.3648
2024/02/14 05:52:23.01,459552.6312,5631721.3876,2951436.6652
2024/02/14 05:52:24.01,459558.1175,5631722.6727,2951433.1426
2024/02/14 05:52:25.01,459563.0525,5631724.0128,2951428.9879
2024/02/14 05:52:26.01,459568.7181,5631725.7842,2951424.9927
2024/02/14 05:52:27.01,459574.0368,5631727.7191,2951420.1011
2024/02/14 05:52:28.01,459579.5313,5631729.8183,2951414.8834
2024/02/14 05:52:29.01,459585.0366,5631732.4856,2951409.8477
2024/02/14 05:52:30.01,459590.5809,5631733.9026,2951403.944
2024/02/14 05:52:31.01,459597.0219,5631735.8923,2951399.3658
2024/02/14 05:52:32.01,459602.5454,5631737.6841,2951394.2228
2024/02/14 05:52:33.01,459609.0193,5631739.3852,2951390.251
2024/02/14 05:52:34.01,459614.7885,5631741.0514,2951385.6761
2024/02/14 05:52:35.01,459620.5859,5631742.9169,2951380.8876
2024/02/14 05:52:36.01,459626.4515,5631744.8746,2951375.7739
2024/02/14 05:52:37.01,459632.4682,5631746.9287,2951370.4994
2024/02/14 05:52:38.01,459638.6276,5631749.0949,2951365.0987
2024/02/14 05:52:39.01,459645.0935,5631751.0935,2951359.8005
2024/02/14 05:52:40.01,459649.6498,5631749.5469,2951355.8884
2024/02/14 05:52:41.01,459657.3959,5631755.2645,2951348.8381
2024/02/14 05:52:42.01,459662.1418,5631761.5692,2951343.4837
2024/02/14 05:52:43.01,459668.7965,5631755.5788,2951340.1247
2024/02/14 05:52:44.01,459674.9503,5631765.5405,2951333.122
2024/02/14 05:52:45.01,459683.5208,5631763.1291,2951328.4946
2024/02/14 05:52:46.01,459689.9107,5631765.0711,2951323.321
2024/02/14 05:52:47.01,459696.3007,5631767.085,2951318.2441
2024/02/14 05:52:48.01,459702.6564,5631769.0611,2951313.2058
2024/02/14 05:52:49.01,459708.9754,5631771.033,2951308.2881
2024/02/14 05:52:50.01,459715.2279,5631772.9441,2951303.4334
2024/02/14 05:52:51.01,459721.4679,5631774.907,2951298.5069
2024/02/14 05:52:52.01,459727.6881,5631776.8606,2951293.5523
2024/02/14 05:52:53.01,459733.8168,5631778.8467,2951288.7414
2024/02/14 05:52:54.01,459739.9225,5631780.7116,2951284.0686
2024/02/14 05:52:55.01,459745.9281,5631782.5902,2951279.4905
2024/02/14 05:52:56.01,459751.9856,5631784.4123,2951274.8448
2024/02/14 05:52:57.01,459758.1294,5631786.3347,2951270.0705
2024/02/14 05:52:58.01,459764.3498,5631788.3169,2951265.1653
2024/02/14 05:52:59.01,459770.608,5631790.3097,2951260.1464
2024/02/14 05:53:00.01,459776.9041,5631792.3617,2951255.0981
2024/02/14 05:53:01.00,459783.2137,5631794.4655,2951250.0333
2024/02/14 05:53:02.01,459789.4852,5631796.4587,2951245.0755
2024/02/14 05:53:03.01,459795.6934,5631798.382,2951240.2492
2024/02/14 05:53:04.01,459801.7948,5631800.3166,2951235.5268
2024/02/14 05:53:05.01,459807.7388,5631802.234,2951230.8393
2024/02/14 05:53:06.01,459813.5787,5631804.0998,2951226.2249
2024/02/14 05:53:07.01,459819.3153,5631805.9372,2951221.6915
2024/02/14 05:53:08.01,459824.991,5631807.669,2951217.2443
2024/02/14 05:53:09.01,459830.3839,5631809.7056,2951212.9488
2024/02/14 05:53:10.01,459835.4637,5631811.1938,2951208.1011
2024/02/14 05:53:11.01,459840.9327,5631812.9179,2951204.0007
2024/02/14 05:53:12.01,459846.09,5631814.6222,2951199.7331
2024/02/14 05:53:13.01,459849.8396,5631820.6379,2951195.9276
2024/02/14 05:53:14.01,459855.9684,5631817.7458,2951191.7994
2024/02/14 05:53:15.01,459859.8947,5631818.9816,2951188.6109
2024/02/14 05:53:16.01,459863.5027,5631820.2305,2951185.7166
2024/02/14 05:53:17.01,459866.3325,5631811.317,2951181.7772
2024/02/14 05:53:18.01,459868.658,5631826.5995,2951180.7954
2024/02/14 05:53:19.01,459873.4022,5631823.2817,2951178.008
2024/02/14 05:53:20.01,459877.1608,5631824.513,2951175.7948
2024/02/14 05:53:21.01,459879.175,5631829.8369,2951172.7939
2024/02/14 05:53:22.01,459884.5577,5631826.6439,2951169.4615
2024/02/14 05:53:23.01,459888.6725,5631827.9462,2951166.366
2024/02/14 05:53:24.01,459894.4712,5631825.1058,2951163.4802
2024/02/14 05:53:25.01,459896.5688,5631830.391,2951160.2079
2024/02/14 05:53:26.01,459900.3349,5631831.6361,2951157.196
2024/02/14 05:53:27.01,459903.7368,5631832.7568,2951154.415
2024/02/14 05:53:28.01,459906.6377,5631833.6864,2951152.0349
2024/02/14 05:53:29.01,459908.34,5631827.4529,2951149.6071
2024/02/14 05:53:30.01,459909.9263,5631827.5612,2951145.3078
2024/02/14 05:53:31.01,459917.1948,5631846.4191,2951148.5378
2024/02/14 05:53:32.01,459917.7197,5631837.4148,2951143.1268
2024/02/14 05:53:33.01,459921.0475,5631838.4656,2951140.4557
2024/02/14 05:53:34.01,459924.6687,5631839.775,2951137.6218
2024/02/14 05:53:35.01,459928.4844,5631841.0447,2951134.5788
2024/02/14 05:53:36.01,459932.4566,5631842.2889,2951131.3627
2024/02/14 05:53:37.01,459934.7239,5631847.9017,2951128.0443
2024/02/14 05:53:38.01,459939.2484,5631837.78,2951124.6835
2024/02/14 05:53:39.01,459942.9395,5631839.1364,2951121.614
2024/02/14 05:53:40.01,459947.9129,5631847.534,2951119.2604
2024/02/14 05:53:41.01,459951.1605,5631852.9405,2951117.3723
2024/02/14 05:53:42.01,459955.5869,5631849.853,2951113.5583
2024/02/14 05:53:43.01,459959.5985,5631851.1243,2951110.538
2024/02/14 05:53:44.01,459963.6942,5631852.3699,2951107.5283
2024/02/14 05:53:45.01,459967.6599,5631853.5116,2951104.6764
2024/02/14 05:53:46.01,459971.4377,5631854.6862,2951101.8004
2024/02/14 05:53:47.01,459975.0319,5631855.893,2951098.978
2024/02/14 05:53:48.01,459978.5248,5631857.0477,2951096.2624
2024/02/14 05:53:49.01,459981.9589,5631858.1416,2951093.5244
2024/02/14 05:53:50.01,459985.394,5631859.2576,2951090.826
2024/02/14 05:53:51.01,459988.7915,5631860.3001,2951088.2251
2024/02/14 05:53:52.01,459992.0815,5631861.2909,2951085.8749
2024/02/14 05:53:53.01,459995.1023,5631862.2178,2951083.6275
2024/02/14 05:53:54.01,459997.743,5631863.0548,2951081.5915
2024/02/14 05:53:55.01,460000.0597,5631863.8345,2951079.7342
2024/02/14 05:53:56.01,460001.8965,5631864.4843,2951078.2218
2024/02/14 05:53:57.01,460003.1055,5631864.8726,2951077.2838
2024/02/14 05:53:58.01,460003.6368,5631865.0735,2951076.8874
2024/02/14 05:53:59.01,460003.7534,5631865.0834,2951076.8019
2024/02/14 05:54:00.01,460003.7486,5631865.0735,2951076.8035
2024/02/14 05:54:01.00,460003.7501,5631865.0807,2951076.8054
2024/02/14 05:54:02.01,460003.7522,5631865.081,2951076.8021
2024/02/14 05:54:03.01,460004.6144,5631863.0536,2951077.0747
2024/02/14 05:54:04.01,460003.9428,5631865.1341,2951076.6541
2024/02/14 05:54:05.01,460004.3925,5631865.2802,2951076.3283
2024/02/14 05:54:06.01,460004.9501,5631865.4238,2951075.9304
2024/02/14 05:54:07.01,460005.5934,5631865.5675,2951075.4795
2024/02/14 05:54:08.01,460006.3554,5631865.8195,2951074.9741
2024/02/14 05:54:09.01,460007.0268,5631865.9879,2951074.5267
2024/02/14 05:54:10.01,460007.3658,5631866.1053,2951074.2652
2024/02/14 05:54:11.01,460007.6611,5631866.1971,2951074.0535
2024/02/14 05:54:12.01,460008.8359,5631864.2917,2951074.098
2024/02/14 05:54:13.01,460008.5324,5631866.4373,2951073.394
2024/02/14 05:54:14.01,460009.4433,5631866.7191,2951072.7087
2024/02/14 05:54:15.01,460010.5845,5631867.0877,2951071.8534
2024/02/14 05:54:16.01,460011.8065,5631867.4839,2951070.9218
2024/02/14 05:54:17.01,460013.1402,5631867.8637,2951069.8676
2024/02/14 05:54:18.01,460014.4193,5631868.3579,2951068.8361
2024/02/14 05:54:19.01,460015.9627,5631868.8383,2951067.6065
2024/02/14 05:54:20.01,460017.7219,5631869.3457,2951066.3144
2024/02/14 05:54:21.01,460019.4801,5631869.9597,2951064.8647
2024/02/14 05:54:22.01,460021.3359,5631870.5818,2951063.4454
2024/02/14 05:54:23.01,460023.132,5631871.2769,2951061.8985
2024/02/14 05:54:24.01,460025.1045,5631871.888,2951060.4653
2024/02/14 05:54:25.01,460027.2213,5631872.6407,2951058.7144
2024/02/14 05:54:26.01,460029.5039,5631873.4208,2951056.8942
2024/02/14 05:54:27.01,460031.9328,5631874.2595,2951054.9078
2024/02/14 05:54:28.01,460034.5257,5631875.1531,2951052.7582
2024/02/14 05:54:29.01,460036.9807,5631876.0011,2951050.7379
2024/02/14 05:54:30.01,460038.9897,5631876.6917,2951049.0058
2024/02/14 05:54:31.01,460040.4428,5631877.1932,2951047.8455
2024/02/14 05:54:32.01,460041.5951,5631877.6503,2951046.7793
2024/02/14 05:54:33.01,460042.6874,5631878.5288,2951045.7002
2024/02/14 05:54:34.01,460044.1264,5631878.7025,2951044.3589
2024/02/14 05:54:35.01,460045.9142,5631879.4059,2951042.8116
2024/02/14 05:54:36.01,460048.007,5631880.1573,2951040.9394
2024/02/14 05:54:37.01,460049.9132,5631880.8406,2951039.3611
2024/02/14 05:54:38.01,460051.6025,5631881.4415,2951037.9533
2024/02/14 05:54:39.01,460053.3864,5631882.0302,2951036.5452
2024/02/14 05:54:40.01,460055.2336,5631882.6938,2951035.0419
2024/02/14 05:54:41.01,460057.4504,5631883.3706,2951033.3576
2024/02/14 05:54:42.01,460059.9656,5631884.2353,2951031.2519
2024/02/14 05:54:43.01,460062.7976,5631885.1405,2951029.1418
2024/02/14 05:54:44.01,460065.6132,5631885.9468,2951027.0433
2024/02/14 05:54:45.01,460068.3979,5631886.8056,2951024.9727
2024/02/14 05:54:46.01,460071.4283,5631887.7529,2951022.7204
2024/02/14 05:54:47.01,460074.7574,5631888.7074,2951020.3707
2024/02/14 05:54:48.01,460078.2611,5631889.7207,2951017.8684
2024/02/14 05:54:49.01,460081.9124,5631890.8,2951015.2412
2024/02/14 05:54:50.01,460085.5498,5631892.283,2951012.5382
2024/02/14 05:54:51.01,460089.4457,5631893.2505,2951009.4599
2024/02/14 05:54:52.01,460093.2289,5631894.7869,2951006.4861
2024/02/14 05:54:53.01,460096.9238,5631895.7729,2951002.9296
2024/02/14 05:54:54.01,460100.9678,5631897.2565,2950999.7949
2024/02/14 05:54:55.01,460103.2646,5631902.8143,2950996.3736
2024/02/14 05:54:56.01,460107.4034,5631904.1486,2950993.0944
2024/02/14 05:54:57.01,460113.6498,5631901.222,2950990.3735
2024/02/14 05:54:58.01,460117.616,5631902.5008,2950987.2892
2024/02/14 05:54:59.01,460121.2603,5631903.7525,2950984.3588
2024/02/14 05:55:00.01,460124.5502,5631904.7993,2950981.8237
2024/02/14 05:55:01.00,460127.5174,5631905.7524,2950979.4757
2024/02/14 05:55:02.01,460130.2741,5631906.7004,2950977.227
2024/02/14 05:55:03.01,460132.9578,5631907.5796,2950975.1688
2024/02/14 05:55:04.01,460135.4695,5631908.3818,2950973.2023
2024/02/14 05:55:05.01,460137.7674,5631909.1277,2950971.3191
2024/02/14 05:55:06.01,460139.8203,5631909.8585,2950969.5845
2024/02/14 05:55:07.01,460141.5229,5631910.4596,2950968.1136
2024/02/14 05:55:08.01,460142.643,5631910.8663,2950967.227
2024/02/14 05:55:09.01,460142.8837,5631911.3087,2950967.0516
2024/02/14 05:55:10.01,460143.0062,5631910.9967,2950966.9112
2024/02/14 05:55:11.01,460143.0092,5631911.0004,2950966.9088
2024/02/14 05:55:12.01,460143.0232,5631911.0059,2950966.8979
2024/02/14 05:55:13.01,460143.0649,5631911.0187,2950966.8597
2024/02/14 05:55:14.01,460143.1048,5631911.417,2950966.8799
2024/02/14 05:55:15.01,460143.3899,5631911.1647,2950966.606
2024/02/14 05:55:16.01,460143.6227,5631911.235,2950966.3997
2024/02/14 05:55:17.01,460144.0193,5631911.3683,2950966.0599
2024/02/14 05:55:18.01,460144.7901,5631912.0327,2950965.4571
2024/02/14 05:55:19.01,460145.9662,5631912.5086,2950964.4184
2024/02/14 05:55:20.01,460147.3157,5631913.0286,2950963.1979
2024/02/14 05:55:21.01,460148.7263,5631913.6197,2950961.7971
2024/02/14 05:55:22.01,460150.2626,5631914.209,2950960.3858
2024/02/14 05:55:23.01,460151.7876,5631914.8151,2950958.836
2024/02/14 05:55:24.01,460153.3033,5631915.4356,2950957.4458
2024/02/14 05:55:25.01,460152.6042,5631919.9139,2950955.6489
2024/02/14 05:55:26.01,460155.4082,5631916.021,2950954.6747
2024/02/14 05:55:27.01,460156.2319,5631916.3699,2950954.0387
2024/02/14 05:55:28.01,460154.931,5631920.8111,2950953.5698
2024/02/14 05:55:29.01,460156.9655,5631916.602,2950953.3401
2024/02/14 05:55:30.01,460157.7772,5631916.8358,2950953.3909
2024/02/14 05:55:31.01,460157.771,5631916.9216,2950952.5992
2024/02/14 05:55:32.01,460158.5252,5631917.2525,2950951.9387
2024/02/14 05:55:33.01,460160.8647,5631915.7662,2950951.6739
2024/02/14 05:55:34.01,460161.1834,5631919.9894,2950950.5807
2024/02/14 05:55:35.01,460162.2207,5631918.9154,2950949.4844
2024/02/14 05:55:36.01,460164.4216,5631917.0507,2950948.5114
2024/02/14 05:55:37.01,460164.7665,5631919.8667,2950947.2236
2024/02/14 05:55:38.01,460166.075,5631920.0644,2950945.9821
2024/02/14 05:55:39.01,460167.3243,5631920.5169,2950944.788
2024/02/14 05:55:40.01,460168.527,5631921.0208,2950943.5771
2024/02/14 05:55:41.01,460169.6414,5631921.8539,2950942.5959
2024/02/14 05:55:42.01,460171.0338,5631922.0096,2950941.3765
2024/02/14 05:55:43.01,460172.2736,5631922.5209,2950940.0896
2024/02/14 05:55:44.01,460173.5201,5631923.3931,2950938.9477
2024/02/14 05:55:45.01,460174.9116,5631923.9416,2950937.6884
2024/02/14 05:55:46.01,460177.3006,5631922.0726,2950936.7426
2024/02/14 05:55:47.01,460177.8923,5631924.4825,2950935.3723
2024/02/14 05:55:48.01,460178.2358,5631925.2088,2950935.1097
2024/02/14 05:55:49.01,460179.4807,5631927.5155,2950931.3027
2024/02/14 05:55:50.01,460181.7054,5631925.7146,2950932.436
2024/02/14 05:55:51.01,460182.8184,5631926.4294,2950931.5962
2024/02/14 05:55:52.01,460184.0768,5631926.8787,2950930.5958
2024/02/14 05:55:53.01,460185.428,5631927.3582,2950929.4836
2024/02/14 05:55:54.01,460186.8242,5631927.7898,2950928.4487
2024/02/14 05:55:55.01,460188.1343,5631927.8685,2950927.3389
2024/02/14 05:55:56.01,460189.3217,5631928.2468,2950926.4125
2024/02/14 05:55:57.01,460190.4413,5631928.9837,2950925.5823
2024/02/14 05:55:58.01,460191.8182,5631929.0558,2950924.4982
2024/02/14 05:55:59.01,460193.3763,5631929.531,2950923.3739
2024/02/14 05:56:00.01,460195.3544,5631930.3984,2950922.1589
2024/02/14 05:56:01.00,460197.9807,5631930.9831,2950920.5987
2024/02/14 05:56:02.01,460201.0296,5631931.7481,2950918.7093
2024/02/14 05:56:03.01,460204.1615,5631932.6237,2950916.5137
2024/02/14 05:56:04.01,460207.3378,5631933.1835,2950914.191
2024/02/14 05:56:05.01,460210.4823,5631934.1958,2950911.9309
2024/02/14 05:56:06.01,460214.0425,5631935.2465,2950909.3242
2024/02/14 05:56:07.01,460217.9635,5631936.7225,2950906.5134
2024/02/14 05:56:08.01,460222.4499,5631937.739,2950903.1763
2024/02/14 05:56:09.01,460227.0215,5631939.5218,2950899.8668
2024/02/14 05:56:10.01,460231.7735,5631940.9653,2950896.3052
2024/02/14 05:56:11.01,460236.614,5631942.43,2950892.7107
2024/02/14 05:56:12.01,460241.4453,5631943.4919,2950889.0366
2024/02/14 05:56:13.01,460245.6495,5631944.8052,2950885.2159
2024/02/14 05:56:14.01,460250.4259,5631946.2531,2950881.5899
2024/02/14 05:56:15.01,460255.7452,5631948.1491,2950878.3192
2024/02/14 05:56:16.01,460260.7329,5631949.7972,2950874.2834
2024/02/14 05:56:17.01,460265.7515,5631951.5562,2950870.0371
2024/02/14 05:56:18.01,460270.7413,5631953.211,2950866.0182
2024/02/14 05:56:19.01,460275.5822,5631954.7975,2950862.2216
2024/02/14 05:56:20.01,460280.0663,5631956.2324,2950858.7254
2024/02/14 05:56:21.01,460283.9527,5631957.4244,2950855.7827
2024/02/14 05:56:22.01,460287.0997,5631958.4082,2950853.3691
2024/02/14 05:56:23.01,460289.6156,5631959.2356,2950851.3703
2024/02/14 05:56:24.01,460291.3996,5631959.5282,2950849.2537
2024/02/14 05:56:25.01,460294.2823,5631958.8312,2950848.8801
2024/02/14 05:56:26.01,460295.2779,5631961.0986,2950846.9692
2024/02/14 05:56:27.01,460297.1935,5631961.7246,2950845.5098
2024/02/14 05:56:28.01,460298.9624,5631962.0184,2950843.2658
2024/02/14 05:56:29.01,460301.284,5631962.8236,2950841.302
2024/02/14 05:56:30.01,460304.1266,5631963.7441,2950839.5827
2024/02/14 05:56:31.01,460306.622,5631964.9393,2950837.6079
2024/02/14 05:56:32.01,460309.0566,5631965.4153,2950834.8516
2024/02/14 05:56:33.01,460313.8636,5631960.9032,2950831.1762
2024/02/14 05:56:34.01,460313.4334,5631971.6641,2950830.0423
2024/02/14 05:56:35.01,460317.1245,5631966.3374,2950824.8064
2024/02/14 05:56:36.01,460320.2149,5631969.2442,2950825.7066
2024/02/14 05:56:37.01,460320.5513,5631974.2218,2950823.9434
2024/02/14 05:56:38.01,460322.3868,5631974.8652,2950822.3504
2024/02/14 05:56:39.01,460326.1071,5631971.6077,2950821.4746
2024/02/14 05:56:40.01,460327.8807,5631972.2139,2950820.0331
2024/02/14 05:56:41.01,460328.0611,5631978.2496,2950819.3042
2024/02/14 05:56:42.01,460332.2753,5631973.6373,2950816.7172
2024/02/14 05:56:43.01,460334.4878,5631974.2683,2950815.094
2024/02/14 05:56:44.01,460336.5825,5631974.9128,2950813.4704
2024/02/14 05:56:45.01,460338.9823,5631975.6899,2950811.6271
2024/02/14 05:56:46.01,460341.671,5631976.6225,2950809.4211
2024/02/14 05:56:47.01,460344.723,5631977.6328,2950806.9152
2024/02/14 05:56:48.01,460348.169,5631978.4747,2950804.0062
2024/02/14 05:56:49.01,460351.7172,5631980.0713,2950801.1644
2024/02/14 05:56:50.01,460355.5977,5631981.3403,2950798.0521
2024/02/14 05:56:51.01,460359.38,5631982.2126,2950794.4248
2024/02/14 05:56:52.01,460365.1798,5631982.0085,2950792.6801
2024/02/14 05:56:53.01,460366.3664,5631989.118,2950788.0659
2024/02/14 05:56:54.01,460370.6879,5631990.4482,2950784.7835
2024/02/14 05:56:55.01,460374.9098,5631991.8893,2950781.4463
2024/02/14 05:56:56.01,460380.8356,5631989.1225,2950778.1252
2024/02/14 05:56:57.01,460385.6162,5631991.0255,2950775.0598
2024/02/14 05:56:58.01,460389.9106,5631996.6738,2950772.257
2024/02/14 05:56:59.01,460394.9237,5631994.2245,2950767.6157
2024/02/14 05:57:00.01,460397.9247,5632002.3029,2950764.9757
2024/02/14 05:57:01.00,460402.8418,5632001.3022,2950759.2406
2024/02/14 05:57:02.01,460408.9656,5631996.8195,2950752.3671
2024/02/14 05:57:03.01,460416.4003,5631998.9535,2950752.6595
2024/02/14 05:57:04.01,460420.2127,5632002.5748,2950747.2747
2024/02/14 05:57:05.01,460425.0624,5632002.0336,2950739.77
2024/02/14 05:57:06.01,460429.77,5632010.0521,2950738.3782
2024/02/14 05:57:07.01,460437.0787,5632007.6135,2950734.0361
2024/02/14 05:57:08.01,460441.0889,5632013.5799,2950729.6438
2024/02/14 05:57:09.01,460446.8037,5632018.0138,2950727.0437
2024/02/14 05:57:10.01,460454.2501,5632013.3694,2950721.4748
2024/02/14 05:57:11.01,460459.7194,5632015.1363,2950717.198
2024/02/14 05:57:12.01,460463.4307,5632022.8381,2950713.1139
2024/02/14 05:57:13.01,460469.7714,5632018.1436,2950708.1537
2024/02/14 05:57:14.01,460474.9335,5632019.8748,2950703.8899
2024/02/14 05:57:15.01,460480.5354,5632022.0959,2950700.0306
2024/02/14 05:57:16.01,460485.8175,5632023.9418,2950695.5859
2024/02/14 05:57:17.01,460490.74,5632025.6768,2950691.3882
2024/02/14 05:57:18.01,460495.0109,5632027.2132,2950687.7137
2024/02/14 05:57:19.01,460498.841,5632028.546,2950684.3105
2024/02/14 05:57:20.01,460502.2454,5632028.3146,2950679.1563
2024/02/14 05:57:21.01,460505.9146,5632031.2314,2950677.3655
2024/02/14 05:57:22.01,460509.9668,5632032.2341,2950673.941
2024/02/14 05:57:23.01,460513.3007,5632031.5906,2950667.4887
2024/02/14 05:57:24.01,460518.1816,5632035.0168,2950667.0259
2024/02/14 05:57:25.01,460522.4605,5632036.4111,2950663.5536
2024/02/14 05:57:26.01,460527.1065,5632037.7757,2950660.1078
2024/02/14 05:57:27.01,460532.1422,5632039.1698,2950656.4105
2024/02/14 05:57:28.01,460535.8699,5632044.8423,2950652.3229
2024/02/14 05:57:29.01,460541.2457,5632046.523,2950648.3025
2024/02/14 05:57:30.01,460548.2878,5632044.1098,2950644.1676
2024/02/14 05:57:31.01,460552.1851,5632050.1978,2950639.453
2024/02/14 05:57:32.01,460557.8633,5632052.1934,2950634.5056
2024/02/14 05:57:33.01,460565.9207,5632050.8988,2950631.5534
2024/02/14 05:57:34.01,460567.9374,5632043.6143,2950620.9117
2024/02/14 05:57:35.01,460573.6268,5632055.2042,2950618.3408
2024/02/14 05:57:36.01,460575.5178,5632058.4042,2950612.0503
2024/02/14 05:57:37.01,460574.1308,5632052.5368,2950602.2258
2024/02/14 05:57:38.01,460575.9936,5632064.8691,2950599.1804
2024/02/14 05:57:39.01,460575.2456,5632068.4993,2950592.0191
2024/02/14 05:57:40.01,460573.88,5632070.0831,2950582.5216
2024/02/14 05:57:41.01,460572.3751,5632078.8217,2950578.4818
2024/02/14 05:57:42.01,460571.5137,5632069.0532,2950568.7133
2024/02/14 05:57:43.01,460570.7469,5632072.354,2950562.0955
2024/02/14 05:57:44.01,460573.4021,5632079.333,2950557.4821
2024/02/14 05:57:45.01,460570.3735,5632089.7944,2950551.578
2024/02/14 05:57:46.01,460571.2011,5632091.5104,2950545.7609
2024/02/14 05:57:47.01,460570.9451,5632094.7696,2950539.0974
2024/02/14 05:57:48.01,460571.0725,5632099.1296,2950533.8099
2024/02/14 05:57:49.01,460570.4707,5632101.2089,2950525.4612
2024/02/14 05:57:50.01,460570.0712,5632103.7486,2950517.4612
2024/02/14 05:57:51.01,460571.0579,5632108.2357,2950512.3246
2024/02/14 05:57:55.01,460581.9019,5632120.7079,2950485.3373
2024/02/14 05:57:56.01,460587.314,5632122.8996,2950479.9461
2024/02/14 05:57:57.01,460593.5709,5632124.5385,2950475.6556
2024/02/14 05:57:58.01,460599.5233,5632126.6107,2950471.0662
2024/02/14 05:58:00.01,460613.3091,5632114.8953,2950463.5756
2024/02/14 05:58:01.00,460622.6392,5632126.4024,2950466.7622
2024/02/14 05:58:02.01,460629.9103,5632129.4419,2950467.4212
2024/02/14 05:58:03.01,460635.924,5632133.2618,2950466.9963
2024/02/14 05:58:04.01,460643.8733,5632129.0508,2950465.9167
2024/02/14 05:58:05.01,460650.4821,5632126.5563,2950463.5331
2024/02/14 05:58:06.01,460654.2941,5632128.6984,2950460.068
2024/02/14 05:58:07.01,460659.9721,5632127.7161,2950458.0743
2024/02/14 05:58:08.01,460663.9679,5632128.9971,2950454.6171
2024/02/14 05:58:09.01,460667.3003,5632130.6218,2950450.5551
2024/02/14 05:58:10.01,460667.8318,5632136.2547,2950444.4146
2024/02/14 05:58:11.01,460672.4443,5632134.3666,2950441.6888
2024/02/14 05:58:12.01,460674.588,5632136.0286,2950437.9555
2024/02/14 05:58:13.01,460674.7305,5632142.9036,2950436.3446
2024/02/14 05:58:14.01,460677.0716,5632131.0793,2950431.2903
2024/02/14 05:58:15.01,460680.4941,5632140.1731,2950429.1132
2024/02/14 05:58:16.01,460682.3332,5632141.4192,2950424.8809
2024/02/14 05:58:17.01,460684.5938,5632143.177,2950420.4456
2024/02/14 05:58:18.01,460687.1617,5632145.2418,2950415.4764
2024/02/14 05:58:19.01,460690.0565,5632147.5756,2950409.8866
2024/02/14 05:58:20.01,460692.5728,5632148.1299,2950400.6176
2024/02/14 05:58:21.01,460698.7198,5632147.6392,2950395.8911
2024/02/14 05:58:22.01,460700.6949,5632156.0232,2950390.0068
2024/02/14 05:58:23.01,460704.5393,5632158.8939,2950382.4051
2024/02/14 05:58:24.01,460708.1468,5632161.7114,2950373.9636
2024/02/14 05:58:25.01,460710.2466,5632168.9493,2950365.731
2024/02/14 05:58:26.01,460713.8196,5632171.8344,2950357.8464
2024/02/14 05:58:27.01,460719.4736,5632171.1138,2950350.5219
2024/02/14 05:58:28.01,460722.6912,5632178.0128,2950344.1614
2024/02/14 05:58:29.01,460725.8679,5632176.4646,2950336.6646
2024/02/14 05:58:30.01,460728.5297,5632178.6793,2950329.604
2024/02/14 05:58:31.01,460731.2165,5632170.311,2950320.1612
2024/02/14 05:58:32.01,460735.0897,5632188.7641,2950316.8598
2024/02/14 05:58:33.01,460738.7273,5632187.4268,2950309.2259
2024/02/14 05:58:34.01,460742.5852,5632197.2109,2950303.3765
2024/02/14 05:58:35.01,460743.6954,5632190.1221,2950293.596
2024/02/14 05:58:36.01,460748.7915,5632192.922,2950291.3968
2024/02/14 05:58:40.01,460759.7621,5632205.1097,2950267.4576
2024/02/14 05:58:41.01,460762.5649,5632207.5117,2950262.1053
2024/02/14 05:58:42.01,460765.132,5632209.7394,2950256.3588
2024/02/14 05:58:43.01,460767.9527,5632212.2347,2950251.0555
2024/02/14 05:58:44.01,460770.7435,5632214.5559,2950245.8369
2024/02/14 05:58:45.01,460773.3138,5632216.8471,2950240.544
2024/02/14 05:58:46.01,460775.8523,5632219.39,2950235.3403
2024/02/14 05:58:47.01,460779.6753,5632219.8782,2950230.9727
2024/02/14 05:58:48.01,460780.4937,5632224.2204,2950224.674
2024/02/14 05:58:49.01,460783.189,5632226.8623,2950219.8681
2024/02/14 05:58:50.01,460783.6346,5632233.1893,2950214.1978
2024/02/14 05:58:51.01,460787.6194,5632235.9481,2950210.6502
2024/02/14 05:58:52.01,460789.6438,5632233.9827,2950205.1296
2024/02/14 05:58:53.01,460789.4799,5632242.2437,2950202.3799
2024/02/14 05:58:54.01,460792.692,5632241.4515,2950198.9259
2024/02/14 05:58:55.01,460794.5773,5632238.8255,2950194.7901
2024/02/14 05:58:56.01,460794.549,5632246.8856,2950192.557
2024/02/14 05:58:57.01,460799.1678,5632243.5419,2950189.9779
2024/02/14 05:58:58.01,460798.7504,5632248.0493,2950182.7603
2024/02/14 05:58:59.01,460804.7417,5632241.4983,2950179.1707
2024/02/14 05:59:00.01,460804.8252,5632247.6811,2950174.9779
2024/02/14 05:59:01.00,460806.4392,5632248.5172,2950169.9898
2024/02/14 05:59:02.01,460807.9976,5632249.9678,2950167.0166
2024/02/14 05:59:03.01,460809.7379,5632252.3497,2950166.288
2024/02/14 05:59:04.01,460808.9053,5632259.6161,2950165.6262
2024/02/14 05:59:05.01,460811.4938,5632253.8164,2950163.1437
2024/02/14 05:59:06.01,460812.0175,5632254.2399,2950162.2166
2024/02/14 05:59:07.01,460812.4618,5632254.635,2950161.3982
2024/02/14 05:59:08.01,460812.8948,5632255.0325,2950160.6472
2024/02/14 05:59:09.01,460814.0115,5632262.4972,2950160.4079
2024/02/14 05:59:10.01,460813.2492,5632259.6783,2950160.6505
2024/02/14 05:59:11.01,460813.6763,5632260.0031,2950159.8898
2024/02/14 05:59:12.01,460815.3629,5632263.6139,2950158.0443
2024/02/14 05:59:13.01,460815.9696,5632264.1242,2950156.9617
2024/02/14 05:59:14.01,460816.4654,5632264.5672,2950156.0977
2024/02/14 05:59:15.01,460816.8673,5632264.9091,2950155.3602
2024/02/14 05:59:16.01,460817.2973,5632265.2249,2950154.6232
2024/02/14 05:59:17.01,460816.6813,5632262.4791,2950154.577
2024/02/14 05:59:18.01,460818.3224,5632266.129,2950152.8187
2024/02/14 05:59:19.01,460818.9229,5632260.7798,2950153.7012
2024/02/14 05:59:20.01,460819.8472,5632267.8258,2950150.0204
2024/02/14 05:59:21.01,460820.9291,5632268.3473,2950148.0353
2024/02/14 05:59:22.01,460822.1362,5632269.4931,2950145.6482
2024/02/14 05:59:23.01,460823.5271,5632270.7913,2950142.9752
2024/02/14 05:59:24.01,460825.0633,5632272.1308,2950140.0942
2024/02/14 05:59:25.01,460825.6425,5632270.4798,2950137.7122
2024/02/14 05:59:26.01,460827.5756,5632267.7984,2950133.3576
2024/02/14 05:59:27.01,460829.1347,5632273.5821,2950131.1764
2024/02/14 05:59:28.01,460831.7738,5632278.101,2950127.4701
2024/02/14 05:59:29.01,460833.4952,5632279.5544,2950124.3722
2024/02/14 05:59:30.01,460835.1986,5632275.1912,2950123.3321
2024/02/14 05:59:31.01,460837.1985,5632282.8212,2950117.701
2024/02/14 05:59:32.01,460837.6173,5632277.2049,2950113.7382
2024/02/14 05:59:33.01,460839.3037,5632278.49,2950110.3515
2024/02/14 05:59:34.01,460840.946,5632280.5667,2950107.0062
2024/02/14 05:59:35.01,460842.9479,5632282.3958,2950103.1632
2024/02/14 05:59:36.01,460845.1118,5632284.3706,2950098.8892
2024/02/14 05:59:37.01,460847.5649,5632286.1797,2950094.1228
2024/02/14 05:59:38.01,460850.1079,5632288.8195,2950089.4229
2024/02/14 05:59:39.01,460853.2732,5632290.2338,2950084.1988
2024/02/14 05:59:40.01,460855.7613,5632293.3926,2950079.1942
2024/02/14 05:59:41.01,460859.0025,5632295.4797,2950073.8207
2024/02/14 05:59:42.01,460863.8123,5632292.7871,2950067.3071
2024/02/14 05:59:43.01,460863.8921,5632304.4569,2950063.1361
2024/02/14 05:59:44.01,460870.1171,5632310.1556,2950058.7005
2024/02/14 05:59:45.01,460873.6009,5632312.3866,2950053.6555
2024/02/14 05:59:46.01,460874.3406,5632312.7238,2950049.5053
2024/02/14 05:59:47.01,460879.3421,5632309.0215,2950043.5757
2024/02/14 05:59:48.01,460883.7672,5632305.5863,2950038.6786
2024/02/14 05:59:49.01,460884.625,5632311.1583,2950035.5146
2024/02/14 05:59:50.01,460887.0195,5632312.3561,2950032.7999
2024/02/14 05:59:51.01,460889.4377,5632314.7367,2950031.6643
2024/02/14 05:59:52.01,460893.4205,5632313.6282,2950029.8952
2024/02/14 05:59:53.01,460894.7887,5632317.1376,2950026.0866
2024/02/14 05:59:54.01,460898.114,5632318.5147,2950022.8252
2024/02/14 05:59:55.01,460900.1961,5632323.7184,2950019.0646
2024/02/14 05:59:56.01,460903.7077,5632325.4391,2950015.0956
2024/02/14 05:59:57.01,460908.6194,5632323.3322,2950010.6977
2024/02/14 05:59:58.01,460913.3096,5632323.448,2950007.1523
2024/02/14 06:00:00.01,460918.1107,5632329.3548,2949998.4921
2024/02/14 06:00:02.01,460924.3868,5632332.8118,2949990.8062
2024/02/14 06:00:03.01,460927.0128,5632332.4116,2949983.3091
2024/02/14 06:00:04.01,460930.6203,5632337.0153,2949981.6807
2024/02/14 06:00:05.01,460935.1558,5632346.3745,2949977.3785
2024/02/14 06:00:06.01,460935.9085,5632346.9152,2949973.0858
2024/02/14 06:00:07.01,460941.1232,5632343.9474,2949966.7795
2024/02/14 06:00:08.01,460945.0082,5632346.3996,2949961.7709
2024/02/14 06:00:09.01,460949.2648,5632348.6115,2949956.9457
2024/02/14 06:00:10.01,460953.3625,5632351.028,2949951.8513
2024/02/14 06:00:11.01,460957.1055,5632353.5988,2949946.4355
2024/02/14 06:00:12.01,460961.0902,5632356.0034,2949941.6083
2024/02/14 06:00:13.01,460964.9427,5632358.3321,2949936.7085
2024/02/14 06:00:14.01,460968.879,5632360.6484,2949931.9091
2024/02/14 06:00:15.01,460972.9809,5632362.7821,2949927.0732
2024/02/14 06:00:16.01,460977.5295,5632364.8731,2949922.4935
2024/02/14 06:00:17.01,460980.2733,5632372.8002,2949918.4162
2024/02/14 06:00:18.01,460985.0074,5632375.2411,2949913.1034
2024/02/14 06:00:19.01,460989.471,5632377.6725,2949907.6972
2024/02/14 06:00:20.01,460993.6711,5632380.3417,2949902.0621
2024/02/14 06:00:21.01,461000.9093,5632375.4733,2949895.4524
2024/02/14 06:00:22.01,461004.4437,5632380.5595,2949888.4811
2024/02/14 06:00:23.01,461009.3991,5632383.2998,2949881.1056
2024/02/14 06:00:24.01,461014.7118,5632387.1159,2949874.4376
2024/02/14 06:00:25.01,461020.5367,5632390.5284,2949867.2469
2024/02/14 06:00:26.01,461026.4618,5632394.1156,2949859.8295
2024/02/14 06:00:27.01,461030.9567,5632403.1651,2949853.6049
2024/02/14 06:00:28.01,461039.4974,5632408.6526,2949845.51
2024/02/14 06:00:29.01,461045.0696,5632412.1703,2949838.4289
2024/02/14 06:00:30.01,461049.4374,5632408.17,2949831.2082
2024/02/14 06:00:31.01,461054.6967,5632411.4444,2949824.5197
2024/02/14 06:00:32.01,461060.9332,5632412.6156,2949818.3774
2024/02/14 06:00:33.01,461064.4669,5632418.2278,2949810.9179
2024/02/14 06:00:34.01,461069.5079,5632421.4595,2949804.4027
2024/02/14 06:00:35.01,461074.1951,5632423.6734,2949796.8207
2024/02/14 06:00:36.01,461080.9661,5632421.7953,2949790.7514
2024/02/14 06:00:37.01,461084.016,5632428.7843,2949784.7607
2024/02/14 06:00:38.01,461088.891,5632431.581,2949778.7553
2024/02/14 06:00:39.01,461093.9637,5632435.7427,2949774.1057
2024/02/14 06:00:40.01,461099.2479,5632438.5313,2949768.0256
2024/02/14 06:00:41.01,461104.8127,5632440.9994,2949761.6865
2024/02/14 06:00:42.01,461110.9857,5632447.6833,2949757.2962
2024/02/14 06:00:43.01,461116.57,5632446.3014,2949749.8936
2024/02/14 06:00:44.01,461122.0543,5632447.8749,2949742.9235
2024/02/14 06:00:45.01,461127.947,5632451.5167,2949739.1185
2024/02/14 06:00:46.01,461133.0845,5632454.2293,2949733.3586
2024/02/14 06:00:47.01,461138.6246,5632456.7424,2949727.8127
2024/02/14 06:00:48.01,461144.4352,5632458.9972,2949722.6625
2024/02/14 06:00:49.01,461147.9314,5632466.7922,2949718.4923
2024/02/14 06:00:50.01,461154.9582,5632463.7353,2949712.5413
2024/02/14 06:00:51.01,461159.7832,5632465.7321,2949707.6052
2024/02/14 06:00:52.01,461164.3577,5632468.1151,2949702.5219
2024/02/14 06:00:53.01,461169.1814,5632470.5051,2949697.4437
2024/02/14 06:00:54.01,461174.2537,5632472.5796,2949692.6381
2024/02/14 06:00:55.01,461178.525,5632474.8874,2949687.5757
2024/02/14 06:00:56.01,461182.495,5632476.737,2949683.5903
2024/02/14 06:00:57.01,461186.309,5632478.1604,2949680.3133
2024/02/14 06:00:58.01,461189.3058,5632479.58,2949677.2547
2024/02/14 06:00:59.01,461190.439,5632482.3975,2949673.4914
2024/02/14 06:01:00.01,461194.2368,5632480.5833,2949671.0109
2024/02/14 06:01:01.00,461196.0026,5632483.0251,2949669.7853
2024/02/14 06:01:02.01,461198.0602,5632483.5695,2949667.6083
2024/02/14 06:01:03.01,461200.1314,5632484.691,2949666.0535
2024/02/14 06:01:04.01,461202.2131,5632485.7169,2949663.9984
2024/02/14 06:01:05.01,461204.4716,5632486.7565,2949661.6004
2024/02/14 06:01:06.01,461207.8729,5632495.0875,2949659.4006
2024/02/14 06:01:07.01,461210.3998,5632487.1756,2949656.7885
2024/02/14 06:01:08.01,461212.8878,5632497.3629,2949654.3377
2024/02/14 06:01:09.01,461215.0931,5632489.3055,2949652.0484
2024/02/14 06:01:10.01,461217.3167,5632490.2524,2949649.9134
2024/02/14 06:01:11.01,461218.8164,5632493.1458,2949647.351
2024/02/14 06:01:12.01,461222.1105,5632501.4405,2949645.181
2024/02/14 06:01:13.01,461223.8597,5632495.4565,2949642.09
2024/02/14 06:01:14.01,461227.5685,5632495.0573,2949639.1551
2024/02/14 06:01:15.01,461230.8442,5632496.6526,2949635.5621
2024/02/14 06:01:16.01,461234.41,5632498.4289,2949631.6234
2024/02/14 06:01:17.01,461238.2624,5632500.2739,2949627.4284
2024/02/14 06:01:18.01,461242.3351,5632502.2085,2949623.0514
2024/02/14 06:01:19.01,461246.5736,5632504.2335,2949618.5837
2024/02/14 06:01:20.01,461250.9356,5632506.2624,2949613.9638
2024/02/14 06:01:21.01,461255.388,5632508.3198,2949609.2918
2024/02/14 06:01:22.01,461259.9212,5632510.4578,2949604.5065
2024/02/14 06:01:23.01,461264.6356,5632512.6537,2949599.6597
2024/02/14 06:01:24.01,461269.4059,5632523.9815,2949594.6959
2024/02/14 06:01:25.01,461274.1654,5632517.1368,2949589.6512
2024/02/14 06:01:26.01,461278.9699,5632519.4086,2949584.6066
2024/02/14 06:01:27.01,461283.5879,5632521.6383,2949579.7612
2024/02/14 06:01:28.01,461288.0575,5632523.6955,2949575.165
2024/02/14 06:01:29.01,461292.2292,5632525.6443,2949570.7182
2024/02/14 06:01:30.01,461296.2069,5632527.5257,2949566.4286
2024/02/14 06:01:31.01,461299.8691,5632529.2898,2949562.5846
2024/02/14 06:01:32.01,461302.2437,5632532.6107,2949558.9547
2024/02/14 06:01:33.01,461305.9327,5632532.0365,2949556.3268
2024/02/14 06:01:34.01,461308.5321,5632533.2083,2949553.6471
2024/02/14 06:01:35.01,461310.6281,5632534.1383,2949551.5005
2024/02/14 06:01:36.01,461311.8941,5632534.6928,2949550.1822
2024/02/14 06:01:37.01,461312.8028,5632535.1728,2949549.163
2024/02/14 06:01:38.01,461313.5509,5632535.5353,2949548.2961
2024/02/14 06:01:39.01,461313.8251,5632535.6319,2949548.0399
2024/02/14 06:01:40.01,461313.8168,5632535.6406,2949548.043
2024/02/14 06:01:41.01,461313.9327,5632544.7456,2949548.0114
2024/02/14 06:01:42.01,461314.3726,5632535.9187,2949547.4378
2024/02/14 06:01:43.01,461315.5347,5632536.4767,2949546.2357
2024/02/14 06:01:44.01,461317.1242,5632537.1435,2949544.572
2024/02/14 06:01:45.01,461319.0113,5632537.973,2949542.662
2024/02/14 06:01:46.01,461321.0254,5632538.9036,2949540.5958
2024/02/14 06:01:47.01,461322.2846,5632541.743,2949538.1241
2024/02/14 06:01:48.01,461325.0264,5632549.7916,2949536.3965
2024/02/14 06:01:49.01,461326.6335,5632541.5658,2949534.5738
2024/02/14 06:01:50.01,461328.152,5632542.2314,2949532.9828
2024/02/14 06:01:51.01,461328.8068,5632544.893,2949531.0542
2024/02/14 06:01:52.01,461331.1578,5632547.5021,2949531.5884
2024/02/14 06:01:53.01,461333.0581,5632544.8147,2949527.0327
2024/02/14 06:01:54.01,461334.6579,5632554.7588,2949525.1492
2024/02/14 06:01:55.01,461335.8947,5632550.2171,2949525.5711
2024/02/14 06:01:56.01,461336.8977,5632549.344,2949521.0639
2024/02/14 06:01:57.01,461339.3031,5632551.8874,2949521.9444
2024/02/14 06:01:58.01,461341.43,5632548.9106,2949518.0588
2024/02/14 06:01:59.01,461343.1054,5632549.4461,2949516.8414
2024/02/14 06:02:00.01,461344.5495,5632549.8827,2949515.8629
2024/02/14 06:02:01.00,461345.6653,5632550.2773,2949514.9251
2024/02/14 06:02:02.01,461346.6351,5632550.6382,2949514.0426
2024/02/14 06:02:03.01,461347.2829,5632559.8728,2949513.557
2024/02/14 06:02:04.01,461347.4838,5632551.004,2949513.3264
2024/02/14 06:02:05.01,461347.4689,5632554.6929,2949515.514
2024/02/14 06:02:06.01,461347.6413,5632554.7765,2949515.3813
2024/02/14 06:02:07.01,461348.0723,5632560.2375,2949512.8858
2024/02/14 06:02:08.01,461348.2666,5632551.2934,2949512.6171
2024/02/14 06:02:09.01,461348.6756,5632551.4783,2949512.2154
2024/02/14 06:02:10.01,461348.3507,5632553.5799,2949511.4854
2024/02/14 06:02:11.01,461349.4502,5632551.8075,2949511.4667
2024/02/14 06:02:12.01,461349.4489,5632551.8116,2949511.4687
2024/02/14 06:02:13.01,461348.6087,5632553.6838,2949511.2204
2024/02/14 06:02:14.01,461348.6131,5632553.6868,2949511.2151
2024/02/14 06:02:15.01,461349.5284,5632551.8452,2949511.3888
2024/02/14 06:02:16.01,461349.6573,5632555.5711,2949513.4131
2024/02/14 06:02:17.01,461350.3113,5632552.1558,2949510.5613
2024/02/14 06:02:18.01,461350.5032,5632556.0127,2949512.528
2024/02/14 06:02:19.01,461351.0678,5632552.5216,2949509.8207
2024/02/14 06:02:20.01,461351.2353,5632552.5899,2949509.6563
2024/02/14 06:02:21.01,461351.2358,5632552.5824,2949509.6553
2024/02/14 06:02:22.01,461351.2312,5632552.5835,2949509.6555
2024/02/14 06:02:23.01,461351.23,5632552.5881,2949509.6595
2024/02/14 06:02:24.01,461351.2355,5632552.5786,2949509.6552
2024/02/14 06:02:25.01,461351.239,5632552.58,2949509.6549
2024/02/14 06:02:26.01,461351.2357,5632552.5961,2949509.6614
2024/02/14 06:02:27.01,461351.2381,5632552.5953,2949509.6622
2024/02/14 06:02:28.01,461351.2364,5632552.5875,2949509.6589
2024/02/14 06:02:29.01,461351.2375,5632552.5799,2949509.6536
2024/02/14 06:02:30.01,461351.2365,5632552.5966,2949509.6593
2024/02/14 06:02:31.01,461351.2357,5632552.6121,2949509.661
2024/02/14 06:02:32.01,461351.2543,5632552.6045,2949509.6339
2024/02/14 06:02:33.01,461350.5791,5632554.5415,2949509.1946
2024/02/14 06:02:34.01,461351.0537,5632554.7615,2949508.7062
2024/02/14 06:02:35.01,461352.0157,5632555.2368,2949507.7458
2024/02/14 06:02:36.01,461353.9107,5632557.433,2949509.1116
2024/02/14 06:02:37.01,461355.5743,5632554.3674,2949505.5386
2024/02/14 06:02:38.01,461356.0142,5632556.747,2949504.0168
2024/02/14 06:02:39.01,461357.9101,5632555.3721,2949503.1746
2024/02/14 06:02:40.01,461358.973,5632555.7693,2949502.2232
2024/02/14 06:02:41.01,461359.7117,5632556.1373,2949501.4871
2024/02/14 06:02:42.01,461360.2518,5632556.3406,2949500.923
2024/02/14 06:02:43.01,461360.6125,5632556.5381,2949500.4534
2024/02/14 06:02:44.01,461360.9562,5632556.7403,2949500.0987
2024/02/14 06:02:45.01,461361.1104,5632560.5215,2949502.0159
2024/02/14 06:02:46.01,461361.5429,5632560.6912,2949501.5667
2024/02/14 06:02:47.01,461361.9802,5632560.9076,2949501.1083
2024/02/14 06:02:48.01,461362.6573,5632557.5582,2949498.2956
2024/02/14 06:02:49.01,461363.1159,5632557.7183,2949497.7945
2024/02/14 06:02:50.01,461362.7798,5632559.86,2949497.0028
2024/02/14 06:02:51.01,461364.0459,5632558.2005,2949496.7596
2024/02/14 06:02:52.01,461364.4536,5632558.4125,2949496.2802
2024/02/14 06:02:53.01,461364.7585,5632562.2847,2949498.0329
2024/02/14 06:02:54.01,461365.9635,5632559.1754,2949494.6222
2024/02/14 06:02:55.01,461367.3822,5632559.7916,2949493.1412
2024/02/14 06:02:56.01,461369.0776,5632560.5264,2949491.4211
2024/02/14 06:02:57.01,461370.7361,5632564.8519,2949492.017
2024/02/14 06:02:58.01,461372.4454,5632565.5639,2949490.4223
2024/02/14 06:02:59.01,461374.3163,5632562.5596,2949486.6258
2024/02/14 06:03:00.01,461375.8095,5632566.8409,2949487.3782
2024/02/14 06:03:01.00,461377.5901,5632563.8877,2949483.514
2024/02/14 06:03:02.01,461379.0819,5632564.4974,2949482.0653
2024/02/14 06:03:03.01,461380.743,5632565.2219,2949480.4442
2024/02/14 06:03:04.01,461381.7901,5632567.9084,2949478.2581
2024/02/14 06:03:05.01,461384.3889,5632570.5386,2949478.8703
2024/02/14 06:03:06.01,461386.3308,5632571.4402,2949476.8566
2024/02/14 06:03:07.01,461388.4991,5632568.7571,2949472.4744
2024/02/14 06:03:08.01,461389.8324,5632571.6707,2949469.7878
2024/02/14 06:03:09.01,461392.9621,5632574.585,2949469.7496
2024/02/14 06:03:10.01,461396.0443,5632572.282,2949464.43
2024/02/14 06:03:11.01,461398.098,5632579.708,2949462.0426
2024/02/14 06:03:12.01,461402.2599,5632575.0318,2949458.1449
2024/02/14 06:03:13.01,461404.6035,5632578.2645,2949454.7623
2024/02/14 06:03:14.01,461408.7735,5632577.8798,2949451.7243
2024/02/14 06:03:15.01,461412.399,5632579.428,2949448.2038
2024/02/14 06:03:16.01,461415.8211,5632584.6852,2949446.998
2024/02/14 06:03:17.01,461419.3775,5632586.2436,2949443.4061
2024/02/14 06:03:18.01,461422.5385,5632587.5451,2949437.1854
2024/02/14 06:03:19.01,461426.0211,5632587.6497,2949433.2552
2024/02/14 06:03:20.01,461429.7798,5632589.4214,2949429.1811
2024/02/14 06:03:21.01,461433.8344,5632591.2087,2949425.0303
2024/02/14 06:03:22.01,461438.8072,5632594.9235,2949423.433
2024/02/14 06:03:23.01,461442.8144,5632594.9814,2949416.2285
2024/02/14 06:03:24.01,461447.3983,5632597.1322,2949411.3784
2024/02/14 06:03:25.01,461452.1687,5632596.2844,2949405.9151
2024/02/14 06:03:26.01,461458.6107,5632602.961,2949404.7029
2024/02/14 06:03:27.01,461463.374,5632603.3621,2949397.0468
2024/02/14 06:03:28.01,461469.5717,5632603.6621,2949392.3224
2024/02/14 06:03:29.01,461473.9157,5632607.6272,2949387.1909
2024/02/14 06:03:30.01,461478.8642,5632609.6292,2949382.4253
2024/02/14 06:03:31.01,461484.344,5632609.7763,2949378.0115
2024/02/14 06:03:32.01,461487.7637,5632613.6639,2949372.9512
2024/02/14 06:03:33.01,461491.2066,5632615.8526,2949367.8339
2024/02/14 06:03:34.01,461493.6755,5632618.28,2949362.3958
2024/02/14 06:03:35.01,461495.6137,5632620.9403,2949356.5208
2024/02/14 06:03:36.01,461497.0752,5632624.0049,2949349.937
2024/02/14 06:03:37.01,461498.8736,5632627.3111,2949343.3481
2024/02/14 06:03:38.01,461500.6711,5632630.144,2949336.3873
2024/02/14 06:03:39.01,461502.2138,5632633.7935,2949329.7396
2024/02/14 06:03:40.01,461503.8736,5632637.4581,2949322.4803
2024/02/14 06:03:41.01,461505.5967,5632641.2467,2949314.7419
2024/02/14 06:03:42.01,461508.139,5632646.8203,2949309.2619
2024/02/14 06:03:43.01,461508.3243,5632650.86,2949297.0267
2024/02/14 06:03:44.01,461509.325,5632656.7753,2949287.6455
2024/02/14 06:03:45.01,461515.1338,5632652.4195,2949279.1426
2024/02/14 06:03:46.01,461514.9713,5632673.9281,2949274.5433
2024/02/14 06:03:47.01,461516.1678,5632671.2313,2949262.6364
2024/02/14 06:03:48.01,461520.2855,5632670.8787,2949253.5346
2024/02/14 06:03:49.01,461522.0815,5632675.3797,2949244.2436
2024/02/14 06:03:51.01,461526.1546,5632682.787,2949225.3916
2024/02/14 06:03:56.01,461538.1359,5632713.9135,2949186.4842
2024/02/14 06:03:57.01,461538.7977,5632710.0532,2949175.1923
2024/02/14 06:03:59.01,461543.0803,5632718.843,2949160.7873
2024/02/14 06:04:00.01,461545.023,5632722.6782,2949151.5479
2024/02/14 06:04:01.00,461547.0387,5632726.6782,2949143.4662
2024/02/14 06:04:02.01,461548.8008,5632730.6174,2949135.4941
2024/02/14 06:04:03.01,461550.8994,5632731.74,2949127.4571
2024/02/14 06:04:04.01,461552.1271,5632738.9259,2949122.8289
2024/02/14 06:04:05.01,461553.6001,5632738.6618,2949114.3646
2024/02/14 06:04:06.01,461554.1293,5632743.2769,2949108.1119
2024/02/14 06:04:07.01,461555.3018,5632746.1972,2949102.4178
2024/02/14 06:04:08.01,461557.1542,5632747.0081,2949097.8328
2024/02/14 06:04:09.01,461558.1286,5632749.0362,2949093.8301
2024/02/14 06:04:10.01,461558.9325,5632750.1009,2949090.785
2024/02/14 06:04:11.01,461559.1669,5632751.2497,2949089.2284
2024/02/14 06:04:12.01,461559.4358,5632751.9557,2949087.8642
2024/02/14 06:04:13.01,461558.9513,5632754.0488,2949086.3363
2024/02/14 06:04:14.01,461559.0146,5632754.2799,2949085.988
2024/02/14 06:04:15.01,461559.0144,5632754.2867,2949085.9965
2024/02/14 06:04:16.01,461559.0135,5632754.2826,2949085.9949
2024/02/14 06:04:17.01,461559.0167,5632754.2768,2949085.9919
2024/02/14 06:04:18.01,461559.0172,5632754.2822,2949085.9947
2024/02/14 06:04:19.01,461559.7158,5632752.6766,2949086.4026
2024/02/14 06:04:20.01,461559.0137,5632754.2832,2949085.9939
2024/02/14 06:04:21.01,461559.7173,5632752.6749,2949086.4022
2024/02/14 06:04:22.01,461559.0129,5632754.2914,2949085.9979
2024/02/14 06:04:23.01,461559.0163,5632754.2726,2949085.9922
2024/02/14 06:04:24.01,461559.0163,5632754.2882,2949085.9981
2024/02/14 06:04:25.01,461559.7173,5632752.6597,2949086.3946
2024/02/14 06:04:26.01,461559.0177,5632754.2745,2949085.9944
2024/02/14 06:04:27.01,461559.0155,5632754.2888,2949085.9986
2024/02/14 06:04:28.01,461559.0158,5632754.2847,2949085.9985
2024/02/14 06:04:29.01,461559.0181,5632754.28,2949085.9947
2024/02/14 06:04:30.01,461559.0117,5632754.2917,2949085.9998
2024/02/14 06:04:31.01,461559.015,5632754.2946,2949086.0001
2024/02/14 06:04:32.01,461559.0152,5632754.2859,2949085.9994
2024/02/14 06:04:33.01,461559.0138,5632754.2837,2949085.9951
2024/02/14 06:04:34.01,461559.0177,5632754.2813,2949085.9951
2024/02/14 06:04:35.01,461559.0149,5632754.291,2949085.9977
2024/02/14 06:04:36.01,461559.0156,5632754.2856,2949085.9969
2024/02/14 06:04:37.01,461559.0127,5632754.2948,2949085.9976
2024/02/14 06:04:38.01,461559.0169,5632754.2903,2949085.9963
2024/02/14 06:04:39.01,461559.0133,5632754.2912,2949085.9986
2024/02/14 06:04:40.01,461559.0171,5632754.293,2949085.9963
2024/02/14 06:04:41.01,461559.0141,5632754.3065,2949086.0019
2024/02/14 06:04:42.01,461559.0126,5632754.2982,2949085.9988
2024/02/14 06:04:43.01,461559.011,5632754.3016,2949086.0011
2024/02/14 06:04:44.01,461559.0115,5632754.2921,2949085.9979
2024/02/14 06:04:45.01,461559.0112,5632754.2979,2949086.0001
2024/02/14 06:04:46.01,461559.0128,5632754.2979,2949086.0007
2024/02/14 06:04:47.01,461559.0146,5632754.2816,2949085.9933
2024/02/14 06:04:48.01,461559.0145,5632754.2856,2949085.9931
2024/02/14 06:04:49.01,461559.0124,5632754.2866,2949085.9957
2024/02/14 06:04:50.01,461559.0119,5632754.3011,2949086.0021
2024/02/14 06:04:51.01,461559.0113,5632754.2903,2949085.9981
2024/02/14 06:04:52.01,461559.0103,5632754.3016,2949086.0023
2024/02/14 06:04:53.01,461559.0133,5632754.2863,2949085.9954
2024/02/14 06:04:54.01,461559.0139,5632754.2889,2949085.9956
2024/02/14 06:04:55.01,461559.0102,5632754.3042,2949086.0014
2024/02/14 06:04:56.01,461559.0168,5632754.2793,2949085.9954
2024/02/14 06:04:57.01,461559.0165,5632754.2859,2949085.995
2024/02/14 06:04:58.01,461559.017,5632754.2817,2949085.9965
2024/02/14 06:04:59.01,461559.0145,5632754.2897,2949085.9982
2024/02/14 06:05:00.01,461559.0153,5632754.2795,2949085.9922
2024/02/14 06:05:01.00,461559.0189,5632754.2929,2949085.9983
2024/02/14 06:05:02.01,461559.0179,5632754.2833,2949085.9975
2024/02/14 06:05:03.01,461559.0124,5632754.2918,2949085.9976
2024/02/14 06:05:04.01,461559.0153,5632754.2855,2949085.9952
2024/02/14 06:05:05.01,461559.0166,5632754.2822,2949085.9952
2024/02/14 06:05:06.01,461559.0181,5632754.2848,2949085.9959
2024/02/14 06:05:07.01,461559.016,5632754.2798,2949085.9925
2024/02/14 06:05:08.01,461559.0148,5632754.2842,2949085.9969
2024/02/14 06:05:09.01,461559.0161,5632754.292,2949085.9985
2024/02/14 06:05:10.01,461559.0153,5632754.282,2949085.9954
2024/02/14 06:05:11.01,461559.0136,5632754.2989,2949086.0006
2024/02/14 06:05:12.01,461559.0143,5632754.2977,2949086.0026
2024/02/14 06:05:13.01,461558.9327,5632754.5685,2949086.1055
2024/02/14 06:05:14.01,461559.0146,5632754.2809,2949085.994
2024/02/14 06:05:15.01,461558.9371,5632754.5641,2949086.1021
2024/02/14 06:05:16.01,461558.9356,5632754.5743,2949086.1064
2024/02/14 06:05:17.01,461559.0159,5632754.2871,2949085.9965
2024/02/14 06:05:18.01,461558.9304,5632754.5765,2949086.1049
2024/02/14 06:05:19.01,461558.9328,5632754.5793,2949086.1063
2024/02/14 06:05:20.01,461558.9364,5632754.5629,2949086.1001
2024/02/14 06:05:21.01,461558.9347,5632754.5628,2949086.0999
2024/02/14 06:05:22.01,461558.9319,5632754.5679,2949086.1031
2024/02/14 06:05:23.01,461558.9332,5632754.5698,2949086.1022
2024/02/14 06:05:24.01,461558.934,5632754.5684,2949086.1012
2024/02/14 06:05:25.01,461558.9343,5632754.5677,2949086.1009
2024/02/14 06:05:26.01,461558.9378,5632754.5669,2949086.1026
2024/02/14 06:05:27.01,461557.3016,5632760.4226,2949087.0801
2024/02/14 06:05:28.01,461558.9322,5632754.5818,2949086.1054
2024/02/14 06:05:29.01,461557.3,5632760.427,2949087.0801
2024/02/14 06:05:30.01,461558.932,5632754.5717,2949086.1028
2024/02/14 06:05:31.01,461557.3037,5632760.4199,2949087.0795
2024/02/14 06:05:32.01,461557.2984,5632760.4316,2949087.0823
2024/02/14 06:05:33.01,461557.3005,5632760.4306,2949087.0828
2024/02/14 06:05:34.01,461557.2999,5632760.4204,2949087.0784
2024/02/14 06:05:35.01,461557.3037,5632760.4144,2949087.0816
2024/02/14 06:05:36.01,461557.3022,5632760.4187,2949087.0783
2024/02/14 06:05:37.01,461557.3019,5632760.4313,2949087.0831
2024/02/14 06:05:38.01,461557.2975,5632760.4173,2949087.0805
2024/02/14 06:05:39.01,461557.2972,5632760.4204,2949087.0803
2024/02/14 06:05:40.01,461557.3003,5632760.416,2949087.0793
2024/02/14 06:05:41.01,461557.2983,5632760.4163,2949087.0798
2024/02/14 06:05:42.01,461557.2992,5632760.4282,2949087.0818
2024/02/14 06:05:43.01,461557.2994,5632760.4146,2949087.0797
2024/02/14 06:05:44.01,461557.2981,5632760.4296,2949087.0835
2024/02/14 06:05:45.01,461557.3078,5632760.4314,2949087.048
2024/02/14 06:05:46.01,461557.3656,5632760.5561,2949086.7604
2024/02/14 06:05:47.01,461560.3309,5632761.7896,2949085.0162
2024/02/14 06:05:48.01,461557.8059,5632761.6604,2949084.501
2024/02/14 06:05:49.01,461558.1367,5632762.5294,2949082.8177
2024/02/14 06:05:50.01,461560.1909,5632757.684,2949079.8589
2024/02/14 06:05:51.01,461560.6986,5632758.8421,2949077.579
2024/02/14 06:05:52.01,461559.5973,5632765.8968,2949076.1411
2024/02/14 06:05:53.01,461560.1441,5632767.0854,2949073.6957
2024/02/14 06:05:54.01,461562.3918,5632762.5731,2949070.0804
2024/02/14 06:05:55.01,461561.2305,5632769.4247,2949068.0988
2024/02/14 06:05:56.01,461562.1064,5632771.3573,2949065.036
2024/02/14 06:05:57.01,461564.827,5632768.5017,2949063.9881
2024/02/14 06:05:58.01,461564.7979,5632768.199,2949058.8315
2024/02/14 06:05:59.01,461563.6801,5632775.4096,2949057.0704
2024/02/14 06:06:00.01,461564.2155,5632776.9951,2949053.9965
2024/02/14 06:06:01.00,461564.6985,5632778.6835,2949050.709
2024/02/14 06:06:02.01,461565.2529,5632780.2933,2949047.41
2024/02/14 06:06:03.01,461565.8611,5632781.9858,2949044.0406
2024/02/14 06:06:04.01,461566.6447,5632783.9162,2949040.2819
2024/02/14 06:06:05.01,461567.7083,5632786.0146,2949036.0935
2024/02/14 06:06:06.01,461569.0418,5632788.2422,2949031.6045
2024/02/14 06:06:07.01,461570.5871,5632790.6028,2949026.8712
2024/02/14 06:06:08.01,461572.1904,5632793.0786,2949021.9041
2024/02/14 06:06:09.01,461576.4779,5632796.4561,2949015.8797
2024/02/14 06:06:10.01,461575.1171,5632798.3547,2949011.2013
2024/02/14 06:06:11.01,461576.7401,5632801.2886,2949005.4096
2024/02/14 06:06:12.01,461578.2206,5632804.3193,2948999.3372
2024/02/14 06:06:13.01,461579.7381,5632807.3909,2948993.1452
2024/02/14 06:06:14.01,461581.3655,5632810.5123,2948986.8765
2024/02/14 06:06:15.01,461582.9322,5632813.6638,2948980.5173
2024/02/14 06:06:16.01,461584.4287,5632816.8319,2948974.1316
2024/02/14 06:06:17.01,461585.851,5632819.9988,2948967.7095
2024/02/14 06:06:18.01,461587.345,5632823.1616,2948961.2913
2024/02/14 06:06:19.01,461588.8379,5632826.2953,2948954.8865
2024/02/14 06:06:20.01,461590.2631,5632829.3613,2948948.5757
2024/02/14 06:06:21.01,461594.1556,5632824.836,2948941.4862
2024/02/14 06:06:22.01,461593.0628,5632835.6413,2948935.738
2024/02/14 06:06:23.01,461594.4528,5632838.8991,2948929.1912
2024/02/14 06:06:24.01,461595.8364,5632842.1852,2948922.6143
2024/02/14 06:06:25.01,461597.2079,5632845.46,2948915.9883
2024/02/14 06:06:26.01,461598.6083,5632848.7316,2948909.377
2024/02/14 06:06:27.01,461600.1543,5632851.9666,2948902.84
2024/02/14 06:06:28.01,461601.5457,5632855.1949,2948896.3282
2024/02/14 06:06:29.01,461602.8731,5632858.2121,2948890.0128
2024/02/14 06:06:30.01,461604.1049,5632861.116,2948884.2023
2024/02/14 06:06:31.01,461605.2415,5632863.9053,2948878.4966
2024/02/14 06:06:32.01,461606.3186,5632866.6408,2948872.9705
2024/02/14 06:06:33.01,461607.5509,5632869.3371,2948867.5203
2024/02/14 06:06:34.01,461608.7936,5632872.1442,2948861.9655
2024/02/14 06:06:35.01,461612.1131,5632870.7499,2948857.8678
2024/02/14 06:06:36.01,461613.2144,5632873.6517,2948851.9076
2024/02/14 06:06:37.01,461612.0057,5632880.4509,2948844.2041
2024/02/14 06:06:38.01,461615.588,5632879.8111,2948839.2896
2024/02/14 06:06:39.01,461616.961,5632883.1087,2948832.6744
2024/02/14 06:06:40.01,461616.187,5632890.6587,2948824.2051
2024/02/14 06:06:41.01,461617.4799,5632894.0921,2948817.1849
2024/02/14 06:06:42.01,461621.0003,5632893.3818,2948811.7629
2024/02/14 06:06:43.01,461620.165,5632900.9902,2948803.0071
2024/02/14 06:06:44.01,461623.2762,5632898.1058,2948794.5517
2024/02/14 06:06:45.01,461624.7204,5632901.6689,2948787.378
2024/02/14 06:06:46.01,461625.9085,5632905.5811,2948779.7116
2024/02/14 06:06:47.01,461627.0065,5632907.7164,2948769.4508
2024/02/14 06:06:48.01,461628.6835,5632911.6716,2948761.6696
2024/02/14 06:06:49.01,461630.4328,5632915.6574,2948753.8778
2024/02/14 06:06:50.01,461632.1075,5632919.6304,2948746.1453
2024/02/14 06:06:51.01,461632.8731,5632931.386,2948742.9042
2024/02/14 06:06:52.01,461634.2614,5632935.1072,2948735.5467
2024/02/14 06:06:53.01,461635.657,5632938.7813,2948728.3694
2024/02/14 06:06:54.01,461637.1145,5632942.355,2948721.3882
2024/02/14 06:06:55.01,461638.552,5632945.7792,2948714.6019
2024/02/14 06:06:56.01,461642.0362,5632944.9977,2948709.6401
2024/02/14 06:06:57.01,461642.7496,5632946.0676,2948700.0899
2024/02/14 06:06:58.01,461643.7474,5632949.6249,2948693.279
2024/02/14 06:06:59.01,461645.3374,5632952.7856,2948686.7858
2024/02/14 06:07:00.01,461646.4419,5632956.4016,2948679.8043
2024/02/14 06:07:01.00,461647.2667,5632958.1023,2948670.5699
2024/02/14 06:07:02.01,461649.9032,5632965.1561,2948669.991
2024/02/14 06:07:03.01,461651.1542,5632968.3209,2948663.6023
2024/02/14 06:07:04.01,461651.9381,5632969.9652,2948654.5385
2024/02/14 06:07:05.01,461651.6124,5632979.1452,2948648.8554
2024/02/14 06:07:06.01,461652.8563,5632982.5504,2948642.119
2024/02/14 06:07:07.01,461653.8909,5632985.4753,2948635.5753
2024/02/14 06:07:08.01,461655.2394,5632988.9635,2948628.7856
2024/02/14 06:07:09.01,461656.6465,5632992.5942,2948621.7197
2024/02/14 06:07:10.01,461658.3283,5632996.7671,2948614.3458
2024/02/14 06:07:11.01,461661.9117,5632996.3689,2948608.6421
2024/02/14 06:07:12.01,461661.3177,5633004.1979,2948599.7714
2024/02/14 06:07:13.01,461662.4561,5633007.3634,2948592.8192
2024/02/14 06:07:14.01,461663.8222,5633010.9245,2948586.0079
2024/02/14 06:07:15.01,461665.3018,5633014.6641,2948579.2766
2024/02/14 06:07:16.01,461666.1358,5633017.3861,2948573.084
2024/02/14 06:07:17.01,461666.8492,5633020.7827,2948567.3953
2024/02/14 06:07:18.01,461666.2826,5633023.2758,2948562.8149
2024/02/14 06:07:19.01,461666.4198,5633019.0784,2948557.5835
2024/02/14 06:07:21.01,461662.2965,5633023.7179,2948555.6458
2024/02/14 06:07:22.01,461657.4205,5633024.6528,2948552.6047
2024/02/14 06:07:23.01,461657.18,5633018.2637,2948549.6047
2024/02/14 06:07:24.01,461654.0012,5633025.6682,2948550.9822
2024/02/14 06:07:25.01,461652.0877,5633026.6709,2948551.0151
2024/02/14 06:07:26.01,461649.3129,5633026.2457,2948550.3222
2024/02/14 06:07:27.01,461644.6102,5633031.3291,2948551.2017
2024/02/14 06:07:28.01,461641.5952,5633031.5595,2948551.1494
2024/02/14 06:07:29.01,461640.2825,5633027.3004,2948550.2098
2024/02/14 06:07:30.01,461634.7081,5633031.5543,2948551.3183
2024/02/14 06:07:31.01,461630.8854,5633031.7584,2948551.5629
2024/02/14 06:07:32.01,461628.9912,5633028.1827,2948553.5056
2024/02/14 06:07:33.01,461622.0139,5633031.9018,2948552.6316
2024/02/14 06:07:34.01,461616.9744,5633031.9044,2948553.5693
2024/02/14 06:07:35.01,461613.5261,5633027.6753,2948553.6116
2024/02/14 06:07:36.01,461605.284,5633031.5184,2948555.8726
2024/02/14 06:07:37.01,461599.3396,5633031.8358,2948557.1038
2024/02/14 06:07:38.01,461594.9312,5633025.2019,2948557.0227
2024/02/14 06:07:39.01,461588.6309,5633024.9352,2948558.4318
2024/02/14 06:07:40.01,461581.9987,5633025.1933,2948560.4325
2024/02/14 06:07:41.01,461575.4608,5633026.0922,2948562.1266
2024/02/14 06:07:42.01,461568.1483,5633023.8566,2948563.5492
2024/02/14 06:07:44.01,461553.1594,5633022.8523,2948567.7269
2024/02/14 06:07:45.01,461543.459,5633028.6597,2948571.4202
2024/02/14 06:07:46.01,461535.1446,5633027.9886,2948573.9721
2024/02/14 06:07:47.01,461528.3634,5633020.8219,2948575.41
2024/02/14 06:07:48.01,461519.4048,5633023.3999,2948580.7229
2024/02/14 06:07:49.01,461509.5597,5633027.2963,2948585.5075
2024/02/14 06:07:50.01,461502.3143,5633021.9852,2948588.4723
2024/02/14 06:07:51.01,461491.6041,5633022.7005,2948589.7563
2024/02/14 06:07:52.01,461482.8275,5633021.7628,2948593.0066
2024/02/14 06:07:53.01,461474.416,5633021.335,2948595.9524
2024/02/14 06:07:54.01,461466.0837,5633020.5814,2948598.7742
2024/02/14 06:07:55.01,461458.3186,5633019.5252,2948601.258
2024/02/14 06:07:56.01,461451.6608,5633019.6268,2948602.7396
2024/02/14 06:07:57.01,461444.8212,5633019.5007,2948603.1518
2024/02/14 06:07:58.01,461438.5161,5633020.6558,2948601.8869
2024/02/14 06:07:59.01,461435.097,5633017.1863,2948597.5219
2024/02/14 06:08:00.01,461431.794,5633021.1176,2948593.7824
2024/02/14 06:08:01.00,461427.4684,5633027.9894,2948589.6774
2024/02/14 06:08:02.01,461429.0759,5633026.9144,2948582.9579
2024/02/14 06:08:03.01,461429.851,5633029.9144,2948577.0339
2024/02/14 06:08:04.01,461429.4749,5633037.458,2948571.9112
2024/02/14 06:08:05.01,461434.3378,5633041.046,2948564.6014
2024/02/14 06:08:06.01,461436.5756,5633044.2314,2948557.9621
2024/02/14 06:08:07.01,461438.6915,5633047.7673,2948550.9126
2024/02/14 06:08:08.01,461440.9128,5633051.5365,2948543.4176
2024/02/14 06:08:09.01,461440.313,5633055.2117,2948536.6681
2024/02/14 06:08:10.01,461443.3308,5633058.9532,2948528.1431
2024/02/14 06:08:11.01,461445.9598,5633062.7786,2948519.6029
2024/02/14 06:08:12.01,461450.6217,5633061.3026,2948509.0797
2024/02/14 06:08:13.01,461449.5367,5633081.3367,2948504.9476
2024/02/14 06:08:14.01,461455.4645,5633068.7294,2948489.7892
2024/02/14 06:08:15.01,461457.2208,5633081.3951,2948483.4318
2024/02/14 06:08:16.01,461463.2395,5633085.7329,2948473.6832
2024/02/14 06:08:17.01,461465.3862,5633074.2827,2948463.1272
2024/02/14 06:08:18.01,461466.5515,5633090.8491,2948459.4175
2024/02/14 06:08:19.01,461468.7301,5633094.1103,2948452.8106
2024/02/14 06:08:20.01,461471.708,5633095.8466,2948446.6222
2024/02/14 06:08:21.01,461471.6681,5633102.7012,2948440.6086
2024/02/14 06:08:22.01,461477.3569,5633093.2034,2948430.3004
2024/02/14 06:08:23.01,461476.2973,5633109.5698,2948426.3935
2024/02/14 06:08:24.01,461481.9653,5633100.3744,2948415.6685
2024/02/14 06:08:25.01,461484.4134,5633104.1434,2948408.0604
2024/02/14 06:08:26.01,461485.7457,5633116.1486,2948402.3871
2024/02/14 06:08:27.01,461486.2142,5633123.9869,2948395.4095
2024/02/14 06:08:28.01,461488.8314,5633127.9246,2948387.2001
2024/02/14 06:08:29.01,461494.638,5633132.952,2948377.8074
2024/02/14 06:08:30.01,461494.1547,5633137.0541,2948370.6331
2024/02/14 06:08:31.01,461496.7513,5633140.3724,2948362.0123
2024/02/14 06:08:32.01,461499.2429,5633144.5057,2948353.6907
2024/02/14 06:08:33.01,461504.8726,5633149.4976,2948344.4805
2024/02/14 06:08:34.01,461504.6284,5633152.9213,2948337.4911
2024/02/14 06:08:35.01,461509.2602,5633152.2851,2948328.7547
2024/02/14 06:08:36.01,461509.6526,5633160.6038,2948322.5649
2024/02/14 06:08:37.01,461511.6781,5633163.2875,2948315.844
2024/02/14 06:08:38.01,461513.6878,5633166.8377,2948309.7977
2024/02/14 06:08:40.01,461517.7108,5633172.1536,2948299.386
2024/02/14 06:08:41.01,461520.7413,5633167.729,2948292.1719
2024/02/14 06:08:42.01,461522.197,5633169.9653,2948287.1496
2024/02/14 06:08:43.01,461523.2986,5633172.005,2948282.6448
2024/02/14 06:08:44.01,461524.1683,5633174.0652,2948278.2899
2024/02/14 06:08:45.01,461523.7828,5633183.6294,2948275.0363
2024/02/14 06:08:46.01,461526.7013,5633183.5767,2948270.2074
2024/02/14 06:08:47.01,461524.305,5633187.6529,2948266.9207
2024/02/14 06:08:48.01,461524.1597,5633189.2287,2948263.013
2024/02/14 06:08:49.01,461526.2353,5633187.2298,2948258.0964
2024/02/14 06:08:50.01,461526.1306,5633189.2886,2948254.1122
2024/02/14 06:08:51.01,461526.017,5633191.4926,2948249.8599
2024/02/14 06:08:52.01,461524.0061,5633198.3128,2948246.3112
2024/02/14 06:08:53.01,461525.9278,5633196.3059,2948240.548
2024/02/14 06:08:54.01,461525.8259,5633198.9271,2948235.4891
2024/02/14 06:08:55.01,461523.666,5633206.1863,2948231.1015
2024/02/14 06:08:56.01,461525.4245,5633204.6497,2948224.483
2024/02/14 06:08:57.01,461526.2152,5633212.781,2948218.5474
2024/02/14 06:08:58.01,461526.0569,5633216.0028,2948212.3491
2024/02/14 06:08:59.01,461524.9795,5633214.3672,2948205.9098
2024/02/14 06:09:00.01,461524.774,5633217.8085,2948199.2746
2024/02/14 06:09:01.00,461524.6118,5633221.3536,2948192.5393
2024/02/14 06:09:02.01,461524.3837,5633224.8032,2948185.9183
2024/02/14 06:09:03.01,461524.9746,5633233.6394,2948179.7811
2024/02/14 06:09:04.01,461523.9597,5633231.5115,2948173.0936
2024/02/14 06:09:05.01,461523.746,5633235.0332,2948166.7521
2024/02/14 06:09:06.01,461522.5469,5633234.979,2948156.8952
2024/02/14 06:09:07.01,461523.5001,5633241.7732,2948153.6955
2024/02/14 06:09:08.01,461523.3833,5633245.2534,2948147.1086
2024/02/14 06:09:09.01,461523.2926,5633248.8003,2948140.287
2024/02/14 06:09:10.01,461523.175,5633252.5361,2948133.2785
2024/02/14 06:09:11.01,461524.0655,5633261.3114,2948126.0728
2024/02/14 06:09:12.01,461523.9233,5633265.0653,2948118.7808
2024/02/14 06:09:13.01,461522.7442,5633264.0471,2948111.4839
2024/02/14 06:09:15.01,461520.2792,5633275.6136,2948097.2601
2024/02/14 06:09:16.01,461519.8408,5633280.7044,2948089.1409
2024/02/14 06:09:17.01,461519.7013,5633284.2413,2948080.962
2024/02/14 06:09:18.01,461519.3629,5633288.6631,2948072.6608
2024/02/14 06:09:19.01,461518.8791,5633293.8721,2948064.3382
2024/02/14 06:09:20.01,461518.6046,5633298.1568,2948056.2409
2024/02/14 06:09:21.01,461520.5672,5633298.3122,2948047.2536
2024/02/14 06:09:22.01,461520.5717,5633302.5462,2948039.1193
2024/02/14 06:09:23.01,461520.6228,5633306.8055,2948030.8069
2024/02/14 06:09:24.01,461520.5084,5633311.2661,2948022.3811
2024/02/14 06:09:25.01,461520.3322,5633315.7737,2948013.7761
2024/02/14 06:09:26.01,461520.1282,5633320.3939,2948005.0704
2024/02/14 06:09:27.01,461520.012,5633325.0811,2947996.2388
2024/02/14 06:09:28.01,461519.8179,5633329.8803,2947987.3181
2024/02/14 06:09:29.01,461517.5138,5633338.5607,2947979.3482
2024/02/14 06:09:30.01,461519.5007,5633339.2093,2947969.4754
2024/02/14 06:09:31.01,461519.2972,5633343.756,2947960.8217
2024/02/14 06:09:32.01,461520.0397,5633353.1436,2947952.3745
2024/02/14 06:09:33.01,461518.8788,5633352.6004,2947944.167
2024/02/14 06:09:34.01,461518.7427,5633356.8488,2947936.0962
2024/02/14 06:09:35.01,461518.7374,5633360.9301,2947928.3033
2024/02/14 06:09:36.01,461518.7636,5633364.7854,2947921.0427
2024/02/14 06:09:37.01,461518.7215,5633368.5347,2947913.973
2024/02/14 06:09:38.01,461518.6109,5633372.2578,2947906.9214
2024/02/14 06:09:39.01,461518.4751,5633375.9803,2947899.8318
2024/02/14 06:09:40.01,461518.2866,5633379.6859,2947892.8057
2024/02/14 06:09:41.01,461518.0263,5633383.3136,2947885.9393
2024/02/14 06:09:42.01,461517.7837,5633386.997,2947879.0131
2024/02/14 06:09:43.01,461517.5435,5633390.7493,2947871.9441
2024/02/14 06:09:44.01,461517.4086,5633394.4723,2947864.8784
2024/02/14 06:09:45.01,461517.3892,5633398.1279,2947857.9626
2024/02/14 06:09:46.01,461517.4075,5633401.6644,2947851.1699
2024/02/14 06:09:47.01,461517.3842,5633405.2621,2947844.3995
2024/02/14 06:09:48.01,461517.2777,5633408.8351,2947837.5784
2024/02/14 06:09:49.01,461517.0596,5633412.4312,2947830.8571
2024/02/14 06:09:50.01,461516.7922,5633415.931,2947824.3423
2024/02/14 06:09:51.01,461516.5451,5633419.3446,2947817.9582
2024/02/14 06:09:52.01,461516.3276,5633422.8171,2947811.4276
2024/02/14 06:09:53.01,461516.2132,5633426.3941,2947804.735
2024/02/14 06:09:54.01,461516.065,5633429.9547,2947798.0846
2024/02/14 06:09:55.01,461515.8743,5633433.433,2947791.6373
2024/02/14 06:09:56.01,461515.6828,5633436.8719,2947785.223
2024/02/14 06:09:57.01,461515.4751,5633440.3442,2947778.7219
2024/02/14 06:09:58.01,461515.2652,5633443.9061,2947772.1273
2024/02/14 06:09:59.01,461515.1701,5633447.5187,2947765.3313
2024/02/14 06:10:00.01,461515.0239,5633451.2122,2947758.4918
2024/02/14 06:10:01.00,461515.8993,5633459.6682,2947751.5648
2024/02/14 06:10:02.01,461514.7359,5633458.6274,2947744.7801
2024/02/14 06:10:03.01,461515.6815,5633467.0439,2947737.808
2024/02/14 06:10:04.01,461514.6094,5633465.8146,2947730.9462
2024/02/14 06:10:05.01,461512.2119,5633474.2073,2947725.2888
2024/02/14 06:10:06.01,461514.179,5633473.0049,2947717.4351
2024/02/14 06:10:07.01,461513.9869,5633476.5229,2947710.969
2024/02/14 06:10:08.01,461512.2967,5633485.995,2947705.8676
2024/02/14 06:10:09.01,461513.7881,5633483.0011,2947698.4238
2024/02/14 06:10:11.01,461512.0671,5633494.153,2947689.0806
2024/02/14 06:10:12.01,461513.7267,5633489.3102,2947681.2113
2024/02/14 06:10:13.01,461515.5962,5633491.9798,2947675.8157
2024/02/14 06:10:14.01,461518.3889,5633494.2937,2947671.2776
2024/02/14 06:10:15.01,461522.6568,5633498.9686,2947666.9551
2024/02/14 06:10:16.01,461525.5516,5633507.899,2947663.4618
2024/02/14 06:10:17.01,461527.5029,5633506.4715,2947663.4519
2024/02/14 06:10:18.01,461527.9713,5633496.9017,2947654.6227
2024/02/14 06:10:19.01,461532.3018,5633506.2915,2947653.5793
2024/02/14 06:10:20.01,461535.2839,5633506.7452,2947650.1284
2024/02/14 06:10:21.01,461536.0835,5633515.6374,2947646.4466
2024/02/14 06:10:22.01,461538.3519,5633515.2636,2947641.7742
2024/02/14 06:10:23.01,461543.7102,5633511.3243,2947636.1434
2024/02/14 06:10:24.01,461547.7572,5633512.8923,2947632.3545
2024/02/14 06:10:25.01,461553.6081,5633515.3492,2947630.6982
2024/02/14 06:10:26.01,461559.3911,5633515.4392,2947629.6405
2024/02/14 06:10:27.01,461565.3601,5633515.029,2947629.6157
2024/02/14 06:10:28.01,461571.4295,5633514.3485,2947630.0441
2024/02/14 06:10:29.01,461577.6481,5633513.5259,2947630.7577
2024/02/14 06:10:30.01,461584.0519,5633512.5772,2947631.5911
2024/02/14 06:10:31.01,461590.6685,5633511.6043,2947632.509
2024/02/14 06:10:32.01,461597.5167,5633510.597,2947633.4621
2024/02/14 06:10:33.01,461604.5745,5633509.5105,2947634.4901
2024/02/14 06:10:34.01,461611.8345,5633508.4066,2947635.58
2024/02/14 06:10:35.01,461619.1765,5633507.28,2947636.6693
2024/02/14 06:10:36.01,461626.5109,5633506.2235,2947637.6322
2024/02/14 06:10:37.01,461633.787,5633505.2246,2947638.4221
2024/02/14 06:10:38.01,461640.9633,5633504.5067,2947638.7083
2024/02/14 06:10:39.01,461647.7632,5633506.203,2947638.8717
2024/02/14 06:10:40.01,461653.614,5633508.062,2947637.6844
2024/02/14 06:10:41.01,461661.1221,5633504.5908,2947635.7623
2024/02/14 06:10:42.01,461667.2789,5633504.9032,2947634.3894
2024/02/14 06:10:43.01,461673.4207,5633504.7909,2947633.7226
2024/02/14 06:10:44.01,461679.4818,5633504.0704,2947634.2136
2024/02/14 06:10:45.01,461685.112,5633502.701,2947636.1622
2024/02/14 06:10:46.01,461690.0448,5633500.7516,2947639.1901
2024/02/14 06:10:47.01,461694.4458,5633498.5607,2947642.7888
2024/02/14 06:10:48.01,461698.487,5633496.3913,2947646.3693
2024/02/14 06:10:49.01,461702.7611,5633494.3733,2947649.5109
2024/02/14 06:10:50.01,461707.4398,5633492.6218,2947652.3119
2024/02/14 06:10:51.01,461713.5718,5633495.8623,2947654.6938
2024/02/14 06:10:52.01,461719.1087,5633494.4381,2947656.7071
2024/02/14 06:10:53.01,461723.8501,5633495.5692,2947658.2954
2024/02/14 06:10:54.01,461730.3374,5633487.0593,2947659.8643
2024/02/14 06:10:55.01,461736.9507,5633485.9232,2947661.11
2024/02/14 06:10:56.01,461743.8121,5633484.8185,2947662.3278
2024/02/14 06:10:57.01,461750.6084,5633483.6272,2947663.5695
2024/02/14 06:10:58.01,461757.152,5633482.4565,2947664.8314
2024/02/14 06:10:59.01,461763.3755,5633481.4234,2947666.055
2024/02/14 06:11:00.01,461768.7502,5633480.4213,2947667.0877
2024/02/14 06:11:01.00,461773.1631,5633479.6892,2947667.9669
2024/02/14 06:11:02.01,461777.2627,5633479.1647,2947668.8652
2024/02/14 06:11:03.01,461781.3131,5633478.2184,2947669.6022
2024/02/14 06:11:04.01,461784.6902,5633477.5587,2947670.3857
2024/02/14 06:11:05.01,461787.5306,5633477.0396,2947671.0396
2024/02/14 06:11:06.01,461789.9997,5633476.5879,2947671.5395
2024/02/14 06:11:07.01,461792.162,5633476.2556,2947671.9131
2024/02/14 06:11:08.01,461794.5682,5633475.9228,2947672.1878
2024/02/14 06:11:09.01,461797.3098,5633475.546,2947672.4119
2024/02/14 06:11:10.01,461800.2673,5633475.3458,2947672.4425
2024/02/14 06:11:11.01,461803.3462,5633475.2535,2947672.1404
2024/02/14 06:11:12.01,461806.6488,5633475.3505,2947671.5357
2024/02/14 06:11:13.01,461810.0903,5633475.7176,2947670.3579
2024/02/14 06:11:14.01,461813.4319,5633476.4876,2947668.5214
2024/02/14 06:11:15.01,461816.4784,5633477.6146,2947666.063
2024/02/14 06:11:16.01,461818.9156,5633479.1688,2947662.7993
2024/02/14 06:11:19.01,461822.6977,5633485.295,2947650.9131
2024/02/14 06:11:20.01,461824.5076,5633495.1618,2947646.4772
2024/02/14 06:11:21.01,461824.4153,5633491.5797,2947637.959
2024/02/14 06:11:22.01,461825.1527,5633495.0413,2947631.2434
2024/02/14 06:11:28.01,461829.8548,5633515.2125,2947590.5634
2024/02/14 06:11:29.01,461830.6519,5633518.3576,2947581.9516
2024/02/14 06:11:30.01,461832.104,5633524.4491,2947577.2085
2024/02/14 06:11:31.01,461832.9186,5633527.4436,2947571.3707
2024/02/14 06:11:32.01,461833.1212,5633527.4938,2947564.3514
2024/02/14 06:11:33.01,461832.7537,5633521.397,2947556.2205
2024/02/14 06:11:34.01,461836.2942,5633535.9471,2947554.9913
2024/02/14 06:11:35.01,461836.0861,5633537.8574,2947547.9919
2024/02/14 06:11:36.01,461837.8839,5633547.964,2947543.0435
2024/02/14 06:11:37.01,461837.9034,5633545.2519,2947536.0501
2024/02/14 06:11:38.01,461839.3179,5633553.5138,2947532.1126
2024/02/14 06:11:39.01,461838.3773,5633547.7608,2947524.4038
2024/02/14 06:11:40.01,461839.2523,5633552.0328,2947520.098
2024/02/14 06:11:41.01,461839.2387,5633554.7197,2947515.4717
2024/02/14 06:11:42.01,461838.84,5633556.9035,2947511.0635
2024/02/14 06:11:43.01,461838.1344,5633559.0655,2947506.8507
2024/02/14 06:11:44.01,461837.1077,5633561.3773,2947502.573
2024/02/14 06:11:46.01,461832.1696,5633570.1077,2947494.3345
2024/02/14 06:11:47.01,461830.551,5633572.7661,2947489.3547
2024/02/14 06:11:48.01,461831.0698,5633571.478,2947483.1673
2024/02/14 06:11:49.01,461829.2725,5633574.2532,2947478.0769
2024/02/14 06:11:50.01,461827.5345,5633576.9086,2947473.1074
2024/02/14 06:11:51.01,461825.9296,5633579.4662,2947468.2532
2024/02/14 06:11:52.01,461824.4213,5633581.9696,2947463.4725
2024/02/14 06:11:53.01,461823.0168,5633584.4447,2947458.8893
2024/02/14 06:11:54.01,461821.7403,5633586.7695,2947454.7276
2024/02/14 06:11:55.01,461820.3862,5633588.9285,2947450.6218
2024/02/14 06:11:56.01,461816.7699,5633595.2539,2947447.4773
2024/02/14 06:11:57.01,461817.3424,5633593.6326,2947442.0908
2024/02/14 06:11:58.01,461813.6015,5633600.0774,2947438.7332
2024/02/14 06:11:59.01,461814.0799,5633598.3543,2947433.2954
2024/02/14 06:12:00.01,461812.473,5633600.6614,2947428.7713
2024/02/14 06:12:01.00,461810.8443,5633603.2391,2947424.1827
2024/02/14 06:12:02.01,461809.4035,5633605.5018,2947419.4806
2024/02/14 06:12:03.01,461808.0504,5633607.9924,2947415.001
2024/02/14 06:12:04.01,461806.7794,5633610.3566,2947410.358
2024/02/14 06:12:05.01,461805.773,5633612.8695,2947405.5813
2024/02/14 06:12:06.01,461805.0213,5633615.3059,2947400.85
2024/02/14 06:12:07.01,461804.3895,5633617.9834,2947396.3487
2024/02/14 06:12:08.01,461804.0681,5633620.0291,2947391.7149
2024/02/14 06:12:09.01,461803.78,5633622.2593,2947387.2573
2024/02/14 06:12:10.01,461803.5102,5633624.4641,2947382.9069
2024/02/14 06:12:11.01,461803.1786,5633626.6237,2947378.632
2024/02/14 06:12:12.01,461802.8282,5633628.7273,2947374.3982
2024/02/14 06:12:13.01,461802.3514,5633631.1137,2947370.3042
2024/02/14 06:12:14.01,461802.1081,5633632.9077,2947365.9803
2024/02/14 06:12:15.01,461801.7102,5633635.0038,2947361.7896
2024/02/14 06:12:16.01,461801.2748,5633637.0861,2947357.5945
2024/02/14 06:12:17.01,461800.8217,5633639.157,2947353.4074
2024/02/14 06:12:18.01,461800.2976,5633641.5098,2947349.3007
2024/02/14 06:12:19.01,461800.0059,5633643.2475,2947345.0034
2024/02/14 06:12:20.01,461799.6226,5633645.1564,2947341.1188
2024/02/14 06:12:21.01,461799.2495,5633647.2517,2947337.5907
2024/02/14 06:12:22.01,461798.979,5633649.0546,2947333.8893
2024/02/14 06:12:23.01,461798.7865,5633650.5688,2947330.015
2024/02/14 06:12:24.01,461798.3913,5633652.7731,2947326.0984
2024/02/14 06:12:25.01,461798.0781,5633654.6638,2947321.5888
2024/02/14 06:12:26.01,461797.5863,5633657.2811,2947316.9589
2024/02/14 06:12:27.01,461797.3036,5633659.4585,2947311.7716
2024/02/14 06:12:28.01,461796.9001,5633662.0807,2947306.3509
2024/02/14 06:12:29.01,461796.3027,5633665.0168,2947300.9151
2024/02/14 06:12:30.01,461795.8303,5633667.393,2947295.2081
2024/02/14 06:12:31.01,461795.2001,5633670.3438,2947289.9188
2024/02/14 06:12:32.01,461794.7979,5633672.4683,2947284.822
2024/02/14 06:12:33.01,461794.3531,5633674.7683,2947279.994
2024/02/14 06:12:34.01,461793.9328,5633677.0911,2947275.0664
2024/02/14 06:12:35.01,461793.4791,5633679.4347,2947270.4764
2024/02/14 06:12:36.01,461792.853,5633681.9237,2947265.9722
2024/02/14 06:12:37.01,461792.4518,5633683.8911,2947261.1684
2024/02/14 06:12:38.01,461791.9356,5633686.1778,2947256.3915
2024/02/14 06:12:39.01,461791.2897,5633688.7672,2947251.664
2024/02/14 06:12:40.01,461790.8227,5633690.8854,2947246.6731
2024/02/14 06:12:41.01,461790.1919,5633693.5678,2947241.8843
2024/02/14 06:12:42.01,461789.7481,5633695.7546,2947236.8904
2024/02/14 06:12:43.01,461789.1451,5633698.2355,2947231.8519
2024/02/14 06:12:44.01,461788.4314,5633700.7067,2947226.8294
2024/02/14 06:12:45.01,461786.2615,5633703.2926,2947220.4986
2024/02/14 06:12:46.01,461787.1962,5633705.7905,2947216.8107
2024/02/14 06:12:47.01,461786.6234,5633708.1519,2947211.997
2024/02/14 06:12:48.01,461786.2081,5633710.2879,2947207.7726
2024/02/14 06:12:49.01,461785.8189,5633712.092,2947204.1349
2024/02/14 06:12:50.01,461785.442,5633713.6907,2947200.9703
2024/02/14 06:12:51.01,461785.136,5633714.9021,2947198.3905
2024/02/14 06:12:52.01,461784.8033,5633716.368,2947196.1685
2024/02/14 06:12:53.01,461784.6076,5633717.33,2947194.2578
2024/02/14 06:12:54.01,461784.4548,5633717.9304,2947192.8352
2024/02/14 06:12:55.01,461784.3577,5633718.3243,2947192.1334
2024/02/14 06:12:56.01,461784.3187,5633718.3965,2947191.9411
2024/02/14 06:12:57.01,461784.2851,5633718.5351,2947191.6863
2024/02/14 06:12:58.01,461784.2802,5633718.548,2947191.621
2024/02/14 06:12:59.01,461784.2806,5633718.5587,2947191.6271
2024/02/14 06:13:00.01,461784.2823,5633718.5526,2947191.6245
2024/02/14 06:13:01.00,461784.2797,5633718.5562,2947191.6254
2024/02/14 06:13:02.01,461784.2784,5633718.5512,2947191.6255
2024/02/14 06:13:03.01,461784.2802,5633718.5581,2947191.6265
2024/02/14 06:13:04.01,461784.2795,5633718.5623,2947191.6262
2024/02/14 06:13:05.01,461784.2826,5633718.5611,2947191.6278
2024/02/14 06:13:06.01,461784.2829,5633718.5442,2947191.6213
2024/02/14 06:13:07.01,461784.2839,5633718.542,2947191.6219
2024/02/14 06:13:08.01,461784.2806,5633718.5521,2947191.6249
2024/02/14 06:13:09.01,461784.2803,5633718.5531,2947191.6263
2024/02/14 06:13:10.01,461784.2828,5633718.5484,2947191.6252
2024/02/14 06:13:11.01,461784.2805,5633718.5556,2947191.6255
2024/02/14 06:13:12.01,461784.2828,5633718.5524,2947191.6254
2024/02/14 06:13:13.01,461784.2821,5633718.55,2947191.6239
2024/02/14 06:13:14.01,461784.2793,5633718.5478,2947191.6251
2024/02/14 06:13:15.01,461784.2807,5633718.5439,2947191.6218
2024/02/14 06:13:16.01,461784.281,5633718.5388,2947191.6205
2024/02/14 06:13:17.01,461784.2759,5633718.5645,2947191.6295
2024/02/14 06:13:18.01,461784.2774,5633718.5477,2947191.6244
2024/02/14 06:13:19.01,461784.2792,5633718.5528,2947191.6307
2024/02/14 06:13:20.01,461784.2787,5633718.551,2947191.6241
2024/02/14 06:13:21.01,461784.2763,5633718.5577,2947191.6298
2024/02/14 06:13:22.01,461784.2767,5633718.5528,2947191.628
2024/02/14 06:13:23.01,461784.2831,5633718.5449,2947191.6236
2024/02/14 06:13:24.01,461784.2774,5633718.55,2947191.6284
2024/02/14 06:13:25.01,461784.2802,5633718.5407,2947191.6233
2024/02/14 06:13:26.01,461784.2793,5633718.5554,2947191.6276
2024/02/14 06:13:27.01,461784.2763,5633718.5601,2947191.6058
2024/02/14 06:13:28.01,461784.2577,5633718.6168,2947191.4727
2024/02/14 06:13:29.01,461784.2196,5633718.7361,2947191.2912
2024/02/14 06:13:30.01,461784.1855,5633718.8313,2947191.0534
2024/02/14 06:13:31.01,461784.1482,5633718.9483,2947190.8332
2024/02/14 06:13:32.01,461784.1503,5633718.9567,2947190.812
2024/02/14 06:13:33.01,461784.1496,5633718.9636,2947190.8158
2024/02/14 06:13:34.01,461784.1465,5633718.9661,2947190.815
2024/02/14 06:13:35.01,461784.1463,5633718.9593,2947190.8125
2024/02/14 06:13:36.01,461784.1471,5633718.9551,2947190.8113
2024/02/14 06:13:37.01,461784.1488,5633718.9567,2947190.8125
2024/02/14 06:13:38.01,461784.1476,5633718.9608,2947190.8116
2024/02/14 06:13:39.01,461784.1502,5633718.9585,2947190.815
2024/02/14 06:13:40.01,461784.1476,5633718.9668,2947190.8155
2024/02/14 06:13:41.01,461784.1483,5633718.9622,2947190.8143
2024/02/14 06:13:42.01,461784.151,5633718.9477,2947190.8077
2024/02/14 06:13:43.01,461784.1466,5633718.9694,2947190.8157
2024/02/14 06:13:44.01,461784.1498,5633718.9582,2947190.8114
2024/02/14 06:13:45.01,461784.1474,5633718.9596,2947190.815
2024/02/14 06:13:46.01,461784.1496,5633718.9513,2947190.8097
2024/02/14 06:13:47.01,461784.1462,5633718.9653,2947190.8138
2024/02/14 06:13:48.01,461784.1525,5633718.9547,2947190.8116
2024/02/14 06:13:49.01,461784.1484,5633718.97,2947190.8162
2024/02/14 06:13:50.01,461784.1498,5633718.9542,2947190.812
2024/02/14 06:13:51.01,461784.1468,5633718.966,2947190.8137
2024/02/14 06:13:52.01,461784.1471,5633718.9667,2947190.8158
2024/02/14 06:13:53.01,461784.1506,5633718.9632,2947190.8142
2024/02/14 06:13:54.01,461784.1516,5633718.9591,2947190.8134
2024/02/14 06:13:55.01,461784.1523,5633718.9653,2947190.8127
2024/02/14 06:13:56.01,461784.1515,5633718.9668,2947190.8132
2024/02/14 06:13:57.01,461784.1481,5633718.9552,2947190.81
2024/02/14 06:13:58.01,461784.1506,5633718.9573,2947190.8122
2024/02/14 06:13:59.01,461784.149,5633718.9634,2947190.8145
2024/02/14 06:14:00.01,461784.1506,5633718.9602,2947190.8117
2024/02/14 06:14:01.00,461784.1516,5633718.9684,2947190.8153
2024/02/14 06:14:02.01,461784.153,5633718.9607,2947190.8118
2024/02/14 06:14:03.01,461784.126,5633719.0187,2947190.714
2024/02/14 06:14:04.01,461784.0908,5633719.1585,2947190.5141
2024/02/14 06:14:05.01,461784.0405,5633719.2775,2947190.1813
2024/02/14 06:14:06.01,461783.9859,5633719.5092,2947189.7705
2024/02/14 06:14:07.01,461786.58,5633724.283,2947190.4314
2024/02/14 06:14:08.01,461783.7576,5633720.1631,2947188.524
2024/02/14 06:14:09.01,461783.5652,5633720.7413,2947187.3787
2024/02/14 06:14:10.01,461783.3433,5633721.542,2947185.8729
2024/02/14 06:14:11.01,461783.1626,5633722.2576,2947184.3341
2024/02/14 06:14:12.01,461782.9781,5633723.1153,2947182.744
2024/02/14 06:14:13.01,461782.7384,5633724.1605,2947180.5781
2024/02/14 06:14:14.01,461782.3897,5633725.5936,2947177.8997
2024/02/14 06:14:15.01,461782.0402,5633727.1742,2947174.8016
2024/02/14 06:14:16.01,461781.6262,5633729.0233,2947171.5332
2024/02/14 06:14:17.01,461781.3304,5633730.4579,2947168.0366
2024/02/14 06:14:18.01,461780.9571,5633732.2131,2947164.547
2024/02/14 06:14:19.01,461780.6085,5633734.2243,2947160.5995
2024/02/14 06:14:20.01,461780.232,5633736.4697,2947156.2607
2024/02/14 06:14:21.01,461779.733,5633739.1654,2947151.7191
2024/02/14 06:14:22.01,461779.2259,5633741.6366,2947146.7765
2024/02/14 06:14:23.01,461778.826,5633744.0563,2947141.7069
2024/02/14 06:14:24.01,461778.3985,5633746.853,2947136.9523
2024/02/14 06:14:25.01,461778.1779,5633749.0076,2947132.1125
2024/02/14 06:14:26.01,461777.8858,5633751.393,2947127.5777
2024/02/14 06:14:27.01,461777.5984,5633753.7364,2947123.0727
2024/02/14 06:14:28.01,461777.109,5633756.212,2947118.8576
2024/02/14 06:14:29.01,461776.7258,5633758.1433,2947114.5678
2024/02/14 06:14:30.01,461776.0661,5633760.496,2947110.7403
2024/02/14 06:14:31.01,461775.3814,5633762.2031,2947106.8993
2024/02/14 06:14:32.01,461774.471,5633764.147,2947103.4366
2024/02/14 06:14:33.01,461773.5371,5633766.0649,2947099.9722
2024/02/14 06:14:34.01,461772.4824,5633768.2425,2947096.6107
2024/02/14 06:14:35.01,461771.7268,5633769.7996,2947093.0466
2024/02/14 06:14:36.01,461770.9562,5633771.5606,2947089.7413
2024/02/14 06:14:37.01,461770.2822,5633773.386,2947086.9974
2024/02/14 06:14:38.01,461770.0441,5633774.5265,2947084.343
2024/02/14 06:14:39.01,461769.9153,5633775.7451,2947081.9417
2024/02/14 06:14:40.01,461770.0541,5633777.3028,2947079.5473
2024/02/14 06:14:41.01,461771.0928,5633778.3464,2947076.8255
2024/02/14 06:14:42.01,461772.8673,5633779.4333,2947074.5596
2024/02/14 06:14:43.01,461775.3364,5633780.1841,2947072.6837
2024/02/14 06:14:44.01,461778.6402,5633780.5246,2947071.2856
2024/02/14 06:14:45.01,461782.5979,5633780.3655,2947070.8072
2024/02/14 06:14:46.01,461786.9105,5633779.7765,2947071.2464
2024/02/14 06:14:47.01,461791.3355,5633778.8863,2947072.2023
2024/02/14 06:14:48.01,461796.0242,5633777.5949,2947073.8829
2024/02/14 06:14:49.01,461800.7847,5633776.4838,2947075.8484
2024/02/14 06:14:50.01,461805.5524,5633774.9416,2947077.4857
2024/02/14 06:14:51.01,461809.2154,5633773.9556,2947078.6779
2024/02/14 06:14:52.01,461811.092,5633773.5062,2947079.2539
2024/02/14 06:14:53.01,461812.3505,5633773.1651,2947079.5637
2024/02/14 06:14:54.01,461812.9759,5633773.0684,2947079.7456
2024/02/14 06:14:55.01,461813.9453,5633772.3339,2947079.7939
2024/02/14 06:14:56.01,461814.1189,5633772.8475,2947080.0621
2024/02/14 06:14:57.01,461814.7681,5633772.6785,2947080.1992
2024/02/14 06:14:58.01,461815.5982,5633772.5392,2947080.4179
2024/02/14 06:14:59.01,461817.0327,5633772.1983,2947080.7024
2024/02/14 06:15:00.01,461817.0139,5633775.7666,2947082.3174
2024/02/14 06:15:01.00,461821.9061,5633771.3729,2947082.1167
2024/02/14 06:15:02.01,461825.3492,5633770.6198,2947082.9255
2024/02/14 06:15:03.01,461829.0862,5633769.6231,2947083.7125
2024/02/14 06:15:04.01,461832.6993,5633768.9359,2947084.4797
2024/02/14 06:15:05.01,461836.1692,5633768.5061,2947085.2574
2024/02/14 06:15:06.01,461840.1323,5633767.5259,2947085.9068
2024/02/14 06:15:07.01,461844.4196,5633766.917,2947086.9338
2024/02/14 06:15:08.01,461849.3378,5633765.7111,2947087.8628
2024/02/14 06:15:09.01,461854.5046,5633764.9562,2947089.1377
2024/02/14 06:15:10.01,461860.2596,5633763.574,2947090.2877
2024/02/14 06:15:11.01,461866.2322,5633762.4091,2947091.6579
2024/02/14 06:15:12.01,461872.3579,5633761.4109,2947093.1533
2024/02/14 06:15:13.01,461878.7542,5633760.1723,2947094.5684
2024/02/14 06:15:14.01,461885.3364,5633758.8406,2947095.9897
2024/02/14 06:15:15.01,461891.9188,5633757.5288,2947097.4141
2024/02/14 06:15:16.01,461898.1328,5633755.9443,2947098.8706
2024/02/14 06:15:17.01,461903.2121,5633755.0796,2947100.3095
2024/02/14 06:15:18.01,461907.5065,5633754.1358,2947101.3631
2024/02/14 06:15:19.01,461911.4521,5633753.3516,2947102.2332
2024/02/14 06:15:20.01,461915.3398,5633752.3835,2947102.8343
2024/02/14 06:15:21.01,461918.7931,5633751.9204,2947103.511
2024/02/14 06:15:22.01,461921.5933,5633751.3887,2947104.0298
2024/02/14 06:15:23.01,461924.2257,5633750.8334,2947104.5697
2024/02/14 06:15:24.01,461927.1041,5633750.3606,2947105.2626
2024/02/14 06:15:25.01,461927.1471,5633756.7857,2947107.0627
2024/02/14 06:15:26.01,461929.8271,5633756.2871,2947107.6699
2024/02/14 06:15:27.01,461932.3046,5633755.8041,2947108.4112
2024/02/14 06:15:28.01,461939.6484,5633751.9469,2947107.7263
2024/02/14 06:15:29.01,461937.5056,5633748.4354,2947111.3151
2024/02/14 06:15:30.01,461943.1746,5633751.678,2947112.2953
2024/02/14 06:15:31.01,461943.5977,5633759.9588,2947121.9379
2024/02/14 06:15:32.01,461957.1395,5633740.751,2947109.7285
2024/02/14 06:15:33.01,461958.4219,5633742.1662,2947116.4744
2024/02/14 06:15:34.01,461963.5973,5633743.5366,2947118.5532
2024/02/14 06:15:35.01,461970.1839,5633738.2995,2947120.5632
2024/02/14 06:15:36.01,461973.928,5633740.5598,2947123.8963
2024/02/14 06:15:37.01,461980.3693,5633737.8711,2947126.0661
2024/02/14 06:15:38.01,461988.349,5633733.0086,2947127.7059
2024/02/14 06:15:39.01,461994.8253,5633731.0946,2947130.1938
2024/02/14 06:15:40.01,462001.8731,5633728.4367,2947132.5701
2024/02/14 06:15:41.01,462008.2047,5633726.9802,2947135.078
2024/02/14 06:15:42.01,462014.8399,5633725.1486,2947137.5839
2024/02/14 06:15:43.01,462019.8972,5633726.4278,2947141.1593
2024/02/14 06:15:44.01,462028.7689,5633721.2197,2947143.0809
2024/02/14 06:15:45.01,462036.1806,5633718.9546,2947145.9706
2024/02/14 06:15:46.01,462043.7621,5633716.7348,2947149.0358
2024/02/14 06:15:47.01,462051.5942,5633714.4981,2947152.0467
2024/02/14 06:15:48.01,462059.712,5633712.1725,2947154.9879
2024/02/14 06:15:49.01,462068.0301,5633709.9762,2947157.9841
2024/02/14 06:15:50.01,462074.7377,5633710.7098,2947162.0267
2024/02/14 06:15:51.01,462085.0465,5633704.9864,2947164.4736
2024/02/14 06:15:52.01,462093.567,5633702.5489,2947167.9081
2024/02/14 06:15:53.01,462100.0254,5633704.982,2947172.705
2024/02/14 06:15:54.01,462107.239,5633704.7471,2947175.9549
2024/02/14 06:15:55.01,462115.6145,5633702.3259,2947179.3565
2024/02/14 06:15:56.01,462124.0195,5633699.7656,2947182.4947
2024/02/14 06:15:57.01,462132.2153,5633697.4341,2947185.628
2024/02/14 06:15:58.01,462139.9687,5633695.2678,2947188.6987
2024/02/14 06:15:59.01,462153.1709,5633690.2901,2947191.5038
2024/02/14 06:16:00.01,462155.8494,5633686.9149,2947194.0087
2024/02/14 06:16:01.00,462161.4305,5633688.8555,2947197.1925
2024/02/14 06:16:02.01,462167.944,5633687.0666,2947199.9433
2024/02/14 06:16:03.01,462173.8226,5633685.3363,2947202.23
2024/02/14 06:16:04.01,462178.5749,5633683.9713,2947204.0794
2024/02/14 06:16:05.01,462183.2458,5633679.9898,2947205.0161
2024/02/14 06:16:06.01,462185.7009,5633679.8791,2947206.5238
2024/02/14 06:16:07.01,462188.1599,5633679.1653,2947207.5016
2024/02/14 06:16:08.01,462190.7373,5633676.7471,2947207.8425
2024/02/14 06:16:09.01,462193.1789,5633677.7519,2947209.3306
2024/02/14 06:16:10.01,462198.1645,5633671.9675,2947209.2053
2024/02/14 06:16:11.01,462199.75,5633674.0732,2947211.5607
2024/02/14 06:16:12.01,462205.046,5633669.8582,2947212.4588
2024/02/14 06:16:13.01,462209.0048,5633668.529,2947214.3468
2024/02/14 06:16:14.01,462213.2755,5633667.1269,2947216.3319
2024/02/14 06:16:15.01,462217.9241,5633665.6339,2947218.4883
2024/02/14 06:16:16.01,462222.9149,5633663.9954,2947220.8274
2024/02/14 06:16:17.01,462226.5238,5633666.45,2947224.1958
2024/02/14 06:16:18.01,462234.2692,5633660.3996,2947225.9469
2024/02/14 06:16:19.01,462240.4889,5633658.4173,2947228.6524
2024/02/14 06:16:20.01,462244.8191,5633660.2228,2947232.4349
2024/02/14 06:16:21.01,462251.5728,5633658.5481,2947235.2451
2024/02/14 06:16:22.01,462258.0486,5633656.0196,2947238.2895
2024/02/14 06:16:23.01,462266.8949,5633650.0552,2947240.3523
2024/02/14 06:16:24.01,462271.8558,5633652.1456,2947244.2284
2024/02/14 06:16:25.01,462278.7376,5633650.0326,2947247.1489
2024/02/14 06:16:26.01,462285.6704,5633647.9108,2947249.9928
2024/02/14 06:16:27.01,462294.3992,5633641.6186,2947251.9941
2024/02/14 06:16:28.01,462299.3542,5633643.594,2947255.7326
2024/02/14 06:16:29.01,462305.8597,5633641.7283,2947258.5862
2024/02/14 06:16:30.01,462312.2156,5633639.7242,2947261.1658
2024/02/14 06:16:31.01,462318.4305,5633637.8362,2947263.7361
2024/02/14 06:16:32.01,462324.6491,5633636.0383,2947266.5021
2024/02/14 06:16:33.01,462330.9044,5633634.1717,2947269.2817
2024/02/14 06:16:34.01,462339.0895,5633628.0693,2947271.143
2024/02/14 06:16:35.01,462345.5699,5633625.8937,2947273.8275
2024/02/14 06:16:36.01,462350.0669,5633628.2864,2947277.7848
2024/02/14 06:16:37.01,462355.175,5633629.3774,2947281.3103
2024/02/14 06:16:38.01,462361.7627,5633627.2467,2947284.2958
2024/02/14 06:16:39.01,462369.6274,5633622.9589,2947287.3396
2024/02/14 06:16:40.01,462376.4569,5633620.3553,2947289.7576
2024/02/14 06:16:41.01,462382.8022,5633618.3699,2947292.6794
2024/02/14 06:16:42.01,462389.4518,5633615.9364,2947295.0996
2024/02/14 06:16:43.01,462395.0389,5633616.3222,2947297.9377
2024/02/14 06:16:44.01,462400.6343,5633614.2445,2947299.4303
2024/02/14 06:16:45.01,462407.6142,5633608.9057,2947300.3618
2024/02/14 06:16:46.01,462412.5027,5633607.8507,2947301.8963
2024/02/14 06:16:47.01,462416.9948,5633606.9306,2947303.1991
2024/02/14 06:16:48.01,462420.9554,5633606.1923,2947304.2938
2024/02/14 06:16:49.01,462424.0238,5633605.5308,2947305.1712
2024/02/14 06:16:50.01,462424.0531,5633609.4167,2947306.6207
2024/02/14 06:16:51.01,462425.6318,5633608.9773,2947307.0108
2024/02/14 06:16:52.01,462427.5261,5633608.6313,2947307.5668
2024/02/14 06:16:53.01,462429.9564,5633608.0993,2947308.2484
2024/02/14 06:16:54.01,462434.6805,5633603.4355,2947308.2187
2024/02/14 06:16:55.01,462435.9618,5633606.985,2947309.9957
2024/02/14 06:16:56.01,462440.2979,5633602.7983,2947310.619
2024/02/14 06:16:57.01,462444.4966,5633601.4652,2947310.9688
2024/02/14 06:16:58.01,462446.0832,5633604.9273,2947312.8017
2024/02/14 06:16:59.01,462449.5066,5633604.2177,2947313.9015
2024/02/14 06:17:00.01,462452.8215,5633603.4468,2947315.0401
2024/02/14 06:17:01.00,462458.0472,5633598.3225,2947315.0282
2024/02/14 06:17:02.01,462459.5073,5633602.1672,2947316.9104
2024/02/14 06:17:03.01,462463.3265,5633601.4755,2947317.7641
2024/02/14 06:17:04.01,462467.3986,5633600.7742,2947318.6378
2024/02/14 06:17:05.01,462471.1562,5633600.0943,2947319.5976
2024/02/14 06:17:06.01,462473.1316,5633602.4469,2947320.7302
2024/02/14 06:17:07.01,462479.585,5633594.7263,2947320.3161
2024/02/14 06:17:08.01,462483.5262,5633594.0543,2947321.1605
2024/02/14 06:17:09.01,462487.9121,5633593.2925,2947322.1509
2024/02/14 06:17:10.01,462490.5318,5633596.6654,2947324.1063
2024/02/14 06:17:11.01,462496.6287,5633591.6493,2947324.2257
2024/02/14 06:17:12.01,462498.7737,5633595.0718,2947326.1058
2024/02/14 06:17:13.01,462502.6116,5633593.8734,2947327.2423
2024/02/14 06:17:14.01,462507.1748,5633593.367,2947328.4044
2024/02/14 06:17:15.01,462511.9126,5633592.2922,2947329.8155
2024/02/14 06:17:16.01,462518.8715,5633586.9565,2947330.4832
2024/02/14 06:17:17.01,462522.4072,5633589.8409,2947333.014
2024/02/14 06:17:18.01,462527.5761,5633588.2493,2947334.8553
2024/02/14 06:17:19.01,462533.2219,5633587.2568,2947336.5273
2024/02/14 06:17:20.01,462538.6416,5633585.9219,2947338.2835
2024/02/14 06:17:21.01,462545.9498,5633580.5242,2947339.1332
2024/02/14 06:17:22.01,462549.715,5633583.402,2947341.6671
2024/02/14 06:17:23.01,462555.4967,5633582.0816,2947343.3367
2024/02/14 06:17:24.01,462561.3859,5633580.6899,2947345.0021
2024/02/14 06:17:25.01,462567.2831,5633579.3364,2947346.7469
2024/02/14 06:17:26.01,462573.047,5633577.8627,2947348.537
2024/02/14 06:17:28.01,462582.5265,5633577.7968,2947352.4809
2024/02/14 06:17:29.01,462587.599,5633576.3379,2947354.3193
2024/02/14 06:17:30.01,462593.3394,5633572.1552,2947355.7516
2024/02/14 06:17:31.01,462596.7474,5633570.7384,2947357.3147
2024/02/14 06:17:32.01,462599.7998,5633570.0761,2947358.303
2024/02/14 06:17:33.01,462601.9729,5633569.3946,2947359.1691
2024/02/14 06:17:34.01,462602.2327,5633571.9726,2947360.1808
2024/02/14 06:17:35.01,462603.9334,5633571.3149,2947360.7284
2024/02/14 06:17:36.01,462605.5822,5633570.7753,2947361.5283
2024/02/14 06:17:37.01,462608.6297,5633567.2332,2947362.0414
2024/02/14 06:17:38.01,462609.176,5633569.5038,2947363.2836
2024/02/14 06:17:39.01,462611.1101,5633568.8054,2947364.1977
2024/02/14 06:17:40.01,462614.2185,5633564.7696,2947364.8948
2024/02/14 06:17:41.01,462618.0795,5633571.4965,2947367.3573
2024/02/14 06:17:42.01,462620.6757,5633559.389,2947366.0759
2024/02/14 06:17:43.01,462621.2334,5633561.6253,2947368.0629
2024/02/14 06:17:44.01,462622.937,5633561.6821,2947369.2014
2024/02/14 06:17:45.01,462624.9826,5633561.8611,2947370.4206
2024/02/14 06:17:46.01,462626.03,5633560.5395,2947370.6745
2024/02/14 06:17:47.01,462626.9048,5633560.5894,2947370.8417
2024/02/14 06:17:48.01,462627.1801,5633559.4108,2947370.8676
2024/02/14 06:17:49.01,462626.9781,5633561.1497,2947371.364
2024/02/14 06:17:50.01,462627.169,5633560.47,2947370.9528
2024/02/14 06:17:51.01,462627.1292,5633560.1121,2947371.1623
2024/02/14 06:17:52.01,462627.4413,5633560.0329,2947371.3127
2024/02/14 06:17:53.01,462627.8836,5633560.2174,2947371.2701
2024/02/14 06:17:54.01,462627.6309,5633559.9412,2947371.3892
2024/02/14 06:17:55.01,462627.8795,5633560.213,2947371.2686
2024/02/14 06:17:56.01,462627.8774,5633560.2277,2947371.2745
2024/02/14 06:17:57.01,462627.6308,5633559.9526,2947371.3928
2024/02/14 06:17:58.01,462627.6342,5633559.9478,2947371.3905
2024/02/14 06:17:59.01,462627.6356,5633559.9434,2947371.3915
2024/02/14 06:18:00.01,462627.633,5633559.9466,2947371.3919
2024/02/14 06:18:01.00,462627.8846,5633560.2098,2947371.2681
2024/02/14 06:18:02.01,462627.6326,5633559.9407,2947371.3891
2024/02/14 06:18:03.01,462627.6318,5633559.9444,2947371.3917
2024/02/14 06:18:04.01,462627.6281,5633559.9525,2947371.3938
2024/02/14 06:18:05.01,462627.6294,5633559.9541,2947371.3928
2024/02/14 06:18:06.01,462627.6305,5633559.9418,2947371.3912
2024/02/14 06:18:07.01,462627.8775,5633560.2244,2947371.2746
2024/02/14 06:18:08.01,462627.6322,5633559.9444,2947371.3899
2024/02/14 06:18:09.01,462627.6324,5633559.9374,2947371.3874
2024/02/14 06:18:10.01,462627.6308,5633559.9448,2947371.3925
2024/02/14 06:18:11.01,462627.8839,5633560.21,2947371.2692
2024/02/14 06:18:12.01,462627.8813,5633560.2031,2947371.268
2024/02/14 06:18:13.01,462627.6323,5633559.9327,2947371.3854
2024/02/14 06:18:14.01,462627.882,5633560.2001,2947371.2675
2024/02/14 06:18:15.01,462627.8852,5633560.1987,2947371.265
2024/02/14 06:18:16.01,462627.888,5633560.1884,2947371.2599
2024/02/14 06:18:17.01,462627.6784,5633559.9224,2947371.4123
2024/02/14 06:18:18.01,462628.0912,5633560.1195,2947371.36
2024/02/14 06:18:19.01,462628.1267,5633559.7598,2947371.6123
2024/02/14 06:18:20.01,462628.5287,5633559.6595,2947371.822
2024/02/14 06:18:21.01,462629.2248,5633560.3388,2947372.3938
2024/02/14 06:18:22.01,462629.8933,5633560.068,2947372.7194
2024/02/14 06:18:23.01,462630.5962,5633559.8412,2947373.0704
2024/02/14 06:18:24.01,462631.1915,5633558.9888,2947372.8292
2024/02/14 06:18:25.01,462631.1863,5633559.626,2947373.3689
2024/02/14 06:18:26.01,462631.1864,5633559.625,2947373.367
2024/02/14 06:18:27.01,462631.1885,5633559.5719,2947373.3443
2024/02/14 06:18:28.01,462631.2098,5633559.5637,2947373.3567
2024/02/14 06:18:29.01,462631.443,5633558.9647,2947373.0091
2024/02/14 06:18:30.01,462631.5846,5633559.3951,2947373.5228
2024/02/14 06:18:31.01,462632.0124,5633558.7347,2947373.301
2024/02/14 06:18:32.01,462634.9079,5633562.494,2947374.8127
2024/02/14 06:18:33.01,462632.96,5633558.318,2947373.8242
2024/02/14 06:18:34.01,462633.5569,5633558.1077,2947374.1758
2024/02/14 06:18:35.01,462634.2522,5633557.7526,2947374.5408
2024/02/14 06:18:36.01,462635.1403,5633557.357,2947375.0494
2024/02/14 06:18:37.01,462635.0736,5633559.8661,2947376.2042
2024/02/14 06:18:38.01,462636.6173,5633559.1097,2947376.81
2024/02/14 06:18:39.01,462637.8715,5633558.6704,2947377.6249
2024/02/14 06:18:40.01,462640.2009,5633554.8308,2947378.1258
2024/02/14 06:18:41.01,462640.3785,5633557.5929,2947379.1881
2024/02/14 06:18:42.01,462645.5296,5633557.9626,2947380.7687
2024/02/14 06:18:43.01,462646.8405,5633557.4103,2947381.4862
2024/02/14 06:18:44.01,462644.3151,5633555.9878,2947381.3828
2024/02/14 06:18:45.01,462646.9272,5633552.0658,2947381.933
2024/02/14 06:18:46.01,462647.5328,5633554.6611,2947383.1891
2024/02/14 06:18:47.01,462650.4443,5633550.6697,2947383.918
2024/02/14 06:18:49.01,462653.1312,5633549.4544,2947385.4992
2024/02/14 06:18:50.01,462654.1246,5633548.9701,2947386.0195
2024/02/14 06:18:51.01,462654.8386,5633548.7564,2947386.5108
2024/02/14 06:18:52.01,462658.9774,5633550.0753,2947385.0553
2024/02/14 06:18:53.01,462659.3597,5633552.3657,2947388.8125
2024/02/14 06:18:54.01,462659.7398,5633552.0695,2947389.0082
2024/02/14 06:18:55.01,462656.3686,5633550.9946,2947388.435
2024/02/14 06:18:56.01,462657.725,5633547.6705,2947388.8315
2024/02/14 06:18:57.01,462664.6064,5633534.6347,2947385.3081
2024/02/14 06:18:58.01,462664.9193,5633543.953,2947389.3844
2024/02/14 06:18:59.01,462669.2515,5633533.0947,2947386.655
2024/02/14 06:19:00.01,462670.0137,5633538.2025,2947391.1423
2024/02/14 06:19:01.00,462673.0906,5633536.9427,2947392.9635
2024/02/14 06:19:02.01,462675.095,5633537.5901,2947396.2158
2024/02/14 06:19:03.01,462676.3355,5633540.0317,2947398.9938
2024/02/14 06:19:04.01,462679.8871,5633538.5947,2947400.9119
2024/02/14 06:19:05.01,462684.1044,5633537.3553,2947403.067
2024/02/14 06:19:06.01,462688.454,5633536.0291,2947405.9937
2024/02/14 06:19:07.01,462692.0986,5633536.3523,2947408.501
2024/02/14 06:19:08.01,462698.125,5633531.2766,2947410.8745
2024/02/14 06:19:09.01,462703.0026,5633529.4288,2947413.5548
2024/02/14 06:19:10.01,462707.8182,5633527.6375,2947416.0392
2024/02/14 06:19:11.01,462712.5049,5633525.8448,2947418.4709
2024/02/14 06:19:12.01,462717.0307,5633524.0702,2947420.951
2024/02/14 06:19:13.01,462721.5769,5633522.3133,2947423.6088
2024/02/14 06:19:14.01,462726.2803,5633520.4178,2947426.1733
2024/02/14 06:19:15.01,462730.8806,5633518.7307,2947428.6127
2024/02/14 06:19:16.01,462735.3408,5633517.1309,2947430.9708
2024/02/14 06:19:17.01,462739.6292,5633515.5322,2947433.2039
2024/02/14 06:19:18.01,462743.7396,5633514.0569,2947435.3137
2024/02/14 06:19:19.01,462747.5708,5633512.6892,2947437.2728
2024/02/14 06:19:20.01,462751.0239,5633511.4331,2947439.0588
2024/02/14 06:19:21.01,462754.2669,5633510.2749,2947440.7154
2024/02/14 06:19:22.01,462757.5594,5633509.127,2947442.363
2024/02/14 06:19:23.01,462761.0279,5633507.9106,2947444.0416
2024/02/14 06:19:24.01,462764.4853,5633506.7698,2947445.6593
2024/02/14 06:19:25.01,462767.1688,5633505.8558,2947446.9073
2024/02/14 06:19:26.01,462769.3369,5633505.1058,2947447.9861
2024/02/14 06:19:27.01,462771.2143,5633504.4328,2947448.9935
2024/02/14 06:19:28.01,462773.06,5633503.7664,2947449.981
2024/02/14 06:19:29.01,462774.8555,5633503.0868,2947450.9413
2024/02/14 06:19:30.01,462776.7756,5633502.3991,2947451.9005
2024/02/14 06:19:31.01,462778.9679,5633501.6697,2947452.9686
2024/02/14 06:19:32.01,462781.4801,5633500.8111,2947454.132
2024/02/14 06:19:33.01,462784.1909,5633499.9481,2947455.3461
2024/02/14 06:19:34.01,462787.0443,5633499.0104,2947456.5821
2024/02/14 06:19:35.01,462789.9573,5633498.1383,2947457.811
2024/02/14 06:19:36.01,462792.6688,5633497.3108,2947458.8856
2024/02/14 06:19:37.01,462794.808,5633496.6603,2947459.6842
2024/02/14 06:19:38.01,462796.4031,5633496.1566,2947460.3966
2024/02/14 06:19:39.01,462797.906,5633495.6899,2947461.0622
2024/02/14 06:19:40.01,462799.389,5633495.1826,2947461.7375
2024/02/14 06:19:41.01,462801.1274,5633494.6313,2947462.5008
2024/02/14 06:19:42.01,462803.5465,5633493.8633,2947463.4743
2024/02/14 06:19:43.01,462806.5921,5633493.3506,2947464.561
2024/02/14 06:19:44.01,462809.7735,5633492.3147,2947465.7298
2024/02/14 06:19:45.01,462812.9565,5633491.085,2947467.0917
2024/02/14 06:19:46.01,462816.574,5633490.1256,2947468.3159
2024/02/14 06:19:47.01,462820.4111,5633489.5673,2947469.3761
2024/02/14 06:19:48.01,462823.9891,5633488.6271,2947470.4473
2024/02/14 06:19:49.01,462827.31,5633487.3348,2947471.5808
2024/02/14 06:19:50.01,462830.6404,5633486.4665,2947472.5532
2024/02/14 06:19:51.01,462833.9401,5633486.0639,2947473.3784
2024/02/14 06:19:52.01,462836.603,5633484.9655,2947474.2627
2024/02/14 06:19:53.01,462839.4361,5633484.6672,2947474.9782
2024/02/14 06:19:54.01,462841.595,5633483.6691,2947475.7601
2024/02/14 06:19:55.01,462843.8077,5633483.4924,2947476.3485
2024/02/14 06:19:56.01,462844.9653,5633482.7121,2947476.9495
2024/02/14 06:19:57.01,462845.995,5633482.3989,2947477.3584
2024/02/14 06:19:58.01,462847.0873,5633482.0865,2947477.7612
2024/02/14 06:19:59.01,462848.4274,5633481.7021,2947478.2012
2024/02/14 06:20:00.01,462850.3134,5633481.1908,2947478.8872
2024/02/14 06:20:01.00,462852.8561,5633480.9124,2947479.5724
2024/02/14 06:20:02.01,462855.0342,5633480.4058,2947480.1283
2024/02/14 06:20:03.01,462856.7437,5633479.5601,2947480.747
2024/02/14 06:20:04.01,462858.9178,5633479.0371,2947481.3299
2024/02/14 06:20:05.01,462861.2227,5633478.5123,2947481.9286
2024/02/14 06:20:06.01,462863.1271,5633478.8127,2947482.4113
2024/02/14 06:20:07.01,462865.053,5633477.6259,2947482.8864
2024/02/14 06:20:08.01,462866.9969,5633477.6385,2947483.2194
2024/02/14 06:20:09.01,462868.5127,5633476.9114,2947483.7046
2024/02/14 06:20:10.01,462870.4962,5633476.8655,2947484.0529
2024/02/14 06:20:11.01,462872.3006,5633476.4227,2947484.4902
2024/02/14 06:20:12.01,462873.931,5633475.6414,2947485.0355
2024/02/14 06:20:13.01,462876.0521,5633475.5176,2947485.4198
2024/02/14 06:20:14.01,462877.8247,5633475.1198,2947485.8794
2024/02/14 06:20:15.01,462878.6911,5633474.9328,2947486.0623
2024/02/14 06:20:16.01,462878.7243,5633474.9275,2947486.0674
2024/02/14 06:20:17.01,462878.635,5633474.5261,2947486.1631
2024/02/14 06:20:18.01,462879.148,5633474.4284,2947486.2705
2024/02/14 06:20:19.01,462879.7985,5633474.2811,2947486.4279
2024/02/14 06:20:20.01,462880.5767,5633474.1262,2947486.5621
2024/02/14 06:20:21.01,462881.2727,5633474.3874,2947486.5809
2024/02/14 06:20:22.01,462881.277,5633474.389,2947486.584
2024/02/14 06:20:23.01,462881.0715,5633474.0064,2947486.6524
2024/02/14 06:20:24.01,462881.0693,5633474.0127,2947486.6555
2024/02/14 06:20:25.01,462881.0715,5633474.0126,2947486.6572
2024/02/14 06:20:26.01,462881.0687,5633474.0167,2947486.6569
2024/02/14 06:20:27.01,462881.0691,5633474.0131,2947486.6565
2024/02/14 06:20:28.01,462881.2739,5633474.3905,2947486.5849
2024/02/14 06:20:29.01,462881.2739,5633474.392,2947486.5856
2024/02/14 06:20:30.01,462881.0689,5633474.0024,2947486.6521
2024/02/14 06:20:31.01,462881.0663,5633474.0238,2947486.6608
2024/02/14 06:20:32.01,462881.0705,5633474.0069,2947486.6542
2024/02/14 06:20:33.01,462881.0695,5633474.0076,2947486.6534
2024/02/14 06:20:34.01,462881.079,5633474.0079,2947486.6561
2024/02/14 06:20:35.01,462881.2217,5633473.9838,2947486.685
2024/02/14 06:20:36.01,462881.5671,5633473.9186,2947486.754
2024/02/14 06:20:37.01,462882.2028,5633473.8123,2947486.8705
2024/02/14 06:20:38.01,462883.3197,5633474.0043,2947486.9444
2024/02/14 06:20:39.01,462884.2689,5633473.8414,2947487.1354
2024/02/14 06:20:40.01,462884.6105,5633473.7843,2947487.2065
2024/02/14 06:20:41.01,462884.6171,5633473.7836,2947487.2019
2024/02/14 06:20:42.01,462884.6159,5633473.7733,2947487.2033
2024/02/14 06:20:43.01,462884.6168,5633473.7739,2947487.2004
2024/02/14 06:20:44.01,462884.6132,5633473.7803,2947487.2048
2024/02/14 06:20:45.01,462884.6135,5633473.7828,2947487.2036
2024/02/14 06:20:46.01,462884.6144,5633473.77,2947487.2025
2024/02/14 06:20:47.01,462884.6141,5633473.7814,2947487.2053
2024/02/14 06:20:48.01,462884.6112,5633473.782,2947487.2052
2024/02/14 06:20:49.01,462884.6124,5633473.7861,2947487.2059
2024/02/14 06:20:50.01,462884.6135,5633473.7763,2947487.2022
2024/02/14 06:20:51.01,462884.6132,5633473.78,2947487.2057
2024/02/14 06:20:52.01,462884.6159,5633473.7755,2947487.205
2024/02/14 06:20:53.01,462884.6117,5633473.7728,2947487.2047
2024/02/14 06:20:54.01,462884.6098,5633473.776,2947487.2041
2024/02/14 06:20:55.01,462884.6127,5633473.7777,2947487.2036
2024/02/14 06:20:56.01,462884.6149,5633473.7658,2947487.2025
2024/02/14 06:20:57.01,462884.6116,5633473.7684,2947487.2027
2024/02/14 06:20:58.01,462884.6097,5633473.7704,2947487.2026
2024/02/14 06:20:59.01,462884.6132,5633473.7702,2947487.2036
2024/02/14 06:21:00.01,462884.6141,5633473.7628,2947487.1988
2024/02/14 06:21:01.00,462884.611,5633473.7791,2947487.2084
2024/02/14 06:21:02.01,462884.6108,5633473.7714,2947487.2041
2024/02/14 06:21:03.01,462884.6076,5633473.7736,2947487.2048
2024/02/14 06:21:04.01,462884.6101,5633473.7761,2947487.2072
2024/02/14 06:21:05.01,462884.6121,5633473.7673,2947487.2032
2024/02/14 06:21:06.01,462884.6075,5633473.7719,2947487.2019
2024/02/14 06:21:07.01,462884.6136,5633473.7635,2947487.2027
2024/02/14 06:21:08.01,462884.6121,5633473.7701,2947487.2049
2024/02/14 06:21:09.01,462884.6097,5633473.7653,2947487.2036
2024/02/14 06:21:10.01,462884.6087,5633473.7676,2947487.2043
2024/02/14 06:21:11.01,462884.6115,5633473.7664,2947487.2027
2024/02/14 06:21:12.01,462884.6107,5633473.7575,2947487.2012
2024/02/14 06:21:13.01,462884.6078,5633473.7654,2947487.2028
2024/02/14 06:21:14.01,462884.4017,5633473.3985,2947487.2764
2024/02/14 06:21:15.01,462884.4016,5633473.3872,2947487.2709
2024/02/14 06:21:16.01,462884.6362,5633473.7471,2947487.2042
2024/02/14 06:21:17.01,462884.9194,5633473.7113,2947487.2758
2024/02/14 06:21:18.01,462885.5799,5633473.1602,2947487.5179
2024/02/14 06:21:19.01,462887.0145,5633472.9067,2947487.8137
2024/02/14 06:21:20.01,462888.5938,5633472.5743,2947488.1312
2024/02/14 06:21:21.01,462890.3165,5633472.2618,2947488.489
2024/02/14 06:21:22.01,462892.6168,5633472.2823,2947488.8728
2024/02/14 06:21:23.01,462894.8053,5633471.4622,2947489.4506
2024/02/14 06:21:24.01,462897.4268,5633470.9702,2947489.9632
2024/02/14 06:21:25.01,462900.1578,5633470.8661,2947490.3993
2024/02/14 06:21:26.01,462902.4563,5633470.5044,2947490.8384
2024/02/14 06:21:27.01,462904.7065,5633470.194,2947491.1866
2024/02/14 06:21:28.01,462907.0085,5633469.4336,2947491.6676
2024/02/14 06:21:29.01,462910.0417,5633469.3118,2947492.1777
2024/02/14 06:21:30.01,462912.7453,5633468.386,2947492.9131
2024/02/14 06:21:31.01,462915.7273,5633467.7646,2947493.6559
2024/02/14 06:21:32.01,462919.0854,5633467.4647,2947494.3986
2024/02/14 06:21:33.01,462922.1763,5633466.4451,2947495.3278
2024/02/14 06:21:34.01,462925.5552,5633465.7244,2947496.1832
2024/02/14 06:21:35.01,462929.2302,5633465.3755,2947496.9711
2024/02/14 06:21:36.01,462932.8866,5633464.6325,2947497.807
2024/02/14 06:21:37.01,462936.6305,5633463.9121,2947498.6447
2024/02/14 06:21:38.01,462940.3094,5633463.1565,2947499.445
2024/02/14 06:21:39.01,462943.5782,5633462.1396,2947500.2314
2024/02/14 06:21:40.01,462946.9857,5633461.8693,2947500.8104
2024/02/14 06:21:41.01,462949.8239,5633461.3167,2947501.4218
2024/02/14 06:21:42.01,462952.3629,5633460.8155,2947501.946
2024/02/14 06:21:43.01,462954.6258,5633460.3508,2947502.4038
2024/02/14 06:21:44.01,462956.6245,5633459.9906,2947502.7705
2024/02/14 06:21:45.01,462958.4216,5633459.5884,2947503.1325
2024/02/14 06:21:46.01,462960.1385,5633459.2458,2947503.5117
2024/02/14 06:21:47.01,462961.8543,5633458.8922,2947503.9021
2024/02/14 06:21:48.01,462963.5523,5633458.5132,2947504.2886
2024/02/14 06:21:49.01,462965.1999,5633458.1723,2947504.685
2024/02/14 06:21:50.01,462966.8517,5633457.7924,2947505.0387
2024/02/14 06:21:51.01,462968.2502,5633457.4991,2947505.3124
2024/02/14 06:21:52.01,462969.3678,5633457.2901,2947505.5342
2024/02/14 06:21:53.01,462970.3847,5633457.0683,2947505.7323
2024/02/14 06:21:54.01,462971.2041,5633456.9112,2947505.8874
2024/02/14 06:21:55.01,462971.9881,5633456.7691,2947506.0227
2024/02/14 06:21:56.01,462972.8682,5633456.5861,2947506.1815
2024/02/14 06:21:57.01,462973.8072,5633456.4271,2947506.3499
2024/02/14 06:21:58.01,462974.4106,5633455.9265,2947506.5689
2024/02/14 06:21:59.01,462975.3534,5633456.1364,2947506.6179
2024/02/14 06:22:00.01,462976.147,5633455.9726,2947506.7925
2024/02/14 06:22:01.00,462976.7146,5633455.4364,2947507.0338
2024/02/14 06:22:02.01,462977.5826,5633455.649,2947507.1239
2024/02/14 06:22:03.01,462978.0145,5633455.1358,2947507.37
2024/02/14 06:22:04.01,462978.5178,5633454.9706,2947507.4885
2024/02/14 06:22:05.01,462978.982,5633454.8758,2947507.6174
2024/02/14 06:22:06.01,462979.4075,5633454.7721,2947507.7772
2024/02/14 06:22:07.01,462980.0795,5633454.9655,2947507.8523
2024/02/14 06:22:08.01,462980.246,5633454.4945,2947508.0601
2024/02/14 06:22:09.01,462980.5144,5633454.4381,2947508.1721
2024/02/14 06:22:10.01,462981.0741,5633454.7252,2947508.2492
2024/02/14 06:22:11.01,462984.4032,5633457.9072,2947509.3822
2024/02/14 06:22:12.01,462981.784,5633454.0227,2947508.6537
2024/02/14 06:22:13.01,462983.9798,5633448.6022,2947507.3769
2024/02/14 06:22:14.01,462982.5146,5633453.8698,2947508.9082
2024/02/14 06:22:15.01,462982.9829,5633454.4364,2947509.1893
2024/02/14 06:22:16.01,462983.0949,5633454.12,2947508.9169
2024/02/14 06:22:17.01,462983.0851,5633454.3767,2947509.2037
2024/02/14 06:22:18.01,462983.1012,5633454.0938,2947508.9103
2024/02/14 06:22:19.01,462983.099,5633454.1026,2947508.9124
2024/02/14 06:22:20.01,462983.0825,5633454.377,2947509.2069
2024/02/14 06:22:21.01,462983.1018,5633454.1083,2947508.9154
2024/02/14 06:22:22.01,462983.1001,5633454.0944,2947508.9101
2024/02/14 06:22:23.01,462983.1006,5633454.1028,2947508.9128
2024/02/14 06:22:24.01,462982.8861,5633453.7471,2947508.9866
2024/02/14 06:22:25.01,462983.1402,5633454.0735,2947508.9163
2024/02/14 06:22:26.01,462983.2083,5633454.0719,2947508.9333
2024/02/14 06:22:27.01,462983.2108,5633454.0574,2947508.9273
2024/02/14 06:22:28.01,462983.2084,5633454.0574,2947508.9294
2024/02/14 06:22:29.01,462983.2177,5633454.0595,2947508.9312
2024/02/14 06:22:30.01,462983.1727,5633453.6697,2947509.0525
2024/02/14 06:22:31.01,462983.5654,5633453.5545,2947509.0914
2024/02/14 06:22:32.01,462987.3425,5633457.228,2947510.095
2024/02/14 06:22:33.01,462985.4311,5633453.2234,2947509.3538
2024/02/14 06:22:34.01,462987.5373,5633453.26,2947509.6254
2024/02/14 06:22:35.01,462990.0898,5633452.3307,2947510.1389
2024/02/14 06:22:36.01,462996.5866,5633455.5281,2947511.5875
2024/02/14 06:22:37.01,462997.3235,5633451.4553,2947511.1977
2024/02/14 06:22:38.01,463001.0309,5633450.6585,2947511.8308
2024/02/14 06:22:39.01,463004.9273,5633449.5264,2947512.707
2024/02/14 06:22:40.01,463008.9066,5633451.4921,2947513.7514
2024/02/14 06:22:41.01,463012.9363,5633445.329,2947516.2144
2024/02/14 06:22:42.01,463018.9024,5633443.8592,2947517.6137
2024/02/14 06:22:43.01,463026.4932,5633447.4311,2947518.0907
2024/02/14 06:22:44.01,463034.0567,5633443.2341,2947519.5482
2024/02/14 06:22:45.01,463040.6377,5633441.775,2947521.2944
2024/02/14 06:22:46.01,463047.2052,5633440.2701,2947523.0053
2024/02/14 06:22:47.01,463053.658,5633438.9049,2947524.5468
2024/02/14 06:22:48.01,463057.5413,5633435.2629,2947527.2137
2024/02/14 06:22:49.01,463065.9372,5633436.3546,2947527.1873
2024/02/14 06:22:50.01,463073.7677,5633438.8324,2947529.2436
2024/02/14 06:22:51.01,463078.0046,5633437.9664,2947530.1999
2024/02/14 06:22:52.01,463079.1715,5633433.6662,2947530.1257
2024/02/14 06:22:53.01,463082.9116,5633432.8782,2947530.9923
2024/02/14 06:22:54.01,463086.0007,5633432.2322,2947531.7588
2024/02/14 06:22:55.01,463088.4214,5633431.6011,2947532.4132
2024/02/14 06:22:56.01,463090.4592,5633430.4436,2947532.9513
2024/02/14 06:22:57.01,463092.135,5633430.6067,2947533.67
2024/02/14 06:22:58.01,463092.2607,5633432.873,2947534.426
2024/02/14 06:22:59.01,463092.9186,5633432.7405,2947534.9502
2024/02/14 06:23:00.01,463093.3197,5633432.5569,2947535.2567
2024/02/14 06:23:01.00,463093.518,5633432.4495,2947535.3851
2024/02/14 06:23:02.01,463093.7003,5633432.3695,2947535.5316
2024/02/14 06:23:03.01,463094.0633,5633432.1636,2947535.8455
2024/02/14 06:23:04.01,463094.4131,5633431.9617,2947536.1904
2024/02/14 06:23:05.01,463094.7385,5633431.7839,2947536.496
2024/02/14 06:23:06.01,463095.0489,5633431.59,2947536.7873
2024/02/14 06:23:07.01,463095.1547,5633431.5509,2947536.8962
2024/02/14 06:23:08.01,463095.1543,5633431.5407,2947536.898
2024/02/14 06:23:09.01,463095.1528,5633431.5339,2947536.8922
2024/02/14 06:23:10.01,463093.8771,5633426.4958,2947538.0104
2024/02/14 06:23:11.01,463095.3599,5633431.4029,2947537.0641
2024/02/14 06:23:12.01,463095.6115,5633431.2876,2947537.2953
2024/02/14 06:23:13.01,463095.8309,5633431.1416,2947537.4965
2024/02/14 06:23:15.01,463099.8686,5633434.734,2947539.3464
2024/02/14 06:23:16.01,463098.1977,5633426.5954,2947539.5386
2024/02/14 06:23:17.01,463097.6469,5633429.0402,2947541.3048
2024/02/14 06:23:18.01,463101.5987,5633428.7742,2947543.7164
2024/02/14 06:23:19.01,463101.9351,5633427.9017,2947545.0658
2024/02/14 06:23:20.01,463101.7929,5633427.1021,2947546.5668
2024/02/14 06:23:21.01,463101.2638,5633426.2963,2947548.0779
2024/02/14 06:23:22.01,463100.9746,5633425.5149,2947549.4983
2024/02/14 06:23:23.01,463100.5926,5633424.8033,2947550.8927
2024/02/14 06:23:24.01,463100.1187,5633424.0607,2947552.3406
2024/02/14 06:23:25.01,463096.677,5633419.6119,2947552.5457
2024/02/14 06:23:26.01,463096.4339,5633420.0922,2947554.2416
2024/02/14 06:23:27.01,463098.818,5633421.9088,2947556.3976
2024/02/14 06:23:28.01,463094.9648,5633417.0458,2947557.5887
2024/02/14 06:23:29.01,463096.9935,5633419.4613,2947560.9349
2024/02/14 06:23:30.01,463095.5507,5633418.0484,2947563.7738
2024/02/14 06:23:31.01,463093.8636,5633416.559,2947566.6974
2024/02/14 06:23:32.01,463091.912,5633414.9741,2947569.5894
2024/02/14 06:23:33.01,463087.8807,5633407.337,2947572.1715
2024/02/14 06:23:34.01,463085.8482,5633404.4834,2947574.3872
2024/02/14 06:23:35.01,463081.8129,5633402.2407,2947576.9557
2024/02/14 06:23:36.01,463077.7526,5633398.8698,2947579.3162
2024/02/14 06:23:37.01,463072.4152,5633398.8663,2947581.7904
2024/02/14 06:23:38.01,463071.7376,5633400.0261,2947588.1334
2024/02/14 06:23:39.01,463064.5109,5633395.0315,2947591.0799
2024/02/14 06:23:40.01,463062.0886,5633403.9917,2947598.2583
2024/02/14 06:23:41.01,463056.0485,5633392.3771,2947598.9467
2024/02/14 06:23:42.01,463053.6223,5633390.6908,2947601.7185
2024/02/14 06:23:43.01,463054.8357,5633393.0583,2947604.0912
2024/02/14 06:23:44.01,463050.9608,5633389.5161,2947603.8132
2024/02/14 06:23:45.01,463052.0456,5633399.7844,2947607.9556
2024/02/14 06:23:46.01,463048.6671,5633388.5524,2947604.3443
2024/02/14 06:23:48.01,463046.4403,5633387.8336,2947607.644
2024/02/14 06:23:49.01,463047.3937,5633390.3635,2947610.5034
2024/02/14 06:23:50.01,463045.0164,5633389.4383,2947612.6095
2024/02/14 06:23:51.01,463039.5085,5633385.2486,2947614.4341
2024/02/14 06:23:52.01,463036.2411,5633383.7767,2947616.9466
2024/02/14 06:23:53.01,463036.1779,5633385.7537,2947621.0217
2024/02/14 06:23:54.01,463030.1546,5633381.4528,2947622.533
2024/02/14 06:23:55.01,463026.9544,5633380.3651,2947625.8766
2024/02/14 06:23:56.01,463025.888,5633381.889,2947630.0723
2024/02/14 06:23:57.01,463021.5234,5633380.335,2947633.7804
2024/02/14 06:23:58.01,463013.0769,5633375.1405,2947635.5265
2024/02/14 06:23:59.01,463008.2029,5633373.5733,2947640.9791
2024/02/14 06:24:00.01,463004.2958,5633380.8909,2947648.0894
2024/02/14 06:24:01.00,462999.4752,5633380.297,2947653.3728
2024/02/14 06:24:02.01,462992.9341,5633369.2647,2947655.7567
2024/02/14 06:24:03.01,462989.0556,5633374.0914,2947663.5448
2024/02/14 06:24:04.01,462982.2348,5633365.3818,2947664.9228
2024/02/14 06:24:05.01,462976.3699,5633362.0193,2947668.5013
2024/02/14 06:24:06.01,462970.9813,5633360.1897,2947672.1642
2024/02/14 06:24:07.01,462966.8075,5633360.1346,2947677.0817
2024/02/14 06:24:08.01,462961.885,5633356.8635,2947680.3364
2024/02/14 06:24:09.01,462957.7282,5633355.216,2947684.1893
2024/02/14 06:24:10.01,462954.6911,5633351.715,2947688.3388
2024/02/14 06:24:11.01,462949.8791,5633352.1572,2947691.1586
2024/02/14 06:24:12.01,462947.1566,5633350.6098,2947694.462
2024/02/14 06:24:13.01,462944.6239,5633349.0304,2947697.2522
2024/02/14 06:24:14.01,462942.8618,5633347.7105,2947700.6738
2024/02/14 06:24:15.01,462939.9415,5633349.7886,2947704.2938
2024/02/14 06:24:16.01,462939.6224,5633345.1092,2947708.1827
2024/02/14 06:24:17.01,462938.036,5633342.3201,2947711.3597
2024/02/14 06:24:18.01,462936.8317,5633340.0838,2947715.6783
2024/02/14 06:24:19.01,462934.2932,5633342.7681,2947721.9195
2024/02/14 06:24:20.01,462934.2413,5633335.4967,2947725.1971
2024/02/14 06:24:21.01,462931.6455,5633339.1255,2947732.3474
2024/02/14 06:24:22.01,462930.5862,5633336.7948,2947737.5098
2024/02/14 06:24:23.01,462929.6291,5633333.4229,2947741.9481
2024/02/14 06:24:24.01,462934.4564,5633323.758,2947744.7961
2024/02/14 06:24:25.01,462932.5291,5633326.3522,2947748.5551
2024/02/14 06:24:26.01,462932.0876,5633324.2091,2947752.6777
2024/02/14 06:24:27.01,462930.1725,5633328.2237,2947760.0095
2024/02/14 06:24:28.01,462930.0456,5633326.4738,2947763.3863
2024/02/14 06:24:29.01,462930.0076,5633324.9305,2947766.3937
2024/02/14 06:24:30.01,462930.0959,5633323.4566,2947769.1221
2024/02/14 06:24:31.01,462930.3027,5633322.1368,2947771.5528
2024/02/14 06:24:32.01,462930.5167,5633321.3117,2947773.2336
2024/02/14 06:24:33.01,462927.7463,5633318.284,2947773.545
2024/02/14 06:24:34.01,462927.8826,5633317.9447,2947774.2005
2024/02/14 06:24:35.01,462930.8968,5633320.1922,2947775.3133
2024/02/14 06:24:36.01,462928.1534,5633317.1662,2947775.6595
2024/02/14 06:24:37.01,462928.3819,5633316.5084,2947776.844
2024/02/14 06:24:38.01,462931.5511,5633318.4672,2947778.5519
2024/02/14 06:24:39.01,462931.9246,5633317.7705,2947779.698
2024/02/14 06:24:40.01,462929.4145,5633314.564,2947780.285
2024/02/14 06:24:41.01,462929.7557,5633314.1248,2947781.3304
2024/02/14 06:24:42.01,462929.6825,5633314.1801,2947782.2756
2024/02/14 06:24:43.01,462930.4092,5633313.2078,2947782.9222
2024/02/14 06:24:44.01,462930.8959,5633312.6008,2947783.9829
2024/02/14 06:24:45.01,462931.0877,5633312.4681,2947785.359
2024/02/14 06:24:46.01,462931.9148,5633311.5419,2947786.9592
2024/02/14 06:24:47.01,462933.2195,5633310.1265,2947788.45
2024/02/14 06:24:48.01,462933.9712,5633309.3359,2947789.8382
2024/02/14 06:24:49.01,462931.4122,5633308.6766,2947792.027
2024/02/14 06:24:50.01,462935.2508,5633308.0856,2947791.9701
2024/02/14 06:24:51.01,462935.3424,5633307.9914,2947792.1499
2024/02/14 06:24:52.01,462935.3447,5633307.9939,2947792.1561
2024/02/14 06:24:53.01,462935.3454,5633307.9903,2947792.1539
2024/02/14 06:24:54.01,462935.345,5633307.9814,2947792.1488
2024/02/14 06:24:55.01,462935.3419,5633307.9984,2947792.1553
2024/02/14 06:24:56.01,462935.3467,5633307.9799,2947792.1495
2024/02/14 06:24:57.01,462935.3459,5633307.9892,2947792.1526
2024/02/14 06:24:58.01,462935.348,5633307.9874,2947792.1504
2024/02/14 06:24:59.01,462935.3462,5633307.9845,2947792.1523
2024/02/14 06:25:00.01,462935.325,5633308.0077,2947792.1232
2024/02/14 06:25:01.00,462935.4395,5633307.8879,2947792.3095
2024/02/14 06:25:02.01,462935.9159,5633307.4915,2947793.1419
2024/02/14 06:25:03.01,462936.7735,5633306.641,2947794.5621
2024/02/14 06:25:04.01,462937.8896,5633305.5992,2947796.5352
2024/02/14 06:25:05.01,462939.2476,5633304.2729,2947798.9394
2024/02/14 06:25:06.01,462940.7196,5633302.7615,2947801.7378
2024/02/14 06:25:07.01,462942.3481,5633301.0338,2947804.7268
2024/02/14 06:25:08.01,462944.0308,5633299.2822,2947807.9317
2024/02/14 06:25:09.01,462945.7157,5633297.4084,2947811.2751
2024/02/14 06:25:10.01,462947.368,5633295.6432,2947814.5277
2024/02/14 06:25:11.01,462948.9211,5633294.0643,2947817.5914
2024/02/14 06:25:12.01,462950.37,5633292.4305,2947820.7261
2024/02/14 06:25:13.01,462951.8188,5633290.8485,2947823.8586
2024/02/14 06:25:14.01,462953.2144,5633289.3248,2947826.9712
2024/02/14 06:25:15.01,462954.4866,5633287.8741,2947829.8731
2024/02/14 06:25:16.01,462955.4949,5633286.5625,2947832.4107
2024/02/14 06:25:17.01,462956.285,5633285.4984,2947834.5921
2024/02/14 06:25:18.01,462956.4387,5633285.1317,2947836.6405
2024/02/14 06:25:19.01,462957.3475,5633283.6447,2947838.2677
2024/02/14 06:25:20.01,462957.7935,5633282.8202,2947839.9426
2024/02/14 06:25:21.01,462958.2535,5633282.0072,2947841.4625
2024/02/14 06:25:22.01,462958.7752,5633281.2924,2947842.7592
2024/02/14 06:25:23.01,462959.0411,5633281.2305,2947843.8892
2024/02/14 06:25:24.01,462956.6286,5633280.3233,2947845.2805
2024/02/14 06:25:25.01,462956.9004,5633280.2465,2947845.5584
2024/02/14 06:25:26.01,462960.49,5633280.0177,2947844.7311
2024/02/14 06:25:27.01,462960.8949,5633279.9444,2947844.9163
2024/02/14 06:25:28.01,462961.2512,5633279.9139,2947845.0488
2024/02/14 06:25:29.01,462961.5734,5633279.7513,2947845.1002
2024/02/14 06:25:30.01,462961.5638,5633280.267,2947845.3287
2024/02/14 06:25:31.01,462962.4646,5633279.5652,2947845.2871
2024/02/14 06:25:32.01,462965.8242,5633282.0588,2947845.9105
2024/02/14 06:25:33.01,462960.0636,5633279.4743,2947846.5153
2024/02/14 06:25:34.01,462960.5044,5633279.5201,2947846.7178
2024/02/14 06:25:35.01,462961.321,5633279.2358,2947846.7744
2024/02/14 06:25:36.01,462961.1704,5633278.5447,2947847.3606
2024/02/14 06:25:37.01,462965.0096,5633282.4161,2947848.3635
2024/02/14 06:25:38.01,462961.916,5633278.2834,2947847.613
2024/02/14 06:25:40.01,462963.0823,5633278.7056,2947847.4386
2024/02/14 06:25:41.01,462963.6596,5633278.599,2947847.5794
2024/02/14 06:25:42.01,462963.8023,5633278.456,2947847.5317
2024/02/14 06:25:43.01,462963.6696,5633278.5415,2947847.5575
2024/02/14 06:25:44.01,462963.8134,5633278.4676,2947847.5379
2024/02/14 06:25:45.01,462963.9761,5633278.4826,2947847.5537
2024/02/14 06:25:46.01,462972.7977,5633268.5814,2947841.6419
2024/02/14 06:25:47.01,462967.6719,5633281.086,2947848.4073
2024/02/14 06:25:48.01,462973.4627,5633267.6812,2947839.9161
2024/02/14 06:25:50.01,462970.1343,5633282.8596,2947849.2203
2024/02/14 06:25:53.01,462975.8452,5633277.9183,2947847.1684
2024/02/14 06:25:54.01,462977.1124,5633277.0381,2947845.3685
2024/02/14 06:25:55.01,462980.0218,5633273.4686,2947845.3844
2024/02/14 06:25:56.01,462980.4687,5633277.1692,2947845.315
2024/02/14 06:25:57.01,462986.3463,5633267.6399,2947836.9599
2024/02/14 06:25:58.01,462984.117,5633279.0062,2947845.726
2024/02/14 06:25:59.01,462986.5805,5633280.1825,2947847.9361
2024/02/14 06:26:00.01,462989.0946,5633274.5849,2947844.2901
2024/02/14 06:26:01.00,462990.1847,5633276.1439,2947843.7562
2024/02/14 06:26:02.01,462992.0181,5633279.7849,2947847.2338
2024/02/14 06:26:03.01,462998.7785,5633265.1043,2947836.8895
2024/02/14 06:26:04.01,462994.5956,5633282.4964,2947847.6236
2024/02/14 06:26:05.01,462993.5377,5633284.7472,2947852.8421
2024/02/14 06:26:06.01,462996.2187,5633276.627,2947846.9901
2024/02/14 06:26:07.01,463001.1653,5633280.478,2947848.3981
2024/02/14 06:26:08.01,463006.0245,5633271.3713,2947846.5042
2024/02/14 06:26:09.01,463004.9421,5633268.1229,2947845.8738
2024/02/14 06:26:10.01,463010.2471,5633277.9539,2947846.3611
2024/02/14 06:26:11.01,463008.4169,5633275.3517,2947845.9468
2024/02/14 06:26:12.01,463011.9543,5633277.7347,2947846.5195
2024/02/14 06:26:13.01,463009.4238,5633275.2203,2947846.0799
2024/02/14 06:26:14.01,463009.7239,5633275.1645,2947846.1257
2024/02/14 06:26:15.01,463010.3428,5633275.0927,2947846.2204
2024/02/14 06:26:16.01,463011.0942,5633275.0209,2947846.3938
2024/02/14 06:26:17.01,463013.7923,5633270.236,2947845.1527
2024/02/14 06:26:18.01,463015.4552,5633277.2444,2947847.0593
2024/02/14 06:26:19.01,463016.3238,5633277.0919,2947847.1032
2024/02/14 06:26:20.01,463014.327,5633274.5157,2947846.699
2024/02/14 06:26:21.01,463015.7771,5633274.2717,2947846.7543
2024/02/14 06:26:22.01,463017.1926,5633274.8809,2947846.9922
2024/02/14 06:26:23.01,463016.7104,5633274.2357,2947847.8376
2024/02/14 06:26:24.01,463029.2665,5633257.4091,2947838.4969
2024/02/14 06:26:26.01,463025.4036,5633284.1662,2947856.6499
2024/02/14 06:26:27.01,463028.1314,5633289.9114,2947860.1376
2024/02/14 06:26:28.01,463037.7532,5633269.5721,2947846.6891
2024/02/14 06:26:29.01,463041.2501,5633268.0143,2947844.3078
2024/02/14 06:26:30.01,463046.8749,5633261.7616,2947842.762
2024/02/14 06:26:31.01,463050.6777,5633267.3097,2947847.2909
2024/02/14 06:26:32.01,463049.0645,5633279.5308,2947853.6209
2024/02/14 06:26:33.01,463057.1563,5633254.6743,2947840.6261
2024/02/14 06:26:34.01,463062.2215,5633250.54,2947840.2391
2024/02/14 06:26:35.01,463064.1734,5633270.6812,2947846.1637
2024/02/14 06:26:36.01,463064.0334,5633272.265,2947847.8809
2024/02/14 06:26:37.01,463067.3126,5633272.162,2947847.9375
2024/02/14 06:26:38.01,463070.6671,5633272.1638,2947848.095
2024/02/14 06:26:39.01,463073.808,5633272.0276,2947848.2552
2024/02/14 06:26:40.01,463086.7245,5633254.4015,2947836.7331
2024/02/14 06:26:41.01,463084.8914,5633260.3409,2947843.2188
2024/02/14 06:26:42.01,463084.7871,5633273.6568,2947849.3052
2024/02/14 06:26:43.01,463089.6017,5633264.3973,2947846.9104
2024/02/14 06:26:44.01,463091.8434,5633263.6295,2947848.1395
2024/02/14 06:26:45.01,463095.1528,5633271.0778,2947853.0499
2024/02/14 06:26:46.01,463093.276,5633267.0298,2947855.4707
2024/02/14 06:26:47.01,463093.8371,5633265.3716,2947858.65
2024/02/14 06:26:48.01,463093.8917,5633263.4473,2947862.344
2024/02/14 06:26:49.01,463093.6628,5633261.3203,2947866.3369
2024/02/14 06:26:50.01,463093.5539,5633259.1945,2947870.1773
2024/02/14 06:26:51.01,463093.2714,5633257.262,2947874.0454
2024/02/14 06:26:52.01,463092.8429,5633255.2581,2947877.8746
2024/02/14 06:26:53.01,463095.132,5633255.5672,2947882.5681
2024/02/14 06:26:54.01,463091.2652,5633250.8725,2947886.4668
2024/02/14 06:26:55.01,463090.2885,5633248.8621,2947890.6479
2024/02/14 06:26:56.01,463089.3913,5633246.8713,2947894.518
2024/02/14 06:26:57.01,463090.5862,5633240.1238,2947897.0157
2024/02/14 06:26:58.01,463087.7999,5633242.8522,2947902.6125
2024/02/14 06:26:59.01,463086.8309,5633240.5094,2947907.1547
2024/02/14 06:27:00.01,463087.7317,5633231.5319,2947910.2075
2024/02/14 06:27:01.00,463086.8114,5633228.801,2947915.5449
2024/02/14 06:27:02.01,463085.711,5633226.0556,2947921.3151
2024/02/14 06:27:03.01,463085.7435,5633232.0245,2947929.6325
2024/02/14 06:27:04.01,463081.7115,5633226.4955,2947935.1871
2024/02/14 06:27:05.01,463080.5065,5633223.4742,2947941.3026
2024/02/14 06:27:06.01,463081.0138,5633214.1054,2947945.6481
2024/02/14 06:27:07.01,463080.1356,5633210.9542,2947951.6817
2024/02/14 06:27:08.01,463079.33,5633208.1184,2947957.2058
2024/02/14 06:27:09.01,463077.785,5633211.7445,2947964.7933
2024/02/14 06:27:10.01,463078.1574,5633209.0428,2947969.9246
2024/02/14 06:27:11.01,463079.298,5633206.6536,2947974.561
2024/02/14 06:27:12.01,463081.285,5633204.613,2947978.4942
2024/02/14 06:27:13.01,463083.9845,5633202.8502,2947981.4717
2024/02/14 06:27:14.01,463091.509,5633181.6592,2947975.7904
2024/02/14 06:27:15.01,463093.1975,5633179.0196,2947978.5585
2024/02/14 06:27:16.01,463099.2603,5633202.5794,2947985.8033
2024/02/14 06:27:17.01,463103.8196,5633195.4747,2947983.5184
2024/02/14 06:27:18.01,463110.7988,5633202.4188,2947984.714
2024/02/14 06:27:19.01,463117.3835,5633202.4711,2947983.9677
2024/02/14 06:27:20.01,463123.4273,5633195.612,2947981.3432
2024/02/14 06:27:21.01,463130.6202,5633195.6747,2947980.6963
2024/02/14 06:27:22.01,463137.8807,5633195.7536,2947980.1651
2024/02/14 06:27:23.01,463145.1976,5633195.7655,2947979.636
2024/02/14 06:27:24.01,463152.5802,5633195.676,2947979.2249
2024/02/14 06:27:25.01,463160.0324,5633195.3929,2947979.1689
2024/02/14 06:27:26.01,463167.4953,5633195.0327,2947979.2536
2024/02/14 06:27:27.01,463174.8164,5633194.4636,2947979.8045
2024/02/14 06:27:28.01,463181.8665,5633193.682,2947980.8535
2024/02/14 06:27:29.01,463189.6227,5633199.6134,2947984.3561
2024/02/14 06:27:30.01,463193.3999,5633195.9885,2947985.9412
2024/02/14 06:27:31.01,463200.0274,5633194.8022,2947988.2503
2024/02/14 06:27:32.01,463206.5899,5633193.5931,2947990.6911
2024/02/14 06:27:33.01,463213.1075,5633192.3758,2947993.2955
2024/02/14 06:27:34.01,463219.5672,5633191.0462,2947996.0272
2024/02/14 06:27:35.01,463225.9987,5633189.7226,2947998.782
2024/02/14 06:27:36.01,463232.4478,5633188.3406,2948001.5151
2024/02/14 06:27:37.01,463234.6979,5633192.449,2948008.2016
2024/02/14 06:27:38.01,463241.0417,5633191.165,2948011.0095
2024/02/14 06:27:39.01,463255.0523,5633181.7131,2948007.4653
2024/02/14 06:27:40.01,463255.006,5633182.12,2948014.2873
2024/02/14 06:27:41.01,463264.9909,5633178.6156,2948015.2913
2024/02/14 06:27:42.01,463270.146,5633181.0137,2948018.1911
2024/02/14 06:27:43.01,463277.3475,5633174.557,2948017.9225
2024/02/14 06:27:44.01,463283.8281,5633173.4682,2948020.5424
2024/02/14 06:27:45.01,463289.9814,5633177.0222,2948025.2158
2024/02/14 06:27:46.01,463296.5699,5633175.9071,2948027.0406
2024/02/14 06:27:47.01,463304.5917,5633170.3324,2948027.2203
2024/02/14 06:27:48.01,463310.1439,5633169.3857,2948028.5612
2024/02/14 06:27:49.01,463313.7377,5633172.9517,2948031.2057
2024/02/14 06:27:50.01,463322.1132,5633174.3903,2948032.9182
2024/02/14 06:27:51.01,463324.1937,5633171.1761,2948033.5103
2024/02/14 06:27:52.01,463329.1797,5633170.3413,2948034.6071
2024/02/14 06:27:53.01,463334.3273,5633169.2504,2948036.2734
2024/02/14 06:27:54.01,463339.3556,5633167.7902,2948038.8328
2024/02/14 06:27:55.01,463345.2203,5633164.0671,2948040.1734
2024/02/14 06:27:56.01,463352.4584,5633160.5186,2948041.5665
2024/02/14 06:27:57.01,463359.7707,5633166.4845,2948044.5706
2024/02/14 06:27:58.01,463365.988,5633158.5113,2948043.6179
2024/02/14 06:27:59.01,463373.4204,5633157.3699,2948044.7026
2024/02/14 06:28:00.01,463380.664,5633156.1143,2948046.0252
2024/02/14 06:28:01.00,463387.8133,5633154.7493,2948047.4873
2024/02/14 06:28:02.01,463395.0998,5633153.2169,2948049.3634
2024/02/14 06:28:03.01,463402.7633,5633151.7114,2948051.1916
2024/02/14 06:28:04.01,463410.9132,5633150.132,2948053.0288
2024/02/14 06:28:05.01,463419.4969,5633148.4006,2948055.0573
2024/02/14 06:28:06.01,463428.4406,5633146.4624,2948057.3359
2024/02/14 06:28:07.01,463437.6069,5633144.6038,2948059.5163
2024/02/14 06:28:08.01,463446.7072,5633142.7176,2948061.673
2024/02/14 06:28:09.01,463455.535,5633140.8782,2948063.8628
2024/02/14 06:28:10.01,463464.9761,5633145.9612,2948068.0617
2024/02/14 06:28:11.01,463472.2388,5633137.1535,2948068.6788
2024/02/14 06:28:12.01,463480.3197,5633135.1887,2948071.234
2024/02/14 06:28:13.01,463486.5287,5633137.8186,2948075.1344
2024/02/14 06:28:14.01,463497.0521,5633131.285,2948076.1773
2024/02/14 06:28:15.01,463503.7813,5633133.9592,2948079.7252
2024/02/14 06:28:16.01,463514.787,5633127.5794,2948080.5696
2024/02/14 06:28:17.01,463523.8903,5633125.6461,2948082.7805
2024/02/14 06:28:18.01,463533.0024,5633123.5978,2948085.3419
2024/02/14 06:28:19.01,463542.1248,5633121.4983,2948088.1122
2024/02/14 06:28:20.01,463549.1572,5633123.8871,2948092.3541
2024/02/14 06:28:21.01,463560.8331,5633124.1148,2948095.7221
2024/02/14 06:28:22.01,463566.4801,5633119.8958,2948097.5996
2024/02/14 06:28:23.01,463574.4226,5633118.3699,2948099.4729
2024/02/14 06:28:24.01,463581.3255,5633117.0803,2948100.9756
2024/02/14 06:28:25.01,463588.0859,5633115.8701,2948102.3338
2024/02/14 06:28:26.01,463596.9791,5633110.0395,2948102.5207
2024/02/14 06:28:27.01,463604.5734,5633105.4144,2948104.0162
2024/02/14 06:28:28.01,463609.3778,5633111.8784,2948106.7603
2024/02/14 06:28:29.01,463618.9428,5633105.8474,2948107.1214
2024/02/14 06:28:30.01,463624.6946,5633108.9236,2948110.4428
2024/02/14 06:28:31.01,463632.7575,5633107.1989,2948112.611
2024/02/14 06:28:32.01,463643.0286,5633100.694,2948113.7575
2024/02/14 06:28:33.01,463649.4274,5633103.2034,2948117.8184
2024/02/14 06:28:34.01,463659.9432,5633096.4421,2948119.6559
2024/02/14 06:28:35.01,463666.5232,5633098.675,2948124.3039
2024/02/14 06:28:36.01,463677.332,5633091.8666,2948126.2398
2024/02/14 06:28:37.01,463684.5005,5633094.3477,2948130.2431
2024/02/14 06:28:38.01,463693.7754,5633092.1534,2948133.1515
2024/02/14 06:28:39.01,463705.1796,5633085.3816,2948134.8807
2024/02/14 06:28:40.01,463712.7863,5633087.6704,2948139.1161
2024/02/14 06:28:41.01,463722.5379,5633085.3956,2948142.128
2024/02/14 06:28:42.01,463734.418,5633078.4325,2948144.0173
2024/02/14 06:28:43.01,463744.4427,5633076.0586,2948147.097
2024/02/14 06:28:44.01,463754.5874,5633073.6129,2948150.2025
2024/02/14 06:28:45.01,463764.7753,5633071.1862,2948153.5246
2024/02/14 06:28:46.01,463772.9234,5633073.1343,2948158.2864
2024/02/14 06:28:47.01,463785.2578,5633066.0573,2948160.2175
2024/02/14 06:28:48.01,463793.665,5633068.1468,2948164.6544
2024/02/14 06:28:49.01,463806.2011,5633061.2832,2948166.3282
2024/02/14 06:28:50.01,463814.2022,5633067.1988,2948172.7741
2024/02/14 06:28:51.01,463828.236,5633063.3721,2948174.3276
2024/02/14 06:28:52.01,463837.712,5633053.7783,2948175.7397
2024/02/14 06:28:53.01,463848.9361,5633058.4414,2948180.7529
2024/02/14 06:28:54.01,463858.0461,5633048.9619,2948182.1079
2024/02/14 06:28:55.01,463868.8459,5633053.7102,2948186.9846
2024/02/14 06:28:56.01,463878.4787,5633051.4885,2948189.9285
2024/02/14 06:28:57.01,463887.9469,5633049.3635,2948192.7213
2024/02/14 06:28:58.01,463897.369,5633047.2036,2948195.5481
2024/02/14 06:28:59.01,463905.8298,5633038.1948,2948196.5586
2024/02/14 06:29:00.01,463915.1129,5633036.0323,2948199.5191
2024/02/14 06:29:01.00,463922.4834,5633038.4613,2948203.6599
2024/02/14 06:29:02.01,463934.0811,5633031.8687,2948205.0572
2024/02/14 06:29:03.01,463943.7844,5633029.8574,2948207.7464
2024/02/14 06:29:04.01,463951.5428,5633032.3164,2948211.8277
2024/02/14 06:29:05.01,463963.4242,5633025.6582,2948213.3029
2024/02/14 06:29:06.01,463973.2666,5633023.4807,2948216.2996
2024/02/14 06:29:07.01,463983.1699,5633021.3013,2948219.318
2024/02/14 06:29:08.01,463993.1792,5633019.1006,2948222.2113
2024/02/14 06:29:09.01,464003.1992,5633016.872,2948225.2206
2024/02/14 06:29:10.01,464011.1581,5633019.1397,2948229.724
2024/02/14 06:29:11.01,464021.1478,5633016.8445,2948232.9069
2024/02/14 06:29:12.01,464031.1696,5633014.5542,2948236.0829
2024/02/14 06:29:13.01,464043.141,5633007.6457,2948238.1408
2024/02/14 06:29:14.01,464051.1351,5633009.8343,2948242.6611
2024/02/14 06:29:15.01,464061.2349,5633007.6461,2948245.6526
2024/02/14 06:29:16.01,464071.1895,5633005.4197,2948248.5677
2024/02/14 06:29:17.01,464082.6738,5632998.7456,2948250.3089
2024/02/14 06:29:18.01,464089.729,5633001.0454,2948254.8141
2024/02/14 06:29:19.01,464100.6261,5632994.222,2948256.7831
2024/02/14 06:29:20.01,464107.278,5632996.4364,2948261.5272
2024/02/14 06:29:21.01,464115.7688,5632994.0833,2948265.0894
2024/02/14 06:29:22.01,464124.1252,5632991.7063,2948268.6353
2024/02/14 06:29:23.01,464132.5036,5632989.4298,2948271.9592
2024/02/14 06:29:24.01,464142.8635,5632982.6726,2948273.8828
2024/02/14 06:29:25.01,464151.4041,5632980.6621,2948276.6608
2024/02/14 06:29:26.01,464160.131,5632978.7738,2948279.1289
2024/02/14 06:29:27.01,464169.1241,5632977.416,2948281.9646
2024/02/14 06:29:28.01,464177.5091,5632973.8066,2948284.5332
2024/02/14 06:29:29.01,464185.6659,5632972.399,2948288.0693
2024/02/14 06:29:30.01,464193.641,5632970.2817,2948291.0064
2024/02/14 06:29:31.01,464201.1544,5632968.4221,2948293.7041
2024/02/14 06:29:32.01,464208.0278,5632966.6305,2948296.3382
2024/02/14 06:29:33.01,464212.3181,5632969.2626,2948300.4999
2024/02/14 06:29:34.01,464220.0873,5632962.809,2948302.3396
2024/02/14 06:29:35.01,464223.0829,5632965.0948,2948307.3756
2024/02/14 06:29:36.01,464227.3517,5632962.5098,2948311.8185
2024/02/14 06:29:37.01,464231.4106,5632965.3537,2948318.2688
2024/02/14 06:29:39.01,464232.1553,5632953.9731,2948328.6324
2024/02/14 06:29:40.01,464236.9796,5632951.4139,2948332.0431
2024/02/14 06:29:41.01,464237.6763,5632949.2424,2948336.1133
2024/02/14 06:29:42.01,464237.7323,5632947.1025,2948340.2461
2024/02/14 06:29:43.01,464237.2016,5632944.8255,2948344.7684
2024/02/14 06:29:44.01,464236.0746,5632942.3428,2948349.8351
2024/02/14 06:29:45.01,464234.4012,5632939.5788,2948355.5536
2024/02/14 06:29:46.01,464232.3429,5632936.5311,2948361.8
2024/02/14 06:29:47.01,464230.0394,5632933.4805,2948368.08
2024/02/14 06:29:48.01,464227.6531,5632930.4722,2948374.2296
2024/02/14 06:29:49.01,464225.2208,5632927.3659,2948380.5661
2024/02/14 06:29:50.01,464222.7607,5632924.1036,2948387.2394
2024/02/14 06:29:51.01,464220.3425,5632920.5735,2948394.2551
2024/02/14 06:29:52.01,464217.6436,5632916.9189,2948401.6074
2024/02/14 06:29:53.01,464214.7622,5632913.1308,2948409.2801
2024/02/14 06:29:54.01,464211.7747,5632909.1314,2948417.2523
2024/02/14 06:29:55.01,464208.5603,5632905.0669,2948425.4557
2024/02/14 06:29:56.01,464205.3841,5632900.8518,2948433.942
2024/02/14 06:29:57.01,464202.0555,5632896.6789,2948442.4384
2024/02/14 06:29:58.01,464198.7653,5632892.6556,2948450.5207
2024/02/14 06:29:59.01,464197.5831,5632884.3088,2948457.0687
2024/02/14 06:30:00.01,464192.0269,5632885.011,2948466.331
2024/02/14 06:30:01.00,464188.5256,5632881.0109,2948474.4902
2024/02/14 06:30:02.01,464185.1058,5632876.7692,2948482.9128
2024/02/14 06:30:03.01,464181.6222,5632872.3962,2948491.572
2024/02/14 06:30:04.01,464180.2039,5632863.475,2948499.1936
2024/02/14 06:30:05.01,464176.6586,5632858.9196,2948508.2609
2024/02/14 06:30:06.01,464170.9288,5632858.9256,2948518.7616
2024/02/14 06:30:07.01,464169.1042,5632849.8179,2948526.6964
2024/02/14 06:30:08.01,464165.189,5632845.1748,2948536.0523
2024/02/14 06:30:09.01,464161.2281,5632840.5119,2948545.4819
2024/02/14 06:30:10.01,464155.2384,5632840.4422,2948556.289
2024/02/14 06:30:11.01,464153.4688,5632831.2797,2948564.244
2024/02/14 06:30:12.01,464147.8725,5632831.2208,2948574.6824
2024/02/14 06:30:13.01,464144.4114,5632826.7975,2948583.6815
2024/02/14 06:30:14.01,464144.2523,5632824.9055,2948593.081
2024/02/14 06:30:15.01,464138.3091,5632817.9036,2948601.1859
2024/02/14 06:30:16.01,464137.2387,5632807.3588,2948607.9391
2024/02/14 06:30:17.01,464134.3809,5632808.8108,2948619.2354
2024/02/14 06:30:18.01,464129.7419,5632805.2268,2948626.4555
2024/02/14 06:30:19.01,464126.4505,5632801.0344,2948634.7688
2024/02/14 06:30:20.01,464122.5419,5632796.9684,2948642.9821
2024/02/14 06:30:21.01,464118.569,5632793.1287,2948650.9961
2024/02/14 06:30:22.01,464117.1351,5632785.1116,2948656.8815
2024/02/14 06:30:23.01,464112.07,5632786.3386,2948664.8138
2024/02/14 06:30:24.01,464109.5369,5632783.3185,2948670.9674
2024/02/14 06:30:25.01,464107.2205,5632780.3587,2948677.142
2024/02/14 06:30:26.01,464104.998,5632777.1757,2948683.4052
2024/02/14 06:30:27.01,464102.8987,5632774.3115,2948689.4123
2024/02/14 06:30:28.01,464101.2964,5632771.5215,2948695.1015
2024/02/14 06:30:29.01,464100.0019,5632768.8618,2948700.4709
2024/02/14 06:30:30.01,464099.4009,5632766.6789,2948704.8824
2024/02/14 06:30:31.01,464099.7857,5632765.0234,2948708.1994
2024/02/14 06:30:32.01,464100.5735,5632763.5799,2948710.8327
2024/02/14 06:30:33.01,464101.6265,5632762.1594,2948713.5134
2024/02/14 06:30:34.01,464104.6403,5632756.5563,2948715.0342
2024/02/14 06:30:36.01,464108.8684,5632751.6661,2948717.8869
2024/02/14 06:30:37.01,464110.1133,5632753.5077,2948720.2745
2024/02/14 06:30:38.01,464111.9409,5632748.1805,2948720.4841
2024/02/14 06:30:39.01,464112.2684,5632750.5945,2948720.7693
2024/02/14 06:30:40.01,464113.1445,5632750.2856,2948721.4101
2024/02/14 06:30:41.01,464114.4829,5632749.6902,2948722.3373
2024/02/14 06:30:42.01,464115.1815,5632750.2732,2948722.66
2024/02/14 06:30:43.01,464116.1553,5632754.7157,2948726.5518
2024/02/14 06:30:44.01,464117.7712,5632754.1962,2948727.4703
2024/02/14 06:30:45.01,464121.6001,5632749.1421,2948727.3414
2024/02/14 06:30:46.01,464124.1886,5632747.4012,2948728.5579
2024/02/14 06:30:47.01,464124.3079,5632752.0517,2948731.9341
2024/02/14 06:30:48.01,464129.0026,5632746.5914,2948732.6005
2024/02/14 06:30:49.01,464129.6727,5632750.1282,2948735.9474
2024/02/14 06:30:50.01,464132.3066,5632749.1402,2948738.0033
2024/02/14 06:30:51.01,464136.699,5632743.5727,2948739.0589
2024/02/14 06:30:52.01,464138.5604,5632742.3431,2948741.7808
2024/02/14 06:30:53.01,464139.7919,5632741.1044,2948744.8081
2024/02/14 06:30:54.01,464140.4325,5632739.6299,2948748.0038
2024/02/14 06:30:55.01,464138.3502,5632745.3124,2948754.3974
2024/02/14 06:30:56.01,464138.0502,5632743.8245,2948757.7116
2024/02/14 06:30:57.01,464137.6503,5632739.8108,2948759.2156
2024/02/14 06:30:58.01,464136.8415,5632738.4304,2948762.6545
2024/02/14 06:30:59.01,464135.7866,5632736.8113,2948766.3739
2024/02/14 06:31:00.01,464136.5812,5632730.6194,2948768.9611
2024/02/14 06:31:01.00,464135.2498,5632728.9262,2948772.8919
2024/02/14 06:31:02.01,464133.8568,5632727.2431,2948776.8343
2024/02/14 06:31:03.01,464132.4273,5632725.5495,2948780.7435
2024/02/14 06:31:04.01,464130.98,5632723.8276,2948784.6407
2024/02/14 06:31:05.01,464129.5858,5632722.0996,2948788.5987
2024/02/14 06:31:06.01,464128.1683,5632720.2521,2948792.6223
2024/02/14 06:31:07.01,464126.7737,5632718.3662,2948796.5715
2024/02/14 06:31:08.01,464125.4283,5632716.6029,2948800.2748
2024/02/14 06:31:09.01,464124.3237,5632715.3653,2948804.2214
2024/02/14 06:31:10.01,464122.9178,5632712.6703,2948808.1911
2024/02/14 06:31:11.01,464123.0399,5632702.8519,2948810.7868
2024/02/14 06:31:12.01,464121.5767,5632707.3902,2948818.1826
2024/02/14 06:31:13.01,464121.3962,5632704.3729,2948823.6416
2024/02/14 06:31:14.01,464118.4148,5632706.9744,2948829.8912
2024/02/14 06:31:15.01,464118.4175,5632705.1992,2948838.0177
2024/02/14 06:31:16.01,464120.1357,5632695.0352,2948840.5077
2024/02/14 06:31:17.01,464119.655,5632692.4,2948845.567
2024/02/14 06:31:18.01,464119.1109,5632690.0178,2948850.2032
2024/02/14 06:31:19.01,464118.132,5632691.5353,2948856.961
2024/02/14 06:31:20.01,464117.7109,5632685.5354,2948858.7549
2024/02/14 06:31:21.01,464116.8636,5632683.4005,2948862.9182
2024/02/14 06:31:22.01,464115.8584,5632681.2594,2948867.1361
2024/02/14 06:31:23.01,464112.8993,5632683.7658,2948872.2558
2024/02/14 06:31:24.01,464113.9912,5632677.5541,2948874.4828
2024/02/14 06:31:25.01,464113.1602,5632675.8264,2948877.8848
2024/02/14 06:31:26.01,464113.3899,5632666.8276,2948878.9972
2024/02/14 06:31:27.01,464111.6944,5632672.8834,2948883.7279
2024/02/14 06:31:28.01,464110.7984,5632671.5951,2948886.2961
2024/02/14 06:31:29.01,464109.7566,5632670.1637,2948889.217
2024/02/14 06:31:30.01,464108.3275,5632672.5128,2948894.9313
2024/02/14 06:31:31.01,464107.2686,5632666.7467,2948896.1696
2024/02/14 06:31:32.01,464105.4783,5632668.641,2948902.7827
2024/02/14 06:31:33.01,464104.1139,5632662.5041,2948904.8193
2024/02/14 06:31:34.01,464102.6005,5632660.31,2948909.4367
2024/02/14 06:31:35.01,464101.9124,5632654.5629,2948914.0828
2024/02/14 06:31:36.01,464098.0044,5632660.5532,2948919.4114
2024/02/14 06:31:37.01,464098.4354,5632658.2303,2948924.3621
2024/02/14 06:31:38.01,464097.325,5632652.6518,2948925.3478
2024/02/14 06:31:39.01,464096.2091,5632651.4967,2948927.9144
2024/02/14 06:31:40.01,464095.3842,5632650.6676,2948929.7221
2024/02/14 06:31:41.01,464094.7422,5632647.9062,2948932.0841
2024/02/14 06:31:42.01,464093.2924,5632653.0428,2948935.7943
2024/02/14 06:31:43.01,464091.5453,5632652.8421,2948938.2351
2024/02/14 06:31:44.01,464088.1302,5632654.989,2948941.3846
2024/02/14 06:31:45.01,464086.5337,5632653.9296,2948943.9403
2024/02/14 06:31:46.01,464085.4585,5632649.4786,2948944.9261
2024/02/14 06:31:47.01,464086.0237,5632643.7366,2948946.7932
2024/02/14 06:31:48.01,464084.9517,5632642.4803,2948949.9803
2024/02/14 06:31:49.01,464084.2972,5632641.3775,2948952.7529
2024/02/14 06:31:50.01,464084.0098,5632640.4997,2948954.7491
2024/02/14 06:31:51.01,464084.1023,5632640.6434,2948956.288
2024/02/14 06:31:52.01,464084.9812,5632632.1462,2948955.5391
2024/02/14 06:31:53.01,464084.3537,5632638.7231,2948959.47
2024/02/14 06:31:54.01,464085.2022,5632638.033,2948961.2127
2024/02/14 06:31:55.01,464086.4413,5632637.2896,2948963.1107
2024/02/14 06:31:56.01,464088.1223,5632636.6535,2948964.7682
2024/02/14 06:31:57.01,464090.0671,5632636.163,2948966.1329
2024/02/14 06:31:58.01,464092.0764,5632635.6853,2948967.4091
2024/02/14 06:31:59.01,464094.1801,5632635.2457,2948968.5677
2024/02/14 06:32:00.01,464096.3427,5632634.8437,2948969.6364
2024/02/14 06:32:01.00,464098.5044,5632634.4807,2948970.6774
2024/02/14 06:32:02.01,464100.6616,5632634.1465,2948971.7327
2024/02/14 06:32:03.01,464102.7943,5632633.6759,2948972.8898
2024/02/14 06:32:04.01,464104.8813,5632633.2216,2948974.162
2024/02/14 06:32:05.01,464107.8643,5632625.441,2948973.3197
2024/02/14 06:32:06.01,464108.7628,5632632.1716,2948976.9827
2024/02/14 06:32:07.01,464108.3541,5632635.8002,2948979.944
2024/02/14 06:32:08.01,464109.2818,5632638.6286,2948983.7302
2024/02/14 06:32:09.01,464110.8309,5632637.1589,2948985.2526
2024/02/14 06:32:10.01,464111.3465,5632637.1759,2948987.2177
2024/02/14 06:32:11.01,464111.995,5632636.3136,2948989.2917
2024/02/14 06:32:12.01,464115.026,5632627.7009,2948988.1703
2024/02/14 06:32:13.01,464115.2992,5632627.0252,2948990.2711
2024/02/14 06:32:14.01,464115.7163,5632626.2926,2948992.2588
2024/02/14 06:32:15.01,464116.0941,5632625.6224,2948994.2629
2024/02/14 06:32:16.01,464116.7788,5632624.907,2948996.1364
2024/02/14 06:32:17.01,464115.6849,5632628.5719,2948999.133
2024/02/14 06:32:18.01,464116.6019,5632630.7442,2949002.818
2024/02/14 06:32:19.01,464123.4809,5632624.8554,2949001.946
2024/02/14 06:32:20.01,464119.2292,5632625.0082,2949003.8163
