GPST,x_y,y_y,z_y
2023/12/06 02:07:05.99,459299.121,5634056.6307,2946974.2184
2023/12/06 02:07:06.99,459295.7336,5634057.5505,2946979.2372
2023/12/06 02:07:07.99,459296.2368,5634059.9219,2946980.2726
2023/12/06 02:07:08.99,459294.974,5634057.6908,2946980.0694
2023/12/06 02:07:09.99,459295.851,5634060.4028,2946982.1949
2023/12/06 02:07:10.99,459295.8112,5634057.1059,2946977.4611
2023/12/06 02:07:11.99,459295.5052,5634057.0678,2946977.907
2023/12/06 02:07:12.99,459295.637,5634052.9745,2946978.5271
2023/12/06 02:07:13.99,459294.7798,5634056.3238,2946978.8136
2023/12/06 02:07:14.99,459295.6678,5634049.7855,2946977.4997
2023/12/06 02:07:15.99,459295.1565,5634045.3387,2946973.5183
2023/12/06 02:07:16.99,459292.4548,5634055.2183,2946980.3
2023/12/06 02:07:17.99,459293.7032,5634060.5232,2946985.1008
2023/12/06 02:07:18.99,459289.4528,5634062.8438,2946983.7692
2023/12/06 02:07:19.99,459289.484,5634062.7731,2946983.7183
2023/12/06 02:07:20.99,459290.4448,5634061.5501,2946983.3472
2023/12/06 02:07:21.99,459297.1709,5634045.1379,2946977.4809
2023/12/06 02:07:22.99,459298.5423,5634040.9165,2946973.6926
2023/12/06 02:07:23.99,459297.6002,5634049.6077,2946978.9014
2023/12/06 02:07:24.99,459301.6208,5634057.4125,2946978.7219
2023/12/06 02:07:25.99,459303.1539,5634045.5744,2946979.579
2023/12/06 02:07:26.99,459306.1133,5634048.3119,2946978.2957
2023/12/06 02:07:27.99,459305.9267,5634052.4325,2946979.8023
2023/12/06 02:07:28.99,459307.5716,5634053.0034,2946979.196
2023/12/06 02:07:29.99,459308.8311,5634053.5437,2946977.9065
2023/12/06 02:07:30.99,459309.8413,5634054.3492,2946976.3545
2023/12/06 02:07:31.99,459310.426,5634058.8834,2946977.3495
2023/12/06 02:07:34.99,459309.9407,5634063.9333,2946971.2162
2023/12/06 02:07:35.99,459312.2437,5634061.9528,2946967.2083
2023/12/06 02:07:36.99,459314.6756,5634063.6411,2946966.7477
2023/12/06 02:07:39.99,459317.4909,5634060.1938,2946953.9922
2023/12/06 02:07:40.99,459316.3734,5634054.0077,2946948.799
2023/12/06 02:07:41.99,459317.1634,5634069.333,2946953.3423
2023/12/06 02:07:42.99,459318.4247,5634069.8574,2946950.8844
2023/12/06 02:07:43.99,459318.9073,5634070.2239,2946947.9103
2023/12/06 02:07:44.99,459319.7412,5634072.2323,2946945.8806
2023/12/06 02:07:45.99,459320.2837,5634073.9177,2946942.7988
2023/12/06 02:07:46.99,459323.5159,5634076.1103,2946941.418
2023/12/06 02:07:47.99,459326.139,5634075.2627,2946936.6336
2023/12/06 02:07:48.99,459323.1592,5634095.2276,2946936.4859
2023/12/06 02:07:49.99,459325.9822,5634078.7358,2946927.8851
2023/12/06 02:07:50.99,459323.463,5634075.1107,2946921.2001
2023/12/06 02:07:51.99,459324.8857,5634074.5307,2946917.4085
2023/12/06 02:07:52.99,459326.0278,5634081.8396,2946914.8933
2023/12/06 02:07:53.99,459328.8322,5634085.3701,2946914.231
2023/12/06 02:07:54.99,459327.0465,5634089.6131,2946911.1774
2023/12/06 02:07:55.99,459329.4433,5634092.4123,2946909.8564
2023/12/06 02:07:56.99,459327.5436,5634089.4588,2946901.1263
2023/12/06 02:07:57.99,459330.2406,5634095.9517,2946903.0269
2023/12/06 02:07:58.99,459330.9168,5634094.1505,2946897.2162
2023/12/06 02:07:59.99,459328.7636,5634094.3239,2946891.7392
2023/12/06 02:08:00.99,459326.9957,5634091.2232,2946889.3712
2023/12/06 02:08:01.99,459329.7444,5634092.9542,2946890.9657
2023/12/06 02:08:02.99,459330.325,5634096.0607,2946888.4775
2023/12/06 02:08:03.99,459330.5142,5634096.421,2946887.7832
2023/12/06 02:08:04.99,459330.7464,5634096.724,2946887.172
2023/12/06 02:08:05.99,459331.3194,5634097.2477,2946886.1775
2023/12/06 02:08:06.99,459332.2581,5634097.7244,2946885.2047
2023/12/06 02:08:07.99,459330.6653,5634091.3613,2946884.799
2023/12/06 02:08:08.99,459335.4756,5634098.5157,2946883.4417
2023/12/06 02:08:09.99,459339.024,5634099.418,2946884.8591
2023/12/06 02:08:10.99,459341.0382,5634099.3396,2946884.6912
2023/12/06 02:08:11.99,459341.531,5634098.2547,2946882.6335
2023/12/06 02:08:12.99,459343.2788,5634099.1141,2946882.1568
2023/12/06 02:08:13.99,459346.5832,5634100.4538,2946882.8927
2023/12/06 02:08:14.99,459347.1756,5634100.4548,2946880.525
2023/12/06 02:08:15.99,459347.8489,5634101.7843,2946878.4533
2023/12/06 02:08:16.99,459351.1284,5634104.1404,2946878.9244
2023/12/06 02:08:17.99,459350.3383,5634104.0838,2946874.293
2023/12/06 02:08:18.99,459348.6758,5634118.3553,2946875.2677
2023/12/06 02:08:19.99,459349.894,5634120.196,2946871.6482
2023/12/06 02:08:20.99,459354.9274,5634110.301,2946865.4445
2023/12/06 02:08:21.99,459347.9961,5634118.9832,2946861.8783
2023/12/06 02:08:22.99,459349.2056,5634120.486,2946858.5053
2023/12/06 02:08:23.99,459358.4599,5634113.5523,2946853.2791
2023/12/06 02:08:24.99,459357.8695,5634115.9532,2946849.3515
2023/12/06 02:08:25.99,459356.8735,5634117.4383,2946843.5554
2023/12/06 02:08:26.99,459358.7032,5634119.268,2946840.022
2023/12/06 02:08:27.99,459354.7287,5634114.2305,2946834.7819
2023/12/06 02:08:28.99,459361.2051,5634124.6568,2946833.2618
2023/12/06 02:08:29.99,459357.3297,5634123.9813,2946827.0111
2023/12/06 02:08:30.99,459357.2337,5634136.4021,2946827.1341
2023/12/06 02:08:31.99,459363.2484,5634129.5292,2946819.8016
2023/12/06 02:08:32.99,459361.9587,5634140.6427,2946821.7535
2023/12/06 02:08:33.99,459367.8745,5634131.0835,2946816.1742
2023/12/06 02:08:34.99,459364.9286,5634144.2762,2946814.4239
2023/12/06 02:08:35.99,459372.6861,5634138.53,2946809.1392
2023/12/06 02:08:36.99,459369.5405,5634135.6467,2946802.7428
2023/12/06 02:08:37.99,459370.5031,5634153.7261,2946803.7364
2023/12/06 02:08:38.99,459373.1988,5634143.1119,2946795.7401
2023/12/06 02:08:40.99,459380.758,5634151.8652,2946792.8979
2023/12/06 02:08:45.99,459373.2541,5634161.3041,2946784.9388
2023/12/06 02:08:47.99,459371.2402,5634153.1404,2946780.6278
2023/12/06 02:08:48.99,459366.6953,5634164.5835,2946782.6911
2023/12/06 02:08:49.99,459363.4993,5634163.4854,2946782.1544
2023/12/06 02:08:50.99,459359.537,5634164.7815,2946778.8464
2023/12/06 02:08:51.99,459361.7244,5634150.6015,2946777.8883
2023/12/06 02:08:52.99,459359.053,5634151.871,2946775.9339
2023/12/06 02:08:53.99,459358.4492,5634158.0727,2946772.9169
2023/12/06 02:08:54.99,459358.2227,5634159.8139,2946769.4272
2023/12/06 02:08:55.99,459350.9752,5634181.9409,2946772.6167
2023/12/06 02:08:56.99,459358.3657,5634159.013,2946762.4589
2023/12/06 02:08:57.99,459352.2055,5634172.1492,2946758.7751
2023/12/06 02:08:58.99,459352.8934,5634173.9723,2946755.1029
2023/12/06 02:08:59.99,459362.109,5634169.172,2946752.1613
2023/12/06 02:09:00.99,459360.6376,5634185.9535,2946751.4744
2023/12/06 02:09:01.99,459363.3957,5634171.2578,2946745.2784
2023/12/06 02:09:02.99,459360.5404,5634171.1157,2946738.3281
2023/12/06 02:09:03.99,459357.0407,5634165.6378,2946734.9872
2023/12/06 02:09:04.99,459362.4161,5634171.0946,2946734.2685
2023/12/06 02:09:05.99,459358.4865,5634169.116,2946728.1603
2023/12/06 02:09:06.99,459364.034,5634174.8978,2946726.7446
2023/12/06 02:09:07.99,459364.9439,5634180.0062,2946721.5119
2023/12/06 02:09:08.99,459365.819,5634181.8391,2946717.8821
2023/12/06 02:09:09.99,459366.6235,5634183.5364,2946714.2699
2023/12/06 02:09:10.99,459367.3281,5634185.2392,2946710.8206
2023/12/06 02:09:11.99,459368.1148,5634186.9414,2946707.4525
2023/12/06 02:09:12.99,459372.2253,5634190.1563,2946707.648
2023/12/06 02:09:13.99,459372.9846,5634191.8417,2946704.2361
2023/12/06 02:09:14.99,459371.9204,5634193.7229,2946699.4627
2023/12/06 02:09:15.99,459370.4454,5634193.4546,2946693.1847
2023/12/06 02:09:16.99,459375.3406,5634197.2302,2946694.4115
2023/12/06 02:09:17.99,459373.2284,5634198.1323,2946688.3037
2023/12/06 02:09:18.99,459374.1584,5634200.5081,2946685.4319
2023/12/06 02:09:19.99,459376.7303,5634202.4207,2946683.4414
2023/12/06 02:09:20.99,459374.3619,5634202.5179,2946676.5084
2023/12/06 02:09:21.99,459378.4904,5634205.7963,2946676.6584
2023/12/06 02:09:22.99,459379.3078,5634207.6514,2946673.2611
2023/12/06 02:09:23.99,459380.1067,5634209.3764,2946669.8051
2023/12/06 02:09:24.99,459379.6617,5634206.7301,2946666.299
2023/12/06 02:09:25.99,459381.5272,5634212.8035,2946662.8454
2023/12/06 02:09:26.99,459374.2808,5634221.9512,2946659.0863
2023/12/06 02:09:27.99,459383.3384,5634217.1336,2946654.645
2023/12/06 02:09:28.99,459384.4584,5634219.5886,2946649.769
2023/12/06 02:09:29.99,459384.5944,5634217.8559,2946644.5145
2023/12/06 02:09:30.99,459386.0187,5634220.6119,2946638.8613
2023/12/06 02:09:32.99,459389.8734,5634230.7496,2946626.7856
2023/12/06 02:09:33.99,459391.084,5634233.9289,2946620.3938
2023/12/06 02:09:34.99,459392.4102,5634237.3808,2946613.8503
2023/12/06 02:09:35.99,459393.8966,5634240.5062,2946607.4242
2023/12/06 02:09:36.99,459393.5308,5634243.3015,2946599.8879
2023/12/06 02:09:37.99,459396.6568,5634246.6219,2946595.1797
2023/12/06 02:09:38.99,459397.9638,5634250.0273,2946588.8284
2023/12/06 02:09:39.99,459399.3794,5634253.0942,2946582.5494
2023/12/06 02:09:40.99,459394.1941,5634264.4204,2946578.5543
2023/12/06 02:09:41.99,459402.1253,5634259.2593,2946570.4958
2023/12/06 02:09:42.99,459400.25,5634260.7067,2946560.782
2023/12/06 02:09:43.99,459406.685,5634253.6061,2946552.7528
2023/12/06 02:09:44.99,459406.296,5634268.6794,2946552.0532
2023/12/06 02:09:45.99,459406.3403,5634267.3056,2946546.2518
2023/12/06 02:09:46.99,459408.6337,5634274.2722,2946540.6871
2023/12/06 02:09:47.99,459407.8265,5634276.8217,2946533.8938
2023/12/06 02:09:48.99,459410.3093,5634279.555,2946530.4157
2023/12/06 02:09:49.99,459410.7989,5634281.8035,2946526.1767
2023/12/06 02:09:50.99,459408.0822,5634281.9478,2946518.7638
2023/12/06 02:09:51.99,459408.9618,5634283.7407,2946515.2027
2023/12/06 02:09:52.99,459410.0276,5634285.3667,2946511.9633
2023/12/06 02:09:53.99,459410.6073,5634286.9798,2946508.9768
2023/12/06 02:09:54.99,459410.8754,5634288.142,2946506.7688
2023/12/06 02:09:55.99,459414.1436,5634290.9405,2946508.6332
2023/12/06 02:09:56.99,459411.1928,5634289.5464,2946503.846
2023/12/06 02:09:57.99,459414.5322,5634291.8224,2946506.8884
2023/12/06 02:09:58.99,459414.5402,5634291.8331,2946506.8577
2023/12/06 02:09:59.99,459414.5395,5634291.8371,2946506.8574
2023/12/06 02:10:00.99,459414.5367,5634291.8312,2946506.8571
2023/12/06 02:10:01.99,459412.8004,5634291.7816,2946505.4191
2023/12/06 02:10:02.99,459414.5361,5634291.8295,2946506.8545
2023/12/06 02:10:03.99,459414.5355,5634291.8285,2946506.8549
2023/12/06 02:10:04.99,459412.8017,5634291.7893,2946505.4234
2023/12/06 02:10:05.99,459414.5374,5634291.8284,2946506.8556
2023/12/06 02:10:06.99,459412.8013,5634291.789,2946505.4204
2023/12/06 02:10:07.99,459411.386,5634289.9036,2946503.1874
2023/12/06 02:10:08.99,459411.387,5634289.8983,2946503.1844
2023/12/06 02:10:09.99,459414.5359,5634291.828,2946506.8518
2023/12/06 02:10:10.99,459414.534,5634291.8266,2946506.8524
2023/12/06 02:10:11.99,459414.5378,5634291.8207,2946506.85
2023/12/06 02:10:12.99,459414.5369,5634291.826,2946506.8519
2023/12/06 02:10:13.99,459414.5362,5634291.8215,2946506.8515
2023/12/06 02:10:14.99,459414.5384,5634291.826,2946506.851
2023/12/06 02:10:15.99,459414.5344,5634291.8182,2946506.8456
2023/12/06 02:10:16.99,459414.536,5634291.8179,2946506.8512
2023/12/06 02:10:17.99,459414.5388,5634291.8272,2946506.8537
2023/12/06 02:10:18.99,459414.5384,5634291.8245,2946506.8476
2023/12/06 02:10:19.99,459414.5339,5634291.8225,2946506.8504
2023/12/06 02:10:20.99,459414.534,5634291.8123,2946506.8449
2023/12/06 02:10:21.99,459414.5366,5634291.8219,2946506.8505
2023/12/06 02:10:22.99,459414.5344,5634291.8144,2946506.8474
2023/12/06 02:10:23.99,459414.5382,5634291.8174,2946506.8506
2023/12/06 02:10:24.99,459414.5342,5634291.8103,2946506.8448
2023/12/06 02:10:25.99,459414.5371,5634291.8114,2946506.8447
2023/12/06 02:10:26.99,459414.5348,5634291.8146,2946506.8486
2023/12/06 02:10:27.99,459414.5326,5634291.8042,2946506.8422
2023/12/06 02:10:28.99,459414.5346,5634291.8075,2946506.8454
2023/12/06 02:10:29.99,459414.535,5634291.8139,2946506.8484
2023/12/06 02:10:30.99,459412.8033,5634291.7874,2946505.4208
2023/12/06 02:10:31.99,459414.5325,5634291.8052,2946506.843
2023/12/06 02:10:32.99,459414.5312,5634291.8093,2946506.8432
2023/12/06 02:10:33.99,459414.5332,5634291.8122,2946506.8454
2023/12/06 02:10:34.99,459414.5319,5634291.8079,2946506.8429
2023/12/06 02:10:35.99,459412.7998,5634291.7837,2946505.4169
2023/12/06 02:10:36.99,459412.8007,5634291.7836,2946505.4168
2023/12/06 02:10:37.99,459414.5347,5634291.8104,2946506.8468
2023/12/06 02:10:38.99,459414.5371,5634291.8078,2946506.8474
2023/12/06 02:10:39.99,459414.534,5634291.8079,2946506.8427
2023/12/06 02:10:40.99,459414.5348,5634291.8082,2946506.8466
2023/12/06 02:10:41.99,459414.5327,5634291.8116,2946506.8489
2023/12/06 02:10:42.99,459414.5331,5634291.7995,2946506.8398
2023/12/06 02:10:43.99,459414.5327,5634291.8003,2946506.8391
2023/12/06 02:10:44.99,459412.8001,5634291.7862,2946505.4201
2023/12/06 02:10:45.99,459412.8019,5634291.7891,2946505.421
2023/12/06 02:10:46.99,459414.5311,5634291.8022,2946506.8413
2023/12/06 02:10:47.99,459412.8008,5634291.7869,2946505.4206
2023/12/06 02:10:48.99,459412.8012,5634291.7889,2946505.4173
2023/12/06 02:10:49.99,459414.5199,5634291.7627,2946506.8211
2023/12/06 02:10:50.99,459414.5324,5634291.7998,2946506.8403
2023/12/06 02:10:51.99,459412.8014,5634291.7856,2946505.4154
2023/12/06 02:10:52.99,459414.5329,5634291.8026,2946506.8419
2023/12/06 02:10:53.99,459412.8019,5634291.7906,2946505.4192
2023/12/06 02:10:54.99,459414.5316,5634291.8011,2946506.8413
2023/12/06 02:10:55.99,459414.5328,5634291.8,2946506.8422
2023/12/06 02:10:56.99,459414.5335,5634291.802,2946506.8444
2023/12/06 02:10:57.99,459412.8003,5634291.7862,2946505.4146
2023/12/06 02:10:58.99,459411.4152,5634289.9619,2946503.2265
2023/12/06 02:10:59.99,459414.5331,5634291.7978,2946506.8403
2023/12/06 02:11:00.99,459414.5335,5634291.8019,2946506.8428
2023/12/06 02:11:01.99,459414.5333,5634291.8044,2946506.8425
2023/12/06 02:11:02.99,459414.5312,5634291.795,2946506.8352
2023/12/06 02:11:03.99,459412.7998,5634291.7875,2946505.4147
2023/12/06 02:11:04.99,459414.5317,5634291.7964,2946506.8389
2023/12/06 02:11:05.99,459412.8025,5634291.7906,2946505.4183
2023/12/06 02:11:06.99,459414.5304,5634291.792,2946506.8327
2023/12/06 02:11:07.99,459412.8008,5634291.792,2946505.4182
2023/12/06 02:11:08.99,459414.53,5634291.793,2946506.8364
2023/12/06 02:11:09.99,459414.5282,5634291.7887,2946506.8332
2023/12/06 02:11:10.99,459412.8015,5634291.7928,2946505.42
2023/12/06 02:11:11.99,459414.5232,5634291.7576,2946506.8221
2023/12/06 02:11:12.99,459414.5213,5634291.7505,2946506.8164
2023/12/06 02:11:13.99,459414.5293,5634291.7889,2946506.8346
2023/12/06 02:11:14.99,459414.5272,5634291.7859,2946506.8317
2023/12/06 02:11:15.99,459412.8026,5634291.7938,2946505.4218
2023/12/06 02:11:16.99,459414.5199,5634291.7485,2946506.8149
2023/12/06 02:11:17.99,459412.8028,5634291.789,2946505.4183
2023/12/06 02:11:18.99,459414.527,5634291.7792,2946506.83
2023/12/06 02:11:19.99,459412.7986,5634291.7875,2946505.4154
2023/12/06 02:11:20.99,459414.5282,5634291.7805,2946506.8313
2023/12/06 02:11:21.99,459414.5203,5634291.7459,2946506.8144
2023/12/06 02:11:22.99,459414.5289,5634291.7831,2946506.8311
2023/12/06 02:11:23.99,459414.5183,5634291.7507,2946506.8168
2023/12/06 02:11:24.99,459414.5282,5634291.7832,2946506.831
2023/12/06 02:11:25.99,459414.5274,5634291.7823,2946506.8336
2023/12/06 02:11:26.99,459412.8013,5634291.7924,2946505.4205
2023/12/06 02:11:27.99,459414.5263,5634291.7776,2946506.8296
2023/12/06 02:11:28.99,459414.5173,5634291.7412,2946506.8105
2023/12/06 02:11:29.99,459414.5258,5634291.7757,2946506.8291
2023/12/06 02:11:30.99,459414.5182,5634291.7502,2946506.8166
2023/12/06 02:11:31.99,459414.5179,5634291.7434,2946506.8143
2023/12/06 02:11:32.99,459414.5188,5634291.747,2946506.8151
2023/12/06 02:11:33.99,459414.5196,5634291.7517,2946506.8161
2023/12/06 02:11:34.99,459414.519,5634291.7427,2946506.8142
2023/12/06 02:11:35.99,459414.524,5634291.7708,2946506.8257
2023/12/06 02:11:36.99,459414.5179,5634291.7462,2946506.8142
2023/12/06 02:11:37.99,459414.5166,5634291.746,2946506.814
2023/12/06 02:11:38.99,459414.5177,5634291.742,2946506.8113
2023/12/06 02:11:39.99,459414.5248,5634291.7732,2946506.8296
2023/12/06 02:11:40.99,459414.524,5634291.7749,2946506.8293
2023/12/06 02:11:41.99,459414.5234,5634291.776,2946506.8288
2023/12/06 02:11:42.99,459414.5174,5634291.7396,2946506.8106
2023/12/06 02:11:43.99,459414.5175,5634291.7474,2946506.8136
2023/12/06 02:11:44.99,459414.5255,5634291.7695,2946506.8256
2023/12/06 02:11:45.99,459414.5167,5634291.7428,2946506.8127
2023/12/06 02:11:46.99,459414.5258,5634291.7739,2946506.8266
2023/12/06 02:11:47.99,459414.5268,5634291.7821,2946506.834
2023/12/06 02:11:48.99,459414.5236,5634291.7686,2946506.8244
2023/12/06 02:11:49.99,459414.5182,5634291.773,2946506.8233
2023/12/06 02:11:50.99,459414.5218,5634291.7707,2946506.8233
2023/12/06 02:11:51.99,459414.5233,5634291.7678,2946506.8228
2023/12/06 02:11:52.99,459414.5188,5634291.7662,2946506.8189
2023/12/06 02:11:53.99,459414.5216,5634291.7707,2946506.8285
2023/12/06 02:11:54.99,459411.4219,5634290.0069,2946503.2451
2023/12/06 02:11:55.99,459414.5199,5634291.7707,2946506.8214
2023/12/06 02:11:56.99,459412.7998,5634291.8027,2946505.42
2023/12/06 02:11:57.99,459412.8002,5634291.8004,2946505.418
2023/12/06 02:11:58.99,459414.5184,5634291.7679,2946506.8231
2023/12/06 02:11:59.99,459414.5153,5634291.7354,2946506.8095
2023/12/06 02:12:00.99,459414.5208,5634291.7624,2946506.8192
2023/12/06 02:12:01.99,459414.5143,5634291.7343,2946506.8075
2023/12/06 02:12:02.99,459414.514,5634291.7275,2946506.8055
2023/12/06 02:12:03.99,459414.5234,5634291.762,2946506.8214
2023/12/06 02:12:04.99,459414.5156,5634291.7358,2946506.8091
2023/12/06 02:12:05.99,459414.5162,5634291.729,2946506.803
2023/12/06 02:12:06.99,459414.5144,5634291.731,2946506.8053
2023/12/06 02:12:07.99,459414.5168,5634291.7352,2946506.8091
2023/12/06 02:12:08.99,459414.5212,5634291.7581,2946506.8209
2023/12/06 02:12:09.99,459414.5166,5634291.7224,2946506.8073
2023/12/06 02:12:10.99,459414.5141,5634291.734,2946506.8071
2023/12/06 02:12:11.99,459414.5221,5634291.7558,2946506.8177
2023/12/06 02:12:12.99,459414.5208,5634291.7571,2946506.8184
2023/12/06 02:12:13.99,459414.5189,5634291.7536,2946506.8165
2023/12/06 02:12:14.99,459412.8067,5634291.8073,2946505.4267
2023/12/06 02:12:15.99,459412.799,5634291.7957,2946505.4171
2023/12/06 02:12:16.99,459414.5138,5634291.7257,2946506.803
2023/12/06 02:12:17.99,459414.5207,5634291.7477,2946506.8139
2023/12/06 02:12:18.99,459414.5139,5634291.7224,2946506.8017
2023/12/06 02:12:19.99,459414.5205,5634291.7572,2946506.8183
2023/12/06 02:12:20.99,459414.518,5634291.7546,2946506.8155
2023/12/06 02:12:21.99,459414.5144,5634291.7287,2946506.8044
2023/12/06 02:12:22.99,459414.512,5634291.731,2946506.8041
2023/12/06 02:12:23.99,459414.5185,5634291.7503,2946506.8131
2023/12/06 02:12:24.99,459414.5199,5634291.7524,2946506.8154
2023/12/06 02:12:25.99,459414.5125,5634291.7267,2946506.8012
2023/12/06 02:12:26.99,459414.5172,5634291.7516,2946506.8134
2023/12/06 02:12:27.99,459414.5177,5634291.7518,2946506.8143
2023/12/06 02:12:28.99,459414.5156,5634291.7272,2946506.8048
2023/12/06 02:12:29.99,459414.5131,5634291.7292,2946506.8022
2023/12/06 02:12:30.99,459414.5113,5634291.7242,2946506.7997
2023/12/06 02:12:31.99,459414.5102,5634291.7241,2946506.7979
2023/12/06 02:12:32.99,459414.5135,5634291.7277,2946506.8035
2023/12/06 02:12:33.99,459414.5113,5634291.7195,2946506.7985
2023/12/06 02:12:34.99,459414.5183,5634291.7491,2946506.8131
2023/12/06 02:12:35.99,459414.5127,5634291.7204,2946506.8004
2023/12/06 02:12:36.99,459414.5134,5634291.7235,2946506.8032
2023/12/06 02:12:37.99,459414.5117,5634291.7184,2946506.7973
2023/12/06 02:12:38.99,459414.5183,5634291.7435,2946506.8104
2023/12/06 02:12:39.99,459414.5178,5634291.7384,2946506.8095
2023/12/06 02:12:40.99,459414.5184,5634291.742,2946506.8098
2023/12/06 02:12:41.99,459414.5072,5634291.7134,2946506.7924
2023/12/06 02:12:42.99,459414.5109,5634291.7136,2946506.7961
2023/12/06 02:12:43.99,459414.5079,5634291.7164,2946506.7928
2023/12/06 02:12:44.99,459414.5124,5634291.7177,2946506.8011
2023/12/06 02:12:45.99,459414.51,5634291.7126,2946506.7961
2023/12/06 02:12:46.99,459414.5122,5634291.71,2946506.796
2023/12/06 02:12:47.99,459414.5113,5634291.7085,2946506.7975
2023/12/06 02:12:48.99,459412.7995,5634291.7979,2946505.4179
2023/12/06 02:12:49.99,459414.5112,5634291.7154,2946506.7965
2023/12/06 02:12:50.99,459414.517,5634291.7381,2946506.811
2023/12/06 02:12:51.99,459414.5093,5634291.7172,2946506.7987
2023/12/06 02:12:52.99,459414.5088,5634291.7186,2946506.7995
2023/12/06 02:12:53.99,459414.5099,5634291.7169,2946506.7959
2023/12/06 02:12:54.99,459414.5107,5634291.7165,2946506.7977
2023/12/06 02:12:55.99,459414.5141,5634291.7346,2946506.8047
2023/12/06 02:12:56.99,459414.5093,5634291.7131,2946506.7975
2023/12/06 02:12:57.99,459414.5107,5634291.7117,2946506.7964
2023/12/06 02:12:58.99,459414.5087,5634291.7073,2946506.7946
2023/12/06 02:12:59.99,459414.5083,5634291.7136,2946506.7954
2023/12/06 02:13:00.99,459414.5096,5634291.7127,2946506.7971
2023/12/06 02:13:01.99,459414.5053,5634291.7098,2946506.7947
2023/12/06 02:13:02.99,459414.5082,5634291.7077,2946506.7954
2023/12/06 02:13:03.99,459414.5106,5634291.7132,2946506.7966
2023/12/06 02:13:04.99,459414.506,5634291.7059,2946506.7937
2023/12/06 02:13:05.99,459414.5083,5634291.706,2946506.7933
2023/12/06 02:13:06.99,459414.5075,5634291.7042,2946506.7942
2023/12/06 02:13:07.99,459414.5073,5634291.7089,2946506.7952
2023/12/06 02:13:08.99,459414.5064,5634291.7068,2946506.7959
2023/12/06 02:13:09.99,459414.5134,5634291.7271,2946506.8059
2023/12/06 02:13:10.99,459414.5128,5634291.7242,2946506.8021
2023/12/06 02:13:11.99,459414.5061,5634291.7035,2946506.7926
2023/12/06 02:13:12.99,459414.5099,5634291.6994,2946506.7925
2023/12/06 02:13:13.99,459412.7996,5634291.801,2946505.418
2023/12/06 02:13:14.99,459414.5077,5634291.7011,2946506.7916
2023/12/06 02:13:15.99,459414.5065,5634291.6982,2946506.7918
2023/12/06 02:13:16.99,459412.7996,5634291.8005,2946505.418
2023/12/06 02:13:17.99,459412.7977,5634291.7966,2946505.4163
2023/12/06 02:13:18.99,459414.5097,5634291.7107,2946506.8006
2023/12/06 02:13:19.99,459414.5108,5634291.7171,2946506.8008
2023/12/06 02:13:20.99,459412.8017,5634291.8066,2946505.422
2023/12/06 02:13:21.99,459412.8,5634291.7956,2946505.4168
2023/12/06 02:13:22.99,459414.5062,5634291.6989,2946506.7937
2023/12/06 02:13:23.99,459412.7987,5634291.8006,2946505.4178
2023/12/06 02:13:24.99,459412.8009,5634291.8011,2946505.4199
2023/12/06 02:13:25.99,459412.8023,5634291.8012,2946505.4199
2023/12/06 02:13:26.99,459412.8007,5634291.7982,2946505.4166
2023/12/06 02:13:27.99,459414.5067,5634291.6905,2946506.7916
2023/12/06 02:13:28.99,459412.8001,5634291.7942,2946505.4154
2023/12/06 02:13:29.99,459412.7995,5634291.7983,2946505.4175
2023/12/06 02:13:30.99,459412.7976,5634291.7952,2946505.4157
2023/12/06 02:13:31.99,459412.7975,5634291.7985,2946505.4168
2023/12/06 02:13:32.99,459412.8009,5634291.8053,2946505.4214
2023/12/06 02:13:33.99,459414.5047,5634291.691,2946506.7882
2023/12/06 02:13:34.99,459412.7988,5634291.7971,2946505.4165
2023/12/06 02:13:35.99,459412.7976,5634291.7941,2946505.4155
2023/12/06 02:13:36.99,459414.505,5634291.6938,2946506.7913
2023/12/06 02:13:37.99,459412.8013,5634291.8052,2946505.4207
2023/12/06 02:13:38.99,459414.5056,5634291.6905,2946506.79
2023/12/06 02:13:39.99,459412.7994,5634291.8023,2946505.4194
2023/12/06 02:13:40.99,459414.5058,5634291.6818,2946506.7861
2023/12/06 02:13:41.99,459412.7979,5634291.7953,2946505.4132
2023/12/06 02:13:42.99,459412.7991,5634291.7991,2946505.4152
2023/12/06 02:13:43.99,459412.7981,5634291.7918,2946505.4133
2023/12/06 02:13:44.99,459412.7995,5634291.7958,2946505.4162
2023/12/06 02:13:45.99,459412.8026,5634291.7929,2946505.4185
2023/12/06 02:13:46.99,459414.5073,5634291.6853,2946506.7892
2023/12/06 02:13:47.99,459412.7989,5634291.7927,2946505.4147
2023/12/06 02:13:48.99,459412.7996,5634291.7991,2946505.4185
2023/12/06 02:13:49.99,459412.8007,5634291.7966,2946505.417
2023/12/06 02:13:50.99,459414.5046,5634291.6752,2946506.7837
2023/12/06 02:13:51.99,459412.7983,5634291.7968,2946505.4153
2023/12/06 02:13:52.99,459412.8007,5634291.8024,2946505.4206
2023/12/06 02:13:53.99,459414.5039,5634291.6718,2946506.7816
2023/12/06 02:13:54.99,459412.799,5634291.7877,2946505.4118
2023/12/06 02:13:55.99,459412.8001,5634291.795,2946505.4171
2023/12/06 02:13:56.99,459414.6604,5634292.3238,2946502.9935
2023/12/06 02:13:57.99,459414.6614,5634292.3292,2946502.9964
2023/12/06 02:13:58.99,459413.8432,5634301.7347,2946511.4001
2023/12/06 02:13:59.99,459412.8,5634291.7948,2946505.4158
2023/12/06 02:14:00.99,459412.8008,5634291.7979,2946505.4175
2023/12/06 02:14:01.99,459412.8003,5634291.7915,2946505.4161
2023/12/06 02:14:02.99,459412.8,5634291.7968,2946505.4164
2023/12/06 02:14:03.99,459414.5042,5634291.6717,2946506.7818
2023/12/06 02:14:04.99,459414.6618,5634292.3275,2946502.9958
2023/12/06 02:14:05.99,459412.7999,5634291.7933,2946505.4129
2023/12/06 02:14:06.99,459412.7984,5634291.7973,2946505.4152
2023/12/06 02:14:07.99,459412.799,5634291.7932,2946505.4145
2023/12/06 02:14:08.99,459414.6616,5634292.3272,2946502.9967
2023/12/06 02:14:09.99,459414.6632,5634292.3286,2946502.9977
2023/12/06 02:14:10.99,459412.8,5634291.7952,2946505.414
2023/12/06 02:14:11.99,459412.799,5634291.7986,2946505.4165
2023/12/06 02:14:12.99,459412.7981,5634291.7884,2946505.4129
2023/12/06 02:14:13.99,459412.7977,5634291.7976,2946505.418
2023/12/06 02:14:14.99,459412.7977,5634291.7981,2946505.4148
2023/12/06 02:14:15.99,459413.8384,5634301.731,2946511.3979
2023/12/06 02:14:16.99,459414.664,5634292.3362,2946503.002
2023/12/06 02:14:17.99,459414.5019,5634291.6629,2946506.7789
2023/12/06 02:14:18.99,459412.7997,5634291.7968,2946505.4167
2023/12/06 02:14:19.99,459414.6651,5634292.3375,2946503.0024
2023/12/06 02:14:20.99,459412.7979,5634291.8013,2946505.4137
2023/12/06 02:14:21.99,459412.798,5634291.7968,2946505.415
2023/12/06 02:14:22.99,459412.7981,5634291.8008,2946505.4173
2023/12/06 02:14:23.99,459412.7996,5634291.799,2946505.4172
2023/12/06 02:14:24.99,459412.7983,5634291.7978,2946505.4139
2023/12/06 02:14:25.99,459414.6675,5634292.3409,2946503.0052
2023/12/06 02:14:26.99,459412.7981,5634291.7958,2946505.4147
2023/12/06 02:14:27.99,459414.667,5634292.3317,2946503.0029
2023/12/06 02:14:28.99,459410.0459,5634286.2524,2946503.3207
2023/12/06 02:14:29.99,459412.9423,5634291.0235,2946505.2121
2023/12/06 02:14:30.99,459414.6667,5634292.3405,2946503.006
2023/12/06 02:14:31.99,459410.0496,5634286.2706,2946503.3253
2023/12/06 02:14:32.99,459414.4999,5634291.6637,2946506.7808
2023/12/06 02:14:33.99,459412.798,5634291.796,2946505.4156
2023/12/06 02:14:34.99,459414.6717,5634292.3449,2946503.0115
2023/12/06 02:14:35.99,459411.2586,5634289.3856,2946507.0171
2023/12/06 02:14:36.99,459412.7967,5634291.7995,2946505.4136
2023/12/06 02:14:37.99,459414.6666,5634292.3382,2946503.006
2023/12/06 02:14:38.99,459412.7972,5634291.8051,2946505.419
2023/12/06 02:14:39.99,459412.8022,5634291.8138,2946505.4222
2023/12/06 02:14:40.99,459414.6681,5634292.3383,2946503.0073
2023/12/06 02:14:41.99,459412.7974,5634291.8064,2946505.4187
2023/12/06 02:14:42.99,459412.7971,5634291.7966,2946505.4151
2023/12/06 02:14:43.99,459414.6693,5634292.3422,2946503.0085
2023/12/06 02:14:44.99,459414.4958,5634291.6594,2946506.7736
2023/12/06 02:14:45.99,459412.7956,5634291.796,2946505.4134
2023/12/06 02:14:46.99,459414.6722,5634292.3427,2946503.0109
2023/12/06 02:14:47.99,459412.7967,5634291.8065,2946505.4194
2023/12/06 02:14:48.99,459412.7977,5634291.8058,2946505.4182
2023/12/06 02:14:49.99,459412.7968,5634291.804,2946505.4167
2023/12/06 02:14:50.99,459412.8,5634291.8138,2946505.423
2023/12/06 02:14:51.99,459415.1195,5634288.0438,2946508.5395
2023/12/06 02:14:52.99,459412.8005,5634291.8096,2946505.4212
2023/12/06 02:14:53.99,459412.7986,5634291.8053,2946505.4169
2023/12/06 02:14:54.99,459412.7986,5634291.8054,2946505.421
2023/12/06 02:14:55.99,459410.0496,5634286.2851,2946503.3273
2023/12/06 02:14:56.99,459412.7975,5634291.8111,2946505.4204
2023/12/06 02:14:57.99,459412.7973,5634291.8102,2946505.4191
2023/12/06 02:14:58.99,459412.8014,5634291.8002,2946505.4162
2023/12/06 02:14:59.99,459415.116,5634288.0406,2946508.5346
2023/12/06 02:15:00.99,459412.798,5634291.8027,2946505.4163
2023/12/06 02:15:01.99,459412.7967,5634291.8066,2946505.4166
2023/12/06 02:15:02.99,459412.941,5634291.0242,2946505.2093
2023/12/06 02:15:03.99,459412.7941,5634291.8049,2946505.4167
2023/12/06 02:15:04.99,459414.6769,5634292.3431,2946503.0146
2023/12/06 02:15:05.99,459412.7987,5634291.816,2946505.4244
2023/12/06 02:15:06.99,459412.7983,5634291.805,2946505.4181
2023/12/06 02:15:07.99,459412.8002,5634291.8189,2946505.4262
2023/12/06 02:15:08.99,459412.9364,5634291.0034,2946505.2011
2023/12/06 02:15:09.99,459412.7958,5634291.8117,2946505.4203
2023/12/06 02:15:10.99,459412.9417,5634291.0278,2946505.2132
2023/12/06 02:15:11.99,459412.9415,5634291.0263,2946505.2126
2023/12/06 02:15:12.99,459412.9382,5634291.0251,2946505.2111
2023/12/06 02:15:13.99,459412.9366,5634291.0125,2946505.2038
2023/12/06 02:15:14.99,459411.2498,5634289.3959,2946507.0111
2023/12/06 02:15:15.99,459412.9346,5634291.0132,2946505.2041
2023/12/06 02:15:16.99,459412.9345,5634291.0072,2946505.2011
2023/12/06 02:15:17.99,459411.2526,5634289.3928,2946507.0171
2023/12/06 02:15:18.99,459411.2463,5634289.3905,2946507.0081
2023/12/06 02:15:19.99,459415.1042,5634288.0007,2946508.5175
2023/12/06 02:15:20.99,459415.1073,5634288.0113,2946508.5208
2023/12/06 02:15:21.99,459412.7957,5634291.8092,2946505.4184
2023/12/06 02:15:22.99,459411.2466,5634289.3938,2946507.0103
2023/12/06 02:15:23.99,459415.1078,5634288.014,2946508.5253
2023/12/06 02:15:24.99,459415.1057,5634288.0128,2946508.5229
2023/12/06 02:15:25.99,459411.2448,5634289.3942,2946507.0105
2023/12/06 02:15:26.99,459412.9386,5634291.027,2946505.2128
2023/12/06 02:15:27.99,459412.7931,5634291.8059,2946505.4177
2023/12/06 02:15:28.99,459415.1,5634287.9893,2946508.5099
2023/12/06 02:15:29.99,459413.3949,5634287.7647,2946507.1083
2023/12/06 02:15:30.99,459412.9386,5634291.0248,2946505.2131
2023/12/06 02:15:31.99,459412.9402,5634291.0249,2946505.2095
2023/12/06 02:15:32.99,459412.7956,5634291.8129,2946505.4216
2023/12/06 02:15:33.99,459411.2423,5634289.3955,2946507.0058
2023/12/06 02:15:34.99,459412.9359,5634291.0316,2946505.2088
2023/12/06 02:15:35.99,459411.2413,5634289.3983,2946507.0094
2023/12/06 02:15:36.99,459414.4577,5634290.4631,2946507.0119
2023/12/06 02:15:37.99,459412.9388,5634291.0232,2946505.2092
2023/12/06 02:15:38.99,459414.6858,5634299.7569,2946509.1458
2023/12/06 02:15:39.99,459412.9363,5634291.03,2946505.2107
2023/12/06 02:15:40.99,459412.9362,5634291.0281,2946505.21
2023/12/06 02:15:41.99,459413.3857,5634287.7808,2946507.099
2023/12/06 02:15:42.99,459411.2462,5634289.4052,2946506.9788
2023/12/06 02:15:43.99,459411.2518,5634289.4113,2946506.9571
2023/12/06 02:15:44.99,459411.2567,5634289.4165,2946506.9418
2023/12/06 02:15:45.99,459411.3759,5634289.5283,2946506.5823
2023/12/06 02:15:46.99,459412.4463,5634288.6143,2946503.6837
2023/12/06 02:15:47.99,459412.3503,5634290.558,2946504.3531
2023/12/06 02:15:48.99,459412.7802,5634291.3712,2946502.5515
2023/12/06 02:15:49.99,459412.8152,5634292.3065,2946500.5916
2023/12/06 02:15:50.99,459416.5701,5634291.3642,2946496.378
2023/12/06 02:15:51.99,459411.1849,5634294.7129,2946497.0527
2023/12/06 02:15:52.99,459409.3913,5634297.461,2946490.7257
2023/12/06 02:15:53.99,459405.4212,5634296.9219,2946492.4762
2023/12/06 02:15:54.99,459402.3825,5634299.7276,2946488.2736
2023/12/06 02:15:55.99,459396.7189,5634301.0903,2946486.4952
2023/12/06 02:15:56.99,459392.1824,5634301.9491,2946487.2521
2023/12/06 02:15:57.99,459386.2566,5634303.0179,2946486.1029
2023/12/06 02:15:58.99,459380.3361,5634304.2497,2946484.5707
2023/12/06 02:15:59.99,459374.2811,5634305.4672,2946483.0595
2023/12/06 02:16:00.99,459366.6885,5634306.9883,2946479.457
2023/12/06 02:16:01.99,459362.0822,5634307.8271,2946480.3172
2023/12/06 02:16:02.99,459356.6208,5634308.8412,2946479.1511
2023/12/06 02:16:03.99,459351.4067,5634309.8296,2946478.0483
2023/12/06 02:16:04.99,459346.7789,5634310.6729,2946477.0271
2023/12/06 02:16:05.99,459342.9238,5634311.4065,2946476.1778
2023/12/06 02:16:06.99,459339.7611,5634312.0158,2946475.4564
2023/12/06 02:16:07.99,459337.0504,5634312.5503,2946474.8098
2023/12/06 02:16:08.99,459334.3184,5634313.1487,2946474.0781
2023/12/06 02:16:09.99,459332.0647,5634313.8082,2946473.1109
2023/12/06 02:16:10.99,459327.8689,5634315.2548,2946468.1826
2023/12/06 02:16:11.99,459328.9445,5634310.3225,2946469.2732
2023/12/06 02:16:12.99,459326.772,5634316.2383,2946466.3801
2023/12/06 02:16:13.99,459326.6029,5634316.6737,2946465.5513
2023/12/06 02:16:14.99,459326.5599,5634317.0105,2946464.8929
2023/12/06 02:16:15.99,459326.6075,5634317.2456,2946464.4192
2023/12/06 02:16:16.99,459326.6655,5634317.4066,2946464.1263
2023/12/06 02:16:17.99,459326.7521,5634317.5476,2946463.8295
2023/12/06 02:16:18.99,459326.9515,5634317.8309,2946463.2858
2023/12/06 02:16:19.99,459327.4727,5634318.3202,2946462.3475
2023/12/06 02:16:20.99,459328.7184,5634318.9141,2946461.1597
2023/12/06 02:16:21.99,459331.6495,5634322.0133,2946460.1694
2023/12/06 02:16:22.99,459334.1786,5634318.7994,2946461.6557
2023/12/06 02:16:23.99,459335.3215,5634319.1413,2946459.9601
2023/12/06 02:16:24.99,459338.8086,5634318.6537,2946460.4445
2023/12/06 02:16:25.99,459344.485,5634317.4544,2946462.8627
2023/12/06 02:16:26.99,459349.157,5634316.6796,2946463.6836
2023/12/06 02:16:27.99,459354.1499,5634315.7955,2946464.6819
2023/12/06 02:16:28.99,459358.9643,5634314.8833,2946465.7252
2023/12/06 02:16:29.99,459363.4994,5634314.02,2946466.7312
2023/12/06 02:16:30.99,459368.2021,5634313.1271,2946467.7965
2023/12/06 02:16:31.99,459373.2698,5634312.2094,2946468.8368
2023/12/06 02:16:32.99,459377.763,5634308.5065,2946470.0708
2023/12/06 02:16:33.99,459384.9515,5634310.1034,2946471.2841
2023/12/06 02:16:34.99,459391.5761,5634308.851,2946472.7371
2023/12/06 02:16:35.99,459398.7023,5634307.5648,2946474.1364
2023/12/06 02:16:36.99,459404.5618,5634306.8661,2946473.6784
2023/12/06 02:16:37.99,459411.8341,5634305.6276,2946474.9679
2023/12/06 02:16:38.99,459418.486,5634304.4786,2946476.1899
2023/12/06 02:16:39.99,459424.9934,5634300.0873,2946479.2607
2023/12/06 02:16:40.99,459430.5142,5634302.2814,2946478.6076
2023/12/06 02:16:41.99,459436.829,5634301.2449,2946479.647
2023/12/06 02:16:42.99,459443.5552,5634300.1355,2946480.5867
2023/12/06 02:16:43.99,459450.6655,5634299.0603,2946481.5434
2023/12/06 02:16:44.99,459457.9459,5634297.9281,2946482.5579
2023/12/06 02:16:45.99,459465.0107,5634296.7929,2946483.632
2023/12/06 02:16:46.99,459473.6397,5634294.9974,2946486.6543
2023/12/06 02:16:47.99,459479.3993,5634294.1687,2946486.434
2023/12/06 02:16:48.99,459488.2374,5634292.0842,2946489.9197
2023/12/06 02:16:49.99,459495.4637,5634290.5709,2946491.6642
2023/12/06 02:16:50.99,459502.7145,5634289.0543,2946493.43
2023/12/06 02:16:51.99,459508.51,5634288.147,2946493.3695
2023/12/06 02:16:52.99,459517.2009,5634286.084,2946496.7783
2023/12/06 02:16:53.99,459522.7291,5634285.2426,2946496.6422
2023/12/06 02:16:54.99,459531.235,5634283.207,2946500.1061
2023/12/06 02:16:55.99,459536.1725,5634280.8502,2946504.0452
2023/12/06 02:16:56.99,459544.2277,5634281.5828,2946503.9629
2023/12/06 02:16:57.99,459550.3395,5634279.2478,2946504.7782
2023/12/06 02:16:58.99,459556.2866,5634278.068,2946506.1233
2023/12/06 02:16:59.99,459561.1974,5634277.4658,2946505.682
2023/12/06 02:17:00.99,459570.9731,5634276.8248,2946506.8302
2023/12/06 02:17:01.99,459575.5474,5634274.3826,2946510.1313
2023/12/06 02:17:02.99,459581.7086,5634274.2179,2946512.139
2023/12/06 02:17:03.99,459589.0185,5634269.5498,2946512.5065
2023/12/06 02:17:04.99,459594.682,5634270.5658,2946514.4628
2023/12/06 02:17:05.99,459601.0674,5634269.2852,2946515.9303
2023/12/06 02:17:06.99,459608.2308,5634265.7139,2946516.8987
2023/12/06 02:17:07.99,459614.0489,5634266.7037,2946518.8087
2023/12/06 02:17:08.99,459620.4106,5634265.5015,2946520.1281
2023/12/06 02:17:09.99,459626.2831,5634264.3875,2946521.2827
2023/12/06 02:17:10.99,459631.917,5634263.303,2946522.4562
2023/12/06 02:17:11.99,459636.0695,5634259.5877,2946523.6496
2023/12/06 02:17:12.99,459641.836,5634261.3829,2946524.5733
2023/12/06 02:17:13.99,459646.1265,5634260.5614,2946525.5237
2023/12/06 02:17:14.99,459650.041,5634259.7915,2946526.3642
2023/12/06 02:17:15.99,459651.6423,5634259.7553,2946525.2536
2023/12/06 02:17:16.99,459653.5779,5634257.7868,2946529.7972
2023/12/06 02:17:17.99,459654.9994,5634257.55,2946530.0888
2023/12/06 02:17:18.99,459659.24,5634257.9376,2946530.1066
2023/12/06 02:17:19.99,459657.8107,5634258.2734,2946527.969
2023/12/06 02:17:20.99,459657.8124,5634258.2725,2946527.9676
2023/12/06 02:17:21.99,459659.2506,5634257.9255,2946530.1048
2023/12/06 02:17:22.99,459656.7264,5634255.5645,2946528.0474
2023/12/06 02:17:23.99,459657.7935,5634258.273,2946527.9667
2023/12/06 02:17:24.99,459659.2349,5634257.9292,2946530.1004
2023/12/06 02:17:25.99,459659.2346,5634257.934,2946530.1046
2023/12/06 02:17:26.99,459657.7935,5634258.2783,2946527.9684
2023/12/06 02:17:27.99,459656.2896,5634258.8745,2946526.193
2023/12/06 02:17:28.99,459657.795,5634258.2759,2946527.9642
2023/12/06 02:17:29.99,459657.7936,5634258.2695,2946527.9633
2023/12/06 02:17:30.99,459657.7938,5634258.2766,2946527.9685
2023/12/06 02:17:31.99,459657.7946,5634258.2765,2946527.9672
2023/12/06 02:17:32.99,459657.7945,5634258.2787,2946527.9674
2023/12/06 02:17:33.99,459656.7196,5634255.5634,2946528.0415
2023/12/06 02:17:34.99,459659.2317,5634257.9285,2946530.1015
2023/12/06 02:17:35.99,459657.794,5634258.2776,2946527.9656
2023/12/06 02:17:36.99,459659.231,5634257.9262,2946530.1007
2023/12/06 02:17:37.99,459659.231,5634257.9241,2946530.0982
2023/12/06 02:17:38.99,459659.2296,5634257.9214,2946530.0983
2023/12/06 02:17:39.99,459659.2307,5634257.9263,2946530.097
2023/12/06 02:17:40.99,459659.2314,5634257.9232,2946530.0996
2023/12/06 02:17:41.99,459659.2303,5634257.9243,2946530.0993
2023/12/06 02:17:42.99,459659.2302,5634257.9239,2946530.0991
2023/12/06 02:17:43.99,459659.2301,5634257.9258,2946530.1003
2023/12/06 02:17:44.99,459659.2328,5634257.92,2946530.0961
2023/12/06 02:17:45.99,459659.2298,5634257.9222,2946530.0965
2023/12/06 02:17:46.99,459659.2292,5634257.9176,2946530.0979
2023/12/06 02:17:47.99,459659.231,5634257.9236,2946530.0989
2023/12/06 02:17:48.99,459659.2289,5634257.924,2946530.0993
2023/12/06 02:17:49.99,459659.2283,5634257.9205,2946530.0983
2023/12/06 02:17:50.99,459659.2298,5634257.9205,2946530.0976
2023/12/06 02:17:51.99,459659.2288,5634257.9154,2946530.0969
2023/12/06 02:17:52.99,459655.0712,5634256.6919,2946529.1173
2023/12/06 02:17:53.99,459659.2293,5634257.9183,2946530.0976
2023/12/06 02:17:54.99,459659.2288,5634257.9176,2946530.0979
2023/12/06 02:17:55.99,459659.229,5634257.9153,2946530.0968
2023/12/06 02:17:56.99,459659.2277,5634257.9209,2946530.0973
2023/12/06 02:17:57.99,459659.2277,5634257.9124,2946530.0938
2023/12/06 02:17:58.99,459659.2293,5634257.9205,2946530.0934
2023/12/06 02:17:59.99,459659.2254,5634257.9147,2946530.0954
2023/12/06 02:18:00.99,459659.2274,5634257.9066,2946530.0932
2023/12/06 02:18:01.99,459659.2273,5634257.9116,2946530.0958
2023/12/06 02:18:02.99,459659.2274,5634257.9107,2946530.0951
2023/12/06 02:18:03.99,459659.2273,5634257.914,2946530.097
2023/12/06 02:18:04.99,459659.2284,5634257.9127,2946530.0935
2023/12/06 02:18:05.99,459659.2273,5634257.9136,2946530.0957
2023/12/06 02:18:06.99,459659.2281,5634257.9105,2946530.0934
2023/12/06 02:18:07.99,459659.2262,5634257.9104,2946530.0934
2023/12/06 02:18:08.99,459659.2259,5634257.9134,2946530.0958
2023/12/06 02:18:09.99,459656.3088,5634258.9387,2946526.2244
2023/12/06 02:18:10.99,459656.3048,5634258.9471,2946526.2282
2023/12/06 02:18:11.99,459656.3071,5634258.9438,2946526.2278
2023/12/06 02:18:12.99,459656.3085,5634258.9512,2946526.2286
2023/12/06 02:18:13.99,459659.2229,5634257.9153,2946530.0987
2023/12/06 02:18:14.99,459656.8096,5634255.5364,2946528.0565
2023/12/06 02:18:15.99,459657.2015,5634258.7862,2946526.4413
2023/12/06 02:18:16.99,459660.3119,5634257.7829,2946528.5398
2023/12/06 02:18:17.99,459665.2146,5634261.9388,2946530.8148
2023/12/06 02:18:18.99,459664.4281,5634256.9896,2946529.4562
2023/12/06 02:18:19.99,459669.3751,5634261.142,2946531.7281
2023/12/06 02:18:20.99,459667.883,5634253.3484,2946530.4916
2023/12/06 02:18:21.99,459670.8195,5634252.7766,2946531.1434
2023/12/06 02:18:22.99,459673.4755,5634255.564,2946529.9957
2023/12/06 02:18:23.99,459677.5271,5634251.4215,2946532.6547
2023/12/06 02:18:24.99,459681.5725,5634250.5846,2946533.6464
2023/12/06 02:18:25.99,459685.3087,5634253.116,2946532.8299
2023/12/06 02:18:26.99,459690.0838,5634248.811,2946535.7552
2023/12/06 02:18:27.99,459694.6348,5634247.8184,2946536.8847
2023/12/06 02:18:28.99,459699.0823,5634246.867,2946538.0482
2023/12/06 02:18:29.99,459703.3192,5634245.858,2946539.3465
2023/12/06 02:18:30.99,459706.9066,5634248.1733,2946538.96
2023/12/06 02:18:31.99,459712.2191,5634246.4458,2946542.0496
2023/12/06 02:18:32.99,459714.4041,5634246.2502,2946541.4113
2023/12/06 02:18:33.99,459721.2952,5634242.6172,2946544.4007
2023/12/06 02:18:34.99,459722.5686,5634241.345,2946544.7251
2023/12/06 02:18:35.99,459727.6173,5634246.0553,2946547.6463
2023/12/06 02:18:36.99,459731.0459,5634243.0933,2946544.5926
2023/12/06 02:18:37.99,459736.7119,5634241.5131,2946547.3026
2023/12/06 02:18:38.99,459739.3607,5634238.8616,2946548.7385
2023/12/06 02:18:39.99,459744.9271,5634236.5514,2946550.1058
2023/12/06 02:18:40.99,459752.1299,5634235.374,2946554.2235
2023/12/06 02:18:42.99,459772.1415,5634246.9258,2946563.3059
2023/12/06 02:18:43.99,459775.8881,5634236.3671,2946560.0834
2023/12/06 02:18:44.99,459783.1434,5634231.7639,2946557.1941
2023/12/06 02:18:45.99,459794.8463,5634227.0834,2946561.3959
2023/12/06 02:18:47.99,459810.1016,5634225.632,2946564.9254
2023/12/06 02:18:48.99,459818.4184,5634226.6311,2946569.0257
2023/12/06 02:18:49.99,459826.4504,5634222.6076,2946566.9354
2023/12/06 02:18:50.99,459836.3895,5634222.8802,2946572.7988
2023/12/06 02:18:51.99,459845.5761,5634220.9127,2946574.807
2023/12/06 02:18:52.99,459854.9651,5634218.8419,2946576.9399
2023/12/06 02:18:53.99,459864.4907,5634216.7312,2946579.0601
2023/12/06 02:18:54.99,459873.9774,5634214.6068,2946581.0876
2023/12/06 02:18:55.99,459883.5292,5634212.5322,2946583.0929
2023/12/06 02:18:56.99,459891.8468,5634208.3635,2946581.0953
2023/12/06 02:18:57.99,459900.791,5634206.3435,2946583.1239
2023/12/06 02:18:58.99,459910.3416,5634200.8929,2946586.9327
2023/12/06 02:18:59.99,459919.9651,5634204.4366,2946591.1389
2023/12/06 02:19:00.99,459927.994,5634200.2456,2946589.1182
2023/12/06 02:19:01.99,459937.7766,5634200.3996,2946595.0404
2023/12/06 02:19:02.99,459945.5017,5634197.928,2946594.6642
2023/12/06 02:19:03.99,459957.683,5634192.9396,2946598.912
2023/12/06 02:19:04.99,459966.3276,5634190.1942,2946598.3733
2023/12/06 02:19:05.99,459975.7635,5634188.7992,2946602.7827
2023/12/06 02:19:06.99,459985.2599,5634184.9944,2946603.0618
2023/12/06 02:19:07.99,459992.0559,5634188.0767,2946606.6635
2023/12/06 02:19:08.99,459999.902,5634185.6237,2946606.0932
2023/12/06 02:19:09.99,460009.2356,5634181.8341,2946606.311
2023/12/06 02:19:10.99,460018.6358,5634176.3935,2946609.9597
2023/12/06 02:19:11.99,460027.2219,5634177.7944,2946610.0264
2023/12/06 02:19:12.99,460038.1336,5634172.4776,2946611.7542
2023/12/06 02:19:13.99,460045.1622,5634173.7401,2946613.7637
2023/12/06 02:19:14.99,460054.9894,5634173.8863,2946619.6221
2023/12/06 02:19:15.99,460062.9414,5634169.6084,2946617.5378
2023/12/06 02:19:16.99,460072.0546,5634167.379,2946619.5425
2023/12/06 02:19:17.99,460082.8329,5634164.4757,2946623.2691
2023/12/06 02:19:18.99,460091.5768,5634165.1953,2946627.4419
2023/12/06 02:19:19.99,460100.7888,5634163.1869,2946629.4069
2023/12/06 02:19:20.99,460109.9196,5634161.1244,2946631.3368
2023/12/06 02:19:21.99,460118.0144,5634156.871,2946629.4368
2023/12/06 02:19:22.99,460127.8798,5634156.9302,2946635.5937
2023/12/06 02:19:23.99,460135.8077,5634152.5925,2946633.8724
2023/12/06 02:19:24.99,460145.5903,5634152.5211,2946640.2349
2023/12/06 02:19:25.99,460153.583,5634148.0879,2946638.7571
2023/12/06 02:19:26.99,460162.3604,5634145.9303,2946641.2127
2023/12/06 02:19:27.99,460171.8423,5634145.9581,2946647.5229
2023/12/06 02:19:28.99,460180.2978,5634143.7679,2946649.8864
2023/12/06 02:19:29.99,460187.7451,5634139.3767,2946648.3833
2023/12/06 02:19:30.99,460196.1346,5634137.0442,2946650.8561
2023/12/06 02:19:31.99,460205.3743,5634136.8689,2946657.4458
2023/12/06 02:19:32.99,460213.6417,5634134.4588,2946660.2313
2023/12/06 02:19:33.99,460221.9721,5634131.912,2946663.1644
2023/12/06 02:19:34.99,460230.215,5634129.3504,2946666.2154
2023/12/06 02:19:35.99,460240.2277,5634123.3922,2946669.124
2023/12/06 02:19:36.99,460248.4561,5634121.8862,2946672.2549
2023/12/06 02:19:37.99,460253.0328,5634119.31,2946671.5888
2023/12/06 02:19:38.99,460261.6704,5634118.8739,2946678.8164
2023/12/06 02:19:39.99,460269.3388,5634116.303,2946682.1102
2023/12/06 02:19:40.99,460275.9248,5634111.5762,2946681.4696
2023/12/06 02:19:41.99,460283.232,5634109.0172,2946684.7084
2023/12/06 02:19:42.99,460290.3224,5634106.5594,2946687.9401
2023/12/06 02:19:43.99,460297.2753,5634104.1959,2946691.0853
2023/12/06 02:19:44.99,460303.9795,5634101.9499,2946694.133
2023/12/06 02:19:45.99,460311.2407,5634101.9341,2946701.0342
2023/12/06 02:19:46.99,460315.9973,5634097.7827,2946699.8998
2023/12/06 02:19:47.99,460321.8096,5634098.2622,2946706.2455
2023/12/06 02:19:48.99,460326.4847,5634096.6584,2946708.4953
2023/12/06 02:19:49.99,460333.4134,5634092.9911,2946710.3969
2023/12/06 02:19:50.99,460337.9328,5634091.61,2946712.1558
2023/12/06 02:19:51.99,460340.0676,5634092.6548,2946713.7317
2023/12/06 02:19:52.99,460344.4282,5634091.6964,2946714.9028
2023/12/06 02:19:53.99,460348.7243,5634090.7804,2946715.9089
2023/12/06 02:19:54.99,460352.9525,5634089.9202,2946716.8455
2023/12/06 02:19:55.99,460357.2002,5634089.0574,2946717.7991
2023/12/06 02:19:56.99,460361.8615,5634088.1149,2946718.946
2023/12/06 02:19:57.99,460365.9333,5634084.8311,2946716.4071
2023/12/06 02:19:58.99,460372.1297,5634085.6407,2946722.198
2023/12/06 02:19:59.99,460377.6616,5634084.0131,2946724.4787
2023/12/06 02:20:00.99,460383.5007,5634082.1521,2946727.1786
2023/12/06 02:20:01.99,460389.6672,5634080.0667,2946730.2178
2023/12/06 02:20:06.99,460423.1691,5634066.5464,2946745.4999
2023/12/06 02:20:07.99,460431.0859,5634063.2572,2946748.5771
2023/12/06 02:20:08.99,460436.4182,5634061.4346,2946749.9285
2023/12/06 02:20:09.99,460442.4762,5634060.696,2946755.8128
2023/12/06 02:20:10.99,460449.6583,5634058.0836,2946759.5417
2023/12/06 02:20:11.99,460458.136,5634053.6474,2946761.1389
2023/12/06 02:20:12.99,460465.9704,5634051.0351,2946765.0123
2023/12/06 02:20:13.99,460474.8636,5634050.5182,2946772.7382
2023/12/06 02:20:14.99,460482.9015,5634047.8952,2946776.4713
2023/12/06 02:20:15.99,460490.9944,5634045.1851,2946780.2722
2023/12/06 02:20:16.99,460499.1333,5634042.4324,2946784.2105
2023/12/06 02:20:17.99,460506.3965,5634037.4635,2946784.2986
2023/12/06 02:20:18.99,460515.5753,5634036.6807,2946792.4183
2023/12/06 02:20:19.99,460523.8985,5634033.8213,2946796.5556
2023/12/06 02:20:20.99,460532.3025,5634030.9548,2946800.6726
2023/12/06 02:20:21.99,460540.773,5634028.0873,2946804.7356
2023/12/06 02:20:22.99,460549.2854,5634025.2553,2946808.7769
2023/12/06 02:20:23.99,460557.7831,5634022.3507,2946812.846
2023/12/06 02:20:24.99,460566.3037,5634019.4407,2946816.9764
2023/12/06 02:20:25.99,460574.7886,5634016.5608,2946821.046
2023/12/06 02:20:26.99,460582.9654,5634013.7801,2946825.0712
2023/12/06 02:20:27.99,460591.0104,5634011.051,2946828.9809
2023/12/06 02:20:28.99,460598.8794,5634008.3786,2946832.7599
2023/12/06 02:20:29.99,460606.4999,5634005.7656,2946836.4925
2023/12/06 02:20:30.99,460613.977,5634003.2658,2946840.1007
2023/12/06 02:20:31.99,460621.2671,5634000.7918,2946843.6591
2023/12/06 02:20:32.99,460628.3242,5633998.3729,2946847.0918
2023/12/06 02:20:33.99,460634.9478,5633996.1766,2946850.2261
2023/12/06 02:20:34.99,460640.9779,5633994.1517,2946853.0661
2023/12/06 02:20:35.99,460646.4618,5633992.2683,2946855.6921
2023/12/06 02:20:36.99,460653.6164,5633988.3583,2946857.9628
2023/12/06 02:20:37.99,460657.5486,5633987.0094,2946859.916
2023/12/06 02:20:38.99,460658.564,5633988.1083,2946861.6934
2023/12/06 02:20:39.99,460663.1615,5633985.0585,2946862.6873
2023/12/06 02:20:40.99,460662.3456,5633986.8128,2946863.5162
2023/12/06 02:20:41.99,460662.8206,5633986.6424,2946863.738
2023/12/06 02:20:42.99,460665.1103,5633984.3732,2946863.5977
2023/12/06 02:20:43.99,460665.1091,5633984.3794,2946863.6008
2023/12/06 02:20:44.99,460662.8146,5633986.6465,2946863.7368
2023/12/06 02:20:45.99,460662.8157,5633986.6459,2946863.7371
2023/12/06 02:20:46.99,460662.8282,5633986.6465,2946863.7442
2023/12/06 02:20:47.99,460663.1557,5633986.5229,2946863.8794
2023/12/06 02:20:48.99,460666.6995,5633983.8747,2946864.3504
2023/12/06 02:20:49.99,460666.4012,5633985.4103,2946865.4453
2023/12/06 02:20:50.99,460668.6219,5633984.6312,2946866.5856
2023/12/06 02:20:51.99,460673.9049,5633981.34,2946868.0265
2023/12/06 02:20:52.99,460675.2988,5633982.2899,2946869.9611
2023/12/06 02:20:53.99,460681.7694,5633978.6383,2946871.8118
2023/12/06 02:20:54.99,460683.6265,5633979.5302,2946873.8175
2023/12/06 02:20:55.99,460687.8418,5633978.1505,2946875.7805
2023/12/06 02:20:56.99,460691.8249,5633971.0114,2946875.7871
2023/12/06 02:20:57.99,460697.452,5633974.8589,2946880.4638
2023/12/06 02:20:58.99,460703.1029,5633972.9114,2946883.2603
2023/12/06 02:20:59.99,460709.2311,5633970.8236,2946886.269
2023/12/06 02:21:00.99,460715.7995,5633968.6121,2946889.4553
2023/12/06 02:21:01.99,460722.7469,5633966.2728,2946892.8421
2023/12/06 02:21:02.99,460729.9378,5633963.9042,2946896.2661
2023/12/06 02:21:03.99,460736.9184,5633961.6405,2946899.5423
2023/12/06 02:21:04.99,460746.3291,5633957.03,2946902.7547
2023/12/06 02:21:05.99,460751.3172,5633956.8005,2946906.4422
2023/12/06 02:21:06.99,460758.7689,5633954.2256,2946910.2038
2023/12/06 02:21:07.99,460766.3577,5633951.5823,2946914.1211
2023/12/06 02:21:08.99,460774.1362,5633948.8843,2946918.002
2023/12/06 02:21:09.99,460781.6276,5633946.4,2946921.6026
2023/12/06 02:21:10.99,460788.6173,5633944.1401,2946924.9171
2023/12/06 02:21:11.99,460795.0989,5633942.0225,2946927.98
2023/12/06 02:21:12.99,460801.341,5633939.9781,2946930.9436
2023/12/06 02:21:13.99,460809.4896,5633935.8125,2946933.6038
2023/12/06 02:21:14.99,460812.1082,5633936.4775,2946936.1181
2023/12/06 02:21:15.99,460818.3181,5633932.8179,2946937.9001
2023/12/06 02:21:16.99,460819.5386,5633933.9855,2946939.8029
2023/12/06 02:21:17.99,460822.4149,5633932.9958,2946941.2318
2023/12/06 02:21:18.99,460824.5331,5633932.2676,2946942.3242
2023/12/06 02:21:19.99,460826.1889,5633931.5817,2946943.3047
2023/12/06 02:21:20.99,460829.5042,5633928.723,2946944.0754
2023/12/06 02:21:21.99,460829.9431,5633928.3577,2946944.7421
2023/12/06 02:21:22.99,460830.0826,5633928.1201,2946945.194
2023/12/06 02:21:23.99,460827.8351,5633930.2353,2946945.5947
2023/12/06 02:21:24.99,460830.1462,5633927.7435,2946945.6971
2023/12/06 02:21:25.99,460830.1541,5633927.5758,2946946.0213
2023/12/06 02:21:26.99,460826.6059,5633926.5051,2946942.4514
2023/12/06 02:21:27.99,460830.0742,5633927.3137,2946946.5381
2023/12/06 02:21:28.99,460830.0401,5633927.2806,2946946.8237
2023/12/06 02:21:29.99,460829.9689,5633927.0862,2946946.957
2023/12/06 02:21:30.99,460829.9116,5633927.0112,2946947.1314
2023/12/06 02:21:31.99,460829.8731,5633926.9614,2946947.2277
2023/12/06 02:21:32.99,460829.8399,5633926.9263,2946947.2904
2023/12/06 02:21:33.99,460829.8104,5633926.8909,2946947.3569
2023/12/06 02:21:34.99,460829.7396,5633926.8267,2946947.4846
2023/12/06 02:21:35.99,460829.6092,5633926.7309,2946947.7196
2023/12/06 02:21:36.99,460829.475,5633926.6483,2946947.9162
2023/12/06 02:21:37.99,460829.4166,5633926.6149,2946947.995
2023/12/06 02:21:38.99,460829.3612,5633926.5819,2946948.074
2023/12/06 02:21:39.99,460829.3063,5633926.5538,2946948.1364
2023/12/06 02:21:40.99,460829.1885,5633926.4876,2946948.2732
2023/12/06 02:21:41.99,460828.76,5633926.3352,2946948.6741
2023/12/06 02:21:42.99,460827.5691,5633926.0791,2946949.42
2023/12/06 02:21:43.99,460823.3054,5633928.2696,2946950.2859
2023/12/06 02:21:44.99,460823.4912,5633925.9415,2946950.4041
2023/12/06 02:21:45.99,460821.2353,5633926.1043,2946950.4988
2023/12/06 02:21:46.99,460818.4392,5633926.4044,2946950.4009
2023/12/06 02:21:47.99,460811.5148,5633926.0612,2946946.2052
2023/12/06 02:21:48.99,460809.0517,5633930.0234,2946949.1997
2023/12/06 02:21:49.99,460805.0445,5633931.0423,2946947.8488
2023/12/06 02:21:50.99,460799.2561,5633929.1681,2946941.9981
2023/12/06 02:21:51.99,460794.0591,5633930.8071,2946939.6334
2023/12/06 02:21:52.99,460788.8019,5633932.4845,2946937.1819
2023/12/06 02:21:53.99,460783.7051,5633934.1234,2946934.7397
2023/12/06 02:21:54.99,460778.5195,5633935.8317,2946932.2298
2023/12/06 02:21:55.99,460772.7356,5633937.7314,2946929.4019
2023/12/06 02:21:56.99,460766.1651,5633939.9574,2946926.1639
2023/12/06 02:21:57.99,460759.2403,5633942.274,2946922.7738
2023/12/06 02:21:58.99,460751.8959,5633944.5938,2946919.4568
2023/12/06 02:21:59.99,460744.008,5633947.0101,2946915.9747
2023/12/06 02:22:00.99,460735.8393,5633949.5657,2946912.3437
2023/12/06 02:22:01.99,460727.696,5633952.2103,2946908.5431
2023/12/06 02:22:02.99,460719.5207,5633954.9759,2946904.6097
2023/12/06 02:22:03.99,460711.5962,5633957.6725,2946900.7719
2023/12/06 02:22:04.99,460703.8531,5633960.2918,2946897.0071
2023/12/06 02:22:05.99,460696.2637,5633962.8792,2946893.2855
2023/12/06 02:22:06.99,460688.8608,5633965.4213,2946889.6898
2023/12/06 02:22:07.99,460681.5643,5633967.8939,2946886.1859
2023/12/06 02:22:08.99,460674.1917,5633970.3768,2946882.658
2023/12/06 02:22:09.99,460666.9509,5633972.8403,2946879.1685
2023/12/06 02:22:10.99,460659.7571,5633975.2851,2946875.6852
2023/12/06 02:22:11.99,460652.5318,5633977.697,2946872.2672
2023/12/06 02:22:12.99,460645.0886,5633980.0338,2946869.0079
2023/12/06 02:22:13.99,460637.508,5633982.4681,2946865.6093
2023/12/06 02:22:14.99,460629.8782,5633985.0381,2946861.9956
2023/12/06 02:22:15.99,460622.2233,5633987.7063,2946858.164
2023/12/06 02:22:16.99,460614.4368,5633990.3994,2946854.2905
2023/12/06 02:22:17.99,460606.551,5633993.1286,2946850.3719
2023/12/06 02:22:18.99,460598.6594,5633995.8345,2946846.4971
2023/12/06 02:22:19.99,460590.8479,5633998.5042,2946842.6706
2023/12/06 02:22:20.99,460583.0446,5634001.1933,2946838.8838
2023/12/06 02:22:21.99,460575.2301,5634003.8681,2946835.0751
2023/12/06 02:22:22.99,460567.4001,5634006.5153,2946831.2806
2023/12/06 02:22:23.99,460559.5449,5634009.1696,2946827.4964
2023/12/06 02:22:24.99,460551.678,5634011.8424,2946823.7182
2023/12/06 02:22:25.99,460543.7972,5634014.4961,2946819.941
2023/12/06 02:22:26.99,460535.9402,5634017.1845,2946816.0894
2023/12/06 02:22:27.99,460531.6175,5634020.7328,2946815.9716
2023/12/06 02:22:28.99,460520.3265,5634022.6533,2946808.2775
2023/12/06 02:22:29.99,460512.4597,5634025.3612,2946804.4668
2023/12/06 02:22:30.99,460504.5828,5634028.0369,2946800.6437
2023/12/06 02:22:31.99,460496.6895,5634030.705,2946796.859
2023/12/06 02:22:32.99,460489.0077,5634033.2683,2946793.1633
2023/12/06 02:22:33.99,460485.0695,5634036.5625,2946793.3928
2023/12/06 02:22:34.99,460474.4288,5634038.171,2946786.199
2023/12/06 02:22:35.99,460467.7502,5634040.4237,2946782.9796
2023/12/06 02:22:36.99,460461.5712,5634042.5047,2946779.981
2023/12/06 02:22:37.99,460459.329,5634045.2314,2946781.0209
2023/12/06 02:22:38.99,460450.7121,5634046.1852,2946774.7464
2023/12/06 02:22:39.99,460446.6697,5634047.5569,2946772.7615
2023/12/06 02:22:40.99,460443.7539,5634048.551,2946771.3382
2023/12/06 02:22:41.99,460441.9919,5634049.1663,2946770.4778
2023/12/06 02:22:42.99,460440.7287,5634049.6033,2946769.8703
2023/12/06 02:22:43.99,460439.9197,5634049.8801,2946769.4784
2023/12/06 02:22:44.99,460439.3807,5634050.0584,2946769.2096
2023/12/06 02:22:45.99,460438.8192,5634050.2096,2946768.9256
2023/12/06 02:22:46.99,460438.2374,5634050.427,2946768.6438
2023/12/06 02:22:47.99,460441.2528,5634051.3732,2946772.1869
2023/12/06 02:22:48.99,460436.8423,5634050.8997,2946767.9576
2023/12/06 02:22:49.99,460435.0572,5634051.4994,2946767.0786
2023/12/06 02:22:50.99,460433.1613,5634052.1341,2946766.1537
2023/12/06 02:22:51.99,460431.2797,5634052.7729,2946765.2323
2023/12/06 02:22:52.99,460429.3402,5634053.4519,2946764.2328
2023/12/06 02:22:53.99,460427.4313,5634054.1611,2946763.2268
2023/12/06 02:22:54.99,460425.663,5634054.8044,2946762.2452
2023/12/06 02:22:55.99,460423.6885,5634055.5531,2946761.0943
2023/12/06 02:22:56.99,460421.1921,5634056.5878,2946759.5117
2023/12/06 02:22:57.99,460418.1699,5634057.8966,2946757.5949
2023/12/06 02:22:58.99,460415.1416,5634059.1147,2946755.8448
2023/12/06 02:22:59.99,460411.9162,5634060.1744,2946754.3187
2023/12/06 02:23:00.99,460407.805,5634061.339,2946752.7416
2023/12/06 02:23:01.99,460403.0123,5634062.7152,2946750.8934
2023/12/06 02:23:02.99,460398.1604,5634064.1627,2946748.9005
2023/12/06 02:23:03.99,460397.0079,5634066.3838,2946750.6
2023/12/06 02:23:04.99,460388.6772,5634067.233,2946744.5016
2023/12/06 02:23:05.99,460383.2672,5634069.0991,2946741.8499
2023/12/06 02:23:06.99,460377.3162,5634071.0741,2946738.9461
2023/12/06 02:23:07.99,460371.0889,5634073.1741,2946735.8904
2023/12/06 02:23:08.99,460365.0327,5634075.2276,2946732.886
2023/12/06 02:23:09.99,460358.7458,5634077.412,2946729.7479
2023/12/06 02:23:10.99,460351.9569,5634079.6953,2946726.4549
2023/12/06 02:23:11.99,460344.8193,5634082.0439,2946723.0904
2023/12/06 02:23:12.99,460337.4997,5634084.4656,2946719.6479
2023/12/06 02:23:13.99,460330.2285,5634086.8699,2946716.1884
2023/12/06 02:23:14.99,460323.0731,5634089.3241,2946712.7196
2023/12/06 02:23:15.99,460315.7861,5634091.7997,2946709.2999
2023/12/06 02:23:16.99,460312.044,5634094.9745,2946709.7209
2023/12/06 02:23:17.99,460301.2513,5634096.7346,2946702.4856
2023/12/06 02:23:18.99,460293.8295,5634099.3294,2946698.9049
2023/12/06 02:23:19.99,460286.3771,5634101.9459,2946695.3596
2023/12/06 02:23:20.99,460278.9756,5634104.5143,2946691.8832
2023/12/06 02:23:21.99,460271.5442,5634107.0552,2946688.576
2023/12/06 02:23:22.99,460264.0877,5634109.5295,2946685.3628
2023/12/06 02:23:23.99,460256.6315,5634111.9837,2946682.2063
2023/12/06 02:23:24.99,460249.1234,5634114.3884,2946679.0785
2023/12/06 02:23:25.99,460241.621,5634116.9837,2946676.0037
2023/12/06 02:23:26.99,460234.0789,5634119.5579,2946672.9101
2023/12/06 02:23:27.99,460226.4662,5634122.1201,2946669.8604
2023/12/06 02:23:28.99,460222.1804,5634125.3765,2946670.7136
2023/12/06 02:23:29.99,460210.7477,5634127.0007,2946664.1835
2023/12/06 02:23:30.99,460202.6384,5634129.3236,2946661.5183
2023/12/06 02:23:31.99,460194.4284,5634131.6666,2946658.9816
2023/12/06 02:23:32.99,460186.1385,5634133.9741,2946656.4535
2023/12/06 02:23:33.99,460177.7871,5634136.2829,2946653.9476
2023/12/06 02:23:34.99,460169.3282,5634138.52,2946651.4897
2023/12/06 02:23:35.99,460160.7155,5634140.6671,2946649.1659
2023/12/06 02:23:36.99,460152.0269,5634142.8565,2946646.6795
2023/12/06 02:23:37.99,460143.2475,5634145.0793,2946644.1611
2023/12/06 02:23:38.99,460134.3766,5634147.3221,2946641.8539
2023/12/06 02:23:39.99,460125.4265,5634149.4703,2946639.729
2023/12/06 02:23:40.99,460116.4316,5634151.5379,2946637.7554
2023/12/06 02:23:41.99,460110.8755,5634154.2929,2946639.5618
2023/12/06 02:23:42.99,460098.3732,5634155.6247,2946633.8616
2023/12/06 02:23:43.99,460089.3618,5634157.732,2946631.9043
2023/12/06 02:23:44.99,460080.4309,5634159.8759,2946629.7701
2023/12/06 02:23:45.99,460071.6548,5634162.2252,2946627.4149
2023/12/06 02:23:46.99,460062.9884,5634164.6367,2946625.0695
2023/12/06 02:23:47.99,460054.2542,5634166.7862,2946623.0775
2023/12/06 02:23:48.99,460048.8521,5634169.3992,2946625.2295
2023/12/06 02:23:49.99,460036.4297,5634170.4646,2946620.0101
2023/12/06 02:23:50.99,460027.4563,5634172.2594,2946618.5052
2023/12/06 02:23:51.99,460018.492,5634174.1808,2946616.8018
2023/12/06 02:23:52.99,460013.0493,5634176.9468,2946618.6622
2023/12/06 02:23:53.99,460000.7354,5634178.3412,2946612.8803
2023/12/06 02:23:54.99,459991.8875,5634180.4456,2946610.8649
2023/12/06 02:23:55.99,459982.9986,5634182.4735,2946608.9412
2023/12/06 02:23:56.99,459973.9754,5634184.4246,2946607.1289
2023/12/06 02:23:57.99,459968.2939,5634187.19,2946609.0759
2023/12/06 02:23:58.99,459955.6804,5634188.5542,2946603.3709
2023/12/06 02:23:59.99,459946.559,5634190.6412,2946601.408
2023/12/06 02:24:00.99,459940.9305,5634193.4178,2946603.21
2023/12/06 02:24:01.99,459928.3732,5634194.7289,2946597.5816
2023/12/06 02:24:02.99,459919.1804,5634196.544,2946596.0123
2023/12/06 02:24:03.99,459909.8714,5634198.1553,2946594.7601
2023/12/06 02:24:04.99,459900.5499,5634199.8534,2946593.4383
2023/12/06 02:24:05.99,459891.3075,5634201.7367,2946591.7409
2023/12/06 02:24:06.99,459882.1281,5634203.7482,2946589.781
2023/12/06 02:24:07.99,459873.2201,5634205.6989,2946587.7774
2023/12/06 02:24:08.99,459865.0194,5634207.5115,2946585.9681
2023/12/06 02:24:09.99,459858.8905,5634212.219,2946588.4623
2023/12/06 02:24:10.99,459851.2044,5634210.3222,2946583.2754
2023/12/06 02:24:11.99,459848.4085,5634212.3698,2946585.7735
2023/12/06 02:24:12.99,459841.7772,5634213.8373,2946584.314
2023/12/06 02:24:13.99,459832.4799,5634217.775,2946582.8637
2023/12/06 02:24:14.99,459825.0883,5634219.4481,2946581.1227
2023/12/06 02:24:15.99,459816.2013,5634217.9642,2946575.4687
2023/12/06 02:24:16.99,459808.2833,5634219.6189,2946573.8147
2023/12/06 02:24:17.99,459801.9117,5634224.2648,2946576.2512
2023/12/06 02:24:18.99,459794.9877,5634225.6717,2946574.8137
2023/12/06 02:24:19.99,459787.4486,5634223.8758,2946569.4688
2023/12/06 02:24:20.99,459781.494,5634225.197,2946568.0512
2023/12/06 02:24:21.99,459779.4978,5634227.1202,2946570.4545
2023/12/06 02:24:22.99,459772.2687,5634230.6384,2946569.4657
2023/12/06 02:24:23.99,459766.434,5634228.4412,2946564.473
2023/12/06 02:24:24.99,459764.8577,5634230.1403,2946567.1283
2023/12/06 02:24:25.99,459755.9826,5634226.7325,2946563.1477
2023/12/06 02:24:26.99,459753.6551,5634233.0314,2946563.095
2023/12/06 02:24:28.99,459749.3709,5634229.4339,2946561.7262
2023/12/06 02:24:29.99,459741.4823,5634237.2553,2946562.497
2023/12/06 02:24:30.99,459739.5535,5634235.0899,2946560.3868
2023/12/06 02:24:31.99,459738.0096,5634235.4807,2946559.6662
2023/12/06 02:24:32.99,459736.2603,5634238.5778,2946560.4478
2023/12/06 02:24:33.99,459735.3973,5634238.7938,2946560.2017
2023/12/06 02:24:34.99,459734.814,5634238.9465,2946560.0119
2023/12/06 02:24:35.99,459734.5279,5634239.0161,2946559.918
2023/12/06 02:24:36.99,459734.5385,5634239.0154,2946559.9208
2023/12/06 02:24:37.99,459734.542,5634239.0148,2946559.9227
2023/12/06 02:24:38.99,459734.5401,5634239.0161,2946559.9208
2023/12/06 02:24:39.99,459734.539,5634239.0171,2946559.9222
2023/12/06 02:24:40.99,459733.3656,5634235.8667,2946555.981
2023/12/06 02:24:41.99,459734.5398,5634239.0102,2946559.92
2023/12/06 02:24:42.99,459734.5368,5634239.0155,2946559.9225
2023/12/06 02:24:43.99,459733.3674,5634235.8732,2946555.9819
2023/12/06 02:24:44.99,459733.3672,5634235.8673,2946555.9808
2023/12/06 02:24:45.99,459733.3646,5634235.8718,2946555.9856
2023/12/06 02:24:46.99,459733.3639,5634235.8677,2946555.9817
2023/12/06 02:24:47.99,459733.3637,5634235.8738,2946555.9865
2023/12/06 02:24:48.99,459733.3665,5634235.8679,2946555.9821
2023/12/06 02:24:49.99,459733.3685,5634235.871,2946555.9824
2023/12/06 02:24:50.99,459733.3664,5634235.8687,2946555.983
2023/12/06 02:24:51.99,459733.3673,5634235.8707,2946555.9808
2023/12/06 02:24:52.99,459733.3644,5634235.8732,2946555.9827
2023/12/06 02:24:53.99,459733.3645,5634235.8745,2946555.9828
2023/12/06 02:24:54.99,459733.3652,5634235.8755,2946555.984
2023/12/06 02:24:55.99,459733.3663,5634235.8756,2946555.981
2023/12/06 02:24:56.99,459733.3645,5634235.8815,2946555.984
2023/12/06 02:24:57.99,459733.3629,5634235.8761,2946555.9834
2023/12/06 02:24:58.99,459733.3668,5634235.8784,2946555.9823
2023/12/06 02:24:59.99,459733.3683,5634235.8775,2946555.9859
2023/12/06 02:25:00.99,459733.3681,5634235.8732,2946555.9803
2023/12/06 02:25:01.99,459733.3655,5634235.8782,2946555.9844
2023/12/06 02:25:02.99,459733.3674,5634235.8832,2946555.9867
2023/12/06 02:25:03.99,459733.3677,5634235.8822,2946555.9868
2023/12/06 02:25:04.99,459733.3649,5634235.8822,2946555.9865
2023/12/06 02:25:05.99,459733.3639,5634235.883,2946555.9847
2023/12/06 02:25:06.99,459733.3662,5634235.884,2946555.9871
2023/12/06 02:25:07.99,459733.3656,5634235.8882,2946555.9894
2023/12/06 02:25:08.99,459733.3655,5634235.8802,2946555.985
2023/12/06 02:25:09.99,459733.3667,5634235.8855,2946555.9893
2023/12/06 02:25:10.99,459733.368,5634235.8855,2946555.9861
2023/12/06 02:25:11.99,459733.3648,5634235.8925,2946555.9894
2023/12/06 02:25:12.99,459733.3659,5634235.8933,2946555.991
2023/12/06 02:25:13.99,459733.364,5634235.8926,2946555.9928
2023/12/06 02:25:14.99,459733.3658,5634235.8888,2946555.9884
2023/12/06 02:25:15.99,459733.3626,5634235.8924,2946555.9887
2023/12/06 02:25:16.99,459733.3648,5634235.8936,2946555.9911
2023/12/06 02:25:17.99,459733.3649,5634235.8943,2946555.9912
2023/12/06 02:25:18.99,459733.3646,5634235.8921,2946555.9895
2023/12/06 02:25:19.99,459733.3659,5634235.8911,2946555.9904
2023/12/06 02:25:20.99,459733.3618,5634235.8966,2946555.9912
2023/12/06 02:25:21.99,459733.3627,5634235.8935,2946555.9897
2023/12/06 02:25:22.99,459733.364,5634235.8992,2946555.9922
2023/12/06 02:25:23.99,459733.3655,5634235.8943,2946555.9934
2023/12/06 02:25:24.99,459733.3654,5634235.8959,2946555.9915
2023/12/06 02:25:25.99,459733.3656,5634235.8969,2946555.99
2023/12/06 02:25:26.99,459734.5305,5634239.025,2946559.925
2023/12/06 02:25:27.99,459733.3426,5634235.9006,2946555.9859
2023/12/06 02:25:28.99,459733.2398,5634235.9164,2946555.9554
2023/12/06 02:25:29.99,459732.7622,5634236.0562,2946555.8112
2023/12/06 02:25:30.99,459732.761,5634239.4795,2946559.3476
2023/12/06 02:25:31.99,459729.6522,5634236.9052,2946554.7794
2023/12/06 02:25:32.99,459727.4072,5634237.4833,2946554.0356
2023/12/06 02:25:33.99,459724.4968,5634238.252,2946553.1021
2023/12/06 02:25:34.99,459724.1923,5634239.7473,2946555.8755
2023/12/06 02:25:35.99,459716.2698,5634239.9318,2946551.2855
2023/12/06 02:25:36.99,459711.1976,5634240.9238,2946550.2969
2023/12/06 02:25:37.99,459706.0033,5634241.9722,2946549.1917
2023/12/06 02:25:38.99,459700.9737,5634242.9631,2946548.0974
2023/12/06 02:25:39.99,459699.5576,5634244.4993,2946550.8511
2023/12/06 02:25:40.99,459692.3854,5634247.9262,2946550.0727
2023/12/06 02:25:41.99,459689.4764,5634246.4858,2946548.6818
2023/12/06 02:25:42.99,459681.6807,5634250.1202,2946547.5342
2023/12/06 02:25:43.99,459678.0977,5634248.8355,2946545.8817
2023/12/06 02:25:44.99,459668.3997,5634249.4945,2946540.7287
2023/12/06 02:25:45.99,459661.7768,5634250.8493,2946539.3111
2023/12/06 02:25:46.99,459654.7611,5634252.1646,2946537.8149
2023/12/06 02:25:47.99,459650.8726,5634254.2235,2946539.9792
2023/12/06 02:25:48.99,459640.0035,5634255.0533,2946534.6672
2023/12/06 02:25:49.99,459635.955,5634257.1496,2946536.6864
2023/12/06 02:25:50.99,459624.8536,5634258.0702,2946531.2221
2023/12/06 02:25:51.99,459620.5046,5634260.2733,2946533.0945
2023/12/06 02:25:52.99,459610.6873,5634264.3425,2946531.5378
2023/12/06 02:25:53.99,459602.1976,5634262.7263,2946525.905
2023/12/06 02:25:54.99,459598.4261,5634264.8497,2946527.9275
2023/12/06 02:25:55.99,459588.8902,5634268.7941,2946526.4658
2023/12/06 02:25:56.99,459583.7733,5634267.7634,2946524.6121
2023/12/06 02:25:57.99,459574.3028,5634271.6606,2946523.3058
2023/12/06 02:25:58.99,459567.4034,5634272.9785,2946521.8864
2023/12/06 02:25:59.99,459563.4001,5634271.6499,2946520.3818
2023/12/06 02:26:00.99,459555.8136,5634275.0964,2946519.5883
2023/12/06 02:26:01.99,459551.01,5634275.7517,2946519.0088
2023/12/06 02:26:02.99,459549.0402,5634273.6272,2946518.624
2023/12/06 02:26:03.99,459545.0688,5634273.8626,2946518.7166
2023/12/06 02:26:04.99,459541.5243,5634273.9671,2946519.0027
2023/12/06 02:26:05.99,459536.9906,5634275.3227,2946519.7568
2023/12/06 02:26:06.99,459533.2768,5634275.6662,2946519.7642
2023/12/06 02:26:07.99,459530.3454,5634275.1549,2946518.6514
2023/12/06 02:26:08.99,459524.4852,5634275.6746,2946515.4726
2023/12/06 02:26:09.99,459519.2157,5634279.6723,2946516.4656
2023/12/06 02:26:10.99,459513.7672,5634280.7987,2946515.1541
2023/12/06 02:26:11.99,459509.7748,5634279.5041,2946513.6083
2023/12/06 02:26:12.99,459500.4589,5634283.3544,2946512.4383
2023/12/06 02:26:13.99,459495.0914,5634282.3135,2946510.6402
2023/12/06 02:26:14.99,459484.7602,5634286.4351,2946509.1234
2023/12/06 02:26:15.99,459477.666,5634284.5425,2946504.7857
2023/12/06 02:26:16.99,459469.4012,5634289.6329,2946505.3249
2023/12/06 02:26:17.99,459462.6145,5634291.0493,2946503.7013
2023/12/06 02:26:18.99,459457.7888,5634290.9676,2946502.524
2023/12/06 02:26:19.99,459451.8237,5634292.1327,2946501.2575
2023/12/06 02:26:20.99,459444.8071,5634294.5803,2946499.694
2023/12/06 02:26:21.99,459439.2716,5634292.8617,2946495.9669
2023/12/06 02:26:22.99,459432.525,5634294.1508,2946494.4372
2023/12/06 02:26:23.99,459424.7638,5634298.2234,2946495.0493
2023/12/06 02:26:24.99,459419.3536,5634297.4117,2946493.2742
2023/12/06 02:26:25.99,459409.3797,5634301.4235,2946491.7989
2023/12/06 02:26:26.99,459401.6713,5634302.8898,2946490.1135
2023/12/06 02:26:27.99,459395.018,5634303.1421,2946488.5782
2023/12/06 02:26:28.99,459385.7078,5634306.0334,2946486.5395
2023/12/06 02:26:29.99,459377.5942,5634307.5842,2946484.6132
2023/12/06 02:26:30.99,459370.7565,5634307.9049,2946482.8808
2023/12/06 02:26:31.99,459361.6407,5634310.7524,2946480.8048
2023/12/06 02:26:32.99,459355.1105,5634310.9591,2946479.2997
2023/12/06 02:26:33.99,459347.5923,5634310.6217,2946475.3329
2023/12/06 02:26:34.99,459341.0453,5634314.6822,2946476.2166
2023/12/06 02:26:35.99,459337.2175,5634314.3922,2946475.2587
2023/12/06 02:26:36.99,459332.1142,5634316.5426,2946473.9415
2023/12/06 02:26:37.99,459330.0332,5634314.3878,2946470.4993
2023/12/06 02:26:38.99,459328.3787,5634315.1533,2946469.1874
2023/12/06 02:26:39.99,459328.0747,5634313.1869,2946465.9789
2023/12/06 02:26:40.99,459328.9719,5634316.7358,2946469.0814
2023/12/06 02:26:41.99,459328.9126,5634317.1762,2946468.2046
2023/12/06 02:26:42.99,459329.4461,5634317.958,2946466.677
2023/12/06 02:26:43.99,459328.543,5634321.1899,2946465.492
2023/12/06 02:26:44.99,459330.4252,5634317.2671,2946460.1431
2023/12/06 02:26:45.99,459335.5718,5634319.2065,2946463.7051
2023/12/06 02:26:46.99,459336.6446,5634317.104,2946459.7122
2023/12/06 02:26:47.99,459340.5888,5634316.4922,2946460.3364
2023/12/06 02:26:48.99,459345.2279,5634315.8136,2946460.9868
2023/12/06 02:26:49.99,459350.4995,5634315.0031,2946461.7651
2023/12/06 02:26:50.99,459355.604,5634314.2097,2946462.5763
2023/12/06 02:26:51.99,459360.5344,5634313.4111,2946463.4036
2023/12/06 02:26:52.99,459366.002,5634312.4793,2946464.3876
2023/12/06 02:26:53.99,459372.7102,5634312.7292,2946467.882
2023/12/06 02:26:54.99,459378.261,5634310.0907,2946467.3152
2023/12/06 02:26:55.99,459384.8124,5634313.1633,2946473.2243
2023/12/06 02:26:56.99,459391.6203,5634311.8377,2946474.8095
2023/12/06 02:26:57.99,459398.3078,5634306.1744,2946471.9441
2023/12/06 02:26:58.99,459406.126,5634306.2939,2946475.4388
2023/12/06 02:26:59.99,459412.7879,5634303.6279,2946474.6636
2023/12/06 02:27:00.99,459419.9222,5634302.3641,2946476.0246
2023/12/06 02:27:01.99,459427.2495,5634302.6038,2946479.3862
2023/12/06 02:27:02.99,459433.3977,5634300.0894,2946478.3787
2023/12/06 02:27:03.99,459440.6734,5634298.9968,2946479.2747
2023/12/06 02:27:04.99,459448.0521,5634297.7856,2946480.4487
2023/12/06 02:27:05.99,459455.9537,5634297.9027,2946483.8836
2023/12/06 02:27:06.99,459462.4935,5634295.2258,2946483.0549
2023/12/06 02:27:07.99,459470.4782,5634295.3455,2946486.435
2023/12/06 02:27:08.99,459477.1618,5634292.6607,2946485.682
2023/12/06 02:27:09.99,459484.2295,5634291.3275,2946487.1045
2023/12/06 02:27:10.99,459491.9569,5634291.3123,2946490.7913
2023/12/06 02:27:11.99,459498.929,5634289.8734,2946492.4513
2023/12/06 02:27:12.99,459506.0339,5634288.409,2946494.1528
2023/12/06 02:27:13.99,459512.605,5634285.4748,2946493.8038
2023/12/06 02:27:14.99,459520.5369,5634285.326,2946497.6859
2023/12/06 02:27:15.99,459527.4017,5634282.3857,2946497.423
2023/12/06 02:27:16.99,459537.1919,5634283.0077,2946503.4882
2023/12/06 02:27:17.99,459542.4211,5634279.2773,2946501.098
2023/12/06 02:27:18.99,459549.6998,5634277.7909,2946502.7428
2023/12/06 02:27:19.99,459557.6528,5634277.7946,2946506.4396
2023/12/06 02:27:20.99,459564.2135,5634275.0303,2946505.8194
2023/12/06 02:27:21.99,459572.1773,5634274.4854,2946509.3123
2023/12/06 02:27:22.99,459578.6825,5634272.2109,2946508.9247
2023/12/06 02:27:23.99,459586.5575,5634272.1392,2946512.6911
2023/12/06 02:27:24.99,459592.7615,5634269.322,2946512.2283
2023/12/06 02:27:25.99,459599.0289,5634268.336,2946518.9833
2023/12/06 02:27:26.99,459605.9006,5634266.7232,2946515.2094
2023/12/06 02:27:27.99,459612.3791,5634265.4428,2946516.5843
2023/12/06 02:27:28.99,459618.4892,5634264.2872,2946517.8761
2023/12/06 02:27:29.99,459624.9661,5634264.5821,2946521.1204
2023/12/06 02:27:30.99,459629.9822,5634262.139,2946520.097
2023/12/06 02:27:31.99,459635.4385,5634261.1135,2946521.1906
2023/12/06 02:27:32.99,459640.6728,5634260.1123,2946522.3292
2023/12/06 02:27:33.99,459646.2763,5634260.503,2946525.5824
2023/12/06 02:27:34.99,459649.9854,5634258.2332,2946524.4318
2023/12/06 02:27:35.99,459653.7377,5634257.4935,2946525.2647
2023/12/06 02:27:36.99,459656.4381,5634256.9397,2946525.85
2023/12/06 02:27:37.99,459657.9459,5634256.6409,2946526.1893
2023/12/06 02:27:38.99,459658.3962,5634256.8273,2946531.5709
2023/12/06 02:27:39.99,459659.4021,5634257.8724,2946528.4718
2023/12/06 02:27:40.99,459658.417,5634256.8102,2946531.5717
2023/12/06 02:27:41.99,459659.4009,5634257.8686,2946528.4688
2023/12/06 02:27:42.99,459658.7326,5634256.4824,2946526.3591
2023/12/06 02:27:43.99,459658.7353,5634256.4759,2946526.3575
2023/12/06 02:27:44.99,459658.4181,5634256.8055,2946531.5656
2023/12/06 02:27:45.99,459659.4002,5634257.8788,2946528.4714
2023/12/06 02:27:46.99,459658.416,5634256.8091,2946531.5697
2023/12/06 02:27:47.99,459658.4136,5634256.7991,2946531.5646
2023/12/06 02:27:48.99,459658.4134,5634256.8032,2946531.5677
2023/12/06 02:27:49.99,459658.4132,5634256.8124,2946531.5696
2023/12/06 02:27:50.99,459658.4125,5634256.8032,2946531.5646
2023/12/06 02:27:51.99,459658.4135,5634256.8057,2946531.5661
2023/12/06 02:27:52.99,459658.4123,5634256.798,2946531.568
2023/12/06 02:27:53.99,459658.7385,5634256.4721,2946526.3608
2023/12/06 02:27:54.99,459659.4046,5634257.8633,2946528.467
2023/12/06 02:27:55.99,459658.4142,5634256.8043,2946531.566
2023/12/06 02:27:56.99,459658.4113,5634256.7982,2946531.5638
2023/12/06 02:27:57.99,459658.4174,5634256.7986,2946531.5604
2023/12/06 02:27:58.99,459658.4132,5634256.806,2946531.567
2023/12/06 02:27:59.99,459658.4597,5634256.7975,2946531.5791
2023/12/06 02:28:00.99,459659.276,5634256.3703,2946526.4877
2023/12/06 02:28:01.99,459660.4433,5634256.1389,2946526.7592
2023/12/06 02:28:02.99,459662.2157,5634256.0448,2946532.4582
2023/12/06 02:28:03.99,459664.4414,5634255.6119,2946532.9444
2023/12/06 02:28:04.99,459667.1292,5634254.8151,2946528.2417
2023/12/06 02:28:05.99,459669.9334,5634254.5262,2946534.1184
2023/12/06 02:28:06.99,459674.5053,5634254.8949,2946531.7947
2023/12/06 02:28:07.99,459676.9913,5634253.137,2946535.6667
2023/12/06 02:28:08.99,459680.6545,5634252.3858,2946536.5281
2023/12/06 02:28:09.99,459684.5544,5634251.5985,2946537.4117
2023/12/06 02:28:10.99,459688.4319,5634250.7972,2946538.3825
2023/12/06 02:28:11.99,459692.6023,5634249.8999,2946539.4223
2023/12/06 02:28:12.99,459697.4433,5634248.5919,2946535.3889
2023/12/06 02:28:13.99,459701.733,5634247.8752,2946541.8567
2023/12/06 02:28:14.99,459706.4381,5634246.8643,2946543.1407
2023/12/06 02:28:15.99,459711.452,5634245.7528,2946544.4031
2023/12/06 02:28:16.99,459719.5592,5634246.3881,2946544.7452
2023/12/06 02:28:17.99,459722.9137,5634243.2533,2946547.1112
2023/12/06 02:28:18.99,459731.1735,5634244.3367,2946542.8151
2023/12/06 02:28:19.99,459737.1164,5634241.5475,2946547.1091
2023/12/06 02:28:20.99,459745.2214,5634241.3799,2946546.0651
2023/12/06 02:28:21.99,459751.15,5634241.3462,2946552.8399
2023/12/06 02:28:23.99,459766.1888,5634240.6985,2946558.4592
2023/12/06 02:28:24.99,459773.8282,5634240.5344,2946560.8764
2023/12/06 02:28:25.99,459779.6486,5634234.8243,2946560.6634
2023/12/06 02:28:26.99,459790.0132,5634232.4247,2946563.6128
2023/12/06 02:28:27.99,459793.318,5634227.9472,2946564.3917
2023/12/06 02:28:28.99,459802.43,5634228.8113,2946560.2756
2023/12/06 02:28:29.99,459808.139,5634224.8011,2946567.6325
2023/12/06 02:28:30.99,459816.0711,5634223.1711,2946569.266
2023/12/06 02:28:31.99,459824.3494,5634221.4651,2946571.0114
2023/12/06 02:28:32.99,459834.2889,5634218.2559,2946567.9565
2023/12/06 02:28:33.99,459841.0949,5634217.8356,2946574.7539
2023/12/06 02:28:34.99,459849.0899,5634216.1157,2946576.5025
2023/12/06 02:28:35.99,459856.843,5634214.4843,2946578.0979
2023/12/06 02:28:36.99,459864.3569,5634212.8817,2946579.6102
2023/12/06 02:28:37.99,459871.8012,5634211.2153,2946581.2103
2023/12/06 02:28:38.99,459879.5446,5634209.4003,2946583.0644
2023/12/06 02:28:39.99,459887.6259,5634207.5758,2946584.992
2023/12/06 02:28:40.99,459896.0448,5634205.6806,2946586.8859
2023/12/06 02:28:41.99,459905.7611,5634204.7885,2946585.7439
2023/12/06 02:28:42.99,459913.7645,5634201.7287,2946590.764
2023/12/06 02:28:43.99,459922.7645,5634199.7618,2946592.6795
2023/12/06 02:28:44.99,459931.8182,5634197.7458,2946594.6138
2023/12/06 02:28:45.99,459941.0381,5634195.6361,2946596.6076
2023/12/06 02:28:46.99,459950.4254,5634193.507,2946598.6554
2023/12/06 02:28:47.99,459959.9107,5634191.3788,2946600.6507
2023/12/06 02:28:48.99,459971.2783,5634191.6448,2946596.7986
2023/12/06 02:28:49.99,459979.7832,5634188.1498,2946601.4777
2023/12/06 02:28:50.99,459988.1658,5634184.9899,2946606.5919
2023/12/06 02:28:51.99,459997.5386,5634182.8707,2946608.5267
2023/12/06 02:28:52.99,460006.9069,5634180.7537,2946610.4391
2023/12/06 02:28:53.99,460016.2839,5634178.6072,2946612.4086
2023/12/06 02:28:54.99,460025.5628,5634176.4893,2946614.3941
2023/12/06 02:28:55.99,460036.1675,5634172.9722,2946611.4204
2023/12/06 02:28:56.99,460043.6363,5634172.3416,2946618.296
2023/12/06 02:28:57.99,460052.8491,5634174.1576,2946619.37
2023/12/06 02:28:58.99,460062.9778,5634170.6951,2946616.2565
2023/12/06 02:28:59.99,460069.6708,5634166.2259,2946623.8792
2023/12/06 02:29:00.99,460079.3679,5634165.2069,2946622.632
2023/12/06 02:29:01.99,460087.5094,5634165.9906,2946626.654
2023/12/06 02:29:02.99,460096.6345,5634161.2857,2946626.2494
2023/12/06 02:29:03.99,460104.0162,5634158.3429,2946631.1115
2023/12/06 02:29:04.99,460113.3937,5634157.5165,2946629.8481
2023/12/06 02:29:05.99,460120.7874,5634154.546,2946634.7851
2023/12/06 02:29:06.99,460129.2078,5634152.6367,2946636.6692
2023/12/06 02:29:07.99,460138.0361,5634154.5312,2946637.8256
2023/12/06 02:29:08.99,460146.4037,5634152.4749,2946639.9632
2023/12/06 02:29:09.99,460156.2455,5634148.9455,2946637.2777
2023/12/06 02:29:10.99,460163.5229,5634145.5845,2946642.3269
2023/12/06 02:29:11.99,460170.5891,5634142.4307,2946647.6831
2023/12/06 02:29:12.99,460180.5048,5634142.7149,2946644.236
2023/12/06 02:29:13.99,460188.4006,5634140.5258,2946646.6762
2023/12/06 02:29:14.99,460195.8355,5634134.4629,2946649.9949
2023/12/06 02:29:15.99,460204.0933,5634136.051,2946651.6723
2023/12/06 02:29:16.99,460209.9685,5634132.8858,2946656.4952
2023/12/06 02:29:17.99,460217.8685,5634129.0025,2946662.8079
2023/12/06 02:29:18.99,460225.7921,5634126.6247,2946665.6435
2023/12/06 02:29:19.99,460233.6683,5634124.1296,2946668.499
2023/12/06 02:29:20.99,460242.9424,5634120.1662,2946666.4765
2023/12/06 02:29:21.99,460251.75,5634120.8471,2946673.4318
2023/12/06 02:29:22.99,460256.7033,5634116.5334,2946677.5807
2023/12/06 02:29:23.99,460265.1851,5634115.0988,2946677.6933
2023/12/06 02:29:24.99,460271.4925,5634111.5104,2946683.972
2023/12/06 02:29:25.99,460280.6517,5634111.4323,2946681.3842
2023/12/06 02:29:26.99,460286.8709,5634107.0287,2946687.0939
2023/12/06 02:29:27.99,460292.5866,5634104.1807,2946693.5145
2023/12/06 02:29:28.99,460299.1619,5634101.9073,2946696.5814
2023/12/06 02:29:29.99,460305.4546,5634099.7382,2946699.5466
2023/12/06 02:29:30.99,460311.4577,5634097.6551,2946702.4264
2023/12/06 02:29:31.99,460317.1986,5634095.7138,2946705.0851
2023/12/06 02:29:32.99,460323.0429,5634091.103,2946705.3473
2023/12/06 02:29:33.99,460328.8188,5634090.7228,2946705.0979
2023/12/06 02:29:34.99,460333.3409,5634093.1235,2946710.9725
2023/12/06 02:29:35.99,460334.6108,5634087.0418,2946711.1364
2023/12/06 02:29:36.99,460335.7773,5634089.2806,2946714.1051
2023/12/06 02:29:37.99,460337.8934,5634086.0289,2946712.4553
2023/12/06 02:29:38.99,460339.37,5634085.6301,2946712.9619
2023/12/06 02:29:39.99,460341.5489,5634089.0731,2946712.6967
2023/12/06 02:29:40.99,460343.0969,5634091.3831,2946715.5433
2023/12/06 02:29:41.99,460345.4423,5634090.8377,2946716.1713
2023/12/06 02:29:42.99,460348.3191,5634090.1844,2946716.935
2023/12/06 02:29:43.99,460351.8017,5634089.4112,2946717.8554
2023/12/06 02:29:44.99,460356.3162,5634085.7542,2946716.6054
2023/12/06 02:29:45.99,460359.9829,5634085.0148,2946717.4796
2023/12/06 02:29:46.99,460363.4403,5634086.9946,2946720.6907
2023/12/06 02:29:47.99,460367.7203,5634083.4356,2946719.3398
2023/12/06 02:29:48.99,460370.4442,5634085.584,2946722.3974
2023/12/06 02:29:49.99,460374.1372,5634082.1363,2946720.9235
2023/12/06 02:29:50.99,460377.7093,5634078.8469,2946719.9683
2023/12/06 02:29:51.99,460380.8011,5634080.321,2946723.3966
2023/12/06 02:29:52.99,460384.583,5634075.0429,2946726.2398
2023/12/06 02:29:53.99,460388.6201,5634075.7153,2946725.8565
2023/12/06 02:29:54.99,460394.2602,5634075.8636,2946732.3884
2023/12/06 02:29:59.99,460419.2484,5634066.3394,2946744.3733
2023/12/06 02:30:00.99,460424.9367,5634065.3991,2946746.0238
2023/12/06 02:30:01.99,460429.6489,5634066.4252,2946749.8583
2023/12/06 02:30:02.99,460435.0307,5634064.2182,2946752.8067
2023/12/06 02:30:03.99,460440.9762,5634055.4167,2946754.5861
2023/12/06 02:30:04.99,460447.24,5634053.0546,2946757.9014
2023/12/06 02:30:05.99,460454.0023,5634050.6523,2946761.3072
2023/12/06 02:30:06.99,460461.171,5634048.2285,2946764.8024
2023/12/06 02:30:07.99,460468.6909,5634045.8145,2946768.3296
2023/12/06 02:30:08.99,460476.4794,5634043.3289,2946771.873
2023/12/06 02:30:09.99,460484.3568,5634040.7393,2946775.524
2023/12/06 02:30:10.99,460492.0188,5634038.121,2946779.2603
2023/12/06 02:30:11.99,460499.4615,5634035.4991,2946783.084
2023/12/06 02:30:12.99,460507.3231,5634036.2064,2946785.7538
2023/12/06 02:30:13.99,460514.5166,5634033.8512,2946789.2584
2023/12/06 02:30:14.99,460523.4906,5634032.5,2946795.0896
2023/12/06 02:30:15.99,460529.5835,5634030.0248,2946797.311
2023/12/06 02:30:16.99,460537.6125,5634022.5427,2946801.4817
2023/12/06 02:30:17.99,460546.28,5634019.6862,2946805.5352
2023/12/06 02:30:18.99,460555.1639,5634016.7291,2946809.7044
2023/12/06 02:30:19.99,460564.088,5634013.6398,2946814.0453
2023/12/06 02:30:20.99,460573.1064,5634010.4383,2946818.6413
2023/12/06 02:30:21.99,460582.2296,5634007.2982,2946823.1724
2023/12/06 02:30:22.99,460591.9254,5634007.5846,2946826.4919
2023/12/06 02:30:23.99,460600.7068,5634001.179,2946831.8655
2023/12/06 02:30:24.99,460610.0701,5633998.0207,2946836.3557
2023/12/06 02:30:25.99,460619.1981,5634001.5932,2946842.3276
2023/12/06 02:30:26.99,460628.5992,5633991.6972,2946845.4203
2023/12/06 02:30:27.99,460637.8134,5633988.5647,2946849.9014
2023/12/06 02:30:28.99,460646.7601,5633992.1151,2946855.7645
2023/12/06 02:30:29.99,460655.863,5633982.3563,2946858.7365
2023/12/06 02:30:30.99,460664.643,5633979.2927,2946863.0661
2023/12/06 02:30:31.99,460673.3338,5633976.317,2946867.3078
2023/12/06 02:30:32.99,460682.0283,5633973.3999,2946871.4442
2023/12/06 02:30:33.99,460690.6866,5633970.4953,2946875.5146
2023/12/06 02:30:34.99,460699.3495,5633967.6855,2946879.4945
2023/12/06 02:30:35.99,460708.0786,5633964.7544,2946883.6765
2023/12/06 02:30:36.99,460716.9335,5633961.7211,2946888.042
2023/12/06 02:30:37.99,460725.9535,5633958.6833,2946892.4666
2023/12/06 02:30:38.99,460734.9838,5633955.6249,2946896.8961
2023/12/06 02:30:39.99,460743.9089,5633959.2745,2946902.9032
2023/12/06 02:30:40.99,460753.3656,5633949.2813,2946906.0639
2023/12/06 02:30:41.99,460762.7166,5633946.1939,2946910.5907
2023/12/06 02:30:42.99,460771.8746,5633943.1484,2946914.9457
2023/12/06 02:30:43.99,460780.8743,5633940.1523,2946919.272
2023/12/06 02:30:44.99,460789.6554,5633937.247,2946923.5099
2023/12/06 02:30:45.99,460797.697,5633934.6064,2946927.3373
2023/12/06 02:30:46.99,460804.9979,5633932.2394,2946930.8027
2023/12/06 02:30:47.99,460811.1645,5633930.2259,2946933.7242
2023/12/06 02:30:48.99,460815.3323,5633930.8894,2946933.3836
2023/12/06 02:30:49.99,460819.8521,5633927.3459,2946938.0714
2023/12/06 02:30:50.99,460823.0961,5633926.2023,2946939.726
2023/12/06 02:30:51.99,460825.3923,5633925.1973,2946941.194
2023/12/06 02:30:52.99,460826.6878,5633924.3742,2946942.5565
2023/12/06 02:30:53.99,460827.1389,5633923.9079,2946943.4025
2023/12/06 02:30:54.99,460827.3072,5633923.5938,2946943.9444
2023/12/06 02:30:55.99,460827.3772,5633923.3987,2946944.3157
2023/12/06 02:30:56.99,460827.3904,5633923.2293,2946944.6516
2023/12/06 02:30:57.99,460827.322,5633922.9899,2946945.1139
2023/12/06 02:30:58.99,460827.0553,5633922.6106,2946945.9188
2023/12/06 02:30:59.99,460828.1025,5633925.7559,2946948.5309
2023/12/06 02:31:00.99,460825.9371,5633923.1243,2946945.2223
2023/12/06 02:31:01.99,460823.1324,5633921.5336,2946948.7415
2023/12/06 02:31:02.99,460821.035,5633928.1947,2946950.6589
2023/12/06 02:31:03.99,460819.3154,5633928.2374,2946950.8599
2023/12/06 02:31:04.99,460817.698,5633921.6157,2946949.5326
2023/12/06 02:31:05.99,460815.7483,5633928.5031,2946950.9454
2023/12/06 02:31:06.99,460813.637,5633928.8264,2946950.6389
2023/12/06 02:31:07.99,460811.5285,5633929.3045,2946950.0535
2023/12/06 02:31:08.99,460809.2672,5633923.2897,2946947.5783
2023/12/06 02:31:09.99,460806.3158,5633924.32,2946946.0669
2023/12/06 02:31:10.99,460802.1917,5633925.7325,2946943.9884
2023/12/06 02:31:11.99,460796.9583,5633927.5152,2946941.3347
2023/12/06 02:31:12.99,460791.6876,5633929.3197,2946938.6762
2023/12/06 02:31:13.99,460786.5689,5633930.9788,2946936.1968
2023/12/06 02:31:14.99,460781.6073,5633932.5772,2946933.8432
2023/12/06 02:31:15.99,460776.5912,5633934.1773,2946931.4965
2023/12/06 02:31:16.99,460771.4725,5633935.833,2946929.0942
2023/12/06 02:31:17.99,460767.0239,5633938.9646,2946923.7822
2023/12/06 02:31:18.99,460761.0902,5633947.6617,2946922.3681
2023/12/06 02:31:19.99,460754.5283,5633945.542,2946919.8357
2023/12/06 02:31:20.99,460747.4728,5633943.775,2946917.5329
2023/12/06 02:31:21.99,460740.5289,5633946.0102,2946914.296
2023/12/06 02:31:22.99,460734.3728,5633956.3129,2946909.8585
2023/12/06 02:31:23.99,460726.7457,5633950.4244,2946908.0234
2023/12/06 02:31:24.99,460720.9866,5633953.9225,2946902.3347
2023/12/06 02:31:25.99,460714.5375,5633956.0522,2946899.3059
2023/12/06 02:31:26.99,460707.7119,5633956.654,2946899.2108
2023/12/06 02:31:27.99,460703.0779,5633962.2655,2946895.9745
2023/12/06 02:31:28.99,460699.357,5633961.1853,2946891.9651
2023/12/06 02:31:29.99,460695.3543,5633964.9538,2946892.1318
2023/12/06 02:31:30.99,460693.1719,5633965.714,2946891.0636
2023/12/06 02:31:31.99,460692.6285,5633963.5224,2946888.6517
2023/12/06 02:31:32.99,460691.5849,5633962.1884,2946891.3014
2023/12/06 02:31:33.99,460691.586,5633962.1892,2946891.3014
2023/12/06 02:31:34.99,460691.586,5633962.1905,2946891.3005
2023/12/06 02:31:35.99,460692.3804,5633970.2759,2946890.0586
2023/12/06 02:31:36.99,460692.5478,5633963.5448,2946888.6114
2023/12/06 02:31:37.99,460691.5852,5633962.1881,2946891.3027
2023/12/06 02:31:38.99,460692.3789,5633970.2858,2946890.0634
2023/12/06 02:31:39.99,460692.3807,5633970.2854,2946890.0619
2023/12/06 02:31:40.99,460692.3806,5633970.2862,2946890.0632
2023/12/06 02:31:41.99,460692.3811,5633970.2835,2946890.0626
2023/12/06 02:31:42.99,460692.3835,5633970.2834,2946890.0601
2023/12/06 02:31:43.99,460691.5833,5633962.194,2946891.3023
2023/12/06 02:31:44.99,460691.4159,5633968.9269,2946892.7512
2023/12/06 02:31:45.99,460692.5481,5633963.5511,2946888.6164
2023/12/06 02:31:46.99,460692.3817,5633970.2841,2946890.0639
2023/12/06 02:31:47.99,460691.5836,5633962.1916,2946891.3027
2023/12/06 02:31:48.99,460691.4142,5633968.9331,2946892.7542
2023/12/06 02:31:49.99,460691.4145,5633968.934,2946892.7517
2023/12/06 02:31:50.99,460691.585,5633962.188,2946891.2992
2023/12/06 02:31:51.99,460691.5853,5633962.1869,2946891.2998
2023/12/06 02:31:52.99,460691.4176,5633968.9281,2946892.7534
2023/12/06 02:31:53.99,460692.5341,5633963.5439,2946888.6022
2023/12/06 02:31:54.99,460692.1787,5633963.6827,2946888.4303
2023/12/06 02:31:55.99,460691.0211,5633964.0822,2946887.8379
2023/12/06 02:31:56.99,460689.0697,5633964.7857,2946886.8335
2023/12/06 02:31:57.99,460687.0749,5633965.4996,2946885.7958
2023/12/06 02:31:58.99,460684.3589,5633966.4825,2946884.3849
2023/12/06 02:31:59.99,460680.8009,5633974.4199,2946884.1438
2023/12/06 02:32:00.99,460677.5867,5633968.8303,2946881.049
2023/12/06 02:32:01.99,460673.3276,5633968.5672,2946882.1597
2023/12/06 02:32:02.99,460670.9534,5633971.0622,2946877.8653
2023/12/06 02:32:03.99,460667.64,5633972.2109,2946876.227
2023/12/06 02:32:04.99,460663.2501,5633972.0651,2946877.1533
2023/12/06 02:32:05.99,460660.3218,5633981.4947,2946874.0174
2023/12/06 02:32:06.99,460656.0929,5633982.9769,2946871.8775
2023/12/06 02:32:07.99,460650.9788,5633980.4592,2946869.9403
2023/12/06 02:32:08.99,460645.9334,5633982.219,2946867.4094
2023/12/06 02:32:09.99,460641.1569,5633981.5034,2946862.8867
2023/12/06 02:32:10.99,460635.1182,5633990.2708,2946861.4634
2023/12/06 02:32:11.99,460628.7706,5633985.7284,2946856.8562
2023/12/06 02:32:12.99,460621.1652,5633990.7507,2946855.2316
2023/12/06 02:32:13.99,460614.0011,5633990.828,2946849.5339
2023/12/06 02:32:14.99,460604.6049,5633998.9316,2946849.8027
2023/12/06 02:32:15.99,460596.5324,5633998.95,2946843.5794
2023/12/06 02:32:16.99,460586.9953,5634004.7346,2946841.6674
2023/12/06 02:32:17.99,460579.4833,5634002.3217,2946833.2788
2023/12/06 02:32:18.99,460570.8241,5634005.3364,2946828.9775
2023/12/06 02:32:19.99,460562.0038,5634008.371,2946824.6037
2023/12/06 02:32:20.99,460552.9317,5634018.1964,2946821.6858
2023/12/06 02:32:21.99,460544.0347,5634014.5427,2946815.8247
2023/12/06 02:32:22.99,460534.7218,5634017.6603,2946811.413
2023/12/06 02:32:23.99,460525.1427,5634020.8862,2946806.8098
2023/12/06 02:32:24.99,460515.7871,5634024.112,2946802.2474
2023/12/06 02:32:25.99,460506.5969,5634027.2601,2946797.7318
2023/12/06 02:32:26.99,460496.935,5634032.9045,2946795.2125
2023/12/06 02:32:27.99,460488.8993,5634033.2926,2946789.0601
2023/12/06 02:32:28.99,460480.2745,5634038.6765,2946786.9376
2023/12/06 02:32:29.99,460472.5728,5634041.3568,2946783.1029
2023/12/06 02:32:30.99,460464.9132,5634046.5486,2946781.9272
2023/12/06 02:32:31.99,460459.7551,5634043.2273,2946774.89
2023/12/06 02:32:32.99,460453.1744,5634047.7938,2946773.9743
2023/12/06 02:32:33.99,460447.6197,5634053.9315,2946770.7401
2023/12/06 02:32:34.99,460442.0183,5634049.0421,2946766.626
2023/12/06 02:32:35.99,460435.8379,5634053.4099,2946765.9141
2023/12/06 02:32:36.99,460430.6864,5634059.4208,2946762.8849
2023/12/06 02:32:37.99,460425.767,5634054.2947,2946759.0503
2023/12/06 02:32:38.99,460420.5725,5634062.7288,2946758.1737
2023/12/06 02:32:39.99,460415.1098,5634057.8747,2946754.0284
2023/12/06 02:32:40.99,460408.9951,5634059.9369,2946751.0283
2023/12/06 02:32:41.99,460401.8345,5634065.5884,2946750.3006
2023/12/06 02:32:42.99,460395.9276,5634064.6144,2946744.5807
2023/12/06 02:32:43.99,460388.3037,5634070.2458,2946743.5994
2023/12/06 02:32:44.99,460382.2094,5634069.0912,2946737.8325
2023/12/06 02:32:45.99,460375.4924,5634071.3018,2946734.6343
2023/12/06 02:32:46.99,460368.2984,5634080.3936,2946732.7213
2023/12/06 02:32:47.99,460360.3571,5634078.8105,2946729.3383
2023/12/06 02:32:48.99,460353.1261,5634078.9937,2946723.4588
2023/12/06 02:32:49.99,460344.7276,5634086.9135,2946723.9704
2023/12/06 02:32:50.99,460339.7782,5634083.5508,2946716.9059
2023/12/06 02:32:51.99,460334.4013,5634085.3033,2946714.409
2023/12/06 02:32:52.99,460328.5548,5634089.6324,2946713.8123
2023/12/06 02:32:53.99,460322.9982,5634089.1866,2946708.9293
2023/12/06 02:32:54.99,460315.6478,5634091.8815,2946705.1355
2023/12/06 02:32:55.99,460306.869,5634094.9974,2946700.7562
2023/12/06 02:32:56.99,460297.5638,5634098.2438,2946696.2696
2023/12/06 02:32:57.99,460287.299,5634106.7966,2946696.1361
2023/12/06 02:32:58.99,460279.6891,5634104.4017,2946688.0486
2023/12/06 02:32:59.99,460270.7121,5634107.4573,2946684.112
2023/12/06 02:33:00.99,460259.6781,5634116.1263,2946684.0321
2023/12/06 02:33:01.99,460248.7046,5634119.7179,2946679.5203
2023/12/06 02:33:02.99,460236.5405,5634123.5349,2946675.07
2023/12/06 02:33:03.99,460223.9002,5634127.2547,2946670.9405
2023/12/06 02:33:04.99,460211.296,5634130.6947,2946667.148
2023/12/06 02:33:05.99,460198.5331,5634134.1654,2946663.3577
2023/12/06 02:33:06.99,460185.6988,5634137.8149,2946659.3612
2023/12/06 02:33:07.99,460172.6411,5634141.4179,2946655.3617
2023/12/06 02:33:08.99,460159.2379,5634144.8866,2946651.545
2023/12/06 02:33:09.99,460145.4689,5634148.1717,2946647.8745
2023/12/06 02:33:10.99,460131.4227,5634151.5813,2946644.4847
2023/12/06 02:33:11.99,460117.1552,5634154.9249,2946641.23
2023/12/06 02:33:12.99,460102.7451,5634158.2848,2946637.9271
2023/12/06 02:33:13.99,460088.2626,5634161.684,2946634.6763
2023/12/06 02:33:14.99,460074.3106,5634163.1217,2946629.8529
2023/12/06 02:33:15.99,460059.8345,5634168.57,2946628.4215
2023/12/06 02:33:16.99,460046.7578,5634169.9782,2946623.5806
2023/12/06 02:33:17.99,460032.9985,5634175.0738,2946622.0619
2023/12/06 02:33:18.99,460019.5292,5634178.2121,2946619.066
2023/12/06 02:33:19.99,460006.0143,5634181.2489,2946616.3055
2023/12/06 02:33:20.99,459992.7648,5634184.1231,2946613.7806
2023/12/06 02:33:21.99,459980.179,5634186.7856,2946611.4386
2023/12/06 02:33:22.99,459968.3502,5634189.4252,2946609.0254
2023/12/06 02:33:23.99,459957.1806,5634191.9892,2946606.6295
2023/12/06 02:33:24.99,459946.4565,5634194.3497,2946604.4476
2023/12/06 02:33:25.99,459935.9202,5634196.527,2946602.5603
2023/12/06 02:33:26.99,459925.5267,5634198.5191,2946600.9563
2023/12/06 02:33:27.99,459915.0916,5634200.4904,2946599.3001
2023/12/06 02:33:28.99,459904.6528,5634202.5898,2946597.4104
2023/12/06 02:33:29.99,459895.2159,5634202.8716,2946593.6857
2023/12/06 02:33:30.99,459885.5709,5634206.8622,2946593.2463
2023/12/06 02:33:31.99,459877.3157,5634206.8367,2946589.5096
2023/12/06 02:33:32.99,459868.5882,5634210.7441,2946589.2007
2023/12/06 02:33:33.99,459861.0123,5634210.6184,2946585.622
2023/12/06 02:33:34.99,459853.3909,5634212.358,2946583.8346
2023/12/06 02:33:35.99,459846.2061,5634213.8989,2946582.2712
2023/12/06 02:33:36.99,459839.003,5634215.2416,2946580.9043
2023/12/06 02:33:37.99,459831.9085,5634215.2676,2946579.0153
2023/12/06 02:33:38.99,459825.1458,5634219.6841,2946580.5373
2023/12/06 02:33:39.99,459815.8909,5634221.3803,2946579.0564
2023/12/06 02:33:40.99,459808.1186,5634222.9334,2946577.5571
2023/12/06 02:33:41.99,459802.0459,5634224.5872,2946572.9698
2023/12/06 02:33:42.99,459792.8815,5634223.7218,2946572.008
2023/12/06 02:33:43.99,459785.1286,5634225.43,2946570.1422
2023/12/06 02:33:44.99,459777.0918,5634229.5928,2946570.4436
2023/12/06 02:33:45.99,459769.1707,5634231.3306,2946568.422
2023/12/06 02:33:46.99,459761.2263,5634233.0326,2946566.4962
2023/12/06 02:33:47.99,459754.4067,5634232.468,2946563.0773
2023/12/06 02:33:49.99,459740.1451,5634239.6407,2946563.0529
2023/12/06 02:33:50.99,459736.0533,5634238.3529,2946560.6683
2023/12/06 02:33:51.99,459733.0111,5634239.0385,2946559.9225
2023/12/06 02:33:52.99,459731.1638,5634237.657,2946557.7164
2023/12/06 02:33:53.99,459729.4162,5634239.8121,2946559.0613
2023/12/06 02:33:54.99,459729.1816,5634239.8716,2946559.0118
2023/12/06 02:33:55.99,459729.177,5634239.8765,2946559.0146
2023/12/06 02:33:56.99,459729.1765,5634239.8731,2946559.0144
2023/12/06 02:33:57.99,459729.175,5634239.8727,2946559.0123
2023/12/06 02:33:58.99,459729.1755,5634239.8718,2946559.0122
2023/12/06 02:33:59.99,459729.1765,5634239.8731,2946559.0138
2023/12/06 02:34:00.99,459729.1765,5634239.8762,2946559.0129
2023/12/06 02:34:01.99,459729.1773,5634239.8781,2946559.0146
2023/12/06 02:34:02.99,459729.1757,5634239.878,2946559.015
2023/12/06 02:34:03.99,459729.1765,5634239.8718,2946559.0111
2023/12/06 02:34:04.99,459729.1777,5634239.8758,2946559.0125
2023/12/06 02:34:05.99,459729.177,5634239.8755,2946559.0119
2023/12/06 02:34:06.99,459729.1779,5634239.8714,2946559.0129
2023/12/06 02:34:07.99,459729.1768,5634239.8737,2946559.0152
2023/12/06 02:34:08.99,459729.1753,5634239.8769,2946559.0129
2023/12/06 02:34:09.99,459729.1749,5634239.874,2946559.0137
2023/12/06 02:34:10.99,459729.1759,5634239.8729,2946559.0138
2023/12/06 02:34:11.99,459729.1733,5634239.8826,2946559.0175
2023/12/06 02:34:12.99,459729.1745,5634239.8715,2946559.0143
2023/12/06 02:34:13.99,459729.1744,5634239.8715,2946559.0111
2023/12/06 02:34:14.99,459729.1748,5634239.8752,2946559.0117
2023/12/06 02:34:15.99,459729.1753,5634239.8703,2946559.0126
2023/12/06 02:34:16.99,459729.1757,5634239.874,2946559.0143
2023/12/06 02:34:17.99,459729.1754,5634239.8733,2946559.0157
2023/12/06 02:34:18.99,459729.1754,5634239.8693,2946559.0144
2023/12/06 02:34:19.99,459729.1749,5634239.8714,2946559.0149
2023/12/06 02:34:20.99,459729.176,5634239.8739,2946559.0138
2023/12/06 02:34:21.99,459729.1769,5634239.8708,2946559.0142
2023/12/06 02:34:22.99,459729.1766,5634239.8718,2946559.0146
2023/12/06 02:34:23.99,459729.1765,5634239.8762,2946559.017
2023/12/06 02:34:24.99,459729.1761,5634239.8717,2946559.0135
2023/12/06 02:34:25.99,459729.1749,5634239.8742,2946559.0159
2023/12/06 02:34:26.99,459729.1751,5634239.8767,2946559.016
2023/12/06 02:34:27.99,459729.1754,5634239.8739,2946559.0147
2023/12/06 02:34:28.99,459729.1768,5634239.8727,2946559.0154
2023/12/06 02:34:29.99,459729.1752,5634239.8734,2946559.0161
2023/12/06 02:34:30.99,459729.1746,5634239.8714,2946559.0169
2023/12/06 02:34:31.99,459729.1735,5634239.8749,2946559.015
2023/12/06 02:34:32.99,459729.1732,5634239.873,2946559.016
2023/12/06 02:34:33.99,459729.1743,5634239.8773,2946559.0159
2023/12/06 02:34:34.99,459729.1733,5634239.8777,2946559.0158
2023/12/06 02:34:35.99,459729.1753,5634239.875,2946559.0154
2023/12/06 02:34:36.99,459729.174,5634239.8711,2946559.0139
2023/12/06 02:34:37.99,459729.173,5634239.8745,2946559.0125
2023/12/06 02:34:38.99,459729.1716,5634239.8769,2946559.0133
2023/12/06 02:34:39.99,459729.1736,5634239.8763,2946559.0138
2023/12/06 02:34:40.99,459729.1736,5634239.8791,2946559.0155
2023/12/06 02:34:41.99,459729.1735,5634239.8799,2946559.0134
2023/12/06 02:34:42.99,459729.1732,5634239.8724,2946559.0114
2023/12/06 02:34:43.99,459729.1743,5634239.8733,2946559.0143
2023/12/06 02:34:44.99,459729.1704,5634239.8714,2946559.0136
2023/12/06 02:34:45.99,459729.171,5634239.8786,2946559.015
2023/12/06 02:34:46.99,459729.172,5634239.8745,2946559.0131
2023/12/06 02:34:47.99,459729.1713,5634239.8773,2946559.0136
2023/12/06 02:34:48.99,459729.1735,5634239.8689,2946559.0091
2023/12/06 02:34:49.99,459729.1716,5634239.881,2946559.0147
2023/12/06 02:34:50.99,459729.1712,5634239.8785,2946559.0171
2023/12/06 02:34:51.99,459729.1707,5634239.8757,2946559.0136
2023/12/06 02:34:52.99,459729.172,5634239.8718,2946559.0139
2023/12/06 02:34:53.99,459729.9123,5634236.3848,2946556.5523
2023/12/06 02:34:54.99,459729.1709,5634239.8787,2946559.0157
2023/12/06 02:34:55.99,459729.3876,5634237.3981,2946556.7842
2023/12/06 02:34:56.99,459729.17,5634239.8722,2946559.0106
2023/12/06 02:34:57.99,459729.1707,5634239.8729,2946559.0125
2023/12/06 02:34:58.99,459729.1716,5634239.8748,2946559.0129
2023/12/06 02:34:59.99,459729.1696,5634239.8768,2946559.0139
2023/12/06 02:35:00.99,459729.1681,5634239.8789,2946559.0129
2023/12/06 02:35:01.99,459729.1699,5634239.8768,2946559.0133
2023/12/06 02:35:02.99,459729.1687,5634239.8758,2946559.0122
2023/12/06 02:35:03.99,459729.1704,5634239.8757,2946559.014
2023/12/06 02:35:04.99,459729.1709,5634239.8744,2946559.0103
2023/12/06 02:35:05.99,459729.3859,5634237.4012,2946556.7826
2023/12/06 02:35:06.99,459729.1691,5634239.8788,2946559.0115
2023/12/06 02:35:07.99,459729.1685,5634239.8814,2946559.0139
2023/12/06 02:35:08.99,459729.1678,5634239.8848,2946559.0146
2023/12/06 02:35:09.99,459729.1709,5634239.8802,2946559.0128
2023/12/06 02:35:10.99,459729.1604,5634239.882,2946559.0115
2023/12/06 02:35:11.99,459728.7994,5634239.9535,2946558.9287
2023/12/06 02:35:12.99,459727.936,5634238.3147,2946556.9822
2023/12/06 02:35:13.99,459725.0965,5634238.3029,2946555.8198
2023/12/06 02:35:14.99,459721.1903,5634241.5753,2946557.1688
2023/12/06 02:35:15.99,459717.089,5634240.6397,2946554.4403
2023/12/06 02:35:16.99,459711.4096,5634243.6649,2946554.8733
2023/12/06 02:35:17.99,459706.5,5634242.2827,2946551.4549
2023/12/06 02:35:18.99,459701.6801,5634243.8891,2946550.8666
2023/12/06 02:35:19.99,459696.2184,5634245.0198,2946549.6097
2023/12/06 02:35:20.99,459690.2913,5634245.6384,2946547.6302
2023/12/06 02:35:21.99,459685.1081,5634246.4702,2946546.1895
2023/12/06 02:35:22.99,459679.5901,5634253.4302,2946545.9977
2023/12/06 02:35:23.99,459674.6366,5634251.2935,2946545.895
2023/12/06 02:35:24.99,459668.6698,5634252.5879,2946544.4858
2023/12/06 02:35:25.99,459661.0813,5634254.2503,2946542.6822
2023/12/06 02:35:26.99,459655.4311,5634258.591,2946540.0536
2023/12/06 02:35:27.99,459648.4099,5634255.1746,2946537.8469
2023/12/06 02:35:28.99,459641.4239,5634261.4959,2946536.7215
2023/12/06 02:35:29.99,459633.7981,5634257.492,2946533.9369
2023/12/06 02:35:30.99,459626.6707,5634259.5145,2946532.8763
2023/12/06 02:35:31.99,459619.1197,5634260.9982,2946531.1913
2023/12/06 02:35:32.99,459611.5529,5634262.5128,2946529.5221
2023/12/06 02:35:33.99,459603.9782,5634264.0332,2946527.8437
2023/12/06 02:35:34.99,459596.1629,5634264.9841,2946525.5479
2023/12/06 02:35:35.99,459588.5143,5634266.48,2946523.8247
2023/12/06 02:35:36.99,459581.1281,5634268.5977,2946522.7114
2023/12/06 02:35:37.99,459573.5195,5634269.4797,2946520.481
2023/12/06 02:35:38.99,459567.117,5634271.3496,2946519.6205
2023/12/06 02:35:39.99,459560.8537,5634271.8746,2946517.8699
2023/12/06 02:35:40.99,459556.1082,5634278.1217,2946518.233
2023/12/06 02:35:41.99,459552.0204,5634278.6343,2946517.8334
2023/12/06 02:35:42.99,459548.4262,5634278.973,2946517.665
2023/12/06 02:35:43.99,459545.1545,5634279.1834,2946517.7374
2023/12/06 02:35:44.99,459542.2401,5634279.2351,2946518.0682
2023/12/06 02:35:45.99,459539.6518,5634279.2036,2946518.4191
2023/12/06 02:35:46.99,459536.9968,5634274.4602,2946518.0389
2023/12/06 02:35:47.99,459534.4413,5634274.6925,2946518.0342
2023/12/06 02:35:48.99,459531.4204,5634280.0553,2946518.2183
2023/12/06 02:35:49.99,459527.1131,5634276.0562,2946516.6929
2023/12/06 02:35:50.99,459522.2091,5634277.1266,2946515.4721
2023/12/06 02:35:51.99,459516.6006,5634277.6753,2946513.5745
2023/12/06 02:35:52.99,459511.7208,5634284.1635,2946513.5323
2023/12/06 02:35:53.99,459505.4547,5634279.8756,2946511.1314
2023/12/06 02:35:54.99,459499.095,5634281.7765,2946510.2667
2023/12/06 02:35:55.99,459492.0707,5634288.1046,2946509.2077
2023/12/06 02:35:56.99,459480.1476,5634292.4387,2946510.6083
2023/12/06 02:35:57.99,459481.2115,5634276.9978,2946500.5252
2023/12/06 02:35:58.99,459468.525,5634287.3095,2946502.7925
2023/12/06 02:35:59.99,459456.6702,5634297.0983,2946505.4275
2023/12/06 02:36:00.99,459452.9403,5634290.3456,2946499.4073
2023/12/06 02:36:01.99,459444.7751,5634291.9521,2946497.6327
2023/12/06 02:36:02.99,459436.7357,5634294.1211,2946496.3315
2023/12/06 02:36:03.99,459432.9557,5634286.4241,2946489.8723
2023/12/06 02:36:04.99,459420.3756,5634295.811,2946491.7728
2023/12/06 02:36:05.99,459412.2584,5634298.8701,2946490.8412
2023/12/06 02:36:06.99,459404.2487,5634300.375,2946489.145
2023/12/06 02:36:07.99,459395.8499,5634301.9327,2946487.4375
2023/12/06 02:36:08.99,459387.2325,5634308.4865,2946486.0525
2023/12/06 02:36:09.99,459377.6307,5634305.5676,2946483.1039
2023/12/06 02:36:10.99,459367.4976,5634306.9801,2946480.0241
2023/12/06 02:36:11.99,459357.8202,5634308.8863,2946477.8017
2023/12/06 02:36:12.99,459349.5417,5634309.5349,2946475.7094
2023/12/06 02:36:13.99,459341.2953,5634311.951,2946474.2862
2023/12/06 02:36:14.99,459334.9252,5634313.7308,2946473.3486
2023/12/06 02:36:15.99,459330.2453,5634314.8324,2946471.9172
2023/12/06 02:36:16.99,459328.013,5634314.6804,2946470.1584
2023/12/06 02:36:17.99,459327.2798,5634315.0422,2946469.5587
2023/12/06 02:36:18.99,459326.4786,5634315.7237,2946469.0357
2023/12/06 02:36:19.99,459326.5296,5634310.0863,2946467.5677
2023/12/06 02:36:20.99,459326.4214,5634310.4398,2946466.943
2023/12/06 02:36:21.99,459326.4265,5634310.7575,2946466.3326
2023/12/06 02:36:22.99,459325.9036,5634319.2361,2946469.3095
2023/12/06 02:36:23.99,459325.9039,5634319.2464,2946469.2958
2023/12/06 02:36:24.99,459326.8861,5634316.2654,2946467.3416
2023/12/06 02:36:25.99,459326.415,5634317.4664,2946467.3683
2023/12/06 02:36:26.99,459327.36,5634314.2926,2946464.3226
2023/12/06 02:36:27.99,459327.3345,5634316.5354,2946465.0593
2023/12/06 02:36:28.99,459327.965,5634317.9516,2946464.6869
2023/12/06 02:36:29.99,459328.355,5634320.8831,2946465.8939
2023/12/06 02:36:30.99,459330.0652,5634312.6887,2946462.2713
2023/12/06 02:36:31.99,459331.414,5634319.2981,2946463.2771
2023/12/06 02:36:32.99,459333.3945,5634312.8179,2946461.6419
2023/12/06 02:36:33.99,459335.8201,5634312.6743,2946461.6444
2023/12/06 02:36:34.99,459339.2779,5634317.739,2946463.1469
2023/12/06 02:36:35.99,459342.5016,5634311.7828,2946462.4726
2023/12/06 02:36:36.99,459346.7611,5634311.1522,2946463.089
2023/12/06 02:36:37.99,459351.6508,5634310.3879,2946463.8582
2023/12/06 02:36:38.99,459357.3888,5634314.9603,2946465.9372
2023/12/06 02:36:39.99,459362.4894,5634314.0769,2946466.9031
2023/12/06 02:36:40.99,459367.6184,5634313.3053,2946467.6563
2023/12/06 02:36:41.99,459372.8155,5634307.0864,2946467.1531
2023/12/06 02:36:42.99,459379.3341,5634311.6975,2946469.0711
2023/12/06 02:36:43.99,459385.3923,5634305.2987,2946468.7991
2023/12/06 02:36:44.99,459392.3099,5634304.2408,2946469.8003
2023/12/06 02:36:45.99,459400.2935,5634306.0192,2946470.2023
2023/12/06 02:36:46.99,459407.649,5634306.8732,2946474.0803
2023/12/06 02:36:47.99,459415.5834,5634305.2815,2946476.0052
2023/12/06 02:36:48.99,459423.7747,5634303.5695,2946478.0832
2023/12/06 02:36:49.99,459431.9274,5634301.9818,2946480.0077
2023/12/06 02:36:50.99,459440.1489,5634300.4158,2946481.6888
2023/12/06 02:36:51.99,459448.8426,5634298.8662,2946483.2721
2023/12/06 02:36:52.99,459457.3731,5634291.8783,2946483.6205
2023/12/06 02:36:53.99,459466.8167,5634295.8054,2946486.2976
2023/12/06 02:36:54.99,459475.6337,5634294.2661,2946487.8657
2023/12/06 02:36:55.99,459484.4404,5634292.627,2946489.6165
2023/12/06 02:36:56.99,459493.0534,5634290.3558,2946491.039
2023/12/06 02:36:57.99,459501.7538,5634289.2056,2946493.2826
2023/12/06 02:36:58.99,459510.4763,5634287.4558,2946495.2688
2023/12/06 02:36:59.99,459519.1755,5634285.6128,2946497.5144
2023/12/06 02:37:00.99,459527.1863,5634284.0075,2946499.3224
2023/12/06 02:37:01.99,459532.0157,5634279.512,2946500.1552
2023/12/06 02:37:02.99,459536.8384,5634290.099,2946506.6164
2023/12/06 02:37:03.99,459543.3965,5634288.7696,2946508.0666
2023/12/06 02:37:04.99,459554.0043,5634273.2012,2946504.1882
2023/12/06 02:37:05.99,459559.9301,5634277.6332,2946506.3152
2023/12/06 02:37:06.99,459563.0567,5634273.4067,2946507.0741
2023/12/06 02:37:07.99,459566.1748,5634284.309,2946513.1525
2023/12/06 02:37:08.99,459571.382,5634283.2988,2946514.2938
2023/12/06 02:37:09.99,459580.9584,5634267.8805,2946510.1649
2023/12/06 02:37:10.99,459586.1932,5634272.3868,2946512.3746
2023/12/06 02:37:11.99,459590.516,5634271.5483,2946513.3263
2023/12/06 02:37:12.99,459594.4806,5634270.7891,2946514.1479
2023/12/06 02:37:13.99,459598.1826,5634270.0695,2946514.9868
2023/12/06 02:37:14.99,459601.8294,5634269.3854,2946515.8039
2023/12/06 02:37:15.99,459605.3886,5634268.6593,2946516.5624
2023/12/06 02:37:16.99,459608.4926,5634267.5094,2946516.7345
2023/12/06 02:37:17.99,459611.8439,5634267.3904,2946517.9804
2023/12/06 02:37:18.99,459614.545,5634266.2944,2946518.054
2023/12/06 02:37:19.99,459617.2671,5634265.7786,2946518.6255
2023/12/06 02:37:20.99,459619.9453,5634265.8277,2946519.6851
2023/12/06 02:37:21.99,459621.7996,5634264.9159,2946519.5741
2023/12/06 02:37:22.99,459623.3828,5634264.6254,2946519.9181
2023/12/06 02:37:23.99,459624.8225,5634264.3114,2946520.2245
2023/12/06 02:37:24.99,459625.7981,5634259.1071,2946519.871
2023/12/06 02:37:25.99,459626.3675,5634264.6103,2946520.8384
2023/12/06 02:37:26.99,459626.3607,5634264.599,2946520.8357
2023/12/06 02:37:27.99,459626.6876,5634264.4802,2946521.1556
2023/12/06 02:37:28.99,459626.6872,5634264.4809,2946521.1555
2023/12/06 02:37:29.99,459626.4698,5634263.9698,2946520.6044
2023/12/06 02:37:30.99,459626.4738,5634263.9587,2946520.6046
2023/12/06 02:37:31.99,459626.6864,5634264.4878,2946521.1572
2023/12/06 02:37:32.99,459626.6876,5634264.4808,2946521.157
2023/12/06 02:37:33.99,459626.3601,5634264.6056,2946520.8371
2023/12/06 02:37:34.99,459626.4589,5634263.9027,2946520.5776
2023/12/06 02:37:35.99,459626.4577,5634263.9015,2946520.5777
2023/12/06 02:37:36.99,459626.6892,5634264.4759,2946521.156
2023/12/06 02:37:37.99,459626.3587,5634264.5969,2946520.8341
2023/12/06 02:37:38.99,459626.6869,5634264.4721,2946521.156
2023/12/06 02:37:39.99,459626.3591,5634264.6009,2946520.8319
2023/12/06 02:37:40.99,459626.3594,5634264.6052,2946520.837
2023/12/06 02:37:41.99,459626.361,5634264.5969,2946520.8312
2023/12/06 02:37:42.99,459626.3596,5634264.5952,2946520.8332
2023/12/06 02:37:43.99,459626.6862,5634264.4675,2946521.1514
2023/12/06 02:37:44.99,459626.6857,5634264.4719,2946521.1504
2023/12/06 02:37:45.99,459626.4701,5634263.9743,2946520.6079
2023/12/06 02:37:46.99,459626.4561,5634263.883,2946520.5669
2023/12/06 02:37:47.99,459626.7506,5634264.4652,2946521.1696
2023/12/06 02:37:48.99,459626.909,5634264.4843,2946520.9612
2023/12/06 02:37:49.99,459628.6038,5634264.0812,2946521.5988
2023/12/06 02:37:50.99,459630.7661,5634263.6409,2946522.0944
2023/12/06 02:37:51.99,459632.8088,5634263.2232,2946522.569
2023/12/06 02:37:52.99,459634.5111,5634262.929,2946522.737
2023/12/06 02:37:53.99,459637.0131,5634262.3611,2946523.5728
2023/12/06 02:37:54.99,459639.6391,5634261.8076,2946524.1994
2023/12/06 02:37:55.99,459642.5025,5634261.2484,2946524.8763
2023/12/06 02:37:56.99,459645.1453,5634260.7246,2946525.4492
2023/12/06 02:37:57.99,459647.6834,5634260.2308,2946525.9792
2023/12/06 02:37:58.99,459650.0636,5634259.7663,2946526.4865
2023/12/06 02:37:59.99,459652.0234,5634259.3888,2946526.9006
2023/12/06 02:38:00.99,459654.0951,5634258.9775,2946527.3357
2023/12/06 02:38:01.99,459656.0953,5634258.0371,2946527.2533
2023/12/06 02:38:02.99,459658.296,5634259.1269,2946528.6981
2023/12/06 02:38:03.99,459661.8651,5634257.3575,2946529.1594
2023/12/06 02:38:04.99,459665.5093,5634256.6059,2946529.9817
2023/12/06 02:38:05.99,459669.1973,5634256.9067,2946531.2296
2023/12/06 02:38:06.99,459674.3533,5634254.8511,2946532.0122
2023/12/06 02:38:07.99,459678.7544,5634253.3807,2946532.5514
2023/12/06 02:38:08.99,459683.2554,5634252.425,2946533.6669
2023/12/06 02:38:09.99,459687.5862,5634252.1112,2946535.052
2023/12/06 02:38:10.99,459692.3438,5634251.0443,2946536.5288
2023/12/06 02:38:11.99,459696.482,5634250.2065,2946537.2822
2023/12/06 02:38:12.99,459700.8436,5634249.2463,2946538.5913
2023/12/06 02:38:13.99,459704.432,5634248.4867,2946539.493
2023/12/06 02:38:14.99,459708.2056,5634247.6623,2946540.511
2023/12/06 02:38:15.99,459711.9605,5634246.7955,2946541.5466
2023/12/06 02:38:16.99,459715.2681,5634246.0369,2946542.2019
2023/12/06 02:38:17.99,459714.3776,5634254.2175,2946547.6098
2023/12/06 02:38:18.99,459718.3933,5634253.2839,2946548.5922
2023/12/06 02:38:19.99,459725.244,5634240.1552,2946544.8008
2023/12/06 02:38:20.99,459728.3433,5634251.0862,2946551.1572
2023/12/06 02:38:21.99,459738.9163,5634240.9138,2946548.0663
2023/12/06 02:38:22.99,459743.8108,5634237.2988,2946550.7611
2023/12/06 02:38:23.99,459750.8912,5634238.3456,2946551.0793
2023/12/06 02:38:25.99,459763.3695,5634236.9924,2946554.5363
2023/12/06 02:38:26.99,459767.4878,5634231.234,2946554.6931
2023/12/06 02:38:27.99,459776.7456,5634233.7087,2946557.5754
2023/12/06 02:38:28.99,459784.1658,5634232.0427,2946559.4564
2023/12/06 02:38:29.99,459791.0345,5634226.97,2946562.2675
2023/12/06 02:38:30.99,459798.9974,5634224.5496,2946563.9583
2023/12/06 02:38:31.99,459808.1257,5634229.2339,2946564.1183
2023/12/06 02:38:32.99,459815.4021,5634224.0875,2946566.8911
2023/12/06 02:38:33.99,459823.3125,5634222.5161,2946568.4789
2023/12/06 02:38:34.99,459831.1027,5634221.0171,2946569.7614
2023/12/06 02:38:35.99,459838.3651,5634216.8775,2946572.865
2023/12/06 02:38:36.99,459845.9725,5634213.417,2946572.5982
2023/12/06 02:38:37.99,459856.9218,5634215.4788,2946575.4687
2023/12/06 02:38:38.99,459865.7946,5634213.587,2946577.2731
2023/12/06 02:38:39.99,459874.411,5634211.749,2946578.7825
2023/12/06 02:38:40.99,459883.7283,5634209.6602,2946581.0411
2023/12/06 02:38:41.99,459892.5749,5634207.7223,2946583.0149
2023/12/06 02:38:42.99,459901.0508,5634205.7964,2946584.9625
2023/12/06 02:38:43.99,459908.9561,5634204.0649,2946586.4857
2023/12/06 02:38:44.99,459915.9633,5634199.881,2946589.6066
2023/12/06 02:38:45.99,459923.7744,5634198.1383,2946591.2858
2023/12/06 02:38:46.99,459932.5278,5634198.2099,2946591.2831
2023/12/06 02:38:47.99,459940.1874,5634196.5074,2946592.9051
2023/12/06 02:38:48.99,459946.9275,5634192.9649,2946596.2063
2023/12/06 02:38:49.99,459956.0062,5634193.5543,2946596.5258
2023/12/06 02:38:50.99,459964.2546,5634191.676,2946598.2835
2023/12/06 02:38:51.99,459973.018,5634189.563,2946600.483
2023/12/06 02:38:52.99,459979.0069,5634184.5542,2946601.4425
2023/12/06 02:38:53.99,459989.2087,5634183.3255,2946605.2715
2023/12/06 02:38:54.99,459998.2641,5634181.2641,2946607.2142
2023/12/06 02:38:55.99,460007.5626,5634179.1395,2946609.1277
2023/12/06 02:38:56.99,460018.4317,5634179.252,2946610.0183
2023/12/06 02:38:57.99,460026.7689,5634174.8031,2946613.0958
2023/12/06 02:38:58.99,460036.3355,5634172.645,2946615.1069
2023/12/06 02:38:59.99,460045.7151,5634170.5146,2946617.093
2023/12/06 02:39:00.99,460053.6004,5634167.6478,2946617.1311
2023/12/06 02:39:01.99,460065.3374,5634168.5153,2946619.9229
2023/12/06 02:39:02.99,460072.9528,5634164.0874,2946622.8548
2023/12/06 02:39:03.99,460081.8553,5634162.0126,2946624.7045
2023/12/06 02:39:04.99,460090.6639,5634160.0047,2946626.4709
2023/12/06 02:39:05.99,460097.2868,5634156.8774,2946625.1667
2023/12/06 02:39:06.99,460109.0812,5634158.5303,2946628.9533
2023/12/06 02:39:07.99,460115.9121,5634154.373,2946631.9088
2023/12/06 02:39:08.99,460123.9502,5634152.4796,2946633.8253
2023/12/06 02:39:09.99,460130.5684,5634149.8806,2946633.8101
2023/12/06 02:39:10.99,460140.9086,5634150.4421,2946636.1295
2023/12/06 02:39:11.99,460147.6993,5634146.6746,2946639.8387
2023/12/06 02:39:12.99,460157.0892,5634146.975,2946640.9933
2023/12/06 02:39:13.99,460163.8343,5634142.664,2946644.3703
2023/12/06 02:39:14.99,460172.0279,5634140.5741,2946646.6795
2023/12/06 02:39:15.99,460181.4652,5634140.1316,2946647.4702
2023/12/06 02:39:16.99,460187.382,5634135.3551,2946649.6764
2023/12/06 02:39:17.99,460197.2191,5634133.6072,2946654.3616
2023/12/06 02:39:18.99,460205.82,5634131.0315,2946657.3279
2023/12/06 02:39:19.99,460216.5527,5634133.5325,2946657.9318
2023/12/06 02:39:20.99,460224.8134,5634128.0386,2946662.4192
2023/12/06 02:39:21.99,460232.453,5634122.9383,2946666.7483
2023/12/06 02:39:22.99,460242.7191,5634122.3011,2946669.14
2023/12/06 02:39:23.99,460251.4469,5634119.3261,2946672.6692
2023/12/06 02:39:24.99,460259.9478,5634116.4273,2946676.313
2023/12/06 02:39:25.99,460268.2613,5634113.6208,2946679.9107
2023/12/06 02:39:26.99,460276.033,5634111.0191,2946683.1072
2023/12/06 02:39:27.99,460282.8163,5634105.8719,2946688.0302
2023/12/06 02:39:28.99,460291.7483,5634105.4464,2946690.5194
2023/12/06 02:39:29.99,460297.755,5634100.6402,2946694.9974
2023/12/06 02:39:30.99,460304.9467,5634098.2922,2946698.1662
2023/12/06 02:39:31.99,460311.8779,5634096.0073,2946701.1993
2023/12/06 02:39:32.99,460317.4349,5634091.0593,2946702.2584
2023/12/06 02:39:33.99,460326.0296,5634093.9499,2946706.1903
2023/12/06 02:39:34.99,460331.77,5634091.5405,2946708.4239
2023/12/06 02:39:35.99,460337.5359,5634090.2174,2946711.2279
2023/12/06 02:39:36.99,460342.6297,5634088.9223,2946712.7844
2023/12/06 02:39:37.99,460347.9422,5634087.6773,2946714.2829
2023/12/06 02:39:38.99,460352.3001,5634084.1426,2946716.938
2023/12/06 02:39:39.99,460359.1872,5634085.3137,2946717.0884
2023/12/06 02:39:40.99,460363.358,5634081.8783,2946719.5709
2023/12/06 02:39:41.99,460370.2657,5634082.8541,2946720.2346
2023/12/06 02:39:42.99,460375.6288,5634081.5085,2946721.7708
2023/12/06 02:39:43.99,460380.457,5634077.5506,2946725.2895
2023/12/06 02:39:44.99,460387.7585,5634077.5795,2946726.2126
2023/12/06 02:39:45.99,460396.796,5634068.3962,2946725.3104
2023/12/06 02:39:49.99,460419.4268,5634064.793,2946744.5608
2023/12/06 02:39:50.99,460422.2877,5634061.0966,2946743.6331
2023/12/06 02:39:51.99,460429.5918,5634064.539,2946748.1526
2023/12/06 02:39:52.99,460432.5293,5634057.743,2946749.0547
2023/12/06 02:39:53.99,460441.3598,5634060.1635,2946754.66
2023/12/06 02:39:54.99,460447.3143,5634051.9281,2946757.7168
2023/12/06 02:39:55.99,460453.8249,5634049.687,2946760.876
2023/12/06 02:39:56.99,460460.001,5634049.8045,2946765.1535
2023/12/06 02:39:57.99,460467.4218,5634047.4842,2946768.6353
2023/12/06 02:39:58.99,460475.1495,5634044.9183,2946772.2536
2023/12/06 02:39:59.99,460484.508,5634044.5366,2946774.9831
2023/12/06 02:40:00.99,460489.7541,5634040.6743,2946780.0369
2023/12/06 02:40:01.99,460499.915,5634036.6539,2946784.1371
2023/12/06 02:40:02.99,460507.4969,5634032.9159,2946786.3743
2023/12/06 02:40:03.99,460514.4447,5634041.8001,2946795.7984
2023/12/06 02:40:04.99,460526.0626,5634026.566,2946795.3987
2023/12/06 02:40:05.99,460536.8303,5634023.998,2946802.0569
2023/12/06 02:40:06.99,460547.0815,5634023.2401,2946805.2986
2023/12/06 02:40:07.99,460555.2034,5634017.6495,2946811.1594
2023/12/06 02:40:08.99,460565.4605,5634016.9402,2946814.1603
2023/12/06 02:40:09.99,460572.5299,5634008.7599,2946817.7853
2023/12/06 02:40:10.99,460583.3184,5634011.0241,2946822.534
2023/12/06 02:40:11.99,460589.3131,5634005.1409,2946825.9425
2023/12/06 02:40:12.99,460597.6581,5634001.374,2946829.3859
2023/12/06 02:40:13.99,460606.6255,5634003.1273,2946833.8947
2023/12/06 02:40:14.99,460610.3986,5633995.9955,2946836.0027
2023/12/06 02:40:15.99,460615.9404,5633994.1019,2946838.7727
2023/12/06 02:40:16.99,460622.1879,5633995.0226,2946843.4095
2023/12/06 02:40:17.99,460626.2292,5633990.4618,2946844.0009
2023/12/06 02:40:18.99,460631.1801,5633988.7334,2946846.5178
2023/12/06 02:40:19.99,460636.3459,5633987.9118,2946848.7105
2023/12/06 02:40:20.99,460643.3836,5633990.3232,2946852.3375
2023/12/06 02:40:21.99,460648.3842,5633988.5568,2946854.7972
2023/12/06 02:40:22.99,460653.4727,5633986.8268,2946857.2708
2023/12/06 02:40:23.99,460658.6026,5633985.09,2946859.8017
2023/12/06 02:40:24.99,460661.4356,5633978.2918,2946861.3253
2023/12/06 02:40:25.99,460667.0185,5633977.4541,2946863.4657
2023/12/06 02:40:26.99,460674.4565,5633979.8866,2946867.0466
2023/12/06 02:40:27.99,460677.6476,5633974.0851,2946868.2441
2023/12/06 02:40:28.99,460685.1533,5633976.3579,2946872.0299
2023/12/06 02:40:29.99,460689.3216,5633972.1551,2946875.8264
2023/12/06 02:40:30.99,460696.1986,5633972.5059,2946877.5582
2023/12/06 02:40:31.99,460700.4188,5633968.271,2946881.4245
2023/12/06 02:40:32.99,460706.1558,5633966.2985,2946884.2663
2023/12/06 02:40:33.99,460711.0448,5633961.5311,2946885.1856
2023/12/06 02:40:34.99,460719.217,5633964.612,2946888.83
2023/12/06 02:40:35.99,460725.9878,5633962.3224,2946892.2222
2023/12/06 02:40:36.99,460732.5707,5633960.1501,2946895.3723
2023/12/06 02:40:37.99,460736.1075,5633956.9229,2946899.5901
2023/12/06 02:40:38.99,460744.2938,5633953.5779,2946902.7372
2023/12/06 02:40:39.99,460752.9849,5633956.3477,2946903.6238
2023/12/06 02:40:40.99,460759.0607,5633951.2404,2946908.282
2023/12/06 02:40:41.99,460765.6739,5633948.974,2946911.5609
2023/12/06 02:40:42.99,460772.038,5633946.7749,2946914.7431
2023/12/06 02:40:43.99,460778.1543,5633944.6854,2946917.7754
2023/12/06 02:40:44.99,460781.0291,5633941.6519,2946921.7095
2023/12/06 02:40:45.99,460789.7422,5633940.8249,2946923.4007
2023/12/06 02:40:46.99,460795.1597,5633939.0305,2946925.9965
2023/12/06 02:40:47.99,460798.9599,5633935.043,2946929.5555
2023/12/06 02:40:48.99,460805.3391,5633935.672,2946930.9452
2023/12/06 02:40:49.99,460807.1929,5633933.0257,2946934.3462
2023/12/06 02:40:50.99,460812.2878,5633927.6001,2946934.4899
2023/12/06 02:40:51.99,460815.3901,5633930.3456,2946938.2657
2023/12/06 02:40:52.99,460821.6196,5633930.3583,2946938.7387
2023/12/06 02:40:53.99,460821.3245,5633928.3916,2946941.1142
2023/12/06 02:40:54.99,460823.8541,5633923.7381,2946940.0567
2023/12/06 02:40:55.99,460827.1121,5633928.3769,2946941.5037
2023/12/06 02:40:56.99,460825.2028,5633926.6523,2946943.7868
2023/12/06 02:40:57.99,460825.183,5633923.7723,2946941.495
2023/12/06 02:40:58.99,460825.2971,5633923.4786,2946942.0766
2023/12/06 02:40:59.99,460828.6897,5633926.7926,2946944.3956
2023/12/06 02:41:00.99,460828.3612,5633926.8812,2946944.2055
2023/12/06 02:41:01.99,460826.5632,5633922.5153,2946943.5633
2023/12/06 02:41:02.99,460828.6264,5633926.4191,2946945.1177
2023/12/06 02:41:03.99,460828.5906,5633926.3462,2946945.2944
2023/12/06 02:41:04.99,460828.588,5633926.341,2946945.3005
2023/12/06 02:41:05.99,460828.5816,5633926.318,2946945.3296
2023/12/06 02:41:06.99,460826.4518,5633922.1919,2946944.2136
2023/12/06 02:41:07.99,460828.5294,5633926.2344,2946945.5241
2023/12/06 02:41:08.99,460828.5148,5633926.2052,2946945.5794
2023/12/06 02:41:09.99,460827.1192,5633923.9039,2946946.6842
2023/12/06 02:41:10.99,460827.077,5633923.8399,2946946.8021
2023/12/06 02:41:11.99,460828.3723,5633926.0232,2946945.9473
2023/12/06 02:41:12.99,460828.3056,5633925.954,2946946.0965
2023/12/06 02:41:13.99,460828.2767,5633925.9197,2946946.1531
2023/12/06 02:41:14.99,460828.2706,5633925.9124,2946946.1676
2023/12/06 02:41:15.99,460826.8365,5633923.5969,2946947.3241
2023/12/06 02:41:16.99,460824.9356,5633924.6349,2946947.7892
2023/12/06 02:41:17.99,460824.3195,5633924.3266,2946948.5106
2023/12/06 02:41:18.99,460827.1405,5633927.9575,2946946.8057
2023/12/06 02:41:19.99,460825.3734,5633920.0033,2946947.9191
2023/12/06 02:41:20.99,460824.2335,5633925.4184,2946948.6445
2023/12/06 02:41:21.99,460823.9153,5633925.941,2946949.406
2023/12/06 02:41:22.99,460820.3451,5633923.7052,2946950.4804
2023/12/06 02:41:23.99,460820.9371,5633925.9493,2946949.9145
2023/12/06 02:41:24.99,460818.6461,5633926.143,2946949.913
2023/12/06 02:41:25.99,460815.7418,5633925.9447,2946949.0429
2023/12/06 02:41:26.99,460812.3516,5633926.5771,2946948.3425
2023/12/06 02:41:27.99,460808.2611,5633927.405,2946947.2951
2023/12/06 02:41:28.99,460803.4592,5633928.6035,2946945.717
2023/12/06 02:41:29.99,460797.8933,5633930.1437,2946943.5353
2023/12/06 02:41:30.99,460792.474,5633931.8615,2946941.0594
2023/12/06 02:41:31.99,460787.168,5633933.5516,2946938.5995
2023/12/06 02:41:32.99,460781.5364,5633935.344,2946935.9576
2023/12/06 02:41:33.99,460775.3059,5633937.3825,2946932.9277
2023/12/06 02:41:34.99,460768.173,5633939.7795,2946929.4573
2023/12/06 02:41:35.99,460760.2875,5633942.3828,2946925.6074
2023/12/06 02:41:36.99,460752.4608,5633944.7437,2946921.4907
2023/12/06 02:41:37.99,460743.5448,5633948.0824,2946917.2366
2023/12/06 02:41:38.99,460734.762,5633951.0342,2946912.9652
2023/12/06 02:41:39.99,460726.1454,5633948.4986,2946908.2794
2023/12/06 02:41:40.99,460716.5215,5633957.0829,2946904.4218
2023/12/06 02:41:41.99,460707.2582,5633960.1594,2946899.9722
2023/12/06 02:41:42.99,460697.9571,5633963.3701,2946895.3715
2023/12/06 02:41:43.99,460688.6491,5633966.6591,2946890.6623
2023/12/06 02:41:44.99,460679.5081,5633970.5313,2946886.486
2023/12/06 02:41:45.99,460669.8003,5633973.2479,2946881.247
2023/12/06 02:41:46.99,460660.1972,5633976.4681,2946876.6517
2023/12/06 02:41:47.99,460650.5963,5633979.7613,2946871.9802
2023/12/06 02:41:48.99,460641.0054,5633983.106,2946867.2084
2023/12/06 02:41:49.99,460631.8285,5633980.9488,2946861.9938
2023/12/06 02:41:50.99,460621.6992,5633989.7626,2946857.6902
2023/12/06 02:41:51.99,460611.938,5633993.0543,2946853.0268
2023/12/06 02:41:52.99,460602.1096,5633996.2929,2946848.4023
2023/12/06 02:41:53.99,460592.6989,5633994.0515,2946843.333
2023/12/06 02:41:54.99,460582.3877,5634002.843,2946839.184
2023/12/06 02:41:55.99,460572.5532,5634006.1017,2946834.5375
2023/12/06 02:41:56.99,460563.2162,5634008.9342,2946829.8509
2023/12/06 02:41:57.99,460553.132,5634012.6766,2946825.1951
2023/12/06 02:41:58.99,460543.5344,5634015.969,2946820.4884
2023/12/06 02:41:59.99,460534.0212,5634019.2346,2946815.8214
2023/12/06 02:42:00.99,460525.3579,5634021.2525,2946811.1748
2023/12/06 02:42:01.99,460516.5077,5634019.739,2946806.8349
2023/12/06 02:42:02.99,460508.1541,5634022.6055,2946802.7974
2023/12/06 02:42:03.99,460500.0647,5634025.3423,2946798.8135
2023/12/06 02:42:04.99,460489.1734,5634029.5404,2946793.6558
2023/12/06 02:42:05.99,460484.6059,5634030.6992,2946791.1009
2023/12/06 02:42:06.99,460477.0929,5634033.2501,2946787.4698
2023/12/06 02:42:07.99,460469.7217,5634035.7475,2946783.8934
2023/12/06 02:42:08.99,460462.0567,5634043.7697,2946780.7973
2023/12/06 02:42:09.99,460455.095,5634046.1715,2946777.3765
2023/12/06 02:42:10.99,460448.4615,5634048.4866,2946774.0673
2023/12/06 02:42:11.99,460442.6838,5634045.0349,2946770.5443
2023/12/06 02:42:12.99,460436.7923,5634047.0366,2946767.6034
2023/12/06 02:42:13.99,460430.6835,5634049.1132,2946764.6227
2023/12/06 02:42:14.99,460423.5909,5634056.8193,2946761.9615
2023/12/06 02:42:15.99,460416.4049,5634059.1165,2946758.8273
2023/12/06 02:42:16.99,460409.2613,5634055.9002,2946755.0239
2023/12/06 02:42:17.99,460401.5553,5634058.4859,2946751.4316
2023/12/06 02:42:18.99,460393.7146,5634061.1329,2946747.5578
2023/12/06 02:42:19.99,460385.71,5634063.8688,2946743.628
2023/12/06 02:42:20.99,460377.5247,5634071.7265,2946740.0894
2023/12/06 02:42:21.99,460369.4773,5634069.3421,2946735.6955
2023/12/06 02:42:22.99,460361.8763,5634071.9771,2946731.9494
2023/12/06 02:42:23.99,460354.5334,5634079.855,2946728.9635
2023/12/06 02:42:24.99,460348.9995,5634076.4048,2946725.51
2023/12/06 02:42:25.99,460343.1358,5634083.8325,2946723.222
2023/12/06 02:42:26.99,460338.7641,5634080.0086,2946720.3012
2023/12/06 02:42:27.99,460334.681,5634086.5094,2946718.675
2023/12/06 02:42:28.99,460330.5211,5634088.1609,2946716.9516
2023/12/06 02:42:29.99,460326.906,5634089.984,2946715.8003
2023/12/06 02:42:30.99,460322.3804,5634090.7541,2946713.3794
2023/12/06 02:42:31.99,460317.6328,5634092.2841,2946711.3222
2023/12/06 02:42:32.99,460313.0009,5634088.4733,2946708.4807
2023/12/06 02:42:33.99,460307.8145,5634094.8303,2946706.054
2023/12/06 02:42:34.99,460301.6895,5634097.8473,2946703.5602
2023/12/06 02:42:35.99,460295.8094,5634099.8724,2946700.7964
2023/12/06 02:42:36.99,460289.6632,5634101.9683,2946697.9517
2023/12/06 02:42:37.99,460283.2876,5634104.1618,2946695.0031
2023/12/06 02:42:38.99,460276.9227,5634106.9996,2946692.5831
2023/12/06 02:42:39.99,460270.3454,5634103.1828,2946688.5995
2023/12/06 02:42:40.99,460262.9205,5634111.0126,2946686.0981
2023/12/06 02:42:41.99,460256.1484,5634107.7901,2946682.5638
2023/12/06 02:42:42.99,460248.8092,5634110.2309,2946679.4514
2023/12/06 02:42:43.99,460241.3396,5634112.7962,2946676.4561
2023/12/06 02:42:44.99,460233.2938,5634120.8275,2946674.0204
2023/12/06 02:42:45.99,460226.0308,5634117.748,2946670.6942
2023/12/06 02:42:46.99,460218.2205,5634120.1515,2946667.8327
2023/12/06 02:42:47.99,460210.2043,5634122.5975,2946665.034
2023/12/06 02:42:48.99,460202.0382,5634124.9642,2946662.2537
2023/12/06 02:42:49.99,460193.7238,5634127.4104,2946659.6033
2023/12/06 02:42:50.99,460184.8764,5634135.362,2946657.4205
2023/12/06 02:42:51.99,460176.3303,5634137.7091,2946654.82
2023/12/06 02:42:52.99,460167.6643,5634140.0342,2946652.2235
2023/12/06 02:42:53.99,460158.8467,5634142.3135,2946649.7067
2023/12/06 02:42:54.99,460149.8586,5634144.5212,2946647.1828
2023/12/06 02:42:55.99,460138.4396,5634145.1423,2946646.1573
2023/12/06 02:42:56.99,460131.4726,5634148.9615,2946642.6649
2023/12/06 02:42:57.99,460122.3784,5634151.6271,2946641.1933
2023/12/06 02:42:58.99,460112.7829,5634153.1564,2946638.6622
2023/12/06 02:42:59.99,460103.6211,5634155.8039,2946637.2734
2023/12/06 02:43:00.99,460094.483,5634151.9088,2946634.131
2023/12/06 02:43:01.99,460085.1736,5634154.1033,2946631.9316
2023/12/06 02:43:02.99,460073.3087,5634160.3472,2946631.6211
2023/12/06 02:43:03.99,460064.302,5634162.6437,2946629.5616
2023/12/06 02:43:04.99,460055.4067,5634164.8052,2946627.5579
2023/12/06 02:43:05.99,460049.2529,5634162.9471,2946623.7733
2023/12/06 02:43:06.99,460037.6244,5634168.9611,2946623.6575
2023/12/06 02:43:07.99,460030.9731,5634172.5659,2946620.4346
2023/12/06 02:43:08.99,460021.9863,5634174.5723,2946618.6256
2023/12/06 02:43:09.99,460010.6726,5634174.9116,2946618.2504
2023/12/06 02:43:10.99,460004.171,5634179.0354,2946615.7205
2023/12/06 02:43:11.99,459994.9399,5634180.4402,2946613.3815
2023/12/06 02:43:12.99,459985.9696,5634182.4982,2946611.4721
2023/12/06 02:43:13.99,459977.0135,5634184.5725,2946609.4596
2023/12/06 02:43:14.99,459968.0747,5634186.6982,2946607.4481
2023/12/06 02:43:15.99,459959.1893,5634188.7898,2946605.4641
2023/12/06 02:43:16.99,459950.5107,5634190.7002,2946603.7103
2023/12/06 02:43:17.99,459942.4091,5634186.8923,2946601.7551
2023/12/06 02:43:18.99,459933.4867,5634194.0609,2946600.8953
2023/12/06 02:43:19.99,459925.2322,5634196.1657,2946600.3229
2023/12/06 02:43:20.99,459916.5079,5634196.9849,2946598.7668
2023/12/06 02:43:21.99,459908.0857,5634198.604,2946597.4544
2023/12/06 02:43:22.99,459899.937,5634200.3902,2946595.7786
2023/12/06 02:43:23.99,459892.1864,5634202.1076,2946594.0749
2023/12/06 02:43:24.99,459885.2294,5634198.2489,2946591.7293
2023/12/06 02:43:25.99,459877.8115,5634200.1307,2946589.6903
2023/12/06 02:43:26.99,459870.2837,5634202.084,2946587.4633
2023/12/06 02:43:27.99,459863.2498,5634203.9502,2946585.3855
2023/12/06 02:43:28.99,459855.8358,5634211.2552,2946584.0353
2023/12/06 02:43:29.99,459848.8839,5634207.1332,2946582.1663
2023/12/06 02:43:30.99,459841.1548,5634208.4712,2946581.0717
2023/12/06 02:43:31.99,459833.4164,5634214.3778,2946580.1719
2023/12/06 02:43:32.99,459822.9185,5634224.6554,2946580.1563
2023/12/06 02:43:33.99,459818.1883,5634218.3142,2946577.6431
2023/12/06 02:43:34.99,459811.0752,5634219.8685,2946576.106
2023/12/06 02:43:35.99,459804.7208,5634222.3616,2946571.1793
2023/12/06 02:43:36.99,459799.0536,5634226.7124,2946573.8519
2023/12/06 02:43:37.99,459789.5287,5634224.58,2946571.0508
2023/12/06 02:43:38.99,459782.7125,5634225.7123,2946569.2323
2023/12/06 02:43:39.99,459775.2403,5634227.7657,2946567.4553
2023/12/06 02:43:40.99,459768.2102,5634229.5107,2946565.388
2023/12/06 02:43:41.99,459763.4944,5634235.3352,2946564.5839
2023/12/06 02:43:42.99,459754.8838,5634232.707,2946561.6897
2023/12/06 02:43:44.99,459745.444,5634233.9213,2946561.2432
2023/12/06 02:43:45.99,459742.0702,5634234.4712,2946560.8038
2023/12/06 02:43:46.99,459739.8122,5634234.9648,2946560.3328
2023/12/06 02:43:47.99,459739.9143,5634238.1064,2946559.8486
2023/12/06 02:43:48.99,459738.6104,5634235.2337,2946560.0071
2023/12/06 02:43:49.99,459738.5727,5634235.2439,2946559.9944
2023/12/06 02:43:50.99,459735.9352,5634234.0647,2946560.0658
2023/12/06 02:43:51.99,459735.9322,5634234.0692,2946560.0678
2023/12/06 02:43:52.99,459735.931,5634234.0638,2946560.0663
2023/12/06 02:43:53.99,459735.9306,5634234.0685,2946560.0657
2023/12/06 02:43:54.99,459735.9319,5634234.065,2946560.0656
2023/12/06 02:43:55.99,459738.2298,5634235.6521,2946558.7333
2023/12/06 02:43:56.99,459735.9316,5634234.0687,2946560.0678
2023/12/06 02:43:57.99,459738.2274,5634235.6579,2946558.7323
2023/12/06 02:43:58.99,459735.9307,5634234.0698,2946560.0672
2023/12/06 02:43:59.99,459735.9304,5634234.0704,2946560.0675
2023/12/06 02:44:00.99,459738.2279,5634235.6568,2946558.7327
2023/12/06 02:44:01.99,459735.9304,5634234.0636,2946560.0634
2023/12/06 02:44:02.99,459735.9301,5634234.0688,2946560.0645
2023/12/06 02:44:03.99,459735.9289,5634234.0651,2946560.0653
2023/12/06 02:44:04.99,459735.9294,5634234.0666,2946560.0637
2023/12/06 02:44:05.99,459735.9302,5634234.069,2946560.065
2023/12/06 02:44:06.99,459738.2294,5634235.6514,2946558.7343
2023/12/06 02:44:07.99,459738.2282,5634235.6513,2946558.7322
2023/12/06 02:44:08.99,459735.9296,5634234.0637,2946560.0629
2023/12/06 02:44:09.99,459735.9271,5634234.0744,2946560.0672
2023/12/06 02:44:10.99,459738.2272,5634235.6545,2946558.735
2023/12/06 02:44:11.99,459738.2242,5634235.6355,2946558.7257
2023/12/06 02:44:12.99,459738.227,5634235.6491,2946558.7323
2023/12/06 02:44:13.99,459735.9294,5634234.0665,2946560.062
2023/12/06 02:44:14.99,459738.2264,5634235.6458,2946558.7296
2023/12/06 02:44:15.99,459738.2271,5634235.6467,2946558.731
2023/12/06 02:44:16.99,459735.9271,5634234.0705,2946560.0639
2023/12/06 02:44:17.99,459738.23,5634235.6495,2946558.7344
2023/12/06 02:44:18.99,459738.2282,5634235.6494,2946558.7334
2023/12/06 02:44:19.99,459735.9257,5634234.0648,2946560.0615
2023/12/06 02:44:20.99,459738.2265,5634235.6534,2946558.732
2023/12/06 02:44:21.99,459738.2272,5634235.6454,2946558.7304
2023/12/06 02:44:22.99,459738.2258,5634235.6517,2946558.7356
2023/12/06 02:44:23.99,459738.2269,5634235.6461,2946558.7299
2023/12/06 02:44:24.99,459735.9264,5634234.0659,2946560.0596
2023/12/06 02:44:25.99,459738.2269,5634235.6543,2946558.7338
2023/12/06 02:44:26.99,459738.2301,5634235.6496,2946558.7313
2023/12/06 02:44:27.99,459738.2296,5634235.6393,2946558.7274
2023/12/06 02:44:28.99,459738.2276,5634235.6518,2946558.7321
2023/12/06 02:44:29.99,459738.2279,5634235.6548,2946558.7336
2023/12/06 02:44:30.99,459738.2288,5634235.6511,2946558.7317
2023/12/06 02:44:31.99,459738.2296,5634235.649,2946558.7303
2023/12/06 02:44:32.99,459738.2305,5634235.6395,2946558.728
2023/12/06 02:44:33.99,459738.2288,5634235.6506,2946558.7327
2023/12/06 02:44:34.99,459738.2291,5634235.6478,2946558.7312
2023/12/06 02:44:35.99,459738.2293,5634235.6492,2946558.7322
2023/12/06 02:44:36.99,459738.2282,5634235.6442,2946558.7293
2023/12/06 02:44:37.99,459738.2297,5634235.6476,2946558.7327
2023/12/06 02:44:38.99,459738.2286,5634235.6505,2946558.7341
2023/12/06 02:44:39.99,459738.2299,5634235.6504,2946558.7326
2023/12/06 02:44:40.99,459738.2281,5634235.6477,2946558.7302
2023/12/06 02:44:41.99,459738.2265,5634235.6488,2946558.7329
2023/12/06 02:44:42.99,459738.2298,5634235.6489,2946558.7319
2023/12/06 02:44:43.99,459738.2285,5634235.6489,2946558.7325
2023/12/06 02:44:44.99,459741.2763,5634222.8197,2946553.8445
2023/12/06 02:44:45.99,459738.2297,5634235.6475,2946558.731
2023/12/06 02:44:46.99,459741.2758,5634222.8161,2946553.8426
2023/12/06 02:44:47.99,459738.2251,5634235.6489,2946558.7334
2023/12/06 02:44:48.99,459738.2285,5634235.647,2946558.73
2023/12/06 02:44:49.99,459738.2275,5634235.6577,2946558.7355
2023/12/06 02:44:50.99,459738.2294,5634235.6485,2946558.7309
2023/12/06 02:44:51.99,459738.2298,5634235.6446,2946558.7306
2023/12/06 02:44:52.99,459738.2265,5634235.6528,2946558.733
2023/12/06 02:44:53.99,459738.9746,5634235.0446,2946559.0115
2023/12/06 02:44:54.99,459738.2301,5634235.6507,2946558.7328
2023/12/06 02:44:55.99,459738.2385,5634235.6575,2946558.7393
2023/12/06 02:44:56.99,459738.1684,5634235.6602,2946558.7202
2023/12/06 02:44:57.99,459737.4503,5634235.8052,2946558.5688
2023/12/06 02:44:58.99,459735.6302,5634236.1394,2946558.239
2023/12/06 02:44:59.99,459732.7983,5634236.7024,2946557.6396
2023/12/06 02:45:00.99,459726.7388,5634233.4186,2946555.0664
2023/12/06 02:45:01.99,459725.3931,5634238.338,2946555.8044
2023/12/06 02:45:02.99,459720.1796,5634239.4201,2946554.6667
2023/12/06 02:45:03.99,459713.5896,5634240.6956,2946553.3593
2023/12/06 02:45:04.99,459706.313,5634242.1336,2946551.8936
2023/12/06 02:45:05.99,459699.2208,5634243.5689,2946550.3009
2023/12/06 02:45:06.99,459692.444,5634245.0383,2946548.5604
2023/12/06 02:45:07.99,459685.4863,5634246.6444,2946546.6031
2023/12/06 02:45:08.99,459678.4581,5634248.2384,2946544.6836
2023/12/06 02:45:09.99,459669.7211,5634250.6603,2946544.2458
2023/12/06 02:45:10.99,459663.2009,5634251.4047,2946541.0612
2023/12/06 02:45:11.99,459655.0439,5634253.0675,2946539.2052
2023/12/06 02:45:12.99,459646.63,5634254.8183,2946537.2089
2023/12/06 02:45:13.99,459637.9595,5634256.5598,2946535.1878
2023/12/06 02:45:14.99,459629.1701,5634258.3114,2946533.1936
2023/12/06 02:45:15.99,459620.623,5634260.0335,2946531.2172
2023/12/06 02:45:16.99,459611.9596,5634261.7749,2946529.2646
2023/12/06 02:45:17.99,459603.2435,5634263.5293,2946527.3155
2023/12/06 02:45:18.99,459594.7535,5634265.264,2946525.3659
2023/12/06 02:45:19.99,459586.4643,5634266.9203,2946523.4247
2023/12/06 02:45:20.99,459578.4776,5634268.5105,2946521.6926
2023/12/06 02:45:21.99,459570.9616,5634269.9243,2946520.1415
2023/12/06 02:45:22.99,459564.6744,5634271.0944,2946518.9136
2023/12/06 02:45:23.99,459559.7577,5634271.9677,2946517.9815
2023/12/06 02:45:24.99,459555.1447,5634272.7478,2946517.2011
2023/12/06 02:45:25.99,459550.4432,5634273.2533,2946516.8954
2023/12/06 02:45:26.99,459545.4579,5634273.5618,2946516.9771
2023/12/06 02:45:27.99,459540.5648,5634273.7009,2946517.3913
2023/12/06 02:45:28.99,459535.9843,5634273.9518,2946517.6051
2023/12/06 02:45:29.99,459531.2193,5634274.5994,2946517.1768
2023/12/06 02:45:30.99,459525.8383,5634275.7064,2946515.9905
2023/12/06 02:45:31.99,459519.7966,5634277.0832,2946514.3547
2023/12/06 02:45:32.99,459513.016,5634278.5186,2946512.6569
2023/12/06 02:45:33.99,459505.5016,5634280.0309,2946510.9561
2023/12/06 02:45:34.99,459497.3672,5634281.6567,2946509.1832
2023/12/06 02:45:35.99,459489.2203,5634283.2948,2946507.339
2023/12/06 02:45:36.99,459483.3509,5634286.5549,2946504.067
2023/12/06 02:45:37.99,459473.5691,5634286.4466,2946503.7803
2023/12/06 02:45:38.99,459465.7959,5634287.9704,2946502.0751
2023/12/06 02:45:39.99,459457.4476,5634289.6046,2946500.1977
2023/12/06 02:45:40.99,459449.4069,5634290.8317,2946498.2919
2023/12/06 02:45:41.99,459440.709,5634292.8977,2946496.4936
2023/12/06 02:45:42.99,459432.335,5634294.4875,2946494.6653
2023/12/06 02:45:43.99,459425.9308,5634297.7645,2946491.325
2023/12/06 02:45:44.99,459415.1284,5634297.8317,2946490.8217
2023/12/06 02:45:45.99,459406.4583,5634299.4867,2946488.9493
2023/12/06 02:45:46.99,459397.8711,5634301.1912,2946486.9491
2023/12/06 02:45:47.99,459389.3426,5634302.9239,2946484.8438
2023/12/06 02:45:48.99,459380.824,5634304.625,2946482.8364
2023/12/06 02:45:49.99,459372.7211,5634305.7352,2946480.9652
2023/12/06 02:45:50.99,459364.0868,5634307.7169,2946479.2735
2023/12/06 02:45:51.99,459356.1705,5634309.1853,2946477.6166
2023/12/06 02:45:52.99,459348.889,5634310.5831,2946476.0859
2023/12/06 02:45:53.99,459342.9171,5634311.6689,2946474.7324
2023/12/06 02:45:54.99,459338.3656,5634312.5644,2946473.7023
2023/12/06 02:45:55.99,459335.7932,5634313.6599,2946473.5997
2023/12/06 02:45:56.99,459333.8228,5634313.463,2946472.612
2023/12/06 02:45:57.99,459332.2918,5634313.7997,2946472.1692
2023/12/06 02:45:58.99,459331.4039,5634313.7271,2946471.6069
2023/12/06 02:45:59.99,459329.9645,5634314.5948,2946470.9795
2023/12/06 02:46:00.99,459329.3133,5634314.9441,2946470.3924
2023/12/06 02:46:01.99,459329.4733,5634314.6438,2946470.0502
2023/12/06 02:46:02.99,459329.5811,5634314.6073,2946470.0733
2023/12/06 02:46:03.99,459328.6806,5634315.3652,2946469.5874
2023/12/06 02:46:04.99,459328.6363,5634315.3965,2946469.5174
2023/12/06 02:46:05.99,459328.5794,5634315.4473,2946469.4409
2023/12/06 02:46:06.99,459328.5056,5634315.5256,2946469.3074
2023/12/06 02:46:07.99,459328.4479,5634315.6005,2946469.1664
2023/12/06 02:46:08.99,459329.1305,5634315.0365,2946469.2831
2023/12/06 02:46:09.99,459328.8834,5634314.6599,2946468.5194
2023/12/06 02:46:10.99,459328.292,5634315.979,2946468.4275
2023/12/06 02:46:11.99,459329.0265,5634315.5704,2946468.2512
2023/12/06 02:46:12.99,459329.0657,5634315.7746,2946467.8553
2023/12/06 02:46:13.99,459329.0895,5634315.8514,2946467.6862
2023/12/06 02:46:14.99,459329.122,5634315.9137,2946467.5642
2023/12/06 02:46:15.99,459329.1417,5634315.9662,2946467.4656
2023/12/06 02:46:16.99,459329.1563,5634315.9825,2946467.4311
2023/12/06 02:46:17.99,459329.1834,5634316.0336,2946467.3223
2023/12/06 02:46:18.99,459329.2096,5634316.0587,2946467.2627
2023/12/06 02:46:19.99,459328.506,5634316.7541,2946466.8976
2023/12/06 02:46:20.99,459328.5543,5634316.8101,2946466.7811
2023/12/06 02:46:21.99,459325.9002,5634312.752,2946465.0319
2023/12/06 02:46:22.99,459328.5907,5634316.8524,2946466.7044
2023/12/06 02:46:23.99,459328.5995,5634316.8591,2946466.687
2023/12/06 02:46:24.99,459328.6436,5634316.9019,2946466.5977
2023/12/06 02:46:25.99,459328.7055,5634316.9567,2946466.4882
2023/12/06 02:46:26.99,459331.0133,5634320.4076,2946467.3274
2023/12/06 02:46:27.99,459328.8785,5634317.0968,2946466.2113
2023/12/06 02:46:28.99,459329.7333,5634316.5434,2946466.311
2023/12/06 02:46:29.99,459329.7429,5634316.5375,2946466.2956
2023/12/06 02:46:30.99,459330.0141,5634316.6705,2946465.9815
2023/12/06 02:46:31.99,459330.2137,5634317.6641,2946464.934
2023/12/06 02:46:32.99,459329.897,5634322.4849,2946467.2559
2023/12/06 02:46:33.99,459334.0605,5634318.3174,2946463.3966
2023/12/06 02:46:34.99,459337.1155,5634317.6536,2946463.4091
2023/12/06 02:46:35.99,459339.7634,5634317.4943,2946463.383
2023/12/06 02:46:36.99,459343.0229,5634317.2038,2946463.5233
2023/12/06 02:46:37.99,459346.7585,5634316.745,2946463.8953
2023/12/06 02:46:38.99,459350.9154,5634316.096,2946464.5427
2023/12/06 02:46:39.99,459355.4256,5634315.293,2946465.4322
2023/12/06 02:46:40.99,459360.1272,5634314.3776,2946466.5123
2023/12/06 02:46:41.99,459364.746,5634313.5149,2946467.4959
2023/12/06 02:46:42.99,459369.1256,5634312.7493,2946468.3683
2023/12/06 02:46:43.99,459373.1163,5634312.0407,2946469.1535
2023/12/06 02:46:44.99,459377.1833,5634311.3514,2946469.9362
2023/12/06 02:46:45.99,459381.4401,5634310.6118,2946470.7454
2023/12/06 02:46:46.99,459386.0394,5634309.837,2946471.6093
2023/12/06 02:46:47.99,459390.3255,5634309.0927,2946472.4123
2023/12/06 02:46:48.99,459394.6015,5634308.3551,2946473.1757
2023/12/06 02:46:49.99,459399.148,5634307.6134,2946473.9051
2023/12/06 02:46:50.99,459403.3979,5634306.9078,2946474.6545
2023/12/06 02:46:51.99,459407.3531,5634306.1237,2946475.5495
2023/12/06 02:46:52.99,459409.9106,5634305.5885,2946476.2174
2023/12/06 02:46:53.99,459411.4941,5634305.2315,2946476.6245
2023/12/06 02:46:54.99,459412.8488,5634304.9588,2946476.9842
2023/12/06 02:46:55.99,459413.9204,5634304.7265,2946477.2687
2023/12/06 02:46:56.99,459414.7937,5634304.5223,2946477.5373
2023/12/06 02:46:57.99,459417.829,5634292.1815,2946472.5737
2023/12/06 02:46:58.99,459416.3142,5634304.1544,2946478.0054
2023/12/06 02:46:59.99,459417.3217,5634304.0526,2946478.0826
2023/12/06 02:47:00.99,459422.2344,5634291.202,2946473.8107
2023/12/06 02:47:01.99,459423.1469,5634302.7152,2946479.7992
2023/12/06 02:47:02.99,459429.4257,5634289.7822,2946475.447
2023/12/06 02:47:03.99,459433.561,5634289.0252,2946476.2556
2023/12/06 02:47:04.99,459435.2546,5634300.5326,2946482.1484
2023/12/06 02:47:05.99,459437.1823,5634296.2773,2946481.7058
2023/12/06 02:47:06.99,459446.2185,5634287.0413,2946478.0984
2023/12/06 02:47:07.99,459448.543,5634298.5794,2946483.739
2023/12/06 02:47:08.99,459451.6285,5634296.3381,2946485.6009
2023/12/06 02:47:09.99,459459.7653,5634297.0667,2946484.8598
2023/12/06 02:47:10.99,459466.3356,5634296.0143,2946485.8065
2023/12/06 02:47:11.99,459472.9445,5634294.9131,2946486.8482
2023/12/06 02:47:12.99,459479.5654,5634293.7372,2946488.0964
2023/12/06 02:47:13.99,459488.7251,5634280.2349,2946484.3185
2023/12/06 02:47:14.99,459493.4446,5634290.9747,2946491.171
2023/12/06 02:47:15.99,459500.6306,5634289.4827,2946492.9133
2023/12/06 02:47:16.99,459510.1491,5634275.7969,2946489.4384
2023/12/06 02:47:17.99,459517.3423,5634274.2972,2946491.1484
2023/12/06 02:47:18.99,459524.6721,5634272.7744,2946492.9027
2023/12/06 02:47:19.99,459527.585,5634279.8161,2946498.8405
2023/12/06 02:47:20.99,459539.4538,5634269.7253,2946496.4916
2023/12/06 02:47:21.99,459546.0831,5634268.3286,2946498.2022
2023/12/06 02:47:22.99,459548.7957,5634278.7406,2946504.2481
2023/12/06 02:47:23.99,459553.1205,5634278.5018,2946505.7385
2023/12/06 02:47:24.99,459557.4108,5634277.5032,2946507.0727
2023/12/06 02:47:25.99,459563.723,5634264.4527,2946502.8802
2023/12/06 02:47:26.99,459565.9276,5634275.7874,2946508.996
2023/12/06 02:47:27.99,459573.5484,5634262.6351,2946504.7421
2023/12/06 02:47:28.99,459577.0581,5634273.1667,2946510.4545
2023/12/06 02:47:29.99,459583.2199,5634272.6896,2946512.1205
2023/12/06 02:47:30.99,459586.3634,5634268.1359,2946512.0734
2023/12/06 02:47:31.99,459593.5685,5634270.7899,2946514.1134
2023/12/06 02:47:32.99,459597.9473,5634269.9469,2946515.0961
2023/12/06 02:47:33.99,459599.6843,5634265.8081,2946514.9787
2023/12/06 02:47:34.99,459605.6588,5634268.4928,2946516.7537
2023/12/06 02:47:35.99,459611.658,5634255.5981,2946512.2577
2023/12/06 02:47:36.99,459610.778,5634263.4914,2946517.1433
2023/12/06 02:47:37.99,459614.5743,5634262.7661,2946517.9161
2023/12/06 02:47:38.99,459622.8193,5634253.4353,2946514.5815
2023/12/06 02:47:39.99,459623.9327,5634264.4277,2946520.0615
2023/12/06 02:47:40.99,459629.5674,5634252.0874,2946516.0702
2023/12/06 02:47:41.99,459632.5423,5634251.476,2946516.732
2023/12/06 02:47:42.99,459635.5211,5634250.8879,2946517.3826
2023/12/06 02:47:43.99,459638.5918,5634250.3043,2946518.0404
2023/12/06 02:47:44.99,459641.9225,5634249.6304,2946518.8001
2023/12/06 02:47:45.99,459645.735,5634248.8616,2946519.6494
2023/12/06 02:47:46.99,459647.5457,5634260.2669,2946525.7851
2023/12/06 02:47:47.99,459654.6169,5634247.1161,2946521.6067
2023/12/06 02:47:48.99,459654.2462,5634254.882,2946525.9541
2023/12/06 02:47:49.99,459663.3547,5634257.1233,2946529.1431
2023/12/06 02:47:50.99,459669.1112,5634256.0147,2946530.4102
2023/12/06 02:47:51.99,459677.3676,5634242.579,2946526.6367
2023/12/06 02:47:52.99,459678.8148,5634249.9136,2946532.313
2023/12/06 02:47:53.99,459689.5879,5634239.9586,2946529.7259
2023/12/06 02:47:54.99,459696.0943,5634238.5189,2946531.5013
2023/12/06 02:47:55.99,459698.0635,5634245.6555,2946537.4711
2023/12/06 02:47:56.99,459704.6258,5634244.2267,2946539.2414
2023/12/06 02:47:57.99,459715.911,5634234.1904,2946536.6121
2023/12/06 02:47:58.99,459722.8274,5634232.7681,2946538.0773
2023/12/06 02:47:59.99,459729.9901,5634231.3342,2946539.5238
2023/12/06 02:48:00.99,459736.1791,5634243.7,2946544.1433
2023/12/06 02:48:01.99,459739.8783,5634236.906,2946547.3335
2023/12/06 02:48:02.99,459747.3385,5634235.221,2946549.289
2023/12/06 02:48:05.99,459769.8806,5634234.3827,2946556.6752
2023/12/06 02:48:06.99,459777.363,5634229.9603,2946557.1391
2023/12/06 02:48:07.99,459785.407,5634231.1308,2946559.5911
2023/12/06 02:48:08.99,459790.6879,5634225.773,2946559.8707
2023/12/06 02:48:09.99,459801.7861,5634229.928,2946560.9272
2023/12/06 02:48:10.99,459807.5186,5634226.3415,2946564.076
2023/12/06 02:48:11.99,459812.1752,5634221.1187,2946563.9613
2023/12/06 02:48:12.99,459820.8094,5634219.34,2946566.5135
2023/12/06 02:48:13.99,459825.9714,5634216.1399,2946569.6833
2023/12/06 02:48:14.99,459834.2607,5634216.4616,2946569.5135
2023/12/06 02:48:15.99,459839.7372,5634215.2386,2946570.7439
2023/12/06 02:48:16.99,459844.3582,5634214.2244,2946571.7958
2023/12/06 02:48:17.99,459846.3991,5634213.7774,2946571.5565
2023/12/06 02:48:18.99,459849.2992,5634213.1708,2946572.8639
2023/12/06 02:48:19.99,459848.3969,5634211.2121,2946574.6878
2023/12/06 02:48:20.99,459852.8453,5634216.9968,2946574.0877
2023/12/06 02:48:21.99,459852.4484,5634212.5236,2946573.4963
2023/12/06 02:48:22.99,459856.7493,5634215.7079,2946574.9161
2023/12/06 02:48:23.99,459859.3107,5634215.1926,2946575.3906
2023/12/06 02:48:24.99,459862.7821,5634214.4856,2946576.0295
2023/12/06 02:48:25.99,459864.8473,5634209.9638,2946575.8157
2023/12/06 02:48:26.99,459868.7997,5634209.0224,2946576.0536
2023/12/06 02:48:27.99,459874.0077,5634207.7843,2946577.3273
2023/12/06 02:48:28.99,459882.747,5634209.8962,2946580.5816
2023/12/06 02:48:29.99,459886.4279,5634204.9761,2946580.9254
2023/12/06 02:48:30.99,459893.1513,5634203.4854,2946582.4209
2023/12/06 02:48:31.99,459900.4815,5634201.8674,2946584.0266
2023/12/06 02:48:32.99,459912.0187,5634205.932,2946585.1771
2023/12/06 02:48:33.99,459916.5858,5634198.2577,2946587.5825
2023/12/06 02:48:34.99,459925.1188,5634196.3061,2946589.5224
2023/12/06 02:48:35.99,459933.6314,5634194.359,2946591.4509
2023/12/06 02:48:36.99,459944.8811,5634195.5572,2946593.6468
2023/12/06 02:48:37.99,459952.9434,5634194.065,2946596.1959
2023/12/06 02:48:38.99,459959.0205,5634188.5603,2946596.9571
2023/12/06 02:48:39.99,459969.9236,5634190.1588,2946599.9182
2023/12/06 02:48:40.99,459978.4622,5634187.6072,2946601.3009
2023/12/06 02:48:41.99,459985.0924,5634182.5028,2946602.8029
2023/12/06 02:48:42.99,459994.1475,5634180.3709,2946604.8306
2023/12/06 02:48:43.99,460005.3769,5634182.0087,2946607.589
2023/12/06 02:48:44.99,460012.7563,5634176.0904,2946608.7488
2023/12/06 02:48:45.99,460023.9638,5634178.1872,2946611.5946
2023/12/06 02:48:46.99,460032.2417,5634171.6728,2946612.8841
2023/12/06 02:48:47.99,460043.7531,5634173.2372,2946615.761
2023/12/06 02:48:48.99,460053.6297,5634170.867,2946618.1108
2023/12/06 02:48:49.99,460061.1075,5634165.0334,2946619.06
2023/12/06 02:48:50.99,460072.6305,5634166.9276,2946621.9458
2023/12/06 02:48:51.99,460083.5765,5634163.8434,2946624.3118
2023/12/06 02:48:52.99,460093.7125,5634160.8727,2946625.9112
2023/12/06 02:48:53.99,460103.337,5634159.8327,2946628.4658
2023/12/06 02:48:54.99,460114.2659,5634156.8649,2946630.9323
2023/12/06 02:48:55.99,460120.8857,5634151.2547,2946631.1485
2023/12/06 02:48:56.99,460131.9448,5634148.7399,2946634.3602
2023/12/06 02:48:57.99,460144.0167,5634149.9409,2946637.8037
2023/12/06 02:48:58.99,460151.0434,5634144.0509,2946639.2376
2023/12/06 02:48:59.99,460159.9927,5634141.8513,2946641.7458
2023/12/06 02:49:00.99,460167.5989,5634139.8518,2946643.3172
2023/12/06 02:49:01.99,460177.1392,5634137.3625,2946646.7344
2023/12/06 02:49:02.99,460185.3599,5634135.0759,2946649.2427
2023/12/06 02:49:03.99,460193.5471,5634132.7489,2946651.8572
2023/12/06 02:49:04.99,460201.8116,5634130.3919,2946654.4858
2023/12/06 02:49:05.99,460210.0184,5634128.0481,2946657.1211
2023/12/06 02:49:06.99,460217.1009,5634125.9135,2946658.9079
2023/12/06 02:49:07.99,460225.2219,5634123.4648,2946661.7492
2023/12/06 02:49:08.99,460234.4559,5634120.6315,2946665.7274
2023/12/06 02:49:09.99,460241.5648,5634118.1722,2946667.9896
2023/12/06 02:49:10.99,460249.8336,5634115.3859,2946671.3039
2023/12/06 02:49:11.99,460259.1914,5634112.4192,2946675.6067
2023/12/06 02:49:12.99,460266.2033,5634110.0065,2946678.0674
2023/12/06 02:49:13.99,460275.26,5634107.1183,2946682.3676
2023/12/06 02:49:14.99,460283.3457,5634104.4016,2946685.8207
2023/12/06 02:49:15.99,460293.4554,5634104.6907,2946689.7843
2023/12/06 02:49:16.99,460299.0443,5634099.0635,2946692.8217
2023/12/06 02:49:17.99,460306.0889,5634096.6812,2946696.0611
2023/12/06 02:49:18.99,460312.2621,5634096.9377,2946701.6706
2023/12/06 02:49:19.99,460316.9758,5634092.9981,2946701.1388
2023/12/06 02:49:20.99,460323.0601,5634095.7172,2946704.1078
2023/12/06 02:49:21.99,460324.8585,5634090.167,2946704.531
2023/12/06 02:49:22.99,460330.32,5634088.4731,2946707.4673
2023/12/06 02:49:23.99,460336.7647,5634090.7961,2946710.1918
2023/12/06 02:49:24.99,460339.4393,5634085.7751,2946711.0265
2023/12/06 02:49:25.99,460343.9699,5634084.7025,2946712.3469
2023/12/06 02:49:26.99,460348.4468,5634083.6706,2946713.5337
2023/12/06 02:49:27.99,460352.8871,5634082.7217,2946714.6591
2023/12/06 02:49:28.99,460356.1838,5634081.9995,2946714.8888
2023/12/06 02:49:29.99,460362.1065,5634080.7114,2946717.0989
2023/12/06 02:49:30.99,460367.5095,5634079.5027,2946718.6857
2023/12/06 02:49:31.99,460373.2807,5634078.025,2946720.6113
2023/12/06 02:49:32.99,460379.1902,5634076.3072,2946723.0333
2023/12/06 02:49:33.99,460388.858,5634068.8498,2946724.0988
2023/12/06 02:49:34.99,460394.0116,5634074.1377,2946726.7485
2023/12/06 02:49:38.99,460419.3902,5634064.761,2946744.2105
2023/12/06 02:49:39.99,460425.2562,5634065.3599,2946746.8649
2023/12/06 02:49:40.99,460430.541,5634066.0914,2946750.7962
2023/12/06 02:49:41.99,460437.1227,5634060.8947,2946753.4084
2023/12/06 02:49:42.99,460443.5721,5634058.4715,2946756.8909
2023/12/06 02:49:43.99,460450.4589,5634055.9799,2946760.3693
2023/12/06 02:49:44.99,460455.9004,5634049.6381,2946761.2946
2023/12/06 02:49:45.99,460466.4794,5634045.3789,2946766.0029
2023/12/06 02:49:46.99,460471.4177,5634044.5219,2946768.7888
2023/12/06 02:49:47.99,460479.5237,5634041.7813,2946772.6681
2023/12/06 02:49:48.99,460488.0717,5634041.2795,2946779.4137
2023/12/06 02:49:49.99,460496.6258,5634038.5428,2946783.3731
2023/12/06 02:49:50.99,460504.9656,5634033.649,2946784.4961
2023/12/06 02:49:51.99,460511.2687,5634037.1485,2946793.8743
2023/12/06 02:49:52.99,460521.6041,5634028.19,2946792.2379
2023/12/06 02:49:53.99,460534.1755,5634018.6711,2946793.9918
2023/12/06 02:49:54.99,460538.5241,5634022.3235,2946800.5574
2023/12/06 02:49:55.99,460547.2702,5634019.2391,2946805.0115
2023/12/06 02:49:56.99,460556.4874,5634018.1844,2946812.2534
2023/12/06 02:49:57.99,460565.8982,5634014.8941,2946816.9256
2023/12/06 02:49:58.99,460575.5718,5634009.2631,2946818.8675
2023/12/06 02:49:59.99,460585.5144,5634005.8741,2946823.77
2023/12/06 02:50:00.99,460595.3636,5634004.8735,2946831.2978
2023/12/06 02:50:01.99,460604.8734,5634001.6388,2946835.8686
2023/12/06 02:50:02.99,460614.059,5633996.177,2946837.6495
2023/12/06 02:50:03.99,460626.2291,5633991.1917,2946843.2528
2023/12/06 02:50:04.99,460632.6988,5633992.1711,2946849.4748
2023/12/06 02:50:05.99,460641.7037,5633989.1298,2946853.7501
2023/12/06 02:50:06.99,460650.4227,5633986.1957,2946857.8909
2023/12/06 02:50:07.99,460658.6533,5633981.079,2946859.0758
2023/12/06 02:50:08.99,460666.7934,5633978.297,2946862.9703
2023/12/06 02:50:09.99,460676.7487,5633979.3357,2946867.6487
2023/12/06 02:50:10.99,460682.8943,5633975.1515,2946873.552
2023/12/06 02:50:11.99,460690.896,5633972.453,2946877.3738
2023/12/06 02:50:12.99,460698.9467,5633969.7488,2946881.2552
2023/12/06 02:50:13.99,460706.7086,5633964.7429,2946882.3569
2023/12/06 02:50:14.99,460717.5448,5633960.1516,2946887.2125
2023/12/06 02:50:15.99,460722.4654,5633959.3702,2946890.0867
2023/12/06 02:50:16.99,460730.3632,5633956.7445,2946893.8971
2023/12/06 02:50:17.99,460740.2994,5633957.8427,2946898.504
2023/12/06 02:50:18.99,460749.3357,5633949.5182,2946902.5436
2023/12/06 02:50:19.99,460757.5781,5633946.8765,2946906.4792
2023/12/06 02:50:20.99,460763.1412,5633948.2249,2946912.3013
2023/12/06 02:50:21.99,460771.3695,5633945.4368,2946916.295
2023/12/06 02:50:22.99,460779.293,5633942.7532,2946920.19
2023/12/06 02:50:23.99,460786.7416,5633937.8956,2946921.1521
2023/12/06 02:50:24.99,460797.113,5633933.5065,2946925.8356
2023/12/06 02:50:25.99,460801.2065,5633932.9633,2946928.4056
2023/12/06 02:50:26.99,460810.473,5633928.9192,2946932.581
2023/12/06 02:50:27.99,460811.7244,5633929.2484,2946933.4374
2023/12/06 02:50:28.99,460817.043,5633927.5393,2946936.4607
2023/12/06 02:50:29.99,460823.2373,5633924.7229,2946938.9332
2023/12/06 02:50:30.99,460825.6305,5633923.8512,2946939.9871
2023/12/06 02:50:31.99,460824.5789,5633925.0233,2946940.0906
2023/12/06 02:50:32.99,460826.1204,5633926.579,2946944.0776
2023/12/06 02:50:33.99,460826.8692,5633925.8806,2946945.2963
2023/12/06 02:50:34.99,460832.1588,5633924.8809,2946945.199
2023/12/06 02:50:35.99,460829.964,5633921.1352,2946944.5528
2023/12/06 02:50:36.99,460829.9879,5633921.0179,2946944.7674
2023/12/06 02:50:37.99,460830.0234,5633920.8188,2946945.314
2023/12/06 02:50:38.99,460827.2118,5633924.6044,2946947.7299
2023/12/06 02:50:39.99,460827.1255,5633924.4059,2946948.151
2023/12/06 02:50:40.99,460829.7482,5633920.0224,2946946.7261
2023/12/06 02:50:41.99,460829.9776,5633916.0091,2946944.8349
2023/12/06 02:50:42.99,460829.0899,5633915.5519,2946945.833
2023/12/06 02:50:43.99,460824.1156,5633922.9475,2946951.5807
2023/12/06 02:50:44.99,460825.4854,5633928.2806,2946951.4961
2023/12/06 02:50:45.99,460822.8366,5633928.3106,2946951.8653
2023/12/06 02:50:46.99,460817.1412,5633925.0373,2946950.7354
2023/12/06 02:50:47.99,460813.1107,5633925.636,2946950.0999
2023/12/06 02:50:48.99,460810.6885,5633916.9129,2946946.0779
2023/12/06 02:50:49.99,460806.1767,5633931.5488,2946947.9544
2023/12/06 02:50:50.99,460801.1316,5633933.1929,2946945.5407
2023/12/06 02:50:51.99,460795.9359,5633934.9558,2946942.9572
2023/12/06 02:50:52.99,460790.8632,5633936.6978,2946940.3948
2023/12/06 02:50:53.99,460785.4158,5633938.5481,2946937.658
2023/12/06 02:50:54.99,460779.2376,5633940.5731,2946934.6288
2023/12/06 02:50:55.99,460772.1472,5633929.6031,2946927.4168
2023/12/06 02:50:56.99,460764.8223,5633945.3947,2946927.5406
2023/12/06 02:50:57.99,460754.7321,5633944.4887,2946922.6468
2023/12/06 02:50:58.99,460749.4701,5633950.5821,2946919.9703
2023/12/06 02:50:59.99,460742.3313,5633953.0322,2946916.3874
2023/12/06 02:51:00.99,460735.3178,5633955.4562,2946912.8429
2023/12/06 02:51:01.99,460728.1853,5633957.9109,2946909.2966
2023/12/06 02:51:02.99,460717.5459,5633954.84,2946906.7467
2023/12/06 02:51:03.99,460714.5548,5633962.5633,2946902.6511
2023/12/06 02:51:04.99,460708.3018,5633964.5247,2946899.8981
2023/12/06 02:51:05.99,460702.6237,5633966.3073,2946897.4372
2023/12/06 02:51:06.99,460697.4299,5633967.9206,2946895.1485
2023/12/06 02:51:07.99,460692.7607,5633969.3977,2946893.0949
2023/12/06 02:51:08.99,460688.3697,5633968.4609,2946888.4121
2023/12/06 02:51:09.99,460685.1374,5633971.8625,2946889.6305
2023/12/06 02:51:10.99,460683.1606,5633972.5875,2946888.635
2023/12/06 02:51:11.99,460682.0992,5633972.9745,2946888.0639
2023/12/06 02:51:12.99,460681.9729,5633973.0137,2946887.9988
2023/12/06 02:51:13.99,460681.9833,5633973.0057,2946888.0021
2023/12/06 02:51:14.99,460681.881,5633973.0445,2946887.9439
2023/12/06 02:51:15.99,460681.1243,5633973.3161,2946887.5574
2023/12/06 02:51:16.99,460679.5273,5633973.8708,2946886.753
2023/12/06 02:51:17.99,460677.4388,5633974.5878,2946885.7193
2023/12/06 02:51:18.99,460674.8809,5633975.4569,2946884.508
2023/12/06 02:51:19.99,460671.8424,5633976.4646,2946883.0603
2023/12/06 02:51:20.99,460668.1887,5633964.3686,2946877.5963
2023/12/06 02:51:21.99,460664.2976,5633965.5788,2946875.8027
2023/12/06 02:51:22.99,460660.2079,5633980.3404,2946877.5595
2023/12/06 02:51:23.99,460651.8463,5633976.5276,2946876.0453
2023/12/06 02:51:24.99,460648.4895,5633980.1674,2946871.6899
2023/12/06 02:51:25.99,460646.2049,5633985.2621,2946870.5148
2023/12/06 02:51:26.99,460641.452,5633986.8309,2946868.3021
2023/12/06 02:51:27.99,460636.2462,5633988.5344,2946865.9343
2023/12/06 02:51:28.99,460630.5327,5633990.4024,2946863.3109
2023/12/06 02:51:29.99,460624.2997,5633992.4607,2946860.4159
2023/12/06 02:51:30.99,460617.6635,5633994.6219,2946857.3519
2023/12/06 02:51:31.99,460610.7366,5633996.9315,2946854.0595
2023/12/06 02:51:32.99,460603.5588,5633999.4279,2946850.4551
2023/12/06 02:51:33.99,460596.1004,5634002.0804,2946846.6566
2023/12/06 02:51:34.99,460588.2759,5634004.8357,2946842.7184
2023/12/06 02:51:35.99,460579.9866,5634007.6734,2946838.7092
2023/12/06 02:51:36.99,460571.3181,5634010.5564,2946834.5741
2023/12/06 02:51:37.99,460562.3875,5634013.6201,2946830.1981
2023/12/06 02:51:38.99,460553.3464,5634016.8259,2946825.5761
2023/12/06 02:51:39.99,460544.6671,5634020.0035,2946820.9732
2023/12/06 02:51:40.99,460536.5039,5634022.9739,2946816.6868
2023/12/06 02:51:41.99,460528.6225,5634025.7149,2946812.838
2023/12/06 02:51:42.99,460520.7286,5634028.2965,2946809.1411
2023/12/06 02:51:43.99,460509.2255,5634025.3777,2946806.4084
2023/12/06 02:51:44.99,460501.7713,5634027.8462,2946802.9235
2023/12/06 02:51:45.99,460498.1472,5634035.6563,2946798.4647
2023/12/06 02:51:46.99,460490.9322,5634038.0611,2946795.0187
2023/12/06 02:51:47.99,460483.742,5634040.4416,2946791.6309
2023/12/06 02:51:48.99,460476.6647,5634042.9866,2946788.3021
2023/12/06 02:51:49.99,460469.7835,5634045.3438,2946784.926
2023/12/06 02:51:50.99,460463.3291,5634047.4999,2946781.7713
2023/12/06 02:51:51.99,460455.3132,5634045.925,2946777.9511
2023/12/06 02:51:52.99,460452.7581,5634048.7564,2946773.9789
2023/12/06 02:51:53.99,460449.1323,5634052.2743,2946774.9744
2023/12/06 02:51:54.99,460445.7965,5634053.4255,2946773.3863
2023/12/06 02:51:55.99,460442.7979,5634054.3809,2946771.9867
2023/12/06 02:51:56.99,460440.8324,5634055.0345,2946771.048
2023/12/06 02:51:57.99,460439.5371,5634055.4601,2946770.4302
2023/12/06 02:51:58.99,460438.3343,5634053.5261,2946767.1221
2023/12/06 02:51:59.99,460437.6527,5634056.0713,2946769.5324
2023/12/06 02:52:00.99,460436.983,5634056.2981,2946769.213
2023/12/06 02:52:01.99,460436.4276,5634056.4728,2946768.9443
2023/12/06 02:52:02.99,460432.492,5634051.0645,2946769.7194
2023/12/06 02:52:03.99,460436.0141,5634054.2794,2946766.0186
2023/12/06 02:52:04.99,460436.012,5634054.2783,2946766.0209
2023/12/06 02:52:05.99,460435.904,5634056.6507,2946768.7086
2023/12/06 02:52:06.99,460434.7513,5634057.0341,2946768.1527
2023/12/06 02:52:07.99,460432.7206,5634057.6812,2946767.2203
2023/12/06 02:52:08.99,460430.5098,5634058.417,2946766.1682
2023/12/06 02:52:09.99,460427.874,5634059.3529,2946764.7792
2023/12/06 02:52:10.99,460426.6274,5634059.813,2946764.0839
2023/12/06 02:52:11.99,460425.7588,5634057.7875,2946760.8797
2023/12/06 02:52:12.99,460425.2873,5634060.3005,2946763.3634
2023/12/06 02:52:13.99,460424.4811,5634060.6063,2946762.9511
2023/12/06 02:52:14.99,460423.2371,5634061.0236,2946762.3199
2023/12/06 02:52:15.99,460421.4757,5634061.647,2946761.4446
2023/12/06 02:52:16.99,460419.3255,5634062.4117,2946760.3668
2023/12/06 02:52:17.99,460416.4912,5634063.4235,2946758.9461
2023/12/06 02:52:18.99,460412.8815,5634064.6814,2946757.086
2023/12/06 02:52:19.99,460407.9993,5634064.0381,2946751.8863
2023/12/06 02:52:20.99,460402.7886,5634068.0098,2946752.0806
2023/12/06 02:52:21.99,460397.5019,5634069.7098,2946749.6324
2023/12/06 02:52:22.99,460392.31,5634071.3862,2946747.2474
2023/12/06 02:52:23.99,460387.3528,5634073.0161,2946744.9401
2023/12/06 02:52:24.99,460382.3671,5634074.7334,2946742.4199
2023/12/06 02:52:25.99,460377.0951,5634076.6133,2946739.6551
2023/12/06 02:52:26.99,460371.5051,5634078.7767,2946736.716
2023/12/06 02:52:27.99,460365.8277,5634080.8317,2946733.7333
2023/12/06 02:52:28.99,460360.5569,5634082.6912,2946731.0089
2023/12/06 02:52:29.99,460355.5404,5634084.4455,2946728.4669
2023/12/06 02:52:30.99,460350.7657,5634086.117,2946726.0514
2023/12/06 02:52:31.99,460346.4154,5634087.6438,2946723.8473
2023/12/06 02:52:32.99,460342.4772,5634086.6747,2946719.1137
2023/12/06 02:52:33.99,460339.3705,5634090.1312,2946720.2352
2023/12/06 02:52:34.99,460336.1997,5634091.3401,2946718.4208
2023/12/06 02:52:35.99,460333.0604,5634092.6015,2946716.5482
2023/12/06 02:52:36.99,460329.5677,5634093.8649,2946714.7351
2023/12/06 02:52:37.99,460325.3751,5634095.2291,2946712.8409
2023/12/06 02:52:38.99,460320.5254,5634096.8417,2946710.6417
2023/12/06 02:52:39.99,460314.9008,5634098.7031,2946708.0899
2023/12/06 02:52:40.99,460308.4502,5634100.7587,2946705.2631
2023/12/06 02:52:41.99,460301.1884,5634100.6852,2946699.532
2023/12/06 02:52:42.99,460293.8906,5634105.2908,2946699.277
2023/12/06 02:52:43.99,460286.1978,5634107.7465,2946696.0152
2023/12/06 02:52:44.99,460278.2298,5634108.1554,2946689.7229
2023/12/06 02:52:45.99,460270.3963,5634113.1484,2946688.9589
2023/12/06 02:52:46.99,460261.9765,5634115.9572,2946685.2891
2023/12/06 02:52:47.99,460253.0815,5634116.5268,2946678.8176
2023/12/06 02:52:48.99,460244.1256,5634119.5778,2946675.155
2023/12/06 02:52:49.99,460234.954,5634122.6758,2946671.473
2023/12/06 02:52:50.99,460225.7396,5634125.5972,2946668.0848
2023/12/06 02:52:51.99,460217.0212,5634130.6279,2946667.7412
2023/12/06 02:52:52.99,460208.4704,5634133.1297,2946664.7601
2023/12/06 02:52:53.99,460199.5941,5634133.5009,2946658.9769
2023/12/06 02:52:54.99,460190.4563,5634136.1888,2946655.9509
2023/12/06 02:52:55.99,460180.8955,5634138.892,2946652.9563
2023/12/06 02:52:56.99,460171.0533,5634141.4889,2946650.0707
2023/12/06 02:52:57.99,460161.1378,5634143.9646,2946647.4014
2023/12/06 02:52:58.99,460151.151,5634146.3368,2946644.7417
2023/12/06 02:52:59.99,460141.1128,5634148.8201,2946642.1366
2023/12/06 02:53:00.99,460131.0222,5634151.3386,2946639.6003
2023/12/06 02:53:01.99,460120.8661,5634153.7732,2946637.1874
2023/12/06 02:53:02.99,460110.6409,5634156.1468,2946634.8187
2023/12/06 02:53:03.99,460100.419,5634158.6147,2946632.439
2023/12/06 02:53:04.99,460090.1633,5634161.0371,2946630.072
2023/12/06 02:53:05.99,460079.854,5634163.4163,2946627.8612
2023/12/06 02:53:06.99,460069.5502,5634165.8043,2946625.8566
2023/12/06 02:53:07.99,460059.2856,5634168.1384,2946623.9282
2023/12/06 02:53:08.99,460046.899,5634169.117,2946623.7052
2023/12/06 02:53:09.99,460038.7833,5634172.5944,2946619.9646
2023/12/06 02:53:10.99,460028.5681,5634174.9249,2946617.7729
2023/12/06 02:53:11.99,460018.3584,5634177.2485,2946615.5824
2023/12/06 02:53:12.99,460008.5393,5634179.4917,2946613.539
2023/12/06 02:53:13.99,459999.1554,5634181.6343,2946611.5687
2023/12/06 02:53:14.99,459989.9344,5634183.7604,2946609.5487
2023/12/06 02:53:15.99,459980.8251,5634185.8961,2946607.4759
2023/12/06 02:53:16.99,459969.6869,5634186.845,2946607.0741
2023/12/06 02:53:17.99,459962.878,5634190.2065,2946603.3211
2023/12/06 02:53:18.99,459953.8517,5634192.0637,2946601.7071
2023/12/06 02:53:19.99,459942.6033,5634192.4716,2946602.2141
2023/12/06 02:53:20.99,459933.4842,5634194.022,2946601.1475
2023/12/06 02:53:21.99,459926.5056,5634196.7986,2946598.4196
2023/12/06 02:53:22.99,459917.3964,5634198.3209,2946597.3014
2023/12/06 02:53:23.99,459908.4597,5634200.2097,2946595.5817
2023/12/06 02:53:24.99,459899.6447,5634202.239,2946593.5178
2023/12/06 02:53:25.99,459890.8096,5634204.2233,2946591.4566
2023/12/06 02:53:26.99,459882.0063,5634206.256,2946589.4044
2023/12/06 02:53:27.99,459873.4027,5634208.1686,2946587.4466
2023/12/06 02:53:28.99,459865.0873,5634210.0157,2946585.6454
2023/12/06 02:53:29.99,459856.8939,5634211.7443,2946584.0394
2023/12/06 02:53:30.99,459849.9103,5634214.8824,2946584.4987
2023/12/06 02:53:31.99,459839.9142,5634215.3605,2946584.4313
2023/12/06 02:53:32.99,459830.7874,5634218.2751,2946582.7757
2023/12/06 02:53:33.99,459826.1803,5634218.4093,2946577.1903
2023/12/06 02:53:34.99,459818.7982,5634219.9535,2946575.583
2023/12/06 02:53:35.99,459809.9594,5634216.7502,2946577.988
2023/12/06 02:53:36.99,459802.1776,5634221.7861,2946574.1583
2023/12/06 02:53:37.99,459797.7921,5634224.4613,2946570.9165
2023/12/06 02:53:38.99,459789.5367,5634224.6022,2946571.0961
2023/12/06 02:53:39.99,459783.4353,5634225.9638,2946569.579
2023/12/06 02:53:40.99,459779.2899,5634228.5227,2946566.4442
2023/12/06 02:53:41.99,459771.0006,5634228.5895,2946566.7147
2023/12/06 02:53:42.99,459763.5501,5634228.434,2946562.4004
2023/12/06 02:53:43.99,459757.8896,5634226.8464,2946563.1595
2023/12/06 02:53:44.99,459755.8923,5634230.6821,2946562.6798
2023/12/06 02:53:46.99,459748.695,5634235.3229,2946564.0198
2023/12/06 02:53:47.99,459743.9686,5634243.7143,2946566.6469
2023/12/06 02:53:48.99,459746.1042,5634236.6695,2946563.0856
2023/12/06 02:53:49.99,459745.4205,5634236.0815,2946563.1875
2023/12/06 02:53:50.99,459744.9545,5634234.3963,2946560.1274
2023/12/06 02:53:51.99,459744.8943,5634242.8565,2946565.611
2023/12/06 02:53:52.99,459743.4402,5634246.0477,2946566.1415
2023/12/06 02:53:53.99,459743.4396,5634246.0446,2946566.1421
2023/12/06 02:53:54.99,459743.4875,5634243.388,2946563.1484
2023/12/06 02:53:55.99,459743.4859,5634243.3896,2946563.15
2023/12/06 02:53:56.99,459747.1398,5634237.8996,2946561.1962
2023/12/06 02:53:57.99,459747.1354,5634237.9082,2946561.1963
2023/12/06 02:53:58.99,459747.1359,5634237.9184,2946561.2042
2023/12/06 02:53:59.99,459747.1371,5634237.9113,2946561.1951
2023/12/06 02:54:00.99,459747.1377,5634237.9121,2946561.1988
2023/12/06 02:54:01.99,459747.1377,5634237.9008,2946561.1948
2023/12/06 02:54:02.99,459743.4856,5634243.394,2946563.1525
2023/12/06 02:54:03.99,459747.1357,5634237.9083,2946561.1965
2023/12/06 02:54:04.99,459747.1372,5634237.9062,2946561.1956
2023/12/06 02:54:05.99,459747.1365,5634237.9095,2946561.199
2023/12/06 02:54:06.99,459747.1382,5634237.9107,2946561.1949
2023/12/06 02:54:07.99,459747.1397,5634237.907,2946561.1961
2023/12/06 02:54:08.99,459747.1377,5634237.9119,2946561.1985
2023/12/06 02:54:09.99,459747.1388,5634237.9152,2946561.2012
2023/12/06 02:54:10.99,459747.1404,5634237.9084,2946561.1981
2023/12/06 02:54:11.99,459747.1373,5634237.9065,2946561.1991
2023/12/06 02:54:12.99,459743.4856,5634243.4005,2946563.1519
2023/12/06 02:54:13.99,459747.1389,5634237.9078,2946561.1959
2023/12/06 02:54:14.99,459747.1396,5634237.9085,2946561.1972
2023/12/06 02:54:15.99,459747.1374,5634237.905,2946561.1963
2023/12/06 02:54:16.99,459747.14,5634237.9126,2946561.1988
2023/12/06 02:54:17.99,459747.1391,5634237.911,2946561.201
2023/12/06 02:54:18.99,459747.1377,5634237.9127,2946561.2004
2023/12/06 02:54:19.99,459747.1395,5634237.908,2946561.1967
2023/12/06 02:54:20.99,459747.1389,5634237.9084,2946561.1995
2023/12/06 02:54:21.99,459747.1401,5634237.9074,2946561.1991
2023/12/06 02:54:22.99,459747.139,5634237.9099,2946561.201
2023/12/06 02:54:23.99,459746.9973,5634235.63,2946558.3988
2023/12/06 02:54:24.99,459743.246,5634233.0553,2946557.2051
2023/12/06 02:54:25.99,459747.1386,5634237.9094,2946561.1984
2023/12/06 02:54:26.99,459743.2448,5634233.051,2946557.2045
2023/12/06 02:54:27.99,459743.2448,5634233.0575,2946557.2067
2023/12/06 02:54:28.99,459743.244,5634233.062,2946557.2092
2023/12/06 02:54:29.99,459743.2459,5634233.0558,2946557.206
2023/12/06 02:54:30.99,459743.244,5634233.0614,2946557.2062
2023/12/06 02:54:31.99,459743.2444,5634233.0658,2946557.2098
2023/12/06 02:54:32.99,459743.2441,5634233.0657,2946557.2095
2023/12/06 02:54:33.99,459743.2465,5634233.0592,2946557.2067
2023/12/06 02:54:34.99,459743.2461,5634233.0611,2946557.2096
2023/12/06 02:54:35.99,459743.2451,5634233.0655,2946557.2093
2023/12/06 02:54:36.99,459743.2474,5634233.0593,2946557.2045
2023/12/06 02:54:37.99,459743.2469,5634233.0603,2946557.2072
2023/12/06 02:54:38.99,459746.9385,5634224.6349,2946557.2712
2023/12/06 02:54:39.99,459746.9405,5634224.6407,2946557.2747
2023/12/06 02:54:40.99,459743.2451,5634233.0565,2946557.2068
2023/12/06 02:54:41.99,459746.9426,5634224.6416,2946557.2683
2023/12/06 02:54:42.99,459743.2586,5634233.0688,2946557.2173
2023/12/06 02:54:43.99,459743.2547,5634243.4843,2946563.116
2023/12/06 02:54:44.99,459745.625,5634224.9121,2946556.9613
2023/12/06 02:54:45.99,459743.3873,5634225.4387,2946556.4255
2023/12/06 02:54:46.99,459740.6254,5634226.0298,2946555.7129
2023/12/06 02:54:47.99,459733.9043,5634245.5726,2946560.7685
2023/12/06 02:54:48.99,459733.6462,5634227.6024,2946553.9151
2023/12/06 02:54:49.99,459729.5324,5634228.48,2946552.9378
2023/12/06 02:54:50.99,459723.35,5634239.1002,2946554.9119
2023/12/06 02:54:51.99,459717.7187,5634238.5505,2946551.2195
2023/12/06 02:54:52.99,459713.4085,5634239.3422,2946550.3785
2023/12/06 02:54:53.99,459708.7771,5634240.2672,2946549.4531
2023/12/06 02:54:54.99,459703.8915,5634241.2555,2946548.4039
2023/12/06 02:54:55.99,459698.8037,5634242.3008,2946547.2112
2023/12/06 02:54:56.99,459693.6114,5634243.4129,2946545.9301
2023/12/06 02:54:57.99,459688.541,5634244.5203,2946544.6183
2023/12/06 02:54:58.99,459687.4923,5634237.0867,2946543.4533
2023/12/06 02:54:59.99,459679.0993,5634246.4953,2946542.2303
2023/12/06 02:55:00.99,459675.531,5634248.9746,2946543.9134
2023/12/06 02:55:01.99,459668.5805,5634259.3636,2946545.744
2023/12/06 02:55:02.99,459662.2647,5634250.0188,2946538.2237
2023/12/06 02:55:03.99,459659.366,5634242.9121,2946536.7341
2023/12/06 02:55:04.99,459652.425,5634244.379,2946535.1177
2023/12/06 02:55:05.99,459641.6448,5634254.3204,2946533.3973
2023/12/06 02:55:06.99,459634.168,5634255.8552,2946531.5861
2023/12/06 02:55:07.99,459629.6685,5634249.0571,2946529.7214
2023/12/06 02:55:08.99,459621.0723,5634250.8438,2946527.6158
2023/12/06 02:55:09.99,459608.4875,5634261.2887,2946525.2631
2023/12/06 02:55:10.99,459602.9489,5634254.8254,2946522.9829
2023/12/06 02:55:11.99,459593.3788,5634256.778,2946520.7218
2023/12/06 02:55:12.99,459580.2572,5634267.0086,2946518.7733
2023/12/06 02:55:13.99,459571.3582,5634268.6165,2946517.0779
2023/12/06 02:55:14.99,459563.7376,5634269.9621,2946515.696
2023/12/06 02:55:15.99,459557.847,5634270.9708,2946514.7019
2023/12/06 02:55:16.99,459554.5542,5634272.9828,2946516.9565
2023/12/06 02:55:17.99,459549.0611,5634272.1577,2946513.7208
2023/12/06 02:55:18.99,459545.5408,5634272.4915,2946513.5232
2023/12/06 02:55:19.99,459546.2821,5634264.1916,2946513.6293
2023/12/06 02:55:20.99,459543.8533,5634264.253,2946513.8524
2023/12/06 02:55:21.99,459541.4833,5634264.2502,2946514.1657
2023/12/06 02:55:22.99,459538.8599,5634264.3514,2946514.3935
2023/12/06 02:55:23.99,459531.5656,5634273.1649,2946514.3081
2023/12/06 02:55:24.99,459527.3131,5634273.9009,2946513.6486
2023/12/06 02:55:25.99,459522.8694,5634274.8908,2946512.4994
2023/12/06 02:55:26.99,459517.9828,5634275.9597,2946511.2026
2023/12/06 02:55:27.99,459512.3302,5634277.1949,2946509.7373
2023/12/06 02:55:28.99,459509.4335,5634270.0017,2946508.2972
2023/12/06 02:55:29.99,459498.2575,5634279.9097,2946506.8142
2023/12/06 02:55:30.99,459490.035,5634281.4488,2946505.225
2023/12/06 02:55:31.99,459481.3861,5634295.9439,2946512.3281
2023/12/06 02:55:32.99,459471.7453,5634284.928,2946501.4883
2023/12/06 02:55:33.99,459462.5888,5634286.717,2946499.4579
2023/12/06 02:55:34.99,459453.9659,5634288.4201,2946497.5609
2023/12/06 02:55:35.99,459445.6998,5634290.0076,2946495.795
2023/12/06 02:55:36.99,459437.7145,5634291.5275,2946494.0816
2023/12/06 02:55:37.99,459431.7352,5634293.8704,2946495.0765
2023/12/06 02:55:38.99,459418.1283,5634305.6309,2946498.1944
2023/12/06 02:55:39.99,459413.758,5634296.4351,2946488.2116
2023/12/06 02:55:40.99,459405.4254,5634298.1432,2946486.1552
2023/12/06 02:55:41.99,459396.8602,5634299.8576,2946484.1117
2023/12/06 02:55:42.99,459388.0683,5634301.5818,2946482.0966
2023/12/06 02:55:43.99,459379.1536,5634303.3274,2946480.0713
2023/12/06 02:55:44.99,459372.5643,5634305.7523,2946480.9233
2023/12/06 02:55:45.99,459362.4358,5634306.5526,2946476.2433
2023/12/06 02:55:46.99,459354.5594,5634308.0448,2946474.5193
2023/12/06 02:55:47.99,459347.3539,5634309.4373,2946472.9308
2023/12/06 02:55:48.99,459341.3793,5634310.5285,2946471.6169
2023/12/06 02:55:49.99,459336.7936,5634311.4101,2946470.6125
2023/12/06 02:55:50.99,459332.9689,5634312.1938,2946469.6463
2023/12/06 02:55:51.99,459329.9782,5634312.897,2946468.7178
2023/12/06 02:55:52.99,459327.9578,5634313.5413,2946467.7443
2023/12/06 02:55:53.99,459326.7648,5634314.0871,2946466.8063
2023/12/06 02:55:54.99,459326.0427,5634314.7172,2946465.7284
2023/12/06 02:55:55.99,459325.8224,5634315.2167,2946464.7318
2023/12/06 02:55:56.99,459329.5577,5634307.1251,2946463.8864
2023/12/06 02:55:57.99,459326.0875,5634315.9961,2946463.1771
2023/12/06 02:55:58.99,459326.6248,5634316.4015,2946462.3387
2023/12/06 02:55:59.99,459327.4976,5634316.7986,2946461.5492
2023/12/06 02:56:00.99,459329.7573,5634311.0207,2946462.4368
2023/12/06 02:56:01.99,459329.2575,5634317.1641,2946460.6857
2023/12/06 02:56:02.99,459328.6251,5634320.5935,2946462.5454
2023/12/06 02:56:03.99,459330.864,5634317.2496,2946460.3483
2023/12/06 02:56:04.99,459332.5402,5634317.1605,2946460.33
2023/12/06 02:56:05.99,459334.7052,5634329.9018,2946469.3621
2023/12/06 02:56:06.99,459341.5062,5634315.3602,2946464.3799
2023/12/06 02:56:07.99,459337.485,5634316.7987,2946460.4425
2023/12/06 02:56:08.99,459342.4953,5634319.0295,2946461.904
2023/12/06 02:56:09.99,459343.3599,5634318.5005,2946466.4227
2023/12/06 02:56:10.99,459345.2591,5634318.821,2946461.9156
2023/12/06 02:56:11.99,459347.3467,5634318.1506,2946466.5718
2023/12/06 02:56:12.99,459346.6111,5634314.3127,2946464.8663
2023/12/06 02:56:13.99,459350.7583,5634316.1454,2946464.3214
2023/12/06 02:56:14.99,459356.19,5634317.3196,2946463.2408
2023/12/06 02:56:15.99,459360.6561,5634316.5932,2946464.0044
2023/12/06 02:56:16.99,459365.6099,5634315.7663,2946464.8735
2023/12/06 02:56:17.99,459370.8385,5634314.8896,2946465.816
2023/12/06 02:56:18.99,459371.9241,5634311.7632,2946465.2401
2023/12/06 02:56:19.99,459378.8816,5634311.7599,2946468.8809
2023/12/06 02:56:20.99,459385.6392,5634312.5351,2946468.2493
2023/12/06 02:56:21.99,459386.463,5634309.4586,2946467.6062
2023/12/06 02:56:22.99,459393.725,5634309.2907,2946471.4038
2023/12/06 02:56:23.99,459398.1995,5634305.8297,2946473.6779
2023/12/06 02:56:24.99,459403.0792,5634306.4683,2946470.8378
2023/12/06 02:56:25.99,459409.2624,5634305.3496,2946472.0787
2023/12/06 02:56:26.99,459419.8619,5634306.3953,2946474.9366
2023/12/06 02:56:27.99,459422.5903,5634302.8087,2946475.0368
2023/12/06 02:56:28.99,459431.0868,5634302.3123,2946479.3152
2023/12/06 02:56:29.99,459435.7861,5634300.3305,2946477.7615
2023/12/06 02:56:30.99,459447.0843,5634301.3009,2946480.5316
2023/12/06 02:56:31.99,459450.1071,5634297.8338,2946480.2954
2023/12/06 02:56:32.99,459461.2124,5634298.9448,2946482.8683
2023/12/06 02:56:33.99,459463.9833,5634295.5588,2946482.4514
2023/12/06 02:56:34.99,459474.7624,5634296.7463,2946484.9367
2023/12/06 02:56:35.99,459477.3164,5634293.2613,2946484.7671
2023/12/06 02:56:36.99,459487.9318,5634294.2648,2946487.6039
2023/12/06 02:56:37.99,459494.4506,5634292.9413,2946489.0972
2023/12/06 02:56:38.99,459500.9285,5634291.6198,2946490.6209
2023/12/06 02:56:39.99,459503.3117,5634288.0108,2946490.7084
2023/12/06 02:56:40.99,459513.798,5634288.9835,2946493.6819
2023/12/06 02:56:41.99,459516.1643,5634285.3275,2946493.7894
2023/12/06 02:56:42.99,459522.6276,5634284.0102,2946495.3188
2023/12/06 02:56:43.99,459531.1016,5634283.4607,2946499.6392
2023/12/06 02:56:44.99,459533.695,5634294.5047,2946505.2052
2023/12/06 02:56:45.99,459539.57,5634293.3822,2946506.6127
2023/12/06 02:56:46.99,459549.2828,5634279.7938,2946503.8923
2023/12/06 02:56:47.99,459555.5248,5634277.6804,2946505.1013
2023/12/06 02:56:48.99,459562.8969,5634278.8396,2946505.4975
2023/12/06 02:56:49.99,459567.9118,5634277.9068,2946506.527
2023/12/06 02:56:50.99,459566.7819,5634287.8596,2946512.8058
2023/12/06 02:56:51.99,459574.7848,5634273.893,2946509.1781
2023/12/06 02:56:52.99,459580.5234,5634275.5602,2946508.8944
2023/12/06 02:56:53.99,459584.0787,5634274.8738,2946509.6313
2023/12/06 02:56:54.99,459587.3959,5634274.2287,2946510.3552
2023/12/06 02:56:55.99,459590.158,5634273.6896,2946510.9459
2023/12/06 02:56:56.99,459592.7593,5634268.4675,2946513.3429
2023/12/06 02:56:57.99,459594.4552,5634272.85,2946511.8318
2023/12/06 02:56:58.99,459596.2317,5634272.5529,2946512.191
2023/12/06 02:56:59.99,459597.867,5634272.2401,2946512.5248
2023/12/06 02:57:00.99,459597.3,5634270.4523,2946514.221
2023/12/06 02:57:01.99,459600.5775,5634271.7295,2946513.1106
2023/12/06 02:57:02.99,459600.7943,5634271.7046,2946513.1659
2023/12/06 02:57:03.99,459600.7942,5634271.6999,2946513.1668
2023/12/06 02:57:04.99,459600.797,5634271.6913,2946513.1616
2023/12/06 02:57:05.99,459600.798,5634271.695,2946513.1635
2023/12/06 02:57:06.99,459600.7978,5634271.6941,2946513.1624
2023/12/06 02:57:07.99,459600.8013,5634271.6934,2946513.1626
2023/12/06 02:57:08.99,459600.7979,5634271.6873,2946513.1627
2023/12/06 02:57:09.99,459600.9511,5634271.663,2946513.1946
2023/12/06 02:57:10.99,459601.5516,5634271.5401,2946513.3222
2023/12/06 02:57:11.99,459602.5025,5634271.359,2946513.5349
2023/12/06 02:57:12.99,459603.3505,5634271.2085,2946513.7185
2023/12/06 02:57:13.99,459604.0642,5634271.0634,2946513.8872
2023/12/06 02:57:14.99,459604.392,5634270.9848,2946513.9606
2023/12/06 02:57:15.99,459604.3877,5634270.9852,2946513.9622
2023/12/06 02:57:16.99,459604.3892,5634270.9808,2946513.9603
2023/12/06 02:57:17.99,459604.3797,5634270.9893,2946513.9633
2023/12/06 02:57:18.99,459602.2961,5634269.4791,2946515.3239
2023/12/06 02:57:19.99,459604.4906,5634270.9589,2946513.9893
2023/12/06 02:57:20.99,459604.9,5634270.8741,2946514.0863
2023/12/06 02:57:21.99,459603.7785,5634269.1506,2946515.7011
2023/12/06 02:57:22.99,459607.4675,5634270.3376,2946514.7994
2023/12/06 02:57:23.99,459607.3217,5634268.3864,2946516.6595
2023/12/06 02:57:24.99,459608.3451,5634265.4556,2946518.3325
2023/12/06 02:57:25.99,459613.5168,5634269.012,2946516.3207
2023/12/06 02:57:26.99,459615.521,5634268.5875,2946516.791
2023/12/06 02:57:27.99,459613.5083,5634265.9296,2946515.7994
2023/12/06 02:57:28.99,459619.7667,5634267.7371,2946517.7351
2023/12/06 02:57:29.99,459622.1347,5634267.2864,2946518.2428
2023/12/06 02:57:30.99,459624.6654,5634266.7937,2946518.7396
2023/12/06 02:57:31.99,459626.1614,5634262.0327,2946518.7489
2023/12/06 02:57:32.99,459630.0999,5634265.7357,2946519.9203
2023/12/06 02:57:33.99,459633.0892,5634265.1259,2946520.6132
2023/12/06 02:57:34.99,459636.4872,5634264.4185,2946521.4426
2023/12/06 02:57:35.99,459640.2859,5634263.6319,2946522.3756
2023/12/06 02:57:36.99,459642.689,5634261.0161,2946524.9531
2023/12/06 02:57:37.99,459648.8489,5634261.8864,2946524.331
2023/12/06 02:57:38.99,459653.3179,5634260.9994,2946525.3141
2023/12/06 02:57:39.99,459653.7835,5634257.8733,2946524.8484
2023/12/06 02:57:40.99,459662.7222,5634259.1433,2946527.3662
2023/12/06 02:57:41.99,459666.4787,5634256.2605,2946530.8238
2023/12/06 02:57:42.99,459672.5955,5634257.164,2946529.563
2023/12/06 02:57:43.99,459677.1377,5634256.2704,2946530.5627
2023/12/06 02:57:44.99,459681.6161,5634255.3621,2946531.5867
2023/12/06 02:57:45.99,459686.106,5634254.45,2946532.6283
2023/12/06 02:57:46.99,459690.3026,5634253.6046,2946533.625
2023/12/06 02:57:47.99,459692.4749,5634251.23,2946536.0128
2023/12/06 02:57:48.99,459696.8721,5634250.3016,2946537.0342
2023/12/06 02:57:49.99,459702.9788,5634250.972,2946536.6559
2023/12/06 02:57:50.99,459706.7906,5634250.1845,2946537.6194
2023/12/06 02:57:51.99,459707.8157,5634246.7077,2946538.0526
2023/12/06 02:57:52.99,459715.1921,5634248.3234,2946539.7907
2023/12/06 02:57:53.99,459719.9336,5634247.2448,2946541.0331
2023/12/06 02:57:54.99,459722.9765,5634243.827,2946543.3407
2023/12/06 02:57:55.99,459724.1331,5634249.9458,2946547.4691
2023/12/06 02:57:56.99,459735.8553,5634243.275,2946544.4797
2023/12/06 02:57:57.99,459742.172,5634242.3682,2946546.5947
2023/12/06 02:57:58.99,459746.9553,5634239.1341,2946549.9561
2023/12/06 02:57:59.99,459756.4848,5634230.0311,2946546.2773
2023/12/06 02:58:01.99,459765.9587,5634234.7717,2946555.809
2023/12/06 02:58:02.99,459772.6673,5634242.6925,2946560.0738
2023/12/06 02:58:03.99,459779.7612,5634230.2108,2946561.3989
2023/12/06 02:58:04.99,459785.8153,5634228.7987,2946562.9922
2023/12/06 02:58:05.99,459791.2509,5634238.4344,2946565.0085
2023/12/06 02:58:06.99,459791.3862,5634243.3828,2946573.7908
2023/12/06 02:58:07.99,459804.7433,5634224.4183,2946567.912
2023/12/06 02:58:08.99,459812.2892,5634224.5993,2946566.3905
2023/12/06 02:58:09.99,459818.5947,5634223.4849,2946567.3262
2023/12/06 02:58:10.99,459823.3937,5634221.059,2946570.9373
2023/12/06 02:58:11.99,459828.9523,5634217.2547,2946569.1933
2023/12/06 02:58:12.99,459831.9279,5634227.0994,2946575.4726
2023/12/06 02:58:13.99,459836.6651,5634229.2928,2946573.9789
2023/12/06 02:58:14.99,459840.5247,5634228.3571,2946574.9805
2023/12/06 02:58:15.99,459843.7161,5634227.5742,2946575.8454
2023/12/06 02:58:16.99,459848.2065,5634217.4143,2946574.161
2023/12/06 02:58:17.99,459848.8229,5634222.0127,2946573.4204
2023/12/06 02:58:18.99,459848.8504,5634221.997,2946573.4224
2023/12/06 02:58:19.99,459848.2504,5634217.4207,2946573.2451
2023/12/06 02:58:20.99,459848.9086,5634221.9843,2946573.4244
2023/12/06 02:58:21.99,459850.5157,5634218.908,2946571.9013
2023/12/06 02:58:22.99,459848.3629,5634216.2042,2946571.3725
2023/12/06 02:58:23.99,459853.5215,5634218.4376,2946572.2523
2023/12/06 02:58:24.99,459853.9834,5634216.4245,2946574.0708
2023/12/06 02:58:25.99,459859.2573,5634217.2177,2946573.4438
2023/12/06 02:58:26.99,459863.207,5634216.3445,2946574.328
2023/12/06 02:58:27.99,459866.8606,5634215.5231,2946574.2728
2023/12/06 02:58:28.99,459871.5682,5634212.3893,2946578.1415
2023/12/06 02:58:29.99,459877.4283,5634211.0237,2946579.5229
2023/12/06 02:58:30.99,459883.2995,5634209.7101,2946580.8769
2023/12/06 02:58:31.99,459891.5088,5634209.8202,2946580.9491
2023/12/06 02:58:32.99,459897.2094,5634197.6737,2946580.8455
2023/12/06 02:58:33.99,459901.7321,5634205.5312,2946585.134
2023/12/06 02:58:34.99,459906.3735,5634213.6576,2946589.7843
2023/12/06 02:58:35.99,459914.9818,5634202.4038,2946588.3645
2023/12/06 02:58:36.99,459922.2566,5634200.6989,2946590.18
2023/12/06 02:58:37.99,459929.8073,5634198.9412,2946591.9074
2023/12/06 02:58:38.99,459938.8793,5634188.0294,2946590.6188
2023/12/06 02:58:39.99,459944.9562,5634197.7533,2946597.7159
2023/12/06 02:58:40.99,459954.6052,5634184.5996,2946593.7078
2023/12/06 02:58:41.99,459962.579,5634182.8116,2946595.3744
2023/12/06 02:58:42.99,459971.1703,5634191.7309,2946598.6218
2023/12/06 02:58:43.99,459978.4806,5634190.1321,2946599.1703
2023/12/06 02:58:44.99,459986.2292,5634186.3609,2946603.5835
2023/12/06 02:58:45.99,459994.9358,5634184.3481,2946605.537
2023/12/06 02:58:46.99,460005.9769,5634183.7153,2946606.2031
2023/12/06 02:58:47.99,460012.2976,5634178.8843,2946607.7034
2023/12/06 02:58:48.99,460022.7874,5634179.9521,2946614.4064
2023/12/06 02:58:49.99,460034.5805,5634177.1468,2946612.3045
2023/12/06 02:58:50.99,460044.5501,5634174.8613,2946614.4435
2023/12/06 02:58:51.99,460054.7412,5634172.5677,2946616.5328
2023/12/06 02:58:52.99,460065.1049,5634170.2208,2946618.6435
2023/12/06 02:58:53.99,460075.2033,5634156.9112,2946619.3287
2023/12/06 02:58:54.99,460084.1776,5634163.677,2946624.442
2023/12/06 02:58:55.99,460097.0112,5634162.7137,2946625.4167
2023/12/06 02:58:56.99,460107.4583,5634149.4487,2946626.2872
2023/12/06 02:58:57.99,460117.6251,5634157.996,2946629.1417
2023/12/06 02:58:58.99,460127.5783,5634153.5982,2946634.3593
2023/12/06 02:58:59.99,460140.5816,5634152.3593,2946635.8367
2023/12/06 02:59:00.99,460148.4906,5634146.9585,2946638.2065
2023/12/06 02:59:01.99,460159.3424,5634144.2725,2946641.3229
2023/12/06 02:59:02.99,460170.1892,5634141.521,2946644.3571
2023/12/06 02:59:03.99,460181.8607,5634139.7454,2946649.4389
2023/12/06 02:59:04.99,460192.2907,5634136.886,2946652.5579
2023/12/06 02:59:05.99,460201.4784,5634132.9972,2946653.6529
2023/12/06 02:59:06.99,460211.1831,5634130.2583,2946656.7233
2023/12/06 02:59:07.99,460220.4814,5634127.5425,2946659.85
2023/12/06 02:59:08.99,460228.4991,5634135.5693,2946668.1373
2023/12/06 02:59:09.99,460241.0828,5634124.6692,2946666.7899
2023/12/06 02:59:10.99,460249.8028,5634121.84,2946670.0825
2023/12/06 02:59:11.99,460258.5681,5634118.9698,2946673.5419
2023/12/06 02:59:12.99,460264.3273,5634113.5797,2946676.4822
2023/12/06 02:59:13.99,460275.8346,5634113.3715,2946680.5686
2023/12/06 02:59:14.99,460284.0386,5634110.6583,2946684.0005
2023/12/06 02:59:15.99,460291.9269,5634108.0119,2946687.3912
2023/12/06 02:59:16.99,460297.3509,5634103.9915,2946692.062
2023/12/06 02:59:17.99,460304.3958,5634101.5639,2946695.3859
2023/12/06 02:59:18.99,460310.9886,5634099.2221,2946698.6413
2023/12/06 02:59:19.99,460319.2802,5634098.5191,2946700.3919
2023/12/06 02:59:20.99,460322.963,5634095.0536,2946704.5173
2023/12/06 02:59:21.99,460329.2339,5634095.095,2946704.4282
2023/12/06 02:59:22.99,460333.3534,5634093.8875,2946711.6428
2023/12/06 02:59:23.99,460337.1698,5634089.4496,2946708.4468
2023/12/06 02:59:24.99,460341.6638,5634088.5469,2946709.5149
2023/12/06 02:59:25.99,460347.61,5634086.1333,2946710.3162
2023/12/06 02:59:26.99,460348.4711,5634095.184,2946713.4938
2023/12/06 02:59:27.99,460356.8033,5634077.2904,2946710.2397
2023/12/06 02:59:28.99,460363.2501,5634075.9785,2946707.6561
2023/12/06 02:59:29.99,460361.9654,5634085.3303,2946714.5701
2023/12/06 02:59:30.99,460366.535,5634087.0481,2946714.2733
2023/12/06 02:59:31.99,460368.6151,5634086.568,2946714.9377
2023/12/06 02:59:32.99,460368.3808,5634084.6425,2946716.8793
2023/12/06 02:59:33.99,460371.9065,5634085.7778,2946715.9928
2023/12/06 02:59:34.99,460369.4263,5634083.0806,2946715.5522
2023/12/06 02:59:35.99,460370.6664,5634084.1121,2946717.604
2023/12/06 02:59:36.99,460373.3502,5634074.5089,2946715.0853
2023/12/06 02:59:37.99,460373.7059,5634083.1919,2946718.9544
2023/12/06 02:59:38.99,460378.5117,5634083.6654,2946719.1196
2023/12/06 02:59:39.99,460379.8986,5634080.8738,2946722.4623
2023/12/06 02:59:40.99,460386.6964,5634080.6698,2946723.6793
2023/12/06 02:59:41.99,460391.9555,5634073.5613,2946726.6047
2023/12/06 02:59:47.99,460417.8766,5634065.3771,2946742.7695
2023/12/06 02:59:48.99,460420.5253,5634070.4849,2946746.5402
2023/12/06 02:59:49.99,460426.7378,5634065.057,2946747.1429
2023/12/06 02:59:50.99,460429.3996,5634072.7801,2946752.401
2023/12/06 02:59:51.99,460435.5835,5634060.5672,2946750.9445
2023/12/06 02:59:52.99,460440.9449,5634057.4045,2946757.3796
2023/12/06 02:59:53.99,460443.5938,5634067.2026,2946760.5025
2023/12/06 02:59:54.99,460447.9903,5634065.6126,2946762.7233
2023/12/06 02:59:55.99,460454.5323,5634054.5013,2946760.5214
2023/12/06 02:59:56.99,460460.6251,5634049.9617,2946761.1556
2023/12/06 02:59:57.99,460463.1756,5634047.9845,2946765.2846
2023/12/06 02:59:58.99,460470.6189,5634047.1674,2946766.9061
2023/12/06 02:59:59.99,460474.2799,5634042.0295,2946769.5807
2023/12/06 03:00:00.99,460482.3599,5634053.9829,2946779.5319
2023/12/06 03:00:01.99,460490.8073,5634042.1508,2946778.3812
2023/12/06 03:00:02.99,460496.151,5634049.1928,2946786.4803
2023/12/06 03:00:03.99,460501.7957,5634032.0263,2946786.6639
2023/12/06 03:00:04.99,460511.3548,5634042.4709,2946796.0011
2023/12/06 03:00:05.99,460520.5906,5634039.3899,2946800.3327
2023/12/06 03:00:06.99,460533.2956,5634027.8083,2946798.7377
2023/12/06 03:00:07.99,460542.2336,5634023.5325,2946801.3491
2023/12/06 03:00:08.99,460551.88,5634020.3347,2946805.883
2023/12/06 03:00:09.99,460562.2578,5634018.1839,2946812.3542
2023/12/06 03:00:10.99,460571.3096,5634015.0996,2946816.7209
2023/12/06 03:00:11.99,460580.3274,5634012.0895,2946820.9847
2023/12/06 03:00:12.99,460589.7086,5634008.1938,2946825.0684
2023/12/06 03:00:13.99,460598.156,5634004.7104,2946828.0537
2023/12/06 03:00:14.99,460608.8185,5634002.4804,2946834.6872
2023/12/06 03:00:15.99,460618.3863,5633998.3761,2946839.6941
2023/12/06 03:00:16.99,460628.7106,5633995.7221,2946844.4209
2023/12/06 03:00:17.99,460636.8218,5633992.7338,2946849.6644
2023/12/06 03:00:18.99,460649.0307,5633988.7187,2946854.3402
2023/12/06 03:00:19.99,460659.0616,5633984.4803,2946859.5076
2023/12/06 03:00:20.99,460667.8441,5633982.1509,2946864.5891
2023/12/06 03:00:21.99,460678.4715,5633987.661,2946873.8552
2023/12/06 03:00:22.99,460688.8339,5633984.1247,2946878.8571
2023/12/06 03:00:23.99,460699.1308,5633980.6964,2946883.7577
2023/12/06 03:00:24.99,460711.0645,5633967.7613,2946884.1672
2023/12/06 03:00:25.99,460720.1675,5633963.2505,2946887.1115
2023/12/06 03:00:26.99,460729.1113,5633970.5777,2946898.3249
2023/12/06 03:00:27.99,460740.5982,5633957.8169,2946898.5364
2023/12/06 03:00:28.99,460750.1736,5633954.5596,2946903.0849
2023/12/06 03:00:29.99,460759.6442,5633951.4994,2946907.5994
2023/12/06 03:00:30.99,460768.936,5633948.4182,2946912.0395
2023/12/06 03:00:31.99,460776.2717,5633954.8603,2946920.9807
2023/12/06 03:00:32.99,460785.1829,5633951.8958,2946925.3331
2023/12/06 03:00:33.99,460793.7067,5633939.9649,2946925.3242
2023/12/06 03:00:34.99,460801.9537,5633946.3362,2946933.4535
2023/12/06 03:00:35.99,460812.4643,5633925.3091,2946928.1523
2023/12/06 03:00:36.99,460814.694,5633942.1211,2946939.6798
2023/12/06 03:00:37.99,460819.0746,5633940.653,2946941.8615
2023/12/06 03:00:38.99,460822.0656,5633939.6157,2946943.3823
2023/12/06 03:00:39.99,460824.0961,5633938.8022,2946944.5964
2023/12/06 03:00:40.99,460827.1611,5633928.5496,2946941.2403
2023/12/06 03:00:41.99,460827.8227,5633927.9236,2946942.3178
2023/12/06 03:00:42.99,460829.7447,5633918.2088,2946939.019
2023/12/06 03:00:43.99,460826.2822,5633936.6211,2946948.3627
2023/12/06 03:00:44.99,460829.6984,5633917.6924,2946940.026
2023/12/06 03:00:45.99,460827.7038,5633926.4816,2946945.0857
2023/12/06 03:00:46.99,460824.523,5633924.9813,2946948.4133
2023/12/06 03:00:47.99,460825.0838,5633924.8439,2946947.4495
2023/12/06 03:00:48.99,460821.8612,5633934.8999,2946952.588
2023/12/06 03:00:49.99,460822.6193,5633915.9634,2946944.7123
2023/12/06 03:00:50.99,460817.6021,5633923.054,2946952.9874
2023/12/06 03:00:51.99,460813.2772,5633925.771,2946948.8682
2023/12/06 03:00:52.99,460809.8905,5633917.6013,2946943.4025
2023/12/06 03:00:53.99,460802.8491,5633933.2053,2946946.4505
2023/12/06 03:00:54.99,460799.1351,5633920.7001,2946939.0064
2023/12/06 03:00:55.99,460793.6497,5633922.4693,2946936.4384
2023/12/06 03:00:56.99,460787.3902,5633924.4855,2946933.4793
2023/12/06 03:00:57.99,460780.5093,5633926.7035,2946930.1951
2023/12/06 03:00:58.99,460773.3379,5633929.0674,2946926.7632
2023/12/06 03:00:59.99,460765.9797,5633931.4953,2946923.1786
2023/12/06 03:01:00.99,460757.9222,5633940.841,2946922.1995
2023/12/06 03:01:01.99,460750.7957,5633936.6409,2946915.6401
2023/12/06 03:01:02.99,460742.6883,5633939.3266,2946911.7341
2023/12/06 03:01:03.99,460734.2671,5633942.1181,2946907.6944
2023/12/06 03:01:04.99,460725.6532,5633945.0071,2946903.5537
2023/12/06 03:01:05.99,460716.9213,5633948.0302,2946899.242
2023/12/06 03:01:06.99,460704.5631,5633969.8606,2946903.5719
2023/12/06 03:01:07.99,460695.5399,5633972.8987,2946899.2157
2023/12/06 03:01:08.99,460688.3968,5633967.5001,2946890.5553
2023/12/06 03:01:09.99,460680.6346,5633960.2048,2946881.9195
2023/12/06 03:01:10.99,460671.6216,5633963.1879,2946877.7171
2023/12/06 03:01:11.99,460662.9572,5633966.0644,2946873.6613
2023/12/06 03:01:12.99,460651.0778,5633987.7415,2946878.2901
2023/12/06 03:01:13.99,460646.3349,5633971.7999,2946865.4397
2023/12/06 03:01:14.99,460637.5155,5633981.4596,2946864.1515
2023/12/06 03:01:15.99,460629.8754,5633977.4402,2946857.4359
2023/12/06 03:01:16.99,460621.724,5633980.2448,2946853.409
2023/12/06 03:01:17.99,460613.6346,5633983.0706,2946849.3346
2023/12/06 03:01:18.99,460604.9705,5633992.7525,2946847.9305
2023/12/06 03:01:19.99,460597.3156,5633988.8975,2946840.9258
2023/12/06 03:01:20.99,460588.8762,5633991.9302,2946836.5838
2023/12/06 03:01:21.99,460576.7146,5634013.769,2946840.9794
2023/12/06 03:01:22.99,460571.4641,5633997.927,2946827.9996
2023/12/06 03:01:23.99,460562.6295,5634000.8692,2946823.8027
2023/12/06 03:01:24.99,460553.6984,5634003.783,2946819.7251
2023/12/06 03:01:25.99,460544.7147,5634006.6623,2946815.6668
2023/12/06 03:01:26.99,460535.749,5634009.5691,2946811.5846
2023/12/06 03:01:27.99,460526.8262,5634012.5458,2946807.4027
2023/12/06 03:01:28.99,460517.9793,5634015.5661,2946803.1016
2023/12/06 03:01:29.99,460509.2201,5634018.5975,2946798.783
2023/12/06 03:01:30.99,460500.3059,5634028.2915,2946797.419
2023/12/06 03:01:31.99,460493.3881,5634036.6411,2946795.8831
2023/12/06 03:01:32.99,460485.7529,5634026.6923,2946787.1562
2023/12/06 03:01:33.99,460475.3181,5634047.8468,2946792.6016
2023/12/06 03:01:34.99,460472.3729,5634031.16,2946780.7951
2023/12/06 03:01:35.99,460466.3819,5634033.1754,2946777.881
2023/12/06 03:01:36.99,460460.8145,5634035.0138,2946775.1995
2023/12/06 03:01:37.99,460455.7073,5634036.791,2946772.7148
2023/12/06 03:01:38.99,460450.3565,5634060.5082,2946779.712
2023/12/06 03:01:39.99,460444.6208,5634049.6727,2946771.3278
2023/12/06 03:01:40.99,460441.3592,5634051.4911,2946770.869
2023/12/06 03:01:41.99,460438.9621,5634054.9488,2946769.7339
2023/12/06 03:01:42.99,460431.7429,5634053.7643,2946765.4345
2023/12/06 03:01:43.99,460429.1038,5634045.4768,2946760.2953
2023/12/06 03:01:44.99,460424.4259,5634046.9313,2946758.1664
2023/12/06 03:01:45.99,460419.5398,5634048.5297,2946755.9119
2023/12/06 03:01:46.99,460414.3676,5634050.2541,2946753.5196
2023/12/06 03:01:47.99,460408.2267,5634074.1792,2946760.266
2023/12/06 03:01:48.99,460402.5658,5634076.0839,2946757.5836
2023/12/06 03:01:49.99,460394.3677,5634064.763,2946751.6993
2023/12/06 03:01:50.99,460392.0594,5634079.6492,2946752.4485
2023/12/06 03:01:51.99,460386.7153,5634081.5044,2946749.7662
2023/12/06 03:01:52.99,460381.7009,5634072.7476,2946741.1241
2023/12/06 03:01:53.99,460376.7425,5634069.6745,2946738.139
2023/12/06 03:01:54.99,460370.2246,5634074.382,2946735.8703
2023/12/06 03:01:55.99,460365.3987,5634076.0382,2946733.4854
2023/12/06 03:01:56.99,460362.6656,5634067.8855,2946728.0751
2023/12/06 03:01:57.99,460354.4961,5634078.4941,2946731.7458
2023/12/06 03:01:58.99,460351.4796,5634081.5897,2946727.5541
2023/12/06 03:01:59.99,460347.5975,5634081.1984,2946727.3351
2023/12/06 03:02:00.99,460339.3549,5634083.6608,2946724.3176
2023/12/06 03:02:01.99,460333.9981,5634085.5144,2946721.6879
2023/12/06 03:02:02.99,460330.7247,5634090.2157,2946715.8158
2023/12/06 03:02:03.99,460323.7037,5634092.7479,2946712.2284
2023/12/06 03:02:04.99,460316.8203,5634083.7822,2946705.2726
2023/12/06 03:02:05.99,460308.5162,5634098.1303,2946704.7577
2023/12/06 03:02:06.99,460300.4617,5634100.8637,2946700.9495
2023/12/06 03:02:07.99,460291.2073,5634102.4409,2946698.1977
2023/12/06 03:02:08.99,460283.9432,5634095.0011,2946689.9138
2023/12/06 03:02:09.99,460270.7449,5634111.049,2946690.0456
2023/12/06 03:02:10.99,460261.9515,5634110.2552,2946687.8525
2023/12/06 03:02:11.99,460254.3996,5634114.7836,2946682.0142
2023/12/06 03:02:12.99,460242.6598,5634116.83,2946679.5216
2023/12/06 03:02:13.99,460232.8781,5634120.2367,2946675.3834
2023/12/06 03:02:14.99,460222.889,5634123.5126,2946671.5141
2023/12/06 03:02:15.99,460212.85,5634126.5911,2946667.9273
2023/12/06 03:02:16.99,460203.0651,5634129.4173,2946664.6808
2023/12/06 03:02:17.99,460196.9766,5634131.2976,2946662.4239
2023/12/06 03:02:18.99,460184.7483,5634134.5176,2946659.1642
2023/12/06 03:02:19.99,460179.4522,5634135.9213,2946657.444
2023/12/06 03:02:20.99,460170.6399,5634138.1848,2946655.0445
2023/12/06 03:02:21.99,460160.4341,5634142.5882,2946650.2971
2023/12/06 03:02:22.99,460149.3942,5634143.4438,2946649.4214
2023/12/06 03:02:23.99,460143.7613,5634144.9048,2946647.5579
2023/12/06 03:02:24.99,460134.7728,5634147.2287,2946645.1789
2023/12/06 03:02:25.99,460125.7254,5634149.4409,2946642.9259
2023/12/06 03:02:26.99,460113.0081,5634152.4972,2946640.0907
2023/12/06 03:02:27.99,460105.1186,5634156.0768,2946636.2745
2023/12/06 03:02:28.99,460092.3716,5634157.1527,2946635.7399
2023/12/06 03:02:29.99,460080.9855,5634159.6602,2946633.4225
2023/12/06 03:02:30.99,460069.0209,5634162.6368,2946630.7147
2023/12/06 03:02:31.99,460056.6364,5634165.8738,2946627.6363
2023/12/06 03:02:32.99,460044.7542,5634168.879,2946624.6135
2023/12/06 03:02:33.99,460033.1975,5634171.5475,2946622.1051
2023/12/06 03:02:34.99,460022.0843,5634174.0187,2946619.8458
2023/12/06 03:02:35.99,460013.0603,5634177.9298,2946615.7837
2023/12/06 03:02:36.99,460000.0258,5634179.2482,2946614.8375
2023/12/06 03:02:37.99,459989.382,5634181.9191,2946612.1742
2023/12/06 03:02:38.99,459978.7419,5634184.5647,2946609.5249
2023/12/06 03:02:39.99,459967.9187,5634187.0566,2946607.1291
2023/12/06 03:02:40.99,459956.9163,5634189.4879,2946604.9173
2023/12/06 03:02:41.99,459945.6458,5634191.9405,2946602.693
2023/12/06 03:02:42.99,459933.9363,5634194.3704,2946600.5421
2023/12/06 03:02:43.99,459921.6275,5634196.6343,2946598.8183
2023/12/06 03:02:44.99,459909.0171,5634198.761,2946597.2482
2023/12/06 03:02:45.99,459897.8833,5634194.3691,2946592.3601
2023/12/06 03:02:46.99,459885.6087,5634204.0634,2946590.6946
2023/12/06 03:02:47.99,459875.1298,5634205.0159,2946591.8273
2023/12/06 03:02:48.99,459859.8781,5634208.5124,2946588.4947
2023/12/06 03:02:49.99,459850.7579,5634218.5407,2946587.401
2023/12/06 03:02:50.99,459837.8332,5634211.9617,2946583.0345
2023/12/06 03:02:51.99,459828.0815,5634212.4576,2946579.9406
2023/12/06 03:02:52.99,459815.1829,5634218.0372,2946578.8473
2023/12/06 03:02:53.99,459806.0238,5634221.1166,2946574.786
2023/12/06 03:02:54.99,459794.4295,5634222.5854,2946574.0423
2023/12/06 03:02:55.99,459784.6064,5634224.7388,2946571.7434
2023/12/06 03:02:56.99,459774.741,5634226.8532,2946569.4613
2023/12/06 03:02:57.99,459765.0828,5634228.9632,2946567.1565
2023/12/06 03:02:58.99,459755.5253,5634228.1543,2946562.4728
2023/12/06 03:03:00.99,459742.4689,5634234.1091,2946559.7743
2023/12/06 03:03:01.99,459736.7505,5634234.7779,2946559.1185
2023/12/06 03:03:02.99,459733.2258,5634235.5877,2946559.5111
2023/12/06 03:03:03.99,459729.098,5634238.3051,2946556.6259
2023/12/06 03:03:04.99,459728.9701,5634236.4327,2946558.6143
2023/12/06 03:03:05.99,459728.3735,5634236.5709,2946558.4573
2023/12/06 03:03:06.99,459728.3369,5634236.5732,2946558.4491
2023/12/06 03:03:07.99,459726.6857,5634240.053,2946558.903
2023/12/06 03:03:08.99,459728.3338,5634236.5757,2946558.4516
2023/12/06 03:03:09.99,459728.3394,5634236.5691,2946558.4489
2023/12/06 03:03:10.99,459728.34,5634236.5734,2946558.4442
2023/12/06 03:03:11.99,459728.3413,5634236.5772,2946558.4444
2023/12/06 03:03:12.99,459728.3394,5634236.5632,2946558.4443
2023/12/06 03:03:13.99,459728.3403,5634236.5735,2946558.4441
2023/12/06 03:03:14.99,459728.3416,5634236.5759,2946558.4418
2023/12/06 03:03:15.99,459725.3077,5634235.1707,2946556.7132
2023/12/06 03:03:16.99,459725.3087,5634235.1736,2946556.712
2023/12/06 03:03:17.99,459725.3072,5634235.1745,2946556.711
2023/12/06 03:03:18.99,459725.3064,5634235.1733,2946556.714
2023/12/06 03:03:19.99,459728.3366,5634236.5649,2946558.4453
2023/12/06 03:03:20.99,459725.3086,5634235.1715,2946556.7101
2023/12/06 03:03:21.99,459725.3081,5634235.1736,2946556.71
2023/12/06 03:03:22.99,459725.3071,5634235.1755,2946556.7098
2023/12/06 03:03:23.99,459725.3083,5634235.1731,2946556.7071
2023/12/06 03:03:24.99,459725.3068,5634235.1735,2946556.7044
2023/12/06 03:03:25.99,459725.308,5634235.1736,2946556.7077
2023/12/06 03:03:26.99,459725.3066,5634235.1746,2946556.7075
2023/12/06 03:03:27.99,459725.3062,5634235.1729,2946556.7084
2023/12/06 03:03:28.99,459725.3066,5634235.1683,2946556.7046
2023/12/06 03:03:29.99,459725.3077,5634235.1705,2946556.7063
2023/12/06 03:03:30.99,459725.3057,5634235.1718,2946556.7083
2023/12/06 03:03:31.99,459725.3088,5634235.17,2946556.7053
2023/12/06 03:03:32.99,459725.3055,5634235.1712,2946556.7056
2023/12/06 03:03:33.99,459725.3043,5634235.1732,2946556.7055
2023/12/06 03:03:34.99,459725.3023,5634235.1732,2946556.7048
2023/12/06 03:03:35.99,459725.3053,5634235.1817,2946556.7095
2023/12/06 03:03:36.99,459725.3054,5634235.173,2946556.7032
2023/12/06 03:03:37.99,459725.306,5634235.1696,2946556.7028
2023/12/06 03:03:38.99,459725.3043,5634235.1734,2946556.7003
2023/12/06 03:03:39.99,459725.3054,5634235.181,2946556.705
2023/12/06 03:03:40.99,459725.3043,5634235.1713,2946556.7005
2023/12/06 03:03:41.99,459725.3038,5634235.1746,2946556.7039
2023/12/06 03:03:42.99,459725.303,5634235.1827,2946556.704
2023/12/06 03:04:01.99,459725.299,5634235.1713,2946556.6917
2023/12/06 03:04:02.99,459724.9641,5634237.4463,2946557.7725
2023/12/06 03:04:03.99,459725.3041,5634235.1626,2946556.6915
2023/12/06 03:04:04.99,459725.3008,5634235.1623,2946556.6917
2023/12/06 03:04:05.99,459725.299,5634235.1692,2946556.6941
2023/12/06 03:04:06.99,459725.3037,5634235.1586,2946556.6888
2023/12/06 03:04:07.99,459724.9674,5634237.4437,2946557.7706
2023/12/06 03:04:08.99,459724.9683,5634237.4508,2946557.7713
2023/12/06 03:04:09.99,459724.9642,5634237.4496,2946557.7704
2023/12/06 03:04:10.99,459725.3021,5634235.1603,2946556.6907
2023/12/06 03:04:11.99,459724.9661,5634237.4529,2946557.7721
2023/12/06 03:04:12.99,459724.9649,5634237.4521,2946557.7723
2023/12/06 03:04:13.99,459724.9633,5634237.4562,2946557.7727
2023/12/06 03:04:14.99,459724.9654,5634237.4542,2946557.7716
2023/12/06 03:04:15.99,459725.3015,5634235.1691,2946556.6895
2023/12/06 03:04:16.99,459724.9656,5634237.4652,2946557.7752
2023/12/06 03:04:17.99,459724.9776,5634237.4664,2946557.7806
2023/12/06 03:04:18.99,459724.8963,5634237.4604,2946557.7521
2023/12/06 03:04:19.99,459724.3583,5634237.6343,2946557.6193
2023/12/06 03:04:20.99,459723.2595,5634237.8476,2946557.3009
2023/12/06 03:04:21.99,459721.7467,5634238.2673,2946556.8434
2023/12/06 03:04:22.99,459719.6639,5634238.7958,2946556.2018
2023/12/06 03:04:23.99,459717.4956,5634239.3331,2946555.5642
2023/12/06 03:04:24.99,459714.8663,5634239.9425,2946554.8364
2023/12/06 03:04:25.99,459711.8296,5634240.6275,2946554.0446
2023/12/06 03:04:26.99,459708.2089,5634241.4368,2946553.1451
2023/12/06 03:04:27.99,459703.9568,5634242.3392,2946552.1321
2023/12/06 03:04:28.99,459699.1669,5634243.3187,2946551.0019
2023/12/06 03:04:29.99,459694.0063,5634244.3704,2946549.8358
2023/12/06 03:04:30.99,459688.5821,5634245.4395,2946548.6437
2023/12/06 03:04:31.99,459683.062,5634246.5188,2946547.428
2023/12/06 03:04:32.99,459677.6241,5634247.5746,2946546.2432
2023/12/06 03:04:33.99,459673.9368,5634249.2319,2946542.1459
2023/12/06 03:04:34.99,459667.2246,5634249.6555,2946543.9723
2023/12/06 03:04:35.99,459661.3603,5634250.8139,2946542.6246
2023/12/06 03:04:36.99,459655.0182,5634252.1175,2946541.1621
2023/12/06 03:04:37.99,459648.4912,5634253.4926,2946539.6528
2023/12/06 03:04:38.99,459641.5855,5634254.897,2946538.0603
2023/12/06 03:04:39.99,459633.9509,5634256.4049,2946536.3074
2023/12/06 03:04:40.99,459625.8284,5634258.0367,2946534.4337
2023/12/06 03:04:41.99,459617.4022,5634259.7567,2946532.4022
2023/12/06 03:04:42.99,459608.7436,5634261.6049,2946530.3366
2023/12/06 03:04:43.99,459599.883,5634263.4177,2946528.2613
2023/12/06 03:04:44.99,459591.182,5634265.1724,2946526.2996
2023/12/06 03:04:45.99,459582.8635,5634266.7574,2946524.5519
2023/12/06 03:04:46.99,459574.8701,5634268.2417,2946522.9632
2023/12/06 03:04:47.99,459567.5396,5634269.5818,2946521.5314
2023/12/06 03:04:48.99,459561.2449,5634270.744,2946520.2907
2023/12/06 03:04:49.99,459555.9006,5634271.6766,2946519.3443
2023/12/06 03:04:50.99,459551.0258,5634272.3055,2946518.8098
2023/12/06 03:04:51.99,459546.2931,5634272.6845,2946518.7674
2023/12/06 03:04:52.99,459541.0636,5634272.9671,2946518.9388
2023/12/06 03:04:53.99,459535.2596,5634273.2954,2946519.1706
2023/12/06 03:04:54.99,459529.2464,5634274.0662,2946518.7479
2023/12/06 03:04:55.99,459523.1292,5634275.3072,2946517.4304
2023/12/06 03:04:56.99,459516.4484,5634276.6323,2946515.9157
2023/12/06 03:04:57.99,459509.0926,5634278.0977,2946514.3016
2023/12/06 03:04:58.99,459501.1036,5634279.6595,2946512.602
2023/12/06 03:04:59.99,459492.5801,5634281.3595,2946510.7594
2023/12/06 03:05:00.99,459483.7124,5634283.1236,2946508.7799
2023/12/06 03:05:01.99,459474.8789,5634284.9064,2946506.7321
2023/12/06 03:05:02.99,459466.5527,5634286.6219,2946504.7544
2023/12/06 03:05:03.99,459458.8418,5634288.2583,2946502.8791
2023/12/06 03:05:04.99,459452.179,5634289.6558,2946501.1897
2023/12/06 03:05:05.99,459446.4384,5634290.8869,2946499.7171
2023/12/06 03:05:06.99,459441.5213,5634291.9429,2946498.3847
2023/12/06 03:05:07.99,459439.5865,5634293.2822,2946496.6857
2023/12/06 03:05:08.99,459436.8582,5634286.1955,2946493.3121
2023/12/06 03:05:09.99,459429.5714,5634290.9005,2946494.788
2023/12/06 03:05:10.99,459423.624,5634295.9657,2946491.6691
2023/12/06 03:05:11.99,459416.9189,5634296.6051,2946493.075
2023/12/06 03:05:12.99,459410.7002,5634297.8,2946491.7203
2023/12/06 03:05:13.99,459404.2797,5634299.0395,2946490.2802
2023/12/06 03:05:14.99,459397.8111,5634300.3394,2946488.7929
2023/12/06 03:05:15.99,459391.0674,5634301.6719,2946487.1996
2023/12/06 03:05:16.99,459383.7899,5634303.1088,2946485.5285
2023/12/06 03:05:17.99,459376.0805,5634304.6105,2946483.7797
2023/12/06 03:05:18.99,459368.2209,5634306.1119,2946481.9418
2023/12/06 03:05:19.99,459360.7385,5634307.6047,2946480.2007
2023/12/06 03:05:20.99,459353.4845,5634308.9926,2946478.5879
2023/12/06 03:05:21.99,459346.1562,5634310.4039,2946477.019
2023/12/06 03:05:22.99,459339.1194,5634311.7039,2946475.4265
2023/12/06 03:05:23.99,459336.8927,5634313.5905,2946470.849
2023/12/06 03:05:24.99,459329.1874,5634313.8785,2946472.7209
2023/12/06 03:05:25.99,459327.1882,5634314.5572,2946471.663
2023/12/06 03:05:26.99,459326.145,5634315.0542,2946470.8214
2023/12/06 03:05:27.99,459325.6316,5634315.4427,2946470.1009
2023/12/06 03:05:28.99,459325.3732,5634315.7522,2946469.4946
2023/12/06 03:05:29.99,459325.2665,5634316.0434,2946468.9506
2023/12/06 03:05:30.99,459325.2514,5634316.2858,2946468.4526
2023/12/06 03:05:31.99,459325.2653,5634316.3779,2946468.2642
2023/12/06 03:05:32.99,459325.2655,5634316.3706,2946468.2613
2023/12/06 03:05:33.99,459325.2671,5634316.3648,2946468.2585
2023/12/06 03:05:34.99,459325.269,5634316.3701,2946468.2609
2023/12/06 03:05:35.99,459325.2596,5634316.3753,2946468.2673
2023/12/06 03:05:36.99,459325.2661,5634316.376,2946468.2705
2023/12/06 03:05:37.99,459325.2687,5634316.3702,2946468.2681
2023/12/06 03:05:38.99,459325.2701,5634316.3677,2946468.2663
2023/12/06 03:05:39.99,459325.2644,5634316.3623,2946468.2688
2023/12/06 03:05:40.99,459325.2623,5634316.3635,2946468.2687
2023/12/06 03:05:41.99,459325.2629,5634316.3652,2946468.2665
2023/12/06 03:05:42.99,459325.2643,5634316.3592,2946468.2654
2023/12/06 03:05:43.99,459325.2646,5634316.3603,2946468.2652
2023/12/06 03:05:44.99,459325.266,5634316.3635,2946468.2651
2023/12/06 03:05:45.99,459325.277,5634316.4184,2946468.1703
2023/12/06 03:05:46.99,459325.3098,5634316.5217,2946467.9801
2023/12/06 03:05:47.99,459325.3523,5634316.6221,2946467.8087
2023/12/06 03:05:48.99,459325.4762,5634316.7942,2946467.463
2023/12/06 03:05:49.99,459325.6789,5634317.0037,2946467.0646
2023/12/06 03:05:50.99,459329.7321,5634318.0431,2946463.2338
2023/12/06 03:05:51.99,459326.5346,5634317.5825,2946465.8658
2023/12/06 03:05:52.99,459327.049,5634317.8697,2946465.2968
2023/12/06 03:05:53.99,459328.044,5634318.2951,2946464.4932
2023/12/06 03:05:54.99,459329.2195,5634318.5913,2946463.7792
2023/12/06 03:05:55.99,459330.3768,5634318.811,2946463.2478
2023/12/06 03:05:56.99,459331.7976,5634318.982,2946462.7762
2023/12/06 03:05:57.99,459333.5534,5634319.0234,2946462.414
2023/12/06 03:05:58.99,459338.3279,5634319.3621,2946461.6592
2023/12/06 03:05:59.99,459337.9085,5634318.8112,2946462.2215
2023/12/06 03:06:00.99,459340.0418,5634318.5536,2946462.3939
2023/12/06 03:06:01.99,459342.2059,5634318.2243,2946462.726
2023/12/06 03:06:02.99,459347.9496,5634318.5118,2946459.9992
2023/12/06 03:06:03.99,459347.2647,5634314.8312,2946463.9202
2023/12/06 03:06:04.99,459349.5179,5634316.732,2946464.5094
2023/12/06 03:06:05.99,459357.1523,5634316.6204,2946462.3239
2023/12/06 03:06:06.99,459362.0041,5634315.6519,2946463.5189
2023/12/06 03:06:07.99,459367.3985,5634314.5617,2946464.8571
2023/12/06 03:06:08.99,459372.664,5634313.5055,2946466.1655
2023/12/06 03:06:09.99,459377.8082,5634312.473,2946467.3993
2023/12/06 03:06:10.99,459383.4393,5634311.4453,2946468.6042
2023/12/06 03:06:11.99,459389.5247,5634310.4027,2946469.8028
2023/12/06 03:06:12.99,459391.8999,5634308.6137,2946474.1692
2023/12/06 03:06:13.99,459397.4695,5634307.6103,2946475.2855
2023/12/06 03:06:14.99,459406.182,5634307.3766,2946473.1059
2023/12/06 03:06:15.99,459410.8674,5634306.5121,2946474.0468
2023/12/06 03:06:16.99,459411.6297,5634304.9827,2946478.1514
2023/12/06 03:06:17.99,459415.5525,5634304.167,2946479.1796
2023/12/06 03:06:18.99,459422.3896,5634304.1449,2946476.9149
2023/12/06 03:06:19.99,459424.814,5634303.6108,2946477.5824
2023/12/06 03:06:20.99,459426.2616,5634303.2829,2946477.9628
2023/12/06 03:06:21.99,459426.5256,5634303.2335,2946478.0414
2023/12/06 03:06:22.99,459426.528,5634303.2452,2946478.0487
2023/12/06 03:06:23.99,459426.5279,5634303.2421,2946478.0443
2023/12/06 03:06:24.99,459426.5282,5634303.2367,2946478.0455
2023/12/06 03:06:25.99,459426.5291,5634303.2347,2946478.0445
2023/12/06 03:06:26.99,459426.5282,5634303.2394,2946478.0457
2023/12/06 03:06:27.99,459426.5302,5634303.2459,2946478.05
2023/12/06 03:06:28.99,459426.525,5634303.2355,2946478.0431
2023/12/06 03:06:29.99,459426.519,5634303.2315,2946478.0431
2023/12/06 03:06:30.99,459426.957,5634303.1437,2946478.1447
2023/12/06 03:06:31.99,459428.1534,5634302.8991,2946478.4481
2023/12/06 03:06:32.99,459430.1586,5634302.5209,2946478.8885
2023/12/06 03:06:33.99,459432.4898,5634302.0988,2946479.3384
2023/12/06 03:06:34.99,459435.4022,5634301.5953,2946479.8529
2023/12/06 03:06:35.99,459439.0112,5634300.9974,2946480.4529
2023/12/06 03:06:36.99,459443.5943,5634300.2242,2946481.2221
2023/12/06 03:06:37.99,459445.7543,5634298.526,2946485.3486
2023/12/06 03:06:38.99,459455.8532,5634298.1875,2946483.1675
2023/12/06 03:06:39.99,459462.5137,5634297.1715,2946484.0408
2023/12/06 03:06:40.99,459467.9946,5634295.9012,2946487.4354
2023/12/06 03:06:41.99,459471.807,5634294.5732,2946488.868
2023/12/06 03:06:42.99,459482.1721,5634294.0735,2946486.8631
2023/12/06 03:06:43.99,459489.349,5634292.6978,2946488.3443
2023/12/06 03:06:44.99,459496.6292,5634291.2327,2946489.9733
2023/12/06 03:06:45.99,459503.8819,5634289.7435,2946491.663
2023/12/06 03:06:46.99,459511.2026,5634288.2725,2946493.2948
2023/12/06 03:06:47.99,459518.1111,5634286.8558,2946494.9104
2023/12/06 03:06:48.99,459524.7364,5634285.4717,2946496.5553
2023/12/06 03:06:49.99,459531.1609,5634284.1501,2946498.0959
2023/12/06 03:06:50.99,459533.5204,5634282.2473,2946502.9523
2023/12/06 03:06:51.99,459536.7926,5634286.4694,2946505.4939
2023/12/06 03:06:52.99,459542.5845,5634285.001,2946507.3145
2023/12/06 03:06:53.99,459554.0096,5634278.798,2946504.8734
2023/12/06 03:06:54.99,459558.3532,5634277.9672,2946505.8473
2023/12/06 03:06:55.99,459562.2438,5634277.2997,2946506.4886
2023/12/06 03:06:56.99,459562.5262,5634276.01,2946510.2529
2023/12/06 03:06:57.99,459564.686,5634281.009,2946511.6331
2023/12/06 03:06:58.99,459574.9996,5634274.7247,2946511.2007
2023/12/06 03:06:59.99,459581.2797,5634274.0577,2946509.6125
2023/12/06 03:07:00.99,459586.3977,5634273.046,2946510.767
2023/12/06 03:07:01.99,459587.7752,5634271.3742,2946515.0579
2023/12/06 03:07:02.99,459596.1628,5634271.172,2946512.8548
2023/12/06 03:07:03.99,459600.2959,5634270.4402,2946513.6175
2023/12/06 03:07:04.99,459603.2609,5634269.8734,2946514.2002
2023/12/06 03:07:05.99,459605.1324,5634269.5017,2946514.6358
2023/12/06 03:07:06.99,459606.0392,5634269.3099,2946514.8301
2023/12/06 03:07:07.99,459606.0248,5634269.3363,2946514.8371
2023/12/06 03:07:08.99,459606.0346,5634269.3248,2946514.8324
2023/12/06 03:07:09.99,459606.5528,5634269.2243,2946514.9604
2023/12/06 03:07:10.99,459608.3559,5634268.8545,2946515.3919
2023/12/06 03:07:11.99,459610.604,5634268.3523,2946515.9407
2023/12/06 03:07:12.99,459609.3162,5634267.2151,2946519.6572
2023/12/06 03:07:13.99,459615.7269,5634267.3505,2946517.0678
2023/12/06 03:07:14.99,459618.9348,5634266.7497,2946517.7157
2023/12/06 03:07:15.99,459619.1409,5634265.3526,2946521.6603
2023/12/06 03:07:16.99,459622.9663,5634264.5979,2946522.4604
2023/12/06 03:07:17.99,459628.7175,5634265.1643,2946521.6877
2023/12/06 03:07:18.99,459630.148,5634263.159,2946524.0804
2023/12/06 03:07:19.99,459633.5293,5634262.4941,2946524.8313
2023/12/06 03:07:20.99,459640.3216,5634262.5498,2946522.3557
2023/12/06 03:07:21.99,459639.6697,5634261.2962,2946526.1471
2023/12/06 03:07:22.99,459646.0958,5634261.4148,2946523.5305
2023/12/06 03:07:23.99,459648.726,5634260.9372,2946524.108
2023/12/06 03:07:24.99,459651.2808,5634260.4243,2946524.6823
2023/12/06 03:07:25.99,459653.9563,5634259.8382,2946525.3257
2023/12/06 03:07:26.99,459656.9056,5634259.2266,2946526.0172
2023/12/06 03:07:27.99,459660.0255,5634258.5788,2946526.7237
2023/12/06 03:07:28.99,459663.2227,5634257.9415,2946527.4963
2023/12/06 03:07:29.99,459666.4439,5634257.2638,2946528.2632
2023/12/06 03:07:30.99,459669.8806,5634256.5395,2946529.1161
2023/12/06 03:07:31.99,459673.7819,5634255.7044,2946530.0957
2023/12/06 03:07:32.99,459677.6902,5634254.8588,2946531.1468
2023/12/06 03:07:33.99,459681.8688,5634253.9662,2946532.1768
2023/12/06 03:07:34.99,459686.5797,5634253.0195,2946533.2503
2023/12/06 03:07:35.99,459691.7772,5634251.9604,2946534.454
2023/12/06 03:07:36.99,459697.3267,5634250.8566,2946535.6998
2023/12/06 03:07:37.99,459702.8899,5634249.6883,2946537.0241
2023/12/06 03:07:38.99,459708.0919,5634248.6042,2946538.3798
2023/12/06 03:07:39.99,459713.268,5634247.4848,2946539.6689
2023/12/06 03:07:40.99,459718.6595,5634246.3245,2946540.9036
2023/12/06 03:07:41.99,459723.8817,5634246.1252,2946541.1488
2023/12/06 03:07:42.99,459729.9188,5634244.8844,2946542.4742
2023/12/06 03:07:43.99,459735.306,5634242.2557,2946547.5781
2023/12/06 03:07:44.99,459741.2874,5634241.0012,2946549.1638
2023/12/06 03:07:45.99,459748.5561,5634239.8846,2946548.1663
2023/12/06 03:07:46.99,459753.7545,5634238.1473,2946552.4582
2023/12/06 03:07:48.99,459764.0037,5634239.8717,2946556.616
2023/12/06 03:07:49.99,459770.9988,5634238.6041,2946558.6706
2023/12/06 03:07:50.99,459780.3821,5634232.8031,2946556.1843
2023/12/06 03:07:51.99,459786.5881,5634231.483,2946557.6442
2023/12/06 03:07:52.99,459792.6904,5634230.1845,2946559.0519
2023/12/06 03:07:53.99,459797.5234,5634228.6261,2946562.9611
2023/12/06 03:07:54.99,459802.5473,5634227.2126,2946562.9528
2023/12/06 03:07:55.99,459807.7467,5634226.3094,2946563.4121
2023/12/06 03:07:56.99,459813.5947,5634240.8511,2946571.7917
2023/12/06 03:07:57.99,459822.0859,5634224.1719,2946565.1958
2023/12/06 03:07:58.99,459827.2799,5634223.0943,2946566.2897
2023/12/06 03:07:59.99,459828.2209,5634221.5247,2946570.5107
2023/12/06 03:08:00.99,459835.7679,5634222.0415,2946567.2818
2023/12/06 03:08:01.99,459840.7085,5634220.0785,2946569.5438
2023/12/06 03:08:02.99,459844.7102,5634218.4592,2946573.6371
2023/12/06 03:08:03.99,459850.016,5634220.7422,2946573.3377
2023/12/06 03:08:04.99,459857.2622,5634215.9776,2946574.116
2023/12/06 03:08:05.99,459859.1391,5634214.1036,2946578.5239
2023/12/06 03:08:06.99,459868.5643,5634213.4429,2946576.6834
2023/12/06 03:08:07.99,459874.9601,5634212.0076,2946578.0997
2023/12/06 03:08:08.99,459882.13,5634210.5347,2946579.4396
2023/12/06 03:08:09.99,459889.5293,5634209.0221,2946580.8436
2023/12/06 03:08:10.99,459896.8143,5634207.3642,2946582.5102
2023/12/06 03:08:11.99,459904.3044,5634205.5128,2946584.4916
2023/12/06 03:08:12.99,459912.2155,5634203.7737,2946586.2305
2023/12/06 03:08:13.99,459920.1821,5634202.1918,2946587.6083
2023/12/06 03:08:14.99,459927.9739,5634200.6387,2946588.8927
2023/12/06 03:08:15.99,459935.7172,5634199.0364,2946590.3711
2023/12/06 03:08:16.99,459943.4622,5634197.2583,2946592.0102
2023/12/06 03:08:17.99,459951.2553,5634195.4904,2946593.6999
2023/12/06 03:08:18.99,459959.1024,5634193.7173,2946595.3975
2023/12/06 03:08:19.99,459967.0026,5634191.9174,2946597.0794
2023/12/06 03:08:20.99,459975.0213,5634190.1107,2946598.7364
2023/12/06 03:08:21.99,459982.0685,5634188.0317,2946602.9784
2023/12/06 03:08:22.99,459991.4678,5634186.4646,2946602.0628
2023/12/06 03:08:23.99,459999.8074,5634184.5828,2946603.7997
2023/12/06 03:08:24.99,460007.8185,5634183.5372,2946604.5065
2023/12/06 03:08:25.99,460016.733,5634180.678,2946607.3998
2023/12/06 03:08:26.99,460025.3045,5634178.6885,2946609.3012
2023/12/06 03:08:27.99,460033.9066,5634176.6898,2946611.2133
2023/12/06 03:08:28.99,460039.8366,5634174.773,2946613.8459
2023/12/06 03:08:29.99,460051.2728,5634172.8164,2946614.8389
2023/12/06 03:08:30.99,460057.3436,5634170.8761,2946617.3327
2023/12/06 03:08:31.99,460068.9375,5634168.7654,2946618.2535
2023/12/06 03:08:32.99,460077.9038,5634166.7222,2946619.9928
2023/12/06 03:08:33.99,460086.9158,5634164.6175,2946621.8685
2023/12/06 03:08:34.99,460094.4835,5634165.9636,2946624.5629
2023/12/06 03:08:35.99,460104.9345,5634160.4802,2946625.8492
2023/12/06 03:08:36.99,460113.9146,5634158.4317,2946627.7807
2023/12/06 03:08:37.99,460122.854,5634156.4057,2946629.8038
2023/12/06 03:08:38.99,460131.7196,5634154.3416,2946631.9131
2023/12/06 03:08:39.99,460137.8136,5634152.2667,2946634.8667
2023/12/06 03:08:40.99,460149.2606,5634150.0529,2946636.3794
2023/12/06 03:08:41.99,460157.9403,5634147.8986,2946638.7361
2023/12/06 03:08:42.99,460166.5225,5634145.7601,2946641.1901
2023/12/06 03:08:43.99,460175.0044,5634143.5188,2946643.7005
2023/12/06 03:08:44.99,460183.4366,5634141.1912,2946646.3107
2023/12/06 03:08:45.99,460191.4305,5634139.6635,2946647.9453
2023/12/06 03:08:46.99,460200.2437,5634136.3314,2946651.804
2023/12/06 03:08:47.99,460208.613,5634133.8041,2946654.7194
2023/12/06 03:08:48.99,460216.9841,5634131.2592,2946657.6972
2023/12/06 03:08:49.99,460225.4278,5634128.6605,2946660.73
2023/12/06 03:08:50.99,460233.9621,5634126.0394,2946663.8408
2023/12/06 03:08:51.99,460238.7328,5634122.7083,2946670.1302
2023/12/06 03:08:52.99,460250.6694,5634120.6854,2946670.085
2023/12/06 03:08:53.99,460258.6915,5634118.0556,2946673.207
2023/12/06 03:08:54.99,460266.4736,5634115.5682,2946676.3025
2023/12/06 03:08:55.99,460274.0313,5634113.1366,2946679.3682
2023/12/06 03:08:56.99,460281.1633,5634111.5251,2946681.4031
2023/12/06 03:08:57.99,460289.0812,5634107.9786,2946685.6698
2023/12/06 03:08:58.99,460296.2838,5634105.5903,2946689.0381
2023/12/06 03:08:59.99,460303.2528,5634103.1839,2946692.3629
2023/12/06 03:09:00.99,460309.9727,5634100.8073,2946695.6076
2023/12/06 03:09:01.99,460316.329,5634098.5876,2946698.7195
2023/12/06 03:09:02.99,460317.7652,5634096.2201,2946704.2619
2023/12/06 03:09:03.99,460324.1588,5634095.3169,2946705.3841
2023/12/06 03:09:04.99,460327.9077,5634094.8006,2946703.9296
2023/12/06 03:09:05.99,460330.1932,5634094.0822,2946704.8984
2023/12/06 03:09:06.99,460332.3929,5634093.3049,2946705.8243
2023/12/06 03:09:07.99,460333.9798,5634093.6439,2946705.8727
2023/12/06 03:09:08.99,460336.3824,5634091.9876,2946707.8495
2023/12/06 03:09:09.99,460338.521,5634091.232,2946708.8256
2023/12/06 03:09:10.99,460337.6453,5634090.0465,2946713.3347
2023/12/06 03:09:11.99,460345.1363,5634089.3903,2946711.2024
2023/12/06 03:09:12.99,460349.4039,5634088.4126,2946712.3496
2023/12/06 03:09:13.99,460353.9846,5634087.3981,2946713.5207
2023/12/06 03:09:14.99,460357.3642,5634086.2519,2946717.2314
2023/12/06 03:09:15.99,460362.9342,5634085.5949,2946715.61
2023/12/06 03:09:16.99,460366.4916,5634084.8559,2946716.5319
2023/12/06 03:09:17.99,460368.245,5634084.4521,2946717.0246
2023/12/06 03:09:18.99,460368.1469,5634083.931,2946719.9146
2023/12/06 03:09:19.99,460369.3127,5634084.2261,2946717.3423
2023/12/06 03:09:20.99,460369.2713,5634084.2295,2946717.3284
2023/12/06 03:09:21.99,460369.2765,5634084.2484,2946717.3395
2023/12/06 03:09:22.99,460369.7461,5634084.1498,2946717.4766
2023/12/06 03:09:23.99,460371.098,5634083.8623,2946717.8939
2023/12/06 03:09:24.99,460373.5394,5634083.2417,2946718.6431
2023/12/06 03:09:25.99,460376.0196,5634081.9592,2946722.4593
2023/12/06 03:09:26.99,460381.4013,5634081.0741,2946721.5537
2023/12/06 03:09:27.99,460385.9657,5634079.621,2946723.6803
2023/12/06 03:09:28.99,460391.815,5634080.7821,2946728.4702
2023/12/06 03:09:29.99,460395.9237,5634073.1971,2946734.7089
2023/12/06 03:09:34.99,460419.9569,5634065.8948,2946744.3959
2023/12/06 03:09:35.99,460424.1334,5634065.568,2946745.8532
2023/12/06 03:09:36.99,460427.5296,5634064.4129,2946747.8427
2023/12/06 03:09:37.99,460430.7459,5634063.1436,2946749.2871
2023/12/06 03:09:38.99,460434.8113,5634062.6833,2946748.0995
2023/12/06 03:09:39.99,460434.9238,5634062.0004,2946751.3052
2023/12/06 03:09:40.99,460437.1231,5634061.8972,2946749.245
2023/12/06 03:09:41.99,460435.08,5634060.6391,2946753.3273
2023/12/06 03:09:42.99,460440.0427,5634055.9466,2946755.1934
2023/12/06 03:09:43.99,460439.9413,5634058.9714,2946756.4469
2023/12/06 03:09:44.99,460442.0232,5634058.213,2946757.4764
2023/12/06 03:09:45.99,460448.9455,5634057.4956,2946755.5299
2023/12/06 03:09:46.99,460448.9337,5634055.8911,2946760.6959
2023/12/06 03:09:47.99,460453.1615,5634054.4514,2946762.8036
2023/12/06 03:09:48.99,460461.7481,5634053.1018,2946761.8466
2023/12/06 03:09:49.99,460463.0303,5634051.122,2946767.6915
2023/12/06 03:09:50.99,460467.8379,5634046.0128,2946766.5892
2023/12/06 03:09:51.99,460478.4112,5634047.5826,2946769.8462
2023/12/06 03:09:52.99,460484.7663,5634045.4778,2946772.8315
2023/12/06 03:09:53.99,460491.5136,5634043.2309,2946775.9716
2023/12/06 03:09:54.99,460498.6057,5634040.8934,2946779.294
2023/12/06 03:09:55.99,460504.3162,5634034.3583,2946785.0454
2023/12/06 03:09:56.99,460507.3855,5634040.9833,2946790.3903
2023/12/06 03:09:57.99,460517.555,5634032.7434,2946793.6058
2023/12/06 03:09:58.99,460523.1674,5634035.508,2946798.2357
2023/12/06 03:09:59.99,460533.7019,5634027.3259,2946801.6067
2023/12/06 03:10:00.99,460545.9389,5634024.7679,2946802.2967
2023/12/06 03:10:01.99,460554.1153,5634022.0006,2946806.2332
2023/12/06 03:10:02.99,460561.8372,5634019.3571,2946809.9589
2023/12/06 03:10:03.99,460569.1749,5634016.7985,2946813.5762
2023/12/06 03:10:04.99,460576.1045,5634014.4086,2946817.0066
2023/12/06 03:10:05.99,460582.6052,5634012.1529,2946820.2231
2023/12/06 03:10:06.99,460588.7415,5634010.1227,2946823.2035
2023/12/06 03:10:07.99,460594.8511,5634008.0466,2946826.1315
2023/12/06 03:10:08.99,460600.6061,5634006.1037,2946828.9374
2023/12/06 03:10:09.99,460602.1029,5634003.9784,2946834.8573
2023/12/06 03:10:10.99,460611.0384,5634002.5017,2946834.0335
2023/12/06 03:10:11.99,460612.0258,5634000.6634,2946839.6125
2023/12/06 03:10:12.99,460620.4019,5633999.4654,2946838.3947
2023/12/06 03:10:13.99,460623.3673,5633993.6414,2946843.7917
2023/12/06 03:10:14.99,460627.4265,5633992.277,2946845.6958
2023/12/06 03:10:15.99,460631.2962,5633990.9997,2946847.5507
2023/12/06 03:10:16.99,460634.913,5633989.7619,2946849.2568
2023/12/06 03:10:17.99,460635.7212,5633992.7806,2946850.7708
2023/12/06 03:10:18.99,460641.6141,5633987.4908,2946852.5077
2023/12/06 03:10:19.99,460646.2033,5633990.7462,2946850.7112
2023/12/06 03:10:20.99,460649.542,5633989.5796,2946852.3606
2023/12/06 03:10:21.99,460652.6735,5633988.5013,2946853.9249
2023/12/06 03:10:22.99,460654.4919,5633982.9811,2946858.9123
2023/12/06 03:10:23.99,460654.4679,5633986.2726,2946860.1031
2023/12/06 03:10:24.99,460659.7563,5633986.0253,2946857.5477
2023/12/06 03:10:25.99,460658.8475,5633981.4517,2946861.1377
2023/12/06 03:10:26.99,460658.8429,5633981.4553,2946861.1365
2023/12/06 03:10:27.99,460658.8426,5633981.4604,2946861.1386
2023/12/06 03:10:28.99,460658.8448,5633981.4597,2946861.1381
2023/12/06 03:10:29.99,460658.8458,5633981.4529,2946861.1377
2023/12/06 03:10:30.99,460658.8481,5633981.4516,2946861.1377
2023/12/06 03:10:31.99,460658.8481,5633981.4474,2946861.14
2023/12/06 03:10:32.99,460658.8523,5633981.4423,2946861.1357
2023/12/06 03:10:33.99,460658.8615,5633981.4491,2946861.1458
2023/12/06 03:10:34.99,460658.8618,5633981.4427,2946861.144
2023/12/06 03:10:35.99,460658.8676,5633981.4485,2946861.1496
2023/12/06 03:10:36.99,460659.2383,5633981.3208,2946861.3454
2023/12/06 03:10:37.99,460660.646,5633980.7934,2946862.1865
2023/12/06 03:10:38.99,460662.5564,5633979.9663,2946863.309
2023/12/06 03:10:39.99,460664.3466,5633979.244,2946864.3374
2023/12/06 03:10:40.99,460666.6208,5633978.41,2946865.5064
2023/12/06 03:10:41.99,460669.4105,5633977.4225,2946866.9183
2023/12/06 03:10:42.99,460672.946,5633976.2236,2946868.6498
2023/12/06 03:10:43.99,460677.4761,5633974.7728,2946870.7416
2023/12/06 03:10:44.99,460682.3497,5633973.1656,2946872.9522
2023/12/06 03:10:45.99,460687.163,5633971.6095,2946875.1173
2023/12/06 03:10:46.99,460691.7365,5633970.1394,2946877.1998
2023/12/06 03:10:47.99,460696.6453,5633968.5078,2946879.4778
2023/12/06 03:10:48.99,460702.16,5633966.657,2946882.1162
2023/12/06 03:10:49.99,460708.1356,5633964.6158,2946885.0711
2023/12/06 03:10:50.99,460714.5307,5633962.3725,2946888.2904
2023/12/06 03:10:51.99,460721.3292,5633960.0403,2946891.6777
2023/12/06 03:10:52.99,460728.4665,5633957.673,2946895.1172
2023/12/06 03:10:53.99,460735.8883,5633955.2437,2946898.6327
2023/12/06 03:10:54.99,460743.5309,5633952.7316,2946902.2327
2023/12/06 03:10:55.99,460751.3526,5633950.099,2946905.9277
2023/12/06 03:10:56.99,460759.3462,5633947.5326,2946909.7176
2023/12/06 03:10:57.99,460767.446,5633944.8503,2946913.5475
2023/12/06 03:10:58.99,460775.6983,5633942.1073,2946917.4749
2023/12/06 03:10:59.99,460784.1103,5633939.348,2946921.4861
2023/12/06 03:11:00.99,460792.4374,5633936.6252,2946925.4702
2023/12/06 03:11:01.99,460800.2513,5633934.0238,2946929.2612
2023/12/06 03:11:02.99,460807.5914,5633931.5379,2946932.8843
2023/12/06 03:11:03.99,460813.8693,5633929.4815,2946935.9901
2023/12/06 03:11:04.99,460818.7675,5633927.8444,2946938.3802
2023/12/06 03:11:05.99,460822.4334,5633926.6212,2946940.173
2023/12/06 03:11:06.99,460825.2067,5633925.6437,2946941.5378
2023/12/06 03:11:07.99,460827.1942,5633924.8297,2946942.8242
2023/12/06 03:11:08.99,460828.2967,5633924.1612,2946943.8848
2023/12/06 03:11:09.99,460828.8828,5633923.5453,2946945.0223
2023/12/06 03:11:10.99,460826.4422,5633927.225,2946945.8858
2023/12/06 03:11:11.99,460828.9279,5633922.6674,2946946.6571
2023/12/06 03:11:12.99,460828.8077,5633922.4804,2946947.0536
2023/12/06 03:11:13.99,460828.6459,5633922.2838,2946947.4073
2023/12/06 03:11:14.99,460828.5694,5633922.2421,2946947.5438
2023/12/06 03:11:15.99,460828.5723,5633922.2359,2946947.5395
2023/12/06 03:11:16.99,460828.534,5633922.1964,2946947.6091
2023/12/06 03:11:17.99,460828.3935,5633922.1124,2946947.8262
2023/12/06 03:11:18.99,460825.5713,5633926.1863,2946948.0243
2023/12/06 03:11:19.99,460825.4975,5633926.1415,2946948.1024
2023/12/06 03:11:20.99,460825.5626,5633926.1766,2946948.0388
2023/12/06 03:11:21.99,460825.614,5633926.2164,2946947.9784
2023/12/06 03:11:22.99,460828.5985,5633928.8766,2946949.6473
2023/12/06 03:11:23.99,460827.0368,5633930.3172,2946944.4584
2023/12/06 03:11:24.99,460825.5517,5633926.1624,2946948.0453
2023/12/06 03:11:25.99,460825.5094,5633926.1337,2946948.0871
2023/12/06 03:11:26.99,460825.5511,5633926.1742,2946948.0481
2023/12/06 03:11:27.99,460825.5427,5633926.1655,2946948.0542
2023/12/06 03:11:28.99,460825.5337,5633926.1629,2946948.0605
2023/12/06 03:11:29.99,460828.113,5633921.9544,2946948.1794
2023/12/06 03:11:30.99,460825.4367,5633926.1267,2946948.1728
2023/12/06 03:11:31.99,460828.041,5633921.9237,2946948.2621
2023/12/06 03:11:32.99,460830.1931,5633929.2239,2946948.4738
2023/12/06 03:11:33.99,460827.7699,5633921.8205,2946948.5326
2023/12/06 03:11:34.99,460826.2442,5633929.9884,2946945.1971
2023/12/06 03:11:35.99,460826.8104,5633921.519,2946949.3024
2023/12/06 03:11:36.99,460826.2629,5633921.3687,2946949.6828
2023/12/06 03:11:37.99,460826.2645,5633928.1483,2946951.4888
2023/12/06 03:11:38.99,460822.3628,5633925.2934,2946950.3423
2023/12/06 03:11:39.99,460824.2662,5633927.7832,2946952.5965
2023/12/06 03:11:40.99,460822.9193,5633927.5763,2946953.2281
2023/12/06 03:11:41.99,460820.5023,5633925.6475,2946950.5007
2023/12/06 03:11:42.99,460818.9999,5633927.3499,2946954.312
2023/12/06 03:11:43.99,460815.9869,5633927.6049,2946954.1682
2023/12/06 03:11:44.99,460812.1303,5633928.3869,2946953.181
2023/12/06 03:11:45.99,460807.6157,5633929.626,2946951.4609
2023/12/06 03:11:46.99,460802.6059,5633931.1996,2946949.1718
2023/12/06 03:11:47.99,460797.6849,5633932.8132,2946946.7982
2023/12/06 03:11:48.99,460792.74,5633934.449,2946944.4161
2023/12/06 03:11:49.99,460787.0716,5633936.3397,2946941.6318
2023/12/06 03:11:50.99,460780.5526,5633938.5271,2946938.3484
2023/12/06 03:11:51.99,460773.3154,5633940.946,2946934.7928
2023/12/06 03:11:52.99,460765.5779,5633943.4775,2946931.0845
2023/12/06 03:11:53.99,460757.4601,5633946.1235,2946927.2694
2023/12/06 03:11:54.99,460749.0604,5633948.8666,2946923.2597
2023/12/06 03:11:55.99,460740.4443,5633951.7464,2946919.0678
2023/12/06 03:11:56.99,460731.6886,5633954.7646,2946914.6835
2023/12/06 03:11:57.99,460722.7917,5633957.8743,2946910.2145
2023/12/06 03:11:58.99,460713.7676,5633961.0164,2946905.6948
2023/12/06 03:11:59.99,460704.6019,5633964.129,2946901.2135
2023/12/06 03:12:00.99,460695.1639,5633965.5099,2946896.2997
2023/12/06 03:12:01.99,460686.1065,5633970.4261,2946892.3002
2023/12/06 03:12:02.99,460676.9461,5633973.6112,2946887.708
2023/12/06 03:12:03.99,460667.7786,5633976.8299,2946883.1235
2023/12/06 03:12:04.99,460658.4079,5633980.0636,2946878.4791
2023/12/06 03:12:05.99,460648.7754,5633983.4096,2946873.7411
2023/12/06 03:12:06.99,460639.1963,5633986.688,2946869.0531
2023/12/06 03:12:07.99,460629.7683,5633989.9156,2946864.4661
2023/12/06 03:12:08.99,460620.6549,5633993.0131,2946860.0263
2023/12/06 03:12:09.99,460611.6687,5633996.0916,2946855.6313
2023/12/06 03:12:10.99,460602.4743,5633999.2558,2946851.1044
2023/12/06 03:12:11.99,460592.8367,5634002.5784,2946846.335
2023/12/06 03:12:12.99,460582.9781,5634006.0207,2946841.4596
2023/12/06 03:12:13.99,460573.0667,5634009.4533,2946836.5297
2023/12/06 03:12:14.99,460563.3677,5634012.7733,2946831.7859
2023/12/06 03:12:15.99,460553.6776,5634016.0349,2946827.152
2023/12/06 03:12:16.99,460543.9606,5634019.2748,2946822.5485
2023/12/06 03:12:17.99,460534.5048,5634022.4978,2946817.9657
2023/12/06 03:12:18.99,460525.0895,5634025.7254,2946813.3368
2023/12/06 03:12:19.99,460515.6337,5634028.971,2946808.7782
2023/12/06 03:12:20.99,460506.1348,5634032.1344,2946804.2704
2023/12/06 03:12:21.99,460496.6698,5634035.2611,2946799.8542
2023/12/06 03:12:22.99,460487.485,5634038.2531,2946795.5898
2023/12/06 03:12:23.99,460478.8339,5634039.2911,2946791.1648
2023/12/06 03:12:24.99,460471.4681,5634043.5491,2946788.0882
2023/12/06 03:12:25.99,460464.6854,5634044.0127,2946784.4107
2023/12/06 03:12:26.99,460458.4971,5634045.9196,2946778.8066
2023/12/06 03:12:27.99,460453.9145,5634049.4524,2946779.6582
2023/12/06 03:12:28.99,460448.3609,5634049.3585,2946773.9077
2023/12/06 03:12:29.99,460443.5063,5634053.9152,2946770.1703
2023/12/06 03:12:30.99,460441.8585,5634053.4925,2946773.8664
2023/12/06 03:12:31.99,460439.906,5634054.141,2946772.9236
2023/12/06 03:12:32.99,460438.3077,5634052.8652,2946771.7406
2023/12/06 03:12:33.99,460437.4877,5634054.9339,2946771.7532
2023/12/06 03:12:34.99,460436.3031,5634053.5203,2946770.778
2023/12/06 03:12:35.99,460435.5181,5634055.5976,2946770.8138
2023/12/06 03:12:36.99,460434.7665,5634055.8233,2946770.4663
2023/12/06 03:12:37.99,460434.1696,5634056.0162,2946770.2154
2023/12/06 03:12:38.99,460432.8584,5634054.6263,2946769.2224
2023/12/06 03:12:39.99,460430.6986,5634055.3705,2946768.1366
2023/12/06 03:12:40.99,460427.7309,5634058.297,2946766.842
2023/12/06 03:12:41.99,460424.0102,5634059.7443,2946764.6701
2023/12/06 03:12:42.99,460420.01,5634061.2159,2946762.585
2023/12/06 03:12:43.99,460415.3129,5634062.8355,2946760.2753
2023/12/06 03:12:44.99,460409.8549,5634064.7225,2946757.5527
2023/12/06 03:12:45.99,460403.9777,5634064.941,2946754.2437
2023/12/06 03:12:46.99,460398.3496,5634066.816,2946751.5306
2023/12/06 03:12:47.99,460392.9363,5634070.4026,2946749.4691
2023/12/06 03:12:48.99,460387.3874,5634072.0386,2946747.1589
2023/12/06 03:12:49.99,460382.123,5634073.5714,2946745.0064
2023/12/06 03:12:50.99,460377.4367,5634073.0992,2946742.7321
2023/12/06 03:12:51.99,460373.3132,5634074.3848,2946740.9542
2023/12/06 03:12:52.99,460369.3047,5634077.51,2946739.3998
2023/12/06 03:12:53.99,460364.5916,5634077.4051,2946736.5285
2023/12/06 03:12:54.99,460359.4593,5634079.2522,2946733.821
2023/12/06 03:12:55.99,460354.1353,5634082.943,2946731.4878
2023/12/06 03:12:56.99,460348.2402,5634083.1778,2946728.0939
2023/12/06 03:12:57.99,460342.1769,5634087.081,2946725.5038
2023/12/06 03:12:58.99,460335.4589,5634089.3562,2946722.2737
2023/12/06 03:12:59.99,460328.305,5634091.7435,2946718.8481
2023/12/06 03:13:00.99,460320.4596,5634092.5715,2946714.773
2023/12/06 03:13:01.99,460312.4657,5634097.0741,2946711.469
2023/12/06 03:13:02.99,460303.6712,5634098.2632,2946706.9104
2023/12/06 03:13:03.99,460294.6353,5634101.3988,2946702.6131
2023/12/06 03:13:04.99,460285.0787,5634104.621,2946698.2693
2023/12/06 03:13:05.99,460275.5144,5634109.6649,2946694.4387
2023/12/06 03:13:06.99,460266.0326,5634112.865,2946690.2859
2023/12/06 03:13:07.99,460256.8566,5634115.9236,2946686.3185
2023/12/06 03:13:08.99,460247.7253,5634118.9649,2946682.5029
2023/12/06 03:13:09.99,460238.5989,5634122.0626,2946678.8131
2023/12/06 03:13:10.99,460229.5068,5634125.0836,2946675.2465
2023/12/06 03:13:11.99,460220.4335,5634127.971,2946671.8283
2023/12/06 03:13:12.99,460210.7857,5634128.9761,2946665.2509
2023/12/06 03:13:13.99,460202.3819,5634131.5843,2946665.0978
2023/12/06 03:13:14.99,460193.5461,5634134.2178,2946662.2088
2023/12/06 03:13:15.99,460184.957,5634138.4906,2946659.9012
2023/12/06 03:13:16.99,460175.6084,5634139.1285,2946653.8902
2023/12/06 03:13:17.99,460166.9547,5634141.3955,2946651.349
2023/12/06 03:13:18.99,460158.9894,5634145.3676,2946652.2576
2023/12/06 03:13:19.99,460150.1634,5634145.7182,2946649.3584
2023/12/06 03:13:20.99,460141.0397,5634147.8511,2946644.2379
2023/12/06 03:13:21.99,460132.9156,5634149.9764,2946645.0135
2023/12/06 03:13:22.99,460124.3799,5634151.9935,2946642.9963
2023/12/06 03:13:23.99,460115.4224,5634153.9969,2946638.1788
2023/12/06 03:13:24.99,460107.4657,5634155.9531,2946639.1427
2023/12/06 03:13:25.99,460098.6671,5634157.9271,2946634.3667
2023/12/06 03:13:26.99,460091.0629,5634161.6318,2946635.8696
2023/12/06 03:13:27.99,460082.8307,5634163.4572,2946634.1623
2023/12/06 03:13:28.99,460074.5377,5634163.6103,2946631.9487
2023/12/06 03:13:29.99,460066.5689,5634165.557,2946630.2596
2023/12/06 03:13:30.99,460058.6714,5634167.4008,2946628.6829
2023/12/06 03:13:31.99,460050.9713,5634170.8927,2946627.6436
2023/12/06 03:13:32.99,460042.4555,5634170.8162,2946622.7935
2023/12/06 03:13:33.99,460034.6009,5634172.4634,2946621.3689
2023/12/06 03:13:34.99,460026.7792,5634174.1313,2946619.9052
2023/12/06 03:13:35.99,460019.6744,5634177.5876,2946621.7084
2023/12/06 03:13:36.99,460011.3313,5634177.5974,2946616.7105
2023/12/06 03:13:37.99,460003.7208,5634179.3963,2946615.0197
2023/12/06 03:13:38.99,459996.1166,5634181.133,2946613.3815
2023/12/06 03:13:39.99,459988.5072,5634182.9,2946611.7182
2023/12/06 03:13:40.99,459981.3265,5634184.6426,2946612.9116
2023/12/06 03:13:41.99,459973.1448,5634186.4087,2946608.384
2023/12/06 03:13:42.99,459965.4043,5634188.192,2946606.7622
2023/12/06 03:13:43.99,459958.2719,5634191.6512,2946608.5588
2023/12/06 03:13:44.99,459949.7924,5634191.5247,2946603.7545
2023/12/06 03:13:45.99,459942.5318,5634194.8638,2946605.7924
2023/12/06 03:13:46.99,459933.9479,5634194.674,2946601.161
2023/12/06 03:13:47.99,459926.4655,5634196.1826,2946602.8184
2023/12/06 03:13:48.99,459918.555,5634197.64,2946601.6132
2023/12/06 03:13:49.99,459910.998,5634200.9012,2946600.8573
2023/12/06 03:13:50.99,459903.3689,5634200.6969,2946598.9558
2023/12/06 03:13:51.99,459895.5928,5634202.203,2946594.6823
2023/12/06 03:13:52.99,459888.8724,5634203.7686,2946596.0536
2023/12/06 03:13:53.99,459881.7217,5634205.3794,2946594.3929
2023/12/06 03:13:54.99,459874.1144,5634207.0498,2946589.7751
2023/12/06 03:13:55.99,459867.5543,5634208.7028,2946590.8549
2023/12/06 03:13:56.99,459860.0574,5634210.3071,2946586.421
2023/12/06 03:13:57.99,459854.3946,5634211.1957,2946582.0779
2023/12/06 03:13:58.99,459844.9795,5634216.4467,2946581.7524
2023/12/06 03:13:59.99,459837.6701,5634217.9358,2946580.3595
2023/12/06 03:14:00.99,459830.2794,5634219.4875,2946578.8108
2023/12/06 03:14:01.99,459822.7927,5634221.095,2946577.1593
2023/12/06 03:14:02.99,459816.8947,5634219.4237,2946580.1833
2023/12/06 03:14:03.99,459810.4178,5634220.8107,2946578.7734
2023/12/06 03:14:04.99,459804.577,5634223.8168,2946578.0258
2023/12/06 03:14:05.99,459799.6415,5634223.0881,2946576.4619
2023/12/06 03:14:06.99,459795.5078,5634224.0171,2946575.4385
2023/12/06 03:14:07.99,459791.513,5634224.7674,2946571.7891
2023/12/06 03:14:08.99,459788.9158,5634225.3721,2946574.011
2023/12/06 03:14:09.99,459786.3268,5634225.8924,2946573.4254
2023/12/06 03:14:10.99,459784.4655,5634228.1241,2946573.4575
2023/12/06 03:14:11.99,459782.4746,5634226.7597,2946572.5276
2023/12/06 03:14:12.99,459780.8588,5634227.1001,2946572.1267
2023/12/06 03:14:13.99,459778.9151,5634227.4475,2946568.8993
2023/12/06 03:14:14.99,459778.0676,5634227.7408,2946571.4102
2023/12/06 03:14:15.99,459776.9052,5634228.0177,2946571.1154
2023/12/06 03:14:16.99,459775.8925,5634228.2336,2946570.8339
2023/12/06 03:14:17.99,459774.5837,5634228.4598,2946567.7508
2023/12/06 03:14:18.99,459774.3008,5634228.6218,2946570.4022
2023/12/06 03:14:19.99,459769.7597,5634232.3338,2946568.2813
2023/12/06 03:14:20.99,459770.5452,5634229.3715,2946566.6685
2023/12/06 03:14:21.99,459769.1186,5634231.5631,2946569.448
2023/12/06 03:14:22.99,459766.409,5634230.3454,2946565.5562
2023/12/06 03:14:23.99,459764.2893,5634230.898,2946567.7244
2023/12/06 03:14:24.99,459763.4676,5634219.6202,2946559.0729
2023/12/06 03:14:25.99,459755.5028,5634228.0328,2946563.5018
2023/12/06 03:14:28.99,459744.8173,5634235.0034,2946560.6031
2023/12/06 03:14:29.99,459741.2577,5634237.7402,2946560.2823
2023/12/06 03:14:30.99,459736.4735,5634235.7239,2946558.9606
2023/12/06 03:14:31.99,459732.5863,5634236.5318,2946558.1478
2023/12/06 03:14:32.99,459729.3752,5634238.293,2946559.5952
2023/12/06 03:14:33.99,459725.2387,5634244.5826,2946557.4116
2023/12/06 03:14:34.99,459717.5655,5634243.5434,2946555.8689
2023/12/06 03:14:35.99,459712.784,5634244.5145,2946554.7844
2023/12/06 03:14:36.99,459712.9523,5634244.4176,2946553.326
2023/12/06 03:14:37.99,459703.9715,5634246.5483,2946549.4636
2023/12/06 03:14:38.99,459698.7503,5634244.6513,2946549.7726
2023/12/06 03:14:39.99,459691.4828,5634249.202,2946546.3986
2023/12/06 03:14:40.99,459684.8608,5634250.6444,2946544.6903
2023/12/06 03:14:41.99,459678.6426,5634251.9938,2946543.0785
2023/12/06 03:14:42.99,459672.6459,5634253.2793,2946541.5248
2023/12/06 03:14:43.99,459666.3523,5634254.2509,2946541.5992
2023/12/06 03:14:44.99,459660.0039,5634255.9357,2946538.5258
2023/12/06 03:14:45.99,459654.6268,5634254.0538,2946541.7284
2023/12/06 03:14:46.99,459647.8344,5634255.3224,2946540.3683
2023/12/06 03:14:47.99,459640.6096,5634256.6875,2946538.8851
2023/12/06 03:14:48.99,459632.4172,5634258.1659,2946534.4519
2023/12/06 03:14:49.99,459623.4437,5634262.9483,2946530.814
2023/12/06 03:14:50.99,459616.6836,5634261.4314,2946533.5065
2023/12/06 03:14:51.99,459607.8975,5634266.1698,2946527.1428
2023/12/06 03:14:52.99,459601.7173,5634258.9894,2946528.5883
2023/12/06 03:14:53.99,459594.6988,5634268.7808,2946524.2306
2023/12/06 03:14:54.99,459590.0673,5634269.6794,2946523.2227
2023/12/06 03:14:55.99,459586.8265,5634267.3043,2946524.0932
2023/12/06 03:14:56.99,459584.0109,5634269.607,2946526.6173
2023/12/06 03:14:57.99,459579.4894,5634271.7697,2946520.8686
2023/12/06 03:14:58.99,459576.7154,5634272.3262,2946520.2487
2023/12/06 03:14:59.99,459574.2822,5634272.8315,2946519.7141
2023/12/06 03:15:00.99,459571.983,5634273.2798,2946519.2168
2023/12/06 03:15:01.99,459569.8037,5634273.696,2946518.7574
2023/12/06 03:15:02.99,459567.4294,5634274.1536,2946518.2574
2023/12/06 03:15:03.99,459564.3833,5634274.7326,2946517.6206
2023/12/06 03:15:04.99,459560.8151,5634275.4174,2946516.8756
2023/12/06 03:15:05.99,459557.7896,5634275.9737,2946516.259
2023/12/06 03:15:06.99,459555.0626,5634276.3968,2946515.8506
2023/12/06 03:15:07.99,459552.1484,5634276.6946,2946515.6779
2023/12/06 03:15:08.99,459549.7767,5634276.8384,2946515.7504
2023/12/06 03:15:09.99,459547.6962,5634276.9488,2946515.8103
2023/12/06 03:15:10.99,459545.4178,5634277.09,2946515.8989
2023/12/06 03:15:11.99,459543.1079,5634277.1961,2946516.0228
2023/12/06 03:15:12.99,459540.6793,5634277.2997,2946516.1321
2023/12/06 03:15:13.99,459537.1948,5634277.5535,2946516.1854
2023/12/06 03:15:14.99,459532.6807,5634278.094,2946515.9212
2023/12/06 03:15:15.99,459527.6537,5634278.9568,2946515.134
2023/12/06 03:15:16.99,459522.8703,5634279.9913,2946513.9699
2023/12/06 03:15:17.99,459518.1507,5634280.9732,2946512.7742
2023/12/06 03:15:18.99,459512.8113,5634282.1342,2946511.4606
2023/12/06 03:15:19.99,459506.815,5634283.3716,2946510.0064
2023/12/06 03:15:20.99,459500.1562,5634284.7535,2946508.41
2023/12/06 03:15:21.99,459492.8119,5634286.3249,2946506.6953
2023/12/06 03:15:22.99,459487.7547,5634273.093,2946501.3633
2023/12/06 03:15:23.99,459478.2421,5634289.1936,2946503.292
2023/12/06 03:15:24.99,459471.7757,5634290.5254,2946501.895
2023/12/06 03:15:25.99,459466.5008,5634291.539,2946500.8102
2023/12/06 03:15:26.99,459462.4047,5634292.3211,2946499.9667
2023/12/06 03:15:27.99,459458.6922,5634293.0299,2946499.1714
2023/12/06 03:15:28.99,459455.4965,5634293.6976,2946498.3795
2023/12/06 03:15:29.99,459453.1537,5634294.2224,2946497.7447
2023/12/06 03:15:30.99,459451.3182,5634294.6757,2946497.219
2023/12/06 03:15:31.99,459449.711,5634295.0314,2946496.7529
2023/12/06 03:15:32.99,459448.9564,5634292.2158,2946498.0528
2023/12/06 03:15:33.99,459446.7165,5634295.6916,2946495.8813
2023/12/06 03:15:34.99,459445.7233,5634295.933,2946495.6312
2023/12/06 03:15:35.99,459445.1224,5634296.0529,2946495.4652
2023/12/06 03:15:36.99,459444.6297,5634296.134,2946495.317
2023/12/06 03:15:37.99,459443.6609,5634296.4093,2946495.1223
2023/12/06 03:15:38.99,459441.7129,5634296.7505,2946494.6221
2023/12/06 03:15:39.99,459439.329,5634297.2209,2946494.1111
2023/12/06 03:15:40.99,459436.4807,5634297.7402,2946493.4977
2023/12/06 03:15:41.99,459434.2033,5634294.3575,2946495.8448
2023/12/06 03:15:42.99,459428.2285,5634296.2338,2946494.8136
2023/12/06 03:15:43.99,459423.7986,5634295.4299,2946492.0838
2023/12/06 03:15:44.99,459418.1633,5634301.1902,2946489.6605
2023/12/06 03:15:45.99,459413.2877,5634302.1134,2946488.5978
2023/12/06 03:15:46.99,459408.0379,5634303.0827,2946487.4359
2023/12/06 03:15:47.99,459401.9181,5634304.2111,2946486.2307
2023/12/06 03:15:48.99,459395.1805,5634305.4797,2946484.7995
2023/12/06 03:15:49.99,459388.1456,5634306.9144,2946483.0731
2023/12/06 03:15:50.99,459380.6591,5634308.464,2946481.2036
2023/12/06 03:15:51.99,459372.6956,5634310.0378,2946479.2934
2023/12/06 03:15:52.99,459364.4373,5634311.6313,2946477.4098
2023/12/06 03:15:53.99,459356.5653,5634313.1631,2946475.6763
2023/12/06 03:15:54.99,459349.6945,5634314.4576,2946474.1847
2023/12/06 03:15:55.99,459343.753,5634315.5462,2946472.9148
2023/12/06 03:15:56.99,459338.5349,5634316.5312,2946471.8004
2023/12/06 03:15:57.99,459334.1325,5634317.3508,2946470.803
2023/12/06 03:15:58.99,459330.7694,5634318.1392,2946469.7705
2023/12/06 03:15:59.99,459328.344,5634318.8728,2946468.7155
2023/12/06 03:16:00.99,459326.7298,5634319.4989,2946467.6699
2023/12/06 03:16:01.99,459325.7978,5634320.1134,2946466.6138
2023/12/06 03:16:02.99,459325.4594,5634320.4919,2946465.914
2023/12/06 03:16:03.99,459325.3779,5634320.6278,2946465.6523
2023/12/06 03:16:04.99,459324.9428,5634314.0444,2946463.8264
2023/12/06 03:16:05.99,459325.3208,5634320.9359,2946465.0043
2023/12/06 03:16:06.99,459324.2709,5634325.9549,2946470.5998
2023/12/06 03:16:07.99,459325.4829,5634321.4809,2946463.9595
2023/12/06 03:16:08.99,459325.5947,5634321.5827,2946463.6987
2023/12/06 03:16:09.99,459325.6093,5634321.6082,2946463.6692
2023/12/06 03:16:10.99,459325.833,5634321.835,2946463.2641
2023/12/06 03:16:11.99,459327.4668,5634319.1213,2946464.0515
2023/12/06 03:16:12.99,459328.5127,5634322.8807,2946461.07
2023/12/06 03:16:13.99,459331.7761,5634323.2348,2946460.0629
2023/12/06 03:16:14.99,459336.3929,5634323.1907,2946459.4975
2023/12/06 03:16:15.99,459341.9683,5634322.9057,2946459.2718
2023/12/06 03:16:16.99,459348.6303,5634322.1105,2946459.8039
2023/12/06 03:16:17.99,459355.0922,5634325.8829,2946467.5103
2023/12/06 03:16:18.99,459365.8383,5634315.9065,2946464.972
2023/12/06 03:16:19.99,459373.0588,5634321.8263,2946471.373
2023/12/06 03:16:20.99,459383.0959,5634315.6052,2946467.4381
2023/12/06 03:16:21.99,459391.856,5634313.9053,2946469.4461
2023/12/06 03:16:22.99,459401.8261,5634308.9351,2946473.245
2023/12/06 03:16:23.99,459409.5014,5634315.3892,2946479.8835
2023/12/06 03:16:24.99,459421.7068,5634305.2096,2946477.5164
2023/12/06 03:16:25.99,459430.1262,5634311.4871,2946484.3288
2023/12/06 03:16:26.99,459441.7867,5634304.3922,2946480.2369
2023/12/06 03:16:27.99,459450.2997,5634298.8925,2946480.8598
2023/12/06 03:16:28.99,459461.9902,5634294.1562,2946482.1679
2023/12/06 03:16:29.99,459471.7374,5634292.5403,2946483.7338
2023/12/06 03:16:30.99,459481.0354,5634290.8613,2946485.4568
2023/12/06 03:16:31.99,459489.8446,5634289.126,2946487.3635
2023/12/06 03:16:32.99,459498.2659,5634287.4172,2946489.3334
2023/12/06 03:16:33.99,459506.3202,5634285.7637,2946491.2299
2023/12/06 03:16:34.99,459514.3921,5634290.8789,2946494.601
2023/12/06 03:16:35.99,459521.2501,5634282.6825,2946494.7548
2023/12/06 03:16:36.99,459526.7103,5634293.2003,2946504.0573
2023/12/06 03:16:37.99,459532.4242,5634291.6201,2946505.2117
2023/12/06 03:16:38.99,459537.0384,5634290.923,2946506.5469
2023/12/06 03:16:39.99,459540.7761,5634290.1511,2946507.4342
2023/12/06 03:16:40.99,459548.9708,5634271.7836,2946497.8947
2023/12/06 03:16:41.99,459546.3169,5634288.7071,2946508.5792
2023/12/06 03:16:42.99,459548.1763,5634288.1682,2946508.9676
2023/12/06 03:16:43.99,459549.7848,5634276.8056,2946501.6478
2023/12/06 03:16:44.99,459549.0987,5634288.5931,2946509.5129
2023/12/06 03:16:45.99,459549.0956,5634288.5893,2946509.5113
2023/12/06 03:16:46.99,459549.0984,5634288.5978,2946509.5159
2023/12/06 03:16:47.99,459549.0954,5634288.6013,2946509.5141
2023/12/06 03:16:48.99,459549.1561,5634288.5838,2946509.5268
2023/12/06 03:16:49.99,459551.2328,5634283.2904,2946503.4811
2023/12/06 03:16:50.99,459550.9848,5634288.1824,2946509.9867
2023/12/06 03:16:51.99,459551.5953,5634288.0426,2946510.1437
2023/12/06 03:16:52.99,459551.5898,5634288.0419,2946510.1443
2023/12/06 03:16:53.99,459551.5871,5634288.0333,2946510.144
2023/12/06 03:16:54.99,459551.5905,5634288.0476,2946510.1486
2023/12/06 03:16:55.99,459552.025,5634287.9613,2946510.2488
2023/12/06 03:16:56.99,459552.7601,5634287.8476,2946510.3856
2023/12/06 03:16:57.99,459553.5596,5634287.726,2946510.502
2023/12/06 03:16:58.99,459554.5354,5634287.5828,2946510.6571
2023/12/06 03:16:59.99,459555.4188,5634287.4453,2946510.8158
2023/12/06 03:17:00.99,459555.9288,5634287.3361,2946510.9001
2023/12/06 03:17:01.99,459555.9107,5634287.3547,2946510.9013
2023/12/06 03:17:02.99,459555.9411,5634287.341,2946510.9033
2023/12/06 03:17:03.99,459556.3419,5634287.2623,2946510.9904
2023/12/06 03:17:04.99,459556.754,5634287.1806,2946511.0874
2023/12/06 03:17:05.99,459557.0784,5634287.107,2946511.1613
2023/12/06 03:17:06.99,459557.5114,5634287.0078,2946511.2633
2023/12/06 03:17:07.99,459558.1812,5634286.8729,2946511.4063
2023/12/06 03:17:08.99,459559.041,5634286.7263,2946511.5976
2023/12/06 03:17:09.99,459562.5974,5634278.2048,2946507.3063
2023/12/06 03:17:10.99,459562.8709,5634286.0055,2946512.041
2023/12/06 03:17:11.99,459564.9019,5634285.6483,2946512.4467
2023/12/06 03:17:12.99,459567.1332,5634284.8809,2946512.8258
2023/12/06 03:17:13.99,459569.8558,5634284.5594,2946513.6245
2023/12/06 03:17:14.99,459573.2088,5634284.0273,2946514.4932
2023/12/06 03:17:15.99,459576.8659,5634283.3366,2946515.2857
2023/12/06 03:17:16.99,459580.5305,5634282.6234,2946516.0247
2023/12/06 03:17:17.99,459584.1554,5634281.9231,2946516.7726
2023/12/06 03:17:18.99,459587.4447,5634281.2837,2946517.4863
2023/12/06 03:17:19.99,459590.1081,5634280.7417,2946518.0586
2023/12/06 03:17:20.99,459592.3233,5634280.3331,2946518.6048
2023/12/06 03:17:21.99,459594.3914,5634279.9005,2946519.1126
2023/12/06 03:17:22.99,459596.6508,5634279.4166,2946519.6695
2023/12/06 03:17:23.99,459599.2556,5634278.9044,2946520.2727
2023/12/06 03:17:24.99,459602.0752,5634278.362,2946520.8923
2023/12/06 03:17:25.99,459604.5717,5634277.8721,2946521.4012
2023/12/06 03:17:26.99,459610.5334,5634258.8058,2946512.8011
2023/12/06 03:17:27.99,459609.9085,5634276.9146,2946522.4601
2023/12/06 03:17:28.99,459612.5504,5634276.4254,2946522.9265
2023/12/06 03:17:29.99,459614.586,5634276.0326,2946523.3289
2023/12/06 03:17:30.99,459616.6399,5634275.6256,2946523.7765
2023/12/06 03:17:31.99,459619.3673,5634275.0886,2946524.3663
2023/12/06 03:17:32.99,459623.1244,5634274.3574,2946525.1646
2023/12/06 03:17:33.99,459628.1158,5634273.4077,2946526.225
2023/12/06 03:17:34.99,459634.0887,5634272.1961,2946527.6312
2023/12/06 03:17:35.99,459640.1129,5634270.9406,2946529.12
2023/12/06 03:17:36.99,459645.9969,5634269.6907,2946530.5571
2023/12/06 03:17:37.99,459651.9412,5634268.4737,2946531.916
2023/12/06 03:17:38.99,459658.6679,5634267.1086,2946533.4338
2023/12/06 03:17:39.99,459665.8119,5634265.6518,2946535.0813
2023/12/06 03:17:40.99,459672.5056,5634264.3028,2946536.6327
2023/12/06 03:17:41.99,459678.8993,5634262.9653,2946538.1668
2023/12/06 03:17:42.99,459685.3552,5634261.5624,2946539.8337
2023/12/06 03:17:43.99,459692.2162,5634259.9803,2946541.7914
2023/12/06 03:17:44.99,459699.0284,5634258.378,2946543.7854
2023/12/06 03:17:45.99,459705.385,5634256.96,2946545.5512
2023/12/06 03:17:46.99,459711.0596,5634255.7387,2946546.9603
2023/12/06 03:17:47.99,459715.6007,5634254.7493,2946547.9887
2023/12/06 03:17:48.99,459719.7889,5634253.9202,2946548.9114
2023/12/06 03:17:49.99,459723.9045,5634253.0293,2946549.6854
2023/12/06 03:17:50.99,459727.7413,5634252.2942,2946550.4754
2023/12/06 03:17:51.99,459733.7542,5634241.3308,2946546.3001
2023/12/06 03:17:52.99,459735.752,5634250.7385,2946552.2814
2023/12/06 03:17:53.99,459740.077,5634249.8006,2946553.366
2023/12/06 03:17:54.99,459746.5399,5634238.707,2946549.6377
2023/12/06 03:17:55.99,459749.1655,5634247.6193,2946555.8173
2023/12/06 03:17:58.99,459765.5864,5634244.2871,2946559.073
2023/12/06 03:17:59.99,459771.5571,5634237.3116,2946559.0867
2023/12/06 03:18:00.99,459777.7842,5634236.0354,2946560.3818
2023/12/06 03:18:01.99,459783.5942,5634234.8444,2946561.5792
2023/12/06 03:18:02.99,459789.3866,5634238.9478,2946565.5539
2023/12/06 03:18:03.99,459794.2338,5634237.8418,2946566.6928
2023/12/06 03:18:04.99,459798.1124,5634237.0302,2946567.6988
2023/12/06 03:18:05.99,459799.8035,5634238.1104,2946568.7053
2023/12/06 03:18:06.99,459803.7239,5634235.8546,2946568.864
2023/12/06 03:18:07.99,459805.8736,5634235.4079,2946569.3061
2023/12/06 03:18:08.99,459807.9333,5634234.9951,2946569.7525
2023/12/06 03:18:09.99,459809.8534,5634234.5691,2946570.2131
2023/12/06 03:18:10.99,459811.7145,5634234.167,2946570.6573
2023/12/06 03:18:11.99,459813.4356,5634233.7984,2946571.043
2023/12/06 03:18:12.99,459814.6221,5634233.5679,2946571.304
2023/12/06 03:18:13.99,459815.6546,5634233.3561,2946571.5124
2023/12/06 03:18:14.99,459816.6617,5634233.1898,2946571.7112
2023/12/06 03:18:15.99,459817.6606,5634232.9393,2946571.9145
2023/12/06 03:18:16.99,459818.8967,5634232.6746,2946572.1979
2023/12/06 03:18:17.99,459820.7042,5634232.2854,2946572.6353
2023/12/06 03:18:18.99,459823.1573,5634231.7395,2946573.2193
2023/12/06 03:18:19.99,459826.2359,5634231.0745,2946573.9457
2023/12/06 03:18:20.99,459829.8472,5634230.291,2946574.778
2023/12/06 03:18:21.99,459833.6075,5634229.4442,2946575.6491
2023/12/06 03:18:22.99,459837.4551,5634228.604,2946576.5561
2023/12/06 03:18:23.99,459841.1891,5634227.7024,2946577.4746
2023/12/06 03:18:24.99,459844.8581,5634226.8543,2946578.4173
2023/12/06 03:18:25.99,459848.6726,5634226.0163,2946579.2793
2023/12/06 03:18:26.99,459852.6728,5634225.182,2946580.091
2023/12/06 03:18:27.99,459857.1212,5634224.2882,2946580.9499
2023/12/06 03:18:28.99,459862.1787,5634223.2557,2946581.8739
2023/12/06 03:18:29.99,459867.8521,5634222.1084,2946582.8867
2023/12/06 03:18:30.99,459874.1155,5634220.8074,2946584.0357
2023/12/06 03:18:31.99,459880.3719,5634219.4877,2946585.2221
2023/12/06 03:18:32.99,459886.5961,5634218.1881,2946586.4554
2023/12/06 03:18:33.99,459893.3754,5634216.7329,2946587.9242
2023/12/06 03:18:34.99,459900.3572,5634215.1418,2946589.5906
2023/12/06 03:18:35.99,459907.308,5634213.504,2946591.2599
2023/12/06 03:18:36.99,459914.3763,5634211.8305,2946592.9638
2023/12/06 03:18:37.99,459921.6495,5634210.108,2946594.7722
2023/12/06 03:18:38.99,459929.6278,5634208.217,2946596.7384
2023/12/06 03:18:39.99,459937.9669,5634206.1794,2946598.8038
2023/12/06 03:18:40.99,459946.6253,5634204.1721,2946600.7645
2023/12/06 03:18:41.99,459955.6931,5634202.2515,2946602.4189
2023/12/06 03:18:42.99,459965.0691,5634200.3464,2946603.9777
2023/12/06 03:18:43.99,459974.496,5634198.3809,2946605.7581
2023/12/06 03:18:44.99,459983.6978,5634196.2777,2946607.6237
2023/12/06 03:18:45.99,459992.8621,5634194.172,2946609.6087
2023/12/06 03:18:46.99,460002.1325,5634192.0114,2946611.6682
2023/12/06 03:18:47.99,460011.3398,5634189.8889,2946613.62
2023/12/06 03:18:48.99,460023.6366,5634175.3066,2946609.1606
2023/12/06 03:18:49.99,460029.2258,5634185.8618,2946617.3302
2023/12/06 03:18:50.99,460037.9371,5634183.8974,2946619.1512
2023/12/06 03:18:51.99,460046.4771,5634181.9261,2946620.9929
2023/12/06 03:18:52.99,460054.8755,5634179.9689,2946622.8359
2023/12/06 03:18:53.99,460063.1819,5634178.0339,2946624.5401
2023/12/06 03:18:54.99,460071.6062,5634176.0917,2946626.1353
2023/12/06 03:18:55.99,460080.3383,5634174.114,2946627.7826
2023/12/06 03:18:56.99,460089.0959,5634172.1688,2946629.507
2023/12/06 03:18:57.99,460097.6924,5634170.2892,2946631.295
2023/12/06 03:18:58.99,460106.1264,5634168.3897,2946633.096
2023/12/06 03:18:59.99,460117.7229,5634153.9119,2946628.6893
2023/12/06 03:19:00.99,460122.5266,5634164.5103,2946637.0343
2023/12/06 03:19:01.99,460130.3609,5634162.6016,2946639.1399
2023/12/06 03:19:02.99,460138.0289,5634160.6027,2946641.2261
2023/12/06 03:19:03.99,460145.5499,5634158.662,2946643.3223
2023/12/06 03:19:04.99,460156.9082,5634147.326,2946643.2708
2023/12/06 03:19:05.99,460161.5452,5634154.8127,2946647.557
2023/12/06 03:19:06.99,460169.0061,5634147.4736,2946647.8068
2023/12/06 03:19:07.99,460177.0393,5634150.6943,2946652.163
2023/12/06 03:19:08.99,460184.5494,5634148.5709,2946654.479
2023/12/06 03:19:09.99,460192.081,5634146.5163,2946656.763
2023/12/06 03:19:10.99,460199.7688,5634144.415,2946659.058
2023/12/06 03:19:11.99,460207.5985,5634142.2133,2946661.5292
2023/12/06 03:19:12.99,460215.5151,5634139.8934,2946664.1762
2023/12/06 03:19:13.99,460223.4396,5634137.4906,2946666.9855
2023/12/06 03:19:14.99,460231.2143,5634134.9937,2946669.9439
2023/12/06 03:19:15.99,460241.0595,5634124.0156,2946668.4861
2023/12/06 03:19:16.99,460250.3045,5634119.9461,2946673.691
2023/12/06 03:19:17.99,460254.2251,5634127.3433,2946679.0914
2023/12/06 03:19:18.99,460261.3202,5634125.0358,2946681.9983
2023/12/06 03:19:19.99,460267.8663,5634122.8797,2946684.719
2023/12/06 03:19:20.99,460276.2338,5634112.3479,2946682.8637
2023/12/06 03:19:21.99,460283.7173,5634109.2677,2946687.8917
2023/12/06 03:19:22.99,460289.6514,5634107.1882,2946690.4768
2023/12/06 03:19:23.99,460294.0009,5634106.3007,2946690.7078
2023/12/06 03:19:24.99,460300.9507,5634103.3532,2946695.6965
2023/12/06 03:19:25.99,460302.4353,5634105.6192,2946698.3743
2023/12/06 03:19:26.99,460310.1264,5634100.6749,2946698.3534
2023/12/06 03:19:27.99,460316.2101,5634097.9604,2946703.1182
2023/12/06 03:19:28.99,460320.9308,5634097.0647,2946700.3388
2023/12/06 03:19:29.99,460320.9981,5634099.0554,2946707.6277
2023/12/06 03:19:30.99,460329.5329,5634092.9544,2946709.3161
2023/12/06 03:19:31.99,460330.4987,5634095.9254,2946711.9114
2023/12/06 03:19:32.99,460338.3797,5634091.2484,2946711.3513
2023/12/06 03:19:33.99,460345.4862,5634088.8927,2946715.3457
2023/12/06 03:19:34.99,460351.6227,5634087.5929,2946716.7806
2023/12/06 03:19:35.99,460356.8709,5634087.2659,2946715.9707
2023/12/06 03:19:36.99,460363.7944,5634085.7754,2946717.7565
2023/12/06 03:19:37.99,460370.6643,5634084.1793,2946719.8449
2023/12/06 03:19:38.99,460378.3522,5634074.5668,2946721.6793
2023/12/06 03:19:39.99,460384.3595,5634080.3615,2946725.1266
2023/12/06 03:19:40.99,460390.8799,5634077.2304,2946727.3413
2023/12/06 03:19:45.99,460421.5972,5634066.1577,2946743.7905
2023/12/06 03:19:46.99,460424.3965,5634066.622,2946746.2399
2023/12/06 03:19:47.99,460427.2211,5634065.5741,2946747.6246
2023/12/06 03:19:48.99,460431.5945,5634066.3984,2946749.5237
2023/12/06 03:19:49.99,460432.3539,5634066.1698,2946749.8577
2023/12/06 03:19:50.99,460433.0593,5634063.4438,2946750.1897
2023/12/06 03:19:51.99,460433.0792,5634063.4296,2946750.193
2023/12/06 03:19:52.99,460429.2297,5634067.5816,2946750.3681
2023/12/06 03:19:53.99,460433.209,5634063.3881,2946750.2541
2023/12/06 03:19:54.99,460433.4482,5634062.9106,2946750.0762
2023/12/06 03:19:55.99,460433.5284,5634062.8797,2946750.109
2023/12/06 03:19:56.99,460433.4364,5634063.3308,2946750.36
2023/12/06 03:19:57.99,460433.693,5634062.8366,2946750.1924
2023/12/06 03:19:58.99,460434.5434,5634062.5442,2946750.5649
2023/12/06 03:19:59.99,460432.3819,5634066.5087,2946751.909
2023/12/06 03:20:00.99,460438.3092,5634061.12,2946752.6416
2023/12/06 03:20:01.99,460438.9068,5634061.7709,2946751.7897
2023/12/06 03:20:02.99,460439.5204,5634062.8477,2946754.564
2023/12/06 03:20:03.99,460447.0422,5634057.6349,2946757.772
2023/12/06 03:20:04.99,460451.2998,5634056.0272,2946760.0601
2023/12/06 03:20:05.99,460455.6171,5634054.5013,2946762.2751
2023/12/06 03:20:06.99,460459.6453,5634053.4713,2946764.6099
2023/12/06 03:20:07.99,460464.1074,5634051.505,2946766.6247
2023/12/06 03:20:08.99,460467.2673,5634051.4087,2946766.9425
2023/12/06 03:20:09.99,460469.9329,5634052.6809,2946772.1085
2023/12/06 03:20:10.99,460479.5501,5634046.6508,2946774.7091
2023/12/06 03:20:11.99,460485.7805,5634044.6339,2946777.541
2023/12/06 03:20:12.99,460491.2371,5634040.531,2946776.0071
2023/12/06 03:20:13.99,460499.5687,5634040.1209,2946783.9306
2023/12/06 03:20:14.99,460506.1276,5634036.99,2946784.7344
2023/12/06 03:20:15.99,460510.8298,5634037.9572,2946789.9635
2023/12/06 03:20:16.99,460522.5703,5634029.2746,2946792.1125
2023/12/06 03:20:17.99,460530.4894,5634026.8745,2946796.0313
2023/12/06 03:20:18.99,460538.5117,5634026.3418,2946802.5958
2023/12/06 03:20:19.99,460546.6952,5634023.6071,2946806.4768
2023/12/06 03:20:20.99,460554.7572,5634021.294,2946810.6577
2023/12/06 03:20:21.99,460563.1873,5634017.9788,2946814.4535
2023/12/06 03:20:22.99,460571.4705,5634015.0755,2946818.5689
2023/12/06 03:20:23.99,460578.2547,5634013.7267,2946820.5249
2023/12/06 03:20:24.99,460588.0666,5634009.4529,2946826.6337
2023/12/06 03:20:25.99,460596.2226,5634006.7524,2946830.4775
2023/12/06 03:20:26.99,460604.2062,5634004.0477,2946834.2842
2023/12/06 03:20:27.99,460611.8649,5634001.4284,2946838.0515
2023/12/06 03:20:28.99,460619.3108,5633999.3296,2946841.9952
2023/12/06 03:20:29.99,460627.1159,5633996.2491,2946845.4594
2023/12/06 03:20:30.99,460633.2781,5633995.1425,2946847.0656
2023/12/06 03:20:31.99,460642.5751,5633990.9326,2946853.0548
2023/12/06 03:20:32.99,460650.4606,5633988.2179,2946856.8628
2023/12/06 03:20:33.99,460658.3118,5633985.5753,2946860.6806
2023/12/06 03:20:34.99,460664.5088,5633981.7375,2946860.0193
2023/12/06 03:20:35.99,460673.2567,5633980.5706,2946867.7123
2023/12/06 03:20:36.99,460680.6938,5633978.0824,2946871.2209
2023/12/06 03:20:37.99,460688.2416,5633975.4999,2946874.873
2023/12/06 03:20:38.99,460694.3152,5633974.3925,2946876.4651
2023/12/06 03:20:39.99,460703.4346,5633970.2501,2946882.4203
2023/12/06 03:20:40.99,460709.5355,5633969.1508,2946884.0238
2023/12/06 03:20:41.99,460718.7476,5633965.0311,2946889.8875
2023/12/06 03:20:42.99,460726.4437,5633962.4948,2946893.5536
2023/12/06 03:20:43.99,460734.1548,5633959.9805,2946897.1823
2023/12/06 03:20:44.99,460741.8615,5633957.4877,2946900.7695
2023/12/06 03:20:45.99,460749.5659,5633954.9673,2946904.3688
2023/12/06 03:20:46.99,460755.8604,5633951.1494,2946903.734
2023/12/06 03:20:47.99,460764.9045,5633949.9292,2946911.5936
2023/12/06 03:20:48.99,460772.5309,5633947.3974,2946915.2
2023/12/06 03:20:49.99,460780.131,5633944.8762,2946918.8342
2023/12/06 03:20:50.99,460786.0524,5633943.9585,2946920.2558
2023/12/06 03:20:51.99,460794.616,5633940.0824,2946925.8781
2023/12/06 03:20:52.99,460801.2575,5633937.8204,2946929.1955
2023/12/06 03:20:53.99,460806.0385,5633937.213,2946930.1612
2023/12/06 03:20:54.99,460812.0708,5633935.2524,2946933.0296
2023/12/06 03:20:55.99,460818.924,5633932.0355,2946937.7156
2023/12/06 03:20:56.99,460823.3818,5633931.8135,2946934.9056
2023/12/06 03:20:57.99,460826.3144,5633929.5941,2946941.2243
2023/12/06 03:20:58.99,460828.452,5633928.5671,2946942.8483
2023/12/06 03:20:59.99,460828.2272,5633926.3642,2946940.1567
2023/12/06 03:21:00.99,460829.9818,5633928.2517,2946940.6313
2023/12/06 03:21:01.99,460829.9798,5633927.9326,2946941.2208
2023/12/06 03:21:02.99,460829.9396,5633927.8141,2946941.4947
2023/12/06 03:21:03.99,460829.8452,5633926.6014,2946946.3275
2023/12/06 03:21:04.99,460829.9442,5633923.8195,2946943.9167
2023/12/06 03:21:05.99,460827.4647,5633927.2477,2946944.2262
2023/12/06 03:21:06.99,460827.685,5633924.5012,2946943.9238
2023/12/06 03:21:07.99,460827.2684,5633924.2846,2946944.4719
2023/12/06 03:21:08.99,460826.1471,5633926.546,2946945.9312
2023/12/06 03:21:09.99,460825.8888,5633921.2743,2946948.9878
2023/12/06 03:21:10.99,460825.202,5633921.1316,2946949.3841
2023/12/06 03:21:11.99,460824.3183,5633921.0325,2946949.7753
2023/12/06 03:21:12.99,460822.8316,5633920.9021,2946950.2795
2023/12/06 03:21:13.99,460820.6709,5633920.8697,2946950.706
2023/12/06 03:21:14.99,460819.3257,5633922.3705,2946948.6425
2023/12/06 03:21:15.99,460813.566,5633921.6645,2946950.2643
2023/12/06 03:21:16.99,460807.9163,5633928.0766,2946947.9264
2023/12/06 03:21:17.99,460803.1206,5633929.5717,2946945.8143
2023/12/06 03:21:18.99,460798.3927,5633931.0621,2946941.5929
2023/12/06 03:21:19.99,460792.0784,5633933.222,2946938.3718
2023/12/06 03:21:20.99,460784.8507,5633935.783,2946934.4991
2023/12/06 03:21:21.99,460776.6835,5633938.6063,2946930.2719
2023/12/06 03:21:22.99,460767.4054,5633941.7377,2946927.7586
2023/12/06 03:21:23.99,460759.6484,5633944.2217,2946922.111
2023/12/06 03:21:24.99,460750.4347,5633947.1832,2946919.9009
2023/12/06 03:21:25.99,460742.9064,5633949.5954,2946914.3493
2023/12/06 03:21:26.99,460734.3475,5633952.4702,2946912.2549
2023/12/06 03:21:27.99,460727.8698,5633954.5924,2946907.1287
2023/12/06 03:21:28.99,460720.8086,5633956.9315,2946905.8924
2023/12/06 03:21:29.99,460715.4391,5633958.6647,2946903.4623
2023/12/06 03:21:30.99,460711.2831,5633959.9743,2946899.5667
2023/12/06 03:21:31.99,460706.5156,5633961.593,2946899.2923
2023/12/06 03:21:32.99,460703.483,5633962.6568,2946897.7827
2023/12/06 03:21:33.99,460701.8859,5633962.7847,2946894.6156
2023/12/06 03:21:34.99,460699.4336,5633964.0863,2946895.6727
2023/12/06 03:21:35.99,460701.1595,5633962.9923,2946896.6847
2023/12/06 03:21:36.99,460698.7084,5633964.4443,2946893.0791
2023/12/06 03:21:37.99,460697.8065,5633964.7869,2946894.6426
2023/12/06 03:21:38.99,460698.5642,5633964.5145,2946892.992
2023/12/06 03:21:39.99,460697.8119,5633964.7832,2946894.6465
2023/12/06 03:21:40.99,460697.812,5633964.7778,2946894.6436
2023/12/06 03:21:41.99,460697.8113,5633964.7848,2946894.6455
2023/12/06 03:21:42.99,460697.8117,5633964.7802,2946894.6437
2023/12/06 03:21:43.99,460697.812,5633964.7792,2946894.6437
2023/12/06 03:21:44.99,460697.8087,5633964.7885,2946894.6491
2023/12/06 03:21:45.99,460698.5654,5633964.5178,2946892.9934
2023/12/06 03:21:46.99,460700.522,5633963.2646,2946896.2641
2023/12/06 03:21:47.99,460698.5714,5633964.5208,2946892.9984
2023/12/06 03:21:48.99,460698.4929,5633964.5347,2946892.9415
2023/12/06 03:21:49.99,460699.9056,5633963.5465,2946895.8379
2023/12/06 03:21:50.99,460697.7,5633960.0488,2946894.5802
2023/12/06 03:21:51.99,460698.4961,5633964.1996,2946894.813
2023/12/06 03:21:52.99,460695.384,5633965.9588,2946890.8015
2023/12/06 03:21:53.99,460693.8297,5633966.5981,2946889.8674
2023/12/06 03:21:54.99,460692.4084,5633962.2167,2946891.377
2023/12/06 03:21:55.99,460689.3581,5633968.251,2946889.5216
2023/12/06 03:21:56.99,460688.3375,5633963.7493,2946889.1353
2023/12/06 03:21:57.99,460684.5393,5633970.1098,2946886.7927
2023/12/06 03:21:58.99,460682.1178,5633970.9288,2946885.6503
2023/12/06 03:21:59.99,460680.9143,5633966.3172,2946885.4868
2023/12/06 03:22:00.99,460677.2583,5633972.3792,2946881.6055
2023/12/06 03:22:01.99,460674.0696,5633968.3632,2946882.6507
2023/12/06 03:22:02.99,460670.0419,5633969.568,2946881.0008
2023/12/06 03:22:03.99,460664.3113,5633976.3449,2946878.18
2023/12/06 03:22:04.99,460660.0469,5633977.7502,2946874.1662
2023/12/06 03:22:05.99,460654.7929,5633974.4396,2946873.933
2023/12/06 03:22:06.99,460647.4635,5633982.0165,2946870.1337
2023/12/06 03:22:07.99,460642.0975,5633983.8472,2946865.5028
2023/12/06 03:22:08.99,460635.1959,5633986.2147,2946864.1735
2023/12/06 03:22:09.99,460629.2526,5633988.3125,2946861.1592
2023/12/06 03:22:10.99,460623.4841,5633990.3262,2946858.2117
2023/12/06 03:22:11.99,460618.7565,5633986.9083,2946856.1012
2023/12/06 03:22:12.99,460611.6738,5633994.4089,2946852.3916
2023/12/06 03:22:13.99,460605.9333,5633996.3045,2946847.6217
2023/12/06 03:22:14.99,460598.363,5633998.8844,2946846.0152
2023/12/06 03:22:15.99,460591.6832,5634001.1993,2946842.7092
2023/12/06 03:22:16.99,460585.1585,5634003.4942,2946839.4664
2023/12/06 03:22:17.99,460578.5613,5634005.6526,2946834.355
2023/12/06 03:22:18.99,460569.5458,5634008.7073,2946832.0503
2023/12/06 03:22:19.99,460562.4101,5634006.1046,2946828.7188
2023/12/06 03:22:20.99,460553.833,5634014.1046,2946822.2796
2023/12/06 03:22:21.99,460545.0417,5634017.1658,2946819.9888
2023/12/06 03:22:22.99,460538.2573,5634014.4039,2946816.9341
2023/12/06 03:22:23.99,460529.9323,5634022.2305,2946810.7274
2023/12/06 03:22:24.99,460523.9461,5634014.6326,2946803.4225
2023/12/06 03:22:25.99,460513.4349,5634027.759,2946804.9852
2023/12/06 03:22:26.99,460506.6563,5634030.0035,2946799.7485
2023/12/06 03:22:27.99,460498.5857,5634032.7437,2946797.8887
2023/12/06 03:22:28.99,460491.2338,5634035.2206,2946794.326
2023/12/06 03:22:29.99,460483.9242,5634037.7263,2946790.7447
2023/12/06 03:22:30.99,460477.763,5634039.8494,2946785.6855
2023/12/06 03:22:31.99,460473.0963,5634031.5673,2946778.552
2023/12/06 03:22:32.99,460465.0931,5634039.1472,2946781.6286
2023/12/06 03:22:33.99,460458.0478,5634046.6792,2946777.8683
2023/12/06 03:22:34.99,460453.5017,5634047.8303,2946773.2992
2023/12/06 03:22:35.99,460447.486,5634050.278,2946772.7441
2023/12/06 03:22:36.99,460442.8261,5634051.81,2946770.5595
2023/12/06 03:22:37.99,460438.6735,5634053.1039,2946768.7186
2023/12/06 03:22:38.99,460434.9389,5634054.2268,2946767.0858
2023/12/06 03:22:39.99,460431.4289,5634055.3176,2946765.5793
2023/12/06 03:22:40.99,460428.0295,5634056.3648,2946764.0823
2023/12/06 03:22:41.99,460427.4546,5634046.5307,2946757.137
2023/12/06 03:22:42.99,460424.0196,5634047.611,2946755.6368
2023/12/06 03:22:43.99,460417.5505,5634059.6659,2946759.4443
2023/12/06 03:22:44.99,460416.5102,5634050.1034,2946752.1522
2023/12/06 03:22:45.99,460409.7561,5634062.7583,2946755.9566
2023/12/06 03:22:46.99,460406.4104,5634063.4957,2946753.9655
2023/12/06 03:22:47.99,460402.9308,5634064.7054,2946752.2509
2023/12/06 03:22:48.99,460399.4658,5634065.8875,2946750.5492
2023/12/06 03:22:49.99,460398.8641,5634056.1915,2946743.375
2023/12/06 03:22:50.99,460395.4887,5634057.38,2946741.6342
2023/12/06 03:22:51.99,460391.987,5634058.5103,2946740.029
2023/12/06 03:22:52.99,460388.1201,5634059.6796,2946738.4088
2023/12/06 03:22:53.99,460383.8196,5634060.9628,2946736.5918
2023/12/06 03:22:54.99,460379.1921,5634062.3935,2946734.5805
2023/12/06 03:22:55.99,460374.9036,5634063.7384,2946732.6436
2023/12/06 03:22:56.99,460370.7466,5634065.0485,2946730.7306
2023/12/06 03:22:57.99,460366.7066,5634066.4055,2946728.79
2023/12/06 03:22:58.99,460362.9704,5634067.6621,2946727.0153
2023/12/06 03:22:59.99,460359.2808,5634068.8719,2946725.2621
2023/12/06 03:23:00.99,460355.6986,5634070.0955,2946723.4983
2023/12/06 03:23:01.99,460352.1983,5634071.3002,2946721.7362
2023/12/06 03:23:02.99,460348.7679,5634072.4748,2946720.0563
2023/12/06 03:23:03.99,460345.4855,5634073.5857,2946718.4548
2023/12/06 03:23:04.99,460342.5613,5634074.5842,2946717.0251
2023/12/06 03:23:05.99,460340.3314,5634075.3621,2946715.9374
2023/12/06 03:23:06.99,460338.4531,5634076.0072,2946715.0213
2023/12/06 03:23:07.99,460336.4734,5634076.6723,2946714.0313
2023/12/06 03:23:08.99,460330.9064,5634088.5146,2946718.0637
2023/12/06 03:23:09.99,460330.2178,5634078.8643,2946710.8818
2023/12/06 03:23:10.99,460325.7537,5634080.2127,2946709.0467
2023/12/06 03:23:11.99,460317.496,5634092.7561,2946712.2853
2023/12/06 03:23:12.99,460314.7604,5634083.6547,2946704.4001
2023/12/06 03:23:13.99,460309.5041,5634085.4149,2946701.88
2023/12/06 03:23:14.99,460301.4117,5634098.1051,2946704.8083
2023/12/06 03:23:15.99,460298.3402,5634089.291,2946696.6001
2023/12/06 03:23:16.99,460288.7799,5634102.9103,2946699.2852
2023/12/06 03:23:17.99,460284.7849,5634093.9063,2946690.3525
2023/12/06 03:23:18.99,460275.3527,5634107.1128,2946690.7549
2023/12/06 03:23:19.99,460269.7114,5634099.1185,2946683.5004
2023/12/06 03:23:20.99,460258.8881,5634112.7095,2946685.513
2023/12/06 03:23:21.99,460251.0369,5634115.1973,2946682.1008
2023/12/06 03:23:22.99,460243.2369,5634117.9173,2946678.834
2023/12/06 03:23:23.99,460238.3751,5634109.6458,2946670.3066
2023/12/06 03:23:24.99,460228.0208,5634122.9476,2946672.9217
2023/12/06 03:23:25.99,460221.5799,5634124.4715,2946668.3826
2023/12/06 03:23:26.99,460215.0259,5634133.137,2946668.9846
2023/12/06 03:23:27.99,460205.7777,5634129.4207,2946665.0615
2023/12/06 03:23:28.99,460198.1617,5634132.012,2946662.517
2023/12/06 03:23:29.99,460193.3169,5634123.4987,2946654.3802
2023/12/06 03:23:30.99,460185.533,5634125.7862,2946651.7537
2023/12/06 03:23:31.99,460177.6777,5634128.0368,2946649.2252
2023/12/06 03:23:32.99,460169.9224,5634130.1259,2946646.8449
2023/12/06 03:23:33.99,460162.1187,5634132.1347,2946644.6361
2023/12/06 03:23:34.99,460154.336,5634133.9888,2946642.5624
2023/12/06 03:23:35.99,460146.462,5634135.8613,2946640.5204
2023/12/06 03:23:36.99,460138.5196,5634137.8236,2946638.5536
2023/12/06 03:23:37.99,460130.4572,5634139.8088,2946636.567
2023/12/06 03:23:38.99,460122.2906,5634141.7675,2946634.5937
2023/12/06 03:23:39.99,460114.0074,5634143.7534,2946632.6205
2023/12/06 03:23:40.99,460105.6471,5634145.7479,2946630.6616
2023/12/06 03:23:41.99,460097.2196,5634147.7722,2946628.7016
2023/12/06 03:23:42.99,460088.7505,5634149.7566,2946626.7673
2023/12/06 03:23:43.99,460080.3605,5634151.7615,2946624.8471
2023/12/06 03:23:44.99,460071.9867,5634153.8252,2946622.9743
2023/12/06 03:23:45.99,460063.6046,5634155.9315,2946621.1221
2023/12/06 03:23:46.99,460053.061,5634168.6114,2946623.0053
2023/12/06 03:23:47.99,460044.324,5634170.2642,2946620.6953
2023/12/06 03:23:48.99,460036.8448,5634162.3524,2946614.9341
2023/12/06 03:23:49.99,460027.2169,5634164.6002,2946612.7665
2023/12/06 03:23:50.99,460015.3334,5634177.4812,2946614.5074
2023/12/06 03:23:51.99,460004.4242,5634180.442,2946614.4321
2023/12/06 03:23:52.99,459997.3015,5634171.1627,2946606.9258
2023/12/06 03:23:53.99,459987.029,5634173.2561,2946605.1534
2023/12/06 03:23:54.99,459975.3723,5634182.8947,2946605.9464
2023/12/06 03:23:55.99,459965.1746,5634193.1423,2946609.8778
2023/12/06 03:23:56.99,459953.9879,5634191.041,2946605.2873
2023/12/06 03:23:57.99,459944.6891,5634192.619,2946603.1896
2023/12/06 03:23:58.99,459935.3713,5634194.5461,2946601.4859
2023/12/06 03:23:59.99,459925.9621,5634196.8591,2946600.2263
2023/12/06 03:24:00.99,459916.9195,5634197.9905,2946598.685
2023/12/06 03:24:01.99,459907.6341,5634200.2001,2946597.525
2023/12/06 03:24:02.99,459898.6763,5634201.9316,2946595.7759
2023/12/06 03:24:03.99,459889.8622,5634203.9151,2946593.8534
2023/12/06 03:24:04.99,459881.381,5634205.6529,2946591.4019
2023/12/06 03:24:05.99,459872.7909,5634207.7426,2946589.0595
2023/12/06 03:24:06.99,459864.0066,5634210.3039,2946587.142
2023/12/06 03:24:07.99,459854.2493,5634220.4652,2946588.8986
2023/12/06 03:24:08.99,459846.709,5634213.2416,2946583.2075
2023/12/06 03:24:09.99,459840.7813,5634204.0382,2946576.108
2023/12/06 03:24:10.99,459830.126,5634216.114,2946578.3924
2023/12/06 03:24:11.99,459822.3728,5634219.4422,2946580.6076
2023/12/06 03:24:12.99,459811.8248,5634220.6191,2946576.3743
2023/12/06 03:24:13.99,459803.4691,5634222.7273,2946574.7253
2023/12/06 03:24:14.99,459795.897,5634224.0917,2946572.6699
2023/12/06 03:24:15.99,459790.0396,5634222.362,2946567.9792
2023/12/06 03:24:16.99,459781.5612,5634227.2463,2946569.2255
2023/12/06 03:24:17.99,459774.8152,5634228.9876,2946567.9512
2023/12/06 03:24:18.99,459769.6439,5634229.5971,2946564.7513
2023/12/06 03:24:19.99,459764.646,5634235.714,2946568.0439
2023/12/06 03:24:20.99,459759.94,5634231.1319,2946562.2839
2023/12/06 03:24:21.99,459757.6919,5634229.171,2946560.667
2023/12/06 03:24:22.99,459755.6535,5634231.6419,2946562.3774
2023/12/06 03:24:23.99,459759.3442,5634217.874,2946561.6893
2023/12/06 03:24:24.99,459755.3748,5634232.4627,2946563.838
2023/12/06 03:24:25.99,459756.781,5634226.4366,2946564.4388
2023/12/06 03:24:26.99,459761.4933,5634219.2673,2946560.2747
2023/12/06 03:24:27.99,459761.4971,5634219.2489,2946560.2725
2023/12/06 03:24:28.99,459756.7678,5634226.3902,2946564.4157
2023/12/06 03:24:29.99,459756.7686,5634226.3971,2946564.42
2023/12/06 03:24:30.99,459763.8332,5634211.1434,2946558.6064
2023/12/06 03:24:31.99,459758.6296,5634230.2006,2946565.7256
2023/12/06 03:24:32.99,459761.5009,5634219.2399,2946560.2696
2023/12/06 03:24:33.99,459761.505,5634219.24,2946560.2707
2023/12/06 03:24:34.99,459758.4458,5634230.7946,2946565.9712
2023/12/06 03:24:35.99,459763.826,5634211.1518,2946558.598
2023/12/06 03:24:36.99,459761.5103,5634219.2349,2946560.2671
2023/12/06 03:24:37.99,459757.3815,5634212.6272,2946560.2228
2023/12/06 03:24:38.99,459759.6503,5634217.4651,2946561.8209
2023/12/06 03:24:39.99,459758.4451,5634230.7822,2946565.9658
2023/12/06 03:24:40.99,459761.5007,5634219.2544,2946560.2672
2023/12/06 03:24:41.99,459761.5071,5634219.245,2946560.2676
2023/12/06 03:24:42.99,459758.3666,5634221.8969,2946558.8326
2023/12/06 03:24:43.99,459757.5193,5634231.3254,2946563.5724
2023/12/06 03:24:44.99,459759.2878,5634221.9379,2946560.2615
2023/12/06 03:24:45.99,459761.9868,5634219.3217,2946560.9403
2023/12/06 03:24:46.99,459759.2839,5634221.9595,2946560.2651
2023/12/06 03:24:47.99,459759.2835,5634221.9474,2946560.2625
2023/12/06 03:24:48.99,459758.638,5634230.1956,2946565.7229
2023/12/06 03:24:49.99,459759.2884,5634221.9421,2946560.2612
2023/12/06 03:24:50.99,459759.2876,5634221.9359,2946560.2603
2023/12/06 03:24:51.99,459758.6379,5634230.1839,2946565.7198
2023/12/06 03:24:52.99,459758.6381,5634230.1913,2946565.7185
2023/12/06 03:24:53.99,459759.2844,5634221.9512,2946560.2645
2023/12/06 03:24:54.99,459759.2897,5634221.9425,2946560.2621
2023/12/06 03:24:55.99,459759.2903,5634221.9477,2946560.2651
2023/12/06 03:24:56.99,459758.6389,5634230.1774,2946565.7203
2023/12/06 03:24:57.99,459758.6376,5634230.1878,2946565.7202
2023/12/06 03:24:58.99,459758.6357,5634230.1869,2946565.7208
2023/12/06 03:24:59.99,459758.6381,5634230.1773,2946565.7175
2023/12/06 03:25:00.99,459759.2917,5634221.933,2946560.2621
2023/12/06 03:25:01.99,459759.2847,5634221.9513,2946560.2642
2023/12/06 03:25:02.99,459759.2875,5634221.9417,2946560.2651
2023/12/06 03:25:08.99,459755.2992,5634230.9932,2946561.3036
2023/12/06 03:25:09.99,459759.2926,5634221.9258,2946560.2573
2023/12/06 03:25:10.99,459759.2886,5634221.9291,2946560.2558
2023/12/06 03:25:11.99,459759.2846,5634221.9368,2946560.2526
2023/12/06 03:25:12.99,459759.2927,5634221.9171,2946560.2533
2023/12/06 03:25:13.99,459760.1063,5634219.8601,2946561.0005
2023/12/06 03:25:14.99,459760.0977,5634219.8909,2946561.0066
2023/12/06 03:25:15.99,459759.2861,5634221.9388,2946560.2569
2023/12/06 03:25:16.99,459755.2819,5634231.0147,2946561.2996
2023/12/06 03:25:17.99,459758.6198,5634230.2044,2946565.7135
2023/12/06 03:25:18.99,459758.434,5634230.7678,2946565.9532
2023/12/06 03:25:19.99,459755.0323,5634231.4141,2946561.1907
2023/12/06 03:25:20.99,459755.284,5634231.0198,2946561.3033
2023/12/06 03:25:21.99,459755.2813,5634231.0211,2946561.3036
2023/12/06 03:25:22.99,459755.2834,5634231.0241,2946561.3074
2023/12/06 03:25:23.99,459755.0297,5634231.4197,2946561.1906
2023/12/06 03:25:24.99,459758.6228,5634230.1919,2946565.7138
2023/12/06 03:25:25.99,459758.6212,5634230.1837,2946565.7116
2023/12/06 03:25:32.99,459758.6072,5634230.2136,2946565.716
2023/12/06 03:25:33.99,459758.9929,5634222.3511,2946561.2906
2023/12/06 03:25:34.99,459758.5994,5634230.235,2946565.7158
2023/12/06 03:25:35.99,459756.4574,5634229.7118,2946560.7685
2023/12/06 03:25:36.99,459756.4558,5634229.7311,2946560.7691
2023/12/06 03:25:37.99,459756.4598,5634229.7178,2946560.7691
2023/12/06 03:25:38.99,459755.9296,5634231.4892,2946562.6127
2023/12/06 03:25:39.99,459755.2006,5634232.076,2946562.674
2023/12/06 03:25:40.99,459751.6049,5634243.3047,2946562.8312
2023/12/06 03:25:42.99,459744.2442,5634243.8969,2946566.9029
2023/12/06 03:25:43.99,459748.8891,5634235.3699,2946561.9584
2023/12/06 03:25:44.99,459747.4641,5634225.2952,2946558.9377
2023/12/06 03:25:45.99,459741.5371,5634240.5612,2946562.7685
2023/12/06 03:25:46.99,459735.1529,5634247.5262,2946564.0356
2023/12/06 03:25:47.99,459731.6833,5634248.2607,2946563.2122
2023/12/06 03:25:48.99,459728.5924,5634248.929,2946562.4718
2023/12/06 03:25:49.99,459728.2293,5634243.3932,2946559.6524
2023/12/06 03:25:50.99,459724.8824,5634240.21,2946558.2006
2023/12/06 03:25:51.99,459717.5075,5634251.2461,2946559.9947
2023/12/06 03:25:52.99,459713.9373,5634251.9975,2946559.1963
2023/12/06 03:25:53.99,459711.8359,5634241.8479,2946553.394
2023/12/06 03:25:54.99,459708.1346,5634242.6236,2946552.5494
2023/12/06 03:25:55.99,459704.2568,5634243.4005,2946551.6976
2023/12/06 03:25:56.99,459699.9526,5634244.2636,2946550.7722
2023/12/06 03:25:57.99,459695.0521,5634245.6925,2946549.9421
2023/12/06 03:25:58.99,459690.3738,5634246.2213,2946548.5295
2023/12/06 03:25:59.99,459685.7292,5634247.2539,2946547.3143
2023/12/06 03:26:00.99,459681.3484,5634248.228,2946546.1228
2023/12/06 03:26:01.99,459676.4925,5634249.6425,2946545.0624
2023/12/06 03:26:02.99,459671.4241,5634250.3689,2946543.5767
2023/12/06 03:26:03.99,459666.7639,5634256.8591,2946545.45
2023/12/06 03:26:04.99,459659.1592,5634252.7989,2946540.7898
2023/12/06 03:26:05.99,459653.3988,5634259.5471,2946542.4479
2023/12/06 03:26:06.99,459645.1562,5634255.635,2946537.6501
2023/12/06 03:26:07.99,459638.1029,5634257.0564,2946536.0185
2023/12/06 03:26:08.99,459630.7932,5634258.5872,2946534.3332
2023/12/06 03:26:09.99,459623.1946,5634260.1179,2946532.5686
2023/12/06 03:26:10.99,459615.4635,5634262.1276,2946531.0802
2023/12/06 03:26:11.99,459608.306,5634263.4204,2946529.4937
2023/12/06 03:26:12.99,459601.386,5634264.3571,2946527.9158
2023/12/06 03:26:13.99,459594.1678,5634266.1856,2946526.7262
2023/12/06 03:26:14.99,459587.4737,5634267.4403,2946525.3327
2023/12/06 03:26:15.99,459581.1141,5634268.19,2946523.7062
2023/12/06 03:26:16.99,459574.4408,5634269.9901,2946522.519
2023/12/06 03:26:17.99,459568.295,5634270.7945,2946520.7971
2023/12/06 03:26:18.99,459562.3975,5634272.0345,2946519.3609
2023/12/06 03:26:19.99,459556.8453,5634273.0643,2946518.2443
2023/12/06 03:26:20.99,459551.4629,5634274.3649,2946517.7228
2023/12/06 03:26:21.99,459546.4152,5634274.8192,2946517.5319
2023/12/06 03:26:22.99,459541.9161,5634274.5561,2946517.5149
2023/12/06 03:26:23.99,459537.5092,5634275.1386,2946518.1636
2023/12/06 03:26:24.99,459533.4022,5634275.4214,2946518.2915
2023/12/06 03:26:25.99,459528.691,5634276.1138,2946517.7868
2023/12/06 03:26:26.99,459523.2015,5634277.2123,2946516.5923
2023/12/06 03:26:27.99,459517.0722,5634278.12,2946514.7339
2023/12/06 03:26:28.99,459509.9877,5634279.6311,2946512.8979
2023/12/06 03:26:29.99,459501.8975,5634281.6782,2946511.4257
2023/12/06 03:26:30.99,459493.176,5634283.2648,2946509.8992
2023/12/06 03:26:31.99,459483.8663,5634284.9794,2946508.1528
2023/12/06 03:26:32.99,459474.7297,5634286.3149,2946505.8136
2023/12/06 03:26:33.99,459465.8457,5634288.628,2946503.8534
2023/12/06 03:26:34.99,459457.6792,5634290.4107,2946501.7396
2023/12/06 03:26:35.99,459450.0747,5634291.5578,2946499.5969
2023/12/06 03:26:36.99,459442.4523,5634293.1296,2946497.7219
2023/12/06 03:26:37.99,459434.667,5634295.1423,2946496.1412
2023/12/06 03:26:38.99,459428.7777,5634294.7694,2946494.0134
2023/12/06 03:26:39.99,459419.79,5634298.1291,2946492.7178
2023/12/06 03:26:40.99,459412.3899,5634299.5747,2946491.0272
2023/12/06 03:26:41.99,459405.4194,5634300.886,2946489.4929
2023/12/06 03:26:42.99,459398.8819,5634302.1937,2946488.0092
2023/12/06 03:26:43.99,459392.6579,5634303.4278,2946486.5523
2023/12/06 03:26:44.99,459386.0171,5634304.7151,2946484.9504
2023/12/06 03:26:45.99,459379.186,5634305.6367,2946483.0252
2023/12/06 03:26:46.99,459372.2304,5634307.4547,2946481.6487
2023/12/06 03:26:47.99,459365.7004,5634308.6511,2946480.2525
2023/12/06 03:26:48.99,459359.3605,5634309.3687,2946478.6905
2023/12/06 03:26:49.99,459352.9971,5634310.997,2946477.6924
2023/12/06 03:26:50.99,459347.2355,5634311.8837,2946476.4948
2023/12/06 03:26:51.99,459342.0352,5634312.4706,2946475.2307
2023/12/06 03:26:52.99,459336.9734,5634313.8796,2946474.4542
2023/12/06 03:26:53.99,459332.8724,5634314.677,2946473.4837
2023/12/06 03:26:54.99,459329.4392,5634315.1101,2946471.9773
2023/12/06 03:26:55.99,459327.2034,5634316.0605,2946470.3739
2023/12/06 03:26:56.99,459326.2528,5634317.2733,2946469.3364
2023/12/06 03:26:57.99,459326.2396,5634317.1748,2946468.3282
2023/12/06 03:26:58.99,459327.3367,5634315.8522,2946466.5395
2023/12/06 03:26:59.99,459326.4524,5634317.8623,2946466.9113
2023/12/06 03:27:00.99,459327.8834,5634316.5771,2946464.4033
2023/12/06 03:27:01.99,459327.9172,5634318.7658,2946465.0643
2023/12/06 03:27:02.99,459330.4514,5634317.5693,2946462.3129
2023/12/06 03:27:03.99,459331.7206,5634313.2339,2946461.3335
2023/12/06 03:27:04.99,459333.6421,5634320.0122,2946463.274
2023/12/06 03:27:05.99,459337.7113,5634318.5083,2946462.6577
2023/12/06 03:27:06.99,459339.4707,5634331.3895,2946466.1047
2023/12/06 03:27:07.99,459343.2582,5634330.9233,2946466.5043
2023/12/06 03:27:08.99,459347.1258,5634330.3902,2946466.9619
2023/12/06 03:27:09.99,459351.1271,5634329.8318,2946467.4465
2023/12/06 03:27:10.99,459355.2006,5634329.2907,2946467.9055
2023/12/06 03:27:11.99,459361.3791,5634314.6496,2946463.7192
2023/12/06 03:27:12.99,459363.4586,5634328.2561,2946468.656
2023/12/06 03:27:13.99,459367.9649,5634327.6901,2946469.0507
2023/12/06 03:27:14.99,459372.9499,5634326.9676,2946469.7846
2023/12/06 03:27:15.99,459380.8727,5634309.977,2946465.3781
2023/12/06 03:27:16.99,459386.1305,5634310.6289,2946467.8909
2023/12/06 03:27:17.99,459390.9068,5634311.4783,2946471.5629
2023/12/06 03:27:18.99,459397.7726,5634308.2096,2946470.8531
2023/12/06 03:27:19.99,459400.7959,5634321.2879,2946476.6628
2023/12/06 03:27:20.99,459405.4165,5634320.3993,2946477.6995
2023/12/06 03:27:21.99,459409.5735,5634319.6181,2946478.601
2023/12/06 03:27:22.99,459415.4579,5634304.8051,2946474.7906
2023/12/06 03:27:23.99,459417.0255,5634318.243,2946480.1045
2023/12/06 03:27:24.99,459419.9828,5634317.7648,2946480.6643
2023/12/06 03:27:25.99,459421.2667,5634317.5298,2946480.8732
2023/12/06 03:27:26.99,459421.2533,5634317.5271,2946480.8696
2023/12/06 03:27:27.99,459421.245,5634317.5297,2946480.8692
2023/12/06 03:27:28.99,459421.3624,5634317.5063,2946480.888
2023/12/06 03:27:29.99,459422.4955,5634317.3337,2946481.0991
2023/12/06 03:27:30.99,459424.783,5634316.9398,2946481.5078
2023/12/06 03:27:31.99,459428.2309,5634304.4634,2946479.5131
2023/12/06 03:27:32.99,459430.6169,5634315.8787,2946482.7035
2023/12/06 03:27:33.99,459436.7448,5634300.96,2946478.9751
2023/12/06 03:27:34.99,459441.0803,5634300.1031,2946479.9106
2023/12/06 03:27:35.99,459445.355,5634299.2844,2946480.8003
2023/12/06 03:27:36.99,459448.2548,5634312.5311,2946486.3084
2023/12/06 03:27:37.99,459454.2005,5634311.4942,2946487.3867
2023/12/06 03:27:38.99,459462.5982,5634300.7368,2946483.6634
2023/12/06 03:27:39.99,459469.6148,5634295.0305,2946485.1579
2023/12/06 03:27:40.99,459474.0867,5634308.0049,2946490.9531
2023/12/06 03:27:41.99,459482.793,5634292.6125,2946487.7257
2023/12/06 03:27:42.99,459489.7162,5634291.1277,2946489.4541
2023/12/06 03:27:43.99,459496.9427,5634289.4565,2946491.5114
2023/12/06 03:27:44.99,459504.5775,5634287.8281,2946493.4661
2023/12/06 03:27:45.99,459511.1617,5634288.1777,2946497.2607
2023/12/06 03:27:46.99,459520.5313,5634284.6064,2946497.0402
2023/12/06 03:27:47.99,459528.7408,5634283.0186,2946498.8307
2023/12/06 03:27:48.99,459536.8317,5634280.7214,2946501.0082
2023/12/06 03:27:49.99,459542.5667,5634289.466,2946507.7408
2023/12/06 03:27:50.99,459549.901,5634288.03,2946509.2237
2023/12/06 03:27:51.99,459558.8359,5634277.3397,2946505.0343
2023/12/06 03:27:52.99,459563.8565,5634285.3175,2946512.2551
2023/12/06 03:27:53.99,459572.4341,5634273.7925,2946508.6995
2023/12/06 03:27:54.99,459579.0946,5634273.2239,2946509.7714
2023/12/06 03:27:55.99,459586.0489,5634271.8241,2946511.3448
2023/12/06 03:27:56.99,459593.1942,5634270.3888,2946512.9572
2023/12/06 03:27:57.99,459600.1127,5634269.0107,2946514.5316
2023/12/06 03:27:58.99,459606.7025,5634267.7554,2946515.9746
2023/12/06 03:27:59.99,459613.2023,5634266.6429,2946518.5418
2023/12/06 03:28:00.99,459619.205,5634265.3858,2946518.4601
2023/12/06 03:28:01.99,459625.1752,5634264.2596,2946519.6487
2023/12/06 03:28:02.99,459630.5159,5634263.2536,2946520.7191
2023/12/06 03:28:03.99,459634.889,5634262.3963,2946521.664
2023/12/06 03:28:04.99,459637.624,5634261.8555,2946522.2877
2023/12/06 03:28:05.99,459638.8895,5634261.6071,2946522.5776
2023/12/06 03:28:06.99,459639.5945,5634261.4522,2946522.7371
2023/12/06 03:28:07.99,459639.6051,5634261.4505,2946522.7369
2023/12/06 03:28:08.99,459639.6065,5634261.4359,2946522.733
2023/12/06 03:28:09.99,459639.6057,5634261.4445,2946522.7339
2023/12/06 03:28:10.99,459639.6026,5634261.4475,2946522.7359
2023/12/06 03:28:11.99,459639.6039,5634261.4399,2946522.7334
2023/12/06 03:28:12.99,459639.6055,5634261.4462,2946522.7359
2023/12/06 03:28:13.99,459639.3571,5634262.2612,2946524.171
2023/12/06 03:28:14.99,459639.3565,5634262.2686,2946524.1721
2023/12/06 03:28:15.99,459639.6019,5634261.4471,2946522.7372
2023/12/06 03:28:16.99,459639.6064,5634261.4437,2946522.7362
2023/12/06 03:28:17.99,459639.6068,5634261.4366,2946522.7316
2023/12/06 03:28:18.99,459639.6074,5634261.4308,2946522.7306
2023/12/06 03:28:19.99,459639.6041,5634261.4387,2946522.7333
2023/12/06 03:28:20.99,459639.6032,5634261.4473,2946522.7386
2023/12/06 03:28:21.99,459639.6077,5634261.4341,2946522.7336
2023/12/06 03:28:22.99,459639.6044,5634261.4455,2946522.7368
2023/12/06 03:28:23.99,459639.6078,5634261.427,2946522.7306
2023/12/06 03:28:24.99,459639.6039,5634261.4402,2946522.7345
2023/12/06 03:28:25.99,459639.6052,5634261.4339,2946522.7312
2023/12/06 03:28:26.99,459638.3483,5634263.5672,2946524.8188
2023/12/06 03:28:27.99,459639.6086,5634261.4345,2946522.7336
2023/12/06 03:28:28.99,459639.6077,5634261.4315,2946522.7316
2023/12/06 03:28:29.99,459639.6078,5634261.4349,2946522.7316
2023/12/06 03:28:30.99,459639.6084,5634261.4403,2946522.7343
2023/12/06 03:28:31.99,459639.6083,5634261.4355,2946522.7311
2023/12/06 03:28:32.99,459639.6093,5634261.4505,2946522.7364
2023/12/06 03:28:33.99,459639.6066,5634261.4395,2946522.7342
2023/12/06 03:28:34.99,459639.6099,5634261.4465,2946522.7378
2023/12/06 03:28:35.99,459639.6058,5634261.4344,2946522.732
2023/12/06 03:28:36.99,459639.6086,5634261.4473,2946522.7369
2023/12/06 03:28:37.99,459639.6067,5634261.4413,2946522.7354
2023/12/06 03:28:38.99,459639.6054,5634261.4476,2946522.7359
2023/12/06 03:28:39.99,459639.6095,5634261.4455,2946522.7347
2023/12/06 03:28:40.99,459639.6029,5634261.452,2946522.738
2023/12/06 03:28:41.99,459639.6053,5634261.4521,2946522.7384
2023/12/06 03:28:42.99,459639.6028,5634261.4446,2946522.7371
2023/12/06 03:28:43.99,459639.6094,5634261.4407,2946522.7336
2023/12/06 03:28:44.99,459639.602,5634261.4458,2946522.7363
2023/12/06 03:28:45.99,459639.6434,5634261.4344,2946522.7426
2023/12/06 03:28:46.99,459640.0573,5634261.3538,2946522.8496
2023/12/06 03:28:47.99,459641.085,5634261.9025,2946524.5666
2023/12/06 03:28:48.99,459643.2661,5634261.4672,2946525.0832
2023/12/06 03:28:49.99,459644.6661,5634262.2899,2946526.3063
2023/12/06 03:28:50.99,459648.8536,5634259.5694,2946524.9129
2023/12/06 03:28:51.99,459651.8845,5634259.7111,2946527.1061
2023/12/06 03:28:52.99,459654.2634,5634260.2145,2946528.451
2023/12/06 03:28:53.99,459658.9124,5634257.5497,2946527.1569
2023/12/06 03:28:54.99,459662.8881,5634254.9758,2946526.8936
2023/12/06 03:28:55.99,459665.9287,5634256.209,2946528.6575
2023/12/06 03:28:56.99,459669.2486,5634256.2999,2946530.8351
2023/12/06 03:28:57.99,459673.1952,5634254.7568,2946530.2492
2023/12/06 03:28:58.99,459677.11,5634253.9449,2946531.1526
2023/12/06 03:28:59.99,459681.1844,5634253.0607,2946532.1941
2023/12/06 03:29:00.99,459685.7249,5634252.0758,2946533.3281
2023/12/06 03:29:01.99,459690.1296,5634251.1338,2946534.5309
2023/12/06 03:29:02.99,459694.3767,5634250.1745,2946535.6454
2023/12/06 03:29:03.99,459698.7828,5634249.1973,2946536.8259
2023/12/06 03:29:04.99,459703.5789,5634248.1395,2946538.1329
2023/12/06 03:29:05.99,459708.6202,5634247.0284,2946539.4635
2023/12/06 03:29:06.99,459713.9964,5634245.8631,2946540.8035
2023/12/06 03:29:07.99,459720.724,5634243.2481,2946543.3562
2023/12/06 03:29:08.99,459725.9032,5634242.5343,2946544.1095
2023/12/06 03:29:09.99,459730.4644,5634244.4039,2946547.0833
2023/12/06 03:29:10.99,459738.2903,5634240.8671,2946547.6216
2023/12/06 03:29:11.99,459743.7138,5634239.5512,2946547.4108
2023/12/06 03:29:12.99,459749.0882,5634240.5018,2946550.3785
2023/12/06 03:29:14.99,459763.3789,5634237.0011,2946555.5355
2023/12/06 03:29:15.99,459768.3955,5634236.5265,2946556.4873
2023/12/06 03:29:16.99,459775.99,5634235.8461,2946558.6077
2023/12/06 03:29:17.99,459782.5113,5634234.4895,2946559.837
2023/12/06 03:29:18.99,459789.2663,5634230.2361,2946560.1747
2023/12/06 03:29:19.99,459793.1456,5634232.4776,2946563.6444
2023/12/06 03:29:20.99,459801.63,5634226.9945,2946562.7985
2023/12/06 03:29:21.99,459807.5744,5634225.8961,2946564.0447
2023/12/06 03:29:22.99,459813.5861,5634224.3746,2946565.2095
2023/12/06 03:29:23.99,459819.546,5634223.0759,2946566.5471
2023/12/06 03:29:24.99,459825.4019,5634221.8384,2946567.8999
2023/12/06 03:29:25.99,459826.3374,5634227.9061,2946572.5146
2023/12/06 03:29:26.99,459836.3642,5634219.5071,2946569.4466
2023/12/06 03:29:27.99,459840.0492,5634220.662,2946572.5898
2023/12/06 03:29:28.99,459845.9796,5634217.553,2946571.4583
2023/12/06 03:29:29.99,459850.578,5634216.5977,2946572.3991
2023/12/06 03:29:30.99,459854.2261,5634209.3066,2946572.4721
2023/12/06 03:29:31.99,459859.4299,5634214.7385,2946574.213
2023/12/06 03:29:32.99,459864.3962,5634213.6534,2946575.2071
2023/12/06 03:29:33.99,459868.8971,5634214.4738,2946578.4272
2023/12/06 03:29:34.99,459875.6961,5634204.6553,2946576.8311
2023/12/06 03:29:35.99,459882.6831,5634209.6702,2946578.9997
2023/12/06 03:29:36.99,459886.6166,5634210.8694,2946581.2451
2023/12/06 03:29:37.99,459894.2863,5634208.8124,2946584.0068
2023/12/06 03:29:38.99,459902.2623,5634205.9973,2946585.0867
2023/12/06 03:29:39.99,459909.6007,5634203.5151,2946585.3257
2023/12/06 03:29:40.99,459915.1347,5634204.0238,2946588.8631
2023/12/06 03:29:41.99,459922.8291,5634200.6274,2946588.1274
2023/12/06 03:29:42.99,459927.9372,5634199.5773,2946589.0579
2023/12/06 03:29:43.99,459929.1019,5634213.0672,2946594.2789
2023/12/06 03:29:44.99,459932.9525,5634192.0648,2946589.2488
2023/12/06 03:29:45.99,459935.9293,5634199.3677,2946592.2763
2023/12/06 03:29:46.99,459937.0629,5634199.556,2946592.425
2023/12/06 03:29:47.99,459940.9676,5634196.8681,2946591.419
2023/12/06 03:29:48.99,459940.8811,5634210.5223,2946596.484
2023/12/06 03:29:49.99,459943.8632,5634197.5837,2946594.1414
2023/12/06 03:29:50.99,459946.0312,5634197.43,2946594.8826
2023/12/06 03:29:51.99,459949.4523,5634196.6119,2946595.6853
2023/12/06 03:29:52.99,459954.7218,5634193.6383,2946594.6018
2023/12/06 03:29:53.99,459958.3079,5634193.5604,2946596.9395
2023/12/06 03:29:54.99,459961.9821,5634185.2508,2946595.5228
2023/12/06 03:29:55.99,459967.6118,5634190.7015,2946597.3537
2023/12/06 03:29:56.99,459972.3258,5634189.6652,2946598.2495
2023/12/06 03:29:57.99,459977.1818,5634187.766,2946599.6411
2023/12/06 03:29:58.99,459982.4251,5634187.3742,2946601.225
2023/12/06 03:29:59.99,459986.0093,5634188.7416,2946602.2158
2023/12/06 03:30:00.99,459992.5136,5634187.3255,2946603.6241
2023/12/06 03:30:01.99,460006.0499,5634177.2046,2946602.9173
2023/12/06 03:30:02.99,460006.8005,5634183.5942,2946607.2315
2023/12/06 03:30:03.99,460015.6636,5634172.7465,2946607.4113
2023/12/06 03:30:04.99,460022.4331,5634179.5816,2946611.9276
2023/12/06 03:30:05.99,460028.8434,5634190.1058,2946616.0654
2023/12/06 03:30:06.99,460036.1263,5634188.4858,2946617.5852
2023/12/06 03:30:07.99,460043.9928,5634174.7606,2946616.3938
2023/12/06 03:30:08.99,460052.045,5634171.1877,2946615.7594
2023/12/06 03:30:09.99,460058.5778,5634169.7196,2946617.0826
2023/12/06 03:30:10.99,460064.077,5634161.7775,2946617.4337
2023/12/06 03:30:11.99,460069.8348,5634168.8324,2946621.6008
2023/12/06 03:30:12.99,460078.771,5634164.3453,2946623.1499
2023/12/06 03:30:13.99,460083.7563,5634163.8605,2946622.2001
2023/12/06 03:30:14.99,460089.5685,5634163.8984,2946625.2824
2023/12/06 03:30:15.99,460094.9339,5634162.9648,2946626.963
2023/12/06 03:30:16.99,460101.1256,5634161.5487,2946628.3726
2023/12/06 03:30:17.99,460108.592,5634158.1138,2946627.725
2023/12/06 03:30:18.99,460115.0581,5634156.6029,2946629.1972
2023/12/06 03:30:19.99,460120.7131,5634157.0605,2946632.791
2023/12/06 03:30:20.99,460127.1583,5634167.5676,2946637.067
2023/12/06 03:30:21.99,460135.4117,5634153.7057,2946636.1544
2023/12/06 03:30:22.99,460143.3439,5634143.3545,2946635.0607
2023/12/06 03:30:23.99,460150.809,5634141.5027,2946637.091
2023/12/06 03:30:24.99,460158.509,5634139.6118,2946639.2001
2023/12/06 03:30:25.99,460167.2646,5634144.1129,2946642.31
2023/12/06 03:30:26.99,460175.7847,5634141.9362,2946646.4282
2023/12/06 03:30:27.99,460182.3431,5634133.3831,2946646.1076
2023/12/06 03:30:28.99,460191.2139,5634137.6333,2946650.7865
2023/12/06 03:30:29.99,460198.2217,5634128.7996,2946651.2525
2023/12/06 03:30:30.99,460206.3026,5634126.471,2946653.8704
2023/12/06 03:30:31.99,460214.345,5634124.146,2946656.568
2023/12/06 03:30:32.99,460222.3,5634121.7467,2946659.3335
2023/12/06 03:30:33.99,460230.6994,5634126.6331,2946664.4961
2023/12/06 03:30:34.99,460237.5153,5634125.3259,2946668.0823
2023/12/06 03:30:35.99,460246.9207,5634119.6266,2946669.5757
2023/12/06 03:30:36.99,460253.8167,5634111.4762,2946671.4863
2023/12/06 03:30:37.99,460261.28,5634117.3718,2946677.7333
2023/12/06 03:30:38.99,460269.5034,5634106.256,2946678.0967
2023/12/06 03:30:39.99,460277.8978,5634110.2172,2946682.3053
2023/12/06 03:30:40.99,460284.3897,5634101.2027,2946684.5811
2023/12/06 03:30:41.99,460292.2365,5634105.3237,2946688.5783
2023/12/06 03:30:42.99,460299.2792,5634102.9694,2946693.3159
2023/12/06 03:30:43.99,460303.5712,5634103.0705,2946696.3447
2023/12/06 03:30:44.99,460309.2394,5634101.1043,2946699.0205
2023/12/06 03:30:45.99,460314.6306,5634090.8883,2946698.4168
2023/12/06 03:30:46.99,460319.1736,5634096.8624,2946702.5975
2023/12/06 03:30:47.99,460322.1591,5634095.867,2946703.9787
2023/12/06 03:30:48.99,460324.9033,5634094.2248,2946703.7069
2023/12/06 03:30:49.99,460327.1159,5634092.5081,2946705.0475
2023/12/06 03:30:50.99,460327.3829,5634086.6465,2946704.3373
2023/12/06 03:30:51.99,460329.4905,5634091.7013,2946706.1189
2023/12/06 03:30:52.99,460329.4244,5634085.9775,2946705.2831
2023/12/06 03:30:53.99,460331.5829,5634092.0051,2946706.7648
2023/12/06 03:30:54.99,460333.4675,5634092.1201,2946709.1112
2023/12/06 03:30:55.99,460336.0338,5634083.8526,2946708.0256
2023/12/06 03:30:56.99,460340.3804,5634090.1288,2946711.7501
2023/12/06 03:30:57.99,460343.7538,5634081.7726,2946710.7843
2023/12/06 03:30:58.99,460348.1076,5634080.6717,2946712.0977
2023/12/06 03:30:59.99,460349.5443,5634081.0025,2946715.3865
2023/12/06 03:31:00.99,460358.3244,5634085.2323,2946716.7551
2023/12/06 03:31:01.99,460361.2921,5634086.2338,2946718.6853
2023/12/06 03:31:02.99,460365.7782,5634076.7748,2946716.872
2023/12/06 03:31:03.99,460369.4494,5634075.9103,2946718.0076
2023/12/06 03:31:04.99,460372.9667,5634075.0038,2946719.2125
2023/12/06 03:31:05.99,460377.2392,5634081.9149,2946723.2242
2023/12/06 03:31:06.99,460381.7161,5634080.0598,2946724.632
2023/12/06 03:31:07.99,460386.5815,5634078.5983,2946726.77
2023/12/06 03:31:08.99,460392.5447,5634076.28,2946729.188
2023/12/06 03:31:12.99,460415.7602,5634070.6463,2946742.324
2023/12/06 03:31:13.99,460421.6155,5634068.2157,2946745.7582
2023/12/06 03:31:14.99,460424.1981,5634058.6868,2946746.4611
2023/12/06 03:31:15.99,460429.3587,5634056.6466,2946749.3021
2023/12/06 03:31:16.99,460434.3693,5634054.688,2946752.2056
2023/12/06 03:31:17.99,460439.4318,5634052.8437,2946754.8489
2023/12/06 03:31:18.99,460445.1074,5634050.811,2946757.6446
2023/12/06 03:31:19.99,460451.5771,5634048.5816,2946760.8771
2023/12/06 03:31:20.99,460458.605,5634046.3164,2946764.453
2023/12/06 03:31:21.99,460469.3816,5634050.3698,2946769.6116
2023/12/06 03:31:22.99,460476.8698,5634047.4244,2946771.612
2023/12/06 03:31:23.99,460484.4485,5634044.9084,2946775.1009
2023/12/06 03:31:24.99,460491.3397,5634035.1307,2946776.2414
2023/12/06 03:31:25.99,460499.4682,5634039.9396,2946782.1645
2023/12/06 03:31:26.99,460507.1231,5634037.4106,2946785.8789
2023/12/06 03:31:27.99,460518.8198,5634024.0088,2946786.8865
2023/12/06 03:31:28.99,460523.71,5634030.1241,2946792.8334
2023/12/06 03:31:29.99,460532.2094,5634027.2833,2946797.1529
2023/12/06 03:31:30.99,460540.7001,5634025.7126,2946802.4916
2023/12/06 03:31:31.99,460549.7435,5634022.5677,2946807.0522
2023/12/06 03:31:32.99,460557.9422,5634020.585,2946812.1779
2023/12/06 03:31:33.99,460568.307,5634016.1093,2946816.1796
2023/12/06 03:31:34.99,460576.9978,5634005.6649,2946818.3402
2023/12/06 03:31:35.99,460587.0146,5634009.111,2946823.6326
2023/12/06 03:31:36.99,460595.4489,5634007.6297,2946829.4732
2023/12/06 03:31:37.99,460605.1208,5634002.0851,2946832.458
2023/12/06 03:31:38.99,460614.0593,5634000.8104,2946837.9766
2023/12/06 03:31:39.99,460624.1786,5633997.399,2946842.8869
2023/12/06 03:31:40.99,460634.5001,5633993.8321,2946847.9534
2023/12/06 03:31:41.99,460640.667,5633984.4023,2946852.5903
2023/12/06 03:31:42.99,460654.5161,5633986.092,2946856.4433
2023/12/06 03:31:43.99,460664.6454,5633983.3102,2946862.9691
2023/12/06 03:31:44.99,460674.566,5633980.8336,2946868.815
2023/12/06 03:31:45.99,460683.1525,5633969.9269,2946873.1291
2023/12/06 03:31:46.99,460698.6158,5633972.0762,2946878.8353
2023/12/06 03:31:47.99,460710.8055,5633966.2972,2946883.4033
2023/12/06 03:31:48.99,460721.8888,5633963.5119,2946888.5238
2023/12/06 03:31:49.99,460732.7607,5633959.8278,2946893.9029
2023/12/06 03:31:50.99,460743.2337,5633956.2433,2946899.1039
2023/12/06 03:31:51.99,460753.1208,5633953.6259,2946905.4621
2023/12/06 03:31:52.99,460762.3388,5633943.0147,2946907.8275
2023/12/06 03:31:53.99,460772.4478,5633946.5284,2946913.0983
2023/12/06 03:31:54.99,460780.4907,5633945.1671,2946919.8691
2023/12/06 03:31:55.99,460788.3171,5633942.1223,2946922.0152
2023/12/06 03:31:56.99,460795.7171,5633939.7511,2946925.4543
2023/12/06 03:31:57.99,460803.0019,5633936.6537,2946927.3664
2023/12/06 03:31:58.99,460808.9972,5633935.9056,2946933.273
2023/12/06 03:31:59.99,460815.385,5633931.5316,2946933.7505
2023/12/06 03:32:00.99,460816.1653,5633925.7293,2946937.0415
2023/12/06 03:32:01.99,460820.2873,5633924.1598,2946939.3636
2023/12/06 03:32:02.99,460825.7361,5633930.1153,2946942.1659
2023/12/06 03:32:03.99,460824.3362,5633922.0346,2946942.9712
2023/12/06 03:32:04.99,460827.5033,5633928.3266,2946945.4107
2023/12/06 03:32:05.99,460824.7377,5633920.8369,2946945.31
2023/12/06 03:32:06.99,460827.4072,5633927.7759,2946946.7149
2023/12/06 03:32:07.99,460827.9727,5633926.6694,2946947.1258
2023/12/06 03:32:08.99,460827.9151,5633923.8127,2946946.7411
2023/12/06 03:32:09.99,460825.691,5633926.7615,2946949.0794
2023/12/06 03:32:10.99,460824.7948,5633926.5211,2946949.7115
2023/12/06 03:32:11.99,460823.9981,5633925.8599,2946949.9661
2023/12/06 03:32:12.99,460822.8133,5633926.271,2946950.5596
2023/12/06 03:32:13.99,460820.9379,5633926.1742,2946950.783
2023/12/06 03:32:14.99,460819.9323,5633923.3377,2946949.0855
2023/12/06 03:32:15.99,460815.3236,5633927.0225,2946950.3078
2023/12/06 03:32:16.99,460811.5707,5633927.5814,2946949.4871
2023/12/06 03:32:17.99,460806.8442,5633928.6654,2946948.1119
2023/12/06 03:32:18.99,460802.9875,5633926.9966,2946944.49
2023/12/06 03:32:19.99,460796.2551,5633931.7145,2946944.004
2023/12/06 03:32:20.99,460791.0358,5633933.2712,2946941.7767
2023/12/06 03:32:21.99,460785.8707,5633934.5302,2946938.9621
2023/12/06 03:32:22.99,460780.3227,5633936.8743,2946936.4685
2023/12/06 03:32:23.99,460775.2153,5633938.4587,2946933.8367
2023/12/06 03:32:24.99,460770.2982,5633940.1999,2946931.5633
2023/12/06 03:32:25.99,460765.0943,5633941.9681,2946928.9235
2023/12/06 03:32:26.99,460759.3977,5633943.8724,2946925.8847
2023/12/06 03:32:27.99,460753.2399,5633946.1596,2946922.7781
2023/12/06 03:32:28.99,460746.6345,5633948.4061,2946919.4671
2023/12/06 03:32:29.99,460739.6584,5633950.7519,2946916.0754
2023/12/06 03:32:30.99,460732.3231,5633953.0655,2946912.7269
2023/12/06 03:32:31.99,460725.3114,5633955.2186,2946909.4678
2023/12/06 03:32:32.99,460718.8185,5633957.4883,2946906.4941
2023/12/06 03:32:33.99,460712.7582,5633959.4941,2946903.6339
2023/12/06 03:32:34.99,460706.8035,5633961.3808,2946900.9929
2023/12/06 03:32:35.99,460701.3746,5633962.5695,2946898.3791
2023/12/06 03:32:36.99,460696.9202,5633964.5051,2946896.6052
2023/12/06 03:32:37.99,460694.4159,5633965.2283,2946895.3023
2023/12/06 03:32:38.99,460693.9026,5633965.4186,2946895.042
2023/12/06 03:32:39.99,460693.9016,5633965.4119,2946895.0375
2023/12/06 03:32:40.99,460693.9003,5633965.4188,2946895.0378
2023/12/06 03:32:41.99,460693.8982,5633965.4186,2946895.0391
2023/12/06 03:32:42.99,460693.9006,5633965.4117,2946895.0361
2023/12/06 03:32:43.99,460693.9013,5633965.4125,2946895.0382
2023/12/06 03:32:44.99,460693.9017,5633965.4154,2946895.0379
2023/12/06 03:32:45.99,460693.903,5633965.4082,2946895.0346
2023/12/06 03:32:46.99,460693.8991,5633965.4223,2946895.0396
2023/12/06 03:32:47.99,460693.9028,5633965.4154,2946895.0372
2023/12/06 03:32:48.99,460693.9006,5633965.4113,2946895.0361
2023/12/06 03:32:49.99,460693.9021,5633965.413,2946895.0361
2023/12/06 03:32:50.99,460693.8987,5633965.4087,2946895.0335
2023/12/06 03:32:51.99,460693.9053,5633965.417,2946895.0415
2023/12/06 03:32:52.99,460693.7404,5633965.5897,2946894.9959
2023/12/06 03:32:53.99,460692.8177,5633965.9233,2946894.5281
2023/12/06 03:32:54.99,460691.0603,5633966.5452,2946893.6586
2023/12/06 03:32:55.99,460689.1282,5633967.0853,2946892.6659
2023/12/06 03:32:56.99,460688.8365,5633964.5833,2946890.1829
2023/12/06 03:32:57.99,460685.4581,5633968.3238,2946890.8945
2023/12/06 03:32:58.99,460683.3707,5633969.0404,2946889.8883
2023/12/06 03:32:59.99,460680.7341,5633969.9438,2946888.6011
2023/12/06 03:33:00.99,460678.3793,5633970.8875,2946887.4781
2023/12/06 03:33:01.99,460676.196,5633971.2008,2946886.0946
2023/12/06 03:33:02.99,460673.0691,5633972.5778,2946884.8798
2023/12/06 03:33:03.99,460669.5549,5633973.8562,2946883.2958
2023/12/06 03:33:04.99,460665.5538,5633975.0998,2946881.3474
2023/12/06 03:33:05.99,460661.2156,5633976.533,2946879.224
2023/12/06 03:33:06.99,460656.6761,5633978.2473,2946877.0136
2023/12/06 03:33:07.99,460651.9555,5633979.7423,2946874.6534
2023/12/06 03:33:08.99,460647.1468,5633981.3914,2946872.3224
2023/12/06 03:33:09.99,460642.136,5633983.0982,2946869.867
2023/12/06 03:33:10.99,460638.2101,5633981.9117,2946865.5456
2023/12/06 03:33:11.99,460631.3399,5633986.6226,2946864.1417
2023/12/06 03:33:12.99,460625.8778,5633989.0487,2946861.588
2023/12/06 03:33:13.99,460620.7166,5633990.7888,2946858.8224
2023/12/06 03:33:14.99,460615.8645,5633992.4916,2946856.3889
2023/12/06 03:33:15.99,460611.0133,5633994.2615,2946854.0638
2023/12/06 03:33:16.99,460605.7526,5633995.8922,2946851.5062
2023/12/06 03:33:17.99,460599.9717,5633997.8056,2946848.8048
2023/12/06 03:33:18.99,460593.6418,5633999.8643,2946845.882
2023/12/06 03:33:19.99,460586.8139,5634002.1208,2946842.7326
2023/12/06 03:33:20.99,460581.0683,5634001.3955,2946837.7962
2023/12/06 03:33:21.99,460572.3321,5634006.8207,2946836.1415
2023/12/06 03:33:22.99,460565.1801,5634009.0997,2946832.9121
2023/12/06 03:33:23.99,460557.8692,5634011.5386,2946829.5002
2023/12/06 03:33:24.99,460550.477,5634014.0597,2946825.8896
2023/12/06 03:33:25.99,460543.4222,5634016.5284,2946822.3512
2023/12/06 03:33:26.99,460536.6338,5634018.8996,2946818.9182
2023/12/06 03:33:27.99,460530.1509,5634021.1858,2946815.6677
2023/12/06 03:33:28.99,460523.7321,5634023.4338,2946812.4327
2023/12/06 03:33:29.99,460517.2574,5634025.699,2946809.2107
2023/12/06 03:33:30.99,460512.5354,5634024.7619,2946804.4894
2023/12/06 03:33:31.99,460505.2306,5634029.905,2946803.2055
2023/12/06 03:33:32.99,460499.6738,5634031.8277,2946800.4689
2023/12/06 03:33:33.99,460495.5944,5634030.6132,2946796.0964
2023/12/06 03:33:34.99,460488.6545,5634035.5144,2946795.1673
2023/12/06 03:33:35.99,460483.2068,5634037.4456,2946792.7528
2023/12/06 03:33:36.99,460479.2016,5634035.8993,2946788.6618
2023/12/06 03:33:37.99,460472.552,5634040.6481,2946787.9707
2023/12/06 03:33:38.99,460467.843,5634042.205,2946785.7553
2023/12/06 03:33:39.99,460463.4261,5634043.7343,2946783.5648
2023/12/06 03:33:40.99,460459.2167,5634045.1751,2946781.4552
2023/12/06 03:33:41.99,460455.2773,5634046.585,2946779.4855
2023/12/06 03:33:42.99,460448.5473,5634040.786,2946776.5235
2023/12/06 03:33:43.99,460447.5635,5634049.2644,2946775.5623
2023/12/06 03:33:44.99,460444.0024,5634050.6834,2946773.8494
2023/12/06 03:33:45.99,460440.2281,5634051.9208,2946772.1062
2023/12/06 03:33:46.99,460437.9361,5634049.7319,2946768.7473
2023/12/06 03:33:47.99,460434.3796,5634050.8187,2946767.229
2023/12/06 03:33:48.99,460430.6236,5634051.8126,2946765.4941
2023/12/06 03:33:49.99,460426.5278,5634053.3171,2946763.649
2023/12/06 03:33:50.99,460420.4737,5634057.9636,2946763.1297
2023/12/06 03:33:51.99,460415.6421,5634059.6773,2946760.7654
2023/12/06 03:33:52.99,460410.5118,5634061.4903,2946758.2008
2023/12/06 03:33:53.99,460402.4036,5634056.1444,2946754.5067
2023/12/06 03:33:54.99,460400.1875,5634065.0839,2946752.9707
2023/12/06 03:33:55.99,460396.9297,5634063.5388,2946749.0062
2023/12/06 03:33:56.99,460392.1141,5634064.9634,2946746.5962
2023/12/06 03:33:57.99,460385.7919,5634070.1689,2946746.0156
2023/12/06 03:33:58.99,460382.3703,5634068.452,2946741.9556
2023/12/06 03:33:59.99,460377.5792,5634069.7509,2946739.737
2023/12/06 03:34:00.99,460373.0081,5634071.2328,2946737.6125
2023/12/06 03:34:01.99,460368.0565,5634072.8513,2946735.2272
2023/12/06 03:34:02.99,460361.2773,5634078.0574,2946734.2585
2023/12/06 03:34:03.99,460355.8362,5634079.9515,2946731.5142
2023/12/06 03:34:04.99,460350.6498,5634081.7314,2946728.9031
2023/12/06 03:34:05.99,460345.3535,5634083.5047,2946726.3626
2023/12/06 03:34:06.99,460340.0312,5634085.2752,2946723.8887
2023/12/06 03:34:07.99,460334.508,5634087.1708,2946721.2053
2023/12/06 03:34:08.99,460328.6172,5634089.2962,2946718.2994
2023/12/06 03:34:09.99,460323.8276,5634088.2451,2946713.5037
2023/12/06 03:34:10.99,460315.7164,5634093.7412,2946711.8069
2023/12/06 03:34:11.99,460306.0043,5634088.9997,2946707.4265
2023/12/06 03:34:12.99,460301.5946,5634098.7187,2946704.8347
2023/12/06 03:34:13.99,460294.1572,5634101.3285,2946701.2854
2023/12/06 03:34:14.99,460286.9383,5634103.7424,2946697.9869
2023/12/06 03:34:15.99,460280.0272,5634106.052,2946694.9408
2023/12/06 03:34:16.99,460273.0538,5634108.4054,2946691.8791
2023/12/06 03:34:17.99,460265.9074,5634110.7892,2946688.7581
2023/12/06 03:34:18.99,460258.585,5634113.2361,2946685.6135
2023/12/06 03:34:19.99,460251.086,5634115.6444,2946682.4911
2023/12/06 03:34:20.99,460245.4516,5634114.806,2946677.9548
2023/12/06 03:34:21.99,460238.5101,5634117.148,2946675.18
2023/12/06 03:34:22.99,460230.0065,5634122.6736,2946674.147
2023/12/06 03:34:23.99,460223.8552,5634124.292,2946672.3729
2023/12/06 03:34:24.99,460217.3208,5634124.0513,2946667.2969
2023/12/06 03:34:25.99,460210.0371,5634126.2291,2946664.627
2023/12/06 03:34:26.99,460201.138,5634131.6927,2946663.5431
2023/12/06 03:34:27.99,460193.6478,5634134.0366,2946660.8846
2023/12/06 03:34:28.99,460186.0066,5634136.2818,2946658.312
2023/12/06 03:34:29.99,460178.0544,5634138.4961,2946655.9127
2023/12/06 03:34:30.99,460171.2253,5634137.5045,2946651.9738
2023/12/06 03:34:31.99,460161.1682,5634142.7791,2946651.2878
2023/12/06 03:34:32.99,460153.7974,5634144.0943,2946649.9245
2023/12/06 03:34:33.99,460144.5105,5634146.7033,2946646.9566
2023/12/06 03:34:34.99,460137.4956,5634145.6293,2946643.3272
2023/12/06 03:34:35.99,460128.218,5634150.118,2946643.7849
2023/12/06 03:34:36.99,460120.0843,5634149.6534,2946639.3949
2023/12/06 03:34:37.99,460109.7323,5634154.8365,2946639.0203
2023/12/06 03:34:38.99,460100.8535,5634156.9151,2946637.0605
2023/12/06 03:34:39.99,460093.4072,5634155.5544,2946633.4121
2023/12/06 03:34:40.99,460082.9679,5634161.0506,2946633.1015
2023/12/06 03:34:41.99,460075.6675,5634160.2123,2946629.181
2023/12/06 03:34:42.99,460067.1841,5634170.524,2946630.7865
2023/12/06 03:34:43.99,460058.1822,5634164.8501,2946624.7466
2023/12/06 03:34:44.99,460047.9026,5634170.1885,2946624.2116
2023/12/06 03:34:45.99,460039.9742,5634171.6338,2946623.0033
2023/12/06 03:34:46.99,460031.0014,5634173.5943,2946621.2525
2023/12/06 03:34:47.99,460022.5926,5634173.0681,2946617.101
2023/12/06 03:34:48.99,460013.7341,5634182.8604,2946619.3048
2023/12/06 03:34:49.99,460003.6396,5634179.405,2946616.2196
2023/12/06 03:34:50.99,459994.3959,5634181.3347,2946614.5356
2023/12/06 03:34:51.99,459986.0914,5634180.8133,2946610.3799
2023/12/06 03:34:52.99,459975.8617,5634185.8562,2946610.1881
2023/12/06 03:34:53.99,459968.7392,5634184.7432,2946606.7185
2023/12/06 03:34:54.99,459959.4946,5634189.187,2946607.2679
2023/12/06 03:34:55.99,459950.0099,5634191.7536,2946604.6675
2023/12/06 03:34:56.99,459942.941,5634190.4456,2946601.4919
2023/12/06 03:34:57.99,459934.4728,5634192.0548,2946600.1777
2023/12/06 03:34:58.99,459924.5659,5634196.6761,2946600.7467
2023/12/06 03:34:59.99,459917.951,5634202.8108,2946601.9968
2023/12/06 03:35:00.99,459908.7601,5634198.9725,2946599.2271
2023/12/06 03:35:01.99,459900.5555,5634200.7974,2946597.5299
2023/12/06 03:35:02.99,459892.3898,5634202.6702,2946595.6039
2023/12/06 03:35:03.99,459884.3134,5634204.5984,2946593.6174
2023/12/06 03:35:04.99,459876.7971,5634206.3302,2946591.7514
2023/12/06 03:35:05.99,459869.8037,5634207.9673,2946590.0373
2023/12/06 03:35:06.99,459863.0137,5634209.5849,2946588.3587
2023/12/06 03:35:07.99,459857.0391,5634208.6273,2946584.3461
2023/12/06 03:35:08.99,459850.3975,5634209.9771,2946583.0008
2023/12/06 03:35:09.99,459843.5858,5634219.3302,2946585.5648
2023/12/06 03:35:10.99,459835.8345,5634212.8813,2946580.2931
2023/12/06 03:35:11.99,459827.4459,5634216.9112,2946581.2263
2023/12/06 03:35:12.99,459820.4928,5634215.976,2946577.253
2023/12/06 03:35:13.99,459812.9933,5634217.5772,2946575.5867
2023/12/06 03:35:14.99,459805.2822,5634219.3129,2946573.8405
2023/12/06 03:35:15.99,459796.7716,5634223.5107,2946574.3674
2023/12/06 03:35:16.99,459788.6932,5634225.3013,2946572.4231
2023/12/06 03:35:17.99,459779.5436,5634227.7845,2946569.6134
2023/12/06 03:35:18.99,459772.0341,5634228.9116,2946568.4195
2023/12/06 03:35:19.99,459764.3793,5634246.3627,2946570.1869
2023/12/06 03:35:20.99,459754.4643,5634231.7633,2946562.5461
2023/12/06 03:35:22.99,459736.8052,5634235.417,2946560.5552
2023/12/06 03:35:23.99,459728.7002,5634237.227,2946558.7406
2023/12/06 03:35:24.99,459720.6275,5634239.0903,2946556.7946
2023/12/06 03:35:25.99,459712.5061,5634240.9151,2946554.3244
2023/12/06 03:35:26.99,459704.3193,5634243.6769,2946551.9018
2023/12/06 03:35:27.99,459696.3897,5634245.3774,2946549.9767
2023/12/06 03:35:28.99,459688.2908,5634246.9915,2946548.0994
2023/12/06 03:35:29.99,459681.0101,5634254.0363,2946547.8092
2023/12/06 03:35:30.99,459672.4658,5634256.361,2946546.1013
2023/12/06 03:35:31.99,459663.0395,5634251.8621,2946542.7566
2023/12/06 03:35:32.99,459654.1603,5634253.6758,2946540.7259
2023/12/06 03:35:33.99,459645.1268,5634255.5985,2946538.5407
2023/12/06 03:35:34.99,459635.8126,5634257.5436,2946536.2315
2023/12/06 03:35:35.99,459625.7309,5634259.7398,2946533.624
2023/12/06 03:35:36.99,459614.8915,5634262.133,2946530.7886
2023/12/06 03:35:37.99,459603.5995,5634264.5847,2946527.9086
2023/12/06 03:35:38.99,459592.7275,5634266.9848,2946525.0699
2023/12/06 03:35:39.99,459582.3333,5634269.0951,2946522.6787
2023/12/06 03:35:40.99,459573.1164,5634270.7856,2946520.8502
2023/12/06 03:35:41.99,459565.848,5634272.0055,2946519.6754
2023/12/06 03:35:42.99,459559.2958,5634265.0246,2946515.0111
2023/12/06 03:35:43.99,459555.3614,5634273.5155,2946518.3319
2023/12/06 03:35:44.99,459551.674,5634274.0307,2946517.9078
2023/12/06 03:35:45.99,459548.0447,5634274.4664,2946517.5765
2023/12/06 03:35:46.99,459545.0519,5634272.2096,2946515.2323
2023/12/06 03:35:47.99,459540.6226,5634274.6345,2946518.2369
2023/12/06 03:35:48.99,459536.5394,5634274.6011,2946518.8979
2023/12/06 03:35:49.99,459532.7496,5634272.4085,2946516.6959
2023/12/06 03:35:50.99,459526.8933,5634275.6786,2946518.4848
2023/12/06 03:35:51.99,459520.7679,5634276.9937,2946516.9519
2023/12/06 03:35:52.99,459513.5593,5634278.5787,2946515.0576
2023/12/06 03:35:53.99,459505.286,5634280.3639,2946512.9513
2023/12/06 03:35:54.99,459497.0468,5634282.1213,2946510.9912
2023/12/06 03:35:55.99,459488.9475,5634283.8089,2946507.9062
2023/12/06 03:35:56.99,459481.004,5634285.4625,2946507.1437
2023/12/06 03:35:57.99,459473.399,5634286.9881,2946505.361
2023/12/06 03:35:58.99,459465.8212,5634288.5269,2946503.6115
2023/12/06 03:35:59.99,459458.5128,5634289.9746,2946501.9262
2023/12/06 03:36:00.99,459451.8777,5634291.2601,2946500.5424
2023/12/06 03:36:01.99,459446.0523,5634292.3503,2946499.2707
2023/12/06 03:36:02.99,459440.4176,5634293.5158,2946497.9689
2023/12/06 03:36:03.99,459435.4295,5634292.1672,2946494.2042
2023/12/06 03:36:04.99,459429.2278,5634294.741,2946494.2075
2023/12/06 03:36:05.99,459421.5465,5634297.1588,2946493.9693
2023/12/06 03:36:06.99,459413.9491,5634298.5184,2946492.3344
2023/12/06 03:36:07.99,459406.701,5634304.0266,2946490.4676
2023/12/06 03:36:08.99,459397.4949,5634301.6575,2946488.7026
2023/12/06 03:36:09.99,459388.7665,5634303.4393,2946486.5356
2023/12/06 03:36:10.99,459379.7124,5634305.3159,2946484.2967
2023/12/06 03:36:11.99,459370.5755,5634307.0784,2946482.1454
2023/12/06 03:36:12.99,459361.7318,5634308.7633,2946480.2095
2023/12/06 03:36:13.99,459353.5401,5634310.2693,2946478.5169
2023/12/06 03:36:14.99,459346.5301,5634311.5141,2946477.1962
2023/12/06 03:36:15.99,459340.9168,5634312.4882,2946476.0655
2023/12/06 03:36:16.99,459336.2137,5634313.3689,2946475.0437
2023/12/06 03:36:17.99,459332.577,5634314.2122,2946473.9509
2023/12/06 03:36:18.99,459329.8392,5634315.1294,2946472.5309
2023/12/06 03:36:19.99,459325.1581,5634314.3318,2946469.5589
2023/12/06 03:36:20.99,459327.1612,5634308.9785,2946465.5545
2023/12/06 03:36:21.99,459327.1674,5634309.5736,2946464.368
2023/12/06 03:36:22.99,459328.565,5634323.1174,2946469.1872
2023/12/06 03:36:23.99,459327.3545,5634309.8963,2946463.7281
2023/12/06 03:36:24.99,459327.3895,5634309.9388,2946463.656
2023/12/06 03:36:25.99,459325.1625,5634316.4624,2946465.4581
2023/12/06 03:36:26.99,459328.542,5634310.6555,2946462.2336
2023/12/06 03:36:27.99,459329.9422,5634311.0009,2946461.4175
2023/12/06 03:36:28.99,459331.9629,5634311.1956,2946460.8607
2023/12/06 03:36:29.99,459334.7492,5634311.1297,2946460.6849
2023/12/06 03:36:30.99,459338.7224,5634310.7717,2946460.8694
2023/12/06 03:36:31.99,459344.622,5634316.6171,2946463.89
2023/12/06 03:36:32.99,459349.6338,5634309.0866,2946462.5422
2023/12/06 03:36:33.99,459357.5072,5634314.6963,2946465.7849
2023/12/06 03:36:34.99,459364.4563,5634306.8922,2946464.6395
2023/12/06 03:36:35.99,459372.3103,5634305.7112,2946465.7471
2023/12/06 03:36:36.99,459380.8669,5634311.2255,2946469.0921
2023/12/06 03:36:37.99,459387.5069,5634303.4076,2946468.0434
2023/12/06 03:36:38.99,459395.3572,5634301.9732,2946469.6252
2023/12/06 03:36:39.99,459403.5142,5634300.3774,2946471.4341
2023/12/06 03:36:40.99,459411.8955,5634298.7595,2946473.3073
2023/12/06 03:36:41.99,459420.4006,5634297.1683,2946475.194
2023/12/06 03:36:42.99,459429.7364,5634302.147,2946479.3199
2023/12/06 03:36:43.99,459437.3221,5634293.8389,2946478.9744
2023/12/06 03:36:44.99,459446.0716,5634292.2613,2946480.6335
2023/12/06 03:36:45.99,459455.155,5634290.8552,2946481.9078
2023/12/06 03:36:46.99,459464.4803,5634289.3798,2946483.2027
2023/12/06 03:36:47.99,459474.7601,5634294.349,2946487.079
2023/12/06 03:36:48.99,459482.9106,5634286.0149,2946486.7353
2023/12/06 03:36:49.99,459491.9482,5634284.1973,2946488.8091
2023/12/06 03:36:50.99,459501.1291,5634282.2815,2946491.0341
2023/12/06 03:36:51.99,459510.1924,5634280.401,2946493.2087
2023/12/06 03:36:52.99,459519.0648,5634278.5222,2946495.3259
2023/12/06 03:36:53.99,459527.6111,5634276.7494,2946497.4334
2023/12/06 03:36:54.99,459536.3091,5634283.0686,2946503.2987
2023/12/06 03:36:55.99,459545.08,5634279.1696,2946502.7653
2023/12/06 03:36:56.99,459552.5346,5634279.8698,2946506.8092
2023/12/06 03:36:57.99,459560.3849,5634270.3064,2946504.7554
2023/12/06 03:36:58.99,459568.9711,5634276.7417,2946510.4846
2023/12/06 03:36:59.99,459577.2611,5634275.025,2946512.2862
2023/12/06 03:37:00.99,459585.0462,5634265.4022,2946510.2188
2023/12/06 03:37:01.99,459592.8065,5634263.8905,2946511.9585
2023/12/06 03:37:02.99,459600.4002,5634262.3578,2946513.6773
2023/12/06 03:37:03.99,459607.8206,5634260.9241,2946515.3191
2023/12/06 03:37:04.99,459614.6883,5634259.5121,2946516.821
2023/12/06 03:37:05.99,459621.2,5634258.2992,2946518.1265
2023/12/06 03:37:06.99,459627.2974,5634257.1352,2946519.4524
2023/12/06 03:37:07.99,459632.8212,5634256.0497,2946520.6356
2023/12/06 03:37:08.99,459637.8353,5634255.0779,2946521.7059
2023/12/06 03:37:09.99,459641.8338,5634254.3175,2946522.5596
2023/12/06 03:37:10.99,459645.1313,5634253.6503,2946523.2295
2023/12/06 03:37:11.99,459647.6332,5634253.2062,2946523.7476
2023/12/06 03:37:12.99,459649.396,5634252.8664,2946524.1208
2023/12/06 03:37:13.99,459650.3659,5634252.6521,2946524.3139
2023/12/06 03:37:14.99,459650.4363,5634252.643,2946524.3365
2023/12/06 03:37:15.99,459650.4388,5634252.6373,2946524.3342
2023/12/06 03:37:16.99,459650.4384,5634252.6456,2946524.3353
2023/12/06 03:37:17.99,459650.4377,5634252.638,2946524.3343
2023/12/06 03:37:18.99,459650.4393,5634252.6404,2946524.3348
2023/12/06 03:37:19.99,459650.4364,5634252.6388,2946524.3371
2023/12/06 03:37:20.99,459651.364,5634259.2714,2946526.5946
2023/12/06 03:37:21.99,459651.3649,5634259.2548,2946526.5913
2023/12/06 03:37:22.99,459650.4406,5634252.6373,2946524.3329
2023/12/06 03:37:23.99,459650.442,5634252.636,2946524.3335
2023/12/06 03:37:24.99,459651.362,5634259.265,2946526.5955
2023/12/06 03:37:25.99,459650.4379,5634252.632,2946524.332
2023/12/06 03:37:26.99,459651.3634,5634259.2675,2946526.5967
2023/12/06 03:37:27.99,459651.3663,5634259.2508,2946526.5862
2023/12/06 03:37:28.99,459651.3662,5634259.2485,2946526.5877
2023/12/06 03:37:29.99,459650.439,5634252.6385,2946524.3355
2023/12/06 03:37:30.99,459651.362,5634259.2664,2946526.592
2023/12/06 03:37:31.99,459651.3623,5634259.2656,2946526.5926
2023/12/06 03:37:32.99,459650.437,5634252.6512,2946524.3372
2023/12/06 03:37:33.99,459650.4412,5634252.6339,2946524.3329
2023/12/06 03:37:34.99,459650.4403,5634252.6362,2946524.332
2023/12/06 03:37:35.99,459650.4418,5634252.6368,2946524.3344
2023/12/06 03:37:36.99,459651.3676,5634259.2571,2946526.592
2023/12/06 03:37:37.99,459650.4415,5634252.6323,2946524.332
2023/12/06 03:37:38.99,459650.4428,5634252.6418,2946524.3377
2023/12/06 03:37:39.99,459651.3654,5634259.2792,2946526.6024
2023/12/06 03:37:40.99,459650.7131,5634252.5837,2946524.3972
2023/12/06 03:37:41.99,459651.4614,5634252.4278,2946524.5824
2023/12/06 03:37:42.99,459652.5255,5634252.2049,2946524.8759
2023/12/06 03:37:43.99,459654.0724,5634259.8227,2946529.0288
2023/12/06 03:37:44.99,459655.448,5634259.5068,2946529.4289
2023/12/06 03:37:45.99,459656.3897,5634251.2744,2946526.0136
2023/12/06 03:37:46.99,459657.7242,5634250.9593,2946526.424
2023/12/06 03:37:47.99,459659.4884,5634258.5452,2946530.6215
2023/12/06 03:37:48.99,459661.767,5634256.9142,2946529.473
2023/12/06 03:37:49.99,459663.2194,5634257.7795,2946531.4556
2023/12/06 03:37:50.99,459664.9317,5634249.4651,2946528.1282
2023/12/06 03:37:51.99,459667.0484,5634249.0369,2946528.6666
2023/12/06 03:37:52.99,459669.1817,5634248.5262,2946529.2595
2023/12/06 03:37:53.99,459671.7262,5634247.934,2946530.016
2023/12/06 03:37:54.99,459674.2577,5634247.3311,2946530.7525
2023/12/06 03:37:55.99,459677.5148,5634246.6033,2946531.638
2023/12/06 03:37:56.99,459681.9224,5634245.6523,2946532.7703
2023/12/06 03:37:57.99,459687.3714,5634244.5911,2946533.9637
2023/12/06 03:37:58.99,459692.794,5634243.6065,2946534.9273
2023/12/06 03:37:59.99,459698.9418,5634249.3071,2946538.1586
2023/12/06 03:38:00.99,459704.319,5634248.252,2946539.3059
2023/12/06 03:38:01.99,459710.2515,5634247.0562,2946540.7349
2023/12/06 03:38:02.99,459715.8011,5634238.9459,2946540.0316
2023/12/06 03:38:03.99,459722.9025,5634244.3485,2946543.598
2023/12/06 03:38:04.99,459731.0497,5634241.7949,2946546.5266
2023/12/06 03:38:05.99,459738.0198,5634245.2843,2946547.7781
2023/12/06 03:38:06.99,459742.9347,5634242.715,2946550.1037
2023/12/06 03:38:07.99,459751.1036,5634238.1441,2946550.6773
2023/12/06 03:38:09.99,459765.1896,5634241.7454,2946557.1226
2023/12/06 03:38:10.99,459772.167,5634236.7346,2946557.635
2023/12/06 03:38:11.99,459781.4293,5634234.8141,2946559.5659
2023/12/06 03:38:12.99,459787.5246,5634234.1107,2946562.383
2023/12/06 03:38:13.99,459796.8512,5634231.0568,2946563.3673
2023/12/06 03:38:14.99,459804.8608,5634226.5718,2946563.6729
2023/12/06 03:38:15.99,459811.9124,5634224.9644,2946565.2416
2023/12/06 03:38:16.99,459818.6126,5634223.7408,2946566.6834
2023/12/06 03:38:17.99,459825.3071,5634222.347,2946568.1925
2023/12/06 03:38:18.99,459831.9219,5634220.8846,2946569.6513
2023/12/06 03:38:19.99,459838.4971,5634219.4975,2946571.1201
2023/12/06 03:38:20.99,459844.5429,5634211.0956,2946570.5334
2023/12/06 03:38:21.99,459851.1984,5634209.6692,2946571.9558
2023/12/06 03:38:22.99,459858.1092,5634208.2408,2946573.3546
2023/12/06 03:38:23.99,459866.0262,5634214.0053,2946577.158
2023/12/06 03:38:24.99,459870.5415,5634211.8315,2946580.1097
2023/12/06 03:38:25.99,459881.9169,5634211.1785,2946581.713
2023/12/06 03:38:26.99,459890.0102,5634201.399,2946579.822
2023/12/06 03:38:27.99,459899.5525,5634206.0527,2946584.1281
2023/12/06 03:38:28.99,459907.5618,5634204.6468,2946586.1955
2023/12/06 03:38:29.99,459915.6197,5634203.4758,2946589.5854
2023/12/06 03:38:30.99,459924.3388,5634200.2908,2946589.9537
2023/12/06 03:38:31.99,459931.3626,5634191.8853,2946589.493
2023/12/06 03:38:32.99,459939.3885,5634198.0297,2946594.9831
2023/12/06 03:38:33.99,459947.3531,5634195.0955,2946595.0162
2023/12/06 03:38:34.99,459954.8664,5634193.385,2946596.6021
2023/12/06 03:38:35.99,459961.5346,5634185.0629,2946595.9539
2023/12/06 03:38:36.99,459970.1263,5634189.9562,2946599.8062
2023/12/06 03:38:37.99,459977.3407,5634189.5983,2946603.0355
2023/12/06 03:38:38.99,459984.7925,5634187.7225,2946603.7309
2023/12/06 03:38:39.99,459992.9498,5634185.928,2946606.3302
2023/12/06 03:38:40.99,459997.5124,5634182.9679,2946608.1575
2023/12/06 03:38:41.99,460005.454,5634181.0419,2946610.0468
2023/12/06 03:38:42.99,460016.6123,5634180.1396,2946611.9442
2023/12/06 03:38:43.99,460024.1294,5634170.4255,2946609.9234
2023/12/06 03:38:44.99,460029.1834,5634175.5391,2946615.2978
2023/12/06 03:38:45.99,460040.1122,5634175.0327,2946616.5491
2023/12/06 03:38:46.99,460048.3026,5634172.2026,2946616.2408
2023/12/06 03:38:47.99,460055.2199,5634171.9881,2946619.2023
2023/12/06 03:38:48.99,460062.3786,5634171.0043,2946620.9805
2023/12/06 03:38:49.99,460068.9823,5634163.4299,2946619.6919
2023/12/06 03:38:50.99,460078.0505,5634165.3662,2946622.1047
2023/12/06 03:38:51.99,460086.0123,5634163.4899,2946623.6947
2023/12/06 03:38:52.99,460093.7043,5634163.0374,2946627.1242
2023/12/06 03:38:53.99,460103.15,5634159.6601,2946627.4527
2023/12/06 03:38:54.99,460112.4902,5634157.5283,2946629.4706
2023/12/06 03:38:55.99,460118.4339,5634155.5358,2946633.2271
2023/12/06 03:38:56.99,460132.0174,5634153.1112,2946633.91
2023/12/06 03:38:57.99,460142.0514,5634150.6479,2946636.4543
2023/12/06 03:38:58.99,460151.9137,5634148.1416,2946639.1988
2023/12/06 03:38:59.99,460160.6261,5634139.0997,2946639.7044
2023/12/06 03:39:00.99,460169.9806,5634136.6517,2946642.4513
2023/12/06 03:39:01.99,460179.4895,5634142.0663,2946649.0425
2023/12/06 03:39:02.99,460188.0236,5634131.6562,2946648.0451
2023/12/06 03:39:03.99,460196.1872,5634131.9828,2946652.2611
2023/12/06 03:39:04.99,460204.7623,5634129.4611,2946655.1774
2023/12/06 03:39:05.99,460213.2397,5634126.9928,2946658.0088
2023/12/06 03:39:06.99,460221.5394,5634124.5069,2946660.8823
2023/12/06 03:39:07.99,460229.6642,5634121.9588,2946663.8586
2023/12/06 03:39:08.99,460238.7575,5634124.3652,2946669.3929
2023/12/06 03:39:09.99,460247.7196,5634120.3827,2946670.968
2023/12/06 03:39:10.99,460255.5776,5634118.9649,2946675.7315
2023/12/06 03:39:11.99,460264.1172,5634115.7297,2946677.5694
2023/12/06 03:39:12.99,460272.152,5634113.6533,2946682.3216
2023/12/06 03:39:13.99,460280.7114,5634109.618,2946684.1942
2023/12/06 03:39:14.99,460287.7684,5634108.4065,2946689.4142
2023/12/06 03:39:15.99,460295.2763,5634105.6394,2946693.0016
2023/12/06 03:39:16.99,460299.3959,5634101.8822,2946696.5579
2023/12/06 03:39:17.99,460309.6275,5634100.5132,2946699.845
2023/12/06 03:39:18.99,460316.4661,5634098.1863,2946703.0248
2023/12/06 03:39:19.99,460323.068,5634096.0272,2946706.0307
2023/12/06 03:39:20.99,460329.9684,5634092.6931,2946707.3304
2023/12/06 03:39:21.99,460332.326,5634090.9298,2946711.5512
2023/12/06 03:39:22.99,460341.0635,5634090.4016,2946713.632
2023/12/06 03:39:23.99,460346.9387,5634087.2503,2946713.3389
2023/12/06 03:39:24.99,460352.5845,5634086.3764,2946715.4587
2023/12/06 03:39:25.99,460354.3062,5634085.3578,2946718.532
2023/12/06 03:39:26.99,460363.0061,5634084.1633,2946718.1844
2023/12/06 03:39:27.99,460367.593,5634094.6128,2946723.0309
2023/12/06 03:39:28.99,460371.6921,5634082.1999,2946720.6414
2023/12/06 03:39:29.99,460376.0042,5634081.1823,2946721.9236
2023/12/06 03:39:30.99,460380.8398,5634078.4044,2946722.7504
2023/12/06 03:39:31.99,460385.2231,5634079.6236,2946727.4815
2023/12/06 03:39:32.99,460389.9712,5634080.1374,2946728.4682
2023/12/06 03:39:38.99,460420.7808,5634069.6327,2946743.2868
2023/12/06 03:39:39.99,460425.3907,5634068.0351,2946745.986
2023/12/06 03:39:40.99,460429.9741,5634066.2642,2946748.5521
2023/12/06 03:39:41.99,460434.0165,5634061.6269,2946750.7037
2023/12/06 03:39:42.99,460440.5979,5634062.1216,2946754.2301
2023/12/06 03:39:43.99,460446.573,5634059.9352,2946757.525
2023/12/06 03:39:44.99,460452.7732,5634057.6958,2946761.7226
2023/12/06 03:39:45.99,460459.8001,5634053.4482,2946765.0857
2023/12/06 03:39:46.99,460466.7885,5634051.267,2946768.3468
2023/12/06 03:39:47.99,460473.9623,5634048.817,2946771.7919
2023/12/06 03:39:48.99,460481.2948,5634046.2734,2946775.4535
2023/12/06 03:39:49.99,460487.6853,5634043.4055,2946775.5154
2023/12/06 03:39:50.99,460496.8057,5634041.1193,2946782.8399
2023/12/06 03:39:51.99,460501.8031,5634037.3947,2946786.5876
2023/12/06 03:39:52.99,460511.1395,5634039.4228,2946793.4325
2023/12/06 03:39:53.99,460519.5704,5634036.3945,2946797.6525
2023/12/06 03:39:54.99,460528.1061,5634033.3887,2946802.1212
2023/12/06 03:39:55.99,460539.7827,5634023.8447,2946801.0079
2023/12/06 03:39:56.99,460545.0693,5634022.5339,2946807.8835
2023/12/06 03:39:57.99,460554.3639,5634019.4169,2946812.2218
2023/12/06 03:39:58.99,460563.82,5634016.2257,2946816.6835
2023/12/06 03:39:59.99,460573.4351,5634012.994,2946821.2552
2023/12/06 03:40:00.99,460583.1324,5634009.7188,2946825.9918
2023/12/06 03:40:01.99,460592.9528,5634006.4095,2946830.7259
2023/12/06 03:40:02.99,460606.341,5634002.9617,2946833.6661
2023/12/06 03:40:03.99,460611.9176,5634000.1126,2946839.6926
2023/12/06 03:40:04.99,460620.9148,5633997.0779,2946844.0445
2023/12/06 03:40:05.99,460629.6932,5633994.0402,2946848.3308
2023/12/06 03:40:06.99,460638.2622,5633991.0592,2946852.5987
2023/12/06 03:40:07.99,460646.6235,5633988.0692,2946856.8504
2023/12/06 03:40:08.99,460656.785,5633985.8469,2946857.3228
2023/12/06 03:40:09.99,460662.9593,5633982.3749,2946864.9671
2023/12/06 03:40:10.99,460674.053,5633980.8084,2946868.7058
2023/12/06 03:40:11.99,460681.7961,5633978.255,2946872.2897
2023/12/06 03:40:12.99,460686.152,5633974.7366,2946875.7566
2023/12/06 03:40:13.99,460696.5816,5633973.4271,2946879.0256
2023/12/06 03:40:14.99,460701.2946,5633974.8855,2946884.9937
2023/12/06 03:40:15.99,460707.1795,5633967.9191,2946885.4182
2023/12/06 03:40:16.99,460717.165,5633966.7021,2946888.6275
2023/12/06 03:40:17.99,460721.953,5633968.0419,2946895.121
2023/12/06 03:40:18.99,460728.4644,5633960.6596,2946895.9264
2023/12/06 03:40:19.99,460736.3475,5633957.8722,2946899.998
2023/12/06 03:40:20.99,460748.4704,5633966.1663,2946906.276
2023/12/06 03:40:21.99,460756.2603,5633953.1539,2946908.2763
2023/12/06 03:40:22.99,460764.3623,5633950.5523,2946912.0951
2023/12/06 03:40:23.99,460772.6523,5633946.7646,2946914.1442
2023/12/06 03:40:24.99,460778.2844,5633945.4157,2946915.5749
2023/12/06 03:40:25.99,460783.29,5633942.2531,2946922.5601
2023/12/06 03:40:26.99,460789.8877,5633940.0493,2946925.782
2023/12/06 03:40:27.99,460796.1221,5633937.9565,2946928.839
2023/12/06 03:40:28.99,460804.8327,5633937.1478,2946931.5732
2023/12/06 03:40:29.99,460806.1191,5633934.5899,2946933.856
2023/12/06 03:40:30.99,460813.6438,5633938.9278,2946937.6514
2023/12/06 03:40:31.99,460813.0442,5633932.1921,2946937.4283
2023/12/06 03:40:32.99,460815.64,5633931.2734,2946938.7623
2023/12/06 03:40:33.99,460821.9761,5633918.4585,2946935.1917
2023/12/06 03:40:34.99,460820.8003,5633938.9562,2946942.6128
2023/12/06 03:40:35.99,460821.6019,5633929.1798,2946941.8024
2023/12/06 03:40:36.99,460823.1296,5633928.6218,2946942.643
2023/12/06 03:40:37.99,460824.5592,5633927.9435,2946943.7382
2023/12/06 03:40:38.99,460825.4594,5633927.099,2946945.1253
2023/12/06 03:40:39.99,460825.5993,5633926.4177,2946946.4945
2023/12/06 03:40:40.99,460825.3724,5633925.9932,2946947.3569
2023/12/06 03:40:41.99,460828.2251,5633926.7828,2946947.9047
2023/12/06 03:40:42.99,460824.3068,5633925.3509,2946948.8282
2023/12/06 03:40:43.99,460822.4436,5633924.9015,2946950.0367
2023/12/06 03:40:44.99,460819.8276,5633924.8088,2946950.6982
2023/12/06 03:40:45.99,460820.5668,5633925.3336,2946948.2152
2023/12/06 03:40:46.99,460816.0578,5633925.3135,2946950.3783
2023/12/06 03:40:47.99,460814.752,5633925.621,2946950.0333
2023/12/06 03:40:48.99,460813.0326,5633925.9956,2946949.5528
2023/12/06 03:40:49.99,460810.1108,5633926.63,2946948.7841
2023/12/06 03:40:50.99,460806.0396,5633927.5034,2946947.6925
2023/12/06 03:40:51.99,460800.9073,5633928.8794,2946945.8376
2023/12/06 03:40:52.99,460794.5367,5633930.7599,2946943.1573
2023/12/06 03:40:53.99,460787.0079,5633932.9522,2946940.024
2023/12/06 03:40:54.99,460779.518,5633935.1621,2946936.8366
2023/12/06 03:40:55.99,460772.0843,5633937.3805,2946933.6373
2023/12/06 03:40:56.99,460764.9126,5633939.6032,2946930.4606
2023/12/06 03:40:57.99,460757.9291,5633941.8548,2946927.172
2023/12/06 03:40:58.99,460750.7915,5633944.3013,2946923.6403
2023/12/06 03:40:59.99,460743.4161,5633946.7478,2946920.0276
2023/12/06 03:41:00.99,460735.8559,5633949.2449,2946916.3969
2023/12/06 03:41:01.99,460728.1779,5633951.8086,2946912.7261
2023/12/06 03:41:02.99,460720.6472,5633954.3254,2946909.092
2023/12/06 03:41:03.99,460713.5895,5633956.7006,2946905.7435
2023/12/06 03:41:04.99,460707.6639,5633958.6572,2946902.9605
2023/12/06 03:41:05.99,460702.2961,5633960.4125,2946900.48
2023/12/06 03:41:06.99,460697.0722,5633962.0427,2946898.1489
2023/12/06 03:41:07.99,460691.9808,5633963.6766,2946895.8783
2023/12/06 03:41:08.99,460687.0193,5633965.3007,2946893.5708
2023/12/06 03:41:09.99,460682.1557,5633967.0027,2946891.1645
2023/12/06 03:41:10.99,460677.2681,5633968.7217,2946888.7118
2023/12/06 03:41:11.99,460672.2709,5633970.4522,2946886.2187
2023/12/06 03:41:12.99,460667.1419,5633972.2386,2946883.6814
2023/12/06 03:41:13.99,460661.7034,5633974.0938,2946881.0206
2023/12/06 03:41:14.99,460655.9333,5633976.0065,2946878.3218
2023/12/06 03:41:15.99,460649.9971,5633978.0193,2946875.4879
2023/12/06 03:41:16.99,460643.816,5633980.0997,2946872.4935
2023/12/06 03:41:17.99,460637.4407,5633982.3222,2946869.3538
2023/12/06 03:41:18.99,460630.8013,5633984.6322,2946866.0801
2023/12/06 03:41:19.99,460623.8421,5633987.032,2946862.6287
2023/12/06 03:41:20.99,460616.6031,5633989.5342,2946859.043
2023/12/06 03:41:21.99,460609.118,5633992.1271,2946855.3456
2023/12/06 03:41:22.99,460601.3881,5633994.7738,2946851.5272
2023/12/06 03:41:23.99,460593.451,5633997.5205,2946847.6044
2023/12/06 03:41:24.99,460585.3805,5634000.3151,2946843.624
2023/12/06 03:41:25.99,460577.2532,5634003.1334,2946839.6549
2023/12/06 03:41:26.99,460569.1314,5634005.8721,2946835.7384
2023/12/06 03:41:27.99,460561.3102,5634008.4744,2946832.0331
2023/12/06 03:41:28.99,460553.8556,5634010.9597,2946828.5183
2023/12/06 03:41:29.99,460546.7385,5634013.2922,2946825.1853
2023/12/06 03:41:30.99,460539.9914,5634015.5675,2946821.973
2023/12/06 03:41:31.99,460533.5243,5634017.7977,2946818.8131
2023/12/06 03:41:32.99,460527.23,5634019.9436,2946815.7345
2023/12/06 03:41:33.99,460521.0821,5634022.0862,2946812.6906
2023/12/06 03:41:34.99,460515.0015,5634024.1906,2946809.7104
2023/12/06 03:41:35.99,460509.0265,5634026.2396,2946806.7342
2023/12/06 03:41:36.99,460503.1308,5634028.323,2946803.8035
2023/12/06 03:41:37.99,460497.2334,5634030.3329,2946800.8778
2023/12/06 03:41:38.99,460491.189,5634032.4516,2946797.8742
2023/12/06 03:41:39.99,460484.9879,5634034.5996,2946794.7926
2023/12/06 03:41:40.99,460478.8051,5634036.7292,2946791.7244
2023/12/06 03:41:41.99,460472.9647,5634038.742,2946788.8188
2023/12/06 03:41:42.99,460467.4193,5634040.6393,2946786.0871
2023/12/06 03:41:43.99,460462.0925,5634042.4573,2946783.4924
2023/12/06 03:41:44.99,460460.0647,5634043.9758,2946778.3578
2023/12/06 03:41:45.99,460451.8474,5634045.8593,2946778.659
2023/12/06 03:41:46.99,460446.6977,5634047.5592,2946776.2223
2023/12/06 03:41:47.99,460441.5669,5634049.2563,2946773.8108
2023/12/06 03:41:48.99,460436.5337,5634050.9185,2946771.4454
2023/12/06 03:41:49.99,460431.5403,5634052.552,2946769.0475
2023/12/06 03:41:50.99,460426.5402,5634054.2272,2946766.6538
2023/12/06 03:41:51.99,460421.3682,5634055.9522,2946764.0885
2023/12/06 03:41:52.99,460415.9062,5634057.917,2946761.3043
2023/12/06 03:41:53.99,460410.4755,5634059.8773,2946758.4764
2023/12/06 03:41:54.99,460405.2182,5634061.7629,2946755.7485
2023/12/06 03:41:55.99,460400.0391,5634063.6119,2946753.1279
2023/12/06 03:41:56.99,460394.8919,5634065.3644,2946750.5495
2023/12/06 03:41:57.99,460389.8252,5634067.0663,2946748.1294
2023/12/06 03:41:58.99,460384.8932,5634068.6717,2946745.8366
2023/12/06 03:41:59.99,460379.8991,5634070.249,2946743.6213
2023/12/06 03:42:00.99,460374.7438,5634071.7594,2946741.4557
2023/12/06 03:42:01.99,460369.472,5634073.3645,2946739.1978
2023/12/06 03:42:02.99,460363.9443,5634075.0899,2946736.7136
2023/12/06 03:42:03.99,460358.3028,5634076.9501,2946734.0833
2023/12/06 03:42:04.99,460352.8318,5634078.7963,2946731.4348
2023/12/06 03:42:05.99,460350.6296,5634080.2349,2946726.1116
2023/12/06 03:42:06.99,460341.9446,5634082.4319,2946726.2036
2023/12/06 03:42:07.99,460336.2453,5634084.3758,2946723.4589
2023/12/06 03:42:08.99,460333.6188,5634086.1373,2946717.898
2023/12/06 03:42:09.99,460324.8351,5634088.2709,2946717.7943
2023/12/06 03:42:10.99,460319.423,5634090.1253,2946715.1595
2023/12/06 03:42:11.99,460313.8622,5634092.0363,2946712.5448
2023/12/06 03:42:12.99,460311.2854,5634093.691,2946707.2061
2023/12/06 03:42:13.99,460308.3486,5634099.1555,2946707.9797
2023/12/06 03:42:14.99,460302.2911,5634090.0133,2946702.0683
2023/12/06 03:42:15.99,460289.9616,5634100.0058,2946701.6782
2023/12/06 03:42:16.99,460289.742,5634105.3499,2946699.5173
2023/12/06 03:42:17.99,460277.1437,5634104.3472,2946695.8145
2023/12/06 03:42:18.99,460270.5618,5634106.6414,2946692.8122
2023/12/06 03:42:19.99,460263.8983,5634108.9712,2946689.7505
2023/12/06 03:42:20.99,460260.3159,5634111.1122,2946683.9559
2023/12/06 03:42:21.99,460252.245,5634117.3349,2946682.3581
2023/12/06 03:42:22.99,460243.3662,5634116.131,2946680.4546
2023/12/06 03:42:23.99,460240.1629,5634124.1787,2946677.9453
2023/12/06 03:42:24.99,460229.2746,5634120.6879,2946675.1723
2023/12/06 03:42:25.99,460222.2028,5634122.8336,2946672.7326
2023/12/06 03:42:26.99,460215.1622,5634124.9599,2946670.3296
2023/12/06 03:42:27.99,460211.9664,5634132.7955,2946668.1049
2023/12/06 03:42:28.99,460201.0755,5634129.1384,2946665.4782
2023/12/06 03:42:29.99,460194.0281,5634131.2443,2946663.1249
2023/12/06 03:42:30.99,460190.6474,5634139.5644,2946661.2924
2023/12/06 03:42:31.99,460183.4698,5634134.5369,2946656.5749
2023/12/06 03:42:32.99,460172.8145,5634137.2196,2946656.4915
2023/12/06 03:42:33.99,460165.6756,5634139.1208,2946654.3729
2023/12/06 03:42:34.99,460158.42,5634140.9999,2946652.3053
2023/12/06 03:42:35.99,460154.6738,5634145.675,2946647.8972
2023/12/06 03:42:36.99,460146.6127,5634147.5995,2946645.7129
2023/12/06 03:42:37.99,460138.8333,5634151.3541,2946646.2926
2023/12/06 03:42:38.99,460129.3164,5634154.7817,2946643.9617
2023/12/06 03:42:39.99,460120.8829,5634155.6571,2946642.015
2023/12/06 03:42:40.99,460110.7212,5634159.1918,2946639.5811
2023/12/06 03:42:41.99,460101.7632,5634160.2268,2946637.537
2023/12/06 03:42:42.99,460091.1912,5634163.7395,2946635.0257
2023/12/06 03:42:43.99,460081.8931,5634164.9252,2946633.0321
2023/12/06 03:42:44.99,460071.7457,5634167.3818,2946630.8149
2023/12/06 03:42:45.99,460061.5295,5634169.813,2946628.6784
2023/12/06 03:42:46.99,460051.2116,5634172.1939,2946626.5441
2023/12/06 03:42:47.99,460040.8007,5634174.5437,2946624.3782
2023/12/06 03:42:48.99,460032.1707,5634175.6622,2946622.4768
2023/12/06 03:42:49.99,460020.8564,5634179.1335,2946620.0187
2023/12/06 03:42:50.99,460011.5719,5634181.2645,2946618.046
2023/12/06 03:42:51.99,460002.7524,5634183.2834,2946616.1834
2023/12/06 03:42:52.99,459994.3849,5634185.1887,2946614.4358
2023/12/06 03:42:53.99,459986.6191,5634186.9792,2946612.7149
2023/12/06 03:42:54.99,459979.5414,5634188.6504,2946611.074
2023/12/06 03:42:55.99,459973.4612,5634190.1082,2946609.6376
2023/12/06 03:42:56.99,459968.3985,5634191.3509,2946608.4641
2023/12/06 03:42:57.99,459964.2899,5634192.3521,2946607.4962
2023/12/06 03:42:58.99,459961.0966,5634193.1128,2946606.7481
2023/12/06 03:42:59.99,459958.0934,5634193.7813,2946606.0894
2023/12/06 03:43:00.99,459953.1322,5634189.6769,2946602.4213
2023/12/06 03:43:01.99,459949.683,5634193.4418,2946602.4819
2023/12/06 03:43:02.99,459945.682,5634195.87,2946604.6777
2023/12/06 03:43:03.99,459940.4737,5634196.8115,2946603.9586
2023/12/06 03:43:04.99,459934.6938,5634197.9095,2946603.1597
2023/12/06 03:43:05.99,459928.2856,5634199.0766,2946602.2876
2023/12/06 03:43:06.99,459921.1763,5634200.375,2946601.2257
2023/12/06 03:43:07.99,459913.4814,5634201.9166,2946599.8585
2023/12/06 03:43:08.99,459905.8329,5634203.6066,2946598.2528
2023/12/06 03:43:09.99,459898.2292,5634205.2713,2946596.6312
2023/12/06 03:43:10.99,459890.5904,5634206.9458,2946595.0097
2023/12/06 03:43:11.99,459882.9161,5634208.6651,2946593.2919
2023/12/06 03:43:12.99,459875.1927,5634210.3608,2946591.5605
2023/12/06 03:43:13.99,459867.4099,5634212.0401,2946589.9304
2023/12/06 03:43:14.99,459858.7699,5634215.5518,2946588.3658
2023/12/06 03:43:15.99,459851.0248,5634217.2165,2946586.7298
2023/12/06 03:43:16.99,459843.2658,5634218.8526,2946585.09
2023/12/06 03:43:17.99,459835.0124,5634205.2893,2946579.2959
2023/12/06 03:43:18.99,459828.021,5634218.7228,2946578.9189
2023/12/06 03:43:19.99,459821.1045,5634212.619,2946575.8954
2023/12/06 03:43:20.99,459812.4751,5634221.9768,2946575.6133
2023/12/06 03:43:21.99,459805.5305,5634225.2211,2946576.6556
2023/12/06 03:43:22.99,459798.4172,5634226.7442,2946575.0649
2023/12/06 03:43:23.99,459791.7599,5634228.1569,2946573.596
2023/12/06 03:43:24.99,459784.9133,5634227.8428,2946569.4107
2023/12/06 03:43:25.99,459779.1772,5634232.0302,2946570.5374
2023/12/06 03:43:26.99,459775.0011,5634231.8165,2946569.5162
2023/12/06 03:43:27.99,459770.1257,5634234.4877,2946568.5623
2023/12/06 03:43:28.99,459767.2843,5634234.5942,2946567.5982
2023/12/06 03:43:29.99,459765.5736,5634235.0233,2946567.2075
2023/12/06 03:43:30.99,459765.3554,5634235.0837,2946567.1654
2023/12/06 03:43:31.99,459765.1869,5634235.5853,2946567.3839
2023/12/06 03:43:32.99,459765.3508,5634235.0889,2946567.1649
2023/12/06 03:43:33.99,459765.3554,5634235.0779,2946567.1636
2023/12/06 03:43:34.99,459765.3653,5634235.0646,2946567.1589
2023/12/06 03:43:35.99,459765.3804,5634234.8941,2946567.106
2023/12/06 03:43:36.99,459765.4087,5634234.8873,2946567.1093
2023/12/06 03:43:37.99,459765.4278,5634234.952,2946567.1358
2023/12/06 03:43:38.99,459765.4435,5634235.0623,2946567.182
2023/12/06 03:43:39.99,459765.9523,5634233.8306,2946567.3452
2023/12/06 03:43:40.99,459763.9939,5634239.9512,2946567.4867
2023/12/06 03:43:41.99,459762.3888,5634235.5809,2946566.3701
2023/12/06 03:43:42.99,459758.5148,5634232.3196,2946564.7816
2023/12/06 03:43:43.99,459757.8968,5634230.0594,2946563.8196
2023/12/06 03:43:44.99,459750.8123,5634245.5045,2946563.4585
2023/12/06 03:43:46.99,459749.1791,5634228.4174,2946556.7248
2023/12/06 03:43:47.99,459739.3167,5634240.7028,2946561.9377
2023/12/06 03:43:48.99,459735.2853,5634238.9568,2946559.0484
2023/12/06 03:43:49.99,459731.2238,5634236.8722,2946557.9366
2023/12/06 03:43:50.99,459726.8042,5634244.1244,2946557.692
2023/12/06 03:43:51.99,459723.1059,5634243.3202,2946556.5227
2023/12/06 03:43:52.99,459718.6373,5634244.2766,2946555.4423
2023/12/06 03:43:53.99,459713.7824,5634245.3177,2946554.3036
2023/12/06 03:43:54.99,459708.5593,5634246.4073,2946553.1383
2023/12/06 03:43:55.99,459702.5042,5634248.7592,2946551.7732
2023/12/06 03:43:56.99,459696.84,5634249.8768,2946550.5554
2023/12/06 03:43:57.99,459691.5031,5634249.7545,2946549.4653
2023/12/06 03:43:58.99,459685.1167,5634251.0397,2946547.9821
2023/12/06 03:43:59.99,459677.6794,5634253.7074,2946546.0925
2023/12/06 03:44:00.99,459669.935,5634240.569,2946540.6216
2023/12/06 03:44:01.99,459663.9027,5634255.4695,2946542.9464
2023/12/06 03:44:02.99,459656.1983,5634257.0159,2946541.1628
2023/12/06 03:44:03.99,459648.2807,5634258.651,2946539.3361
2023/12/06 03:44:04.99,459640.2574,5634260.2737,2946537.4757
2023/12/06 03:44:05.99,459632.2198,5634261.9191,2946535.6067
2023/12/06 03:44:06.99,459623.8022,5634246.9583,2946528.5505
2023/12/06 03:44:07.99,459615.6408,5634266.2932,2946531.9565
2023/12/06 03:44:08.99,459607.8713,5634267.8016,2946530.3085
2023/12/06 03:44:09.99,459600.9707,5634268.0406,2946528.7998
2023/12/06 03:44:10.99,459592.7828,5634270.8511,2946526.8706
2023/12/06 03:44:11.99,459585.5824,5634269.3543,2946522.697
2023/12/06 03:44:12.99,459579.8588,5634272.2876,2946523.9912
2023/12/06 03:44:13.99,459573.2807,5634274.7496,2946522.4911
2023/12/06 03:44:14.99,459568.6894,5634274.4952,2946521.5225
2023/12/06 03:44:15.99,459564.1326,5634275.3442,2946520.5798
2023/12/06 03:44:16.99,459560.1879,5634276.0374,2946519.8746
2023/12/06 03:44:17.99,459556.5641,5634276.5432,2946519.4136
2023/12/06 03:44:18.99,459552.9426,5634276.8837,2946519.2945
2023/12/06 03:44:19.99,459549.0886,5634277.0703,2946519.4159
2023/12/06 03:44:20.99,459544.4445,5634277.2008,2946519.8473
2023/12/06 03:44:21.99,459539.2648,5634277.4059,2946520.1972
2023/12/06 03:44:22.99,459534.2204,5634277.9351,2946520.0769
2023/12/06 03:44:23.99,459528.8682,5634278.9466,2946519.0428
2023/12/06 03:44:24.99,459522.9277,5634280.278,2946517.5369
2023/12/06 03:44:25.99,459516.6975,5634281.6216,2946515.9051
2023/12/06 03:44:26.99,459509.4051,5634284.3437,2946514.0361
2023/12/06 03:44:27.99,459502.0572,5634285.9122,2946512.239
2023/12/06 03:44:28.99,459493.7881,5634287.6457,2946510.3056
2023/12/06 03:44:29.99,459478.8444,5634291.9235,2946509.4491
2023/12/06 03:44:30.99,459472.1725,5634297.0149,2946508.8157
2023/12/06 03:44:31.99,459469.3103,5634292.5594,2946504.6326
2023/12/06 03:44:32.99,459463.6172,5634293.6649,2946503.4047
2023/12/06 03:44:33.99,459459.6147,5634294.4453,2946502.5556
2023/12/06 03:44:34.99,459456.9516,5634293.7952,2946502.0331
2023/12/06 03:44:35.99,459453.2389,5634295.6774,2946501.1948
2023/12/06 03:44:36.99,459450.2165,5634296.2457,2946500.5435
2023/12/06 03:44:37.99,459447.3578,5634295.6651,2946499.9369
2023/12/06 03:44:38.99,459442.4201,5634297.7856,2946498.805
2023/12/06 03:44:39.99,459438.1361,5634298.6286,2946497.8101
2023/12/06 03:44:40.99,459430.6702,5634303.5364,2946498.5332
2023/12/06 03:44:41.99,459427.4121,5634303.7736,2946498.6674
2023/12/06 03:44:42.99,459421.9038,5634302.6586,2946497.7895
2023/12/06 03:44:43.99,459422.4938,5634306.6608,2946497.6618
2023/12/06 03:44:44.99,459426.7032,5634300.9779,2946495.1447
2023/12/06 03:44:45.99,459426.1854,5634301.0301,2946494.9903
2023/12/06 03:44:46.99,459424.9679,5634301.248,2946494.684
2023/12/06 03:44:47.99,459424.5456,5634300.1623,2946494.6065
2023/12/06 03:44:48.99,459423.2783,5634300.4502,2946494.3048
2023/12/06 03:44:49.99,459420.1301,5634302.2556,2946493.4685
2023/12/06 03:44:50.99,459417.2904,5634301.7676,2946492.7037
2023/12/06 03:44:51.99,459412.7128,5634302.7528,2946491.5389
2023/12/06 03:44:52.99,459407.0707,5634304.9401,2946490.2542
2023/12/06 03:44:53.99,459402.1423,5634305.8119,2946489.3334
2023/12/06 03:44:54.99,459397.7662,5634305.4136,2946488.5775
2023/12/06 03:44:55.99,459391.1206,5634307.8174,2946487.1908
2023/12/06 03:44:56.99,459384.9678,5634307.8331,2946485.868
2023/12/06 03:44:57.99,459377.1831,5634310.5469,2946483.8777
2023/12/06 03:44:58.99,459370.1125,5634312.0247,2946482.0518
2023/12/06 03:44:59.99,459363.284,5634313.4097,2946480.3833
2023/12/06 03:45:00.99,459356.7574,5634314.7062,2946478.8662
2023/12/06 03:45:01.99,459351.2921,5634314.5371,2946477.7316
2023/12/06 03:45:02.99,459345.3256,5634316.8172,2946476.4502
2023/12/06 03:45:03.99,459340.6337,5634317.6677,2946475.4695
2023/12/06 03:45:04.99,459337.3497,5634317.0765,2946474.8376
2023/12/06 03:45:05.99,459333.5845,5634316.0354,2946471.403
2023/12/06 03:45:06.99,459331.8287,5634318.3343,2946473.2946
2023/12/06 03:45:07.99,459329.3034,5634320.3168,2946471.9539
2023/12/06 03:45:08.99,459328.1525,5634321.1066,2946470.5064
2023/12/06 03:45:09.99,459328.3538,5634320.5544,2946469.3147
2023/12/06 03:45:10.99,459327.5272,5634322.4354,2946467.9707
2023/12/06 03:45:11.99,459327.665,5634322.9403,2946467.0113
2023/12/06 03:45:12.99,459328.1328,5634323.5814,2946465.8378
2023/12/06 03:45:13.99,459329.6504,5634322.8041,2946464.9868
2023/12/06 03:45:14.99,459330.6032,5634323.1955,2946464.2201
2023/12/06 03:45:15.99,459331.8571,5634323.4704,2946463.5264
2023/12/06 03:45:16.99,459332.9488,5634322.0045,2946460.313
2023/12/06 03:45:17.99,459333.0073,5634328.7952,2946466.0028
2023/12/06 03:45:18.99,459338.0667,5634324.5377,2946462.8762
2023/12/06 03:45:19.99,459341.933,5634320.9143,2946461.1041
2023/12/06 03:45:20.99,459346.7912,5634321.8215,2946464.6248
2023/12/06 03:45:21.99,459350.1427,5634319.5394,2946462.6208
2023/12/06 03:45:22.99,459354.2123,5634318.8496,2946463.353
2023/12/06 03:45:23.99,459358.5961,5634318.0415,2946464.2565
2023/12/06 03:45:24.99,459364.2391,5634313.0193,2946466.3592
2023/12/06 03:45:25.99,459369.3858,5634316.0733,2946466.5101
2023/12/06 03:45:26.99,459375.8579,5634314.9732,2946467.7206
2023/12/06 03:45:27.99,459382.9823,5634313.82,2946468.9619
2023/12/06 03:45:28.99,459391.3109,5634308.4529,2946471.3214
2023/12/06 03:45:29.99,459399.2547,5634307.1111,2946472.7716
2023/12/06 03:45:30.99,459406.8029,5634311.3764,2946476.0013
2023/12/06 03:45:31.99,459413.3599,5634303.8505,2946474.258
2023/12/06 03:45:32.99,459418.7279,5634309.1991,2946478.4836
2023/12/06 03:45:33.99,459422.4763,5634303.6363,2946477.5291
2023/12/06 03:45:34.99,459427.0662,5634301.8099,2946478.7588
2023/12/06 03:45:35.99,459429.7044,5634308.1462,2946481.0491
2023/12/06 03:45:36.99,459432.8866,5634300.6093,2946480.215
2023/12/06 03:45:37.99,459435.3651,5634300.1108,2946480.7935
2023/12/06 03:45:38.99,459438.0615,5634303.6091,2946480.3396
2023/12/06 03:45:39.99,459443.1415,5634304.5475,2946483.7099
2023/12/06 03:45:40.99,459448.5218,5634303.6845,2946484.5281
2023/12/06 03:45:41.99,459454.1991,5634301.0345,2946482.7222
2023/12/06 03:45:42.99,459461.3714,5634299.862,2946483.8342
2023/12/06 03:45:43.99,459469.2304,5634300.2577,2946487.8067
2023/12/06 03:45:44.99,459476.3243,5634293.0372,2946487.3126
2023/12/06 03:45:45.99,459483.8071,5634297.5644,2946490.6275
2023/12/06 03:45:46.99,459491.3683,5634290.3018,2946490.6953
2023/12/06 03:45:47.99,459499.3241,5634294.3498,2946494.3149
2023/12/06 03:45:48.99,459506.6347,5634287.9867,2946494.3798
2023/12/06 03:45:49.99,459515.7914,5634290.8383,2946498.4123
2023/12/06 03:45:50.99,459524.3258,5634289.0808,2946500.4681
2023/12/06 03:45:51.99,459533.0061,5634287.2646,2946502.5605
2023/12/06 03:45:52.99,459541.6038,5634278.8841,2946501.2193
2023/12/06 03:45:53.99,459549.4181,5634277.6472,2946503.1772
2023/12/06 03:45:54.99,459551.437,5634284.1421,2946508.915
2023/12/06 03:45:55.99,459564.3212,5634274.555,2946506.8313
2023/12/06 03:45:56.99,459571.3472,5634274.9912,2946511.6107
2023/12/06 03:45:57.99,459574.7808,5634279.4927,2946514.2112
2023/12/06 03:45:58.99,459586.5374,5634272.8399,2946515.0912
2023/12/06 03:45:59.99,459593.5196,5634271.5996,2946516.3566
2023/12/06 03:46:00.99,459597.9284,5634266.1065,2946513.9102
2023/12/06 03:46:01.99,459602.4606,5634278.4353,2946519.6082
2023/12/06 03:46:02.99,459612.289,5634271.5865,2946520.1935
2023/12/06 03:46:03.99,459617.6821,5634270.4794,2946521.483
2023/12/06 03:46:04.99,459622.2177,5634267.8815,2946519.7851
2023/12/06 03:46:05.99,459627.3523,5634263.3814,2946521.8441
2023/12/06 03:46:06.99,459631.291,5634266.2872,2946521.4132
2023/12/06 03:46:07.99,459635.2625,5634265.5327,2946522.215
2023/12/06 03:46:08.99,459639.3289,5634266.4751,2946525.6822
2023/12/06 03:46:09.99,459641.4264,5634264.3086,2946523.5878
2023/12/06 03:46:10.99,459643.6973,5634265.6605,2946526.6597
2023/12/06 03:46:11.99,459644.328,5634248.8494,2946520.4621
2023/12/06 03:46:12.99,459644.4666,5634260.6978,2946525.0025
2023/12/06 03:46:13.99,459644.9774,5634248.7034,2946520.5789
2023/12/06 03:46:14.99,459645.414,5634265.2825,2946526.9922
2023/12/06 03:46:15.99,459644.7129,5634266.6121,2946526.8066
2023/12/06 03:46:16.99,459645.4428,5634265.3198,2946527.0142
2023/12/06 03:46:17.99,459642.9997,5634256.6517,2946523.1514
2023/12/06 03:46:18.99,459643.428,5634256.6416,2946523.2657
2023/12/06 03:46:23.99,459645.915,5634266.0718,2946526.9647
2023/12/06 03:46:24.99,459644.8207,5634261.6647,2946526.1952
2023/12/06 03:46:27.99,459643.6742,5634268.4243,2946526.669
2023/12/06 03:46:29.99,459645.9536,5634260.4471,2946525.614
2023/12/06 03:46:38.99,459645.8389,5634267.3838,2946528.1544
2023/12/06 03:46:43.99,459644.8274,5634261.6778,2946526.202
2023/12/06 03:46:44.99,459643.276,5634263.2346,2946525.6914
2023/12/06 03:46:45.99,459646.7283,5634261.1745,2946526.5944
2023/12/06 03:46:46.99,459649.1855,5634254.5422,2946523.7434
2023/12/06 03:46:55.99,459679.1895,5634255.0822,2946533.1793
2023/12/06 03:46:56.99,459687.1131,5634251.524,2946533.2975
2023/12/06 03:46:57.99,459689.7342,5634259.2684,2946537.7128
2023/12/06 03:46:58.99,459698.2955,5634250.765,2946537.091
2023/12/06 03:46:59.99,459702.2981,5634258.3134,2946543.1078
2023/12/06 03:47:00.99,459708.8747,5634256.6838,2946544.7009
2023/12/06 03:47:01.99,459723.3155,5634237.696,2946538.8688
2023/12/06 03:47:02.99,459729.8477,5634236.0225,2946540.3867
2023/12/06 03:47:03.99,459737.3982,5634233.9131,2946542.8952
2023/12/06 03:47:04.99,459734.3223,5634247.1385,2946550.2081
2023/12/06 03:47:05.99,459749.9526,5634231.6835,2946545.4623
2023/12/06 03:47:06.99,459752.4602,5634238.278,2946552.8652
2023/12/06 03:47:08.99,459764.5302,5634243.39,2946559.7765
2023/12/06 03:47:09.99,459772.5425,5634236.5339,2946557.7263
2023/12/06 03:47:10.99,459778.518,5634238.9,2946561.6389
2023/12/06 03:47:11.99,459786.8136,5634234.1948,2946562.8482
2023/12/06 03:47:12.99,459799.5141,5634223.7979,2946560.6098
2023/12/06 03:47:13.99,459808.1911,5634222.4645,2946561.6131
2023/12/06 03:47:14.99,459805.5589,5634251.0088,2946570.212
2023/12/06 03:47:15.99,459816.5023,5634233.537,2946570.6384
2023/12/06 03:47:16.99,459823.6578,5634227.2865,2946570.9499
2023/12/06 03:47:17.99,459831.9739,5634229.9863,2946573.8583
2023/12/06 03:47:18.99,459839.823,5634228.5888,2946575.6778
2023/12/06 03:47:19.99,459848.0133,5634226.8402,2946577.5038
2023/12/06 03:47:20.99,459856.5321,5634224.7352,2946579.2667
2023/12/06 03:47:21.99,459869.198,5634214.4889,2946578.8781
2023/12/06 03:47:22.99,459875.4223,5634220.6184,2946583.121
2023/12/06 03:47:23.99,459888.2034,5634210.359,2946582.8326
2023/12/06 03:47:24.99,459894.0425,5634216.496,2946587.2931
2023/12/06 03:47:25.99,459906.4344,5634206.2016,2946587.1377
2023/12/06 03:47:26.99,459915.0603,5634204.1676,2946589.1943
2023/12/06 03:47:27.99,459919.5631,5634205.2795,2946591.5954
2023/12/06 03:47:28.99,459928.2752,5634208.9021,2946595.3333
2023/12/06 03:47:29.99,459936.3356,5634206.8027,2946596.9312
2023/12/06 03:47:30.99,459948.2937,5634194.5654,2946595.2759
2023/12/06 03:47:31.99,459955.8535,5634194.992,2946598.0099
2023/12/06 03:47:32.99,459965.1336,5634189.4933,2946597.3127
2023/12/06 03:47:33.99,459973.2009,5634191.0584,2946601.6623
2023/12/06 03:47:34.99,459981.3639,5634188.7587,2946601.6674
2023/12/06 03:47:35.99,459991.1061,5634187.0331,2946605.3666
2023/12/06 03:47:36.99,459996.9962,5634192.8214,2946609.3054
2023/12/06 03:47:37.99,460007.3222,5634183.0233,2946606.5584
2023/12/06 03:47:38.99,460015.1367,5634189.3283,2946613.4233
2023/12/06 03:47:39.99,460027.6569,5634178.7478,2946612.9962
2023/12/06 03:47:40.99,460032.6059,5634181.5759,2946616.4374
2023/12/06 03:47:41.99,460046.3718,5634171.0878,2946614.3932
2023/12/06 03:47:42.99,460051.1541,5634181.067,2946621.2124
2023/12/06 03:47:43.99,460063.2158,5634170.501,2946620.6799
2023/12/06 03:47:44.99,460071.8553,5634168.439,2946622.5189
2023/12/06 03:47:45.99,460080.4717,5634166.4348,2946624.2785
2023/12/06 03:47:46.99,460090.5277,5634161.36,2946625.4245
2023/12/06 03:47:47.99,460098.2991,5634159.7147,2946626.4728
2023/12/06 03:47:48.99,460105.8431,5634160.7343,2946629.535
2023/12/06 03:47:49.99,460114.0077,5634158.906,2946631.2275
2023/12/06 03:47:50.99,460122.022,5634157.1243,2946632.9419
2023/12/06 03:47:51.99,460130.0795,5634155.3308,2946634.7655
2023/12/06 03:47:52.99,460139.721,5634151.7551,2946637.8399
2023/12/06 03:47:53.99,460146.9229,5634151.0855,2946639.2434
2023/12/06 03:47:54.99,460156.3464,5634146.6415,2946640.7128
2023/12/06 03:47:55.99,460164.7324,5634146.5978,2946644.3453
2023/12/06 03:47:56.99,460174.3064,5634141.3702,2946645.6327
2023/12/06 03:47:57.99,460182.1904,5634141.9198,2946649.5654
2023/12/06 03:47:58.99,460187.6085,5634147.0548,2946654.2341
2023/12/06 03:47:59.99,460199.3146,5634137.082,2946654.931
2023/12/06 03:48:00.99,460207.8487,5634134.6669,2946657.671
2023/12/06 03:48:01.99,460216.3706,5634132.1826,2946660.4736
2023/12/06 03:48:02.99,460224.8237,5634129.6814,2946663.4076
2023/12/06 03:48:03.99,460233.1291,5634127.0878,2946666.4225
2023/12/06 03:48:04.99,460241.295,5634124.4321,2946669.6418
2023/12/06 03:48:05.99,460249.7667,5634120.0816,2946670.5537
2023/12/06 03:48:06.99,460257.6414,5634118.7968,2946676.4113
2023/12/06 03:48:07.99,460265.8153,5634116.1186,2946679.8404
2023/12/06 03:48:08.99,460273.9315,5634113.3782,2946683.2639
2023/12/06 03:48:09.99,460282.6148,5634108.4347,2946685.6714
2023/12/06 03:48:10.99,460286.7584,5634115.8629,2946692.263
2023/12/06 03:48:11.99,460297.7409,5634105.4054,2946693.5262
2023/12/06 03:48:12.99,460304.8823,5634102.9999,2946696.7898
2023/12/06 03:48:13.99,460311.0402,5634100.9443,2946699.5582
2023/12/06 03:48:14.99,460315.9452,5634099.3731,2946701.7057
2023/12/06 03:48:15.99,460315.1485,5634102.4245,2946704.2379
2023/12/06 03:48:16.99,460321.5845,5634097.4884,2946704.312
2023/12/06 03:48:17.99,460324.3927,5634093.1758,2946702.8844
2023/12/06 03:48:18.99,460326.2529,5634092.5188,2946703.8583
2023/12/06 03:48:19.99,460328.0235,5634091.8769,2946704.788
2023/12/06 03:48:20.99,460329.2843,5634094.6935,2946708.2597
2023/12/06 03:48:21.99,460331.8627,5634093.7656,2946709.6072
2023/12/06 03:48:22.99,460335.4212,5634090.9203,2946709.0137
2023/12/06 03:48:23.99,460339.1386,5634090.9465,2946713.7306
2023/12/06 03:48:24.99,460344.2647,5634089.4955,2946715.6562
2023/12/06 03:48:25.99,460350.6776,5634084.7186,2946714.5442
2023/12/06 03:48:26.99,460355.7853,5634087.0267,2946718.4371
2023/12/06 03:48:27.99,460361.5101,5634085.8412,2946719.8759
2023/12/06 03:48:28.99,460367.1863,5634084.5812,2946721.3716
2023/12/06 03:48:29.99,460372.8282,5634083.3927,2946722.8891
2023/12/06 03:48:30.99,460379.5673,5634078.4158,2946722.21
2023/12/06 03:48:31.99,460385.2519,5634076.839,2946724.529
2023/12/06 03:48:32.99,460390.4249,5634078.2082,2946728.3254
2023/12/06 03:48:37.99,460413.7313,5634066.2763,2946737.2655
2023/12/06 03:48:39.99,460414.3594,5634069.5717,2946741.5985
2023/12/06 03:48:40.99,460417.0272,5634065.4269,2946740.877
2023/12/06 03:48:41.99,460419.1465,5634068.1239,2946743.9667
2023/12/06 03:48:42.99,460420.4371,5634066.9314,2946744.4487
2023/12/06 03:48:43.99,460421.7954,5634066.1469,2946745.0021
2023/12/06 03:48:44.99,460423.0361,5634067.2273,2946745.7572
2023/12/06 03:48:45.99,460424.0196,5634067.0135,2946746.2664
2023/12/06 03:48:46.99,460424.8795,5634066.7455,2946746.6423
2023/12/06 03:48:47.99,460422.8408,5634043.6964,2946738.1601
2023/12/06 03:48:48.99,460428.9156,5634080.0521,2946751.8468
2023/12/06 03:48:49.99,460428.2681,5634065.4265,2946748.539
2023/12/06 03:48:50.99,460425.9405,5634074.3133,2946751.2214
2023/12/06 03:48:51.99,460427.5821,5634073.399,2946752.1717
2023/12/06 03:48:52.99,460433.0549,5634062.9662,2946752.2757
2023/12/06 03:48:53.99,460435.2957,5634061.8237,2946753.9264
2023/12/06 03:48:54.99,460434.6344,5634070.2402,2946757.537
2023/12/06 03:48:55.99,460441.5196,5634059.7306,2946756.9825
2023/12/06 03:48:56.99,460445.2001,5634058.6195,2946758.3188
2023/12/06 03:48:57.99,460449.1346,5634057.4262,2946759.9442
2023/12/06 03:48:58.99,460453.7276,5634055.9192,2946762.0343
2023/12/06 03:48:59.99,460458.9693,5634054.1781,2946764.5583
2023/12/06 03:49:00.99,460466.6462,5634066.4199,2946771.5059
2023/12/06 03:49:01.99,460470.7624,5634050.2931,2946770.211
2023/12/06 03:49:02.99,460477.2638,5634048.178,2946773.2889
2023/12/06 03:49:03.99,460484.1138,5634045.8437,2946776.5532
2023/12/06 03:49:04.99,460491.226,5634043.4586,2946779.9729
2023/12/06 03:49:05.99,460498.4823,5634040.9939,2946783.5062
2023/12/06 03:49:06.99,460505.9424,5634038.4942,2946787.0329
2023/12/06 03:49:07.99,460518.6302,5634027.0526,2946786.6651
2023/12/06 03:49:08.99,460526.3066,5634024.4892,2946790.3235
2023/12/06 03:49:09.99,460534.0699,5634021.7117,2946793.9968
2023/12/06 03:49:10.99,460537.3603,5634024.6675,2946799.3487
2023/12/06 03:49:11.99,460544.5081,5634025.4892,2946805.5423
2023/12/06 03:49:12.99,460552.3962,5634022.8601,2946809.2919
2023/12/06 03:49:13.99,460560.3292,5634020.1554,2946813.0838
2023/12/06 03:49:14.99,460569.0138,5634013.9312,2946814.5532
2023/12/06 03:49:15.99,460576.9301,5634011.1559,2946818.4264
2023/12/06 03:49:16.99,460583.952,5634011.9888,2946824.7869
2023/12/06 03:49:17.99,460592.3702,5634005.8967,2946826.1049
2023/12/06 03:49:18.99,460600.3011,5634003.3325,2946829.6521
2023/12/06 03:49:19.99,460608.1646,5634000.7962,2946833.2006
2023/12/06 03:49:20.99,460614.4856,5634001.9501,2946838.9617
2023/12/06 03:49:21.99,460620.5878,5633999.8467,2946842.0059
2023/12/06 03:49:22.99,460626.284,5633997.7839,2946845.02
2023/12/06 03:49:23.99,460631.7739,5633995.7568,2946847.9063
2023/12/06 03:49:24.99,460637.2726,5633993.8678,2946850.6374
2023/12/06 03:49:25.99,460642.7448,5633992.0,2946853.2732
2023/12/06 03:49:26.99,460648.8358,5633986.6583,2946853.4653
2023/12/06 03:49:27.99,460653.4518,5633988.3137,2946858.5203
2023/12/06 03:49:28.99,460658.396,5633986.6459,2946860.9422
2023/12/06 03:49:29.99,460663.0413,5633985.0633,2946863.1424
2023/12/06 03:49:30.99,460667.6834,5633983.459,2946865.35
2023/12/06 03:49:31.99,460672.5459,5633981.8437,2946867.7023
2023/12/06 03:49:32.99,460677.7349,5633980.089,2946870.2136
2023/12/06 03:49:33.99,460683.0958,5633978.2227,2946872.8344
2023/12/06 03:49:34.99,460688.3657,5633976.4076,2946875.4582
2023/12/06 03:49:35.99,460693.6537,5633974.4956,2946878.088
2023/12/06 03:49:36.99,460699.2517,5633972.6407,2946880.8168
2023/12/06 03:49:37.99,460705.1769,5633970.7056,2946883.5912
2023/12/06 03:49:38.99,460711.4242,5633968.6176,2946886.4627
2023/12/06 03:49:39.99,460717.9853,5633966.541,2946889.5158
2023/12/06 03:49:40.99,460724.8219,5633964.2952,2946892.7562
2023/12/06 03:49:41.99,460732.6329,5633958.419,2946893.703
2023/12/06 03:49:42.99,460740.0288,5633955.9642,2946897.3252
2023/12/06 03:49:43.99,460747.0286,5633956.8066,2946903.5134
2023/12/06 03:49:44.99,460754.8803,5633954.1036,2946907.3745
2023/12/06 03:49:45.99,460762.7683,5633951.4573,2946911.2553
2023/12/06 03:49:46.99,460770.5351,5633948.8573,2946915.0309
2023/12/06 03:49:47.99,460778.0953,5633946.3658,2946918.6749
2023/12/06 03:49:48.99,460785.221,5633940.7033,2946919.3266
2023/12/06 03:49:49.99,460789.6312,5633942.4945,2946924.277
2023/12/06 03:49:50.99,460794.7833,5633937.5161,2946924.0364
2023/12/06 03:49:51.99,460798.1874,5633936.3686,2946925.7314
2023/12/06 03:49:52.99,460801.058,5633935.3709,2946927.1912
2023/12/06 03:49:53.99,460802.9866,5633934.7007,2946928.1748
2023/12/06 03:49:54.99,460804.5006,5633934.1824,2946928.9421
2023/12/06 03:49:55.99,460804.8743,5633937.5207,2946932.0024
2023/12/06 03:49:56.99,460806.1505,5633933.6315,2946929.7858
2023/12/06 03:49:57.99,460805.8798,5633936.9562,2946932.4399
2023/12/06 03:49:58.99,460806.8965,5633933.3783,2946930.166
2023/12/06 03:49:59.99,460806.5467,5633936.7272,2946932.7867
2023/12/06 03:50:00.99,460807.8773,5633933.0647,2946930.6905
2023/12/06 03:50:01.99,460808.2048,5633936.1174,2946933.6303
2023/12/06 03:50:02.99,460809.571,5633935.6793,2946934.3604
2023/12/06 03:50:03.99,460811.9163,5633931.6284,2946932.8025
2023/12/06 03:50:04.99,460813.4319,5633931.0574,2946933.5941
2023/12/06 03:50:05.99,460813.751,5633934.2001,2946936.6004
2023/12/06 03:50:06.99,460814.5542,5633933.9001,2946937.0108
2023/12/06 03:50:07.99,460816.0173,5633930.1617,2946934.9993
2023/12/06 03:50:08.99,460816.3358,5633933.2563,2946937.9695
2023/12/06 03:50:09.99,460817.8691,5633933.0085,2946938.7411
2023/12/06 03:50:10.99,460820.75,5633928.6767,2946937.1279
2023/12/06 03:50:11.99,460822.6206,5633931.3605,2946940.6435
2023/12/06 03:50:12.99,460825.8086,5633927.1602,2946939.2334
2023/12/06 03:50:13.99,460827.84,5633926.4859,2946940.2518
2023/12/06 03:50:14.99,460828.3368,5633929.1896,2946943.9419
2023/12/06 03:50:15.99,460829.3595,5633924.9571,2946942.8837
2023/12/06 03:50:16.99,460828.4396,5633927.9721,2946946.7281
2023/12/06 03:50:17.99,460828.2972,5633923.71,2946945.5413
2023/12/06 03:50:18.99,460827.0481,5633923.2435,2946946.7325
2023/12/06 03:50:19.99,460826.2178,5633922.9788,2946947.3938
2023/12/06 03:50:20.99,460825.5887,5633922.7546,2946948.0016
2023/12/06 03:50:21.99,460824.7437,5633922.3867,2946948.8964
2023/12/06 03:50:22.99,460823.4922,5633921.9278,2946950.0081
2023/12/06 03:50:23.99,460821.5867,5633921.6545,2946950.8787
2023/12/06 03:50:24.99,460819.1947,5633921.7669,2946950.9108
2023/12/06 03:50:25.99,460816.4943,5633922.4095,2946950.0624
2023/12/06 03:50:26.99,460813.3133,5633923.533,2946948.3842
2023/12/06 03:50:27.99,460809.4504,5633924.8048,2946946.5082
2023/12/06 03:50:28.99,460805.0035,5633926.1535,2946944.5697
2023/12/06 03:50:29.99,460799.9981,5633927.6678,2946942.431
2023/12/06 03:50:30.99,460794.2735,5633929.3864,2946939.9447
2023/12/06 03:50:31.99,460787.8854,5633931.4579,2946936.9426
2023/12/06 03:50:32.99,460780.8214,5633933.7801,2946933.4682
2023/12/06 03:50:33.99,460773.1237,5633936.3383,2946929.636
2023/12/06 03:50:34.99,460765.1237,5633939.1493,2946925.5182
2023/12/06 03:50:35.99,460757.2167,5633941.9206,2946921.4891
2023/12/06 03:50:36.99,460749.2754,5633944.5135,2946917.6929
2023/12/06 03:50:37.99,460741.4899,5633947.0102,2946914.1122
2023/12/06 03:50:38.99,460733.518,5633949.6194,2946910.3404
2023/12/06 03:50:39.99,460725.0841,5633952.3741,2946906.4263
2023/12/06 03:50:40.99,460716.243,5633955.2496,2946902.3918
2023/12/06 03:50:41.99,460707.0892,5633958.2013,2946898.1878
2023/12/06 03:50:42.99,460697.6729,5633961.2859,2946893.7984
2023/12/06 03:50:43.99,460688.1921,5633964.5134,2946889.2728
2023/12/06 03:50:44.99,460678.8409,5633967.7245,2946884.6558
2023/12/06 03:50:45.99,460669.5558,5633970.9159,2946880.1122
2023/12/06 03:50:46.99,460660.2622,5633974.024,2946875.6848
2023/12/06 03:50:47.99,460651.0855,5633977.1376,2946871.2492
2023/12/06 03:50:48.99,460641.953,5633980.2396,2946866.8636
2023/12/06 03:50:49.99,460631.5151,5633986.705,2946863.0868
2023/12/06 03:50:50.99,460624.0828,5633986.5025,2946857.9145
2023/12/06 03:50:51.99,460615.2773,5633989.6346,2946853.4248
2023/12/06 03:50:52.99,460606.4036,5633992.6437,2946849.0517
2023/12/06 03:50:53.99,460597.3197,5633995.6841,2946844.7293
2023/12/06 03:50:54.99,460588.0341,5633998.8016,2946840.3588
2023/12/06 03:50:55.99,460578.6462,5634002.0007,2946835.8408
2023/12/06 03:50:56.99,460569.1806,5634005.2063,2946831.2119
2023/12/06 03:50:57.99,460559.7259,5634008.5059,2946826.5197
2023/12/06 03:50:58.99,460550.3953,5634011.7066,2946821.9483
2023/12/06 03:50:59.99,460541.1798,5634014.7538,2946817.6245
2023/12/06 03:51:00.99,460532.1957,5634017.7503,2946813.3974
2023/12/06 03:51:01.99,460523.5653,5634020.6492,2946809.2663
2023/12/06 03:51:02.99,460515.3275,5634023.4725,2946805.3015
2023/12/06 03:51:03.99,460507.6487,5634026.1054,2946801.5544
2023/12/06 03:51:04.99,460500.5105,5634028.5097,2946798.0989
2023/12/06 03:51:05.99,460492.571,5634033.4176,2946795.2491
2023/12/06 03:51:06.99,460487.6719,5634032.873,2946791.8976
2023/12/06 03:51:07.99,460481.8178,5634034.8226,2946789.0996
2023/12/06 03:51:08.99,460476.2669,5634036.6697,2946786.4627
2023/12/06 03:51:09.99,460470.9574,5634038.4537,2946783.9239
2023/12/06 03:51:10.99,460465.8466,5634040.1656,2946781.4828
2023/12/06 03:51:11.99,460460.8985,5634041.8066,2946779.1525
2023/12/06 03:51:12.99,460456.101,5634043.3986,2946776.8717
2023/12/06 03:51:13.99,460451.2982,5634044.9959,2946774.5768
2023/12/06 03:51:14.99,460446.2778,5634046.6786,2946772.1699
2023/12/06 03:51:15.99,460441.0659,5634048.3881,2946769.6993
2023/12/06 03:51:16.99,460436.1277,5634050.0113,2946767.3449
2023/12/06 03:51:17.99,460431.4864,5634051.5587,2946765.1632
2023/12/06 03:51:18.99,460426.6206,5634053.1377,2946762.8813
2023/12/06 03:51:19.99,460421.297,5634054.8378,2946760.4232
2023/12/06 03:51:20.99,460415.8443,5634056.6662,2946757.9209
2023/12/06 03:51:21.99,460410.3095,5634058.4602,2946755.3963
2023/12/06 03:51:22.99,460404.5614,5634060.4252,2946752.5737
2023/12/06 03:51:23.99,460398.8776,5634062.4612,2946749.5906
2023/12/06 03:51:24.99,460393.4136,5634064.4288,2946746.7054
2023/12/06 03:51:25.99,460387.7139,5634066.3875,2946743.9091
2023/12/06 03:51:26.99,460381.6174,5634068.3587,2946741.0838
2023/12/06 03:51:27.99,460375.2732,5634070.3861,2946738.1791
2023/12/06 03:51:28.99,460368.7174,5634072.5016,2946735.0883
2023/12/06 03:51:29.99,460362.1314,5634074.7787,2946731.8424
2023/12/06 03:51:30.99,460355.6517,5634077.0602,2946728.4916
2023/12/06 03:51:31.99,460348.9255,5634079.5267,2946724.8823
2023/12/06 03:51:32.99,460341.8712,5634082.1384,2946721.0484
2023/12/06 03:51:33.99,460334.469,5634084.8644,2946717.0195
2023/12/06 03:51:34.99,460326.7628,5634087.6563,2946712.9992
2023/12/06 03:51:35.99,460318.7063,5634090.436,2946709.1696
2023/12/06 03:51:36.99,460310.4147,5634093.2655,2946705.2683
2023/12/06 03:51:37.99,460301.8003,5634096.1519,2946701.2315
2023/12/06 03:51:38.99,460292.8527,5634099.2328,2946697.1088
2023/12/06 03:51:39.99,460283.5754,5634102.3494,2946692.8939
2023/12/06 03:51:40.99,460274.0053,5634105.5969,2946688.6629
2023/12/06 03:51:41.99,460264.1093,5634108.8648,2946684.4496
2023/12/06 03:51:42.99,460253.924,5634112.0616,2946680.2763
2023/12/06 03:51:43.99,460243.9232,5634115.3859,2946676.3628
2023/12/06 03:51:44.99,460234.0237,5634118.6507,2946672.5151
2023/12/06 03:51:45.99,460224.1541,5634121.8947,2946668.6729
2023/12/06 03:51:46.99,460214.2884,5634125.1338,2946664.7616
2023/12/06 03:51:47.99,460204.3348,5634128.3606,2946660.8908
2023/12/06 03:51:48.99,460194.1926,5634131.4909,2946657.3543
2023/12/06 03:51:49.99,460183.8212,5634134.3787,2946654.1414
2023/12/06 03:51:50.99,460173.2101,5634137.0977,2946651.2466
2023/12/06 03:51:51.99,460162.3585,5634139.6655,2946648.5881
2023/12/06 03:51:52.99,460151.2581,5634142.1148,2946645.9495
2023/12/06 03:51:53.99,460139.9706,5634144.6942,2946643.399
2023/12/06 03:51:54.99,460128.5414,5634147.3296,2946640.8941
2023/12/06 03:51:55.99,460117.0566,5634150.0053,2946638.2627
2023/12/06 03:51:56.99,460105.4905,5634152.7491,2946635.5032
2023/12/06 03:51:57.99,460093.8489,5634155.5824,2946632.7872
2023/12/06 03:51:58.99,460082.1309,5634158.3897,2946630.046
2023/12/06 03:51:59.99,460070.3885,5634161.2845,2946627.37
2023/12/06 03:52:00.99,460058.6044,5634164.1221,2946624.8731
2023/12/06 03:52:01.99,460046.7293,5634166.7875,2946622.4794
2023/12/06 03:52:02.99,460034.7803,5634169.4074,2946620.0617
2023/12/06 03:52:03.99,460022.7921,5634172.1336,2946617.5468
2023/12/06 03:52:04.99,460010.774,5634174.9003,2946614.9652
2023/12/06 03:52:05.99,459998.871,5634177.6854,2946612.3462
2023/12/06 03:52:06.99,459987.1445,5634180.3503,2946609.8779
2023/12/06 03:52:07.99,459975.6924,5634182.8602,2946607.5339
2023/12/06 03:52:08.99,459964.8602,5634185.285,2946605.3747
2023/12/06 03:52:09.99,459954.663,5634187.5664,2946603.5957
2023/12/06 03:52:10.99,459944.9836,5634189.647,2946601.4142
2023/12/06 03:52:11.99,459935.693,5634191.5459,2946599.7392
2023/12/06 03:52:12.99,459926.5989,5634193.0616,2946598.7516
2023/12/06 03:52:13.99,459917.7175,5634194.4372,2946597.8766
2023/12/06 03:52:14.99,459907.9955,5634198.4339,2946596.7357
2023/12/06 03:52:15.99,459900.9399,5634197.9224,2946594.7415
2023/12/06 03:52:16.99,459892.8415,5634199.689,2946592.9814
2023/12/06 03:52:17.99,459884.9123,5634201.5399,2946591.1237
2023/12/06 03:52:18.99,459877.4911,5634203.2435,2946589.3024
2023/12/06 03:52:19.99,459870.2664,5634204.9691,2946587.4887
2023/12/06 03:52:20.99,459863.6489,5634206.6089,2946585.6974
2023/12/06 03:52:21.99,459857.6305,5634208.2701,2946583.785
2023/12/06 03:52:22.99,459850.233,5634201.773,2946580.605
2023/12/06 03:52:23.99,459842.8799,5634203.2154,2946579.2466
2023/12/06 03:52:24.99,459835.766,5634215.0148,2946579.6333
2023/12/06 03:52:25.99,459831.1851,5634212.9313,2946578.9091
2023/12/06 03:52:26.99,459826.1999,5634214.811,2946577.3391
2023/12/06 03:52:27.99,459820.7359,5634215.7079,2946576.6159
2023/12/06 03:52:28.99,459815.1113,5634216.7101,2946575.7134
2023/12/06 03:52:29.99,459809.3568,5634217.9062,2946574.5337
2023/12/06 03:52:30.99,459803.6906,5634219.1376,2946573.23
2023/12/06 03:52:31.99,459798.5972,5634220.2717,2946572.0486
2023/12/06 03:52:32.99,459793.7185,5634221.2035,2946571.1089
2023/12/06 03:52:33.99,459789.1562,5634222.1653,2946570.1676
2023/12/06 03:52:34.99,459785.2386,5634223.0039,2946569.2299
2023/12/06 03:52:35.99,459782.0089,5634223.7245,2946568.3894
2023/12/06 03:52:36.99,459779.3904,5634224.3103,2946567.7359
2023/12/06 03:52:37.99,459776.5692,5634226.0902,2946568.7994
2023/12/06 03:52:38.99,459775.3314,5634225.2269,2946566.7064
2023/12/06 03:52:39.99,459773.6589,5634225.5714,2946566.3186
2023/12/06 03:52:40.99,459771.1231,5634228.1951,2946566.2386
2023/12/06 03:52:41.99,459771.329,5634226.0215,2946565.7755
2023/12/06 03:52:42.99,459770.8038,5634226.0967,2946565.6423
2023/12/06 03:52:43.99,459770.5514,5634226.187,2946565.5952
2023/12/06 03:52:44.99,459772.9129,5634229.4536,2946568.7608
2023/12/06 03:52:45.99,459768.8492,5634226.4836,2946565.1776
2023/12/06 03:52:46.99,459766.6454,5634226.9763,2946564.6869
2023/12/06 03:52:47.99,459763.454,5634229.7588,2946564.4645
2023/12/06 03:52:48.99,459761.0752,5634242.39,2946570.685
2023/12/06 03:52:49.99,459758.3717,5634232.2129,2946565.1099
2023/12/06 03:52:50.99,459757.1723,5634229.8776,2946563.9733
2023/12/06 03:52:53.99,459742.3224,5634235.4319,2946561.3776
2023/12/06 03:52:54.99,459737.5381,5634235.2791,2946559.755
2023/12/06 03:52:55.99,459731.5164,5634243.0473,2946560.8117
2023/12/06 03:52:56.99,459728.8467,5634235.2816,2946555.4203
2023/12/06 03:52:57.99,459724.2363,5634236.3905,2946554.2877
2023/12/06 03:52:58.99,459719.3603,5634237.3388,2946553.1738
2023/12/06 03:52:59.99,459714.1876,5634238.3616,2946552.1125
2023/12/06 03:53:00.99,459708.9023,5634239.4425,2946551.0034
2023/12/06 03:53:01.99,459702.2407,5634254.9412,2946556.7592
2023/12/06 03:53:02.99,459698.3343,5634241.5787,2946548.6233
2023/12/06 03:53:03.99,459692.5361,5634242.7738,2946547.2197
2023/12/06 03:53:04.99,459686.3611,5634244.0991,2946545.7015
2023/12/06 03:53:05.99,459680.1078,5634245.3537,2946544.1974
2023/12/06 03:53:06.99,459672.813,5634258.4116,2946546.158
2023/12/06 03:53:07.99,459667.1789,5634248.043,2946541.2091
2023/12/06 03:53:08.99,459659.6478,5634251.6782,2946539.9633
2023/12/06 03:53:09.99,459654.3263,5634250.6521,2946538.2375
2023/12/06 03:53:10.99,459647.6104,5634252.0293,2946536.6857
2023/12/06 03:53:11.99,459639.1212,5634267.9292,2946541.9118
2023/12/06 03:53:12.99,459632.3086,5634257.3338,2946533.554
2023/12/06 03:53:13.99,459625.7114,5634257.7392,2946533.2381
2023/12/06 03:53:14.99,459619.4827,5634257.8349,2946529.9279
2023/12/06 03:53:15.99,459613.0346,5634259.1306,2946528.4726
2023/12/06 03:53:16.99,459606.6626,5634260.3756,2946527.134
2023/12/06 03:53:17.99,459600.3889,5634261.584,2946525.8858
2023/12/06 03:53:18.99,459594.5212,5634262.6623,2946524.6932
2023/12/06 03:53:19.99,459588.7071,5634263.7827,2946523.4178
2023/12/06 03:53:20.99,459582.807,5634264.9496,2946522.0681
2023/12/06 03:53:21.99,459577.2958,5634266.0564,2946520.8664
2023/12/06 03:53:22.99,459572.235,5634267.0399,2946519.7867
2023/12/06 03:53:23.99,459567.6195,5634267.9475,2946518.8173
2023/12/06 03:53:24.99,459563.4423,5634268.7266,2946517.9329
2023/12/06 03:53:25.99,459559.5578,5634269.4938,2946517.1108
2023/12/06 03:53:26.99,459555.7159,5634270.1399,2946516.4145
2023/12/06 03:53:27.99,459551.4936,5634270.6018,2946516.1059
2023/12/06 03:53:28.99,459547.3442,5634270.9001,2946516.1365
2023/12/06 03:53:29.99,459543.3755,5634271.0815,2946516.3328
2023/12/06 03:53:30.99,459538.2751,5634273.6809,2946516.7237
2023/12/06 03:53:31.99,459533.8242,5634274.0938,2946516.6894
2023/12/06 03:53:32.99,459529.9652,5634272.4098,2946515.9536
2023/12/06 03:53:33.99,459524.3265,5634273.4217,2946514.9539
2023/12/06 03:53:34.99,459517.9696,5634274.7632,2946513.4474
2023/12/06 03:53:35.99,459509.7156,5634278.75,2946511.7436
2023/12/06 03:53:36.99,459501.7724,5634280.4355,2946509.7462
2023/12/06 03:53:37.99,459493.1342,5634282.2276,2946507.8029
2023/12/06 03:53:38.99,459483.0579,5634292.1657,2946511.1622
2023/12/06 03:53:39.99,459475.425,5634285.706,2946503.9188
2023/12/06 03:53:40.99,459467.5925,5634286.2877,2946503.458
2023/12/06 03:53:41.99,459458.3221,5634291.71,2946503.4131
2023/12/06 03:53:42.99,459450.8042,5634289.7174,2946498.9799
2023/12/06 03:53:43.99,459443.4083,5634290.6098,2946496.3495
2023/12/06 03:53:44.99,459433.9947,5634294.0008,2946494.2829
2023/12/06 03:53:45.99,459430.419,5634288.663,2946490.0927
2023/12/06 03:53:46.99,459415.919,5634298.3259,2946490.2437
2023/12/06 03:53:47.99,459409.2706,5634298.9558,2946488.5862
2023/12/06 03:53:48.99,459400.663,5634301.2682,2946486.8256
2023/12/06 03:53:49.99,459394.7472,5634301.4865,2946484.9222
2023/12/06 03:53:50.99,459387.4676,5634303.2504,2946483.4233
2023/12/06 03:53:51.99,459381.1895,5634302.4147,2946481.2994
2023/12/06 03:53:52.99,459372.6618,5634306.1825,2946479.8414
2023/12/06 03:53:53.99,459365.0807,5634307.6049,2946478.2988
2023/12/06 03:53:54.99,459357.7977,5634308.9226,2946476.8408
2023/12/06 03:53:55.99,459351.0688,5634310.1476,2946475.499
2023/12/06 03:53:56.99,459345.1559,5634311.186,2946474.2995
2023/12/06 03:53:57.99,459340.4288,5634311.11,2946474.6018
2023/12/06 03:53:58.99,459336.7623,5634310.5577,2946472.0477
2023/12/06 03:53:59.99,459333.4746,5634311.2103,2946471.2397
2023/12/06 03:54:00.99,459329.6655,5634314.6105,2946470.6559
2023/12/06 03:54:01.99,459329.1149,5634312.6898,2946469.01
2023/12/06 03:54:02.99,459328.0108,5634313.5976,2946467.2563
2023/12/06 03:54:03.99,459327.1399,5634315.9447,2946467.0071
2023/12/06 03:54:04.99,459327.1346,5634318.1695,2946464.0297
2023/12/06 03:54:05.99,459329.7824,5634316.2067,2946462.2242
2023/12/06 03:54:06.99,459331.3333,5634316.5803,2946461.3658
2023/12/06 03:54:07.99,459328.2766,5634323.9609,2946464.1122
2023/12/06 03:54:08.99,459334.336,5634316.7093,2946460.7264
2023/12/06 03:54:09.99,459336.0704,5634316.5731,2946460.7768
2023/12/06 03:54:10.99,459338.3601,5634316.2702,2946461.054
2023/12/06 03:54:11.99,459341.1256,5634315.9126,2946461.4163
2023/12/06 03:54:12.99,459344.4129,5634315.4605,2946461.8134
2023/12/06 03:54:13.99,459347.7326,5634314.896,2946462.3838
2023/12/06 03:54:14.99,459350.9578,5634314.2862,2946463.1023
2023/12/06 03:54:15.99,459353.0532,5634315.1286,2946465.2813
2023/12/06 03:54:16.99,459355.8793,5634314.6455,2946465.8148
2023/12/06 03:54:17.99,459359.2323,5634314.0401,2946466.5067
2023/12/06 03:54:18.99,459362.3665,5634313.4861,2946467.1244
2023/12/06 03:54:19.99,459365.8011,5634311.6639,2946466.0097
2023/12/06 03:54:20.99,459368.7502,5634311.1817,2946466.5286
2023/12/06 03:54:21.99,459372.1195,5634311.921,2946468.7536
2023/12/06 03:54:22.99,459377.2054,5634309.9512,2946467.7322
2023/12/06 03:54:23.99,459381.1213,5634309.3664,2946468.3039
2023/12/06 03:54:24.99,459385.0279,5634308.771,2946468.8945
2023/12/06 03:54:25.99,459389.4078,5634308.1136,2946469.4756
2023/12/06 03:54:26.99,459392.8958,5634308.8567,2946471.6215
2023/12/06 03:54:27.99,459397.6475,5634307.2965,2946470.7152
2023/12/06 03:54:28.99,459397.2236,5634313.4861,2946474.3397
2023/12/06 03:54:29.99,459405.6228,5634305.6154,2946471.7383
2023/12/06 03:54:30.99,459408.6826,5634306.281,2946474.1499
2023/12/06 03:54:31.99,459411.7223,5634306.8094,2946473.653
2023/12/06 03:54:32.99,459414.4461,5634306.3656,2946474.2988
2023/12/06 03:54:33.99,459418.5214,5634303.8147,2946475.7789
2023/12/06 03:54:34.99,459419.5511,5634304.1871,2946476.603
2023/12/06 03:54:35.99,459421.1951,5634303.8777,2946476.9986
2023/12/06 03:54:36.99,459422.1803,5634304.8694,2946476.1086
2023/12/06 03:54:37.99,459425.7537,5634302.0733,2946477.3876
2023/12/06 03:54:38.99,459423.4955,5634308.4721,2946480.0799
2023/12/06 03:54:39.99,459426.775,5634307.8568,2946480.8013
2023/12/06 03:54:40.99,459430.5326,5634307.1362,2946481.6277
2023/12/06 03:54:41.99,459434.4668,5634306.365,2946482.4694
2023/12/06 03:54:42.99,459438.3002,5634305.606,2946483.3107
2023/12/06 03:54:43.99,459442.3263,5634304.8321,2946484.1629
2023/12/06 03:54:44.99,459450.802,5634298.149,2946483.3989
2023/12/06 03:54:45.99,459451.8631,5634303.1107,2946485.8666
2023/12/06 03:54:46.99,459461.4601,5634299.9,2946483.9539
2023/12/06 03:54:47.99,459466.2879,5634295.5182,2946485.9723
2023/12/06 03:54:48.99,459472.2879,5634293.3532,2946485.2098
2023/12/06 03:54:49.99,459473.2856,5634299.5576,2946489.4136
2023/12/06 03:54:50.99,459479.1385,5634298.4204,2946490.5635
2023/12/06 03:54:51.99,459489.2001,5634291.3633,2946490.3291
2023/12/06 03:54:52.99,459495.3195,5634290.0782,2946491.7787
2023/12/06 03:54:53.99,459502.0483,5634287.4221,2946491.7421
2023/12/06 03:54:54.99,459508.1803,5634286.0766,2946493.3364
2023/12/06 03:54:55.99,459509.6794,5634291.929,2946498.169
2023/12/06 03:54:56.99,459519.7672,5634284.6947,2946498.2258
2023/12/06 03:54:57.99,459525.7242,5634283.4016,2946499.8294
2023/12/06 03:54:58.99,459527.3102,5634288.0949,2946502.7439
2023/12/06 03:54:59.99,459536.9272,5634280.164,2946500.799
2023/12/06 03:55:00.99,459540.4306,5634281.5996,2946502.0258
2023/12/06 03:55:01.99,459541.3319,5634284.8266,2946505.5741
2023/12/06 03:55:02.99,459545.066,5634284.0903,2946506.392
2023/12/06 03:55:03.99,459551.5661,5634279.3728,2946504.443
2023/12/06 03:55:04.99,459554.6441,5634277.6497,2946506.3031
2023/12/06 03:55:05.99,459557.6457,5634275.8774,2946505.2193
2023/12/06 03:55:06.99,459559.0565,5634277.1912,2946507.5101
2023/12/06 03:55:07.99,459562.2999,5634274.9968,2946506.2818
2023/12/06 03:55:08.99,459564.2198,5634276.9385,2946507.3058
2023/12/06 03:55:09.99,459568.9277,5634275.7167,2946509.5772
2023/12/06 03:55:10.99,459568.9019,5634279.951,2946511.8364
2023/12/06 03:55:11.99,459573.0527,5634279.2173,2946512.6734
2023/12/06 03:55:12.99,459577.1875,5634278.4951,2946513.4614
2023/12/06 03:55:13.99,459581.7234,5634277.6157,2946514.3952
2023/12/06 03:55:14.99,459589.5885,5634272.1552,2946512.5912
2023/12/06 03:55:15.99,459590.9883,5634275.7364,2946516.5343
2023/12/06 03:55:16.99,459596.1969,5634274.7311,2946517.6876
2023/12/06 03:55:17.99,459606.5678,5634266.0582,2946514.5808
2023/12/06 03:55:18.99,459612.0839,5634270.3666,2946517.3593
2023/12/06 03:55:19.99,459611.5062,5634271.8263,2946520.8579
2023/12/06 03:55:20.99,459615.4689,5634270.4493,2946521.298
2023/12/06 03:55:21.99,459620.7311,5634266.1884,2946519.0987
2023/12/06 03:55:22.99,459617.8552,5634270.0241,2946521.7369
2023/12/06 03:55:23.99,459617.8594,5634270.0288,2946521.7382
2023/12/06 03:55:24.99,459617.8563,5634270.0245,2946521.7361
2023/12/06 03:55:25.99,459617.8599,5634270.0279,2946521.7386
2023/12/06 03:55:26.99,459621.6958,5634264.8004,2946520.4289
2023/12/06 03:55:27.99,459617.8783,5634270.0137,2946521.7354
2023/12/06 03:55:28.99,459621.4094,5634266.0935,2946519.2313
2023/12/06 03:55:29.99,459619.097,5634269.7434,2946521.9873
2023/12/06 03:55:30.99,459624.5094,5634264.2448,2946521.0906
2023/12/06 03:55:31.99,459622.3827,5634269.0779,2946522.7622
2023/12/06 03:55:32.99,459623.9935,5634268.7997,2946523.0882
2023/12/06 03:55:33.99,459625.399,5634268.5172,2946523.3402
2023/12/06 03:55:34.99,459630.8545,5634261.823,2946520.5915
2023/12/06 03:55:35.99,459626.6741,5634268.3025,2946523.5619
2023/12/06 03:55:36.99,459630.5077,5634263.0864,2946522.2599
2023/12/06 03:55:37.99,459626.6704,5634268.3088,2946523.565
2023/12/06 03:55:38.99,459631.1458,5634261.7728,2946520.6412
2023/12/06 03:55:39.99,459630.9872,5634262.1851,2946520.82
2023/12/06 03:55:40.99,459630.9819,5634262.1986,2946520.8277
2023/12/06 03:55:41.99,459630.9795,5634262.1908,2946520.8213
2023/12/06 03:55:42.99,459630.6,5634263.0804,2946522.2814
2023/12/06 03:55:43.99,459631.1634,5634262.9865,2946522.4002
2023/12/06 03:55:44.99,459628.2275,5634268.0459,2946523.8768
2023/12/06 03:55:45.99,459633.0868,5634262.6428,2946522.7711
2023/12/06 03:55:46.99,459634.5731,5634262.3266,2946523.083
2023/12/06 03:55:47.99,459636.6632,5634261.9131,2946523.5607
2023/12/06 03:55:48.99,459635.1268,5634266.6763,2946525.3922
2023/12/06 03:55:49.99,459640.588,5634262.3406,2946523.3395
2023/12/06 03:55:50.99,459639.6661,5634265.8162,2946526.4249
2023/12/06 03:55:51.99,459641.5735,5634265.3954,2946526.824
2023/12/06 03:55:52.99,459643.473,5634265.0461,2946527.2305
2023/12/06 03:55:53.99,459645.6549,5634264.6215,2946527.719
2023/12/06 03:55:54.99,459651.9677,5634258.8837,2946526.9644
2023/12/06 03:55:55.99,459650.9061,5634263.5158,2946528.8927
2023/12/06 03:55:56.99,459662.731,5634249.7629,2946522.8053
2023/12/06 03:55:57.99,459654.9655,5634264.6196,2946529.9979
2023/12/06 03:55:58.99,459667.2523,5634248.8676,2946524.7998
2023/12/06 03:55:59.99,459664.0478,5634257.5203,2946528.5847
2023/12/06 03:56:00.99,459666.1143,5634257.0811,2946529.06
2023/12/06 03:56:01.99,459665.42,5634260.5312,2946532.2657
2023/12/06 03:56:02.99,459668.3635,5634259.9334,2946532.9595
2023/12/06 03:56:03.99,459672.0565,5634259.1712,2946533.8245
2023/12/06 03:56:04.99,459675.9848,5634258.3593,2946534.803
2023/12/06 03:56:05.99,459679.7444,5634257.5473,2946535.7699
2023/12/06 03:56:06.99,459683.3719,5634256.7474,2946536.6918
2023/12/06 03:56:07.99,459690.5578,5634252.0145,2946535.1976
2023/12/06 03:56:08.99,459691.8567,5634254.9047,2946538.9069
2023/12/06 03:56:09.99,459696.1512,5634253.9993,2946540.0368
2023/12/06 03:56:10.99,459704.0755,5634247.8562,2946539.8028
2023/12/06 03:56:11.99,459708.6609,5634246.8889,2946541.0088
2023/12/06 03:56:12.99,459710.0804,5634250.9407,2946543.6374
2023/12/06 03:56:13.99,459723.4193,5634239.6096,2946540.6141
2023/12/06 03:56:14.99,459724.7855,5634242.9863,2946543.7961
2023/12/06 03:56:15.99,459733.5928,5634237.4482,2946542.9478
2023/12/06 03:56:16.99,459730.8337,5634246.4653,2946548.4386
2023/12/06 03:56:17.99,459739.9436,5634239.4092,2946546.867
2023/12/06 03:56:18.99,459740.1563,5634244.5574,2946550.687
2023/12/06 03:56:19.99,459744.7758,5634243.5477,2946551.7722
2023/12/06 03:56:20.99,459755.8615,5634228.0474,2946547.0764
2023/12/06 03:56:23.99,459766.6936,5634234.1578,2946555.6424
2023/12/06 03:56:24.99,459771.7816,5634233.9877,2946557.0469
2023/12/06 03:56:25.99,459777.9353,5634229.8384,2946556.7814
2023/12/06 03:56:26.99,459781.2586,5634235.4996,2946560.8353
2023/12/06 03:56:27.99,459787.6653,5634234.1152,2946562.4102
2023/12/06 03:56:28.99,459798.3999,5634228.2231,2946562.7753
2023/12/06 03:56:29.99,459805.1743,5634226.0666,2946563.574
2023/12/06 03:56:30.99,459812.5331,5634225.3244,2946566.6499
2023/12/06 03:56:31.99,459818.5815,5634224.3126,2946566.5958
2023/12/06 03:56:32.99,459821.7002,5634227.024,2946569.6819
2023/12/06 03:56:33.99,459828.1697,5634225.7514,2946571.069
2023/12/06 03:56:34.99,459834.0234,5634224.44,2946572.4027
2023/12/06 03:56:35.99,459839.4058,5634223.1966,2946573.7447
2023/12/06 03:56:36.99,459844.0575,5634222.088,2946574.8788
2023/12/06 03:56:37.99,459851.379,5634219.884,2946577.4026
2023/12/06 03:56:38.99,459852.1906,5634220.3119,2946576.7008
2023/12/06 03:56:39.99,459859.9513,5634214.2808,2946576.2316
2023/12/06 03:56:40.99,459860.5791,5634218.5208,2946578.4243
2023/12/06 03:56:41.99,459869.5048,5634212.231,2946578.1648
2023/12/06 03:56:42.99,459874.5649,5634211.1333,2946579.1742
2023/12/06 03:56:43.99,459879.3856,5634210.0857,2946580.1451
2023/12/06 03:56:44.99,459883.6294,5634210.3941,2946579.8753
2023/12/06 03:56:45.99,459885.6639,5634213.1733,2946583.5109
2023/12/06 03:56:46.99,459895.2659,5634206.736,2946583.4101
2023/12/06 03:56:47.99,459901.5938,5634205.3887,2946584.7055
2023/12/06 03:56:48.99,459908.4167,5634203.7873,2946586.2548
2023/12/06 03:56:49.99,459911.6173,5634207.3205,2946589.289
2023/12/06 03:56:50.99,459922.3621,5634200.4971,2946589.685
2023/12/06 03:56:51.99,459929.3548,5634198.8797,2946591.3522
2023/12/06 03:56:52.99,459932.3434,5634202.469,2946594.2196
2023/12/06 03:56:53.99,459943.6017,5634194.7345,2946593.1147
2023/12/06 03:56:54.99,459946.1426,5634199.2344,2946597.4324
2023/12/06 03:56:55.99,459956.2756,5634196.3094,2946600.5884
2023/12/06 03:56:56.99,459963.5183,5634192.0367,2946597.9946
2023/12/06 03:56:57.99,459967.3014,5634194.433,2946601.9551
2023/12/06 03:56:58.99,459978.6175,5634186.8033,2946600.6337
2023/12/06 03:56:59.99,459983.4681,5634195.0149,2946606.7184
2023/12/06 03:57:00.99,459992.2369,5634185.1502,2946603.3593
2023/12/06 03:57:01.99,459996.1709,5634187.993,2946607.9726
2023/12/06 03:57:02.99,460003.3898,5634186.3026,2946609.4333
2023/12/06 03:57:03.99,460014.6932,5634179.4015,2946609.6709
2023/12/06 03:57:04.99,460022.492,5634177.6773,2946611.2484
2023/12/06 03:57:05.99,460030.5657,5634175.9197,2946612.8921
2023/12/06 03:57:06.99,460040.2656,5634177.5539,2946613.632
2023/12/06 03:57:07.99,460047.212,5634172.1897,2946616.2598
2023/12/06 03:57:08.99,460055.1966,5634169.8971,2946616.0421
2023/12/06 03:57:09.99,460066.0023,5634169.7198,2946619.6598
2023/12/06 03:57:10.99,460071.636,5634165.4895,2946620.2618
2023/12/06 03:57:11.99,460079.4679,5634163.5265,2946621.9766
2023/12/06 03:57:12.99,460086.2067,5634163.9333,2946623.7207
2023/12/06 03:57:13.99,460094.9519,5634160.0795,2946625.1407
2023/12/06 03:57:14.99,460102.0014,5634159.6333,2946628.4095
2023/12/06 03:57:15.99,460110.1172,5634157.4221,2946629.9617
2023/12/06 03:57:16.99,460117.3054,5634156.8781,2946630.501
2023/12/06 03:57:17.99,460125.4757,5634153.8293,2946633.5753
2023/12/06 03:57:18.99,460132.2604,5634153.288,2946634.098
2023/12/06 03:57:19.99,460139.9533,5634150.3042,2946637.2292
2023/12/06 03:57:20.99,460146.8978,5634148.5627,2946639.0757
2023/12/06 03:57:21.99,460153.5116,5634147.3017,2946641.0997
2023/12/06 03:57:22.99,460160.588,5634145.2559,2946642.7318
2023/12/06 03:57:23.99,460167.582,5634143.9367,2946644.7784
2023/12/06 03:57:24.99,460174.5128,5634142.9409,2946645.3751
2023/12/06 03:57:25.99,460182.4354,5634139.7034,2946648.7447
2023/12/06 03:57:26.99,460189.4759,5634137.8284,2946650.9257
2023/12/06 03:57:27.99,460195.7677,5634139.7115,2946655.9338
2023/12/06 03:57:28.99,460202.4733,5634137.7161,2946658.2063
2023/12/06 03:57:29.99,460209.56,5634131.8665,2946657.7307
2023/12/06 03:57:30.99,460215.5768,5634130.318,2946660.1489
2023/12/06 03:57:31.99,460221.0958,5634131.9449,2946664.9625
2023/12/06 03:57:32.99,460227.9063,5634127.1974,2946663.1464
2023/12/06 03:57:33.99,460235.178,5634127.6984,2946669.8791
2023/12/06 03:57:34.99,460243.2432,5634121.8217,2946669.954
2023/12/06 03:57:35.99,460250.0439,5634122.8791,2946675.5488
2023/12/06 03:57:36.99,460257.0987,5634120.3357,2946678.7189
2023/12/06 03:57:37.99,460264.0024,5634117.8952,2946681.9065
2023/12/06 03:57:38.99,460271.2346,5634115.4006,2946685.149
2023/12/06 03:57:39.99,460279.3041,5634109.423,2946685.6624
2023/12/06 03:57:40.99,460286.8786,5634106.6256,2946688.5079
2023/12/06 03:57:41.99,460293.9338,5634104.2622,2946691.4949
2023/12/06 03:57:42.99,460300.5833,5634102.0402,2946694.5226
2023/12/06 03:57:43.99,460307.0414,5634099.8253,2946697.5201
2023/12/06 03:57:44.99,460312.5865,5634101.5616,2946703.2936
2023/12/06 03:57:45.99,460318.6084,5634095.8541,2946703.021
2023/12/06 03:57:46.99,460323.2404,5634094.2809,2946705.2105
2023/12/06 03:57:47.99,460327.0959,5634092.9592,2946707.0474
2023/12/06 03:57:48.99,460329.8646,5634092.0202,2946708.3621
2023/12/06 03:57:49.99,460331.9409,5634091.285,2946709.3147
2023/12/06 03:57:50.99,460333.4608,5634090.8244,2946710.02
2023/12/06 03:57:51.99,460334.9576,5634090.3906,2946710.5396
2023/12/06 03:57:52.99,460336.3448,5634090.3942,2946711.1221
2023/12/06 03:57:53.99,460338.519,5634089.918,2946711.6942
2023/12/06 03:57:54.99,460342.0728,5634088.727,2946712.4276
2023/12/06 03:57:55.99,460347.406,5634085.68,2946712.0319
2023/12/06 03:57:56.99,460351.9834,5634086.4858,2946715.1719
2023/12/06 03:57:57.99,460357.3432,5634086.3279,2946715.3517
2023/12/06 03:57:58.99,460363.106,5634083.2956,2946716.4423
2023/12/06 03:57:59.99,460364.8477,5634084.0932,2946718.654
2023/12/06 03:58:00.99,460366.1154,5634083.8337,2946718.9807
2023/12/06 03:58:01.99,460366.7884,5634083.6965,2946719.1578
2023/12/06 03:58:02.99,460366.7507,5634087.0647,2946721.9362
2023/12/06 03:58:03.99,460367.6662,5634083.5125,2946719.3895
2023/12/06 03:58:04.99,460368.6257,5634083.5985,2946719.9786
2023/12/06 03:58:05.99,460371.1269,5634081.6096,2946718.5174
2023/12/06 03:58:06.99,460374.0449,5634080.877,2946719.462
2023/12/06 03:58:07.99,460377.1971,5634081.3693,2946722.9997
2023/12/06 03:58:08.99,460380.7038,5634080.449,2946722.8961
2023/12/06 03:58:09.99,460384.587,5634079.22,2946724.7255
2023/12/06 03:58:10.99,460389.6655,5634074.7566,2946727.2207
2023/12/06 03:58:11.99,460393.3736,5634074.3728,2946730.1079
2023/12/06 03:58:12.99,460393.1854,5634081.3985,2946733.9078
2023/12/06 03:58:18.99,460420.4824,5634070.6881,2946744.0207
2023/12/06 03:58:19.99,460425.1962,5634065.7116,2946744.3443
2023/12/06 03:58:20.99,460429.1854,5634064.2488,2946746.0894
2023/12/06 03:58:21.99,460433.9558,5634062.5324,2946748.5943
2023/12/06 03:58:22.99,460438.8374,5634060.6638,2946751.3034
2023/12/06 03:58:23.99,460443.2841,5634058.6226,2946755.0304
2023/12/06 03:58:24.99,460446.7229,5634057.8043,2946755.2717
2023/12/06 03:58:25.99,460452.0606,5634053.3533,2946757.196
2023/12/06 03:58:26.99,460456.8856,5634051.4588,2946759.8566
2023/12/06 03:58:27.99,460461.4143,5634052.3962,2946763.263
2023/12/06 03:58:28.99,460468.2798,5634050.0796,2946766.707
2023/12/06 03:58:29.99,460474.9387,5634050.6633,2946774.1308
2023/12/06 03:58:30.99,460482.0237,5634045.5631,2946773.1481
2023/12/06 03:58:31.99,460489.5023,5634042.5392,2946778.0717
2023/12/06 03:58:32.99,460497.1212,5634039.626,2946781.4476
2023/12/06 03:58:33.99,460504.7678,5634036.9538,2946785.2544
2023/12/06 03:58:34.99,460512.0305,5634035.2111,2946788.0425
2023/12/06 03:58:35.99,460519.9849,5634032.3413,2946792.2518
2023/12/06 03:58:36.99,460528.0915,5634029.5058,2946796.0312
2023/12/06 03:58:37.99,460536.2579,5634026.1,2946800.8759
2023/12/06 03:58:38.99,460544.618,5634021.7096,2946802.4196
2023/12/06 03:58:39.99,460551.1045,5634022.3578,2946806.0816
2023/12/06 03:58:40.99,460558.7738,5634019.8449,2946809.5768
2023/12/06 03:58:41.99,460567.6366,5634014.1403,2946813.0285
2023/12/06 03:58:42.99,460575.4061,5634011.2721,2946817.1492
2023/12/06 03:58:43.99,460583.54,5634008.4062,2946821.3812
2023/12/06 03:58:44.99,460590.7029,5634008.5647,2946825.7695
2023/12/06 03:58:45.99,460600.3877,5634002.7304,2946829.4364
2023/12/06 03:58:46.99,460608.5474,5634000.0614,2946833.2281
2023/12/06 03:58:47.99,460616.7118,5633997.3965,2946837.0419
2023/12/06 03:58:48.99,460624.9616,5633994.6053,2946840.9962
2023/12/06 03:58:49.99,460632.0332,5633994.7844,2946845.4408
2023/12/06 03:58:50.99,460641.058,5633991.7485,2946850.7082
2023/12/06 03:58:51.99,460649.7242,5633988.1143,2946855.6064
2023/12/06 03:58:52.99,460658.6868,5633984.6823,2946859.7979
2023/12/06 03:58:53.99,460668.0624,5633979.7048,2946862.2388
2023/12/06 03:58:54.99,460676.5391,5633976.8527,2946866.2837
2023/12/06 03:58:55.99,460685.2353,5633973.9342,2946870.4079
2023/12/06 03:58:56.99,460692.9716,5633972.9782,2946876.43
2023/12/06 03:58:57.99,460702.1661,5633968.0286,2946878.9173
2023/12/06 03:58:58.99,460710.2778,5633965.262,2946882.8305
2023/12/06 03:58:59.99,460716.788,5633965.6587,2946886.9675
2023/12/06 03:59:00.99,460724.6581,5633963.1506,2946891.5676
2023/12/06 03:59:01.99,460731.878,5633960.1562,2946895.5812
2023/12/06 03:59:02.99,460738.4928,5633958.5017,2946897.3035
2023/12/06 03:59:03.99,460744.7132,5633959.2307,2946904.5575
2023/12/06 03:59:04.99,460750.8102,5633954.3823,2946903.1821
2023/12/06 03:59:05.99,460755.9748,5633952.6432,2946905.7074
2023/12/06 03:59:06.99,460761.9667,5633948.0309,2946907.7225
2023/12/06 03:59:07.99,460766.1413,5633946.5693,2946909.8153
2023/12/06 03:59:08.99,460769.8826,5633945.2977,2946911.6788
2023/12/06 03:59:09.99,460773.3743,5633944.1392,2946913.3666
2023/12/06 03:59:10.99,460775.4091,5633946.0746,2946915.2256
2023/12/06 03:59:11.99,460778.736,5633945.0321,2946916.7245
2023/12/06 03:59:12.99,460782.0659,5633943.9327,2946918.2357
2023/12/06 03:59:13.99,460786.6121,5633939.9,2946919.4331
2023/12/06 03:59:14.99,460789.5365,5633939.0014,2946920.7465
2023/12/06 03:59:15.99,460791.6898,5633938.3525,2946921.6711
2023/12/06 03:59:16.99,460792.0857,5633940.8748,2946922.6863
2023/12/06 03:59:17.99,460793.5898,5633940.4415,2946923.3015
2023/12/06 03:59:18.99,460794.8165,5633940.0676,2946923.7778
2023/12/06 03:59:19.99,460796.3133,5633940.2578,2946926.0004
2023/12/06 03:59:20.99,460797.7304,5633936.5688,2946924.1281
2023/12/06 03:59:21.99,460796.9619,5633939.4705,2946924.6764
2023/12/06 03:59:22.99,460798.7322,5633936.2754,2946924.5585
2023/12/06 03:59:23.99,460799.0304,5633936.1742,2946924.6828
2023/12/06 03:59:24.99,460797.8806,5633939.2108,2946925.0747
2023/12/06 03:59:25.99,460797.9507,5633939.1714,2946925.0966
2023/12/06 03:59:26.99,460797.9362,5633939.1639,2946925.0872
2023/12/06 03:59:27.99,460798.2148,5633938.5562,2946926.6274
2023/12/06 03:59:28.99,460798.9305,5633937.2066,2946925.0532
2023/12/06 03:59:29.99,460798.7617,5633938.5527,2946926.9635
2023/12/06 03:59:30.99,460799.5159,5633938.0858,2946927.3416
2023/12/06 03:59:31.99,460801.2088,5633935.4327,2946925.8827
2023/12/06 03:59:32.99,460799.5068,5633945.4767,2946931.443
2023/12/06 03:59:33.99,460801.2637,5633937.9631,2946926.8882
2023/12/06 03:59:34.99,460802.4456,5633937.558,2946927.5201
2023/12/06 03:59:35.99,460803.6554,5633937.1261,2946928.1492
2023/12/06 03:59:36.99,460804.7632,5633936.7178,2946928.7502
2023/12/06 03:59:37.99,460805.5028,5633939.1995,2946933.4987
2023/12/06 03:59:38.99,460807.1281,5633934.9722,2946931.2209
2023/12/06 03:59:39.99,460809.0789,5633932.5102,2946930.2415
2023/12/06 03:59:40.99,460810.1511,5633932.0448,2946930.9942
2023/12/06 03:59:41.99,460811.3272,5633931.5063,2946931.804
2023/12/06 03:59:42.99,460811.5741,5633933.0622,2946934.2349
2023/12/06 03:59:43.99,460811.9178,5633933.7793,2946933.3499
2023/12/06 03:59:44.99,460813.6058,5633930.5903,2946933.2399
2023/12/06 03:59:45.99,460813.8002,5633930.5309,2946933.3318
2023/12/06 03:59:46.99,460813.8424,5633930.5281,2946933.3658
2023/12/06 03:59:47.99,460814.0059,5633930.4582,2946933.4439
2023/12/06 03:59:48.99,460814.8488,5633930.1824,2946933.8689
2023/12/06 03:59:49.99,460817.0856,5633933.9528,2946934.5779
2023/12/06 03:59:50.99,460818.2605,5633929.0714,2946935.5047
2023/12/06 03:59:51.99,460819.1066,5633930.9266,2946938.1785
2023/12/06 03:59:52.99,460822.0776,5633927.8867,2946937.141
2023/12/06 03:59:53.99,460822.9461,5633929.7912,2946939.8333
2023/12/06 03:59:54.99,460824.8271,5633929.3281,2946940.7445
2023/12/06 03:59:55.99,460827.6781,5633926.0243,2946939.8067
2023/12/06 03:59:56.99,460829.1479,5633925.2459,2946941.1308
2023/12/06 03:59:57.99,460829.8627,5633924.3447,2946942.6715
2023/12/06 03:59:58.99,460828.4957,5633926.4986,2946944.7283
2023/12/06 03:59:59.99,460827.659,5633925.6749,2946946.4984
2023/12/06 04:00:00.99,460825.8948,5633925.0354,2946948.1022
2023/12/06 04:00:01.99,460823.1126,5633924.5901,2946949.5355
2023/12/06 04:00:02.99,460819.2833,5633924.4224,2946950.4171
2023/12/06 04:00:03.99,460814.6417,5633924.9392,2946950.1043
2023/12/06 04:00:04.99,460809.7043,5633926.0649,2946948.5882
2023/12/06 04:00:05.99,460804.4637,5633927.6746,2946946.295
2023/12/06 04:00:06.99,460798.5165,5633929.5807,2946943.513
2023/12/06 04:00:07.99,460792.0766,5633931.7852,2946940.2949
2023/12/06 04:00:08.99,460785.6889,5633933.9293,2946937.072
2023/12/06 04:00:09.99,460779.2441,5633936.0773,2946933.9103
2023/12/06 04:00:10.99,460772.1646,5633938.3817,2946930.4896
2023/12/06 04:00:11.99,460764.4654,5633940.9376,2946926.7709
2023/12/06 04:00:12.99,460756.3599,5633943.6558,2946922.8181
2023/12/06 04:00:13.99,460747.9672,5633946.4698,2946918.6876
2023/12/06 04:00:14.99,460739.5324,5633949.3156,2946914.5484
2023/12/06 04:00:15.99,460731.5223,5633952.0172,2946910.641
2023/12/06 04:00:16.99,460723.9747,5633954.5661,2946907.0161
2023/12/06 04:00:17.99,460716.9081,5633956.9439,2946903.6308
2023/12/06 04:00:18.99,460710.6392,5633959.03,2946900.626
2023/12/06 04:00:19.99,460705.3431,5633960.8175,2946898.0825
2023/12/06 04:00:20.99,460700.6369,5633962.3786,2946895.8719
2023/12/06 04:00:21.99,460694.6142,5633972.3644,2946898.4581
2023/12/06 04:00:22.99,460692.3882,5633965.014,2946892.144
2023/12/06 04:00:23.99,460688.7756,5633966.1771,2946890.5634
2023/12/06 04:00:24.99,460685.3416,5633967.2459,2946889.0573
2023/12/06 04:00:25.99,460682.3261,5633967.9096,2946889.1748
2023/12/06 04:00:26.99,460678.7226,5633969.4451,2946885.9557
2023/12/06 04:00:27.99,460675.4059,5633970.6124,2946884.2628
2023/12/06 04:00:28.99,460672.0828,5633971.8016,2946882.5116
2023/12/06 04:00:29.99,460668.7509,5633973.0363,2946880.7531
2023/12/06 04:00:30.99,460665.4246,5633974.2685,2946878.9941
2023/12/06 04:00:31.99,460661.9974,5633975.4948,2946877.2276
2023/12/06 04:00:32.99,460658.313,5633976.8166,2946875.2774
2023/12/06 04:00:33.99,460654.3311,5633978.2682,2946873.1875
2023/12/06 04:00:34.99,460650.0301,5633979.7812,2946871.0531
2023/12/06 04:00:35.99,460645.3013,5633981.3726,2946868.7855
2023/12/06 04:00:36.99,460640.045,5633983.0714,2946866.4143
2023/12/06 04:00:37.99,460634.3093,5633984.9106,2946863.8646
2023/12/06 04:00:38.99,460628.1756,5633986.9369,2946861.0161
2023/12/06 04:00:39.99,460621.6789,5633989.1546,2946857.8064
2023/12/06 04:00:40.99,460614.8554,5633991.6133,2946854.2611
2023/12/06 04:00:41.99,460607.7717,5633994.064,2946850.7414
2023/12/06 04:00:42.99,460600.9852,5633996.3081,2946847.5772
2023/12/06 04:00:43.99,460594.1724,5633998.4671,2946844.5459
2023/12/06 04:00:44.99,460587.1891,5634000.6828,2946841.4307
2023/12/06 04:00:45.99,460580.0958,5634003.0238,2946838.1614
2023/12/06 04:00:46.99,460572.9503,5634005.4503,2946834.6566
2023/12/06 04:00:47.99,460565.7175,5634007.9788,2946831.0284
2023/12/06 04:00:48.99,460558.4379,5634010.578,2946827.2744
2023/12/06 04:00:49.99,460551.0765,5634013.2243,2946823.4839
2023/12/06 04:00:50.99,460543.6465,5634015.895,2946819.6479
2023/12/06 04:00:51.99,460536.4229,5634018.4412,2946815.9618
2023/12/06 04:00:52.99,460529.4317,5634020.8072,2946812.6349
2023/12/06 04:00:53.99,460522.3742,5634023.1277,2946809.3715
2023/12/06 04:00:54.99,460515.1934,5634025.438,2946806.1146
2023/12/06 04:00:55.99,460508.0577,5634027.8216,2946802.7659
2023/12/06 04:00:56.99,460501.3866,5634030.0475,2946799.5822
2023/12/06 04:00:57.99,460495.7492,5634031.9264,2946796.9259
2023/12/06 04:00:58.99,460491.3021,5634033.3466,2946794.8921
2023/12/06 04:00:59.99,460488.0655,5634034.4334,2946793.3871
2023/12/06 04:01:00.99,460485.8081,5634035.1914,2946792.3046
2023/12/06 04:01:01.99,460484.1815,5634035.7221,2946791.4982
2023/12/06 04:01:02.99,460482.6623,5634036.2563,2946790.7413
2023/12/06 04:01:03.99,460481.5741,5634036.3257,2946791.644
2023/12/06 04:01:04.99,460479.9758,5634037.2205,2946789.3668
2023/12/06 04:01:05.99,460478.6438,5634037.6999,2946788.6516
2023/12/06 04:01:06.99,460477.2204,5634038.2406,2946787.9119
2023/12/06 04:01:07.99,460476.2819,5634038.2339,2946788.8817
2023/12/06 04:01:08.99,460475.6182,5634038.5114,2946788.5508
2023/12/06 04:01:09.99,460473.9724,5634045.8826,2946791.3987
2023/12/06 04:01:10.99,460474.8934,5634038.7705,2946788.1374
2023/12/06 04:01:11.99,460474.5977,5634039.1758,2946786.5171
2023/12/06 04:01:12.99,460474.5938,5634039.1828,2946786.5178
2023/12/06 04:01:13.99,460474.8972,5634038.7653,2946788.1383
2023/12/06 04:01:14.99,460474.5968,5634039.1867,2946786.5205
2023/12/06 04:01:15.99,460474.5949,5634039.1838,2946786.5186
2023/12/06 04:01:16.99,460474.8995,5634038.7603,2946788.1368
2023/12/06 04:01:17.99,460474.6769,5634038.8371,2946788.01
2023/12/06 04:01:18.99,460473.2634,5634039.689,2946785.7619
2023/12/06 04:01:19.99,460471.2817,5634040.416,2946784.6984
2023/12/06 04:01:20.99,460467.8016,5634048.0522,2946788.2474
2023/12/06 04:01:21.99,460465.3044,5634042.3107,2946782.0821
2023/12/06 04:01:22.99,460461.9772,5634043.3912,2946780.4872
2023/12/06 04:01:23.99,460458.5635,5634044.5858,2946778.7454
2023/12/06 04:01:24.99,460455.2806,5634045.7957,2946777.014
2023/12/06 04:01:25.99,460452.1137,5634046.9492,2946775.3247
2023/12/06 04:01:26.99,460449.0926,5634048.093,2946773.6548
2023/12/06 04:01:27.99,460446.1705,5634049.2116,2946772.012
2023/12/06 04:01:28.99,460443.1071,5634050.3295,2946770.3927
2023/12/06 04:01:29.99,460440.3118,5634050.9694,2946770.4593
2023/12/06 04:01:30.99,460436.8031,5634052.4622,2946767.2946
2023/12/06 04:01:31.99,460433.6482,5634053.4913,2946765.8228
2023/12/06 04:01:32.99,460430.5229,5634054.4633,2946764.4432
2023/12/06 04:01:33.99,460427.8629,5634055.3211,2946763.2081
2023/12/06 04:01:34.99,460425.9508,5634055.97,2946762.2749
2023/12/06 04:01:35.99,460423.9432,5634056.6665,2946761.213
2023/12/06 04:01:36.99,460421.4163,5634057.5516,2946759.9343
2023/12/06 04:01:37.99,460418.6875,5634058.5306,2946758.601
2023/12/06 04:01:38.99,460415.3419,5634059.5937,2946757.1084
2023/12/06 04:01:39.99,460412.0272,5634060.6529,2946755.5986
2023/12/06 04:01:40.99,460408.7764,5634061.3453,2946755.6437
2023/12/06 04:01:41.99,460406.1508,5634059.8656,2946752.2205
2023/12/06 04:01:42.99,460401.1018,5634064.0374,2946750.9089
2023/12/06 04:01:43.99,460397.6938,5634065.1435,2946749.3478
2023/12/06 04:01:44.99,460393.6594,5634072.9303,2946752.5318
2023/12/06 04:01:45.99,460390.9516,5634067.4103,2946746.0387
2023/12/06 04:01:46.99,460386.1911,5634075.4602,2946748.9746
2023/12/06 04:01:47.99,460382.8471,5634070.044,2946742.3091
2023/12/06 04:01:48.99,460378.9471,5634071.2816,2946740.5139
2023/12/06 04:01:49.99,460375.3254,5634072.4414,2946738.8191
2023/12/06 04:01:50.99,460371.6074,5634073.6885,2946737.0452
2023/12/06 04:01:51.99,460367.7526,5634074.9734,2946735.1729
2023/12/06 04:01:52.99,460363.7913,5634076.3391,2946733.183
2023/12/06 04:01:53.99,460359.5528,5634077.8118,2946731.0574
2023/12/06 04:01:54.99,460354.1327,5634086.1393,2946733.5099
2023/12/06 04:01:55.99,460350.4917,5634080.9069,2946726.6049
2023/12/06 04:01:56.99,460346.4535,5634082.2245,2946724.6697
2023/12/06 04:01:57.99,460342.8221,5634083.4651,2946722.9393
2023/12/06 04:01:58.99,460339.4391,5634084.6133,2946721.3265
2023/12/06 04:01:59.99,460337.1016,5634085.075,2946721.6924
2023/12/06 04:02:00.99,460334.695,5634086.1811,2946719.0773
2023/12/06 04:02:01.99,460331.7618,5634093.5763,2946722.8292
2023/12/06 04:02:02.99,460329.9239,5634087.7277,2946716.8448
2023/12/06 04:02:03.99,460326.3339,5634088.9363,2946715.1901
2023/12/06 04:02:04.99,460322.1858,5634090.3438,2946713.149
2023/12/06 04:02:05.99,460317.5767,5634091.6852,2946712.2566
2023/12/06 04:02:06.99,460311.4965,5634094.2313,2946707.6536
2023/12/06 04:02:07.99,460303.9004,5634103.3946,2946708.9947
2023/12/06 04:02:08.99,460296.5811,5634105.9554,2946705.4861
2023/12/06 04:02:09.99,460289.8864,5634101.7512,2946697.3143
2023/12/06 04:02:10.99,460282.4444,5634103.9313,2946695.4441
2023/12/06 04:02:11.99,460274.2635,5634107.0448,2946690.317
2023/12/06 04:02:12.99,460266.5866,5634109.3506,2946688.3656
2023/12/06 04:02:13.99,460258.6483,5634112.0425,2946684.8073
2023/12/06 04:02:14.99,460250.6036,5634115.1965,2946679.625
2023/12/06 04:02:15.99,460242.8657,5634117.9693,2946676.2511
2023/12/06 04:02:16.99,460235.1957,5634120.0443,2946674.9884
2023/12/06 04:02:17.99,460227.166,5634122.45,2946672.272
2023/12/06 04:02:18.99,460219.1693,5634124.8126,2946669.5993
2023/12/06 04:02:19.99,460210.5074,5634129.6348,2946666.0994
2023/12/06 04:02:20.99,460203.1068,5634129.9661,2946662.41
2023/12/06 04:02:21.99,460195.5126,5634131.925,2946661.4289
2023/12/06 04:02:22.99,460187.3436,5634134.6091,2946657.2765
2023/12/06 04:02:23.99,460179.6459,5634136.3972,2946656.4913
2023/12/06 04:02:24.99,460171.482,5634138.4845,2946654.2272
2023/12/06 04:02:25.99,460163.1418,5634140.551,2946652.0445
2023/12/06 04:02:26.99,460154.6792,5634142.6231,2946649.7283
2023/12/06 04:02:27.99,460146.1137,5634144.6976,2946647.3536
2023/12/06 04:02:28.99,460137.4302,5634146.8691,2946645.1586
2023/12/06 04:02:29.99,460127.5489,5634156.1206,2946646.2141
2023/12/06 04:02:30.99,460118.7628,5634158.1236,2946644.2361
2023/12/06 04:02:31.99,460111.0702,5634152.9678,2946639.1591
2023/12/06 04:02:32.99,460102.2383,5634155.0588,2946637.2112
2023/12/06 04:02:33.99,460093.4337,5634157.1427,2946635.2133
2023/12/06 04:02:34.99,460085.6792,5634156.6248,2946631.2581
2023/12/06 04:02:35.99,460075.8933,5634161.3496,2946631.149
2023/12/06 04:02:36.99,460067.2039,5634163.5074,2946629.2458
2023/12/06 04:02:37.99,460058.5548,5634165.5796,2946627.43
2023/12/06 04:02:38.99,460049.9057,5634167.5571,2946625.6219
2023/12/06 04:02:39.99,460041.2393,5634169.5048,2946623.8385
2023/12/06 04:02:40.99,460032.5322,5634171.4512,2946622.068
2023/12/06 04:02:41.99,460023.7913,5634173.3576,2946620.3305
2023/12/06 04:02:42.99,460015.0204,5634175.2513,2946618.5987
2023/12/06 04:02:43.99,460006.2452,5634177.2007,2946616.8854
2023/12/06 04:02:44.99,459997.1715,5634179.5397,2946613.5439
2023/12/06 04:02:45.99,459988.7401,5634181.1769,2946613.2065
2023/12/06 04:02:46.99,459980.0552,5634183.2274,2946611.1791
2023/12/06 04:02:47.99,459971.5306,5634185.2511,2946609.2292
2023/12/06 04:02:48.99,459963.2222,5634187.2533,2946607.3503
2023/12/06 04:02:49.99,459955.078,5634189.1564,2946605.5068
2023/12/06 04:02:50.99,459945.8731,5634198.0264,2946607.0056
2023/12/06 04:02:51.99,459938.9375,5634192.4451,2946602.5924
2023/12/06 04:02:52.99,459930.5594,5634194.2713,2946600.016
2023/12/06 04:02:53.99,459922.7685,5634195.2334,2946600.7359
2023/12/06 04:02:54.99,459914.7696,5634196.6744,2946599.5531
2023/12/06 04:02:55.99,459906.9358,5634198.3662,2946597.9764
2023/12/06 04:02:56.99,459899.461,5634200.0778,2946596.3306
2023/12/06 04:02:57.99,459892.5617,5634201.6099,2946594.7843
2023/12/06 04:02:58.99,459885.4521,5634203.5607,2946591.6875
2023/12/06 04:02:59.99,459878.793,5634204.6127,2946591.8283
2023/12/06 04:03:00.99,459872.0478,5634206.1015,2946590.3453
2023/12/06 04:03:01.99,459865.7431,5634207.4958,2946588.9371
2023/12/06 04:03:02.99,459858.6598,5634211.2457,2946586.87
2023/12/06 04:03:03.99,459852.1479,5634212.731,2946585.5972
2023/12/06 04:03:04.99,459845.4037,5634214.1075,2946584.1358
2023/12/06 04:03:05.99,459838.4922,5634215.6778,2946582.5685
2023/12/06 04:03:06.99,459833.1557,5634211.695,2946580.8587
2023/12/06 04:03:07.99,459827.1229,5634213.012,2946579.4759
2023/12/06 04:03:08.99,459820.3134,5634217.6744,2946577.4474
2023/12/06 04:03:09.99,459814.5127,5634218.5737,2946577.6612
2023/12/06 04:03:10.99,459808.5613,5634219.9075,2946576.3106
2023/12/06 04:03:11.99,459802.9686,5634221.0402,2946575.0849
2023/12/06 04:03:12.99,459797.3366,5634222.2596,2946573.8814
2023/12/06 04:03:13.99,459791.5136,5634223.4721,2946572.6062
2023/12/06 04:03:14.99,459785.3023,5634225.1265,2946569.6504
2023/12/06 04:03:15.99,459780.1024,5634225.9247,2946569.999
2023/12/06 04:03:16.99,459775.0498,5634227.0046,2946568.7408
2023/12/06 04:03:17.99,459770.4207,5634228.0185,2946567.562
2023/12/06 04:03:18.99,459766.5367,5634228.8704,2946566.5846
2023/12/06 04:03:19.99,459763.7608,5634229.4361,2946565.8829
2023/12/06 04:03:20.99,459761.7955,5634229.9058,2946565.404
2023/12/06 04:03:21.99,459761.4377,5634229.953,2946565.3106
2023/12/06 04:03:22.99,459761.4369,5634229.961,2946565.3118
2023/12/06 04:03:23.99,459761.4311,5634229.9402,2946565.3048
2023/12/06 04:03:24.99,459761.4309,5634229.9474,2946565.3085
2023/12/06 04:03:25.99,459761.4337,5634229.9673,2946565.3128
2023/12/06 04:03:26.99,459761.4366,5634230.0358,2946565.342
2023/12/06 04:03:27.99,459761.4343,5634230.0277,2946565.3369
2023/12/06 04:03:28.99,459761.4372,5634230.0079,2946565.3322
2023/12/06 04:03:29.99,459761.4366,5634230.0197,2946565.3341
2023/12/06 04:03:30.99,459761.4372,5634230.0206,2946565.3383
2023/12/06 04:03:31.99,459761.4402,5634230.0134,2946565.334
2023/12/06 04:03:32.99,459761.4459,5634230.0219,2946565.3381
2023/12/06 04:03:33.99,459761.4388,5634230.0187,2946565.3356
2023/12/06 04:03:34.99,459761.4404,5634230.0133,2946565.3337
2023/12/06 04:03:35.99,459761.4384,5634230.0213,2946565.3374
2023/12/06 04:03:36.99,459761.4387,5634230.0209,2946565.3361
2023/12/06 04:03:37.99,459761.44,5634230.0143,2946565.3331
2023/12/06 04:03:38.99,459761.4405,5634230.0176,2946565.3338
2023/12/06 04:03:39.99,459761.4367,5634230.0215,2946565.3347
2023/12/06 04:03:40.99,459761.4355,5634230.0113,2946565.3312
2023/12/06 04:03:41.99,459761.4374,5634230.0153,2946565.3319
2023/12/06 04:03:42.99,459761.4333,5634230.0215,2946565.3359
2023/12/06 04:03:43.99,459761.4378,5634230.0176,2946565.3348
2023/12/06 04:03:44.99,459761.4329,5634230.0167,2946565.3325
2023/12/06 04:03:45.99,459761.435,5634230.0179,2946565.334
2023/12/06 04:03:46.99,459761.438,5634230.0257,2946565.3374
2023/12/06 04:03:47.99,459761.4307,5634230.0212,2946565.3351
2023/12/06 04:03:48.99,459761.4351,5634230.0276,2946565.3392
2023/12/06 04:03:49.99,459761.4341,5634230.0263,2946565.335
2023/12/06 04:03:50.99,459761.4343,5634230.0287,2946565.337
2023/12/06 04:03:51.99,459761.4355,5634230.0257,2946565.3364
2023/12/06 04:03:52.99,459761.4307,5634230.0348,2946565.3379
2023/12/06 04:03:53.99,459761.4377,5634230.0161,2946565.3336
2023/12/06 04:03:54.99,459761.4322,5634230.0217,2946565.3327
2023/12/06 04:03:55.99,459761.4318,5634230.0226,2946565.3333
2023/12/06 04:03:56.99,459761.4322,5634230.0226,2946565.3349
2023/12/06 04:03:57.99,459761.4303,5634230.0303,2946565.337
2023/12/06 04:03:58.99,459761.4304,5634230.0198,2946565.3338
2023/12/06 04:03:59.99,459761.4348,5634230.0239,2946565.3355
2023/12/06 04:04:00.99,459761.4325,5634230.0228,2946565.3336
2023/12/06 04:04:01.99,459761.4335,5634230.027,2946565.3351
2023/12/06 04:04:02.99,459761.4311,5634230.0361,2946565.3382
2023/12/06 04:04:03.99,459761.4327,5634230.0303,2946565.3392
2023/12/06 04:04:04.99,459761.4328,5634230.0276,2946565.3364
2023/12/06 04:04:05.99,459761.4326,5634230.0216,2946565.3336
2023/12/06 04:04:06.99,459761.4319,5634230.0342,2946565.3366
2023/12/06 04:04:07.99,459761.4321,5634230.0248,2946565.3333
2023/12/06 04:04:08.99,459761.4312,5634230.0379,2946565.3391
2023/12/06 04:04:09.99,459761.4337,5634230.032,2946565.336
2023/12/06 04:04:10.99,459761.4309,5634230.038,2946565.3358
2023/12/06 04:04:11.99,459761.4339,5634230.0362,2946565.3389
2023/12/06 04:04:12.99,459761.4335,5634230.0324,2946565.3366
2023/12/06 04:04:13.99,459761.4284,5634230.0361,2946565.3374
2023/12/06 04:04:14.99,459761.4326,5634230.0298,2946565.3349
2023/12/06 04:04:15.99,459761.4289,5634230.0441,2946565.3388
2023/12/06 04:04:16.99,459761.4316,5634230.0355,2946565.3377
2023/12/06 04:04:17.99,459761.4284,5634230.0284,2946565.3349
2023/12/06 04:04:18.99,459761.4338,5634230.0257,2946565.3354
2023/12/06 04:04:19.99,459761.4307,5634230.0459,2946565.3407
2023/12/06 04:04:20.99,459761.4312,5634230.0339,2946565.3382
2023/12/06 04:04:21.99,459761.4306,5634230.0371,2946565.3398
2023/12/06 04:04:22.99,459761.4259,5634230.0345,2946565.3375
2023/12/06 04:04:23.99,459761.4313,5634230.0443,2946565.3399
2023/12/06 04:04:24.99,459761.4284,5634230.0381,2946565.338
2023/12/06 04:04:25.99,459761.4272,5634230.0351,2946565.3382
2023/12/06 04:04:26.99,459761.4295,5634230.0437,2946565.3396
2023/12/06 04:04:27.99,459761.4299,5634230.0297,2946565.337
2023/12/06 04:04:28.99,459761.4303,5634230.0373,2946565.3368
2023/12/06 04:04:29.99,459761.4304,5634230.0217,2946565.3334
2023/12/06 04:04:30.99,459761.4272,5634230.034,2946565.3362
2023/12/06 04:04:31.99,459761.4264,5634230.0379,2946565.3369
2023/12/06 04:04:32.99,459761.4254,5634230.0415,2946565.3362
2023/12/06 04:04:33.99,459761.4272,5634230.043,2946565.3371
2023/12/06 04:04:34.99,459761.4288,5634230.0366,2946565.3362
2023/12/06 04:04:35.99,459761.43,5634230.0463,2946565.3399
2023/12/06 04:04:36.99,459761.43,5634230.0254,2946565.3333
2023/12/06 04:04:37.99,459761.4284,5634230.0286,2946565.3328
2023/12/06 04:04:38.99,459761.4294,5634230.0219,2946565.3335
2023/12/06 04:04:39.99,459761.4247,5634230.0286,2946565.3344
2023/12/06 04:04:40.99,459761.4333,5634230.0369,2946565.3393
2023/12/06 04:04:41.99,459761.4275,5634230.0411,2946565.3408
2023/12/06 04:04:42.99,459761.3923,5634230.0377,2946565.3302
2023/12/06 04:04:43.99,459761.5651,5634228.2378,2946563.5193
2023/12/06 04:04:44.99,459759.6156,5634228.6228,2946563.0168
2023/12/06 04:04:45.99,459753.4082,5634241.4989,2946567.7384
2023/12/06 04:04:48.99,459748.304,5634229.7531,2946560.1862
2023/12/06 04:04:49.99,459744.7566,5634233.3361,2946560.5681
2023/12/06 04:04:50.99,459739.9423,5634235.0814,2946558.6712
2023/12/06 04:04:51.99,459736.7755,5634235.3441,2946559.4005
2023/12/06 04:04:52.99,459733.9618,5634234.1705,2946556.8759
2023/12/06 04:04:53.99,459729.5805,5634236.935,2946557.6297
2023/12/06 04:04:54.99,459726.6599,5634235.7935,2946555.0733
2023/12/06 04:04:55.99,459721.5978,5634238.7163,2946555.68
2023/12/06 04:04:56.99,459717.1063,5634239.6145,2946554.6543
2023/12/06 04:04:57.99,459713.3729,5634238.6307,2946551.9827
2023/12/06 04:04:58.99,459707.7642,5634241.6088,2946552.529
2023/12/06 04:04:59.99,459703.1726,5634242.5498,2946551.4657
2023/12/06 04:05:00.99,459698.6002,5634243.4725,2946550.4018
2023/12/06 04:05:01.99,459694.5319,5634242.5523,2946547.5658
2023/12/06 04:05:02.99,459688.2856,5634245.7046,2946547.824
2023/12/06 04:05:03.99,459683.0168,5634246.7836,2946546.5772
2023/12/06 04:05:04.99,459677.7957,5634247.8341,2946545.3769
2023/12/06 04:05:05.99,459670.5286,5634245.8486,2946544.4213
2023/12/06 04:05:06.99,459664.9958,5634250.489,2946542.4268
2023/12/06 04:05:07.99,459657.6453,5634251.9688,2946540.6975
2023/12/06 04:05:08.99,459650.2939,5634253.4743,2946539.0307
2023/12/06 04:05:09.99,459643.4019,5634254.8484,2946537.4822
2023/12/06 04:05:10.99,459637.3751,5634254.2215,2946534.2976
2023/12/06 04:05:11.99,459629.8556,5634257.5193,2946534.4402
2023/12/06 04:05:12.99,459623.0238,5634258.8688,2946532.837
2023/12/06 04:05:13.99,459615.6717,5634260.4241,2946531.1085
2023/12/06 04:05:14.99,459608.1325,5634261.9859,2946529.3419
2023/12/06 04:05:15.99,459601.0146,5634263.4205,2946527.732
2023/12/06 04:05:16.99,459594.8966,5634262.8178,2946524.5639
2023/12/06 04:05:17.99,459587.8515,5634264.1684,2946523.0556
2023/12/06 04:05:18.99,459580.111,5634267.4767,2946523.2114
2023/12/06 04:05:19.99,459573.4171,5634268.7856,2946521.7778
2023/12/06 04:05:20.99,459567.5628,5634269.9254,2946520.5261
2023/12/06 04:05:21.99,459563.5853,5634268.8705,2946517.8788
2023/12/06 04:05:22.99,459559.2463,5634269.6443,2946517.0604
2023/12/06 04:05:23.99,459555.1501,5634270.1985,2946516.6242
2023/12/06 04:05:24.99,459550.2982,5634272.52,2946518.1424
2023/12/06 04:05:25.99,459547.2556,5634270.7951,2946516.5561
2023/12/06 04:05:26.99,459542.0642,5634272.8738,2946516.4705
2023/12/06 04:05:27.99,459538.7674,5634271.3534,2946516.7479
2023/12/06 04:05:28.99,459533.5392,5634271.9984,2946516.399
2023/12/06 04:05:29.99,459526.4267,5634275.0331,2946517.0104
2023/12/06 04:05:30.99,459519.2367,5634276.5071,2946515.4185
2023/12/06 04:05:31.99,459512.8484,5634276.0111,2946512.0881
2023/12/06 04:05:32.99,459505.0821,5634279.3714,2946512.0647
2023/12/06 04:05:33.99,459498.1389,5634280.8436,2946510.4623
2023/12/06 04:05:34.99,459492.1262,5634280.2656,2946507.2729
2023/12/06 04:05:35.99,459484.4257,5634283.6249,2946507.3964
2023/12/06 04:05:36.99,459477.5779,5634284.7871,2946504.0583
2023/12/06 04:05:37.99,459471.394,5634285.9723,2946502.6225
2023/12/06 04:05:38.99,459467.1061,5634290.5003,2946503.2415
2023/12/06 04:05:39.99,459461.8088,5634286.3733,2946500.3648
2023/12/06 04:05:40.99,459456.5601,5634287.4553,2946499.068
2023/12/06 04:05:41.99,459450.2137,5634290.5814,2946499.3054
2023/12/06 04:05:42.99,459446.8976,5634294.727,2946498.1612
2023/12/06 04:05:43.99,459442.1766,5634292.3465,2946497.2163
2023/12/06 04:05:44.99,459438.7572,5634293.3172,2946494.822
2023/12/06 04:05:45.99,459438.3547,5634291.3436,2946494.4912
2023/12/06 04:05:46.99,459436.8076,5634291.5721,2946494.164
2023/12/06 04:05:47.99,459434.7754,5634297.1892,2946495.4382
2023/12/06 04:05:48.99,459431.2102,5634293.8288,2946494.2932
2023/12/06 04:05:49.99,459426.3344,5634295.5411,2946492.5969
2023/12/06 04:05:50.99,459420.4955,5634296.9288,2946490.891
2023/12/06 04:05:51.99,459419.7803,5634275.3547,2946481.6057
2023/12/06 04:05:52.99,459412.8515,5634289.0123,2946483.5504
2023/12/06 04:05:53.99,459405.6033,5634296.2009,2946484.558
2023/12/06 04:05:54.99,459396.1369,5634278.4791,2946477.8055
2023/12/06 04:05:55.99,459389.6151,5634299.4141,2946480.8146
2023/12/06 04:05:56.99,459376.4792,5634303.2284,2946480.6256
2023/12/06 04:05:57.99,459373.0898,5634302.5237,2946477.175
2023/12/06 04:05:58.99,459361.7067,5634304.6717,2946474.7133
2023/12/06 04:05:59.99,459357.7236,5634305.4461,2946473.8359
2023/12/06 04:06:00.99,459345.7741,5634309.0468,2946473.9411
2023/12/06 04:06:01.99,459339.4336,5634310.2371,2946472.4883
2023/12/06 04:06:02.99,459334.5992,5634311.2704,2946471.2593
2023/12/06 04:06:03.99,459331.7481,5634312.0231,2946470.2602
2023/12/06 04:06:04.99,459330.1085,5634312.595,2946469.3526
2023/12/06 04:06:05.99,459331.3156,5634317.5066,2946472.0404
2023/12/06 04:06:06.99,459328.8624,5634313.5069,2946467.6765
2023/12/06 04:06:07.99,459330.7579,5634318.2977,2946470.5531
2023/12/06 04:06:08.99,459327.7731,5634316.1439,2946467.9711
2023/12/06 04:06:09.99,459328.761,5634314.4935,2946465.7218
2023/12/06 04:06:10.99,459331.2296,5634319.4499,2946468.2621
2023/12/06 04:06:11.99,459330.0052,5634315.518,2946463.6229
2023/12/06 04:06:12.99,459331.045,5634314.6194,2946460.8121
2023/12/06 04:06:13.99,459334.8861,5634320.8452,2946465.3552
2023/12/06 04:06:14.99,459336.9807,5634320.9762,2946464.8441
2023/12/06 04:06:15.99,459337.4764,5634316.4075,2946461.189
2023/12/06 04:06:16.99,459342.4798,5634320.5121,2946465.0142
2023/12/06 04:06:17.99,459343.5845,5634315.6317,2946461.8803
2023/12/06 04:06:18.99,459346.5733,5634315.1974,2946462.2814
2023/12/06 04:06:19.99,459349.6665,5634314.758,2946462.6849
2023/12/06 04:06:20.99,459355.1246,5634318.7341,2946466.6402
2023/12/06 04:06:21.99,459356.4462,5634313.8334,2946463.4808
2023/12/06 04:06:22.99,459360.037,5634313.3164,2946463.9839
2023/12/06 04:06:23.99,459364.1451,5634312.644,2946464.6058
2023/12/06 04:06:24.99,459369.0087,5634311.8957,2946465.3533
2023/12/06 04:06:25.99,459374.88,5634310.9909,2946466.2913
2023/12/06 04:06:26.99,459381.88,5634309.8804,2946467.4012
2023/12/06 04:06:27.99,459389.0735,5634308.5688,2946468.8862
2023/12/06 04:06:28.99,459395.776,5634307.2878,2946470.3339
2023/12/06 04:06:29.99,459401.1552,5634306.2525,2946471.5251
2023/12/06 04:06:30.99,459405.3374,5634305.4562,2946472.4119
2023/12/06 04:06:31.99,459408.4817,5634304.8941,2946473.0278
2023/12/06 04:06:32.99,459410.4038,5634304.5777,2946473.3918
2023/12/06 04:06:33.99,459411.5987,5634304.3567,2946473.6168
2023/12/06 04:06:34.99,459412.4409,5634304.2208,2946473.7878
2023/12/06 04:06:35.99,459413.1163,5634304.0761,2946473.9153
2023/12/06 04:06:36.99,459413.7614,5634303.7463,2946473.9704
2023/12/06 04:06:37.99,459416.8733,5634308.2363,2946477.8216
2023/12/06 04:06:38.99,459415.7709,5634303.6438,2946474.4545
2023/12/06 04:06:39.99,459415.6865,5634305.4312,2946476.2267
2023/12/06 04:06:40.99,459420.0979,5634307.6303,2946478.4669
2023/12/06 04:06:41.99,459419.4395,5634305.1531,2946476.3656
2023/12/06 04:06:42.99,459422.2563,5634302.4847,2946475.8494
2023/12/06 04:06:43.99,459424.5759,5634301.693,2946476.2632
2023/12/06 04:06:44.99,459427.9499,5634306.89,2946477.8931
2023/12/06 04:06:45.99,459430.0669,5634302.6453,2946479.5153
2023/12/06 04:06:46.99,459433.5141,5634301.9918,2946480.25
2023/12/06 04:06:47.99,459438.4443,5634304.9215,2946480.1375
2023/12/06 04:06:48.99,459441.0478,5634300.5907,2946481.7172
2023/12/06 04:06:49.99,459446.1863,5634296.9856,2946480.2793
2023/12/06 04:06:50.99,459450.4419,5634297.0511,2946481.7294
2023/12/06 04:06:51.99,459455.4149,5634295.9222,2946482.2693
2023/12/06 04:06:52.99,459461.1457,5634300.8423,2946484.3709
2023/12/06 04:06:53.99,459464.8707,5634296.4328,2946485.9761
2023/12/06 04:06:54.99,459471.3751,5634293.4607,2946485.3421
2023/12/06 04:06:55.99,459477.5922,5634292.308,2946486.6269
2023/12/06 04:06:56.99,459483.1578,5634293.025,2946489.6193
2023/12/06 04:06:57.99,459490.6169,5634295.3841,2946490.187
2023/12/06 04:06:58.99,459496.8791,5634294.1414,2946491.5843
2023/12/06 04:06:59.99,459502.7136,5634287.028,2946491.8286
2023/12/06 04:07:00.99,459509.6918,5634291.5669,2946494.5881
2023/12/06 04:07:01.99,459516.1858,5634290.1563,2946496.128
2023/12/06 04:07:02.99,459522.2575,5634283.2091,2946496.8753
2023/12/06 04:07:03.99,459528.4994,5634281.94,2946498.4368
2023/12/06 04:07:04.99,459534.476,5634280.8066,2946499.9077
2023/12/06 04:07:05.99,459540.7092,5634279.4555,2946501.2768
2023/12/06 04:07:06.99,459546.8111,5634278.2629,2946502.6283
2023/12/06 04:07:07.99,459551.8831,5634279.0254,2946503.7224
2023/12/06 04:07:08.99,459558.9584,5634275.9688,2946505.1445
2023/12/06 04:07:09.99,459564.5238,5634275.774,2946506.688
2023/12/06 04:07:10.99,459569.6121,5634275.4456,2946507.7751
2023/12/06 04:07:11.99,459572.4548,5634285.4282,2946515.6192
2023/12/06 04:07:12.99,459581.8456,5634271.2661,2946510.6189
2023/12/06 04:07:13.99,459585.9552,5634271.7338,2946511.1486
2023/12/06 04:07:14.99,459590.4227,5634271.7513,2946513.6387
2023/12/06 04:07:15.99,459595.5111,5634274.1783,2946514.3507
2023/12/06 04:07:16.99,459598.4198,5634267.9905,2946514.2608
2023/12/06 04:07:17.99,459600.3042,5634269.7984,2946515.8224
2023/12/06 04:07:18.99,459602.9081,5634267.1253,2946515.2114
2023/12/06 04:07:19.99,459603.883,5634266.9292,2946515.4104
2023/12/06 04:07:20.99,459604.3833,5634266.8306,2946515.5111
2023/12/06 04:07:21.99,459604.7503,5634266.7573,2946515.585
2023/12/06 04:07:22.99,459605.0097,5634266.7062,2946515.6431
2023/12/06 04:07:23.99,459605.305,5634266.654,2946515.7115
2023/12/06 04:07:24.99,459605.8406,5634266.5968,2946515.8603
2023/12/06 04:07:25.99,459605.8647,5634268.6934,2946517.0741
2023/12/06 04:07:26.99,459607.5133,5634266.1346,2946516.3514
2023/12/06 04:07:27.99,459607.1331,5634268.4241,2946517.5133
2023/12/06 04:07:28.99,459607.7576,5634267.19,2946517.5874
2023/12/06 04:07:29.99,459607.9065,5634266.0594,2946516.4996
2023/12/06 04:07:30.99,459607.1228,5634268.4232,2946517.5046
2023/12/06 04:07:31.99,459607.1248,5634268.4179,2946517.5076
2023/12/06 04:07:32.99,459607.2346,5634268.4012,2946517.5528
2023/12/06 04:07:33.99,459608.2397,5634265.9633,2946516.6121
2023/12/06 04:07:34.99,459608.5482,5634265.9082,2946516.7134
2023/12/06 04:07:35.99,459605.6219,5634265.8027,2946515.5628
2023/12/06 04:07:36.99,459609.3027,5634265.7051,2946516.9601
2023/12/06 04:07:37.99,459609.3706,5634265.6889,2946516.9869
2023/12/06 04:07:38.99,459609.3678,5634265.6867,2946516.9868
2023/12/06 04:07:39.99,459609.3728,5634265.6755,2946516.9831
2023/12/06 04:07:40.99,459609.3685,5634265.6663,2946516.9735
2023/12/06 04:07:41.99,459609.3467,5634265.695,2946516.98
2023/12/06 04:07:42.99,459609.5369,5634265.6298,2946517.0353
2023/12/06 04:07:43.99,459609.8506,5634265.562,2946517.1177
2023/12/06 04:07:44.99,459609.9821,5634265.5282,2946517.1581
2023/12/06 04:07:45.99,459609.9846,5634265.5116,2946517.1521
2023/12/06 04:07:46.99,459609.9919,5634265.5094,2946517.1521
2023/12/06 04:07:47.99,459609.9893,5634265.5135,2946517.152
2023/12/06 04:07:48.99,459609.9852,5634265.5292,2946517.159
2023/12/06 04:07:49.99,459609.9866,5634265.537,2946517.1602
2023/12/06 04:07:50.99,459610.2075,5634265.4865,2946517.2262
2023/12/06 04:07:51.99,459610.7713,5634265.3448,2946517.3901
2023/12/06 04:07:52.99,459611.8613,5634265.085,2946517.6522
2023/12/06 04:07:53.99,459612.6177,5634267.1523,2946519.0208
2023/12/06 04:07:54.99,459614.5196,5634266.7956,2946519.3873
2023/12/06 04:07:55.99,459617.2462,5634264.0837,2946518.741
2023/12/06 04:07:56.99,459618.6608,5634266.067,2946520.1319
2023/12/06 04:07:57.99,459622.1178,5634263.2802,2946519.5706
2023/12/06 04:07:58.99,459624.6807,5634262.8181,2946519.9734
2023/12/06 04:07:59.99,459626.6618,5634262.555,2946520.3147
2023/12/06 04:08:00.99,459628.4587,5634262.1856,2946520.6062
2023/12/06 04:08:01.99,459630.1763,5634261.8593,2946520.9152
2023/12/06 04:08:02.99,459630.9452,5634263.9494,2946522.2429
2023/12/06 04:08:03.99,459632.4325,5634263.6555,2946522.5566
2023/12/06 04:08:04.99,459635.042,5634260.907,2946521.9603
2023/12/06 04:08:05.99,459637.2759,5634260.4688,2946522.4652
2023/12/06 04:08:06.99,459639.5983,5634260.0323,2946522.9899
2023/12/06 04:08:07.99,459642.3958,5634259.5231,2946523.6085
2023/12/06 04:08:08.99,459645.4232,5634258.6542,2946523.907
2023/12/06 04:08:09.99,459648.3054,5634258.3307,2946524.8448
2023/12/06 04:08:10.99,459648.2711,5634257.6938,2946524.2561
2023/12/06 04:08:11.99,459655.1021,5634256.9882,2946526.283
2023/12/06 04:08:12.99,459657.4158,5634258.0927,2946526.5386
2023/12/06 04:08:13.99,459658.2247,5634268.1441,2946533.9329
2023/12/06 04:08:14.99,459664.4763,5634258.1266,2946530.992
2023/12/06 04:08:15.99,459670.0505,5634253.8949,2946529.8692
2023/12/06 04:08:16.99,459674.8011,5634252.9157,2946530.9994
2023/12/06 04:08:17.99,459679.3413,5634254.1864,2946533.2353
2023/12/06 04:08:18.99,459685.9962,5634250.6016,2946533.6164
2023/12/06 04:08:19.99,459692.3176,5634249.2901,2946535.2389
2023/12/06 04:08:20.99,459698.6162,5634247.9453,2946536.751
2023/12/06 04:08:21.99,459703.9134,5634249.0469,2946539.2251
2023/12/06 04:08:22.99,459709.6201,5634247.8573,2946540.6615
2023/12/06 04:08:23.99,459715.1667,5634246.5817,2946542.0643
2023/12/06 04:08:24.99,459721.7363,5634244.6267,2946544.8377
2023/12/06 04:08:25.99,459727.2814,5634248.1164,2946546.1992
2023/12/06 04:08:26.99,459732.919,5634242.2456,2946547.5606
2023/12/06 04:08:27.99,459736.9139,5634242.1131,2946547.6355
2023/12/06 04:08:28.99,459744.176,5634239.571,2946548.9907
2023/12/06 04:08:29.99,459750.122,5634238.3445,2946549.7404
2023/12/06 04:08:32.99,459770.3224,5634233.9989,2946554.6091
2023/12/06 04:08:33.99,459777.7019,5634232.901,2946557.4744
2023/12/06 04:08:34.99,459784.8518,5634231.3713,2946559.1806
2023/12/06 04:08:35.99,459792.0563,5634229.8349,2946560.9148
2023/12/06 04:08:36.99,459800.1092,5634227.0068,2946562.8533
2023/12/06 04:08:37.99,459807.4455,5634225.5204,2946564.6478
2023/12/06 04:08:38.99,459814.2444,5634224.3197,2946564.5946
2023/12/06 04:08:39.99,459822.0491,5634223.2899,2946567.5049
2023/12/06 04:08:40.99,459829.1915,5634221.7543,2946569.1078
2023/12/06 04:08:41.99,459835.9223,5634220.3137,2946570.5986
2023/12/06 04:08:42.99,459842.3105,5634218.9277,2946572.0086
2023/12/06 04:08:43.99,459849.3464,5634217.0245,2946575.0072
2023/12/06 04:08:44.99,459855.703,5634215.5838,2946576.3899
2023/12/06 04:08:45.99,459861.7423,5634214.8595,2946576.3757
2023/12/06 04:08:46.99,459869.9001,5634216.6001,2946577.5486
2023/12/06 04:08:47.99,459875.4635,5634211.2969,2946577.9126
2023/12/06 04:08:48.99,459883.053,5634209.6224,2946579.5853
2023/12/06 04:08:49.99,459891.372,5634208.433,2946582.6256
2023/12/06 04:08:50.99,459900.5451,5634204.1999,2946583.5015
2023/12/06 04:08:51.99,459907.8878,5634204.7172,2946586.2795
2023/12/06 04:08:52.99,459916.461,5634200.621,2946586.996
2023/12/06 04:08:53.99,459923.1317,5634201.3185,2946589.6914
2023/12/06 04:08:54.99,459930.3975,5634199.6613,2946591.31
2023/12/06 04:08:55.99,459937.3567,5634197.4415,2946591.6644
2023/12/06 04:08:56.99,459945.4111,5634195.1963,2946594.5059
2023/12/06 04:08:57.99,459952.4615,5634194.7158,2946595.9494
2023/12/06 04:08:58.99,459960.8939,5634190.74,2946596.4626
2023/12/06 04:08:59.99,459967.5801,5634190.7436,2946597.7845
2023/12/06 04:09:00.99,459976.4704,5634187.2296,2946599.8155
2023/12/06 04:09:01.99,459984.7183,5634186.9564,2946603.9058
2023/12/06 04:09:02.99,459992.1675,5634185.6698,2946604.3998
2023/12/06 04:09:03.99,460000.6186,5634183.8677,2946606.1958
2023/12/06 04:09:04.99,460008.6699,5634183.0941,2946607.4334
2023/12/06 04:09:05.99,460018.1257,5634179.9121,2946609.5942
2023/12/06 04:09:06.99,460027.0771,5634177.9373,2946611.2828
2023/12/06 04:09:07.99,460036.7236,5634174.7559,2946613.2021
2023/12/06 04:09:08.99,460045.007,5634173.4986,2946615.6665
2023/12/06 04:09:09.99,460050.2775,5634177.1554,2946619.3742
2023/12/06 04:09:10.99,460064.0642,5634168.9445,2946620.4871
2023/12/06 04:09:11.99,460071.9703,5634167.4206,2946621.0842
2023/12/06 04:09:12.99,460080.5803,5634164.9522,2946623.6083
2023/12/06 04:09:13.99,460090.7776,5634166.3492,2946624.6496
2023/12/06 04:09:14.99,460099.1396,5634160.6851,2946628.0633
2023/12/06 04:09:15.99,460107.271,5634159.2322,2946628.7891
2023/12/06 04:09:16.99,460117.2963,5634156.4496,2946632.2442
2023/12/06 04:09:17.99,460125.2933,5634154.3867,2946631.8155
2023/12/06 04:09:18.99,460135.0575,5634150.2669,2946633.8034
2023/12/06 04:09:19.99,460142.7165,5634150.2268,2946636.0573
2023/12/06 04:09:20.99,460151.5717,5634148.679,2946639.5758
2023/12/06 04:09:21.99,460160.2087,5634146.5708,2946641.9193
2023/12/06 04:09:22.99,460168.7549,5634144.4119,2946644.3779
2023/12/06 04:09:23.99,460177.251,5634142.0927,2946646.9555
2023/12/06 04:09:24.99,460185.4862,5634139.7868,2946649.5239
2023/12/06 04:09:25.99,460194.4741,5634135.182,2946651.1249
2023/12/06 04:09:26.99,460202.013,5634135.0843,2946654.775
2023/12/06 04:09:27.99,460209.9078,5634132.1775,2946656.2601
2023/12/06 04:09:28.99,460218.1578,5634130.2891,2946660.3231
2023/12/06 04:09:29.99,460226.1592,5634127.771,2946663.3783
2023/12/06 04:09:30.99,460234.2524,5634125.1294,2946666.4466
2023/12/06 04:09:31.99,460242.2797,5634122.5603,2946669.4657
2023/12/06 04:09:32.99,460250.2103,5634120.0436,2946672.4302
2023/12/06 04:09:33.99,460257.852,5634117.5107,2946675.5061
2023/12/06 04:09:34.99,460264.8178,5634115.1504,2946678.5048
2023/12/06 04:09:35.99,460271.277,5634112.8864,2946681.4143
2023/12/06 04:09:36.99,460277.4778,5634110.7558,2946684.2199
2023/12/06 04:09:37.99,460283.8485,5634108.6276,2946686.8674
2023/12/06 04:09:38.99,460290.727,5634105.3594,2946689.4643
2023/12/06 04:09:39.99,460296.0778,5634104.7163,2946691.8003
2023/12/06 04:09:40.99,460301.1393,5634103.074,2946694.0411
2023/12/06 04:09:41.99,460304.8534,5634101.7872,2946695.7807
2023/12/06 04:09:42.99,460308.2293,5634100.5974,2946697.4197
2023/12/06 04:09:43.99,460311.5645,5634099.4144,2946699.0326
2023/12/06 04:09:44.99,460314.527,5634098.3904,2946700.5035
2023/12/06 04:09:45.99,460316.8285,5634097.5623,2946701.6306
2023/12/06 04:09:46.99,460318.7856,5634096.886,2946702.6155
2023/12/06 04:09:47.99,460320.7406,5634096.2395,2946703.5369
2023/12/06 04:09:48.99,460322.2867,5634095.7218,2946704.2379
2023/12/06 04:09:49.99,460323.3397,5634095.3677,2946704.7186
2023/12/06 04:09:50.99,460324.0841,5634095.11,2946705.06
2023/12/06 04:09:51.99,460324.6858,5634094.9148,2946705.334
2023/12/06 04:09:52.99,460325.084,5634094.7897,2946705.5259
2023/12/06 04:09:53.99,460325.0857,5634094.7873,2946705.5272
2023/12/06 04:09:54.99,460325.0864,5634094.788,2946705.529
2023/12/06 04:09:55.99,460325.0865,5634094.7956,2946705.5291
2023/12/06 04:09:56.99,460325.0844,5634094.7857,2946705.526
2023/12/06 04:09:57.99,460325.0888,5634094.8009,2946705.5335
2023/12/06 04:09:58.99,460325.0872,5634094.7804,2946705.5279
2023/12/06 04:09:59.99,460325.085,5634094.7842,2946705.5267
2023/12/06 04:10:00.99,460325.0849,5634094.7713,2946705.5222
2023/12/06 04:10:01.99,460325.0852,5634094.7938,2946705.5288
2023/12/06 04:10:02.99,460325.868,5634092.4573,2946704.5407
2023/12/06 04:10:03.99,460325.0866,5634094.7901,2946705.5277
2023/12/06 04:10:04.99,460325.0865,5634094.7788,2946705.5249
2023/12/06 04:10:05.99,460325.3156,5634094.7229,2946705.6404
2023/12/06 04:10:06.99,460326.2538,5634094.4112,2946706.0749
2023/12/06 04:10:07.99,460328.1494,5634093.7409,2946706.9718
2023/12/06 04:10:08.99,460330.0367,5634093.0863,2946707.8784
2023/12/06 04:10:09.99,460332.6066,5634090.1623,2946707.7447
2023/12/06 04:10:10.99,460333.8067,5634092.0131,2946709.7073
2023/12/06 04:10:11.99,460336.2654,5634091.0594,2946710.6207
2023/12/06 04:10:12.99,460339.998,5634087.9597,2946710.5549
2023/12/06 04:10:13.99,460342.7246,5634089.5476,2946712.4426
2023/12/06 04:10:14.99,460346.1916,5634088.8053,2946713.3464
2023/12/06 04:10:15.99,460349.6441,5634088.0698,2946714.1357
2023/12/06 04:10:16.99,460352.6899,5634087.7111,2946714.9601
2023/12/06 04:10:17.99,460354.6464,5634087.2922,2946715.3933
2023/12/06 04:10:18.99,460356.0819,5634086.2545,2946714.5279
2023/12/06 04:10:19.99,460357.7258,5634085.8575,2946714.8949
2023/12/06 04:10:20.99,460359.5038,5634086.0182,2946716.4295
2023/12/06 04:10:21.99,460360.8733,5634085.743,2946716.7862
2023/12/06 04:10:22.99,460359.9742,5634083.1461,2946715.1735
2023/12/06 04:10:23.99,460364.9911,5634084.7825,2946717.5284
2023/12/06 04:10:24.99,460368.6186,5634083.9671,2946718.5801
2023/12/06 04:10:25.99,460372.9134,5634082.9417,2946720.3988
2023/12/06 04:10:26.99,460377.6423,5634081.5178,2946722.4177
2023/12/06 04:10:27.99,460383.0395,5634079.789,2946724.8752
2023/12/06 04:10:28.99,460390.3212,5634071.1264,2946727.054
2023/12/06 04:10:29.99,460400.2511,5634064.5699,2946726.4866
2023/12/06 04:10:34.99,460422.3905,5634066.4816,2946744.2729
2023/12/06 04:10:35.99,460424.8398,5634062.5774,2946745.5122
2023/12/06 04:10:36.99,460429.4172,5634063.9886,2946747.7938
2023/12/06 04:10:37.99,460433.2298,5634062.4476,2946750.039
2023/12/06 04:10:38.99,460436.674,5634061.1265,2946751.9371
2023/12/06 04:10:39.99,460439.8217,5634059.8429,2946753.9107
2023/12/06 04:10:40.99,460443.3638,5634058.3912,2946755.9003
2023/12/06 04:10:41.99,460447.7088,5634056.863,2946758.0807
2023/12/06 04:10:42.99,460452.8434,5634055.1567,2946760.3282
2023/12/06 04:10:43.99,460458.5539,5634053.4133,2946762.9223
2023/12/06 04:10:44.99,460464.7283,5634051.3273,2946765.9598
2023/12/06 04:10:45.99,460471.4501,5634048.9943,2946769.3482
2023/12/06 04:10:46.99,460478.7481,5634046.5002,2946772.9685
2023/12/06 04:10:47.99,460486.6162,5634043.8388,2946776.7372
2023/12/06 04:10:48.99,460494.9522,5634041.0761,2946780.6989
2023/12/06 04:10:49.99,460503.7084,5634038.1096,2946784.8839
2023/12/06 04:10:50.99,460512.8556,5634035.3369,2946789.3477
2023/12/06 04:10:51.99,460521.5561,5634032.8015,2946794.8861
2023/12/06 04:10:52.99,460531.0548,5634028.8363,2946798.0304
2023/12/06 04:10:53.99,460539.7087,5634025.9277,2946802.2388
2023/12/06 04:10:54.99,460548.2472,5634023.0477,2946806.3895
2023/12/06 04:10:55.99,460556.3287,5634020.2357,2946810.3328
2023/12/06 04:10:56.99,460563.9685,5634017.592,2946814.0892
2023/12/06 04:10:57.99,460571.2129,5634015.0805,2946817.6516
2023/12/06 04:10:58.99,460578.2932,5634012.6345,2946821.1555
2023/12/06 04:10:59.99,460585.4312,5634010.2377,2946824.547
2023/12/06 04:11:00.99,460592.348,5634008.002,2946827.785
2023/12/06 04:11:01.99,460598.8951,5634005.8286,2946830.8665
2023/12/06 04:11:02.99,460604.2294,5634003.9999,2946833.3658
2023/12/06 04:11:03.99,460607.9849,5634002.7549,2946835.2071
2023/12/06 04:11:04.99,460610.4325,5634001.9033,2946836.411
2023/12/06 04:11:05.99,460612.5916,5634001.3697,2946837.5563
2023/12/06 04:11:06.99,460614.1224,5634000.8411,2946838.2958
2023/12/06 04:11:07.99,460615.118,5634000.3198,2946838.7101
2023/12/06 04:11:08.99,460615.9004,5634000.0815,2946839.0954
2023/12/06 04:11:09.99,460616.2914,5633999.9489,2946839.2809
2023/12/06 04:11:10.99,460616.4309,5633999.9142,2946839.3498
2023/12/06 04:11:11.99,460616.4348,5633999.9075,2946839.3513
2023/12/06 04:11:12.99,460616.436,5633999.918,2946839.3556
2023/12/06 04:11:13.99,460616.4342,5633999.8986,2946839.3517
2023/12/06 04:11:14.99,460616.4344,5633999.9096,2946839.3549
2023/12/06 04:11:15.99,460616.4345,5633999.9104,2946839.3497
2023/12/06 04:11:16.99,460616.4309,5633999.9163,2946839.3532
2023/12/06 04:11:17.99,460616.4339,5633999.9023,2946839.3486
2023/12/06 04:11:18.99,460616.4342,5633999.9082,2946839.3516
2023/12/06 04:11:19.99,460616.4383,5633999.8995,2946839.3473
2023/12/06 04:11:20.99,460616.4795,5633999.8664,2946839.3602
2023/12/06 04:11:21.99,460616.5507,5633999.8628,2946839.4007
2023/12/06 04:11:22.99,460616.5653,5633999.8546,2946839.408
2023/12/06 04:11:23.99,460616.5651,5633999.8519,2946839.4048
2023/12/06 04:11:24.99,460616.5694,5633999.8552,2946839.4103
2023/12/06 04:11:25.99,460616.5975,5633999.8424,2946839.4228
2023/12/06 04:11:26.99,460616.617,5633999.8392,2946839.4309
2023/12/06 04:11:27.99,460616.6158,5633999.8485,2946839.4356
2023/12/06 04:11:28.99,460616.6122,5633999.8479,2946839.4358
2023/12/06 04:11:29.99,460616.616,5633999.8393,2946839.432
2023/12/06 04:11:30.99,460616.6148,5633999.8393,2946839.4322
2023/12/06 04:11:31.99,460616.6149,5633999.8352,2946839.4302
2023/12/06 04:11:32.99,460616.6184,5633999.839,2946839.4326
2023/12/06 04:11:33.99,460616.6116,5633999.8498,2946839.4346
2023/12/06 04:11:34.99,460616.6153,5633999.8383,2946839.4333
2023/12/06 04:11:35.99,460616.6143,5633999.8452,2946839.4337
2023/12/06 04:11:36.99,460616.6122,5633999.8474,2946839.4355
2023/12/06 04:11:37.99,460616.844,5633999.9527,2946839.6044
2023/12/06 04:11:38.99,460617.7462,5633999.4485,2946839.97
2023/12/06 04:11:39.99,460619.3881,5633999.072,2946840.8399
2023/12/06 04:11:40.99,460621.4662,5633998.1402,2946841.8272
2023/12/06 04:11:41.99,460624.226,5633997.1703,2946843.2312
2023/12/06 04:11:42.99,460627.2326,5633996.2979,2946844.8508
2023/12/06 04:11:43.99,460630.0244,5633995.1013,2946846.2264
2023/12/06 04:11:44.99,460633.0683,5633994.0083,2946847.7859
2023/12/06 04:11:45.99,460636.0434,5633993.1754,2946849.3387
2023/12/06 04:11:46.99,460638.9362,5633991.9753,2946850.7018
2023/12/06 04:11:47.99,460641.9716,5633990.9193,2946852.1757
2023/12/06 04:11:48.99,460645.4022,5633989.7343,2946853.8612
2023/12/06 04:11:49.99,460649.0106,5633988.4782,2946855.6467
2023/12/06 04:11:50.99,460652.758,5633987.1866,2946857.5024
2023/12/06 04:11:51.99,460656.7832,5633985.8145,2946859.4966
2023/12/06 04:11:52.99,460660.9376,5633984.5615,2946861.5621
2023/12/06 04:11:53.99,460665.3407,5633983.0887,2946863.6039
2023/12/06 04:11:54.99,460669.9445,5633981.5748,2946865.7893
2023/12/06 04:11:55.99,460674.6677,5633979.8176,2946867.956
2023/12/06 04:11:56.99,460679.9357,5633978.2421,2946870.5012
2023/12/06 04:11:57.99,460685.7762,5633976.0856,2946873.2107
2023/12/06 04:11:58.99,460692.2367,5633974.0898,2946876.3315
2023/12/06 04:11:59.99,460698.7225,5633971.9513,2946879.403
2023/12/06 04:12:00.99,460705.1318,5633969.7795,2946882.5266
2023/12/06 04:12:01.99,460711.5663,5633966.2424,2946885.8477
2023/12/06 04:12:02.99,460717.9406,5633965.4156,2946888.794
2023/12/06 04:12:03.99,460724.4936,5633963.2158,2946891.9512
2023/12/06 04:12:04.99,460731.0305,5633961.0902,2946895.0625
2023/12/06 04:12:05.99,460737.4833,5633958.9465,2946898.1385
2023/12/06 04:12:06.99,460743.7885,5633956.8319,2946901.091
2023/12/06 04:12:07.99,460749.7885,5633954.655,2946903.8984
2023/12/06 04:12:08.99,460755.4896,5633952.7387,2946906.6673
2023/12/06 04:12:09.99,460761.0455,5633950.8942,2946909.3819
2023/12/06 04:12:10.99,460766.3032,5633949.1375,2946911.9586
2023/12/06 04:12:11.99,460771.2781,5633947.6382,2946914.4616
2023/12/06 04:12:12.99,460775.7826,5633945.8912,2946916.6699
2023/12/06 04:12:13.99,460779.884,5633944.4595,2946918.7597
2023/12/06 04:12:14.99,460783.7662,5633943.3068,2946920.7999
2023/12/06 04:12:15.99,460787.7809,5633941.917,2946922.7951
2023/12/06 04:12:16.99,460791.6232,5633940.6609,2946924.7005
2023/12/06 04:12:17.99,460795.5658,5633939.3793,2946926.5735
2023/12/06 04:12:18.99,460799.1991,5633938.1695,2946928.3034
2023/12/06 04:12:19.99,460802.8141,5633936.9795,2946930.0317
2023/12/06 04:12:20.99,460806.4484,5633935.7989,2946931.755
2023/12/06 04:12:21.99,460809.8071,5633934.7157,2946933.3756
2023/12/06 04:12:22.99,460813.2908,5633933.5649,2946935.0577
2023/12/06 04:12:23.99,460816.6126,5633932.4838,2946936.654
2023/12/06 04:12:24.99,460819.8649,5633931.4186,2946938.2432
2023/12/06 04:12:25.99,460823.0126,5633930.3457,2946939.7422
2023/12/06 04:12:26.99,460825.076,5633929.4728,2946940.7076
2023/12/06 04:12:27.99,460826.6861,5633928.8916,2946941.5472
2023/12/06 04:12:28.99,460827.7307,5633928.5374,2946942.4715
2023/12/06 04:12:29.99,460828.32,5633927.9937,2946943.4449
2023/12/06 04:12:30.99,460828.4908,5633927.5148,2946944.2997
2023/12/06 04:12:31.99,460828.494,5633927.2323,2946944.9081
2023/12/06 04:12:32.99,460828.4479,5633927.0646,2946945.3043
2023/12/06 04:12:33.99,460828.2993,5633926.7396,2946945.84
2023/12/06 04:12:34.99,460828.0134,5633926.3142,2946946.3238
2023/12/06 04:12:35.99,460827.7725,5633926.2909,2946946.7981
2023/12/06 04:12:36.99,460827.3266,5633926.051,2946947.3409
2023/12/06 04:12:37.99,460826.7211,5633925.8575,2946947.8754
2023/12/06 04:12:38.99,460826.2792,5633925.7413,2946948.2061
2023/12/06 04:12:39.99,460826.1384,5633925.7083,2946948.3094
2023/12/06 04:12:40.99,460826.086,5633925.7127,2946948.3502
2023/12/06 04:12:41.99,460825.6869,5633925.6045,2946948.6259
2023/12/06 04:12:42.99,460824.9051,5633924.748,2946947.6748
2023/12/06 04:12:43.99,460824.4841,5633925.3769,2946949.281
2023/12/06 04:12:44.99,460823.8708,5633924.5937,2946948.1784
2023/12/06 04:12:45.99,460823.375,5633924.6005,2946950.0719
2023/12/06 04:12:46.99,460823.3248,5633925.2503,2946949.7467
2023/12/06 04:12:47.99,460823.1499,5633925.2548,2946949.8061
2023/12/06 04:12:48.99,460823.1015,5633925.2426,2946949.8156
2023/12/06 04:12:49.99,460822.9483,5633925.2234,2946949.8584
2023/12/06 04:12:50.99,460822.2806,5633925.2062,2946950.0029
2023/12/06 04:12:51.99,460821.0067,5633925.2251,2946950.147
2023/12/06 04:12:52.99,460818.9558,5633924.7059,2946948.796
2023/12/06 04:12:53.99,460816.3174,5633925.9126,2946949.5716
2023/12/06 04:12:54.99,460813.1236,5633926.6043,2946948.7311
2023/12/06 04:12:55.99,460809.2772,5633927.4537,2946947.6291
2023/12/06 04:12:56.99,460804.7609,5633928.5075,2946946.2625
2023/12/06 04:12:57.99,460799.4623,5633929.7974,2946944.5143
2023/12/06 04:12:58.99,460793.415,5633931.5765,2946942.0457
2023/12/06 04:12:59.99,460786.6433,5633933.7552,2946938.8356
2023/12/06 04:13:00.99,460779.0875,5633936.2837,2946935.0331
2023/12/06 04:13:01.99,460770.8553,5633939.1386,2946930.8132
2023/12/06 04:13:02.99,460762.5034,5633941.9495,2946926.6773
2023/12/06 04:13:03.99,460754.0057,5633944.2101,2946921.4647
2023/12/06 04:13:04.99,460746.0648,5633947.3694,2946918.7612
2023/12/06 04:13:05.99,460737.6057,5633950.1186,2946914.7668
2023/12/06 04:13:06.99,460728.7133,5633953.0668,2946910.5706
2023/12/06 04:13:07.99,460719.4934,5633956.1461,2946906.2015
2023/12/06 04:13:08.99,460710.3265,5633959.238,2946901.8004
2023/12/06 04:13:09.99,460701.2899,5633962.3058,2946897.3411
2023/12/06 04:13:10.99,460692.0847,5633965.5467,2946892.7667
2023/12/06 04:13:11.99,460682.6728,5633968.8084,2946888.0891
2023/12/06 04:13:12.99,460672.9951,5633972.1123,2946883.393
2023/12/06 04:13:13.99,460662.8804,5633974.9295,2946877.4429
2023/12/06 04:13:14.99,460652.9676,5633978.8716,2946873.8182
2023/12/06 04:13:15.99,460642.6461,5633982.3068,2946868.9418
2023/12/06 04:13:16.99,460632.1692,5633985.8245,2946863.9734
2023/12/06 04:13:17.99,460621.5878,5633989.4393,2946858.8187
2023/12/06 04:13:18.99,460610.887,5633993.1262,2946853.5414
2023/12/06 04:13:19.99,460600.107,5633996.8817,2946848.1868
2023/12/06 04:13:20.99,460589.2679,5634000.6255,2946842.8037
2023/12/06 04:13:21.99,460578.3458,5634004.3876,2946837.4762
2023/12/06 04:13:22.99,460567.258,5634008.0408,2946832.2927
2023/12/06 04:13:23.99,460556.1475,5634011.736,2946827.0537
2023/12/06 04:13:24.99,460545.0694,5634015.4498,2946821.7623
2023/12/06 04:13:25.99,460534.3454,5634019.099,2946816.5438
2023/12/06 04:13:26.99,460524.0517,5634022.6472,2946811.4817
2023/12/06 04:13:27.99,460514.1553,5634026.0891,2946806.619
2023/12/06 04:13:28.99,460504.6521,5634029.3745,2946801.9104
2023/12/06 04:13:29.99,460495.523,5634032.522,2946797.392
2023/12/06 04:13:30.99,460486.7703,5634035.5857,2946793.0437
2023/12/06 04:13:31.99,460478.3932,5634038.4248,2946788.9289
2023/12/06 04:13:32.99,460470.9745,5634040.9456,2946785.3444
2023/12/06 04:13:33.99,460464.6918,5634043.0508,2946782.3253
2023/12/06 04:13:34.99,460459.0253,5634044.8542,2946779.6942
2023/12/06 04:13:35.99,460454.3816,5634046.4109,2946777.5454
2023/12/06 04:13:36.99,460450.852,5634047.5576,2946775.9003
2023/12/06 04:13:37.99,460448.0465,5634048.4918,2946774.5952
2023/12/06 04:13:38.99,460445.4233,5634049.3829,2946773.3706
2023/12/06 04:13:39.99,460443.3343,5634046.9545,2946771.5774
2023/12/06 04:13:40.99,460440.4198,5634047.9198,2946770.1678
2023/12/06 04:13:41.99,460434.5743,5634051.7428,2946770.2006
2023/12/06 04:13:42.99,460433.4217,5634050.2968,2946766.6914
2023/12/06 04:13:43.99,460429.9456,5634051.4802,2946765.0064
2023/12/06 04:13:44.99,460426.0717,5634055.9576,2946763.7615
2023/12/06 04:13:45.99,460422.6168,5634057.2844,2946761.7643
2023/12/06 04:13:46.99,460418.2633,5634058.6922,2946759.8611
2023/12/06 04:13:47.99,460413.1749,5634060.2478,2946757.6843
2023/12/06 04:13:48.99,460407.1784,5634061.437,2946755.4739
2023/12/06 04:13:49.99,460400.7043,5634063.5871,2946752.4492
2023/12/06 04:13:50.99,460393.6697,5634066.6787,2946748.5607
2023/12/06 04:13:51.99,460386.2056,5634069.1887,2946745.0156
2023/12/06 04:13:52.99,460379.0903,5634071.5279,2946741.5581
2023/12/06 04:13:53.99,460372.211,5634073.8674,2946738.1752
2023/12/06 04:13:54.99,460365.1822,5634076.2538,2946734.6746
2023/12/06 04:13:55.99,460358.2691,5634078.6536,2946731.2084
2023/12/06 04:13:56.99,460351.0062,5634081.1914,2946727.5164
2023/12/06 04:13:57.99,460343.1062,5634083.9918,2946723.4269
2023/12/06 04:13:58.99,460334.5056,5634087.0849,2946718.9589
2023/12/06 04:13:59.99,460324.9186,5634090.2294,2946714.5199
2023/12/06 04:14:00.99,460314.3454,5634092.9186,2946710.3598
2023/12/06 04:14:01.99,460304.1804,5634097.0396,2946705.2701
2023/12/06 04:14:02.99,460293.8225,5634100.5961,2946700.2962
2023/12/06 04:14:03.99,460283.0145,5634104.4023,2946695.1073
2023/12/06 04:14:04.99,460271.6539,5634108.4175,2946689.7715
2023/12/06 04:14:05.99,460260.0926,5634112.4862,2946684.4322
2023/12/06 04:14:06.99,460248.3262,5634116.5719,2946679.125
2023/12/06 04:14:07.99,460236.169,5634120.9289,2946673.8059
2023/12/06 04:14:08.99,460223.5076,5634125.2575,2946668.6298
2023/12/06 04:14:09.99,460210.2826,5634129.4259,2946663.6247
2023/12/06 04:14:10.99,460196.5316,5634133.5384,2946658.964
2023/12/06 04:14:11.99,460182.2578,5634137.4366,2946654.7772
2023/12/06 04:14:12.99,460168.0853,5634140.966,2946651.0513
2023/12/06 04:14:13.99,460154.1096,5634144.237,2946647.5918
2023/12/06 04:14:14.99,460140.1691,5634147.4514,2946644.1895
2023/12/06 04:14:15.99,460126.3834,5634150.8395,2946640.7847
2023/12/06 04:14:16.99,460112.9276,5634154.2094,2946637.3387
2023/12/06 04:14:17.99,460099.4494,5634157.5899,2946633.9399
2023/12/06 04:14:18.99,460085.7393,5634160.8633,2946630.7034
2023/12/06 04:14:19.99,460071.8078,5634164.1745,2946627.707
2023/12/06 04:14:20.99,460057.5002,5634167.5532,2946624.7841
2023/12/06 04:14:21.99,460042.6992,5634170.8735,2946621.7667
2023/12/06 04:14:22.99,460027.41,5634174.2671,2946618.6492
2023/12/06 04:14:23.99,460011.9985,5634177.604,2946615.7389
2023/12/06 04:14:24.99,459997.6808,5634180.7121,2946612.9489
2023/12/06 04:14:25.99,459985.5454,5634183.3668,2946610.5685
2023/12/06 04:14:26.99,459975.8252,5634185.4839,2946608.6588
2023/12/06 04:14:27.99,459968.5189,5634186.3714,2946607.6905
2023/12/06 04:14:28.99,459964.0152,5634188.1452,2946606.2271
2023/12/06 04:14:29.99,459960.8837,5634188.8787,2946605.5327
2023/12/06 04:14:30.99,459958.0881,5634188.7547,2946605.3954
2023/12/06 04:14:31.99,459955.8281,5634189.2794,2946604.8868
2023/12/06 04:14:32.99,459952.9758,5634190.6519,2946603.8984
2023/12/06 04:14:33.99,459948.5446,5634190.7576,2946603.6695
2023/12/06 04:14:34.99,459943.5876,5634192.4328,2946602.4441
2023/12/06 04:14:35.99,459937.0515,5634193.6181,2946601.5708
2023/12/06 04:14:36.99,459928.9131,5634195.0039,2946600.6316
2023/12/06 04:14:37.99,459919.1732,5634196.6703,2946599.408
2023/12/06 04:14:38.99,459908.6452,5634198.7561,2946597.5577
2023/12/06 04:14:39.99,459898.2582,5634200.3802,2946595.7253
2023/12/06 04:14:40.99,459888.7561,5634203.3318,2946593.0271
2023/12/06 04:14:41.99,459878.9883,5634204.7417,2946591.3447
2023/12/06 04:14:42.99,459870.1663,5634207.3896,2946588.9471
2023/12/06 04:14:43.99,459861.4795,5634209.37,2946586.9215
2023/12/06 04:14:44.99,459854.7348,5634210.0704,2946582.9028
2023/12/06 04:14:45.99,459844.0069,5634211.9232,2946583.9196
2023/12/06 04:14:46.99,459835.1962,5634213.8351,2946582.0
2023/12/06 04:14:47.99,459826.4381,5634215.7421,2946580.0401
2023/12/06 04:14:48.99,459817.7903,5634217.5173,2946578.277
2023/12/06 04:14:49.99,459809.1774,5634219.3658,2946576.3777
2023/12/06 04:14:50.99,459801.3673,5634222.3177,2946573.765
2023/12/06 04:14:51.99,459793.0611,5634223.3542,2946572.3555
2023/12/06 04:14:52.99,459784.7895,5634225.0833,2946570.5348
2023/12/06 04:14:53.99,459776.793,5634226.7492,2946568.7301
2023/12/06 04:14:54.99,459769.3086,5634228.9999,2946566.4894
2023/12/06 04:14:55.99,459761.6651,5634231.2207,2946566.7529
2023/12/06 04:14:56.99,459755.8572,5634230.6645,2946564.4209
2023/12/06 04:14:57.99,459747.9464,5634234.3231,2946561.6303
2023/12/06 04:14:58.99,459747.2519,5634228.1031,2946557.9451
2023/12/06 04:14:59.99,459740.1052,5634235.1684,2946559.6074
2023/12/06 04:15:00.99,459736.1504,5634238.677,2946559.689
2023/12/06 04:15:01.99,459733.0325,5634231.937,2946557.3074
2023/12/06 04:15:02.99,459730.747,5634236.3983,2946558.2283
2023/12/06 04:15:03.99,459730.0846,5634237.2132,2946557.4855
2023/12/06 04:15:04.99,459729.9616,5634237.2896,2946557.4633
2023/12/06 04:15:05.99,459729.9587,5634237.2813,2946557.4598
2023/12/06 04:15:06.99,459729.958,5634237.2934,2946557.4655
2023/12/06 04:15:07.99,459729.9585,5634237.2872,2946557.4623
2023/12/06 04:15:08.99,459729.9589,5634237.2892,2946557.465
2023/12/06 04:15:09.99,459729.9591,5634237.2898,2946557.4649
2023/12/06 04:15:10.99,459729.9571,5634237.2877,2946557.4634
2023/12/06 04:15:11.99,459729.9599,5634237.2886,2946557.4631
2023/12/06 04:15:12.99,459729.9543,5634237.2891,2946557.4651
2023/12/06 04:15:13.99,459729.9618,5634237.2855,2946557.4631
2023/12/06 04:15:14.99,459729.9589,5634237.2964,2946557.4663
2023/12/06 04:15:15.99,459729.9553,5634237.2997,2946557.4666
2023/12/06 04:15:16.99,459729.9556,5634237.296,2946557.4664
2023/12/06 04:15:17.99,459729.9571,5634237.2889,2946557.4634
2023/12/06 04:15:18.99,459729.9566,5634237.2935,2946557.465
2023/12/06 04:15:19.99,459729.9578,5634237.2956,2946557.4663
2023/12/06 04:15:20.99,459729.9576,5634237.2983,2946557.4663
2023/12/06 04:15:21.99,459729.9572,5634237.2995,2946557.4686
2023/12/06 04:15:22.99,459729.9593,5634237.2885,2946557.4636
2023/12/06 04:15:23.99,459729.9531,5634237.2925,2946557.4648
2023/12/06 04:15:24.99,459729.9566,5634237.2811,2946557.4608
2023/12/06 04:15:25.99,459729.9542,5634237.2967,2946557.4671
2023/12/06 04:15:26.99,459729.956,5634237.2938,2946557.4657
2023/12/06 04:15:27.99,459729.9544,5634237.3002,2946557.4676
2023/12/06 04:15:28.99,459729.9559,5634237.2955,2946557.4656
2023/12/06 04:15:29.99,459729.9556,5634237.2893,2946557.4636
2023/12/06 04:15:30.99,459729.9569,5634237.295,2946557.4664
2023/12/06 04:15:31.99,459729.9577,5634237.2986,2946557.467
2023/12/06 04:15:32.99,459729.9559,5634237.3017,2946557.4681
2023/12/06 04:15:33.99,459729.9557,5634237.2994,2946557.4663
2023/12/06 04:15:34.99,459729.9545,5634237.2926,2946557.4654
2023/12/06 04:15:35.99,459729.9584,5634237.2968,2946557.4653
2023/12/06 04:15:36.99,459729.9543,5634237.2904,2946557.4615
2023/12/06 04:15:37.99,459729.9549,5634237.2971,2946557.4654
2023/12/06 04:15:38.99,459729.956,5634237.2934,2946557.4653
2023/12/06 04:15:39.99,459729.9575,5634237.2894,2946557.4652
2023/12/06 04:15:40.99,459729.9534,5634237.2944,2946557.4636
2023/12/06 04:15:41.99,459729.9563,5634237.2958,2946557.4661
2023/12/06 04:15:42.99,459729.9558,5634237.3031,2946557.4681
2023/12/06 04:15:43.99,459729.9544,5634237.3016,2946557.4674
2023/12/06 04:15:44.99,459729.9574,5634237.3017,2946557.4665
2023/12/06 04:15:45.99,459729.9547,5634237.2976,2946557.466
2023/12/06 04:15:46.99,459729.9566,5634237.2978,2946557.4639
2023/12/06 04:15:47.99,459729.9525,5634237.2993,2946557.4672
2023/12/06 04:15:48.99,459729.9558,5634237.2941,2946557.4635
2023/12/06 04:15:49.99,459729.9582,5634237.3005,2946557.4671
2023/12/06 04:15:50.99,459729.9575,5634237.3031,2946557.4677
2023/12/06 04:15:51.99,459729.9541,5634237.303,2946557.4665
2023/12/06 04:15:52.99,459729.9581,5634237.2955,2946557.4654
2023/12/06 04:15:53.99,459729.9568,5634237.3,2946557.465
2023/12/06 04:15:54.99,459729.9564,5634237.2894,2946557.4615
2023/12/06 04:15:55.99,459729.9573,5634237.2981,2946557.4661
2023/12/06 04:15:56.99,459729.9552,5634237.2941,2946557.4642
2023/12/06 04:15:57.99,459729.9559,5634237.3006,2946557.4647
2023/12/06 04:15:58.99,459729.9581,5634237.3005,2946557.4666
2023/12/06 04:15:59.99,459729.9568,5634237.3042,2946557.4682
2023/12/06 04:16:00.99,459729.9575,5634237.3014,2946557.4669
2023/12/06 04:16:01.99,459729.9554,5634237.3043,2946557.4667
2023/12/06 04:16:02.99,459729.9532,5634237.3045,2946557.4696
2023/12/06 04:16:03.99,459729.9567,5634237.303,2946557.4675
2023/12/06 04:16:04.99,459729.9567,5634237.3042,2946557.4684
2023/12/06 04:16:05.99,459729.9572,5634237.3091,2946557.4704
2023/12/06 04:16:06.99,459729.9512,5634237.3093,2946557.467
2023/12/06 04:16:07.99,459729.9571,5634237.3005,2946557.4657
2023/12/06 04:16:08.99,459729.9556,5634237.3128,2946557.4709
2023/12/06 04:16:09.99,459729.9548,5634237.3027,2946557.4669
2023/12/06 04:16:10.99,459729.9552,5634237.3085,2946557.469
2023/12/06 04:16:11.99,459729.9529,5634237.3145,2946557.4711
2023/12/06 04:16:12.99,459729.9524,5634237.3077,2946557.47
2023/12/06 04:16:13.99,459729.9556,5634237.3037,2946557.467
2023/12/06 04:16:14.99,459729.9551,5634237.3048,2946557.4677
2023/12/06 04:16:15.99,459729.9526,5634237.3109,2946557.4694
2023/12/06 04:16:16.99,459729.951,5634237.3142,2946557.4728
2023/12/06 04:16:17.99,459729.9503,5634237.3117,2946557.4717
2023/12/06 04:16:18.99,459729.9536,5634237.3182,2946557.4727
2023/12/06 04:16:19.99,459729.6751,5634236.6423,2946557.9016
2023/12/06 04:16:20.99,459729.6731,5634236.6409,2946557.9034
2023/12/06 04:16:21.99,459729.9522,5634237.3015,2946557.4695
2023/12/06 04:16:22.99,459729.9545,5634237.3061,2946557.4687
2023/12/06 04:16:23.99,459729.9553,5634237.3013,2946557.4683
2023/12/06 04:16:24.99,459729.9503,5634237.3074,2946557.4706
2023/12/06 04:16:25.99,459729.9509,5634237.3122,2946557.4699
2023/12/06 04:16:26.99,459729.9527,5634237.3058,2946557.4696
2023/12/06 04:16:27.99,459729.954,5634237.3084,2946557.4693
2023/12/06 04:16:28.99,459729.9524,5634237.3124,2946557.4689
2023/12/06 04:16:29.99,459729.6737,5634236.6461,2946557.9048
2023/12/06 04:16:30.99,459729.9559,5634237.3123,2946557.4734
2023/12/06 04:16:31.99,459729.6731,5634236.6426,2946557.9017
2023/12/06 04:16:32.99,459729.9452,5634237.3182,2946557.47
2023/12/06 04:16:33.99,459729.956,5634237.3025,2946557.4666
2023/12/06 04:16:34.99,459729.9508,5634237.2969,2946557.4673
2023/12/06 04:16:35.99,459729.2849,5634236.7459,2946557.7934
2023/12/06 04:16:36.99,459727.9185,5634237.0772,2946557.4004
2023/12/06 04:16:37.99,459725.9757,5634237.5707,2946556.8942
2023/12/06 04:16:38.99,459723.6692,5634238.0378,2946556.2898
2023/12/06 04:16:39.99,459720.7838,5634238.6805,2946555.5852
2023/12/06 04:16:40.99,459717.7881,5634240.0238,2946554.4231
2023/12/06 04:16:41.99,459714.0987,5634240.7963,2946553.6178
2023/12/06 04:16:42.99,459709.6024,5634241.7428,2946552.6332
2023/12/06 04:16:43.99,459704.4644,5634242.8082,2946551.433
2023/12/06 04:16:44.99,459698.6113,5634243.3128,2946550.5054
2023/12/06 04:16:45.99,459692.9878,5634245.2589,2946548.5711
2023/12/06 04:16:46.99,459687.0072,5634246.5881,2946546.9837
2023/12/06 04:16:47.99,459681.1294,5634247.899,2946545.4513
2023/12/06 04:16:48.99,459675.3928,5634249.1187,2946544.0466
2023/12/06 04:16:49.99,459668.9774,5634249.6117,2946543.0887
2023/12/06 04:16:50.99,459663.0095,5634251.5585,2946541.3123
2023/12/06 04:16:51.99,459656.2127,5634252.1387,2946540.3124
2023/12/06 04:16:52.99,459649.5827,5634254.2419,2946538.3043
2023/12/06 04:16:53.99,459642.348,5634255.033,2946537.1038
2023/12/06 04:16:54.99,459635.7894,5634257.0842,2946535.0511
2023/12/06 04:16:55.99,459628.8674,5634258.4407,2946533.4938
2023/12/06 04:16:56.99,459621.448,5634259.1207,2946532.3917
2023/12/06 04:16:57.99,459614.4327,5634261.1872,2946530.4249
2023/12/06 04:16:58.99,459606.9834,5634262.6544,2946528.8332
2023/12/06 04:16:59.99,459599.4056,5634264.2592,2946527.0725
2023/12/06 04:17:00.99,459591.9698,5634265.7656,2946525.2589
2023/12/06 04:17:01.99,459585.0144,5634267.2231,2946523.5808
2023/12/06 04:17:02.99,459578.2564,5634267.8978,2946522.4619
2023/12/06 04:17:03.99,459572.2729,5634269.0998,2946521.0926
2023/12/06 04:17:04.99,459567.0225,5634270.8791,2946519.457
2023/12/06 04:17:05.99,459561.9203,5634271.8384,2946518.4012
2023/12/06 04:17:06.99,459557.0423,5634271.9567,2946518.0345
2023/12/06 04:17:07.99,459553.1871,5634272.5208,2946517.5485
2023/12/06 04:17:08.99,459549.3169,5634272.9254,2946517.3177
2023/12/06 04:17:09.99,459545.6287,5634273.8518,2946516.9095
2023/12/06 04:17:10.99,459541.9377,5634273.9805,2946517.1517
2023/12/06 04:17:11.99,459538.5014,5634274.0708,2946517.4857
2023/12/06 04:17:12.99,459536.3819,5634273.4819,2946518.0761
2023/12/06 04:17:13.99,459535.042,5634274.2243,2946517.7458
2023/12/06 04:17:14.99,459532.085,5634273.8379,2946518.0712
2023/12/06 04:17:15.99,459528.6588,5634275.205,2946516.9535
2023/12/06 04:17:16.99,459524.0764,5634275.4567,2946516.3178
2023/12/06 04:17:17.99,459519.3799,5634276.4464,2946515.1892
2023/12/06 04:17:18.99,459514.1835,5634277.4875,2946514.028
2023/12/06 04:17:19.99,459508.8491,5634279.2836,2946512.3138
2023/12/06 04:17:20.99,459502.785,5634280.505,2946510.9518
2023/12/06 04:17:21.99,459496.2805,5634281.8228,2946509.5219
2023/12/06 04:17:22.99,459489.6215,5634282.4731,2946508.522
2023/12/06 04:17:23.99,459483.7925,5634284.0588,2946506.2879
2023/12/06 04:17:24.99,459477.3422,5634285.6127,2946504.0529
2023/12/06 04:17:25.99,459471.82,5634286.825,2946503.8363
2023/12/06 04:17:26.99,459465.7719,5634288.0455,2946502.3931
2023/12/06 04:17:27.99,459459.7129,5634289.0192,2946500.6631
2023/12/06 04:17:28.99,459453.0599,5634289.8574,2946499.9963
2023/12/06 04:17:29.99,459447.1841,5634291.765,2946498.2143
2023/12/06 04:17:30.99,459440.6971,5634292.3318,2946497.2226
2023/12/06 04:17:31.99,459434.199,5634294.8088,2946497.1557
2023/12/06 04:17:32.99,459427.3942,5634295.872,2946494.2578
2023/12/06 04:17:33.99,459421.427,5634297.6893,2946493.4112
2023/12/06 04:17:34.99,459416.6458,5634297.6317,2946490.6357
2023/12/06 04:17:35.99,459411.4577,5634298.5732,2946489.4938
2023/12/06 04:17:36.99,459405.9806,5634299.6127,2946488.3329
2023/12/06 04:17:37.99,459400.6155,5634300.6328,2946487.2048
2023/12/06 04:17:38.99,459394.9886,5634301.2587,2946486.8233
2023/12/06 04:17:39.99,459389.1378,5634302.3921,2946485.4561
2023/12/06 04:17:40.99,459382.6395,5634303.7139,2946483.9314
2023/12/06 04:17:41.99,459376.1577,5634304.9665,2946482.3973
2023/12/06 04:17:42.99,459370.3355,5634306.8094,2946480.5765
2023/12/06 04:17:43.99,459364.2937,5634307.931,2946479.2855
2023/12/06 04:17:44.99,459358.2592,5634308.8218,2946477.6644
2023/12/06 04:17:45.99,459352.0457,5634309.5442,2946477.1648
2023/12/06 04:17:46.99,459346.6572,5634311.2514,2946475.5466
2023/12/06 04:17:47.99,459341.0415,5634311.543,2946474.835
2023/12/06 04:17:48.99,459336.3731,5634312.4409,2946473.8114
2023/12/06 04:17:49.99,459333.2322,5634313.0959,2946472.9466
2023/12/06 04:17:50.99,459330.9383,5634313.6996,2946472.1103
2023/12/06 04:17:51.99,459329.727,5634314.9542,2946470.7977
2023/12/06 04:17:52.99,459328.8877,5634315.4387,2946469.8921
2023/12/06 04:17:53.99,459328.3182,5634315.9743,2946468.9061
2023/12/06 04:17:54.99,459328.0663,5634316.3658,2946468.1569
2023/12/06 04:17:55.99,459327.9664,5634316.5913,2946467.7321
2023/12/06 04:17:56.99,459327.6479,5634316.0918,2946467.8181
2023/12/06 04:17:57.99,459327.6361,5634316.1289,2946467.717
2023/12/06 04:17:58.99,459327.6369,5634316.1301,2946467.7113
2023/12/06 04:17:59.99,459327.6308,5634316.1924,2946467.65
2023/12/06 04:18:00.99,459327.6235,5634316.3932,2946467.2279
2023/12/06 04:18:01.99,459327.6554,5634316.5533,2946466.9273
2023/12/06 04:18:02.99,459328.0015,5634317.4164,2946466.1446
2023/12/06 04:18:03.99,459327.939,5634317.125,2946465.8356
2023/12/06 04:18:04.99,459328.3449,5634317.5728,2946465.0019
2023/12/06 04:18:05.99,459329.1733,5634318.624,2946463.8186
2023/12/06 04:18:06.99,459329.7282,5634318.8917,2946463.2619
2023/12/06 04:18:07.99,459330.1119,5634319.0438,2946462.9437
2023/12/06 04:18:08.99,459330.706,5634319.2077,2946462.5597
2023/12/06 04:18:09.99,459331.6757,5634319.1917,2946461.8403
2023/12/06 04:18:10.99,459332.485,5634318.8081,2946462.3214
2023/12/06 04:18:11.99,459334.239,5634319.4021,2946461.791
2023/12/06 04:18:12.99,459335.8849,5634319.2337,2946461.92
2023/12/06 04:18:13.99,459337.7317,5634318.9679,2946462.1595
2023/12/06 04:18:14.99,459340.069,5634318.655,2946462.4782
2023/12/06 04:18:15.99,459343.1213,5634318.2123,2946462.8771
2023/12/06 04:18:16.99,459346.5671,5634317.4791,2946463.0768
2023/12/06 04:18:17.99,459350.1583,5634317.1313,2946463.951
2023/12/06 04:18:18.99,459353.7101,5634316.5357,2946464.5813
2023/12/06 04:18:19.99,459357.1939,5634315.9177,2946465.239
2023/12/06 04:18:20.99,459360.5786,5634315.3537,2946465.8496
2023/12/06 04:18:21.99,459364.1327,5634314.8098,2946466.3759
2023/12/06 04:18:22.99,459367.7503,5634314.3196,2946466.8129
2023/12/06 04:18:23.99,459371.8661,5634313.7623,2946467.0493
2023/12/06 04:18:24.99,459377.1834,5634312.8269,2946467.6634
2023/12/06 04:18:25.99,459382.9869,5634312.1107,2946468.9266
2023/12/06 04:18:26.99,459388.2452,5634311.1721,2946469.9386
2023/12/06 04:18:27.99,459393.0179,5634310.2149,2946470.9928
2023/12/06 04:18:28.99,459396.8102,5634309.5581,2946471.9557
2023/12/06 04:18:29.99,459399.6719,5634308.9297,2946472.5857
2023/12/06 04:18:30.99,459401.3502,5634308.5792,2946472.9532
2023/12/06 04:18:31.99,459402.0481,5634308.2255,2946472.7797
2023/12/06 04:18:32.99,459402.5758,5634308.3229,2946473.2033
2023/12/06 04:18:33.99,459402.9883,5634308.1051,2946473.2414
2023/12/06 04:18:34.99,459403.3577,5634308.1859,2946473.379
2023/12/06 04:18:35.99,459403.6845,5634308.1233,2946473.4516
2023/12/06 04:18:36.99,459404.0767,5634308.0439,2946473.5349
2023/12/06 04:18:37.99,459404.5709,5634307.9636,2946473.6471
2023/12/06 04:18:38.99,459405.278,5634307.8123,2946473.8036
2023/12/06 04:18:39.99,459406.4853,5634307.4089,2946474.0465
2023/12/06 04:18:40.99,459408.281,5634307.1853,2946474.5836
2023/12/06 04:18:41.99,459410.1151,5634306.7266,2946474.8317
2023/12/06 04:18:42.99,459412.5758,5634306.0782,2946475.4269
2023/12/06 04:18:43.99,459416.1331,5634305.384,2946476.2028
2023/12/06 04:18:44.99,459420.3271,5634304.7774,2946477.3558
2023/12/06 04:18:45.99,459424.2375,5634304.1047,2946478.1472
2023/12/06 04:18:46.99,459427.8664,5634303.2174,2946478.5576
2023/12/06 04:18:47.99,459431.7296,5634302.4704,2946479.3851
2023/12/06 04:18:48.99,459435.6211,5634301.7287,2946480.2305
2023/12/06 04:18:49.99,459439.5431,5634300.9437,2946481.0444
2023/12/06 04:18:50.99,459443.4867,5634300.2711,2946481.8841
2023/12/06 04:18:51.99,459447.7234,5634299.7527,2946482.8814
2023/12/06 04:18:52.99,459452.8083,5634298.9938,2946483.6303
2023/12/06 04:18:53.99,459458.8779,5634297.7192,2946484.1777
2023/12/06 04:18:54.99,459465.8074,5634296.5743,2946485.3028
2023/12/06 04:18:55.99,459472.7298,5634295.3321,2946486.6005
2023/12/06 04:18:56.99,459479.4895,5634294.0368,2946487.9889
2023/12/06 04:18:57.99,459485.9502,5634292.8212,2946489.2984
2023/12/06 04:18:58.99,459492.3615,5634291.541,2946490.7397
2023/12/06 04:18:59.99,459498.8879,5634290.1444,2946492.3599
2023/12/06 04:19:00.99,459505.4066,5634288.7888,2946493.9707
2023/12/06 04:19:01.99,459512.121,5634287.3748,2946495.5914
2023/12/06 04:19:02.99,459518.9743,5634286.1645,2946497.6335
2023/12/06 04:19:03.99,459525.5415,5634284.5786,2946498.9218
2023/12/06 04:19:04.99,459531.6966,5634283.3461,2946500.6531
2023/12/06 04:19:05.99,459537.6188,5634282.3727,2946502.1208
2023/12/06 04:19:06.99,459543.2935,5634281.2582,2946503.4766
2023/12/06 04:19:07.99,459548.8149,5634280.0766,2946504.8452
2023/12/06 04:19:08.99,459554.3181,5634278.8963,2946506.0457
2023/12/06 04:19:09.99,459559.6268,5634278.5211,2946509.0917
2023/12/06 04:19:10.99,459565.4693,5634276.654,2946507.7742
2023/12/06 04:19:11.99,459571.1402,5634275.5439,2946508.9691
2023/12/06 04:19:12.99,459577.1783,5634273.1735,2946509.7253
2023/12/06 04:19:13.99,459582.1072,5634273.3955,2946511.4861
2023/12/06 04:19:14.99,459587.6692,5634270.57,2946512.5727
2023/12/06 04:19:15.99,459591.3785,5634271.6156,2946513.4199
2023/12/06 04:19:16.99,459595.4783,5634270.8503,2946514.2388
2023/12/06 04:19:17.99,459599.0308,5634270.1983,2946514.9927
2023/12/06 04:19:18.99,459601.8948,5634269.6374,2946515.5713
2023/12/06 04:19:19.99,459604.1111,5634269.2152,2946516.043
2023/12/06 04:19:20.99,459605.424,5634269.0258,2946516.3601
2023/12/06 04:19:21.99,459606.0452,5634268.8863,2946516.4843
2023/12/06 04:19:22.99,459606.1319,5634268.842,2946516.4892
2023/12/06 04:19:23.99,459606.1262,5634268.8337,2946516.4842
2023/12/06 04:19:24.99,459606.1311,5634268.823,2946516.4811
2023/12/06 04:19:25.99,459606.1299,5634268.8325,2946516.4826
2023/12/06 04:19:26.99,459606.1248,5634268.8347,2946516.4856
2023/12/06 04:19:27.99,459606.1246,5634268.8577,2946516.4984
2023/12/06 04:19:28.99,459606.1225,5634269.046,2946516.7969
2023/12/06 04:19:29.99,459606.1315,5634268.8542,2946516.4973
2023/12/06 04:19:30.99,459606.1406,5634268.8304,2946516.4874
2023/12/06 04:19:31.99,459606.1348,5634268.8333,2946516.4907
2023/12/06 04:19:32.99,459606.1354,5634268.8506,2946516.4952
2023/12/06 04:19:33.99,459606.272,5634268.8025,2946516.5126
2023/12/06 04:19:34.99,459606.5331,5634269.0321,2946516.9071
2023/12/06 04:19:35.99,459606.7079,5634268.7754,2946516.632
2023/12/06 04:19:36.99,459606.763,5634268.9701,2946516.9532
2023/12/06 04:19:37.99,459606.7281,5634268.9791,2946516.9432
2023/12/06 04:19:38.99,459606.7648,5634268.9657,2946516.9514
2023/12/06 04:19:39.99,459606.9219,5634268.9547,2946516.9995
2023/12/06 04:19:40.99,459607.0292,5634268.9237,2946517.0231
2023/12/06 04:19:41.99,459607.0286,5634268.6819,2946516.6932
2023/12/06 04:19:42.99,459607.0237,5634268.9126,2946517.0154
2023/12/06 04:19:43.99,459607.0235,5634268.9087,2946517.0149
2023/12/06 04:19:44.99,459607.0204,5634268.9145,2946517.0168
2023/12/06 04:19:45.99,459607.0723,5634268.6939,2946516.7181
2023/12/06 04:19:46.99,459607.3493,5634268.6353,2946516.7817
2023/12/06 04:19:47.99,459608.7173,5634266.5974,2946516.9576
2023/12/06 04:19:48.99,459608.4973,5634268.3533,2946517.0482
2023/12/06 04:19:49.99,459608.9668,5634268.2539,2946517.1821
2023/12/06 04:19:50.99,459609.3663,5634268.1945,2946517.292
2023/12/06 04:19:51.99,459609.6534,5634268.1137,2946517.361
2023/12/06 04:19:52.99,459609.9938,5634268.0606,2946517.4507
2023/12/06 04:19:53.99,459611.0189,5634268.0371,2946517.9833
2023/12/06 04:19:54.99,459613.0007,5634267.6568,2946518.422
2023/12/06 04:19:55.99,459615.109,5634267.2448,2946518.9144
2023/12/06 04:19:56.99,459617.0816,5634266.8164,2946519.3843
2023/12/06 04:19:57.99,459619.154,5634266.2114,2946519.5371
2023/12/06 04:19:58.99,459621.2357,5634265.9946,2946520.2532
2023/12/06 04:19:59.99,459623.564,5634265.5787,2946520.7586
2023/12/06 04:20:00.99,459626.1487,5634264.8377,2946520.9475
2023/12/06 04:20:01.99,459628.301,5634264.6523,2946521.6801
2023/12/06 04:20:02.99,459630.721,5634264.0424,2946521.8109
2023/12/06 04:20:03.99,459632.9259,5634263.8353,2946522.5591
2023/12/06 04:20:04.99,459635.3266,5634263.2743,2946522.8683
2023/12/06 04:20:05.99,459638.0298,5634262.7792,2946523.7252
2023/12/06 04:20:06.99,459640.3645,5634262.3512,2946524.2626
2023/12/06 04:20:07.99,459643.2318,5634261.5663,2946524.5198
2023/12/06 04:20:08.99,459646.3431,5634261.001,2946525.2124
2023/12/06 04:20:09.99,459649.2173,5634260.5081,2946525.8806
2023/12/06 04:20:10.99,459652.435,5634259.8583,2946526.9777
2023/12/06 04:20:11.99,459655.287,5634259.1609,2946527.3646
2023/12/06 04:20:12.99,459658.3495,5634258.5128,2946528.0138
2023/12/06 04:20:13.99,459665.4095,5634251.0279,2946525.3845
2023/12/06 04:20:14.99,459664.2175,5634257.3061,2946529.3063
2023/12/06 04:20:15.99,459667.497,5634256.6318,2946530.0913
2023/12/06 04:20:16.99,459670.8633,5634255.9738,2946530.942
2023/12/06 04:20:17.99,459674.586,5634255.2355,2946531.851
2023/12/06 04:20:18.99,459678.5942,5634254.5232,2946533.0939
2023/12/06 04:20:19.99,459682.8507,5634253.4461,2946533.8362
2023/12/06 04:20:20.99,459687.3693,5634252.505,2946534.9668
2023/12/06 04:20:21.99,459692.0547,5634251.6602,2946536.5315
2023/12/06 04:20:22.99,459696.9161,5634250.5977,2946537.7495
2023/12/06 04:20:23.99,459701.8532,5634249.2949,2946538.7847
2023/12/06 04:20:24.99,459706.6288,5634248.2061,2946540.1342
2023/12/06 04:20:25.99,459711.3049,5634247.3537,2946541.74
2023/12/06 04:20:26.99,459715.952,5634246.2619,2946542.8597
2023/12/06 04:20:27.99,459725.6991,5634237.9643,2946541.2735
2023/12/06 04:20:28.99,459726.932,5634243.9015,2946544.7774
2023/12/06 04:20:29.99,459733.3183,5634240.9723,2946545.6657
2023/12/06 04:20:30.99,459738.6342,5634240.2586,2946546.0493
2023/12/06 04:20:31.99,459746.1652,5634243.6038,2946551.302
2023/12/06 04:20:32.99,459751.3763,5634237.3084,2946549.7265
2023/12/06 04:20:35.99,459766.4211,5634233.7133,2946554.5295
2023/12/06 04:20:36.99,459773.3276,5634229.7561,2946555.1168
2023/12/06 04:20:37.99,459778.2789,5634232.9517,2946558.2713
2023/12/06 04:20:38.99,459784.2963,5634231.8291,2946558.8048
2023/12/06 04:20:39.99,459790.455,5634230.5548,2946560.2929
2023/12/06 04:20:40.99,459796.8874,5634228.8274,2946561.4288
2023/12/06 04:20:41.99,459804.3006,5634226.0499,2946564.1235
2023/12/06 04:20:42.99,459811.5695,5634224.6199,2946568.0454
2023/12/06 04:20:43.99,459815.8807,5634224.4748,2946566.4506
2023/12/06 04:20:44.99,459821.2101,5634223.2528,2946567.9433
2023/12/06 04:20:45.99,459826.4425,5634222.0631,2946569.2504
2023/12/06 04:20:46.99,459831.5751,5634220.9164,2946570.3648
2023/12/06 04:20:47.99,459836.6825,5634219.865,2946571.4427
2023/12/06 04:20:48.99,459842.4222,5634218.7788,2946572.5651
2023/12/06 04:20:49.99,459847.3946,5634217.7488,2946573.2133
2023/12/06 04:20:50.99,459854.1611,5634216.2996,2946574.8607
2023/12/06 04:20:51.99,459860.3702,5634214.9309,2946576.172
2023/12/06 04:20:52.99,459867.1197,5634213.4521,2946577.5381
2023/12/06 04:20:53.99,459874.4608,5634211.9068,2946578.9718
2023/12/06 04:20:54.99,459882.3242,5634210.2273,2946580.5154
2023/12/06 04:20:55.99,459890.2819,5634208.5815,2946582.1466
2023/12/06 04:20:56.99,459897.8177,5634206.9674,2946583.8851
2023/12/06 04:20:57.99,459905.1937,5634205.3456,2946585.5745
2023/12/06 04:20:58.99,459912.6835,5634203.6445,2946587.2856
2023/12/06 04:20:59.99,459920.2309,5634201.8291,2946588.9838
2023/12/06 04:21:00.99,459927.443,5634200.3895,2946590.9519
2023/12/06 04:21:01.99,459934.4096,5634198.7461,2946592.2528
2023/12/06 04:21:02.99,459941.1584,5634197.2679,2946593.9737
2023/12/06 04:21:03.99,459948.28,5634195.4285,2946595.1921
2023/12/06 04:21:04.99,459955.8042,5634193.7845,2946596.8093
2023/12/06 04:21:05.99,459963.7282,5634192.2012,2946598.7653
2023/12/06 04:21:06.99,459972.0229,5634190.3105,2946600.4374
2023/12/06 04:21:07.99,459980.5992,5634188.4804,2946602.2136
2023/12/06 04:21:08.99,459989.518,5634186.264,2946603.6548
2023/12/06 04:21:09.99,459998.5697,5634184.1601,2946605.5266
2023/12/06 04:21:10.99,460007.4518,5634182.1516,2946607.3646
2023/12/06 04:21:11.99,460016.0765,5634180.1713,2946609.1523
2023/12/06 04:21:12.99,460024.351,5634178.2247,2946611.0
2023/12/06 04:21:13.99,460032.3127,5634176.368,2946612.7999
2023/12/06 04:21:14.99,460040.0215,5634174.6391,2946614.5406
2023/12/06 04:21:15.99,460047.4585,5634172.8824,2946616.1554
2023/12/06 04:21:16.99,460054.6105,5634171.492,2946618.1042
2023/12/06 04:21:17.99,460061.6039,5634169.5368,2946619.2211
2023/12/06 04:21:18.99,460068.5728,5634167.9159,2946620.7008
2023/12/06 04:21:19.99,460075.8723,5634166.131,2946622.2138
2023/12/06 04:21:20.99,460083.5451,5634164.386,2946623.8641
2023/12/06 04:21:21.99,460091.5384,5634162.4555,2946625.5042
2023/12/06 04:21:22.99,460099.6996,5634160.6227,2946627.3462
2023/12/06 04:21:23.99,460108.0493,5634158.7772,2946629.1604
2023/12/06 04:21:24.99,460116.5318,5634156.9066,2946630.9512
2023/12/06 04:21:25.99,460125.1331,5634155.2144,2946633.0828
2023/12/06 04:21:26.99,460133.7785,5634153.0586,2946634.7592
2023/12/06 04:21:27.99,460142.4638,5634150.8786,2946636.8578
2023/12/06 04:21:28.99,460151.1492,5634148.7229,2946639.2118
2023/12/06 04:21:29.99,460159.8075,5634146.7587,2946642.038
2023/12/06 04:21:30.99,460168.4061,5634144.2876,2946644.4051
2023/12/06 04:21:31.99,460177.034,5634142.1226,2946647.3453
2023/12/06 04:21:32.99,460185.7773,5634139.5523,2946649.613
2023/12/06 04:21:33.99,460194.4072,5634137.1267,2946652.2461
2023/12/06 04:21:34.99,460202.7154,5634134.8905,2946655.051
2023/12/06 04:21:35.99,460210.6671,5634132.5826,2946657.9775
2023/12/06 04:21:36.99,460218.3615,5634130.3092,2946660.6168
2023/12/06 04:21:37.99,460225.757,5634128.1055,2946663.197
2023/12/06 04:21:38.99,460232.9111,5634125.6689,2946665.3733
2023/12/06 04:21:39.99,460239.7937,5634123.7703,2946668.1799
2023/12/06 04:21:40.99,460246.4719,5634121.6946,2946670.6102
2023/12/06 04:21:41.99,460252.8619,5634119.5514,2946673.1374
2023/12/06 04:21:42.99,460258.9855,5634117.4749,2946675.6683
2023/12/06 04:21:43.99,460264.8477,5634115.332,2946677.8612
2023/12/06 04:21:44.99,460270.5952,5634113.3911,2946680.3644
2023/12/06 04:21:45.99,460276.3702,5634111.3979,2946682.9338
2023/12/06 04:21:46.99,460282.2183,5634109.5513,2946685.875
2023/12/06 04:21:47.99,460288.1341,5634107.2398,2946688.2771
2023/12/06 04:21:48.99,460294.0567,5634105.3809,2946691.3338
2023/12/06 04:21:49.99,460299.968,5634103.1743,2946693.7803
2023/12/06 04:21:50.99,460305.8622,5634101.3173,2946696.547
2023/12/06 04:21:51.99,460311.5569,5634099.3879,2946699.449
2023/12/06 04:21:52.99,460316.9413,5634097.3924,2946701.6925
2023/12/06 04:21:53.99,460321.9838,5634095.8504,2946704.1204
2023/12/06 04:21:54.99,460326.6645,5634094.1279,2946706.2035
2023/12/06 04:21:55.99,460331.0769,5634092.9804,2946708.3234
2023/12/06 04:21:56.99,460335.0458,5634091.7964,2946709.8463
2023/12/06 04:21:57.99,460338.7568,5634090.5522,2946710.8436
2023/12/06 04:21:58.99,460342.4854,5634089.6746,2946711.9734
2023/12/06 04:21:59.99,460346.4787,5634089.0007,2946713.0571
2023/12/06 04:22:00.99,460350.4425,5634087.9968,2946713.8781
2023/12/06 04:22:01.99,460354.7811,5634087.313,2946715.184
2023/12/06 04:22:02.99,460358.9352,5634086.1654,2946715.9598
2023/12/06 04:22:03.99,460363.2919,5634085.0659,2946717.279
2023/12/06 04:22:04.99,460368.3166,5634083.8649,2946718.945
2023/12/06 04:22:05.99,460373.8596,5634082.4319,2946720.8317
2023/12/06 04:22:06.99,460379.4696,5634080.8215,2946723.1317
2023/12/06 04:22:07.99,460385.1397,5634078.9725,2946725.7802
2023/12/06 04:22:08.99,460391.01,5634077.4294,2946728.739
2023/12/06 04:22:09.99,460396.9677,5634073.9312,2946732.2422
2023/12/06 04:22:13.99,460419.7879,5634066.8407,2946744.0236
2023/12/06 04:22:14.99,460426.5987,5634065.1488,2946746.1838
2023/12/06 04:22:15.99,460431.3658,5634063.3485,2946748.4336
2023/12/06 04:22:16.99,460435.9697,5634061.6533,2946750.8683
2023/12/06 04:22:17.99,460440.5459,5634059.9891,2946753.3399
2023/12/06 04:22:18.99,460444.8332,5634058.3381,2946755.6575
2023/12/06 04:22:19.99,460448.8248,5634056.8206,2946757.8185
2023/12/06 04:22:20.99,460452.1549,5634055.5027,2946759.5811
2023/12/06 04:22:21.99,460455.356,5634054.5042,2946761.3154
2023/12/06 04:22:22.99,460458.5239,5634053.2261,2946762.9021
2023/12/06 04:22:23.99,460461.959,5634052.1999,2946764.6983
2023/12/06 04:22:24.99,460465.4563,5634051.0539,2946766.4441
2023/12/06 04:22:25.99,460469.1167,5634049.8228,2946768.2175
2023/12/06 04:22:26.99,460473.0188,5634048.5198,2946770.1386
2023/12/06 04:22:27.99,460477.1508,5634047.0944,2946772.1036
2023/12/06 04:22:28.99,460481.674,5634045.6106,2946774.2355
2023/12/06 04:22:29.99,460486.7097,5634043.7922,2946776.5497
2023/12/06 04:22:30.99,460492.366,5634042.085,2946779.2279
2023/12/06 04:22:31.99,460498.4232,5634040.0755,2946782.0719
2023/12/06 04:22:32.99,460504.8698,5634037.8871,2946785.3927
2023/12/06 04:22:33.99,460511.7141,5634035.5901,2946788.7465
2023/12/06 04:22:34.99,460515.9834,5634041.5401,2946795.5312
2023/12/06 04:22:35.99,460526.1289,5634030.4051,2946795.5009
2023/12/06 04:22:36.99,460532.9551,5634028.1233,2946798.7229
2023/12/06 04:22:37.99,460539.5524,5634025.9415,2946801.807
2023/12/06 04:22:38.99,460546.3617,5634023.9161,2946805.0564
2023/12/06 04:22:39.99,460553.438,5634021.5763,2946808.6339
2023/12/06 04:22:40.99,460560.9043,5634019.0186,2946811.9175
2023/12/06 04:22:41.99,460568.5736,5634016.3903,2946815.6601
2023/12/06 04:22:42.99,460576.4509,5634013.5088,2946819.4782
2023/12/06 04:22:43.99,460584.5258,5634010.768,2946823.4608
2023/12/06 04:22:44.99,460592.7657,5634008.1962,2946827.6819
2023/12/06 04:22:45.99,460600.9694,5634005.2754,2946831.2502
2023/12/06 04:22:46.99,460609.0156,5634002.5768,2946835.0863
2023/12/06 04:22:47.99,460616.8487,5633999.9458,2946838.8771
2023/12/06 04:22:48.99,460624.4673,5633997.3613,2946842.6166
2023/12/06 04:22:49.99,460631.8914,5633994.7564,2946846.3156
2023/12/06 04:22:50.99,460639.0397,5633992.2311,2946849.9046
2023/12/06 04:22:51.99,460645.6989,5633989.8603,2946853.3144
2023/12/06 04:22:52.99,460651.7245,5633987.7485,2946856.3149
2023/12/06 04:22:53.99,460657.1588,5633986.0835,2946858.9947
2023/12/06 04:22:54.99,460662.1611,5633984.2836,2946861.3005
2023/12/06 04:22:55.99,460666.8323,5633982.6829,2946863.4708
2023/12/06 04:22:56.99,460671.1477,5633981.2848,2946865.4327
2023/12/06 04:22:57.99,460675.0278,5633980.0262,2946867.2397
2023/12/06 04:22:58.99,460678.6342,5633978.9801,2946868.9926
2023/12/06 04:22:59.99,460682.2297,5633977.5603,2946870.7078
2023/12/06 04:23:00.99,460686.2566,5633976.307,2946872.7757
2023/12/06 04:23:01.99,460690.431,5633974.6617,2946874.8528
2023/12/06 04:23:02.99,460694.7915,5633973.3407,2946877.3295
2023/12/06 04:23:03.99,460699.534,5633971.6867,2946879.4215
2023/12/06 04:23:04.99,460704.6344,5633969.8974,2946881.9634
2023/12/06 04:23:05.99,460709.8772,5633968.0772,2946884.6106
2023/12/06 04:23:06.99,460715.031,5633966.3117,2946887.1538
2023/12/06 04:23:07.99,460720.1757,5633964.5742,2946889.6558
2023/12/06 04:23:08.99,460725.3682,5633962.8542,2946892.1465
2023/12/06 04:23:09.99,460730.6452,5633961.1588,2946894.6188
2023/12/06 04:23:10.99,460736.0078,5633959.4165,2946897.0897
2023/12/06 04:23:11.99,460741.4619,5633957.6919,2946899.5557
2023/12/06 04:23:12.99,460746.9747,5633955.7667,2946902.0021
2023/12/06 04:23:13.99,460752.5596,5633953.9175,2946904.6067
2023/12/06 04:23:14.99,460758.0337,5633952.0626,2946907.3007
2023/12/06 04:23:15.99,460763.055,5633950.4878,2946909.9299
2023/12/06 04:23:16.99,460767.8364,5633948.6325,2946912.3541
2023/12/06 04:23:17.99,460772.3564,5633947.1899,2946914.7549
2023/12/06 04:23:18.99,460776.4911,5633945.758,2946916.8513
2023/12/06 04:23:19.99,460780.3349,5633944.4586,2946918.7562
2023/12/06 04:23:20.99,460784.0398,5633943.2137,2946920.5747
2023/12/06 04:23:21.99,460787.2586,5633942.138,2946922.1313
2023/12/06 04:23:22.99,460789.8797,5633941.2746,2946923.4015
2023/12/06 04:23:23.99,460791.945,5633940.4428,2946924.3509
2023/12/06 04:23:24.99,460793.9255,5633939.9259,2946925.3576
2023/12/06 04:23:25.99,460795.7369,5633939.1582,2946926.1826
2023/12/06 04:23:26.99,460797.5865,5633938.7123,2946927.147
2023/12/06 04:23:27.99,460799.7058,5633937.9862,2946928.2028
2023/12/06 04:23:28.99,460802.2658,5633936.9451,2946929.4191
2023/12/06 04:23:29.99,460804.8055,5633936.2716,2946930.746
2023/12/06 04:23:30.99,460807.2874,5633935.273,2946931.9425
2023/12/06 04:23:31.99,460810.4693,5633934.3529,2946933.5882
2023/12/06 04:23:32.99,460814.1511,5633932.9407,2946935.3845
2023/12/06 04:23:33.99,460817.944,5633931.8702,2946937.2604
2023/12/06 04:23:34.99,460821.3379,5633930.8735,2946939.0051
2023/12/06 04:23:35.99,460824.2284,5633929.9498,2946939.9721
2023/12/06 04:23:36.99,460826.5768,5633929.093,2946941.191
2023/12/06 04:23:37.99,460827.5328,5633928.4344,2946941.9947
2023/12/06 04:23:38.99,460828.0129,5633928.1632,2946942.8249
2023/12/06 04:23:39.99,460828.1804,5633927.7519,2946943.4893
2023/12/06 04:23:40.99,460828.2099,5633927.432,2946944.1283
2023/12/06 04:23:41.99,460828.0903,5633927.2005,2946944.9644
2023/12/06 04:23:42.99,460827.9121,5633926.897,2946945.5922
2023/12/06 04:23:43.99,460827.5564,5633926.5131,2946946.3794
2023/12/06 04:23:44.99,460826.8469,5633926.0309,2946947.4633
2023/12/06 04:23:45.99,460825.3844,5633925.4303,2946948.8866
2023/12/06 04:23:46.99,460822.6438,5633924.9278,2946950.4779
2023/12/06 04:23:47.99,460817.5054,5633926.1134,2946951.8195
2023/12/06 04:23:48.99,460813.0882,5633926.7754,2946951.1291
2023/12/06 04:23:49.99,460809.4131,5633926.6693,2946948.6986
2023/12/06 04:23:50.99,460803.0365,5633929.7679,2946946.8448
2023/12/06 04:23:51.99,460798.0265,5633930.5103,2946943.0345
2023/12/06 04:23:52.99,460790.892,5633932.9495,2946939.4227
2023/12/06 04:23:53.99,460782.6063,5633935.4913,2946935.7275
2023/12/06 04:23:54.99,460773.4111,5633938.2415,2946931.7413
2023/12/06 04:23:55.99,460764.0305,5633941.2844,2946927.3346
2023/12/06 04:23:56.99,460754.858,5633944.2156,2946922.7315
2023/12/06 04:23:57.99,460746.0213,5633947.4351,2946918.2837
2023/12/06 04:23:58.99,460736.8877,5633950.5639,2946913.7947
2023/12/06 04:23:59.99,460727.062,5633953.7424,2946909.1922
2023/12/06 04:24:00.99,460715.6204,5633958.6222,2946904.9122
2023/12/06 04:24:01.99,460706.3695,5633960.7594,2946899.1749
2023/12/06 04:24:02.99,460696.1113,5633964.1496,2946894.3636
2023/12/06 04:24:03.99,460685.9811,5633967.3602,2946889.552
2023/12/06 04:24:04.99,460675.8684,5633971.0178,2946884.5966
2023/12/06 04:24:05.99,460665.8883,5633974.5485,2946879.5657
2023/12/06 04:24:06.99,460654.6417,5633979.4092,2946875.2376
2023/12/06 04:24:07.99,460645.4197,5633981.4261,2946869.8147
2023/12/06 04:24:08.99,460635.2407,5633984.7533,2946865.188
2023/12/06 04:24:09.99,460624.3008,5633989.5013,2946861.005
2023/12/06 04:24:10.99,460615.4922,5633991.5369,2946855.401
2023/12/06 04:24:11.99,460605.2191,5633995.069,2946850.3583
2023/12/06 04:24:12.99,460594.5349,5633998.6878,2946845.229
2023/12/06 04:24:13.99,460583.6577,5634002.421,2946839.9565
2023/12/06 04:24:14.99,460572.9887,5634006.0934,2946834.6673
2023/12/06 04:24:15.99,460562.3738,5634009.7749,2946829.3854
2023/12/06 04:24:16.99,460551.4777,5634013.4798,2946824.1351
2023/12/06 04:24:17.99,460540.6366,5634017.236,2946818.7559
2023/12/06 04:24:18.99,460529.9639,5634020.9351,2946813.4416
2023/12/06 04:24:19.99,460519.4373,5634024.5676,2946808.2893
2023/12/06 04:24:20.99,460509.3112,5634028.0234,2946803.3672
2023/12/06 04:24:21.99,460499.5458,5634031.3078,2946798.6751
2023/12/06 04:24:22.99,460489.926,5634034.5285,2946794.0968
2023/12/06 04:24:23.99,460480.9209,5634037.5418,2946789.8134
2023/12/06 04:24:24.99,460473.2247,5634040.1281,2946786.1328
2023/12/06 04:24:25.99,460467.0141,5634042.0908,2946783.0381
2023/12/06 04:24:26.99,460460.6411,5634045.4302,2946781.1476
2023/12/06 04:24:27.99,460457.3644,5634045.5294,2946778.3706
2023/12/06 04:24:28.99,460453.3746,5634046.7492,2946776.6756
2023/12/06 04:24:29.99,460449.7071,5634047.8162,2946775.1834
2023/12/06 04:24:30.99,460446.9051,5634048.7453,2946773.8484
2023/12/06 04:24:31.99,460445.6632,5634049.2308,2946773.2102
2023/12/06 04:24:32.99,460445.4803,5634049.3052,2946773.113
2023/12/06 04:24:33.99,460445.4776,5634049.2983,2946773.1111
2023/12/06 04:24:34.99,460445.476,5634049.3053,2946773.1143
2023/12/06 04:24:35.99,460445.4815,5634049.304,2946773.1134
2023/12/06 04:24:36.99,460445.4803,5634049.3087,2946773.1145
2023/12/06 04:24:37.99,460445.4786,5634049.2983,2946773.1109
2023/12/06 04:24:38.99,460445.4782,5634049.299,2946773.1104
2023/12/06 04:24:39.99,460445.4775,5634049.3038,2946773.1119
2023/12/06 04:24:40.99,460445.4833,5634049.2975,2946773.1119
2023/12/06 04:24:41.99,460445.4806,5634049.3107,2946773.1141
2023/12/06 04:24:42.99,460445.4824,5634049.3067,2946773.1138
2023/12/06 04:24:43.99,460445.4793,5634049.2974,2946773.1093
2023/12/06 04:24:44.99,460445.4787,5634049.2999,2946773.1123
2023/12/06 04:24:45.99,460445.4766,5634049.3015,2946773.1103
2023/12/06 04:24:46.99,460445.478,5634049.2999,2946773.1073
2023/12/06 04:24:47.99,460445.1665,5634049.4541,2946772.9229
2023/12/06 04:24:48.99,460444.0291,5634049.8622,2946772.1767
2023/12/06 04:24:49.99,460442.1005,5634050.689,2946771.0289
2023/12/06 04:24:50.99,460440.0409,5634051.4956,2946769.7965
2023/12/06 04:24:51.99,460436.933,5634053.6366,2946769.2855
2023/12/06 04:24:52.99,460436.2539,5634052.8788,2946767.6773
2023/12/06 04:24:53.99,460434.4886,5634053.5176,2946766.7612
2023/12/06 04:24:54.99,460432.7259,5634054.1298,2946765.8724
2023/12/06 04:24:55.99,460430.9724,5634054.7627,2946764.9757
2023/12/06 04:24:56.99,460428.9267,5634055.4545,2946763.9534
2023/12/06 04:24:57.99,460425.7836,5634056.4337,2946762.536
2023/12/06 04:24:58.99,460420.2342,5634059.1692,2946761.2902
2023/12/06 04:24:59.99,460414.9613,5634060.8903,2946758.9899
2023/12/06 04:25:00.99,460410.8745,5634061.1901,2946755.9243
2023/12/06 04:25:01.99,460405.903,5634062.8362,2946753.5714
2023/12/06 04:25:02.99,460400.649,5634064.388,2946751.1007
2023/12/06 04:25:03.99,460395.0232,5634066.4707,2946748.5034
2023/12/06 04:25:04.99,460388.9924,5634068.5395,2946745.5128
2023/12/06 04:25:05.99,460382.8121,5634070.6325,2946742.4324
2023/12/06 04:25:06.99,460376.3956,5634072.7835,2946739.2934
2023/12/06 04:25:07.99,460369.5795,5634075.0241,2946736.0281
2023/12/06 04:25:08.99,460362.5226,5634077.3713,2946732.6328
2023/12/06 04:25:09.99,460355.6526,5634079.6984,2946729.2934
2023/12/06 04:25:10.99,460348.6129,5634082.0449,2946725.9276
2023/12/06 04:25:11.99,460341.3876,5634084.4614,2946722.458
2023/12/06 04:25:12.99,460333.9459,5634086.9728,2946718.8548
2023/12/06 04:25:13.99,460326.2919,5634089.569,2946715.1543
2023/12/06 04:25:14.99,460317.3464,5634093.723,2946711.9162
2023/12/06 04:25:15.99,460310.3809,5634095.2209,2946707.2114
2023/12/06 04:25:16.99,460302.0895,5634098.1077,2946703.1795
2023/12/06 04:25:17.99,460293.5818,5634101.0175,2946699.2001
2023/12/06 04:25:18.99,460284.8548,5634103.9255,2946695.3355
2023/12/06 04:25:19.99,460275.8893,5634106.782,2946691.6907
2023/12/06 04:25:20.99,460266.9157,5634109.7278,2946687.8831
2023/12/06 04:25:21.99,460256.6067,5634114.2651,2946684.3663
2023/12/06 04:25:22.99,460248.0742,5634116.0628,2946679.3669
2023/12/06 04:25:23.99,460238.2672,5634119.517,2946675.1837
2023/12/06 04:25:24.99,460227.0849,5634124.3619,2946672.0214
2023/12/06 04:25:25.99,460217.7342,5634126.1852,2946667.6867
2023/12/06 04:25:26.99,460207.0196,5634129.3092,2946664.0549
2023/12/06 04:25:27.99,460195.0558,5634133.9102,2946661.0967
2023/12/06 04:25:28.99,460183.9985,5634137.1299,2946657.4721
2023/12/06 04:25:29.99,460172.7333,5634140.2775,2946653.9744
2023/12/06 04:25:30.99,460162.3304,5634141.9221,2946649.9916
2023/12/06 04:25:31.99,460149.6223,5634146.0497,2946647.5301
2023/12/06 04:25:32.99,460139.1037,5634147.4294,2946644.3712
2023/12/06 04:25:33.99,460126.4849,5634151.3909,2946642.3075
2023/12/06 04:25:34.99,460114.9447,5634154.0833,2946639.7032
2023/12/06 04:25:35.99,460104.4886,5634155.439,2946636.3484
2023/12/06 04:25:36.99,460092.902,5634158.2199,2946633.9335
2023/12/06 04:25:37.99,460081.3593,5634160.9171,2946631.0984
2023/12/06 04:25:38.99,460069.8276,5634163.7199,2946628.5772
2023/12/06 04:25:39.99,460058.3223,5634166.4739,2946626.1532
2023/12/06 04:25:40.99,460046.768,5634169.0256,2946623.8755
2023/12/06 04:25:41.99,460035.1658,5634171.4328,2946621.543
2023/12/06 04:25:42.99,460023.586,5634174.0658,2946619.0964
2023/12/06 04:25:43.99,460012.0123,5634176.7832,2946616.611
2023/12/06 04:25:44.99,460000.4446,5634179.5264,2946614.1525
2023/12/06 04:25:45.99,459988.9523,5634182.2446,2946611.8441
2023/12/06 04:25:46.99,459976.5963,5634186.103,2946609.6478
2023/12/06 04:25:47.99,459966.5031,5634187.3042,2946606.5677
2023/12/06 04:25:48.99,459954.7443,5634182.8595,2946601.49
2023/12/06 04:25:49.99,459943.0695,5634193.4353,2946603.3015
2023/12/06 04:25:50.99,459932.9153,5634194.1205,2946601.0736
2023/12/06 04:25:51.99,459921.6971,5634196.1513,2946599.5705
2023/12/06 04:25:52.99,459909.4917,5634199.6248,2946598.4146
2023/12/06 04:25:53.99,459898.656,5634201.9545,2946596.234
2023/12/06 04:25:54.99,459889.2684,5634203.033,2946593.3967
2023/12/06 04:25:55.99,459879.1531,5634205.2905,2946590.7581
2023/12/06 04:25:56.99,459869.3272,5634207.5024,2946588.3921
2023/12/06 04:25:57.99,459859.6926,5634209.7016,2946586.4303
2023/12/06 04:25:58.99,459850.4163,5634211.7189,2946584.4869
2023/12/06 04:25:59.99,459841.732,5634213.5407,2946582.6217
2023/12/06 04:26:00.99,459833.2235,5634215.3887,2946580.7621
2023/12/06 04:26:01.99,459824.5963,5634217.1994,2946578.9574
2023/12/06 04:26:02.99,459816.1072,5634218.8738,2946577.1183
2023/12/06 04:26:03.99,459807.2397,5634221.9006,2946576.0526
2023/12/06 04:26:04.99,459801.1742,5634222.1155,2946573.7469
2023/12/06 04:26:05.99,459794.0726,5634223.7048,2946572.0349
2023/12/06 04:26:06.99,459785.9619,5634225.2766,2946570.164
2023/12/06 04:26:07.99,459776.6817,5634227.3659,2946568.085
2023/12/06 04:26:08.99,459765.1619,5634230.9134,2946566.2569
2023/12/06 04:26:09.99,459755.6766,5634230.7213,2946562.718
2023/12/06 04:26:11.99,459737.3022,5634234.9766,2946559.4736
2023/12/06 04:26:12.99,459729.6175,5634233.136,2946556.6282
2023/12/06 04:26:13.99,459720.035,5634235.9658,2946555.0934
2023/12/06 04:26:14.99,459711.8581,5634242.597,2946553.2428
2023/12/06 04:26:15.99,459702.321,5634244.5907,2946551.0503
2023/12/06 04:26:16.99,459693.3905,5634245.2473,2946548.1592
2023/12/06 04:26:17.99,459682.8752,5634248.5752,2946546.5089
2023/12/06 04:26:18.99,459670.6945,5634242.3888,2946543.2523
2023/12/06 04:26:19.99,459665.1399,5634250.2851,2946542.1015
2023/12/06 04:26:20.99,459654.5542,5634254.3512,2946539.9434
2023/12/06 04:26:21.99,459645.0269,5634256.2785,2946537.819
2023/12/06 04:26:22.99,459635.9853,5634258.0868,2946535.7649
2023/12/06 04:26:23.99,459628.1875,5634258.5502,2946533.0267
2023/12/06 04:26:24.99,459618.6559,5634261.6643,2946531.6122
2023/12/06 04:26:25.99,459611.259,5634262.1578,2946528.7932
2023/12/06 04:26:26.99,459601.4351,5634265.4743,2946527.1581
2023/12/06 04:26:27.99,459593.7886,5634265.643,2946524.5827
2023/12/06 04:26:28.99,459585.511,5634267.0919,2946523.0595
2023/12/06 04:26:29.99,459577.739,5634268.6568,2946521.677
2023/12/06 04:26:30.99,459569.4018,5634271.3695,2946520.897
2023/12/06 04:26:31.99,459562.5969,5634272.6297,2946519.5606
2023/12/06 04:26:32.99,459557.5894,5634272.3227,2946517.7697
2023/12/06 04:26:33.99,459552.218,5634273.0702,2946517.1194
2023/12/06 04:26:34.99,459546.8746,5634274.905,2946517.4772
2023/12/06 04:26:35.99,459544.0719,5634273.9,2946516.9863
2023/12/06 04:26:36.99,459540.1932,5634274.0531,2946517.2887
2023/12/06 04:26:37.99,459536.2219,5634274.1514,2946517.6355
2023/12/06 04:26:38.99,459530.5709,5634275.9455,2946517.8936
2023/12/06 04:26:39.99,459524.9042,5634276.8583,2946516.768
2023/12/06 04:26:40.99,459518.0,5634278.4194,2946515.1828
2023/12/06 04:26:41.99,459509.5394,5634280.2339,2946513.0938
2023/12/06 04:26:42.99,459499.7837,5634282.1409,2946510.8588
2023/12/06 04:26:43.99,459490.2456,5634283.9664,2946508.7637
2023/12/06 04:26:44.99,459482.0934,5634284.148,2946505.0391
2023/12/06 04:26:45.99,459473.9503,5634286.0305,2946504.1617
2023/12/06 04:26:46.99,459465.9163,5634287.3504,2946501.2247
2023/12/06 04:26:47.99,459459.1307,5634289.2308,2946501.8312
2023/12/06 04:26:48.99,459453.4621,5634290.3817,2946500.4983
2023/12/06 04:26:49.99,459448.0686,5634291.43,2946499.1221
2023/12/06 04:26:50.99,459442.64,5634292.7523,2946496.8681
2023/12/06 04:26:51.99,459435.3934,5634294.0444,2946496.1405
2023/12/06 04:26:52.99,459425.5638,5634304.2508,2946498.9675
2023/12/06 04:26:53.99,459419.1875,5634297.0491,2946492.7102
2023/12/06 04:26:54.99,459412.5582,5634302.0855,2946491.2158
2023/12/06 04:26:55.99,459403.8801,5634300.1087,2946489.1208
2023/12/06 04:26:56.99,459397.3827,5634301.438,2946486.622
2023/12/06 04:26:57.99,459389.1985,5634304.0269,2946485.5484
2023/12/06 04:26:58.99,459382.1931,5634305.5703,2946483.9717
2023/12/06 04:26:59.99,459375.8636,5634305.7101,2946481.8256
2023/12/06 04:27:00.99,459368.5029,5634307.1351,2946479.8657
2023/12/06 04:27:01.99,459359.8042,5634310.0751,2946479.0415
2023/12/06 04:27:02.99,459353.5751,5634309.8047,2946476.351
2023/12/06 04:27:03.99,459346.7783,5634311.3271,2946474.8619
2023/12/06 04:27:04.99,459340.4043,5634312.3804,2946473.4138
2023/12/06 04:27:05.99,459335.3925,5634313.2967,2946472.3041
2023/12/06 04:27:06.99,459331.2552,5634315.6119,2946472.0931
2023/12/06 04:27:07.99,459330.9129,5634314.5245,2946470.736
2023/12/06 04:27:08.99,459330.169,5634314.9476,2946470.3841
2023/12/06 04:27:09.99,459329.7546,5634315.0626,2946470.1135
2023/12/06 04:27:10.99,459328.3693,5634316.4963,2946470.5368
2023/12/06 04:27:11.99,459329.2732,5634315.2659,2946469.8196
2023/12/06 04:27:12.99,459329.2704,5634315.2717,2946469.8157
2023/12/06 04:27:13.99,459328.1875,5634316.6165,2946470.4374
2023/12/06 04:27:14.99,459329.1703,5634315.3012,2946469.7374
2023/12/06 04:27:15.99,459328.683,5634315.5945,2946469.2705
2023/12/06 04:27:16.99,459328.1793,5634316.0905,2946468.3466
2023/12/06 04:27:17.99,459328.085,5634316.2108,2946468.0668
2023/12/06 04:27:18.99,459328.0208,5634316.1808,2946467.81
2023/12/06 04:27:19.99,459327.9669,5634316.8078,2946466.9736
2023/12/06 04:27:20.99,459328.5732,5634317.6253,2946465.3027
2023/12/06 04:27:21.99,459330.4901,5634318.3666,2946463.5679
2023/12/06 04:27:22.99,459333.3485,5634318.8117,2946462.6807
2023/12/06 04:27:23.99,459336.5996,5634318.576,2946462.7153
2023/12/06 04:27:24.99,459340.8371,5634318.0769,2946463.1115
2023/12/06 04:27:25.99,459345.3869,5634317.3078,2946463.6306
2023/12/06 04:27:26.99,459349.7999,5634316.6087,2946464.3155
2023/12/06 04:27:27.99,459353.7293,5634315.9535,2946465.0511
2023/12/06 04:27:28.99,459357.7163,5634315.264,2946465.7587
2023/12/06 04:27:29.99,459362.0766,5634314.5981,2946466.4141
2023/12/06 04:27:30.99,459366.9532,5634314.0217,2946467.1416
2023/12/06 04:27:31.99,459372.9198,5634312.9986,2946467.9211
2023/12/06 04:27:32.99,459380.0673,5634312.0186,2946469.1721
2023/12/06 04:27:33.99,459386.8942,5634310.8307,2946470.4538
2023/12/06 04:27:34.99,459392.6257,5634309.6474,2946471.5441
2023/12/06 04:27:35.99,459396.9018,5634308.8718,2946472.4462
2023/12/06 04:27:36.99,459400.1638,5634308.2939,2946473.1184
2023/12/06 04:27:37.99,459403.0615,5634307.727,2946473.6645
2023/12/06 04:27:38.99,459405.7713,5634307.2389,2946474.2066
2023/12/06 04:27:39.99,459407.837,5634306.8543,2946474.6237
2023/12/06 04:27:40.99,459409.8596,5634306.5398,2946475.0491
2023/12/06 04:27:41.99,459412.7433,5634305.9889,2946475.6321
2023/12/06 04:27:42.99,459416.1631,5634305.36,2946476.297
2023/12/06 04:27:43.99,459419.9481,5634304.6789,2946477.0971
2023/12/06 04:27:44.99,459423.8932,5634303.8801,2946477.9447
2023/12/06 04:27:45.99,459427.7585,5634303.1126,2946478.8153
2023/12/06 04:27:46.99,459431.5751,5634302.3201,2946479.7068
2023/12/06 04:27:47.99,459435.2841,5634301.5092,2946480.7562
2023/12/06 04:27:48.99,459438.9385,5634300.6236,2946481.8703
2023/12/06 04:27:49.99,459442.6233,5634299.769,2946482.8972
2023/12/06 04:27:50.99,459446.6198,5634299.0779,2946483.7175
2023/12/06 04:27:51.99,459451.4456,5634298.6009,2946484.2901
2023/12/06 04:27:52.99,459457.0559,5634297.6392,2946484.6826
2023/12/06 04:27:53.99,459463.3561,5634296.7707,2946485.3669
2023/12/06 04:27:54.99,459469.5615,5634295.7688,2946486.292
2023/12/06 04:27:55.99,459476.0868,5634294.5899,2946487.4869
2023/12/06 04:27:56.99,459483.1648,5634293.2672,2946488.9434
2023/12/06 04:27:57.99,459490.0382,5634291.8944,2946490.475
2023/12/06 04:27:58.99,459497.1709,5634290.4411,2946492.1074
2023/12/06 04:27:59.99,459504.8131,5634288.8433,2946493.9656
2023/12/06 04:28:00.99,459512.2839,5634287.238,2946495.8305
2023/12/06 04:28:01.99,459519.2657,5634285.7717,2946497.5895
2023/12/06 04:28:02.99,459525.3786,5634284.5458,2946499.1197
2023/12/06 04:28:03.99,459530.6244,5634283.4831,2946500.4456
2023/12/06 04:28:04.99,459535.2704,5634282.5526,2946501.6556
2023/12/06 04:28:05.99,459539.4906,5634281.6671,2946502.7005
2023/12/06 04:28:06.99,459543.5059,5634280.7953,2946503.7231
2023/12/06 04:28:07.99,459547.6233,5634279.8278,2946504.7726
2023/12/06 04:28:08.99,459551.7089,5634278.9805,2946505.8365
2023/12/06 04:28:09.99,459555.8311,5634278.0697,2946506.6699
2023/12/06 04:28:10.99,459559.9727,5634277.4089,2946507.268
2023/12/06 04:28:11.99,459564.2097,5634276.7395,2946507.8896
2023/12/06 04:28:12.99,459568.8488,5634274.6175,2946507.8953
2023/12/06 04:28:13.99,459573.1907,5634273.8612,2946508.7163
2023/12/06 04:28:14.99,459576.9683,5634274.449,2946510.1963
2023/12/06 04:28:15.99,459580.6103,5634273.7662,2946511.0356
2023/12/06 04:28:16.99,459583.4291,5634273.1739,2946511.65
2023/12/06 04:28:17.99,459585.3556,5634272.788,2946512.0794
2023/12/06 04:28:18.99,459586.6679,5634272.5289,2946512.3903
2023/12/06 04:28:19.99,459587.6457,5634272.3096,2946512.6451
2023/12/06 04:28:20.99,459589.0495,5634269.6097,2946511.7435
2023/12/06 04:28:21.99,459589.1142,5634271.9329,2946513.1248
2023/12/06 04:28:22.99,459589.5242,5634271.8529,2946513.2362
2023/12/06 04:28:23.99,459590.1331,5634269.3375,2946512.0641
2023/12/06 04:28:24.99,459589.5241,5634271.8617,2946513.2422
2023/12/06 04:28:25.99,459589.5248,5634271.8461,2946513.2365
2023/12/06 04:28:26.99,459589.5279,5634271.8415,2946513.2346
2023/12/06 04:28:27.99,459589.2934,5634271.3415,2946512.0502
2023/12/06 04:28:28.99,459589.2878,5634271.3398,2946512.0503
2023/12/06 04:28:29.99,459590.1569,5634270.5187,2946513.5633
2023/12/06 04:28:30.99,459589.2921,5634271.3423,2946512.0524
2023/12/06 04:28:31.99,459589.2901,5634271.342,2946512.052
2023/12/06 04:28:32.99,459589.2922,5634271.3419,2946512.0527
2023/12/06 04:28:33.99,459589.5269,5634271.7533,2946513.209
2023/12/06 04:28:34.99,459589.2926,5634271.3435,2946512.0525
2023/12/06 04:28:35.99,459589.2898,5634271.3553,2946512.0591
2023/12/06 04:28:36.99,459588.0672,5634272.3808,2946511.3862
2023/12/06 04:28:37.99,459589.2893,5634271.3445,2946512.0554
2023/12/06 04:28:38.99,459589.2882,5634271.3542,2946512.0544
2023/12/06 04:28:39.99,459589.2897,5634271.3532,2946512.0541
2023/12/06 04:28:40.99,459589.2896,5634271.3521,2946512.054
2023/12/06 04:28:41.99,459589.2924,5634271.3499,2946512.0527
2023/12/06 04:28:42.99,459589.2904,5634271.3568,2946512.0571
2023/12/06 04:28:43.99,459589.2908,5634271.3642,2946512.0576
2023/12/06 04:28:44.99,459588.0641,5634272.3822,2946511.3855
2023/12/06 04:28:45.99,459588.0707,5634272.3871,2946511.3849
2023/12/06 04:28:46.99,459588.0688,5634272.385,2946511.3837
2023/12/06 04:28:47.99,459588.0689,5634272.3859,2946511.3822
2023/12/06 04:28:48.99,459589.2916,5634271.3508,2946512.0556
2023/12/06 04:28:49.99,459588.0672,5634272.3901,2946511.3849
2023/12/06 04:28:50.99,459589.2915,5634271.3342,2946512.0465
2023/12/06 04:28:51.99,459588.069,5634272.3848,2946511.3819
2023/12/06 04:28:52.99,459588.0723,5634272.3832,2946511.3814
2023/12/06 04:28:53.99,459589.5282,5634271.7465,2946513.1972
2023/12/06 04:28:54.99,459589.2896,5634271.364,2946512.0582
2023/12/06 04:28:55.99,459589.2924,5634271.3442,2946512.0524
2023/12/06 04:28:56.99,459589.2963,5634271.3552,2946512.0587
2023/12/06 04:28:57.99,459588.1549,5634272.372,2946511.408
2023/12/06 04:28:58.99,459588.4932,5634272.2915,2946511.4993
2023/12/06 04:28:59.99,459590.5492,5634271.0795,2946512.3778
2023/12/06 04:29:00.99,459591.9399,5634271.2289,2946513.8383
2023/12/06 04:29:01.99,459592.9741,5634270.519,2946513.019
2023/12/06 04:29:02.99,459593.7778,5634270.3604,2946513.267
2023/12/06 04:29:03.99,459594.8131,5634270.1103,2946513.5434
2023/12/06 04:29:04.99,459596.3522,5634270.256,2946515.0271
2023/12/06 04:29:05.99,459597.4541,5634269.5944,2946514.1733
2023/12/06 04:29:06.99,459599.1075,5634269.2778,2946514.5122
2023/12/06 04:29:07.99,459600.9823,5634268.921,2946514.916
2023/12/06 04:29:08.99,459603.5414,5634268.8681,2946516.5841
2023/12/06 04:29:09.99,459605.8831,5634268.432,2946517.0566
2023/12/06 04:29:10.99,459608.2267,5634268.0401,2946517.4891
2023/12/06 04:29:11.99,459610.8097,5634267.5284,2946517.9985
2023/12/06 04:29:12.99,459613.1346,5634267.0659,2946518.4968
2023/12/06 04:29:13.99,459615.2108,5634266.6748,2946518.9737
2023/12/06 04:29:14.99,459615.6599,5634266.912,2946517.5723
2023/12/06 04:29:15.99,459619.1922,5634265.8845,2946519.8757
2023/12/06 04:29:16.99,459620.0402,5634266.068,2946518.5806
2023/12/06 04:29:17.99,459624.2847,5634264.8784,2946521.039
2023/12/06 04:29:18.99,459625.4414,5634264.9508,2946519.7932
2023/12/06 04:29:19.99,459628.971,5634263.9047,2946522.0774
2023/12/06 04:29:20.99,459630.635,5634263.5757,2946522.4302
2023/12/06 04:29:21.99,459630.6149,5634263.9576,2946520.9103
2023/12/06 04:29:22.99,459633.5525,5634262.9991,2946523.0529
2023/12/06 04:29:23.99,459635.4089,5634262.6361,2946523.4768
2023/12/06 04:29:24.99,459637.7756,5634262.1398,2946524.0335
2023/12/06 04:29:25.99,459640.6148,5634261.5268,2946524.7396
2023/12/06 04:29:26.99,459643.8918,5634260.8206,2946525.5736
2023/12/06 04:29:27.99,459647.4355,5634260.0697,2946526.4593
2023/12/06 04:29:28.99,459651.019,5634259.3583,2946527.2939
2023/12/06 04:29:29.99,459654.7326,5634258.6242,2946528.0554
2023/12/06 04:29:30.99,459658.4557,5634257.9193,2946528.8063
2023/12/06 04:29:31.99,459662.2318,5634257.205,2946529.5597
2023/12/06 04:29:32.99,459664.692,5634257.1537,2946528.5177
2023/12/06 04:29:33.99,459669.9826,5634255.759,2946531.0468
2023/12/06 04:29:34.99,459673.7781,5634255.1112,2946531.8188
2023/12/06 04:29:35.99,459677.8245,5634254.2538,2946532.7372
2023/12/06 04:29:36.99,459682.4467,5634253.3212,2946533.8816
2023/12/06 04:29:37.99,459687.484,5634252.2775,2946535.0554
2023/12/06 04:29:38.99,459692.4911,5634251.2474,2946536.2627
2023/12/06 04:29:39.99,459697.8047,5634250.2031,2946537.3989
2023/12/06 04:29:40.99,459703.4672,5634249.0725,2946538.6172
2023/12/06 04:29:41.99,459708.7796,5634248.054,2946539.8008
2023/12/06 04:29:42.99,459713.6139,5634247.039,2946540.8735
2023/12/06 04:29:43.99,459718.1091,5634245.9418,2946542.0779
2023/12/06 04:29:44.99,459720.6002,5634253.286,2946547.9437
2023/12/06 04:29:45.99,459729.6537,5634246.2081,2946545.8828
2023/12/06 04:29:46.99,459734.2402,5634241.459,2946546.4266
2023/12/06 04:29:47.99,459737.038,5634249.0615,2946551.2201
2023/12/06 04:29:48.99,459745.3898,5634239.5215,2946548.0406
2023/12/06 04:29:49.99,459747.4236,5634244.2246,2946553.4297
2023/12/06 04:29:51.99,459762.9899,5634234.8973,2946554.7272
2023/12/06 04:29:52.99,459769.5352,5634231.3404,2946553.8061
2023/12/06 04:29:53.99,459775.2626,5634233.3445,2946557.6806
2023/12/06 04:29:54.99,459780.0829,5634228.5101,2946558.2722
2023/12/06 04:29:55.99,459786.3688,5634226.3912,2946558.9724
2023/12/06 04:29:56.99,459793.2287,5634229.4098,2946562.988
2023/12/06 04:29:57.99,459801.6727,5634229.5082,2946564.8406
2023/12/06 04:29:58.99,459808.2236,5634223.9057,2946566.693
2023/12/06 04:29:59.99,459811.2367,5634232.3138,2946570.2496
2023/12/06 04:30:00.99,459820.3604,5634223.0008,2946568.1349
2023/12/06 04:30:01.99,459826.6526,5634221.6997,2946569.5215
2023/12/06 04:30:02.99,459832.5791,5634220.458,2946570.7829
2023/12/06 04:30:03.99,459838.1807,5634219.2691,2946571.9661
2023/12/06 04:30:04.99,459843.4268,5634218.1518,2946573.1881
2023/12/06 04:30:05.99,459847.6642,5634216.8585,2946573.8244
2023/12/06 04:30:06.99,459853.56,5634215.6861,2946575.823
2023/12/06 04:30:07.99,459856.2514,5634221.7177,2946579.1908
2023/12/06 04:30:08.99,459864.454,5634213.3317,2946578.2095
2023/12/06 04:30:09.99,459869.9302,5634212.1657,2946579.2294
2023/12/06 04:30:10.99,459875.9674,5634210.9461,2946580.2941
2023/12/06 04:30:11.99,459882.5105,5634209.5436,2946581.6049
2023/12/06 04:30:12.99,459889.5048,5634208.0078,2946583.152
2023/12/06 04:30:13.99,459897.0143,5634206.3491,2946584.8217
2023/12/06 04:30:14.99,459905.0168,5634204.598,2946586.5762
2023/12/06 04:30:15.99,459913.1424,5634202.8416,2946588.2894
2023/12/06 04:30:16.99,459921.552,5634201.0144,2946590.0209
2023/12/06 04:30:17.99,459928.6229,5634199.8682,2946589.9105
2023/12/06 04:30:18.99,459937.1579,5634197.9992,2946591.6185
2023/12/06 04:30:19.99,459946.6591,5634195.3962,2946595.24
2023/12/06 04:30:20.99,459954.5046,5634193.4979,2946597.2839
2023/12/06 04:30:21.99,459962.381,5634191.5147,2946599.295
2023/12/06 04:30:22.99,459968.7029,5634190.4197,2946599.2765
2023/12/06 04:30:23.99,459976.4523,5634188.6709,2946600.8115
2023/12/06 04:30:24.99,459985.995,5634186.2304,2946604.1694
2023/12/06 04:30:25.99,459994.6223,5634184.3755,2946605.8278
2023/12/06 04:30:26.99,460003.6503,5634182.7398,2946607.8512
2023/12/06 04:30:27.99,460012.6753,5634180.4924,2946609.0801
2023/12/06 04:30:28.99,460020.7998,5634178.5679,2946609.989
2023/12/06 04:30:29.99,460030.2842,5634176.7606,2946612.3215
2023/12/06 04:30:30.99,460038.6131,5634174.4621,2946613.0209
2023/12/06 04:30:31.99,460046.9845,5634172.5529,2946614.8675
2023/12/06 04:30:32.99,460055.2056,5634170.6282,2946616.7148
2023/12/06 04:30:33.99,460063.5691,5634168.9849,2946619.5475
2023/12/06 04:30:34.99,460071.6336,5634167.0746,2946621.2175
2023/12/06 04:30:35.99,460078.915,5634165.2014,2946622.1092
2023/12/06 04:30:36.99,460085.0306,5634170.7273,2946626.2719
2023/12/06 04:30:37.99,460095.557,5634161.8029,2946625.7723
2023/12/06 04:30:38.99,460103.1027,5634160.0289,2946627.5219
2023/12/06 04:30:39.99,460110.3236,5634158.3134,2946629.2244
2023/12/06 04:30:40.99,460116.5386,5634156.6443,2946630.254
2023/12/06 04:30:41.99,460124.1509,5634155.1158,2946632.4838
2023/12/06 04:30:42.99,460130.8368,5634153.5878,2946634.0346
2023/12/06 04:30:43.99,460137.3759,5634151.9558,2946635.5411
2023/12/06 04:30:44.99,460144.0076,5634150.3756,2946637.2531
2023/12/06 04:30:45.99,460150.7228,5634148.6818,2946639.0891
2023/12/06 04:30:46.99,460157.5392,5634147.04,2946640.9102
2023/12/06 04:30:47.99,460164.3358,5634145.4383,2946642.7163
2023/12/06 04:30:48.99,460170.9338,5634143.7909,2946644.4553
2023/12/06 04:30:49.99,460177.3013,5634142.1457,2946646.316
2023/12/06 04:30:50.99,460183.5227,5634140.4109,2946648.2307
2023/12/06 04:30:51.99,460189.6714,5634137.8725,2946650.7518
2023/12/06 04:30:52.99,460196.2868,5634136.7659,2946652.2347
2023/12/06 04:30:53.99,460202.9222,5634134.8234,2946654.4237
2023/12/06 04:30:54.99,460209.5939,5634132.026,2946657.2586
2023/12/06 04:30:55.99,460216.5231,5634130.8553,2946658.9924
2023/12/06 04:30:56.99,460223.1468,5634129.1569,2946661.6467
2023/12/06 04:30:57.99,460229.6899,5634127.1833,2946664.0918
2023/12/06 04:30:58.99,460236.1419,5634124.7012,2946666.2154
2023/12/06 04:30:59.99,460242.509,5634122.538,2946668.8182
2023/12/06 04:31:00.99,460248.8772,5634120.3833,2946671.4067
2023/12/06 04:31:01.99,460255.2659,5634118.2383,2946673.971
2023/12/06 04:31:02.99,460261.64,5634116.2512,2946676.4983
2023/12/06 04:31:03.99,460267.7654,5634114.3331,2946678.9881
2023/12/06 04:31:04.99,460273.1164,5634112.5471,2946681.2054
2023/12/06 04:31:05.99,460276.6414,5634112.6132,2946683.8741
2023/12/06 04:31:06.99,460281.2857,5634108.1127,2946685.5804
2023/12/06 04:31:07.99,460283.225,5634109.0585,2946685.5451
2023/12/06 04:31:08.99,460285.8334,5634106.5042,2946687.6345
2023/12/06 04:31:09.99,460289.0494,5634107.8813,2946686.5785
2023/12/06 04:31:10.99,460289.2214,5634106.264,2946689.1274
2023/12/06 04:31:11.99,460291.2681,5634105.3259,2946689.9444
2023/12/06 04:31:12.99,460293.3265,5634105.4742,2946690.3413
2023/12/06 04:31:13.99,460294.9788,5634104.9679,2946691.1066
2023/12/06 04:31:14.99,460295.5557,5634105.4509,2946692.3878
2023/12/06 04:31:15.99,460297.7453,5634104.0282,2946692.246
2023/12/06 04:31:16.99,460297.5361,5634104.4195,2946691.0069
2023/12/06 04:31:17.99,460300.0243,5634103.3212,2946693.2416
2023/12/06 04:31:18.99,460301.2119,5634103.1437,2946694.0934
2023/12/06 04:31:19.99,460302.8553,5634102.3554,2946694.5561
2023/12/06 04:31:20.99,460304.7485,5634101.6732,2946695.513
2023/12/06 04:31:21.99,460306.96,5634100.8793,2946696.635
2023/12/06 04:31:22.99,460309.4402,5634099.9754,2946697.8891
2023/12/06 04:31:23.99,460311.3812,5634099.2649,2946698.8703
2023/12/06 04:31:24.99,460312.7965,5634098.7192,2946699.5831
2023/12/06 04:31:25.99,460314.3908,5634098.1987,2946700.4211
2023/12/06 04:31:26.99,460316.0158,5634097.6008,2946701.2348
2023/12/06 04:31:27.99,460317.6906,5634095.2975,2946702.9351
2023/12/06 04:31:28.99,460318.5098,5634096.7071,2946702.5268
2023/12/06 04:31:29.99,460319.872,5634096.2149,2946703.2155
2023/12/06 04:31:30.99,460321.6179,5634095.5855,2946704.1056
2023/12/06 04:31:31.99,460323.6488,5634094.8383,2946705.1523
2023/12/06 04:31:32.99,460326.0279,5634093.9921,2946706.3778
2023/12/06 04:31:33.99,460328.7809,5634093.0366,2946707.7693
2023/12/06 04:31:34.99,460331.6712,5634092.0685,2946709.118
2023/12/06 04:31:35.99,460333.9771,5634091.3089,2946710.1527
2023/12/06 04:31:36.99,460336.487,5634090.5175,2946711.1879
2023/12/06 04:31:37.99,460339.1607,5634089.0001,2946712.8626
2023/12/06 04:31:38.99,460341.8117,5634089.0651,2946713.0478
2023/12/06 04:31:39.99,460344.0365,5634088.5503,2946713.6547
2023/12/06 04:31:40.99,460345.8284,5634088.1768,2946714.0725
2023/12/06 04:31:41.99,460348.105,5634087.717,2946714.5127
2023/12/06 04:31:42.99,460350.8873,5634087.2544,2946714.9971
2023/12/06 04:31:43.99,460354.0566,5634086.7235,2946715.5038
2023/12/06 04:31:44.99,460359.5141,5634086.878,2946715.2934
2023/12/06 04:31:45.99,460362.2762,5634085.0762,2946717.1266
2023/12/06 04:31:46.99,460366.5463,5634083.8026,2946717.3705
2023/12/06 04:31:47.99,460371.4617,5634082.5495,2946719.1039
2023/12/06 04:31:48.99,460376.7857,5634080.927,2946721.316
2023/12/06 04:31:49.99,460382.6555,5634079.2316,2946723.7862
2023/12/06 04:31:50.99,460390.831,5634077.6973,2946726.8365
2023/12/06 04:31:51.99,460397.1043,5634068.4967,2946728.6147
2023/12/06 04:31:56.99,460420.9065,5634069.7346,2946745.0564
2023/12/06 04:31:57.99,460425.3667,5634068.1156,2946747.5142
2023/12/06 04:31:58.99,460429.3206,5634065.5673,2946748.611
2023/12/06 04:31:59.99,460432.7617,5634065.0025,2946752.1575
2023/12/06 04:32:00.99,460437.4552,5634060.9238,2946753.2479
2023/12/06 04:32:01.99,460441.4175,5634061.9427,2946756.5245
2023/12/06 04:32:02.99,460445.8254,5634056.7804,2946757.3064
2023/12/06 04:32:03.99,460449.2921,5634056.9303,2946760.5069
2023/12/06 04:32:04.99,460453.3915,5634054.9411,2946760.2736
2023/12/06 04:32:05.99,460458.058,5634052.5829,2946763.2426
2023/12/06 04:32:06.99,460464.3067,5634051.3094,2946765.5202
2023/12/06 04:32:07.99,460471.4542,5634049.0072,2946768.8536
2023/12/06 04:32:08.99,460479.6974,5634044.5216,2946773.5617
2023/12/06 04:32:09.99,460484.4919,5634040.0242,2946775.1012
2023/12/06 04:32:10.99,460495.9207,5634040.699,2946780.6445
2023/12/06 04:32:11.99,460503.4168,5634034.5978,2946783.5315
2023/12/06 04:32:12.99,460509.4837,5634038.9776,2946791.308
2023/12/06 04:32:13.99,460518.2768,5634035.9305,2946795.6694
2023/12/06 04:32:14.99,460530.7053,5634028.7614,2946797.6154
2023/12/06 04:32:15.99,460538.782,5634026.0935,2946801.4248
2023/12/06 04:32:16.99,460546.7682,5634023.4567,2946805.1465
2023/12/06 04:32:17.99,460554.2979,5634020.9088,2946808.7667
2023/12/06 04:32:18.99,460561.5768,5634018.3741,2946812.3412
2023/12/06 04:32:19.99,460569.8898,5634018.5167,2946816.2547
2023/12/06 04:32:20.99,460576.2232,5634013.2254,2946819.8108
2023/12/06 04:32:21.99,460583.5628,5634010.7399,2946823.41
2023/12/06 04:32:22.99,460592.5619,5634008.6085,2946825.9111
2023/12/06 04:32:23.99,460598.5482,5634005.8112,2946830.4213
2023/12/06 04:32:24.99,460606.4336,5634003.1345,2946834.1776
2023/12/06 04:32:25.99,460614.803,5634000.325,2946838.2527
2023/12/06 04:32:26.99,460623.523,5633997.3487,2946842.4881
2023/12/06 04:32:27.99,460632.0337,5633994.4772,2946846.6211
2023/12/06 04:32:28.99,460640.0795,5633991.7363,2946850.5086
2023/12/06 04:32:29.99,460647.3727,5633989.2023,2946854.0556
2023/12/06 04:32:30.99,460654.1757,5633986.883,2946857.3776
2023/12/06 04:32:31.99,460660.6625,5633984.6327,2946860.6267
2023/12/06 04:32:32.99,460666.9358,5633982.3338,2946863.8169
2023/12/06 04:32:33.99,460673.0665,5633980.2874,2946866.8074
2023/12/06 04:32:34.99,460679.2303,5633977.5137,2946870.3186
2023/12/06 04:32:35.99,460685.9076,5633976.0896,2946872.6973
2023/12/06 04:32:36.99,460692.1164,5633973.9771,2946875.7055
2023/12/06 04:32:37.99,460698.6161,5633971.7583,2946878.8641
2023/12/06 04:32:38.99,460705.4408,5633969.4329,2946882.2137
2023/12/06 04:32:39.99,460712.2931,5633967.0632,2946885.5764
2023/12/06 04:32:40.99,460718.8415,5633964.8807,2946888.7555
2023/12/06 04:32:41.99,460725.6402,5633962.66,2946891.9512
2023/12/06 04:32:42.99,460732.8508,5633960.3394,2946895.2765
2023/12/06 04:32:43.99,460740.3937,5633957.9206,2946898.863
2023/12/06 04:32:44.99,460747.7333,5633955.3274,2946902.4548
2023/12/06 04:32:45.99,460754.337,5633952.2684,2946906.4916
2023/12/06 04:32:46.99,460760.9158,5633950.8308,2946909.01
2023/12/06 04:32:47.99,460766.4123,5633949.0382,2946911.6533
2023/12/06 04:32:48.99,460771.3884,5633947.3615,2946914.0119
2023/12/06 04:32:49.99,460775.8522,5633945.8373,2946916.2178
2023/12/06 04:32:50.99,460780.103,5633944.3333,2946918.4296
2023/12/06 04:32:51.99,460784.7327,5633941.9161,2946921.6119
2023/12/06 04:32:52.99,460790.7432,5633940.6696,2946923.9032
2023/12/06 04:32:53.99,460796.5933,5633938.7425,2946926.7186
2023/12/06 04:32:54.99,460801.783,5633936.2096,2946929.9352
2023/12/06 04:32:55.99,460807.2564,5633933.4515,2946932.7126
2023/12/06 04:32:56.99,460811.0706,5633933.9516,2946933.7545
2023/12/06 04:32:57.99,460814.3364,5633932.0893,2946936.0926
2023/12/06 04:32:58.99,460817.6312,5633930.9568,2946937.709
2023/12/06 04:32:59.99,460820.3787,5633930.0532,2946939.0335
2023/12/06 04:33:00.99,460822.5708,5633930.1184,2946939.358
2023/12/06 04:33:01.99,460824.1275,5633928.8603,2946940.7047
2023/12/06 04:33:02.99,460825.727,5633928.3456,2946941.4347
2023/12/06 04:33:03.99,460827.3015,5633928.453,2946941.7751
2023/12/06 04:33:04.99,460828.0998,5633927.7646,2946942.957
2023/12/06 04:33:05.99,460828.041,5633926.3669,2946944.8451
2023/12/06 04:33:06.99,460827.685,5633925.7623,2946946.1965
2023/12/06 04:33:07.99,460826.0296,5633926.764,2946947.5832
2023/12/06 04:33:08.99,460824.8616,5633924.7524,2946948.6628
2023/12/06 04:33:09.99,460822.9916,5633924.647,2946949.2139
2023/12/06 04:33:10.99,460821.2689,5633924.6796,2946949.4493
2023/12/06 04:33:11.99,460819.2762,5633924.8248,2946949.4832
2023/12/06 04:33:12.99,460816.7852,5633925.1234,2946949.329
2023/12/06 04:33:13.99,460813.7976,5633925.6981,2946948.6729
2023/12/06 04:33:14.99,460810.3318,5633926.6089,2946947.3964
2023/12/06 04:33:15.99,460806.9057,5633927.7858,2946945.7159
2023/12/06 04:33:16.99,460803.4518,5633929.794,2946943.1869
2023/12/06 04:33:17.99,460798.5935,5633930.4787,2946941.7684
2023/12/06 04:33:18.99,460793.4288,5633931.8626,2946939.8484
2023/12/06 04:33:19.99,460787.671,5633933.4327,2946937.645
2023/12/06 04:33:20.99,460781.3414,5633935.2602,2946935.0231
2023/12/06 04:33:21.99,460774.1483,5633937.3593,2946932.0299
2023/12/06 04:33:22.99,460766.8323,5633939.5655,2946928.9034
2023/12/06 04:33:23.99,460759.2642,5633941.9736,2946925.4173
2023/12/06 04:33:24.99,460751.9018,5633944.3536,2946921.9463
2023/12/06 04:33:25.99,460744.9471,5633946.5576,2946918.7438
2023/12/06 04:33:26.99,460738.6456,5633949.3551,2946915.1837
2023/12/06 04:33:27.99,460732.3096,5633950.6472,2946912.8984
2023/12/06 04:33:28.99,460726.6799,5633952.5171,2946910.1621
2023/12/06 04:33:29.99,460721.4104,5633954.3359,2946907.5968
2023/12/06 04:33:30.99,460716.2875,5633956.8762,2946904.3978
2023/12/06 04:33:31.99,460710.2737,5633958.1241,2946902.1606
2023/12/06 04:33:32.99,460704.6183,5633960.0938,2946899.3383
2023/12/06 04:33:33.99,460698.8763,5633962.5647,2946895.472
2023/12/06 04:33:34.99,460694.5729,5633964.3382,2946893.7049
2023/12/06 04:33:35.99,460689.6065,5633965.1641,2946892.1135
2023/12/06 04:33:36.99,460685.3167,5633966.5647,2946890.1688
2023/12/06 04:33:37.99,460681.7036,5633968.5291,2946887.8353
2023/12/06 04:33:38.99,460677.7399,5633969.0299,2946886.6912
2023/12/06 04:33:39.99,460674.0618,5633970.2721,2946884.9181
2023/12/06 04:33:40.99,460670.303,5633971.5553,2946883.1204
2023/12/06 04:33:41.99,460668.1075,5633973.9234,2946879.6904
2023/12/06 04:33:42.99,460661.8836,5633974.2554,2946879.2516
2023/12/06 04:33:43.99,460657.7089,5633976.5396,2946876.5477
2023/12/06 04:33:44.99,460652.9028,5633978.1697,2946874.1913
2023/12/06 04:33:45.99,460647.9478,5633979.95,2946871.6254
2023/12/06 04:33:46.99,460642.8134,5633981.0572,2946869.5111
2023/12/06 04:33:47.99,460637.8462,5633983.7514,2946866.0615
2023/12/06 04:33:48.99,460631.7463,5633985.1951,2946863.5873
2023/12/06 04:33:49.99,460625.4461,5633987.3496,2946860.4364
2023/12/06 04:33:50.99,460618.9447,5633989.6046,2946857.1997
2023/12/06 04:33:51.99,460612.7465,5633992.5681,2946853.4255
2023/12/06 04:33:52.99,460605.5051,5633995.1879,2946851.2032
2023/12/06 04:33:53.99,460598.6295,5633996.5654,2946847.2367
2023/12/06 04:33:54.99,460591.9049,5633999.6503,2946843.3207
2023/12/06 04:33:55.99,460584.3091,5634001.3392,2946840.5252
2023/12/06 04:33:56.99,460576.7647,5634003.7771,2946837.0989
2023/12/06 04:33:57.99,460569.4451,5634006.982,2946833.0025
2023/12/06 04:33:58.99,460562.0111,5634009.5271,2946829.3616
2023/12/06 04:33:59.99,460554.4156,5634012.1874,2946825.5498
2023/12/06 04:34:00.99,460546.6522,5634014.0155,2946822.4212
2023/12/06 04:34:01.99,460539.3245,5634016.5262,2946818.9081
2023/12/06 04:34:02.99,460532.2115,5634019.7071,2946814.8478
2023/12/06 04:34:03.99,460524.9439,5634022.162,2946811.3936
2023/12/06 04:34:04.99,460518.094,5634024.4515,2946808.1457
2023/12/06 04:34:05.99,460511.4555,5634025.8964,2946805.6831
2023/12/06 04:34:06.99,460505.533,5634027.8701,2946802.8255
2023/12/06 04:34:07.99,460500.0576,5634029.7292,2946800.1533
2023/12/06 04:34:08.99,460494.9261,5634031.5101,2946797.583
2023/12/06 04:34:09.99,460490.075,5634033.2348,2946795.0945
2023/12/06 04:34:10.99,460485.9558,5634035.6031,2946792.2275
2023/12/06 04:34:11.99,460482.117,5634036.9162,2946790.2768
2023/12/06 04:34:12.99,460478.6162,5634038.0115,2946788.7916
2023/12/06 04:34:13.99,460475.3508,5634038.0607,2946788.3212
2023/12/06 04:34:14.99,460473.0337,5634039.4017,2946786.927
2023/12/06 04:34:15.99,460470.8608,5634039.9874,2946786.1457
2023/12/06 04:34:16.99,460468.5127,5634040.9188,2946786.3766
2023/12/06 04:34:17.99,460467.0427,5634040.537,2946784.8934
2023/12/06 04:34:18.99,460465.849,5634041.916,2946783.2984
2023/12/06 04:34:19.99,460463.8259,5634041.9169,2946782.7704
2023/12/06 04:34:20.99,460461.3026,5634042.8653,2946781.3693
2023/12/06 04:34:21.99,460458.9883,5634044.4634,2946779.5108
2023/12/06 04:34:22.99,460456.2928,5634044.5459,2946778.953
2023/12/06 04:34:23.99,460454.0635,5634045.2779,2946777.9534
2023/12/06 04:34:24.99,460451.9488,5634045.9441,2946777.0186
2023/12/06 04:34:25.99,460450.6635,5634047.178,2946775.7714
2023/12/06 04:34:26.99,460449.0686,5634046.8344,2946775.7341
2023/12/06 04:34:27.99,460448.0053,5634048.0176,2946774.5707
2023/12/06 04:34:28.99,460446.5578,5634048.4528,2946773.9365
2023/12/06 04:34:29.99,460445.2146,5634048.8797,2946773.3559
2023/12/06 04:34:30.99,460441.8017,5634051.7499,2946774.3806
2023/12/06 04:34:31.99,460441.447,5634051.2384,2946774.1308
2023/12/06 04:34:32.99,460440.9121,5634051.9825,2946774.0171
2023/12/06 04:34:33.99,460440.8759,5634051.9772,2946773.9981
2023/12/06 04:34:34.99,460440.8799,5634051.9879,2946773.9998
2023/12/06 04:34:35.99,460440.8732,5634051.9911,2946774.0001
2023/12/06 04:34:36.99,460440.8348,5634052.0089,2946773.9884
2023/12/06 04:34:37.99,460440.8147,5634051.986,2946773.9775
2023/12/06 04:34:38.99,460443.5691,5634049.4298,2946772.6885
2023/12/06 04:34:39.99,460443.5616,5634049.4253,2946772.683
2023/12/06 04:34:40.99,460442.7775,5634051.6895,2946772.78
2023/12/06 04:34:41.99,460443.5663,5634049.4328,2946772.6857
2023/12/06 04:34:42.99,460443.5677,5634049.432,2946772.6872
2023/12/06 04:34:43.99,460442.7801,5634051.714,2946772.7847
2023/12/06 04:34:44.99,460442.6654,5634051.7249,2946772.7361
2023/12/06 04:34:45.99,460442.2353,5634051.8097,2946772.5224
2023/12/06 04:34:46.99,460439.4172,5634052.501,2946773.2775
2023/12/06 04:34:47.99,460438.2402,5634052.3373,2946772.5058
2023/12/06 04:34:48.99,460436.0308,5634053.1294,2946771.3272
2023/12/06 04:34:49.99,460435.5075,5634052.2673,2946768.392
2023/12/06 04:34:50.99,460431.9689,5634053.5299,2946766.5798
2023/12/06 04:34:51.99,460427.9454,5634055.0213,2946765.9194
2023/12/06 04:34:52.99,460424.2408,5634055.2377,2946763.5733
2023/12/06 04:34:53.99,460420.3853,5634057.3004,2946761.1256
2023/12/06 04:34:54.99,460416.2215,5634058.7147,2946759.2132
2023/12/06 04:34:55.99,460411.6677,5634059.3452,2946757.8309
2023/12/06 04:34:56.99,460407.1139,5634061.8035,2946756.3346
2023/12/06 04:34:57.99,460403.1265,5634062.9399,2946753.2294
2023/12/06 04:34:58.99,460398.171,5634066.6968,2946751.3841
2023/12/06 04:34:59.99,460394.447,5634067.9686,2946749.5154
2023/12/06 04:35:00.99,460390.9795,5634069.16,2946747.7709
2023/12/06 04:35:01.99,460387.6901,5634070.3466,2946746.1162
2023/12/06 04:35:02.99,460384.424,5634071.4211,2946744.4677
2023/12/06 04:35:03.99,460381.4653,5634068.2774,2946743.0356
2023/12/06 04:35:04.99,460380.6157,5634067.5233,2946741.2838
2023/12/06 04:35:05.99,460375.0138,5634072.5366,2946739.3255
2023/12/06 04:35:06.99,460373.5515,5634070.3971,2946737.9627
2023/12/06 04:35:07.99,460370.0498,5634071.573,2946736.2657
2023/12/06 04:35:08.99,460364.2738,5634075.3223,2946734.7958
2023/12/06 04:35:09.99,460360.355,5634077.4809,2946732.1961
2023/12/06 04:35:10.99,460355.4216,5634079.1423,2946729.7799
2023/12/06 04:35:11.99,460349.739,5634081.0603,2946727.0164
2023/12/06 04:35:12.99,460343.7936,5634083.0564,2946724.1515
2023/12/06 04:35:13.99,460338.2027,5634084.9979,2946721.4208
2023/12/06 04:35:14.99,460332.0838,5634086.2538,2946719.0505
2023/12/06 04:35:15.99,460325.9505,5634089.2441,2946715.2412
2023/12/06 04:35:16.99,460319.3202,5634091.6173,2946711.9249
2023/12/06 04:35:17.99,460315.1216,5634096.3189,2946711.6984
2023/12/06 04:35:18.99,460305.5644,5634095.5123,2946706.0412
2023/12/06 04:35:19.99,460298.7578,5634098.7089,2946702.182
2023/12/06 04:35:20.99,460291.4589,5634101.1546,2946698.8277
2023/12/06 04:35:21.99,460284.0103,5634103.6552,2946695.4171
2023/12/06 04:35:22.99,460276.4469,5634106.2606,2946692.0109
2023/12/06 04:35:23.99,460268.5548,5634108.1285,2946689.1525
2023/12/06 04:35:24.99,460261.1297,5634111.4927,2946685.1566
2023/12/06 04:35:25.99,460253.1058,5634113.3142,2946682.2901
2023/12/06 04:35:26.99,460245.6358,5634116.7987,2946678.3819
2023/12/06 04:35:27.99,460237.9093,5634119.4988,2946675.1278
2023/12/06 04:35:28.99,460230.1832,5634122.1233,2946672.0261
2023/12/06 04:35:29.99,460222.1662,5634123.8846,2946669.5945
2023/12/06 04:35:30.99,460214.6838,5634127.1291,2946666.091
2023/12/06 04:35:31.99,460206.3853,5634129.8041,2946664.3201
2023/12/06 04:35:32.99,460198.6816,5634131.1818,2946661.058
2023/12/06 04:35:33.99,460190.1078,5634134.7332,2946658.7321
2023/12/06 04:35:34.99,460181.28,5634136.2625,2946655.3742
2023/12/06 04:35:35.99,460172.4274,5634139.4642,2946652.1087
2023/12/06 04:35:36.99,460163.773,5634141.6729,2946649.681
2023/12/06 04:35:37.99,460154.785,5634142.9962,2946648.0123
2023/12/06 04:35:38.99,460146.0129,5634145.7417,2946645.316
2023/12/06 04:35:39.99,460136.7189,5634147.7969,2946643.3939
2023/12/06 04:35:40.99,460127.2524,5634149.864,2946641.5366
2023/12/06 04:35:41.99,460117.4335,5634151.2615,2946640.061
2023/12/06 04:35:42.99,460107.8754,5634153.5239,2946637.7726
2023/12/06 04:35:43.99,460098.2635,5634155.8822,2946635.4791
2023/12/06 04:35:44.99,460088.8784,5634158.9591,2946632.6115
2023/12/06 04:35:45.99,460078.9131,5634160.563,2946630.8899
2023/12/06 04:35:46.99,460066.9243,5634165.577,2946629.4934
2023/12/06 04:35:47.99,460060.0968,5634165.8701,2946626.3852
2023/12/06 04:35:48.99,460051.0273,5634167.8758,2946624.5886
2023/12/06 04:35:49.99,460042.233,5634169.7909,2946622.8394
2023/12/06 04:35:50.99,460033.6536,5634171.6796,2946621.185
2023/12/06 04:35:52.99,460017.0626,5634175.3418,2946617.8041
2023/12/06 04:35:53.99,460008.7467,5634176.4955,2946616.55
2023/12/06 04:35:54.99,460000.9797,5634179.2033,2946614.1357
2023/12/06 04:35:55.99,459990.205,5634182.9993,2946613.5608
2023/12/06 04:35:56.99,459984.109,5634182.2774,2946611.0769
2023/12/06 04:35:57.99,459975.5141,5634184.206,2946609.3177
2023/12/06 04:35:58.99,459967.0147,5634186.8809,2946607.0425
2023/12/06 04:35:59.99,459957.8413,5634188.0349,2946605.8642
2023/12/06 04:36:00.99,459949.0914,5634190.7314,2946603.5806
2023/12/06 04:36:01.99,459939.9546,5634192.658,2946601.8545
2023/12/06 04:36:02.99,459930.6805,5634194.5536,2946600.2478
2023/12/06 04:36:03.99,459921.554,5634196.221,2946598.9608
2023/12/06 04:36:04.99,459912.8315,5634197.7363,2946597.8142
2023/12/06 04:36:05.99,459904.3119,5634199.4635,2946596.2957
2023/12/06 04:36:06.99,459895.8664,5634201.3277,2946594.5021
2023/12/06 04:36:07.99,459887.779,5634203.1107,2946592.7455
2023/12/06 04:36:08.99,459880.3203,5634204.7404,2946591.08
2023/12/06 04:36:09.99,459873.496,5634206.2572,2946589.5357
2023/12/06 04:36:10.99,459866.6238,5634207.9466,2946589.1709
2023/12/06 04:36:11.99,459861.2161,5634209.0286,2946586.8853
2023/12/06 04:36:12.99,459854.861,5634212.5493,2946585.8791
2023/12/06 04:36:13.99,459849.0973,5634213.7266,2946584.7274
2023/12/06 04:36:14.99,459843.0105,5634214.9623,2946583.5074
2023/12/06 04:36:15.99,459836.5555,5634216.2692,2946582.1815
2023/12/06 04:36:16.99,459828.1047,5634218.8275,2946581.3996
2023/12/06 04:36:17.99,459822.7424,5634219.2641,2946579.1869
2023/12/06 04:36:18.99,459813.7592,5634222.0349,2946578.0629
2023/12/06 04:36:19.99,459808.0169,5634222.5653,2946575.6718
2023/12/06 04:36:20.99,459801.8344,5634221.6865,2946573.949
2023/12/06 04:36:21.99,459795.2974,5634223.0527,2946572.4059
2023/12/06 04:36:22.99,459788.4434,5634224.7603,2946572.044
2023/12/06 04:36:23.99,459782.9296,5634225.8983,2946570.7529
2023/12/06 04:36:24.99,459779.2412,5634226.5508,2946568.7699
2023/12/06 04:36:25.99,459775.2932,5634227.5319,2946568.9795
2023/12/06 04:36:26.99,459772.268,5634227.2095,2946567.6992
2023/12/06 04:36:27.99,459769.3121,5634228.6624,2946566.3717
2023/12/06 04:36:28.99,459766.4527,5634229.2722,2946565.7148
2023/12/06 04:36:29.99,459764.2365,5634229.8761,2946566.3782
2023/12/06 04:36:30.99,459763.9219,5634228.9634,2946565.7851
2023/12/06 04:36:31.99,459763.93,5634228.9549,2946565.783
2023/12/06 04:36:32.99,459763.928,5634228.9667,2946565.7846
2023/12/06 04:36:33.99,459763.9303,5634228.9607,2946565.7869
2023/12/06 04:36:34.99,459763.7365,5634229.9953,2946566.2837
2023/12/06 04:36:35.99,459764.2042,5634229.7383,2946565.235
2023/12/06 04:36:36.99,459764.2013,5634229.7389,2946565.2353
2023/12/06 04:36:37.99,459764.2062,5634229.7235,2946565.2323
2023/12/06 04:36:38.99,459764.2041,5634229.7221,2946565.2299
2023/12/06 04:36:39.99,459764.203,5634229.7286,2946565.2336
2023/12/06 04:36:40.99,459764.204,5634229.7402,2946565.2357
2023/12/06 04:36:41.99,459764.2042,5634229.7255,2946565.2328
2023/12/06 04:36:42.99,459764.2012,5634229.7243,2946565.2316
2023/12/06 04:36:43.99,459764.2013,5634229.7464,2946565.2384
2023/12/06 04:36:44.99,459764.2022,5634229.7294,2946565.2319
2023/12/06 04:36:45.99,459763.9253,5634228.9599,2946565.786
2023/12/06 04:36:46.99,459764.2063,5634229.7233,2946565.232
2023/12/06 04:36:47.99,459763.929,5634228.9574,2946565.7862
2023/12/06 04:36:48.99,459763.737,5634229.9921,2946566.2817
2023/12/06 04:36:49.99,459764.2041,5634229.7319,2946565.2338
2023/12/06 04:36:50.99,459763.736,5634229.985,2946566.2793
2023/12/06 04:36:51.99,459764.2046,5634229.7317,2946565.2326
2023/12/06 04:36:52.99,459764.2063,5634229.7206,2946565.2319
2023/12/06 04:36:53.99,459764.2093,5634229.7238,2946565.2311
2023/12/06 04:36:54.99,459764.2051,5634229.7304,2946565.2348
2023/12/06 04:36:55.99,459763.9292,5634228.9488,2946565.7813
2023/12/06 04:36:56.99,459763.7383,5634229.9876,2946566.28
2023/12/06 04:36:57.99,459764.2088,5634229.7221,2946565.2301
2023/12/06 04:36:58.99,459764.2096,5634229.7175,2946565.2283
2023/12/06 04:36:59.99,459763.9344,5634228.9465,2946565.7795
2023/12/06 04:37:00.99,459763.9294,5634228.9549,2946565.7799
2023/12/06 04:37:01.99,459764.2086,5634229.7246,2946565.2329
2023/12/06 04:37:02.99,459764.2099,5634229.7325,2946565.2366
2023/12/06 04:37:03.99,459764.2072,5634229.7218,2946565.2315
2023/12/06 04:37:04.99,459763.7397,5634229.9917,2946566.2815
2023/12/06 04:37:05.99,459763.7381,5634229.9823,2946566.2795
2023/12/06 04:37:06.99,459763.9327,5634228.9698,2946565.7856
2023/12/06 04:37:07.99,459764.2088,5634229.7215,2946565.2309
2023/12/06 04:37:08.99,459764.2074,5634229.7251,2946565.2345
2023/12/06 04:37:09.99,459764.208,5634229.722,2946565.2336
2023/12/06 04:37:10.99,459764.2086,5634229.7113,2946565.2294
2023/12/06 04:37:11.99,459764.2093,5634229.7142,2946565.2311
2023/12/06 04:37:12.99,459764.2076,5634229.7243,2946565.2348
2023/12/06 04:37:13.99,459764.2089,5634229.7197,2946565.2329
2023/12/06 04:37:14.99,459764.2067,5634229.7261,2946565.2338
2023/12/06 04:37:15.99,459764.2086,5634229.7189,2946565.2303
2023/12/06 04:37:16.99,459764.21,5634229.7339,2946565.2377
2023/12/06 04:37:17.99,459764.2071,5634229.723,2946565.2329
2023/12/06 04:37:18.99,459764.2091,5634229.7207,2946565.2322
2023/12/06 04:37:19.99,459764.2065,5634229.7318,2946565.2356
2023/12/06 04:37:20.99,459764.2073,5634229.7346,2946565.2338
2023/12/06 04:37:21.99,459764.2079,5634229.7272,2946565.2339
2023/12/06 04:37:22.99,459764.2058,5634229.7177,2946565.23
2023/12/06 04:37:23.99,459764.2035,5634229.7212,2946565.2293
2023/12/06 04:37:24.99,459764.2041,5634229.7194,2946565.2302
2023/12/06 04:37:25.99,459764.2018,5634229.7233,2946565.2319
2023/12/06 04:37:26.99,459764.2055,5634229.7243,2946565.233
2023/12/06 04:37:27.99,459764.2063,5634229.7276,2946565.2331
2023/12/06 04:37:28.99,459764.2076,5634229.7289,2946565.2334
2023/12/06 04:37:29.99,459764.2073,5634229.7291,2946565.2335
2023/12/06 04:37:30.99,459764.2053,5634229.7313,2946565.235
2023/12/06 04:37:31.99,459764.2056,5634229.7243,2946565.2334
2023/12/06 04:37:32.99,459764.2015,5634229.7169,2946565.231
2023/12/06 04:37:33.99,459764.2069,5634229.7322,2946565.2352
2023/12/06 04:37:34.99,459764.2039,5634229.7402,2946565.24
2023/12/06 04:37:35.99,459764.2076,5634229.7407,2946565.2392
2023/12/06 04:37:36.99,459763.9257,5634228.9502,2946565.7793
2023/12/06 04:37:37.99,459764.2083,5634229.7243,2946565.2361
2023/12/06 04:37:38.99,459764.1519,5634229.7367,2946565.2268
2023/12/06 04:37:39.99,459763.6358,5634229.8636,2946565.1165
2023/12/06 04:37:40.99,459761.8895,5634230.1564,2946564.7072
2023/12/06 04:37:41.99,459759.2515,5634230.1682,2946563.9992
2023/12/06 04:37:42.99,459757.551,5634234.2748,2946564.5424
2023/12/06 04:37:45.99,459742.8551,5634232.8307,2946561.5533
2023/12/06 04:37:46.99,459739.4276,5634229.6704,2946558.823
2023/12/06 04:37:47.99,459736.2887,5634225.8122,2946555.7073
2023/12/06 04:37:48.99,459732.358,5634226.6895,2946554.9559
2023/12/06 04:37:49.99,459729.5897,5634230.1613,2946555.3029
2023/12/06 04:37:50.99,459726.3848,5634228.3148,2946552.738
2023/12/06 04:37:51.99,459718.0735,5634228.7494,2946550.89
2023/12/06 04:37:52.99,459716.4209,5634231.1201,2946551.6824
2023/12/06 04:37:53.99,459712.1033,5634241.0704,2946552.5597
2023/12/06 04:37:54.99,459707.1818,5634232.9403,2946549.7032
2023/12/06 04:37:55.99,459702.6586,5634243.1402,2946551.6373
2023/12/06 04:37:56.99,459698.5303,5634243.8342,2946549.4956
2023/12/06 04:37:57.99,459693.8706,5634244.82,2946548.3568
2023/12/06 04:37:58.99,459688.9153,5634245.9184,2946547.0769
2023/12/06 04:37:59.99,459683.5669,5634247.0631,2946545.6936
2023/12/06 04:38:00.99,459678.1203,5634248.2118,2946544.3606
2023/12/06 04:38:01.99,459671.8373,5634251.7374,2946543.1883
2023/12/06 04:38:02.99,459664.0479,5634253.5091,2946542.7257
2023/12/06 04:38:03.99,459660.9339,5634251.6968,2946540.433
2023/12/06 04:38:04.99,459654.7779,5634252.9408,2946539.0506
2023/12/06 04:38:05.99,459648.4871,5634254.2403,2946537.6166
2023/12/06 04:38:06.99,459642.4591,5634255.4668,2946536.2029
2023/12/06 04:38:07.99,459636.1757,5634256.7105,2946534.7961
2023/12/06 04:38:08.99,459629.53,5634257.991,2946533.3607
2023/12/06 04:38:09.99,459622.5077,5634259.3171,2946531.8477
2023/12/06 04:38:10.99,459615.2892,5634260.7352,2946530.2995
2023/12/06 04:38:11.99,459608.3567,5634262.1077,2946528.7727
2023/12/06 04:38:12.99,459601.671,5634263.4542,2946527.2489
2023/12/06 04:38:13.99,459595.3771,5634264.6977,2946525.7909
2023/12/06 04:38:14.99,459589.5194,5634265.844,2946524.4433
2023/12/06 04:38:15.99,459584.1179,5634267.0039,2946523.2407
2023/12/06 04:38:16.99,459579.2745,5634267.9248,2946522.1037
2023/12/06 04:38:17.99,459574.9642,5634268.8008,2946521.1255
2023/12/06 04:38:18.99,459570.9924,5634269.5957,2946520.2232
2023/12/06 04:38:19.99,459567.2253,5634270.3298,2946519.4029
2023/12/06 04:38:20.99,459563.5307,5634271.0287,2946518.646
2023/12/06 04:38:21.99,459559.7989,5634271.7067,2946517.9374
2023/12/06 04:38:22.99,459556.0456,5634272.3527,2946517.3033
2023/12/06 04:38:23.99,459552.8778,5634272.7637,2946516.9427
2023/12/06 04:38:24.99,459550.2097,5634272.9708,2946516.9315
2023/12/06 04:38:25.99,459547.6859,5634273.0968,2946517.0427
2023/12/06 04:38:26.99,459545.3246,5634273.3074,2946517.0816
2023/12/06 04:38:27.99,459542.8978,5634273.4969,2946517.0899
2023/12/06 04:38:28.99,459540.2757,5634273.6644,2946517.1395
2023/12/06 04:38:29.99,459537.297,5634273.8289,2946517.2697
2023/12/06 04:38:30.99,459533.2477,5634274.2557,2946517.1533
2023/12/06 04:38:31.99,459528.738,5634275.0269,2946516.4622
2023/12/06 04:38:32.99,459523.1776,5634276.3185,2946516.2321
2023/12/06 04:38:33.99,459517.3226,5634277.5401,2946514.8329
2023/12/06 04:38:34.99,459511.178,5634278.6725,2946512.2292
2023/12/06 04:38:35.99,459503.8214,5634280.1703,2946510.5559
2023/12/06 04:38:36.99,459495.7634,5634281.7669,2946508.7348
2023/12/06 04:38:37.99,459487.6845,5634283.3687,2946506.8894
2023/12/06 04:38:38.99,459482.8154,5634284.1625,2946505.7095
2023/12/06 04:38:39.99,459472.6224,5634284.0737,2946502.2338
2023/12/06 04:38:40.99,459465.336,5634285.4597,2946500.6174
2023/12/06 04:38:41.99,459458.5644,5634286.8193,2946499.1164
2023/12/06 04:38:42.99,459452.8964,5634287.9307,2946497.8609
2023/12/06 04:38:43.99,459447.6768,5634291.2746,2946497.9799
2023/12/06 04:38:44.99,459443.6092,5634292.1224,2946497.0855
2023/12/06 04:38:45.99,459440.5505,5634292.7485,2946496.4128
2023/12/06 04:38:46.99,459438.9696,5634293.0458,2946496.0471
2023/12/06 04:38:47.99,459438.4037,5634293.1548,2946495.9239
2023/12/06 04:38:48.99,459437.2665,5634299.2569,2946499.8181
2023/12/06 04:38:49.99,459438.3628,5634293.1741,2946495.9183
2023/12/06 04:38:50.99,459437.2544,5634299.2677,2946499.8156
2023/12/06 04:38:51.99,459438.207,5634293.1847,2946495.8706
2023/12/06 04:38:52.99,459436.4756,5634299.4656,2946499.6156
2023/12/06 04:38:53.99,459436.5882,5634293.5157,2946495.4054
2023/12/06 04:38:54.99,459434.2564,5634299.9317,2946498.9689
2023/12/06 04:38:55.99,459432.6758,5634300.383,2946498.5291
2023/12/06 04:38:56.99,459432.3493,5634292.2145,2946494.1004
2023/12/06 04:38:57.99,459428.5794,5634293.3767,2946491.8069
2023/12/06 04:38:58.99,459424.0549,5634294.3932,2946491.4864
2023/12/06 04:38:59.99,459420.3663,5634294.3998,2946490.2175
2023/12/06 04:39:00.99,459416.0525,5634295.1764,2946489.4211
2023/12/06 04:39:01.99,459411.6049,5634296.0085,2946488.429
2023/12/06 04:39:02.99,459405.8595,5634299.5313,2946488.4775
2023/12/06 04:39:03.99,459400.0402,5634300.6498,2946487.2396
2023/12/06 04:39:04.99,459393.5955,5634301.8464,2946485.8243
2023/12/06 04:39:05.99,459386.6072,5634303.2827,2946484.1403
2023/12/06 04:39:06.99,459379.0408,5634304.7784,2946482.3174
2023/12/06 04:39:07.99,459371.5081,5634306.2694,2946480.5267
2023/12/06 04:39:08.99,459364.3071,5634307.6668,2946478.9377
2023/12/06 04:39:09.99,459357.8529,5634306.5135,2946476.1926
2023/12/06 04:39:10.99,459350.6221,5634310.2667,2946475.8986
2023/12/06 04:39:11.99,459343.8298,5634311.6838,2946475.5578
2023/12/06 04:39:12.99,459338.5448,5634312.5161,2946473.272
2023/12/06 04:39:13.99,459334.1035,5634313.3645,2946472.186
2023/12/06 04:39:14.99,459331.2318,5634314.0441,2946471.3458
2023/12/06 04:39:15.99,459329.447,5634314.6728,2946470.4871
2023/12/06 04:39:16.99,459328.6128,5634315.0653,2946469.7414
2023/12/06 04:39:17.99,459328.0856,5634315.4822,2946469.0357
2023/12/06 04:39:18.99,459327.8246,5634315.7962,2946468.4817
2023/12/06 04:39:19.99,459327.6624,5634316.0818,2946467.9187
2023/12/06 04:39:20.99,459327.6178,5634316.1588,2946467.7449
2023/12/06 04:39:21.99,459327.6074,5634316.2145,2946467.6507
2023/12/06 04:39:22.99,459327.5666,5634316.3773,2946467.3311
2023/12/06 04:39:23.99,459327.5695,5634316.76,2946466.5893
2023/12/06 04:39:24.99,459327.9996,5634317.4296,2946465.2605
2023/12/06 04:39:25.99,459328.8523,5634318.0369,2946464.0639
2023/12/06 04:39:26.99,459330.0031,5634318.4784,2946463.1062
2023/12/06 04:39:27.99,459331.573,5634318.8568,2946462.292
2023/12/06 04:39:28.99,459333.8291,5634319.0617,2946461.6174
2023/12/06 04:39:29.99,459336.7005,5634318.9327,2946461.4972
2023/12/06 04:39:30.99,459338.7949,5634324.5554,2946465.811
2023/12/06 04:39:31.99,459342.9871,5634317.9676,2946462.441
2023/12/06 04:39:32.99,459345.3859,5634317.6146,2946462.8374
2023/12/06 04:39:33.99,459346.8219,5634317.3659,2946463.0601
2023/12/06 04:39:34.99,459347.2377,5634317.3109,2946463.131
2023/12/06 04:39:35.99,459347.3852,5634317.2807,2946463.1515
2023/12/06 04:39:36.99,459347.473,5634317.2732,2946463.1661
2023/12/06 04:39:37.99,459348.1707,5634317.1648,2946463.2776
2023/12/06 04:39:38.99,459349.9944,5634316.8761,2946463.5637
2023/12/06 04:39:39.99,459352.9517,5634316.4159,2946464.0395
2023/12/06 04:39:40.99,459356.7654,5634315.7954,2946464.6376
2023/12/06 04:39:41.99,459360.9853,5634315.1406,2946465.3143
2023/12/06 04:39:42.99,459365.3055,5634314.4571,2946466.0037
2023/12/06 04:39:43.99,459370.2843,5634313.6762,2946466.8101
2023/12/06 04:39:44.99,459375.9533,5634312.7799,2946467.7065
2023/12/06 04:39:45.99,459382.2095,5634311.8489,2946468.6107
2023/12/06 04:39:46.99,459387.7226,5634316.8063,2946473.668
2023/12/06 04:39:47.99,459395.2636,5634309.5206,2946471.1129
2023/12/06 04:39:48.99,459401.5368,5634308.2266,2946472.533
2023/12/06 04:39:49.99,459407.6355,5634307.008,2946473.866
2023/12/06 04:39:50.99,459413.4063,5634305.9701,2946475.2755
2023/12/06 04:39:51.99,459419.3974,5634304.7778,2946476.6765
2023/12/06 04:39:52.99,459425.6614,5634303.4674,2946478.104
2023/12/06 04:39:53.99,459432.3935,5634299.8893,2946478.293
2023/12/06 04:39:54.99,459437.9282,5634301.2342,2946480.6767
2023/12/06 04:39:55.99,459444.2872,5634300.0805,2946481.7779
2023/12/06 04:39:56.99,459450.679,5634299.0,2946482.8697
2023/12/06 04:39:57.99,459457.2941,5634297.8708,2946483.978
2023/12/06 04:39:58.99,459464.1162,5634296.7006,2946485.166
2023/12/06 04:39:59.99,459471.0649,5634295.4499,2946486.446
2023/12/06 04:40:00.99,459478.4888,5634294.0403,2946487.9996
2023/12/06 04:40:01.99,459486.2734,5634292.4294,2946489.7779
2023/12/06 04:40:02.99,459494.321,5634290.7421,2946491.8024
2023/12/06 04:40:03.99,459502.4173,5634289.069,2946493.841
2023/12/06 04:40:04.99,459510.1442,5634287.4676,2946495.7314
2023/12/06 04:40:05.99,459517.6142,5634285.9251,2946497.381
2023/12/06 04:40:06.99,459524.931,5634284.545,2946498.9225
2023/12/06 04:40:07.99,459532.0556,5634283.202,2946500.3901
2023/12/06 04:40:08.99,459539.4038,5634280.0373,2946500.7104
2023/12/06 04:40:09.99,459545.2292,5634280.6263,2946503.2196
2023/12/06 04:40:10.99,459550.9396,5634277.1263,2946503.4582
2023/12/06 04:40:11.99,459555.4722,5634278.4766,2946505.7326
2023/12/06 04:40:12.99,459560.9009,5634277.4808,2946506.7883
2023/12/06 04:40:13.99,459566.884,5634275.139,2946507.3631
2023/12/06 04:40:14.99,459573.0514,5634279.1355,2946510.9199
2023/12/06 04:40:15.99,459577.4096,5634274.126,2946510.5387
2023/12/06 04:40:16.99,459582.4379,5634273.0863,2946511.7902
2023/12/06 04:40:17.99,459587.2681,5634272.1473,2946512.8597
2023/12/06 04:40:18.99,459591.595,5634271.3713,2946513.688
2023/12/06 04:40:19.99,459595.2111,5634270.6922,2946514.3982
2023/12/06 04:40:20.99,459598.0441,5634270.1724,2946514.9908
2023/12/06 04:40:21.99,459600.0292,5634269.7889,2946515.3925
2023/12/06 04:40:22.99,459601.0247,5634269.5998,2946515.5961
2023/12/06 04:40:23.99,459601.109,5634269.5973,2946515.6206
2023/12/06 04:40:24.99,459601.1068,5634269.5927,2946515.6208
2023/12/06 04:40:25.99,459601.1106,5634269.5961,2946515.6186
2023/12/06 04:40:26.99,459601.0988,5634269.5741,2946515.5957
2023/12/06 04:40:27.99,459601.7056,5634267.1166,2946514.4202
2023/12/06 04:40:28.99,459601.1021,5634269.5545,2946515.5876
2023/12/06 04:40:29.99,459601.7054,5634267.1282,2946514.4286
2023/12/06 04:40:30.99,459601.2786,5634268.9645,2946515.5572
2023/12/06 04:40:31.99,459601.2814,5634268.9638,2946515.5569
2023/12/06 04:40:32.99,459598.7208,5634277.7027,2946517.2261
2023/12/06 04:40:33.99,459601.708,5634267.149,2946514.4386
2023/12/06 04:40:34.99,459601.1028,5634269.5553,2946515.5923
2023/12/06 04:40:35.99,459601.2785,5634268.9665,2946515.5618
2023/12/06 04:40:36.99,459601.2765,5634268.9668,2946515.5612
2023/12/06 04:40:37.99,459601.1004,5634269.5506,2946515.5887
2023/12/06 04:40:38.99,459601.2762,5634268.9746,2946515.5622
2023/12/06 04:40:39.99,459601.1044,5634269.5494,2946515.587
2023/12/06 04:40:40.99,459598.7174,5634277.6893,2946517.2198
2023/12/06 04:40:41.99,459601.3104,5634269.5438,2946515.6494
2023/12/06 04:40:42.99,459602.0813,5634269.4125,2946515.8223
2023/12/06 04:40:43.99,459603.7042,5634269.1171,2946516.1629
2023/12/06 04:40:44.99,459606.4478,5634266.2459,2946515.4109
2023/12/06 04:40:45.99,459607.9291,5634268.3947,2946517.0301
2023/12/06 04:40:46.99,459609.9797,5634267.9539,2946517.4069
2023/12/06 04:40:47.99,459612.0504,5634267.5342,2946517.8177
2023/12/06 04:40:48.99,459614.0685,5634267.1587,2946518.2178
2023/12/06 04:40:49.99,459616.1386,5634266.7819,2946518.6343
2023/12/06 04:40:50.99,459618.1067,5634266.4461,2946519.0379
2023/12/06 04:40:51.99,459620.1506,5634266.0336,2946519.4585
2023/12/06 04:40:52.99,459622.2013,5634265.6438,2946519.9129
2023/12/06 04:40:53.99,459622.9557,5634261.841,2946520.1257
2023/12/06 04:40:54.99,459626.3191,5634264.7637,2946520.8174
2023/12/06 04:40:55.99,459628.3353,5634264.4015,2946521.2849
2023/12/06 04:40:56.99,459630.6812,5634263.8886,2946521.7779
2023/12/06 04:40:57.99,459633.135,5634263.4059,2946522.3612
2023/12/06 04:40:58.99,459635.5107,5634262.9032,2946522.9486
2023/12/06 04:40:59.99,459638.4851,5634262.2715,2946523.703
2023/12/06 04:41:00.99,459642.6368,5634258.915,2946524.1018
2023/12/06 04:41:01.99,459644.6312,5634261.0515,2946525.0778
2023/12/06 04:41:02.99,459648.0025,5634260.4056,2946525.7718
2023/12/06 04:41:03.99,459652.5897,5634259.5031,2946526.7438
2023/12/06 04:41:04.99,459658.4022,5634258.2727,2946528.1223
2023/12/06 04:41:05.99,459665.1216,5634255.9816,2946530.2694
2023/12/06 04:41:06.99,459670.6672,5634255.8068,2946530.9473
2023/12/06 04:41:07.99,459676.6562,5634254.6264,2946532.2455
2023/12/06 04:41:08.99,459682.2271,5634253.5202,2946533.5297
2023/12/06 04:41:09.99,459687.777,5634252.4169,2946534.8219
2023/12/06 04:41:10.99,459693.3218,5634251.2954,2946536.1992
2023/12/06 04:41:11.99,459698.5715,5634250.0652,2946537.4982
2023/12/06 04:41:12.99,459703.685,5634248.9326,2946538.9416
2023/12/06 04:41:13.99,459709.1142,5634247.6918,2946540.4817
2023/12/06 04:41:14.99,459714.7642,5634246.42,2946541.9068
2023/12/06 04:41:15.99,459717.22,5634249.858,2946546.1692
2023/12/06 04:41:16.99,459723.6794,5634252.6355,2946548.6663
2023/12/06 04:41:17.99,459732.9175,5634240.7976,2946544.971
2023/12/06 04:41:18.99,459737.9203,5634241.5046,2946546.6101
2023/12/06 04:41:19.99,459746.3149,5634237.3738,2946548.1708
2023/12/06 04:41:20.99,459752.7742,5634237.0948,2946550.4464
2023/12/06 04:41:22.99,459764.2561,5634235.0534,2946553.9339
2023/12/06 04:41:23.99,459770.6239,5634232.7406,2946556.0853
2023/12/06 04:41:24.99,459777.4189,5634229.3367,2946556.4563
2023/12/06 04:41:25.99,459785.026,5634231.3141,2946559.8058
2023/12/06 04:41:26.99,459792.1654,5634227.186,2946559.5429
2023/12/06 04:41:27.99,459795.1813,5634232.9511,2946566.8458
2023/12/06 04:41:28.99,459805.5721,5634225.1943,2946564.2799
2023/12/06 04:41:29.99,459812.184,5634223.4263,2946564.5442
2023/12/06 04:41:30.99,459818.2967,5634223.8081,2946567.0891
2023/12/06 04:41:31.99,459825.297,5634220.0103,2946567.2967
2023/12/06 04:41:32.99,459832.3458,5634217.6042,2946568.8608
2023/12/06 04:41:33.99,459837.5346,5634219.6795,2946571.3383
2023/12/06 04:41:34.99,459844.2546,5634215.8523,2946571.6041
2023/12/06 04:41:35.99,459849.898,5634216.8906,2946574.3025
2023/12/06 04:41:38.99,459871.1731,5634210.704,2946577.3028
2023/12/06 04:41:39.99,459878.1885,5634211.014,2946579.6669
2023/12/06 04:41:40.99,459886.3959,5634207.0873,2946579.9207
2023/12/06 04:41:41.99,459893.4503,5634207.785,2946582.8161
2023/12/06 04:41:42.99,459901.233,5634205.9298,2946584.8009
2023/12/06 04:41:43.99,459909.7099,5634202.2259,2946585.7029
2023/12/06 04:41:44.99,459917.55,5634202.0678,2946588.8432
2023/12/06 04:41:45.99,459926.0518,5634200.1009,2946590.8304
2023/12/06 04:41:46.99,459934.7574,5634198.1327,2946592.7944
2023/12/06 04:41:47.99,459943.6585,5634196.0845,2946594.695
2023/12/06 04:41:48.99,459952.7346,5634194.0758,2946596.639
2023/12/06 04:41:49.99,459961.9423,5634191.9933,2946598.6049
2023/12/06 04:41:50.99,459971.2553,5634189.9304,2946600.4947
2023/12/06 04:41:51.99,459980.73,5634186.5424,2946601.4689
2023/12/06 04:41:52.99,459989.7217,5634184.234,2946602.7232
2023/12/06 04:41:53.99,459998.6194,5634181.6534,2946604.3756
2023/12/06 04:41:54.99,460007.2218,5634179.6913,2946606.2532
2023/12/06 04:41:55.99,460015.5883,5634178.2936,2946608.2239
2023/12/06 04:41:56.99,460024.0539,5634176.3174,2946610.0951
2023/12/06 04:41:57.99,460032.0079,5634176.2011,2946613.019
2023/12/06 04:41:58.99,460041.0535,5634171.9319,2946613.5322
2023/12/06 04:41:59.99,460048.9532,5634172.4587,2946616.4063
2023/12/06 04:42:00.99,460057.9443,5634168.0889,2946617.0484
2023/12/06 04:42:01.99,460065.5876,5634168.5861,2946619.9306
2023/12/06 04:42:02.99,460073.9907,5634166.5909,2946621.5832
2023/12/06 04:42:03.99,460082.742,5634164.5496,2946623.3802
2023/12/06 04:42:04.99,460091.6557,5634162.4321,2946625.3193
2023/12/06 04:42:05.99,460100.8006,5634158.6731,2946626.177
2023/12/06 04:42:06.99,460108.9206,5634158.4715,2946629.2254
2023/12/06 04:42:07.99,460118.0614,5634154.0478,2946630.1379
2023/12/06 04:42:08.99,460126.0534,5634154.4322,2946633.4205
2023/12/06 04:42:09.99,460134.6846,5634152.3114,2946635.5849
2023/12/06 04:42:10.99,460143.3704,5634150.1671,2946637.7807
2023/12/06 04:42:11.99,460152.0919,5634148.0419,2946640.0442
2023/12/06 04:42:12.99,460160.809,5634145.9825,2946642.3555
2023/12/06 04:42:13.99,460169.2313,5634143.8742,2946644.6227
2023/12/06 04:42:14.99,460177.4182,5634141.7328,2946647.0179
2023/12/06 04:42:15.99,460185.4068,5634139.5619,2946649.4593
2023/12/06 04:42:16.99,460193.1418,5634137.3547,2946651.8205
2023/12/06 04:42:17.99,460200.7517,5634135.2066,2946654.202
2023/12/06 04:42:18.99,460208.7089,5634131.2801,2946655.4969
2023/12/06 04:42:19.99,460215.6614,5634130.936,2946659.0618
2023/12/06 04:42:20.99,460222.9861,5634128.7699,2946661.6199
2023/12/06 04:42:21.99,460231.0025,5634124.6179,2946663.1819
2023/12/06 04:42:22.99,460238.9651,5634123.8075,2946667.3127
2023/12/06 04:42:23.99,460247.9662,5634120.8525,2946670.8021
2023/12/06 04:42:24.99,460257.4138,5634115.429,2946673.3345
2023/12/06 04:42:25.99,460265.521,5634114.945,2946678.1584
2023/12/06 04:42:26.99,460273.9082,5634112.1849,2946681.7325
2023/12/06 04:42:27.99,460282.4414,5634107.6683,2946684.0061
2023/12/06 04:42:28.99,460290.0192,5634105.5579,2946687.8998
2023/12/06 04:42:29.99,460297.6268,5634101.8708,2946690.7586
2023/12/06 04:42:30.99,460304.6996,5634099.4074,2946694.1022
2023/12/06 04:42:31.99,460310.9917,5634097.7762,2946697.2072
2023/12/06 04:42:32.99,460316.5748,5634095.9711,2946699.831
2023/12/06 04:42:33.99,460321.1586,5634096.041,2946703.3039
2023/12/06 04:42:34.99,460325.0439,5634094.7106,2946705.1161
2023/12/06 04:42:35.99,460328.2749,5634093.6373,2946706.6352
2023/12/06 04:42:36.99,460331.9261,5634090.734,2946706.9799
2023/12/06 04:42:37.99,460335.5278,5634089.57,2946708.5838
2023/12/06 04:42:38.99,460339.4106,5634090.1115,2946711.315
2023/12/06 04:42:39.99,460344.3734,5634088.9223,2946712.8737
2023/12/06 04:42:40.99,460349.0297,5634087.8831,2946714.0577
2023/12/06 04:42:41.99,460353.2709,5634086.9999,2946715.1148
2023/12/06 04:42:42.99,460357.6021,5634084.3445,2946714.9752
2023/12/06 04:42:43.99,460361.1736,5634082.9113,2946715.7856
2023/12/06 04:42:44.99,460362.6163,5634084.943,2946717.5188
2023/12/06 04:42:45.99,460364.2438,5634084.593,2946717.9684
2023/12/06 04:42:46.99,460366.28,5634084.1761,2946718.4484
2023/12/06 04:42:47.99,460369.7638,5634081.1491,2946717.9774
2023/12/06 04:42:48.99,460373.4634,5634080.8728,2946719.2445
2023/12/06 04:42:49.99,460377.3541,5634079.7738,2946720.8135
2023/12/06 04:42:50.99,460380.9157,5634078.614,2946722.4051
2023/12/06 04:42:51.99,460385.155,5634076.6519,2946724.283
2023/12/06 04:42:52.99,460388.0931,5634074.4496,2946726.3818
2023/12/06 04:42:53.99,460393.4257,5634069.9653,2946728.0819
2023/12/06 04:42:59.99,460417.3656,5634069.5071,2946744.1567
2023/12/06 04:43:00.99,460419.5977,5634067.2918,2946743.4306
2023/12/06 04:43:01.99,460420.3225,5634063.2812,2946743.2374
2023/12/06 04:43:02.99,460424.0338,5634065.6584,2946744.9243
2023/12/06 04:43:03.99,460427.3551,5634062.7376,2946745.3721
2023/12/06 04:43:04.99,460429.6882,5634063.366,2946748.2629
2023/12/06 04:43:05.99,460432.6229,5634062.0071,2946750.3826
2023/12/06 04:43:06.99,460435.8575,5634060.5663,2946752.5776
2023/12/06 04:43:07.99,460438.7346,5634059.4562,2946754.2505
2023/12/06 04:43:08.99,460440.8907,5634058.6842,2946755.3194
2023/12/06 04:43:09.99,460443.2556,5634056.2453,2946754.9645
2023/12/06 04:43:10.99,460443.963,5634057.7622,2946756.4989
2023/12/06 04:43:11.99,460444.7297,5634057.5378,2946756.7699
2023/12/06 04:43:12.99,460445.4799,5634057.351,2946757.0444
2023/12/06 04:43:13.99,460446.951,5634056.8906,2946757.5362
2023/12/06 04:43:14.99,460449.5691,5634056.0785,2946758.6408
2023/12/06 04:43:15.99,460453.7395,5634057.7843,2946760.203
2023/12/06 04:43:16.99,460456.4881,5634052.0644,2946760.7626
2023/12/06 04:43:17.99,460459.2336,5634052.7386,2946763.4962
2023/12/06 04:43:18.99,460461.828,5634051.895,2946764.7661
2023/12/06 04:43:19.99,460464.4126,5634049.3745,2946764.681
2023/12/06 04:43:20.99,460466.3399,5634050.388,2946766.8911
2023/12/06 04:43:21.99,460469.5236,5634049.3734,2946768.3428
2023/12/06 04:43:22.99,460469.3917,5634052.0168,2946771.9973
2023/12/06 04:43:23.99,460477.1326,5634046.9749,2946771.8593
2023/12/06 04:43:24.99,460477.5136,5634049.3794,2946775.8036
2023/12/06 04:43:25.99,460482.5066,5634047.711,2946778.1948
2023/12/06 04:43:26.99,460491.9581,5634041.9738,2946778.948
2023/12/06 04:43:27.99,460497.911,5634039.9497,2946781.8632
2023/12/06 04:43:28.99,460504.3395,5634037.7578,2946785.0234
2023/12/06 04:43:29.99,460510.7609,5634035.3646,2946789.2443
2023/12/06 04:43:30.99,460517.8993,5634031.8626,2946790.9295
2023/12/06 04:43:31.99,460524.5419,5634029.6193,2946794.1736
2023/12/06 04:43:32.99,460531.3103,5634028.4554,2946798.1867
2023/12/06 04:43:33.99,460539.2657,5634024.1517,2946800.701
2023/12/06 04:43:34.99,460547.1109,5634021.5488,2946804.4258
2023/12/06 04:43:35.99,460555.1617,5634018.7766,2946808.2871
2023/12/06 04:43:36.99,460563.5705,5634015.3115,2946812.2699
2023/12/06 04:43:37.99,460572.0128,5634012.4612,2946816.3322
2023/12/06 04:43:38.99,460579.9888,5634012.0561,2946821.4767
2023/12/06 04:43:39.99,460588.6758,5634007.5937,2946824.1525
2023/12/06 04:43:40.99,460596.0167,5634006.8492,2946828.7907
2023/12/06 04:43:41.99,460603.7698,5634002.6733,2946831.0664
2023/12/06 04:43:42.99,460610.1811,5634002.2357,2946835.3686
2023/12/06 04:43:43.99,460616.5879,5634000.1353,2946838.3745
2023/12/06 04:43:44.99,460622.9825,5633996.3525,2946840.077
2023/12/06 04:43:45.99,460628.0931,5633996.3114,2946843.8237
2023/12/06 04:43:46.99,460633.2075,5633994.5381,2946846.3337
2023/12/06 04:43:47.99,460638.0659,5633992.8005,2946848.8006
2023/12/06 04:43:48.99,460642.566,5633991.2081,2946851.1655
2023/12/06 04:43:49.99,460646.1888,5633989.8671,2946853.007
2023/12/06 04:43:50.99,460649.0695,5633988.8628,2946854.4471
2023/12/06 04:43:51.99,460651.9021,5633986.2256,2946854.5399
2023/12/06 04:43:52.99,460653.9202,5633985.5567,2946855.5537
2023/12/06 04:43:53.99,460655.0617,5633985.151,2946856.1311
2023/12/06 04:43:54.99,460655.0384,5633986.8139,2946857.4528
2023/12/06 04:43:55.99,460655.3447,5633986.6944,2946857.6005
2023/12/06 04:43:56.99,460655.6286,5633986.6116,2946857.7376
2023/12/06 04:43:57.99,460655.8925,5633986.5079,2946857.8697
2023/12/06 04:43:58.99,460656.2032,5633986.382,2946858.0186
2023/12/06 04:43:59.99,460656.4865,5633986.3153,2946858.1733
2023/12/06 04:44:00.99,460656.7251,5633986.2135,2946858.2854
2023/12/06 04:44:01.99,460656.8581,5633986.1811,2946858.3564
2023/12/06 04:44:02.99,460656.879,5633986.1695,2946858.3687
2023/12/06 04:44:03.99,460656.8773,5633986.1799,2946858.3751
2023/12/06 04:44:04.99,460657.3165,5633984.3728,2946857.2627
2023/12/06 04:44:05.99,460657.3164,5633984.3801,2946857.2662
2023/12/06 04:44:06.99,460657.3152,5633984.3841,2946857.2673
2023/12/06 04:44:07.99,460657.3154,5633984.3714,2946857.2625
2023/12/06 04:44:08.99,460657.3194,5633984.3697,2946857.2629
2023/12/06 04:44:09.99,460656.8768,5633986.1737,2946858.3712
2023/12/06 04:44:10.99,460656.8785,5633986.1797,2946858.3729
2023/12/06 04:44:11.99,460657.317,5633984.3749,2946857.264
2023/12/06 04:44:12.99,460657.3175,5633984.3773,2946857.2647
2023/12/06 04:44:13.99,460656.8767,5633986.174,2946858.3719
2023/12/06 04:44:14.99,460657.3186,5633984.3777,2946857.2656
2023/12/06 04:44:15.99,460657.3195,5633984.3794,2946857.2641
2023/12/06 04:44:16.99,460656.8771,5633986.1773,2946858.3714
2023/12/06 04:44:17.99,460657.3204,5633984.3721,2946857.2628
2023/12/06 04:44:18.99,460656.8769,5633986.172,2946858.3695
2023/12/06 04:44:19.99,460657.5202,5633993.5054,2946860.6934
2023/12/06 04:44:20.99,460657.3228,5633984.3713,2946857.2629
2023/12/06 04:44:21.99,460656.8812,5633986.1746,2946858.37
2023/12/06 04:44:22.99,460657.4346,5633984.3338,2946857.3208
2023/12/06 04:44:23.99,460657.6975,5633985.8658,2946858.812
2023/12/06 04:44:24.99,460659.4266,5633985.2111,2946859.7759
2023/12/06 04:44:25.99,460662.1642,5633982.4683,2946860.0553
2023/12/06 04:44:26.99,460664.5462,5633983.1659,2946862.7014
2023/12/06 04:44:27.99,460667.6712,5633982.0833,2946864.2724
2023/12/06 04:44:28.99,460671.495,5633980.8232,2946866.0921
2023/12/06 04:44:29.99,460675.468,5633979.4964,2946867.9293
2023/12/06 04:44:30.99,460679.9016,5633976.4022,2946868.6741
2023/12/06 04:44:31.99,460684.027,5633976.6633,2946871.9486
2023/12/06 04:44:32.99,460688.743,5633975.0638,2946874.1685
2023/12/06 04:44:33.99,460693.7551,5633973.3812,2946876.5936
2023/12/06 04:44:34.99,460699.4696,5633969.8065,2946878.0573
2023/12/06 04:44:35.99,460704.83,5633967.9467,2946880.7068
2023/12/06 04:44:36.99,460710.1039,5633967.7377,2946884.6578
2023/12/06 04:44:37.99,460716.6603,5633963.856,2946886.5971
2023/12/06 04:44:38.99,460723.1681,5633961.6525,2946889.7894
2023/12/06 04:44:39.99,460730.1107,5633959.4074,2946893.0113
2023/12/06 04:44:40.99,460736.8851,5633958.8688,2946897.5057
2023/12/06 04:44:41.99,460744.3909,5633954.7318,2946899.7393
2023/12/06 04:44:42.99,460751.5786,5633952.3144,2946903.1447
2023/12/06 04:44:43.99,460758.5695,5633951.659,2946907.7831
2023/12/06 04:44:44.99,460766.8919,5633952.0224,2946911.3522
2023/12/06 04:44:45.99,460772.8568,5633946.9087,2946914.7096
2023/12/06 04:44:46.99,460779.7466,5633944.5932,2946918.0924
2023/12/06 04:44:47.99,460786.3038,5633942.3804,2946921.3382
2023/12/06 04:44:48.99,460792.9592,5633938.5141,2946923.2704
2023/12/06 04:44:49.99,460798.4852,5633938.3415,2946927.1823
2023/12/06 04:44:50.99,460804.0586,5633936.5303,2946929.7942
2023/12/06 04:44:51.99,460809.2167,5633933.2294,2946930.9009
2023/12/06 04:44:52.99,460812.7212,5633933.7442,2946933.9038
2023/12/06 04:44:53.99,460816.5633,5633930.879,2946934.4436
2023/12/06 04:44:54.99,460819.2679,5633931.5944,2946937.0358
2023/12/06 04:44:55.99,460822.347,5633930.5766,2946938.503
2023/12/06 04:44:56.99,460824.8637,5633929.7538,2946939.7395
2023/12/06 04:44:57.99,460826.6994,5633929.0502,2946940.7652
2023/12/06 04:44:58.99,460828.0745,5633928.2962,2946942.0262
2023/12/06 04:44:59.99,460828.6547,5633927.5805,2946943.2349
2023/12/06 04:45:00.99,460828.7728,5633927.0443,2946944.3272
2023/12/06 04:45:01.99,460828.6467,5633926.6067,2946945.1745
2023/12/06 04:45:02.99,460828.42,5633926.2827,2946945.909
2023/12/06 04:45:03.99,460827.6633,5633925.9122,2946947.5381
2023/12/06 04:45:04.99,460827.7754,5633925.717,2946947.0299
2023/12/06 04:45:05.99,460827.6646,5633925.6644,2946947.1886
2023/12/06 04:45:06.99,460827.6128,5633925.6454,2946947.243
2023/12/06 04:45:07.99,460827.1122,5633924.908,2946948.4225
2023/12/06 04:45:08.99,460827.295,5633923.5351,2946946.9504
2023/12/06 04:45:09.99,460826.9294,5633922.5529,2946947.3447
2023/12/06 04:45:10.99,460825.6899,5633924.8741,2946949.1364
2023/12/06 04:45:11.99,460825.2722,5633924.7596,2946949.4211
2023/12/06 04:45:12.99,460825.1196,5633924.734,2946949.5173
2023/12/06 04:45:13.99,460824.8915,5633924.6827,2946949.6588
2023/12/06 04:45:14.99,460824.4751,5633924.5908,2946949.8813
2023/12/06 04:45:15.99,460823.8713,5633924.5486,2946950.8847
2023/12/06 04:45:16.99,460824.2905,5633924.5676,2946949.9618
2023/12/06 04:45:17.99,460824.0439,5633924.5511,2946950.0761
2023/12/06 04:45:18.99,460823.5352,5633924.5061,2946950.2548
2023/12/06 04:45:19.99,460822.1873,5633924.4507,2946951.4407
2023/12/06 04:45:20.99,460820.6641,5633924.4454,2946951.6296
2023/12/06 04:45:21.99,460819.1024,5633922.9416,2946949.5244
2023/12/06 04:45:22.99,460815.0452,5633925.3834,2946949.8674
2023/12/06 04:45:23.99,460810.4257,5633926.3645,2946948.6133
2023/12/06 04:45:24.99,460804.9674,5633927.5789,2946947.0065
2023/12/06 04:45:25.99,460799.0819,5633929.3461,2946944.4802
2023/12/06 04:45:26.99,460793.0749,5633931.5389,2946941.2014
2023/12/06 04:45:27.99,460786.7014,5633933.6855,2946938.8903
2023/12/06 04:45:28.99,460780.7688,5633935.883,2946934.7096
2023/12/06 04:45:29.99,460773.3655,5633938.3177,2946931.1369
2023/12/06 04:45:30.99,460764.4977,5633940.9633,2946928.1833
2023/12/06 04:45:31.99,460755.4502,5633943.7994,2946924.1234
2023/12/06 04:45:32.99,460746.5505,5633946.6487,2946919.9884
2023/12/06 04:45:33.99,460737.7752,5633949.6179,2946915.6577
2023/12/06 04:45:34.99,460728.8457,5633952.8531,2946910.0736
2023/12/06 04:45:35.99,460718.8168,5633956.3339,2946905.0551
2023/12/06 04:45:36.99,460708.2262,5633960.05,2946899.7315
2023/12/06 04:45:37.99,460696.8019,5633963.8399,2946895.1541
2023/12/06 04:45:38.99,460685.4065,5633967.7914,2946889.5573
2023/12/06 04:45:39.99,460674.0419,5633971.5761,2946884.1943
2023/12/06 04:45:40.99,460663.3384,5633975.2219,2946878.1889
2023/12/06 04:45:41.99,460651.8773,5633978.7967,2946874.0321
2023/12/06 04:45:42.99,460640.9034,5633982.435,2946868.8571
2023/12/06 04:45:43.99,460630.4308,5633986.202,2946862.6733
2023/12/06 04:45:44.99,460619.6537,5633989.9465,2946857.2658
2023/12/06 04:45:45.99,460608.9154,5633993.7409,2946851.8022
2023/12/06 04:45:46.99,460597.7494,5633997.4634,2946847.3462
2023/12/06 04:45:47.99,460586.859,5634001.0706,2946842.2488
2023/12/06 04:45:48.99,460576.4345,5634004.7171,2946836.1931
2023/12/06 04:45:49.99,460565.221,5634008.3093,2946831.9732
2023/12/06 04:45:50.99,460554.7218,5634012.016,2946825.8429
2023/12/06 04:45:51.99,460543.0017,5634015.7399,2946821.4427
2023/12/06 04:45:52.99,460531.9244,5634019.459,2946816.1547
2023/12/06 04:45:53.99,460521.5919,5634023.1267,2946810.0979
2023/12/06 04:45:54.99,460510.5924,5634026.6908,2946805.9437
2023/12/06 04:45:55.99,460500.4328,5634030.1085,2946801.0324
2023/12/06 04:45:56.99,460490.8692,5634035.5247,2946795.5325
2023/12/06 04:45:57.99,460482.9178,5634036.3133,2946791.3504
2023/12/06 04:45:58.99,460474.2766,5634039.2091,2946787.1953
2023/12/06 04:45:59.99,460465.8329,5634042.0655,2946783.0781
2023/12/06 04:46:00.99,460457.245,5634044.8088,2946780.0271
2023/12/06 04:46:01.99,460449.9191,5634047.4257,2946775.4055
2023/12/06 04:46:02.99,460439.8705,5634043.2883,2946770.1009
2023/12/06 04:46:03.99,460435.1462,5634052.3672,2946768.2564
2023/12/06 04:46:04.99,460428.9443,5634054.4958,2946765.2361
2023/12/06 04:46:05.99,460423.3797,5634056.2992,2946762.6066
2023/12/06 04:46:06.99,460418.2445,5634057.9009,2946760.4091
2023/12/06 04:46:07.99,460413.2207,5634059.5545,2946758.1255
2023/12/06 04:46:08.99,460407.2767,5634061.3647,2946756.3515
2023/12/06 04:46:09.99,460401.7761,5634063.5755,2946752.4597
2023/12/06 04:46:10.99,460393.8521,5634058.7317,2946747.9673
2023/12/06 04:46:11.99,460391.7878,5634066.9802,2946747.4489
2023/12/06 04:46:12.99,460387.385,5634068.4702,2946745.3467
2023/12/06 04:46:13.99,460383.0244,5634069.9049,2946743.2932
2023/12/06 04:46:14.99,460379.0668,5634071.2005,2946741.4123
2023/12/06 04:46:15.99,460374.7159,5634072.4151,2946740.4908
2023/12/06 04:46:16.99,460370.6941,5634073.9256,2946737.4782
2023/12/06 04:46:17.99,460366.178,5634075.4503,2946735.2273
2023/12/06 04:46:18.99,460361.8164,5634077.0242,2946732.9616
2023/12/06 04:46:19.99,460357.9195,5634078.4598,2946730.851
2023/12/06 04:46:20.99,460354.3939,5634079.5461,2946730.0063
2023/12/06 04:46:21.99,460351.5752,5634080.6571,2946728.3527
2023/12/06 04:46:22.99,460349.3169,5634081.7009,2946725.9305
2023/12/06 04:46:23.99,460347.0937,5634080.8277,2946725.5755
2023/12/06 04:46:24.99,460343.5702,5634083.571,2946724.1256
2023/12/06 04:46:25.99,460340.1928,5634084.6687,2946722.5667
2023/12/06 04:46:26.99,460336.8784,5634085.928,2946719.9275
2023/12/06 04:46:27.99,460332.232,5634087.1983,2946718.9285
2023/12/06 04:46:28.99,460328.2435,5634086.9612,2946716.9067
2023/12/06 04:46:29.99,460322.495,5634090.496,2946713.5112
2023/12/06 04:46:30.99,460316.4079,5634092.3591,2946711.8184
2023/12/06 04:46:31.99,460310.8698,5634094.3288,2946709.0824
2023/12/06 04:46:32.99,460305.4966,5634096.3977,2946705.2972
2023/12/06 04:46:33.99,460299.4187,5634098.5829,2946702.3305
2023/12/06 04:46:34.99,460293.22,5634100.7015,2946699.345
2023/12/06 04:46:35.99,460286.8604,5634102.927,2946696.3258
2023/12/06 04:46:36.99,460280.0048,5634105.4519,2946692.8868
2023/12/06 04:46:37.99,460272.5745,5634108.2275,2946689.2092
2023/12/06 04:46:38.99,460264.4966,5634110.935,2946685.6615
2023/12/06 04:46:39.99,460256.3612,5634113.5008,2946682.341
2023/12/06 04:46:40.99,460248.1444,5634116.16,2946679.0794
2023/12/06 04:46:41.99,460240.3204,5634118.803,2946675.9331
2023/12/06 04:46:42.99,460232.6816,5634121.5522,2946672.5917
2023/12/06 04:46:43.99,460224.5266,5634124.2109,2946670.2078
2023/12/06 04:46:44.99,460216.4353,5634126.6646,2946667.3841
2023/12/06 04:46:45.99,460208.4849,5634128.9579,2946663.9696
2023/12/06 04:46:46.99,460199.6591,5634131.3042,2946662.2249
2023/12/06 04:46:47.99,460191.628,5634133.8077,2946658.6115
2023/12/06 04:46:48.99,460182.6817,5634136.1791,2946656.873
2023/12/06 04:46:49.99,460174.3349,5634138.4612,2946653.5648
2023/12/06 04:46:50.99,460165.001,5634140.6212,2946652.1194
2023/12/06 04:46:51.99,460156.3139,5634142.8222,2946648.8876
2023/12/06 04:46:52.99,460147.0419,5634145.012,2946646.4481
2023/12/06 04:46:53.99,460137.2589,5634147.3624,2946644.8537
2023/12/06 04:46:54.99,460127.8744,5634149.8575,2946642.2059
2023/12/06 04:46:55.99,460118.8604,5634152.4357,2946638.5828
2023/12/06 04:46:56.99,460109.4111,5634154.9166,2946635.9101
2023/12/06 04:46:57.99,460099.5263,5634157.5793,2946633.0868
2023/12/06 04:46:58.99,460088.2988,5634160.321,2946631.1103
2023/12/06 04:46:59.99,460076.3912,5634163.1462,2946628.4667
2023/12/06 04:47:00.99,460064.3187,5634166.0176,2946625.2733
2023/12/06 04:47:01.99,460051.3178,5634168.8066,2946623.768
2023/12/06 04:47:02.99,460038.5541,5634171.6381,2946621.2582
2023/12/06 04:47:03.99,460026.1171,5634174.3026,2946617.9029
2023/12/06 04:47:04.99,460013.0853,5634177.0114,2946615.5527
2023/12/06 04:47:05.99,460000.5433,5634179.7375,2946613.2016
2023/12/06 04:47:06.99,459988.0147,5634182.4191,2946611.7947
2023/12/06 04:47:07.99,459976.6742,5634184.9169,2946608.5041
2023/12/06 04:47:08.99,459965.466,5634187.478,2946606.3047
2023/12/06 04:47:09.99,459954.8347,5634189.7648,2946604.2092
2023/12/06 04:47:10.99,459944.6515,5634191.9456,2946602.2913
2023/12/06 04:47:11.99,459934.5788,5634194.0211,2946600.5252
2023/12/06 04:47:12.99,459924.0636,5634195.6923,2946600.1846
2023/12/06 04:47:13.99,459913.9581,5634197.3351,2946599.0568
2023/12/06 04:47:14.99,459904.0601,5634199.3122,2946597.3639
2023/12/06 04:47:15.99,459894.793,5634201.5674,2946594.2597
2023/12/06 04:47:16.99,459885.1938,5634203.82,2946591.9595
2023/12/06 04:47:17.99,459875.2092,5634205.9757,2946590.5075
2023/12/06 04:47:18.99,459865.6564,5634208.1869,2946588.1943
2023/12/06 04:47:19.99,459856.5442,5634210.4798,2946585.1071
2023/12/06 04:47:20.99,459844.3377,5634205.5377,2946581.3126
2023/12/06 04:47:21.99,459835.8465,5634209.8375,2946579.4678
2023/12/06 04:47:22.99,459827.5532,5634216.3726,2946579.3022
2023/12/06 04:47:23.99,459817.1302,5634212.1798,2946575.6379
2023/12/06 04:47:24.99,459808.259,5634220.5206,2946575.0769
2023/12/06 04:47:25.99,459796.051,5634215.7608,2946571.0557
2023/12/06 04:47:26.99,459788.4854,5634224.6666,2946571.5253
2023/12/06 04:47:27.99,459778.7399,5634226.7555,2946569.2422
2023/12/06 04:47:28.99,459768.9485,5634228.8447,2946566.9623
2023/12/06 04:47:29.99,459759.3138,5634230.8605,2946564.7414
2023/12/06 04:47:33.99,459731.5127,5634235.3138,2946557.78
2023/12/06 04:47:35.99,459726.2475,5634238.1116,2946556.6315
2023/12/06 04:47:36.99,459726.1234,5634238.1251,2946556.5957
2023/12/06 04:47:37.99,459726.1311,5634238.1421,2946556.5996
2023/12/06 04:47:38.99,459726.1257,5634238.1059,2946556.5815
2023/12/06 04:47:39.99,459726.1279,5634238.1049,2946556.5787
2023/12/06 04:47:40.99,459726.1294,5634238.1012,2946556.5775
2023/12/06 04:47:41.99,459726.118,5634238.095,2946556.5784
2023/12/06 04:47:42.99,459726.1202,5634238.0931,2946556.5781
2023/12/06 04:47:43.99,459726.1232,5634238.0934,2946556.5792
2023/12/06 04:47:44.99,459726.119,5634238.098,2946556.5801
2023/12/06 04:47:45.99,459726.1207,5634238.0935,2946556.5776
2023/12/06 04:47:46.99,459726.1231,5634238.1018,2946556.5795
2023/12/06 04:47:47.99,459726.1222,5634238.0956,2946556.5784
2023/12/06 04:47:48.99,459726.1193,5634238.1022,2946556.5801
2023/12/06 04:47:49.99,459726.12,5634238.0994,2946556.5798
2023/12/06 04:47:50.99,459726.1206,5634238.0944,2946556.5784
2023/12/06 04:47:51.99,459726.1202,5634238.0945,2946556.5793
2023/12/06 04:47:52.99,459726.1174,5634238.102,2946556.5811
2023/12/06 04:47:53.99,459726.1194,5634238.0904,2946556.575
2023/12/06 04:47:54.99,459726.1171,5634238.0941,2946556.5778
2023/12/06 04:47:55.99,459726.119,5634238.0981,2946556.581
2023/12/06 04:47:56.99,459726.1183,5634238.0865,2946556.5744
2023/12/06 04:47:57.99,459726.1175,5634238.0894,2946556.5755
2023/12/06 04:47:58.99,459726.1176,5634238.094,2946556.577
2023/12/06 04:47:59.99,459726.1168,5634238.0889,2946556.5754
2023/12/06 04:48:00.99,459726.1172,5634238.0912,2946556.5758
2023/12/06 04:48:01.99,459726.1165,5634238.0878,2946556.5755
2023/12/06 04:48:02.99,459726.1169,5634238.0884,2946556.5754
2023/12/06 04:48:03.99,459726.1172,5634238.0859,2946556.5734
2023/12/06 04:48:04.99,459726.1189,5634238.0905,2946556.5757
2023/12/06 04:48:05.99,459726.1153,5634238.0837,2946556.5719
2023/12/06 04:48:06.99,459726.1171,5634238.0868,2946556.576
2023/12/06 04:48:07.99,459726.1169,5634238.0942,2946556.5775
2023/12/06 04:48:08.99,459726.1187,5634238.0927,2946556.5757
2023/12/06 04:48:09.99,459726.1163,5634238.0858,2946556.5739
2023/12/06 04:48:10.99,459726.118,5634238.0811,2946556.5731
2023/12/06 04:48:11.99,459726.1176,5634238.0831,2946556.5713
2023/12/06 04:48:12.99,459726.117,5634238.0826,2946556.5733
2023/12/06 04:48:13.99,459726.1142,5634238.0785,2946556.571
2023/12/06 04:48:14.99,459726.1191,5634238.0871,2946556.5745
2023/12/06 04:48:15.99,459726.115,5634238.0889,2946556.5737
2023/12/06 04:48:16.99,459726.117,5634238.0864,2946556.5748
2023/12/06 04:48:17.99,459726.1183,5634238.0822,2946556.5728
2023/12/06 04:48:18.99,459726.1172,5634238.085,2946556.5732
2023/12/06 04:48:19.99,459726.1164,5634238.0897,2946556.5754
2023/12/06 04:48:20.99,459726.1181,5634238.0792,2946556.5723
2023/12/06 04:48:21.99,459726.1158,5634238.0808,2946556.5714
2023/12/06 04:48:22.99,459726.1163,5634238.0842,2946556.5742
2023/12/06 04:48:23.99,459726.1162,5634238.0763,2946556.5703
2023/12/06 04:48:24.99,459726.117,5634238.0755,2946556.5708
2023/12/06 04:48:25.99,459726.1159,5634238.0796,2946556.5741
2023/12/06 04:48:26.99,459726.1197,5634238.075,2946556.5707
2023/12/06 04:48:27.99,459726.1226,5634238.0806,2946556.5719
2023/12/06 04:48:28.99,459726.1187,5634238.0841,2946556.5727
2023/12/06 04:48:29.99,459726.1187,5634238.0764,2946556.5696
2023/12/06 04:48:30.99,459726.1188,5634238.0711,2946556.5694
2023/12/06 04:48:31.99,459726.1202,5634238.0774,2946556.5712
2023/12/06 04:48:32.99,459726.121,5634238.077,2946556.5703
2023/12/06 04:48:33.99,459726.1184,5634238.0764,2946556.5718
2023/12/06 04:48:34.99,459726.1181,5634238.0685,2946556.5686
2023/12/06 04:48:35.99,459726.1186,5634238.073,2946556.5692
2023/12/06 04:48:36.99,459726.1166,5634238.0723,2946556.5697
2023/12/06 04:48:37.99,459726.1194,5634238.0739,2946556.5716
2023/12/06 04:48:38.99,459726.1175,5634238.0746,2946556.5701
2023/12/06 04:48:39.99,459726.1192,5634238.0698,2946556.5717
2023/12/06 04:48:40.99,459726.1171,5634238.0726,2946556.5697
2023/12/06 04:48:41.99,459726.1178,5634238.0648,2946556.5681
2023/12/06 04:48:42.99,459726.12,5634238.0684,2946556.568
2023/12/06 04:48:43.99,459726.1185,5634238.0802,2946556.5728
2023/12/06 04:48:44.99,459726.1167,5634238.0735,2946556.5695
2023/12/06 04:48:45.99,459726.1205,5634238.079,2946556.5722
2023/12/06 04:48:46.99,459726.1165,5634238.0772,2946556.5722
2023/12/06 04:48:47.99,459726.1181,5634238.0724,2946556.5704
2023/12/06 04:48:48.99,459726.1144,5634238.072,2946556.5694
2023/12/06 04:48:49.99,459726.1176,5634238.0679,2946556.5697
2023/12/06 04:48:50.99,459726.1163,5634238.0695,2946556.5695
2023/12/06 04:48:51.99,459726.117,5634238.0756,2946556.5719
2023/12/06 04:48:52.99,459726.1174,5634238.0768,2946556.5734
2023/12/06 04:48:53.99,459726.1204,5634238.0833,2946556.5749
2023/12/06 04:48:54.99,459726.1151,5634238.0751,2946556.572
2023/12/06 04:48:55.99,459726.1136,5634238.0764,2946556.5711
2023/12/06 04:48:56.99,459726.1186,5634238.0795,2946556.5726
2023/12/06 04:48:57.99,459726.1149,5634238.0754,2946556.5735
2023/12/06 04:48:58.99,459726.1194,5634238.0785,2946556.5719
2023/12/06 04:48:59.99,459726.1171,5634238.0802,2946556.5726
2023/12/06 04:49:00.99,459726.1177,5634238.0723,2946556.5703
2023/12/06 04:49:01.99,459726.117,5634238.0721,2946556.571
2023/12/06 04:49:02.99,459726.1179,5634238.0802,2946556.5756
2023/12/06 04:49:03.99,459726.1174,5634238.0801,2946556.573
2023/12/06 04:49:04.99,459726.1127,5634238.0766,2946556.5736
2023/12/06 04:49:05.99,459726.1186,5634238.0776,2946556.5728
2023/12/06 04:49:06.99,459726.1152,5634238.0755,2946556.5747
2023/12/06 04:49:07.99,459726.1176,5634238.0846,2946556.5778
2023/12/06 04:49:08.99,459726.1147,5634238.0834,2946556.5768
2023/12/06 04:49:09.99,459726.1156,5634238.0795,2946556.5761
2023/12/06 04:49:10.99,459726.1157,5634238.0717,2946556.5713
2023/12/06 04:49:11.99,459726.1162,5634238.0808,2946556.5739
2023/12/06 04:49:12.99,459726.1161,5634238.0715,2946556.5725
2023/12/06 04:49:13.99,459726.1137,5634238.0711,2946556.5708
2023/12/06 04:49:14.99,459726.1133,5634238.0743,2946556.5734
2023/12/06 04:49:15.99,459726.1143,5634238.0758,2946556.5721
2023/12/06 04:49:16.99,459726.1164,5634238.083,2946556.5769
2023/12/06 04:49:17.99,459726.1138,5634238.0721,2946556.5744
2023/12/06 04:49:18.99,459726.1141,5634238.0777,2946556.5753
2023/12/06 04:49:19.99,459726.1202,5634238.0782,2946556.5741
2023/12/06 04:49:20.99,459726.1177,5634238.0697,2946556.571
2023/12/06 04:49:21.99,459726.117,5634238.0743,2946556.5709
2023/12/06 04:49:22.99,459726.1171,5634238.0723,2946556.5696
2023/12/06 04:49:23.99,459726.1147,5634238.0749,2946556.5722
2023/12/06 04:49:24.99,459726.1182,5634238.0653,2946556.5685
2023/12/06 04:49:25.99,459726.117,5634238.0665,2946556.5677
2023/12/06 04:49:26.99,459726.1186,5634238.0582,2946556.5689
2023/12/06 04:49:27.99,459726.116,5634238.0717,2946556.5706
2023/12/06 04:49:28.99,459726.1209,5634238.0765,2946556.571
2023/12/06 04:49:29.99,459726.1216,5634238.0733,2946556.5736
2023/12/06 04:49:30.99,459726.1433,5634238.0608,2946556.5737
2023/12/06 04:49:31.99,459728.0736,5634233.4208,2946555.6993
2023/12/06 04:49:32.99,459724.3511,5634238.4816,2946556.0786
2023/12/06 04:49:33.99,459722.0521,5634239.081,2946555.4376
2023/12/06 04:49:34.99,459720.0476,5634239.5166,2946554.8946
2023/12/06 04:49:35.99,459718.5142,5634237.1696,2946553.869
2023/12/06 04:49:36.99,459714.2433,5634240.7109,2946553.6297
2023/12/06 04:49:37.99,459710.8757,5634241.302,2946552.9595
2023/12/06 04:49:38.99,459706.6502,5634242.1306,2946552.1163
2023/12/06 04:49:39.99,459701.2288,5634243.2086,2946550.9234
2023/12/06 04:49:40.99,459694.9034,5634244.5545,2946549.373
2023/12/06 04:49:41.99,459688.5344,5634245.9134,2946547.7983
2023/12/06 04:49:42.99,459682.2176,5634247.2169,2946546.2786
2023/12/06 04:49:43.99,459675.5449,5634248.5963,2946544.7185
2023/12/06 04:49:44.99,459668.3593,5634250.1008,2946543.0135
2023/12/06 04:49:45.99,459661.0751,5634251.5672,2946541.3055
2023/12/06 04:49:46.99,459653.566,5634253.1427,2946539.5268
2023/12/06 04:49:47.99,459645.993,5634254.6853,2946537.7841
2023/12/06 04:49:48.99,459638.0887,5634256.2131,2946536.0512
2023/12/06 04:49:49.99,459630.1194,5634257.8062,2946534.2792
2023/12/06 04:49:50.99,459622.1723,5634259.4215,2946532.3907
2023/12/06 04:49:51.99,459614.2616,5634261.0913,2946530.466
2023/12/06 04:49:52.99,459606.4302,5634262.6873,2946528.6666
2023/12/06 04:49:53.99,459598.4162,5634264.2469,2946526.9624
2023/12/06 04:49:54.99,459590.7737,5634265.6624,2946525.4538
2023/12/06 04:49:55.99,459583.4998,5634267.0428,2946523.983
2023/12/06 04:49:56.99,459576.5767,5634268.4111,2946522.405
2023/12/06 04:49:57.99,459569.8919,5634269.78,2946520.816
2023/12/06 04:49:58.99,459563.5913,5634271.1071,2946519.3582
2023/12/06 04:49:59.99,459558.3469,5634272.1829,2946518.1148
2023/12/06 04:50:00.99,459554.4296,5634272.9305,2946517.3138
2023/12/06 04:50:01.99,459550.903,5634273.3731,2946516.9736
2023/12/06 04:50:02.99,459547.4641,5634273.5287,2946517.0775
2023/12/06 04:50:03.99,459544.8297,5634273.5093,2946517.449
2023/12/06 04:50:04.99,459543.5235,5634273.4288,2946517.7611
2023/12/06 04:50:05.99,459542.452,5634273.3556,2946518.0896
2023/12/06 04:50:06.99,459541.3624,5634273.258,2946518.406
2023/12/06 04:50:07.99,459539.9241,5634273.1681,2946518.7091
2023/12/06 04:50:08.99,459537.8227,5634273.2064,2946518.9121
2023/12/06 04:50:09.99,459534.8866,5634273.551,2946518.8216
2023/12/06 04:50:10.99,459531.1354,5634274.2432,2946518.1082
2023/12/06 04:50:11.99,459526.6913,5634275.2648,2946516.9219
2023/12/06 04:50:12.99,459521.5831,5634276.4666,2946515.5526
2023/12/06 04:50:13.99,459515.6893,5634277.6687,2946514.0873
2023/12/06 04:50:14.99,459509.0436,5634278.9694,2946512.6199
2023/12/06 04:50:15.99,459501.6657,5634280.4397,2946511.112
2023/12/06 04:50:16.99,459493.6906,5634281.9962,2946509.4227
2023/12/06 04:50:17.99,459485.0592,5634289.0991,2946508.6726
2023/12/06 04:50:18.99,459479.905,5634283.0621,2946504.5214
2023/12/06 04:50:19.99,459474.351,5634285.8785,2946505.0532
2023/12/06 04:50:20.99,459469.769,5634286.8096,2946503.9829
2023/12/06 04:50:21.99,459465.624,5634287.652,2946503.0046
2023/12/06 04:50:22.99,459460.7445,5634284.7255,2946499.5589
2023/12/06 04:50:23.99,459458.1213,5634289.1505,2946501.2721
2023/12/06 04:50:24.99,459454.0637,5634289.9225,2946500.3841
2023/12/06 04:50:25.99,459449.6037,5634290.7867,2946499.4602
2023/12/06 04:50:26.99,459444.7259,5634295.7069,2946499.6039
2023/12/06 04:50:27.99,459439.9814,5634292.6736,2946497.2679
2023/12/06 04:50:28.99,459433.947,5634299.4514,2946497.0791
2023/12/06 04:50:29.99,459430.5586,5634291.0321,2946490.9911
2023/12/06 04:50:30.99,459424.3003,5634294.2697,2946491.4767
2023/12/06 04:50:31.99,459418.9307,5634294.5213,2946491.1289
2023/12/06 04:50:32.99,459410.7661,5634302.6214,2946491.3774
2023/12/06 04:50:33.99,459403.067,5634300.0047,2946488.7486
2023/12/06 04:50:34.99,459394.8404,5634301.4389,2946487.1873
2023/12/06 04:50:35.99,459386.2315,5634303.0671,2946485.3452
2023/12/06 04:50:36.99,459377.6897,5634304.744,2946483.3614
2023/12/06 04:50:37.99,459369.2145,5634306.3973,2946481.3607
2023/12/06 04:50:38.99,459360.9449,5634307.9629,2946479.5128
2023/12/06 04:50:39.99,459352.7754,5634309.4603,2946477.7905
2023/12/06 04:50:40.99,459345.1899,5634310.8714,2946476.2677
2023/12/06 04:50:41.99,459338.7011,5634312.0429,2946474.8749
2023/12/06 04:50:42.99,459333.6559,5634313.0325,2946473.7036
2023/12/06 04:50:43.99,459330.4758,5634313.8777,2946472.568
2023/12/06 04:50:44.99,459328.8645,5634314.7547,2946470.3295
2023/12/06 04:50:45.99,459327.4774,5634315.3274,2946469.9838
2023/12/06 04:50:46.99,459326.3603,5634321.7723,2946470.8044
2023/12/06 04:50:47.99,459326.2123,5634322.1717,2946470.0588
2023/12/06 04:50:48.99,459326.1888,5634322.326,2946469.7272
2023/12/06 04:50:49.99,459326.1836,5634322.4453,2946469.545
2023/12/06 04:50:50.99,459326.1856,5634322.4856,2946469.4229
2023/12/06 04:50:51.99,459326.2024,5634322.593,2946469.2343
2023/12/06 04:50:52.99,459326.2963,5634322.8824,2946468.6893
2023/12/06 04:50:53.99,459327.6918,5634317.4716,2946465.1882
2023/12/06 04:50:54.99,459327.8741,5634317.9153,2946464.9793
2023/12/06 04:50:55.99,459328.7482,5634318.3673,2946464.0338
2023/12/06 04:50:56.99,459330.1704,5634318.8179,2946462.4843
2023/12/06 04:50:57.99,459331.3345,5634319.0722,2946461.8893
2023/12/06 04:50:58.99,459332.1075,5634325.0728,2946463.9894
2023/12/06 04:50:59.99,459335.6258,5634319.2709,2946460.8795
2023/12/06 04:51:00.99,459338.5746,5634319.1223,2946460.8304
2023/12/06 04:51:01.99,459342.196,5634318.6441,2946461.2821
2023/12/06 04:51:02.99,459345.8786,5634318.089,2946461.7927
2023/12/06 04:51:03.99,459349.7283,5634317.5133,2946462.3029
2023/12/06 04:51:04.99,459350.3414,5634321.4656,2946463.9183
2023/12/06 04:51:05.99,459358.6343,5634316.2391,2946463.5019
2023/12/06 04:51:06.99,459361.8251,5634321.3678,2946466.8355
2023/12/06 04:51:07.99,459367.525,5634314.8168,2946464.8974
2023/12/06 04:51:08.99,459368.818,5634318.5148,2946466.9706
2023/12/06 04:51:09.99,459376.6859,5634318.7173,2946469.82
2023/12/06 04:51:10.99,459382.8474,5634311.9382,2946468.2541
2023/12/06 04:51:11.99,459387.9193,5634310.913,2946469.4366
2023/12/06 04:51:12.99,459393.3351,5634309.8267,2946470.6797
2023/12/06 04:51:13.99,459400.6378,5634304.0771,2946470.5123
2023/12/06 04:51:14.99,459403.9707,5634313.1302,2946475.3106
2023/12/06 04:51:15.99,459409.423,5634312.1179,2946476.4686
2023/12/06 04:51:16.99,459414.8801,5634305.7343,2946475.3813
2023/12/06 04:51:17.99,459419.5891,5634300.1332,2946473.5231
2023/12/06 04:51:18.99,459419.2762,5634310.3009,2946478.4885
2023/12/06 04:51:19.99,459420.5567,5634310.0909,2946478.7747
2023/12/06 04:51:20.99,459421.6301,5634304.3502,2946477.7536
2023/12/06 04:51:21.99,459421.6296,5634304.3505,2946477.7539
2023/12/06 04:51:22.99,459422.5219,5634302.7848,2946475.858
2023/12/06 04:51:23.99,459421.1472,5634299.0484,2946475.3371
2023/12/06 04:51:24.99,459422.5056,5634302.7794,2946475.8479
2023/12/06 04:51:25.99,459422.4998,5634302.7786,2946475.8491
2023/12/06 04:51:26.99,459421.1371,5634299.0532,2946475.3362
2023/12/06 04:51:27.99,459422.5048,5634302.7778,2946475.8495
2023/12/06 04:51:28.99,459421.1341,5634299.0415,2946475.3331
2023/12/06 04:51:29.99,459421.8444,5634304.3097,2946477.7924
2023/12/06 04:51:30.99,459422.9666,5634304.0694,2946478.0244
2023/12/06 04:51:31.99,459424.5644,5634308.4679,2946479.7681
2023/12/06 04:51:32.99,459427.5574,5634303.3993,2946477.9942
2023/12/06 04:51:33.99,459430.0426,5634302.9375,2946478.4875
2023/12/06 04:51:34.99,459433.058,5634302.4191,2946479.0839
2023/12/06 04:51:35.99,459436.0631,5634301.7042,2946480.6216
2023/12/06 04:51:36.99,459440.477,5634301.0155,2946480.5393
2023/12/06 04:51:37.99,459445.0907,5634300.0993,2946481.5328
2023/12/06 04:51:38.99,459450.1961,5634299.1943,2946482.5598
2023/12/06 04:51:39.99,459455.6426,5634298.3015,2946483.5184
2023/12/06 04:51:40.99,459460.8023,5634301.8679,2946486.6729
2023/12/06 04:51:41.99,459468.3206,5634296.1213,2946485.6758
2023/12/06 04:51:42.99,459475.0212,5634294.9395,2946486.9015
2023/12/06 04:51:43.99,459480.7708,5634298.296,2946490.3783
2023/12/06 04:51:44.99,459488.3914,5634292.2883,2946489.7372
2023/12/06 04:51:45.99,459495.8341,5634290.7409,2946491.5012
2023/12/06 04:51:46.99,459503.6455,5634289.1213,2946493.4348
2023/12/06 04:51:47.99,459511.627,5634285.7955,2946494.2294
2023/12/06 04:51:48.99,459518.5202,5634285.9099,2946497.1495
2023/12/06 04:51:49.99,459525.8255,5634284.3841,2946498.9645
2023/12/06 04:51:50.99,459532.2125,5634288.4758,2946502.7801
2023/12/06 04:51:51.99,459541.7494,5634279.4328,2946500.8717
2023/12/06 04:51:52.99,459548.1732,5634284.4232,2946506.4737
2023/12/06 04:51:53.99,459555.4599,5634283.0842,2946508.012
2023/12/06 04:51:54.99,459562.3049,5634282.9326,2946510.1283
2023/12/06 04:51:55.99,459570.028,5634280.153,2946511.2602
2023/12/06 04:51:56.99,459577.5909,5634278.604,2946513.0698
2023/12/06 04:51:57.99,459586.1876,5634272.3831,2946512.6619
2023/12/06 04:51:58.99,459593.6024,5634270.8834,2946514.3392
2023/12/06 04:51:59.99,459599.7259,5634274.0963,2946518.1323
2023/12/06 04:52:00.99,459607.6048,5634268.1438,2946517.4357
2023/12/06 04:52:01.99,459615.0035,5634266.7728,2946518.8728
2023/12/06 04:52:02.99,459622.5297,5634263.5827,2946518.5348
2023/12/06 04:52:03.99,459629.1598,5634262.3019,2946519.9509
2023/12/06 04:52:04.99,459635.8179,5634261.103,2946522.0237
2023/12/06 04:52:05.99,459640.3315,5634267.3227,2946526.3981
2023/12/06 04:52:06.99,459647.2195,5634260.5154,2946525.6287
2023/12/06 04:52:07.99,459652.1812,5634259.5233,2946526.7748
2023/12/06 04:52:08.99,459656.7543,5634256.9077,2946526.6892
2023/12/06 04:52:09.99,459658.2713,5634256.9254,2946525.621
2023/12/06 04:52:10.99,459659.4388,5634256.3324,2946527.3653
2023/12/06 04:52:11.99,459659.6303,5634256.3423,2946527.438
2023/12/06 04:52:12.99,459659.6314,5634256.321,2946527.4286
2023/12/06 04:52:13.99,459658.6878,5634256.7104,2946526.7506
2023/12/06 04:52:14.99,459658.7529,5634266.7418,2946530.4497
2023/12/06 04:52:15.99,459658.7394,5634257.9494,2946529.3563
2023/12/06 04:52:16.99,459657.6904,5634254.2753,2946526.8123
2023/12/06 04:52:17.99,459658.7329,5634257.937,2946529.3529
2023/12/06 04:52:18.99,459658.7489,5634266.7417,2946530.4515
2023/12/06 04:52:19.99,459658.7336,5634257.9324,2946529.3477
2023/12/06 04:52:20.99,459658.7347,5634257.9376,2946529.3511
2023/12/06 04:52:21.99,459658.7395,5634257.938,2946529.3491
2023/12/06 04:52:22.99,459658.7366,5634257.9423,2946529.3514
2023/12/06 04:52:23.99,459657.6903,5634254.2539,2946526.8035
2023/12/06 04:52:24.99,459658.7358,5634257.9298,2946529.3471
2023/12/06 04:52:25.99,459658.7523,5634266.7476,2946530.4491
2023/12/06 04:52:26.99,459659.1731,5634258.081,2946528.5061
2023/12/06 04:52:27.99,459658.7388,5634257.9208,2946529.3422
2023/12/06 04:52:28.99,459658.7335,5634257.9196,2946529.344
2023/12/06 04:52:29.99,459658.7349,5634257.9218,2946529.3443
2023/12/06 04:52:30.99,459658.7499,5634266.733,2946530.4431
2023/12/06 04:52:31.99,459658.7507,5634266.7446,2946530.4496
2023/12/06 04:52:32.99,459658.7499,5634266.7417,2946530.4478
2023/12/06 04:52:33.99,459658.7494,5634266.738,2946530.4475
2023/12/06 04:52:34.99,459656.3171,5634266.0793,2946529.9591
2023/12/06 04:52:35.99,459658.7349,5634257.9212,2946529.3414
2023/12/06 04:52:36.99,459658.7427,5634257.9192,2946529.3449
2023/12/06 04:52:37.99,459659.5499,5634257.9976,2946528.6065
2023/12/06 04:52:38.99,459660.8993,5634257.7363,2946528.9062
2023/12/06 04:52:39.99,459664.6105,5634258.2779,2946528.6456
2023/12/06 04:52:40.99,459665.8242,5634255.4273,2946527.3186
2023/12/06 04:52:41.99,459668.8147,5634256.1035,2946530.5831
2023/12/06 04:52:42.99,459672.0735,5634255.528,2946531.3333
2023/12/06 04:52:43.99,459675.1041,5634254.912,2946531.9739
2023/12/06 04:52:44.99,459677.7718,5634254.3636,2946532.5706
2023/12/06 04:52:45.99,459681.0103,5634253.6746,2946533.4043
2023/12/06 04:52:46.99,459684.3055,5634252.9621,2946534.2237
2023/12/06 04:52:47.99,459687.9931,5634252.151,2946535.1952
2023/12/06 04:52:48.99,459692.224,5634251.2171,2946536.3783
2023/12/06 04:52:49.99,459696.8686,5634250.1228,2946537.6457
2023/12/06 04:52:50.99,459702.0881,5634246.1177,2946536.47
2023/12/06 04:52:51.99,459706.5723,5634247.9797,2946540.3467
2023/12/06 04:52:52.99,459711.9622,5634246.8418,2946541.6163
2023/12/06 04:52:53.99,459718.0704,5634243.8626,2946541.1536
2023/12/06 04:52:54.99,459726.5413,5634244.6106,2946544.2704
2023/12/06 04:52:55.99,459728.5056,5634250.9902,2946549.7287
2023/12/06 04:52:56.99,459736.6535,5634246.6151,2946550.4065
2023/12/06 04:52:57.99,459743.7615,5634238.8085,2946547.2039
2023/12/06 04:52:58.99,459750.5992,5634243.3185,2946553.0066
2023/12/06 04:53:00.99,459763.059,5634238.4534,2946555.8066
2023/12/06 04:53:01.99,459773.4018,5634229.2619,2946553.5423
2023/12/06 04:53:02.99,459777.8242,5634238.2839,2946563.1596
2023/12/06 04:53:03.99,459785.6058,5634230.9354,2946559.2881
2023/12/06 04:53:04.99,459791.5851,5634234.274,2946564.4427
2023/12/06 04:53:05.99,459800.3003,5634224.1989,2946562.2581
2023/12/06 04:53:06.99,459807.4934,5634222.5821,2946563.9769
2023/12/06 04:53:07.99,459814.4812,5634223.1396,2946566.5138
2023/12/06 04:53:08.99,459821.0856,5634228.0815,2946570.6759
2023/12/06 04:53:09.99,459829.263,5634226.4815,2946572.2248
2023/12/06 04:53:10.99,459838.5452,5634219.6299,2946571.2676
2023/12/06 04:53:11.99,459847.3728,5634217.7986,2946573.1265
2023/12/06 04:53:12.99,459857.0235,5634215.7559,2946575.131
2023/12/06 04:53:13.99,459866.8431,5634213.653,2946577.0883
2023/12/06 04:53:14.99,459877.3549,5634211.4064,2946579.2251
2023/12/06 04:53:15.99,459888.7715,5634206.0031,2946579.1587
2023/12/06 04:53:16.99,459895.957,5634195.0483,2946578.927
2023/12/06 04:53:17.99,459905.9576,5634192.7496,2946581.2553
2023/12/06 04:53:18.99,459918.2457,5634199.2753,2946585.9836
2023/12/06 04:53:19.99,459923.5383,5634207.7421,2946591.1682
2023/12/06 04:53:20.99,459932.9892,5634198.9118,2946591.7276
2023/12/06 04:53:21.99,459940.7463,5634194.2948,2946590.6976
2023/12/06 04:53:22.99,459946.6876,5634200.2363,2946597.0162
2023/12/06 04:53:23.99,459955.1727,5634190.9536,2946593.9242
2023/12/06 04:53:24.99,459962.0764,5634189.3358,2946595.543
2023/12/06 04:53:25.99,459969.414,5634187.5778,2946597.2881
2023/12/06 04:53:26.99,459974.0195,5634177.0758,2946596.3493
2023/12/06 04:53:27.99,459983.9525,5634191.8766,2946606.3948
2023/12/06 04:53:28.99,459993.5655,5634182.1467,2946602.3618
2023/12/06 04:53:29.99,460002.0576,5634180.7681,2946605.3851
2023/12/06 04:53:30.99,460010.7681,5634178.2439,2946605.8697
2023/12/06 04:53:31.99,460019.4688,5634179.0394,2946610.3848
2023/12/06 04:53:32.99,460028.4622,5634181.4265,2946614.7551
2023/12/06 04:53:33.99,460040.2916,5634171.4057,2946612.3317
2023/12/06 04:53:34.99,460051.3049,5634168.924,2946614.6858
2023/12/06 04:53:35.99,460062.0951,5634169.1277,2946619.7699
2023/12/06 04:53:36.99,460074.8394,5634163.2201,2946619.8418
2023/12/06 04:53:37.99,460088.1921,5634160.2164,2946622.4655
2023/12/06 04:53:38.99,460098.3892,5634148.7311,2946622.3684
2023/12/06 04:53:39.99,460114.6972,5634154.4725,2946627.7538
2023/12/06 04:53:40.99,460123.6735,5634143.0329,2946627.8614
2023/12/06 04:53:41.99,460138.3931,5634148.8613,2946633.3795
2023/12/06 04:53:42.99,460146.0117,5634137.5718,2946633.5144
2023/12/06 04:53:43.99,460156.6078,5634135.0568,2946636.3328
2023/12/06 04:53:44.99,460166.7923,5634132.5297,2946639.0969
2023/12/06 04:53:45.99,460176.5052,5634129.9964,2946641.8674
2023/12/06 04:53:46.99,460189.1923,5634136.0218,2946647.5156
2023/12/06 04:53:47.99,460195.1347,5634124.6996,2946647.7612
2023/12/06 04:53:48.99,460204.1367,5634122.0397,2946650.7864
2023/12/06 04:53:49.99,460216.2462,5634128.0401,2946656.5312
2023/12/06 04:53:50.99,460221.7291,5634116.7438,2946656.9108
2023/12/06 04:53:51.99,460233.7311,5634122.6515,2946662.7529
2023/12/06 04:53:52.99,460239.1058,5634111.2923,2946663.3163
2023/12/06 04:53:53.99,460247.6148,5634108.5239,2946666.5821
2023/12/06 04:53:54.99,460259.2361,5634114.3308,2946672.678
2023/12/06 04:53:55.99,460267.4407,5634111.6475,2946676.0824
2023/12/06 04:53:56.99,460272.1634,5634100.2482,2946676.9077
2023/12/06 04:53:57.99,460283.4564,5634106.6354,2946684.5541
2023/12/06 04:53:58.99,460289.7787,5634111.0461,2946691.5708
2023/12/06 04:53:59.99,460298.8396,5634100.7134,2946690.3714
2023/12/06 04:54:00.99,460302.9815,5634089.5869,2946691.1292
2023/12/06 04:54:01.99,460310.1531,5634087.1405,2946694.4525
2023/12/06 04:54:02.99,460316.9758,5634084.8619,2946697.6144
2023/12/06 04:54:03.99,460323.4819,5634082.6157,2946700.6762
2023/12/06 04:54:04.99,460332.4584,5634092.1312,2946708.8148
2023/12/06 04:54:05.99,460335.9759,5634078.6304,2946706.0432
2023/12/06 04:54:06.99,460342.7151,5634076.9446,2946708.1564
2023/12/06 04:54:07.99,460349.9649,5634075.4064,2946709.9211
2023/12/06 04:54:08.99,460360.7158,5634082.6225,2946714.2582
2023/12/06 04:54:09.99,460368.1374,5634081.0953,2946716.0981
2023/12/06 04:54:10.99,460375.5008,5634079.2759,2946718.4322
2023/12/06 04:54:11.99,460382.8617,5634077.1597,2946721.464
2023/12/06 04:54:12.99,460390.2458,5634083.4805,2946728.0642
2023/12/06 04:54:17.99,460419.6717,5634061.2905,2946741.5953
2023/12/06 04:54:18.99,460424.2784,5634059.4717,2946742.4815
2023/12/06 04:54:19.99,460429.8901,5634060.3875,2946746.4791
2023/12/06 04:54:20.99,460432.959,5634049.9751,2946745.481
2023/12/06 04:54:21.99,460440.1522,5634056.7711,2946752.0789
2023/12/06 04:54:22.99,460443.4125,5634058.0212,2946756.5937
2023/12/06 04:54:23.99,460445.6632,5634044.849,2946753.0504
2023/12/06 04:54:24.99,460451.1211,5634042.9962,2946755.6449
2023/12/06 04:54:25.99,460457.3976,5634040.9555,2946758.5636
2023/12/06 04:54:26.99,460467.721,5634047.3976,2946764.6916
2023/12/06 04:54:27.99,460475.2062,5634047.7477,2946770.8775
2023/12/06 04:54:28.99,460481.3863,5634038.7358,2946771.9685
2023/12/06 04:54:29.99,460491.3732,5634035.1089,2946775.4624
2023/12/06 04:54:30.99,460498.1234,5634033.458,2946779.1545
2023/12/06 04:54:31.99,460508.3775,5634029.2192,2946783.9122
2023/12/06 04:54:32.99,460518.4041,5634030.1613,2946788.9094
2023/12/06 04:54:33.99,460528.3094,5634031.2456,2946795.1352
2023/12/06 04:54:34.99,460536.5965,5634024.1522,2946797.6051
2023/12/06 04:54:35.99,460545.3333,5634021.2488,2946801.7468
2023/12/06 04:54:36.99,460553.6879,5634018.407,2946805.8087
2023/12/06 04:54:37.99,460561.5267,5634015.5836,2946809.8333
2023/12/06 04:54:38.99,460569.1006,5634012.9324,2946813.6436
2023/12/06 04:54:39.99,460575.7109,5634011.9652,2946818.0294
2023/12/06 04:54:40.99,460585.0066,5634007.6597,2946821.2015
2023/12/06 04:54:41.99,460589.0417,5634011.7579,2946828.487
2023/12/06 04:54:42.99,460602.0145,5634002.0586,2946829.0699
2023/12/06 04:54:43.99,460610.6966,5633999.2477,2946833.0602
2023/12/06 04:54:44.99,460619.6116,5633996.208,2946837.4828
2023/12/06 04:54:45.99,460628.0708,5633993.2567,2946841.7386
2023/12/06 04:54:46.99,460635.1355,5633990.8197,2946845.1588
2023/12/06 04:54:47.99,460641.6014,5633988.6487,2946848.2084
2023/12/06 04:54:48.99,460647.4357,5633986.6935,2946850.9549
2023/12/06 04:54:49.99,460652.5191,5633984.9689,2946853.4404
2023/12/06 04:54:50.99,460656.8629,5633983.4886,2946855.6566
2023/12/06 04:54:51.99,460657.3351,5633973.4414,2946854.7535
2023/12/06 04:54:52.99,460663.23,5633981.2349,2946858.7747
2023/12/06 04:54:53.99,460664.9711,5633980.6372,2946859.6553
2023/12/06 04:54:54.99,460666.1489,5633980.1881,2946860.2335
2023/12/06 04:54:55.99,460666.6874,5633980.0067,2946860.5114
2023/12/06 04:54:56.99,460666.7226,5633979.991,2946860.5271
2023/12/06 04:54:57.99,460666.7253,5633979.9938,2946860.5316
2023/12/06 04:54:58.99,460666.7257,5633979.994,2946860.5319
2023/12/06 04:54:59.99,460666.7395,5633979.9878,2946860.5392
2023/12/06 04:55:00.99,460666.7833,5633979.9894,2946860.5665
2023/12/06 04:55:01.99,460666.8261,5633979.9771,2946860.5885
2023/12/06 04:55:02.99,460666.8632,5633979.9547,2946860.6042
2023/12/06 04:55:03.99,460666.317,5633982.8403,2946863.085
2023/12/06 04:55:04.99,460666.8958,5633979.9468,2946860.6228
2023/12/06 04:55:05.99,460666.896,5633979.9453,2946860.6238
2023/12/06 04:55:06.99,460662.3626,5633986.8093,2946863.9052
2023/12/06 04:55:07.99,460666.9003,5633979.9412,2946860.622
2023/12/06 04:55:08.99,460666.9009,5633979.9419,2946860.6231
2023/12/06 04:55:09.99,460666.9001,5633979.9453,2946860.6245
2023/12/06 04:55:10.99,460666.9004,5633979.9451,2946860.626
2023/12/06 04:55:11.99,460666.9005,5633979.9461,2946860.6257
2023/12/06 04:55:12.99,460666.9539,5633990.3655,2946865.3859
2023/12/06 04:55:13.99,460666.9026,5633979.9478,2946860.6273
2023/12/06 04:55:14.99,460666.9026,5633979.9501,2946860.6271
2023/12/06 04:55:15.99,460666.9043,5633979.959,2946860.6312
2023/12/06 04:55:16.99,460666.9055,5633979.9625,2946860.6324
2023/12/06 04:55:17.99,460666.9055,5633979.9583,2946860.6304
2023/12/06 04:55:18.99,460666.9078,5633979.9588,2946860.63
2023/12/06 04:55:19.99,460666.9078,5633979.9642,2946860.635
2023/12/06 04:55:20.99,460666.9051,5633979.9578,2946860.6309
2023/12/06 04:55:21.99,460666.9026,5633979.9707,2946860.6368
2023/12/06 04:55:22.99,460666.9072,5633979.9613,2946860.6336
2023/12/06 04:55:23.99,460666.906,5633979.9602,2946860.6349
2023/12/06 04:55:24.99,460666.9111,5633979.976,2946860.6409
2023/12/06 04:55:25.99,460666.9118,5633979.9586,2946860.6412
2023/12/06 04:55:26.99,460667.1049,5633979.8817,2946860.7275
2023/12/06 04:55:27.99,460668.1296,5633979.5282,2946861.2547
2023/12/06 04:55:28.99,460669.8183,5633979.5852,2946865.5137
2023/12/06 04:55:29.99,460672.055,5633978.1663,2946863.2906
2023/12/06 04:55:30.99,460674.6403,5633977.2504,2946864.6264
2023/12/06 04:55:31.99,460676.9466,5633977.641,2946867.102
2023/12/06 04:55:32.99,460682.2593,5633974.5325,2946868.4712
2023/12/06 04:55:33.99,460687.2448,5633972.8571,2946870.7685
2023/12/06 04:55:34.99,460691.0389,5633972.8606,2946873.7912
2023/12/06 04:55:35.99,460696.9826,5633969.617,2946875.4512
2023/12/06 04:55:36.99,460702.7372,5633967.6527,2946878.2655
2023/12/06 04:55:37.99,460708.7547,5633968.253,2946883.8481
2023/12/06 04:55:38.99,460716.6979,5633962.9919,2946884.9403
2023/12/06 04:55:39.99,460724.7534,5633960.3145,2946888.7445
2023/12/06 04:55:40.99,460733.2544,5633957.5816,2946892.755
2023/12/06 04:55:41.99,460740.9799,5633957.7002,2946899.107
2023/12/06 04:55:42.99,460750.0494,5633951.9301,2946900.7294
2023/12/06 04:55:43.99,460758.659,5633949.0485,2946904.9559
2023/12/06 04:55:44.99,460767.3103,5633946.161,2946909.191
2023/12/06 04:55:45.99,460775.6727,5633943.3808,2946913.2124
2023/12/06 04:55:46.99,460783.727,5633940.6686,2946917.1666
2023/12/06 04:55:47.99,460791.291,5633938.118,2946920.9137
2023/12/06 04:55:48.99,460798.4471,5633935.7519,2946924.3407
2023/12/06 04:55:49.99,460804.3081,5633935.0831,2946928.3503
2023/12/06 04:55:50.99,460811.6648,5633931.4817,2946930.5566
2023/12/06 04:55:51.99,460816.8884,5633929.8246,2946932.9617
2023/12/06 04:55:52.99,460820.9288,5633928.5883,2946934.7507
2023/12/06 04:55:53.99,460823.5869,5633928.4185,2946939.208
2023/12/06 04:55:54.99,460826.1109,5633926.9296,2946937.1034
2023/12/06 04:55:55.99,460827.9411,5633926.0213,2946938.5478
2023/12/06 04:55:56.99,460828.8203,5633925.208,2946939.9258
2023/12/06 04:55:57.99,460828.055,5633926.1895,2946941.8975
2023/12/06 04:55:58.99,460827.8797,5633931.164,2946947.6962
2023/12/06 04:55:59.99,460827.6886,5633926.3889,2946946.0325
2023/12/06 04:56:00.99,460827.5584,5633926.2839,2946946.2904
2023/12/06 04:56:01.99,460827.5879,5633926.3024,2946946.2383
2023/12/06 04:56:02.99,460827.5934,5633926.3161,2946946.2229
2023/12/06 04:56:03.99,460828.3927,5633924.287,2946946.1386
2023/12/06 04:56:04.99,460827.6147,5633926.3377,2946946.191
2023/12/06 04:56:05.99,460828.0234,5633926.5027,2946945.4588
2023/12/06 04:56:06.99,460827.4497,5633926.2124,2946946.4838
2023/12/06 04:56:07.99,460828.6036,5633929.8736,2946946.2735
2023/12/06 04:56:08.99,460828.2335,5633923.3744,2946943.5573
2023/12/06 04:56:09.99,460827.0589,5633925.9756,2946946.9891
2023/12/06 04:56:10.99,460827.7702,5633924.0412,2946947.1132
2023/12/06 04:56:11.99,460827.7182,5633923.1597,2946944.1008
2023/12/06 04:56:12.99,460826.365,5633924.6755,2946945.1312
2023/12/06 04:56:13.99,460825.4874,5633931.8109,2946949.7577
2023/12/06 04:56:14.99,460825.3592,5633931.7937,2946949.8531
2023/12/06 04:56:15.99,460826.0657,5633925.7685,2946947.3133
2023/12/06 04:56:16.99,460825.2558,5633925.6198,2946947.7281
2023/12/06 04:56:17.99,460825.14,5633922.6714,2946945.5863
2023/12/06 04:56:18.99,460824.4663,5633922.6023,2946945.8257
2023/12/06 04:56:19.99,460823.5558,5633922.5157,2946946.165
2023/12/06 04:56:20.99,460822.1281,5633922.419,2946946.6214
2023/12/06 04:56:21.99,460820.0452,5633922.3349,2946947.1264
2023/12/06 04:56:22.99,460816.2476,5633925.053,2946950.6611
2023/12/06 04:56:23.99,460812.7494,5633925.556,2946950.1745
2023/12/06 04:56:24.99,460809.7522,5633924.001,2946945.4582
2023/12/06 04:56:25.99,460804.3915,5633928.2586,2946945.8892
2023/12/06 04:56:26.99,460798.4083,5633928.5864,2946943.6588
2023/12/06 04:56:27.99,460792.7321,5633934.0368,2946943.0473
2023/12/06 04:56:28.99,460783.1997,5633934.4516,2946937.4108
2023/12/06 04:56:29.99,460774.2443,5633937.3987,2946933.0358
2023/12/06 04:56:30.99,460763.2925,5633948.7309,2946931.6398
2023/12/06 04:56:31.99,460756.1603,5633943.6113,2946923.9433
2023/12/06 04:56:32.99,460747.052,5633946.5533,2946919.615
2023/12/06 04:56:33.99,460737.5885,5633949.712,2946915.0602
2023/12/06 04:56:34.99,460727.8707,5633952.9621,2946910.3542
2023/12/06 04:56:35.99,460718.4335,5633956.6109,2946904.6779
2023/12/06 04:56:36.99,460705.97,5633968.0612,2946903.6904
2023/12/06 04:56:37.99,460695.614,5633971.6156,2946898.5962
2023/12/06 04:56:38.99,460686.9367,5633967.0629,2946890.2183
2023/12/06 04:56:39.99,460676.1633,5633970.7346,2946884.9602
2023/12/06 04:56:40.99,460663.3323,5633982.6866,2946882.8577
2023/12/06 04:56:41.99,460654.23,5633976.9498,2946873.8883
2023/12/06 04:56:42.99,460640.6874,5633990.0537,2946872.4774
2023/12/06 04:56:43.99,460629.597,5633993.7923,2946867.1925
2023/12/06 04:56:44.99,460618.8774,5633997.466,2946861.9137
2023/12/06 04:56:45.99,460608.3313,5634001.0707,2946856.7895
2023/12/06 04:56:46.99,460597.8877,5634004.5693,2946851.8375
2023/12/06 04:56:47.99,460587.591,5634008.084,2946846.7994
2023/12/06 04:56:48.99,460577.3902,5634011.5829,2946841.7889
2023/12/06 04:56:49.99,460569.1,5634006.8607,2946833.619
2023/12/06 04:56:50.99,460559.6786,5634008.2931,2946828.6187
2023/12/06 04:56:51.99,460548.9247,5634012.6337,2946823.1345
2023/12/06 04:56:52.99,460536.4565,5634025.4967,2946822.0072
2023/12/06 04:56:53.99,460528.6391,5634028.2852,2946815.3182
2023/12/06 04:56:54.99,460517.6228,5634024.271,2946808.9293
2023/12/06 04:56:55.99,460507.1998,5634027.753,2946803.9695
2023/12/06 04:56:56.99,460496.0708,5634037.4539,2946800.9713
2023/12/06 04:56:57.99,460486.9497,5634024.7996,2946790.4432
2023/12/06 04:56:58.99,460477.9677,5634036.0471,2946789.056
2023/12/06 04:56:59.99,460466.5591,5634049.373,2946787.8891
2023/12/06 04:57:00.99,460460.8042,5634042.044,2946780.4286
2023/12/06 04:57:01.99,460451.9172,5634046.8799,2946776.49
2023/12/06 04:57:02.99,460443.406,5634055.7146,2946774.6688
2023/12/06 04:57:03.99,460436.4824,5634042.1606,2946765.3809
2023/12/06 04:57:04.99,460428.2021,5634044.8141,2946761.6091
2023/12/06 04:57:05.99,460418.6302,5634063.6803,2946763.3459
2023/12/06 04:57:06.99,460411.3675,5634050.163,2946754.1147
2023/12/06 04:57:07.99,460403.6016,5634063.0796,2946753.0363
2023/12/06 04:57:08.99,460396.1436,5634065.6468,2946749.3506
2023/12/06 04:57:09.99,460390.2184,5634066.9341,2946746.1618
2023/12/06 04:57:10.99,460383.4228,5634069.2587,2946742.778
2023/12/06 04:57:11.99,460376.783,5634071.4753,2946739.5208
2023/12/06 04:57:12.99,460370.3519,5634073.6304,2946736.4127
2023/12/06 04:57:13.99,460364.2032,5634075.6796,2946733.4771
2023/12/06 04:57:14.99,460356.9992,5634077.3426,2946730.5124
2023/12/06 04:57:15.99,460351.4497,5634079.2803,2946727.6801
2023/12/06 04:57:16.99,460345.8907,5634081.2595,2946724.812
2023/12/06 04:57:17.99,460340.2584,5634083.2039,2946722.0088
2023/12/06 04:57:18.99,460334.399,5634085.127,2946719.2935
2023/12/06 04:57:19.99,460328.947,5634086.1063,2946717.1837
2023/12/06 04:57:20.99,460322.4124,5634088.9656,2946713.8778
2023/12/06 04:57:21.99,460316.4454,5634092.4904,2946710.7978
2023/12/06 04:57:22.99,460309.9089,5634093.2806,2946707.8962
2023/12/06 04:57:23.99,460300.0887,5634092.5965,2946702.6758
2023/12/06 04:57:24.99,460295.2248,5634105.5251,2946703.7759
2023/12/06 04:57:25.99,460288.4552,5634101.8623,2946698.3072
2023/12/06 04:57:26.99,460280.6025,5634104.4708,2946694.8117
2023/12/06 04:57:27.99,460272.7233,5634106.0263,2946690.6565
2023/12/06 04:57:28.99,460264.2852,5634108.8762,2946686.9899
2023/12/06 04:57:29.99,460255.8577,5634117.8996,2946685.1726
2023/12/06 04:57:30.99,460245.6584,5634122.2475,2946681.9642
2023/12/06 04:57:31.99,460237.5093,5634117.9385,2946675.6396
2023/12/06 04:57:32.99,460228.2055,5634120.9186,2946672.2269
2023/12/06 04:57:33.99,460218.4976,5634124.905,2946669.595
2023/12/06 04:57:34.99,460209.6481,5634132.6092,2946667.7386
2023/12/06 04:57:35.99,460199.6416,5634130.5642,2946662.9927
2023/12/06 04:57:36.99,460187.2725,5634129.174,2946657.3951
2023/12/06 04:57:37.99,460180.8206,5634134.9018,2946656.3748
2023/12/06 04:57:38.99,460171.2864,5634138.91,2946653.3013
2023/12/06 04:57:39.99,460161.4576,5634141.439,2946650.5294
2023/12/06 04:57:40.99,460147.8897,5634134.343,2946644.6329
2023/12/06 04:57:41.99,460137.8157,5634136.8522,2946641.9067
2023/12/06 04:57:42.99,460131.2857,5634148.9614,2946642.4251
2023/12/06 04:57:43.99,460117.5393,5634141.9554,2946636.6929
2023/12/06 04:57:44.99,460110.9246,5634153.9266,2946637.3154
2023/12/06 04:57:45.99,460097.0952,5634146.8908,2946631.7968
2023/12/06 04:57:46.99,460086.8116,5634149.2706,2946629.5384
2023/12/06 04:57:47.99,460080.0692,5634161.0835,2946630.5674
2023/12/06 04:57:48.99,460069.7477,5634163.447,2946628.6374
2023/12/06 04:57:49.99,460055.859,5634156.1656,2946623.7304
2023/12/06 04:57:50.99,460049.5541,5634165.6578,2946625.6963
2023/12/06 04:57:51.99,460039.3657,5634167.9232,2946623.6233
2023/12/06 04:57:52.99,460029.1229,5634170.2799,2946621.3923
2023/12/06 04:57:53.99,460018.3999,5634174.9462,2946618.2441
2023/12/06 04:57:54.99,460004.5121,5634167.8675,2946613.4858
2023/12/06 04:57:55.99,459994.53,5634170.1862,2946611.2853
2023/12/06 04:57:56.99,459984.4596,5634172.4898,2946608.478
2023/12/06 04:57:57.99,459974.6859,5634174.7324,2946606.3608
2023/12/06 04:57:58.99,459965.1708,5634176.9141,2946604.2966
2023/12/06 04:57:59.99,459955.8262,5634179.09,2946602.2674
2023/12/06 04:58:00.99,459946.632,5634181.1545,2946600.3189
2023/12/06 04:58:01.99,459937.296,5634183.0515,2946598.6907
2023/12/06 04:58:02.99,459931.7068,5634192.8,2946600.8011
2023/12/06 04:58:03.99,459919.4764,5634186.1694,2946596.4909
2023/12/06 04:58:04.99,459910.6859,5634187.7199,2946595.2439
2023/12/06 04:58:05.99,459901.9728,5634189.5964,2946593.5521
2023/12/06 04:58:06.99,459893.3451,5634191.5248,2946591.5838
2023/12/06 04:58:07.99,459885.1485,5634193.3746,2946589.7803
2023/12/06 04:58:08.99,459877.7165,5634195.0377,2946588.0806
2023/12/06 04:58:09.99,459871.3699,5634196.4458,2946586.6521
2023/12/06 04:58:10.99,459865.2748,5634197.752,2946585.3712
2023/12/06 04:58:11.99,459858.8409,5634199.106,2946584.0628
2023/12/06 04:58:12.99,459855.506,5634213.6154,2946588.6184
2023/12/06 04:58:13.99,459849.5621,5634214.7852,2946587.4167
2023/12/06 04:58:14.99,459844.4189,5634217.9113,2946586.0201
2023/12/06 04:58:15.99,459835.8501,5634211.6465,2946580.8774
2023/12/06 04:58:16.99,459828.7583,5634213.2283,2946579.1986
2023/12/06 04:58:17.99,459821.4409,5634214.8348,2946577.5987
2023/12/06 04:58:18.99,459814.0587,5634216.3658,2946575.9605
2023/12/06 04:58:19.99,459806.6551,5634217.9353,2946574.4422
2023/12/06 04:58:20.99,459801.4267,5634218.865,2946572.4562
2023/12/06 04:58:21.99,459790.6788,5634213.5861,2946569.3807
2023/12/06 04:58:22.99,459784.611,5634214.8796,2946567.9503
2023/12/06 04:58:23.99,459779.3289,5634216.0262,2946566.6734
2023/12/06 04:58:24.99,459777.3491,5634224.1076,2946567.7855
2023/12/06 04:58:25.99,459772.6476,5634217.4879,2946565.0671
2023/12/06 04:58:26.99,459771.4931,5634217.7826,2946564.7995
2023/12/06 04:58:27.99,459771.3508,5634217.8051,2946564.7583
2023/12/06 04:58:28.99,459771.3529,5634217.7982,2946564.7578
2023/12/06 04:58:29.99,459771.3482,5634217.793,2946564.7537
2023/12/06 04:58:30.99,459771.3549,5634217.79,2946564.7528
2023/12/06 04:58:31.99,459771.3506,5634217.801,2946564.7569
2023/12/06 04:58:32.99,459771.354,5634217.7915,2946564.7541
2023/12/06 04:58:33.99,459774.9238,5634227.3496,2946567.9088
2023/12/06 04:58:34.99,459774.9284,5634227.3428,2946567.9071
2023/12/06 04:58:35.99,459774.9301,5634227.3637,2946567.9126
2023/12/06 04:58:36.99,459774.9296,5634227.3471,2946567.9063
2023/12/06 04:58:37.99,459774.9266,5634227.3625,2946567.9107
2023/12/06 04:58:38.99,459771.3544,5634217.8169,2946564.7658
2023/12/06 04:58:39.99,459774.9295,5634227.366,2946567.916
2023/12/06 04:58:40.99,459771.365,5634217.7991,2946564.7619
2023/12/06 04:58:41.99,459771.4042,5634217.7836,2946564.7676
2023/12/06 04:58:42.99,459774.7995,5634227.3869,2946567.8807
2023/12/06 04:58:43.99,459770.4933,5634217.9877,2946564.5344
2023/12/06 04:58:44.99,459769.1314,5634218.2938,2946564.2087
2023/12/06 04:58:45.99,459767.2151,5634218.7384,2946563.7549
2023/12/06 04:58:46.99,459768.4321,5634237.9502,2946570.6766
2023/12/06 04:58:47.99,459766.2412,5634229.2269,2946565.7434
2023/12/06 04:58:48.99,459761.7927,5634227.5715,2946563.9488
2023/12/06 04:58:49.99,459758.8696,5634234.9629,2946567.1742
2023/12/06 04:58:50.99,459757.1563,5634231.7967,2946563.8669
2023/12/06 04:58:53.99,459739.4736,5634230.6607,2946558.2793
2023/12/06 04:58:54.99,459735.7203,5634230.3474,2946557.4395
2023/12/06 04:58:55.99,459731.5816,5634231.266,2946555.9272
2023/12/06 04:58:56.99,459725.0555,5634227.9334,2946553.3322
2023/12/06 04:58:57.99,459720.4346,5634228.9685,2946552.1081
2023/12/06 04:58:58.99,459715.6845,5634230.0327,2946550.9351
2023/12/06 04:58:59.99,459710.946,5634230.9832,2946549.9144
2023/12/06 04:59:00.99,459706.0221,5634232.0083,2946548.8974
2023/12/06 04:59:01.99,459703.5373,5634247.3181,2946553.1758
2023/12/06 04:59:02.99,459695.4082,5634234.0743,2946546.6135
2023/12/06 04:59:03.99,459689.8558,5634235.1674,2946545.4184
2023/12/06 04:59:04.99,459684.253,5634236.3246,2946544.1214
2023/12/06 04:59:05.99,459678.6114,5634237.512,2946542.694
2023/12/06 04:59:06.99,459676.4052,5634246.9341,2946544.5018
2023/12/06 04:59:07.99,459670.1666,5634243.3595,2946539.995
2023/12/06 04:59:08.99,459665.9281,5634253.5773,2946544.2694
2023/12/06 04:59:09.99,459655.2444,5634242.5249,2946536.8387
2023/12/06 04:59:10.99,459652.3207,5634251.9599,2946538.741
2023/12/06 04:59:11.99,459646.0108,5634253.211,2946537.3796
2023/12/06 04:59:12.99,459639.8333,5634254.3549,2946536.0765
2023/12/06 04:59:13.99,459633.2885,5634255.6173,2946534.6975
2023/12/06 04:59:14.99,459626.8464,5634256.8853,2946533.2576
2023/12/06 04:59:15.99,459620.9199,5634258.0409,2946531.8647
2023/12/06 04:59:16.99,459614.683,5634259.3858,2946530.3737
2023/12/06 04:59:17.99,459608.0095,5634260.7961,2946528.792
2023/12/06 04:59:18.99,459601.319,5634262.1694,2946527.2321
2023/12/06 04:59:19.99,459594.8222,5634274.1254,2946529.9053
2023/12/06 04:59:20.99,459587.6793,5634270.8687,2946526.4314
2023/12/06 04:59:21.99,459581.8037,5634276.6672,2946527.0831
2023/12/06 04:59:22.99,459575.8636,5634277.8761,2946525.6964
2023/12/06 04:59:23.99,459570.0255,5634279.106,2946524.3184
2023/12/06 04:59:24.99,459564.6041,5634280.224,2946523.0663
2023/12/06 04:59:25.99,459558.0584,5634276.7554,2946519.8127
2023/12/06 04:59:26.99,459552.8212,5634272.1274,2946516.7215
2023/12/06 04:59:27.99,459546.956,5634277.8568,2946519.2006
2023/12/06 04:59:28.99,459541.3177,5634278.1625,2946519.4374
2023/12/06 04:59:29.99,459535.5963,5634272.8103,2946516.0827
2023/12/06 04:59:30.99,459529.2236,5634273.2196,2946517.1553
2023/12/06 04:59:31.99,459523.5495,5634277.9246,2946515.5494
2023/12/06 04:59:32.99,459514.2406,5634271.3906,2946510.7414
2023/12/06 04:59:33.99,459506.3105,5634273.1866,2946508.5134
2023/12/06 04:59:34.99,459498.23,5634285.8095,2946511.898
2023/12/06 04:59:35.99,459490.3267,5634287.3088,2946510.3032
2023/12/06 04:59:36.99,459482.0589,5634288.9193,2946508.5841
2023/12/06 04:59:37.99,459474.2326,5634285.1449,2946504.1425
2023/12/06 04:59:38.99,459465.8069,5634281.148,2946499.7099
2023/12/06 04:59:39.99,459458.2402,5634293.6721,2946503.1084
2023/12/06 04:59:40.99,459451.5964,5634284.0456,2946496.4286
2023/12/06 04:59:41.99,459445.5221,5634296.2868,2946500.1205
2023/12/06 04:59:42.99,459440.6882,5634292.6531,2946496.5065
2023/12/06 04:59:43.99,459433.7941,5634298.6395,2946497.2565
2023/12/06 04:59:44.99,459428.7768,5634291.6032,2946490.7443
2023/12/06 04:59:45.99,459420.6243,5634296.7822,2946491.6514
2023/12/06 04:59:46.99,459412.4896,5634302.8942,2946492.2615
2023/12/06 04:59:47.99,459405.7562,5634298.818,2946488.2549
2023/12/06 04:59:48.99,459398.7376,5634300.1406,2946486.7487
2023/12/06 04:59:49.99,459393.0342,5634299.314,2946485.2993
2023/12/06 04:59:50.99,459384.6198,5634297.2006,2946481.0866
2023/12/06 04:59:51.99,459378.2256,5634298.4747,2946479.5674
2023/12/06 04:59:52.99,459372.0732,5634299.667,2946478.0757
2023/12/06 04:59:53.99,459366.3969,5634300.8225,2946476.7218
2023/12/06 04:59:54.99,459361.3643,5634301.8272,2946475.5575
2023/12/06 04:59:55.99,459356.6264,5634313.7369,2946479.6174
2023/12/06 04:59:56.99,459352.2137,5634303.5736,2946473.5057
2023/12/06 04:59:57.99,459348.2296,5634304.3745,2946472.6687
2023/12/06 04:59:58.99,459344.4432,5634305.0241,2946471.824
2023/12/06 04:59:59.99,459341.3426,5634305.5955,2946471.1449
2023/12/06 05:00:00.99,459338.3739,5634306.18,2946470.4999
2023/12/06 05:00:01.99,459335.8424,5634312.5635,2946473.3809
2023/12/06 05:00:02.99,459332.9293,5634313.6345,2946471.9259
2023/12/06 05:00:03.99,459330.2412,5634312.8273,2946471.2672
2023/12/06 05:00:04.99,459327.9275,5634308.6477,2946467.1309
2023/12/06 05:00:05.99,459327.5989,5634315.5987,2946468.7875
2023/12/06 05:00:06.99,459327.0137,5634314.6523,2946468.0274
2023/12/06 05:00:07.99,459326.8647,5634314.9625,2946467.4102
2023/12/06 05:00:08.99,459327.909,5634313.5018,2946464.9306
2023/12/06 05:00:09.99,459327.1658,5634315.9742,2946465.4214
2023/12/06 05:00:10.99,459328.1764,5634316.6347,2946464.0918
2023/12/06 05:00:11.99,459328.8955,5634312.2819,2946460.0944
2023/12/06 05:00:12.99,459330.67,5634312.5751,2946459.4181
2023/12/06 05:00:13.99,459333.1735,5634317.3965,2946462.2333
2023/12/06 05:00:14.99,459335.3213,5634318.6735,2946462.0939
2023/12/06 05:00:15.99,459337.1158,5634312.112,2946459.5074
2023/12/06 05:00:16.99,459340.5122,5634311.5289,2946460.1354
2023/12/06 05:00:17.99,459344.6992,5634310.8448,2946460.8731
2023/12/06 05:00:18.99,459351.0077,5634313.0378,2946463.0413
2023/12/06 05:00:19.99,459353.9195,5634309.33,2946462.4768
2023/12/06 05:00:20.99,459358.3526,5634308.6078,2946463.2395
2023/12/06 05:00:21.99,459362.9203,5634307.8576,2946463.9819
2023/12/06 05:00:22.99,459367.8831,5634307.1025,2946464.728
2023/12/06 05:00:23.99,459372.453,5634306.4366,2946465.3721
2023/12/06 05:00:24.99,459376.5054,5634305.875,2946465.9369
2023/12/06 05:00:25.99,459380.2817,5634305.3282,2946466.3972
2023/12/06 05:00:26.99,459384.1297,5634304.8936,2946466.7348
2023/12/06 05:00:27.99,459389.5635,5634308.476,2946469.7864
2023/12/06 05:00:28.99,459391.8375,5634303.8206,2946467.5938
2023/12/06 05:00:29.99,459395.211,5634303.2769,2946468.3291
2023/12/06 05:00:30.99,459397.4716,5634313.7803,2946474.0439
2023/12/06 05:00:31.99,459401.183,5634306.4245,2946472.0594
2023/12/06 05:00:32.99,459401.2156,5634302.083,2946469.49
2023/12/06 05:00:33.99,459402.2106,5634301.8965,2946469.671
2023/12/06 05:00:34.99,459402.3416,5634301.8844,2946469.7059
2023/12/06 05:00:35.99,459403.9759,5634304.8544,2946471.059
2023/12/06 05:00:36.99,459404.0679,5634304.8211,2946471.0767
2023/12/06 05:00:37.99,459404.777,5634304.7076,2946471.2324
2023/12/06 05:00:38.99,459404.0479,5634301.554,2946470.0534
2023/12/06 05:00:39.99,459405.8405,5634301.2104,2946470.41
2023/12/06 05:00:40.99,459408.5062,5634300.7216,2946470.9929
2023/12/06 05:00:41.99,459411.2755,5634300.1832,2946471.6408
2023/12/06 05:00:42.99,459413.9176,5634299.6577,2946472.2135
2023/12/06 05:00:43.99,459416.5546,5634299.2342,2946472.7146
2023/12/06 05:00:44.99,459419.2076,5634298.7372,2946473.2441
2023/12/06 05:00:45.99,459423.8244,5634306.3529,2946476.7455
2023/12/06 05:00:46.99,459425.7339,5634303.812,2946477.5585
2023/12/06 05:00:47.99,459430.2012,5634300.9138,2946478.3223
2023/12/06 05:00:48.99,459434.5252,5634304.1885,2946479.3531
2023/12/06 05:00:49.99,459437.1982,5634301.4656,2946480.3387
2023/12/06 05:00:50.99,459440.6939,5634294.3719,2946478.4055
2023/12/06 05:00:51.99,459446.4589,5634299.7349,2946482.2198
2023/12/06 05:00:52.99,459453.4884,5634300.6916,2946483.2254
2023/12/06 05:00:53.99,459458.7047,5634297.6404,2946484.2997
2023/12/06 05:00:54.99,459465.6621,5634296.5177,2946485.4065
2023/12/06 05:00:55.99,459473.1531,5634295.2899,2946486.5773
2023/12/06 05:00:56.99,459481.0325,5634293.8195,2946488.1358
2023/12/06 05:00:57.99,459488.7387,5634292.2434,2946489.8137
2023/12/06 05:00:58.99,459496.1925,5634290.6851,2946491.6381
2023/12/06 05:00:59.99,459503.7037,5634289.053,2946493.5756
2023/12/06 05:01:00.99,459511.3714,5634287.3937,2946495.5198
2023/12/06 05:01:01.99,459519.1823,5634285.7011,2946497.504
2023/12/06 05:01:02.99,459526.3526,5634277.826,2946496.597
2023/12/06 05:01:03.99,459533.8856,5634276.3127,2946498.4176
2023/12/06 05:01:04.99,459541.4242,5634274.7768,2946500.1461
2023/12/06 05:01:05.99,459548.4013,5634284.5642,2946507.0469
2023/12/06 05:01:06.99,459556.3969,5634278.09,2946506.3461
2023/12/06 05:01:07.99,459562.6095,5634281.7518,2946510.1821
2023/12/06 05:01:08.99,459570.0077,5634280.3604,2946511.6874
2023/12/06 05:01:09.99,459577.0734,5634278.9658,2946513.1309
2023/12/06 05:01:10.99,459584.8008,5634272.6775,2946512.2386
2023/12/06 05:01:11.99,459592.5053,5634273.4319,2946513.6225
2023/12/06 05:01:12.99,459597.3341,5634270.2427,2946514.9438
2023/12/06 05:01:13.99,459602.8783,5634269.1751,2946516.1581
2023/12/06 05:01:14.99,459609.1552,5634270.2148,2946517.2485
2023/12/06 05:01:15.99,459613.6792,5634269.2592,2946518.2191
2023/12/06 05:01:16.99,459616.851,5634264.4867,2946518.8624
2023/12/06 05:01:17.99,459619.3226,5634264.0027,2946519.3197
2023/12/06 05:01:18.99,459621.2281,5634263.713,2946519.5873
2023/12/06 05:01:19.99,459622.5779,5634263.4908,2946519.8219
2023/12/06 05:01:20.99,459623.6856,5634267.4547,2946520.0302
2023/12/06 05:01:21.99,459621.9422,5634259.2162,2946517.2254
2023/12/06 05:01:22.99,459621.9414,5634259.2455,2946517.2335
2023/12/06 05:01:23.99,459623.8083,5634267.3851,2946519.1746
2023/12/06 05:01:24.99,459623.9389,5634267.4049,2946520.0725
2023/12/06 05:01:25.99,459622.1275,5634259.1953,2946517.2699
2023/12/06 05:01:26.99,459622.1991,5634259.1713,2946517.2806
2023/12/06 05:01:27.99,459622.2371,5634259.1812,2946517.293
2023/12/06 05:01:28.99,459622.261,5634259.1806,2946517.3017
2023/12/06 05:01:29.99,459624.196,5634267.3742,2946520.1349
2023/12/06 05:01:30.99,459622.7149,5634264.9434,2946519.996
2023/12/06 05:01:31.99,459624.2589,5634267.3273,2946520.136
2023/12/06 05:01:32.99,459624.2536,5634267.3504,2946520.146
2023/12/06 05:01:33.99,459622.3418,5634259.142,2946517.3167
2023/12/06 05:01:34.99,459622.3474,5634259.1545,2946517.3199
2023/12/06 05:01:35.99,459622.3484,5634259.1371,2946517.3139
2023/12/06 05:01:36.99,459622.3589,5634259.1452,2946517.3201
2023/12/06 05:01:37.99,459622.8529,5634264.9387,2946520.8651
2023/12/06 05:01:38.99,459622.8974,5634264.9427,2946520.8787
2023/12/06 05:01:39.99,459623.0098,5634264.9362,2946520.9111
2023/12/06 05:01:40.99,459623.2723,5634264.8837,2946520.9691
2023/12/06 05:01:41.99,459623.1174,5634259.0029,2946517.483
2023/12/06 05:01:42.99,459621.4866,5634273.1001,2946521.3007
2023/12/06 05:01:43.99,459622.4302,5634272.89,2946521.5028
2023/12/06 05:01:44.99,459628.0998,5634266.6209,2946521.0254
2023/12/06 05:01:45.99,459630.1053,5634261.9834,2946521.4846
2023/12/06 05:01:46.99,459632.9878,5634261.3883,2946522.1638
2023/12/06 05:01:47.99,459635.8324,5634260.8112,2946522.811
2023/12/06 05:01:48.99,459639.1754,5634264.374,2946523.5386
2023/12/06 05:01:49.99,459642.0269,5634263.8268,2946524.1848
2023/12/06 05:01:50.99,459644.7392,5634263.2673,2946524.7848
2023/12/06 05:01:51.99,459645.7362,5634260.3508,2946526.0154
2023/12/06 05:01:52.99,459648.8964,5634262.4865,2946525.7224
2023/12/06 05:01:53.99,459650.4358,5634262.1674,2946526.0492
2023/12/06 05:01:54.99,459651.8671,5634257.646,2946526.3261
2023/12/06 05:01:55.99,459654.3607,5634257.1504,2946526.8827
2023/12/06 05:01:56.99,459657.2531,5634256.5432,2946527.55
2023/12/06 05:01:57.99,459659.8037,5634257.9988,2946528.4503
2023/12/06 05:01:58.99,459663.3609,5634266.5692,2946533.6962
2023/12/06 05:01:59.99,459667.2555,5634255.9694,2946530.8524
2023/12/06 05:02:00.99,459672.4917,5634257.6954,2946531.0613
2023/12/06 05:02:01.99,459675.9642,5634252.7444,2946531.8466
2023/12/06 05:02:02.99,459680.1152,5634251.905,2946532.8383
2023/12/06 05:02:03.99,459683.473,5634252.6523,2946534.6693
2023/12/06 05:02:04.99,459688.1221,5634251.6644,2946535.8555
2023/12/06 05:02:05.99,459693.1088,5634250.5689,2946537.173
2023/12/06 05:02:06.99,459698.2269,5634249.945,2946537.8268
2023/12/06 05:02:07.99,459702.8047,5634248.9206,2946539.1231
2023/12/06 05:02:08.99,459708.5691,5634249.8881,2946540.4214
2023/12/06 05:02:09.99,459712.8457,5634248.9187,2946541.5721
2023/12/06 05:02:10.99,459717.0395,5634247.8303,2946542.3531
2023/12/06 05:02:11.99,459716.3459,5634249.8281,2946546.7527
2023/12/06 05:02:12.99,459724.0197,5634250.1956,2946548.7011
2023/12/06 05:02:13.99,459726.5782,5634247.648,2946547.4754
2023/12/06 05:02:14.99,459736.6162,5634239.4189,2946545.223
2023/12/06 05:02:15.99,459746.405,5634238.7588,2946546.7458
2023/12/06 05:02:16.99,459750.2364,5634243.669,2946553.0023
2023/12/06 05:02:18.99,459764.3883,5634231.8695,2946552.0126
2023/12/06 05:02:19.99,459772.5996,5634229.4329,2946554.5106
2023/12/06 05:02:20.99,459782.0607,5634231.8045,2946558.3128
2023/12/06 05:02:21.99,459789.4227,5634239.4308,2946564.6598
2023/12/06 05:02:22.99,459796.007,5634234.5961,2946565.102
2023/12/06 05:02:23.99,459799.7453,5634239.6209,2946574.9768
2023/12/06 05:02:24.99,459813.1532,5634221.8511,2946564.9232
2023/12/06 05:02:25.99,459818.7443,5634224.0701,2946566.5168
2023/12/06 05:02:26.99,459825.4042,5634222.6725,2946567.8868
2023/12/06 05:02:27.99,459831.7655,5634221.3991,2946569.3519
2023/12/06 05:02:28.99,459836.7704,5634226.0514,2946574.4674
2023/12/06 05:02:29.99,459843.8384,5634218.5953,2946572.2331
2023/12/06 05:02:30.99,459850.2515,5634217.0672,2946573.9221
2023/12/06 05:02:31.99,459857.3568,5634215.5317,2946575.4798
2023/12/06 05:02:32.99,459866.3272,5634215.9671,2946576.9222
2023/12/06 05:02:33.99,459874.5873,5634214.1024,2946578.7008
2023/12/06 05:02:34.99,459883.2696,5634212.0818,2946580.8015
2023/12/06 05:02:35.99,459891.0472,5634207.9797,2946583.0511
2023/12/06 05:02:36.99,459897.4864,5634213.8431,2946586.6404
2023/12/06 05:02:37.99,459909.4668,5634203.3446,2946587.7789
2023/12/06 05:02:38.99,459918.9677,5634201.2284,2946588.8702
2023/12/06 05:02:39.99,459929.9916,5634201.7598,2946591.0172
2023/12/06 05:02:40.99,459939.4394,5634199.6943,2946592.8715
2023/12/06 05:02:41.99,459947.3447,5634195.0974,2946595.4549
2023/12/06 05:02:42.99,459956.5891,5634192.9972,2946597.4339
2023/12/06 05:02:43.99,459964.7304,5634197.7244,2946601.76
2023/12/06 05:02:44.99,459973.8857,5634195.6462,2946603.6848
2023/12/06 05:02:45.99,459984.0572,5634196.621,2946606.9243
2023/12/06 05:02:46.99,459993.1736,5634194.6096,2946608.8054
2023/12/06 05:02:47.99,460002.2722,5634192.5885,2946610.6396
2023/12/06 05:02:48.99,460011.3824,5634190.5293,2946612.4554
2023/12/06 05:02:49.99,460020.4604,5634188.4647,2946614.3835
2023/12/06 05:02:50.99,460028.6226,5634183.1232,2946615.7342
2023/12/06 05:02:51.99,460038.4884,5634184.2892,2946618.4082
2023/12/06 05:02:52.99,460047.4872,5634182.1766,2946620.3609
2023/12/06 05:02:53.99,460056.7028,5634170.762,2946617.9139
2023/12/06 05:02:54.99,460065.4381,5634178.0324,2946624.1358
2023/12/06 05:02:55.99,460074.7217,5634166.5216,2946621.5473
2023/12/06 05:02:56.99,460083.8245,5634173.7343,2946627.8276
2023/12/06 05:02:57.99,460093.2697,5634171.624,2946629.8398
2023/12/06 05:02:58.99,460102.6198,5634169.4968,2946631.8185
2023/12/06 05:02:59.99,460111.7835,5634167.3574,2946633.9088
2023/12/06 05:03:00.99,460121.0662,5634155.8195,2946631.8008
2023/12/06 05:03:01.99,460130.4178,5634153.5441,2946634.1756
2023/12/06 05:03:02.99,460139.8453,5634160.6085,2946640.9465
2023/12/06 05:03:03.99,460149.558,5634148.344,2946639.6421
2023/12/06 05:03:04.99,460159.2534,5634146.061,2946642.1887
2023/12/06 05:03:05.99,460168.8765,5634143.678,2946644.8292
2023/12/06 05:03:06.99,460178.3807,5634141.125,2946647.6578
2023/12/06 05:03:07.99,460187.7482,5634138.5158,2946650.5238
2023/12/06 05:03:08.99,460196.794,5634135.9573,2946653.3836
2023/12/06 05:03:09.99,460205.5375,5634133.4683,2946656.1848
2023/12/06 05:03:10.99,460213.9754,5634131.0328,2946658.9487
2023/12/06 05:03:11.99,460222.096,5634128.6253,2946661.691
2023/12/06 05:03:12.99,460229.8959,5634136.1595,2946668.1833
2023/12/06 05:03:13.99,460237.4053,5634133.7865,2946670.9695
2023/12/06 05:03:14.99,460244.8761,5634121.9824,2946669.4023
2023/12/06 05:03:15.99,460251.5501,5634119.1008,2946672.9893
2023/12/06 05:03:16.99,460258.2376,5634116.7922,2946675.8813
2023/12/06 05:03:17.99,460265.01,5634114.5035,2946678.7678
2023/12/06 05:03:18.99,460272.2937,5634112.0049,2946681.9701
2023/12/06 05:03:19.99,460280.1569,5634109.8819,2946684.7099
2023/12/06 05:03:20.99,460289.1767,5634109.0989,2946688.7022
2023/12/06 05:03:21.99,460294.6425,5634114.2437,2946695.6332
2023/12/06 05:03:22.99,460300.4838,5634102.3844,2946694.4897
2023/12/06 05:03:23.99,460305.8789,5634100.6231,2946696.8975
2023/12/06 05:03:24.99,460310.6844,5634099.6134,2946698.3203
2023/12/06 05:03:25.99,460315.9415,5634100.1843,2946699.934
2023/12/06 05:03:26.99,460317.4814,5634096.7109,2946702.3514
2023/12/06 05:03:27.99,460319.7282,5634095.8892,2946703.4916
2023/12/06 05:03:28.99,460321.8813,5634095.143,2946704.5272
2023/12/06 05:03:29.99,460323.7381,5634094.5329,2946705.4053
2023/12/06 05:03:30.99,460324.7055,5634094.1923,2946705.8565
2023/12/06 05:03:31.99,460324.7195,5634094.1995,2946705.8731
2023/12/06 05:03:32.99,460324.7199,5634094.186,2946705.8684
2023/12/06 05:03:33.99,460324.7324,5634094.1986,2946705.8809
2023/12/06 05:03:34.99,460324.9975,5634094.0941,2946705.9951
2023/12/06 05:03:35.99,460325.9929,5634093.7433,2946706.4609
2023/12/06 05:03:36.99,460327.4886,5634093.2652,2946707.2081
2023/12/06 05:03:37.99,460329.3077,5634092.5139,2946707.1725
2023/12/06 05:03:38.99,460331.3941,5634091.9129,2946709.0169
2023/12/06 05:03:39.99,460333.6544,5634091.1777,2946710.0143
2023/12/06 05:03:40.99,460336.0701,5634090.4521,2946711.0268
2023/12/06 05:03:41.99,460338.4373,5634089.7544,2946711.8987
2023/12/06 05:03:42.99,460339.9548,5634089.3717,2946712.3783
2023/12/06 05:03:43.99,460342.1871,5634088.9192,2946712.9079
2023/12/06 05:03:44.99,460345.6525,5634088.2569,2946713.6934
2023/12/06 05:03:45.99,460349.8232,5634087.3944,2946713.6196
2023/12/06 05:03:46.99,460354.407,5634085.8454,2946713.7304
2023/12/06 05:03:47.99,460357.5023,5634086.01,2946716.1009
2023/12/06 05:03:48.99,460361.1419,5634085.7302,2946716.219
2023/12/06 05:03:49.99,460363.5054,5634084.6633,2946717.5283
2023/12/06 05:03:50.99,460364.9035,5634084.37,2946717.9215
2023/12/06 05:03:51.99,460366.1985,5634084.6499,2946717.5798
2023/12/06 05:03:52.99,460366.9369,5634083.9158,2946718.4999
2023/12/06 05:03:53.99,460369.0064,5634084.0066,2946718.4146
2023/12/06 05:03:54.99,460370.7553,5634083.0258,2946719.6752
2023/12/06 05:03:55.99,460373.6041,5634082.8377,2946719.8981
2023/12/06 05:03:56.99,460377.0399,5634081.2645,2946722.0897
2023/12/06 05:03:57.99,460381.2439,5634079.8914,2946724.1861
2023/12/06 05:03:58.99,460385.8647,5634078.306,2946726.5803
2023/12/06 05:03:59.99,460392.0869,5634079.9546,2946729.5931
2023/12/06 05:04:00.99,460396.7001,5634071.547,2946730.5893
2023/12/06 05:04:04.99,460415.929,5634071.6334,2946743.7403
2023/12/06 05:04:05.99,460418.1963,5634068.8873,2946742.8274
2023/12/06 05:04:06.99,460420.3459,5634063.5391,2946741.8874
2023/12/06 05:04:07.99,460422.6876,5634062.7194,2946743.0646
2023/12/06 05:04:08.99,460425.8335,5634064.6566,2946746.2413
2023/12/06 05:04:09.99,460427.8884,5634063.814,2946747.4672
2023/12/06 05:04:10.99,460430.3171,5634062.7929,2946749.0101
2023/12/06 05:04:11.99,460433.6951,5634061.348,2946751.1331
2023/12/06 05:04:12.99,460437.8317,5634059.797,2946753.3776
2023/12/06 05:04:13.99,460442.5258,5634058.0755,2946755.8259
2023/12/06 05:04:14.99,460447.7435,5634056.2064,2946758.3868
2023/12/06 05:04:15.99,460453.4753,5634054.2845,2946760.1057
2023/12/06 05:04:16.99,460459.7225,5634052.2827,2946763.7804
2023/12/06 05:04:17.99,460466.2455,5634050.2459,2946766.8846
2023/12/06 05:04:18.99,460473.039,5634047.8924,2946770.1968
2023/12/06 05:04:19.99,460480.2475,5634044.5801,2946773.5506
2023/12/06 05:04:20.99,460487.4424,5634042.9135,2946777.5031
2023/12/06 05:04:21.99,460495.0637,5634040.2757,2946781.3022
2023/12/06 05:04:22.99,460503.0067,5634037.6167,2946784.1058
2023/12/06 05:04:23.99,460511.5552,5634035.5863,2946788.0954
2023/12/06 05:04:24.99,460519.8751,5634032.8627,2946792.0414
2023/12/06 05:04:25.99,460528.0282,5634030.0577,2946795.9547
2023/12/06 05:04:26.99,460535.4811,5634026.7574,2946800.4457
2023/12/06 05:04:27.99,460541.7562,5634024.5264,2946803.6587
2023/12/06 05:04:28.99,460546.102,5634022.9856,2946805.9272
2023/12/06 05:04:29.99,460549.672,5634021.672,2946807.8223
2023/12/06 05:04:30.99,460552.1271,5634020.7516,2946809.1346
2023/12/06 05:04:31.99,460554.3069,5634019.942,2946810.3095
2023/12/06 05:04:32.99,460556.5128,5634019.1578,2946811.4832
2023/12/06 05:04:33.99,460559.2139,5634018.2336,2946812.7802
2023/12/06 05:04:34.99,460562.9567,5634017.0451,2946814.4028
2023/12/06 05:04:35.99,460567.6876,5634015.5599,2946816.4254
2023/12/06 05:04:36.99,460573.5066,5634013.7845,2946818.9129
2023/12/06 05:04:37.99,460580.3628,5634011.563,2946821.993
2023/12/06 05:04:38.99,460588.1252,5634008.8814,2946825.822
2023/12/06 05:04:39.99,460596.0223,5634006.2555,2946829.8213
2023/12/06 05:04:40.99,460603.7998,5634003.4082,2946833.6551
2023/12/06 05:04:41.99,460611.6802,5634000.7973,2946837.4053
2023/12/06 05:04:42.99,460620.1434,5633998.0826,2946841.3038
2023/12/06 05:04:43.99,460629.095,5633995.1236,2946845.44
2023/12/06 05:04:44.99,460638.1248,5633992.1254,2946849.7019
2023/12/06 05:04:45.99,460647.2384,5633988.9026,2946854.2746
2023/12/06 05:04:46.99,460655.388,5633986.0252,2946858.538
2023/12/06 05:04:47.99,460661.2568,5633983.9884,2946861.4042
2023/12/06 05:04:48.99,460665.3125,5633982.545,2946863.3913
2023/12/06 05:04:49.99,460669.1214,5633981.2301,2946865.2801
2023/12/06 05:04:50.99,460673.294,5633979.7804,2946867.3703
2023/12/06 05:04:51.99,460678.187,5633978.0087,2946869.7976
2023/12/06 05:04:52.99,460683.8536,5633976.0726,2946872.6429
2023/12/06 05:04:53.99,460690.3347,5633973.8253,2946875.8407
2023/12/06 05:04:54.99,460697.7479,5633971.3389,2946879.4283
2023/12/06 05:04:55.99,460706.1668,5633968.5275,2946883.3837
2023/12/06 05:04:56.99,460715.1473,5633965.6037,2946887.6187
2023/12/06 05:04:57.99,460723.9612,5633962.6363,2946891.9003
2023/12/06 05:04:58.99,460732.7428,5633959.6613,2946896.2201
2023/12/06 05:04:59.99,460741.2131,5633956.8023,2946900.3772
2023/12/06 05:05:00.99,460749.3341,5633953.9642,2946904.3693
2023/12/06 05:05:01.99,460757.1252,5633951.3062,2946908.2509
2023/12/06 05:05:02.99,460764.5881,5633948.8301,2946911.8914
2023/12/06 05:05:03.99,460771.3903,5633946.5916,2946915.0841
2023/12/06 05:05:04.99,460777.2848,5633944.6337,2946917.8711
2023/12/06 05:05:05.99,460782.7196,5633942.8553,2946920.4912
2023/12/06 05:05:06.99,460787.6373,5633941.2116,2946922.8709
2023/12/06 05:05:07.99,460791.8791,5633939.7905,2946924.958
2023/12/06 05:05:08.99,460795.7788,5633938.5153,2946926.9121
2023/12/06 05:05:09.99,460799.4893,5633937.2277,2946928.7958
2023/12/06 05:05:10.99,460802.936,5633935.9979,2946930.6062
2023/12/06 05:05:11.99,460805.9449,5633935.0177,2946932.1444
2023/12/06 05:05:12.99,460808.5331,5633934.1601,2946933.3439
2023/12/06 05:05:13.99,460810.868,5633933.3994,2946934.4571
2023/12/06 05:05:14.99,460813.1109,5633932.6226,2946935.5032
2023/12/06 05:05:15.99,460815.4828,5633931.8735,2946936.6405
2023/12/06 05:05:16.99,460817.6832,5633931.1461,2946937.7033
2023/12/06 05:05:17.99,460820.1729,5633930.3254,2946938.9015
2023/12/06 05:05:18.99,460822.6029,5633929.5236,2946940.0349
2023/12/06 05:05:19.99,460824.5412,5633928.8913,2946940.924
2023/12/06 05:05:20.99,460826.378,5633928.3004,2946941.7965
2023/12/06 05:05:21.99,460827.837,5633927.625,2946942.9095
2023/12/06 05:05:22.99,460828.5313,5633926.8521,2946943.269
2023/12/06 05:05:23.99,460828.6261,5633926.2932,2946944.3249
2023/12/06 05:05:24.99,460828.5253,5633925.9795,2946944.9737
2023/12/06 05:05:25.99,460828.433,5633925.8469,2946945.2775
2023/12/06 05:05:26.99,460828.4122,5633925.8221,2946946.3355
2023/12/06 05:05:27.99,460828.0584,5633925.5177,2946946.0245
2023/12/06 05:05:28.99,460827.6899,5633925.2986,2946947.5146
2023/12/06 05:05:29.99,460827.2325,5633925.087,2946947.9608
2023/12/06 05:05:30.99,460826.6395,5633924.8888,2946947.5005
2023/12/06 05:05:31.99,460826.2146,5633924.7869,2946947.7799
2023/12/06 05:05:32.99,460825.7379,5633924.7529,2946948.9622
2023/12/06 05:05:33.99,460825.043,5633924.5869,2946948.3475
2023/12/06 05:05:34.99,460824.4749,5633924.5778,2946949.433
2023/12/06 05:05:35.99,460823.0845,5633924.5081,2946948.8663
2023/12/06 05:05:36.99,460820.9615,5633924.581,2946949.1132
2023/12/06 05:05:37.99,460817.8375,5633924.8698,2946950.1209
2023/12/06 05:05:38.99,460814.0113,5633925.4402,2946949.5842
2023/12/06 05:05:39.99,460810.4146,5633926.3577,2946948.3231
2023/12/06 05:05:40.99,460806.6754,5633927.5265,2946946.6492
2023/12/06 05:05:41.99,460802.5517,5633928.8356,2946944.704
2023/12/06 05:05:42.99,460797.6496,5633930.4226,2946942.4019
2023/12/06 05:05:43.99,460791.8747,5633932.2176,2946939.8012
2023/12/06 05:05:44.99,460785.3124,5633934.0741,2946937.1272
2023/12/06 05:05:45.99,460778.4402,5633935.9635,2946934.5278
2023/12/06 05:05:46.99,460771.1292,5633938.0842,2946931.4831
2023/12/06 05:05:47.99,460763.759,5633940.5048,2946927.9381
2023/12/06 05:05:48.99,460756.2523,5633943.0299,2946924.2622
2023/12/06 05:05:49.99,460748.929,5633945.607,2946920.4452
2023/12/06 05:05:50.99,460742.1029,5633948.0805,2946916.7809
2023/12/06 05:05:51.99,460735.4556,5633950.5791,2946913.1299
2023/12/06 05:05:52.99,460727.9758,5633953.2491,2946909.1835
2023/12/06 05:05:53.99,460719.6756,5633956.1629,2946905.0295
2023/12/06 05:05:54.99,460711.2927,5633958.8699,2946901.2209
2023/12/06 05:05:55.99,460703.1166,5633961.3633,2946897.8071
2023/12/06 05:05:56.99,460695.7171,5633963.5545,2946894.735
2023/12/06 05:05:57.99,460689.5324,5633965.49,2946892.0514
2023/12/06 05:05:58.99,460685.042,5633966.9809,2946889.9238
2023/12/06 05:05:59.99,460681.9084,5633968.0343,2946888.4054
2023/12/06 05:06:00.99,460680.4312,5633968.5725,2946887.6854
2023/12/06 05:06:01.99,460680.4628,5633968.5591,2946887.7008
2023/12/06 05:06:02.99,460680.4628,5633968.5679,2946887.7041
2023/12/06 05:06:03.99,460680.458,5633968.5638,2946887.7017
2023/12/06 05:06:04.99,460680.462,5633968.5553,2946887.6992
2023/12/06 05:06:05.99,460680.4582,5633968.5642,2946887.701
2023/12/06 05:06:06.99,460680.4596,5633968.5644,2946887.7
2023/12/06 05:06:07.99,460680.4594,5633968.5659,2946887.7017
2023/12/06 05:06:08.99,460680.4581,5633968.5666,2946887.6997
2023/12/06 05:06:09.99,460680.4564,5633968.5574,2946887.6966
2023/12/06 05:06:10.99,460680.4603,5633968.5715,2946887.7029
2023/12/06 05:06:11.99,460680.4586,5633968.5589,2946887.7002
2023/12/06 05:06:12.99,460680.458,5633968.5574,2946887.697
2023/12/06 05:06:13.99,460680.4592,5633968.5672,2946887.7004
2023/12/06 05:06:14.99,460680.4561,5633968.5696,2946887.7028
2023/12/06 05:06:15.99,460680.4588,5633968.5614,2946887.6991
2023/12/06 05:06:16.99,460680.4578,5633968.5693,2946887.7023
2023/12/06 05:06:17.99,460680.4583,5633968.5651,2946887.6992
2023/12/06 05:06:18.99,460680.4587,5633968.5673,2946887.701
2023/12/06 05:06:19.99,460680.4584,5633968.5708,2946887.7032
2023/12/06 05:06:20.99,460680.4585,5633968.5599,2946887.6979
2023/12/06 05:06:21.99,460680.4572,5633968.5686,2946887.7005
2023/12/06 05:06:22.99,460680.4606,5633968.5659,2946887.6994
2023/12/06 05:06:23.99,460680.4601,5633968.5698,2946887.7007
2023/12/06 05:06:24.99,460680.4598,5633968.5644,2946887.6992
2023/12/06 05:06:25.99,460680.4558,5633968.561,2946887.7001
2023/12/06 05:06:26.99,460680.4591,5633968.5742,2946887.7044
2023/12/06 05:06:27.99,460680.4572,5633968.5536,2946887.6966
2023/12/06 05:06:28.99,460680.4549,5633968.5605,2946887.6982
2023/12/06 05:06:29.99,460680.4626,5633968.5579,2946887.6999
2023/12/06 05:06:30.99,460680.4462,5633968.5676,2946887.6924
2023/12/06 05:06:31.99,460679.8293,5633968.7864,2946887.3906
2023/12/06 05:06:32.99,460678.1112,5633969.3926,2946886.5225
2023/12/06 05:06:33.99,460675.5821,5633970.2491,2946885.2705
2023/12/06 05:06:34.99,460672.5518,5633971.1672,2946882.8866
2023/12/06 05:06:35.99,460669.1006,5633972.4634,2946882.1052
2023/12/06 05:06:36.99,460665.3732,5633973.6233,2946879.4012
2023/12/06 05:06:37.99,460661.3728,5633974.971,2946877.5161
2023/12/06 05:06:38.99,460656.9007,5633976.6005,2946876.2512
2023/12/06 05:06:39.99,460651.988,5633978.2838,2946873.797
2023/12/06 05:06:40.99,460646.674,5633980.0651,2946870.208
2023/12/06 05:06:41.99,460641.7697,5633981.8826,2946868.6977
2023/12/06 05:06:42.99,460636.8835,5633983.4656,2946866.4689
2023/12/06 05:06:43.99,460632.1239,5633984.9943,2946864.3671
2023/12/06 05:06:44.99,460627.1845,5633986.5796,2946862.0989
2023/12/06 05:06:45.99,460621.9681,5633988.2238,2946858.7246
2023/12/06 05:06:46.99,460616.5059,5633990.0649,2946856.076
2023/12/06 05:06:47.99,460610.7697,5633992.1632,2946854.1485
2023/12/06 05:06:48.99,460604.6132,5633994.1771,2946850.1584
2023/12/06 05:06:49.99,460598.1746,5633996.4555,2946846.9175
2023/12/06 05:06:50.99,460591.4617,5633998.8919,2946844.472
2023/12/06 05:06:51.99,460584.397,5634001.3302,2946841.0091
2023/12/06 05:06:52.99,460577.0663,5634003.8302,2946837.442
2023/12/06 05:06:53.99,460569.4663,5634006.3804,2946833.8187
2023/12/06 05:06:54.99,460561.559,5634008.9458,2946829.1222
2023/12/06 05:06:55.99,460553.5042,5634011.7911,2946826.1006
2023/12/06 05:06:56.99,460545.1708,5634014.6353,2946822.0197
2023/12/06 05:06:57.99,460536.7312,5634017.432,2946816.967
2023/12/06 05:06:58.99,460528.6249,5634020.3169,2946813.9669
2023/12/06 05:06:59.99,460520.4712,5634023.0516,2946810.0837
2023/12/06 05:07:00.99,460512.1422,5634025.6536,2946805.2528
2023/12/06 05:07:01.99,460503.9503,5634028.5568,2946802.3222
2023/12/06 05:07:02.99,460495.7134,5634035.6218,2946798.9506
2023/12/06 05:07:03.99,460488.5861,5634033.5465,2946793.939
2023/12/06 05:07:04.99,460481.0253,5634036.2326,2946790.107
2023/12/06 05:07:05.99,460473.3707,5634038.9259,2946786.2123
2023/12/06 05:07:06.99,460465.9775,5634041.4515,2946782.5628
2023/12/06 05:07:07.99,460459.4767,5634043.5718,2946779.5703
2023/12/06 05:07:08.99,460454.2307,5634045.473,2946778.0884
2023/12/06 05:07:09.99,460449.6684,5634047.0412,2946775.8592
2023/12/06 05:07:10.99,460445.429,5634048.3398,2946772.8411
2023/12/06 05:07:11.99,460440.5784,5634052.648,2946771.1488
2023/12/06 05:07:12.99,460436.3267,5634054.0704,2946769.0538
2023/12/06 05:07:13.99,460432.4493,5634055.3605,2946767.2195
2023/12/06 05:07:14.99,460429.3924,5634053.8576,2946766.0224
2023/12/06 05:07:15.99,460425.976,5634054.9618,2946764.4118
2023/12/06 05:07:16.99,460422.5704,5634056.0777,2946762.7663
2023/12/06 05:07:17.99,460419.2938,5634057.2863,2946761.0834
2023/12/06 05:07:18.99,460416.0038,5634058.4893,2946759.3485
2023/12/06 05:07:19.99,460412.6829,5634059.6735,2946757.6372
2023/12/06 05:07:20.99,460409.0423,5634060.9324,2946755.7717
2023/12/06 05:07:21.99,460403.7857,5634069.2213,2946755.1998
2023/12/06 05:07:22.99,460400.8041,5634063.5196,2946750.9288
2023/12/06 05:07:23.99,460397.1237,5634064.7143,2946749.2925
2023/12/06 05:07:24.99,460393.622,5634065.8193,2946747.7592
2023/12/06 05:07:25.99,460389.807,5634067.0298,2946746.0105
2023/12/06 05:07:26.99,460385.5899,5634068.5126,2946743.9424
2023/12/06 05:07:27.99,460381.5271,5634069.8916,2946741.8921
2023/12/06 05:07:28.99,460377.8276,5634071.1563,2946740.0374
2023/12/06 05:07:29.99,460374.1201,5634072.4009,2946738.2468
2023/12/06 05:07:30.99,460370.0811,5634073.6216,2946736.5055
2023/12/06 05:07:31.99,460365.5815,5634075.0433,2946734.4628
2023/12/06 05:07:32.99,460360.3625,5634077.0075,2946732.7376
2023/12/06 05:07:33.99,460354.2288,5634079.2399,2946729.4571
2023/12/06 05:07:34.99,460347.0123,5634081.7908,2946725.7613
2023/12/06 05:07:35.99,460338.8201,5634084.5302,2946721.8225
2023/12/06 05:07:36.99,460330.1806,5634087.2204,2946716.9385
2023/12/06 05:07:37.99,460321.412,5634090.1842,2946712.746
2023/12/06 05:07:38.99,460311.0062,5634100.3976,2946710.7061
2023/12/06 05:07:39.99,460302.2094,5634096.7638,2946703.5277
2023/12/06 05:07:40.99,460292.3782,5634100.1832,2946698.8454
2023/12/06 05:07:41.99,460282.819,5634103.707,2946695.2493
2023/12/06 05:07:42.99,460273.3259,5634107.0692,2946690.8134
2023/12/06 05:07:43.99,460262.1467,5634117.3851,2946687.8122
2023/12/06 05:07:44.99,460251.5881,5634120.8589,2946683.2419
2023/12/06 05:07:45.99,460241.4349,5634124.3764,2946678.9732
2023/12/06 05:07:46.99,460232.386,5634120.7952,2946672.5398
2023/12/06 05:07:47.99,460221.15,5634130.9737,2946671.245
2023/12/06 05:07:48.99,460212.235,5634125.9242,2946665.2207
2023/12/06 05:07:49.99,460200.7239,5634136.8249,2946664.6086
2023/12/06 05:07:50.99,460190.4654,5634139.82,2946661.3699
2023/12/06 05:07:51.99,460181.206,5634135.6738,2946655.8746
2023/12/06 05:07:52.99,460169.8016,5634145.2611,2946655.4723
2023/12/06 05:07:53.99,460159.3862,5634147.8638,2946652.7124
2023/12/06 05:07:54.99,460148.3827,5634150.4802,2946649.7144
2023/12/06 05:07:55.99,460136.5976,5634153.3485,2946646.7932
2023/12/06 05:07:56.99,460125.291,5634149.413,2946642.3613
2023/12/06 05:07:57.99,460111.573,5634159.274,2946640.7991
2023/12/06 05:07:58.99,460098.587,5634162.6207,2946637.3684
2023/12/06 05:07:59.99,460085.01,5634166.1196,2946633.7421
2023/12/06 05:08:00.99,460071.5847,5634169.5785,2946630.3298
2023/12/06 05:08:01.99,460057.9146,5634173.0012,2946627.1808
2023/12/06 05:08:02.99,460045.0966,5634169.4642,2946621.6685
2023/12/06 05:08:03.99,460031.4374,5634172.785,2946618.3904
2023/12/06 05:08:04.99,460018.8473,5634172.3211,2946613.6807
2023/12/06 05:08:05.99,460006.0193,5634175.0386,2946611.295
2023/12/06 05:08:06.99,459993.031,5634177.68,2946609.1736
2023/12/06 05:08:07.99,459977.6858,5634190.794,2946611.193
2023/12/06 05:08:08.99,459965.2585,5634185.1934,2946605.1256
2023/12/06 05:08:09.99,459951.2144,5634196.1166,2946606.6448
2023/12/06 05:08:10.99,459938.5394,5634198.8595,2946604.2173
2023/12/06 05:08:11.99,459925.7233,5634201.299,2946602.2602
2023/12/06 05:08:12.99,459913.188,5634203.5163,2946600.5726
2023/12/06 05:08:13.99,459901.2679,5634205.9535,2946598.4423
2023/12/06 05:08:14.99,459889.7182,5634208.5975,2946595.9211
2023/12/06 05:08:15.99,459878.7808,5634211.1504,2946593.2638
2023/12/06 05:08:16.99,459868.3569,5634213.4693,2946590.8536
2023/12/06 05:08:17.99,459858.2866,5634215.6391,2946588.7387
2023/12/06 05:08:18.99,459848.3341,5634217.7581,2946586.5224
2023/12/06 05:08:19.99,459838.4233,5634219.9811,2946584.28
2023/12/06 05:08:20.99,459829.6038,5634215.2383,2946579.841
2023/12/06 05:08:21.99,459819.576,5634217.2688,2946577.8235
2023/12/06 05:08:22.99,459809.5716,5634219.4324,2946575.6146
2023/12/06 05:08:23.99,459798.3676,5634228.5065,2946575.612
2023/12/06 05:08:24.99,459789.6908,5634223.9142,2946571.0038
2023/12/06 05:08:25.99,459779.7936,5634225.9294,2946568.5686
2023/12/06 05:08:26.99,459768.9409,5634234.991,2946568.4908
2023/12/06 05:08:27.99,459760.6236,5634230.1343,2946563.7785
2023/12/06 05:08:30.99,459736.3282,5634233.4608,2946558.1247
2023/12/06 05:08:31.99,459731.1931,5634234.5104,2946556.3608
2023/12/06 05:08:32.99,459728.0062,5634237.3892,2946556.4716
2023/12/06 05:08:33.99,459727.1384,5634237.5945,2946556.2413
2023/12/06 05:08:34.99,459727.082,5634237.6016,2946556.222
2023/12/06 05:08:35.99,459727.0826,5634237.5998,2946556.2197
2023/12/06 05:08:36.99,459727.0823,5634237.6046,2946556.2235
2023/12/06 05:08:37.99,459727.0852,5634237.612,2946556.2236
2023/12/06 05:08:38.99,459727.0813,5634237.5963,2946556.2196
2023/12/06 05:08:39.99,459727.0815,5634237.6004,2946556.2228
2023/12/06 05:08:40.99,459727.0848,5634237.6074,2946556.2247
2023/12/06 05:08:41.99,459727.0836,5634237.6047,2946556.2232
2023/12/06 05:08:42.99,459727.0836,5634237.6116,2946556.2249
2023/12/06 05:08:43.99,459727.0838,5634237.6037,2946556.2226
2023/12/06 05:08:44.99,459727.0853,5634237.6189,2946556.2279
2023/12/06 05:08:45.99,459727.0815,5634237.6026,2946556.2246
2023/12/06 05:08:46.99,459727.0846,5634237.6087,2946556.2244
2023/12/06 05:08:47.99,459727.0852,5634237.6075,2946556.2242
2023/12/06 05:08:48.99,459727.0832,5634237.6038,2946556.2246
2023/12/06 05:08:49.99,459727.0841,5634237.6048,2946556.2251
2023/12/06 05:08:50.99,459727.0479,5634236.2486,2946553.773
2023/12/06 05:08:51.99,459727.0853,5634237.6143,2946556.2256
2023/12/06 05:08:52.99,459727.0515,5634236.246,2946553.7723
2023/12/06 05:08:53.99,459727.0537,5634236.2499,2946553.7708
2023/12/06 05:08:54.99,459727.0838,5634237.6158,2946556.2281
2023/12/06 05:08:55.99,459727.0825,5634237.6093,2946556.2268
2023/12/06 05:08:56.99,459727.0822,5634237.6137,2946556.227
2023/12/06 05:08:57.99,459727.0512,5634236.245,2946553.7717
2023/12/06 05:08:58.99,459727.0801,5634237.6031,2946556.2245
2023/12/06 05:08:59.99,459727.0509,5634236.2571,2946553.7759
2023/12/06 05:09:00.99,459727.0821,5634237.6098,2946556.2252
2023/12/06 05:09:01.99,459727.0511,5634236.2496,2946553.773
2023/12/06 05:09:02.99,459727.0504,5634236.2475,2946553.7733
2023/12/06 05:09:03.99,459727.0505,5634236.2429,2946553.771
2023/12/06 05:09:04.99,459727.0491,5634236.2479,2946553.7748
2023/12/06 05:09:05.99,459727.0503,5634236.2453,2946553.7735
2023/12/06 05:09:06.99,459727.0521,5634236.2488,2946553.7751
2023/12/06 05:09:07.99,459727.049,5634236.2429,2946553.7726
2023/12/06 05:09:08.99,459727.0511,5634236.2528,2946553.7743
2023/12/06 05:09:09.99,459727.0518,5634236.2498,2946553.7758
2023/12/06 05:09:10.99,459727.0513,5634236.2517,2946553.776
2023/12/06 05:09:11.99,459727.0488,5634236.2506,2946553.7752
2023/12/06 05:09:12.99,459727.0539,5634236.2481,2946553.7754
2023/12/06 05:09:13.99,459727.0537,5634236.2586,2946553.7785
2023/12/06 05:09:14.99,459727.0532,5634236.245,2946553.7753
2023/12/06 05:09:15.99,459727.0523,5634236.2504,2946553.7764
2023/12/06 05:09:16.99,459727.0525,5634236.2539,2946553.7775
2023/12/06 05:09:17.99,459727.0541,5634236.2429,2946553.7751
2023/12/06 05:09:18.99,459727.0559,5634236.2605,2946553.7799
2023/12/06 05:09:19.99,459727.0542,5634236.2558,2946553.7783
2023/12/06 05:09:20.99,459727.0562,5634236.261,2946553.7819
2023/12/06 05:09:21.99,459727.0551,5634236.2583,2946553.7806
2023/12/06 05:09:22.99,459727.052,5634236.2536,2946553.7758
2023/12/06 05:09:23.99,459727.0548,5634236.2558,2946553.7776
2023/12/06 05:09:24.99,459727.0559,5634236.2601,2946553.7806
2023/12/06 05:09:25.99,459727.0568,5634236.2578,2946553.7785
2023/12/06 05:09:26.99,459727.059,5634236.2579,2946553.7815
2023/12/06 05:09:27.99,459727.0782,5634237.6058,2946556.2278
2023/12/06 05:09:28.99,459727.0579,5634236.2606,2946553.7822
2023/12/06 05:09:29.99,459727.0559,5634236.2495,2946553.7774
2023/12/06 05:09:30.99,459727.0582,5634236.2623,2946553.7834
2023/12/06 05:09:31.99,459727.0589,5634236.2501,2946553.7782
2023/12/06 05:09:32.99,459727.0584,5634236.2488,2946553.7778
2023/12/06 05:09:33.99,459727.0587,5634236.2581,2946553.7806
2023/12/06 05:09:34.99,459727.0583,5634236.2529,2946553.7794
2023/12/06 05:09:35.99,459727.0598,5634236.2517,2946553.7792
2023/12/06 05:09:36.99,459727.0619,5634236.2561,2946553.7812
2023/12/06 05:09:37.99,459727.0578,5634236.25,2946553.7774
2023/12/06 05:09:38.99,459727.0583,5634236.2441,2946553.7748
2023/12/06 05:09:39.99,459727.061,5634236.2532,2946553.7775
2023/12/06 05:09:40.99,459727.0597,5634236.2468,2946553.779
2023/12/06 05:09:41.99,459727.0618,5634236.2511,2946553.7793
2023/12/06 05:09:42.99,459727.0611,5634236.2514,2946553.7805
2023/12/06 05:09:43.99,459727.0627,5634236.2501,2946553.7794
2023/12/06 05:09:44.99,459725.9051,5634238.7507,2946554.7634
2023/12/06 05:09:45.99,459727.063,5634236.243,2946553.7745
2023/12/06 05:09:46.99,459727.0608,5634236.2471,2946553.777
2023/12/06 05:09:47.99,459727.0619,5634236.2504,2946553.7775
2023/12/06 05:09:48.99,459727.0604,5634236.2375,2946553.7737
2023/12/06 05:09:49.99,459727.0623,5634236.2496,2946553.7786
2023/12/06 05:09:50.99,459727.0616,5634236.2514,2946553.7776
2023/12/06 05:09:51.99,459727.0633,5634236.2361,2946553.7748
2023/12/06 05:09:52.99,459727.0631,5634236.2436,2946553.7745
2023/12/06 05:09:53.99,459727.0621,5634236.2488,2946553.7783
2023/12/06 05:09:54.99,459726.3154,5634239.8854,2946556.4138
2023/12/06 05:09:55.99,459726.3158,5634239.8752,2946556.4112
2023/12/06 05:09:56.99,459727.0647,5634236.2541,2946553.7791
2023/12/06 05:09:57.99,459727.0648,5634236.2425,2946553.774
2023/12/06 05:09:58.99,459727.0668,5634236.2461,2946553.7746
2023/12/06 05:09:59.99,459727.066,5634236.2473,2946553.777
2023/12/06 05:10:00.99,459727.0679,5634236.2379,2946553.7741
2023/12/06 05:10:01.99,459726.3179,5634239.8825,2946556.4122
2023/12/06 05:10:02.99,459726.3197,5634239.8755,2946556.4113
2023/12/06 05:10:03.99,459727.0685,5634236.2335,2946553.7721
2023/12/06 05:10:04.99,459727.0667,5634236.2458,2946553.7762
2023/12/06 05:10:05.99,459726.3166,5634239.882,2946556.4129
2023/12/06 05:10:06.99,459727.0682,5634236.2494,2946553.7769
2023/12/06 05:10:07.99,459727.0695,5634236.2449,2946553.773
2023/12/06 05:10:08.99,459726.3207,5634239.8766,2946556.4105
2023/12/06 05:10:09.99,459726.3176,5634239.8749,2946556.4102
2023/12/06 05:10:10.99,459726.3197,5634239.8747,2946556.4093
2023/12/06 05:10:11.99,459726.3166,5634239.8777,2946556.4121
2023/12/06 05:10:12.99,459726.3152,5634239.8707,2946556.4078
2023/12/06 05:10:13.99,459726.3177,5634239.8779,2946556.4102
2023/12/06 05:10:14.99,459726.3163,5634239.865,2946556.4038
2023/12/06 05:10:15.99,459726.3164,5634239.8771,2946556.4117
2023/12/06 05:10:16.99,459726.3141,5634239.8745,2946556.4101
2023/12/06 05:10:17.99,459726.3158,5634239.8737,2946556.4095
2023/12/06 05:10:18.99,459726.3198,5634239.8893,2946556.4134
2023/12/06 05:10:19.99,459726.3159,5634239.8776,2946556.4096
2023/12/06 05:10:20.99,459726.3169,5634239.8762,2946556.4092
2023/12/06 05:10:21.99,459726.3177,5634239.8803,2946556.4101
2023/12/06 05:10:22.99,459726.3159,5634239.868,2946556.4064
2023/12/06 05:10:23.99,459726.3171,5634239.8885,2946556.414
2023/12/06 05:10:24.99,459726.3165,5634239.8736,2946556.4091
2023/12/06 05:10:25.99,459726.3115,5634239.8638,2946556.4079
2023/12/06 05:10:26.99,459726.3184,5634239.8592,2946556.4071
2023/12/06 05:10:27.99,459726.3218,5634239.8702,2946556.4115
2023/12/06 05:10:28.99,459725.9511,5634239.9795,2946556.3071
2023/12/06 05:10:29.99,459724.9362,5634243.8743,2946558.8235
2023/12/06 05:10:30.99,459722.8355,5634244.3607,2946558.2839
2023/12/06 05:10:31.99,459719.7315,5634241.3489,2946554.8009
2023/12/06 05:10:32.99,459716.292,5634242.0136,2946554.051
2023/12/06 05:10:33.99,459712.5756,5634242.8202,2946553.2063
2023/12/06 05:10:34.99,459709.3322,5634243.5073,2946552.4428
2023/12/06 05:10:35.99,459706.4595,5634244.1114,2946551.7661
2023/12/06 05:10:36.99,459703.6919,5634244.7383,2946551.0362
2023/12/06 05:10:37.99,459701.0863,5634245.2927,2946550.3372
2023/12/06 05:10:38.99,459698.5819,5634245.8517,2946549.693
2023/12/06 05:10:39.99,459695.9266,5634246.4318,2946549.0597
2023/12/06 05:10:40.99,459694.3097,5634241.7979,2946544.8432
2023/12/06 05:10:41.99,459689.0013,5634247.8452,2946547.4271
2023/12/06 05:10:42.99,459685.585,5634248.5444,2946546.645
2023/12/06 05:10:43.99,459682.138,5634249.2306,2946545.8515
2023/12/06 05:10:44.99,459677.7962,5634250.0639,2946544.8989
2023/12/06 05:10:45.99,459673.0528,5634251.5556,2946542.9706
2023/12/06 05:10:46.99,459666.7457,5634251.2055,2946541.7176
2023/12/06 05:10:47.99,459662.7061,5634250.9513,2946541.4449
2023/12/06 05:10:48.99,459656.8487,5634252.1291,2946539.453
2023/12/06 05:10:49.99,459652.3034,5634249.3669,2946537.0653
2023/12/06 05:10:50.99,459643.2482,5634256.8511,2946537.4923
2023/12/06 05:10:51.99,459636.4794,5634258.2551,2946535.8436
2023/12/06 05:10:52.99,459628.7936,5634259.8133,2946534.025
2023/12/06 05:10:53.99,459620.7007,5634261.3736,2946532.2399
2023/12/06 05:10:54.99,459612.4064,5634263.0278,2946530.4595
2023/12/06 05:10:55.99,459604.7414,5634262.3297,2946527.5494
2023/12/06 05:10:56.99,459596.6834,5634263.9439,2946525.7097
2023/12/06 05:10:57.99,459589.2445,5634266.0736,2946524.227
2023/12/06 05:10:58.99,459581.9921,5634267.5462,2946522.6353
2023/12/06 05:10:59.99,459575.2053,5634268.8861,2946521.1721
2023/12/06 05:11:00.99,459568.9642,5634270.118,2946519.8182
2023/12/06 05:11:01.99,459563.2548,5634271.2384,2946518.5658
2023/12/06 05:11:02.99,459557.9503,5634272.1431,2946517.6234
2023/12/06 05:11:03.99,459553.3471,5634272.7079,2946517.2072
2023/12/06 05:11:04.99,459548.2665,5634274.7322,2946517.9507
2023/12/06 05:11:05.99,459545.4028,5634273.2056,2946517.3159
2023/12/06 05:11:06.99,459541.5588,5634273.4182,2946517.4843
2023/12/06 05:11:07.99,459537.6515,5634273.7344,2946517.4585
2023/12/06 05:11:08.99,459532.7676,5634275.9288,2946518.0041
2023/12/06 05:11:09.99,459528.4539,5634276.6199,2946517.3954
2023/12/06 05:11:10.99,459523.3054,5634277.7116,2946516.18
2023/12/06 05:11:11.99,459517.2064,5634279.0901,2946514.5281
2023/12/06 05:11:12.99,459510.0187,5634280.5369,2946512.8632
2023/12/06 05:11:13.99,459501.9164,5634282.1326,2946511.106
2023/12/06 05:11:14.99,459494.0917,5634282.1884,2946508.3892
2023/12/06 05:11:15.99,459483.0489,5634290.9401,2946511.5783
2023/12/06 05:11:16.99,459475.6152,5634285.8149,2946504.1732
2023/12/06 05:11:17.99,459466.8461,5634287.5386,2946502.2755
2023/12/06 05:11:18.99,459458.6726,5634289.1715,2946500.4907
2023/12/06 05:11:19.99,459451.0835,5634290.6741,2946498.7931
2023/12/06 05:11:20.99,459443.238,5634293.7925,2946498.0372
2023/12/06 05:11:21.99,459437.5668,5634302.1589,2946499.7758
2023/12/06 05:11:22.99,459430.9932,5634303.7146,2946498.5302
2023/12/06 05:11:23.99,459418.1009,5634308.8252,2946498.2281
2023/12/06 05:11:24.99,459415.6102,5634297.8636,2946490.3179
2023/12/06 05:11:25.99,459401.3198,5634312.0755,2946494.4062
2023/12/06 05:11:26.99,459397.3715,5634302.8376,2946487.4044
2023/12/06 05:11:27.99,459388.968,5634304.4492,2946485.5461
2023/12/06 05:11:28.99,459380.645,5634306.0756,2946483.654
2023/12/06 05:11:29.99,459372.7399,5634307.5852,2946481.8896
2023/12/06 05:11:30.99,459365.2683,5634308.9799,2946480.2493
2023/12/06 05:11:31.99,459359.2597,5634308.6148,2946477.8638
2023/12/06 05:11:32.99,459351.6321,5634311.6879,2946477.1046
2023/12/06 05:11:33.99,459346.2613,5634310.5713,2946474.5994
2023/12/06 05:11:34.99,459340.3268,5634313.8948,2946474.5471
2023/12/06 05:11:35.99,459335.5644,5634314.7666,2946473.4918
2023/12/06 05:11:36.99,459331.818,5634315.5048,2946472.586
2023/12/06 05:11:37.99,459329.0188,5634316.2822,2946471.48
2023/12/06 05:11:38.99,459327.4252,5634316.9568,2946470.3426
2023/12/06 05:11:39.99,459326.6716,5634317.4468,2946469.4035
2023/12/06 05:11:40.99,459326.2681,5634317.8949,2946468.6094
2023/12/06 05:11:41.99,459326.098,5634318.1849,2946468.1493
2023/12/06 05:11:42.99,459326.0294,5634318.28,2946467.9221
2023/12/06 05:11:43.99,459325.99,5634318.3746,2946467.7286
2023/12/06 05:11:44.99,459325.9215,5634318.5848,2946467.3201
2023/12/06 05:11:45.99,459328.1244,5634319.3998,2946465.7248
2023/12/06 05:11:46.99,459328.2993,5634319.9918,2946464.6291
2023/12/06 05:11:47.99,459326.5972,5634320.2168,2946464.2316
2023/12/06 05:11:48.99,459327.2006,5634320.676,2946463.3412
2023/12/06 05:11:49.99,459327.9624,5634321.0766,2946462.5385
2023/12/06 05:11:50.99,459330.5241,5634319.8525,2946460.6388
2023/12/06 05:11:51.99,459333.412,5634320.1319,2946459.6422
2023/12/06 05:11:52.99,459339.4711,5634320.6565,2946461.5516
2023/12/06 05:11:53.99,459343.0303,5634319.1297,2946460.1838
2023/12/06 05:11:54.99,459350.9152,5634318.86,2946463.3463
2023/12/06 05:11:55.99,459356.2996,5634315.5391,2946461.9858
2023/12/06 05:11:56.99,459361.9396,5634315.2282,2946463.559
2023/12/06 05:11:57.99,459364.5738,5634315.4066,2946464.2353
2023/12/06 05:11:58.99,459364.5321,5634315.4188,2946464.2313
2023/12/06 05:11:59.99,459364.5297,5634315.4204,2946464.231
2023/12/06 05:12:00.99,459364.5029,5634315.4154,2946464.2228
2023/12/06 05:12:01.99,459364.4925,5634315.4301,2946464.2275
2023/12/06 05:12:02.99,459364.7262,5634315.3848,2946464.2658
2023/12/06 05:12:03.99,459365.0955,5634315.3119,2946464.3286
2023/12/06 05:12:04.99,459365.7288,5634315.217,2946464.4464
2023/12/06 05:12:05.99,459366.5792,5634315.0643,2946464.6012
2023/12/06 05:12:06.99,459367.3067,5634316.5152,2946465.709
2023/12/06 05:12:07.99,459370.995,5634314.3439,2946465.3993
2023/12/06 05:12:08.99,459374.4134,5634313.754,2946466.0921
2023/12/06 05:12:09.99,459378.527,5634313.0952,2946467.066
2023/12/06 05:12:10.99,459382.6745,5634312.1729,2946467.9691
2023/12/06 05:12:11.99,459387.1689,5634310.0045,2946468.2268
2023/12/06 05:12:12.99,459391.4054,5634310.5188,2946470.0421
2023/12/06 05:12:13.99,459397.3594,5634308.017,2946470.6629
2023/12/06 05:12:14.99,459403.1741,5634308.1309,2946472.7953
2023/12/06 05:12:15.99,459409.1017,5634306.9895,2946474.1169
2023/12/06 05:12:16.99,459414.5253,5634305.9337,2946475.2893
2023/12/06 05:12:17.99,459419.314,5634305.0515,2946476.3476
2023/12/06 05:12:18.99,459423.0497,5634304.3189,2946477.1554
2023/12/06 05:12:19.99,459426.059,5634302.4701,2946477.0379
2023/12/06 05:12:20.99,459426.943,5634303.6368,2946478.0288
2023/12/06 05:12:21.99,459427.6755,5634303.5033,2946478.195
2023/12/06 05:12:22.99,459427.7231,5634303.4925,2946478.2026
2023/12/06 05:12:23.99,459427.7273,5634303.4896,2946478.2026
2023/12/06 05:12:24.99,459427.7297,5634303.4937,2946478.206
2023/12/06 05:12:25.99,459427.7287,5634303.4931,2946478.203
2023/12/06 05:12:26.99,459427.7235,5634303.4531,2946478.1799
2023/12/06 05:12:27.99,459427.7256,5634303.4636,2946478.1849
2023/12/06 05:12:28.99,459427.7265,5634303.4454,2946478.1777
2023/12/06 05:12:29.99,459427.7308,5634303.4518,2946478.178
2023/12/06 05:12:30.99,459427.7294,5634303.4946,2946478.2049
2023/12/06 05:12:31.99,459427.728,5634303.447,2946478.1792
2023/12/06 05:12:32.99,459427.7106,5634303.5028,2946478.2033
2023/12/06 05:12:33.99,459427.6674,5634302.793,2946477.9269
2023/12/06 05:12:34.99,459428.7878,5634302.5592,2946478.1773
2023/12/06 05:12:35.99,459431.1984,5634302.8841,2946479.0138
2023/12/06 05:12:36.99,459433.9681,5634302.2842,2946479.5988
2023/12/06 05:12:37.99,459437.2338,5634301.6972,2946480.3014
2023/12/06 05:12:38.99,459440.68,5634300.2609,2946480.7042
2023/12/06 05:12:39.99,459444.6494,5634300.1766,2946481.7508
2023/12/06 05:12:40.99,459448.4665,5634299.5245,2946482.5264
2023/12/06 05:12:41.99,459452.9396,5634298.7339,2946483.3096
2023/12/06 05:12:42.99,459455.0035,5634300.9913,2946484.5186
2023/12/06 05:12:43.99,459463.7827,5634296.882,2946485.1374
2023/12/06 05:12:44.99,459470.0939,5634295.8278,2946486.2166
2023/12/06 05:12:45.99,459476.9194,5634294.612,2946487.4378
2023/12/06 05:12:46.99,459484.0386,5634293.2543,2946488.9214
2023/12/06 05:12:47.99,459491.394,5634291.7247,2946490.6841
2023/12/06 05:12:48.99,459499.0164,5634290.1284,2946492.5434
2023/12/06 05:12:49.99,459506.8565,5634288.4861,2946494.4762
2023/12/06 05:12:50.99,459513.0136,5634287.4733,2946496.1142
2023/12/06 05:12:51.99,459522.7025,5634285.0511,2946498.3747
2023/12/06 05:12:52.99,459528.6428,5634284.2057,2946499.9816
2023/12/06 05:12:53.99,459538.517,5634280.5056,2946501.3678
2023/12/06 05:12:54.99,459545.1974,5634279.2299,2946502.8608
2023/12/06 05:12:55.99,459551.2598,5634281.9237,2946504.7108
2023/12/06 05:12:56.99,459555.4412,5634277.2676,2946505.1185
2023/12/06 05:12:57.99,459560.0139,5634277.6633,2946506.7966
2023/12/06 05:12:58.99,459565.3555,5634276.6356,2946507.9427
2023/12/06 05:12:59.99,459571.6589,5634274.1003,2946508.6159
2023/12/06 05:13:00.99,459577.5883,5634274.1753,2946510.7951
2023/12/06 05:13:01.99,459584.3297,5634272.8524,2946512.2901
2023/12/06 05:13:02.99,459591.388,5634271.4757,2946513.8332
2023/12/06 05:13:03.99,459597.9758,5634270.1149,2946515.4264
2023/12/06 05:13:04.99,459603.6264,5634268.9973,2946516.6717
2023/12/06 05:13:05.99,459609.2406,5634267.9543,2946517.7532
2023/12/06 05:13:06.99,459614.6136,5634266.9555,2946518.8073
2023/12/06 05:13:07.99,459619.2925,5634266.0811,2946519.765
2023/12/06 05:13:08.99,459623.0224,5634265.3613,2946520.5812
2023/12/06 05:13:09.99,459626.9497,5634267.0943,2946521.1296
2023/12/06 05:13:10.99,459627.2576,5634264.5036,2946521.499
2023/12/06 05:13:11.99,459627.7689,5634264.3932,2946521.6066
2023/12/06 05:13:12.99,459627.7605,5634264.4234,2946521.6168
2023/12/06 05:13:13.99,459627.761,5634264.387,2946521.6015
2023/12/06 05:13:14.99,459627.7584,5634264.3599,2946521.5853
2023/12/06 05:13:15.99,459627.7566,5634264.4083,2946521.6119
2023/12/06 05:13:16.99,459627.7549,5634264.4198,2946521.6182
2023/12/06 05:13:17.99,459627.7709,5634264.4785,2946521.652
2023/12/06 05:13:18.99,459627.7682,5634264.4987,2946521.6576
2023/12/06 05:13:19.99,459627.7685,5634264.4804,2946521.6514
2023/12/06 05:13:20.99,459627.7707,5634264.4819,2946521.6546
2023/12/06 05:13:21.99,459627.7687,5634264.486,2946521.6557
2023/12/06 05:13:22.99,459627.7705,5634264.4761,2946521.6532
2023/12/06 05:13:23.99,459627.7672,5634264.4785,2946521.6541
2023/12/06 05:13:24.99,459627.7649,5634264.4885,2946521.6534
2023/12/06 05:13:25.99,459627.7677,5634264.4854,2946521.6555
2023/12/06 05:13:26.99,459627.7736,5634264.4784,2946521.6512
2023/12/06 05:13:27.99,459627.7643,5634264.4919,2946521.6584
2023/12/06 05:13:28.99,459627.7703,5634264.4795,2946521.653
2023/12/06 05:13:29.99,459627.7694,5634264.4847,2946521.6549
2023/12/06 05:13:30.99,459627.7683,5634264.4831,2946521.6492
2023/12/06 05:13:31.99,459627.7654,5634264.4893,2946521.6595
2023/12/06 05:13:32.99,459627.7642,5634264.4698,2946521.6434
2023/12/06 05:13:33.99,459627.7631,5634264.4687,2946521.6441
2023/12/06 05:13:34.99,459627.7678,5634264.4841,2946521.6569
2023/12/06 05:13:35.99,459627.7633,5634264.4686,2946521.6424
2023/12/06 05:13:36.99,459627.7683,5634264.455,2946521.638
2023/12/06 05:13:37.99,459627.7692,5634264.4586,2946521.6399
2023/12/06 05:13:38.99,459627.8116,5634264.4451,2946521.6429
2023/12/06 05:13:39.99,459625.0551,5634267.5496,2946522.0848
2023/12/06 05:13:40.99,459628.5059,5634264.2887,2946521.7954
2023/12/06 05:13:41.99,459629.1731,5634264.1592,2946521.9549
2023/12/06 05:13:42.99,459630.43,5634263.8952,2946522.2703
2023/12/06 05:13:43.99,459632.0614,5634263.5365,2946522.6734
2023/12/06 05:13:44.99,459634.2036,5634263.0881,2946523.2061
2023/12/06 05:13:45.99,459636.3024,5634262.6584,2946523.6993
2023/12/06 05:13:46.99,459638.8131,5634262.1724,2946524.256
2023/12/06 05:13:47.99,459641.3881,5634261.656,2946524.8145
2023/12/06 05:13:48.99,459643.885,5634261.1856,2946525.371
2023/12/06 05:13:49.99,459647.6552,5634262.9798,2946525.8492
2023/12/06 05:13:50.99,459648.3247,5634266.6761,2946529.5766
2023/12/06 05:13:51.99,459654.7741,5634261.7058,2946527.153
2023/12/06 05:13:52.99,459658.8693,5634260.9468,2946527.9847
2023/12/06 05:13:53.99,459661.9942,5634256.4177,2946527.9999
2023/12/06 05:13:54.99,459666.2771,5634255.5412,2946528.5598
2023/12/06 05:13:55.99,459670.2936,5634256.2154,2946530.6091
2023/12/06 05:13:56.99,459673.6784,5634261.7155,2946534.9544
2023/12/06 05:13:57.99,459679.7278,5634254.1396,2946533.1052
2023/12/06 05:13:58.99,459684.426,5634253.1025,2946534.3325
2023/12/06 05:13:59.99,459689.1087,5634251.376,2946535.3917
2023/12/06 05:14:00.99,459693.4684,5634257.3181,2946540.254
2023/12/06 05:14:01.99,459698.8338,5634256.1161,2946541.7649
2023/12/06 05:14:02.99,459704.2988,5634254.8026,2946543.4914
2023/12/06 05:14:03.99,459709.5685,5634253.4827,2946545.1732
2023/12/06 05:14:04.99,459716.6266,5634243.9625,2946542.7057
2023/12/06 05:14:05.99,459722.5155,5634242.6819,2946544.2784
2023/12/06 05:14:06.99,459728.7328,5634241.4777,2946545.5197
2023/12/06 05:14:07.99,459735.1062,5634240.3396,2946546.5965
2023/12/06 05:14:08.99,459742.0114,5634239.102,2946547.8033
2023/12/06 05:14:09.99,459747.5245,5634245.7249,2946553.5566
2023/12/06 05:14:12.99,459770.3903,5634232.9552,2946555.7587
2023/12/06 05:14:13.99,459777.0685,5634225.8205,2946555.0105
2023/12/06 05:14:14.99,459784.6514,5634231.3139,2946559.1219
2023/12/06 05:14:15.99,459792.6119,5634227.0723,2946561.3414
2023/12/06 05:14:16.99,459797.2977,5634234.987,2946565.5803
2023/12/06 05:14:17.99,459807.3881,5634226.9784,2946562.239
2023/12/06 05:14:18.99,459812.479,5634221.9999,2946565.8054
2023/12/06 05:14:19.99,459816.9385,5634224.4073,2946566.4424
2023/12/06 05:14:20.99,459824.315,5634216.6163,2946566.1083
2023/12/06 05:14:21.99,459825.8978,5634222.656,2946568.301
2023/12/06 05:14:22.99,459829.8806,5634221.8374,2946569.1843
2023/12/06 05:14:23.99,459834.205,5634219.5527,2946569.3754
2023/12/06 05:14:24.99,459838.0256,5634219.9357,2946571.0727
2023/12/06 05:14:25.99,459841.5456,5634225.4827,2946575.4254
2023/12/06 05:14:26.99,459848.6454,5634214.0772,2946569.7527
2023/12/06 05:14:27.99,459851.9801,5634223.1154,2946577.8748
2023/12/06 05:14:28.99,459858.4179,5634215.4411,2946575.7706
2023/12/06 05:14:29.99,459862.9142,5634218.8341,2946577.2105
2023/12/06 05:14:30.99,459869.0869,5634219.5455,2946581.1436
2023/12/06 05:14:31.99,459877.4475,5634211.4875,2946579.2888
2023/12/06 05:14:32.99,459884.0495,5634216.4481,2946583.9568
2023/12/06 05:14:33.99,459892.5012,5634214.6229,2946585.7727
2023/12/06 05:14:34.99,459902.1475,5634206.1318,2946584.6039
2023/12/06 05:14:35.99,459910.2051,5634204.3181,2946586.4592
2023/12/06 05:14:36.99,459918.361,5634201.1014,2946587.5063
2023/12/06 05:14:37.99,459925.3702,5634200.8374,2946589.9213
2023/12/06 05:14:38.99,459932.8014,5634199.1821,2946591.6257
2023/12/06 05:14:39.99,459940.594,5634195.9756,2946592.537
2023/12/06 05:14:40.99,459947.5749,5634195.7417,2946594.9126
2023/12/06 05:14:41.99,459955.4747,5634193.9879,2946596.521
2023/12/06 05:14:42.99,459964.8886,5634194.4657,2946598.0901
2023/12/06 05:14:43.99,459971.6683,5634190.3859,2946599.7335
2023/12/06 05:14:44.99,459978.1005,5634195.1834,2946604.5336
2023/12/06 05:14:45.99,459987.8616,5634184.0995,2946603.7027
2023/12/06 05:14:46.99,459994.8323,5634185.0086,2946604.903
2023/12/06 05:14:47.99,460001.6859,5634189.7327,2946609.8353
2023/12/06 05:14:48.99,460011.3404,5634181.246,2946608.3191
2023/12/06 05:14:49.99,460018.6567,5634185.9157,2946613.2205
2023/12/06 05:14:50.99,460027.3877,5634183.9858,2946615.0072
2023/12/06 05:14:51.99,460037.9192,5634173.855,2946612.6411
2023/12/06 05:14:52.99,460044.9827,5634180.015,2946618.6559
2023/12/06 05:14:53.99,460055.1152,5634169.9839,2946616.2549
2023/12/06 05:14:54.99,460064.2005,5634165.9548,2946619.5088
2023/12/06 05:14:55.99,460071.2361,5634167.5935,2946620.6656
2023/12/06 05:14:56.99,460079.5272,5634165.6117,2946622.4319
2023/12/06 05:14:57.99,460088.1395,5634163.5204,2946624.1819
2023/12/06 05:14:58.99,460095.0558,5634167.0835,2946627.302
2023/12/06 05:14:59.99,460105.6731,5634159.6456,2946628.1279
2023/12/06 05:15:00.99,460114.4913,5634157.608,2946630.1329
2023/12/06 05:15:01.99,460123.3221,5634155.5882,2946632.2193
2023/12/06 05:15:02.99,460130.8639,5634160.1271,2946637.4772
2023/12/06 05:15:03.99,460139.6714,5634157.9867,2946639.5901
2023/12/06 05:15:04.99,460149.7048,5634149.1671,2946638.694
2023/12/06 05:15:05.99,460158.4158,5634147.0591,2946641.1123
2023/12/06 05:15:06.99,460167.0728,5634144.8861,2946643.5255
2023/12/06 05:15:07.99,460173.0508,5634144.7273,2946647.3701
2023/12/06 05:15:08.99,460184.1304,5634140.1814,2946648.9151
2023/12/06 05:15:09.99,460193.1137,5634136.1599,2946650.6627
2023/12/06 05:15:10.99,460201.1421,5634135.3046,2946654.3869
2023/12/06 05:15:11.99,460209.3493,5634132.9573,2946656.959
2023/12/06 05:15:12.99,460217.2643,5634130.706,2946659.4875
2023/12/06 05:15:13.99,460222.3188,5634130.7239,2946663.2746
2023/12/06 05:15:14.99,460232.2311,5634126.2046,2946664.6906
2023/12/06 05:15:15.99,460239.5467,5634123.7447,2946667.6344
2023/12/06 05:15:16.99,460247.4474,5634119.6218,2946669.655
2023/12/06 05:15:17.99,460254.4216,5634118.6154,2946673.8348
2023/12/06 05:15:18.99,460259.0101,5634118.359,2946678.1618
2023/12/06 05:15:19.99,460268.5196,5634113.9258,2946679.7859
2023/12/06 05:15:20.99,460275.3326,5634111.6091,2946682.62
2023/12/06 05:15:21.99,460282.2746,5634109.2419,2946685.6583
2023/12/06 05:15:22.99,460288.1287,5634108.5547,2946689.7079
2023/12/06 05:15:23.99,460297.1611,5634106.6749,2946692.2062
2023/12/06 05:15:24.99,460302.5379,5634102.1134,2946695.2512
2023/12/06 05:15:25.99,460308.795,5634100.0015,2946698.0681
2023/12/06 05:15:26.99,460314.6995,5634098.0295,2946700.7757
2023/12/06 05:15:27.99,460317.6569,5634098.4074,2946704.6107
2023/12/06 05:15:28.99,460324.3068,5634096.1815,2946706.4994
2023/12/06 05:15:29.99,460329.3777,5634092.3885,2946707.4252
2023/12/06 05:15:30.99,460333.4611,5634091.8165,2946709.4223
2023/12/06 05:15:31.99,460334.5204,5634092.8691,2946712.1346
2023/12/06 05:15:32.99,460340.4766,5634089.1218,2946711.7332
2023/12/06 05:15:33.99,460342.1441,5634091.0921,2946714.4809
2023/12/06 05:15:34.99,460349.8155,5634086.3106,2946713.7994
2023/12/06 05:15:35.99,460355.4759,5634085.0011,2946715.3584
2023/12/06 05:15:36.99,460361.5548,5634084.9991,2946717.8207
2023/12/06 05:15:37.99,460368.3663,5634083.5201,2946719.6443
2023/12/06 05:15:38.99,460375.2531,5634081.928,2946721.7188
2023/12/06 05:15:39.99,460381.251,5634081.7722,2946725.165
2023/12/06 05:15:40.99,460387.2033,5634070.7071,2946724.1304
2023/12/06 05:15:41.99,460408.9244,5634090.3958,2946736.2928
2023/12/06 05:15:45.99,460419.3669,5634064.0412,2946742.3083
2023/12/06 05:15:46.99,460426.1548,5634064.6375,2946745.7863
2023/12/06 05:15:47.99,460430.0528,5634062.9893,2946748.192
2023/12/06 05:15:48.99,460433.2649,5634057.9709,2946749.0143
2023/12/06 05:15:49.99,460436.9766,5634056.5683,2946751.1217
2023/12/06 05:15:50.99,460438.8342,5634061.3031,2946755.9839
2023/12/06 05:15:51.99,460441.6879,5634065.1985,2946759.5615
2023/12/06 05:15:52.99,460447.9908,5634056.5241,2946758.306
2023/12/06 05:15:53.99,460451.6377,5634052.0126,2946758.7298
2023/12/06 05:15:54.99,460459.0559,5634053.3017,2946763.205
2023/12/06 05:15:55.99,460466.7196,5634050.6104,2946766.6451
2023/12/06 05:15:56.99,460475.4984,5634050.6982,2946771.5147
2023/12/06 05:15:57.99,460486.0315,5634047.0978,2946776.6465
2023/12/06 05:15:58.99,460496.9706,5634034.0755,2946779.5914
2023/12/06 05:15:59.99,460507.9122,5634030.3419,2946784.8327
2023/12/06 05:16:00.99,460519.804,5634029.2047,2946791.4502
2023/12/06 05:16:01.99,460531.0721,5634033.0034,2946798.9109
2023/12/06 05:16:02.99,460538.5078,5634027.709,2946803.596
2023/12/06 05:16:03.99,460552.2582,5634021.7262,2946807.7817
2023/12/06 05:16:04.99,460563.6745,5634017.7739,2946813.4144
2023/12/06 05:16:05.99,460574.8941,5634013.8674,2946818.969
2023/12/06 05:16:06.99,460585.767,5634010.147,2946824.3533
2023/12/06 05:16:07.99,460596.3368,5634006.6653,2946829.458
2023/12/06 05:16:08.99,460606.5624,5634003.1629,2946834.314
2023/12/06 05:16:09.99,460616.4437,5633999.8774,2946839.0389
2023/12/06 05:16:10.99,460625.9612,5633996.6759,2946843.6032
2023/12/06 05:16:11.99,460635.1348,5633993.5523,2946848.0276
2023/12/06 05:16:12.99,460643.9648,5633990.5207,2946852.337
2023/12/06 05:16:13.99,460652.4783,5633987.5727,2946856.5321
2023/12/06 05:16:14.99,460660.6898,5633984.7551,2946860.5692
2023/12/06 05:16:15.99,460668.7607,5633981.9295,2946864.4715
2023/12/06 05:16:16.99,460676.3152,5633972.9118,2946866.302
2023/12/06 05:16:17.99,460684.4036,5633970.1679,2946870.1296
2023/12/06 05:16:18.99,460693.104,5633973.8416,2946876.0053
2023/12/06 05:16:19.99,460700.6211,5633964.8161,2946877.6649
2023/12/06 05:16:20.99,460709.918,5633968.3074,2946883.8426
2023/12/06 05:16:21.99,460717.9254,5633959.0383,2946885.9308
2023/12/06 05:16:22.99,460727.2113,5633962.3211,2946892.4834
2023/12/06 05:16:23.99,460734.6979,5633953.0511,2946894.652
2023/12/06 05:16:24.99,460742.6164,5633953.4914,2946899.4465
2023/12/06 05:16:25.99,460751.2272,5633947.2841,2946903.0731
2023/12/06 05:16:26.99,460758.9563,5633944.732,2946906.8509
2023/12/06 05:16:27.99,460766.3847,5633942.2139,2946910.4671
2023/12/06 05:16:28.99,460774.6185,5633946.0015,2946916.3123
2023/12/06 05:16:29.99,460782.0403,5633943.606,2946919.8509
2023/12/06 05:16:30.99,460788.3998,5633935.0175,2946921.0159
2023/12/06 05:16:31.99,460795.6993,5633939.1323,2946926.2363
2023/12/06 05:16:32.99,460800.6277,5633930.8911,2946926.7549
2023/12/06 05:16:33.99,460803.0818,5633943.5134,2946931.5444
2023/12/06 05:16:34.99,460808.6986,5633928.2744,2946930.6989
2023/12/06 05:16:35.99,460812.9707,5633933.448,2946934.6894
2023/12/06 05:16:36.99,460815.5747,5633925.9984,2946934.2069
2023/12/06 05:16:37.99,460816.719,5633933.4669,2946939.0084
2023/12/06 05:16:38.99,460822.1545,5633930.4684,2946938.9744
2023/12/06 05:16:39.99,460824.2001,5633923.3406,2946937.8772
2023/12/06 05:16:40.99,460825.0409,5633930.9209,2946942.5383
2023/12/06 05:16:41.99,460826.644,5633930.1032,2946943.925
2023/12/06 05:16:42.99,460829.6783,5633927.599,2946943.4462
2023/12/06 05:16:43.99,460827.2556,5633929.449,2946945.07
2023/12/06 05:16:44.99,460831.2863,5633928.8272,2946943.8873
2023/12/06 05:16:45.99,460831.2883,5633928.8239,2946943.9031
2023/12/06 05:16:46.99,460831.2812,5633928.8302,2946943.877
2023/12/06 05:16:47.99,460831.2871,5633928.8298,2946943.9077
2023/12/06 05:16:48.99,460827.3438,5633929.3775,2946945.3499
2023/12/06 05:16:49.99,460831.3205,5633928.7648,2946944.0109
2023/12/06 05:16:50.99,460827.4202,5633929.1881,2946945.716
2023/12/06 05:16:51.99,460831.3896,5633928.3026,2946944.9156
2023/12/06 05:16:52.99,460831.2641,5633927.9354,2946945.6694
2023/12/06 05:16:53.99,460828.9808,5633919.6497,2946944.1544
2023/12/06 05:16:54.99,460828.8275,5633919.5186,2946944.4915
2023/12/06 05:16:55.99,460828.7024,5633919.4075,2946944.6992
2023/12/06 05:16:56.99,460829.1056,5633925.0896,2946946.7485
2023/12/06 05:16:57.99,460828.5296,5633919.2862,2946944.9838
2023/12/06 05:16:58.99,460828.0248,5633927.2485,2946948.1671
2023/12/06 05:16:59.99,460830.3279,5633927.1212,2946947.4228
2023/12/06 05:17:00.99,460830.2395,5633927.0606,2946947.504
2023/12/06 05:17:01.99,460828.7997,5633925.4217,2946947.7001
2023/12/06 05:17:02.99,460830.1912,5633927.0312,2946947.5468
2023/12/06 05:17:03.99,460830.0569,5633927.0061,2946947.6936
2023/12/06 05:17:04.99,460825.8261,5633927.4797,2946949.3305
2023/12/06 05:17:05.99,460825.655,5633927.4352,2946949.4546
2023/12/06 05:17:06.99,460825.6331,5633927.413,2946949.4693
2023/12/06 05:17:07.99,460825.4069,5633927.3877,2946949.6281
2023/12/06 05:17:08.99,460829.027,5633926.7321,2946948.4249
2023/12/06 05:17:09.99,460824.7828,5633927.2683,2946949.9751
2023/12/06 05:17:10.99,460824.6593,5633927.2582,2946950.0279
2023/12/06 05:17:11.99,460824.6391,5633927.252,2946950.0351
2023/12/06 05:17:12.99,460824.4258,5633927.2207,2946950.1169
2023/12/06 05:17:13.99,460823.6117,5633927.1333,2946950.4157
2023/12/06 05:17:14.99,460823.8214,5633918.4044,2946947.4641
2023/12/06 05:17:15.99,460821.5292,5633918.3708,2946947.9666
2023/12/06 05:17:16.99,460818.7553,5633918.4735,2946948.2526
2023/12/06 05:17:17.99,460815.0181,5633918.9029,2946947.9099
2023/12/06 05:17:18.99,460812.5981,5633927.8866,2946948.7902
2023/12/06 05:17:19.99,460804.797,5633932.4435,2946948.0835
2023/12/06 05:17:20.99,460802.3747,5633930.9495,2946944.4212
2023/12/06 05:17:21.99,460794.3151,5633924.7424,2946939.7431
2023/12/06 05:17:22.99,460789.8675,5633934.7295,2946938.9286
2023/12/06 05:17:23.99,460780.747,5633928.9456,2946933.6208
2023/12/06 05:17:24.99,460773.3344,5633931.3975,2946929.9804
2023/12/06 05:17:25.99,460767.8867,5633942.0006,2946928.2815
2023/12/06 05:17:26.99,460758.3807,5633936.5307,2946922.4279
2023/12/06 05:17:27.99,460753.1837,5633947.1375,2946920.7209
2023/12/06 05:17:28.99,460743.8015,5633941.5826,2946915.0252
2023/12/06 05:17:29.99,460738.747,5633951.9147,2946913.7225
2023/12/06 05:17:30.99,460731.9476,5633954.1333,2946910.5725
2023/12/06 05:17:31.99,460723.2543,5633965.6873,2946912.0754
2023/12/06 05:17:32.99,460716.9639,5633950.3206,2946902.5409
2023/12/06 05:17:33.99,460712.9265,5633960.3697,2946901.7799
2023/12/06 05:17:34.99,460707.0073,5633962.3065,2946899.0148
2023/12/06 05:17:35.99,460700.0298,5633955.9702,2946894.5823
2023/12/06 05:17:36.99,460698.5823,5633965.1359,2946894.9295
2023/12/06 05:17:37.99,460696.6372,5633965.8405,2946894.0053
2023/12/06 05:17:38.99,460695.0842,5633966.3483,2946893.2537
2023/12/06 05:17:39.99,460689.6647,5633967.32,2946893.9119
2023/12/06 05:17:40.99,460692.1231,5633967.3082,2946891.8464
2023/12/06 05:17:41.99,460687.7288,5633971.1442,2946891.6149
2023/12/06 05:17:42.99,460688.1665,5633968.6626,2946889.9857
2023/12/06 05:17:43.99,460683.7911,5633961.4058,2946886.8056
2023/12/06 05:17:44.99,460678.8392,5633970.9208,2946888.8249
2023/12/06 05:17:45.99,460679.3505,5633971.5351,2946885.944
2023/12/06 05:17:46.99,460673.0417,5633966.4855,2946881.3998
2023/12/06 05:17:47.99,460672.308,5633973.7912,2946882.7978
2023/12/06 05:17:48.99,460667.7736,5633971.8482,2946880.4794
2023/12/06 05:17:49.99,460662.693,5633985.6793,2946883.8321
2023/12/06 05:17:50.99,460660.6755,5633977.7058,2946877.3212
2023/12/06 05:17:51.99,460655.9943,5633979.2675,2946875.0528
2023/12/06 05:17:52.99,460650.8558,5633980.9948,2946872.6133
2023/12/06 05:17:53.99,460645.2817,5633982.8307,2946869.9811
2023/12/06 05:17:54.99,460639.2714,5633984.8893,2946867.0322
2023/12/06 05:17:55.99,460629.8507,5633981.0435,2946860.8158
2023/12/06 05:17:56.99,460625.1487,5633989.7898,2946860.0854
2023/12/06 05:17:57.99,460614.6271,5633986.2618,2946853.2601
2023/12/06 05:17:58.99,460609.209,5633995.3231,2946852.126
2023/12/06 05:17:59.99,460600.9719,5633998.2483,2946847.9255
2023/12/06 05:18:00.99,460590.1457,5633994.8889,2946840.8666
2023/12/06 05:18:01.99,460582.0944,5633997.6841,2946836.9154
2023/12/06 05:18:02.99,460576.8509,5634006.5702,2946836.0281
2023/12/06 05:18:03.99,460568.8074,5634009.2761,2946832.1981
2023/12/06 05:18:04.99,460560.6352,5634012.0445,2946828.2174
2023/12/06 05:18:05.99,460549.6515,5634008.7075,2946821.1387
2023/12/06 05:18:06.99,460541.563,5634011.5335,2946817.0668
2023/12/06 05:18:07.99,460533.7741,5634014.248,2946813.2352
2023/12/06 05:18:08.99,460526.0326,5634016.8808,2946809.5222
2023/12/06 05:18:09.99,460518.3651,5634019.438,2946805.8926
2023/12/06 05:18:10.99,460511.2937,5634037.6123,2946809.8088
2023/12/06 05:18:11.99,460505.8791,5634030.7268,2946801.6762
2023/12/06 05:18:12.99,460496.9521,5634028.3762,2946796.3147
2023/12/06 05:18:13.99,460489.1734,5634031.7953,2946793.728
2023/12/06 05:18:14.99,460481.7024,5634034.4112,2946790.0739
2023/12/06 05:18:15.99,460472.923,5634034.8866,2946783.8411
2023/12/06 05:18:16.99,460465.7215,5634037.3411,2946780.3439
2023/12/06 05:18:17.99,460461.5642,5634045.8069,2946780.0203
2023/12/06 05:18:18.99,460455.4208,5634047.8652,2946777.1205
2023/12/06 05:18:19.99,460447.1579,5634043.5007,2946771.5359
2023/12/06 05:18:20.99,460444.1239,5634042.1694,2946768.3091
2023/12/06 05:18:21.99,460438.0173,5634048.9236,2946769.2861
2023/12/06 05:18:22.99,460434.7598,5634049.9808,2946767.7612
2023/12/06 05:18:23.99,460430.887,5634058.3204,2946767.5141
2023/12/06 05:18:24.99,460429.5153,5634051.6806,2946765.3318
2023/12/06 05:18:25.99,460426.7973,5634051.7561,2946762.7421
2023/12/06 05:18:26.99,460424.3455,5634058.0111,2946762.5767
2023/12/06 05:18:27.99,460417.527,5634053.2472,2946757.5548
2023/12/06 05:18:28.99,460412.7626,5634054.9472,2946755.1629
2023/12/06 05:18:29.99,460410.0308,5634063.0023,2946755.4117
2023/12/06 05:18:30.99,460401.9536,5634058.7847,2946749.7962
2023/12/06 05:18:31.99,460396.9353,5634060.6066,2946747.3043
2023/12/06 05:18:32.99,460390.95,5634063.0108,2946747.5767
2023/12/06 05:18:33.99,460391.8226,5634059.8822,2946742.7956
2023/12/06 05:18:34.99,460384.7056,5634065.1888,2946744.4821
2023/12/06 05:18:35.99,460382.173,5634066.0343,2946743.2549
2023/12/06 05:18:36.99,460381.5922,5634067.2361,2946741.0096
2023/12/06 05:18:37.99,460381.518,5634063.2712,2946737.8834
2023/12/06 05:18:38.99,460375.3514,5634073.8966,2946741.8045
2023/12/06 05:18:39.99,460374.3158,5634067.8984,2946736.5217
2023/12/06 05:18:40.99,460371.7906,5634068.6968,2946735.4043
2023/12/06 05:18:41.99,460368.3447,5634069.8307,2946733.7645
2023/12/06 05:18:42.99,460363.018,5634077.9139,2946735.9537
2023/12/06 05:18:43.99,460359.9843,5634072.8516,2946729.3475
2023/12/06 05:18:44.99,460353.6963,5634081.3156,2946731.0045
2023/12/06 05:18:45.99,460348.0655,5634083.3127,2946728.077
2023/12/06 05:18:46.99,460343.1969,5634088.2963,2946724.1291
2023/12/06 05:18:47.99,460335.8147,5634081.455,2946716.8021
2023/12/06 05:18:48.99,460328.1471,5634084.0643,2946713.0221
2023/12/06 05:18:49.99,460320.6051,5634086.6154,2946709.4387
2023/12/06 05:18:50.99,460313.1804,5634089.0889,2946706.031
2023/12/06 05:18:51.99,460305.7185,5634091.5356,2946702.668
2023/12/06 05:18:52.99,460299.2964,5634095.3435,2946700.4939
2023/12/06 05:18:53.99,460289.4598,5634106.508,2946698.8705
2023/12/06 05:18:54.99,460280.101,5634100.1546,2946691.0497
2023/12/06 05:18:55.99,460270.9672,5634112.7939,2946690.4379
2023/12/06 05:18:56.99,460261.65,5634106.4976,2946682.7389
2023/12/06 05:18:57.99,460252.8736,5634118.8853,2946682.48
2023/12/06 05:18:58.99,460243.7459,5634122.0089,2946678.7678
2023/12/06 05:18:59.99,460234.3042,5634115.5924,2946671.49
2023/12/06 05:19:00.99,460225.2503,5634128.0524,2946671.5512
2023/12/06 05:19:01.99,460215.7752,5634121.6422,2946664.3197
2023/12/06 05:19:02.99,460207.0115,5634122.3429,2946662.6826
2023/12/06 05:19:03.99,460195.4067,5634134.0703,2946661.9479
2023/12/06 05:19:04.99,460187.2519,5634139.5876,2946658.2465
2023/12/06 05:19:05.99,460177.3668,5634142.2147,2946655.4588
2023/12/06 05:19:06.99,460167.3398,5634144.7555,2946652.7121
2023/12/06 05:19:07.99,460157.1975,5634147.3143,2946649.9208
2023/12/06 05:19:08.99,460147.9557,5634145.0132,2946646.5097
2023/12/06 05:19:10.99,460125.7362,5634148.8751,2946640.737
2023/12/06 05:19:11.99,460116.129,5634150.1808,2946638.5865
2023/12/06 05:19:12.99,460103.6398,5634155.7247,2946637.2629
2023/12/06 05:19:13.99,460095.3658,5634146.8646,2946630.4822
2023/12/06 05:19:14.99,460082.2821,5634158.3433,2946630.3804
2023/12/06 05:19:15.99,460070.8036,5634158.2745,2946626.1925
2023/12/06 05:19:16.99,460061.2542,5634162.0582,2946625.3293
2023/12/06 05:19:17.99,460050.9868,5634170.1917,2946626.2288
2023/12/06 05:19:18.99,460038.6027,5634174.9403,2946623.8412
2023/12/06 05:19:19.99,460026.1857,5634179.0429,2946621.7919
2023/12/06 05:19:20.99,460017.2209,5634168.0667,2946613.5788
2023/12/06 05:19:21.99,460004.3584,5634171.6136,2946613.5623
2023/12/06 05:19:22.99,459995.3483,5634177.219,2946611.233
2023/12/06 05:19:23.99,459986.5548,5634179.1377,2946609.4161
2023/12/06 05:19:24.99,459978.5332,5634180.8757,2946607.7937
2023/12/06 05:19:25.99,459970.7725,5634182.5893,2946606.2631
2023/12/06 05:19:26.99,459963.5645,5634185.0592,2946604.1022
2023/12/06 05:19:27.99,459954.3524,5634194.2904,2946605.6021
2023/12/06 05:19:28.99,459946.8237,5634195.9235,2946604.0267
2023/12/06 05:19:29.99,459939.0251,5634188.1026,2946598.9607
2023/12/06 05:19:30.99,459932.8663,5634190.7432,2946599.2345
2023/12/06 05:19:31.99,459924.9416,5634192.9204,2946599.5306
2023/12/06 05:19:32.99,459916.9012,5634196.8493,2946598.9201
2023/12/06 05:19:33.99,459909.033,5634198.4083,2946597.5883
2023/12/06 05:19:34.99,459901.1815,5634200.133,2946595.9951
2023/12/06 05:19:35.99,459893.554,5634198.3695,2946592.6617
2023/12/06 05:19:36.99,459885.3296,5634203.635,2946592.5462
2023/12/06 05:19:37.99,459877.5696,5634201.9759,2946589.0094
2023/12/06 05:19:38.99,459866.5154,5634209.3362,2946589.9672
2023/12/06 05:19:39.99,459860.5099,5634210.0357,2946585.8389
2023/12/06 05:19:40.99,459854.5711,5634215.5135,2946587.1739
2023/12/06 05:19:41.99,459846.8072,5634205.0685,2946582.7469
2023/12/06 05:19:42.99,459839.8368,5634206.4896,2946581.2068
2023/12/06 05:19:43.99,459833.521,5634214.4394,2946580.874
2023/12/06 05:19:44.99,459826.9625,5634215.7989,2946579.5608
2023/12/06 05:19:45.99,459820.3093,5634210.6584,2946577.1
2023/12/06 05:19:46.99,459814.7295,5634211.8571,2946575.8784
2023/12/06 05:19:47.99,459810.8188,5634216.2879,2946574.4999
2023/12/06 05:19:48.99,459807.859,5634221.7468,2946577.1032
2023/12/06 05:19:49.99,459804.7124,5634222.4118,2946576.3776
2023/12/06 05:19:50.99,459799.4638,5634226.7201,2946576.2959
2023/12/06 05:19:51.99,459798.6516,5634222.3943,2946573.4599
2023/12/06 05:19:52.99,459793.8715,5634224.8964,2946574.1245
2023/12/06 05:19:53.99,459794.5426,5634223.2453,2946572.4917
2023/12/06 05:19:54.99,459792.6913,5634223.637,2946572.056
2023/12/06 05:19:55.99,459790.2309,5634224.1493,2946571.4866
2023/12/06 05:19:56.99,459785.1117,5634229.7736,2946572.9138
2023/12/06 05:19:57.99,459781.7899,5634219.0731,2946568.2498
2023/12/06 05:19:58.99,459777.2818,5634220.044,2946567.0266
2023/12/06 05:19:59.99,459773.3527,5634228.0276,2946567.0478
2023/12/06 05:20:00.99,459767.1534,5634233.9793,2946567.9889
2023/12/06 05:20:01.99,459762.0622,5634235.0546,2946566.8448
2023/12/06 05:20:02.99,459755.4342,5634233.4334,2946564.73
2023/12/06 05:20:05.99,459743.82,5634229.1606,2946559.8647
2023/12/06 05:20:06.99,459739.3279,5634235.4946,2946560.3361
2023/12/06 05:20:07.99,459735.5024,5634234.776,2946558.572
2023/12/06 05:20:08.99,459731.5907,5634229.0859,2946554.7392
2023/12/06 05:20:09.99,459728.6626,5634234.1234,2946554.8555
2023/12/06 05:20:10.99,459724.0946,5634231.4876,2946554.2036
2023/12/06 05:20:11.99,459719.396,5634245.2236,2946556.6013
2023/12/06 05:20:12.99,459715.6115,5634243.348,2946555.0978
2023/12/06 05:20:13.99,459710.7445,5634244.3418,2946554.0519
2023/12/06 05:20:14.99,459706.0109,5634242.32,2946551.5383
2023/12/06 05:20:15.99,459700.4567,5634243.3376,2946550.4053
2023/12/06 05:20:16.99,459694.5755,5634244.474,2946549.1741
2023/12/06 05:20:17.99,459688.4704,5634245.7902,2946547.5898
2023/12/06 05:20:18.99,459682.548,5634247.0998,2946545.9887
2023/12/06 05:20:19.99,459676.3493,5634240.6917,2946541.665
2023/12/06 05:20:20.99,459671.5648,5634241.8464,2946539.665
2023/12/06 05:20:21.99,459663.5094,5634251.317,2946541.0498
2023/12/06 05:20:22.99,459656.5589,5634252.6814,2946539.5359
2023/12/06 05:20:23.99,459649.3743,5634254.1745,2946537.893
2023/12/06 05:20:24.99,459642.3149,5634252.2465,2946534.4002
2023/12/06 05:20:25.99,459637.6149,5634255.3852,2946533.4744
2023/12/06 05:20:26.99,459630.4212,5634256.778,2946531.9033
2023/12/06 05:20:27.99,459617.836,5634262.017,2946532.4589
2023/12/06 05:20:28.99,459616.4259,5634259.4605,2946528.9564
2023/12/06 05:20:29.99,459606.4672,5634262.6581,2946528.3335
2023/12/06 05:20:30.99,459599.9029,5634263.9617,2946526.8626
2023/12/06 05:20:31.99,459593.8188,5634265.1485,2946525.4687
2023/12/06 05:20:32.99,459588.1104,5634266.2756,2946524.148
2023/12/06 05:20:33.99,459582.3122,5634267.5177,2946522.8722
2023/12/06 05:20:34.99,459576.3718,5634268.6743,2946521.5193
2023/12/06 05:20:35.99,459570.805,5634269.7719,2946520.3236
2023/12/06 05:20:36.99,459565.6629,5634270.7251,2946519.2904
2023/12/06 05:20:37.99,459561.9614,5634274.2493,2946519.4797
2023/12/06 05:20:38.99,459556.517,5634272.2496,2946517.722
2023/12/06 05:20:39.99,459552.6372,5634270.4431,2946514.9869
2023/12/06 05:20:40.99,459547.4391,5634273.2326,2946517.0847
2023/12/06 05:20:41.99,459542.5953,5634270.0688,2946515.5657
2023/12/06 05:20:42.99,459537.3738,5634270.341,2946515.8244
2023/12/06 05:20:43.99,459532.5743,5634272.0651,2946514.9257
2023/12/06 05:20:44.99,459527.0858,5634275.5492,2946515.9878
2023/12/06 05:20:45.99,459521.648,5634276.6324,2946514.5638
2023/12/06 05:20:46.99,459516.1401,5634272.7498,2946509.4138
2023/12/06 05:20:47.99,459509.979,5634277.784,2946510.5689
2023/12/06 05:20:48.99,459499.0493,5634281.1015,2946509.7812
2023/12/06 05:20:49.99,459491.2875,5634282.669,2946508.0986
2023/12/06 05:20:50.99,459484.9349,5634286.6395,2946507.2547
2023/12/06 05:20:51.99,459476.7408,5634285.6105,2946504.7126
2023/12/06 05:20:52.99,459471.2569,5634284.4122,2946501.0232
2023/12/06 05:20:53.99,459465.6172,5634287.8054,2946502.1664
2023/12/06 05:20:54.99,459461.6928,5634288.6507,2946501.2641
2023/12/06 05:20:55.99,459458.9697,5634289.203,2946500.5788
2023/12/06 05:20:56.99,459456.8041,5634292.565,2946501.5991
2023/12/06 05:20:57.99,459456.0653,5634289.8002,2946499.8464
2023/12/06 05:20:58.99,459458.1393,5634288.1985,2946498.7904
2023/12/06 05:20:59.99,459453.7829,5634293.206,2946500.8582
2023/12/06 05:21:00.99,459452.0116,5634293.5663,2946500.4809
2023/12/06 05:21:01.99,459449.6534,5634291.0924,2946498.3731
2023/12/06 05:21:02.99,459446.0359,5634294.8178,2946499.1119
2023/12/06 05:21:03.99,459443.7549,5634292.3364,2946497.0128
2023/12/06 05:21:04.99,459440.9436,5634290.5669,2946493.885
2023/12/06 05:21:05.99,459439.0742,5634292.0626,2946494.7451
2023/12/06 05:21:06.99,459434.9602,5634292.6598,2946493.5871
2023/12/06 05:21:07.99,459430.3618,5634293.6012,2946492.6471
2023/12/06 05:21:08.99,459423.2433,5634299.1537,2946493.3776
2023/12/06 05:21:09.99,459416.3395,5634294.1347,2946489.1659
2023/12/06 05:21:10.99,459409.572,5634298.873,2946489.3105
2023/12/06 05:21:11.99,459403.3463,5634300.1399,2946487.8091
2023/12/06 05:21:12.99,459397.8098,5634299.0281,2946484.0544
2023/12/06 05:21:13.99,459390.5089,5634302.7228,2946484.7931
2023/12/06 05:21:14.99,459386.2458,5634302.3659,2946482.2937
2023/12/06 05:21:15.99,459375.7062,5634305.6265,2946481.4833
2023/12/06 05:21:16.99,459367.817,5634300.0261,2946477.3606
2023/12/06 05:21:17.99,459361.5367,5634308.2708,2946478.3642
2023/12/06 05:21:18.99,459358.032,5634307.6992,2946476.1164
2023/12/06 05:21:19.99,459348.5374,5634313.6267,2946477.211
2023/12/06 05:21:20.99,459342.5369,5634304.6639,2946472.129
2023/12/06 05:21:21.99,459340.5767,5634310.802,2946472.6826
2023/12/06 05:21:22.99,459333.1958,5634313.5455,2946472.3928
2023/12/06 05:21:23.99,459329.3932,5634307.4951,2946468.5415
2023/12/06 05:21:24.99,459327.4591,5634308.4903,2946466.8056
2023/12/06 05:21:25.99,459326.6834,5634309.4705,2946465.001
2023/12/06 05:21:26.99,459326.6852,5634310.3377,2946463.3217
2023/12/06 05:21:27.99,459327.3047,5634311.0129,2946462.0319
2023/12/06 05:21:28.99,459328.3251,5634311.4563,2946461.0293
2023/12/06 05:21:29.99,459329.5777,5634311.8279,2946460.3304
2023/12/06 05:21:30.99,459330.9998,5634311.9966,2946459.8528
2023/12/06 05:21:31.99,459332.4608,5634311.9765,2946459.6671
2023/12/06 05:21:32.99,459333.7936,5634311.8672,2946459.7354
2023/12/06 05:21:33.99,459335.1116,5634311.6823,2946459.8898
2023/12/06 05:21:34.99,459336.2293,5634311.5373,2946460.0094
2023/12/06 05:21:35.99,459336.9957,5634311.4661,2946460.0683
2023/12/06 05:21:36.99,459337.9458,5634311.4011,2946460.1226
2023/12/06 05:21:37.99,459339.7417,5634311.2246,2946460.1804
2023/12/06 05:21:38.99,459341.908,5634311.0332,2946460.2875
2023/12/06 05:21:39.99,459344.0111,5634310.7496,2946460.4999
2023/12/06 05:21:40.99,459345.8698,5634310.4481,2946460.7887
2023/12/06 05:21:41.99,459347.8461,5634310.0662,2946461.2581
2023/12/06 05:21:42.99,459349.5368,5634309.6584,2946461.7725
2023/12/06 05:21:43.99,459351.3271,5634309.1893,2946462.4004
2023/12/06 05:21:44.99,459353.5851,5634308.6008,2946463.2005
2023/12/06 05:21:45.99,459356.7108,5634308.0321,2946463.8532
2023/12/06 05:21:46.99,459360.5288,5634307.7249,2946463.903
2023/12/06 05:21:47.99,459365.201,5634307.4298,2946463.808
2023/12/06 05:21:48.99,459370.6598,5634306.8101,2946464.1822
2023/12/06 05:21:49.99,459377.0696,5634305.8516,2946465.1189
2023/12/06 05:21:50.99,459384.3656,5634304.6086,2946466.4807
2023/12/06 05:21:51.99,459392.1776,5634319.1111,2946474.6528
2023/12/06 05:21:52.99,459399.6901,5634307.0084,2946471.7146
2023/12/06 05:21:53.99,459406.6112,5634307.577,2946473.5402
2023/12/06 05:21:54.99,459416.2026,5634306.6334,2946476.2251
2023/12/06 05:21:55.99,459421.5385,5634297.5832,2946474.5176
2023/12/06 05:21:56.99,459430.5937,5634299.3741,2946478.5904
2023/12/06 05:21:57.99,459437.7105,5634297.9578,2946480.1661
2023/12/06 05:21:58.99,459444.0912,5634300.2819,2946481.8121
2023/12/06 05:21:59.99,459451.5965,5634301.9381,2946484.8015
2023/12/06 05:22:00.99,459460.1287,5634300.4592,2946486.2424
2023/12/06 05:22:01.99,459469.6331,5634295.8793,2946486.2163
2023/12/06 05:22:02.99,459478.3855,5634294.33,2946487.8494
2023/12/06 05:22:03.99,459486.8971,5634292.6289,2946489.7723
2023/12/06 05:22:04.99,459495.4552,5634290.8672,2946491.7852
2023/12/06 05:22:05.99,459504.0674,5634289.062,2946493.8551
2023/12/06 05:22:06.99,459512.6306,5634287.276,2946495.8934
2023/12/06 05:22:07.99,459520.8611,5634285.5682,2946497.8583
2023/12/06 05:22:08.99,459527.4883,5634277.1213,2946497.0246
2023/12/06 05:22:09.99,459533.781,5634286.9347,2946500.2548
2023/12/06 05:22:10.99,459539.4893,5634274.7116,2946499.7488
2023/12/06 05:22:11.99,459545.0999,5634277.1909,2946503.0447
2023/12/06 05:22:12.99,459547.9305,5634276.6596,2946503.6904
2023/12/06 05:22:13.99,459550.0522,5634276.2828,2946504.1236
2023/12/06 05:22:14.99,459551.5739,5634275.9986,2946504.4277
2023/12/06 05:22:15.99,459553.1719,5634275.6727,2946504.7215
2023/12/06 05:22:16.99,459555.143,5634275.3217,2946505.129
2023/12/06 05:22:17.99,459555.8624,5634281.6711,2946507.1382
2023/12/06 05:22:18.99,459558.6405,5634271.0921,2946503.7139
2023/12/06 05:22:19.99,459562.2635,5634273.9891,2946506.5326
2023/12/06 05:22:20.99,459563.0437,5634273.873,2946506.7095
2023/12/06 05:22:21.99,459563.0404,5634273.8646,2946506.7021
2023/12/06 05:22:22.99,459561.3437,5634270.6276,2946504.2838
2023/12/06 05:22:23.99,459563.0272,5634273.875,2946506.7043
2023/12/06 05:22:24.99,459561.3393,5634270.6303,2946504.2825
2023/12/06 05:22:25.99,459563.2591,5634273.829,2946506.7485
2023/12/06 05:22:26.99,459564.0875,5634273.7123,2946506.8709
2023/12/06 05:22:27.99,459564.6616,5634277.0256,2946507.1464
2023/12/06 05:22:28.99,459568.4324,5634272.8301,2946507.8411
2023/12/06 05:22:29.99,459570.543,5634278.7004,2946510.416
2023/12/06 05:22:30.99,459574.3377,5634280.6097,2946512.8733
2023/12/06 05:22:31.99,459580.7886,5634270.2292,2946510.8638
2023/12/06 05:22:32.99,459584.1236,5634273.1166,2946511.8261
2023/12/06 05:22:33.99,459589.7643,5634268.5682,2946512.6752
2023/12/06 05:22:34.99,459593.2618,5634271.3806,2946513.76
2023/12/06 05:22:35.99,459597.5453,5634270.5121,2946514.787
2023/12/06 05:22:36.99,459601.4848,5634269.7158,2946515.7115
2023/12/06 05:22:37.99,459605.1816,5634268.9571,2946516.5967
2023/12/06 05:22:38.99,459608.5516,5634268.2706,2946517.405
2023/12/06 05:22:39.99,459611.7492,5634267.5977,2946518.1529
2023/12/06 05:22:40.99,459614.5023,5634267.0842,2946518.7303
2023/12/06 05:22:41.99,459616.2457,5634266.7355,2946519.0622
2023/12/06 05:22:42.99,459616.9718,5634266.6147,2946519.2201
2023/12/06 05:22:43.99,459616.9997,5634266.616,2946519.2294
2023/12/06 05:22:44.99,459617.0,5634266.6482,2946519.2488
2023/12/06 05:22:45.99,459616.9966,5634266.641,2946519.245
2023/12/06 05:22:46.99,459616.9987,5634266.6496,2946519.2484
2023/12/06 05:22:47.99,459616.4323,5634259.5885,2946516.681
2023/12/06 05:22:48.99,459616.4308,5634259.5861,2946516.6821
2023/12/06 05:22:49.99,459616.4445,5634259.5901,2946516.6866
2023/12/06 05:22:50.99,459616.8718,5634259.4879,2946516.7692
2023/12/06 05:22:51.99,459618.604,5634265.5863,2946518.3336
2023/12/06 05:22:52.99,459619.368,5634266.1646,2946519.7769
2023/12/06 05:22:53.99,459619.6838,5634269.0674,2946521.4367
2023/12/06 05:22:54.99,459620.4063,5634258.7416,2946517.5973
2023/12/06 05:22:55.99,459621.5634,5634265.7306,2946520.3621
2023/12/06 05:22:56.99,459621.4282,5634258.5319,2946517.8858
2023/12/06 05:22:57.99,459622.7314,5634265.0406,2946520.3861
2023/12/06 05:22:58.99,459625.3595,5634265.7838,2946521.831
2023/12/06 05:22:59.99,459624.1809,5634270.8479,2946524.478
2023/12/06 05:23:00.99,459626.8234,5634267.4109,2946523.3224
2023/12/06 05:23:01.99,459629.5742,5634263.1536,2946521.1233
2023/12/06 05:23:02.99,459630.336,5634269.5808,2946525.918
2023/12/06 05:23:03.99,459632.9537,5634266.2143,2946524.6175
2023/12/06 05:23:04.99,459634.4658,5634268.8354,2946526.7124
2023/12/06 05:23:05.99,459636.5295,5634268.4215,2946527.1282
2023/12/06 05:23:06.99,459639.1106,5634265.0121,2946525.9141
2023/12/06 05:23:07.99,459640.5929,5634267.6058,2946528.1308
2023/12/06 05:23:08.99,459642.6314,5634267.1569,2946528.6091
2023/12/06 05:23:09.99,459646.803,5634263.4717,2946527.0297
2023/12/06 05:23:10.99,459647.5393,5634263.3303,2946527.8738
2023/12/06 05:23:11.99,459649.8436,5634262.8896,2946528.3473
2023/12/06 05:23:12.99,459653.727,5634262.1621,2946528.4782
2023/12/06 05:23:13.99,459654.5483,5634261.9977,2946529.2747
2023/12/06 05:23:14.99,459657.568,5634258.5304,2946528.2923
2023/12/06 05:23:15.99,459660.184,5634258.0293,2946528.7918
2023/12/06 05:23:16.99,459662.6913,5634257.5679,2946529.3464
2023/12/06 05:23:17.99,459664.8511,5634257.1101,2946529.8295
2023/12/06 05:23:18.99,459666.4917,5634256.7955,2946530.2382
2023/12/06 05:23:19.99,459668.0341,5634256.4308,2946530.5992
2023/12/06 05:23:20.99,459668.7045,5634262.1293,2946534.1589
2023/12/06 05:23:21.99,459672.5853,5634258.4708,2946532.5348
2023/12/06 05:23:22.99,459672.8301,5634258.3875,2946533.3149
2023/12/06 05:23:23.99,459674.2632,5634260.9382,2946535.481
2023/12/06 05:23:24.99,459679.0026,5634255.097,2946533.804
2023/12/06 05:23:25.99,459678.7281,5634257.0689,2946534.8291
2023/12/06 05:23:26.99,459681.2877,5634253.5985,2946533.8376
2023/12/06 05:23:27.99,459683.395,5634253.2387,2946534.219
2023/12/06 05:23:28.99,459685.1881,5634258.7397,2946537.9773
2023/12/06 05:23:29.99,459691.0494,5634254.7001,2946536.8462
2023/12/06 05:23:30.99,459695.5562,5634253.7502,2946537.995
2023/12/06 05:23:31.99,459698.7949,5634248.9296,2946540.4181
2023/12/06 05:23:32.99,459702.0474,5634255.7822,2946543.837
2023/12/06 05:23:33.99,459707.4109,5634250.9652,2946542.1515
2023/12/06 05:23:34.99,459713.5502,5634249.7249,2946542.8192
2023/12/06 05:23:35.99,459717.5299,5634245.6517,2946542.4972
2023/12/06 05:23:36.99,459723.3663,5634242.9025,2946543.6057
2023/12/06 05:23:37.99,459734.5603,5634238.5582,2946542.6989
2023/12/06 05:23:38.99,459735.2359,5634240.4408,2946546.3618
2023/12/06 05:23:39.99,459739.2248,5634248.1491,2946552.4927
2023/12/06 05:23:40.99,459746.1855,5634239.9072,2946549.4831
2023/12/06 05:23:41.99,459751.8344,5634238.5864,2946550.8591
2023/12/06 05:23:43.99,459767.4725,5634237.9697,2946559.1063
2023/12/06 05:23:44.99,459770.8952,5634233.0568,2946559.0112
2023/12/06 05:23:45.99,459774.0236,5634230.1282,2946556.2183
2023/12/06 05:23:46.99,459778.3666,5634232.6769,2946557.7232
2023/12/06 05:23:47.99,459783.5931,5634231.5447,2946558.9304
2023/12/06 05:23:48.99,459788.5937,5634230.5315,2946560.0486
2023/12/06 05:23:49.99,459793.4184,5634228.1635,2946561.3881
2023/12/06 05:23:50.99,459800.7796,5634228.0756,2946560.9845
2023/12/06 05:23:51.99,459807.9172,5634218.0952,2946557.9788
2023/12/06 05:23:52.99,459809.5947,5634223.9755,2946564.8945
2023/12/06 05:23:53.99,459814.3576,5634224.7799,2946566.4034
2023/12/06 05:23:54.99,459819.8771,5634223.2637,2946567.434
2023/12/06 05:23:55.99,459825.1704,5634222.1623,2946568.6307
2023/12/06 05:23:56.99,459830.239,5634221.4264,2946569.9102
2023/12/06 05:23:57.99,459834.1972,5634227.2718,2946575.4017
2023/12/06 05:23:58.99,459840.4164,5634222.259,2946573.6025
2023/12/06 05:23:59.99,459846.0895,5634221.0489,2946574.8891
2023/12/06 05:24:00.99,459851.6671,5634219.7748,2946576.163
2023/12/06 05:24:01.99,459857.1174,5634218.5919,2946577.376
2023/12/06 05:24:02.99,459863.4402,5634214.2928,2946577.1107
2023/12/06 05:24:03.99,459870.3211,5634210.7515,2946577.7791
2023/12/06 05:24:04.99,459876.6107,5634211.4597,2946579.6812
2023/12/06 05:24:05.99,459884.2171,5634209.8423,2946581.2331
2023/12/06 05:24:06.99,459892.4901,5634208.0295,2946583.0432
2023/12/06 05:24:07.99,459901.2776,5634206.0111,2946585.0905
2023/12/06 05:24:08.99,459909.9498,5634204.1103,2946586.9905
2023/12/06 05:24:09.99,459918.4232,5634202.1342,2946588.8683
2023/12/06 05:24:10.99,459927.2011,5634200.162,2946590.8822
2023/12/06 05:24:11.99,459937.2308,5634195.1383,2946591.3723
2023/12/06 05:24:12.99,459946.6678,5634193.7633,2946594.3059
2023/12/06 05:24:13.99,459956.8258,5634196.5401,2946597.9841
2023/12/06 05:24:14.99,459966.0142,5634188.7111,2946597.424
2023/12/06 05:24:15.99,459975.5447,5634192.2419,2946602.018
2023/12/06 05:24:16.99,459984.3522,5634185.3573,2946602.6389
2023/12/06 05:24:17.99,459992.9804,5634185.2953,2946604.8368
2023/12/06 05:24:18.99,460002.1403,5634183.1835,2946606.785
2023/12/06 05:24:19.99,460011.3073,5634181.1143,2946608.7008
2023/12/06 05:24:20.99,460021.3402,5634176.805,2946610.1408
2023/12/06 05:24:21.99,460030.4706,5634176.7064,2946612.8565
2023/12/06 05:24:22.99,460040.922,5634172.3144,2946614.8855
2023/12/06 05:24:23.99,460049.256,5634172.2466,2946617.1412
2023/12/06 05:24:24.99,460055.3594,5634177.3531,2946623.45
2023/12/06 05:24:25.99,460063.9755,5634168.5265,2946620.8871
2023/12/06 05:24:26.99,460072.3425,5634166.6641,2946622.4253
2023/12/06 05:24:27.99,460081.8202,5634164.6524,2946623.8821
2023/12/06 05:24:28.99,460091.5707,5634162.5945,2946625.4951
2023/12/06 05:24:29.99,460101.6664,5634158.4458,2946626.7943
2023/12/06 05:24:30.99,460110.2669,5634158.4231,2946629.529
2023/12/06 05:24:31.99,460119.7189,5634153.9882,2946631.4446
2023/12/06 05:24:32.99,460128.5667,5634150.9974,2946633.0217
2023/12/06 05:24:33.99,460137.2347,5634148.8985,2946635.1764
2023/12/06 05:24:34.99,460145.5707,5634149.4658,2946638.5208
2023/12/06 05:24:35.99,460155.8115,5634144.5252,2946639.6309
2023/12/06 05:24:36.99,460165.1468,5634142.3703,2946641.965
2023/12/06 05:24:37.99,460174.2415,5634140.1483,2946644.3798
2023/12/06 05:24:38.99,460182.6397,5634140.6107,2946648.5153
2023/12/06 05:24:39.99,460192.4023,5634135.8406,2946650.8633
2023/12/06 05:24:40.99,460200.8144,5634135.4247,2946654.3135
2023/12/06 05:24:41.99,460210.4854,5634129.8625,2946655.8552
2023/12/06 05:24:42.99,460219.4302,5634127.0902,2946659.0698
2023/12/06 05:24:43.99,460227.6796,5634127.1535,2946663.4135
2023/12/06 05:24:44.99,460236.814,5634124.4781,2946666.9973
2023/12/06 05:24:45.99,460245.7708,5634121.503,2946670.3272
2023/12/06 05:24:46.99,460254.15,5634118.7438,2946673.7194
2023/12/06 05:24:47.99,460261.916,5634115.9176,2946676.6906
2023/12/06 05:24:48.99,460269.8015,5634110.9068,2946678.5076
2023/12/06 05:24:49.99,460276.7082,5634108.5324,2946681.5358
2023/12/06 05:24:50.99,460283.3717,5634106.2524,2946684.4271
2023/12/06 05:24:51.99,460289.9059,5634104.0411,2946687.3049
2023/12/06 05:24:52.99,460295.5613,5634104.7762,2946691.6096
2023/12/06 05:24:53.99,460301.7409,5634102.752,2946694.3605
2023/12/06 05:24:54.99,460308.3474,5634097.8781,2946695.4927
2023/12/06 05:24:55.99,460313.7182,5634096.0432,2946698.0349
2023/12/06 05:24:56.99,460318.7195,5634094.3581,2946700.4474
2023/12/06 05:24:57.99,460322.8131,5634092.8965,2946702.4118
2023/12/06 05:24:58.99,460325.7435,5634091.7566,2946703.9578
2023/12/06 05:24:59.99,460328.5248,5634090.704,2946705.5392
2023/12/06 05:25:00.99,460331.9481,5634089.5756,2946707.1216
2023/12/06 05:25:01.99,460335.4227,5634091.3232,2946710.2596
2023/12/06 05:25:02.99,460341.1167,5634087.1071,2946710.2283
2023/12/06 05:25:03.99,460341.2171,5634095.8167,2946715.445
2023/12/06 05:25:04.99,460351.3333,5634087.5587,2946714.8212
2023/12/06 05:25:05.99,460352.7916,5634093.1917,2946718.5906
2023/12/06 05:25:06.99,460362.8616,5634077.8677,2946714.585
2023/12/06 05:25:07.99,460370.7326,5634080.5227,2946718.2585
2023/12/06 05:25:08.99,460376.6864,5634081.8237,2946721.8331
2023/12/06 05:25:09.99,460383.4329,5634079.8486,2946724.6419
2023/12/06 05:25:10.99,460391.7501,5634086.2958,2946730.1824
2023/12/06 05:25:11.99,460396.8412,5634080.5427,2946735.2732
2023/12/06 05:25:15.99,460419.7341,5634062.1087,2946741.6359
2023/12/06 05:25:16.99,460425.4784,5634064.1327,2946745.5581
2023/12/06 05:25:17.99,460427.9332,5634060.1092,2946746.5947
2023/12/06 05:25:18.99,460431.9927,5634061.4648,2946749.3459
2023/12/06 05:25:19.99,460434.2649,5634054.7607,2946748.6803
2023/12/06 05:25:20.99,460432.703,5634067.5236,2946754.9615
2023/12/06 05:25:21.99,460434.8051,5634066.7014,2946756.1502
2023/12/06 05:25:22.99,460441.5851,5634058.9478,2946755.089
2023/12/06 05:25:23.99,460444.2903,5634056.6833,2946756.6236
2023/12/06 05:25:24.99,460448.0513,5634056.6806,2946758.1536
2023/12/06 05:25:25.99,460451.2305,5634048.3762,2946756.551
2023/12/06 05:25:26.99,460455.9763,5634052.1215,2946762.6859
2023/12/06 05:25:27.99,460461.6804,5634049.4704,2946762.7119
2023/12/06 05:25:28.99,460467.2871,5634047.6709,2946765.3563
2023/12/06 05:25:29.99,460472.8154,5634038.9113,2946765.1088
2023/12/06 05:25:30.99,460479.0956,5634039.3416,2946769.6797
2023/12/06 05:25:31.99,460486.9682,5634044.1137,2946776.494
2023/12/06 05:25:32.99,460495.3167,5634038.5438,2946778.326
2023/12/06 05:25:33.99,460503.1183,5634035.8649,2946781.8681
2023/12/06 05:25:34.99,460511.1912,5634033.2545,2946785.5466
2023/12/06 05:25:35.99,460519.3419,5634030.6101,2946789.549
2023/12/06 05:25:36.99,460526.9514,5634028.5735,2946795.8734
2023/12/06 05:25:37.99,460535.4497,5634025.8,2946800.4308
2023/12/06 05:25:38.99,460542.9445,5634017.719,2946800.3292
2023/12/06 05:25:39.99,460551.7147,5634019.0487,2946806.3157
2023/12/06 05:25:40.99,460558.5746,5634016.5246,2946809.8921
2023/12/06 05:25:41.99,460563.9324,5634010.1483,2946811.161
2023/12/06 05:25:42.99,460567.1389,5634021.9361,2946820.0188
2023/12/06 05:25:43.99,460578.5831,5634005.4032,2946817.8586
2023/12/06 05:25:44.99,460586.5209,5634002.7746,2946821.5104
2023/12/06 05:25:45.99,460594.6514,5634000.2635,2946825.2997
2023/12/06 05:25:46.99,460603.6737,5634001.6796,2946830.7854
2023/12/06 05:25:47.99,460609.4755,5633995.158,2946832.3095
2023/12/06 05:25:48.99,460617.5647,5633997.0193,2946837.5315
2023/12/06 05:25:49.99,460622.4618,5633990.7253,2946838.642
2023/12/06 05:25:50.99,460629.5585,5633992.8567,2946843.3586
2023/12/06 05:25:51.99,460629.0752,5634001.3232,2946849.3028
2023/12/06 05:25:52.99,460636.7566,5633986.0144,2946845.3274
2023/12/06 05:25:53.99,460640.8251,5633992.0418,2946850.1757
2023/12/06 05:25:54.99,460644.199,5633991.0689,2946851.4001
2023/12/06 05:25:55.99,460647.4905,5633990.1217,2946852.6381
2023/12/06 05:25:56.99,460649.6501,5633989.496,2946853.5942
2023/12/06 05:25:57.99,460652.1005,5633991.3845,2946854.2317
2023/12/06 05:25:58.99,460652.7011,5633991.0765,2946854.5
2023/12/06 05:25:59.99,460651.2441,5633981.6707,2946851.2465
2023/12/06 05:26:00.99,460653.2398,5633990.8887,2946854.7919
2023/12/06 05:26:01.99,460652.9236,5633985.6085,2946853.3256
2023/12/06 05:26:02.99,460652.9767,5633985.5983,2946853.3594
2023/12/06 05:26:03.99,460651.655,5633981.5214,2946851.4685
2023/12/06 05:26:04.99,460652.2777,5633981.3216,2946851.8183
2023/12/06 05:26:05.99,460655.2318,5633984.8704,2946854.5444
2023/12/06 05:26:06.99,460656.101,5633980.0118,2946853.668
2023/12/06 05:26:07.99,460660.3313,5633983.1422,2946856.9548
2023/12/06 05:26:08.99,460658.4392,5633991.964,2946862.3091
2023/12/06 05:26:09.99,460666.0305,5633976.5878,2946858.4729
2023/12/06 05:26:10.99,460671.745,5633984.6135,2946863.7931
2023/12/06 05:26:11.99,460673.8763,5633974.0035,2946862.2191
2023/12/06 05:26:12.99,460678.7823,5633979.5482,2946867.7508
2023/12/06 05:26:13.99,460683.3242,5633977.9401,2946870.0706
2023/12/06 05:26:14.99,460688.0552,5633974.3566,2946873.5237
2023/12/06 05:26:15.99,460694.3381,5633976.7356,2946875.1982
2023/12/06 05:26:16.99,460698.2598,5633970.7793,2946878.6594
2023/12/06 05:26:17.99,460702.9408,5633963.9062,2946876.5507
2023/12/06 05:26:18.99,460709.4704,5633966.3702,2946880.8618
2023/12/06 05:26:19.99,460714.8985,5633964.542,2946883.4589
2023/12/06 05:26:20.99,460720.2475,5633962.721,2946886.1038
2023/12/06 05:26:21.99,460724.0972,5633956.8258,2946886.722
2023/12/06 05:26:22.99,460729.1603,5633955.0945,2946889.1901
2023/12/06 05:26:23.99,460735.4448,5633957.5992,2946893.5593
2023/12/06 05:26:24.99,460740.1384,5633956.0051,2946895.836
2023/12/06 05:26:25.99,460745.2368,5633959.7321,2946899.6666
2023/12/06 05:26:26.99,460748.4882,5633953.9569,2946902.7524
2023/12/06 05:26:27.99,460754.2795,5633951.2303,2946902.7238
2023/12/06 05:26:28.99,460758.6999,5633952.637,2946905.8355
2023/12/06 05:26:29.99,460764.9418,5633947.0866,2946905.898
2023/12/06 05:26:30.99,460770.4612,5633945.8028,2946910.6576
2023/12/06 05:26:31.99,460775.9723,5633943.9509,2946913.2775
2023/12/06 05:26:32.99,460781.4989,5633942.1097,2946915.9411
2023/12/06 05:26:33.99,460785.1675,5633949.2532,2946924.1274
2023/12/06 05:26:34.99,460790.634,5633947.4319,2946926.8227
2023/12/06 05:26:35.99,460797.9976,5633936.5507,2946924.1125
2023/12/06 05:26:36.99,460803.0792,5633934.7433,2946926.7344
2023/12/06 05:26:37.99,460807.777,5633933.1607,2946929.0327
2023/12/06 05:26:38.99,460812.4244,5633936.9937,2946932.5754
2023/12/06 05:26:39.99,460815.3491,5633930.6612,2946932.6814
2023/12/06 05:26:40.99,460818.5676,5633934.9946,2946935.7253
2023/12/06 05:26:41.99,460820.2129,5633934.3655,2946936.6089
2023/12/06 05:26:42.99,460821.3783,5633933.9447,2946937.2766
2023/12/06 05:26:43.99,460819.5441,5633932.8448,2946937.1252
2023/12/06 05:26:44.99,460821.2267,5633928.5981,2946935.8976
2023/12/06 05:26:45.99,460819.5428,5633932.8386,2946937.1264
2023/12/06 05:26:46.99,460819.5418,5633932.8342,2946937.1275
2023/12/06 05:26:47.99,460821.2304,5633928.607,2946935.9073
2023/12/06 05:26:48.99,460821.228,5633928.6064,2946935.9062
2023/12/06 05:26:49.99,460821.2314,5633928.6086,2946935.9121
2023/12/06 05:26:50.99,460821.38,5633928.5287,2946935.9783
2023/12/06 05:26:51.99,460822.6168,5633933.4558,2946937.957
2023/12/06 05:26:52.99,460824.0434,5633932.9795,2946938.7419
2023/12/06 05:26:53.99,460825.5316,5633932.4089,2946939.5631
2023/12/06 05:26:54.99,460824.3824,5633935.6618,2946944.1912
2023/12/06 05:26:55.99,460827.3049,5633926.2495,2946939.3696
2023/12/06 05:26:56.99,460828.8354,5633930.9791,2946941.78
2023/12/06 05:26:57.99,460829.611,5633930.3072,2946942.7575
2023/12/06 05:26:58.99,460830.0162,5633929.74,2946943.7844
2023/12/06 05:26:59.99,460830.1544,5633929.2601,2946944.6633
2023/12/06 05:27:00.99,460830.1165,5633928.9265,2946945.3315
2023/12/06 05:27:01.99,460830.0972,5633928.8444,2946945.4708
2023/12/06 05:27:02.99,460830.1005,5633928.8513,2946945.467
2023/12/06 05:27:03.99,460830.0808,5633928.8111,2946945.5693
2023/12/06 05:27:04.99,460829.9854,5633928.6058,2946945.995
2023/12/06 05:27:05.99,460829.8212,5633928.4466,2946946.5587
2023/12/06 05:27:06.99,460829.7733,5633928.3265,2946946.584
2023/12/06 05:27:07.99,460829.7908,5633928.3959,2946946.6293
2023/12/06 05:27:08.99,460829.7721,5633928.3327,2946946.5785
2023/12/06 05:27:09.99,460829.782,5633928.3692,2946946.5519
2023/12/06 05:27:10.99,460829.7777,5633928.3427,2946946.5642
2023/12/06 05:27:11.99,460829.7559,5633928.3026,2946946.6132
2023/12/06 05:27:12.99,460829.6613,5633928.2031,2946946.8481
2023/12/06 05:27:13.99,460829.5084,5633928.0876,2946947.1463
2023/12/06 05:27:14.99,460829.2712,5633927.9445,2946947.5146
2023/12/06 05:27:15.99,460829.0438,5633927.8116,2946947.806
2023/12/06 05:27:16.99,460828.7189,5633927.6584,2946948.1571
2023/12/06 05:27:17.99,460825.7171,5633920.0617,2946945.2718
2023/12/06 05:27:18.99,460826.8277,5633927.1294,2946949.5498
2023/12/06 05:27:19.99,460825.4,5633926.8886,2946950.2421
2023/12/06 05:27:20.99,460823.8279,5633926.7309,2946950.8147
2023/12/06 05:27:21.99,460822.1782,5633926.7101,2946951.1832
2023/12/06 05:27:22.99,460820.4992,5633926.7996,2946951.2396
2023/12/06 05:27:23.99,460818.4614,5633927.1214,2946950.9022
2023/12/06 05:27:24.99,460815.8236,5633927.7708,2946949.9791
2023/12/06 05:27:25.99,460812.521,5633928.8857,2946948.3754
2023/12/06 05:27:26.99,460808.2163,5633930.2914,2946946.3611
2023/12/06 05:27:27.99,460802.77,5633931.8987,2946944.0389
2023/12/06 05:27:28.99,460796.2783,5633933.8176,2946941.2966
2023/12/06 05:27:29.99,460788.7189,5633936.0473,2946938.1067
2023/12/06 05:27:30.99,460780.3007,5633938.5777,2946934.4192
2023/12/06 05:27:31.99,460771.8988,5633941.3145,2946930.4409
2023/12/06 05:27:32.99,460763.7357,5633944.1551,2946926.2294
2023/12/06 05:27:33.99,460755.7156,5633947.0245,2946922.0115
2023/12/06 05:27:34.99,460747.6064,5633949.838,2946917.8303
2023/12/06 05:27:35.99,460738.8504,5633952.9246,2946913.3015
2023/12/06 05:27:36.99,460729.4342,5633956.2626,2946908.4404
2023/12/06 05:27:37.99,460719.9183,5633959.6646,2946903.5303
2023/12/06 05:27:38.99,460710.094,5633962.9998,2946898.7715
2023/12/06 05:27:39.99,460699.9789,5633966.2629,2946894.1426
2023/12/06 05:27:40.99,460690.0876,5633969.4095,2946889.7634
2023/12/06 05:27:41.99,460680.4922,5633972.4531,2946885.5128
2023/12/06 05:27:42.99,460670.8885,5633975.5238,2946881.2535
2023/12/06 05:27:43.99,460661.5504,5633978.4723,2946877.1237
2023/12/06 05:27:44.99,460652.6121,5633981.3538,2946873.1149
2023/12/06 05:27:45.99,460644.1213,5633984.1539,2946869.1012
2023/12/06 05:27:46.99,460636.114,5633986.9741,2946865.1016
2023/12/06 05:27:47.99,460628.4628,5633989.6636,2946861.2559
2023/12/06 05:27:48.99,460621.1098,5633992.2034,2946857.6266
2023/12/06 05:27:49.99,460613.8329,5633994.6526,2946854.1129
2023/12/06 05:27:50.99,460606.4558,5633997.1626,2946850.5194
2023/12/06 05:27:51.99,460598.9363,5633999.7369,2946846.8367
2023/12/06 05:27:52.99,460591.3011,5634002.377,2946843.0844
2023/12/06 05:27:53.99,460583.5197,5634005.0721,2946839.2656
2023/12/06 05:27:54.99,460575.5238,5634007.7987,2946835.3284
2023/12/06 05:27:55.99,460567.233,5634010.6261,2946831.3014
2023/12/06 05:27:56.99,460558.6802,5634013.5505,2946827.1005
2023/12/06 05:27:57.99,460549.8665,5634016.5635,2946822.8206
2023/12/06 05:27:58.99,460541.0362,5634019.5928,2946818.5234
2023/12/06 05:27:59.99,460532.2891,5634022.5951,2946814.2552
2023/12/06 05:28:00.99,460523.6499,5634025.5678,2946810.0431
2023/12/06 05:28:01.99,460515.0896,5634028.4745,2946805.9413
2023/12/06 05:28:02.99,460506.6177,5634031.3049,2946801.9164
2023/12/06 05:28:03.99,460498.4314,5634034.0753,2946797.9902
2023/12/06 05:28:04.99,460490.5943,5634036.7078,2946794.1717
2023/12/06 05:28:05.99,460483.4115,5634045.597,2946793.6439
2023/12/06 05:28:06.99,460476.0487,5634041.6656,2946787.097
2023/12/06 05:28:07.99,460469.6301,5634043.8707,2946783.9626
2023/12/06 05:28:08.99,460464.0164,5634045.7425,2946781.2237
2023/12/06 05:28:09.99,460459.2519,5634047.329,2946778.9271
2023/12/06 05:28:10.99,460455.2677,5634048.6959,2946777.0115
2023/12/06 05:28:11.99,460452.1554,5634049.7609,2946775.5063
2023/12/06 05:28:12.99,460449.6413,5634050.601,2946774.2742
2023/12/06 05:28:13.99,460447.6847,5634051.2759,2946773.3386
2023/12/06 05:28:14.99,460446.1275,5634058.2743,2946775.5869
2023/12/06 05:28:15.99,460443.9004,5634052.478,2946771.5728
2023/12/06 05:28:16.99,460439.3289,5634052.3871,2946772.1526
2023/12/06 05:28:17.99,460434.7458,5634054.2694,2946769.9558
2023/12/06 05:28:18.99,460433.5491,5634054.1922,2946769.5632
2023/12/06 05:28:19.99,460433.1159,5634055.8453,2946766.7582
2023/12/06 05:28:20.99,460430.9062,5634056.5777,2946765.7757
2023/12/06 05:28:21.99,460429.3519,5634057.0795,2946765.0788
2023/12/06 05:28:22.99,460428.2727,5634057.4128,2946764.5868
2023/12/06 05:28:23.99,460427.3346,5634057.7065,2946764.1644
2023/12/06 05:28:24.99,460426.5713,5634057.9397,2946763.8185
2023/12/06 05:28:25.99,460425.9469,5634058.1395,2946763.5317
2023/12/06 05:28:26.99,460425.1813,5634058.3669,2946763.1807
2023/12/06 05:28:27.99,460423.7461,5634058.8358,2946762.5248
2023/12/06 05:28:28.99,460421.4431,5634059.6008,2946761.4123
2023/12/06 05:28:29.99,460418.2959,5634060.7469,2946759.8272
2023/12/06 05:28:30.99,460414.5389,5634062.0914,2946757.9391
2023/12/06 05:28:31.99,460410.7252,5634063.3602,2946756.0832
2023/12/06 05:28:32.99,460404.3985,5634063.9023,2946755.8234
2023/12/06 05:28:33.99,460398.8898,5634072.812,2946753.4127
2023/12/06 05:28:34.99,460396.3392,5634065.7463,2946749.7783
2023/12/06 05:28:35.99,460389.057,5634063.8068,2946744.9311
2023/12/06 05:28:36.99,460383.2473,5634065.8111,2946742.0638
2023/12/06 05:28:37.99,460375.5576,5634073.9395,2946741.7406
2023/12/06 05:28:38.99,460372.6944,5634076.1071,2946737.7812
2023/12/06 05:28:39.99,460366.2699,5634078.3198,2946734.561
2023/12/06 05:28:40.99,460360.4951,5634080.3552,2946731.6025
2023/12/06 05:28:41.99,460355.8134,5634082.0102,2946729.1715
2023/12/06 05:28:42.99,460352.1081,5634083.5315,2946726.927
2023/12/06 05:28:43.99,460348.6734,5634085.1097,2946724.4732
2023/12/06 05:28:44.99,460344.8976,5634087.0328,2946721.4655
2023/12/06 05:28:45.99,460340.1962,5634089.101,2946718.314
2023/12/06 05:28:46.99,460334.1779,5634091.1286,2946715.3663
2023/12/06 05:28:47.99,460326.6784,5634093.2632,2946712.5251
2023/12/06 05:28:48.99,460318.0337,5634095.6978,2946709.3991
2023/12/06 05:28:49.99,460308.7226,5634098.382,2946705.8392
2023/12/06 05:28:50.99,460299.337,5634101.3905,2946701.7931
2023/12/06 05:28:51.99,460290.1017,5634104.5354,2946697.5015
2023/12/06 05:28:52.99,460280.9251,5634107.7391,2946693.1942
2023/12/06 05:28:53.99,460271.4906,5634110.9846,2946688.9887
2023/12/06 05:28:54.99,460261.528,5634114.3085,2946684.638
2023/12/06 05:28:55.99,460247.759,5634118.3349,2946680.9725
2023/12/06 05:28:56.99,460242.182,5634120.8461,2946676.487
2023/12/06 05:28:57.99,460232.8461,5634123.8911,2946672.9058
2023/12/06 05:28:58.99,460223.039,5634126.9358,2946669.4099
2023/12/06 05:28:59.99,460210.4044,5634123.8697,2946664.0788
2023/12/06 05:29:00.99,460199.8034,5634132.4192,2946663.7978
2023/12/06 05:29:01.99,460190.6609,5634136.6387,2946658.3521
2023/12/06 05:29:02.99,460178.9169,5634139.9473,2946654.6405
2023/12/06 05:29:03.99,460166.734,5634143.1437,2946651.0959
2023/12/06 05:29:04.99,460154.6736,5634146.2098,2946647.6615
2023/12/06 05:29:05.99,460142.8888,5634149.2423,2946644.2608
2023/12/06 05:29:06.99,460131.0089,5634152.4583,2946640.8677
2023/12/06 05:29:07.99,460118.5559,5634155.852,2946637.9897
2023/12/06 05:29:08.99,460105.2443,5634158.885,2946634.2247
2023/12/06 05:29:09.99,460089.8298,5634158.9306,2946630.4798
2023/12/06 05:29:10.99,460074.8279,5634166.492,2946626.7214
2023/12/06 05:29:11.99,460056.1806,5634168.1802,2946625.1213
2023/12/06 05:29:12.99,460039.8218,5634174.9603,2946618.8679
2023/12/06 05:29:13.99,460019.4443,5634171.2835,2946611.9257
2023/12/06 05:29:14.99,460004.6637,5634182.4409,2946612.3438
2023/12/06 05:29:15.99,459987.3399,5634178.1659,2946605.9987
2023/12/06 05:29:16.99,459977.407,5634188.4009,2946606.9586
2023/12/06 05:29:17.99,459966.8454,5634190.9342,2946604.5914
2023/12/06 05:29:18.99,459956.6875,5634193.1384,2946602.5246
2023/12/06 05:29:19.99,459946.4923,5634195.2016,2946600.84
2023/12/06 05:29:20.99,459936.1538,5634197.1682,2946599.2047
2023/12/06 05:29:21.99,459925.6414,5634199.1051,2946597.7359
2023/12/06 05:29:22.99,459915.0217,5634200.8671,2946596.4677
2023/12/06 05:29:23.99,459904.8574,5634202.5571,2946595.2722
2023/12/06 05:29:24.99,459895.315,5634204.2923,2946593.8992
2023/12/06 05:29:25.99,459886.4745,5634206.1877,2946592.134
2023/12/06 05:29:26.99,459879.1393,5634200.603,2946588.0446
2023/12/06 05:29:27.99,459870.5141,5634209.7089,2946588.4509
2023/12/06 05:29:28.99,459862.0875,5634209.0552,2946586.9062
2023/12/06 05:29:29.99,459854.3024,5634206.6623,2946583.8171
2023/12/06 05:29:30.99,459849.6212,5634207.7687,2946582.079
2023/12/06 05:29:31.99,459843.5479,5634209.0747,2946580.685
2023/12/06 05:29:32.99,459836.5115,5634218.8773,2946582.412
2023/12/06 05:29:33.99,459830.5481,5634220.0782,2946581.1999
2023/12/06 05:29:34.99,459827.1345,5634211.8297,2946577.028
2023/12/06 05:29:35.99,459818.1285,5634220.0381,2946579.2768
2023/12/06 05:29:36.99,459811.067,5634215.095,2946575.7968
2023/12/06 05:29:37.99,459805.395,5634222.7869,2946576.4321
2023/12/06 05:29:38.99,459798.6536,5634228.8783,2946576.5168
2023/12/06 05:29:39.99,459795.2015,5634225.8725,2946572.1273
2023/12/06 05:29:40.99,459785.8832,5634232.7784,2946575.3282
2023/12/06 05:29:41.99,459782.9962,5634222.9447,2946569.5012
2023/12/06 05:29:42.99,459777.9681,5634229.538,2946568.1912
2023/12/06 05:29:43.99,459772.5767,5634230.6915,2946566.925
2023/12/06 05:29:44.99,459767.2732,5634231.8059,2946565.6641
2023/12/06 05:29:45.99,459763.4839,5634225.4083,2946562.6181
2023/12/06 05:29:46.99,459756.6857,5634232.6311,2946565.0772
2023/12/06 05:29:50.99,459745.1511,5634236.7815,2946560.9288
2023/12/06 05:29:51.99,459737.9819,5634232.3282,2946559.1489
2023/12/06 05:29:52.99,459737.4205,5634233.9017,2946560.6719
2023/12/06 05:29:53.99,459734.6684,5634234.5649,2946559.8786
2023/12/06 05:29:54.99,459733.4179,5634239.2655,2946557.2468
2023/12/06 05:29:55.99,459730.4617,5634219.8969,2946550.5309
2023/12/06 05:29:56.99,459727.524,5634240.8482,2946555.3171
2023/12/06 05:29:57.99,459722.9205,5634237.5944,2946556.1994
2023/12/06 05:29:58.99,459721.0719,5634242.3204,2946553.6656
2023/12/06 05:29:59.99,459720.1105,5634242.4591,2946553.478
2023/12/06 05:30:00.99,459720.1164,5634242.4662,2946553.4821
2023/12/06 05:30:01.99,459718.8756,5634238.4211,2946555.3223
2023/12/06 05:30:02.99,459718.8762,5634238.3862,2946555.3072
2023/12/06 05:30:03.99,459716.7847,5634248.0615,2946558.054
2023/12/06 05:30:04.99,459718.7632,5634238.9694,2946554.5085
2023/12/06 05:30:05.99,459718.7779,5634238.96,2946554.5078
2023/12/06 05:30:06.99,459718.8996,5634238.3831,2946555.3102
2023/12/06 05:30:07.99,459718.8997,5634238.3901,2946555.3111
2023/12/06 05:30:08.99,459718.895,5634238.4145,2946555.3271
2023/12/06 05:30:09.99,459720.1333,5634242.468,2946553.4908
2023/12/06 05:30:10.99,459720.139,5634242.4459,2946553.4799
2023/12/06 05:30:11.99,459720.1342,5634242.4668,2946553.4881
2023/12/06 05:30:12.99,459720.1323,5634242.4687,2946553.4865
2023/12/06 05:30:13.99,459720.1336,5634242.4627,2946553.485
2023/12/06 05:30:14.99,459720.1343,5634242.4674,2946553.4884
2023/12/06 05:30:15.99,459720.1353,5634242.4661,2946553.4854
2023/12/06 05:30:16.99,459720.1375,5634242.4676,2946553.4895
2023/12/06 05:30:17.99,459720.1367,5634242.4671,2946553.4879
2023/12/06 05:30:18.99,459720.1331,5634242.4645,2946553.4873
2023/12/06 05:30:19.99,459720.1363,5634242.4637,2946553.4896
2023/12/06 05:30:20.99,459720.1329,5634242.4703,2946553.489
2023/12/06 05:30:21.99,459718.8964,5634238.4248,2946555.3306
2023/12/06 05:30:22.99,459720.1398,5634242.4557,2946553.4862
2023/12/06 05:30:23.99,459718.8918,5634238.4167,2946555.3267
2023/12/06 05:30:24.99,459718.8923,5634238.4295,2946555.3321
2023/12/06 05:30:25.99,459720.1355,5634242.4593,2946553.4868
2023/12/06 05:30:26.99,459718.8914,5634238.4246,2946555.3296
2023/12/06 05:30:27.99,459718.8913,5634238.416,2946555.3254
2023/12/06 05:30:28.99,459720.1363,5634242.4646,2946553.4896
2023/12/06 05:30:29.99,459720.1584,5634242.4678,2946553.4964
2023/12/06 05:30:30.99,459720.1985,5634242.4566,2946553.5039
2023/12/06 05:30:31.99,459718.6007,5634238.994,2946554.4573
2023/12/06 05:30:32.99,459718.0502,5634239.1309,2946554.2999
2023/12/06 05:30:33.99,459718.442,5634242.8847,2946552.9628
2023/12/06 05:30:34.99,459717.2048,5634243.1961,2946552.5704
2023/12/06 05:30:35.99,459714.4103,5634240.0544,2946553.1612
2023/12/06 05:30:36.99,459714.6236,5634243.8535,2946551.8494
2023/12/06 05:30:37.99,459713.7594,5634244.0284,2946551.6345
2023/12/06 05:30:38.99,459713.1748,5634244.1249,2946551.4843
2023/12/06 05:30:39.99,459712.943,5634244.1645,2946551.4318
2023/12/06 05:30:40.99,459712.9452,5634244.1663,2946551.4322
2023/12/06 05:30:41.99,459712.9484,5634244.1675,2946551.4334
2023/12/06 05:30:42.99,459712.9466,5634244.169,2946551.4329
2023/12/06 05:30:43.99,459712.9453,5634244.1688,2946551.4328
2023/12/06 05:30:44.99,459712.9454,5634244.1632,2946551.4312
2023/12/06 05:30:45.99,459712.9454,5634244.162,2946551.4301
2023/12/06 05:30:46.99,459712.9463,5634244.1703,2946551.4342
2023/12/06 05:30:47.99,459712.9463,5634244.1609,2946551.4298
2023/12/06 05:30:48.99,459712.9455,5634244.1692,2946551.4338
2023/12/06 05:30:49.99,459712.9453,5634244.1642,2946551.4329
2023/12/06 05:30:50.99,459711.5819,5634240.6885,2946552.4621
2023/12/06 05:30:51.99,459712.9461,5634244.1664,2946551.4315
2023/12/06 05:30:52.99,459712.9481,5634244.1697,2946551.4354
2023/12/06 05:30:53.99,459711.5798,5634240.6952,2946552.465
2023/12/06 05:30:54.99,459711.5816,5634240.6903,2946552.4602
2023/12/06 05:30:55.99,459711.5793,5634240.6944,2946552.4635
2023/12/06 05:30:56.99,459711.5786,5634240.6959,2946552.4622
2023/12/06 05:30:57.99,459711.5811,5634240.6911,2946552.4621
2023/12/06 05:30:58.99,459711.5817,5634240.6912,2946552.4635
2023/12/06 05:30:59.99,459711.5782,5634240.6998,2946552.4666
2023/12/06 05:31:00.99,459711.5863,5634240.6897,2946552.4636
2023/12/06 05:31:01.99,459711.6119,5634240.6912,2946552.4718
2023/12/06 05:31:02.99,459711.7005,5634240.6753,2946552.4922
2023/12/06 05:31:03.99,459711.9298,5634240.6286,2946552.5457
2023/12/06 05:31:04.99,459712.2887,5634240.5611,2946552.6335
2023/12/06 05:31:05.99,459712.7865,5634240.4473,2946552.7536
2023/12/06 05:31:06.99,459713.4247,5634240.303,2946552.9214
2023/12/06 05:31:07.99,459714.2357,5634240.0993,2946553.1294
2023/12/06 05:31:08.99,459715.1238,5634239.903,2946553.3802
2023/12/06 05:31:09.99,459717.3558,5634243.1475,2946552.5645
2023/12/06 05:31:10.99,459717.9459,5634243.0304,2946552.7231
2023/12/06 05:31:11.99,459717.0119,5634239.4777,2946553.8721
2023/12/06 05:31:12.99,459717.3404,5634239.4126,2946553.9649
2023/12/06 05:31:13.99,459717.5924,5634239.3443,2946554.0325
2023/12/06 05:31:14.99,459717.587,5634239.3398,2946554.0283
2023/12/06 05:31:15.99,459717.5808,5634239.3492,2946554.0299
2023/12/06 05:31:16.99,459717.5768,5634239.3563,2946554.0296
2023/12/06 05:31:17.99,459717.5749,5634239.3542,2946554.0273
2023/12/06 05:31:18.99,459717.6073,5634239.34,2946554.0354
2023/12/06 05:31:19.99,459717.7627,5634239.2961,2946554.077
2023/12/06 05:31:20.99,459717.8758,5634239.2804,2946554.1105
2023/12/06 05:31:21.99,459717.8706,5634239.2934,2946554.1135
2023/12/06 05:31:22.99,459717.8714,5634239.2821,2946554.1108
2023/12/06 05:31:23.99,459717.8759,5634239.2725,2946554.108
2023/12/06 05:31:24.99,459717.8702,5634239.2881,2946554.1112
2023/12/06 05:31:25.99,459717.8747,5634239.2592,2946554.0989
2023/12/06 05:31:26.99,459717.872,5634239.2811,2946554.1084
2023/12/06 05:31:27.99,459717.8726,5634239.2781,2946554.1074
2023/12/06 05:31:28.99,459717.8705,5634239.2803,2946554.1095
2023/12/06 05:31:29.99,459717.8684,5634239.2836,2946554.108
2023/12/06 05:31:30.99,459717.8721,5634239.289,2946554.1111
2023/12/06 05:31:31.99,459717.871,5634239.284,2946554.1118
2023/12/06 05:31:32.99,459717.8727,5634239.2798,2946554.109
2023/12/06 05:31:33.99,459717.8737,5634239.2848,2946554.11
2023/12/06 05:31:34.99,459717.8711,5634239.2915,2946554.1132
2023/12/06 05:31:35.99,459717.8693,5634239.2893,2946554.113
2023/12/06 05:31:36.99,459717.8713,5634239.2923,2946554.1125
2023/12/06 05:31:37.99,459717.8715,5634239.283,2946554.11
2023/12/06 05:31:38.99,459717.8709,5634239.2788,2946554.1077
2023/12/06 05:31:39.99,459717.8712,5634239.281,2946554.1085
2023/12/06 05:31:40.99,459717.8673,5634239.282,2946554.108
2023/12/06 05:31:41.99,459717.8701,5634239.2804,2946554.1087
2023/12/06 05:31:42.99,459717.8727,5634239.2847,2946554.1108
2023/12/06 05:31:43.99,459717.8663,5634239.2893,2946554.1107
2023/12/06 05:31:44.99,459717.8665,5634239.2761,2946554.1075
2023/12/06 05:31:45.99,459717.8672,5634239.287,2946554.1106
2023/12/06 05:31:46.99,459717.869,5634239.2853,2946554.1101
2023/12/06 05:31:47.99,459717.8683,5634239.2991,2946554.115
2023/12/06 05:31:48.99,459717.869,5634239.2927,2946554.1131
2023/12/06 05:31:49.99,459717.8684,5634239.2913,2946554.1127
2023/12/06 05:31:50.99,459717.8677,5634239.2905,2946554.1112
2023/12/06 05:31:51.99,459717.8683,5634239.2865,2946554.1095
2023/12/06 05:31:52.99,459717.8656,5634239.2997,2946554.1151
2023/12/06 05:31:53.99,459717.8674,5634239.2878,2946554.1107
2023/12/06 05:31:54.99,459717.8674,5634239.2902,2946554.1102
2023/12/06 05:31:55.99,459717.8668,5634239.2899,2946554.1112
2023/12/06 05:31:56.99,459717.8667,5634239.2888,2946554.1103
2023/12/06 05:31:57.99,459717.8675,5634239.2904,2946554.1105
2023/12/06 05:31:58.99,459717.8665,5634239.2927,2946554.1128
2023/12/06 05:31:59.99,459717.8636,5634239.2995,2946554.1158
2023/12/06 05:32:00.99,459717.8696,5634239.2944,2946554.1127
2023/12/06 05:32:01.99,459717.8678,5634239.2834,2946554.1099
2023/12/06 05:32:02.99,459717.8646,5634239.3011,2946554.1125
2023/12/06 05:32:03.99,459717.8697,5634239.2972,2946554.1168
2023/12/06 05:32:04.99,459717.731,5634239.3034,2946554.0653
2023/12/06 05:32:05.99,459716.3347,5634239.6202,2946553.6977
2023/12/06 05:32:06.99,459713.7872,5634240.1759,2946553.0963
2023/12/06 05:32:07.99,459710.1661,5634240.9191,2946552.3065
2023/12/06 05:32:08.99,459705.4818,5634241.8759,2946551.2516
2023/12/06 05:32:09.99,459700.3243,5634242.9354,2946550.1096
2023/12/06 05:32:10.99,459695.1499,5634243.9394,2946548.9529
2023/12/06 05:32:11.99,459690.0963,5634244.9296,2946547.8778
2023/12/06 05:32:12.99,459684.8362,5634245.9588,2946546.7543
2023/12/06 05:32:13.99,459678.8839,5634247.0499,2946545.4358
2023/12/06 05:32:14.99,459671.9948,5634248.5123,2946543.8722
2023/12/06 05:32:15.99,459664.5504,5634250.03,2946542.1876
2023/12/06 05:32:16.99,459656.8922,5634251.5598,2946540.4443
2023/12/06 05:32:17.99,459648.8449,5634253.2168,2946538.617
2023/12/06 05:32:18.99,459640.4173,5634254.8645,2946536.6884
2023/12/06 05:32:19.99,459631.6388,5634256.6106,2946534.7434
2023/12/06 05:32:20.99,459622.5517,5634258.3864,2946532.7337
2023/12/06 05:32:21.99,459613.2763,5634260.2315,2946530.6751
2023/12/06 05:32:22.99,459604.3945,5634261.9858,2946528.7281
2023/12/06 05:32:23.99,459596.0355,5634263.6472,2946526.8956
2023/12/06 05:32:24.99,459588.1583,5634265.3709,2946525.4765
2023/12/06 05:32:25.99,459580.6613,5634266.6916,2946523.4287
2023/12/06 05:32:26.99,459573.9158,5634268.0736,2946521.8692
2023/12/06 05:32:27.99,459568.0812,5634269.2173,2946520.6117
2023/12/06 05:32:28.99,459563.394,5634270.0757,2946519.6931
2023/12/06 05:32:29.99,459560.392,5634270.5956,2946519.1551
2023/12/06 05:32:30.99,459558.2864,5634270.9558,2946518.7867
2023/12/06 05:32:31.99,459556.2011,5634271.2167,2946518.5782
2023/12/06 05:32:32.99,459554.1055,5634271.3497,2946518.6899
2023/12/06 05:32:33.99,459551.9083,5634271.4103,2946518.797
2023/12/06 05:32:34.99,459548.9314,5634271.5725,2946518.9274
2023/12/06 05:32:35.99,459544.7888,5634271.7836,2946519.1308
2023/12/06 05:32:36.99,459540.2038,5634272.0636,2946519.2409
2023/12/06 05:32:37.99,459535.3554,5634272.6504,2946518.8716
2023/12/06 05:32:38.99,459530.0637,5634273.6331,2946517.9249
2023/12/06 05:32:39.99,459524.1852,5634276.0627,2946515.5146
2023/12/06 05:32:40.99,459517.1218,5634277.5007,2946513.8821
2023/12/06 05:32:41.99,459508.7807,5634277.9546,2946513.0745
2023/12/06 05:32:42.99,459499.7107,5634279.7744,2946511.0857
2023/12/06 05:32:43.99,459490.7135,5634281.5749,2946509.1445
2023/12/06 05:32:44.99,459482.0369,5634284.3783,2946506.0831
2023/12/06 05:32:45.99,459473.0531,5634284.9682,2946505.3181
2023/12/06 05:32:46.99,459464.4565,5634286.692,2946503.4382
2023/12/06 05:32:47.99,459456.2481,5634288.3187,2946501.5509
2023/12/06 05:32:48.99,459449.7284,5634290.4584,2946498.5137
2023/12/06 05:32:49.99,459444.0905,5634290.6977,2946498.8509
2023/12/06 05:32:50.99,459440.4083,5634292.2533,2946496.6123
2023/12/06 05:32:51.99,459437.1226,5634291.9568,2946497.5355
2023/12/06 05:32:52.99,459434.5579,5634293.6432,2946495.9934
2023/12/06 05:32:53.99,459431.5839,5634294.25,2946495.2885
2023/12/06 05:32:54.99,459428.2121,5634293.9081,2946494.5641
2023/12/06 05:32:55.99,459423.1917,5634294.8046,2946494.142
2023/12/06 05:32:56.99,459417.8621,5634295.9399,2946492.7589
2023/12/06 05:32:57.99,459411.6989,5634297.2339,2946491.2464
2023/12/06 05:32:58.99,459405.0262,5634298.5125,2946489.6397
2023/12/06 05:32:59.99,459398.1404,5634299.8975,2946488.0599
2023/12/06 05:33:00.99,459390.865,5634301.3475,2946486.3172
2023/12/06 05:33:01.99,459383.1823,5634302.8621,2946484.5376
2023/12/06 05:33:02.99,459375.7369,5634305.5304,2946481.7149
2023/12/06 05:33:03.99,459368.3257,5634306.9441,2946480.0466
2023/12/06 05:33:04.99,459361.2009,5634308.333,2946478.5286
2023/12/06 05:33:05.99,459354.9376,5634308.2602,2946478.2341
2023/12/06 05:33:06.99,459349.4609,5634309.3083,2946477.0252
2023/12/06 05:33:07.99,459344.4729,5634311.4734,2946474.7794
2023/12/06 05:33:08.99,459340.1018,5634311.0877,2946474.8723
2023/12/06 05:33:09.99,459336.713,5634311.7393,2946474.1093
2023/12/06 05:33:10.99,459333.7134,5634313.548,2946472.3121
2023/12/06 05:33:11.99,459330.9943,5634314.1563,2946471.5581
2023/12/06 05:33:12.99,459328.8962,5634313.658,2946471.5413
2023/12/06 05:33:13.99,459327.868,5634314.2848,2946470.3969
2023/12/06 05:33:14.99,459327.6757,5634315.5826,2946468.0829
2023/12/06 05:33:15.99,459327.1326,5634315.1182,2946468.8995
2023/12/06 05:33:16.99,459327.0088,5634315.3528,2946468.403
2023/12/06 05:33:17.99,459327.2624,5634316.2744,2946466.7812
2023/12/06 05:33:18.99,459326.977,5634315.4566,2946468.257
2023/12/06 05:33:19.99,459327.26,5634316.2716,2946466.7769
2023/12/06 05:33:20.99,459327.2492,5634316.3147,2946466.6843
2023/12/06 05:33:21.99,459327.2091,5634316.4419,2946466.4529
2023/12/06 05:33:22.99,459327.1914,5634316.5538,2946466.1902
2023/12/06 05:33:23.99,459327.196,5634316.7102,2946465.8924
2023/12/06 05:33:24.99,459327.2135,5634316.7874,2946465.7859
2023/12/06 05:33:25.99,459326.9533,5634316.0254,2946467.1391
2023/12/06 05:33:26.99,459327.027,5634316.1671,2946466.8499
2023/12/06 05:33:27.99,459327.4168,5634317.1362,2946465.0944
2023/12/06 05:33:28.99,459327.1344,5634316.3347,2946466.5558
2023/12/06 05:33:29.99,459326.2048,5634323.8221,2946469.3941
2023/12/06 05:33:30.99,459326.2039,5634323.814,2946469.3918
2023/12/06 05:33:31.99,459326.1965,5634323.8054,2946469.4149
2023/12/06 05:33:32.99,459326.2015,5634323.7999,2946469.401
2023/12/06 05:33:33.99,459327.6905,5634317.4204,2946464.5971
2023/12/06 05:33:34.99,459328.6094,5634317.9187,2946463.5611
2023/12/06 05:33:35.99,459330.5341,5634318.4497,2946462.3993
2023/12/06 05:33:36.99,459333.4753,5634318.6877,2946461.5561
2023/12/06 05:33:37.99,459337.0458,5634317.8063,2946462.6285
2023/12/06 05:33:38.99,459342.1216,5634318.2332,2946461.2778
2023/12/06 05:33:39.99,459347.0995,5634317.4946,2946461.9712
2023/12/06 05:33:40.99,459350.7784,5634316.9011,2946462.5662
2023/12/06 05:33:41.99,459352.6256,5634323.13,2946467.2579
2023/12/06 05:33:42.99,459355.0677,5634322.837,2946467.4688
2023/12/06 05:33:43.99,459356.8947,5634322.6905,2946467.527
2023/12/06 05:33:44.99,459359.4667,5634315.0957,2946464.6092
2023/12/06 05:33:45.99,459360.3174,5634322.3908,2946467.4661
2023/12/06 05:33:46.99,459362.8128,5634322.0894,2946467.7375
2023/12/06 05:33:47.99,459367.1595,5634314.8694,2946464.0388
2023/12/06 05:33:48.99,459369.5012,5634320.8644,2946469.1272
2023/12/06 05:33:49.99,459375.2437,5634313.3044,2946465.9943
2023/12/06 05:33:50.99,459380.6991,5634312.1608,2946467.4003
2023/12/06 05:33:51.99,459386.9718,5634311.2067,2946469.5142
2023/12/06 05:33:52.99,459393.9902,5634309.4181,2946470.7985
2023/12/06 05:33:53.99,459399.5407,5634314.7421,2946476.6814
2023/12/06 05:33:54.99,459406.1716,5634313.4428,2946478.1028
2023/12/06 05:33:55.99,459414.1351,5634305.4736,2946475.2717
2023/12/06 05:33:56.99,459421.1207,5634304.1427,2946476.8939
2023/12/06 05:33:57.99,459427.9656,5634303.1365,2946479.008
2023/12/06 05:33:58.99,459435.2107,5634301.7332,2946480.5729
2023/12/06 05:33:59.99,459443.3802,5634298.9021,2946481.6639
2023/12/06 05:34:00.99,459452.0467,5634297.4255,2946483.1993
2023/12/06 05:34:01.99,459460.1145,5634303.5124,2946488.9763
2023/12/06 05:34:02.99,459469.7982,5634301.9158,2946490.425
2023/12/06 05:34:03.99,459479.6405,5634300.1828,2946492.2632
2023/12/06 05:34:04.99,459489.5951,5634298.1542,2946494.5267
2023/12/06 05:34:05.99,459499.6127,5634296.0712,2946496.9689
2023/12/06 05:34:06.99,459510.4185,5634287.7548,2946495.4649
2023/12/06 05:34:07.99,459520.9339,5634288.0701,2946496.9701
2023/12/06 05:34:08.99,459528.9996,5634283.438,2946499.6308
2023/12/06 05:34:09.99,459537.758,5634281.9535,2946502.2634
2023/12/06 05:34:10.99,459546.5977,5634278.5676,2946503.4167
2023/12/06 05:34:11.99,459555.0293,5634277.0033,2946505.3051
2023/12/06 05:34:12.99,459563.5014,5634276.5608,2946507.5472
2023/12/06 05:34:13.99,459572.3507,5634273.6288,2946508.9848
2023/12/06 05:34:14.99,459580.8004,5634272.0101,2946510.853
2023/12/06 05:34:15.99,459587.8815,5634278.2096,2946517.3235
2023/12/06 05:34:16.99,459596.4621,5634276.5466,2946519.2378
2023/12/06 05:34:17.99,459604.9975,5634274.8246,2946521.1429
2023/12/06 05:34:18.99,459614.4511,5634266.5195,2946518.615
2023/12/06 05:34:19.99,459623.5707,5634267.6837,2946519.9992
2023/12/06 05:34:20.99,459628.982,5634270.1446,2946526.3179
2023/12/06 05:34:21.99,459636.4696,5634268.6556,2946527.9769
2023/12/06 05:34:22.99,459643.8112,5634267.2074,2946529.5846
2023/12/06 05:34:23.99,459650.474,5634265.9145,2946531.0117
2023/12/06 05:34:24.99,459655.951,5634264.8714,2946532.1312
2023/12/06 05:34:25.99,459660.575,5634263.9869,2946533.1094
2023/12/06 05:34:26.99,459665.737,5634255.6224,2946529.5755
2023/12/06 05:34:27.99,459668.6737,5634255.0289,2946530.2594
2023/12/06 05:34:28.99,459668.9716,5634262.2864,2946535.0132
2023/12/06 05:34:29.99,459669.4633,5634262.1874,2946535.1299
2023/12/06 05:34:30.99,459671.3648,5634252.5318,2946527.6728
2023/12/06 05:34:31.99,459669.4577,5634262.1801,2946535.1238
2023/12/06 05:34:32.99,459668.3336,5634258.8361,2946530.0686
2023/12/06 05:34:33.99,459668.3351,5634258.8353,2946530.0668
2023/12/06 05:34:34.99,459669.4628,5634262.1241,2946535.0938
2023/12/06 05:34:35.99,459669.4563,5634262.1708,2946535.1196
2023/12/06 05:34:36.99,459668.3345,5634258.8386,2946530.0704
2023/12/06 05:34:37.99,459670.6993,5634255.5296,2946530.8304
2023/12/06 05:34:38.99,459670.7023,5634255.5393,2946530.8351
2023/12/06 05:34:39.99,459669.4574,5634262.1273,2946535.0961
2023/12/06 05:34:40.99,459669.4531,5634262.1859,2946535.1278
2023/12/06 05:34:41.99,459669.4537,5634262.1864,2946535.1257
2023/12/06 05:34:42.99,459670.7,5634255.554,2946530.8413
2023/12/06 05:34:43.99,459670.7002,5634255.5487,2946530.8369
2023/12/06 05:34:44.99,459670.6988,5634255.5419,2946530.8364
2023/12/06 05:34:45.99,459668.3362,5634258.8295,2946530.0636
2023/12/06 05:34:46.99,459669.4562,5634262.1123,2946535.0881
2023/12/06 05:34:47.99,459670.6982,5634255.5419,2946530.8359
2023/12/06 05:34:48.99,459670.6988,5634255.5389,2946530.8342
2023/12/06 05:34:49.99,459670.6997,5634255.5403,2946530.8334
2023/12/06 05:34:50.99,459669.4497,5634262.187,2946535.1258
2023/12/06 05:34:51.99,459669.4475,5634262.1908,2946535.1282
2023/12/06 05:34:52.99,459670.6994,5634255.5483,2946530.8367
2023/12/06 05:34:53.99,459670.6982,5634255.5454,2946530.8365
2023/12/06 05:34:54.99,459670.7003,5634255.5417,2946530.8361
2023/12/06 05:34:55.99,459670.7005,5634255.5425,2946530.8348
2023/12/06 05:34:56.99,459670.6998,5634255.5407,2946530.8341
2023/12/06 05:34:57.99,459669.4441,5634262.1935,2946535.1272
2023/12/06 05:34:58.99,459669.4439,5634262.1909,2946535.1252
2023/12/06 05:34:59.99,459669.4474,5634262.1823,2946535.1216
2023/12/06 05:35:00.99,459670.6994,5634255.5492,2946530.8387
2023/12/06 05:35:01.99,459669.4424,5634262.188,2946535.1246
2023/12/06 05:35:02.99,459670.6994,5634255.5397,2946530.8345
2023/12/06 05:35:03.99,459670.7001,5634255.5539,2946530.8394
2023/12/06 05:35:04.99,459670.7,5634255.5428,2946530.8362
2023/12/06 05:35:05.99,459670.675,5634255.5828,2946531.0769
2023/12/06 05:35:06.99,459670.6987,5634255.5402,2946530.8318
2023/12/06 05:35:07.99,459670.6994,5634255.5359,2946530.8333
2023/12/06 05:35:08.99,459669.4408,5634262.1891,2946535.1266
2023/12/06 05:35:09.99,459670.6965,5634255.5539,2946530.8401
2023/12/06 05:35:10.99,459670.7195,5634255.4759,2946530.8075
2023/12/06 05:35:11.99,459669.89,5634262.0751,2946535.2477
2023/12/06 05:35:12.99,459670.9561,5634261.8022,2946535.623
2023/12/06 05:35:13.99,459673.1425,5634261.2495,2946536.3338
2023/12/06 05:35:14.99,459676.8476,5634254.0055,2946532.7184
2023/12/06 05:35:15.99,459679.9467,5634253.3097,2946533.5385
2023/12/06 05:35:16.99,459683.7428,5634252.5298,2946534.4028
2023/12/06 05:35:17.99,459686.9275,5634258.3566,2946539.8066
2023/12/06 05:35:18.99,459693.2418,5634250.5888,2946536.6372
2023/12/06 05:35:19.99,459697.2115,5634256.2189,2946542.2128
2023/12/06 05:35:20.99,459703.6059,5634248.4367,2946539.1738
2023/12/06 05:35:21.99,459709.0365,5634247.3149,2946540.4879
2023/12/06 05:35:22.99,459714.1897,5634246.676,2946542.1356
2023/12/06 05:35:23.99,459719.4096,5634245.1599,2946542.8581
2023/12/06 05:35:24.99,459725.1586,5634242.6728,2946543.6413
2023/12/06 05:35:25.99,459730.5551,5634241.5973,2946544.8584
2023/12/06 05:35:26.99,459736.3919,5634240.3964,2946546.246
2023/12/06 05:35:27.99,459742.8058,5634239.0083,2946547.8047
2023/12/06 05:35:28.99,459749.3924,5634239.1536,2946550.4655
2023/12/06 05:35:30.99,459767.2341,5634235.0364,2946555.6173
2023/12/06 05:35:31.99,459771.1269,5634235.9138,2946557.2335
2023/12/06 05:35:32.99,459776.4638,5634234.9164,2946558.7588
2023/12/06 05:35:33.99,459782.4317,5634238.2279,2946561.6447
2023/12/06 05:35:34.99,459794.8044,5634228.5081,2946563.732
2023/12/06 05:35:35.99,459804.1879,5634225.8852,2946562.9933
2023/12/06 05:35:36.99,459813.4971,5634222.6203,2946564.6843
2023/12/06 05:35:37.99,459822.2663,5634222.1106,2946567.1321
2023/12/06 05:35:38.99,459831.0916,5634221.1131,2946569.1998
2023/12/06 05:35:39.99,459835.233,5634226.7045,2946573.9573
2023/12/06 05:35:40.99,459847.6303,5634217.6672,2946573.7463
2023/12/06 05:35:41.99,459851.3636,5634218.4888,2946576.3495
2023/12/06 05:35:42.99,459860.2992,5634214.5171,2946576.0869
2023/12/06 05:35:43.99,459866.737,5634213.5369,2946577.8656
2023/12/06 05:35:44.99,459873.9956,5634211.9961,2946579.2571
2023/12/06 05:35:45.99,459881.7879,5634210.3408,2946580.8012
2023/12/06 05:35:46.99,459885.4603,5634215.7542,2946584.7619
2023/12/06 05:35:47.99,459898.4195,5634206.2705,2946583.96
2023/12/06 05:35:48.99,459907.6114,5634201.919,2946585.6365
2023/12/06 05:35:49.99,459916.0402,5634202.1831,2946588.1441
2023/12/06 05:35:50.99,459926.196,5634197.7374,2946589.7634
2023/12/06 05:35:51.99,459935.2247,5634197.9962,2946592.1824
2023/12/06 05:35:52.99,459945.6297,5634193.2984,2946593.9814
2023/12/06 05:35:53.99,459955.241,5634193.3684,2946596.6409
2023/12/06 05:35:54.99,459966.3453,5634188.6537,2946598.3048
2023/12/06 05:35:55.99,459975.8282,5634188.7306,2946600.9034
2023/12/06 05:35:56.99,459986.2859,5634184.0522,2946602.7272
2023/12/06 05:35:57.99,459995.3929,5634184.1217,2946605.4072
2023/12/06 05:35:58.99,460005.411,5634181.7574,2946607.651
2023/12/06 05:35:59.99,460015.9264,5634179.4731,2946609.5895
2023/12/06 05:36:00.99,460026.5604,5634177.2031,2946611.5485
2023/12/06 05:36:01.99,460032.6046,5634182.4538,2946616.3457
2023/12/06 05:36:02.99,460043.4316,5634180.0521,2946618.5162
2023/12/06 05:36:03.99,460059.3401,5634168.8018,2946617.7625
2023/12/06 05:36:04.99,460065.8433,5634174.842,2946623.2142
2023/12/06 05:36:05.99,460082.5532,5634162.0814,2946622.6023
2023/12/06 05:36:06.99,460094.0401,5634159.4235,2946625.004
2023/12/06 05:36:07.99,460100.1717,5634166.8887,2946630.5403
2023/12/06 05:36:08.99,460117.577,5634152.9053,2946629.2345
2023/12/06 05:36:09.99,460125.373,5634154.7102,2946631.7752
2023/12/06 05:36:10.99,460136.0355,5634152.2192,2946634.3131
2023/12/06 05:36:11.99,460146.4346,5634149.7089,2946637.0164
2023/12/06 05:36:12.99,460156.6303,5634147.2469,2946639.7503
2023/12/06 05:36:13.99,460166.5383,5634144.7569,2946642.5442
2023/12/06 05:36:14.99,460178.1698,5634139.2389,2946646.0385
2023/12/06 05:36:15.99,460186.9443,5634138.9592,2946649.4702
2023/12/06 05:36:16.99,460196.36,5634136.2718,2946652.5318
2023/12/06 05:36:17.99,460205.8613,5634133.4987,2946655.6655
2023/12/06 05:36:18.99,460215.2767,5634130.794,2946658.7059
2023/12/06 05:36:19.99,460224.5604,5634128.1302,2946661.7154
2023/12/06 05:36:20.99,460233.5872,5634125.8638,2946665.2894
2023/12/06 05:36:21.99,460239.9146,5634125.182,2946669.7601
2023/12/06 05:36:22.99,460251.6774,5634118.4965,2946671.1909
2023/12/06 05:36:23.99,460259.9957,5634117.2135,2946675.6147
2023/12/06 05:36:24.99,460268.7627,5634113.831,2946678.8987
2023/12/06 05:36:25.99,460277.3093,5634110.8578,2946682.7547
2023/12/06 05:36:26.99,460285.6956,5634108.0426,2946686.896
2023/12/06 05:36:27.99,460294.2148,5634103.8025,2946689.9964
2023/12/06 05:36:28.99,460301.9655,5634102.2406,2946694.1383
2023/12/06 05:36:29.99,460308.9738,5634099.8111,2946697.445
2023/12/06 05:36:30.99,460314.9402,5634097.7594,2946700.29
2023/12/06 05:36:31.99,460320.1226,5634096.051,2946702.6676
2023/12/06 05:36:32.99,460324.47,5634094.6291,2946704.5413
2023/12/06 05:36:33.99,460328.3857,5634093.3747,2946706.2682
2023/12/06 05:36:34.99,460332.7723,5634090.7442,2946707.7457
2023/12/06 05:36:35.99,460332.7898,5634097.9471,2946713.045
2023/12/06 05:36:36.99,460343.2891,5634088.7888,2946712.4719
2023/12/06 05:36:37.99,460350.0437,5634087.5355,2946714.9735
2023/12/06 05:36:38.99,460357.4797,5634084.5855,2946716.4958
2023/12/06 05:36:39.99,460364.0774,5634083.9128,2946717.6021
2023/12/06 05:36:40.99,460370.5005,5634082.5537,2946720.2255
2023/12/06 05:36:41.99,460377.2329,5634080.9864,2946721.2602
2023/12/06 05:36:42.99,460384.1489,5634079.0914,2946724.8026
2023/12/06 05:36:43.99,460390.7118,5634070.5832,2946727.3203
2023/12/06 05:36:47.99,460421.5508,5634064.7861,2946743.2373
2023/12/06 05:36:48.99,460428.0338,5634060.4882,2946745.8451
2023/12/06 05:36:49.99,460435.3715,5634057.7496,2946750.1737
2023/12/06 05:36:50.99,460444.321,5634058.1761,2946754.9059
2023/12/06 05:36:51.99,460451.087,5634051.0031,2946758.1366
2023/12/06 05:36:52.99,460459.7919,5634048.0926,2946762.4656
2023/12/06 05:36:53.99,460470.2633,5634049.2731,2946767.7758
2023/12/06 05:36:54.99,460478.0009,5634052.9087,2946775.295
2023/12/06 05:36:55.99,460487.0298,5634049.8475,2946779.6264
2023/12/06 05:36:56.99,460497.2629,5634040.1219,2946780.7982
2023/12/06 05:36:57.99,460506.1594,5634037.1046,2946785.1914
2023/12/06 05:36:58.99,460516.3811,5634024.2617,2946785.792
2023/12/06 05:36:59.99,460525.2587,5634021.384,2946789.9329
2023/12/06 05:37:00.99,460532.9671,5634026.8285,2946797.2262
2023/12/06 05:37:01.99,460540.7945,5634028.4969,2946804.4167
2023/12/06 05:37:02.99,460549.7517,5634022.4441,2946805.8954
2023/12/06 05:37:03.99,460557.8801,5634019.59,2946809.9511
2023/12/06 05:37:04.99,460565.7965,5634016.7607,2946813.9962
2023/12/06 05:37:05.99,460573.6265,5634014.0434,2946817.8682
2023/12/06 05:37:06.99,460581.7055,5634011.3661,2946820.8053
2023/12/06 05:37:07.99,460589.8221,5634007.635,2946824.9966
2023/12/06 05:37:08.99,460595.6309,5634002.0589,2946828.1251
2023/12/06 05:37:09.99,460604.4235,5634003.7132,2946832.5557
2023/12/06 05:37:10.99,460611.4807,5634001.2642,2946836.0827
2023/12/06 05:37:11.99,460618.431,5633998.8667,2946839.6273
2023/12/06 05:37:12.99,460625.1742,5633996.5038,2946842.9982
2023/12/06 05:37:13.99,460631.8096,5633994.295,2946846.2547
2023/12/06 05:37:14.99,460638.3926,5633992.0279,2946849.3571
2023/12/06 05:37:15.99,460644.6896,5633989.88,2946852.38
2023/12/06 05:37:16.99,460650.8486,5633987.7324,2946855.441
2023/12/06 05:37:17.99,460656.8134,5633985.5844,2946858.5433
2023/12/06 05:37:18.99,460662.8212,5633983.4641,2946861.5956
2023/12/06 05:37:19.99,460668.6936,5633981.4291,2946863.5694
2023/12/06 05:37:20.99,460674.5249,5633979.4341,2946867.2922
2023/12/06 05:37:21.99,460680.2105,5633977.5415,2946870.0743
2023/12/06 05:37:22.99,460686.068,5633975.568,2946872.824
2023/12/06 05:37:23.99,460692.2591,5633973.6323,2946875.5282
2023/12/06 05:37:24.99,460698.6446,5633971.7278,2946878.1571
2023/12/06 05:37:25.99,460705.0722,5633969.7322,2946879.9788
2023/12/06 05:37:26.99,460711.5363,5633967.7556,2946883.7043
2023/12/06 05:37:27.99,460717.9465,5633965.6233,2946886.6729
2023/12/06 05:37:28.99,460723.9394,5633963.6186,2946889.6262
2023/12/06 05:37:29.99,460729.6113,5633961.6529,2946892.4272
2023/12/06 05:37:30.99,460735.2176,5633959.7534,2946895.2568
2023/12/06 05:37:31.99,460741.5717,5633955.0595,2946897.7617
2023/12/06 05:37:32.99,460746.7041,5633955.8292,2946899.986
2023/12/06 05:37:33.99,460752.527,5633953.8259,2946902.8287
2023/12/06 05:37:34.99,460758.5309,5633950.575,2946906.0694
2023/12/06 05:37:35.99,460763.7705,5633950.0616,2946908.4251
2023/12/06 05:37:36.99,460769.0132,5633948.2216,2946911.0811
2023/12/06 05:37:37.99,460773.955,5633946.4472,2946913.6438
2023/12/06 05:37:38.99,460775.8805,5633947.3828,2946918.5852
2023/12/06 05:37:39.99,460783.259,5633943.1455,2946918.5713
2023/12/06 05:37:40.99,460787.8732,5633941.5533,2946921.7603
2023/12/06 05:37:41.99,460792.6707,5633939.975,2946924.0868
2023/12/06 05:37:42.99,460797.381,5633938.4265,2946926.333
2023/12/06 05:37:43.99,460801.8851,5633936.9183,2946927.5949
2023/12/06 05:37:44.99,460805.6062,5633935.7585,2946930.2501
2023/12/06 05:37:45.99,460809.484,5633931.9522,2946931.5246
2023/12/06 05:37:46.99,460813.002,5633936.4923,2946934.9544
2023/12/06 05:37:47.99,460814.8403,5633932.4841,2946934.3182
2023/12/06 05:37:48.99,460817.6588,5633931.4217,2946935.8502
2023/12/06 05:37:49.99,460819.8665,5633930.6741,2946937.7951
2023/12/06 05:37:50.99,460821.6727,5633930.1972,2946938.5635
2023/12/06 05:37:51.99,460823.4126,5633929.7027,2946939.1923
2023/12/06 05:37:52.99,460825.3765,5633929.1372,2946939.9465
2023/12/06 05:37:53.99,460827.2156,5633928.4864,2946940.8412
2023/12/06 05:37:54.99,460828.1418,5633928.0615,2946941.5326
2023/12/06 05:37:55.99,460829.3274,5633924.9042,2946941.9678
2023/12/06 05:37:56.99,460829.7621,5633924.3226,2946943.0691
2023/12/06 05:37:57.99,460829.2682,5633926.6807,2946944.1263
2023/12/06 05:37:58.99,460829.7321,5633923.492,2946944.9227
2023/12/06 05:37:59.99,460826.1882,5633928.3906,2946947.3406
2023/12/06 05:38:00.99,460828.8243,5633924.0895,2946945.7837
2023/12/06 05:38:01.99,460828.5334,5633922.5267,2946946.8561
2023/12/06 05:38:02.99,460824.4884,5633927.5178,2946949.444
2023/12/06 05:38:03.99,460827.4611,5633922.1949,2946946.9809
2023/12/06 05:38:04.99,460822.8078,5633927.0544,2946950.6424
2023/12/06 05:38:05.99,460822.2895,5633926.935,2946950.9941
2023/12/06 05:38:06.99,460823.1751,5633926.1131,2946950.0053
2023/12/06 05:38:07.99,460823.1457,5633921.2174,2946950.4549
2023/12/06 05:38:08.99,460821.4162,5633926.6919,2946952.731
2023/12/06 05:38:09.99,460815.2612,5633926.489,2946952.9117
2023/12/06 05:38:10.99,460815.2237,5633921.7963,2946950.3922
2023/12/06 05:38:11.99,460810.5668,5633925.4913,2946949.3685
2023/12/06 05:38:12.99,460807.0604,5633929.7757,2946948.8296
2023/12/06 05:38:13.99,460802.1683,5633931.3581,2946946.4253
2023/12/06 05:38:14.99,460796.7751,5633927.4022,2946942.3482
2023/12/06 05:38:15.99,460791.2452,5633931.8057,2946939.504
2023/12/06 05:38:16.99,460786.6637,5633936.4647,2946939.1042
2023/12/06 05:38:17.99,460779.4255,5633935.6764,2946933.7637
2023/12/06 05:38:18.99,460773.8077,5633940.8559,2946932.479
2023/12/06 05:38:19.99,460766.2376,5633937.8665,2946926.8317
2023/12/06 05:38:20.99,460759.1637,5633946.1898,2946924.5084
2023/12/06 05:38:21.99,460751.1545,5633948.9627,2946920.4457
2023/12/06 05:38:22.99,460741.8751,5633946.2637,2946914.5256
2023/12/06 05:38:23.99,460728.8863,5633954.5981,2946911.9675
2023/12/06 05:38:24.99,460722.9805,5633958.0623,2946907.4276
2023/12/06 05:38:25.99,460713.87,5633961.0761,2946903.1582
2023/12/06 05:38:26.99,460705.3072,5633964.0133,2946899.0096
2023/12/06 05:38:27.99,460696.9592,5633966.8494,2946894.8744
2023/12/06 05:38:28.99,460684.7891,5633969.3924,2946890.9113
2023/12/06 05:38:29.99,460679.669,5633967.0353,2946884.9242
2023/12/06 05:38:30.99,460671.1704,5633969.9064,2946880.8222
2023/12/06 05:38:31.99,460659.2469,5633977.9982,2946878.7029
2023/12/06 05:38:32.99,460654.37,5633981.2084,2946874.5327
2023/12/06 05:38:33.99,460645.8809,5633983.9981,2946870.5959
2023/12/06 05:38:34.99,460637.5458,5633986.7601,2946866.7023
2023/12/06 05:38:35.99,460628.9023,5633983.9208,2946861.0503
2023/12/06 05:38:36.99,460620.9546,5633992.4429,2946858.6249
2023/12/06 05:38:37.99,460611.7386,5633989.8531,2946852.5676
2023/12/06 05:38:38.99,460602.8586,5633992.8945,2946848.197
2023/12/06 05:38:39.99,460593.9953,5633995.9086,2946843.8918
2023/12/06 05:38:40.99,460585.6753,5634004.485,2946841.463
2023/12/06 05:38:41.99,460576.4889,5634001.8289,2946835.4783
2023/12/06 05:38:42.99,460567.5823,5634004.7906,2946831.2633
2023/12/06 05:38:43.99,460558.9408,5634007.6988,2946827.1657
2023/12/06 05:38:44.99,460550.6498,5634010.4656,2946823.2052
2023/12/06 05:38:45.99,460542.7777,5634013.1886,2946819.3499
2023/12/06 05:38:46.99,460535.2648,5634015.7942,2946815.6459
2023/12/06 05:38:47.99,460528.049,5634018.1858,2946812.1536
2023/12/06 05:38:48.99,460521.1553,5634020.5408,2946808.8924
2023/12/06 05:38:49.99,460513.5797,5634024.3511,2946805.952
2023/12/06 05:38:50.99,460508.4025,5634024.8561,2946802.7992
2023/12/06 05:38:51.99,460503.0235,5634032.4436,2946801.6781
2023/12/06 05:38:52.99,460497.0245,5634028.7445,2946797.1759
2023/12/06 05:38:53.99,460490.9654,5634023.9929,2946792.0994
2023/12/06 05:38:54.99,460485.8545,5634025.7554,2946789.5674
2023/12/06 05:38:55.99,460480.5976,5634035.6826,2946789.7432
2023/12/06 05:38:56.99,460476.7212,5634035.7298,2946787.235
2023/12/06 05:38:57.99,460472.1761,5634037.2212,2946785.1162
2023/12/06 05:38:58.99,460468.6939,5634038.332,2946783.5427
2023/12/06 05:38:59.99,460466.1136,5634039.1607,2946782.4029
2023/12/06 05:39:00.99,460464.1746,5634039.7525,2946781.5392
2023/12/06 05:39:01.99,460463.4063,5634045.7123,2946782.7397
2023/12/06 05:39:02.99,460461.9143,5634043.0273,2946780.2781
2023/12/06 05:39:03.99,460462.9537,5634045.863,2946782.5461
2023/12/06 05:39:04.99,460461.9251,5634043.0232,2946780.2822
2023/12/06 05:39:05.99,460462.7917,5634045.9139,2946782.4769
2023/12/06 05:39:06.99,460461.8928,5634046.1599,2946782.0865
2023/12/06 05:39:07.99,460460.0481,5634046.7192,2946781.2944
2023/12/06 05:39:08.99,460456.8218,5634042.0456,2946778.2907
2023/12/06 05:39:09.99,460453.8319,5634048.7967,2946778.3919
2023/12/06 05:39:10.99,460449.7408,5634044.4278,2946774.9306
2023/12/06 05:39:11.99,460445.7693,5634048.4251,2946775.8304
2023/12/06 05:39:12.99,460441.1921,5634045.9431,2946772.0251
2023/12/06 05:39:13.99,460438.1537,5634052.8359,2946771.8249
2023/12/06 05:39:14.99,460435.7873,5634054.9852,2946769.4503
2023/12/06 05:39:15.99,460430.7262,5634051.0298,2946765.3238
2023/12/06 05:39:16.99,460426.2694,5634052.5073,2946763.1821
2023/12/06 05:39:17.99,460421.9797,5634059.6277,2946762.7245
2023/12/06 05:39:18.99,460416.3724,5634055.7953,2946758.5913
2023/12/06 05:39:19.99,460410.7513,5634057.6236,2946755.8722
2023/12/06 05:39:20.99,460404.2789,5634062.6683,2946755.329
2023/12/06 05:39:21.99,460397.9912,5634066.7956,2946751.7182
2023/12/06 05:39:22.99,460393.6388,5634071.4509,2946748.0592
2023/12/06 05:39:23.99,460386.9438,5634070.7139,2946746.0663
2023/12/06 05:39:24.99,460381.3738,5634072.4872,2946743.5067
2023/12/06 05:39:25.99,460375.7217,5634074.2825,2946740.8901
2023/12/06 05:39:26.99,460371.2332,5634071.1636,2946736.2902
2023/12/06 05:39:27.99,460365.2299,5634073.2341,2946733.3296
2023/12/06 05:39:28.99,460359.0054,5634075.4235,2946730.1053
2023/12/06 05:39:29.99,460352.5913,5634077.7223,2946726.7396
2023/12/06 05:39:30.99,460346.0687,5634080.0498,2946723.3649
2023/12/06 05:39:31.99,460339.4089,5634082.3033,2946720.1429
2023/12/06 05:39:32.99,460332.399,5634084.5263,2946717.0294
2023/12/06 05:39:33.99,460323.752,5634083.1561,2946711.6482
2023/12/06 05:39:34.99,460317.9644,5634095.0768,2946711.8624
2023/12/06 05:39:35.99,460310.1614,5634097.8163,2946708.0368
2023/12/06 05:39:36.99,460299.2624,5634088.7045,2946701.082
2023/12/06 05:39:37.99,460293.2875,5634097.844,2946698.5386
2023/12/06 05:39:38.99,460285.1932,5634106.2991,2946696.4802
2023/12/06 05:39:39.99,460276.0324,5634103.6458,2946690.9374
2023/12/06 05:39:40.99,460267.2479,5634106.5894,2946687.1144
2023/12/06 05:39:41.99,460258.3921,5634109.5449,2946683.2909
2023/12/06 05:39:42.99,460247.2203,5634106.1421,2946678.1963
2023/12/06 05:39:43.99,460241.0683,5634115.3457,2946676.1219
2023/12/06 05:39:44.99,460232.8599,5634118.2708,2946672.5503
2023/12/06 05:39:45.99,460224.7206,5634120.8865,2946669.4882
2023/12/06 05:39:46.99,460217.1136,5634128.9163,2946668.4176
2023/12/06 05:39:47.99,460208.0152,5634128.5318,2946666.4873
2023/12/06 05:39:48.99,460200.5047,5634127.9473,2946661.3122
2023/12/06 05:39:49.99,460191.664,5634133.228,2946661.2631
2023/12/06 05:39:50.99,460183.8898,5634132.6764,2946656.2494
2023/12/06 05:39:51.99,460175.4195,5634135.0036,2946653.7258
2023/12/06 05:39:52.99,460164.3288,5634146.53,2946653.9597
2023/12/06 05:39:53.99,460158.1069,5634139.5741,2946648.5653
2023/12/06 05:39:54.99,460149.2379,5634141.7834,2946645.938
2023/12/06 05:39:55.99,460140.0609,5634144.0551,2946643.4902
2023/12/06 05:39:56.99,460131.6603,5634143.9886,2946640.9888
2023/12/06 05:39:58.99,460109.893,5634152.6293,2946636.4759
2023/12/06 05:39:59.99,460098.3639,5634156.387,2946636.0349
2023/12/06 05:40:00.99,460090.0515,5634159.0047,2946634.8558
2023/12/06 05:40:01.99,460081.3669,5634157.7592,2946630.3572
2023/12/06 05:40:02.99,460071.576,5634162.7752,2946628.5267
2023/12/06 05:40:03.99,460063.0782,5634162.2366,2946626.3762
2023/12/06 05:40:04.99,460054.0982,5634164.2215,2946624.623
2023/12/06 05:40:05.99,460045.2024,5634166.1792,2946622.864
2023/12/06 05:40:06.99,460036.409,5634168.1857,2946621.0026
2023/12/06 05:40:07.99,460027.6606,5634170.1287,2946619.0728
2023/12/06 05:40:08.99,460018.9553,5634172.0597,2946617.1735
2023/12/06 05:40:09.99,460010.2877,5634174.0735,2946615.3406
2023/12/06 05:40:10.99,460001.6557,5634176.0678,2946613.5221
2023/12/06 05:40:11.99,459993.0444,5634177.9421,2946611.7468
2023/12/06 05:40:12.99,459984.4125,5634179.9002,2946610.0158
2023/12/06 05:40:13.99,459975.7849,5634181.7461,2946608.2683
2023/12/06 05:40:14.99,459967.1704,5634183.7911,2946606.6006
2023/12/06 05:40:15.99,459958.5825,5634185.6625,2946604.8283
2023/12/06 05:40:16.99,459949.9898,5634187.6019,2946603.0667
2023/12/06 05:40:17.99,459941.3547,5634189.4544,2946601.3706
2023/12/06 05:40:18.99,459932.6839,5634191.2426,2946599.8079
2023/12/06 05:40:19.99,459923.9138,5634192.9187,2946598.4772
2023/12/06 05:40:20.99,459915.0732,5634194.5227,2946597.3194
2023/12/06 05:40:21.99,459906.2311,5634196.211,2946595.9365
2023/12/06 05:40:22.99,459897.4745,5634198.0726,2946594.1716
2023/12/06 05:40:23.99,459889.1053,5634199.9195,2946592.399
2023/12/06 05:40:24.99,459881.432,5634201.7057,2946590.6112
2023/12/06 05:40:25.99,459874.3285,5634203.3103,2946588.8609
2023/12/06 05:40:26.99,459868.0604,5634210.5201,2946588.947
2023/12/06 05:40:27.99,459860.1881,5634212.1442,2946587.5972
2023/12/06 05:40:28.99,459853.5292,5634212.8996,2946585.8029
2023/12/06 05:40:29.99,459846.9532,5634214.1819,2946584.5885
2023/12/06 05:40:30.99,459840.4186,5634215.4368,2946583.4634
2023/12/06 05:40:31.99,459834.2738,5634216.5897,2946582.376
2023/12/06 05:40:32.99,459828.3804,5634217.8038,2946581.2033
2023/12/06 05:40:33.99,459822.2349,5634219.1007,2946579.9317
2023/12/06 05:40:34.99,459816.2151,5634220.3899,2946578.5809
2023/12/06 05:40:35.99,459810.7686,5634221.657,2946577.436
2023/12/06 05:40:36.99,459805.8944,5634222.554,2946576.3902
2023/12/06 05:40:37.99,459801.8898,5634223.4575,2946575.4899
2023/12/06 05:40:38.99,459798.7747,5634216.3394,2946571.6669
2023/12/06 05:40:39.99,459797.1162,5634219.7095,2946572.2368
2023/12/06 05:40:40.99,459795.4547,5634220.0756,2946571.8795
2023/12/06 05:40:41.99,459794.3592,5634220.2771,2946571.6381
2023/12/06 05:40:42.99,459793.753,5634220.4146,2946571.5146
2023/12/06 05:40:43.99,459793.7629,5634220.4176,2946571.5176
2023/12/06 05:40:44.99,459793.7666,5634220.4154,2946571.5161
2023/12/06 05:40:45.99,459793.766,5634220.4238,2946571.5237
2023/12/06 05:40:46.99,459793.7646,5634220.4178,2946571.5175
2023/12/06 05:40:47.99,459793.2099,5634223.1021,2946570.9691
2023/12/06 05:40:48.99,459793.2122,5634223.0991,2946570.9672
2023/12/06 05:40:49.99,459793.2127,5634223.0943,2946570.9664
2023/12/06 05:40:50.99,459793.7676,5634220.4264,2946571.5222
2023/12/06 05:40:51.99,459793.7687,5634220.4138,2946571.5207
2023/12/06 05:40:52.99,459793.2133,5634223.0911,2946570.9656
2023/12/06 05:40:53.99,459793.7675,5634220.4112,2946571.5159
2023/12/06 05:40:54.99,459793.2171,5634223.0849,2946570.9643
2023/12/06 05:40:55.99,459793.2143,5634223.0965,2946570.9684
2023/12/06 05:40:56.99,459793.2173,5634223.0903,2946570.9661
2023/12/06 05:40:57.99,459793.2147,5634223.0954,2946570.9687
2023/12/06 05:40:58.99,459793.216,5634223.0888,2946570.9666
2023/12/06 05:40:59.99,459793.218,5634223.0894,2946570.967
2023/12/06 05:41:00.99,459793.2181,5634223.1011,2946570.9732
2023/12/06 05:41:01.99,459793.2163,5634223.0972,2946570.97
2023/12/06 05:41:02.99,459793.2177,5634223.1002,2946570.9715
2023/12/06 05:41:03.99,459793.2171,5634223.1016,2946570.974
2023/12/06 05:41:04.99,459793.2193,5634223.0949,2946570.9718
2023/12/06 05:41:05.99,459793.217,5634223.1028,2946570.9732
2023/12/06 05:41:06.99,459793.2163,5634223.103,2946570.9733
2023/12/06 05:41:07.99,459793.2197,5634223.0979,2946570.9708
2023/12/06 05:41:08.99,459793.2199,5634223.1058,2946570.9753
2023/12/06 05:41:09.99,459793.2203,5634223.1089,2946570.9782
2023/12/06 05:41:10.99,459793.2214,5634223.1062,2946570.9755
2023/12/06 05:41:11.99,459793.2217,5634223.1133,2946570.9778
2023/12/06 05:41:12.99,459793.2219,5634223.1132,2946570.9787
2023/12/06 05:41:13.99,459793.7718,5634220.4333,2946571.53
2023/12/06 05:41:14.99,459793.7727,5634220.4314,2946571.5272
2023/12/06 05:41:15.99,459793.2234,5634223.104,2946570.9741
2023/12/06 05:41:16.99,459793.7716,5634220.4322,2946571.527
2023/12/06 05:41:17.99,459793.2214,5634223.101,2946570.9737
2023/12/06 05:41:18.99,459793.2183,5634223.1094,2946570.977
2023/12/06 05:41:19.99,459793.2222,5634223.112,2946570.9776
2023/12/06 05:41:20.99,459793.2194,5634223.1132,2946570.9767
2023/12/06 05:41:21.99,459793.2215,5634223.1101,2946570.9763
2023/12/06 05:41:22.99,459793.2203,5634223.105,2946570.9735
2023/12/06 05:41:23.99,459793.218,5634223.1131,2946570.9768
2023/12/06 05:41:24.99,459793.2185,5634223.1034,2946570.9742
2023/12/06 05:41:25.99,459793.2214,5634223.101,2946570.9731
2023/12/06 05:41:26.99,459793.2231,5634223.0986,2946570.9712
2023/12/06 05:41:27.99,459793.2204,5634223.1017,2946570.9725
2023/12/06 05:41:28.99,459793.2187,5634223.1135,2946570.9771
2023/12/06 05:41:29.99,459793.2208,5634223.1027,2946570.9731
2023/12/06 05:41:30.99,459793.2207,5634223.0969,2946570.9697
2023/12/06 05:41:31.99,459793.2194,5634223.1005,2946570.9721
2023/12/06 05:41:32.99,459793.2198,5634223.0986,2946570.9695
2023/12/06 05:41:33.99,459793.2154,5634223.1055,2946570.9721
2023/12/06 05:41:34.99,459793.2183,5634223.0898,2946570.9676
2023/12/06 05:41:35.99,459793.219,5634223.1055,2946570.9712
2023/12/06 05:41:36.99,459793.2185,5634223.0958,2946570.9696
2023/12/06 05:41:37.99,459793.218,5634223.101,2946570.9696
2023/12/06 05:41:38.99,459793.218,5634223.1112,2946570.9767
2023/12/06 05:41:39.99,459793.2186,5634223.1063,2946570.9734
2023/12/06 05:41:40.99,459793.2193,5634223.1017,2946570.9729
2023/12/06 05:41:41.99,459793.2186,5634223.1004,2946570.9726
2023/12/06 05:41:42.99,459793.2211,5634223.1018,2946570.9724
2023/12/06 05:41:43.99,459793.2211,5634223.0944,2946570.9695
2023/12/06 05:41:44.99,459793.2226,5634223.095,2946570.9702
2023/12/06 05:41:45.99,459793.2237,5634223.0889,2946570.9667
2023/12/06 05:41:46.99,459793.2583,5634223.0904,2946570.9779
2023/12/06 05:41:47.99,459793.2916,5634223.0659,2946570.9803
2023/12/06 05:41:48.99,459792.5323,5634223.2093,2946570.7948
2023/12/06 05:41:49.99,459790.3123,5634223.6866,2946570.2911
2023/12/06 05:41:50.99,459787.2528,5634224.3888,2946569.5268
2023/12/06 05:41:51.99,459783.4797,5634225.3274,2946568.5519
2023/12/06 05:41:52.99,459779.1313,5634226.2784,2946567.3875
2023/12/06 05:41:53.99,459774.5325,5634227.2932,2946566.2359
2023/12/06 05:41:54.99,459770.0146,5634225.7543,2946566.4932
2023/12/06 05:41:55.99,459765.687,5634232.3288,2946566.2653
2023/12/06 05:41:56.99,459760.5741,5634227.709,2946564.3439
2023/12/06 05:41:57.99,459755.7298,5634230.2465,2946563.2239
2023/12/06 05:42:00.99,459742.9299,5634232.4668,2946560.187
2023/12/06 05:42:01.99,459739.3341,5634232.3618,2946558.5602
2023/12/06 05:42:02.99,459736.5911,5634233.0616,2946558.2581
2023/12/06 05:42:03.99,459733.2433,5634233.7845,2946557.4633
2023/12/06 05:42:04.99,459729.446,5634234.5516,2946556.6124
2023/12/06 05:42:05.99,459724.804,5634228.5042,2946554.3203
2023/12/06 05:42:06.99,459721.282,5634238.6659,2946553.6548
2023/12/06 05:42:07.99,459717.6092,5634236.8333,2946554.2982
2023/12/06 05:42:08.99,459712.6734,5634240.3618,2946552.8465
2023/12/06 05:42:09.99,459707.9775,5634241.341,2946551.795
2023/12/06 05:42:10.99,459703.0255,5634242.373,2946550.6274
2023/12/06 05:42:11.99,459697.6492,5634243.615,2946548.7699
2023/12/06 05:42:12.99,459692.2496,5634244.6715,2946547.9592
2023/12/06 05:42:13.99,459687.3354,5634245.7908,2946546.6154
2023/12/06 05:42:14.99,459682.1232,5634247.0149,2946545.1132
2023/12/06 05:42:15.99,459676.7015,5634248.2398,2946543.6075
2023/12/06 05:42:16.99,459671.8851,5634252.2615,2946543.4957
2023/12/06 05:42:17.99,459664.8063,5634250.7801,2946540.744
2023/12/06 05:42:18.99,459658.529,5634251.9515,2946538.6877
2023/12/06 05:42:19.99,459652.3944,5634253.2326,2946537.371
2023/12/06 05:42:20.99,459646.2753,5634254.3985,2946536.6996
2023/12/06 05:42:21.99,459640.3106,5634255.5448,2946535.4619
2023/12/06 05:42:22.99,459634.2964,5634256.6988,2946534.1773
2023/12/06 05:42:23.99,459628.3346,5634257.8982,2946532.7585
2023/12/06 05:42:24.99,459622.2614,5634259.1416,2946531.2787
2023/12/06 05:42:25.99,459616.2449,5634260.3938,2946529.8496
2023/12/06 05:42:26.99,459610.3591,5634261.7161,2946527.9024
2023/12/06 05:42:27.99,459604.331,5634262.8992,2946526.587
2023/12/06 05:42:28.99,459598.4707,5634263.9735,2946525.9102
2023/12/06 05:42:29.99,459593.184,5634265.0756,2946524.1801
2023/12/06 05:42:30.99,459589.3148,5634264.0796,2946522.9739
2023/12/06 05:42:31.99,459585.9757,5634263.8345,2946523.6917
2023/12/06 05:42:32.99,459583.4429,5634264.303,2946523.188
2023/12/06 05:42:33.99,459581.897,5634270.2381,2946523.6961
2023/12/06 05:42:34.99,459578.9191,5634267.6551,2946521.8543
2023/12/06 05:42:35.99,459578.1324,5634270.8677,2946522.1027
2023/12/06 05:42:36.99,459575.7583,5634266.5707,2946520.3102
2023/12/06 05:42:37.99,459573.9559,5634266.0092,2946521.4101
2023/12/06 05:42:38.99,459571.436,5634267.3223,2946519.456
2023/12/06 05:42:39.99,459568.9575,5634267.8584,2946518.9219
2023/12/06 05:42:40.99,459566.6812,5634267.4511,2946519.8218
2023/12/06 05:42:41.99,459564.1111,5634270.4766,2946517.9172
2023/12/06 05:42:42.99,459562.3877,5634270.7954,2946517.5293
2023/12/06 05:42:43.99,459562.3151,5634268.3188,2946518.8518
2023/12/06 05:42:44.99,459562.193,5634269.2146,2946517.3952
2023/12/06 05:42:45.99,459561.7544,5634271.0174,2946517.6763
2023/12/06 05:42:46.99,459561.7524,5634271.022,2946517.6751
2023/12/06 05:42:47.99,459561.6106,5634270.9586,2946518.2337
2023/12/06 05:42:48.99,459561.3476,5634269.3708,2946517.2027
2023/12/06 05:42:49.99,459560.2321,5634274.3411,2946518.3035
2023/12/06 05:42:50.99,459557.5561,5634274.7527,2946517.8857
2023/12/06 05:42:51.99,459553.4069,5634272.244,2946516.5611
2023/12/06 05:42:52.99,459549.9525,5634272.4883,2946516.5866
2023/12/06 05:42:53.99,459546.0553,5634272.7806,2946516.6118
2023/12/06 05:42:54.99,459541.7546,5634273.0611,2946516.6699
2023/12/06 05:42:55.99,459536.6255,5634273.5216,2946516.5789
2023/12/06 05:42:56.99,459530.6573,5634274.3786,2946515.9523
2023/12/06 05:42:57.99,459523.7393,5634275.6266,2946515.1099
2023/12/06 05:42:58.99,459515.8127,5634277.37,2946512.6507
2023/12/06 05:42:59.99,459506.8822,5634279.2618,2946510.4105
2023/12/06 05:43:00.99,459497.0981,5634281.1908,2946507.7997
2023/12/06 05:43:01.99,459486.9816,5634283.6816,2946506.9239
2023/12/06 05:43:02.99,459477.4638,5634284.1202,2946504.7691
2023/12/06 05:43:03.99,459468.0534,5634285.4144,2946501.1048
2023/12/06 05:43:04.99,459458.0839,5634289.1304,2946499.2452
2023/12/06 05:43:05.99,459448.9113,5634290.8981,2946497.2148
2023/12/06 05:43:06.99,459440.1996,5634292.6176,2946495.2905
2023/12/06 05:43:07.99,459431.4441,5634293.4349,2946494.792
2023/12/06 05:43:08.99,459422.3518,5634295.037,2946492.2047
2023/12/06 05:43:09.99,459412.7137,5634298.0694,2946489.0044
2023/12/06 05:43:10.99,459403.0379,5634298.6574,2946488.1399
2023/12/06 05:43:11.99,459393.3839,5634301.6875,2946484.9203
2023/12/06 05:43:12.99,459384.4449,5634303.5201,2946482.6871
2023/12/06 05:43:13.99,459375.9912,5634305.2748,2946480.4886
2023/12/06 05:43:14.99,459367.9217,5634306.8178,2946479.095
2023/12/06 05:43:15.99,459360.2932,5634308.372,2946476.8501
2023/12/06 05:43:16.99,459353.0149,5634309.7455,2946475.2207
2023/12/06 05:43:17.99,459346.85,5634309.2053,2946473.4917
2023/12/06 05:43:18.99,459340.9555,5634311.9573,2946472.6023
2023/12/06 05:43:19.99,459337.7168,5634315.574,2946472.8676
2023/12/06 05:43:20.99,459333.3317,5634313.3549,2946471.46
2023/12/06 05:43:21.99,459330.6654,5634314.1921,2946469.929
2023/12/06 05:43:22.99,459328.9025,5634314.7622,2946469.3558
2023/12/06 05:43:23.99,459328.0126,5634315.3796,2946468.2285
2023/12/06 05:43:24.99,459327.694,5634315.9667,2946467.1738
2023/12/06 05:43:25.99,459327.6399,5634316.2632,2946466.5146
2023/12/06 05:43:26.99,459327.6601,5634316.4055,2946466.2386
2023/12/06 05:43:27.99,459327.6742,5634316.4829,2946466.1188
2023/12/06 05:43:28.99,459327.6723,5634316.4756,2946466.1354
2023/12/06 05:43:29.99,459327.6893,5634316.5072,2946466.0498
2023/12/06 05:43:30.99,459327.7569,5634316.6564,2946465.767
2023/12/06 05:43:31.99,459327.9423,5634316.9198,2946465.2595
2023/12/06 05:43:32.99,459328.5783,5634317.5049,2946464.1237
2023/12/06 05:43:33.99,459329.9609,5634318.2909,2946462.1794
2023/12/06 05:43:34.99,459332.0225,5634318.742,2946461.5486
2023/12/06 05:43:35.99,459334.9122,5634319.0567,2946460.5586
2023/12/06 05:43:36.99,459338.7506,5634319.0246,2946460.0247
2023/12/06 05:43:37.99,459343.3156,5634318.6813,2946460.0709
2023/12/06 05:43:38.99,459347.7392,5634318.0333,2946460.582
2023/12/06 05:43:39.99,459352.7473,5634317.1552,2946461.5283
2023/12/06 05:43:40.99,459358.4241,5634316.1522,2946462.6713
2023/12/06 05:43:41.99,459364.7363,5634315.0282,2946463.9398
2023/12/06 05:43:42.99,459371.2524,5634313.826,2946465.3502
2023/12/06 05:43:43.99,459378.0622,5634312.591,2946466.8077
2023/12/06 05:43:44.99,459384.5086,5634311.4866,2946467.5625
2023/12/06 05:43:45.99,459390.4682,5634310.3824,2946468.9002
2023/12/06 05:43:46.99,459395.9386,5634309.5181,2946471.0713
2023/12/06 05:43:47.99,459401.3263,5634307.1955,2946472.3412
2023/12/06 05:43:48.99,459405.8436,5634307.4066,2946472.2896
2023/12/06 05:43:49.99,459409.8643,5634306.6304,2946473.2091
2023/12/06 05:43:50.99,459413.1889,5634305.964,2946473.9085
2023/12/06 05:43:51.99,459416.4145,5634305.4212,2946474.6257
2023/12/06 05:43:52.99,459419.4499,5634304.8214,2946475.3076
2023/12/06 05:43:53.99,459421.8069,5634304.4201,2946475.8655
2023/12/06 05:43:54.99,459423.7735,5634303.9626,2946476.2783
2023/12/06 05:43:55.99,459425.8197,5634303.5504,2946476.7296
2023/12/06 05:43:56.99,459428.2036,5634303.0896,2946477.2847
2023/12/06 05:43:57.99,459430.8304,5634302.5602,2946477.9213
2023/12/06 05:43:58.99,459433.9519,5634301.9281,2946478.7083
2023/12/06 05:43:59.99,459437.8363,5634301.1447,2946479.5744
2023/12/06 05:44:00.99,459442.5543,5634300.2674,2946480.5142
2023/12/06 05:44:01.99,459447.5192,5634299.4258,2946481.3709
2023/12/06 05:44:02.99,459453.2203,5634298.3686,2946482.7991
2023/12/06 05:44:03.99,459459.4571,5634297.4725,2946483.292
2023/12/06 05:44:04.99,459466.0911,5634296.1905,2946484.9676
2023/12/06 05:44:05.99,459471.6186,5634301.2047,2946490.4094
2023/12/06 05:44:06.99,459479.3941,5634293.8806,2946486.8959
2023/12/06 05:44:07.99,459486.5465,5634292.5032,2946488.4434
2023/12/06 05:44:08.99,459494.2414,5634290.9476,2946490.1859
2023/12/06 05:44:09.99,459502.1018,5634289.3247,2946492.1401
2023/12/06 05:44:10.99,459509.8874,5634287.7226,2946494.0267
2023/12/06 05:44:11.99,459517.5286,5634286.0824,2946495.8377
2023/12/06 05:44:12.99,459525.124,5634284.4781,2946497.7036
2023/12/06 05:44:13.99,459532.234,5634283.0708,2946499.3393
2023/12/06 05:44:14.99,459538.7157,5634280.6036,2946501.9439
2023/12/06 05:44:15.99,459544.0289,5634280.354,2946501.7496
2023/12/06 05:44:16.99,459548.5888,5634278.6031,2946504.2168
2023/12/06 05:44:17.99,459552.2343,5634277.9186,2946505.0407
2023/12/06 05:44:18.99,459555.235,5634277.324,2946505.7346
2023/12/06 05:44:19.99,459557.8689,5634277.8539,2946505.2309
2023/12/06 05:44:20.99,459560.4961,5634277.2595,2946506.425
2023/12/06 05:44:21.99,459561.4784,5634283.0622,2946511.209
2023/12/06 05:44:22.99,459564.3775,5634276.759,2946507.6402
2023/12/06 05:44:23.99,459566.3103,5634275.9177,2946506.661
2023/12/06 05:44:24.99,459567.9491,5634275.6194,2946506.9652
2023/12/06 05:44:25.99,459569.246,5634275.4222,2946507.2856
2023/12/06 05:44:26.99,459570.1174,5634275.2466,2946507.476
2023/12/06 05:44:27.99,459570.8987,5634275.0403,2946507.6552
2023/12/06 05:44:28.99,459571.6534,5634274.0803,2946509.353
2023/12/06 05:44:29.99,459572.2499,5634273.9442,2946509.6182
2023/12/06 05:44:30.99,459572.7541,5634273.7979,2946509.8648
2023/12/06 05:44:31.99,459573.2036,5634273.6366,2946510.0386
2023/12/06 05:44:32.99,459573.1998,5634274.7405,2946509.0017
2023/12/06 05:44:33.99,459573.0845,5634274.9269,2946509.9395
2023/12/06 05:44:34.99,459573.0836,5634274.926,2946509.9387
2023/12/06 05:44:35.99,459573.0885,5634274.9476,2946509.95
2023/12/06 05:44:36.99,459573.0889,5634274.9369,2946509.9438
2023/12/06 05:44:37.99,459573.0864,5634274.9377,2946509.9452
2023/12/06 05:44:38.99,459573.0871,5634274.9393,2946509.9456
2023/12/06 05:44:39.99,459573.0886,5634274.9166,2946509.9367
2023/12/06 05:44:40.99,459573.0856,5634274.9418,2946509.9462
2023/12/06 05:44:41.99,459573.0891,5634274.9404,2946509.9455
2023/12/06 05:44:42.99,459573.0871,5634274.9412,2946509.9458
2023/12/06 05:44:43.99,459573.0872,5634274.9475,2946509.9484
2023/12/06 05:44:44.99,459573.0869,5634274.9427,2946509.9483
2023/12/06 05:44:45.99,459573.0894,5634274.9324,2946509.9425
2023/12/06 05:44:46.99,459573.0902,5634274.9283,2946509.9397
2023/12/06 05:44:47.99,459573.0877,5634274.9249,2946509.9371
2023/12/06 05:44:48.99,459573.0901,5634274.9206,2946509.9377
2023/12/06 05:44:49.99,459573.0876,5634274.9195,2946509.9358
2023/12/06 05:44:50.99,459573.085,5634274.9352,2946509.9409
2023/12/06 05:44:51.99,459573.0867,5634274.9257,2946509.9367
2023/12/06 05:44:52.99,459573.0867,5634274.9251,2946509.9368
2023/12/06 05:44:53.99,459573.0833,5634274.9311,2946509.9411
2023/12/06 05:44:54.99,459573.0835,5634274.9338,2946509.9433
2023/12/06 05:44:55.99,459573.0855,5634274.9247,2946509.9366
2023/12/06 05:44:56.99,459573.083,5634274.9256,2946509.9389
2023/12/06 05:44:57.99,459573.0832,5634274.9357,2946509.944
2023/12/06 05:44:58.99,459573.0792,5634274.9553,2946509.9522
2023/12/06 05:44:59.99,459573.0818,5634274.9335,2946509.9407
2023/12/06 05:45:00.99,459573.0851,5634274.9348,2946509.942
2023/12/06 05:45:01.99,459573.0823,5634274.9309,2946509.9418
2023/12/06 05:45:02.99,459573.0852,5634274.9442,2946509.9467
2023/12/06 05:45:03.99,459573.0865,5634274.9307,2946509.9443
2023/12/06 05:45:04.99,459573.0894,5634274.9296,2946509.9427
2023/12/06 05:45:05.99,459573.091,5634274.9298,2946509.9423
2023/12/06 05:45:06.99,459573.0918,5634274.9189,2946509.9367
2023/12/06 05:45:07.99,459573.0842,5634274.9448,2946509.9489
2023/12/06 05:45:08.99,459573.0833,5634274.9199,2946509.9388
2023/12/06 05:45:09.99,459573.4058,5634274.7181,2946509.0919
2023/12/06 05:45:10.99,459574.4565,5634273.4716,2946510.5236
2023/12/06 05:45:11.99,459576.2774,5634274.0054,2946509.8833
2023/12/06 05:45:12.99,459578.7727,5634273.5322,2946510.4701
2023/12/06 05:45:13.99,459581.5732,5634273.0051,2946510.9703
2023/12/06 05:45:14.99,459584.3142,5634272.5046,2946511.4222
2023/12/06 05:45:15.99,459586.954,5634272.0167,2946511.9334
2023/12/06 05:45:16.99,459589.6818,5634271.5201,2946512.5266
2023/12/06 05:45:17.99,459592.721,5634270.8946,2946513.2303
2023/12/06 05:45:18.99,459595.6702,5634270.2815,2946514.0065
2023/12/06 05:45:19.99,459598.3728,5634269.71,2946514.6818
2023/12/06 05:45:20.99,459600.5299,5634269.2717,2946515.1484
2023/12/06 05:45:21.99,459602.5741,5634268.8774,2946515.6097
2023/12/06 05:45:22.99,459604.7079,5634268.4713,2946516.077
2023/12/06 05:45:23.99,459607.0002,5634268.0231,2946516.562
2023/12/06 05:45:24.99,459609.5442,5634267.5273,2946517.0806
2023/12/06 05:45:25.99,459612.1301,5634267.0089,2946517.6219
2023/12/06 05:45:26.99,459614.6781,5634266.5167,2946518.1796
2023/12/06 05:45:27.99,459617.2671,5634265.9689,2946518.8107
2023/12/06 05:45:28.99,459620.0175,5634265.4197,2946519.4549
2023/12/06 05:45:29.99,459622.9632,5634264.8443,2946520.0941
2023/12/06 05:45:30.99,459625.828,5634264.2423,2946520.7156
2023/12/06 05:45:31.99,459628.8533,5634263.6346,2946521.4203
2023/12/06 05:45:32.99,459631.8099,5634263.0693,2946522.1453
2023/12/06 05:45:33.99,459634.9269,5634262.4444,2946522.8372
2023/12/06 05:45:34.99,459638.123,5634261.8601,2946523.4106
2023/12/06 05:45:35.99,459641.1169,5634261.3472,2946524.004
2023/12/06 05:45:36.99,459643.7848,5634260.8329,2946524.5089
2023/12/06 05:45:37.99,459646.44,5634260.3672,2946524.9856
2023/12/06 05:45:38.99,459649.2786,5634259.8749,2946525.4841
2023/12/06 05:45:39.99,459652.3558,5634259.3086,2946526.0759
2023/12/06 05:45:40.99,459655.768,5634258.6028,2946526.7912
2023/12/06 05:45:41.99,459659.511,5634257.8276,2946527.6394
2023/12/06 05:45:42.99,459663.3772,5634257.0338,2946528.5694
2023/12/06 05:45:43.99,459667.1321,5634256.2345,2946529.541
2023/12/06 05:45:44.99,459671.192,5634255.333,2946530.5888
2023/12/06 05:45:45.99,459675.1938,5634254.5046,2946531.492
2023/12/06 05:45:46.99,459679.3816,5634253.6695,2946532.4774
2023/12/06 05:45:47.99,459683.3428,5634252.8393,2946533.4112
2023/12/06 05:45:48.99,459687.0194,5634252.1292,2946534.2288
2023/12/06 05:45:49.99,459690.551,5634251.4445,2946535.0682
2023/12/06 05:45:50.99,459693.933,5634250.7875,2946535.8591
2023/12/06 05:45:51.99,459697.1073,5634249.9684,2946537.1113
2023/12/06 05:45:52.99,459700.2256,5634249.4896,2946537.2902
2023/12/06 05:45:53.99,459703.0953,5634248.9513,2946537.8968
2023/12/06 05:45:54.99,459705.4223,5634248.5445,2946538.3965
2023/12/06 05:45:55.99,459707.4792,5634248.1672,2946538.8149
2023/12/06 05:45:56.99,459709.9696,5634247.651,2946539.3327
2023/12/06 05:45:57.99,459713.1625,5634246.9839,2946539.9814
2023/12/06 05:45:58.99,459717.1131,5634246.1379,2946540.8703
2023/12/06 05:45:59.99,459723.0632,5634235.3172,2946537.4515
2023/12/06 05:46:00.99,459724.6518,5634244.5782,2946542.8102
2023/12/06 05:46:01.99,459728.3022,5634243.7171,2946543.7744
2023/12/06 05:46:02.99,459732.2728,5634242.9351,2946545.8739
2023/12/06 05:46:03.99,459743.5226,5634209.8991,2946530.8335
2023/12/06 05:46:04.99,459742.5246,5634239.3043,2946548.7337
2023/12/06 05:46:05.99,459753.9593,5634221.7694,2946541.4248
2023/12/06 05:46:06.99,459752.646,5634238.1239,2946550.0837
2023/12/06 05:46:08.99,459765.7612,5634194.6103,2946538.0718
2023/12/06 05:46:09.99,459768.6293,5634218.8636,2946545.8429
2023/12/06 05:46:10.99,459768.2323,5634240.5308,2946557.3776
2023/12/06 05:46:11.99,459773.3011,5634231.8042,2946555.2909
2023/12/06 05:46:12.99,459779.4897,5634225.814,2946553.5502
2023/12/06 05:46:13.99,459783.2649,5634224.8884,2946554.2291
2023/12/06 05:46:14.99,459784.2305,5634231.2492,2946557.8206
2023/12/06 05:46:15.99,459787.9394,5634230.4179,2946558.8234
2023/12/06 05:46:16.99,459791.7091,5634229.5628,2946559.7552
2023/12/06 05:46:17.99,459795.467,5634228.845,2946560.6973
2023/12/06 05:46:18.99,459798.9013,5634227.4434,2946563.2099
2023/12/06 05:46:19.99,459803.6285,5634225.5897,2946563.0972
2023/12/06 05:46:20.99,459807.2065,5634224.5056,2946563.4807
2023/12/06 05:46:21.99,459810.0648,5634225.616,2946563.9389
2023/12/06 05:46:22.99,459812.8365,5634225.0101,2946564.5712
2023/12/06 05:46:23.99,459815.7034,5634224.4077,2946565.2307
2023/12/06 05:46:24.99,459818.4386,5634223.8118,2946565.8297
2023/12/06 05:46:25.99,459821.0576,5634223.2512,2946566.3996
2023/12/06 05:46:26.99,459823.9514,5634222.6812,2946567.067
2023/12/06 05:46:27.99,459826.4392,5634222.1705,2946567.6202
2023/12/06 05:46:28.99,459828.181,5634221.8081,2946567.9969
2023/12/06 05:46:29.99,459829.9962,5634221.4381,2946568.4023
2023/12/06 05:46:30.99,459832.1922,5634220.9214,2946568.828
2023/12/06 05:46:31.99,459833.9023,5634220.6168,2946569.2477
2023/12/06 05:46:32.99,459835.3214,5634220.2189,2946569.4968
2023/12/06 05:46:33.99,459836.7505,5634219.8566,2946570.4092
2023/12/06 05:46:34.99,459837.3472,5634219.8759,2946569.9882
2023/12/06 05:46:35.99,459837.6748,5634219.6615,2946570.6048
2023/12/06 05:46:36.99,459838.1641,5634219.6904,2946570.1559
2023/12/06 05:46:37.99,459838.567,5634219.4919,2946570.811
2023/12/06 05:46:38.99,459838.8064,5634219.4511,2946570.2244
2023/12/06 05:46:39.99,459839.1789,5634219.4059,2946570.9662
2023/12/06 05:46:40.99,459839.7769,5634219.241,2946570.4394
2023/12/06 05:46:41.99,459840.4496,5634219.2256,2946570.665
2023/12/06 05:46:42.99,459841.1615,5634219.0177,2946570.7973
2023/12/06 05:46:43.99,459842.3025,5634218.637,2946571.5992
2023/12/06 05:46:44.99,459843.8343,5634218.5054,2946571.3787
2023/12/06 05:46:45.99,459844.4576,5634218.3698,2946571.5077
2023/12/06 05:46:46.99,459844.7712,5634218.3004,2946571.5663
2023/12/06 05:46:47.99,459845.2102,5634218.2108,2946571.6469
2023/12/06 05:46:48.99,459846.2687,5634218.0045,2946571.8481
2023/12/06 05:46:49.99,459848.2366,5634217.5709,2946572.2073
2023/12/06 05:46:50.99,459851.1053,5634217.0004,2946572.7427
2023/12/06 05:46:51.99,459854.3703,5634216.3374,2946573.3777
2023/12/06 05:46:52.99,459857.2858,5634215.7423,2946573.9579
2023/12/06 05:46:53.99,459859.889,5634215.1741,2946574.4987
2023/12/06 05:46:54.99,459863.2195,5634214.4054,2946575.2241
2023/12/06 05:46:55.99,459867.1722,5634213.462,2946576.1954
2023/12/06 05:46:56.99,459871.119,5634212.4966,2946577.1922
2023/12/06 05:46:57.99,459874.9705,5634211.6188,2946578.1592
2023/12/06 05:46:58.99,459879.5357,5634210.5582,2946579.196
2023/12/06 05:46:59.99,459884.5003,5634209.5024,2946580.2349
2023/12/06 05:47:00.99,459889.1757,5634208.4848,2946581.2281
2023/12/06 05:47:01.99,459893.9625,5634207.4539,2946582.262
2023/12/06 05:47:02.99,459899.2875,5634206.2808,2946583.4231
2023/12/06 05:47:03.99,459905.1889,5634205.0136,2946584.6718
2023/12/06 05:47:04.99,459911.572,5634203.589,2946586.0787
2023/12/06 05:47:05.99,459918.2887,5634202.0346,2946587.6285
2023/12/06 05:47:06.99,459925.322,5634200.3996,2946589.2729
2023/12/06 05:47:07.99,459932.5992,5634198.7159,2946590.9713
2023/12/06 05:47:08.99,459939.7078,5634197.0577,2946592.5973
2023/12/06 05:47:09.99,459946.5594,5634195.5151,2946594.0894
2023/12/06 05:47:10.99,459953.1664,5634194.0482,2946595.4295
2023/12/06 05:47:11.99,459959.6861,5634192.6304,2946596.7092
2023/12/06 05:47:12.99,459966.4051,5634191.1657,2946598.0107
2023/12/06 05:47:13.99,459973.4663,5634189.6011,2946599.4243
2023/12/06 05:47:14.99,459980.8525,5634187.9778,2946600.9155
2023/12/06 05:47:15.99,459988.4869,5634186.1726,2946602.5471
2023/12/06 05:47:16.99,459996.3712,5634184.3629,2946604.37
2023/12/06 05:47:17.99,460004.4431,5634182.4691,2946606.1905
2023/12/06 05:47:18.99,460012.6996,5634180.4597,2946608.0118
2023/12/06 05:47:19.99,460021.1512,5634178.557,2946609.8652
2023/12/06 05:47:20.99,460029.7452,5634176.6531,2946611.6373
2023/12/06 05:47:21.99,460038.3032,5634174.7075,2946613.3749
2023/12/06 05:47:22.99,460046.6853,5634172.7599,2946615.1776
2023/12/06 05:47:23.99,460054.8732,5634170.8246,2946617.0787
2023/12/06 05:47:24.99,460062.9307,5634168.8596,2946618.9242
2023/12/06 05:47:25.99,460071.2357,5634165.0285,2946620.9098
2023/12/06 05:47:26.99,460078.8322,5634164.8043,2946623.0028
2023/12/06 05:47:27.99,460086.7814,5634163.1394,2946624.1725
2023/12/06 05:47:28.99,460094.2444,5634160.1587,2946625.6161
2023/12/06 05:47:29.99,460102.4061,5634159.8326,2946627.1104
2023/12/06 05:47:30.99,460110.1177,5634158.1487,2946628.5848
2023/12/06 05:47:31.99,460117.746,5634156.418,2946630.3815
2023/12/06 05:47:32.99,460125.2104,5634154.6525,2946632.1081
2023/12/06 05:47:33.99,460132.6092,5634152.9567,2946633.879
2023/12/06 05:47:34.99,460140.1715,5634151.1033,2946635.6357
2023/12/06 05:47:35.99,460147.8631,5634149.2184,2946637.5894
2023/12/06 05:47:36.99,460155.6679,5634147.3039,2946639.752
2023/12/06 05:47:37.99,460163.557,5634145.3317,2946642.0121
2023/12/06 05:47:38.99,460171.5138,5634143.2265,2946644.3618
2023/12/06 05:47:39.99,460179.4889,5634141.0323,2946646.8186
2023/12/06 05:47:40.99,460187.3172,5634138.874,2946649.2246
2023/12/06 05:47:41.99,460195.0387,5634136.7245,2946651.52
2023/12/06 05:47:42.99,460202.6121,5634134.6108,2946653.9028
2023/12/06 05:47:43.99,460210.0745,5634132.5114,2946656.3346
2023/12/06 05:47:44.99,460217.5804,5634130.2339,2946658.9449
2023/12/06 05:47:45.99,460224.963,5634127.9893,2946661.5811
2023/12/06 05:47:46.99,460232.2336,5634125.7446,2946664.1733
2023/12/06 05:47:47.99,460239.3656,5634123.4927,2946666.7765
2023/12/06 05:47:48.99,460246.3669,5634121.1984,2946669.4693
2023/12/06 05:47:49.99,460253.2109,5634118.8379,2946672.244
2023/12/06 05:47:50.99,460259.9567,5634116.554,2946675.1297
2023/12/06 05:47:51.99,460266.6852,5634114.3421,2946677.9808
2023/12/06 05:47:52.99,460273.2924,5634112.1541,2946680.7357
2023/12/06 05:47:53.99,460279.8065,5634110.0107,2946683.4631
2023/12/06 05:47:54.99,460286.0144,5634107.996,2946687.1163
2023/12/06 05:47:55.99,460292.3071,5634105.751,2946688.9994
2023/12/06 05:47:56.99,460298.2542,5634103.6661,2946691.7336
2023/12/06 05:47:57.99,460304.0067,5634101.6792,2946694.4364
2023/12/06 05:47:58.99,460309.5835,5634099.7337,2946697.1311
2023/12/06 05:47:59.99,460315.0879,5634097.768,2946699.8479
2023/12/06 05:48:00.99,460320.4843,5634095.9296,2946702.5154
2023/12/06 05:48:01.99,460325.7862,5634094.0649,2946705.1074
2023/12/06 05:48:02.99,460331.0085,5634092.3291,2946707.5165
2023/12/06 05:48:03.99,460336.3792,5634090.6935,2946709.6846
2023/12/06 05:48:04.99,460342.2229,5634089.2349,2946711.505
2023/12/06 05:48:05.99,460347.9403,5634087.9147,2946713.04
2023/12/06 05:48:06.99,460353.106,5634086.8937,2946714.1871
2023/12/06 05:48:07.99,460357.6657,5634086.0287,2946715.0313
2023/12/06 05:48:08.99,460361.6463,5634085.3403,2946715.7595
2023/12/06 05:48:09.99,460364.4902,5634084.9016,2946716.2209
2023/12/06 05:48:10.99,460366.43,5634084.5818,2946716.5627
2023/12/06 05:48:11.99,460367.9024,5634084.3312,2946716.8184
2023/12/06 05:48:12.99,460369.1852,5634084.1035,2946717.0666
2023/12/06 05:48:13.99,460370.27,5634083.8241,2946717.8442
2023/12/06 05:48:14.99,460371.4545,5634083.635,2946717.4697
2023/12/06 05:48:15.99,460373.205,5634083.2869,2946717.9275
2023/12/06 05:48:16.99,460374.83,5634082.9206,2946718.4326
2023/12/06 05:48:17.99,460376.3136,5634082.5544,2946718.9326
2023/12/06 05:48:18.99,460377.6534,5634082.2024,2946719.4215
2023/12/06 05:48:19.99,460379.1626,5634081.727,2946720.1123
2023/12/06 05:48:20.99,460381.7834,5634080.7444,2946721.568
2023/12/06 05:48:21.99,460385.0972,5634079.4781,2946723.5559
2023/12/06 05:48:22.99,460389.239,5634074.2776,2946725.7058
2023/12/06 05:48:23.99,460394.2285,5634071.7668,2946727.7941
2023/12/06 05:48:24.99,460392.4406,5634096.0221,2946741.9882
2023/12/06 05:48:25.99,460399.3025,5634082.7688,2946744.7247
2023/12/06 05:48:26.99,460404.7519,5634074.9446,2946747.0322
2023/12/06 05:48:27.99,460413.2213,5634068.6907,2946744.3961
2023/12/06 05:48:28.99,460417.789,5634064.5379,2946741.9709
2023/12/06 05:48:29.99,460423.5374,5634062.2539,2946743.2094
2023/12/06 05:48:30.99,460428.9597,5634060.206,2946746.162
2023/12/06 05:48:31.99,460434.3876,5634058.0538,2946749.0799
2023/12/06 05:48:32.99,460440.9714,5634059.3728,2946752.8277
2023/12/06 05:48:33.99,460446.5178,5634057.1774,2946756.0005
2023/12/06 05:48:34.99,460452.9357,5634050.3819,2946757.9305
2023/12/06 05:48:35.99,460457.7117,5634053.9564,2946763.444
2023/12/06 05:48:36.99,460467.3388,5634047.2867,2946766.7875
2023/12/06 05:48:37.99,460475.1399,5634044.1024,2946769.424
2023/12/06 05:48:38.99,460483.5432,5634044.8343,2946773.6888
2023/12/06 05:48:39.99,460492.2557,5634041.7698,2946778.452
2023/12/06 05:48:40.99,460499.8696,5634034.3846,2946781.3039
2023/12/06 05:48:41.99,460509.993,5634035.8779,2946786.715
2023/12/06 05:48:42.99,460518.9696,5634032.8366,2946791.0474
2023/12/06 05:48:43.99,460528.1291,5634028.9693,2946796.2281
2023/12/06 05:48:44.99,460537.2012,5634026.6361,2946799.5623
2023/12/06 05:48:45.99,460546.2415,5634023.5712,2946804.0374
2023/12/06 05:48:46.99,460554.9607,5634020.5715,2946808.3088
2023/12/06 05:48:47.99,460563.3661,5634017.6374,2946812.4213
2023/12/06 05:48:48.99,460571.4387,5634014.761,2946816.883
2023/12/06 05:48:49.99,460579.3701,5634012.2407,2946820.0524
2023/12/06 05:48:50.99,460584.9518,5634018.9998,2946827.9664
2023/12/06 05:48:51.99,460594.2478,5634007.392,2946826.9323
2023/12/06 05:48:52.99,460601.2979,5634004.9986,2946830.366
2023/12/06 05:48:53.99,460608.4578,5634002.4385,2946834.0254
2023/12/06 05:48:54.99,460615.7403,5633999.9098,2946837.7572
2023/12/06 05:48:55.99,460622.8096,5633997.4834,2946841.2367
2023/12/06 05:48:56.99,460629.7637,5633995.136,2946844.5435
2023/12/06 05:48:57.99,460636.9045,5633992.7314,2946847.9403
2023/12/06 05:48:58.99,460644.2509,5633990.2293,2946851.4991
2023/12/06 05:48:59.99,460651.8229,5633987.6357,2946855.1368
2023/12/06 05:49:00.99,460659.2423,5633985.0373,2946859.2692
2023/12/06 05:49:01.99,460666.7193,5633982.6248,2946862.25
2023/12/06 05:49:02.99,460674.0231,5633980.181,2946865.7238
2023/12/06 05:49:03.99,460681.1539,5633977.7872,2946869.0979
2023/12/06 05:49:04.99,460687.5791,5633975.5664,2946872.2564
2023/12/06 05:49:05.99,460693.0678,5633973.6995,2946874.978
2023/12/06 05:49:06.99,460698.2739,5633971.8793,2946877.5302
2023/12/06 05:49:07.99,460703.2975,5633970.1335,2946880.0544
2023/12/06 05:49:08.99,460708.3424,5633968.3846,2946882.578
2023/12/06 05:49:09.99,460713.4434,5633966.6016,2946885.1529
2023/12/06 05:49:10.99,460718.4073,5633964.8567,2946887.6751
2023/12/06 05:49:11.99,460723.295,5633963.1344,2946890.159
2023/12/06 05:49:12.99,460728.1838,5633961.5032,2946892.5719
2023/12/06 05:49:13.99,460732.9106,5633959.8903,2946894.9162
2023/12/06 05:49:14.99,460737.4371,5633958.2436,2946897.7246
2023/12/06 05:49:15.99,460742.8365,5633960.4233,2946900.0661
2023/12/06 05:49:16.99,460745.8418,5633952.0411,2946900.9447
2023/12/06 05:49:17.99,460748.981,5633954.4727,2946902.7001
2023/12/06 05:49:18.99,460752.3444,5633953.3366,2946904.3789
2023/12/06 05:49:19.99,460756.2646,5633951.9867,2946906.3153
2023/12/06 05:49:20.99,460760.8068,5633950.3166,2946909.1335
2023/12/06 05:49:21.99,460766.0218,5633948.7317,2946911.0368
2023/12/06 05:49:22.99,460771.5065,5633946.9326,2946913.5799
2023/12/06 05:49:23.99,460776.7881,5633945.0197,2946916.7911
2023/12/06 05:49:24.99,460781.4241,5633947.0186,2946921.3205
2023/12/06 05:49:25.99,460788.3531,5633938.5486,2946920.0001
2023/12/06 05:49:26.99,460793.7461,5633939.5139,2946924.4539
2023/12/06 05:49:27.99,460800.0754,5633930.2919,2946925.0531
2023/12/06 05:49:28.99,460804.0669,5633936.1103,2946929.4163
2023/12/06 05:49:29.99,460808.473,5633934.6288,2946931.5637
2023/12/06 05:49:30.99,460812.9352,5633936.9858,2946934.0455
2023/12/06 05:49:31.99,460815.3139,5633932.4274,2946934.8244
2023/12/06 05:49:32.99,460818.4116,5633931.4974,2946936.1901
2023/12/06 05:49:33.99,460821.2177,5633930.513,2946937.9628
2023/12/06 05:49:34.99,460823.9874,5633929.8046,2946938.5351
2023/12/06 05:49:35.99,460826.3848,5633929.0374,2946939.6132
2023/12/06 05:49:36.99,460828.1525,5633928.2479,2946940.8446
2023/12/06 05:49:37.99,460829.0514,5633927.4932,2946942.1683
2023/12/06 05:49:38.99,460829.2425,5633926.792,2946943.4111
2023/12/06 05:49:39.99,460829.0176,5633926.3224,2946944.4098
2023/12/06 05:49:40.99,460828.4998,5633925.8827,2946945.3844
2023/12/06 05:49:41.99,460827.8729,5633925.5443,2946946.1623
2023/12/06 05:49:42.99,460827.2411,5633925.3387,2946946.6963
2023/12/06 05:49:43.99,460826.2565,5633925.0856,2946947.3543
2023/12/06 05:49:44.99,460824.7899,5633924.8656,2946948.1018
2023/12/06 05:49:45.99,460822.9074,5633924.5602,2946949.3306
2023/12/06 05:49:46.99,460821.0928,5633924.6061,2946949.1073
2023/12/06 05:49:47.99,460819.6782,5633924.718,2946949.2122
2023/12/06 05:49:48.99,460817.5887,5633924.9869,2946949.0202
2023/12/06 05:49:49.99,460814.6984,5633925.4714,2946948.8273
2023/12/06 05:49:50.99,460811.328,5633926.3672,2946947.6121
2023/12/06 05:49:51.99,460807.3537,5633927.5543,2946945.5836
2023/12/06 05:49:52.99,460802.6094,5633928.8124,2946943.8006
2023/12/06 05:49:53.99,460797.0544,5633930.2157,2946942.2431
2023/12/06 05:49:54.99,460790.8832,5633932.1472,2946939.1251
2023/12/06 05:49:55.99,460783.9574,5633934.3494,2946935.9051
2023/12/06 05:49:56.99,460775.8242,5633936.118,2946933.3586
2023/12/06 05:49:57.99,460768.0386,5633939.6775,2946928.0494
2023/12/06 05:49:58.99,460759.9012,5633942.3423,2946924.1634
2023/12/06 05:49:59.99,460751.2835,5633944.2096,2946921.557
2023/12/06 05:50:00.99,460742.7533,5633946.9866,2946917.4929
2023/12/06 05:50:01.99,460734.6048,5633950.6893,2946912.0466
2023/12/06 05:50:02.99,460726.3705,5633953.5309,2946907.9675
2023/12/06 05:50:03.99,460717.2869,5633957.9021,2946905.5501
2023/12/06 05:50:04.99,460710.3305,5633958.0375,2946901.616
2023/12/06 05:50:05.99,460703.038,5633961.2231,2946897.4106
2023/12/06 05:50:06.99,460695.3279,5633962.8809,2946894.6848
2023/12/06 05:50:07.99,460688.6356,5633966.7832,2946890.358
2023/12/06 05:50:08.99,460683.7564,5633960.6156,2946885.4001
2023/12/06 05:50:09.99,460677.8978,5633969.4542,2946885.7886
2023/12/06 05:50:10.99,460674.0941,5633971.4661,2946883.8091
2023/12/06 05:50:11.99,460671.6086,5633971.4135,2946883.0614
2023/12/06 05:50:12.99,460670.2115,5633972.0308,2946881.8761
2023/12/06 05:50:13.99,460669.2001,5633972.3578,2946881.4184
2023/12/06 05:50:14.99,460668.4749,5633973.2603,2946881.3087
2023/12/06 05:50:15.99,460668.6134,5633972.3883,2946881.7183
2023/12/06 05:50:16.99,460668.4741,5633973.2631,2946881.3096
2023/12/06 05:50:17.99,460668.6738,5633972.4977,2946881.1727
2023/12/06 05:50:18.99,460668.5413,5633972.5917,2946882.0282
2023/12/06 05:50:19.99,460668.4735,5633973.2653,2946881.3108
2023/12/06 05:50:20.99,460668.4721,5633973.2577,2946881.3067
2023/12/06 05:50:21.99,460668.6113,5633972.4009,2946881.7236
2023/12/06 05:50:22.99,460668.4737,5633973.2663,2946881.309
2023/12/06 05:50:23.99,460668.6711,5633972.5013,2946881.1769
2023/12/06 05:50:24.99,460668.6707,5633972.5171,2946881.1825
2023/12/06 05:50:25.99,460668.6721,5633972.5076,2946881.1767
2023/12/06 05:50:26.99,460668.4731,5633973.2585,2946881.3102
2023/12/06 05:50:27.99,460668.539,5633972.599,2946882.0318
2023/12/06 05:50:28.99,460668.6742,5633972.4934,2946881.1714
2023/12/06 05:50:29.99,460668.674,5633972.4959,2946881.1725
2023/12/06 05:50:30.99,460668.6109,5633972.3983,2946881.7227
2023/12/06 05:50:31.99,460668.6127,5633972.3973,2946881.7227
2023/12/06 05:50:32.99,460668.6732,5633972.4995,2946881.1751
2023/12/06 05:50:33.99,460668.6124,5633972.4001,2946881.7259
2023/12/06 05:50:34.99,460668.4765,5633973.254,2946881.3087
2023/12/06 05:50:35.99,460668.6141,5633972.3865,2946881.7174
2023/12/06 05:50:36.99,460668.4722,5633973.2544,2946881.3074
2023/12/06 05:50:37.99,460668.6766,5633972.4852,2946881.1694
2023/12/06 05:50:38.99,460668.6176,5633972.3892,2946881.72
2023/12/06 05:50:39.99,460668.49,5633973.2428,2946881.3084
2023/12/06 05:50:40.99,460668.493,5633973.2429,2946881.3117
2023/12/06 05:50:41.99,460668.4917,5633973.2447,2946881.3129
2023/12/06 05:50:42.99,460668.6286,5633972.3886,2946881.7267
2023/12/06 05:50:43.99,460668.4917,5633973.2441,2946881.3133
2023/12/06 05:50:44.99,460668.4923,5633973.2419,2946881.3126
2023/12/06 05:50:45.99,460668.4938,5633973.2403,2946881.3113
2023/12/06 05:50:46.99,460667.0269,5633979.92,2946885.2695
2023/12/06 05:50:47.99,460667.152,5633972.109,2946881.8774
2023/12/06 05:50:48.99,460665.8018,5633973.4063,2946880.2783
2023/12/06 05:50:49.99,460663.4369,5633975.0844,2946878.6679
2023/12/06 05:50:50.99,460660.5312,5633976.1656,2946877.1482
2023/12/06 05:50:51.99,460656.5069,5633988.2173,2946880.9155
2023/12/06 05:50:52.99,460652.6023,5633978.9381,2946873.0835
2023/12/06 05:50:53.99,460647.4632,5633980.7051,2946870.5818
2023/12/06 05:50:54.99,460642.0855,5633980.8591,2946869.2707
2023/12/06 05:50:55.99,460637.0807,5633984.1296,2946865.7613
2023/12/06 05:50:56.99,460630.9051,5633984.6111,2946863.9977
2023/12/06 05:50:57.99,460624.0708,5633988.5702,2946859.44
2023/12/06 05:50:58.99,460616.1393,5633991.2439,2946855.6196
2023/12/06 05:50:59.99,460607.4624,5633994.2139,2946851.3352
2023/12/06 05:51:00.99,460598.201,5633997.5007,2946846.6566
2023/12/06 05:51:01.99,460589.0201,5634000.7181,2946842.0155
2023/12/06 05:51:02.99,460579.9483,5634003.8881,2946837.5043
2023/12/06 05:51:03.99,460570.6403,5634005.4536,2946834.1672
2023/12/06 05:51:04.99,460561.8142,5634007.2906,2946828.032
2023/12/06 05:51:05.99,460551.779,5634013.3594,2946824.0205
2023/12/06 05:51:06.99,460542.4373,5634016.4759,2946819.5742
2023/12/06 05:51:07.99,460532.8558,5634018.1918,2946816.091
2023/12/06 05:51:08.99,460523.5712,5634023.0086,2946810.2605
2023/12/06 05:51:09.99,460515.977,5634015.0523,2946802.8475
2023/12/06 05:51:10.99,460505.5172,5634029.3922,2946801.1162
2023/12/06 05:51:11.99,460496.871,5634032.4983,2946796.815
2023/12/06 05:51:12.99,460488.3092,5634032.7294,2946792.5743
2023/12/06 05:51:13.99,460479.9669,5634038.1755,2946788.5297
2023/12/06 05:51:14.99,460471.6768,5634040.9438,2946784.5774
2023/12/06 05:51:15.99,460463.5098,5634043.6403,2946780.7053
2023/12/06 05:51:16.99,460455.4576,5634046.3128,2946776.9417
2023/12/06 05:51:17.99,460447.6472,5634048.8913,2946773.2397
2023/12/06 05:51:18.99,460441.1981,5634053.1905,2946770.8147
2023/12/06 05:51:19.99,460432.1537,5634056.8257,2946768.1827
2023/12/06 05:51:20.99,460425.6716,5634056.4998,2946762.1429
2023/12/06 05:51:21.99,460418.6799,5634059.0079,2946758.561
2023/12/06 05:51:22.99,460411.5936,5634061.2907,2946755.3553
2023/12/06 05:51:23.99,460404.5994,5634063.5885,2946752.1847
2023/12/06 05:51:24.99,460396.1348,5634069.4864,2946751.9726
2023/12/06 05:51:25.99,460390.159,5634070.3252,2946745.7924
2023/12/06 05:51:26.99,460383.2793,5634070.7352,2946742.0612
2023/12/06 05:51:27.99,460375.7367,5634070.5399,2946738.3722
2023/12/06 05:51:28.99,460367.709,5634078.5198,2946736.999
2023/12/06 05:51:29.99,460360.6994,5634075.5806,2946731.0471
2023/12/06 05:51:30.99,460353.3183,5634078.119,2946727.4086
2023/12/06 05:51:31.99,460346.0956,5634080.6189,2946723.7589
2023/12/06 05:51:32.99,460338.7763,5634085.8011,2946720.0856
2023/12/06 05:51:33.99,460331.0749,5634088.3997,2946716.3219
2023/12/06 05:51:34.99,460322.9957,5634091.1046,2946712.5363
2023/12/06 05:51:35.99,460314.5098,5634093.9395,2946708.6563
2023/12/06 05:51:36.99,460305.68,5634096.9629,2946704.5976
2023/12/06 05:51:37.99,460296.5761,5634100.0785,2946700.3212
2023/12/06 05:51:38.99,460287.4155,5634103.1303,2946696.058
2023/12/06 05:51:39.99,460278.1065,5634106.3161,2946691.8231
2023/12/06 05:51:40.99,460268.7009,5634109.5625,2946687.5751
2023/12/06 05:51:41.99,460259.1045,5634112.7686,2946683.3889
2023/12/06 05:51:42.99,460249.3473,5634113.3228,2946679.3192
2023/12/06 05:51:43.99,460239.7896,5634119.2243,2946675.4279
2023/12/06 05:51:44.99,460230.1891,5634122.45,2946671.5872
2023/12/06 05:51:45.99,460220.5673,5634125.5614,2946667.9072
2023/12/06 05:51:46.99,460210.4718,5634130.7595,2946664.5679
2023/12/06 05:51:47.99,460200.1472,5634136.6744,2946665.529
2023/12/06 05:51:48.99,460191.134,5634132.5741,2946659.76
2023/12/06 05:51:49.99,460181.5181,5634137.1208,2946654.7676
2023/12/06 05:51:50.99,460170.574,5634144.8728,2946656.5059
2023/12/06 05:51:51.99,460161.5651,5634142.2492,2946649.2226
2023/12/06 05:51:52.99,460151.5127,5634144.5982,2946646.6133
2023/12/06 05:51:53.99,460141.4755,5634146.9774,2946644.1071
2023/12/06 05:51:54.99,460130.5033,5634154.5615,2946646.3355
2023/12/06 05:51:55.99,460121.7309,5634150.738,2946638.949
2023/12/06 05:51:56.99,460112.3662,5634151.0611,2946636.8297
2023/12/06 05:51:57.99,460102.656,5634153.3257,2946634.6967
2023/12/06 05:51:58.99,460092.5307,5634158.5362,2946633.0301
2023/12/06 05:51:59.99,460082.646,5634162.8372,2946631.1687
2023/12/06 05:52:00.99,460073.7697,5634162.8311,2946628.9235
2023/12/06 05:52:01.99,460065.2461,5634162.1094,2946626.5609
2023/12/06 05:52:02.99,460055.946,5634166.1515,2946624.5405
2023/12/06 05:52:03.99,460047.1183,5634169.1995,2946623.1754
2023/12/06 05:52:04.99,460037.4401,5634176.3731,2946625.8624
2023/12/06 05:52:05.99,460029.8965,5634172.1562,2946618.8512
2023/12/06 05:52:06.99,460021.1779,5634175.2307,2946617.6027
2023/12/06 05:52:07.99,460012.5869,5634175.9835,2946615.3815
2023/12/06 05:52:08.99,460003.2994,5634181.7941,2946616.4442
2023/12/06 05:52:09.99,459994.7265,5634183.7182,2946614.6653
2023/12/06 05:52:10.99,459986.2084,5634185.6925,2946612.7979
2023/12/06 05:52:11.99,459978.3012,5634184.7814,2946608.7262
2023/12/06 05:52:12.99,459969.8472,5634186.7493,2946607.0155
2023/12/06 05:52:13.99,459961.4007,5634188.6006,2946605.3721
2023/12/06 05:52:14.99,459953.0331,5634189.2131,2946603.2178
2023/12/06 05:52:15.99,459944.587,5634190.9606,2946601.7702
2023/12/06 05:52:16.99,459936.1002,5634193.7847,2946600.9317
2023/12/06 05:52:17.99,459928.2188,5634199.9741,2946603.1859
2023/12/06 05:52:18.99,459919.7797,5634201.3924,2946602.1643
2023/12/06 05:52:19.99,459911.3889,5634202.9143,2946600.9762
2023/12/06 05:52:20.99,459902.6156,5634199.9442,2946595.9381
2023/12/06 05:52:21.99,459894.5211,5634201.802,2946594.0375
2023/12/06 05:52:22.99,459886.4961,5634203.6665,2946592.1209
2023/12/06 05:52:23.99,459878.4375,5634205.4028,2946590.334
2023/12/06 05:52:24.99,459870.4106,5634207.1738,2946588.5806
2023/12/06 05:52:25.99,459861.9902,5634211.7754,2946589.0785
2023/12/06 05:52:26.99,459856.0922,5634212.325,2946586.4811
2023/12/06 05:52:27.99,459848.7078,5634214.0655,2946584.8118
2023/12/06 05:52:28.99,459839.7704,5634216.7545,2946584.1525
2023/12/06 05:52:29.99,459832.6256,5634218.2655,2946582.5305
2023/12/06 05:52:30.99,459825.9669,5634205.64,2946578.7048
2023/12/06 05:52:31.99,459818.2984,5634221.2722,2946579.5277
2023/12/06 05:52:32.99,459810.7263,5634216.3304,2946576.4724
2023/12/06 05:52:33.99,459804.1613,5634219.8461,2946575.8797
2023/12/06 05:52:34.99,459796.7755,5634221.435,2946574.0658
2023/12/06 05:52:35.99,459789.5135,5634222.8987,2946572.5155
2023/12/06 05:52:36.99,459782.8815,5634231.0225,2946573.8546
2023/12/06 05:52:37.99,459778.1707,5634225.2813,2946570.0396
2023/12/06 05:52:38.99,459772.9536,5634227.7266,2946567.2362
2023/12/06 05:52:39.99,459767.2539,5634235.1552,2946570.3391
2023/12/06 05:52:40.99,459761.0222,5634236.5189,2946568.909
2023/12/06 05:52:41.99,459755.6972,5634233.1296,2946565.4364
2023/12/06 05:52:43.99,459746.5011,5634224.578,2946556.6414
2023/12/06 05:52:44.99,459741.5638,5634233.3052,2946561.0783
2023/12/06 05:52:45.99,459739.4467,5634233.7616,2946560.4893
2023/12/06 05:52:46.99,459738.0441,5634234.1056,2946560.0113
2023/12/06 05:52:47.99,459737.4853,5634234.2618,2946559.8485
2023/12/06 05:52:48.99,459737.5044,5634234.2765,2946559.8602
2023/12/06 05:52:49.99,459737.5057,5634234.2596,2946559.8545
2023/12/06 05:52:50.99,459737.5064,5634234.2703,2946559.8588
2023/12/06 05:52:51.99,459737.5061,5634234.2558,2946559.85
2023/12/06 05:52:52.99,459737.5078,5634234.2577,2946559.851
2023/12/06 05:52:53.99,459737.5042,5634234.2711,2946559.8576
2023/12/06 05:52:54.99,459737.505,5634234.2581,2946559.85
2023/12/06 05:52:55.99,459737.5028,5634234.2683,2946559.8572
2023/12/06 05:52:56.99,459737.503,5634234.2636,2946559.8544
2023/12/06 05:52:57.99,459737.5105,5634234.2418,2946559.8438
2023/12/06 05:52:58.99,459737.5081,5634234.2499,2946559.8476
2023/12/06 05:52:59.99,459737.5061,5634234.2592,2946559.8521
2023/12/06 05:53:00.99,459737.5038,5634234.2632,2946559.8529
2023/12/06 05:53:01.99,459737.5077,5634234.2491,2946559.8484
2023/12/06 05:53:02.99,459737.5032,5634234.2539,2946559.8492
2023/12/06 05:53:03.99,459737.504,5634234.2603,2946559.8532
2023/12/06 05:53:04.99,459737.5041,5634234.2596,2946559.8539
2023/12/06 05:53:05.99,459737.5037,5634234.2694,2946559.8553
2023/12/06 05:53:06.99,459737.5016,5634234.2753,2946559.8593
2023/12/06 05:53:07.99,459737.5031,5634234.2596,2946559.8534
2023/12/06 05:53:08.99,459737.5043,5634234.2687,2946559.8561
2023/12/06 05:53:09.99,459737.5011,5634234.2733,2946559.8582
2023/12/06 05:53:10.99,459737.5001,5634234.2755,2946559.8578
2023/12/06 05:53:11.99,459737.5025,5634234.2805,2946559.8598
2023/12/06 05:53:12.99,459737.5025,5634234.2643,2946559.8512
2023/12/06 05:53:13.99,459737.503,5634234.2694,2946559.8544
2023/12/06 05:53:14.99,459737.5001,5634234.2798,2946559.8589
2023/12/06 05:53:15.99,459737.5011,5634234.2776,2946559.8598
2023/12/06 05:53:16.99,459737.5009,5634234.2738,2946559.856
2023/12/06 05:53:17.99,459737.4999,5634234.2736,2946559.8558
2023/12/06 05:53:18.99,459737.5015,5634234.2684,2946559.8548
2023/12/06 05:53:19.99,459737.4997,5634234.2794,2946559.8591
2023/12/06 05:53:20.99,459737.5037,5634234.2699,2946559.8563
2023/12/06 05:53:21.99,459737.5024,5634234.2861,2946559.8624
2023/12/06 05:53:22.99,459737.5009,5634234.2763,2946559.8579
2023/12/06 05:53:23.99,459737.4996,5634234.2893,2946559.8619
2023/12/06 05:53:24.99,459737.5004,5634234.2753,2946559.8572
2023/12/06 05:53:25.99,459737.4994,5634234.2854,2946559.8617
2023/12/06 05:53:26.99,459737.4953,5634234.2931,2946559.8654
2023/12/06 05:53:27.99,459737.4984,5634234.2785,2946559.8596
2023/12/06 05:53:28.99,459737.5019,5634234.2785,2946559.8596
2023/12/06 05:53:29.99,459737.4997,5634234.2999,2946559.8667
2023/12/06 05:53:30.99,459737.7026,5634235.7372,2946558.7003
2023/12/06 05:53:31.99,459737.5004,5634234.2819,2946559.8596
2023/12/06 05:53:32.99,459737.502,5634234.2878,2946559.8626
2023/12/06 05:53:33.99,459737.4992,5634234.2977,2946559.8669
2023/12/06 05:53:34.99,459737.499,5634234.3,2946559.8658
2023/12/06 05:53:35.99,459737.4998,5634234.3015,2946559.8659
2023/12/06 05:53:36.99,459737.502,5634234.2807,2946559.8588
2023/12/06 05:53:37.99,459737.5018,5634234.2864,2946559.8623
2023/12/06 05:53:38.99,459737.4974,5634234.2909,2946559.8637
2023/12/06 05:53:39.99,459737.5003,5634234.2918,2946559.864
2023/12/06 05:53:40.99,459737.5004,5634234.295,2946559.8646
2023/12/06 05:53:41.99,459737.5023,5634234.2753,2946559.8558
2023/12/06 05:53:42.99,459737.5005,5634234.2895,2946559.8635
2023/12/06 05:53:43.99,459737.4984,5634234.2858,2946559.86
2023/12/06 05:53:44.99,459737.4976,5634234.297,2946559.864
2023/12/06 05:53:45.99,459737.4969,5634234.2923,2946559.8625
2023/12/06 05:53:46.99,459737.4969,5634234.2978,2946559.8665
2023/12/06 05:53:47.99,459737.4987,5634234.2856,2946559.8613
2023/12/06 05:53:48.99,459737.7064,5634235.7336,2946558.7002
2023/12/06 05:53:49.99,459737.4988,5634234.2911,2946559.8629
2023/12/06 05:53:50.99,459737.4977,5634234.2834,2946559.862
2023/12/06 05:53:51.99,459737.5104,5634234.2997,2946559.8728
2023/12/06 05:53:52.99,459737.4867,5634234.2888,2946559.8569
2023/12/06 05:53:53.99,459737.1434,5634235.9193,2946558.5431
2023/12/06 05:53:54.99,459735.589,5634236.275,2946558.046
2023/12/06 05:53:55.99,459729.7167,5634266.9122,2946571.058
2023/12/06 05:53:56.99,459730.3906,5634237.4686,2946556.543
2023/12/06 05:53:57.99,459726.588,5634238.4406,2946555.5628
2023/12/06 05:53:58.99,459723.5606,5634242.1354,2946554.8399
2023/12/06 05:53:59.99,459719.4171,5634239.776,2946554.1539
2023/12/06 05:54:00.99,459716.8716,5634240.2406,2946553.7133
2023/12/06 05:54:01.99,459714.5489,5634240.6907,2946553.301
2023/12/06 05:54:02.99,459711.6928,5634241.1522,2946552.7426
2023/12/06 05:54:03.99,459707.7485,5634241.8793,2946552.0268
2023/12/06 05:54:04.99,459703.4699,5634242.6923,2946551.1759
2023/12/06 05:54:05.99,459699.1053,5634243.5604,2946550.2195
2023/12/06 05:54:06.99,459694.1895,5634244.6515,2946549.0547
2023/12/06 05:54:07.99,459689.1866,5634245.7837,2946547.6735
2023/12/06 05:54:08.99,459682.5022,5634246.721,2946545.9754
2023/12/06 05:54:09.99,459676.6838,5634248.0119,2946544.4897
2023/12/06 05:54:10.99,459670.9681,5634252.3109,2946544.5599
2023/12/06 05:54:11.99,459664.1518,5634243.9696,2946539.894
2023/12/06 05:54:12.99,459656.9047,5634245.4104,2946538.2976
2023/12/06 05:54:13.99,459649.696,5634246.9682,2946536.5476
2023/12/06 05:54:14.99,459642.9638,5634255.3526,2946536.6109
2023/12/06 05:54:15.99,459635.4453,5634256.6388,2946534.7316
2023/12/06 05:54:16.99,459626.919,5634251.6024,2946531.2875
2023/12/06 05:54:17.99,459620.844,5634262.8815,2946533.7504
2023/12/06 05:54:18.99,459612.2985,5634261.4282,2946529.7123
2023/12/06 05:54:19.99,459604.5558,5634263.007,2946528.0694
2023/12/06 05:54:20.99,459596.6192,5634263.1366,2946527.5613
2023/12/06 05:54:21.99,459589.0609,5634264.587,2946525.8869
2023/12/06 05:54:22.99,459581.4319,5634260.5055,2946521.2432
2023/12/06 05:54:23.99,459575.3173,5634268.8303,2946521.5896
2023/12/06 05:54:24.99,459569.4067,5634270.0122,2946520.2213
2023/12/06 05:54:25.99,459564.5772,5634271.011,2946519.151
2023/12/06 05:54:26.99,459561.3322,5634271.576,2946518.4928
2023/12/06 05:54:27.99,459559.3069,5634271.9204,2946518.1429
2023/12/06 05:54:28.99,459558.04,5634272.1037,2946517.9364
2023/12/06 05:54:29.99,459557.6918,5634272.1738,2946517.8982
2023/12/06 05:54:30.99,459557.6962,5634272.1632,2946517.8936
2023/12/06 05:54:31.99,459557.6929,5634272.1595,2946517.8902
2023/12/06 05:54:32.99,459557.6671,5634272.1693,2946517.8905
2023/12/06 05:54:33.99,459557.1539,5634272.2565,2946517.8266
2023/12/06 05:54:34.99,459555.6433,5634272.4343,2946517.6642
2023/12/06 05:54:35.99,459553.343,5634272.6891,2946517.5334
2023/12/06 05:54:36.99,459549.9904,5634273.0001,2946517.4578
2023/12/06 05:54:37.99,459545.576,5634273.3444,2946517.3911
2023/12/06 05:54:38.99,459540.5649,5634273.664,2946517.5046
2023/12/06 05:54:39.99,459534.9666,5634274.1403,2946517.4688
2023/12/06 05:54:40.99,459528.7971,5634275.0518,2946516.721
2023/12/06 05:54:41.99,459522.0978,5634276.3638,2946515.3262
2023/12/06 05:54:42.99,459514.7886,5634277.8816,2946513.5864
2023/12/06 05:54:43.99,459506.8411,5634279.5229,2946511.7125
2023/12/06 05:54:44.99,459498.336,5634281.238,2946509.7374
2023/12/06 05:54:45.99,459489.4012,5634283.3625,2946506.7315
2023/12/06 05:54:46.99,459480.1008,5634284.8949,2946505.5726
2023/12/06 05:54:47.99,459470.9097,5634286.7871,2946503.5532
2023/12/06 05:54:48.99,459461.8696,5634288.5659,2946501.5593
2023/12/06 05:54:49.99,459453.0125,5634290.3037,2946499.6192
2023/12/06 05:54:50.99,459444.4176,5634291.9527,2946497.6333
2023/12/06 05:54:51.99,459436.6915,5634298.8313,2946497.2358
2023/12/06 05:54:52.99,459428.0856,5634295.1995,2946493.7467
2023/12/06 05:54:53.99,459419.9405,5634297.1112,2946490.9983
2023/12/06 05:54:54.99,459411.6437,5634298.7219,2946489.1766
2023/12/06 05:54:55.99,459403.1907,5634300.2967,2946487.3337
2023/12/06 05:54:56.99,459395.984,5634304.4233,2946486.757
2023/12/06 05:54:57.99,459387.2449,5634303.268,2946484.2888
2023/12/06 05:54:58.99,459382.0709,5634304.3418,2946483.0371
2023/12/06 05:54:59.99,459378.1548,5634308.4011,2946483.4122
2023/12/06 05:55:00.99,459370.9808,5634299.488,2946479.0467
2023/12/06 05:55:01.99,459366.0813,5634312.5988,2946481.0006
2023/12/06 05:55:02.99,459358.9984,5634308.7817,2946477.9339
2023/12/06 05:55:03.99,459352.6665,5634309.9645,2946476.5783
2023/12/06 05:55:04.99,459347.0221,5634311.0366,2946475.4171
2023/12/06 05:55:05.99,459341.7384,5634311.9484,2946474.3223
2023/12/06 05:55:06.99,459337.2154,5634312.768,2946473.3937
2023/12/06 05:55:07.99,459334.0799,5634313.4083,2946472.6132
2023/12/06 05:55:08.99,459331.8145,5634314.2605,2946471.0436
2023/12/06 05:55:09.99,459330.1481,5634314.3188,2946471.3207
2023/12/06 05:55:10.99,459329.659,5634319.8211,2946472.382
2023/12/06 05:55:11.99,459328.9932,5634320.8996,2946471.5933
2023/12/06 05:55:12.99,459328.6172,5634321.1291,2946471.2025
2023/12/06 05:55:13.99,459327.6999,5634313.9676,2946471.0174
2023/12/06 05:55:14.99,459327.6783,5634313.9891,2946470.9927
2023/12/06 05:55:15.99,459327.6682,5634314.0023,2946470.9749
2023/12/06 05:55:16.99,459328.322,5634321.314,2946470.8196
2023/12/06 05:55:17.99,459327.514,5634314.0898,2946470.7415
2023/12/06 05:55:18.99,459328.6073,5634318.7241,2946470.6564
2023/12/06 05:55:19.99,459327.948,5634321.6604,2946470.1676
2023/12/06 05:55:20.99,459327.933,5634321.664,2946470.1372
2023/12/06 05:55:21.99,459328.6781,5634318.5835,2946469.0244
2023/12/06 05:55:22.99,459327.1413,5634316.2788,2946467.8699
2023/12/06 05:55:23.99,459326.6569,5634308.6974,2946463.6699
2023/12/06 05:55:24.99,459328.0804,5634322.417,2946467.5103
2023/12/06 05:55:25.99,459328.1213,5634317.4663,2946464.9418
2023/12/06 05:55:26.99,459328.4834,5634318.1113,2946465.054
2023/12/06 05:55:27.99,459329.1396,5634318.3697,2946463.7221
2023/12/06 05:55:28.99,459331.7281,5634318.6381,2946463.8822
2023/12/06 05:55:29.99,459332.4066,5634318.8707,2946463.475
2023/12/06 05:55:30.99,459329.9107,5634318.8138,2946462.0799
2023/12/06 05:55:31.99,459332.6209,5634325.1003,2946463.1713
2023/12/06 05:55:32.99,459332.7443,5634313.2417,2946459.6128
2023/12/06 05:55:33.99,459334.2936,5634319.1941,2946461.6177
2023/12/06 05:55:34.99,459335.8688,5634325.1526,2946462.6416
2023/12/06 05:55:35.99,459337.493,5634325.0407,2946462.6037
2023/12/06 05:55:36.99,459341.0338,5634321.459,2946462.1117
2023/12/06 05:55:37.99,459344.0798,5634321.0892,2946462.4071
2023/12/06 05:55:38.99,459347.4184,5634320.6679,2946462.7105
2023/12/06 05:55:39.99,459350.5265,5634320.2465,2946463.0504
2023/12/06 05:55:40.99,459353.2744,5634319.8587,2946463.4255
2023/12/06 05:55:41.99,459355.8842,5634319.4501,2946463.8501
2023/12/06 05:55:42.99,459358.5421,5634319.0001,2946464.2958
2023/12/06 05:55:43.99,459361.5224,5634318.472,2946464.8414
2023/12/06 05:55:44.99,459364.945,5634317.8522,2946465.5324
2023/12/06 05:55:45.99,459368.912,5634317.1442,2946466.3787
2023/12/06 05:55:46.99,459373.0646,5634316.398,2946467.2492
2023/12/06 05:55:47.99,459377.8419,5634315.5759,2946468.1258
2023/12/06 05:55:48.99,459383.1403,5634314.723,2946468.991
2023/12/06 05:55:49.99,459387.2446,5634317.1519,2946470.5654
2023/12/06 05:55:50.99,459393.3785,5634312.9724,2946470.9166
2023/12/06 05:55:51.99,459396.9151,5634304.191,2946469.0032
2023/12/06 05:55:52.99,459402.4415,5634308.6217,2946471.8005
2023/12/06 05:55:53.99,459408.3217,5634301.5783,2946471.4847
2023/12/06 05:55:54.99,459411.3328,5634312.5723,2946475.7691
2023/12/06 05:55:55.99,459416.211,5634301.7356,2946473.2877
2023/12/06 05:55:56.99,459418.353,5634305.5369,2946475.5028
2023/12/06 05:55:57.99,459422.5903,5634310.3977,2946478.3826
2023/12/06 05:55:58.99,459426.6617,5634309.6011,2946479.3114
2023/12/06 05:55:59.99,459429.6689,5634308.9797,2946479.9773
2023/12/06 05:56:00.99,459431.7957,5634308.567,2946480.4639
2023/12/06 05:56:01.99,459433.9239,5634305.07,2946480.0617
2023/12/06 05:56:02.99,459434.6132,5634304.932,2946480.2146
2023/12/06 05:56:03.99,459434.682,5634304.9275,2946480.2368
2023/12/06 05:56:04.99,459433.7907,5634308.202,2946480.9276
2023/12/06 05:56:05.99,459434.6567,5634304.9263,2946480.2297
2023/12/06 05:56:06.99,459433.9183,5634308.1861,2946480.9591
2023/12/06 05:56:07.99,459435.3528,5634304.7858,2946480.3705
2023/12/06 05:56:08.99,459435.902,5634304.6721,2946480.4819
2023/12/06 05:56:09.99,459436.3408,5634304.6073,2946480.5763
2023/12/06 05:56:10.99,459436.397,5634304.5904,2946480.586
2023/12/06 05:56:11.99,459436.3995,5634304.5996,2946480.5906
2023/12/06 05:56:12.99,459436.3996,5634304.5905,2946480.5842
2023/12/06 05:56:13.99,459435.5078,5634307.8716,2946481.2782
2023/12/06 05:56:14.99,459435.5072,5634307.8759,2946481.2819
2023/12/06 05:56:15.99,459436.3975,5634304.5963,2946480.588
2023/12/06 05:56:16.99,459435.5344,5634307.8618,2946481.2837
2023/12/06 05:56:17.99,459436.0454,5634307.7692,2946481.3826
2023/12/06 05:56:18.99,459437.6221,5634307.4722,2946481.6424
2023/12/06 05:56:19.99,459441.3792,5634303.7488,2946481.473
2023/12/06 05:56:20.99,459444.6535,5634306.1891,2946482.9631
2023/12/06 05:56:21.99,459449.679,5634305.2172,2946484.0197
2023/12/06 05:56:22.99,459455.2346,5634304.2124,2946485.0236
2023/12/06 05:56:23.99,459461.3121,5634303.2605,2946485.9375
2023/12/06 05:56:24.99,459467.8719,5634302.2524,2946486.8243
2023/12/06 05:56:25.99,459475.7087,5634297.8922,2946487.2085
2023/12/06 05:56:26.99,459482.1272,5634299.7406,2946489.4235
2023/12/06 05:56:27.99,459489.759,5634298.1731,2946491.2
2023/12/06 05:56:28.99,459497.7302,5634296.5025,2946493.1123
2023/12/06 05:56:29.99,459505.9851,5634294.7655,2946495.205
2023/12/06 05:56:30.99,459514.1412,5634293.0147,2946497.2083
2023/12/06 05:56:31.99,459522.1668,5634291.334,2946499.1357
2023/12/06 05:56:32.99,459530.3973,5634289.6278,2946501.1357
2023/12/06 05:56:33.99,459538.1754,5634281.9936,2946501.9615
2023/12/06 05:56:34.99,459546.0373,5634280.4072,2946503.8001
2023/12/06 05:56:35.99,459554.0683,5634284.872,2946506.6496
2023/12/06 05:56:36.99,459561.7045,5634283.3768,2946508.4052
2023/12/06 05:56:37.99,459569.6073,5634281.7438,2946510.1891
2023/12/06 05:56:38.99,459577.0754,5634274.2351,2946510.8182
2023/12/06 05:56:39.99,459584.6673,5634272.9017,2946512.4537
2023/12/06 05:56:40.99,459591.978,5634271.5198,2946513.876
2023/12/06 05:56:41.99,459598.2732,5634270.3533,2946515.1455
2023/12/06 05:56:42.99,459602.8469,5634269.5341,2946516.0509
2023/12/06 05:56:43.99,459607.9377,5634270.4528,2946516.5171
2023/12/06 05:56:44.99,459609.6822,5634271.1054,2946517.5313
2023/12/06 05:56:45.99,459609.2928,5634268.3775,2946517.377
2023/12/06 05:56:46.99,459609.2908,5634268.3947,2946517.3878
2023/12/06 05:56:47.99,459609.2893,5634268.3962,2946517.3846
2023/12/06 05:56:48.99,459609.2863,5634268.3872,2946517.3824
2023/12/06 05:56:49.99,459609.2864,5634268.3998,2946517.3855
2023/12/06 05:56:50.99,459609.29,5634268.3921,2946517.3809
2023/12/06 05:56:51.99,459609.2874,5634268.3892,2946517.3798
2023/12/06 05:56:52.99,459609.288,5634268.3952,2946517.3839
2023/12/06 05:56:53.99,459609.2837,5634268.3786,2946517.3753
2023/12/06 05:56:54.99,459609.7807,5634274.1589,2946518.4188
2023/12/06 05:56:55.99,459609.2884,5634268.3749,2946517.3738
2023/12/06 05:56:56.99,459610.6589,5634270.89,2946517.7171
2023/12/06 05:56:57.99,459609.2861,5634268.3818,2946517.3762
2023/12/06 05:56:58.99,459609.35,5634268.5731,2946516.4091
2023/12/06 05:56:59.99,459609.2896,5634268.3911,2946517.3759
2023/12/06 05:57:00.99,459609.3489,5634268.5805,2946516.4066
2023/12/06 05:57:01.99,459609.3759,5634268.5839,2946516.4363
2023/12/06 05:57:02.99,459609.3504,5634268.5685,2946516.4031
2023/12/06 05:57:03.99,459609.3522,5634268.5595,2946516.4015
2023/12/06 05:57:04.99,459609.8498,5634274.3532,2946517.4595
2023/12/06 05:57:05.99,459609.3513,5634268.5678,2946516.4039
2023/12/06 05:57:06.99,459608.9908,5634262.2207,2946514.219
2023/12/06 05:57:07.99,459610.6576,5634270.886,2946517.7113
2023/12/06 05:57:08.99,459609.2909,5634268.3784,2946517.3741
2023/12/06 05:57:09.99,459609.2912,5634268.3826,2946517.3769
2023/12/06 05:57:10.99,459609.2945,5634268.3926,2946517.3852
2023/12/06 05:57:11.99,459609.2881,5634268.3879,2946517.378
2023/12/06 05:57:12.99,459609.8538,5634274.3424,2946517.4588
2023/12/06 05:57:13.99,459609.2864,5634268.3815,2946517.3695
2023/12/06 05:57:14.99,459609.3499,5634268.569,2946516.4017
2023/12/06 05:57:15.99,459609.3579,5634268.5642,2946516.4021
2023/12/06 05:57:16.99,459610.0143,5634274.0839,2946518.4584
2023/12/06 05:57:17.99,459611.2562,5634270.7859,2946517.8539
2023/12/06 05:57:18.99,459611.2737,5634264.9208,2946515.0134
2023/12/06 05:57:19.99,459610.8173,5634268.3004,2946516.7621
2023/12/06 05:57:20.99,459612.9724,5634270.4285,2946518.2184
2023/12/06 05:57:21.99,459614.9128,5634270.0824,2946518.6045
2023/12/06 05:57:22.99,459616.5084,5634272.8651,2946519.7387
2023/12/06 05:57:23.99,459619.4547,5634272.311,2946520.3493
2023/12/06 05:57:24.99,459622.8567,5634268.5566,2946520.224
2023/12/06 05:57:25.99,459624.0106,5634266.0383,2946519.8763
2023/12/06 05:57:26.99,459627.8898,5634267.5533,2946521.3745
2023/12/06 05:57:27.99,459629.3758,5634270.2729,2946522.5835
2023/12/06 05:57:28.99,459630.9058,5634264.0695,2946521.9681
2023/12/06 05:57:29.99,459633.3872,5634269.4664,2946523.4955
2023/12/06 05:57:30.99,459634.9034,5634263.2663,2946522.9013
2023/12/06 05:57:31.99,459637.7206,5634265.552,2946523.6408
2023/12/06 05:57:32.99,459637.4213,5634262.754,2946523.4873
2023/12/06 05:57:33.99,459638.261,5634256.6188,2946519.6386
2023/12/06 05:57:34.99,459640.6513,5634265.4046,2946525.3955
2023/12/06 05:57:35.99,459642.2045,5634264.6163,2946524.7255
2023/12/06 05:57:36.99,459642.6385,5634267.5179,2946525.7419
2023/12/06 05:57:37.99,459644.0879,5634261.3418,2946525.2154
2023/12/06 05:57:38.99,459647.2596,5634263.9768,2946527.1308
2023/12/06 05:57:39.99,459648.975,5634266.1872,2946527.3129
2023/12/06 05:57:40.99,459652.4337,5634262.4851,2946527.2274
2023/12/06 05:57:41.99,459654.8907,5634262.0021,2946527.7582
2023/12/06 05:57:42.99,459656.5173,5634264.7138,2946528.9254
2023/12/06 05:57:43.99,459658.3515,5634259.0142,2946527.7833
2023/12/06 05:57:44.99,459662.7776,5634259.5018,2946528.6981
2023/12/06 05:57:45.99,459663.0506,5634257.8236,2946528.3694
2023/12/06 05:57:46.99,459665.2094,5634257.1395,2946529.7932
2023/12/06 05:57:47.99,459667.5747,5634256.6704,2946530.3934
2023/12/06 05:57:48.99,459669.1615,5634263.2532,2946533.4937
2023/12/06 05:57:49.99,459674.9607,5634257.9559,2946532.2552
2023/12/06 05:57:50.99,459677.3023,5634254.6133,2946532.7234
2023/12/06 05:57:51.99,459682.1942,5634256.9251,2946535.0969
2023/12/06 05:57:52.99,459685.2017,5634252.92,2946534.6374
2023/12/06 05:57:53.99,459689.7751,5634251.9826,2946535.8186
2023/12/06 05:57:54.99,459695.7769,5634254.0384,2946538.4913
2023/12/06 05:57:55.99,459699.4226,5634249.8691,2946538.3465
2023/12/06 05:57:56.99,459703.9213,5634248.8064,2946539.6757
2023/12/06 05:57:57.99,459707.7531,5634247.8893,2946540.8801
2023/12/06 05:57:58.99,459711.1888,5634247.0531,2946541.9424
2023/12/06 05:57:59.99,459715.8959,5634249.2835,2946544.4248
2023/12/06 05:58:00.99,459718.7697,5634245.7881,2946543.5349
2023/12/06 05:58:01.99,459723.0459,5634244.2696,2946544.9489
2023/12/06 05:58:02.99,459724.4071,5634255.5111,2946550.6519
2023/12/06 05:58:03.99,459732.957,5634243.4016,2946548.2439
2023/12/06 05:58:04.99,459738.131,5634248.1473,2946551.9711
2023/12/06 05:58:05.99,459744.7228,5634233.7408,2946546.7605
2023/12/06 05:58:06.99,459751.0656,5634238.6085,2946551.3599
2023/12/06 05:58:08.99,459763.6021,5634232.4854,2946553.5581
2023/12/06 05:58:09.99,459770.969,5634231.8241,2946554.4202
2023/12/06 05:58:10.99,459777.0988,5634226.6132,2946554.9107
2023/12/06 05:58:11.99,459784.5801,5634227.7858,2946557.7701
2023/12/06 05:58:12.99,459790.9819,5634226.4957,2946559.4423
2023/12/06 05:58:13.99,459796.6062,5634226.3766,2946560.9803
2023/12/06 05:58:14.99,459803.8157,5634223.7872,2946563.118
2023/12/06 05:58:15.99,459808.5753,5634227.2285,2946566.4642
2023/12/06 05:58:16.99,459816.4796,5634224.3908,2946566.3344
2023/12/06 05:58:17.99,459823.208,5634216.5552,2946565.6606
2023/12/06 05:58:18.99,459830.06,5634221.8785,2946569.5759
2023/12/06 05:58:19.99,459835.4554,5634214.0671,2946568.1102
2023/12/06 05:58:20.99,459841.0519,5634215.7056,2946572.0456
2023/12/06 05:58:21.99,459845.3745,5634214.7728,2946572.8996
2023/12/06 05:58:22.99,459849.9739,5634213.8145,2946573.832
2023/12/06 05:58:23.99,459856.4626,5634217.7178,2946574.8262
2023/12/06 05:58:24.99,459860.6018,5634218.3737,2946577.4715
2023/12/06 05:58:25.99,459866.623,5634217.0898,2946578.7012
2023/12/06 05:58:26.99,459872.4054,5634212.7269,2946577.8059
2023/12/06 05:58:27.99,459880.5992,5634213.9106,2946581.6894
2023/12/06 05:58:28.99,459887.2497,5634209.1231,2946582.1095
2023/12/06 05:58:29.99,459894.652,5634207.3982,2946583.9052
2023/12/06 05:58:30.99,459901.8013,5634205.7444,2946585.6395
2023/12/06 05:58:31.99,459910.2084,5634207.1632,2946588.7076
2023/12/06 05:58:32.99,459916.984,5634202.322,2946589.002
2023/12/06 05:58:33.99,459924.9921,5634193.7171,2946588.0234
2023/12/06 05:58:34.99,459935.5724,5634200.109,2946592.1921
2023/12/06 05:58:35.99,459942.5623,5634200.0123,2946595.5344
2023/12/06 05:58:36.99,459950.4728,5634198.1789,2946597.3102
2023/12/06 05:58:37.99,459958.1354,5634196.4416,2946599.0266
2023/12/06 05:58:38.99,459964.6599,5634191.5634,2946599.2753
2023/12/06 05:58:39.99,459972.1338,5634189.8691,2946600.8545
2023/12/06 05:58:40.99,459979.8843,5634188.753,2946601.805
2023/12/06 05:58:41.99,459988.7667,5634182.8684,2946603.7339
2023/12/06 05:58:42.99,459996.2981,5634184.6455,2946605.4419
2023/12/06 05:58:43.99,460005.1304,5634179.2532,2946606.9513
2023/12/06 05:58:44.99,460013.3049,5634177.3937,2946608.6286
2023/12/06 05:58:45.99,460020.8417,5634179.1227,2946610.4695
2023/12/06 05:58:46.99,460029.6574,5634173.741,2946612.0766
2023/12/06 05:58:47.99,460037.1898,5634175.4008,2946613.9243
2023/12/06 05:58:48.99,460045.164,5634173.5862,2946615.6124
2023/12/06 05:58:49.99,460052.8671,5634171.8392,2946617.2807
2023/12/06 05:58:50.99,460062.2637,5634169.8022,2946618.6451
2023/12/06 05:58:51.99,460068.6117,5634171.4899,2946621.7626
2023/12/06 05:58:52.99,460074.7153,5634166.6632,2946621.8263
2023/12/06 05:58:53.99,460082.6843,5634168.1248,2946624.6768
2023/12/06 05:58:54.99,460086.4649,5634164.0454,2946624.0299
2023/12/06 05:58:55.99,460096.1347,5634158.3549,2946626.0407
2023/12/06 05:58:56.99,460103.5124,5634156.6781,2946627.6291
2023/12/06 05:58:57.99,460110.6151,5634158.4497,2946629.4711
2023/12/06 05:58:58.99,460118.7097,5634156.5964,2946631.3212
2023/12/06 05:58:59.99,460127.0734,5634154.6602,2946633.2839
2023/12/06 05:59:00.99,460133.5093,5634153.3393,2946634.7088
2023/12/06 05:59:01.99,460145.8399,5634150.3465,2946637.1769
2023/12/06 05:59:02.99,460152.1761,5634148.6272,2946639.5166
2023/12/06 05:59:03.99,460160.3977,5634146.627,2946641.754
2023/12/06 05:59:04.99,460168.5903,5634144.5766,2946644.064
2023/12/06 05:59:05.99,460176.7613,5634142.412,2946646.4841
2023/12/06 05:59:06.99,460184.7864,5634140.1821,2946648.9628
2023/12/06 05:59:07.99,460194.3383,5634133.0991,2946648.6785
2023/12/06 05:59:08.99,460199.942,5634135.7243,2946654.0391
2023/12/06 05:59:09.99,460207.2333,5634133.5154,2946656.6168
2023/12/06 05:59:10.99,460214.3789,5634131.3264,2946659.2065
2023/12/06 05:59:11.99,460221.3755,5634129.1079,2946661.7861
2023/12/06 05:59:12.99,460228.4799,5634126.9124,2946664.4333
2023/12/06 05:59:13.99,460236.087,5634124.4783,2946667.2486
2023/12/06 05:59:14.99,460244.1825,5634121.8683,2946670.2856
2023/12/06 05:59:15.99,460252.8188,5634118.775,2946673.3648
2023/12/06 05:59:16.99,460261.2603,5634116.357,2946676.902
2023/12/06 05:59:17.99,460269.4832,5634113.7108,2946680.2375
2023/12/06 05:59:18.99,460277.0919,5634104.2483,2946680.9532
2023/12/06 05:59:19.99,460284.6956,5634108.4821,2946686.9756
2023/12/06 05:59:20.99,460291.689,5634103.4693,2946691.709
2023/12/06 05:59:21.99,460298.4762,5634103.6619,2946693.3839
2023/12/06 05:59:22.99,460304.6355,5634101.5542,2946696.2591
2023/12/06 05:59:23.99,460310.2361,5634099.665,2946698.7984
2023/12/06 05:59:24.99,460315.4593,5634097.9627,2946701.1221
2023/12/06 05:59:25.99,460319.7108,5634089.1619,2946699.5766
2023/12/06 05:59:26.99,460324.594,5634088.12,2946702.5949
2023/12/06 05:59:27.99,460328.7813,5634093.4449,2946707.1892
2023/12/06 05:59:28.99,460332.4456,5634085.3496,2946706.5498
2023/12/06 05:59:29.99,460336.1892,5634090.8168,2946711.0332
2023/12/06 05:59:30.99,460339.4111,5634089.4809,2946712.4566
2023/12/06 05:59:31.99,460342.6407,5634088.6844,2946713.9873
2023/12/06 05:59:32.99,460345.8289,5634087.8436,2946715.0641
2023/12/06 05:59:33.99,460347.3069,5634087.6661,2946716.7976
2023/12/06 05:59:34.99,460351.7882,5634079.7228,2946713.9824
2023/12/06 05:59:35.99,460357.4145,5634085.5532,2946717.1711
2023/12/06 05:59:36.99,460360.9807,5634084.9186,2946717.869
2023/12/06 05:59:37.99,460362.5986,5634084.2498,2946718.6596
2023/12/06 05:59:38.99,460364.3889,5634084.3617,2946720.4771
2023/12/06 05:59:39.99,460371.9985,5634082.8124,2946720.2983
2023/12/06 05:59:40.99,460376.7441,5634081.7725,2946721.5454
2023/12/06 05:59:41.99,460380.48,5634076.5437,2946720.6335
2023/12/06 05:59:42.99,460385.0871,5634071.7822,2946722.3621
2023/12/06 05:59:43.99,460391.398,5634080.2711,2946729.2786
2023/12/06 05:59:44.99,460396.3909,5634072.1268,2946730.9638
2023/12/06 05:59:48.99,460412.3216,5634075.0009,2946740.0015
2023/12/06 05:59:49.99,460415.334,5634070.9462,2946740.8009
2023/12/06 05:59:50.99,460416.0519,5634068.4465,2946741.9522
2023/12/06 05:59:51.99,460417.1805,5634065.8188,2946738.475
2023/12/06 05:59:52.99,460419.7725,5634061.1561,2946738.766
2023/12/06 05:59:53.99,460425.1974,5634066.5462,2946742.9157
2023/12/06 05:59:54.99,460427.5584,5634063.4603,2946744.354
2023/12/06 05:59:55.99,460430.742,5634060.7246,2946744.228
2023/12/06 05:59:56.99,460434.517,5634056.1497,2946746.0773
2023/12/06 05:59:57.99,460438.0887,5634054.3738,2946748.9389
2023/12/06 05:59:58.99,460442.3255,5634052.4211,2946751.9046
2023/12/06 05:59:59.99,460447.5284,5634049.8104,2946753.978
2023/12/06 06:00:00.99,460453.8706,5634047.5376,2946757.1838
2023/12/06 06:00:01.99,460460.2378,5634052.8595,2946765.2718
2023/12/06 06:00:02.99,460469.0614,5634042.6002,2946764.385
2023/12/06 06:00:03.99,460477.257,5634039.8707,2946768.2356
2023/12/06 06:00:04.99,460484.3885,5634044.889,2946776.676
2023/12/06 06:00:05.99,460492.2942,5634042.1925,2946780.5521
2023/12/06 06:00:06.99,460502.9404,5634031.7749,2946779.9436
2023/12/06 06:00:07.99,460509.0711,5634036.3715,2946787.0326
2023/12/06 06:00:08.99,460516.1543,5634033.9192,2946790.5183
2023/12/06 06:00:09.99,460522.9327,5634031.62,2946793.8209
2023/12/06 06:00:10.99,460528.9671,5634022.7401,2946794.5977
2023/12/06 06:00:11.99,460534.4986,5634036.2622,2946804.8061
2023/12/06 06:00:12.99,460541.9018,5634017.8487,2946799.7255
2023/12/06 06:00:13.99,460548.2833,5634015.7118,2946802.7843
2023/12/06 06:00:14.99,460553.9551,5634020.4319,2946809.3055
2023/12/06 06:00:15.99,460561.3823,5634011.6603,2946810.1478
2023/12/06 06:00:16.99,460568.3365,5634009.2389,2946813.5587
2023/12/06 06:00:17.99,460575.7986,5634006.6807,2946817.2174
2023/12/06 06:00:18.99,460583.806,5634003.8673,2946821.2545
2023/12/06 06:00:19.99,460592.8698,5634007.7191,2946828.2166
2023/12/06 06:00:20.99,460601.7083,5633997.3278,2946829.0216
2023/12/06 06:00:21.99,460611.6914,5633994.0329,2946833.7189
2023/12/06 06:00:22.99,460621.7593,5633998.1033,2946841.8814
2023/12/06 06:00:23.99,460630.0326,5633987.8773,2946842.4826
2023/12/06 06:00:24.99,460638.2819,5633985.066,2946846.5296
2023/12/06 06:00:25.99,460646.7422,5633989.4617,2946854.1848
2023/12/06 06:00:26.99,460653.6866,5633979.5723,2946854.3848
2023/12/06 06:00:27.99,460661.1696,5633977.0438,2946857.9498
2023/12/06 06:00:28.99,460669.0757,5633974.4853,2946861.5824
2023/12/06 06:00:29.99,460677.4912,5633972.0512,2946866.597
2023/12/06 06:00:30.99,460686.9791,5633975.8358,2946873.5065
2023/12/06 06:00:31.99,460695.6803,5633965.4251,2946874.4243
2023/12/06 06:00:32.99,460706.0099,5633969.2743,2946882.9205
2023/12/06 06:00:33.99,460715.966,5633965.9761,2946887.6291
2023/12/06 06:00:34.99,460725.0383,5633956.0482,2946889.5072
2023/12/06 06:00:35.99,460734.6577,5633952.4153,2946893.0328
2023/12/06 06:00:36.99,460743.136,5633955.4684,2946900.908
2023/12/06 06:00:37.99,460753.2092,5633946.1412,2946902.0802
2023/12/06 06:00:38.99,460761.3831,5633943.4333,2946906.0616
2023/12/06 06:00:39.99,460769.1436,5633948.2784,2946913.1717
2023/12/06 06:00:40.99,460774.6803,5633938.9913,2946912.5026
2023/12/06 06:00:41.99,460780.1648,5633937.4857,2946916.2816
2023/12/06 06:00:42.99,460785.1777,5633935.4005,2946917.7945
2023/12/06 06:00:43.99,460790.1053,5633941.1514,2946923.5752
2023/12/06 06:00:44.99,460793.6955,5633939.8991,2946925.4287
2023/12/06 06:00:45.99,460797.1592,5633938.6812,2946927.2779
2023/12/06 06:00:46.99,460800.5358,5633937.5123,2946928.9554
2023/12/06 06:00:47.99,460803.5743,5633936.533,2946930.4234
2023/12/06 06:00:48.99,460805.0379,5633928.7139,2946927.6188
2023/12/06 06:00:49.99,460806.7158,5633935.6232,2946931.7377
2023/12/06 06:00:50.99,460807.4626,5633927.1596,2946929.4393
2023/12/06 06:00:51.99,460808.57,5633940.2243,2946933.6709
2023/12/06 06:00:52.99,460808.4661,5633926.8504,2946929.8071
2023/12/06 06:00:53.99,460808.7927,5633926.7714,2946929.9455
2023/12/06 06:00:54.99,460808.9791,5633926.7214,2946930.0243
2023/12/06 06:00:55.99,460808.8485,5633928.0588,2946930.139
2023/12/06 06:00:56.99,460810.7794,5633934.4796,2946933.3844
2023/12/06 06:00:57.99,460812.3705,5633927.0014,2946931.6913
2023/12/06 06:00:58.99,460816.6794,5633937.8482,2946937.2308
2023/12/06 06:00:59.99,460818.9073,5633924.9631,2946934.6304
2023/12/06 06:01:00.99,460822.7803,5633930.7096,2946938.7785
2023/12/06 06:01:01.99,460825.5114,5633929.7321,2946940.1644
2023/12/06 06:01:02.99,460826.5899,5633922.1846,2946938.764
2023/12/06 06:01:03.99,460827.1866,5633921.8141,2946939.3911
2023/12/06 06:01:04.99,460827.3349,5633921.7087,2946939.5819
2023/12/06 06:01:05.99,460828.3447,5633928.0933,2946942.9382
2023/12/06 06:01:06.99,460828.055,5633920.8343,2946941.1238
2023/12/06 06:01:07.99,460828.1575,5633920.236,2946942.2861
2023/12/06 06:01:08.99,460827.6936,5633919.4986,2946943.8127
2023/12/06 06:01:09.99,460826.5868,5633918.8727,2946945.2836
2023/12/06 06:01:10.99,460824.7888,5633918.3684,2946946.5565
2023/12/06 06:01:11.99,460822.3986,5633924.9042,2946950.2871
2023/12/06 06:01:12.99,460818.0145,5633925.1655,2946950.4964
2023/12/06 06:01:13.99,460812.7597,5633926.0492,2946949.5106
2023/12/06 06:01:14.99,460806.2786,5633920.7411,2946944.842
2023/12/06 06:01:15.99,460799.7711,5633922.6644,2946942.0785
2023/12/06 06:01:16.99,460793.008,5633931.8339,2946941.3231
2023/12/06 06:01:17.99,460784.2818,5633927.7809,2946934.5644
2023/12/06 06:01:18.99,460776.2725,5633937.4153,2946933.0339
2023/12/06 06:01:19.99,460767.7259,5633940.1634,2946929.009
2023/12/06 06:01:20.99,460759.2104,5633942.8936,2946925.1055
2023/12/06 06:01:21.99,460750.7998,5633945.7383,2946920.9378
2023/12/06 06:01:22.99,460742.0884,5633948.7536,2946916.4984
2023/12/06 06:01:23.99,460733.4562,5633951.7358,2946912.1411
2023/12/06 06:01:24.99,460725.1093,5633954.5375,2946908.1164
2023/12/06 06:01:25.99,460719.3083,5633951.4938,2946902.0524
2023/12/06 06:01:26.99,460709.9817,5633959.5355,2946901.0409
2023/12/06 06:01:27.99,460703.9849,5633967.5133,2946899.8761
2023/12/06 06:01:28.99,460697.225,5633968.1322,2946897.0132
2023/12/06 06:01:29.99,460694.9964,5633964.5344,2946893.9447
2023/12/06 06:01:30.99,460692.6033,5633965.3273,2946892.8001
2023/12/06 06:01:31.99,460691.2159,5633965.8017,2946892.1296
2023/12/06 06:01:32.99,460690.4439,5633966.081,2946891.7686
2023/12/06 06:01:33.99,460690.5455,5633972.0075,2946893.4629
2023/12/06 06:01:34.99,460689.8062,5633966.2747,2946891.4409
2023/12/06 06:01:35.99,460689.7328,5633966.3142,2946891.4166
2023/12/06 06:01:36.99,460689.7337,5633966.2989,2946891.4104
2023/12/06 06:01:37.99,460689.7345,5633966.3028,2946891.4132
2023/12/06 06:01:38.99,460689.7334,5633966.3112,2946891.4162
2023/12/06 06:01:39.99,460689.7325,5633966.313,2946891.4166
2023/12/06 06:01:40.99,460689.7317,5633966.3131,2946891.4193
2023/12/06 06:01:41.99,460689.7323,5633966.3073,2946891.4164
2023/12/06 06:01:42.99,460689.7308,5633966.3112,2946891.4171
2023/12/06 06:01:43.99,460689.7309,5633966.3118,2946891.4184
2023/12/06 06:01:44.99,460689.7327,5633966.3134,2946891.417
2023/12/06 06:01:45.99,460689.7337,5633966.3204,2946891.4212
2023/12/06 06:01:46.99,460689.7355,5633966.3109,2946891.4159
2023/12/06 06:01:47.99,460689.7326,5633966.325,2946891.4212
2023/12/06 06:01:48.99,460689.7302,5633966.3168,2946891.4201
2023/12/06 06:01:49.99,460689.7297,5633966.3221,2946891.4215
2023/12/06 06:01:50.99,460689.7308,5633966.3161,2946891.4193
2023/12/06 06:01:51.99,460689.7344,5633966.3046,2946891.4134
2023/12/06 06:01:52.99,460689.7343,5633966.3107,2946891.4159
2023/12/06 06:01:53.99,460689.7396,5633966.3192,2946891.4248
2023/12/06 06:01:54.99,460690.2138,5633972.1,2946893.2964
2023/12/06 06:01:55.99,460690.2158,5633972.0908,2946893.2934
2023/12/06 06:01:56.99,460690.1264,5633972.129,2946893.2537
2023/12/06 06:01:57.99,460689.6011,5633972.3016,2946892.971
2023/12/06 06:01:58.99,460688.3236,5633972.7682,2946892.3277
2023/12/06 06:01:59.99,460686.2283,5633973.4508,2946891.3384
2023/12/06 06:02:00.99,460683.2769,5633974.4213,2946889.9662
2023/12/06 06:02:01.99,460679.5784,5633975.6368,2946888.2773
2023/12/06 06:02:02.99,460675.9385,5633976.8306,2946886.5925
2023/12/06 06:02:03.99,460672.526,5633977.9784,2946884.9849
2023/12/06 06:02:04.99,460668.7914,5633979.198,2946883.2519
2023/12/06 06:02:05.99,460664.636,5633980.5567,2946881.3353
2023/12/06 06:02:06.99,460659.9022,5633982.1453,2946879.0755
2023/12/06 06:02:07.99,460654.6765,5633983.9645,2946876.4833
2023/12/06 06:02:08.99,460648.4457,5633980.1427,2946871.7788
2023/12/06 06:02:09.99,460642.6853,5633988.0814,2946870.5862
2023/12/06 06:02:10.99,460636.1119,5633990.3745,2946867.3274
2023/12/06 06:02:11.99,460629.0009,5633986.8707,2946862.2203
2023/12/06 06:02:12.99,460622.2043,5633989.2001,2946858.8892
2023/12/06 06:02:13.99,460615.6599,5633991.4052,2946855.7591
2023/12/06 06:02:14.99,460609.4034,5633993.4804,2946852.7795
2023/12/06 06:02:15.99,460602.9889,5633995.648,2946849.6788
2023/12/06 06:02:16.99,460596.9484,5634003.6716,2946848.3335
2023/12/06 06:02:17.99,460590.6811,5634005.8606,2946845.1932
2023/12/06 06:02:18.99,460584.3478,5634008.044,2946842.1405
2023/12/06 06:02:19.99,460578.1971,5634010.0744,2946839.2526
2023/12/06 06:02:20.99,460571.5186,5634006.322,2946834.5161
2023/12/06 06:02:21.99,460565.7186,5634014.1251,2946833.4972
2023/12/06 06:02:22.99,460559.4062,5634016.2186,2946830.5395
2023/12/06 06:02:23.99,460553.0982,5634018.3881,2946827.4407
2023/12/06 06:02:24.99,460546.6958,5634020.6605,2946824.1698
2023/12/06 06:02:25.99,460539.8025,5634017.1715,2946819.0658
2023/12/06 06:02:26.99,460533.8237,5634025.1626,2946817.6848
2023/12/06 06:02:27.99,460527.3198,5634027.4328,2946814.4779
2023/12/06 06:02:28.99,460521.1598,5634029.5537,2946811.4538
2023/12/06 06:02:29.99,460515.1566,5634030.0166,2946807.3513
2023/12/06 06:02:30.99,460508.8837,5634027.7487,2946804.0216
2023/12/06 06:02:31.99,460503.4335,5634035.4289,2946803.1363
2023/12/06 06:02:32.99,460497.4623,5634035.9582,2946799.1196
2023/12/06 06:02:33.99,460491.2244,5634033.9006,2946796.7851
2023/12/06 06:02:34.99,460485.8688,5634039.8034,2946793.6466
2023/12/06 06:02:35.99,460479.7669,5634037.7592,2946791.3303
2023/12/06 06:02:36.99,460474.3712,5634039.6098,2946788.7226
2023/12/06 06:02:37.99,460469.6533,5634041.1997,2946786.3897
2023/12/06 06:02:38.99,460466.6474,5634047.7551,2946785.551
2023/12/06 06:02:39.99,460463.582,5634048.8013,2946784.0183
2023/12/06 06:02:40.99,460460.3978,5634043.9632,2946780.823
2023/12/06 06:02:41.99,460458.7027,5634050.4517,2946781.6161
2023/12/06 06:02:42.99,460456.2701,5634045.392,2946778.7862
2023/12/06 06:02:43.99,460454.7552,5634051.8539,2946779.6751
2023/12/06 06:02:44.99,460452.7532,5634052.5388,2946778.6818
2023/12/06 06:02:45.99,460451.5285,5634052.9362,2946778.0714
2023/12/06 06:02:46.99,460450.892,5634047.2834,2946776.1403
2023/12/06 06:02:47.99,460450.8921,5634047.2815,2946776.1384
2023/12/06 06:02:48.99,460450.8905,5634047.2818,2946776.1374
2023/12/06 06:02:49.99,460450.8897,5634047.2792,2946776.1397
2023/12/06 06:02:50.99,460450.889,5634047.2723,2946776.1345
2023/12/06 06:02:51.99,460450.8908,5634047.278,2946776.1365
2023/12/06 06:02:52.99,460450.8908,5634047.2704,2946776.1338
2023/12/06 06:02:53.99,460450.8923,5634047.2639,2946776.1315
2023/12/06 06:02:54.99,460450.8906,5634047.2697,2946776.1331
2023/12/06 06:02:55.99,460450.8926,5634047.2721,2946776.1347
2023/12/06 06:02:56.99,460450.8924,5634047.2737,2946776.1332
2023/12/06 06:02:57.99,460450.8953,5634047.2707,2946776.1355
2023/12/06 06:02:58.99,460450.8925,5634047.2635,2946776.1303
2023/12/06 06:02:59.99,460450.8927,5634047.262,2946776.1294
2023/12/06 06:03:00.99,460450.8895,5634047.2681,2946776.1332
2023/12/06 06:03:01.99,460450.8908,5634047.2671,2946776.1334
2023/12/06 06:03:02.99,460450.7044,5634047.3288,2946776.037
2023/12/06 06:03:03.99,460449.9821,5634047.5901,2946775.6801
2023/12/06 06:03:04.99,460448.5838,5634048.0765,2946774.9684
2023/12/06 06:03:05.99,460447.4003,5634054.3843,2946775.9838
2023/12/06 06:03:06.99,460445.5882,5634053.5941,2946773.798
2023/12/06 06:03:07.99,460443.9328,5634054.9841,2946772.899
2023/12/06 06:03:08.99,460440.9111,5634043.0879,2946767.8823
2023/12/06 06:03:09.99,460439.1351,5634051.6549,2946769.6727
2023/12/06 06:03:10.99,460436.7002,5634052.5074,2946768.4187
2023/12/06 06:03:11.99,460434.1453,5634053.3194,2946767.2686
2023/12/06 06:03:12.99,460431.6147,5634054.0666,2946766.2133
2023/12/06 06:03:13.99,460429.5462,5634054.6561,2946765.3993
2023/12/06 06:03:14.99,460427.5206,5634055.2132,2946764.6186
2023/12/06 06:03:15.99,460425.502,5634055.7437,2946763.8865
2023/12/06 06:03:16.99,460423.3012,5634056.3416,2946763.0643
2023/12/06 06:03:17.99,460420.7735,5634057.0345,2946762.0641
2023/12/06 06:03:18.99,460418.4349,5634057.8313,2946761.0271
2023/12/06 06:03:19.99,460416.3686,5634058.616,2946759.967
2023/12/06 06:03:20.99,460414.6502,5634059.2287,2946759.0613
2023/12/06 06:03:21.99,460413.7416,5634059.5407,2946758.573
2023/12/06 06:03:22.99,460413.1712,5634059.0938,2946758.6849
2023/12/06 06:03:23.99,460412.3891,5634060.0445,2946757.8338
2023/12/06 06:03:24.99,460411.2175,5634060.4938,2946757.1721
2023/12/06 06:03:25.99,460408.3547,5634059.927,2946756.0178
2023/12/06 06:03:26.99,460408.9748,5634061.3641,2946755.8392
2023/12/06 06:03:27.99,460407.9475,5634061.7976,2946755.2357
2023/12/06 06:03:28.99,460406.5296,5634062.285,2946754.4174
2023/12/06 06:03:29.99,460403.3073,5634063.2789,2946754.516
2023/12/06 06:03:30.99,460403.6594,5634068.4662,2946753.5725
2023/12/06 06:03:31.99,460400.9243,5634064.1789,2946751.9046
2023/12/06 06:03:32.99,460399.7668,5634067.7179,2946750.3497
2023/12/06 06:03:33.99,460395.9073,5634070.1951,2946749.9911
2023/12/06 06:03:34.99,460393.1689,5634071.7982,2946748.7239
2023/12/06 06:03:35.99,460389.8886,5634072.9099,2946747.1271
2023/12/06 06:03:36.99,460386.4613,5634074.1188,2946745.3815
2023/12/06 06:03:37.99,460382.8539,5634074.7155,2946743.4789
2023/12/06 06:03:38.99,460379.2829,5634071.4766,2946741.2995
2023/12/06 06:03:39.99,460376.1824,5634072.4416,2946739.9143
2023/12/06 06:03:40.99,460372.6244,5634073.6328,2946738.23
2023/12/06 06:03:41.99,460369.0727,5634074.7921,2946736.4155
2023/12/06 06:03:42.99,460365.4034,5634076.134,2946734.4828
2023/12/06 06:03:43.99,460361.7777,5634077.485,2946732.4889
2023/12/06 06:03:44.99,460356.8553,5634084.1957,2946734.7349
2023/12/06 06:03:45.99,460354.0429,5634080.3616,2946728.264
2023/12/06 06:03:46.99,460350.6552,5634081.5937,2946726.4126
2023/12/06 06:03:47.99,460347.9872,5634082.6549,2946724.8308
2023/12/06 06:03:48.99,460345.2574,5634083.7948,2946723.1082
2023/12/06 06:03:49.99,460342.4727,5634084.8136,2946721.6281
2023/12/06 06:03:50.99,460339.8805,5634085.6531,2946720.4906
2023/12/06 06:03:51.99,460338.054,5634086.2382,2946719.7064
2023/12/06 06:03:52.99,460336.5025,5634086.7312,2946719.0153
2023/12/06 06:03:53.99,460335.3866,5634087.0939,2946718.5058
2023/12/06 06:03:54.99,460334.3315,5634087.4185,2946718.0325
2023/12/06 06:03:55.99,460332.6947,5634087.9247,2946717.314
2023/12/06 06:03:56.99,460329.9065,5634088.8236,2946716.0404
2023/12/06 06:03:57.99,460324.4453,5634089.065,2946713.8404
2023/12/06 06:03:58.99,460321.9803,5634091.3918,2946712.525
2023/12/06 06:03:59.99,460317.618,5634092.7073,2946710.7801
2023/12/06 06:04:00.99,460312.8455,5634094.1808,2946708.799
2023/12/06 06:04:01.99,460306.6457,5634101.0694,2946710.8692
2023/12/06 06:04:02.99,460302.3416,5634102.0533,2946704.4791
2023/12/06 06:04:03.99,460295.7534,5634099.8128,2946701.1181
2023/12/06 06:04:04.99,460289.0832,5634102.0747,2946698.0598
2023/12/06 06:04:05.99,460282.0016,5634104.4947,2946694.7599
2023/12/06 06:04:06.99,460274.5805,5634107.1166,2946691.3083
2023/12/06 06:04:07.99,460266.845,5634109.819,2946687.7498
2023/12/06 06:04:08.99,460258.8088,5634112.5803,2946684.1449
2023/12/06 06:04:09.99,460248.9246,5634114.3009,2946680.156
2023/12/06 06:04:10.99,460242.4128,5634118.0958,2946677.2605
2023/12/06 06:04:11.99,460234.3831,5634120.7419,2946674.1552
2023/12/06 06:04:12.99,460226.4007,5634123.223,2946671.2946
2023/12/06 06:04:13.99,460218.8154,5634129.9085,2946670.3912
2023/12/06 06:04:14.99,460211.9588,5634130.7788,2946665.342
2023/12/06 06:04:15.99,460201.8662,5634142.2218,2946668.1153
2023/12/06 06:04:16.99,460193.7941,5634144.559,2946665.6012
2023/12/06 06:04:17.99,460185.7187,5634146.8108,2946663.0781
2023/12/06 06:04:18.99,460178.2315,5634137.1941,2946655.5086
2023/12/06 06:04:19.99,460170.0845,5634139.4285,2946652.9978
2023/12/06 06:04:20.99,460161.867,5634141.6906,2946650.5193
2023/12/06 06:04:21.99,460153.567,5634143.8395,2946648.0186
2023/12/06 06:04:22.99,460145.1161,5634145.8567,2946645.6891
2023/12/06 06:04:23.99,460135.7488,5634160.4492,2946649.9781
2023/12/06 06:04:24.99,460127.9038,5634149.8392,2946641.8791
2023/12/06 06:04:25.99,460119.3138,5634151.7994,2946639.9921
2023/12/06 06:04:26.99,460110.7323,5634153.8151,2946638.0312
2023/12/06 06:04:27.99,460102.2079,5634155.8692,2946636.0214
2023/12/06 06:04:28.99,460092.9144,5634170.4524,2946640.291
2023/12/06 06:04:29.99,460084.2877,5634156.7795,2946632.3288
2023/12/06 06:04:30.99,460076.6767,5634161.8373,2946630.3141
2023/12/06 06:04:31.99,460069.3317,5634165.7732,2946629.8237
2023/12/06 06:04:32.99,460059.8235,5634165.839,2946626.9489
2023/12/06 06:04:33.99,460051.4449,5634167.6918,2946625.2475
2023/12/06 06:04:34.99,460043.0647,5634169.5963,2946623.545
2023/12/06 06:04:35.99,460034.6796,5634171.4806,2946621.7618
2023/12/06 06:04:36.99,460025.6103,5634174.8653,2946619.783
2023/12/06 06:04:37.99,460019.0089,5634177.5873,2946619.3102
2023/12/06 06:04:38.99,460010.8724,5634180.0316,2946615.9831
2023/12/06 06:04:39.99,460000.3609,5634191.0186,2946619.6014
2023/12/06 06:04:40.99,459991.8728,5634182.5198,2946612.6155
2023/12/06 06:04:41.99,459984.1347,5634183.0184,2946610.9745
2023/12/06 06:04:42.99,459976.2395,5634184.7954,2946609.312
2023/12/06 06:04:43.99,459969.0726,5634186.4195,2946607.8449
2023/12/06 06:04:44.99,459962.5891,5634187.8911,2946606.58
2023/12/06 06:04:45.99,459955.3752,5634186.1681,2946605.5304
2023/12/06 06:04:46.99,459949.498,5634190.7768,2946603.8751
2023/12/06 06:04:47.99,459942.0557,5634192.3889,2946602.3699
2023/12/06 06:04:48.99,459933.9777,5634194.0416,2946601.0022
2023/12/06 06:04:49.99,459925.5621,5634195.5489,2946599.9301
2023/12/06 06:04:50.99,459917.4346,5634196.8252,2946599.0619
2023/12/06 06:04:51.99,459909.3084,5634198.3344,2946597.8967
2023/12/06 06:04:52.99,459901.1637,5634200.1339,2946596.1832
2023/12/06 06:04:53.99,459892.8479,5634201.9949,2946594.3339
2023/12/06 06:04:54.99,459884.3838,5634203.95,2946592.3904
2023/12/06 06:04:55.99,459876.0583,5634205.8211,2946590.4224
2023/12/06 06:04:56.99,459867.8591,5634207.6072,2946588.6186
2023/12/06 06:04:57.99,459859.9981,5634208.6204,2946588.2374
2023/12/06 06:04:58.99,459852.3302,5634210.1958,2946586.6888
2023/12/06 06:04:59.99,459845.812,5634214.4446,2946585.0565
2023/12/06 06:05:00.99,459838.3487,5634215.9542,2946583.4819
2023/12/06 06:05:01.99,459829.7837,5634215.7956,2946581.9479
2023/12/06 06:05:02.99,459823.7129,5634219.4739,2946579.7773
2023/12/06 06:05:03.99,459816.4839,5634221.1371,2946577.9405
2023/12/06 06:05:04.99,459809.2696,5634222.808,2946576.1547
2023/12/06 06:05:05.99,459802.0458,5634224.3422,2946574.5937
2023/12/06 06:05:06.99,459795.2585,5634225.754,2946573.1428
2023/12/06 06:05:07.99,459789.0126,5634227.0384,2946571.7813
2023/12/06 06:05:08.99,459780.5368,5634226.2924,2946571.2483
2023/12/06 06:05:09.99,459776.899,5634227.059,2946568.5906
2023/12/06 06:05:10.99,459772.198,5634228.0179,2946567.5361
2023/12/06 06:05:11.99,459767.9138,5634228.994,2946566.4701
2023/12/06 06:05:12.99,459763.2345,5634235.6365,2946569.4704
2023/12/06 06:05:13.99,459760.9761,5634228.8315,2946565.3569
2023/12/06 06:05:14.99,459762.5778,5634230.1768,2946565.117
2023/12/06 06:05:15.99,459762.5818,5634230.1785,2946565.116
2023/12/06 06:05:16.99,459764.34,5634230.82,2946565.3877
2023/12/06 06:05:17.99,459764.3395,5634230.818,2946565.3868
2023/12/06 06:05:18.99,459764.3395,5634230.8312,2946565.3926
2023/12/06 06:05:19.99,459764.3389,5634230.8154,2946565.3876
2023/12/06 06:05:20.99,459764.3377,5634230.8208,2946565.3881
2023/12/06 06:05:21.99,459764.3395,5634230.8327,2946565.3922
2023/12/06 06:05:22.99,459764.3359,5634230.8349,2946565.3952
2023/12/06 06:05:23.99,459764.339,5634230.8293,2946565.3921
2023/12/06 06:05:24.99,459764.339,5634230.8393,2946565.3947
2023/12/06 06:05:25.99,459762.5818,5634230.1902,2946565.1221
2023/12/06 06:05:26.99,459764.3396,5634230.8275,2946565.3926
2023/12/06 06:05:27.99,459764.3398,5634230.8235,2946565.3904
2023/12/06 06:05:28.99,459764.34,5634230.8283,2946565.3928
2023/12/06 06:05:29.99,459764.3401,5634230.8268,2946565.3921
2023/12/06 06:05:30.99,459762.5822,5634230.1884,2946565.1218
2023/12/06 06:05:31.99,459764.3368,5634230.8267,2946565.394
2023/12/06 06:05:32.99,459762.5789,5634230.1946,2946565.1243
2023/12/06 06:05:33.99,459762.5814,5634230.1944,2946565.1256
2023/12/06 06:05:34.99,459762.5796,5634230.1924,2946565.1253
2023/12/06 06:05:35.99,459764.3371,5634230.8436,2946565.3994
2023/12/06 06:05:36.99,459762.5767,5634230.2037,2946565.1264
2023/12/06 06:05:37.99,459762.5809,5634230.1884,2946565.122
2023/12/06 06:05:38.99,459762.5807,5634230.188,2946565.122
2023/12/06 06:05:39.99,459764.3386,5634230.8362,2946565.397
2023/12/06 06:05:40.99,459762.5784,5634230.1938,2946565.1249
2023/12/06 06:05:41.99,459762.5811,5634230.1884,2946565.1238
2023/12/06 06:05:42.99,459764.3387,5634230.8333,2946565.3956
2023/12/06 06:05:43.99,459762.5779,5634230.2011,2946565.1292
2023/12/06 06:05:44.99,459764.3392,5634230.8289,2946565.3961
2023/12/06 06:05:45.99,459764.3358,5634230.8387,2946565.3973
2023/12/06 06:05:46.99,459762.5791,5634230.1855,2946565.1224
2023/12/06 06:05:47.99,459764.3372,5634230.8187,2946565.3944
2023/12/06 06:05:48.99,459764.3357,5634230.8311,2946565.3978
2023/12/06 06:05:49.99,459762.5798,5634230.2015,2946565.1295
2023/12/06 06:05:50.99,459762.5794,5634230.1927,2946565.1243
2023/12/06 06:05:51.99,459762.5763,5634230.203,2946565.1292
2023/12/06 06:05:52.99,459764.3389,5634230.8299,2946565.3968
2023/12/06 06:05:53.99,459760.8739,5634228.901,2946565.3494
2023/12/06 06:05:54.99,459764.3384,5634230.8358,2946565.3969
2023/12/06 06:05:55.99,459764.3417,5634230.8289,2946565.3962
2023/12/06 06:05:56.99,459764.3382,5634230.8338,2946565.3983
2023/12/06 06:05:57.99,459764.3365,5634230.8277,2946565.3964
2023/12/06 06:05:58.99,459764.3343,5634230.8435,2946565.4041
2023/12/06 06:05:59.99,459764.3408,5634230.8315,2946565.3973
2023/12/06 06:06:00.99,459764.3374,5634230.8431,2946565.4031
2023/12/06 06:06:01.99,459764.3364,5634230.8431,2946565.4021
2023/12/06 06:06:02.99,459760.8701,5634228.9143,2946565.3543
2023/12/06 06:06:03.99,459760.8721,5634228.9109,2946565.3536
2023/12/06 06:06:04.99,459760.8726,5634228.9048,2946565.3498
2023/12/06 06:06:05.99,459760.8729,5634228.917,2946565.358
2023/12/06 06:06:06.99,459760.8706,5634228.9106,2946565.3514
2023/12/06 06:06:07.99,459760.8736,5634228.9035,2946565.3488
2023/12/06 06:06:08.99,459760.8723,5634228.9093,2946565.3521
2023/12/06 06:06:09.99,459760.8703,5634228.9168,2946565.3545
2023/12/06 06:06:10.99,459760.8704,5634228.9108,2946565.3519
2023/12/06 06:06:11.99,459764.3359,5634230.8348,2946565.3965
2023/12/06 06:06:12.99,459760.8691,5634228.917,2946565.3514
2023/12/06 06:06:13.99,459760.867,5634228.9142,2946565.3511
2023/12/06 06:06:14.99,459760.8706,5634228.9121,2946565.3521
2023/12/06 06:06:15.99,459760.8707,5634228.9016,2946565.3471
2023/12/06 06:06:16.99,459760.8688,5634228.9089,2946565.3497
2023/12/06 06:06:17.99,459760.8707,5634228.9002,2946565.3465
2023/12/06 06:06:18.99,459760.8696,5634228.902,2946565.3461
2023/12/06 06:06:19.99,459760.8675,5634228.9122,2946565.3507
2023/12/06 06:06:20.99,459760.8692,5634228.907,2946565.3489
2023/12/06 06:06:21.99,459760.8665,5634228.9139,2946565.3548
2023/12/06 06:06:22.99,459760.8717,5634228.9011,2946565.347
2023/12/06 06:06:23.99,459760.8708,5634228.8959,2946565.3442
2023/12/06 06:06:24.99,459760.8668,5634228.9077,2946565.3438
2023/12/06 06:06:25.99,459760.8761,5634228.8922,2946565.3417
2023/12/06 06:06:26.99,459764.347,5634230.8055,2946565.3899
2023/12/06 06:06:27.99,459762.5129,5634230.1923,2946565.0925
2023/12/06 06:06:28.99,459763.7475,5634230.9772,2946565.2009
2023/12/06 06:06:29.99,459760.7029,5634230.6605,2946564.4993
2023/12/06 06:06:30.99,459757.1787,5634239.4148,2946568.1691
2023/12/06 06:06:31.99,459757.7386,5634233.8653,2946565.3723
2023/12/06 06:06:34.99,459747.233,5634232.7987,2946562.3978
2023/12/06 06:06:35.99,459745.2609,5634231.2382,2946560.1459
2023/12/06 06:06:36.99,459740.4849,5634234.2204,2946560.9992
2023/12/06 06:06:37.99,459737.6863,5634231.3751,2946558.0993
2023/12/06 06:06:38.99,459733.8264,5634234.8301,2946558.6338
2023/12/06 06:06:39.99,459733.0203,5634233.1813,2946557.7429
2023/12/06 06:06:40.99,459729.2958,5634237.4572,2946556.9047
2023/12/06 06:06:41.99,459726.064,5634237.5152,2946557.4047
2023/12/06 06:06:42.99,459721.3642,5634235.6112,2946556.9522
2023/12/06 06:06:43.99,459719.1194,5634236.1021,2946554.494
2023/12/06 06:06:44.99,459714.3651,5634240.5905,2946553.5483
2023/12/06 06:06:45.99,459710.0208,5634241.4836,2946552.6731
2023/12/06 06:06:46.99,459705.1992,5634242.4337,2946551.6479
2023/12/06 06:06:47.99,459698.1225,5634242.2534,2946550.6537
2023/12/06 06:06:48.99,459694.7509,5634244.6076,2946549.1189
2023/12/06 06:06:49.99,459690.0447,5634245.6285,2946547.9014
2023/12/06 06:06:50.99,459685.3034,5634246.6916,2946546.6108
2023/12/06 06:06:51.99,459680.4328,5634247.806,2946545.2294
2023/12/06 06:06:52.99,459673.9402,5634248.6107,2946543.5821
2023/12/06 06:06:53.99,459670.0158,5634250.0312,2946542.6717
2023/12/06 06:06:54.99,459664.1487,5634251.2273,2946541.3064
2023/12/06 06:06:55.99,459659.4167,5634253.143,2946540.1332
2023/12/06 06:06:56.99,459651.2556,5634253.8613,2946538.4559
2023/12/06 06:06:57.99,459643.3008,5634253.7875,2946537.2717
2023/12/06 06:06:58.99,459638.8482,5634256.3014,2946535.6564
2023/12/06 06:06:59.99,459632.7645,5634257.5225,2946534.2994
2023/12/06 06:07:00.99,459626.7672,5634258.7051,2946532.9392
2023/12/06 06:07:01.99,459619.2136,5634258.8736,2946531.1431
2023/12/06 06:07:02.99,459615.0172,5634261.0532,2946530.2801
2023/12/06 06:07:03.99,459609.2881,5634262.191,2946528.9966
2023/12/06 06:07:04.99,459603.576,5634263.3651,2946527.7224
2023/12/06 06:07:05.99,459599.1203,5634265.2124,2946526.6152
2023/12/06 06:07:06.99,459591.0113,5634265.7902,2946524.9534
2023/12/06 06:07:07.99,459586.2235,5634267.7163,2946523.7795
2023/12/06 06:07:08.99,459578.2062,5634268.3245,2946522.0978
2023/12/06 06:07:09.99,459574.0101,5634270.136,2946521.1112
2023/12/06 06:07:10.99,459566.6047,5634270.644,2946519.5537
2023/12/06 06:07:11.99,459561.0106,5634271.7498,2946518.2843
2023/12/06 06:07:12.99,459555.8256,5634272.6463,2946517.3574
2023/12/06 06:07:13.99,459550.8027,5634273.2095,2946517.0115
2023/12/06 06:07:14.99,459546.4385,5634273.503,2946517.075
2023/12/06 06:07:15.99,459543.8594,5634274.2985,2946517.6453
2023/12/06 06:07:16.99,459539.2162,5634274.5576,2946517.8295
2023/12/06 06:07:17.99,459534.2369,5634275.0956,2946517.599
2023/12/06 06:07:18.99,459528.5571,5634276.0863,2946516.6703
2023/12/06 06:07:19.99,459522.1632,5634277.3448,2946515.3181
2023/12/06 06:07:20.99,459513.2504,5634278.2654,2946513.26
2023/12/06 06:07:21.99,459505.3062,5634279.9053,2946511.3513
2023/12/06 06:07:22.99,459499.0647,5634282.1654,2946509.7907
2023/12/06 06:07:23.99,459489.0605,5634283.1557,2946507.6648
2023/12/06 06:07:24.99,459480.8978,5634284.6413,2946505.7839
2023/12/06 06:07:25.99,459472.579,5634286.4314,2946504.0118
2023/12/06 06:07:26.99,459464.6256,5634288.0566,2946502.2003
2023/12/06 06:07:27.99,459458.8089,5634290.2306,2946500.6828
2023/12/06 06:07:28.99,459450.5681,5634287.4836,2946498.7997
2023/12/06 06:07:29.99,459443.8925,5634288.8556,2946497.1325
2023/12/06 06:07:30.99,459435.1341,5634292.5329,2946495.6883
2023/12/06 06:07:31.99,459427.9824,5634297.5037,2946493.6862
2023/12/06 06:07:32.99,459426.2016,5634295.3326,2946491.5134
2023/12/06 06:07:33.99,459418.8854,5634298.3905,2946491.1066
2023/12/06 06:07:34.99,459412.8396,5634299.2844,2946490.4441
2023/12/06 06:07:35.99,459406.494,5634300.7409,2946488.4087
2023/12/06 06:07:36.99,459400.2457,5634301.8818,2946487.003
2023/12/06 06:07:37.99,459394.2142,5634303.0414,2946485.6774
2023/12/06 06:07:38.99,459387.2797,5634300.0133,2946484.173
2023/12/06 06:07:39.99,459381.6399,5634301.1631,2946482.8023
2023/12/06 06:07:40.99,459377.2621,5634306.4722,2946481.652
2023/12/06 06:07:41.99,459372.0744,5634307.4194,2946480.5305
2023/12/06 06:07:42.99,459365.8492,5634304.1497,2946479.3022
2023/12/06 06:07:43.99,459360.3075,5634305.2306,2946478.0983
2023/12/06 06:07:44.99,459355.3971,5634310.5819,2946476.8678
2023/12/06 06:07:45.99,459349.3938,5634311.7303,2946475.5128
2023/12/06 06:07:46.99,459343.6301,5634312.8084,2946474.2015
2023/12/06 06:07:47.99,459337.3682,5634309.6164,2946472.846
2023/12/06 06:07:48.99,459333.356,5634310.4232,2946471.8966
2023/12/06 06:07:49.99,459330.1249,5634314.6312,2946470.9009
2023/12/06 06:07:50.99,459328.9688,5634311.8401,2946469.852
2023/12/06 06:07:51.99,459328.7998,5634316.8852,2946468.5366
2023/12/06 06:07:52.99,459326.9876,5634313.4351,2946466.9325
2023/12/06 06:07:53.99,459327.5519,5634319.6254,2946465.6956
2023/12/06 06:07:54.99,459327.5093,5634320.2547,2946464.4988
2023/12/06 06:07:55.99,459326.8568,5634315.3827,2946463.3489
2023/12/06 06:07:56.99,459328.6806,5634320.2587,2946462.3078
2023/12/06 06:07:57.99,459329.9953,5634320.7509,2946461.2519
2023/12/06 06:07:58.99,459330.5676,5634316.6939,2946460.5835
2023/12/06 06:07:59.99,459332.6647,5634316.5751,2946460.4587
2023/12/06 06:08:00.99,459336.3159,5634321.6949,2946460.803
2023/12/06 06:08:01.99,459339.8546,5634321.1121,2946461.434
2023/12/06 06:08:02.99,459344.2804,5634319.1378,2946462.3431
2023/12/06 06:08:03.99,459348.5505,5634319.7164,2946462.8861
2023/12/06 06:08:04.99,459353.456,5634317.6778,2946463.8692
2023/12/06 06:08:05.99,459358.3083,5634318.1719,2946464.5009
2023/12/06 06:08:06.99,459363.689,5634317.3209,2946465.3762
2023/12/06 06:08:07.99,459368.4496,5634310.8976,2946466.288
2023/12/06 06:08:08.99,459375.226,5634315.4814,2946467.215
2023/12/06 06:08:09.99,459381.1738,5634314.5328,2946468.1729
2023/12/06 06:08:10.99,459387.012,5634313.504,2946469.3825
2023/12/06 06:08:11.99,459392.5495,5634312.424,2946470.5497
2023/12/06 06:08:12.99,459397.8736,5634311.4893,2946471.7945
2023/12/06 06:08:13.99,459401.4409,5634307.8457,2946473.3329
2023/12/06 06:08:14.99,459406.1279,5634304.1143,2946473.8319
2023/12/06 06:08:15.99,459408.823,5634303.6169,2946474.4062
2023/12/06 06:08:16.99,459410.4041,5634303.3225,2946474.752
2023/12/06 06:08:17.99,459410.9096,5634303.2251,2946474.8619
2023/12/06 06:08:18.99,459412.2451,5634307.3725,2946475.0825
2023/12/06 06:08:19.99,459412.3281,5634307.3625,2946475.1021
2023/12/06 06:08:20.99,459411.2131,5634303.159,2946474.9227
2023/12/06 06:08:21.99,459411.2111,5634303.1653,2946474.9251
2023/12/06 06:08:22.99,459412.3248,5634307.3653,2946475.1017
2023/12/06 06:08:23.99,459411.2163,5634303.1578,2946474.9251
2023/12/06 06:08:24.99,459411.2103,5634303.162,2946474.924
2023/12/06 06:08:25.99,459412.3087,5634307.3751,2946475.1025
2023/12/06 06:08:26.99,459411.2394,5634303.1746,2946474.94
2023/12/06 06:08:27.99,459411.7158,5634303.0623,2946475.0269
2023/12/06 06:08:28.99,459413.5308,5634308.3792,2946475.2041
2023/12/06 06:08:29.99,459413.4519,5634302.7381,2946475.419
2023/12/06 06:08:30.99,459415.0642,5634308.0965,2946475.5617
2023/12/06 06:08:31.99,459415.9242,5634306.6561,2946475.9093
2023/12/06 06:08:32.99,459415.953,5634302.2478,2946476.021
2023/12/06 06:08:33.99,459417.253,5634301.983,2946476.3306
2023/12/06 06:08:34.99,459419.5996,5634305.9145,2946476.7775
2023/12/06 06:08:35.99,459419.5245,5634301.5678,2946476.8202
2023/12/06 06:08:36.99,459420.3965,5634301.4194,2946476.9799
2023/12/06 06:08:37.99,459421.9539,5634306.7977,2946477.069
2023/12/06 06:08:38.99,459422.6755,5634305.4297,2946477.3592
2023/12/06 06:08:39.99,459422.8595,5634306.6775,2946477.2274
2023/12/06 06:08:40.99,459423.3811,5634305.3405,2946477.4715
2023/12/06 06:08:41.99,459423.5855,5634305.3071,2946477.4984
2023/12/06 06:08:42.99,459423.8444,5634305.2527,2946477.5274
2023/12/06 06:08:43.99,459424.3962,5634305.1632,2946477.6085
2023/12/06 06:08:44.99,459425.4546,5634303.8209,2946477.994
2023/12/06 06:08:45.99,459426.6367,5634304.8767,2946478.0259
2023/12/06 06:08:46.99,459428.6029,5634304.3958,2946478.4379
2023/12/06 06:08:47.99,459430.0478,5634299.599,2946479.0419
2023/12/06 06:08:48.99,459433.3679,5634298.8385,2946479.9903
2023/12/06 06:08:49.99,459434.6532,5634302.5958,2946480.3893
2023/12/06 06:08:50.99,459442.7558,5634302.6698,2946481.9074
2023/12/06 06:08:51.99,459448.0566,5634300.4493,2946482.8848
2023/12/06 06:08:52.99,459452.6749,5634295.3706,2946483.5834
2023/12/06 06:08:53.99,459460.1569,5634298.501,2946484.6913
2023/12/06 06:08:54.99,459466.8328,5634298.7069,2946485.6704
2023/12/06 06:08:55.99,459472.8529,5634291.9486,2946486.9591
2023/12/06 06:08:56.99,459480.6788,5634294.823,2946488.5329
2023/12/06 06:08:57.99,459486.1493,5634289.3422,2946489.8876
2023/12/06 06:08:58.99,459493.1304,5634287.9344,2946491.4563
2023/12/06 06:08:59.99,459501.5536,5634290.6029,2946493.3082
2023/12/06 06:09:00.99,459507.6026,5634284.9905,2946494.846
2023/12/06 06:09:01.99,459515.8147,5634287.6307,2946496.6999
2023/12/06 06:09:02.99,459521.5285,5634282.0322,2946498.264
2023/12/06 06:09:03.99,459529.2459,5634284.8427,2946500.0634
2023/12/06 06:09:04.99,459535.1343,5634283.7343,2946501.4659
2023/12/06 06:09:05.99,459540.3931,5634282.7039,2946502.5586
2023/12/06 06:09:06.99,459545.0235,5634281.8476,2946503.4939
2023/12/06 06:09:07.99,459549.8674,5634280.9044,2946504.4925
2023/12/06 06:09:08.99,459555.3453,5634279.811,2946505.7166
2023/12/06 06:09:09.99,459561.4321,5634278.6089,2946507.1076
2023/12/06 06:09:10.99,459567.9495,5634277.2839,2946508.6696
2023/12/06 06:09:11.99,459574.6808,5634275.897,2946510.2117
2023/12/06 06:09:12.99,459580.1354,5634270.3677,2946511.4855
2023/12/06 06:09:13.99,459586.303,5634269.1516,2946512.8538
2023/12/06 06:09:14.99,459593.3921,5634271.2324,2946513.8851
2023/12/06 06:09:15.99,459598.6453,5634271.0032,2946515.6204
2023/12/06 06:09:16.99,459603.9568,5634269.0901,2946516.2916
2023/12/06 06:09:17.99,459608.3069,5634270.5522,2946517.4939
2023/12/06 06:09:18.99,459611.3868,5634264.2817,2946518.2468
2023/12/06 06:09:19.99,459615.9235,5634266.8844,2946518.6299
2023/12/06 06:09:20.99,459616.7477,5634263.2684,2946519.3987
2023/12/06 06:09:21.99,459617.3443,5634263.1399,2946519.5426
2023/12/06 06:09:22.99,459617.3362,5634263.1363,2946519.5347
2023/12/06 06:09:23.99,459617.3382,5634263.1416,2946519.5368
2023/12/06 06:09:24.99,459617.34,5634263.1343,2946519.5362
2023/12/06 06:09:25.99,459617.3333,5634263.1527,2946519.5445
2023/12/06 06:09:26.99,459617.3356,5634263.137,2946519.5355
2023/12/06 06:09:27.99,459617.3317,5634263.1526,2946519.5412
2023/12/06 06:09:28.99,459617.3356,5634263.1441,2946519.5383
2023/12/06 06:09:29.99,459617.3344,5634263.1457,2946519.5373
2023/12/06 06:09:30.99,459617.3329,5634263.1487,2946519.54
2023/12/06 06:09:31.99,459617.3343,5634263.1404,2946519.5342
2023/12/06 06:09:32.99,459617.3304,5634263.1511,2946519.5349
2023/12/06 06:09:33.99,459617.3316,5634263.1483,2946519.5385
2023/12/06 06:09:34.99,459617.3308,5634263.1506,2946519.5387
2023/12/06 06:09:35.99,459617.333,5634263.1426,2946519.5332
2023/12/06 06:09:36.99,459617.3306,5634263.1378,2946519.5333
2023/12/06 06:09:37.99,459617.3304,5634263.1383,2946519.5342
2023/12/06 06:09:38.99,459617.3281,5634263.1647,2946519.5428
2023/12/06 06:09:39.99,459617.3573,5634263.1524,2946519.5462
2023/12/06 06:09:40.99,459617.7501,5634263.0669,2946519.652
2023/12/06 06:09:41.99,459618.6451,5634262.8608,2946519.8802
2023/12/06 06:09:42.99,459620.7537,5634266.7796,2946520.329
2023/12/06 06:09:43.99,459621.6331,5634266.5817,2946520.601
2023/12/06 06:09:44.99,459621.6176,5634262.2123,2946520.7735
2023/12/06 06:09:45.99,459624.3849,5634265.9305,2946521.3111
2023/12/06 06:09:46.99,459625.328,5634261.4233,2946521.6087
2023/12/06 06:09:47.99,459628.5496,5634265.1608,2946522.1386
2023/12/06 06:09:48.99,459629.6466,5634260.658,2946522.3743
2023/12/06 06:09:49.99,459632.0213,5634260.2183,2946522.8047
2023/12/06 06:09:50.99,459635.6023,5634263.8936,2946523.4364
2023/12/06 06:09:51.99,459637.849,5634263.4632,2946523.8865
2023/12/06 06:09:52.99,459640.0708,5634263.0674,2946524.3636
2023/12/06 06:09:53.99,459641.1405,5634258.4806,2946524.6404
2023/12/06 06:09:54.99,459643.3261,5634258.0912,2946525.0747
2023/12/06 06:09:55.99,459646.6357,5634261.8146,2946525.6943
2023/12/06 06:09:56.99,459648.8099,5634261.3848,2946526.166
2023/12/06 06:09:57.99,459650.9966,5634260.9417,2946526.6453
2023/12/06 06:09:58.99,459651.4258,5634263.0432,2946526.575
2023/12/06 06:09:59.99,459653.82,5634262.5639,2946527.0868
2023/12/06 06:10:00.99,459658.2514,5634259.4599,2946528.2415
2023/12/06 06:10:01.99,459659.218,5634261.4244,2946528.3696
2023/12/06 06:10:02.99,459662.0718,5634260.8007,2946529.0825
2023/12/06 06:10:03.99,459664.7504,5634260.2145,2946529.7691
2023/12/06 06:10:04.99,459669.299,5634257.0779,2946531.0375
2023/12/06 06:10:05.99,459670.7507,5634258.9883,2946531.2428
2023/12/06 06:10:06.99,459676.3116,5634255.7807,2946532.5194
2023/12/06 06:10:07.99,459678.3822,5634257.5778,2946532.6696
2023/12/06 06:10:08.99,459683.1518,5634250.1711,2946533.9453
2023/12/06 06:10:09.99,459686.6975,5634255.9893,2946534.5001
2023/12/06 06:10:10.99,459691.3035,5634254.97,2946535.6842
2023/12/06 06:10:11.99,459697.6453,5634251.4136,2946537.457
2023/12/06 06:10:12.99,459702.1592,5634250.4092,2946538.7051
2023/12/06 06:10:13.99,459707.1143,5634249.3322,2946540.0199
2023/12/06 06:10:14.99,459710.1353,5634250.8718,2946540.6447
2023/12/06 06:10:15.99,459717.0847,5634247.2358,2946542.2988
2023/12/06 06:10:16.99,459722.7599,5634246.1624,2946543.5613
2023/12/06 06:10:17.99,459725.1846,5634245.9386,2946545.3538
2023/12/06 06:10:18.99,459733.0127,5634243.7014,2946546.2815
2023/12/06 06:10:19.99,459745.0542,5634241.3734,2946549.0383
2023/12/06 06:10:20.99,459752.987,5634239.6064,2946551.0965
2023/12/06 06:10:22.99,459764.6638,5634255.4327,2946564.4421
2023/12/06 06:10:23.99,459772.6881,5634238.3896,2946558.2555
2023/12/06 06:10:24.99,459777.924,5634242.6255,2946562.4717
2023/12/06 06:10:25.99,459785.2302,5634241.0885,2946564.5247
2023/12/06 06:10:26.99,459795.6387,5634225.9729,2946561.448
2023/12/06 06:10:27.99,459802.406,5634229.594,2946563.8163
2023/12/06 06:10:28.99,459807.5166,5634228.9916,2946568.3276
2023/12/06 06:10:29.99,459812.8516,5634227.9845,2946569.1624
2023/12/06 06:10:30.99,459818.5189,5634218.4866,2946565.0712
2023/12/06 06:10:31.99,459820.6852,5634222.5384,2946566.9533
2023/12/06 06:10:32.99,459825.8432,5634221.4728,2946568.0736
2023/12/06 06:10:33.99,459834.5475,5634221.9771,2946570.1277
2023/12/06 06:10:34.99,459837.5022,5634224.1496,2946571.2239
2023/12/06 06:10:35.99,459842.2745,5634222.0807,2946572.1181
2023/12/06 06:10:36.99,459846.5801,5634220.958,2946573.4731
2023/12/06 06:10:37.99,459851.2116,5634219.8001,2946574.7846
2023/12/06 06:10:38.99,459857.0699,5634212.1626,2946576.2317
2023/12/06 06:10:39.99,459862.568,5634211.0906,2946577.2017
2023/12/06 06:10:40.99,459868.3834,5634209.8926,2946578.2574
2023/12/06 06:10:41.99,459873.2176,5634215.2873,2946578.8497
2023/12/06 06:10:42.99,459880.3289,5634211.6752,2946580.4489
2023/12/06 06:10:43.99,459883.9008,5634213.0933,2946580.9069
2023/12/06 06:10:44.99,459890.712,5634205.2624,2946582.5431
2023/12/06 06:10:45.99,459896.628,5634210.4737,2946583.4006
2023/12/06 06:10:46.99,459903.4384,5634208.981,2946584.7966
2023/12/06 06:10:47.99,459910.4484,5634207.4052,2946586.3349
2023/12/06 06:10:48.99,459917.6371,5634205.7681,2946587.9746
2023/12/06 06:10:49.99,459924.9819,5634204.0851,2946589.6577
2023/12/06 06:10:50.99,459932.1843,5634202.4586,2946591.2952
2023/12/06 06:10:51.99,459939.4687,5634200.7557,2946592.9154
2023/12/06 06:10:52.99,459944.777,5634196.9048,2946594.3369
2023/12/06 06:10:53.99,459955.6657,5634194.8816,2946596.8006
2023/12/06 06:10:54.99,459961.0157,5634195.7268,2946597.832
2023/12/06 06:10:55.99,459970.3509,5634191.5569,2946599.9556
2023/12/06 06:10:56.99,459976.7059,5634185.8401,2946601.3829
2023/12/06 06:10:57.99,459985.3153,5634181.5157,2946600.7876
2023/12/06 06:10:58.99,459993.7346,5634185.2119,2946605.1253
2023/12/06 06:10:59.99,459998.1187,5634182.8783,2946605.7726
2023/12/06 06:11:00.99,460009.4624,5634175.8621,2946606.6981
2023/12/06 06:11:01.99,460018.5739,5634180.6011,2946610.0511
2023/12/06 06:11:02.99,460025.4356,5634181.1789,2946611.2126
2023/12/06 06:11:03.99,460033.868,5634179.3523,2946612.8707
2023/12/06 06:11:04.99,460043.4871,5634168.3377,2946613.4449
2023/12/06 06:11:05.99,460051.9158,5634173.2774,2946616.8115
2023/12/06 06:11:06.99,460059.7247,5634164.4697,2946617.15
2023/12/06 06:11:07.99,460068.2639,5634168.1418,2946620.8388
2023/12/06 06:11:08.99,460074.587,5634169.6917,2946621.6745
2023/12/06 06:11:09.99,460083.2197,5634167.7471,2946623.4548
2023/12/06 06:11:10.99,460093.9925,5634162.169,2946626.0571
2023/12/06 06:11:11.99,460102.8543,5634160.2942,2946627.8293
2023/12/06 06:11:12.99,460110.4376,5634155.2602,2946629.3909
2023/12/06 06:11:13.99,460118.5499,5634159.7304,2946631.0846
2023/12/06 06:11:14.99,460127.3667,5634157.5949,2946633.2405
2023/12/06 06:11:15.99,460138.0141,5634152.9946,2946636.0684
2023/12/06 06:11:16.99,460146.8126,5634150.7606,2946638.3662
2023/12/06 06:11:17.99,460153.7623,5634151.1162,2946640.1217
2023/12/06 06:11:18.99,460164.375,5634146.5219,2946643.0209
2023/12/06 06:11:19.99,460173.0665,5634144.3291,2946645.4195
2023/12/06 06:11:20.99,460181.696,5634142.023,2946647.9701
2023/12/06 06:11:21.99,460190.3182,5634139.6442,2946650.6079
2023/12/06 06:11:22.99,460198.9535,5634137.2099,2946653.2951
2023/12/06 06:11:23.99,460207.5092,5634134.7222,2946656.0984
2023/12/06 06:11:24.99,460215.8083,5634132.3576,2946658.7728
2023/12/06 06:11:25.99,460223.793,5634130.0493,2946661.4142
2023/12/06 06:11:26.99,460231.4272,5634127.7896,2946664.1339
2023/12/06 06:11:27.99,460238.401,5634118.6841,2946665.307
2023/12/06 06:11:28.99,460242.4471,5634121.4278,2946668.8724
2023/12/06 06:11:29.99,460249.3102,5634119.1223,2946671.6286
2023/12/06 06:11:30.99,460259.006,5634111.8013,2946673.5946
2023/12/06 06:11:31.99,460265.6209,5634109.6034,2946676.367
2023/12/06 06:11:32.99,460271.435,5634110.0678,2946680.5955
2023/12/06 06:11:33.99,460277.9269,5634107.8992,2946683.3919
2023/12/06 06:11:34.99,460283.7566,5634106.9378,2946685.9755
2023/12/06 06:11:35.99,460292.1375,5634107.547,2946689.2208
2023/12/06 06:11:36.99,460298.6386,5634105.3397,2946692.079
2023/12/06 06:11:37.99,460301.5381,5634101.5578,2946694.2417
2023/12/06 06:11:38.99,460309.8277,5634097.0063,2946697.742
2023/12/06 06:11:39.99,460316.725,5634098.012,2946700.9055
2023/12/06 06:11:40.99,460321.6152,5634096.3119,2946703.3278
2023/12/06 06:11:41.99,460324.6649,5634091.8045,2946705.0696
2023/12/06 06:11:42.99,460329.4315,5634094.5226,2946707.0733
2023/12/06 06:11:43.99,460331.6559,5634089.263,2946708.6557
2023/12/06 06:11:44.99,460333.147,5634090.4191,2946709.8537
2023/12/06 06:11:45.99,460340.1364,5634086.6206,2946712.2178
2023/12/06 06:11:46.99,460346.5371,5634088.3997,2946714.113
2023/12/06 06:11:47.99,460347.8451,5634087.6694,2946714.8938
2023/12/06 06:11:48.99,460356.2568,5634087.2454,2946716.5618
2023/12/06 06:11:49.99,460361.2496,5634086.0481,2946717.9571
2023/12/06 06:11:50.99,460366.5425,5634084.9533,2946719.2755
2023/12/06 06:11:51.99,460369.6812,5634081.2863,2946719.9862
2023/12/06 06:11:52.99,460376.0497,5634082.2133,2946721.4455
2023/12/06 06:11:53.99,460378.0982,5634084.8834,2946721.4722
2023/12/06 06:11:54.99,460380.3847,5634079.7171,2946722.888
2023/12/06 06:11:55.99,460387.6578,5634081.2782,2946727.8192
2023/12/06 06:11:56.99,460391.2959,5634069.7668,2946730.9006
2023/12/06 06:11:57.99,460396.0663,5634098.0217,2946740.5187
2023/12/06 06:12:01.99,460424.2423,5634066.5325,2946744.55
2023/12/06 06:12:02.99,460427.5984,5634063.2824,2946746.318
2023/12/06 06:12:03.99,460434.0944,5634059.4233,2946749.4344
2023/12/06 06:12:04.99,460434.9206,5634063.42,2946750.4299
2023/12/06 06:12:05.99,460438.8151,5634058.9956,2946752.5176
2023/12/06 06:12:06.99,460442.7485,5634057.3078,2946755.1376
2023/12/06 06:12:07.99,460447.8952,5634055.3535,2946757.8813
2023/12/06 06:12:08.99,460453.6938,5634056.0974,2946761.5625
2023/12/06 06:12:09.99,460464.6776,5634051.5669,2946765.4712
2023/12/06 06:12:10.99,460469.9773,5634046.504,2946768.1796
2023/12/06 06:12:11.99,460475.9224,5634045.5322,2946771.1866
2023/12/06 06:12:12.99,460484.5412,5634045.9827,2946774.8461
2023/12/06 06:12:13.99,460491.6273,5634043.5279,2946778.3286
2023/12/06 06:12:14.99,460497.8258,5634036.9979,2946781.8483
2023/12/06 06:12:15.99,460504.0644,5634034.5366,2946785.0704
2023/12/06 06:12:16.99,460514.8587,5634035.5353,2946789.7777
2023/12/06 06:12:17.99,460523.6006,5634032.5031,2946794.2016
2023/12/06 06:12:18.99,460532.6041,5634029.3879,2946798.6157
2023/12/06 06:12:19.99,460541.3929,5634026.3969,2946802.837
2023/12/06 06:12:20.99,460547.9495,5634020.8867,2946806.5554
2023/12/06 06:12:21.99,460555.6274,5634018.2181,2946810.3281
2023/12/06 06:12:22.99,460564.5813,5634018.3423,2946814.3093
2023/12/06 06:12:23.99,460571.9954,5634015.8843,2946817.8005
2023/12/06 06:12:24.99,460578.8172,5634009.3286,2946821.2909
2023/12/06 06:12:25.99,460586.4679,5634007.8384,2946824.9628
2023/12/06 06:12:26.99,460595.0433,5634005.0388,2946828.9883
2023/12/06 06:12:27.99,460605.4932,5634003.8184,2946833.6354
2023/12/06 06:12:28.99,460613.5319,5634001.1202,2946837.5491
2023/12/06 06:12:29.99,460618.767,5633996.9883,2946840.4334
2023/12/06 06:12:30.99,460624.7661,5633994.9306,2946843.4073
2023/12/06 06:12:31.99,460629.6145,5633993.239,2946845.7979
2023/12/06 06:12:32.99,460633.4591,5633991.9377,2946847.6846
2023/12/06 06:12:33.99,460638.9271,5633992.4518,2946849.9749
2023/12/06 06:12:34.99,460640.4769,5633991.9329,2946852.6539
2023/12/06 06:12:35.99,460645.4217,5633990.5149,2946852.5799
2023/12/06 06:12:36.99,460645.3513,5633988.2201,2946852.7617
2023/12/06 06:12:37.99,460646.4775,5633987.8529,2946853.34
2023/12/06 06:12:38.99,460647.1673,5633987.6049,2946853.7159
2023/12/06 06:12:39.99,460649.4929,5633989.1386,2946854.5845
2023/12/06 06:12:40.99,460647.6466,5633987.4267,2946853.9804
2023/12/06 06:12:41.99,460647.6444,5633987.4287,2946853.9824
2023/12/06 06:12:42.99,460647.6479,5633987.4246,2946853.98
2023/12/06 06:12:43.99,460647.6476,5633987.4283,2946853.9827
2023/12/06 06:12:44.99,460649.5475,5633989.1196,2946854.6223
2023/12/06 06:12:45.99,460647.6464,5633987.4261,2946853.9808
2023/12/06 06:12:46.99,460647.646,5633987.435,2946853.9833
2023/12/06 06:12:47.99,460648.9858,5633993.2675,2946853.9461
2023/12/06 06:12:48.99,460649.5464,5633989.1216,2946854.6233
2023/12/06 06:12:49.99,460648.9861,5633993.2642,2946853.9433
2023/12/06 06:12:50.99,460648.9863,5633993.2643,2946853.9457
2023/12/06 06:12:51.99,460649.5467,5633989.1217,2946854.6234
2023/12/06 06:12:52.99,460649.5476,5633989.1195,2946854.6214
2023/12/06 06:12:53.99,460648.9881,5633993.2574,2946853.9417
2023/12/06 06:12:54.99,460649.5469,5633989.1221,2946854.623
2023/12/06 06:12:55.99,460649.5475,5633989.1222,2946854.6236
2023/12/06 06:12:56.99,460647.6447,5633987.4351,2946853.9842
2023/12/06 06:12:57.99,460647.6464,5633987.4288,2946853.9806
2023/12/06 06:12:58.99,460649.5472,5633989.1201,2946854.6232
2023/12/06 06:12:59.99,460647.644,5633987.4316,2946853.9817
2023/12/06 06:13:00.99,460647.6427,5633987.4358,2946853.9833
2023/12/06 06:13:01.99,460647.6428,5633987.4429,2946853.9866
2023/12/06 06:13:02.99,460647.6516,5633987.4206,2946853.9819
2023/12/06 06:13:03.99,460647.8376,5633987.3449,2946854.087
2023/12/06 06:13:04.99,460649.6409,5633992.9784,2946854.2998
2023/12/06 06:13:05.99,460650.8762,5633988.5939,2946855.3653
2023/12/06 06:13:06.99,460651.3428,5633992.3177,2946855.2952
2023/12/06 06:13:07.99,460651.3801,5633985.9784,2946856.1398
2023/12/06 06:13:08.99,460654.8911,5633987.0047,2946857.6385
2023/12/06 06:13:09.99,460656.7314,5633986.3198,2946858.682
2023/12/06 06:13:10.99,460658.9869,5633985.5281,2946859.8485
2023/12/06 06:13:11.99,460659.7571,5633982.9372,2946860.5307
2023/12/06 06:13:12.99,460664.3186,5633983.691,2946862.4294
2023/12/06 06:13:13.99,460665.1723,5633981.0493,2946863.1121
2023/12/06 06:13:14.99,460669.7194,5633985.7632,2946864.6249
2023/12/06 06:13:15.99,460673.8085,5633980.4295,2946867.097
2023/12/06 06:13:16.99,460677.0466,5633983.234,2946868.3086
2023/12/06 06:13:17.99,460681.3679,5633981.7792,2946870.3987
2023/12/06 06:13:18.99,460686.4312,5633980.0706,2946872.7915
2023/12/06 06:13:19.99,460692.2321,5633978.1626,2946875.4713
2023/12/06 06:13:20.99,460697.3526,5633970.2764,2946878.4918
2023/12/06 06:13:21.99,460703.8337,5633968.1054,2946881.4889
2023/12/06 06:13:22.99,460710.0706,5633966.0248,2946884.4692
2023/12/06 06:13:23.99,460718.9232,5633965.378,2946888.4602
2023/12/06 06:13:24.99,460726.4989,5633962.828,2946892.1375
2023/12/06 06:13:25.99,460733.8419,5633960.3823,2946895.6699
2023/12/06 06:13:26.99,460741.2828,5633957.8893,2946899.3257
2023/12/06 06:13:27.99,460745.7929,5633960.1358,2946903.7709
2023/12/06 06:13:28.99,460754.2558,5633951.0437,2946906.0935
2023/12/06 06:13:29.99,460763.2015,5633954.3729,2946909.6818
2023/12/06 06:13:30.99,460769.7194,5633945.9817,2946913.4572
2023/12/06 06:13:31.99,460779.1036,5633949.0988,2946917.2603
2023/12/06 06:13:32.99,460787.3917,5633942.402,2946921.7091
2023/12/06 06:13:33.99,460792.7052,5633938.3118,2946924.6375
2023/12/06 06:13:34.99,460799.2995,5633936.0472,2946927.9164
2023/12/06 06:13:35.99,460804.1594,5633934.4139,2946930.3796
2023/12/06 06:13:36.99,460809.5289,5633938.8102,2946932.3476
2023/12/06 06:13:37.99,460813.9816,5633933.4348,2946934.9219
2023/12/06 06:13:38.99,460817.6986,5633933.3123,2946936.2861
2023/12/06 06:13:39.99,460820.637,5633935.3453,2946937.4033
2023/12/06 06:13:40.99,460823.5744,5633930.4867,2946939.1609
2023/12/06 06:13:41.99,460825.4515,5633929.8775,2946940.0202
2023/12/06 06:13:42.99,460824.7852,5633927.7941,2946939.9665
2023/12/06 06:13:43.99,460825.4929,5633927.5514,2946940.3155
2023/12/06 06:13:44.99,460826.1094,5633927.3519,2946940.6294
2023/12/06 06:13:45.99,460828.9365,5633928.6618,2946941.7811
2023/12/06 06:13:46.99,460829.8235,5633928.2426,2946942.4527
2023/12/06 06:13:47.99,460828.3226,5633926.2937,2946942.2728
2023/12/06 06:13:48.99,460828.5823,5633926.0668,2946942.6896
2023/12/06 06:13:49.99,460828.7491,5633925.8107,2946943.1557
2023/12/06 06:13:50.99,460828.7557,5633925.8049,2946943.2505
2023/12/06 06:13:51.99,460830.1174,5633931.5646,2946943.195
2023/12/06 06:13:52.99,460828.7585,5633925.8004,2946943.2478
2023/12/06 06:13:53.99,460830.1317,5633931.499,2946943.283
2023/12/06 06:13:54.99,460828.8192,5633925.5826,2946943.6722
2023/12/06 06:13:55.99,460828.8236,5633925.3304,2946944.1202
2023/12/06 06:13:56.99,460828.8226,5633925.3024,2946944.1919
2023/12/06 06:13:57.99,460828.7786,5633925.1496,2946944.535
2023/12/06 06:13:58.99,460828.6891,5633924.9846,2946944.8948
2023/12/06 06:13:59.99,460828.6278,5633924.8298,2946945.1464
2023/12/06 06:14:00.99,460829.6904,5633930.2216,2946945.8679
2023/12/06 06:14:01.99,460827.9377,5633924.1966,2946946.5782
2023/12/06 06:14:02.99,460827.6861,5633924.0288,2946946.9229
2023/12/06 06:14:03.99,460827.3008,5633923.8171,2946947.3799
2023/12/06 06:14:04.99,460826.3861,5633923.4818,2946948.2207
2023/12/06 06:14:05.99,460824.9475,5633923.1117,2946949.2209
2023/12/06 06:14:06.99,460824.5012,5633928.4969,2946950.1993
2023/12/06 06:14:07.99,460820.0408,5633922.4568,2946951.356
2023/12/06 06:14:08.99,460817.1146,5633928.3466,2946951.5657
2023/12/06 06:14:09.99,460812.4951,5633929.2629,2946950.3622
2023/12/06 06:14:10.99,460806.1577,5633925.113,2946948.1124
2023/12/06 06:14:11.99,460800.4007,5633927.1072,2946945.1776
2023/12/06 06:14:12.99,460794.9342,5633935.2003,2946941.6371
2023/12/06 06:14:13.99,460785.5721,5633932.1651,2946937.7001
2023/12/06 06:14:14.99,460776.6867,5633935.0475,2946933.4253
2023/12/06 06:14:15.99,460767.7891,5633937.9599,2946929.1979
2023/12/06 06:14:16.99,460758.9991,5633940.8262,2946925.017
2023/12/06 06:14:17.99,460749.8082,5633943.9351,2946920.4728
2023/12/06 06:14:18.99,460739.9151,5633947.2677,2946915.6123
2023/12/06 06:14:19.99,460729.313,5633950.8114,2946910.4885
2023/12/06 06:14:20.99,460718.7698,5633954.3491,2946905.4439
2023/12/06 06:14:21.99,460708.4404,5633957.8819,2946900.4051
2023/12/06 06:14:22.99,460698.1067,5633961.4052,2946895.3552
2023/12/06 06:14:23.99,460687.7324,5633964.9196,2946890.3612
2023/12/06 06:14:24.99,460677.3691,5633968.4603,2946885.3413
2023/12/06 06:14:25.99,460667.0388,5633972.0361,2946880.2492
2023/12/06 06:14:26.99,460656.7238,5633975.6086,2946875.1278
2023/12/06 06:14:27.99,460646.3786,5633979.176,2946870.0284
2023/12/06 06:14:28.99,460636.0111,5633982.7475,2946864.9636
2023/12/06 06:14:29.99,460625.6128,5633986.2773,2946859.9118
2023/12/06 06:14:30.99,460615.1833,5633989.8243,2946854.8831
2023/12/06 06:14:31.99,460604.7156,5633993.3264,2946849.8514
2023/12/06 06:14:32.99,460594.2195,5633996.8479,2946844.8744
2023/12/06 06:14:33.99,460583.6825,5634000.3618,2946839.9593
2023/12/06 06:14:34.99,460573.1191,5634003.8226,2946835.0531
2023/12/06 06:14:35.99,460562.5487,5634007.3036,2946830.1218
2023/12/06 06:14:36.99,460551.9913,5634010.8024,2946825.1457
2023/12/06 06:14:37.99,460541.4501,5634014.3352,2946820.1104
2023/12/06 06:14:38.99,460530.9346,5634017.9094,2946815.0556
2023/12/06 06:14:39.99,460520.4552,5634021.5156,2946809.9268
2023/12/06 06:14:40.99,460510.0246,5634025.1263,2946804.734
2023/12/06 06:14:41.99,460499.6109,5634028.7848,2946799.5115
2023/12/06 06:14:42.99,460489.3183,5634032.4297,2946794.2772
2023/12/06 06:14:43.99,460481.2936,5634038.4833,2946789.7281
2023/12/06 06:14:44.99,460470.4908,5634038.8657,2946785.0789
2023/12/06 06:14:45.99,460462.1517,5634041.6963,2946780.9958
2023/12/06 06:14:46.99,460455.0057,5634044.129,2946777.5032
2023/12/06 06:14:47.99,460449.05,5634048.2758,2946774.4423
2023/12/06 06:14:48.99,460441.2443,5634046.4142,2946771.4293
2023/12/06 06:14:49.99,460440.0129,5634051.5283,2946769.6686
2023/12/06 06:14:50.99,460436.7803,5634050.7006,2946767.8999
2023/12/06 06:14:51.99,460433.9673,5634051.7308,2946766.3715
2023/12/06 06:14:52.99,460431.437,5634052.6218,2946765.0891
2023/12/06 06:14:53.99,460428.846,5634053.491,2946763.8358
2023/12/06 06:14:54.99,460425.7153,5634054.481,2946762.384
2023/12/06 06:14:55.99,460421.9049,5634055.6921,2946760.6769
2023/12/06 06:14:56.99,460417.4592,5634057.1244,2946758.7123
2023/12/06 06:14:57.99,460412.1224,5634058.7653,2946756.4226
2023/12/06 06:14:58.99,460405.9921,5634060.6169,2946753.7543
2023/12/06 06:14:59.99,460396.7932,5634061.0991,2946750.5938
2023/12/06 06:15:00.99,460393.4301,5634071.2343,2946749.5946
2023/12/06 06:15:01.99,460384.126,5634065.0775,2946744.9062
2023/12/06 06:15:02.99,460377.9087,5634067.192,2946741.8363
2023/12/06 06:15:03.99,460374.6568,5634072.8963,2946739.2047
2023/12/06 06:15:04.99,460368.8852,5634072.8452,2946736.351
2023/12/06 06:15:05.99,460362.8406,5634079.9246,2946735.0906
2023/12/06 06:15:06.99,460358.0803,5634076.6244,2946730.8296
2023/12/06 06:15:07.99,460351.6086,5634085.7656,2946730.0311
2023/12/06 06:15:08.99,460347.7377,5634080.0056,2946725.9236
2023/12/06 06:15:09.99,460342.0598,5634081.895,2946723.2463
2023/12/06 06:15:10.99,460335.7814,5634084.088,2946720.1473
2023/12/06 06:15:11.99,460328.7752,5634086.4325,2946716.6941
2023/12/06 06:15:12.99,460321.0976,5634089.1203,2946712.9218
2023/12/06 06:15:13.99,460312.7883,5634092.0458,2946708.8589
2023/12/06 06:15:14.99,460303.8432,5634095.1917,2946704.4787
2023/12/06 06:15:15.99,460294.2639,5634098.6123,2946699.7922
2023/12/06 06:15:16.99,460284.0889,5634102.2152,2946694.8526
2023/12/06 06:15:17.99,460273.2582,5634105.9717,2946689.8915
2023/12/06 06:15:18.99,460262.015,5634109.8115,2946684.893
2023/12/06 06:15:19.99,460250.7807,5634113.4292,2946680.2732
2023/12/06 06:15:20.99,460239.39,5634117.0704,2946675.9837
2023/12/06 06:15:21.99,460227.9699,5634120.7644,2946671.7185
2023/12/06 06:15:22.99,460216.4806,5634124.401,2946667.4358
2023/12/06 06:15:23.99,460202.63,5634131.8077,2946663.1085
2023/12/06 06:15:24.99,460192.9181,5634131.47,2946659.3089
2023/12/06 06:15:25.99,460180.8291,5634134.8487,2946655.5614
2023/12/06 06:15:26.99,460168.5197,5634138.1271,2946651.9269
2023/12/06 06:15:27.99,460155.9781,5634141.3177,2946648.4603
2023/12/06 06:15:28.99,460143.1793,5634144.3404,2946645.0875
2023/12/06 06:15:29.99,460130.2132,5634147.4601,2946642.0368
2023/12/06 06:15:30.99,460117.3467,5634150.419,2946639.1862
2023/12/06 06:15:31.99,460104.6647,5634153.349,2946636.3142
2023/12/06 06:15:32.99,460092.3321,5634156.3116,2946633.4668
2023/12/06 06:15:33.99,460080.3148,5634159.2021,2946630.6285
2023/12/06 06:15:34.99,460068.4734,5634162.1307,2946627.9687
2023/12/06 06:15:35.99,460056.7318,5634164.8888,2946625.5769
2023/12/06 06:15:36.99,460045.0693,5634167.4561,2946623.2966
2023/12/06 06:15:37.99,460031.38,5634173.8959,2946620.7155
2023/12/06 06:15:38.99,460020.88,5634180.13,2946620.0313
2023/12/06 06:15:39.99,460010.717,5634178.3912,2946615.3265
2023/12/06 06:15:40.99,460000.7974,5634184.501,2946614.7277
2023/12/06 06:15:41.99,459990.6988,5634179.5443,2946609.4272
2023/12/06 06:15:42.99,459980.0697,5634181.788,2946607.4508
2023/12/06 06:15:43.99,459969.1816,5634191.307,2946608.6804
2023/12/06 06:15:44.99,459958.9212,5634193.4516,2946606.8652
2023/12/06 06:15:45.99,459948.2272,5634189.0678,2946603.4746
2023/12/06 06:15:46.99,459937.9181,5634191.2531,2946601.5889
2023/12/06 06:15:47.99,459927.5057,5634193.241,2946599.9844
2023/12/06 06:15:48.99,459917.2654,5634195.0078,2946598.6648
2023/12/06 06:15:49.99,459907.1631,5634196.9165,2946597.0909
2023/12/06 06:15:50.99,459897.2318,5634199.0862,2946595.1023
2023/12/06 06:15:51.99,459887.7859,5634201.159,2946593.0421
2023/12/06 06:15:52.99,459878.8948,5634203.1586,2946590.9939
2023/12/06 06:15:53.99,459871.1674,5634202.486,2946589.7964
2023/12/06 06:15:54.99,459861.9276,5634206.8733,2946587.4425
2023/12/06 06:15:55.99,459855.501,5634209.6109,2946586.4211
2023/12/06 06:15:56.99,459845.0532,5634208.1193,2946585.8418
2023/12/06 06:15:57.99,459837.4984,5634212.5681,2946584.1401
2023/12/06 06:15:58.99,459833.5579,5634211.3692,2946581.5317
2023/12/06 06:15:59.99,459828.9876,5634212.2792,2946580.6463
2023/12/06 06:16:00.99,459826.1538,5634212.8529,2946580.1143
2023/12/06 06:16:01.99,459824.4675,5634213.2417,2946579.7882
2023/12/06 06:16:02.99,459823.5027,5634214.9364,2946579.3853
2023/12/06 06:16:03.99,459823.4986,5634214.9331,2946579.3844
2023/12/06 06:16:04.99,459823.5003,5634214.9391,2946579.3849
2023/12/06 06:16:05.99,459823.5004,5634214.9339,2946579.3856
2023/12/06 06:16:06.99,459823.5016,5634214.9342,2946579.3837
2023/12/06 06:16:07.99,459823.4971,5634214.9429,2946579.388
2023/12/06 06:16:08.99,459823.4999,5634214.9382,2946579.3853
2023/12/06 06:16:09.99,459823.4986,5634214.9471,2946579.3888
2023/12/06 06:16:10.99,459823.5028,5634214.9292,2946579.3837
2023/12/06 06:16:11.99,459823.4977,5634214.9357,2946579.3841
2023/12/06 06:16:12.99,459823.5003,5634214.9379,2946579.386
2023/12/06 06:16:13.99,459823.499,5634214.9288,2946579.3823
2023/12/06 06:16:14.99,459823.5007,5634214.9313,2946579.3832
2023/12/06 06:16:15.99,459823.5028,5634214.927,2946579.3803
2023/12/06 06:16:16.99,459823.5021,5634214.9224,2946579.3789
2023/12/06 06:16:17.99,459823.5025,5634214.9316,2946579.3806
2023/12/06 06:16:18.99,459823.5043,5634214.9221,2946579.3784
2023/12/06 06:16:19.99,459823.5032,5634214.9292,2946579.38
2023/12/06 06:16:20.99,459823.5018,5634214.9279,2946579.38
2023/12/06 06:16:21.99,459823.5044,5634214.9191,2946579.3799
2023/12/06 06:16:22.99,459823.503,5634214.9316,2946579.3815
2023/12/06 06:16:23.99,459823.5018,5634214.9275,2946579.3804
2023/12/06 06:16:24.99,459823.5058,5634214.9303,2946579.3808
2023/12/06 06:16:25.99,459823.5031,5634214.9305,2946579.3833
2023/12/06 06:16:26.99,459823.5018,5634214.928,2946579.3803
2023/12/06 06:16:27.99,459823.5019,5634214.931,2946579.381
2023/12/06 06:16:28.99,459821.7697,5634216.8955,2946578.8984
2023/12/06 06:16:29.99,459823.5056,5634214.9213,2946579.3801
2023/12/06 06:16:30.99,459823.5035,5634214.9371,2946579.3823
2023/12/06 06:16:31.99,459823.5097,5634214.9218,2946579.3831
2023/12/06 06:16:32.99,459823.5088,5634214.9207,2946579.383
2023/12/06 06:16:33.99,459823.5082,5634214.9218,2946579.3827
2023/12/06 06:16:34.99,459823.5109,5634214.9205,2946579.3786
2023/12/06 06:16:35.99,459823.5314,5634214.9278,2946579.3889
2023/12/06 06:16:36.99,459825.5644,5634215.9636,2946579.9548
2023/12/06 06:16:37.99,459825.0923,5634216.0556,2946579.8674
2023/12/06 06:16:38.99,459821.9335,5634217.2538,2946578.9992
2023/12/06 06:16:39.99,459822.6983,5634216.5979,2946579.279
2023/12/06 06:16:40.99,459819.5345,5634215.8183,2946578.4295
2023/12/06 06:16:41.99,459820.3629,5634217.6901,2946578.7976
2023/12/06 06:16:42.99,459818.6047,5634217.5388,2946578.2416
2023/12/06 06:16:43.99,459814.5547,5634214.622,2946577.6268
2023/12/06 06:16:44.99,459812.225,5634219.0299,2946576.6522
2023/12/06 06:16:45.99,459807.5031,5634220.0824,2946575.4966
2023/12/06 06:16:46.99,459800.8607,5634219.374,2946571.9632
2023/12/06 06:16:47.99,459794.8011,5634227.9504,2946574.5115
2023/12/06 06:16:48.99,459791.2002,5634223.6737,2946571.5747
2023/12/06 06:16:49.99,459783.1592,5634223.9347,2946569.5957
2023/12/06 06:16:50.99,459776.9048,5634231.8007,2946570.2974
2023/12/06 06:16:51.99,459771.6585,5634227.9112,2946566.941
2023/12/06 06:16:52.99,459764.8545,5634229.3836,2946565.2989
2023/12/06 06:16:53.99,459756.2892,5634230.2488,2946562.3755
2023/12/06 06:16:55.99,459747.0908,5634227.6272,2946557.8557
2023/12/06 06:16:56.99,459738.6032,5634235.8928,2946561.0134
2023/12/06 06:16:57.99,459738.0942,5634235.065,2946558.9696
2023/12/06 06:16:58.99,459733.191,5634234.6054,2946557.7686
2023/12/06 06:16:59.99,459732.7249,5634233.974,2946555.8586
2023/12/06 06:17:00.99,459729.5257,5634236.4675,2946556.753
2023/12/06 06:17:01.99,459733.1705,5634236.1099,2946557.8695
2023/12/06 06:17:02.99,459729.5215,5634236.4721,2946556.7521
2023/12/06 06:17:03.99,459733.1668,5634236.1172,2946557.8693
2023/12/06 06:17:04.99,459729.5186,5634236.4726,2946556.7498
2023/12/06 06:17:05.99,459733.1663,5634236.1191,2946557.8747
2023/12/06 06:17:06.99,459733.1672,5634236.1262,2946557.8729
2023/12/06 06:17:07.99,459733.168,5634236.1236,2946557.8733
2023/12/06 06:17:08.99,459729.8627,5634242.9189,2946559.0089
2023/12/06 06:17:09.99,459729.8606,5634242.9215,2946559.0098
2023/12/06 06:17:10.99,459729.8607,5634242.9206,2946559.0087
2023/12/06 06:17:11.99,459729.8635,5634242.9169,2946559.0074
2023/12/06 06:17:12.99,459733.167,5634236.1256,2946557.8754
2023/12/06 06:17:13.99,459729.8635,5634242.9157,2946559.0065
2023/12/06 06:17:14.99,459733.1667,5634236.1347,2946557.8786
2023/12/06 06:17:15.99,459729.8611,5634242.9212,2946559.0092
2023/12/06 06:17:16.99,459733.1675,5634236.1292,2946557.8765
2023/12/06 06:17:17.99,459729.8629,5634242.9162,2946559.0069
2023/12/06 06:17:18.99,459729.8607,5634242.9176,2946559.0081
2023/12/06 06:17:19.99,459733.1673,5634236.1272,2946557.8769
2023/12/06 06:17:20.99,459733.1641,5634236.1377,2946557.8806
2023/12/06 06:17:21.99,459733.168,5634236.1321,2946557.8802
2023/12/06 06:17:22.99,459733.1665,5634236.1323,2946557.8776
2023/12/06 06:17:23.99,459729.8643,5634242.9112,2946559.0085
2023/12/06 06:17:24.99,459729.8622,5634242.9186,2946559.0097
2023/12/06 06:17:25.99,459729.8628,5634242.9158,2946559.009
2023/12/06 06:17:26.99,459733.1676,5634236.1321,2946557.8795
2023/12/06 06:17:27.99,459729.8643,5634242.9108,2946559.0067
2023/12/06 06:17:28.99,459729.866,5634242.9076,2946559.006
2023/12/06 06:17:29.99,459729.8659,5634242.9035,2946559.0037
2023/12/06 06:17:30.99,459733.1683,5634236.129,2946557.8773
2023/12/06 06:17:31.99,459729.8634,5634242.9029,2946559.0051
2023/12/06 06:17:32.99,459729.8643,5634242.8991,2946559.0033
2023/12/06 06:17:33.99,459729.8648,5634242.8948,2946559.0012
2023/12/06 06:17:34.99,459729.8635,5634242.9018,2946559.0018
2023/12/06 06:17:35.99,459729.8648,5634242.9043,2946559.0036
2023/12/06 06:17:36.99,459729.8618,5634242.9024,2946559.0042
2023/12/06 06:17:37.99,459729.8617,5634242.9034,2946559.0041
2023/12/06 06:17:38.99,459729.865,5634242.8963,2946559.003
2023/12/06 06:17:39.99,459729.8626,5634242.9015,2946559.0036
2023/12/06 06:17:40.99,459729.8616,5634242.8991,2946559.0034
2023/12/06 06:17:41.99,459729.862,5634242.9025,2946559.0048
2023/12/06 06:17:42.99,459729.8624,5634242.8917,2946559.0008
2023/12/06 06:17:43.99,459729.863,5634242.8948,2946559.0011
2023/12/06 06:17:44.99,459733.1647,5634236.1424,2946557.8873
2023/12/06 06:17:45.99,459733.1629,5634236.1415,2946557.8859
2023/12/06 06:17:46.99,459729.8612,5634242.9002,2946559.0024
2023/12/06 06:17:47.99,459729.8587,5634242.9021,2946559.0025
2023/12/06 06:17:48.99,459729.8604,5634242.8991,2946559.0036
2023/12/06 06:17:49.99,459729.8602,5634242.9035,2946559.0039
2023/12/06 06:17:50.99,459729.8612,5634242.8977,2946559.0011
2023/12/06 06:17:51.99,459729.8618,5634242.8898,2946558.9978
2023/12/06 06:17:52.99,459729.8624,5634242.8858,2946558.995
2023/12/06 06:17:53.99,459729.8593,5634242.8978,2946559.0022
2023/12/06 06:17:54.99,459729.8604,5634242.9065,2946559.0034
2023/12/06 06:17:55.99,459729.8602,5634242.8946,2946559.0016
2023/12/06 06:17:56.99,459729.8573,5634242.8975,2946559.0008
2023/12/06 06:17:57.99,459729.8633,5634242.8883,2946558.9959
2023/12/06 06:17:58.99,459729.8583,5634242.9041,2946559.005
2023/12/06 06:17:59.99,459729.8621,5634242.8846,2946558.9968
2023/12/06 06:18:00.99,459729.8627,5634242.8871,2946558.9964
2023/12/06 06:18:01.99,459729.86,5634242.8872,2946558.997
2023/12/06 06:18:02.99,459729.8617,5634242.8794,2946558.9942
2023/12/06 06:18:03.99,459729.8625,5634242.8881,2946558.9968
2023/12/06 06:18:04.99,459729.8625,5634242.8826,2946558.9969
2023/12/06 06:18:05.99,459729.8622,5634242.883,2946558.9959
2023/12/06 06:18:06.99,459729.862,5634242.8786,2946558.9937
2023/12/06 06:18:07.99,459729.8607,5634242.8854,2946558.9945
2023/12/06 06:18:08.99,459729.8627,5634242.8703,2946558.9884
2023/12/06 06:18:09.99,459729.8615,5634242.8797,2946558.9924
2023/12/06 06:18:10.99,459729.8605,5634242.8811,2946558.9945
2023/12/06 06:18:11.99,459729.8642,5634242.8754,2946558.9924
2023/12/06 06:18:12.99,459729.8618,5634242.8824,2946558.9954
2023/12/06 06:18:13.99,459729.8603,5634242.8792,2946558.9935
2023/12/06 06:18:14.99,459729.8632,5634242.8823,2946558.9962
2023/12/06 06:18:15.99,459729.8626,5634242.8672,2946558.9898
2023/12/06 06:18:16.99,459729.862,5634242.8805,2946558.9946
2023/12/06 06:18:17.99,459729.8619,5634242.8751,2946558.9932
2023/12/06 06:18:18.99,459729.8591,5634242.882,2946558.9957
2023/12/06 06:18:19.99,459729.8599,5634242.8777,2946558.9926
2023/12/06 06:18:20.99,459729.8617,5634242.8695,2946558.9902
2023/12/06 06:18:21.99,459729.8594,5634242.885,2946558.9978
2023/12/06 06:18:22.99,459729.861,5634242.8695,2946558.9909
2023/12/06 06:18:23.99,459729.8613,5634242.8723,2946558.9914
2023/12/06 06:18:24.99,459729.8618,5634242.8713,2946558.9903
2023/12/06 06:18:25.99,459733.1575,5634236.1579,2946557.8965
2023/12/06 06:18:26.99,459729.8598,5634242.8748,2946558.9949
2023/12/06 06:18:27.99,459729.8645,5634242.8657,2946558.9884
2023/12/06 06:18:28.99,459733.1595,5634236.1535,2946557.8947
2023/12/06 06:18:29.99,459729.8608,5634242.8653,2946558.9914
2023/12/06 06:18:30.99,459729.8605,5634242.8689,2946558.9918
2023/12/06 06:18:31.99,459729.8634,5634242.8674,2946558.9889
2023/12/06 06:18:32.99,459729.8654,5634242.8572,2946558.9851
2023/12/06 06:18:33.99,459729.862,5634242.8563,2946558.9857
2023/12/06 06:18:34.99,459733.1572,5634236.1536,2946557.894
2023/12/06 06:18:35.99,459729.8609,5634242.8684,2946558.991
2023/12/06 06:18:36.99,459729.8614,5634242.8532,2946558.9833
2023/12/06 06:18:37.99,459729.8655,5634242.8515,2946558.9831
2023/12/06 06:18:38.99,459729.8662,5634242.847,2946558.9807
2023/12/06 06:18:39.99,459729.8611,5634242.8577,2946558.9859
2023/12/06 06:18:40.99,459732.5595,5634231.2743,2946555.3597
2023/12/06 06:18:41.99,459729.8639,5634242.8529,2946558.9837
2023/12/06 06:18:42.99,459733.1578,5634236.1597,2946557.8966
2023/12/06 06:18:43.99,459732.5628,5634231.272,2946555.3565
2023/12/06 06:18:44.99,459732.5621,5634231.2702,2946555.3584
2023/12/06 06:18:45.99,459732.5629,5634231.2781,2946555.3606
2023/12/06 06:18:46.99,459732.5775,5634231.264,2946555.3605
2023/12/06 06:18:47.99,459732.4745,5634231.2782,2946555.3337
2023/12/06 06:18:48.99,459730.9616,5634233.4165,2946557.0484
2023/12/06 06:18:49.99,459727.1867,5634237.0443,2946556.1201
2023/12/06 06:18:50.99,459725.6927,5634240.0034,2946556.0863
2023/12/06 06:18:51.99,459723.1073,5634237.9727,2946555.5823
2023/12/06 06:18:52.99,459717.1136,5634241.4497,2946554.1805
2023/12/06 06:18:53.99,459717.0149,5634240.2095,2946554.1133
2023/12/06 06:18:54.99,459712.4841,5634240.6489,2946552.9878
2023/12/06 06:18:55.99,459702.9661,5634244.4489,2946550.9171
2023/12/06 06:18:56.99,459701.9832,5634242.8155,2946550.5255
2023/12/06 06:18:57.99,459696.5412,5634243.9159,2946549.2665
2023/12/06 06:18:58.99,459686.8272,5634246.0268,2946546.8044
2023/12/06 06:18:59.99,459684.6882,5634246.3175,2946546.5194
2023/12/06 06:19:00.99,459677.2346,5634244.6631,2946544.478
2023/12/06 06:19:01.99,459670.0048,5634249.3037,2946543.6527
2023/12/06 06:19:02.99,459663.4212,5634247.5525,2946541.1962
2023/12/06 06:19:03.99,459657.5958,5634251.9362,2946540.0857
2023/12/06 06:19:04.99,459650.2825,5634253.4976,2946538.3447
2023/12/06 06:19:05.99,459642.6107,5634255.108,2946536.4827
2023/12/06 06:19:06.99,459634.1664,5634256.7453,2946534.6187
2023/12/06 06:19:07.99,459625.3236,5634258.4516,2946532.7158
2023/12/06 06:19:08.99,459615.8852,5634255.3417,2946528.1957
2023/12/06 06:19:09.99,459607.1731,5634257.1105,2946526.2013
2023/12/06 06:19:10.99,459599.3395,5634263.7211,2946526.7682
2023/12/06 06:19:11.99,459590.6493,5634260.5187,2946522.3469
2023/12/06 06:19:12.99,459582.0601,5634264.059,2946522.4492
2023/12/06 06:19:13.99,459575.4609,5634263.5437,2946518.933
2023/12/06 06:19:14.99,459568.5742,5634264.8647,2946517.4928
2023/12/06 06:19:15.99,459561.7484,5634267.9874,2946518.1677
2023/12/06 06:19:16.99,459556.3733,5634268.9523,2946517.1419
2023/12/06 06:19:17.99,459551.3316,5634269.6501,2946516.5451
2023/12/06 06:19:18.99,459546.5536,5634269.9962,2946516.5613
2023/12/06 06:19:19.99,459542.729,5634270.1247,2946516.8567
2023/12/06 06:19:20.99,459540.1496,5634270.1896,2946517.0896
2023/12/06 06:19:21.99,459537.8497,5634270.3024,2946517.2167
2023/12/06 06:19:22.99,459533.4211,5634274.1953,2946516.7875
2023/12/06 06:19:23.99,459533.4179,5634270.7304,2946517.1537
2023/12/06 06:19:24.99,459530.0364,5634271.2611,2946516.6354
2023/12/06 06:19:25.99,459526.5238,5634270.1896,2946513.7337
2023/12/06 06:19:26.99,459520.4622,5634273.2411,2946514.3833
2023/12/06 06:19:27.99,459514.5451,5634274.4461,2946513.0069
2023/12/06 06:19:28.99,459506.0261,5634284.4223,2946513.5769
2023/12/06 06:19:29.99,459500.2009,5634277.3262,2946509.9037
2023/12/06 06:19:30.99,459492.2479,5634278.9173,2946508.2356
2023/12/06 06:19:31.99,459484.2245,5634283.913,2946506.4179
2023/12/06 06:19:32.99,459474.8539,5634285.605,2946504.4167
2023/12/06 06:19:33.99,459469.8232,5634283.2949,2946503.2642
2023/12/06 06:19:34.99,459462.6212,5634284.7248,2946501.6652
2023/12/06 06:19:35.99,459454.6072,5634291.6899,2946500.1577
2023/12/06 06:19:36.99,459449.7598,5634287.3238,2946498.7046
2023/12/06 06:19:37.99,459444.7264,5634288.3335,2946497.4803
2023/12/06 06:19:38.99,459439.8488,5634294.6804,2946496.6789
2023/12/06 06:19:39.99,459438.2168,5634289.6143,2946496.0822
2023/12/06 06:19:40.99,459435.6746,5634289.9984,2946495.8125
2023/12/06 06:19:41.99,459431.3392,5634302.5228,2946498.119
2023/12/06 06:19:42.99,459431.962,5634290.3396,2946495.6871
2023/12/06 06:19:43.99,459430.8561,5634290.4202,2946495.7199
2023/12/06 06:19:44.99,459430.2147,5634288.454,2946493.9426
2023/12/06 06:19:45.99,459427.1982,5634290.448,2946496.1805
2023/12/06 06:19:46.99,459423.3578,5634295.9235,2946496.8334
2023/12/06 06:19:47.99,459423.2426,5634292.8753,2946498.5846
2023/12/06 06:19:48.99,459420.6708,5634292.2925,2946500.342
2023/12/06 06:19:49.99,459418.8121,5634291.4018,2946502.5272
2023/12/06 06:19:50.99,459415.0916,5634293.1108,2946504.2579
2023/12/06 06:19:51.99,459417.051,5634289.0456,2946507.5184
2023/12/06 06:19:52.99,459416.1676,5634287.4722,2946510.8771
2023/12/06 06:19:53.99,459415.4958,5634285.5336,2946514.5221
2023/12/06 06:19:54.99,459414.8462,5634283.7373,2946518.056
2023/12/06 06:19:55.99,459414.1734,5634282.026,2946521.4241
2023/12/06 06:19:56.99,459413.4033,5634280.1217,2946525.1361
2023/12/06 06:19:57.99,459412.3766,5634278.0196,2946529.384
2023/12/06 06:19:58.99,459411.1642,5634275.6282,2946534.1302
2023/12/06 06:19:59.99,459409.7242,5634273.0342,2946539.3721
2023/12/06 06:20:00.99,459407.437,5634265.3314,2946542.5051
2023/12/06 06:20:01.99,459402.6333,5634269.176,2946550.2399
2023/12/06 06:20:02.99,459403.3435,5634260.8402,2946556.9153
2023/12/06 06:20:03.99,459399.8526,5634261.9502,2946562.7179
2023/12/06 06:20:04.99,459398.3878,5634258.9441,2946569.0517
2023/12/06 06:20:05.99,459400.5584,5634254.1641,2946576.5238
2023/12/06 06:20:06.99,459395.602,5634252.8227,2946582.4076
2023/12/06 06:20:07.99,459394.3428,5634249.1232,2946589.7991
2023/12/06 06:20:08.99,459394.4434,5634242.5558,2946597.5761
2023/12/06 06:20:09.99,459390.6403,5634243.2763,2946605.8673
2023/12/06 06:20:10.99,459389.7991,5634238.2259,2946611.1761
2023/12/06 06:20:12.99,459386.6491,5634230.8627,2946624.3682
2023/12/06 06:20:13.99,459388.3382,5634228.6813,2946632.0384
2023/12/06 06:20:14.99,459382.9781,5634225.4774,2946638.7997
2023/12/06 06:20:15.99,459386.0675,5634223.7753,2946644.0468
2023/12/06 06:20:16.99,459380.9179,5634227.1162,2946652.0917
2023/12/06 06:20:17.99,459383.6979,5634215.0882,2946654.6512
2023/12/06 06:20:18.99,459377.1303,5634217.3508,2946661.131
2023/12/06 06:20:19.99,459376.8344,5634210.918,2946664.4378
2023/12/06 06:20:20.99,459376.45,5634207.854,2946670.9941
2023/12/06 06:20:21.99,459379.3002,5634203.8476,2946677.0309
2023/12/06 06:20:22.99,459378.2452,5634201.1268,2946682.228
2023/12/06 06:20:23.99,459376.7155,5634201.2548,2946687.5774
2023/12/06 06:20:24.99,459375.6376,5634198.6626,2946692.6507
2023/12/06 06:20:25.99,459370.9519,5634194.8666,2946696.8491
2023/12/06 06:20:26.99,459378.0285,5634183.3499,2946698.6917
2023/12/06 06:20:27.99,459372.0152,5634191.236,2946707.9805
2023/12/06 06:20:28.99,459370.9721,5634187.7999,2946713.1978
2023/12/06 06:20:29.99,459369.4547,5634177.3457,2946716.6586
2023/12/06 06:20:30.99,459368.2224,5634181.6353,2946725.6931
2023/12/06 06:20:31.99,459364.9024,5634175.4571,2946731.4454
2023/12/06 06:20:32.99,459363.4289,5634166.2245,2946733.0587
2023/12/06 06:20:33.99,459363.4937,5634172.3653,2946745.7735
2023/12/06 06:20:34.99,459359.7756,5634175.3509,2946752.5983
2023/12/06 06:20:35.99,459363.8552,5634162.134,2946756.8205
2023/12/06 06:20:36.99,459361.2726,5634164.4658,2946759.8025
2023/12/06 06:20:37.99,459355.1104,5634165.9198,2946765.264
2023/12/06 06:20:38.99,459359.3616,5634161.0967,2946768.132
2023/12/06 06:20:39.99,459359.6691,5634159.5455,2946771.4142
2023/12/06 06:20:40.99,459359.0389,5634158.6769,2946773.2443
2023/12/06 06:20:41.99,459361.7611,5634155.4006,2946775.0471
2023/12/06 06:20:42.99,459362.8086,5634154.5422,2946777.8878
2023/12/06 06:20:43.99,459367.4208,5634152.7327,2946777.1228
2023/12/06 06:20:44.99,459371.7108,5634150.308,2946777.4671
2023/12/06 06:20:45.99,459374.3789,5634151.7855,2946777.3819
2023/12/06 06:20:53.99,459369.5944,5634145.7195,2946794.3272
2023/12/06 06:20:54.99,459374.4816,5634142.771,2946794.2392
2023/12/06 06:20:55.99,459373.0507,5634131.9604,2946790.1271
2023/12/06 06:20:56.99,459370.7256,5634132.201,2946796.1509
2023/12/06 06:20:57.99,459372.6601,5634128.208,2946802.9159
2023/12/06 06:20:58.99,459366.502,5634138.916,2946816.0147
2023/12/06 06:20:59.99,459360.1482,5634136.1718,2946821.957
2023/12/06 06:21:00.99,459361.2951,5634129.4361,2946826.1052
2023/12/06 06:21:01.99,459360.1466,5634129.6843,2946834.4538
2023/12/06 06:21:02.99,459359.0841,5634119.0502,2946835.2099
2023/12/06 06:21:03.99,459358.7987,5634123.4331,2946847.1087
2023/12/06 06:21:04.99,459359.1019,5634117.6826,2946851.8039
2023/12/06 06:21:05.99,459355.1763,5634110.5609,2946854.9236
2023/12/06 06:21:06.99,459352.6293,5634114.3274,2946865.4882
2023/12/06 06:21:08.99,459347.5664,5634107.3059,2946873.8498
2023/12/06 06:21:09.99,459351.199,5634103.7837,2946880.1292
2023/12/06 06:21:10.99,459344.4179,5634104.3815,2946883.2108
2023/12/06 06:21:11.99,459341.9785,5634104.7837,2946887.0668
2023/12/06 06:21:13.99,459335.4882,5634100.8143,2946885.9274
2023/12/06 06:21:14.99,459334.8466,5634095.2082,2946886.5571
2023/12/06 06:21:15.99,459331.5296,5634098.8994,2946890.7746
2023/12/06 06:21:16.99,459332.7324,5634100.1264,2946895.5443
2023/12/06 06:21:17.99,459330.7027,5634098.2327,2946899.8081
2023/12/06 06:21:18.99,459331.7624,5634093.475,2946904.0615
2023/12/06 06:21:19.99,459331.1329,5634090.6094,2946909.3768
2023/12/06 06:21:20.99,459330.8141,5634084.4415,2946915.8094
2023/12/06 06:21:21.99,459327.795,5634081.3769,2946920.1187
2023/12/06 06:21:22.99,459326.8886,5634077.9813,2946924.5889
2023/12/06 06:21:23.99,459323.9176,5634082.2982,2946934.3649
2023/12/06 06:21:24.99,459321.7242,5634082.1002,2946940.5821
2023/12/06 06:21:25.99,459321.1841,5634069.3451,2946942.4728
2023/12/06 06:21:26.99,459317.9426,5634069.4552,2946950.0272
2023/12/06 06:21:27.99,459318.5709,5634067.8647,2946958.4569
2023/12/06 06:21:28.99,459314.4796,5634064.1635,2946964.3994
2023/12/06 06:21:29.99,459314.1082,5634056.0441,2946967.8843
2023/12/06 06:21:30.99,459307.7578,5634057.3902,2946972.3721
